Time (s),Channel 1 (V),Channel 2 (V)
-5.120625,0.025636135,0.037685722
-5.12,0.025636135,0.039279001
-5.119375,0.032014454,0.071144562
-5.11875,0.041581931,0.153198384
-5.118125,0.042379221,0.169927804
-5.1175,0.040784642,0.159571496
-5.116875,0.036798193,0.130095852
-5.11625,0.033609033,0.088670621
-5.115625,0.030419874,0.058398338
-5.115,0.028028005,0.03131261
-5.114375,0.025636135,0.016176468
-5.11375,0.025636135,0.012193273
-5.113125,0.024838845,0.009006717
-5.1125,0.024041555,0.007413439
-5.111875,0.023244266,0.005023522
-5.11125,0.018460527,-0.005332786
-5.110625,0.00251473,-0.082606773
-5.11,0.00331202,-0.108895862
-5.109375,0.00410931,-0.104116027
-5.10875,0.0049066,-0.083403412
-5.108125,0.009690339,-0.048351294
-5.1075,0.014474078,-0.018079011
-5.106875,0.020852396,0.008210078
-5.10625,0.024041555,0.025736137
-5.105625,0.024838845,0.032109249
-5.105,0.024838845,0.034499166
-5.104375,0.024838845,0.036889083
-5.10375,0.025636135,0.039279001
-5.103125,0.026433425,0.04007564
-5.1025,0.038392772,0.105400041
-5.101875,0.042379221,0.163554692
-5.10125,0.042379221,0.170724443
-5.100625,0.039987352,0.152401745
-5.1,0.034406323,0.115756349
-5.099375,0.032811743,0.078314314
-5.09875,0.029622584,0.049635308
-5.098125,0.027230715,0.025736137
-5.0975,0.025636135,0.01458319
-5.096875,0.024838845,0.012193273
-5.09625,0.024838845,0.009006717
-5.095625,0.024041555,0.007413439
-5.095,0.024041555,0.005820161
-5.094375,0.012879498,-0.027638679
-5.09375,0.00331202,-0.098539554
-5.093125,0.00331202,-0.109692501
-5.0925,0.00410931,-0.097742915
-5.091875,0.00650118,-0.072250466
-5.09125,0.010487629,-0.036401709
-5.090625,0.016068657,-0.008519342
-5.09,0.022446976,0.015379829
-5.089375,0.024041555,0.028922693
-5.08875,0.024838845,0.032905888
-5.088125,0.025636135,0.035295805
-5.0875,0.025636135,0.038482362
-5.086875,0.024838845,0.04007564
-5.08625,0.028825294,0.050431947
-5.085625,0.040784642,0.135672325
-5.085,0.042379221,0.169131165
-5.084375,0.040784642,0.16514797
-5.08375,0.038392772,0.142045437
-5.083125,0.033609033,0.100620207
-5.0825,0.032014454,0.067958006
-5.081875,0.028825294,0.04007564
-5.08125,0.027230715,0.020956303
-5.080625,0.026433425,0.013786551
-5.08,0.025636135,0.010599995
-5.079375,0.024838845,0.008210078
-5.07875,0.024041555,0.005820161
-5.078125,0.024041555,0.005023522
-5.0775,0.00570389,-0.058707602
-5.076875,0.00410931,-0.104912667
-5.07625,0.00410931,-0.108099223
-5.075625,0.00410931,-0.091369803
-5.075,0.008095759,-0.059504241
-5.074375,0.012082208,-0.02684204
-5.07375,0.019257817,0.000243687
-5.073125,0.024041555,0.021752942
-5.0725,0.024838845,0.030515971
-5.071875,0.024838845,0.032905888
-5.07125,0.025636135,0.036092444
-5.070625,0.026433425,0.039279001
-5.07,0.025636135,0.04007564
-5.069375,0.032811743,0.075127758
-5.06875,0.041581931,0.154791662
-5.068125,0.043176511,0.170724443
-5.0675,0.040784642,0.160368135
-5.066875,0.036798193,0.128502574
-5.06625,0.033609033,0.088670621
-5.065625,0.031217164,0.058398338
-5.065,0.028028005,0.03131261
-5.064375,0.026433425,0.016973107
-5.06375,0.026433425,0.012989912
-5.063125,0.025636135,0.009006717
-5.0625,0.025636135,0.007413439
-5.061875,0.025636135,0.0066168
-5.06125,0.019257817,-0.005332786
-5.060625,0.00410931,-0.084200051
-5.06,0.00410931,-0.108895862
-5.059375,0.00410931,-0.103319388
-5.05875,0.00570389,-0.081810134
-5.058125,0.009690339,-0.045961377
-5.0575,0.014474078,-0.015689094
-5.056875,0.021649686,0.009006717
-5.05625,0.024041555,0.026532776
-5.055625,0.024838845,0.033702527
-5.055,0.025636135,0.036092444
-5.054375,0.025636135,0.037685722
-5.05375,0.025636135,0.040872279
-5.053125,0.026433425,0.040872279
-5.0525,0.038392772,0.109383236
-5.051875,0.041581931,0.164351331
-5.05125,0.042379221,0.170724443
-5.050625,0.039190062,0.152401745
-5.05,0.034406323,0.115756349
-5.049375,0.032014454,0.077517675
-5.04875,0.030419874,0.048838669
-5.048125,0.028028005,0.025736137
-5.0475,0.026433425,0.015379829
-5.046875,0.025636135,0.011396634
-5.04625,0.024838845,0.009006717
-5.045625,0.024041555,0.0066168
-5.045,0.024041555,0.005820161
-5.044375,0.012879498,-0.030028596
-5.04375,0.00331202,-0.099336193
-5.043125,0.00410931,-0.109692501
-5.0425,0.0049066,-0.097742915
-5.041875,0.007298469,-0.071453827
-5.04125,0.010487629,-0.034808431
-5.040625,0.016865947,-0.006926064
-5.04,0.023244266,0.016176468
-5.039375,0.024838845,0.028922693
-5.03875,0.025636135,0.034499166
-5.038125,0.025636135,0.036889083
-5.0375,0.026433425,0.039279001
-5.036875,0.026433425,0.040872279
-5.03625,0.029622584,0.052821864
-5.035625,0.041581931,0.138858881
-5.035,0.042379221,0.169927804
-5.034375,0.041581931,0.16514797
-5.03375,0.038392772,0.141248798
-5.033125,0.033609033,0.100620207
-5.0325,0.030419874,0.067161367
-5.031875,0.028825294,0.039279001
-5.03125,0.027230715,0.020159663
-5.030625,0.025636135,0.013786551
-5.03,0.025636135,0.010599995
-5.029375,0.024838845,0.008210078
-5.02875,0.024041555,0.0066168
-5.028125,0.023244266,0.005023522
-5.0275,0.0049066,-0.062690797
-5.026875,0.00331202,-0.106505945
-5.02625,0.00410931,-0.108099223
-5.025625,0.00410931,-0.090573164
-5.025,0.008095759,-0.057910963
-5.024375,0.012879498,-0.025248762
-5.02375,0.019257817,0.001040326
-5.023125,0.024041555,0.022549581
-5.0225,0.024838845,0.03131261
-5.021875,0.024838845,0.033702527
-5.02125,0.025636135,0.036889083
-5.020625,0.025636135,0.039279001
-5.02,0.025636135,0.04007564
-5.019375,0.033609033,0.078314314
-5.01875,0.041581931,0.15638494
-5.018125,0.042379221,0.170724443
-5.0175,0.039987352,0.158774857
-5.016875,0.036000903,0.127705935
-5.01625,0.032014454,0.087873982
-5.015625,0.029622584,0.057601699
-5.015,0.027230715,0.03131261
-5.014375,0.026433425,0.016973107
-5.01375,0.025636135,0.013786551
-5.013125,0.024838845,0.009803356
-5.0125,0.024041555,0.007413439
-5.011875,0.024041555,0.0066168
-5.01125,0.017663237,-0.007722703
-5.010625,0.00251473,-0.086589969
-5.01,0.00331202,-0.108895862
-5.009375,0.00410931,-0.102522749
-5.00875,0.00570389,-0.081013495
-5.008125,0.009690339,-0.045164738
-5.0075,0.014474078,-0.015689094
-5.006875,0.020852396,0.009803356
-5.00625,0.024041555,0.026532776
-5.005625,0.024838845,0.032109249
-5.005,0.024838845,0.034499166
-5.004375,0.024838845,0.036889083
-5.00375,0.025636135,0.039279001
-5.003125,0.025636135,0.040872279
-5.0025,0.038392772,0.113366432
-5.001875,0.042379221,0.16514797
-5.00125,0.041581931,0.169131165
-5.000625,0.039190062,0.150808467
-5,0.034406323,0.113366432
-4.999375,0.032014454,0.076721036
-4.99875,0.029622584,0.04804203
-4.998125,0.027230715,0.024939498
-4.9975,0.025636135,0.01458319
-4.996875,0.024838845,0.011396634
-4.99625,0.024838845,0.008210078
-4.995625,0.024041555,0.0066168
-4.995,0.024041555,0.005820161
-4.994375,0.011284918,-0.032418513
-4.99375,0.00251473,-0.100929471
-4.993125,0.00331202,-0.109692501
-4.9925,0.00410931,-0.097742915
-4.991875,0.00650118,-0.070657188
-4.99125,0.010487629,-0.034808431
-4.990625,0.016068657,-0.007722703
-4.99,0.022446976,0.016176468
-4.989375,0.024838845,0.028922693
-4.98875,0.024041555,0.032109249
-4.988125,0.025636135,0.036092444
-4.9875,0.026433425,0.038482362
-4.986875,0.025636135,0.04007564
-4.98625,0.030419874,0.054415142
-4.985625,0.040784642,0.140452159
-4.985,0.042379221,0.169927804
-4.984375,0.040784642,0.164351331
-4.98375,0.037595482,0.13965552
-4.983125,0.033609033,0.099026929
-4.9825,0.031217164,0.066364728
-4.981875,0.028825294,0.038482362
-4.98125,0.026433425,0.020159663
-4.980625,0.026433425,0.013786551
-4.98,0.025636135,0.009803356
-4.979375,0.024041555,0.008210078
-4.97875,0.024041555,0.005820161
-4.978125,0.023244266,0.005023522
-4.9775,0.0049066,-0.065080714
-4.976875,0.00251473,-0.108099223
-4.97625,0.00331202,-0.108099223
-4.975625,0.00410931,-0.090573164
-4.975,0.008095759,-0.057114324
-4.974375,0.012879498,-0.024452123
-4.97375,0.019257817,0.001836965
-4.973125,0.024041555,0.022549581
-4.9725,0.025636135,0.032109249
-4.971875,0.025636135,0.034499166
-4.97125,0.025636135,0.036889083
-4.970625,0.025636135,0.039279001
-4.97,0.026433425,0.04007564
-4.969375,0.034406323,0.08150087
-4.96875,0.041581931,0.157978218
-4.968125,0.042379221,0.170724443
-4.9675,0.039987352,0.158774857
-4.966875,0.036000903,0.126909295
-4.96625,0.032811743,0.085484065
-4.965625,0.030419874,0.05680506
-4.965,0.027230715,0.030515971
-4.964375,0.026433425,0.016176468
-4.96375,0.026433425,0.012193273
-4.963125,0.025636135,0.009803356
-4.9625,0.024838845,0.008210078
-4.961875,0.024838845,0.005820161
-4.96125,0.017663237,-0.01011262
-4.960625,0.00410931,-0.088183247
-4.96,0.00410931,-0.109692501
-4.959375,0.00410931,-0.102522749
-4.95875,0.00570389,-0.080216856
-4.958125,0.009690339,-0.045164738
-4.9575,0.015271367,-0.014892454
-4.956875,0.022446976,0.010599995
-4.95625,0.024838845,0.027329415
-4.955625,0.025636135,0.032905888
-4.955,0.025636135,0.034499166
-4.954375,0.025636135,0.037685722
-4.95375,0.025636135,0.04007564
-4.953125,0.026433425,0.041668918
-4.9525,0.039190062,0.116552988
-4.951875,0.041581931,0.165944609
-4.95125,0.041581931,0.169131165
-4.950625,0.039190062,0.149215189
-4.95,0.034406323,0.111773154
-4.949375,0.032014454,0.075127758
-4.94875,0.029622584,0.046448752
-4.948125,0.027230715,0.024142859
-4.9475,0.026433425,0.01458319
-4.946875,0.025636135,0.011396634
-4.94625,0.024838845,0.009006717
-4.945625,0.024838845,0.0066168
-4.945,0.024041555,0.005820161
-4.944375,0.011284918,-0.036401709
-4.94375,0.00331202,-0.100929471
-4.943125,0.00331202,-0.109692501
-4.9425,0.0049066,-0.096946276
-4.941875,0.00650118,-0.06826727
-4.94125,0.011284918,-0.033215153
-4.940625,0.016865947,-0.006129425
-4.94,0.022446976,0.017769746
-4.939375,0.024838845,0.029719332
-4.93875,0.024838845,0.032905888
-4.938125,0.024838845,0.036889083
-4.9375,0.025636135,0.038482362
-4.936875,0.025636135,0.04007564
-4.93625,0.030419874,0.05680506
-4.935625,0.040784642,0.142842076
-4.935,0.042379221,0.170724443
-4.934375,0.041581931,0.164351331
-4.93375,0.038392772,0.13965552
-4.933125,0.033609033,0.097433651
-4.9325,0.031217164,0.065568089
-4.931875,0.028825294,0.037685722
-4.93125,0.026433425,0.019363024
-4.930625,0.026433425,0.013786551
-4.93,0.025636135,0.009803356
-4.929375,0.024838845,0.007413439
-4.92875,0.024041555,0.005820161
-4.928125,0.022446976,0.003430244
-4.9275,0.0049066,-0.067470631
-4.926875,0.00410931,-0.107302584
-4.92625,0.00410931,-0.107302584
-4.925625,0.0049066,-0.089776525
-4.925,0.008095759,-0.056317685
-4.924375,0.012879498,-0.023655484
-4.92375,0.019257817,0.001836965
-4.923125,0.024041555,0.02334622
-4.9225,0.025636135,0.03131261
-4.921875,0.025636135,0.033702527
-4.92125,0.025636135,0.036092444
-4.920625,0.025636135,0.038482362
-4.92,0.025636135,0.04007564
-4.919375,0.034406323,0.083890787
-4.91875,0.041581931,0.158774857
-4.918125,0.042379221,0.170724443
-4.9175,0.039987352,0.157181579
-4.916875,0.036000903,0.125316017
-4.91625,0.032811743,0.085484065
-4.915625,0.030419874,0.054415142
-4.915,0.027230715,0.028922693
-4.914375,0.026433425,0.016176468
-4.91375,0.025636135,0.012193273
-4.913125,0.025636135,0.009006717
-4.9125,0.024838845,0.007413439
-4.911875,0.024041555,0.005820161
-4.91125,0.016865947,-0.012502537
-4.910625,0.00331202,-0.089776525
-4.91,0.00331202,-0.109692501
-4.909375,0.00410931,-0.102522749
-4.90875,0.00570389,-0.079420217
-4.908125,0.009690339,-0.042774821
-4.9075,0.015271367,-0.014095815
-4.906875,0.022446976,0.011396634
-4.90625,0.024838845,0.027329415
-4.905625,0.024838845,0.032109249
-4.905,0.025636135,0.035295805
-4.904375,0.025636135,0.037685722
-4.90375,0.026433425,0.04007564
-4.903125,0.027230715,0.041668918
-4.9025,0.039190062,0.118942905
-4.901875,0.042379221,0.165944609
-4.90125,0.041581931,0.169131165
-4.900625,0.038392772,0.14841855
-4.9,0.034406323,0.110179876
-4.899375,0.031217164,0.073534479
-4.89875,0.029622584,0.044855474
-4.898125,0.027230715,0.02334622
-4.8975,0.025636135,0.013786551
-4.896875,0.025636135,0.011396634
-4.89625,0.024838845,0.007413439
-4.895625,0.024041555,0.005820161
-4.895,0.024041555,0.005023522
-4.894375,0.009690339,-0.038791626
-4.89375,0.00331202,-0.102522749
-4.893125,0.00410931,-0.109692501
-4.8925,0.00410931,-0.096149637
-4.891875,0.007298469,-0.067470631
-4.89125,0.010487629,-0.032418513
-4.890625,0.016865947,-0.005332786
-4.89,0.022446976,0.017769746
-4.889375,0.024838845,0.029719332
-4.88875,0.024838845,0.032109249
-4.888125,0.025636135,0.035295805
-4.8875,0.025636135,0.037685722
-4.886875,0.026433425,0.04007564
-4.88625,0.030419874,0.058398338
-4.885625,0.041581931,0.144435354
-4.885,0.043176511,0.170724443
-4.884375,0.040784642,0.164351331
-4.88375,0.037595482,0.138062242
-4.883125,0.033609033,0.097433651
-4.8825,0.032014454,0.06477145
-4.881875,0.028028005,0.036889083
-4.88125,0.026433425,0.018566385
-4.880625,0.026433425,0.013786551
-4.88,0.024838845,0.009803356
-4.879375,0.024041555,0.007413439
-4.87875,0.024041555,0.005820161
-4.878125,0.021649686,0.002633605
-4.8775,0.00410931,-0.070657188
-4.876875,0.00331202,-0.108099223
-4.87625,0.00331202,-0.106505945
-4.875625,0.0049066,-0.088979886
-4.875,0.008095759,-0.054724407
-4.874375,0.012879498,-0.022858845
-4.87375,0.019257817,0.002633605
-4.873125,0.023244266,0.02334622
-4.8725,0.025636135,0.03131261
-4.871875,0.025636135,0.033702527
-4.87125,0.025636135,0.036889083
-4.870625,0.025636135,0.039279001
-4.87,0.026433425,0.04007564
-4.869375,0.035203613,0.087077343
-4.86875,0.041581931,0.159571496
-4.868125,0.041581931,0.170724443
-4.8675,0.039987352,0.157181579
-4.866875,0.036000903,0.124519378
-4.86625,0.032811743,0.084687426
-4.865625,0.029622584,0.055211781
-4.865,0.027230715,0.028922693
-4.864375,0.025636135,0.016176468
-4.86375,0.025636135,0.012193273
-4.863125,0.024838845,0.009803356
-4.8625,0.024041555,0.007413439
-4.861875,0.024041555,0.005820161
-4.86125,0.016865947,-0.013299176
-4.860625,0.00251473,-0.091369803
-4.86,0.00251473,-0.109692501
-4.859375,0.00410931,-0.10172611
-4.85875,0.00650118,-0.077826939
-4.858125,0.010487629,-0.041978182
-4.8575,0.015271367,-0.013299176
-4.856875,0.021649686,0.011396634
-4.85625,0.024838845,0.028126054
-4.855625,0.024838845,0.032905888
-4.855,0.025636135,0.035295805
-4.854375,0.025636135,0.038482362
-4.85375,0.025636135,0.04007564
-4.853125,0.026433425,0.043262196
-4.8525,0.039987352,0.121332822
-4.851875,0.041581931,0.167537887
-4.85125,0.040784642,0.169131165
-4.850625,0.039190062,0.14841855
-4.85,0.034406323,0.109383236
-4.849375,0.032014454,0.074331119
-4.84875,0.029622584,0.045652113
-4.848125,0.027230715,0.02334622
-4.8475,0.025636135,0.01458319
-4.846875,0.025636135,0.011396634
-4.84625,0.024838845,0.009006717
-4.845625,0.024041555,0.007413439
-4.845,0.023244266,0.005820161
-4.844375,0.008893049,-0.041978182
-4.84375,0.00251473,-0.102522749
-4.843125,0.00331202,-0.11048914
-4.8425,0.00410931,-0.095352998
-4.841875,0.007298469,-0.066673992
-4.84125,0.011284918,-0.031621874
-4.840625,0.017663237,-0.004536147
-4.84,0.023244266,0.018566385
-4.839375,0.024838845,0.030515971
-4.83875,0.025636135,0.032905888
-4.838125,0.025636135,0.036889083
-4.8375,0.026433425,0.039279001
-4.836875,0.026433425,0.04007564
-4.83625,0.032014454,0.060788255
-4.835625,0.041581931,0.146028633
-4.835,0.042379221,0.169927804
-4.834375,0.040784642,0.162758052
-4.83375,0.038392772,0.135672325
-4.833125,0.034406323,0.095043734
-4.8325,0.031217164,0.062381533
-4.831875,0.029622584,0.035295805
-4.83125,0.026433425,0.016973107
-4.830625,0.025636135,0.012193273
-4.83,0.025636135,0.009803356
-4.829375,0.024838845,0.008210078
-4.82875,0.024838845,0.0066168
-4.828125,0.022446976,0.001836965
-4.8275,0.00410931,-0.073047105
-4.826875,0.00410931,-0.108895862
-4.82625,0.0049066,-0.105709306
-4.825625,0.00570389,-0.087386608
-4.825,0.008893049,-0.053131129
-4.824375,0.013676788,-0.022062206
-4.82375,0.020852396,0.004226883
-4.823125,0.024838845,0.02334622
-4.8225,0.025636135,0.03131261
-4.821875,0.025636135,0.033702527
-4.82125,0.025636135,0.036889083
-4.820625,0.025636135,0.038482362
-4.82,0.026433425,0.039279001
-4.819375,0.036000903,0.090263899
-4.81875,0.042379221,0.160368135
-4.818125,0.042379221,0.171521082
-4.8175,0.040784642,0.155588301
-4.816875,0.036000903,0.121332822
-4.81625,0.032811743,0.083890787
-4.815625,0.030419874,0.053618503
-4.815,0.028028005,0.028922693
-4.814375,0.026433425,0.015379829
-4.81375,0.025636135,0.012193273
-4.813125,0.025636135,0.009006717
-4.8125,0.025636135,0.007413439
-4.811875,0.025636135,0.005820161
-4.81125,0.016865947,-0.016485733
-4.810625,0.00410931,-0.092963081
-4.81,0.00410931,-0.109692501
-4.809375,0.00410931,-0.100132832
-4.80875,0.00650118,-0.077826939
-4.808125,0.010487629,-0.041181543
-4.8075,0.016068657,-0.012502537
-4.806875,0.022446976,0.012193273
-4.80625,0.024838845,0.028126054
-4.805625,0.025636135,0.032109249
-4.805,0.025636135,0.036092444
-4.804375,0.025636135,0.037685722
-4.80375,0.026433425,0.04007564
-4.803125,0.027230715,0.044058835
-4.8025,0.039987352,0.124519378
-4.801875,0.042379221,0.166741248
-4.80125,0.040784642,0.166741248
-4.800625,0.039190062,0.146825272
-4.8,0.034406323,0.107789958
-4.799375,0.032014454,0.07273784
-4.79875,0.030419874,0.044855474
-4.798125,0.028028005,0.022549581
-4.7975,0.026433425,0.013786551
-4.796875,0.025636135,0.011396634
-4.79625,0.024838845,0.009006717
-4.795625,0.024041555,0.007413439
-4.795,0.024041555,0.0066168
-4.794375,0.008893049,-0.044368099
-4.79375,0.00331202,-0.104116027
-4.793125,0.00331202,-0.109692501
-4.7925,0.00410931,-0.095352998
-4.791875,0.007298469,-0.065080714
-4.79125,0.012082208,-0.030825235
-4.790625,0.018460527,-0.00214623
-4.79,0.023244266,0.020159663
-4.789375,0.024838845,0.030515971
-4.78875,0.024838845,0.032905888
-4.788125,0.025636135,0.036889083
-4.7875,0.024838845,0.038482362
-4.786875,0.025636135,0.04007564
-4.78625,0.031217164,0.063178172
-4.785625,0.042379221,0.14841855
-4.785,0.041581931,0.170724443
-4.784375,0.040784642,0.162758052
-4.78375,0.037595482,0.135672325
-4.783125,0.032811743,0.093450456
-4.7825,0.030419874,0.062381533
-4.781875,0.028028005,0.035295805
-4.78125,0.026433425,0.018566385
-4.780625,0.026433425,0.013786551
-4.78,0.025636135,0.009803356
-4.779375,0.024838845,0.007413439
-4.77875,0.024041555,0.005820161
-4.778125,0.021649686,0.001040326
-4.7775,0.00410931,-0.074640383
-4.776875,0.00331202,-0.108099223
-4.77625,0.00410931,-0.105709306
-4.775625,0.0049066,-0.087386608
-4.775,0.008893049,-0.053131129
-4.774375,0.012879498,-0.021265567
-4.77375,0.020852396,0.005023522
-4.773125,0.024041555,0.024939498
-4.7725,0.024838845,0.032109249
-4.771875,0.025636135,0.033702527
-4.77125,0.025636135,0.036889083
-4.770625,0.026433425,0.039279001
-4.77,0.026433425,0.039279001
-4.769375,0.036000903,0.092653817
-4.76875,0.041581931,0.160368135
-4.768125,0.043176511,0.170724443
-4.7675,0.039987352,0.155588301
-4.766875,0.036000903,0.121332822
-4.76625,0.032811743,0.082297509
-4.765625,0.030419874,0.052025225
-4.765,0.028028005,0.028126054
-4.764375,0.026433425,0.016176468
-4.76375,0.026433425,0.013786551
-4.763125,0.025636135,0.009803356
-4.7625,0.024838845,0.007413439
-4.761875,0.024838845,0.0066168
-4.76125,0.015271367,-0.018079011
-4.760625,0.00251473,-0.094556359
-4.76,0.00331202,-0.109692501
-4.759375,0.00410931,-0.100132832
-4.75875,0.00650118,-0.076233661
-4.758125,0.009690339,-0.040384904
-4.7575,0.015271367,-0.011705898
-4.756875,0.022446976,0.012989912
-4.75625,0.024838845,0.028126054
-4.755625,0.024838845,0.032109249
-4.755,0.024838845,0.035295805
-4.754375,0.024838845,0.038482362
-4.75375,0.025636135,0.04007564
-4.753125,0.027230715,0.045652113
-4.7525,0.039987352,0.126909295
-4.751875,0.042379221,0.168334526
-4.75125,0.041581931,0.168334526
-4.750625,0.039190062,0.146028633
-4.75,0.034406323,0.106993319
-4.749375,0.032014454,0.071941201
-4.74875,0.029622584,0.043262196
-4.748125,0.026433425,0.021752942
-4.7475,0.026433425,0.01458319
-4.746875,0.025636135,0.011396634
-4.74625,0.024838845,0.008210078
-4.745625,0.024041555,0.0066168
-4.745,0.024838845,0.005820161
-4.744375,0.008893049,-0.046758016
-4.74375,0.00410931,-0.103319388
-4.743125,0.00410931,-0.108895862
-4.7425,0.0049066,-0.09375972
-4.741875,0.008095759,-0.063487436
-4.74125,0.012082208,-0.029231957
-4.740625,0.018460527,-0.00214623
-4.74,0.024041555,0.019363024
-4.739375,0.024838845,0.030515971
-4.73875,0.024838845,0.033702527
-4.738125,0.025636135,0.036889083
-4.7375,0.025636135,0.038482362
-4.736875,0.025636135,0.04007564
-4.73625,0.032014454,0.065568089
-4.735625,0.042379221,0.150808467
-4.735,0.042379221,0.170724443
-4.734375,0.039987352,0.161961413
-4.73375,0.037595482,0.134079047
-4.733125,0.032811743,0.093450456
-4.7325,0.031217164,0.062381533
-4.731875,0.028825294,0.035295805
-4.73125,0.026433425,0.018566385
-4.730625,0.026433425,0.013786551
-4.73,0.024838845,0.009803356
-4.729375,0.024041555,0.008210078
-4.72875,0.024041555,0.0066168
-4.728125,0.020852396,0.000243687
-4.7275,0.00410931,-0.0770303
-4.726875,0.00410931,-0.108895862
-4.72625,0.00410931,-0.105709306
-4.725625,0.0049066,-0.086589969
-4.725,0.008893049,-0.050741211
-4.724375,0.013676788,-0.020468928
-4.72375,0.021649686,0.005820161
-4.723125,0.024838845,0.024142859
-4.7225,0.025636135,0.03131261
-4.721875,0.024838845,0.033702527
-4.72125,0.025636135,0.037685722
-4.720625,0.025636135,0.039279001
-4.72,0.026433425,0.04007564
-4.719375,0.036798193,0.096637012
-4.71875,0.041581931,0.161961413
-4.718125,0.041581931,0.170724443
-4.7175,0.039190062,0.153995023
-4.716875,0.035203613,0.120536183
-4.71625,0.032014454,0.08150087
-4.715625,0.029622584,0.052025225
-4.715,0.028028005,0.027329415
-4.714375,0.025636135,0.015379829
-4.71375,0.025636135,0.012193273
-4.713125,0.025636135,0.009006717
-4.7125,0.025636135,0.007413439
-4.711875,0.024041555,0.005820161
-4.71125,0.014474078,-0.020468928
-4.710625,0.00331202,-0.095352998
-4.71,0.00410931,-0.108895862
-4.709375,0.0049066,-0.098539554
-4.70875,0.00650118,-0.074640383
-4.708125,0.010487629,-0.038791626
-4.7075,0.016068657,-0.01011262
-4.706875,0.022446976,0.013786551
-4.70625,0.025636135,0.028922693
-4.705625,0.025636135,0.032905888
-4.705,0.025636135,0.035295805
-4.704375,0.025636135,0.037685722
-4.70375,0.025636135,0.04007564
-4.703125,0.028028005,0.046448752
-4.7025,0.039987352,0.130095852
-4.701875,0.042379221,0.169131165
-4.70125,0.041581931,0.167537887
-4.700625,0.038392772,0.146028633
-4.7,0.033609033,0.105400041
-4.699375,0.031217164,0.071144562
-4.69875,0.028825294,0.041668918
-4.698125,0.027230715,0.021752942
-4.6975,0.025636135,0.013786551
-4.696875,0.025636135,0.011396634
-4.69625,0.024838845,0.008210078
-4.695625,0.024041555,0.0066168
-4.695,0.024041555,0.005820161
-4.694375,0.007298469,-0.050741211
-4.69375,0.00251473,-0.104912667
-4.693125,0.00331202,-0.109692501
-4.6925,0.00410931,-0.092963081
-4.691875,0.00650118,-0.062690797
-4.69125,0.011284918,-0.029231957
-4.690625,0.017663237,-0.000552952
-4.69,0.022446976,0.020956303
-4.689375,0.024041555,0.03131261
-4.68875,0.024041555,0.033702527
-4.688125,0.024838845,0.036889083
-4.6875,0.025636135,0.038482362
-4.686875,0.026433425,0.04007564
-4.68625,0.032014454,0.067958006
-4.685625,0.041581931,0.150808467
-4.685,0.041581931,0.170724443
-4.684375,0.039987352,0.161164774
-4.68375,0.037595482,0.132485769
-4.683125,0.033609033,0.091857178
-4.6825,0.030419874,0.060788255
-4.681875,0.028028005,0.032905888
-4.68125,0.026433425,0.017769746
-4.680625,0.025636135,0.013786551
-4.68,0.024838845,0.009803356
-4.679375,0.024041555,0.007413439
-4.67875,0.024041555,0.005820161
-4.678125,0.020852396,-0.00214623
-4.6775,0.00410931,-0.079420217
-4.676875,0.00410931,-0.108895862
-4.67625,0.00410931,-0.104912667
-4.675625,0.00570389,-0.08499669
-4.675,0.008893049,-0.049944572
-4.674375,0.013676788,-0.019672289
-4.67375,0.020852396,0.005820161
-4.673125,0.024041555,0.024939498
-4.6725,0.025636135,0.032109249
-4.671875,0.024838845,0.035295805
-4.67125,0.025636135,0.037685722
-4.670625,0.025636135,0.04007564
-4.67,0.026433425,0.040872279
-4.669375,0.036798193,0.100620207
-4.66875,0.042379221,0.163554692
-4.668125,0.042379221,0.172317721
-4.6675,0.040784642,0.154791662
-4.666875,0.036000903,0.120536183
-4.66625,0.032811743,0.08150087
-4.665625,0.029622584,0.051228586
-4.665,0.028028005,0.026532776
-4.664375,0.025636135,0.015379829
-4.66375,0.025636135,0.012193273
-4.663125,0.025636135,0.009803356
-4.6625,0.024838845,0.0066168
-4.661875,0.024041555,0.0066168
-4.66125,0.014474078,-0.022858845
-4.660625,0.00251473,-0.096149637
-4.66,0.00331202,-0.109692501
-4.659375,0.00331202,-0.098539554
-4.65875,0.00570389,-0.074640383
-4.658125,0.010487629,-0.037198348
-4.6575,0.016068657,-0.009315981
-4.656875,0.021649686,0.01458319
-4.65625,0.024041555,0.028922693
-4.655625,0.024041555,0.033702527
-4.655,0.024838845,0.036092444
-4.654375,0.025636135,0.038482362
-4.65375,0.025636135,0.040872279
-4.653125,0.028028005,0.048838669
-4.6525,0.040784642,0.133282408
-4.651875,0.042379221,0.169927804
-4.65125,0.041581931,0.166741248
-4.650625,0.039190062,0.144435354
-4.65,0.033609033,0.105400041
-4.649375,0.031217164,0.069551284
-4.64875,0.028825294,0.040872279
-4.648125,0.027230715,0.020956303
-4.6475,0.025636135,0.013786551
-4.646875,0.025636135,0.010599995
-4.64625,0.024838845,0.009006717
-4.645625,0.024838845,0.0066168
-4.645,0.024041555,0.005820161
-4.644375,0.00650118,-0.053927768
-4.64375,0.00331202,-0.106505945
-4.643125,0.00410931,-0.109692501
-4.6425,0.00410931,-0.09375972
-4.641875,0.008095759,-0.061894158
-4.64125,0.011284918,-0.027638679
-4.640625,0.018460527,-0.001349591
-4.64,0.023244266,0.020956303
-4.639375,0.024838845,0.03131261
-4.63875,0.024041555,0.032905888
-4.638125,0.025636135,0.036889083
-4.6375,0.024838845,0.038482362
-4.636875,0.025636135,0.04007564
-4.63625,0.032014454,0.071144562
-4.635625,0.040784642,0.153198384
-4.635,0.041581931,0.171521082
-4.634375,0.039987352,0.161164774
-4.63375,0.036798193,0.13168913
-4.633125,0.032014454,0.091060538
-4.6325,0.030419874,0.059991616
-4.631875,0.027230715,0.033702527
-4.63125,0.025636135,0.017769746
-4.630625,0.025636135,0.012989912
-4.63,0.024838845,0.009803356
-4.629375,0.024838845,0.008210078
-4.62875,0.024041555,0.0066168
-4.628125,0.019257817,-0.00214623
-4.6275,0.00331202,-0.080216856
-4.626875,0.00331202,-0.108895862
-4.62625,0.00410931,-0.104116027
-4.625625,0.00570389,-0.084200051
-4.625,0.008893049,-0.048351294
-4.624375,0.013676788,-0.018079011
-4.62375,0.020852396,0.007413439
-4.623125,0.024041555,0.026532776
-4.6225,0.025636135,0.032109249
-4.621875,0.024838845,0.035295805
-4.62125,0.025636135,0.038482362
-4.620625,0.024838845,0.04007564
-4.62,0.025636135,0.040872279
-4.619375,0.037595482,0.104603402
-4.61875,0.041581931,0.164351331
-4.618125,0.042379221,0.17311436
-4.6175,0.039190062,0.154791662
-4.616875,0.034406323,0.118942905
-4.61625,0.032014454,0.079907592
-4.615625,0.029622584,0.050431947
-4.615,0.027230715,0.026532776
-4.614375,0.025636135,0.015379829
-4.61375,0.025636135,0.012193273
-4.613125,0.024838845,0.009803356
-4.6125,0.024041555,0.007413439
-4.611875,0.024041555,0.005820161
-4.61125,0.013676788,-0.026045401
-4.610625,0.00331202,-0.098539554
-4.61,0.00331202,-0.11048914
-4.609375,0.00410931,-0.099336193
-4.60875,0.00650118,-0.073843744
-4.608125,0.010487629,-0.037994987
-4.6075,0.015271367,-0.009315981
-4.606875,0.021649686,0.015379829
-4.60625,0.024041555,0.029719332
-4.605625,0.024041555,0.033702527
-4.605,0.025636135,0.036889083
-4.604375,0.024838845,0.038482362
-4.60375,0.025636135,0.04007564
-4.603125,0.028028005,0.049635308
-4.6025,0.039987352,0.135672325
-4.601875,0.042379221,0.170724443
-4.60125,0.040784642,0.167537887
-4.600625,0.037595482,0.143638715
-4.6,0.032811743,0.103806763
-4.599375,0.031217164,0.069551284
-4.59875,0.028028005,0.040872279
-4.598125,0.026433425,0.020159663
-4.5975,0.025636135,0.013786551
-4.596875,0.024838845,0.010599995
-4.59625,0.024041555,0.008210078
-4.595625,0.023244266,0.005820161
-4.595,0.022446976,0.005023522
-4.594375,0.00570389,-0.057910963
-4.59375,0.00331202,-0.107302584
-4.593125,0.00410931,-0.109692501
-4.5925,0.0049066,-0.092963081
-4.591875,0.008095759,-0.061097519
-4.59125,0.012082208,-0.027638679
-4.590625,0.018460527,-0.000552952
-4.59,0.024041555,0.020956303
-4.589375,0.025636135,0.03131261
-4.58875,0.024838845,0.033702527
-4.588125,0.025636135,0.036889083
-4.5875,0.024838845,0.037685722
-4.586875,0.025636135,0.039279001
-4.58625,0.032014454,0.073534479
-4.585625,0.041581931,0.155588301
-4.585,0.042379221,0.172317721
-4.584375,0.040784642,0.161164774
-4.58375,0.036798193,0.130892491
-4.583125,0.032811743,0.091060538
-4.5825,0.030419874,0.059194977
-4.581875,0.028028005,0.032109249
-4.58125,0.026433425,0.016973107
-4.580625,0.026433425,0.012193273
-4.58,0.025636135,0.009803356
-4.579375,0.025636135,0.008210078
-4.57875,0.024041555,0.0066168
-4.578125,0.019257817,-0.004536147
-4.5775,0.00331202,-0.083403412
-4.576875,0.00410931,-0.11048914
-4.57625,0.00410931,-0.104116027
-4.575625,0.0049066,-0.083403412
-4.575,0.009690339,-0.047554655
-4.574375,0.015271367,-0.018079011
-4.57375,0.020852396,0.008210078
-4.573125,0.024838845,0.026532776
-4.5725,0.024838845,0.032905888
-4.571875,0.024838845,0.035295805
-4.57125,0.024838845,0.037685722
-4.570625,0.025636135,0.04007564
-4.57,0.026433425,0.040872279
-4.569375,0.038392772,0.108586597
-4.56875,0.042379221,0.165944609
-4.568125,0.042379221,0.172317721
-4.5675,0.039190062,0.153995023
-4.566875,0.035203613,0.117349627
-4.56625,0.032014454,0.079110953
-4.565625,0.029622584,0.049635308
-4.565,0.027230715,0.025736137
-4.564375,0.026433425,0.01458319
-4.56375,0.025636135,0.011396634
-4.563125,0.024838845,0.008210078
-4.5625,0.024838845,0.007413439
-4.561875,0.024041555,0.005820161
-4.56125,0.012879498,-0.028435318
-4.560625,0.00331202,-0.100132832
-4.56,0.00331202,-0.111285779
-4.559375,0.00410931,-0.099336193
-4.55875,0.00570389,-0.072250466
-4.558125,0.010487629,-0.036401709
-4.5575,0.016865947,-0.008519342
-4.556875,0.022446976,0.015379829
-4.55625,0.024838845,0.029719332
-4.555625,0.024838845,0.033702527
-4.555,0.025636135,0.036889083
-4.554375,0.024838845,0.039279001
-4.55375,0.024838845,0.040872279
-4.553125,0.028825294,0.051228586
-4.5525,0.039987352,0.138062242
-4.551875,0.042379221,0.170724443
-4.55125,0.040784642,0.167537887
-4.550625,0.038392772,0.143638715
-4.55,0.033609033,0.102213485
-4.549375,0.031217164,0.068754645
-4.54875,0.028825294,0.04007564
-4.548125,0.026433425,0.020956303
-4.5475,0.025636135,0.013786551
-4.546875,0.025636135,0.010599995
-4.54625,0.024041555,0.008210078
-4.545625,0.024041555,0.005820161
-4.545,0.023244266,0.005023522
-4.544375,0.0049066,-0.061097519
-4.54375,0.00251473,-0.108099223
-4.543125,0.00331202,-0.11048914
-4.5425,0.0049066,-0.092166442
-4.541875,0.008095759,-0.061097519
-4.54125,0.012082208,-0.02684204
-4.540625,0.018460527,-0.000552952
-4.54,0.023244266,0.021752942
-4.539375,0.024041555,0.030515971
-4.53875,0.024041555,0.032905888
-4.538125,0.025636135,0.036889083
-4.5375,0.025636135,0.039279001
-4.536875,0.025636135,0.040872279
-4.53625,0.033609033,0.076721036
-4.535625,0.042379221,0.157978218
-4.535,0.043176511,0.173910999
-4.534375,0.039987352,0.161961413
-4.53375,0.036798193,0.130892491
-4.533125,0.033609033,0.090263899
-4.5325,0.030419874,0.058398338
-4.531875,0.028028005,0.032109249
-4.53125,0.026433425,0.016973107
-4.530625,0.025636135,0.012193273
-4.53,0.025636135,0.009006717
-4.529375,0.024838845,0.007413439
-4.52875,0.024041555,0.005820161
-4.528125,0.018460527,-0.007722703
-4.5275,0.00331202,-0.086589969
-4.526875,0.00331202,-0.111285779
-4.52625,0.00410931,-0.104912667
-4.525625,0.0049066,-0.083403412
-4.525,0.008893049,-0.046758016
-4.524375,0.013676788,-0.016485733
-4.52375,0.020852396,0.009006717
-4.523125,0.024041555,0.026532776
-4.5225,0.024838845,0.032905888
-4.521875,0.024838845,0.035295805
-4.52125,0.024838845,0.038482362
-4.520625,0.025636135,0.04007564
-4.52,0.025636135,0.040872279
-4.519375,0.037595482,0.111773154
-4.51875,0.041581931,0.167537887
-4.518125,0.042379221,0.17311436
-4.5175,0.039190062,0.153995023
-4.516875,0.034406323,0.115756349
-4.51625,0.032014454,0.078314314
-4.515625,0.029622584,0.04804203
-4.515,0.027230715,0.024142859
-4.514375,0.025636135,0.013786551
-4.51375,0.024838845,0.011396634
-4.513125,0.024041555,0.008210078
-4.5125,0.024041555,0.005820161
-4.511875,0.023244266,0.004226883
-4.51125,0.012082208,-0.033215153
-4.510625,0.00331202,-0.10172611
-4.51,0.00331202,-0.112879057
-4.509375,0.00410931,-0.100132832
-4.50875,0.00650118,-0.072250466
-4.508125,0.010487629,-0.036401709
-4.5075,0.016865947,-0.008519342
-4.506875,0.023244266,0.016176468
-4.50625,0.025636135,0.029719332
-4.505625,0.024838845,0.032905888
-4.505,0.025636135,0.036092444
-4.504375,0.025636135,0.038482362
-4.50375,0.026433425,0.04007564
-4.503125,0.018460527,0.039279001
-4.5025,0.034406323,0.35634134
-4.501875,0.101378668,1.283629188
-4.50125,0.100581378,1.917753868
-4.500625,0.104567827,2.547895352
-4.5,0.095797639,3.1589175
-4.499375,0.103770537,3.807381682
-4.49875,0.138053999,4.076645679
-4.498125,0.148418767,4.076645679
-4.4975,0.148418767,4.073459123
-4.496875,0.156391665,4.073459123
-4.49625,0.161175404,4.072662484
-4.495625,0.260039341,4.09257846
-4.495,0.227350459,4.070272567
-4.494375,0.250471863,4.063102815
-4.49375,0.370862626,4.087001987
-4.493125,0.523144981,4.111697797
-4.4925,0.512780213,4.145953276
-4.491875,0.504010025,4.103731407
-4.49125,0.56938779,4.107714602
-4.490625,0.718480986,4.129223856
-4.49,0.709710798,4.09257846
-4.489375,0.637954714,4.071865845
-4.48875,0.677021915,4.08381543
-4.488125,0.653900511,4.073459123
-4.4875,0.715291827,4.089391904
-4.486875,0.648319482,4.071069206
-4.48625,0.703332479,4.07584904
-4.485625,0.793426229,4.08381543
-4.485,0.776683142,4.088595265
-4.484375,0.912222411,4.082222152
-4.48375,1.089220751,4.110104519
-4.483125,1.358704709,4.111697797
-4.4825,1.566000061,4.095765016
-4.481875,1.542878656,4.075052401
-4.48125,1.471919863,4.078238957
-4.480625,1.593905205,4.088595265
-4.48,1.535703048,4.088595265
-4.479375,1.894483466,4.113291075
-4.47875,2.105765267,4.118867548
-4.478125,1.386609852,4.064696093
-4.4775,1.828308411,4.093375099
-4.476875,1.851429815,4.091781821
-4.47625,1.978198896,4.080628874
-4.475625,2.13685957,4.078238957
-4.475,1.998131142,4.102934767
-4.474375,2.182305089,4.110104519
-4.47375,2.101778818,4.14276672
-4.473125,1.419298735,4.079832235
-4.4725,2.045968531,4.107714602
-4.471875,1.994941982,4.08381543
-4.47125,2.041982082,4.10054485
-4.470625,2.435045961,4.155512944
-4.47,2.113738165,4.078238957
-4.469375,2.247682854,4.098154933
-4.46875,1.770106254,4.101341489
-4.468125,2.025238995,4.128427217
-4.4675,2.174332191,4.107714602
-4.466875,2.315452489,4.098951572
-4.46625,2.449397178,4.10930788
-4.465625,2.283560896,4.06708601
-4.465,2.216588551,4.07584904
-4.464375,2.320236228,4.087798626
-4.46375,2.478896901,4.081425513
-4.463125,2.336979314,4.06788265
-4.4625,2.349735951,4.063102815
-4.461875,2.300303982,4.062306176
-4.46125,2.357708849,4.069475928
-4.460625,2.505207465,4.06788265
-4.46,2.198250886,4.076645679
-4.459375,2.420694745,4.075052401
-4.45875,2.505207465,4.084612069
-4.458125,2.129683961,4.070272567
-4.4575,2.545869246,4.116477631
-4.456875,2.065900776,4.088595265
-4.45625,2.422289324,4.096561655
-4.455625,1.850632526,4.068679289
-4.455,2.215791262,4.093375099
-4.454375,2.536301768,4.105324685
-4.45375,2.080251993,4.072662484
-4.453125,2.000523011,4.071069206
-4.4525,2.072279095,4.079832235
-4.451875,2.298709403,4.079035596
-4.45125,2.045171241,4.078238957
-4.450625,2.011685069,4.077442318
-4.45,2.171143032,4.071865845
-4.449375,2.580949998,4.071865845
-4.44875,2.411924557,4.06708601
-4.448125,2.403951658,4.065492732
-4.4475,2.470126713,4.080628874
-4.446875,2.535504478,4.064696093
-4.44625,2.340965763,4.068679289
-4.445625,2.48607251,4.072662484
-4.445,2.500423726,4.066289371
-4.444375,2.61443617,4.063899454
-4.44375,2.295520243,4.061509537
-4.443125,2.363289878,4.071865845
-4.4425,2.620814489,4.060712898
-4.441875,2.373654645,4.063899454
-4.44125,2.365681747,4.066289371
-4.440625,2.435045961,4.066289371
-4.44,2.451789047,4.070272567
-4.439375,2.608057851,4.070272567
-4.43875,2.769907684,4.070272567
-4.438125,2.983581355,4.065492732
-4.4375,2.907838823,4.061509537
-4.436875,2.844055637,4.058322981
-4.43625,3.022648556,4.066289371
-4.435625,2.994743413,4.06788265
-4.435,2.722070295,4.077442318
-4.434375,2.862393303,4.079832235
-4.43375,3.061715757,4.06788265
-4.433125,2.633571126,4.073459123
-4.4325,2.902257794,4.06788265
-4.431875,2.966040979,4.06788265
-4.43125,2.773096844,4.071865845
-4.430625,2.965243689,4.06788265
-4.43,2.852825825,4.070272567
-4.429375,2.816150494,4.071865845
-4.42875,3.04816183,4.068679289
-4.428125,3.082445292,4.064696093
-4.4275,3.192471287,4.05911962
-4.426875,2.765921235,4.063899454
-4.42625,2.739610671,4.065492732
-4.425625,2.927771068,4.065492732
-4.425,2.784258901,4.069475928
-4.424375,2.804191146,4.071069206
-4.42375,2.838474609,4.071069206
-4.423125,2.9174063,4.069475928
-4.4225,2.870366201,4.071865845
-4.421875,2.887906577,4.071069206
-4.42125,2.907041533,4.071069206
-4.420625,2.930162937,4.070272567
-4.42,2.947703313,4.070272567
-4.419375,2.973216588,4.078238957
-4.41875,2.993148833,4.080628874
-4.418125,3.013878368,4.080628874
-4.4175,3.030621454,4.079035596
-4.416875,3.045769961,4.076645679
-4.41625,3.064107627,4.075052401
-4.415625,3.081648003,4.073459123
-4.415,3.099188379,4.072662484
-4.414375,3.117526044,4.073459123
-4.41375,3.132674551,4.073459123
-4.413125,3.154201376,4.073459123
-4.4125,3.173336332,4.073459123
-4.411875,3.187687548,4.073459123
-4.41125,3.202836055,4.068679289
-4.410625,3.216389982,4.064696093
-4.41,3.235524937,4.064696093
-4.409375,3.257051762,4.066289371
-4.40875,3.276186718,4.06788265
-4.408125,3.296118963,4.071865845
-4.4075,3.316848499,4.072662484
-4.406875,3.336780744,4.074255762
-4.40625,3.35352383,4.074255762
-4.405625,3.370266916,4.074255762
-4.405,3.387807292,4.073459123
-4.404375,3.406942248,4.074255762
-4.40375,3.426077203,4.075052401
-4.403125,3.444414869,4.076645679
-4.4025,3.469928143,4.083018791
-4.401875,3.48348207,4.082222152
-4.40125,3.505008895,4.083018791
-4.400625,3.520954692,4.081425513
-4.4,3.536103198,4.078238957
-4.399375,3.552846284,4.077442318
-4.39875,3.567197501,4.07584904
-4.398125,3.585535167,4.07584904
-4.3975,3.601480963,4.075052401
-4.396875,3.619818629,4.07584904
-4.39625,3.638953585,4.075052401
-4.395625,3.654102091,4.074255762
-4.395,3.670047887,4.073459123
-4.394375,3.679615365,4.066289371
-4.39375,3.684399104,4.063899454
-4.393125,3.698750321,4.063102815
-4.3925,3.716290697,4.063899454
-4.391875,3.734628363,4.066289371
-4.39125,3.752966028,4.068679289
-4.390625,3.772898274,4.071069206
-4.39,3.797614258,4.072662484
-4.389375,3.813560054,4.071069206
-4.38875,3.83189772,4.071069206
-4.388125,3.849438096,4.071069206
-4.3875,3.866181182,4.071069206
-4.386875,3.884518848,4.071865845
-4.38625,3.905248383,4.077442318
-4.385625,3.925180629,4.082222152
-4.385,3.943518295,4.082222152
-4.384375,3.954680352,4.082222152
-4.38375,3.971423438,4.079035596
-4.383125,3.983382785,4.07584904
-4.3825,3.996936712,4.075052401
-4.381875,4.012085219,4.074255762
-4.38125,4.023247276,4.075052401
-4.380625,4.038395783,4.074255762
-4.38,4.054341579,4.074255762
-4.379375,4.068692796,4.074255762
-4.37875,4.081449433,4.074255762
-4.378125,4.096597939,4.071069206
-4.3775,4.102178968,4.064696093
-4.376875,4.115732895,4.064696093
-4.37625,4.133273271,4.064696093
-4.375625,4.150016357,4.06708601
-4.375,4.168354023,4.069475928
-4.374375,4.185894399,4.071865845
-4.37375,4.201042905,4.074255762
-4.373125,4.216191412,4.072662484
-4.3725,4.231339918,4.073459123
-4.371875,4.251272164,4.073459123
-4.37125,4.26721796,4.071865845
-4.370625,4.281569177,4.071865845
-4.37,4.294325814,4.072662484
-4.369375,4.315055349,4.079832235
-4.36875,4.332595725,4.081425513
-4.368125,4.343757783,4.080628874
-4.3675,4.35651442,4.079035596
-4.366875,4.368473767,4.076645679
-4.36625,4.376446665,4.075052401
-4.365625,4.390000592,4.074255762
-4.365,4.401959939,4.072662484
-4.364375,4.413121997,4.071865845
-4.36375,4.429865083,4.072662484
-4.363125,4.44182443,4.072662484
-4.3625,4.455378357,4.071865845
-4.361875,4.468134994,4.071069206
-4.36125,4.475310602,4.066289371
-4.360625,4.480094341,4.061509537
-4.36,4.490459109,4.062306176
-4.359375,4.504013036,4.063102815
-4.35875,4.517566963,4.064696093
-4.358125,4.537499208,4.068679289
-4.3575,4.554242294,4.069475928
-4.356875,4.57178267,4.069475928
-4.35625,4.594106785,4.071069206
-4.355625,4.606066132,4.071865845
-4.355,4.618025479,4.071069206
-4.354375,4.628390247,4.071865845
-4.35375,4.641944174,4.071865845
-4.353125,4.65709268,4.074255762
-4.3525,4.677024926,4.080628874
-4.351875,4.691376143,4.081425513
-4.35125,4.70413278,4.079832235
-4.350625,4.715294837,4.078238957
-4.35,4.724065025,4.07584904
-4.349375,4.732037923,4.075052401
-4.34875,4.742402691,4.074255762
-4.348125,4.753564748,4.074255762
-4.3475,4.765524096,4.075052401
-4.346875,4.777483443,4.073459123
-4.34625,4.7886455,4.074255762
-4.345625,4.798212978,4.074255762
-4.345,4.807780456,4.073459123
-4.344375,4.812564195,4.06708601
-4.34375,4.822131673,4.064696093
-4.343125,4.830901861,4.065492732
-4.3425,4.844455787,4.066289371
-4.341875,4.913820001,4.069475928
-4.34125,5.161777134,4.068679289
-4.340625,5.152209657,4.070272567
-4.34,5.015873098,4.069475928
-4.339375,4.979995056,4.070272567
-4.33875,5.201641625,4.071069206
-4.338125,4.957670941,4.075052401
-4.3375,4.940927855,4.076645679
-4.336875,4.948103464,4.077442318
-4.33625,4.960062811,4.08381543
-4.335625,4.971224868,4.088595265
-4.335,4.979197766,4.088595265
-4.334375,4.986373375,4.087798626
-4.33375,4.991157114,4.085408708
-4.333125,4.995940853,4.083018791
-4.3325,5.002319171,4.081425513
-4.331875,5.009494779,4.079832235
-4.33125,5.016670388,4.080628874
-4.330625,5.022251417,4.080628874
-4.33,5.028629735,4.080628874
-4.329375,5.035008054,4.080628874
-4.32875,5.042183662,4.080628874
-4.328125,5.045372821,4.077442318
-4.3275,5.046170111,4.071069206
-4.326875,5.05095385,4.070272567
-4.32625,5.058129458,4.070272567
-4.325625,5.066102356,4.072662484
-4.325,5.074872544,4.07584904
-4.324375,5.082048153,4.077442318
-4.32375,5.090021051,4.079035596
-4.323125,5.097993949,4.077442318
-4.3225,5.104372268,4.076645679
-4.321875,5.109953296,4.076645679
-4.32125,5.116331615,4.078238957
-4.320625,5.123507223,4.079035596
-4.32,5.131480121,4.079832235
-4.319375,5.142642179,4.087798626
-4.31875,5.150615077,4.087798626
-4.318125,5.155398816,4.087001987
-4.3175,5.162574424,4.086205348
-4.316875,5.164966294,4.083018791
-4.31625,5.168952743,4.083018791
-4.315625,5.173736482,4.082222152
-4.315,5.1801148,4.081425513
-4.314375,5.184101249,4.082222152
-4.31375,5.189682278,4.083018791
-4.313125,5.194466017,4.082222152
-4.3125,5.201641625,4.081425513
-4.311875,5.207222654,4.081425513
-4.31125,5.207222654,4.07584904
-4.310625,5.208019944,4.071865845
-4.31,5.214398262,4.071865845
-4.309375,5.219182001,4.072662484
-4.30875,5.22556032,4.07584904
-4.308125,5.231938638,4.077442318
-4.3075,5.239911537,4.079832235
-4.306875,5.246289855,4.081425513
-4.30625,5.249479014,4.082222152
-4.305625,5.253465463,4.080628874
-4.305,5.261438362,4.081425513
-4.304375,5.2662221,4.081425513
-4.30375,5.27020855,4.081425513
-4.303125,5.277384158,4.084612069
-4.3025,5.290938085,4.089391904
-4.301875,5.295721824,4.087798626
-4.30125,5.300505563,4.086205348
-4.300625,5.306883881,4.08381543
-4.3,5.308478461,4.080628874
-4.299375,5.31166762,4.079035596
-4.29875,5.314856779,4.077442318
-4.298125,5.321235098,4.076645679
-4.2975,5.325221547,4.076645679
-4.296875,5.328410706,4.076645679
-4.29625,5.331599865,4.07584904
-4.295625,5.336383604,4.07584904
-4.295,5.338775474,4.075052401
-4.294375,5.334789025,4.06708601
-4.29375,5.339572764,4.066289371
-4.293125,5.343559213,4.06708601
-4.2925,5.348342952,4.068679289
-4.291875,5.35472127,4.071069206
-4.29125,5.361099589,4.072662484
-4.290625,5.365086038,4.074255762
-4.29,5.369072487,4.075052401
-4.289375,5.374653516,4.07584904
-4.28875,5.377045385,4.075052401
-4.288125,5.380234544,4.076645679
-4.2875,5.385018283,4.07584904
-4.286875,5.389802022,4.077442318
-4.28625,5.39777492,4.083018791
-4.285625,5.406545108,4.085408708
-4.285,5.412923427,4.085408708
-4.284375,5.414518006,4.08381543
-4.28375,5.415315296,4.082222152
-4.283125,5.419301745,4.079832235
-4.2825,5.420099035,4.079035596
-4.281875,5.420896325,4.076645679
-4.28125,5.427274643,4.077442318
-4.280625,5.428869223,4.077442318
-4.28,5.431261093,4.076645679
-4.279375,5.436044831,4.076645679
-4.27875,5.438436701,4.076645679
-4.278125,5.437639411,4.073459123
-4.2775,5.435247542,4.06708601
-4.276875,5.438436701,4.06708601
-4.27625,5.44162586,4.068679289
-4.275625,5.446409599,4.070272567
-4.275,5.452787918,4.072662484
-4.274375,5.455977077,4.075052401
-4.27375,5.461558106,4.07584904
-4.273125,5.465544555,4.07584904
-4.2725,5.467139134,4.07584904
-4.271875,5.470328294,4.07584904
-4.27125,5.474314743,4.07584904
-4.270625,5.475909322,4.07584904
-4.27,5.479098482,4.076645679
-4.269375,5.490260539,4.085408708
-4.26875,5.493449698,4.086205348
-4.268125,5.496638858,4.086205348
-4.2675,5.498233437,4.085408708
-4.266875,5.498233437,4.08381543
-4.26625,5.499828017,4.081425513
-4.265625,5.502219886,4.079832235
-4.265,5.503814466,4.079832235
-4.264375,5.506206335,4.079832235
-4.26375,5.509395495,4.079035596
-4.263125,5.510192784,4.079035596
-4.2625,5.513381944,4.079035596
-4.261875,5.516571103,4.077442318
-4.26125,5.511787364,4.071865845
-4.260625,5.512584654,4.068679289
-4.26,5.514179233,4.068679289
-4.259375,5.514976523,4.069475928
-4.25875,5.522152132,4.071865845
-4.258125,5.524544001,4.072662484
-4.2575,5.52853045,4.075052401
-4.256875,5.533314189,4.07584904
-4.25625,5.533314189,4.07584904
-4.255625,5.536503348,4.07584904
-4.255,5.538895218,4.07584904
-4.254375,5.538895218,4.07584904
-4.25375,5.543678957,4.07584904
-4.253125,5.547665406,4.079035596
-4.2525,5.554043724,4.085408708
-4.251875,5.559624753,4.085408708
-4.25125,5.558827463,4.08381543
-4.250625,5.560422043,4.082222152
-4.25,5.560422043,4.079832235
-4.249375,5.559624753,4.079035596
-4.24875,5.561219333,4.077442318
-4.248125,5.562813912,4.077442318
-4.2475,5.562813912,4.076645679
-4.246875,5.566800361,4.077442318
-4.24625,5.566003072,4.077442318
-4.245625,5.566800361,4.076645679
-4.245,5.569192231,4.074255762
-4.244375,5.561219333,4.06708601
-4.24375,5.563611202,4.066289371
-4.243125,5.562813912,4.066289371
-4.2425,5.566003072,4.06788265
-4.241875,5.569989521,4.070272567
-4.24125,5.57238139,4.072662484
-4.240625,5.577165129,4.075052401
-4.24,5.578759709,4.075052401
-4.239375,5.579556998,4.075052401
-4.23875,5.582746158,4.075052401
-4.238125,5.582746158,4.075052401
-4.2375,5.584340737,4.075052401
-4.236875,5.586732607,4.076645679
-4.23625,5.592313636,4.083018791
-4.235625,5.599489244,4.085408708
-4.235,5.598691954,4.086205348
-4.234375,5.600286534,4.084612069
-4.23375,5.598691954,4.082222152
-4.233125,5.597097374,4.080628874
-4.2325,5.598691954,4.079035596
-4.231875,5.596300085,4.079035596
-4.23125,5.599489244,4.079035596
-4.230625,5.598691954,4.079035596
-4.23,5.600286534,4.079035596
-4.229375,5.601083823,4.079035596
-4.22875,5.601083823,4.079832235
-4.228125,5.600286534,4.07584904
-4.2275,5.594705505,4.068679289
-4.226875,5.596300085,4.068679289
-4.22625,5.597097374,4.069475928
-4.225625,5.598691954,4.071069206
-4.225,5.601083823,4.072662484
-4.224375,5.601881113,4.074255762
-4.22375,5.606664852,4.075052401
-4.223125,5.606664852,4.07584904
-4.2225,5.609056722,4.075052401
-4.221875,5.609056722,4.075052401
-4.22125,5.609056722,4.075052401
-4.220625,5.610651301,4.07584904
-4.22,5.609854011,4.07584904
-4.219375,5.621016069,4.08381543
-4.21875,5.619421489,4.084612069
-4.218125,5.622610649,4.084612069
-4.2175,5.621016069,4.084612069
-4.216875,5.620218779,4.082222152
-4.21625,5.618624199,4.079832235
-4.215625,5.61702962,4.078238957
-4.215,5.619421489,4.078238957
-4.214375,5.61702962,4.079035596
-4.21375,5.619421489,4.078238957
-4.213125,5.61702962,4.077442318
-4.2125,5.618624199,4.077442318
-4.211875,5.61782691,4.077442318
-4.21125,5.613043171,4.071069206
-4.210625,5.609854011,4.068679289
-4.21,5.609056722,4.068679289
-4.209375,5.611448591,4.069475928
-4.20875,5.612245881,4.071069206
-4.208125,5.61702962,4.073459123
-4.2075,5.61543504,4.075052401
-4.206875,5.618624199,4.076645679
-4.20625,5.61702962,4.07584904
-4.205625,5.619421489,4.07584904
-4.205,5.61782691,4.07584904
-4.204375,5.620218779,4.07584904
-4.20375,5.618624199,4.07584904
-4.203125,5.621813359,4.079832235
-4.2025,5.627394387,4.085408708
-4.201875,5.628191677,4.085408708
-4.20125,5.628988967,4.085408708
-4.200625,5.626597098,4.083018791
-4.2,5.625002518,4.080628874
-4.199375,5.622610649,4.079035596
-4.19875,5.621813359,4.077442318
-4.198125,5.620218779,4.078238957
-4.1975,5.622610649,4.078238957
-4.196875,5.620218779,4.078238957
-4.19625,5.622610649,4.078238957
-4.195625,5.618624199,4.077442318
-4.195,5.620218779,4.076645679
-4.194375,5.610651301,4.069475928
-4.19375,5.611448591,4.06788265
-4.193125,5.608259432,4.068679289
-4.1925,5.611448591,4.069475928
-4.191875,5.610651301,4.072662484
-4.19125,5.61463775,4.073459123
-4.190625,5.612245881,4.074255762
-4.19,5.61543504,4.075052401
-4.189375,5.613043171,4.07584904
-4.18875,5.61543504,4.07584904
-4.188125,5.612245881,4.07584904
-4.1875,5.613043171,4.07584904
-4.186875,5.611448591,4.076645679
-4.18625,5.619421489,4.083018791
-4.185625,5.620218779,4.086205348
-4.185,5.621813359,4.085408708
-4.184375,5.61702962,4.08381543
-4.18375,5.61702962,4.082222152
-4.183125,5.612245881,4.079832235
-4.1825,5.612245881,4.079035596
-4.181875,5.609056722,4.079035596
-4.18125,5.611448591,4.077442318
-4.180625,5.607462142,4.077442318
-4.18,5.608259432,4.077442318
-4.179375,5.605070273,4.078238957
-4.17875,5.608259432,4.078238957
-4.178125,5.601881113,4.075052401
-4.1775,5.597097374,4.069475928
-4.176875,5.594705505,4.068679289
-4.17625,5.596300085,4.069475928
-4.175625,5.594705505,4.071865845
-4.175,5.597097374,4.074255762
-4.174375,5.597097374,4.075052401
-4.17375,5.597894664,4.07584904
-4.173125,5.597097374,4.076645679
-4.1725,5.595502795,4.076645679
-4.171875,5.595502795,4.075052401
-4.17125,5.593908215,4.075052401
-4.170625,5.594705505,4.07584904
-4.17,5.592313636,4.076645679
-4.169375,5.600286534,4.084612069
-4.16875,5.597894664,4.085408708
-4.168125,5.600286534,4.085408708
-4.1675,5.594705505,4.084612069
-4.166875,5.594705505,4.081425513
-4.16625,5.589921766,4.079035596
-4.165625,5.588327186,4.078238957
-4.165,5.586732607,4.078238957
-4.164375,5.584340737,4.077442318
-4.16375,5.584340737,4.077442318
-4.163125,5.581948868,4.077442318
-4.1625,5.582746158,4.076645679
-4.161875,5.579556998,4.076645679
-4.16125,5.57477326,4.069475928
-4.160625,5.567597651,4.06708601
-4.16,5.569192231,4.06708601
-4.159375,5.566800361,4.068679289
-4.15875,5.568394941,4.071069206
-4.158125,5.569192231,4.072662484
-4.1575,5.569989521,4.075052401
-4.156875,5.569989521,4.07584904
-4.15625,5.566800361,4.07584904
-4.155625,5.567597651,4.075052401
-4.155,5.563611202,4.075052401
-4.154375,5.564408492,4.07584904
-4.15375,5.562813912,4.07584904
-4.153125,5.564408492,4.079035596
-4.1525,5.569989521,4.085408708
-4.151875,5.566800361,4.085408708
-4.15125,5.567597651,4.084612069
-4.150625,5.561219333,4.083018791
-4.15,5.559624753,4.081425513
-4.149375,5.555638304,4.079035596
-4.14875,5.552449145,4.077442318
-4.148125,5.552449145,4.077442318
-4.1475,5.548462696,4.077442318
-4.146875,5.550057275,4.078238957
-4.14625,5.545273536,4.076645679
-4.145625,5.546070826,4.077442318
-4.145,5.542881667,4.07584904
-4.144375,5.534908769,4.068679289
-4.14375,5.533314189,4.06788265
-4.143125,5.52932774,4.06788265
-4.1425,5.53092232,4.068679289
-4.141875,5.52932774,4.071069206
-4.14125,5.531719609,4.075052401
-4.140625,5.533314189,4.077442318
-4.14,5.53012503,4.078238957
-4.139375,5.53092232,4.078238957
-4.13875,5.52773316,4.077442318
-4.138125,5.52773316,4.077442318
-4.1375,5.526138581,4.077442318
-4.136875,5.522152132,4.077442318
-4.13625,5.53012503,4.084612069
-4.135625,5.52932774,4.088595265
-4.135,5.52853045,4.087798626
-4.134375,5.526138581,4.087001987
-4.13375,5.520557552,4.08381543
-4.133125,5.519760262,4.082222152
-4.1325,5.514179233,4.081425513
-4.131875,5.512584654,4.080628874
-4.13125,5.510192784,4.081425513
-4.130625,5.506206335,4.082222152
-4.13,5.507003625,4.080628874
-4.129375,5.502219886,4.079832235
-4.12875,5.499828017,4.079832235
-4.128125,5.496638858,4.07584904
-4.1275,5.48707138,4.071069206
-4.126875,5.48707138,4.071069206
-4.12625,5.48388222,4.071069206
-4.125625,5.482287641,4.072662484
-4.125,5.48467951,4.075052401
-4.124375,5.483084931,4.077442318
-4.12375,5.483084931,4.077442318
-4.123125,5.481490351,4.079035596
-4.1225,5.476706612,4.078238957
-4.121875,5.478301192,4.078238957
-4.12125,5.475112032,4.078238957
-4.120625,5.472720163,4.078238957
-4.12,5.474314743,4.079035596
-4.119375,5.476706612,4.087001987
-4.11875,5.475909322,4.087798626
-4.118125,5.475112032,4.087798626
-4.1175,5.468733714,4.085408708
-4.116875,5.467936424,4.083018791
-4.11625,5.463949975,4.082222152
-4.115625,5.459166236,4.080628874
-4.115,5.458368946,4.079832235
-4.114375,5.454382497,4.080628874
-4.11375,5.452787918,4.079832235
-4.113125,5.451193338,4.079035596
-4.1125,5.447206889,4.079832235
-4.111875,5.445612309,4.079035596
-4.11125,5.438436701,4.071865845
-4.110625,5.431261093,4.068679289
-4.11,5.430463803,4.069475928
-4.109375,5.429666513,4.070272567
-4.10875,5.428869223,4.073459123
-4.108125,5.428869223,4.074255762
-4.1075,5.428869223,4.076645679
-4.106875,5.424085484,4.076645679
-4.10625,5.424085484,4.07584904
-4.105625,5.420896325,4.076645679
-4.105,5.416909876,4.076645679
-4.104375,5.418504455,4.076645679
-4.10375,5.415315296,4.076645679
-4.103125,5.415315296,4.080628874
-4.1025,5.421693615,4.086205348
-4.101875,5.417707166,4.086205348
-4.10125,5.412923427,4.085408708
-4.100625,5.412923427,4.08381543
-4.1,5.405747818,4.081425513
-4.099375,5.40016679,4.081425513
-4.09875,5.40016679,4.079035596
-4.098125,5.394585761,4.079035596
-4.0975,5.391396602,4.079832235
-4.096875,5.392193892,4.079832235
-4.09625,5.389004732,4.079035596
-4.095625,5.384220993,4.079035596
-4.095,5.383423704,4.077442318
-4.094375,5.373856226,4.069475928
-4.09375,5.369072487,4.068679289
-4.093125,5.369072487,4.068679289
-4.0925,5.366680617,4.071069206
-4.091875,5.365086038,4.072662484
-4.09125,5.365086038,4.074255762
-4.090625,5.364288748,4.07584904
-4.09,5.360302299,4.075052401
-4.089375,5.358707719,4.07584904
-4.08875,5.357910429,4.075052401
-4.088125,5.35472127,4.07584904
-4.0875,5.351532111,4.07584904
-4.086875,5.350734821,4.076645679
-4.08625,5.35312669,4.08381543
-4.085625,5.351532111,4.085408708
-4.085,5.351532111,4.084612069
-4.084375,5.347545662,4.084612069
-4.08375,5.342761923,4.082222152
-4.083125,5.339572764,4.080628874
-4.0825,5.335586315,4.078238957
-4.081875,5.331599865,4.077442318
-4.08125,5.328410706,4.077442318
-4.080625,5.328410706,4.077442318
-4.08,5.323626967,4.077442318
-4.079375,5.318843228,4.077442318
-4.07875,5.319640518,4.076645679
-4.078125,5.31166762,4.074255762
-4.0775,5.299708273,4.070272567
-4.076875,5.296519114,4.071069206
-4.07625,5.296519114,4.071865845
-4.075625,5.293329954,4.074255762
-4.075,5.291735375,4.076645679
-4.074375,5.292532664,4.078238957
-4.07375,5.290140795,4.079832235
-4.073125,5.286154346,4.080628874
-4.0725,5.283762476,4.080628874
-4.071875,5.282965187,4.080628874
-4.07125,5.279776027,4.081425513
-4.070625,5.274992288,4.082222152
-4.07,5.276586868,4.08381543
-4.069375,5.279776027,4.090188543
-4.06875,5.277384158,4.091781821
-4.068125,5.274992288,4.090985182
-4.0675,5.272600419,4.089391904
-4.066875,5.26701939,4.087798626
-4.06625,5.260641072,4.086205348
-4.065625,5.258249202,4.085408708
-4.065,5.255857333,4.084612069
-4.064375,5.251870884,4.084612069
-4.06375,5.247884435,4.084612069
-4.063125,5.247884435,4.084612069
-4.0625,5.243897986,4.084612069
-4.061875,5.239114247,4.08381543
-4.06125,5.230344059,4.07584904
-4.060625,5.22635761,4.072662484
-4.06,5.22396574,4.073459123
-4.059375,5.220776581,4.074255762
-4.05875,5.218384711,4.07584904
-4.058125,5.219979291,4.077442318
-4.0575,5.217587422,4.080628874
-4.056875,5.215195552,4.080628874
-4.05625,5.212803683,4.080628874
-4.055625,5.211209103,4.080628874
-4.055,5.207222654,4.079832235
-4.054375,5.203236205,4.080628874
-4.05375,5.200047046,4.080628874
-4.053125,5.203236205,4.084612069
-4.0525,5.205628074,4.090188543
-4.051875,5.201641625,4.090985182
-4.05125,5.197655176,4.090188543
-4.050625,5.194466017,4.087798626
-4.05,5.188087698,4.086205348
-4.049375,5.18330396,4.08381543
-4.04875,5.177722931,4.082222152
-4.048125,5.176925641,4.080628874
-4.0475,5.174533772,4.082222152
-4.046875,5.171344612,4.082222152
-4.04625,5.167358163,4.082222152
-4.045625,5.164169004,4.082222152
-4.045,5.160979845,4.079832235
-4.044375,5.150615077,4.071865845
-4.04375,5.145831338,4.071865845
-4.043125,5.142642179,4.071865845
-4.0425,5.142642179,4.072662484
-4.041875,5.141844889,4.07584904
-4.04125,5.13945302,4.077442318
-4.040625,5.13706115,4.079832235
-4.04,5.135466571,4.079035596
-4.039375,5.132277411,4.079035596
-4.03875,5.130682832,4.079832235
-4.038125,5.126696383,4.079832235
-4.0375,5.123507223,4.079832235
-4.036875,5.122709933,4.080628874
-4.03625,5.125899093,4.087798626
-4.035625,5.124304513,4.090188543
-4.035,5.121115354,4.088595265
-4.034375,5.116331615,4.087798626
-4.03375,5.113142456,4.085408708
-4.033125,5.106764137,4.08381543
-4.0325,5.101980398,4.083018791
-4.031875,5.097196659,4.082222152
-4.03125,5.09321021,4.081425513
-4.030625,5.09241292,4.082222152
-4.03,5.086831892,4.082222152
-4.029375,5.083642732,4.083018791
-4.02875,5.080453573,4.083018791
-4.028125,5.074872544,4.078238957
-4.0275,5.067696936,4.073459123
-4.026875,5.062913197,4.072662484
-4.02625,5.059724038,4.073459123
-4.025625,5.057332168,4.075052401
-4.025,5.057332168,4.077442318
-4.024375,5.056534879,4.078238957
-4.02375,5.054143009,4.079832235
-4.023125,5.05095385,4.079832235
-4.0225,5.047764691,4.079035596
-4.021875,5.044575531,4.079035596
-4.02125,5.042980952,4.079035596
-4.020625,5.039791793,4.080628874
-4.02,5.037399923,4.082222152
-4.019375,5.040589082,4.089391904
-4.01875,5.038994503,4.089391904
-4.018125,5.036602633,4.089391904
-4.0175,5.031818894,4.087798626
-4.016875,5.027035155,4.084612069
-4.01625,5.021454127,4.082222152
-4.015625,5.016670388,4.081425513
-4.015,5.013481229,4.080628874
-4.014375,5.011886649,4.081425513
-4.01375,5.0079002,4.081425513
-4.013125,5.003913751,4.080628874
-4.0125,4.999927302,4.081425513
-4.011875,4.995940853,4.082222152
-4.01125,4.985576085,4.074255762
-4.010625,4.981589636,4.071865845
-4.01,4.977603187,4.072662484
-4.009375,4.975211317,4.075052401
-4.00875,4.973616738,4.076645679
-4.008125,4.972022158,4.079035596
-4.0075,4.972022158,4.079832235
-4.006875,4.969630289,4.080628874
-4.00625,4.966441129,4.079832235
-4.005625,4.96245468,4.079035596
-4.005,4.958468231,4.079035596
-4.004375,4.954481782,4.079035596
-4.00375,4.952089913,4.079832235
-4.003125,4.954481782,4.08381543
-4.0025,4.956076362,4.089391904
-4.001875,4.952089913,4.088595265
-4.00125,4.948900753,4.088595265
-4.000625,4.942522435,4.086205348
-4,4.936941406,4.083018791
-3.999375,4.933752247,4.082222152
-3.99875,4.929765798,4.080628874
-3.998125,4.925779349,4.081425513
-3.9975,4.9217929,4.080628874
-3.996875,4.917806451,4.079035596
-3.99625,4.913820001,4.079832235
-3.995625,4.911428132,4.079035596
-3.995,4.905049813,4.077442318
-3.994375,4.897076915,4.071069206
-3.99375,4.890698597,4.071069206
-3.993125,4.887509438,4.071865845
-3.9925,4.884320278,4.073459123
-3.991875,4.881928409,4.07584904
-3.99125,4.879536539,4.07584904
-3.990625,4.87794196,4.078238957
-3.99,4.87714467,4.079035596
-3.989375,4.873955511,4.079035596
-3.98875,4.870766351,4.079832235
-3.988125,4.867577192,4.079035596
-3.9875,4.863590743,4.079035596
-3.986875,4.860401584,4.079832235
-3.98625,4.863590743,4.087001987
-3.985625,4.863590743,4.089391904
-3.985,4.860401584,4.088595265
-3.984375,4.856415135,4.087001987
-3.98375,4.850834106,4.085408708
-3.983125,4.845253077,4.08381543
-3.9825,4.839672049,4.082222152
-3.981875,4.83488831,4.081425513
-3.98125,4.83169915,4.080628874
-3.980625,4.828509991,4.081425513
-3.98,4.826915411,4.080628874
-3.979375,4.822928962,4.080628874
-3.97875,4.819739803,4.079832235
-3.978125,4.811766905,4.07584904
-3.9775,4.802199427,4.070272567
-3.976875,4.798212978,4.069475928
-3.97625,4.795821109,4.071069206
-3.975625,4.794226529,4.072662484
-3.975,4.792631949,4.075052401
-3.974375,4.79183466,4.077442318
-3.97375,4.79024008,4.078238957
-3.973125,4.787050921,4.079035596
-3.9725,4.783861761,4.079035596
-3.971875,4.779875312,4.079035596
-3.97125,4.775888863,4.078238957
-3.970625,4.772699704,4.079832235
-3.97,4.771902414,4.081425513
-3.969375,4.775091573,4.087798626
-3.96875,4.772699704,4.088595265
-3.968125,4.769510545,4.087798626
-3.9675,4.766321385,4.085408708
-3.966875,4.760740357,4.083018791
-3.96625,4.755956618,4.082222152
-3.965625,4.750375589,4.080628874
-3.965,4.74798372,4.080628874
-3.964375,4.743997271,4.079832235
-3.96375,4.740010821,4.080628874
-3.963125,4.736024372,4.079832235
-3.9625,4.732037923,4.079832235
-3.961875,4.728051474,4.079035596
-3.96125,4.717686707,4.071865845
-3.960625,4.712902968,4.069475928
-3.96,4.709713808,4.070272567
-3.959375,4.708119229,4.072662484
-3.95875,4.704930069,4.074255762
-3.958125,4.70333549,4.07584904
-3.9575,4.700146331,4.077442318
-3.956875,4.697754461,4.078238957
-3.95625,4.693768012,4.079035596
-3.955625,4.689781563,4.079832235
-3.955,4.687389694,4.079832235
-3.954375,4.682605955,4.080628874
-3.95375,4.680214085,4.080628874
-3.953125,4.680214085,4.085408708
-3.9525,4.682605955,4.090188543
-3.951875,4.679416795,4.090188543
-3.95125,4.676227636,4.088595265
-3.950625,4.670646607,4.087001987
-3.95,4.665862868,4.08381543
-3.949375,4.65948455,4.082222152
-3.94875,4.654700811,4.081425513
-3.948125,4.651511652,4.081425513
-3.9475,4.648322493,4.081425513
-3.946875,4.644336043,4.081425513
-3.94625,4.640349594,4.081425513
-3.945625,4.636363145,4.081425513
-3.945,4.631579406,4.078238957
-3.944375,4.622809218,4.071069206
-3.94375,4.61722819,4.071069206
-3.943125,4.61483632,4.071069206
-3.9425,4.611647161,4.072662484
-3.941875,4.610849871,4.075052401
-3.94125,4.608458002,4.076645679
-3.940625,4.606863422,4.078238957
-3.94,4.603674263,4.078238957
-3.939375,4.602079683,4.079035596
-3.93875,4.598093234,4.078238957
-3.938125,4.594904075,4.077442318
-3.9375,4.590120336,4.079035596
-3.936875,4.587728466,4.078238957
-3.93625,4.590917626,4.085408708
-3.935625,4.589323046,4.087798626
-3.935,4.586133887,4.087798626
-3.934375,4.581350148,4.087001987
-3.93375,4.574971829,4.085408708
-3.933125,4.569390801,4.083018791
-3.9325,4.564607062,4.081425513
-3.931875,4.560620613,4.080628874
-3.93125,4.556634164,4.080628874
-3.930625,4.554242294,4.081425513
-3.93,4.549458555,4.080628874
-3.929375,4.545472106,4.080628874
-3.92875,4.543080237,4.080628874
-3.928125,4.534310049,4.07584904
-3.9275,4.526337151,4.069475928
-3.926875,4.522350701,4.070272567
-3.92625,4.519161542,4.070272567
-3.925625,4.516769673,4.072662484
-3.925,4.515972383,4.075052401
-3.924375,4.515175093,4.076645679
-3.92375,4.512783224,4.076645679
-3.923125,4.508796775,4.077442318
-3.9225,4.505607615,4.076645679
-3.921875,4.500823876,4.077442318
-3.92125,4.496837427,4.078238957
-3.920625,4.491256399,4.079035596
-3.92,4.490459109,4.081425513
-3.919375,4.494445558,4.087798626
-3.91875,4.491256399,4.088595265
-3.918125,4.48647266,4.088595265
-3.9175,4.481688921,4.088595265
-3.916875,4.474513312,4.087001987
-3.91625,4.469729574,4.086205348
-3.915625,4.464945835,4.086205348
-3.915,4.460959386,4.085408708
-3.914375,4.456972936,4.085408708
-3.91375,4.453783777,4.085408708
-3.913125,4.450594618,4.085408708
-3.9125,4.447405459,4.085408708
-3.911875,4.44262172,4.085408708
-3.91125,4.433054242,4.078238957
-3.910625,4.428270503,4.076645679
-3.91,4.425081344,4.076645679
-3.909375,4.421094895,4.077442318
-3.90875,4.419500315,4.079832235
-3.908125,4.417108446,4.082222152
-3.9075,4.416311156,4.082222152
-3.906875,4.413121997,4.083018791
-3.90625,4.410730127,4.08381543
-3.905625,4.406743678,4.08381543
-3.905,4.402757229,4.082222152
-3.904375,4.400365359,4.083018791
-3.90375,4.3971762,4.083018791
-3.903125,4.39797349,4.088595265
-3.9025,4.39877078,4.09257846
-3.901875,4.393987041,4.091781821
-3.90125,4.389203302,4.090188543
-3.900625,4.385216853,4.089391904
-3.9,4.378838534,4.087798626
-3.899375,4.374054796,4.087001987
-3.89875,4.369271057,4.085408708
-3.898125,4.365284608,4.085408708
-3.8975,4.362095448,4.086205348
-3.896875,4.358108999,4.085408708
-3.89625,4.35412255,4.085408708
-3.895625,4.351730681,4.084612069
-3.895,4.346149652,4.082222152
-3.894375,4.336582174,4.075052401
-3.89375,4.331001145,4.075052401
-3.893125,4.328609276,4.074255762
-3.8925,4.325420117,4.07584904
-3.891875,4.324622827,4.078238957
-3.89125,4.320636378,4.079832235
-3.890625,4.319839088,4.081425513
-3.89,4.316649929,4.080628874
-3.889375,4.315055349,4.081425513
-3.88875,4.31027161,4.081425513
-3.888125,4.307082451,4.080628874
-3.8875,4.303893292,4.080628874
-3.886875,4.299109553,4.081425513
-3.88625,4.301501422,4.087798626
-3.885625,4.301501422,4.090188543
-3.885,4.297514973,4.089391904
-3.884375,4.292731234,4.088595265
-3.88375,4.286352916,4.086205348
-3.883125,4.280771887,4.085408708
-3.8825,4.275190858,4.084612069
-3.881875,4.271204409,4.084612069
-3.88125,4.26801525,4.08381543
-3.880625,4.263231511,4.084612069
-3.88,4.260042352,4.08381543
-3.879375,4.255258613,4.08381543
-3.87875,4.253664033,4.08381543
-3.878125,4.244893845,4.077442318
-3.8775,4.237718237,4.072662484
-3.876875,4.232934498,4.072662484
-3.87625,4.230542629,4.073459123
-3.875625,4.229745339,4.07584904
-3.875,4.227353469,4.078238957
-3.874375,4.2249616,4.080628874
-3.87375,4.22256973,4.081425513
-3.873125,4.219380571,4.080628874
-3.8725,4.214596832,4.081425513
-3.871875,4.211407673,4.080628874
-3.87125,4.208218514,4.080628874
-3.870625,4.204232065,4.080628874
-3.87,4.202637485,4.08381543
-3.869375,4.207421224,4.090188543
-3.86875,4.205029354,4.090985182
-3.868125,4.202637485,4.089391904
-3.8675,4.195461877,4.088595265
-3.866875,4.190678138,4.086205348
-3.86625,4.185894399,4.084612069
-3.865625,4.18031337,4.082222152
-3.865,4.175529631,4.082222152
-3.864375,4.171543182,4.08381543
-3.86375,4.168354023,4.083018791
-3.863125,4.163570284,4.083018791
-3.8625,4.160381125,4.082222152
-3.861875,4.155597386,4.080628874
-3.86125,4.146029908,4.072662484
-3.860625,4.140448879,4.071865845
-3.86,4.13646243,4.071865845
-3.859375,4.134070561,4.073459123
-3.85875,4.130881401,4.07584904
-3.858125,4.129286822,4.078238957
-3.8575,4.127692242,4.079035596
-3.856875,4.125300373,4.079832235
-3.85625,4.121313924,4.080628874
-3.855625,4.118922054,4.079035596
-3.855,4.114935605,4.079035596
-3.854375,4.112543736,4.079035596
-3.85375,4.108557287,4.079035596
-3.853125,4.110151866,4.085408708
-3.8525,4.110151866,4.090188543
-3.851875,4.106962707,4.090188543
-3.85125,4.102976258,4.088595265
-3.850625,4.09580065,4.086205348
-3.85,4.0918142,4.084612069
-3.849375,4.087030462,4.08381543
-3.84875,4.081449433,4.082222152
-3.848125,4.076665694,4.08381543
-3.8475,4.071881955,4.084612069
-3.846875,4.067098216,4.084612069
-3.84625,4.062314477,4.084612069
-3.845625,4.058328028,4.085408708
-3.845,4.05194971,4.082222152
-3.844375,4.043976811,4.075052401
-3.84375,4.039990362,4.074255762
-3.843125,4.036801203,4.075052401
-3.8425,4.033612044,4.077442318
-3.841875,4.032017464,4.079035596
-3.84125,4.028828305,4.080628874
-3.840625,4.026436435,4.082222152
-3.84,4.022449986,4.081425513
-3.839375,4.019260827,4.081425513
-3.83875,4.017666247,4.082222152
-3.838125,4.012085219,4.081425513
-3.8375,4.008896059,4.081425513
-3.836875,4.00490961,4.081425513
-3.83625,4.00809877,4.090188543
-3.835625,4.00650419,4.091781821
-3.835,4.002517741,4.091781821
-3.834375,4.000923161,4.090985182
-3.83375,3.994544843,4.087798626
-3.833125,3.989761104,4.087001987
-3.8325,3.983382785,4.085408708
-3.831875,3.978599046,4.08381543
-3.83125,3.974612597,4.08381543
-3.830625,3.969031569,4.08381543
-3.83,3.969031569,4.084612069
-3.829375,3.96424783,4.08381543
-3.82875,3.960261381,4.08381543
-3.828125,3.949896613,4.076645679
-3.8275,3.942721005,4.072662484
-3.826875,3.939531845,4.072662484
-3.82625,3.934748107,4.074255762
-3.825625,3.936342686,4.07584904
-3.825,3.933950817,4.079035596
-3.824375,3.930761657,4.079832235
-3.82375,3.929167078,4.080628874
-3.823125,3.924383339,4.080628874
-3.8225,3.92039689,4.080628874
-3.821875,3.91800502,4.080628874
-3.82125,3.916410441,4.080628874
-3.820625,3.911626702,4.082222152
-3.82,3.910032122,4.083018791
-3.819375,3.912423992,4.090188543
-3.81875,3.908437543,4.090985182
-3.818125,3.906045673,4.090188543
-3.8175,3.902856514,4.088595265
-3.816875,3.896478195,4.085408708
-3.81625,3.890099877,4.083018791
-3.815625,3.883721558,4.082222152
-3.815,3.878937819,4.082222152
-3.814375,3.87495137,4.082222152
-3.81375,3.87415408,4.08381543
-3.813125,3.868573052,4.083018791
-3.8125,3.863789313,4.084612069
-3.811875,3.858208284,4.08381543
-3.81125,3.846248937,4.07584904
-3.810625,3.843857067,4.074255762
-3.81,3.841465198,4.075052401
-3.809375,3.837478749,4.07584904
-3.80875,3.835086879,4.078238957
-3.808125,3.83269501,4.080628874
-3.8075,3.830303141,4.082222152
-3.806875,3.829505851,4.083018791
-3.80625,3.826316691,4.082222152
-3.805625,3.821532953,4.082222152
-3.805,3.817546503,4.082222152
-3.804375,3.813560054,4.080628874
-3.80375,3.811168185,4.082222152
-3.803125,3.815154634,4.087798626
-3.8025,3.815154634,4.091781821
-3.801875,3.811168185,4.091781821
-3.80125,3.806384446,4.090188543
-3.800625,3.799208838,4.087798626
-3.8,3.796816968,4.086205348
-3.799375,3.79123594,4.084612069
-3.79875,3.785654911,4.08381543
-3.798125,3.780871172,4.082222152
-3.7975,3.776884723,4.08381543
-3.796875,3.776884723,4.08381543
-3.79625,3.772100984,4.08381543
-3.795625,3.767317245,4.08381543
-3.795,3.759344347,4.079832235
-3.794375,3.748182289,4.074255762
-3.79375,3.748182289,4.073459123
-3.793125,3.743398551,4.074255762
-3.7925,3.740209391,4.07584904
-3.791875,3.737817522,4.078238957
-3.79125,3.735425652,4.080628874
-3.790625,3.736222942,4.081425513
-3.79,3.731439203,4.081425513
-3.789375,3.726655464,4.080628874
-3.78875,3.721871725,4.079832235
-3.788125,3.720277146,4.079832235
-3.7875,3.718682566,4.079832235
-3.786875,3.714696117,4.081425513
-3.78625,3.716290697,4.088595265
-3.785625,3.714696117,4.090188543
-3.785,3.713101537,4.090188543
-3.784375,3.708317799,4.088595265
-3.78375,3.70114219,4.086205348
-3.783125,3.694763872,4.08381543
-3.7825,3.689980133,4.082222152
-3.781875,3.688385553,4.083018791
-3.78125,3.683601814,4.082222152
-3.780625,3.678818075,4.083018791
-3.78,3.673237047,4.083018791
-3.779375,3.673237047,4.08381543
-3.77875,3.667656018,4.08381543
-3.778125,3.654899381,4.079832235
-3.7775,3.646129193,4.077442318
-3.776875,3.642940034,4.077442318
-3.77625,3.642940034,4.079832235
-3.775625,3.639750874,4.081425513
-3.775,3.637359005,4.083018791
-3.774375,3.634967135,4.084612069
-3.77375,3.635764425,4.085408708
-3.773125,3.631777976,4.085408708
-3.7725,3.626196947,4.085408708
-3.771875,3.621413209,4.085408708
-3.77125,3.621413209,4.084612069
-3.770625,3.617426759,4.084612069
-3.77,3.61503489,4.087798626
-3.769375,3.618224049,4.094968377
-3.76875,3.618224049,4.094171738
-3.768125,3.61344031,4.094171738
-3.7675,3.606264702,4.09257846
-3.766875,3.599089094,4.089391904
-3.76625,3.596697224,4.087798626
-3.765625,3.592710775,4.087001987
-3.765,3.587129746,4.086205348
-3.764375,3.581548718,4.087001987
-3.76375,3.579954138,4.086205348
-3.763125,3.577562269,4.086205348
-3.7625,3.57198124,4.085408708
-3.761875,3.564805632,4.084612069
-3.76125,3.558427313,4.077442318
-3.760625,3.552846284,4.076645679
-3.76,3.546467966,4.076645679
-3.759375,3.543278807,4.077442318
-3.75875,3.544873386,4.080628874
-3.758125,3.542481517,4.081425513
-3.7575,3.538495068,4.08381543
-3.756875,3.533711329,4.08381543
-3.75625,3.536103198,4.084612069
-3.755625,3.530522169,4.08381543
-3.755,3.524143851,4.082222152
-3.754375,3.520954692,4.083018791
-3.75375,3.520954692,4.08381543
-3.753125,3.521751981,4.089391904
-3.7525,3.520954692,4.093375099
-3.751875,3.518562822,4.093375099
-3.75125,3.516170953,4.091781821
-3.750625,3.508995344,4.090188543
-3.75,3.500225156,4.088595265
-3.749375,3.500225156,4.087798626
-3.74875,3.495441418,4.085408708
-3.748125,3.489063099,4.086205348
-3.7475,3.48587394,4.085408708
-3.746875,3.48587394,4.085408708
-3.74625,3.480292911,4.085408708
-3.745625,3.473914592,4.084612069
-3.745,3.468333564,4.082222152
-3.744375,3.459563376,4.076645679
-3.74375,3.453185057,4.077442318
-3.743125,3.447604029,4.078238957
-3.7425,3.449995898,4.079832235
-3.741875,3.446009449,4.081425513
-3.74125,3.442023,4.083018791
-3.740625,3.44282029,4.08381543
-3.74,3.43963113,4.084612069
-3.739375,3.433252812,4.08381543
-3.73875,3.429266363,4.08381543
-3.738125,3.430063653,4.08381543
-3.7375,3.424482624,4.08381543
-3.736875,3.419698885,4.085408708
-3.73625,3.426874493,4.09257846
-3.735625,3.425279914,4.094171738
-3.735,3.418901595,4.093375099
-3.734375,3.414117856,4.091781821
-3.73375,3.411725987,4.089391904
-3.733125,3.403753089,4.087798626
-3.7325,3.39737477,4.087001987
-3.731875,3.39817206,4.086205348
-3.73125,3.391793741,4.086205348
-3.730625,3.385415423,4.086205348
-3.73,3.386212713,4.085408708
-3.729375,3.381428974,4.085408708
-3.72875,3.374253365,4.086205348
-3.728125,3.367077757,4.079832235
-3.7275,3.360699438,4.07584904
-3.726875,3.35432112,4.07584904
-3.72625,3.351929251,4.076645679
-3.725625,3.35272654,4.079832235
-3.725,3.348740091,4.081425513
-3.724375,3.344753642,4.083018791
-3.72375,3.347942801,4.08381543
-3.723125,3.342361773,4.08381543
-3.7225,3.335983454,4.08381543
-3.721875,3.336780744,4.082222152
-3.72125,3.331997005,4.082222152
-3.720625,3.325618687,4.082222152
-3.72,3.329605136,4.086205348
-3.719375,3.331997005,4.09257846
-3.71875,3.327213266,4.091781821
-3.718125,3.324821397,4.091781821
-3.7175,3.320037658,4.089391904
-3.716875,3.30967289,4.087001987
-3.71625,3.306483731,4.086205348
-3.715625,3.304091861,4.084612069
-3.715,3.296916253,4.084612069
-3.714375,3.294524384,4.085408708
-3.71375,3.292132514,4.084612069
-3.713125,3.286551486,4.084612069
-3.7125,3.283362326,4.085408708
-3.711875,3.280970457,4.083018791
-3.71125,3.26582195,4.075052401
-3.710625,3.262632791,4.072662484
-3.71,3.260240922,4.072662484
-3.709375,3.253862603,4.074255762
-3.70875,3.253862603,4.076645679
-3.708125,3.253862603,4.078238957
-3.7075,3.248281574,4.079832235
-3.706875,3.245889705,4.079832235
-3.70625,3.243497835,4.080628874
-3.705625,3.237119517,4.079832235
-3.705,3.237119517,4.079035596
-3.704375,3.233930358,4.079832235
-3.70375,3.226754749,4.079035596
-3.703125,3.233133068,4.086205348
-3.7025,3.231538488,4.089391904
-3.701875,3.225957459,4.089391904
-3.70125,3.226754749,4.088595265
-3.700625,3.218781851,4.085408708
-3.7,3.210808953,4.084612069
-3.699375,3.210808953,4.083018791
-3.69875,3.202836055,4.082222152
-3.698125,3.198849606,4.082222152
-3.6975,3.198849606,4.082222152
-3.696875,3.191673997,4.081425513
-3.69625,3.189282128,4.080628874
-3.695625,3.187687548,4.081425513
-3.695,3.177322781,4.076645679
-3.694375,3.170944462,4.070272567
-3.69375,3.166160723,4.070272567
-3.693125,3.158985115,4.071865845
-3.6925,3.163768854,4.073459123
-3.691875,3.158985115,4.07584904
-3.69125,3.154201376,4.079035596
-3.690625,3.158187825,4.079035596
-3.69,3.150214927,4.079035596
-3.689375,3.146228478,4.079035596
-3.68875,3.145431188,4.079035596
-3.688125,3.13825558,4.078238957
-3.6875,3.13745829,4.079035596
-3.686875,3.13506642,4.079035596
-3.68625,3.13506642,4.087001987
-3.685625,3.13825558,4.087798626
-3.685,3.131079971,4.086205348
-3.684375,3.127093522,4.085408708
-3.68375,3.123904363,4.08381543
-3.683125,3.113539595,4.081425513
-3.6825,3.113539595,4.080628874
-3.681875,3.107958567,4.080628874
-3.68125,3.099985668,4.080628874
-3.680625,3.103174828,4.079832235
-3.68,3.09520193,4.079832235
-3.679375,3.09281006,4.080628874
-3.67875,3.09121548,4.079035596
-3.678125,3.077661554,4.071069206
-3.6775,3.076066974,4.068679289
-3.676875,3.069688655,4.069475928
-3.67625,3.065702206,4.071069206
-3.675625,3.068094076,4.073459123
-3.675,3.060918467,4.07584904
-3.674375,3.063310337,4.076645679
-3.67375,3.058526598,4.077442318
-3.673125,3.05135099,4.077442318
-3.6725,3.053742859,4.077442318
-3.671875,3.044175381,4.079035596
-3.67125,3.044972671,4.079035596
-3.670625,3.039391642,4.079035596
-3.67,3.037797063,4.082222152
-3.669375,3.044175381,4.087798626
-3.66875,3.036202483,4.088595265
-3.668125,3.036202483,4.087798626
-3.6675,3.029824165,4.085408708
-3.666875,3.021053977,4.083018791
-3.66625,3.021851266,4.080628874
-3.665625,3.011486499,4.080628874
-3.665,3.010689209,4.080628874
-3.664375,3.00590547,4.081425513
-3.66375,3.001121731,4.081425513
-3.663125,3.001919021,4.081425513
-3.6625,2.993148833,4.080628874
-3.661875,2.993148833,4.079035596
-3.66125,2.981189486,4.071865845
-3.660625,2.981189486,4.069475928
-3.66,3.036202483,4.070272567
-3.659375,3.26821382,4.06708601
-3.65875,3.304091861,4.069475928
-3.658125,3.364685888,4.069475928
-3.6575,3.317645788,4.071069206
-3.656875,3.373456076,4.071865845
-3.65625,3.241105966,4.071069206
-3.655625,3.301699992,4.070272567
-3.655,3.211606243,4.071865845
-3.654375,3.236322227,4.071069206
-3.65375,3.280970457,4.072662484
-3.653125,3.296118963,4.079035596
-3.6525,3.358307569,4.081425513
-3.651875,3.245889705,4.082222152
-3.65125,3.162971564,4.080628874
-3.650625,3.002716311,4.080628874
-3.65,2.945311444,4.077442318
-3.649375,2.942919575,4.076645679
-3.64875,2.938135836,4.07584904
-3.648125,2.943716864,4.075052401
-3.6475,2.941324995,4.076645679
-3.646875,2.941324995,4.076645679
-3.64625,2.946906024,4.076645679
-3.645625,2.941324995,4.076645679
-3.645,2.941324995,4.071865845
-3.644375,2.933352097,4.06708601
-3.64375,2.929365648,4.06708601
-3.643125,2.934946676,4.06788265
-3.6425,2.934946676,4.069475928
-3.641875,2.936541256,4.071069206
-3.64125,2.940527705,4.071865845
-3.640625,2.938933125,4.074255762
-3.64,2.938933125,4.073459123
-3.639375,2.942122285,4.073459123
-3.63875,2.938135836,4.073459123
-3.638125,2.941324995,4.073459123
-3.6375,2.942122285,4.074255762
-3.636875,2.940527705,4.075052401
-3.63625,2.954081632,4.082222152
-3.635625,2.953284342,4.08381543
-3.635,2.950892473,4.082222152
-3.634375,2.956473501,4.081425513
-3.63375,2.947703313,4.079035596
-3.633125,2.945311444,4.077442318
-3.6325,2.949297893,4.07584904
-3.631875,2.944514154,4.07584904
-3.63125,2.943716864,4.075052401
-3.630625,2.946906024,4.075052401
-3.63,2.945311444,4.075052401
-3.629375,2.945311444,4.074255762
-3.62875,2.948500603,4.07584904
-3.628125,2.940527705,4.06788265
-3.6275,2.935743966,4.065492732
-3.626875,2.940527705,4.066289371
-3.62625,2.941324995,4.06708601
-3.625625,2.943716864,4.069475928
-3.625,2.947703313,4.071865845
-3.624375,2.952487052,4.073459123
-3.62375,2.954081632,4.073459123
-3.623125,2.952487052,4.074255762
-3.6225,2.958865371,4.074255762
-3.621875,2.957270791,4.073459123
-3.62125,2.955676212,4.074255762
-3.620625,2.965243689,4.074255762
-3.62,2.9644464,4.078238957
-3.619375,2.969230138,4.084612069
-3.61875,2.980392196,4.084612069
-3.618125,2.977203037,4.084612069
-3.6175,2.975608457,4.082222152
-3.616875,2.975608457,4.079035596
-3.61625,2.977203037,4.078238957
-3.615625,2.976405747,4.077442318
-3.615,2.975608457,4.076645679
-3.614375,2.984378645,4.076645679
-3.61375,2.982784065,4.076645679
-3.613125,2.981986776,4.077442318
-3.6125,2.986770514,4.077442318
-3.611875,2.987567804,4.075052401
-3.61125,2.981986776,4.06788265
-3.610625,2.980392196,4.065492732
-3.61,2.987567804,4.06708601
-3.609375,2.991554253,4.06788265
-3.60875,2.995540702,4.069475928
-3.608125,3.012283789,4.068679289
-3.6075,3.00750005,4.072662484
-3.606875,3.021053977,4.070272567
-3.60625,3.022648556,4.070272567
-3.605625,3.029824165,4.069475928
-3.605,3.027432295,4.069475928
-3.604375,3.009094629,4.072662484
-3.60375,3.039391642,4.071069206
-3.603125,3.055337439,4.077442318
-3.6025,3.076864264,4.079832235
-3.601875,3.088026321,4.079035596
-3.60125,3.086431742,4.078238957
-3.600625,3.042580802,4.077442318
-3.6,3.052148279,4.07584904
-3.599375,3.073675104,4.074255762
-3.59875,3.077661554,4.071865845
-3.598125,3.068094076,4.072662484
-3.5975,3.084837162,4.072662484
-3.596875,3.080850713,4.072662484
-3.59625,3.067296786,4.073459123
-3.595625,3.073675104,4.072662484
-3.595,3.061715757,4.06788265
-3.594375,3.071283235,4.063102815
-3.59375,3.067296786,4.063102815
-3.593125,3.072877815,4.063899454
-3.5925,3.072877815,4.066289371
-3.591875,3.073675104,4.06788265
-3.59125,3.085634452,4.069475928
-3.590625,3.086431742,4.071865845
-3.59,3.088823611,4.071069206
-3.589375,3.09201277,4.071865845
-3.58875,3.09440464,4.071865845
-3.588125,3.104769407,4.071069206
-3.5875,3.103972118,4.071069206
-3.586875,3.108755856,4.073459123
-3.58625,3.123904363,4.080628874
-3.585625,3.115931465,4.080628874
-3.585,3.134269131,4.080628874
-3.584375,3.130282681,4.079035596
-3.58375,3.128688102,4.076645679
-3.583125,3.129485392,4.07584904
-3.5825,3.134269131,4.073459123
-3.581875,3.147025768,4.073459123
-3.58125,3.13586371,4.073459123
-3.580625,3.151012217,4.072662484
-3.58,3.151012217,4.073459123
-3.579375,3.147025768,4.073459123
-3.57875,3.151012217,4.073459123
-3.578125,3.147823057,4.065492732
-3.5775,3.161376984,4.064696093
-3.576875,3.158187825,4.063899454
-3.57625,3.159782405,4.066289371
-3.575625,3.162174274,4.06788265
-3.575,3.167755303,4.069475928
-3.574375,3.182903809,4.071865845
-3.57375,3.175728201,4.072662484
-3.573125,3.187687548,4.071865845
-3.5725,3.184498389,4.071069206
-3.571875,3.188484838,4.071865845
-3.57125,3.192471287,4.071865845
-3.570625,3.197255026,4.071865845
-3.57,3.217187271,4.07584904
-3.569375,3.210808953,4.081425513
-3.56875,3.213998112,4.082222152
-3.568125,3.213200822,4.080628874
-3.5675,3.22356559,4.079832235
-3.566875,3.228349329,4.076645679
-3.56625,3.229943909,4.075052401
-3.565625,3.226754749,4.075052401
-3.565,3.227552039,4.07584904
-3.564375,3.236322227,4.075052401
-3.56375,3.234727647,4.075052401
-3.563125,3.244295125,4.075052401
-3.5625,3.242700546,4.075052401
-3.561875,3.255457183,4.071069206
-3.56125,3.237916807,4.065492732
-3.560625,3.243497835,4.065492732
-3.56,3.248281574,4.066289371
-3.559375,3.254659893,4.066289371
-3.55875,3.263430081,4.069475928
-3.558125,3.259443632,4.071865845
-3.5575,3.274592138,4.071865845
-3.556875,3.26821382,4.072662484
-3.55625,3.284159616,4.071069206
-3.555625,3.280970457,4.072662484
-3.555,3.292132514,4.071069206
-3.554375,3.291335224,4.071069206
-3.55375,3.296916253,4.071865845
-3.553125,3.313659339,4.079035596
-3.5525,3.31047018,4.081425513
-3.551875,3.321632237,4.081425513
-3.55125,3.316051209,4.080628874
-3.550625,3.335983454,4.07584904
-3.55,3.322429527,4.076645679
-3.549375,3.324024107,4.076645679
-3.54875,3.332794295,4.075052401
-3.548125,3.335983454,4.075052401
-3.5475,3.341564483,4.075052401
-3.546875,3.335186164,4.076645679
-3.54625,3.337578034,4.07584904
-3.545625,3.336780744,4.076645679
-3.545,3.349537381,4.069475928
-3.544375,3.341564483,4.066289371
-3.54375,3.360699438,4.063102815
-3.543125,3.351929251,4.065492732
-3.5425,3.35272654,4.069475928
-3.541875,3.3559157,4.071865845
-3.54125,3.368672337,4.072662484
-3.540625,3.374253365,4.073459123
-3.54,3.375847945,4.073459123
-3.539375,3.379037104,4.073459123
-3.53875,3.375050655,4.075052401
-3.538125,3.390199162,4.075052401
-3.5375,3.390996452,4.074255762
-3.536875,3.403753089,4.07584904
-3.53625,3.408536827,4.08381543
-3.535625,3.410928697,4.085408708
-3.535,3.410131407,4.084612069
-3.534375,3.419698885,4.082222152
-3.53375,3.423685334,4.079832235
-3.533125,3.420496175,4.079035596
-3.5325,3.422888044,4.077442318
-3.531875,3.420496175,4.077442318
-3.53125,3.426874493,4.077442318
-3.530625,3.430860942,4.076645679
-3.53,3.44122571,4.07584904
-3.529375,3.438833841,4.07584904
-3.52875,3.445212159,4.075052401
-3.528125,3.438036551,4.068679289
-3.5275,3.43963113,4.06708601
-3.526875,3.444414869,4.066289371
-3.52625,3.453982347,4.06708601
-3.525625,3.454779637,4.070272567
-3.525,3.461955245,4.071865845
-3.524375,3.465941694,4.074255762
-3.52375,3.472320013,4.075052401
-3.523125,3.478698331,4.073459123
-3.5225,3.477901042,4.075052401
-3.521875,3.48427936,4.075052401
-3.52125,3.48427936,4.07584904
-3.520625,3.491454968,4.07584904
-3.52,3.497035997,4.079832235
-3.519375,3.513779083,4.08381543
-3.51875,3.509792634,4.085408708
-3.518125,3.516968243,4.084612069
-3.5175,3.516170953,4.082222152
-3.516875,3.521751981,4.080628874
-3.51625,3.520954692,4.078238957
-3.515625,3.524941141,4.077442318
-3.515,3.525738431,4.079035596
-3.514375,3.531319459,4.078238957
-3.51375,3.534508619,4.079035596
-3.513125,3.538495068,4.078238957
-3.5125,3.542481517,4.077442318
-3.511875,3.543278807,4.07584904
-3.51125,3.539292357,4.069475928
-3.510625,3.543278807,4.068679289
-3.51,3.545670676,4.068679289
-3.509375,3.552048995,4.070272567
-3.50875,3.557630023,4.073459123
-3.508125,3.564008342,4.07584904
-3.5075,3.57118395,4.076645679
-3.506875,3.57198124,4.076645679
-3.50625,3.578359558,4.07584904
-3.505625,3.580751428,4.07584904
-3.505,3.585535167,4.077442318
-3.504375,3.586332457,4.076645679
-3.50375,3.595899934,4.076645679
-3.503125,3.603075543,4.083018791
-3.5025,3.610251151,4.085408708
-3.501875,3.610251151,4.085408708
-3.50125,3.618224049,4.083018791
-3.500625,3.6142376,4.082222152
-3.5,3.622210498,4.079832235
-3.499375,3.61662947,4.079832235
-3.49875,3.625399658,4.078238957
-3.498125,3.622210498,4.077442318
-3.4975,3.634967135,4.077442318
-3.496875,3.634169846,4.076645679
-3.49625,3.640548164,4.076645679
-3.495625,3.639750874,4.076645679
-3.495,3.641345454,4.071865845
-3.494375,3.638156295,4.06708601
-3.49375,3.646926483,4.065492732
-3.493125,3.649318352,4.065492732
-3.4925,3.654102091,4.06788265
-3.491875,3.65808854,4.070272567
-3.49125,3.667656018,4.070272567
-3.490625,3.671642467,4.071069206
-3.49,3.680412655,4.071069206
-3.489375,3.682007235,4.071069206
-3.48875,3.686790974,4.071069206
-3.488125,3.691574712,4.071069206
-3.4875,3.693966582,4.071865845
-3.486875,3.694763872,4.074255762
-3.48625,3.712304248,4.080628874
-3.485625,3.725060885,4.080628874
-3.485,3.721074436,4.080628874
-3.484375,3.716290697,4.079035596
-3.48375,3.717885276,4.076645679
-3.483125,3.716290697,4.076645679
-3.4825,3.725060885,4.074255762
-3.481875,3.723466305,4.074255762
-3.48125,3.727452754,4.07584904
-3.480625,3.726655464,4.076645679
-3.48,3.731439203,4.077442318
-3.479375,3.733033783,4.077442318
-3.47875,3.738614812,4.077442318
-3.478125,3.733831073,4.069475928
-3.4775,3.735425652,4.06708601
-3.476875,3.738614812,4.06788265
-3.47625,3.74419584,4.068679289
-3.475625,3.748979579,4.071069206
-3.475,3.756155188,4.073459123
-3.474375,3.760141637,4.075052401
-3.47375,3.765722665,4.075052401
-3.473125,3.768114535,4.07584904
-3.4725,3.772100984,4.075052401
-3.471875,3.776884723,4.075052401
-3.47125,3.779276592,4.075052401
-3.470625,3.784060331,4.07584904
-3.47,3.792033229,4.079832235
-3.469375,3.801600707,4.085408708
-3.46875,3.805587156,4.085408708
-3.468125,3.807181736,4.084612069
-3.4675,3.810370895,4.082222152
-3.466875,3.810370895,4.080628874
-3.46625,3.812762765,4.078238957
-3.465625,3.814357344,4.077442318
-3.465,3.818343793,4.077442318
-3.464375,3.821532953,4.078238957
-3.46375,3.824722112,4.078238957
-3.463125,3.828708561,4.078238957
-3.4625,3.83110043,4.077442318
-3.461875,3.83269501,4.07584904
-3.46125,3.828708561,4.068679289
-3.460625,3.83110043,4.06788265
-3.46,3.835884169,4.068679289
-3.459375,3.839870618,4.070272567
-3.45875,3.845451647,4.071865845
-3.458125,3.850235386,4.073459123
-3.4575,3.855019125,4.075052401
-3.456875,3.859802864,4.075052401
-3.45625,3.862194733,4.074255762
-3.455625,3.867775762,4.075052401
-3.455,3.869370342,4.075052401
-3.454375,3.87415408,4.075052401
-3.45375,3.87734324,4.075052401
-3.453125,3.889302587,4.083018791
-3.4525,3.894883616,4.084612069
-3.451875,3.897275485,4.08381543
-3.45125,3.899667355,4.083018791
-3.450625,3.902059224,4.081425513
-3.45,3.902856514,4.079832235
-3.449375,3.906045673,4.078238957
-3.44875,3.908437543,4.077442318
-3.448125,3.911626702,4.079035596
-3.4475,3.915613151,4.079035596
-3.446875,3.91880231,4.079035596
-3.44625,3.924383339,4.079832235
-3.445625,3.923586049,4.079035596
-3.445,3.923586049,4.072662484
-3.444375,3.921991469,4.069475928
-3.44375,3.925180629,4.068679289
-3.443125,3.926775208,4.070272567
-3.4425,3.934748107,4.071865845
-3.441875,3.937139976,4.073459123
-3.44125,3.945112874,4.07584904
-3.440625,3.946707454,4.076645679
-3.44,3.953085772,4.076645679
-3.439375,3.953085772,4.076645679
-3.43875,3.957072221,4.076645679
-3.438125,3.96105867,4.076645679
-3.4375,3.96424783,4.076645679
-3.436875,3.969828858,4.079035596
-3.43625,3.978599046,4.085408708
-3.435625,3.983382785,4.086205348
-3.435,3.984977365,4.086205348
-3.434375,3.987369234,4.084612069
-3.43375,3.986571945,4.082222152
-3.433125,3.988166524,4.080628874
-3.4325,3.988166524,4.079035596
-3.431875,3.992950263,4.079035596
-3.43125,3.992950263,4.079832235
-3.430625,3.999328582,4.079035596
-3.43,4.000125872,4.079832235
-3.429375,4.00490961,4.079832235
-3.42875,4.004112321,4.079035596
-3.428125,4.000923161,4.071069206
-3.4275,4.001720451,4.069475928
-3.426875,4.002517741,4.068679289
-3.42625,4.00730148,4.070272567
-3.425625,4.009693349,4.072662484
-3.425,4.014477088,4.074255762
-3.424375,4.018463537,4.07584904
-3.42375,4.020855407,4.07584904
-3.423125,4.023247276,4.07584904
-3.4225,4.024841856,4.075052401
-3.421875,4.028031015,4.075052401
-3.42125,4.031220174,4.07584904
-3.420625,4.032814754,4.07584904
-3.42,4.040787652,4.082222152
-3.419375,4.047165971,4.085408708
-3.41875,4.04955784,4.086205348
-3.418125,4.05035513,4.085408708
-3.4175,4.05035513,4.08381543
-3.416875,4.05035513,4.081425513
-3.41625,4.05115242,4.079832235
-3.415625,4.053544289,4.079035596
-3.415,4.055936159,4.079832235
-3.414375,4.059125318,4.078238957
-3.41375,4.061517187,4.078238957
-3.413125,4.066300926,4.078238957
-3.4125,4.067098216,4.078238957
-3.411875,4.069490086,4.075052401
-3.41125,4.063111767,4.068679289
-3.410625,4.065503636,4.06788265
-3.41,4.069490086,4.06788265
-3.409375,4.073476535,4.069475928
-3.40875,4.078260274,4.071865845
-3.408125,4.080652143,4.072662484
-3.4075,4.085435882,4.07584904
-3.406875,4.088625041,4.075052401
-3.40625,4.090219621,4.075052401
-3.405625,4.09420607,4.07584904
-3.405,4.09580065,4.075052401
-3.404375,4.098989809,4.075052401
-3.40375,4.102976258,4.07584904
-3.403125,4.113341025,4.08381543
-3.4025,4.118124764,4.085408708
-3.401875,4.119719344,4.085408708
-3.40125,4.121313924,4.084612069
-3.400625,4.119719344,4.081425513
-3.4,4.119719344,4.079832235
-3.399375,4.129286822,4.077442318
-3.39875,4.122111213,4.077442318
-3.398125,4.124503083,4.077442318
-3.3975,4.146029908,4.077442318
-3.396875,4.13805701,4.077442318
-3.39625,4.240907396,4.076645679
-3.395625,4.300704132,4.07584904
-3.395,4.334987595,4.069475928
-3.394375,4.448202749,4.065492732
-3.39375,4.44341901,4.065492732
-3.393125,4.526337151,4.06708601
-3.3925,4.421892185,4.069475928
-3.391875,4.376446665,4.071865845
-3.39125,4.295123104,4.072662484
-3.390625,4.346149652,4.073459123
-3.39,4.408338258,4.073459123
-3.389375,4.466540414,4.072662484
-3.38875,4.5303236,4.073459123
-3.388125,4.531918179,4.073459123
-3.3875,4.546269396,4.074255762
-3.386875,4.506404905,4.07584904
-3.38625,4.544674816,4.083018791
-3.385625,4.447405459,4.08381543
-3.385,4.390797882,4.085408708
-3.384375,4.31266348,4.08381543
-3.38375,4.291933944,4.083018791
-3.383125,4.277582728,4.082222152
-3.3825,4.248083005,4.081425513
-3.381875,4.299906843,4.079832235
-3.38125,4.264028801,4.079832235
-3.380625,4.212204963,4.081425513
-3.38,4.235326367,4.081425513
-3.379375,4.190678138,4.081425513
-3.37875,4.198651036,4.080628874
-3.378125,4.193070007,4.074255762
-3.3775,4.187488978,4.072662484
-3.376875,4.176326921,4.072662484
-3.37625,4.168354023,4.075052401
-3.375625,4.185894399,4.076645679
-3.375,4.171543182,4.079035596
-3.374375,4.164367574,4.079832235
-3.37375,4.162772994,4.080628874
-3.373125,4.162772994,4.079832235
-3.3725,4.161178414,4.080628874
-3.371875,4.162772994,4.079832235
-3.37125,4.18111066,4.081425513
-3.370625,4.161975704,4.081425513
-3.37,4.196259166,4.087001987
-3.369375,4.169948602,4.090985182
-3.36875,4.17951608,4.090985182
-3.368125,4.164367574,4.090188543
-3.3675,4.161975704,4.087798626
-3.366875,4.161178414,4.087798626
-3.36625,4.166759443,4.085408708
-3.365625,4.154002806,4.08381543
-3.365,4.157191965,4.084612069
-3.364375,4.149219067,4.084612069
-3.36375,4.148421777,4.08381543
-3.363125,4.159583835,4.083018791
-3.3625,4.146029908,4.083018791
-3.361875,4.141246169,4.079832235
-3.36125,4.134867851,4.073459123
-3.360625,4.142840749,4.072662484
-3.36,4.134867851,4.073459123
-3.359375,4.13566514,4.075052401
-3.35875,4.13566514,4.077442318
-3.358125,4.133273271,4.079832235
-3.3575,4.134867851,4.081425513
-3.356875,4.140448879,4.081425513
-3.35625,4.134070561,4.081425513
-3.355625,4.134070561,4.080628874
-3.355,4.130084112,4.081425513
-3.354375,4.130881401,4.080628874
-3.35375,4.130084112,4.082222152
-3.353125,4.151610937,4.089391904
-3.3525,4.150813647,4.090188543
-3.351875,4.13566514,4.090188543
-3.35125,4.154800096,4.089391904
-3.350625,4.144435328,4.086205348
-3.35,4.134070561,4.085408708
-3.349375,4.13725972,4.08381543
-3.34875,4.134070561,4.083018791
-3.348125,4.131678691,4.08381543
-3.3475,4.154002806,4.08381543
-3.346875,4.117327475,4.082222152
-3.34625,4.115732895,4.082222152
-3.345625,4.142840749,4.082222152
-3.345,4.146029908,4.07584904
-3.344375,4.159583835,4.071069206
-3.34375,4.161178414,4.071069206
-3.343125,4.145232618,4.072662484
-3.3425,4.161975704,4.07584904
-3.341875,4.134070561,4.077442318
-3.34125,4.118124764,4.079035596
-3.340625,4.157989255,4.078238957
-3.34,4.165962153,4.079035596
-3.339375,4.164367574,4.077442318
-3.33875,4.171543182,4.078238957
-3.338125,4.131678691,4.079035596
-3.3375,4.193070007,4.077442318
-3.336875,4.153205516,4.081425513
-3.33625,4.153205516,4.087798626
-3.335625,4.189083558,4.087001987
-3.335,4.123705793,4.087798626
-3.334375,4.162772994,4.085408708
-3.33375,4.193867297,4.083018791
-3.333125,4.166759443,4.081425513
-3.3325,4.183502529,4.079832235
-3.331875,4.139651589,4.082222152
-3.33125,4.206623934,4.079832235
-3.330625,4.177124211,4.080628874
-3.33,4.202637485,4.079832235
-3.329375,4.191475428,4.079832235
-3.32875,4.189083558,4.079832235
-3.328125,4.161178414,4.073459123
-3.3275,4.184299819,4.071865845
-3.326875,4.168354023,4.072662484
-3.32625,4.171543182,4.074255762
-3.325625,4.161178414,4.076645679
-3.325,4.201042905,4.078238957
-3.324375,4.207421224,4.079832235
-3.32375,4.158786545,4.079832235
-3.323125,4.199448326,4.079832235
-3.3225,4.18190795,4.079035596
-3.321875,4.196259166,4.079035596
-3.32125,4.192272717,4.079832235
-3.320625,4.17871879,4.079035596
-3.32,4.197853746,4.084612069
-3.319375,4.174732341,4.089391904
-3.31875,4.193867297,4.088595265
-3.318125,4.13805701,4.087798626
-3.3175,4.220975151,4.084612069
-3.316875,4.154800096,4.083018791
-3.31625,4.196259166,4.080628874
-3.315625,4.164367574,4.080628874
-3.315,4.187488978,4.079832235
-3.314375,4.157989255,4.080628874
-3.31375,4.205029354,4.079832235
-3.313125,4.169151313,4.079832235
-3.3125,4.197056456,4.079832235
-3.311875,4.169948602,4.07584904
-3.31125,4.22416431,4.068679289
-3.310625,4.173137762,4.070272567
-3.31,4.185894399,4.071865845
-3.309375,4.193070007,4.071865845
-3.30875,4.193867297,4.075052401
-3.308125,4.151610937,4.076645679
-3.3075,4.214596832,4.077442318
-3.306875,4.220177861,4.076645679
-3.30625,4.203434775,4.078238957
-3.305625,4.151610937,4.079035596
-3.305,4.264028801,4.076645679
-3.304375,4.191475428,4.077442318
-3.30375,4.210610383,4.079035596
-3.303125,4.194664587,4.086205348
-3.3025,4.233731788,4.086205348
-3.301875,4.185894399,4.086205348
-3.30125,4.177124211,4.085408708
-3.300625,4.173137762,4.08381543
-3.3,4.22336702,4.080628874
-3.299375,4.18111066,4.079035596
-3.29875,4.169948602,4.079832235
-3.298125,4.148421777,4.078238957
-3.2975,4.236123657,4.079035596
-3.296875,4.200245616,4.079035596
-3.29625,4.234529078,4.078238957
-3.295625,4.185894399,4.079832235
-3.295,4.192272717,4.071865845
-3.294375,4.209813093,4.068679289
-3.29375,4.195461877,4.069475928
-3.293125,4.189880848,4.071069206
-3.2925,4.214596832,4.073459123
-3.291875,4.169948602,4.075052401
-3.29125,4.205029354,4.076645679
-3.290625,4.189880848,4.077442318
-3.29,4.2249616,4.076645679
-3.289375,4.248880294,4.076645679
-3.28875,4.17871879,4.077442318
-3.288125,4.197853746,4.077442318
-3.2875,4.183502529,4.077442318
-3.286875,4.232934498,4.079832235
-3.28625,4.176326921,4.086205348
-3.285625,4.217785991,4.086205348
-3.285,4.219380571,4.084612069
-3.284375,4.234529078,4.082222152
-3.28375,4.185097109,4.080628874
-3.283125,4.273596279,4.079832235
-3.2825,4.18031337,4.078238957
-3.281875,4.279974597,4.077442318
-3.28125,4.150813647,4.078238957
-3.280625,4.217785991,4.078238957
-3.28,4.195461877,4.077442318
-3.279375,4.162772994,4.079832235
-3.27875,4.204232065,4.07584904
-3.278125,4.17871879,4.06788265
-3.2775,4.176326921,4.06788265
-3.276875,4.22256973,4.068679289
-3.27625,4.214596832,4.069475928
-3.275625,4.18031337,4.071069206
-3.275,4.22416431,4.071865845
-3.274375,4.174732341,4.075052401
-3.27375,4.216191412,4.075052401
-3.273125,4.156394676,4.07584904
-3.2725,4.177124211,4.07584904
-3.271875,4.189083558,4.075052401
-3.27125,4.2249616,4.075052401
-3.270625,4.18111066,4.075052401
-3.27,4.259245062,4.079832235
-3.269375,4.228150759,4.083018791
-3.26875,4.216988702,4.084612069
-3.268125,4.193867297,4.08381543
-3.2675,4.197853746,4.081425513
-3.266875,4.185894399,4.079035596
-3.26625,4.185097109,4.077442318
-3.265625,4.168354023,4.076645679
-3.265,4.209813093,4.077442318
-3.264375,4.212204963,4.076645679
-3.26375,4.205826644,4.076645679
-3.263125,4.169151313,4.076645679
-3.2625,4.217785991,4.07584904
-3.261875,4.169948602,4.073459123
-3.26125,4.177921501,4.066289371
-3.260625,4.197853746,4.06708601
-3.26,4.171543182,4.066289371
-3.259375,4.244096555,4.06788265
-3.25875,4.160381125,4.071865845
-3.258125,4.184299819,4.074255762
-3.2575,4.159583835,4.07584904
-3.256875,4.232934498,4.073459123
-3.25625,4.176326921,4.073459123
-3.255625,4.209813093,4.073459123
-3.255,4.152408226,4.073459123
-3.254375,4.194664587,4.075052401
-3.25375,4.154002806,4.075052401
-3.253125,4.236920947,4.082222152
-3.2525,4.220975151,4.08381543
-3.251875,4.18270524,4.083018791
-3.25125,4.164367574,4.082222152
-3.250625,4.173935052,4.079832235
-3.25,4.197056456,4.079035596
-3.249375,4.13566514,4.077442318
-3.24875,4.203434775,4.07584904
-3.248125,4.173935052,4.07584904
-3.2475,4.221772441,4.07584904
-3.246875,4.192272717,4.07584904
-3.24625,4.175529631,4.07584904
-3.245625,4.206623934,4.074255762
-3.245,4.154002806,4.070272567
-3.244375,4.177124211,4.066289371
-3.24375,4.189083558,4.06788265
-3.243125,4.161178414,4.06788265
-3.2425,4.183502529,4.071069206
-3.241875,4.193070007,4.071865845
-3.24125,4.169151313,4.073459123
-3.240625,4.201840195,4.073459123
-3.24,4.169948602,4.073459123
-3.239375,4.189083558,4.075052401
-3.23875,4.190678138,4.074255762
-3.238125,4.215394122,4.074255762
-3.2375,4.118922054,4.07584904
-3.236875,4.247285715,4.077442318
-3.23625,4.18270524,4.08381543
-3.235625,4.195461877,4.08381543
-3.235,4.1388543,4.083018791
-3.234375,4.220975151,4.081425513
-3.23375,4.169948602,4.079832235
-3.233125,4.190678138,4.077442318
-3.2325,4.191475428,4.076645679
-3.231875,4.194664587,4.076645679
-3.23125,4.177921501,4.076645679
-3.230625,4.176326921,4.077442318
-3.23,4.199448326,4.077442318
-3.229375,4.144435328,4.077442318
-3.22875,4.217785991,4.07584904
-3.228125,4.167556733,4.068679289
-3.2275,4.167556733,4.068679289
-3.226875,4.130881401,4.068679289
-3.22625,4.173137762,4.070272567
-3.225625,4.171543182,4.071865845
-3.225,4.172340472,4.073459123
-3.224375,4.155597386,4.07584904
-3.22375,4.158786545,4.07584904
-3.223125,4.163570284,4.075052401
-3.2225,4.152408226,4.07584904
-3.221875,4.197853746,4.075052401
-3.22125,4.164367574,4.07584904
-3.220625,4.195461877,4.075052401
-3.22,4.146827198,4.081425513
-3.219375,4.198651036,4.085408708
-3.21875,4.162772994,4.08381543
-3.218125,4.231339918,4.08381543
-3.2175,4.141246169,4.081425513
-3.216875,4.201042905,4.079035596
-3.21625,4.132475981,4.079035596
-3.215625,4.165164864,4.077442318
-3.215,4.150813647,4.076645679
-3.214375,4.155597386,4.077442318
-3.21375,4.152408226,4.076645679
-3.213125,4.133273271,4.077442318
-3.2125,4.163570284,4.07584904
-3.211875,4.132475981,4.071865845
-3.21125,4.192272717,4.064696093
-3.210625,4.127692242,4.065492732
-3.21,4.170745892,4.06708601
-3.209375,4.1388543,4.068679289
-3.20875,4.186691689,4.071069206
-3.208125,4.102178968,4.072662484
-3.2075,4.185097109,4.073459123
-3.206875,4.118922054,4.073459123
-3.20625,4.194664587,4.072662484
-3.205625,4.174732341,4.073459123
-3.205,4.160381125,4.072662484
-3.204375,4.160381125,4.073459123
-3.20375,4.13646243,4.075052401
-3.203125,4.17871879,4.082222152
-3.2025,4.158786545,4.08381543
-3.201875,4.177921501,4.08381543
-3.20125,4.142043459,4.081425513
-3.200625,4.191475428,4.079035596
-3.2,4.139651589,4.077442318
-3.199375,4.186691689,4.076645679
-3.19875,4.125300373,4.07584904
-3.198125,4.160381125,4.076645679
-3.1975,4.154002806,4.07584904
-3.196875,4.159583835,4.07584904
-3.19625,4.13646243,4.075052401
-3.195625,4.153205516,4.075052401
-3.195,4.171543182,4.068679289
-3.194375,4.100584388,4.065492732
-3.19375,4.18111066,4.064696093
-3.193125,4.116530185,4.066289371
-3.1925,4.173935052,4.068679289
-3.191875,4.085435882,4.071865845
-3.19125,4.171543182,4.071865845
-3.190625,4.145232618,4.072662484
-3.19,4.1388543,4.073459123
-3.189375,4.145232618,4.071865845
-3.18875,4.143638039,4.074255762
-3.188125,4.163570284,4.072662484
-3.1875,4.147624488,4.074255762
-3.186875,4.151610937,4.077442318
-3.18625,4.150813647,4.082222152
-3.185625,4.172340472,4.082222152
-3.185,4.13646243,4.081425513
-3.184375,4.191475428,4.079832235
-3.18375,4.112543736,4.077442318
-3.183125,4.17951608,4.076645679
-3.1825,4.121313924,4.076645679
-3.181875,4.170745892,4.07584904
-3.18125,4.148421777,4.075052401
-3.180625,4.131678691,4.075052401
-3.18,4.165164864,4.075052401
-3.179375,4.119719344,4.075052401
-3.17875,4.185894399,4.074255762
-3.178125,4.133273271,4.06708601
-3.1775,4.159583835,4.064696093
-3.176875,4.083841302,4.066289371
-3.17625,4.150016357,4.06788265
-3.175625,4.128489532,4.069475928
-3.175,4.161975704,4.071865845
-3.174375,4.140448879,4.073459123
-3.17375,4.153205516,4.073459123
-3.173125,4.134070561,4.073459123
-3.1725,4.126097663,4.072662484
-3.171875,4.152408226,4.073459123
-3.17125,4.122908503,4.072662484
-3.170625,4.172340472,4.073459123
-3.17,4.121313924,4.080628874
-3.169375,4.18111066,4.08381543
-3.16875,4.104570837,4.08381543
-3.168125,4.169948602,4.082222152
-3.1675,4.131678691,4.080628874
-3.166875,4.13805701,4.077442318
-3.16625,4.141246169,4.07584904
-3.165625,4.118922054,4.075052401
-3.165,4.146029908,4.075052401
-3.164375,4.106165417,4.076645679
-3.16375,4.154002806,4.07584904
-3.163125,4.091016911,4.07584904
-3.1625,4.161975704,4.075052401
-3.161875,4.106962707,4.071069206
-3.16125,4.149219067,4.06708601
-3.160625,4.104570837,4.065492732
-3.16,4.134070561,4.06708601
-3.159375,4.09580065,4.068679289
-3.15875,4.142840749,4.071069206
-3.158125,4.124503083,4.072662484
-3.1575,4.125300373,4.073459123
-3.156875,4.147624488,4.073459123
-3.15625,4.091016911,4.073459123
-3.155625,4.161975704,4.072662484
-3.155,4.087030462,4.073459123
-3.154375,4.154002806,4.072662484
-3.15375,4.105368127,4.075052401
-3.153125,4.146827198,4.081425513
-3.1525,4.134070561,4.082222152
-3.151875,4.139651589,4.082222152
-3.15125,4.143638039,4.080628874
-3.150625,4.122111213,4.079035596
-3.15,4.134070561,4.077442318
-3.149375,4.117327475,4.07584904
-3.14875,4.146827198,4.07584904
-3.148125,4.106165417,4.076645679
-3.1475,4.142043459,4.076645679
-3.146875,4.085435882,4.07584904
-3.14625,4.149219067,4.075052401
-3.145625,4.104570837,4.074255762
-3.145,4.145232618,4.06788265
-3.144375,4.101381678,4.065492732
-3.14375,4.116530185,4.066289371
-3.143125,4.115732895,4.06788265
-3.1425,4.09340878,4.071069206
-3.141875,4.134867851,4.071865845
-3.14125,4.087030462,4.073459123
-3.140625,4.152408226,4.073459123
-3.14,4.083044012,4.073459123
-3.139375,4.132475981,4.072662484
-3.13875,4.102178968,4.073459123
-3.138125,4.116530185,4.074255762
-3.1375,4.114138315,4.073459123
-3.136875,4.126097663,4.077442318
-3.13625,4.116530185,4.083018791
-3.135625,4.110151866,4.083018791
-3.135,4.146029908,4.083018791
-3.134375,4.104570837,4.079832235
-3.13375,4.146029908,4.078238957
-3.133125,4.087827751,4.076645679
-3.1325,4.139651589,4.07584904
-3.131875,4.091016911,4.07584904
-3.13125,4.142840749,4.07584904
-3.130625,4.096597939,4.07584904
-3.13,4.114935605,4.075052401
-3.129375,4.116530185,4.07584904
-3.12875,4.083044012,4.072662484
-3.128125,4.130084112,4.065492732
-3.1275,4.075868404,4.065492732
-3.126875,4.142043459,4.066289371
-3.12625,4.079854853,4.06788265
-3.125625,4.101381678,4.069475928
-3.125,4.083044012,4.071865845
-3.124375,4.117327475,4.072662484
-3.12375,4.107759997,4.073459123
-3.123125,4.114935605,4.073459123
-3.1225,4.122111213,4.072662484
-3.121875,4.104570837,4.073459123
-3.12125,4.114935605,4.071865845
-3.120625,4.097395229,4.073459123
-3.12,4.142840749,4.079832235
-3.119375,4.096597939,4.082222152
-3.11875,4.149219067,4.082222152
-3.118125,4.079854853,4.080628874
-3.1175,4.132475981,4.078238957
-3.116875,4.098192519,4.076645679
-3.11625,4.124503083,4.07584904
-3.115625,4.119719344,4.075052401
-3.115,4.09580065,4.074255762
-3.114375,4.129286822,4.074255762
-3.11375,4.071084665,4.075052401
-3.113125,4.146029908,4.075052401
-3.1125,4.089422331,4.075052401
-3.111875,4.125300373,4.069475928
-3.11125,4.076665694,4.065492732
-3.110625,4.09500336,4.065492732
-3.11,4.09500336,4.066289371
-3.109375,4.101381678,4.068679289
-3.10875,4.099787099,4.070272567
-3.108125,4.101381678,4.072662484
-3.1075,4.108557287,4.072662484
-3.106875,4.084638592,4.072662484
-3.10625,4.124503083,4.071865845
-3.105625,4.085435882,4.071865845
-3.105,4.13566514,4.072662484
-3.104375,4.074273824,4.072662484
-3.10375,4.122111213,4.074255762
-3.103125,4.089422331,4.082222152
-3.1025,4.115732895,4.083018791
-3.101875,4.122908503,4.081425513
-3.10125,4.096597939,4.079832235
-3.100625,4.133273271,4.077442318
-3.1,4.075868404,4.07584904
-3.099375,4.115732895,4.075052401
-3.09875,4.079057563,4.075052401
-3.098125,4.131678691,4.075052401
-3.0975,4.09261149,4.075052401
-3.096875,4.118922054,4.074255762
-3.09625,4.0918142,4.074255762
-3.095625,4.0918142,4.074255762
-3.095,4.111746446,4.06708601
-3.094375,4.091016911,4.064696093
-3.09375,4.112543736,4.064696093
-3.093125,4.080652143,4.066289371
-3.0925,4.112543736,4.068679289
-3.091875,4.072679245,4.071069206
-3.09125,4.125300373,4.073459123
-3.090625,4.081449433,4.073459123
-3.09,4.124503083,4.071865845
-3.089375,4.083044012,4.071865845
-3.08875,4.09420607,4.072662484
-3.088125,4.111746446,4.072662484
-3.0875,4.085435882,4.072662484
-3.086875,4.134070561,4.077442318
-3.08625,4.083841302,4.083018791
-3.085625,4.146029908,4.082222152
-3.085,4.068692796,4.082222152
-3.084375,4.121313924,4.079832235
-3.08375,4.083841302,4.079035596
-3.083125,4.113341025,4.07584904
-3.0825,4.102976258,4.07584904
-3.081875,4.09580065,4.07584904
-3.08125,4.108557287,4.07584904
-3.080625,4.088625041,4.07584904
-3.08,4.112543736,4.07584904
-3.079375,4.079854853,4.07584904
-3.07875,4.118124764,4.073459123
-3.078125,4.065503636,4.066289371
-3.0775,4.098989809,4.066289371
-3.076875,4.056733448,4.065492732
-3.07625,4.109354576,4.06788265
-3.075625,4.079854853,4.069475928
-3.075,4.102976258,4.071865845
-3.074375,4.108557287,4.074255762
-3.07375,4.074273824,4.072662484
-3.073125,4.120516634,4.073459123
-3.0725,4.068692796,4.072662484
-3.071875,4.131678691,4.073459123
-3.07125,4.058328028,4.073459123
-3.070625,4.120516634,4.073459123
-3.07,4.082246723,4.080628874
-3.069375,4.108557287,4.08381543
-3.06875,4.110151866,4.082222152
-3.068125,4.097395229,4.082222152
-3.0675,4.121313924,4.078238957
-3.066875,4.087827751,4.077442318
-3.06625,4.100584388,4.07584904
-3.065625,4.073476535,4.07584904
-3.065,4.118124764,4.075052401
-3.064375,4.079057563,4.075052401
-3.06375,4.124503083,4.07584904
-3.063125,4.062314477,4.075052401
-3.0625,4.096597939,4.07584904
-3.061875,4.079854853,4.071069206
-3.06125,4.085435882,4.066289371
-3.060625,4.097395229,4.066289371
-3.06,4.071084665,4.066289371
-3.059375,4.118124764,4.069475928
-3.05875,4.043179522,4.070272567
-3.058125,4.122111213,4.071865845
-3.0575,4.067098216,4.073459123
-3.056875,4.110949156,4.073459123
-3.05625,4.077462984,4.073459123
-3.055625,4.089422331,4.073459123
-3.055,4.097395229,4.072662484
-3.054375,4.077462984,4.071865845
-3.05375,4.118922054,4.074255762
-3.053125,4.097395229,4.082222152
-3.0525,4.119719344,4.082222152
-3.051875,4.064706347,4.081425513
-3.05125,4.106962707,4.080628874
-3.050625,4.071881955,4.078238957
-3.05,4.118124764,4.077442318
-3.049375,4.057530738,4.075052401
-3.04875,4.108557287,4.075052401
-3.048125,4.0918142,4.07584904
-3.0475,4.084638592,4.07584904
-3.046875,4.106165417,4.07584904
-3.04625,4.074273824,4.074255762
-3.045625,4.124503083,4.074255762
-3.045,4.043976811,4.06708601
-3.044375,4.096597939,4.064696093
-3.04375,4.053544289,4.066289371
-3.043125,4.099787099,4.06708601
-3.0425,4.082246723,4.069475928
-3.041875,4.079854853,4.071865845
-3.04125,4.100584388,4.073459123
-3.040625,4.058328028,4.074255762
-3.04,4.116530185,4.072662484
-3.039375,4.073476535,4.072662484
-3.03875,4.102178968,4.072662484
-3.038125,4.066300926,4.073459123
-3.0375,4.09420607,4.073459123
-3.036875,4.076665694,4.077442318
-3.03625,4.104570837,4.08381543
-3.035625,4.09500336,4.083018791
-3.035,4.090219621,4.082222152
-3.034375,4.103773548,4.079832235
-3.03375,4.081449433,4.077442318
-3.033125,4.105368127,4.076645679
-3.0325,4.060719898,4.075052401
-3.031875,4.119719344,4.07584904
-3.03125,4.061517187,4.075052401
-3.030625,4.110151866,4.075052401
-3.03,4.062314477,4.075052401
-3.029375,4.084638592,4.074255762
-3.02875,4.077462984,4.072662484
-3.028125,4.067098216,4.065492732
-3.0275,4.106962707,4.064696093
-3.026875,4.052746999,4.065492732
-3.02625,4.113341025,4.06708601
-3.025625,4.053544289,4.070272567
-3.025,4.09500336,4.071069206
-3.024375,4.079854853,4.072662484
-3.02375,4.089422331,4.072662484
-3.023125,4.09340878,4.072662484
-3.0225,4.072679245,4.072662484
-3.021875,4.098192519,4.071865845
-3.02125,4.082246723,4.072662484
-3.020625,4.110151866,4.072662484
-3.02,4.079057563,4.079832235
-3.019375,4.110949156,4.082222152
-3.01875,4.071881955,4.082222152
-3.018125,4.112543736,4.081425513
-3.0175,4.071084665,4.078238957
-3.016875,4.107759997,4.076645679
-3.01625,4.079057563,4.075052401
-3.015625,4.088625041,4.075052401
-3.015,4.101381678,4.075052401
-3.014375,4.055138869,4.075052401
-3.01375,4.121313924,4.075052401
-3.013125,4.04955784,4.07584904
-3.0125,4.121313924,4.075052401
-3.011875,4.069490086,4.069475928
-3.01125,4.079057563,4.065492732
-3.010625,4.065503636,4.064696093
-3.01,4.075071114,4.066289371
-3.009375,4.09340878,4.068679289
-3.00875,4.070287375,4.071069206
-3.008125,4.106165417,4.072662484
-3.0075,4.042382232,4.073459123
-3.006875,4.101381678,4.073459123
-3.00625,4.068692796,4.073459123
-3.005625,4.097395229,4.073459123
-3.005,4.074273824,4.072662484
-3.004375,4.102976258,4.075052401
-3.00375,4.067895506,4.075052401
-3.003125,4.097395229,4.082222152
-3.0025,4.099787099,4.082222152
-3.001875,4.090219621,4.081425513
-3.00125,4.130084112,4.081425513
-3.000625,4.04876055,4.078238957
-3,4.098989809,4.076645679
-2.999375,4.059125318,4.07584904
-2.99875,4.106962707,4.07584904
-2.998125,4.068692796,4.07584904
-2.9975,4.09500336,4.07584904
-2.996875,4.090219621,4.075052401
-2.99625,4.067098216,4.075052401
-2.995625,4.101381678,4.074255762
-2.995,4.056733448,4.06708601
-2.994375,4.106165417,4.065492732
-2.99375,4.059922608,4.065492732
-2.993125,4.087827751,4.066289371
-2.9925,4.055138869,4.069475928
-2.991875,4.084638592,4.071865845
-2.99125,4.083044012,4.071865845
-2.990625,4.090219621,4.072662484
-2.99,4.085435882,4.071865845
-2.989375,4.071084665,4.072662484
-2.98875,4.09261149,4.072662484
-2.988125,4.058328028,4.073459123
-2.9875,4.115732895,4.073459123
-2.986875,4.052746999,4.077442318
-2.98625,4.117327475,4.082222152
-2.985625,4.059125318,4.081425513
-2.985,4.099787099,4.080628874
-2.984375,4.079854853,4.080628874
-2.98375,4.09340878,4.077442318
-2.983125,4.103773548,4.076645679
-2.9825,4.066300926,4.07584904
-2.981875,4.115732895,4.075052401
-2.98125,4.042382232,4.07584904
-2.980625,4.111746446,4.07584904
-2.98,4.069490086,4.07584904
-2.979375,4.09261149,4.075052401
-2.97875,4.072679245,4.071865845
-2.978125,4.061517187,4.066289371
-2.9775,4.082246723,4.064696093
-2.976875,4.071881955,4.066289371
-2.97625,4.089422331,4.06708601
-2.975625,4.067098216,4.070272567
-2.975,4.09580065,4.071865845
-2.974375,4.04876055,4.073459123
-2.97375,4.100584388,4.073459123
-2.973125,4.067098216,4.072662484
-2.9725,4.098989809,4.073459123
-2.971875,4.075868404,4.072662484
-2.97125,4.084638592,4.073459123
-2.970625,4.078260274,4.073459123
-2.97,4.070287375,4.080628874
-2.969375,4.122908503,4.083018791
-2.96875,4.058328028,4.082222152
-2.968125,4.119719344,4.080628874
-2.9675,4.056733448,4.078238957
-2.966875,4.100584388,4.077442318
-2.96625,4.071881955,4.075052401
-2.965625,4.084638592,4.07584904
-2.965,4.085435882,4.07584904
-2.964375,4.074273824,4.07584904
-2.96375,4.100584388,4.075052401
-2.963125,4.059125318,4.075052401
-2.9625,4.09420607,4.073459123
-2.961875,4.04876055,4.068679289
-2.96125,4.085435882,4.066289371
-2.960625,4.058328028,4.065492732
-2.96,4.075071114,4.06708601
-2.959375,4.064706347,4.068679289
-2.95875,4.080652143,4.071069206
-2.958125,4.079057563,4.071069206
-2.9575,4.079057563,4.072662484
-2.956875,4.102976258,4.073459123
-2.95625,4.055138869,4.072662484
-2.955625,4.098989809,4.072662484
-2.955,4.05035513,4.072662484
-2.954375,4.098192519,4.072662484
-2.95375,4.063111767,4.07584904
-2.953125,4.102976258,4.083018791
-2.9525,4.089422331,4.083018791
-2.951875,4.068692796,4.082222152
-2.95125,4.106962707,4.080628874
-2.950625,4.05194971,4.079035596
-2.95,4.117327475,4.077442318
-2.949375,4.061517187,4.07584904
-2.94875,4.09500336,4.075052401
-2.948125,4.056733448,4.075052401
-2.9475,4.087827751,4.07584904
-2.946875,4.079854853,4.075052401
-2.94625,4.077462984,4.075052401
-2.945625,4.090219621,4.072662484
-2.945,4.063909057,4.066289371
-2.944375,4.079057563,4.064696093
-2.94375,4.047165971,4.065492732
-2.943125,4.089422331,4.06708601
-2.9425,4.056733448,4.068679289
-2.941875,4.09420607,4.071069206
-2.94125,4.047963261,4.071865845
-2.940625,4.083044012,4.072662484
-2.94,4.063909057,4.071865845
-2.939375,4.083841302,4.071865845
-2.93875,4.102976258,4.072662484
-2.938125,4.053544289,4.072662484
-2.9375,4.108557287,4.072662484
-2.936875,4.038395783,4.077442318
-2.93625,4.118922054,4.082222152
-2.935625,4.067895506,4.083018791
-2.935,4.102976258,4.080628874
-2.934375,4.080652143,4.079035596
-2.93375,4.067895506,4.077442318
-2.933125,4.09261149,4.07584904
-2.9325,4.063111767,4.075052401
-2.931875,4.109354576,4.07584904
-2.93125,4.061517187,4.07584904
-2.930625,4.097395229,4.075052401
-2.93,4.055138869,4.074255762
-2.929375,4.081449433,4.075052401
-2.92875,4.058328028,4.071069206
-2.928125,4.081449433,4.066289371
-2.9275,4.054341579,4.063899454
-2.926875,4.073476535,4.064696093
-2.92625,4.067895506,4.06708601
-2.925625,4.055138869,4.069475928
-2.925,4.105368127,4.071069206
-2.924375,4.039990362,4.071865845
-2.92375,4.111746446,4.072662484
-2.923125,4.047963261,4.071865845
-2.9225,4.091016911,4.072662484
-2.921875,4.039990362,4.071865845
-2.92125,4.084638592,4.071865845
-2.920625,4.087827751,4.072662484
-2.92,4.075868404,4.080628874
-2.919375,4.108557287,4.082222152
-2.91875,4.045571391,4.082222152
-2.918125,4.110151866,4.080628874
-2.9175,4.071881955,4.079035596
-2.916875,4.09340878,4.077442318
-2.91625,4.077462984,4.07584904
-2.915625,4.083841302,4.075052401
-2.915,4.071084665,4.074255762
-2.914375,4.084638592,4.07584904
-2.91375,4.079057563,4.075052401
-2.913125,4.078260274,4.07584904
-2.9125,4.101381678,4.074255762
-2.911875,4.043976811,4.068679289
-2.91125,4.090219621,4.066289371
-2.910625,4.021652697,4.065492732
-2.91,4.088625041,4.06708601
-2.909375,4.05035513,4.069475928
-2.90875,4.076665694,4.071865845
-2.908125,4.067895506,4.072662484
-2.9075,4.069490086,4.072662484
-2.906875,4.09580065,4.073459123
-2.90625,4.055936159,4.072662484
-2.905625,4.097395229,4.072662484
-2.905,4.047963261,4.072662484
-2.904375,4.098989809,4.072662484
-2.90375,4.056733448,4.074255762
-2.903125,4.091016911,4.081425513
-2.9025,4.085435882,4.081425513
-2.901875,4.079057563,4.082222152
-2.90125,4.09580065,4.079035596
-2.900625,4.063909057,4.077442318
-2.9,4.089422331,4.075052401
-2.899375,4.044774101,4.075052401
-2.89875,4.09500336,4.075052401
-2.898125,4.056733448,4.075052401
-2.8975,4.0918142,4.075052401
-2.896875,4.058328028,4.074255762
-2.89625,4.080652143,4.074255762
-2.895625,4.054341579,4.073459123
-2.895,4.071881955,4.06708601
-2.894375,4.069490086,4.06708601
-2.89375,4.063111767,4.06708601
-2.893125,4.101381678,4.06788265
-2.8925,4.028828305,4.068679289
-2.891875,4.098989809,4.070272567
-2.89125,4.05194971,4.071865845
-2.890625,4.091016911,4.072662484
-2.89,4.082246723,4.072662484
-2.889375,4.059922608,4.072662484
-2.88875,4.090219621,4.072662484
-2.888125,4.04876055,4.072662484
-2.8875,4.107759997,4.073459123
-2.886875,4.061517187,4.079035596
-2.88625,4.105368127,4.082222152
-2.885625,4.069490086,4.083018791
-2.885,4.083044012,4.081425513
-2.884375,4.059922608,4.078238957
-2.88375,4.078260274,4.077442318
-2.883125,4.083841302,4.075052401
-2.8825,4.081449433,4.075052401
-2.881875,4.079854853,4.073459123
-2.88125,4.05194971,4.073459123
-2.880625,4.097395229,4.073459123
-2.88,4.056733448,4.074255762
-2.879375,4.103773548,4.074255762
-2.87875,4.056733448,4.071069206
-2.878125,4.070287375,4.064696093
-2.8775,4.05115242,4.064696093
-2.876875,4.074273824,4.066289371
-2.87625,4.081449433,4.06788265
-2.875625,4.055936159,4.069475928
-2.875,4.0918142,4.071069206
-2.874375,4.030422885,4.072662484
-2.87375,4.101381678,4.072662484
-2.873125,4.058328028,4.073459123
-2.8725,4.084638592,4.072662484
-2.871875,4.064706347,4.072662484
-2.87125,4.071881955,4.071865845
-2.870625,4.079854853,4.073459123
-2.87,4.067895506,4.081425513
-2.869375,4.110949156,4.081425513
-2.86875,4.078260274,4.081425513
-2.868125,4.107759997,4.079832235
-2.8675,4.047963261,4.078238957
-2.866875,4.082246723,4.076645679
-2.86625,4.069490086,4.075052401
-2.865625,4.084638592,4.07584904
-2.865,4.057530738,4.074255762
-2.864375,4.086233172,4.07584904
-2.86375,4.071881955,4.075052401
-2.863125,4.066300926,4.07584904
-2.8625,4.103773548,4.075052401
-2.861875,4.039990362,4.069475928
-2.86125,4.099787099,4.065492732
-2.860625,4.037598493,4.065492732
-2.86,4.083044012,4.06708601
-2.859375,4.043179522,4.068679289
-2.85875,4.077462984,4.070272567
-2.858125,4.073476535,4.071865845
-2.8575,4.061517187,4.072662484
-2.856875,4.100584388,4.072662484
-2.85625,4.052746999,4.072662484
-2.855625,4.098989809,4.071865845
-2.855,4.05194971,4.072662484
-2.854375,4.084638592,4.072662484
-2.85375,4.064706347,4.07584904
-2.853125,4.087827751,4.083018791
-2.8525,4.081449433,4.082222152
-2.851875,4.079854853,4.082222152
-2.85125,4.081449433,4.079832235
-2.850625,4.078260274,4.077442318
-2.85,4.083841302,4.075052401
-2.849375,4.057530738,4.073459123
-2.84875,4.101381678,4.074255762
-2.848125,4.04876055,4.073459123
-2.8475,4.097395229,4.075052401
-2.846875,4.055936159,4.073459123
-2.84625,4.090219621,4.074255762
-2.845625,4.071881955,4.072662484
-2.845,4.055936159,4.065492732
-2.844375,4.068692796,4.064696093
-2.84375,4.040787652,4.065492732
-2.843125,4.096597939,4.06708601
-2.8425,4.035206623,4.069475928
-2.841875,4.098989809,4.071069206
-2.84125,4.058328028,4.072662484
-2.840625,4.067098216,4.071865845
-2.84,4.073476535,4.071865845
-2.839375,4.067895506,4.072662484
-2.83875,4.09340878,4.071865845
-2.838125,4.062314477,4.071865845
-2.8375,4.083044012,4.071069206
-2.836875,4.04876055,4.078238957
-2.83625,4.101381678,4.081425513
-2.835625,4.074273824,4.082222152
-2.835,4.09420607,4.081425513
-2.834375,4.077462984,4.078238957
-2.83375,4.086233172,4.077442318
-2.833125,4.061517187,4.07584904
-2.8325,4.075868404,4.075052401
-2.831875,4.079854853,4.075052401
-2.83125,4.065503636,4.075052401
-2.830625,4.109354576,4.075052401
-2.83,4.030422885,4.075052401
-2.829375,4.096597939,4.075052401
-2.82875,4.05194971,4.071069206
-2.828125,4.075868404,4.065492732
-2.8275,4.071084665,4.066289371
-2.826875,4.059125318,4.066289371
-2.82625,4.065503636,4.06708601
-2.825625,4.043179522,4.069475928
-2.825,4.104570837,4.071069206
-2.824375,4.055936159,4.072662484
-2.82375,4.09340878,4.072662484
-2.823125,4.053544289,4.071865845
-2.8225,4.070287375,4.071865845
-2.821875,4.067895506,4.071069206
-2.82125,4.05035513,4.071865845
-2.820625,4.066300926,4.073459123
-2.82,4.085435882,4.081425513
-2.819375,4.09500336,4.082222152
-2.81875,4.061517187,4.081425513
-2.818125,4.09500336,4.080628874
-2.8175,4.063111767,4.078238957
-2.816875,4.102976258,4.076645679
-2.81625,4.04955784,4.075052401
-2.815625,4.088625041,4.075052401
-2.815,4.061517187,4.07584904
-2.814375,4.068692796,4.07584904
-2.81375,4.09580065,4.07584904
-2.813125,4.05115242,4.074255762
-2.8125,4.101381678,4.073459123
-2.811875,4.037598493,4.06788265
-2.81125,4.085435882,4.065492732
-2.810625,4.035206623,4.06708601
-2.81,4.080652143,4.06788265
-2.809375,4.054341579,4.068679289
-2.80875,4.067895506,4.071069206
-2.808125,4.078260274,4.072662484
-2.8075,4.044774101,4.073459123
-2.806875,4.096597939,4.073459123
-2.80625,4.062314477,4.072662484
-2.805625,4.09261149,4.072662484
-2.805,4.063909057,4.072662484
-2.804375,4.083841302,4.072662484
-2.80375,4.054341579,4.076645679
-2.803125,4.098192519,4.083018791
-2.8025,4.064706347,4.083018791
-2.801875,4.086233172,4.081425513
-2.80125,4.090219621,4.079832235
-2.800625,4.060719898,4.077442318
-2.8,4.104570837,4.077442318
-2.799375,4.040787652,4.074255762
-2.79875,4.101381678,4.075052401
-2.798125,4.054341579,4.075052401
-2.7975,4.09500336,4.075052401
-2.796875,4.04955784,4.075052401
-2.79625,4.075071114,4.075052401
-2.795625,4.085435882,4.073459123
-2.795,4.047165971,4.06708601
-2.794375,4.0918142,4.066289371
-2.79375,4.032814754,4.066289371
-2.793125,4.09420607,4.06788265
-2.7925,4.043976811,4.071069206
-2.791875,4.076665694,4.072662484
-2.79125,4.063111767,4.073459123
-2.790625,4.075071114,4.075052401
-2.79,4.076665694,4.073459123
-2.789375,4.074273824,4.074255762
-2.78875,4.069490086,4.072662484
-2.788125,4.059125318,4.074255762
-2.7875,4.09340878,4.073459123
-2.786875,4.055138869,4.079035596
-2.78625,4.108557287,4.08381543
-2.785625,4.05035513,4.082222152
-2.785,4.09500336,4.082222152
-2.784375,4.065503636,4.079832235
-2.78375,4.083044012,4.078238957
-2.783125,4.075868404,4.076645679
-2.7825,4.071084665,4.076645679
-2.781875,4.100584388,4.07584904
-2.78125,4.026436435,4.07584904
-2.780625,4.107759997,4.07584904
-2.78,4.04955784,4.07584904
-2.779375,4.097395229,4.07584904
-2.77875,4.065503636,4.072662484
-2.778125,4.055138869,4.06708601
-2.7775,4.066300926,4.06708601
-2.776875,4.05115242,4.06788265
-2.77625,4.091016911,4.069475928
-2.775625,4.061517187,4.072662484
-2.775,4.088625041,4.072662484
-2.774375,4.044774101,4.073459123
-2.77375,4.079854853,4.072662484
-2.773125,4.056733448,4.073459123
-2.7725,4.078260274,4.075052401
-2.771875,4.066300926,4.073459123
-2.77125,4.075868404,4.074255762
-2.770625,4.063909057,4.075052401
-2.77,4.067895506,4.082222152
-2.769375,4.102976258,4.08381543
-2.76875,4.064706347,4.081425513
-2.768125,4.113341025,4.081425513
-2.7675,4.04876055,4.077442318
-2.766875,4.087030462,4.077442318
-2.76625,4.046368681,4.07584904
-2.765625,4.083841302,4.07584904
-2.765,4.085435882,4.07584904
-2.764375,4.064706347,4.07584904
-2.76375,4.0918142,4.07584904
-2.763125,4.035206623,4.075052401
-2.7625,4.090219621,4.074255762
-2.761875,4.04955784,4.068679289
-2.76125,4.075071114,4.065492732
-2.760625,4.058328028,4.066289371
-2.76,4.072679245,4.06788265
-2.759375,4.059922608,4.069475928
-2.75875,4.059922608,4.071865845
-2.758125,4.088625041,4.072662484
-2.7575,4.063909057,4.073459123
-2.756875,4.083841302,4.073459123
-2.75625,4.044774101,4.073459123
-2.755625,4.075868404,4.072662484
-2.755,4.062314477,4.071865845
-2.754375,4.09420607,4.073459123
-2.75375,4.063909057,4.07584904
-2.753125,4.0918142,4.082222152
-2.7525,4.075071114,4.082222152
-2.751875,4.067098216,4.081425513
-2.75125,4.102976258,4.079832235
-2.750625,4.047963261,4.077442318
-2.75,4.108557287,4.076645679
-2.749375,4.05035513,4.07584904
-2.74875,4.09261149,4.075052401
-2.748125,4.046368681,4.075052401
-2.7475,4.082246723,4.075052401
-2.746875,4.067895506,4.07584904
-2.74625,4.063111767,4.075052401
-2.745625,4.087030462,4.074255762
-2.745,4.027233725,4.06708601
-2.744375,4.09261149,4.066289371
-2.74375,4.036801203,4.06708601
-2.743125,4.082246723,4.06788265
-2.7425,4.057530738,4.070272567
-2.741875,4.079057563,4.071865845
-2.74125,4.061517187,4.073459123
-2.740625,4.070287375,4.073459123
-2.74,4.070287375,4.072662484
-2.739375,4.068692796,4.072662484
-2.73875,4.078260274,4.071865845
-2.738125,4.056733448,4.071865845
-2.7375,4.102178968,4.073459123
-2.736875,4.046368681,4.079035596
-2.73625,4.108557287,4.082222152
-2.735625,4.047963261,4.081425513
-2.735,4.096597939,4.080628874
-2.734375,4.071881955,4.078238957
-2.73375,4.067098216,4.07584904
-2.733125,4.074273824,4.07584904
-2.7325,4.047963261,4.075052401
-2.731875,4.105368127,4.075052401
-2.73125,4.041584942,4.07584904
-2.730625,4.103773548,4.075052401
-2.73,4.055936159,4.075052401
-2.729375,4.069490086,4.075052401
-2.72875,4.070287375,4.070272567
-2.728125,4.059922608,4.065492732
-2.7275,4.071881955,4.066289371
-2.726875,4.064706347,4.06708601
-2.72625,4.065503636,4.069475928
-2.725625,4.043976811,4.071069206
-2.725,4.089422331,4.071865845
-2.724375,4.056733448,4.073459123
-2.72375,4.0918142,4.074255762
-2.723125,4.064706347,4.073459123
-2.7225,4.080652143,4.074255762
-2.721875,4.057530738,4.074255762
-2.72125,4.073476535,4.074255762
-2.720625,4.080652143,4.07584904
-2.72,4.072679245,4.083018791
-2.719375,4.114935605,4.08381543
-2.71875,4.039193073,4.083018791
-2.718125,4.091016911,4.081425513
-2.7175,4.058328028,4.079035596
-2.716875,4.0918142,4.076645679
-2.71625,4.066300926,4.075052401
-2.715625,4.067098216,4.07584904
-2.715,4.083841302,4.07584904
-2.714375,4.043976811,4.07584904
-2.71375,4.105368127,4.07584904
-2.713125,4.059125318,4.076645679
-2.7125,4.0918142,4.07584904
-2.711875,4.052746999,4.069475928
-2.71125,4.055936159,4.06708601
-2.710625,4.054341579,4.06708601
-2.71,4.05115242,4.068679289
-2.709375,4.079854853,4.070272567
-2.70875,4.063111767,4.072662484
-2.708125,4.082246723,4.072662484
-2.7075,4.04955784,4.072662484
-2.706875,4.086233172,4.073459123
-2.70625,4.044774101,4.072662484
-2.705625,4.09500336,4.072662484
-2.705,4.05115242,4.072662484
-2.704375,4.081449433,4.074255762
-2.70375,4.058328028,4.077442318
-2.703125,4.081449433,4.083018791
-2.7025,4.083044012,4.082222152
-2.701875,4.062314477,4.082222152
-2.70125,4.111746446,4.080628874
-2.700625,4.029625595,4.077442318
-2.7,4.101381678,4.07584904
-2.699375,4.05115242,4.07584904
-2.69875,4.081449433,4.075052401
-2.698125,4.066300926,4.075052401
-2.6975,4.067895506,4.075052401
-2.696875,4.075071114,4.075052401
-2.69625,4.05115242,4.07584904
-2.695625,4.098989809,4.073459123
-2.695,4.043976811,4.06788265
-2.694375,4.080652143,4.065492732
-2.69375,4.05035513,4.066289371
-2.693125,4.075868404,4.06788265
-2.6925,4.041584942,4.068679289
-2.691875,4.070287375,4.072662484
-2.69125,4.062314477,4.072662484
-2.690625,4.075071114,4.073459123
-2.69,4.082246723,4.073459123
-2.689375,4.058328028,4.072662484
-2.68875,4.103773548,4.073459123
-2.688125,4.039193073,4.073459123
-2.6875,4.09340878,4.073459123
-2.686875,4.053544289,4.079832235
-2.68625,4.103773548,4.082222152
-2.685625,4.069490086,4.082222152
-2.685,4.079854853,4.080628874
-2.684375,4.088625041,4.079832235
-2.68375,4.061517187,4.076645679
-2.683125,4.103773548,4.076645679
-2.6825,4.047165971,4.07584904
-2.681875,4.101381678,4.07584904
-2.68125,4.04876055,4.076645679
-2.680625,4.081449433,4.075052401
-2.68,4.069490086,4.075052401
-2.679375,4.059922608,4.075052401
-2.67875,4.077462984,4.070272567
-2.678125,4.064706347,4.066289371
-2.6775,4.037598493,4.066289371
-2.676875,4.05194971,4.06708601
-2.67625,4.075868404,4.068679289
-2.675625,4.052746999,4.071069206
-2.675,4.087827751,4.073459123
-2.674375,4.035206623,4.073459123
-2.67375,4.082246723,4.073459123
-2.673125,4.060719898,4.074255762
-2.6725,4.071881955,4.074255762
-2.671875,4.077462984,4.074255762
-2.67125,4.057530738,4.074255762
-2.670625,4.097395229,4.07584904
-2.67,4.043179522,4.082222152
-2.669375,4.117327475,4.083018791
-2.66875,4.062314477,4.082222152
-2.668125,4.103773548,4.080628874
-2.6675,4.069490086,4.078238957
-2.666875,4.063909057,4.076645679
-2.66625,4.082246723,4.07584904
-2.665625,4.059922608,4.07584904
-2.665,4.099787099,4.075052401
-2.664375,4.062314477,4.07584904
-2.66375,4.09340878,4.075052401
-2.663125,4.047963261,4.075052401
-2.6625,4.077462984,4.075052401
-2.661875,4.04955784,4.06708601
-2.66125,4.074273824,4.06708601
-2.660625,4.063909057,4.065492732
-2.66,4.070287375,4.06708601
-2.659375,4.061517187,4.069475928
-2.65875,4.05035513,4.071069206
-2.658125,4.084638592,4.072662484
-2.6575,4.056733448,4.074255762
-2.656875,4.103773548,4.073459123
-2.65625,4.045571391,4.072662484
-2.655625,4.075868404,4.073459123
-2.655,4.038395783,4.073459123
-2.654375,4.073476535,4.073459123
-2.65375,4.083841302,4.079035596
-2.653125,4.069490086,4.083018791
-2.6525,4.105368127,4.083018791
-2.651875,4.036801203,4.082222152
-2.65125,4.097395229,4.080628874
-2.650625,4.052746999,4.079035596
-2.65,4.087827751,4.076645679
-2.649375,4.053544289,4.07584904
-2.64875,4.075868404,4.07584904
-2.648125,4.073476535,4.07584904
-2.6475,4.059125318,4.076645679
-2.646875,4.086233172,4.07584904
-2.64625,4.067895506,4.07584904
-2.645625,4.09500336,4.073459123
-2.645,4.043179522,4.06788265
-2.644375,4.071881955,4.06708601
-2.64375,4.053544289,4.06788265
-2.643125,4.079057563,4.070272567
-2.6425,4.055936159,4.070272567
-2.641875,4.083841302,4.072662484
-2.64125,4.067895506,4.074255762
-2.640625,4.059922608,4.074255762
-2.64,4.097395229,4.074255762
-2.639375,4.043179522,4.073459123
-2.63875,4.100584388,4.074255762
-2.638125,4.045571391,4.074255762
-2.6375,4.09500336,4.074255762
-2.636875,4.044774101,4.081425513
-2.63625,4.088625041,4.083018791
-2.635625,4.085435882,4.083018791
-2.635,4.071881955,4.081425513
-2.634375,4.09261149,4.078238957
-2.63375,4.054341579,4.077442318
-2.633125,4.100584388,4.075052401
-2.6325,4.044774101,4.075052401
-2.631875,4.090219621,4.07584904
-2.63125,4.055936159,4.075052401
-2.630625,4.079854853,4.07584904
-2.63,4.061517187,4.075052401
-2.629375,4.070287375,4.076645679
-2.62875,4.069490086,4.071069206
-2.628125,4.063111767,4.066289371
-2.6275,4.077462984,4.06708601
-2.626875,4.05194971,4.06708601
-2.62625,4.101381678,4.068679289
-2.625625,4.028828305,4.071069206
-2.625,4.091016911,4.071865845
-2.624375,4.054341579,4.072662484
-2.62375,4.083044012,4.073459123
-2.623125,4.067098216,4.074255762
-2.6225,4.059125318,4.073459123
-2.621875,4.081449433,4.073459123
-2.62125,4.047165971,4.072662484
-2.620625,4.107759997,4.07584904
-2.62,4.043976811,4.082222152
-2.619375,4.107759997,4.082222152
-2.61875,4.063909057,4.082222152
-2.618125,4.071881955,4.079832235
-2.6175,4.075071114,4.079035596
-2.616875,4.068692796,4.077442318
-2.61625,4.086233172,4.076645679
-2.615625,4.068692796,4.076645679
-2.615,4.083044012,4.07584904
-2.614375,4.037598493,4.07584904
-2.61375,4.090219621,4.07584904
-2.613125,4.059922608,4.07584904
-2.6125,4.085435882,4.076645679
-2.611875,4.043976811,4.068679289
-2.61125,4.068692796,4.06788265
-2.610625,4.04955784,4.06708601
-2.61,4.063909057,4.068679289
-2.609375,4.075071114,4.071069206
-2.60875,4.058328028,4.071865845
-2.608125,4.101381678,4.074255762
-2.6075,4.032814754,4.075052401
-2.606875,4.0918142,4.074255762
-2.60625,4.04876055,4.073459123
-2.605625,4.086233172,4.073459123
-2.605,4.070287375,4.073459123
-2.604375,4.067098216,4.074255762
-2.60375,4.069490086,4.077442318
-2.603125,4.059125318,4.083018791
-2.6025,4.111746446,4.082222152
-2.601875,4.067895506,4.082222152
-2.60125,4.09580065,4.079832235
-2.600625,4.065503636,4.077442318
-2.6,4.071881955,4.076645679
-2.599375,4.063909057,4.075052401
-2.59875,4.073476535,4.076645679
-2.598125,4.074273824,4.075052401
-2.5975,4.075868404,4.07584904
-2.596875,4.082246723,4.07584904
-2.59625,4.042382232,4.075052401
-2.595625,4.084638592,4.073459123
-2.595,4.047165971,4.06788265
-2.594375,4.089422331,4.06708601
-2.59375,4.047963261,4.06708601
-2.593125,4.080652143,4.068679289
-2.5925,4.052746999,4.070272567
-2.591875,4.067098216,4.072662484
-2.59125,4.086233172,4.074255762
-2.590625,4.043976811,4.074255762
-2.59,4.107759997,4.075052401
-2.589375,4.036003913,4.074255762
-2.58875,4.097395229,4.074255762
-2.588125,4.055138869,4.074255762
-2.5875,4.067098216,4.075052401
-2.586875,4.077462984,4.080628874
-2.58625,4.076665694,4.083018791
-2.585625,4.084638592,4.082222152
-2.585,4.059922608,4.082222152
-2.584375,4.09580065,4.079035596
-2.58375,4.066300926,4.077442318
-2.583125,4.090219621,4.076645679
-2.5825,4.056733448,4.07584904
-2.581875,4.083044012,4.07584904
-2.58125,4.063111767,4.075052401
-2.580625,4.087030462,4.076645679
-2.58,4.065503636,4.075052401
-2.579375,4.077462984,4.07584904
-2.57875,4.077462984,4.071069206
-2.578125,4.04876055,4.06708601
-2.5775,4.079057563,4.06788265
-2.576875,4.028828305,4.06708601
-2.57625,4.09420607,4.069475928
-2.575625,4.047963261,4.071069206
-2.575,4.086233172,4.072662484
-2.574375,4.065503636,4.073459123
-2.57375,4.05115242,4.072662484
-2.573125,4.079057563,4.073459123
-2.5725,4.054341579,4.072662484
-2.571875,4.09580065,4.073459123
-2.57125,4.045571391,4.073459123
-2.570625,4.100584388,4.075052401
-2.57,4.059125318,4.081425513
-2.569375,4.075868404,4.082222152
-2.56875,4.072679245,4.081425513
-2.568125,4.068692796,4.081425513
-2.5675,4.083841302,4.078238957
-2.566875,4.071084665,4.076645679
-2.56625,4.061517187,4.07584904
-2.565625,4.058328028,4.075052401
-2.565,4.09340878,4.07584904
-2.564375,4.053544289,4.076645679
-2.56375,4.109354576,4.076645679
-2.563125,4.029625595,4.07584904
-2.5625,4.081449433,4.075052401
-2.561875,4.052746999,4.068679289
-2.56125,4.059922608,4.06708601
-2.560625,4.069490086,4.06788265
-2.56,4.052746999,4.068679289
-2.559375,4.083841302,4.071069206
-2.55875,4.020058117,4.071865845
-2.558125,4.101381678,4.073459123
-2.5575,4.05194971,4.073459123
-2.556875,4.096597939,4.073459123
-2.55625,4.058328028,4.073459123
-2.555625,4.052746999,4.072662484
-2.555,4.065503636,4.073459123
-2.554375,4.060719898,4.074255762
-2.55375,4.098192519,4.077442318
-2.553125,4.074273824,4.08381543
-2.5525,4.101381678,4.082222152
-2.551875,4.055936159,4.081425513
-2.55125,4.083841302,4.080628874
-2.550625,4.066300926,4.078238957
-2.55,4.0918142,4.076645679
-2.549375,4.067098216,4.07584904
-2.54875,4.075071114,4.07584904
-2.548125,4.069490086,4.07584904
-2.5475,4.057530738,4.07584904
-2.546875,4.090219621,4.07584904
-2.54625,4.039990362,4.07584904
-2.545625,4.103773548,4.074255762
-2.545,4.033612044,4.06708601
-2.544375,4.075868404,4.066289371
-2.54375,4.044774101,4.06708601
-2.543125,4.075071114,4.068679289
-2.5425,4.075071114,4.070272567
-2.541875,4.058328028,4.072662484
-2.54125,4.0918142,4.074255762
-2.540625,4.036003913,4.075052401
-2.54,4.09580065,4.075052401
-2.539375,4.059922608,4.074255762
-2.53875,4.084638592,4.074255762
-2.538125,4.069490086,4.074255762
-2.5375,4.072679245,4.075052401
-2.536875,4.080652143,4.082222152
-2.53625,4.081449433,4.08381543
-2.535625,4.076665694,4.082222152
-2.535,4.074273824,4.081425513
-2.534375,4.098192519,4.079035596
-2.53375,4.039193073,4.077442318
-2.533125,4.079854853,4.076645679
-2.5325,4.063909057,4.07584904
-2.531875,4.086233172,4.076645679
-2.53125,4.059922608,4.07584904
-2.530625,4.076665694,4.07584904
-2.53,4.067895506,4.076645679
-2.529375,4.064706347,4.07584904
-2.52875,4.083044012,4.071069206
-2.528125,4.035206623,4.06788265
-2.5275,4.09580065,4.06788265
-2.526875,4.036003913,4.068679289
-2.52625,4.083044012,4.069475928
-2.525625,4.042382232,4.071865845
-2.525,4.066300926,4.072662484
-2.524375,4.075071114,4.073459123
-2.52375,4.063909057,4.073459123
-2.523125,4.090219621,4.073459123
-2.5225,4.043976811,4.075052401
-2.521875,4.091016911,4.074255762
-2.52125,4.039990362,4.074255762
-2.520625,4.079057563,4.07584904
-2.52,4.073476535,4.082222152
-2.519375,4.086233172,4.082222152
-2.51875,4.065503636,4.081425513
-2.518125,4.079057563,4.080628874
-2.5175,4.077462984,4.077442318
-2.516875,4.071881955,4.076645679
-2.51625,4.070287375,4.07584904
-2.515625,4.059922608,4.07584904
-2.515,4.104570837,4.076645679
-2.514375,4.032017464,4.075052401
-2.51375,4.09420607,4.07584904
-2.513125,4.045571391,4.07584904
-2.5125,4.084638592,4.075052401
-2.511875,4.072679245,4.06788265
-2.51125,4.039990362,4.06708601
-2.510625,4.069490086,4.06708601
-2.51,4.033612044,4.06788265
-2.509375,4.09500336,4.070272567
-2.50875,4.040787652,4.071865845
-2.508125,4.098989809,4.073459123
-2.5075,4.043179522,4.073459123
-2.506875,4.066300926,4.073459123
-2.50625,4.075071114,4.073459123
-2.505625,4.064706347,4.072662484
-2.505,4.086233172,4.072662484
-2.504375,4.047165971,4.073459123
-2.50375,4.089422331,4.077442318
-2.503125,4.056733448,4.083018791
-2.5025,4.09580065,4.083018791
-2.501875,4.068692796,4.081425513
-2.50125,4.102976258,4.079832235
-2.500625,4.052746999,4.076645679
-2.5,4.079854853,4.077442318
-2.499375,4.055936159,4.07584904
-2.49875,4.066300926,4.07584904
-2.498125,4.069490086,4.07584904
-2.4975,4.053544289,4.074255762
-2.496875,4.106962707,4.07584904
-2.49625,4.030422885,4.07584904
-2.495625,4.09500336,4.073459123
-2.495,4.041584942,4.06708601
-2.494375,4.079057563,4.06708601
-2.49375,4.059922608,4.06788265
-2.493125,4.059125318,4.068679289
-2.4925,4.056733448,4.071069206
-2.491875,4.04955784,4.073459123
-2.49125,4.099787099,4.074255762
-2.490625,4.053544289,4.074255762
-2.49,4.090219621,4.072662484
-2.489375,4.057530738,4.072662484
-2.48875,4.059922608,4.073459123
-2.488125,4.064706347,4.073459123
-2.4875,4.086233172,4.075052401
-2.486875,4.061517187,4.080628874
-2.48625,4.081449433,4.083018791
-2.485625,4.09261149,4.083018791
-2.485,4.055936159,4.080628874
-2.484375,4.098989809,4.079832235
-2.48375,4.05035513,4.076645679
-2.483125,4.098192519,4.076645679
-2.4825,4.054341579,4.07584904
-2.481875,4.084638592,4.07584904
-2.48125,4.060719898,4.076645679
-2.480625,4.076665694,4.076645679
-2.48,4.087030462,4.076645679
-2.479375,4.055138869,4.075052401
-2.47875,4.09420607,4.069475928
-2.478125,4.029625595,4.06708601
-2.4775,4.086233172,4.06708601
-2.476875,4.043179522,4.068679289
-2.47625,4.058328028,4.071069206
-2.475625,4.066300926,4.071069206
-2.475,4.066300926,4.072662484
-2.474375,4.071084665,4.073459123
-2.47375,4.05115242,4.075052401
-2.473125,4.079854853,4.073459123
-2.4725,4.058328028,4.072662484
-2.471875,4.087030462,4.073459123
-2.47125,4.055138869,4.073459123
-2.470625,4.088625041,4.076645679
-2.47,4.067098216,4.082222152
-2.469375,4.09580065,4.083018791
-2.46875,4.071881955,4.081425513
-2.468125,4.082246723,4.080628874
-2.4675,4.066300926,4.078238957
-2.466875,4.057530738,4.077442318
-2.46625,4.09500336,4.076645679
-2.465625,4.040787652,4.07584904
-2.465,4.104570837,4.07584904
-2.464375,4.04955784,4.07584904
-2.46375,4.0918142,4.075052401
-2.463125,4.058328028,4.075052401
-2.4625,4.055936159,4.074255762
-2.461875,4.057530738,4.06788265
-2.46125,4.047963261,4.06708601
-2.460625,4.086233172,4.066289371
-2.46,4.05035513,4.068679289
-2.459375,4.086233172,4.070272567
-2.45875,4.044774101,4.071865845
-2.458125,4.070287375,4.073459123
-2.4575,4.067098216,4.072662484
-2.456875,4.065503636,4.073459123
-2.45625,4.070287375,4.072662484
-2.455625,4.065503636,4.072662484
-2.455,4.058328028,4.073459123
-2.454375,4.052746999,4.073459123
-2.45375,4.083841302,4.079035596
-2.453125,4.060719898,4.082222152
-2.4525,4.114935605,4.083018791
-2.451875,4.044774101,4.081425513
-2.45125,4.090219621,4.079035596
-2.450625,4.047963261,4.076645679
-2.45,4.075868404,4.07584904
-2.449375,4.073476535,4.07584904
-2.44875,4.059922608,4.07584904
-2.448125,4.096597939,4.076645679
-2.4475,4.041584942,4.07584904
-2.446875,4.104570837,4.07584904
-2.44625,4.047963261,4.07584904
-2.445625,4.09261149,4.071865845
-2.445,4.053544289,4.065492732
-2.444375,4.04955784,4.066289371
-2.44375,4.067098216,4.06708601
-2.443125,4.043179522,4.069475928
-2.4425,4.086233172,4.071069206
-2.441875,4.057530738,4.073459123
-2.44125,4.075071114,4.074255762
-2.440625,4.043179522,4.073459123
-2.44,4.082246723,4.074255762
-2.439375,4.067098216,4.073459123
-2.43875,4.091016911,4.073459123
-2.438125,4.042382232,4.072662484
-2.4375,4.077462984,4.074255762
-2.436875,4.060719898,4.080628874
-2.43625,4.069490086,4.083018791
-2.435625,4.109354576,4.081425513
-2.435,4.055936159,4.079832235
-2.434375,4.111746446,4.078238957
-2.43375,4.047963261,4.076645679
-2.433125,4.088625041,4.075052401
-2.4325,4.043179522,4.075052401
-2.431875,4.083841302,4.07584904
-2.43125,4.079057563,4.07584904
-2.430625,4.067098216,4.07584904
-2.43,4.078260274,4.075052401
-2.429375,4.040787652,4.075052401
-2.42875,4.083044012,4.070272567
-2.428125,4.036003913,4.066289371
-2.4275,4.075868404,4.066289371
-2.426875,4.057530738,4.06708601
-2.42625,4.070287375,4.069475928
-2.425625,4.059922608,4.071069206
-2.425,4.073476535,4.073459123
-2.424375,4.067895506,4.072662484
-2.42375,4.073476535,4.073459123
-2.423125,4.086233172,4.073459123
-2.4225,4.05115242,4.073459123
-2.421875,4.090219621,4.073459123
-2.42125,4.044774101,4.072662484
-2.420625,4.098989809,4.07584904
-2.42,4.066300926,4.081425513
-2.419375,4.091016911,4.082222152
-2.41875,4.064706347,4.081425513
-2.418125,4.071084665,4.080628874
-2.4175,4.09340878,4.079035596
-2.416875,4.055936159,4.076645679
-2.41625,4.105368127,4.07584904
-2.415625,4.042382232,4.07584904
-2.415,4.09500336,4.07584904
-2.414375,4.04876055,4.07584904
-2.41375,4.071881955,4.075052401
-2.413125,4.065503636,4.07584904
-2.4125,4.064706347,4.075052401
-2.411875,4.083044012,4.068679289
-2.41125,4.055936159,4.06708601
-2.410625,4.063111767,4.06788265
-2.41,4.044774101,4.069475928
-2.409375,4.083044012,4.070272567
-2.40875,4.05194971,4.071865845
-2.408125,4.081449433,4.072662484
-2.4075,4.046368681,4.072662484
-2.406875,4.079854853,4.073459123
-2.40625,4.063909057,4.072662484
-2.405625,4.073476535,4.073459123
-2.405,4.077462984,4.073459123
-2.404375,4.064706347,4.074255762
-2.40375,4.110151866,4.080628874
-2.403125,4.035206623,4.083018791
-2.4025,4.112543736,4.083018791
-2.401875,4.058328028,4.081425513
-2.40125,4.098192519,4.079832235
-2.400625,4.074273824,4.078238957
-2.4,4.058328028,4.076645679
-2.399375,4.082246723,4.07584904
-2.39875,4.058328028,4.075052401
-2.398125,4.083841302,4.075052401
-2.3975,4.057530738,4.07584904
-2.396875,4.097395229,4.075052401
-2.39625,4.04955784,4.075052401
-2.395625,4.070287375,4.072662484
-2.395,4.053544289,4.06708601
-2.394375,4.05194971,4.06708601
-2.39375,4.066300926,4.06708601
-2.393125,4.061517187,4.069475928
-2.3925,4.066300926,4.071069206
-2.391875,4.05035513,4.072662484
-2.39125,4.0918142,4.074255762
-2.390625,4.052746999,4.074255762
-2.39,4.097395229,4.075052401
-2.389375,4.039990362,4.073459123
-2.38875,4.079854853,4.074255762
-2.388125,4.05194971,4.073459123
-2.3875,4.082246723,4.074255762
-2.386875,4.088625041,4.081425513
-2.38625,4.062314477,4.082222152
-2.385625,4.09500336,4.082222152
-2.385,4.028031015,4.081425513
-2.384375,4.102178968,4.078238957
-2.38375,4.055138869,4.076645679
-2.383125,4.086233172,4.075052401
-2.3825,4.074273824,4.075052401
-2.381875,4.072679245,4.075052401
-2.38125,4.074273824,4.075052401
-2.380625,4.057530738,4.075052401
-2.38,4.0918142,4.075052401
-2.379375,4.060719898,4.074255762
-2.37875,4.071881955,4.06788265
-2.378125,4.033612044,4.066289371
-2.3775,4.070287375,4.066289371
-2.376875,4.042382232,4.06708601
-2.37625,4.082246723,4.069475928
-2.375625,4.055138869,4.071069206
-2.375,4.071084665,4.072662484
-2.374375,4.066300926,4.073459123
-2.37375,4.058328028,4.073459123
-2.373125,4.087827751,4.073459123
-2.3725,4.032017464,4.073459123
-2.371875,4.09261149,4.073459123
-2.37125,4.043976811,4.072662484
-2.370625,4.09340878,4.07584904
-2.37,4.042382232,4.083018791
-2.369375,4.087827751,4.083018791
-2.36875,4.087827751,4.082222152
-2.368125,4.071084665,4.080628874
-2.3675,4.084638592,4.078238957
-2.366875,4.053544289,4.077442318
-2.36625,4.103773548,4.07584904
-2.365625,4.05115242,4.07584904
-2.365,4.088625041,4.07584904
-2.364375,4.062314477,4.07584904
-2.36375,4.079854853,4.07584904
-2.363125,4.055936159,4.075052401
-2.3625,4.078260274,4.074255762
-2.361875,4.039193073,4.06708601
-2.36125,4.064706347,4.066289371
-2.360625,4.075868404,4.066289371
-2.36,4.043976811,4.068679289
-2.359375,4.09500336,4.070272567
-2.35875,4.038395783,4.071865845
-2.358125,4.091016911,4.073459123
-2.3575,4.038395783,4.073459123
-2.356875,4.087030462,4.072662484
-2.35625,4.065503636,4.073459123
-2.355625,4.063111767,4.073459123
-2.355,4.084638592,4.073459123
-2.354375,4.046368681,4.073459123
-2.35375,4.110151866,4.079832235
-2.353125,4.05035513,4.08381543
-2.3525,4.113341025,4.083018791
-2.351875,4.063111767,4.081425513
-2.35125,4.079854853,4.079832235
-2.350625,4.074273824,4.077442318
-2.35,4.071881955,4.07584904
-2.349375,4.079854853,4.075052401
-2.34875,4.071881955,4.075052401
-2.348125,4.080652143,4.075052401
-2.3475,4.037598493,4.075052401
-2.346875,4.090219621,4.074255762
-2.34625,4.059922608,4.074255762
-2.345625,4.087030462,4.071865845
-2.345,4.057530738,4.065492732
-2.344375,4.067895506,4.066289371
-2.34375,4.044774101,4.066289371
-2.343125,4.063111767,4.068679289
-2.3425,4.070287375,4.071069206
-2.341875,4.061517187,4.071865845
-2.34125,4.104570837,4.073459123
-2.340625,4.023247276,4.073459123
-2.34,4.09500336,4.073459123
-2.339375,4.047963261,4.074255762
-2.33875,4.087030462,4.073459123
-2.338125,4.068692796,4.073459123
-2.3375,4.067098216,4.074255762
-2.336875,4.082246723,4.082222152
-2.33625,4.063111767,4.083018791
-2.335625,4.103773548,4.082222152
-2.335,4.071084665,4.081425513
-2.334375,4.096597939,4.079035596
-2.33375,4.056733448,4.077442318
-2.333125,4.075868404,4.076645679
-2.3325,4.064706347,4.075052401
-2.331875,4.062314477,4.07584904
-2.33125,4.079854853,4.075052401
-2.330625,4.068692796,4.07584904
-2.33,4.075071114,4.075052401
-2.329375,4.053544289,4.075052401
-2.32875,4.083841302,4.069475928
-2.328125,4.041584942,4.065492732
-2.3275,4.089422331,4.065492732
-2.326875,4.036003913,4.066289371
-2.32625,4.078260274,4.068679289
-2.325625,4.042382232,4.071069206
-2.325,4.067895506,4.072662484
-2.324375,4.081449433,4.074255762
-2.32375,4.053544289,4.072662484
-2.323125,4.09500336,4.073459123
-2.3225,4.030422885,4.073459123
-2.321875,4.09580065,4.073459123
-2.32125,4.047165971,4.073459123
-2.320625,4.087030462,4.07584904
-2.32,4.055936159,4.081425513
-2.319375,4.081449433,4.082222152
-2.31875,4.061517187,4.080628874
-2.318125,4.063111767,4.079832235
-2.3175,4.088625041,4.077442318
-2.316875,4.065503636,4.077442318
-2.31625,4.09340878,4.075052401
-2.315625,4.054341579,4.075052401
-2.315,4.090219621,4.075052401
-2.314375,4.043179522,4.074255762
-2.31375,4.090219621,4.07584904
-2.313125,4.055936159,4.075052401
-2.3125,4.080652143,4.075052401
-2.311875,4.063909057,4.06708601
-2.31125,4.04876055,4.06708601
-2.310625,4.082246723,4.06788265
-2.31,4.039990362,4.068679289
-2.309375,4.098192519,4.071069206
-2.30875,4.038395783,4.071865845
-2.308125,4.09420607,4.072662484
-2.3075,4.042382232,4.073459123
-2.306875,4.074273824,4.072662484
-2.30625,4.069490086,4.072662484
-2.305625,4.062314477,4.073459123
-2.305,4.087030462,4.072662484
-2.304375,4.05194971,4.071865845
-2.30375,4.106962707,4.078238957
-2.303125,4.04955784,4.083018791
-2.3025,4.096597939,4.082222152
-2.301875,4.061517187,4.080628874
-2.30125,4.085435882,4.079035596
-2.300625,4.077462984,4.076645679
-2.3,4.080652143,4.07584904
-2.299375,4.055936159,4.075052401
-2.29875,4.071881955,4.075052401
-2.298125,4.079057563,4.07584904
-2.2975,4.052746999,4.07584904
-2.296875,4.098989809,4.07584904
-2.29625,4.025639146,4.07584904
-2.295625,4.087030462,4.072662484
-2.295,4.036801203,4.06708601
-2.294375,4.076665694,4.06708601
-2.29375,4.054341579,4.06708601
-2.293125,4.056733448,4.069475928
-2.2925,4.065503636,4.071865845
-2.291875,4.040787652,4.072662484
-2.29125,4.099787099,4.073459123
-2.290625,4.039193073,4.072662484
-2.29,4.099787099,4.072662484
-2.289375,4.056733448,4.073459123
-2.28875,4.069490086,4.074255762
-2.288125,4.061517187,4.074255762
-2.2875,4.067895506,4.07584904
-2.286875,4.087827751,4.083018791
-2.28625,4.086233172,4.08381543
-2.285625,4.087030462,4.083018791
-2.285,4.057530738,4.081425513
-2.284375,4.089422331,4.079035596
-2.28375,4.055936159,4.076645679
-2.283125,4.096597939,4.076645679
-2.2825,4.054341579,4.075052401
-2.281875,4.087030462,4.07584904
-2.28125,4.05035513,4.076645679
-2.280625,4.074273824,4.076645679
-2.28,4.077462984,4.07584904
-2.279375,4.064706347,4.07584904
-2.27875,4.097395229,4.069475928
-2.278125,4.029625595,4.066289371
-2.2775,4.080652143,4.066289371
-2.276875,4.030422885,4.06708601
-2.27625,4.086233172,4.069475928
-2.275625,4.05194971,4.071865845
-2.275,4.067895506,4.072662484
-2.274375,4.067098216,4.073459123
-2.27375,4.04876055,4.073459123
-2.273125,4.088625041,4.072662484
-2.2725,4.065503636,4.073459123
-2.271875,4.090219621,4.072662484
-2.27125,4.052746999,4.073459123
-2.270625,4.085435882,4.076645679
-2.27,4.067098216,4.081425513
-2.269375,4.085435882,4.082222152
-2.26875,4.077462984,4.079832235
-2.268125,4.080652143,4.079035596
-2.2675,4.077462984,4.076645679
-2.266875,4.058328028,4.076645679
-2.26625,4.089422331,4.07584904
-2.265625,4.053544289,4.074255762
-2.265,4.104570837,4.075052401
-2.264375,4.045571391,4.074255762
-2.26375,4.098989809,4.075052401
-2.263125,4.044774101,4.075052401
-2.2625,4.073476535,4.072662484
-2.261875,4.065503636,4.06788265
-2.26125,4.046368681,4.06708601
-2.260625,4.081449433,4.06708601
-2.26,4.040787652,4.068679289
-2.259375,4.09261149,4.070272567
-2.25875,4.037598493,4.071865845
-2.258125,4.084638592,4.072662484
-2.2575,4.058328028,4.072662484
-2.256875,4.075071114,4.073459123
-2.25625,4.075868404,4.072662484
-2.255625,4.047165971,4.073459123
-2.255,4.073476535,4.073459123
-2.254375,4.065503636,4.073459123
-2.25375,4.09420607,4.079832235
-2.253125,4.064706347,4.082222152
-2.2525,4.09580065,4.082222152
-2.251875,4.054341579,4.080628874
-2.25125,4.09500336,4.079832235
-2.250625,4.059922608,4.076645679
-2.25,4.084638592,4.076645679
-2.249375,4.066300926,4.07584904
-2.24875,4.078260274,4.076645679
-2.248125,4.09261149,4.076645679
-2.2475,4.039193073,4.07584904
-2.246875,4.104570837,4.07584904
-2.24625,4.039990362,4.075052401
-2.245625,4.09500336,4.071069206
-2.245,4.035206623,4.066289371
-2.244375,4.063909057,4.06708601
-2.24375,4.043179522,4.06788265
-2.243125,4.057530738,4.069475928
-2.2425,4.082246723,4.071069206
-2.241875,4.05194971,4.072662484
-2.24125,4.099787099,4.074255762
-2.240625,4.036801203,4.074255762
-2.24,4.078260274,4.072662484
-2.239375,4.039990362,4.072662484
-2.23875,4.078260274,4.073459123
-2.238125,4.054341579,4.074255762
-2.2375,4.081449433,4.07584904
-2.236875,4.063111767,4.082222152
-2.23625,4.081449433,4.082222152
-2.235625,4.091016911,4.082222152
-2.235,4.071084665,4.079832235
-2.234375,4.110151866,4.079035596
-2.23375,4.040787652,4.076645679
-2.233125,4.098192519,4.076645679
-2.2325,4.043179522,4.07584904
-2.231875,4.0918142,4.07584904
-2.23125,4.059125318,4.076645679
-2.230625,4.081449433,4.07584904
-2.23,4.079854853,4.07584904
-2.229375,4.045571391,4.075052401
-2.22875,4.091016911,4.069475928
-2.228125,4.038395783,4.06708601
-2.2275,4.09500336,4.066289371
-2.226875,4.052746999,4.06788265
-2.22625,4.075868404,4.069475928
-2.225625,4.05035513,4.071069206
-2.225,4.065503636,4.073459123
-2.224375,4.079057563,4.073459123
-2.22375,4.075868404,4.074255762
-2.223125,4.077462984,4.073459123
-2.2225,4.055936159,4.074255762
-2.221875,4.082246723,4.074255762
-2.22125,4.052746999,4.074255762
-2.220625,4.102976258,4.078238957
-2.22,4.063111767,4.082222152
-2.219375,4.099787099,4.083018791
-2.21875,4.067098216,4.082222152
-2.218125,4.075868404,4.079832235
-2.2175,4.077462984,4.079035596
-2.216875,4.070287375,4.076645679
-2.21625,4.09420607,4.07584904
-2.215625,4.047165971,4.076645679
-2.215,4.098989809,4.07584904
-2.214375,4.030422885,4.07584904
-2.21375,4.09500336,4.07584904
-2.213125,4.066300926,4.07584904
-2.2125,4.065503636,4.073459123
-2.211875,4.065503636,4.06708601
-2.21125,4.044774101,4.06708601
-2.210625,4.073476535,4.06788265
-2.21,4.059922608,4.068679289
-2.209375,4.086233172,4.071069206
-2.20875,4.044774101,4.072662484
-2.208125,4.087827751,4.075052401
-2.2075,4.04876055,4.07584904
-2.206875,4.073476535,4.07584904
-2.20625,4.060719898,4.073459123
-2.205625,4.078260274,4.073459123
-2.205,4.068692796,4.073459123
-2.204375,4.065503636,4.073459123
-2.20375,4.087030462,4.081425513
-2.203125,4.055936159,4.082222152
-2.2025,4.111746446,4.08381543
-2.201875,4.055138869,4.082222152
-2.20125,4.102976258,4.079832235
-2.200625,4.047963261,4.078238957
-2.2,4.077462984,4.077442318
-2.199375,4.063111767,4.076645679
-2.19875,4.053544289,4.07584904
-2.198125,4.0918142,4.07584904
-2.1975,4.053544289,4.07584904
-2.196875,4.097395229,4.07584904
-2.19625,4.036801203,4.07584904
-2.195625,4.067098216,4.071865845
-2.195,4.04955784,4.06708601
-2.194375,4.064706347,4.06788265
-2.19375,4.057530738,4.06788265
-2.193125,4.059125318,4.070272567
-2.1925,4.065503636,4.071865845
-2.191875,4.057530738,4.073459123
-2.19125,4.081449433,4.075052401
-2.190625,4.05115242,4.075052401
-2.19,4.084638592,4.074255762
-2.189375,4.052746999,4.072662484
-2.18875,4.086233172,4.074255762
-2.188125,4.033612044,4.073459123
-2.1875,4.087030462,4.07584904
-2.186875,4.063909057,4.082222152
-2.18625,4.085435882,4.083018791
-2.185625,4.091016911,4.083018791
-2.185,4.046368681,4.079832235
-2.184375,4.100584388,4.078238957
-2.18375,4.045571391,4.077442318
-2.183125,4.106962707,4.076645679
-2.1825,4.046368681,4.07584904
-2.181875,4.083841302,4.076645679
-2.18125,4.058328028,4.076645679
-2.180625,4.062314477,4.07584904
-2.18,4.077462984,4.075052401
-2.179375,4.059922608,4.07584904
-2.17875,4.090219621,4.068679289
-2.178125,4.043976811,4.06788265
-2.1775,4.069490086,4.06788265
-2.176875,4.045571391,4.06788265
-2.17625,4.076665694,4.071069206
-2.175625,4.057530738,4.072662484
-2.175,4.086233172,4.074255762
-2.174375,4.055936159,4.073459123
-2.17375,4.065503636,4.074255762
-2.173125,4.074273824,4.073459123
-2.1725,4.060719898,4.074255762
-2.171875,4.108557287,4.075052401
-2.17125,4.039193073,4.073459123
-2.170625,4.101381678,4.077442318
-2.17,4.047963261,4.082222152
-2.169375,4.098989809,4.082222152
-2.16875,4.063909057,4.081425513
-2.168125,4.081449433,4.079832235
-2.1675,4.083044012,4.078238957
-2.166875,4.052746999,4.077442318
-2.16625,4.0918142,4.07584904
-2.165625,4.043179522,4.07584904
-2.165,4.103773548,4.07584904
-2.164375,4.055936159,4.07584904
-2.16375,4.087030462,4.07584904
-2.163125,4.040787652,4.075052401
-2.1625,4.052746999,4.073459123
-2.161875,4.063909057,4.06708601
-2.16125,4.069490086,4.066289371
-2.160625,4.056733448,4.06708601
-2.16,4.060719898,4.069475928
-2.159375,4.083044012,4.071069206
-2.15875,4.037598493,4.071865845
-2.158125,4.100584388,4.075052401
-2.1575,4.039193073,4.073459123
-2.156875,4.086233172,4.073459123
-2.15625,4.054341579,4.073459123
-2.155625,4.072679245,4.073459123
-2.155,4.071084665,4.073459123
-2.154375,4.063909057,4.072662484
-2.15375,4.105368127,4.080628874
-2.153125,4.061517187,4.082222152
-2.1525,4.116530185,4.081425513
-2.151875,4.043179522,4.080628874
-2.15125,4.09261149,4.079035596
-2.150625,4.065503636,4.076645679
-2.15,4.075868404,4.07584904
-2.149375,4.075868404,4.075052401
-2.14875,4.064706347,4.075052401
-2.148125,4.077462984,4.075052401
-2.1475,4.061517187,4.07584904
-2.146875,4.086233172,4.07584904
-2.14625,4.053544289,4.07584904
-2.145625,4.083841302,4.071069206
-2.145,4.05035513,4.066289371
-2.144375,4.071881955,4.06708601
-2.14375,4.038395783,4.06708601
-2.143125,4.074273824,4.069475928
-2.1425,4.058328028,4.071865845
-2.141875,4.064706347,4.071865845
-2.14125,4.079057563,4.073459123
-2.140625,4.039990362,4.073459123
-2.14,4.098989809,4.072662484
-2.139375,4.039990362,4.072662484
-2.13875,4.090219621,4.074255762
-2.138125,4.032814754,4.073459123
-2.1375,4.086233172,4.07584904
-2.136875,4.071084665,4.082222152
-2.13625,4.067895506,4.083018791
-2.135625,4.091016911,4.081425513
-2.135,4.058328028,4.079832235
-2.134375,4.109354576,4.077442318
-2.13375,4.047165971,4.076645679
-2.133125,4.078260274,4.075052401
-2.1325,4.060719898,4.075052401
-2.131875,4.083044012,4.07584904
-2.13125,4.071881955,4.075052401
-2.130625,4.078260274,4.076645679
-2.13,4.071881955,4.07584904
-2.129375,4.063111767,4.07584904
-2.12875,4.070287375,4.068679289
-2.128125,4.04876055,4.06788265
-2.1275,4.081449433,4.06788265
-2.126875,4.047165971,4.068679289
-2.12625,4.085435882,4.071069206
-2.125625,4.031220174,4.071865845
-2.125,4.075868404,4.073459123
-2.124375,4.04955784,4.075052401
-2.12375,4.077462984,4.073459123
-2.123125,4.077462984,4.074255762
-2.1225,4.054341579,4.073459123
-2.121875,4.077462984,4.074255762
-2.12125,4.037598493,4.075052401
-2.120625,4.106962707,4.078238957
-2.12,4.070287375,4.08381543
-2.119375,4.09261149,4.082222152
-2.11875,4.066300926,4.081425513
-2.118125,4.075868404,4.080628874
-2.1175,4.084638592,4.077442318
-2.116875,4.067098216,4.076645679
-2.11625,4.091016911,4.075052401
-2.115625,4.066300926,4.07584904
-2.115,4.0918142,4.07584904
-2.114375,4.043179522,4.07584904
-2.11375,4.085435882,4.075052401
-2.113125,4.068692796,4.074255762
-2.1125,4.084638592,4.072662484
-2.111875,4.047165971,4.064696093
-2.11125,4.053544289,4.065492732
-2.110625,4.060719898,4.066289371
-2.11,4.057530738,4.06788265
-2.109375,4.096597939,4.070272567
-2.10875,4.036801203,4.071865845
-2.108125,4.099787099,4.073459123
-2.1075,4.035206623,4.073459123
-2.106875,4.090219621,4.073459123
-2.10625,4.059125318,4.073459123
-2.105625,4.064706347,4.072662484
-2.105,4.079854853,4.073459123
-2.104375,4.060719898,4.074255762
-2.10375,4.088625041,4.080628874
-2.103125,4.052746999,4.083018791
-2.1025,4.105368127,4.082222152
-2.101875,4.059125318,4.081425513
-2.10125,4.09580065,4.079035596
-2.100625,4.068692796,4.076645679
-2.1,4.072679245,4.075052401
-2.099375,4.065503636,4.074255762
-2.09875,4.077462984,4.075052401
-2.098125,4.070287375,4.075052401
-2.0975,4.058328028,4.075052401
-2.096875,4.083044012,4.07584904
-2.09625,4.032017464,4.075052401
-2.095625,4.09261149,4.071069206
-2.095,4.020855407,4.066289371
-2.094375,4.083044012,4.066289371
-2.09375,4.041584942,4.06788265
-2.093125,4.075868404,4.069475928
-2.0925,4.059922608,4.072662484
-2.091875,4.05115242,4.073459123
-2.09125,4.075071114,4.074255762
-2.090625,4.036801203,4.073459123
-2.09,4.104570837,4.073459123
-2.089375,4.036003913,4.074255762
-2.08875,4.091016911,4.072662484
-2.088125,4.059922608,4.073459123
-2.0875,4.070287375,4.07584904
-2.086875,4.067098216,4.082222152
-2.08625,4.075071114,4.083018791
-2.085625,4.084638592,4.082222152
-2.085,4.065503636,4.081425513
-2.084375,4.087030462,4.078238957
-2.08375,4.063909057,4.077442318
-2.083125,4.079854853,4.076645679
-2.0825,4.058328028,4.07584904
-2.081875,4.09420607,4.076645679
-2.08125,4.039990362,4.07584904
-2.080625,4.076665694,4.076645679
-2.08,4.065503636,4.07584904
-2.079375,4.070287375,4.07584904
-2.07875,4.074273824,4.06788265
-2.078125,4.043976811,4.066289371
-2.0775,4.089422331,4.06708601
-2.076875,4.016071668,4.068679289
-2.07625,4.084638592,4.070272567
-2.075625,4.042382232,4.071865845
-2.075,4.09261149,4.074255762
-2.074375,4.055936159,4.074255762
-2.07375,4.060719898,4.074255762
-2.073125,4.069490086,4.073459123
-2.0725,4.05115242,4.074255762
-2.071875,4.098192519,4.074255762
-2.07125,4.061517187,4.075052401
-2.070625,4.084638592,4.079035596
-2.07,4.057530738,4.083018791
-2.069375,4.086233172,4.08381543
-2.06875,4.066300926,4.081425513
-2.068125,4.09261149,4.080628874
-2.0675,4.055138869,4.076645679
-2.066875,4.068692796,4.077442318
-2.06625,4.072679245,4.07584904
-2.065625,4.064706347,4.07584904
-2.065,4.09420607,4.076645679
-2.064375,4.054341579,4.07584904
-2.06375,4.103773548,4.07584904
-2.063125,4.041584942,4.074255762
-2.0625,4.084638592,4.072662484
-2.061875,4.045571391,4.066289371
-2.06125,4.073476535,4.06708601
-2.060625,4.067895506,4.06708601
-2.06,4.052746999,4.068679289
-2.059375,4.068692796,4.071069206
-2.05875,4.028031015,4.071865845
-2.058125,4.097395229,4.073459123
-2.0575,4.043179522,4.073459123
-2.056875,4.079854853,4.073459123
-2.05625,4.057530738,4.071865845
-2.055625,4.064706347,4.072662484
-2.055,4.065503636,4.071865845
-2.054375,4.071881955,4.073459123
-2.05375,4.083841302,4.080628874
-2.053125,4.069490086,4.082222152
-2.0525,4.082246723,4.082222152
-2.051875,4.04876055,4.080628874
-2.05125,4.091016911,4.078238957
-2.050625,4.04955784,4.077442318
-2.05,4.096597939,4.076645679
-2.049375,4.061517187,4.07584904
-2.04875,4.085435882,4.07584904
-2.048125,4.060719898,4.076645679
-2.0475,4.068692796,4.076645679
-2.046875,4.096597939,4.076645679
-2.04625,4.04955784,4.07584904
-2.045625,4.090219621,4.071069206
-2.045,4.028828305,4.066289371
-2.044375,4.080652143,4.06788265
-2.04375,4.061517187,4.06788265
-2.043125,4.064706347,4.070272567
-2.0425,4.070287375,4.071865845
-2.041875,4.04876055,4.073459123
-2.04125,4.083044012,4.074255762
-2.040625,4.047165971,4.075052401
-2.04,4.082246723,4.074255762
-2.039375,4.04876055,4.074255762
-2.03875,4.087030462,4.073459123
-2.038125,4.044774101,4.073459123
-2.0375,4.063909057,4.076645679
-2.036875,4.065503636,4.082222152
-2.03625,4.090219621,4.08381543
-2.035625,4.072679245,4.082222152
-2.035,4.083841302,4.081425513
-2.034375,4.086233172,4.079832235
-2.03375,4.061517187,4.077442318
-2.033125,4.101381678,4.077442318
-2.0325,4.033612044,4.076645679
-2.031875,4.100584388,4.076645679
-2.03125,4.05194971,4.07584904
-2.030625,4.09261149,4.076645679
-2.03,4.067098216,4.07584904
-2.029375,4.055936159,4.074255762
-2.02875,4.078260274,4.06788265
-2.028125,4.043976811,4.066289371
-2.0275,4.091016911,4.06708601
-2.026875,4.034409334,4.068679289
-2.02625,4.096597939,4.071069206
-2.025625,4.046368681,4.073459123
-2.025,4.079057563,4.074255762
-2.024375,4.069490086,4.075052401
-2.02375,4.069490086,4.074255762
-2.023125,4.084638592,4.073459123
-2.0225,4.063111767,4.073459123
-2.021875,4.074273824,4.074255762
-2.02125,4.061517187,4.074255762
-2.020625,4.09580065,4.079035596
-2.02,4.064706347,4.083018791
-2.019375,4.113341025,4.083018791
-2.01875,4.04876055,4.081425513
-2.018125,4.088625041,4.080628874
-2.0175,4.05194971,4.079035596
-2.016875,4.083044012,4.077442318
-2.01625,4.086233172,4.077442318
-2.015625,4.063111767,4.07584904
-2.015,4.097395229,4.076645679
-2.014375,4.036003913,4.076645679
-2.01375,4.098192519,4.07584904
-2.013125,4.047165971,4.07584904
-2.0125,4.0918142,4.073459123
-2.011875,4.04876055,4.06708601
-2.01125,4.055936159,4.06708601
-2.010625,4.063111767,4.06788265
-2.01,4.04955784,4.069475928
-2.009375,4.079057563,4.071865845
-2.00875,4.054341579,4.073459123
-2.008125,4.091016911,4.074255762
-2.0075,4.032814754,4.075052401
-2.006875,4.082246723,4.075052401
-2.00625,4.052746999,4.074255762
-2.005625,4.091016911,4.075052401
-2.005,4.045571391,4.07584904
-2.004375,4.082246723,4.07584904
-2.00375,4.073476535,4.082222152
-2.003125,4.075071114,4.084612069
-2.0025,4.101381678,4.08381543
-2.001875,4.063111767,4.082222152
-2.00125,4.108557287,4.080628874
-2.000625,4.040787652,4.078238957
-2,4.086233172,4.076645679
-1.999375,4.055138869,4.076645679
-1.99875,4.083841302,4.076645679
-1.998125,4.083044012,4.076645679
-1.9975,4.063111767,4.076645679
-1.996875,4.0918142,4.076645679
-1.99625,4.043179522,4.076645679
-1.995625,4.09420607,4.071069206
-1.995,4.041584942,4.06788265
-1.994375,4.081449433,4.06788265
-1.99375,4.056733448,4.068679289
-1.993125,4.068692796,4.071865845
-1.9925,4.05035513,4.071865845
-1.991875,4.075071114,4.073459123
-1.99125,4.064706347,4.074255762
-1.990625,4.068692796,4.074255762
-1.99,4.084638592,4.073459123
-1.989375,4.055936159,4.074255762
-1.98875,4.083044012,4.074255762
-1.988125,4.04876055,4.073459123
-1.9875,4.097395229,4.076645679
-1.986875,4.057530738,4.083018791
-1.98625,4.098192519,4.08381543
-1.985625,4.067895506,4.08381543
-1.985,4.071881955,4.081425513
-1.984375,4.09580065,4.079832235
-1.98375,4.04955784,4.077442318
-1.983125,4.109354576,4.07584904
-1.9825,4.038395783,4.07584904
-1.981875,4.106165417,4.077442318
-1.98125,4.056733448,4.077442318
-1.980625,4.077462984,4.076645679
-1.98,4.065503636,4.07584904
-1.979375,4.068692796,4.07584904
-1.97875,4.075071114,4.068679289
-1.978125,4.04876055,4.06788265
-1.9775,4.073476535,4.06788265
-1.976875,4.047165971,4.069475928
-1.97625,4.084638592,4.071069206
-1.975625,4.04955784,4.072662484
-1.975,4.078260274,4.074255762
-1.974375,4.058328028,4.074255762
-1.97375,4.076665694,4.074255762
-1.973125,4.063111767,4.073459123
-1.9725,4.073476535,4.073459123
-1.971875,4.078260274,4.073459123
-1.97125,4.062314477,4.073459123
-1.970625,4.102178968,4.079832235
-1.97,4.032814754,4.082222152
-1.969375,4.108557287,4.083018791
-1.96875,4.039990362,4.082222152
-1.968125,4.098989809,4.080628874
-1.9675,4.075071114,4.077442318
-1.966875,4.063111767,4.07584904
-1.96625,4.075071114,4.075052401
-1.965625,4.047165971,4.07584904
-1.965,4.098989809,4.075052401
-1.964375,4.056733448,4.076645679
-1.96375,4.097395229,4.07584904
-1.963125,4.029625595,4.07584904
-1.9625,4.074273824,4.072662484
-1.961875,4.055936159,4.06708601
-1.96125,4.066300926,4.06708601
-1.960625,4.070287375,4.06788265
-1.96,4.071084665,4.070272567
-1.959375,4.063909057,4.071865845
-1.95875,4.057530738,4.073459123
-1.958125,4.087827751,4.075052401
-1.9575,4.04955784,4.074255762
-1.956875,4.102178968,4.075052401
-1.95625,4.043976811,4.074255762
-1.955625,4.081449433,4.075052401
-1.955,4.055936159,4.074255762
-1.954375,4.076665694,4.075052401
-1.95375,4.091016911,4.083018791
-1.953125,4.065503636,4.082222152
-1.9525,4.106165417,4.08381543
-1.951875,4.044774101,4.082222152
-1.95125,4.101381678,4.079832235
-1.950625,4.047963261,4.079035596
-1.95,4.096597939,4.076645679
-1.949375,4.071881955,4.07584904
-1.94875,4.070287375,4.076645679
-1.948125,4.068692796,4.076645679
-1.9475,4.055936159,4.076645679
-1.946875,4.086233172,4.076645679
-1.94625,4.064706347,4.07584904
-1.945625,4.072679245,4.070272567
-1.945,4.039990362,4.06788265
-1.944375,4.067098216,4.06788265
-1.94375,4.034409334,4.068679289
-1.943125,4.088625041,4.071865845
-1.9425,4.053544289,4.071865845
-1.941875,4.081449433,4.073459123
-1.94125,4.055936159,4.075052401
-1.940625,4.057530738,4.075052401
-1.94,4.089422331,4.07584904
-1.939375,4.047963261,4.075052401
-1.93875,4.103773548,4.07584904
-1.938125,4.047963261,4.075052401
-1.9375,4.098989809,4.078238957
-1.936875,4.053544289,4.084612069
-1.93625,4.09500336,4.084612069
-1.935625,4.085435882,4.08381543
-1.935,4.073476535,4.081425513
-1.934375,4.09580065,4.079035596
-1.93375,4.041584942,4.078238957
-1.933125,4.102178968,4.076645679
-1.9325,4.052746999,4.076645679
-1.931875,4.089422331,4.07584904
-1.93125,4.063909057,4.075052401
-1.930625,4.082246723,4.07584904
-1.93,4.062314477,4.075052401
-1.929375,4.074273824,4.075052401
-1.92875,4.05194971,4.068679289
-1.928125,4.060719898,4.06788265
-1.9275,4.073476535,4.06788265
-1.926875,4.05194971,4.068679289
-1.92625,4.087827751,4.071069206
-1.925625,4.028031015,4.071865845
-1.925,4.0918142,4.073459123
-1.924375,4.05194971,4.074255762
-1.92375,4.085435882,4.073459123
-1.923125,4.04955784,4.073459123
-1.9225,4.069490086,4.073459123
-1.921875,4.079854853,4.074255762
-1.92125,4.05035513,4.073459123
-1.920625,4.109354576,4.079832235
-1.92,4.047963261,4.08381543
-1.919375,4.110151866,4.08381543
-1.91875,4.054341579,4.082222152
-1.918125,4.081449433,4.079832235
-1.9175,4.074273824,4.077442318
-1.916875,4.072679245,4.07584904
-1.91625,4.081449433,4.075052401
-1.915625,4.079057563,4.076645679
-1.915,4.078260274,4.07584904
-1.914375,4.053544289,4.076645679
-1.91375,4.090219621,4.076645679
-1.913125,4.059922608,4.07584904
-1.9125,4.086233172,4.073459123
-1.911875,4.044774101,4.06708601
-1.91125,4.067895506,4.06708601
-1.910625,4.045571391,4.06788265
-1.91,4.065503636,4.069475928
-1.909375,4.060719898,4.071865845
-1.90875,4.063111767,4.074255762
-1.908125,4.102976258,4.075052401
-1.9075,4.030422885,4.074255762
-1.906875,4.097395229,4.074255762
-1.90625,4.046368681,4.073459123
-1.905625,4.090219621,4.074255762
-1.905,4.073476535,4.075052401
-1.904375,4.059125318,4.075052401
-1.90375,4.083044012,4.082222152
-1.903125,4.064706347,4.08381543
-1.9025,4.104570837,4.08381543
-1.901875,4.062314477,4.083018791
-1.90125,4.09340878,4.079832235
-1.900625,4.057530738,4.079035596
-1.9,4.075071114,4.078238957
-1.899375,4.061517187,4.077442318
-1.89875,4.060719898,4.079035596
-1.898125,4.075071114,4.077442318
-1.8975,4.068692796,4.077442318
-1.896875,4.067098216,4.077442318
-1.89625,4.04955784,4.077442318
-1.895625,4.083841302,4.071865845
-1.895,4.036003913,4.06788265
-1.894375,4.09580065,4.068679289
-1.89375,4.042382232,4.068679289
-1.893125,4.085435882,4.071865845
-1.8925,4.041584942,4.073459123
-1.891875,4.077462984,4.075052401
-1.89125,4.082246723,4.07584904
-1.890625,4.055936159,4.075052401
-1.89,4.09580065,4.075052401
-1.889375,4.034409334,4.075052401
-1.88875,4.090219621,4.074255762
-1.888125,4.05115242,4.075052401
-1.8875,4.078260274,4.078238957
-1.886875,4.074273824,4.08381543
-1.88625,4.084638592,4.082222152
-1.885625,4.085435882,4.080628874
-1.885,4.065503636,4.080628874
-1.884375,4.087827751,4.078238957
-1.88375,4.069490086,4.078238957
-1.883125,4.09420607,4.076645679
-1.8825,4.055936159,4.07584904
-1.881875,4.087827751,4.076645679
-1.88125,4.047165971,4.076645679
-1.880625,4.087030462,4.07584904
-1.88,4.05194971,4.074255762
-1.879375,4.073476535,4.073459123
-1.87875,4.061517187,4.066289371
-1.878125,4.052746999,4.066289371
-1.8775,4.081449433,4.06708601
-1.876875,4.028828305,4.06788265
-1.87625,4.09500336,4.070272567
-1.875625,4.037598493,4.071865845
-1.875,4.09340878,4.073459123
-1.874375,4.044774101,4.074255762
-1.87375,4.065503636,4.073459123
-1.873125,4.060719898,4.073459123
-1.8725,4.059922608,4.073459123
-1.871875,4.090219621,4.074255762
-1.87125,4.052746999,4.074255762
-1.870625,4.110151866,4.080628874
-1.87,4.055138869,4.084612069
-1.869375,4.09580065,4.08381543
-1.86875,4.063111767,4.082222152
-1.868125,4.086233172,4.080628874
-1.8675,4.063909057,4.079035596
-1.866875,4.063909057,4.078238957
-1.86625,4.070287375,4.077442318
-1.865625,4.071084665,4.076645679
-1.865,4.079854853,4.076645679
-1.864375,4.064706347,4.077442318
-1.86375,4.102178968,4.077442318
-1.863125,4.035206623,4.07584904
-1.8625,4.090219621,4.072662484
-1.861875,4.040787652,4.06708601
-1.86125,4.070287375,4.06788265
-1.860625,4.055138869,4.068679289
-1.86,4.064706347,4.069475928
-1.859375,4.078260274,4.072662484
-1.85875,4.040787652,4.075052401
-1.858125,4.089422331,4.07584904
-1.8575,4.038395783,4.075052401
-1.856875,4.099787099,4.07584904
-1.85625,4.05115242,4.07584904
-1.855625,4.071881955,4.07584904
-1.855,4.060719898,4.075052401
-1.854375,4.057530738,4.076645679
-1.85375,4.091016911,4.082222152
-1.853125,4.083841302,4.084612069
-1.8525,4.087827751,4.08381543
-1.851875,4.056733448,4.083018791
-1.85125,4.0918142,4.080628874
-1.850625,4.05194971,4.079035596
-1.85,4.09420607,4.078238957
-1.849375,4.05115242,4.076645679
-1.84875,4.087030462,4.077442318
-1.848125,4.055936159,4.077442318
-1.8475,4.073476535,4.077442318
-1.846875,4.078260274,4.076645679
-1.84625,4.055138869,4.076645679
-1.845625,4.102178968,4.071865845
-1.845,4.022449986,4.068679289
-1.844375,4.085435882,4.068679289
-1.84375,4.040787652,4.068679289
-1.843125,4.080652143,4.071069206
-1.8425,4.069490086,4.072662484
-1.841875,4.067098216,4.074255762
-1.84125,4.063909057,4.075052401
-1.840625,4.05194971,4.075052401
-1.84,4.090219621,4.075052401
-1.839375,4.062314477,4.07584904
-1.83875,4.087827751,4.075052401
-1.838125,4.054341579,4.07584904
-1.8375,4.085435882,4.079035596
-1.836875,4.067895506,4.084612069
-1.83625,4.0918142,4.084612069
-1.835625,4.071881955,4.082222152
-1.835,4.086233172,4.082222152
-1.834375,4.080652143,4.079035596
-1.83375,4.063111767,4.078238957
-1.833125,4.0918142,4.077442318
-1.8325,4.044774101,4.077442318
-1.831875,4.105368127,4.077442318
-1.83125,4.045571391,4.076645679
-1.830625,4.09420607,4.076645679
-1.83,4.05035513,4.07584904
-1.829375,4.068692796,4.075052401
-1.82875,4.074273824,4.068679289
-1.828125,4.04955784,4.06788265
-1.8275,4.081449433,4.068679289
-1.826875,4.036801203,4.070272567
-1.82625,4.096597939,4.072662484
-1.825625,4.042382232,4.073459123
-1.825,4.077462984,4.075052401
-1.824375,4.065503636,4.074255762
-1.82375,4.067098216,4.075052401
-1.823125,4.071881955,4.075052401
-1.8225,4.056733448,4.075052401
-1.821875,4.077462984,4.075052401
-1.82125,4.064706347,4.07584904
-1.820625,4.09580065,4.081425513
-1.82,4.060719898,4.08381543
-1.819375,4.097395229,4.08381543
-1.81875,4.065503636,4.082222152
-1.818125,4.087030462,4.080628874
-1.8175,4.058328028,4.078238957
-1.816875,4.086233172,4.076645679
-1.81625,4.058328028,4.076645679
-1.815625,4.075071114,4.076645679
-1.815,4.09420607,4.077442318
-1.814375,4.036801203,4.076645679
-1.81375,4.099787099,4.076645679
-1.813125,4.035206623,4.076645679
-1.8125,4.0918142,4.071865845
-1.811875,4.062314477,4.06708601
-1.81125,4.05115242,4.06708601
-1.810625,4.053544289,4.06788265
-1.81,4.052746999,4.070272567
-1.809375,4.082246723,4.072662484
-1.80875,4.043976811,4.074255762
-1.808125,4.099787099,4.075052401
-1.8075,4.038395783,4.075052401
-1.806875,4.079854853,4.074255762
-1.80625,4.060719898,4.074255762
-1.805625,4.075868404,4.075052401
-1.805,4.069490086,4.074255762
-1.804375,4.075868404,4.076645679
-1.80375,4.067895506,4.083018791
-1.803125,4.077462984,4.08381543
-1.8025,4.09340878,4.08381543
-1.801875,4.066300926,4.082222152
-1.80125,4.110949156,4.080628874
-1.800625,4.036801203,4.079035596
-1.8,4.0918142,4.078238957
-1.799375,4.036003913,4.076645679
-1.79875,4.079057563,4.076645679
-1.798125,4.078260274,4.07584904
-1.7975,4.05115242,4.076645679
-1.796875,4.085435882,4.07584904
-1.79625,4.04955784,4.07584904
-1.795625,4.09580065,4.069475928
-1.795,4.028031015,4.06708601
-1.794375,4.091016911,4.06708601
-1.79375,4.038395783,4.06788265
-1.793125,4.072679245,4.070272567
-1.7925,4.056733448,4.071865845
-1.791875,4.063111767,4.073459123
-1.79125,4.076665694,4.075052401
-1.790625,4.058328028,4.074255762
-1.79,4.083841302,4.074255762
-1.789375,4.059125318,4.074255762
-1.78875,4.079854853,4.073459123
-1.788125,4.045571391,4.073459123
-1.7875,4.099787099,4.077442318
-1.786875,4.056733448,4.083018791
-1.78625,4.09340878,4.08381543
-1.785625,4.062314477,4.083018791
-1.785,4.075868404,4.081425513
-1.784375,4.085435882,4.079832235
-1.78375,4.063909057,4.077442318
-1.783125,4.103773548,4.076645679
-1.7825,4.036003913,4.076645679
-1.781875,4.0918142,4.07584904
-1.78125,4.043179522,4.076645679
-1.780625,4.0918142,4.07584904
-1.78,4.072679245,4.07584904
-1.779375,4.070287375,4.074255762
-1.77875,4.077462984,4.06788265
-1.778125,4.039990362,4.06788265
-1.7775,4.075071114,4.06788265
-1.776875,4.046368681,4.070272567
-1.77625,4.074273824,4.071865845
-1.775625,4.054341579,4.073459123
-1.775,4.081449433,4.075052401
-1.774375,4.043976811,4.074255762
-1.77375,4.080652143,4.075052401
-1.773125,4.058328028,4.074255762
-1.7725,4.075868404,4.074255762
-1.771875,4.059125318,4.074255762
-1.77125,4.059922608,4.074255762
-1.770625,4.09580065,4.080628874
-1.77,4.042382232,4.083018791
-1.769375,4.111746446,4.083018791
-1.76875,4.039990362,4.082222152
-1.768125,4.098989809,4.080628874
-1.7675,4.060719898,4.077442318
-1.766875,4.079057563,4.077442318
-1.76625,4.073476535,4.076645679
-1.765625,4.061517187,4.076645679
-1.765,4.09500336,4.076645679
-1.764375,4.047963261,4.076645679
-1.76375,4.106962707,4.076645679
-1.763125,4.035206623,4.07584904
-1.7625,4.075868404,4.071865845
-1.761875,4.052746999,4.06788265
-1.76125,4.061517187,4.06788265
-1.760625,4.052746999,4.06788265
-1.76,4.060719898,4.070272567
-1.759375,4.062314477,4.072662484
-1.75875,4.055936159,4.073459123
-1.758125,4.083044012,4.074255762
-1.7575,4.043179522,4.074255762
-1.756875,4.090219621,4.075052401
-1.75625,4.054341579,4.073459123
-1.755625,4.086233172,4.074255762
-1.755,4.034409334,4.073459123
-1.754375,4.079854853,4.07584904
-1.75375,4.072679245,4.082222152
-1.753125,4.082246723,4.083018791
-1.7525,4.104570837,4.082222152
-1.751875,4.05194971,4.081425513
-1.75125,4.105368127,4.079035596
-1.750625,4.04876055,4.077442318
-1.75,4.099787099,4.076645679
-1.749375,4.071084665,4.07584904
-1.74875,4.073476535,4.076645679
-1.748125,4.068692796,4.07584904
-1.7475,4.062314477,4.07584904
-1.746875,4.086233172,4.07584904
-1.74625,4.055936159,4.076645679
-1.745625,4.085435882,4.069475928
-1.745,4.039193073,4.06788265
-1.744375,4.075071114,4.06708601
-1.74375,4.047165971,4.06788265
-1.743125,4.071084665,4.071865845
-1.7425,4.061517187,4.072662484
-1.741875,4.077462984,4.074255762
-1.74125,4.055936159,4.075052401
-1.740625,4.060719898,4.075052401
-1.74,4.079057563,4.074255762
-1.739375,4.059125318,4.074255762
-1.73875,4.103773548,4.07584904
-1.738125,4.044774101,4.075052401
-1.7375,4.102976258,4.079035596
-1.736875,4.052746999,4.08381543
-1.73625,4.097395229,4.08381543
-1.735625,4.087030462,4.082222152
-1.735,4.070287375,4.081425513
-1.734375,4.087827751,4.079832235
-1.73375,4.052746999,4.079035596
-1.733125,4.099787099,4.078238957
-1.7325,4.043179522,4.078238957
-1.731875,4.09340878,4.077442318
-1.73125,4.055138869,4.077442318
-1.730625,4.082246723,4.078238957
-1.73,4.071881955,4.078238957
-1.729375,4.062314477,4.07584904
-1.72875,4.058328028,4.068679289
-1.728125,4.064706347,4.068679289
-1.7275,4.072679245,4.069475928
-1.726875,4.052746999,4.071069206
-1.72625,4.082246723,4.072662484
-1.725625,4.043179522,4.074255762
-1.725,4.09420607,4.07584904
-1.724375,4.05115242,4.075052401
-1.72375,4.089422331,4.075052401
-1.723125,4.062314477,4.075052401
-1.7225,4.072679245,4.075052401
-1.721875,4.076665694,4.075052401
-1.72125,4.04955784,4.075052401
-1.720625,4.098989809,4.082222152
-1.72,4.052746999,4.084612069
-1.719375,4.113341025,4.084612069
-1.71875,4.043179522,4.08381543
-1.718125,4.087030462,4.080628874
-1.7175,4.072679245,4.079035596
-1.716875,4.071881955,4.078238957
-1.71625,4.083841302,4.076645679
-1.715625,4.063111767,4.077442318
-1.715,4.091016911,4.076645679
-1.714375,4.059922608,4.077442318
-1.71375,4.09261149,4.076645679
-1.713125,4.058328028,4.077442318
-1.7125,4.080652143,4.072662484
-1.711875,4.055936159,4.06788265
-1.71125,4.071881955,4.068679289
-1.710625,4.047963261,4.069475928
-1.71,4.067098216,4.071069206
-1.709375,4.071881955,4.072662484
-1.70875,4.065503636,4.074255762
-1.708125,4.101381678,4.07584904
-1.7075,4.029625595,4.075052401
-1.706875,4.09420607,4.075052401
-1.70625,4.043179522,4.074255762
-1.705625,4.09261149,4.075052401
-1.705,4.044774101,4.075052401
-1.704375,4.079057563,4.076645679
-1.70375,4.075868404,4.083018791
-1.703125,4.053544289,4.08381543
-1.7025,4.101381678,4.08381543
-1.701875,4.058328028,4.082222152
-1.70125,4.110151866,4.079832235
-1.700625,4.052746999,4.079035596
-1.7,4.085435882,4.078238957
-1.699375,4.055138869,4.077442318
-1.69875,4.077462984,4.078238957
-1.698125,4.071084665,4.076645679
-1.6975,4.083044012,4.077442318
-1.696875,4.064706347,4.07584904
-1.69625,4.05115242,4.07584904
-1.695625,4.072679245,4.069475928
-1.695,4.044774101,4.06708601
-1.694375,4.0918142,4.06788265
-1.69375,4.043179522,4.068679289
-1.693125,4.084638592,4.070272567
-1.6925,4.043179522,4.071865845
-1.691875,4.082246723,4.073459123
-1.69125,4.070287375,4.074255762
-1.690625,4.072679245,4.073459123
-1.69,4.090219621,4.074255762
-1.689375,4.041584942,4.074255762
-1.68875,4.097395229,4.073459123
-1.688125,4.037598493,4.075052401
-1.6875,4.098192519,4.078238957
-1.686875,4.052746999,4.08381543
-1.68625,4.086233172,4.084612069
-1.685625,4.076665694,4.083018791
-1.685,4.068692796,4.082222152
-1.684375,4.088625041,4.079832235
-1.68375,4.075868404,4.078238957
-1.683125,4.085435882,4.076645679
-1.6825,4.061517187,4.077442318
-1.681875,4.087827751,4.076645679
-1.68125,4.05194971,4.076645679
-1.680625,4.091016911,4.078238957
-1.68,4.05115242,4.076645679
-1.679375,4.087030462,4.07584904
-1.67875,4.053544289,4.068679289
-1.678125,4.063111767,4.068679289
-1.6775,4.061517187,4.070272567
-1.676875,4.04955784,4.071865845
-1.67625,4.098192519,4.073459123
-1.675625,4.034409334,4.075052401
-1.675,4.100584388,4.07584904
-1.674375,4.036801203,4.07584904
-1.67375,4.084638592,4.07584904
-1.673125,4.071084665,4.075052401
-1.6725,4.067098216,4.075052401
-1.671875,4.087030462,4.07584904
-1.67125,4.060719898,4.075052401
-1.670625,4.108557287,4.082222152
-1.67,4.061517187,4.085408708
-1.669375,4.09500336,4.08381543
-1.66875,4.056733448,4.083018791
-1.668125,4.090219621,4.080628874
-1.6675,4.068692796,4.079035596
-1.666875,4.070287375,4.078238957
-1.66625,4.069490086,4.076645679
-1.665625,4.074273824,4.077442318
-1.665,4.065503636,4.076645679
-1.664375,4.061517187,4.07584904
-1.66375,4.089422331,4.076645679
-1.663125,4.041584942,4.07584904
-1.6625,4.079854853,4.072662484
-1.661875,4.028828305,4.06708601
-1.66125,4.079854853,4.06708601
-1.660625,4.052746999,4.06788265
-1.66,4.073476535,4.070272567
-1.659375,4.073476535,4.072662484
-1.65875,4.047165971,4.073459123
-1.658125,4.079854853,4.075052401
-1.6575,4.037598493,4.075052401
-1.656875,4.102178968,4.075052401
-1.65625,4.054341579,4.075052401
-1.655625,4.063909057,4.074255762
-1.655,4.059922608,4.075052401
-1.654375,4.071084665,4.076645679
-1.65375,4.079854853,4.083018791
-1.653125,4.070287375,4.084612069
-1.6525,4.070287375,4.083018791
-1.651875,4.063111767,4.081425513
-1.65125,4.09580065,4.079035596
-1.650625,4.061517187,4.077442318
-1.65,4.081449433,4.076645679
-1.649375,4.059922608,4.07584904
-1.64875,4.089422331,4.076645679
-1.648125,4.046368681,4.075052401
-1.6475,4.077462984,4.076645679
-1.646875,4.060719898,4.076645679
-1.64625,4.071881955,4.076645679
-1.645625,4.082246723,4.069475928
-1.645,4.020058117,4.06708601
-1.644375,4.085435882,4.06788265
-1.64375,4.041584942,4.068679289
-1.643125,4.088625041,4.071865845
-1.6425,4.071084665,4.074255762
-1.641875,4.072679245,4.075052401
-1.64125,4.071084665,4.07584904
-1.640625,4.043976811,4.075052401
-1.64,4.082246723,4.074255762
-1.639375,4.038395783,4.075052401
-1.63875,4.102976258,4.075052401
-1.638125,4.055138869,4.07584904
-1.6375,4.087030462,4.080628874
-1.636875,4.063111767,4.084612069
-1.63625,4.078260274,4.084612069
-1.635625,4.082246723,4.083018791
-1.635,4.0918142,4.082222152
-1.634375,4.075868404,4.079832235
-1.63375,4.061517187,4.077442318
-1.633125,4.068692796,4.077442318
-1.6325,4.05115242,4.077442318
-1.631875,4.108557287,4.077442318
-1.63125,4.040787652,4.07584904
-1.630625,4.097395229,4.077442318
-1.63,4.041584942,4.076645679
-1.629375,4.075868404,4.075052401
-1.62875,4.066300926,4.06788265
-1.628125,4.056733448,4.06788265
-1.6275,4.082246723,4.068679289
-1.626875,4.047963261,4.069475928
-1.62625,4.099787099,4.071865845
-1.625625,4.029625595,4.073459123
-1.625,4.097395229,4.075052401
-1.624375,4.053544289,4.075052401
-1.62375,4.076665694,4.075052401
-1.623125,4.064706347,4.075052401
-1.6225,4.056733448,4.07584904
-1.621875,4.079057563,4.075052401
-1.62125,4.065503636,4.076645679
-1.620625,4.0918142,4.082222152
-1.62,4.067098216,4.084612069
-1.619375,4.100584388,4.08381543
-1.61875,4.057530738,4.082222152
-1.618125,4.104570837,4.080628874
-1.6175,4.041584942,4.078238957
-1.616875,4.09261149,4.077442318
-1.61625,4.069490086,4.076645679
-1.615625,4.071084665,4.076645679
-1.615,4.079854853,4.077442318
-1.614375,4.052746999,4.076645679
-1.61375,4.109354576,4.078238957
-1.613125,4.036801203,4.076645679
-1.6125,4.098192519,4.071069206
-1.611875,4.043976811,4.06788265
-1.61125,4.075868404,4.06708601
-1.610625,4.044774101,4.068679289
-1.61,4.062314477,4.071865845
-1.609375,4.078260274,4.073459123
-1.60875,4.058328028,4.075052401
-1.608125,4.09580065,4.07584904
-1.6075,4.047963261,4.07584904
-1.606875,4.086233172,4.074255762
-1.60625,4.055936159,4.074255762
-1.605625,4.073476535,4.075052401
-1.605,4.065503636,4.074255762
-1.604375,4.087827751,4.077442318
-1.60375,4.059922608,4.083018791
-1.603125,4.084638592,4.084612069
-1.6025,4.086233172,4.083018791
-1.601875,4.075868404,4.081425513
-1.60125,4.103773548,4.079832235
-1.600625,4.053544289,4.077442318
-1.6,4.09500336,4.076645679
-1.599375,4.047165971,4.076645679
-1.59875,4.09340878,4.076645679
-1.598125,4.061517187,4.076645679
-1.5975,4.079057563,4.077442318
-1.596875,4.076665694,4.077442318
-1.59625,4.04955784,4.076645679
-1.595625,4.083841302,4.069475928
-1.595,4.038395783,4.068679289
-1.594375,4.096597939,4.068679289
-1.59375,4.054341579,4.069475928
-1.593125,4.071881955,4.071069206
-1.5925,4.05035513,4.072662484
-1.591875,4.066300926,4.075052401
-1.59125,4.072679245,4.074255762
-1.590625,4.077462984,4.075052401
-1.59,4.077462984,4.074255762
-1.589375,4.063111767,4.075052401
-1.58875,4.087030462,4.074255762
-1.588125,4.044774101,4.075052401
-1.5875,4.09420607,4.079832235
-1.586875,4.068692796,4.083018791
-1.58625,4.098192519,4.08381543
-1.585625,4.04876055,4.082222152
-1.585,4.079057563,4.081425513
-1.584375,4.071881955,4.079035596
-1.58375,4.077462984,4.077442318
-1.583125,4.09580065,4.076645679
-1.5825,4.039990362,4.076645679
-1.581875,4.104570837,4.077442318
-1.58125,4.037598493,4.076645679
-1.580625,4.085435882,4.076645679
-1.58,4.069490086,4.077442318
-1.579375,4.071881955,4.074255762
-1.57875,4.066300926,4.06788265
-1.578125,4.043976811,4.06788265
-1.5775,4.060719898,4.068679289
-1.576875,4.054341579,4.070272567
-1.57625,4.081449433,4.072662484
-1.575625,4.025639146,4.073459123
-1.575,4.081449433,4.075052401
-1.574375,4.043976811,4.074255762
-1.57375,4.063909057,4.075052401
-1.573125,4.067098216,4.075052401
-1.5725,4.079057563,4.075052401
-1.571875,4.063909057,4.075052401
-1.57125,4.074273824,4.07584904
-1.570625,4.090219621,4.082222152
-1.57,4.053544289,4.08381543
-1.569375,4.100584388,4.084612069
-1.56875,4.052746999,4.083018791
-1.568125,4.102178968,4.080628874
-1.5675,4.059125318,4.077442318
-1.566875,4.080652143,4.077442318
-1.56625,4.075868404,4.078238957
-1.565625,4.064706347,4.077442318
-1.565,4.090219621,4.077442318
-1.564375,4.057530738,4.077442318
-1.56375,4.106962707,4.078238957
-1.563125,4.039193073,4.077442318
-1.5625,4.087827751,4.072662484
-1.561875,4.05194971,4.06788265
-1.56125,4.061517187,4.06788265
-1.560625,4.063111767,4.06788265
-1.56,4.061517187,4.070272567
-1.559375,4.075071114,4.071865845
-1.55875,4.055138869,4.074255762
-1.558125,4.070287375,4.075052401
-1.5575,4.047963261,4.07584904
-1.556875,4.090219621,4.075052401
-1.55625,4.053544289,4.074255762
-1.555625,4.087827751,4.075052401
-1.555,4.041584942,4.075052401
-1.554375,4.082246723,4.077442318
-1.55375,4.061517187,4.085408708
-1.553125,4.084638592,4.085408708
-1.5525,4.099787099,4.084612069
-1.551875,4.043976811,4.081425513
-1.55125,4.103773548,4.079832235
-1.550625,4.022449986,4.078238957
-1.55,4.101381678,4.078238957
-1.549375,4.057530738,4.078238957
-1.54875,4.086233172,4.076645679
-1.548125,4.060719898,4.07584904
-1.5475,4.059125318,4.076645679
-1.546875,4.086233172,4.076645679
-1.54625,4.059922608,4.075052401
-1.545625,4.071084665,4.06788265
-1.545,4.04955784,4.06708601
-1.544375,4.070287375,4.06708601
-1.54375,4.043976811,4.06788265
-1.543125,4.074273824,4.070272567
-1.5425,4.058328028,4.071069206
-1.541875,4.087030462,4.073459123
-1.54125,4.056733448,4.073459123
-1.540625,4.071084665,4.074255762
-1.54,4.064706347,4.073459123
-1.539375,4.069490086,4.074255762
-1.53875,4.087030462,4.075052401
-1.538125,4.039990362,4.075052401
-1.5375,4.107759997,4.079832235
-1.536875,4.047165971,4.08381543
-1.53625,4.099787099,4.08381543
-1.535625,4.071084665,4.082222152
-1.535,4.083841302,4.079832235
-1.534375,4.086233172,4.078238957
-1.53375,4.058328028,4.076645679
-1.533125,4.091016911,4.07584904
-1.5325,4.04876055,4.07584904
-1.531875,4.103773548,4.076645679
-1.53125,4.063909057,4.076645679
-1.530625,4.078260274,4.076645679
-1.53,4.061517187,4.07584904
-1.529375,4.067098216,4.074255762
-1.52875,4.063909057,4.06708601
-1.528125,4.071084665,4.06788265
-1.5275,4.059125318,4.06708601
-1.526875,4.055138869,4.068679289
-1.52625,4.082246723,4.071865845
-1.525625,4.039193073,4.073459123
-1.525,4.09420607,4.07584904
-1.524375,4.043179522,4.074255762
-1.52375,4.09261149,4.074255762
-1.523125,4.041584942,4.074255762
-1.5225,4.075071114,4.075052401
-1.521875,4.053544289,4.075052401
-1.52125,4.071881955,4.07584904
-1.520625,4.096597939,4.083018791
-1.52,4.059125318,4.08381543
-1.519375,4.117327475,4.08381543
-1.51875,4.034409334,4.083018791
-1.518125,4.100584388,4.080628874
-1.5175,4.063909057,4.079035596
-1.516875,4.072679245,4.077442318
-1.51625,4.061517187,4.076645679
-1.515625,4.070287375,4.077442318
-1.515,4.079854853,4.076645679
-1.514375,4.068692796,4.078238957
-1.51375,4.083841302,4.076645679
-1.513125,4.043179522,4.076645679
-1.5125,4.084638592,4.071069206
-1.511875,4.05115242,4.06788265
-1.51125,4.068692796,4.06788265
-1.510625,4.054341579,4.06788265
-1.51,4.076665694,4.071069206
-1.509375,4.063909057,4.072662484
-1.50875,4.071084665,4.074255762
-1.508125,4.080652143,4.075052401
-1.5075,4.05194971,4.07584904
-1.506875,4.074273824,4.07584904
-1.50625,4.041584942,4.075052401
-1.505625,4.098192519,4.074255762
-1.505,4.052746999,4.075052401
-1.504375,4.087030462,4.077442318
-1.50375,4.071881955,4.084612069
-1.503125,4.077462984,4.084612069
-1.5025,4.09500336,4.08381543
-1.501875,4.062314477,4.082222152
-1.50125,4.107759997,4.079035596
-1.500625,4.063909057,4.078238957
-1.5,4.080652143,4.076645679
-1.499375,4.046368681,4.076645679
-1.49875,4.079854853,4.07584904
-1.498125,4.059922608,4.07584904
-1.4975,4.080652143,4.076645679
-1.496875,4.063909057,4.075052401
-1.49625,4.066300926,4.07584904
-1.495625,4.074273824,4.069475928
-1.495,4.056733448,4.06708601
-1.494375,4.081449433,4.068679289
-1.49375,4.043179522,4.068679289
-1.493125,4.0918142,4.071865845
-1.4925,4.032017464,4.072662484
-1.491875,4.087827751,4.074255762
-1.49125,4.058328028,4.075052401
-1.490625,4.079057563,4.075052401
-1.49,4.081449433,4.075052401
-1.489375,4.04876055,4.075052401
-1.48875,4.087030462,4.074255762
-1.488125,4.039990362,4.074255762
-1.4875,4.106962707,4.079035596
-1.486875,4.063111767,4.083018791
-1.48625,4.091016911,4.083018791
-1.485625,4.067895506,4.083018791
-1.485,4.073476535,4.081425513
-1.484375,4.084638592,4.079035596
-1.48375,4.057530738,4.078238957
-1.483125,4.089422331,4.07584904
-1.4825,4.067098216,4.076645679
-1.481875,4.086233172,4.076645679
-1.48125,4.043179522,4.076645679
-1.480625,4.088625041,4.076645679
-1.48,4.064706347,4.07584904
-1.479375,4.09340878,4.073459123
-1.47875,4.039990362,4.06708601
-1.478125,4.065503636,4.06788265
-1.4775,4.045571391,4.06788265
-1.476875,4.063909057,4.069475928
-1.47625,4.085435882,4.071865845
-1.475625,4.046368681,4.072662484
-1.475,4.102178968,4.073459123
-1.474375,4.030422885,4.073459123
-1.47375,4.09261149,4.074255762
-1.473125,4.065503636,4.074255762
-1.4725,4.071881955,4.073459123
-1.471875,4.074273824,4.074255762
-1.47125,4.060719898,4.075052401
-1.470625,4.09420607,4.082222152
-1.47,4.054341579,4.08381543
-1.469375,4.115732895,4.083018791
-1.46875,4.057530738,4.082222152
-1.468125,4.09500336,4.079035596
-1.4675,4.059922608,4.077442318
-1.466875,4.071881955,4.076645679
-1.46625,4.055936159,4.07584904
-1.465625,4.082246723,4.076645679
-1.465,4.072679245,4.07584904
-1.464375,4.047963261,4.07584904
-1.46375,4.084638592,4.07584904
-1.463125,4.057530738,4.075052401
-1.4625,4.09580065,4.071069206
-1.461875,4.033612044,4.06708601
-1.46125,4.087827751,4.06788265
-1.460625,4.040787652,4.06788265
-1.46,4.075868404,4.070272567
-1.459375,4.056733448,4.072662484
-1.45875,4.056733448,4.072662484
-1.458125,4.081449433,4.074255762
-1.4575,4.055138869,4.074255762
-1.456875,4.106962707,4.074255762
-1.45625,4.039990362,4.074255762
-1.455625,4.09580065,4.073459123
-1.455,4.05115242,4.074255762
-1.454375,4.079057563,4.077442318
-1.45375,4.071084665,4.08381543
-1.453125,4.080652143,4.08381543
-1.4525,4.084638592,4.082222152
-1.451875,4.074273824,4.082222152
-1.45125,4.090219621,4.079832235
-1.450625,4.069490086,4.077442318
-1.45,4.0918142,4.076645679
-1.449375,4.059922608,4.076645679
-1.44875,4.103773548,4.076645679
-1.448125,4.042382232,4.076645679
-1.4475,4.089422331,4.077442318
-1.446875,4.063111767,4.076645679
-1.44625,4.081449433,4.07584904
-1.445625,4.066300926,4.069475928
-1.445,4.039193073,4.068679289
-1.444375,4.089422331,4.06788265
-1.44375,4.023247276,4.069475928
-1.443125,4.09500336,4.071865845
-1.4425,4.039990362,4.073459123
-1.441875,4.087827751,4.07584904
-1.44125,4.064706347,4.075052401
-1.440625,4.066300926,4.075052401
-1.44,4.082246723,4.075052401
-1.439375,4.063111767,4.075052401
-1.43875,4.083044012,4.075052401
-1.438125,4.062314477,4.075052401
-1.4375,4.077462984,4.079832235
-1.436875,4.052746999,4.08381543
-1.43625,4.098192519,4.084612069
-1.435625,4.055936159,4.083018791
-1.435,4.097395229,4.080628874
-1.434375,4.068692796,4.079035596
-1.43375,4.077462984,4.077442318
-1.433125,4.064706347,4.07584904
-1.4325,4.065503636,4.07584904
-1.431875,4.0918142,4.076645679
-1.43125,4.05035513,4.07584904
-1.430625,4.103773548,4.076645679
-1.43,4.038395783,4.07584904
-1.429375,4.087030462,4.073459123
-1.42875,4.04955784,4.06708601
-1.428125,4.075868404,4.06788265
-1.4275,4.066300926,4.068679289
-1.426875,4.058328028,4.069475928
-1.42625,4.080652143,4.072662484
-1.425625,4.022449986,4.074255762
-1.425,4.104570837,4.075052401
-1.424375,4.053544289,4.075052401
-1.42375,4.088625041,4.073459123
-1.423125,4.059125318,4.074255762
-1.4225,4.064706347,4.075052401
-1.421875,4.071084665,4.074255762
-1.42125,4.079854853,4.075052401
-1.420625,4.077462984,4.081425513
-1.42,4.080652143,4.084612069
-1.419375,4.098192519,4.084612069
-1.41875,4.042382232,4.082222152
-1.418125,4.09580065,4.080628874
-1.4175,4.063909057,4.078238957
-1.416875,4.096597939,4.077442318
-1.41625,4.05035513,4.077442318
-1.415625,4.087030462,4.077442318
-1.415,4.056733448,4.078238957
-1.414375,4.066300926,4.078238957
-1.41375,4.090219621,4.078238957
-1.413125,4.053544289,4.077442318
-1.4125,4.099787099,4.071069206
-1.411875,4.032017464,4.06788265
-1.41125,4.084638592,4.06788265
-1.410625,4.030422885,4.069475928
-1.41,4.070287375,4.071069206
-1.409375,4.063111767,4.071865845
-1.40875,4.068692796,4.074255762
-1.408125,4.076665694,4.074255762
-1.4075,4.057530738,4.075052401
-1.406875,4.067098216,4.074255762
-1.40625,4.05194971,4.075052401
-1.405625,4.085435882,4.075052401
-1.405,4.056733448,4.074255762
-1.404375,4.087827751,4.077442318
-1.40375,4.063111767,4.083018791
-1.403125,4.09340878,4.084612069
-1.4025,4.068692796,4.083018791
-1.401875,4.075868404,4.081425513
-1.40125,4.075071114,4.079035596
-1.400625,4.058328028,4.077442318
-1.4,4.101381678,4.077442318
-1.399375,4.041584942,4.076645679
-1.39875,4.104570837,4.07584904
-1.398125,4.05194971,4.07584904
-1.3975,4.091016911,4.07584904
-1.396875,4.052746999,4.07584904
-1.39625,4.058328028,4.075052401
-1.395625,4.070287375,4.06788265
-1.395,4.046368681,4.06708601
-1.394375,4.090219621,4.06788265
-1.39375,4.05194971,4.069475928
-1.393125,4.085435882,4.070272567
-1.3925,4.036003913,4.071865845
-1.391875,4.081449433,4.073459123
-1.39125,4.062314477,4.073459123
-1.390625,4.074273824,4.074255762
-1.39,4.059922608,4.073459123
-1.389375,4.070287375,4.075052401
-1.38875,4.067895506,4.074255762
-1.388125,4.063111767,4.074255762
-1.3875,4.089422331,4.079832235
-1.386875,4.059922608,4.083018791
-1.38625,4.111746446,4.083018791
-1.385625,4.043179522,4.081425513
-1.385,4.09261149,4.079832235
-1.384375,4.058328028,4.077442318
-1.38375,4.086233172,4.076645679
-1.383125,4.089422331,4.076645679
-1.3825,4.054341579,4.07584904
-1.381875,4.090219621,4.07584904
-1.38125,4.039990362,4.07584904
-1.380625,4.103773548,4.076645679
-1.38,4.052746999,4.076645679
-1.379375,4.087827751,4.073459123
-1.37875,4.055936159,4.06708601
-1.378125,4.054341579,4.06788265
-1.3775,4.063111767,4.06788265
-1.376875,4.043976811,4.070272567
-1.37625,4.077462984,4.071865845
-1.375625,4.062314477,4.074255762
-1.375,4.083841302,4.07584904
-1.374375,4.042382232,4.07584904
-1.37375,4.086233172,4.075052401
-1.373125,4.04955784,4.075052401
-1.3725,4.09420607,4.07584904
-1.371875,4.047963261,4.075052401
-1.37125,4.083841302,4.076645679
-1.370625,4.068692796,4.083018791
-1.37,4.077462984,4.084612069
-1.369375,4.104570837,4.084612069
-1.36875,4.059125318,4.082222152
-1.368125,4.108557287,4.080628874
-1.3675,4.043179522,4.079035596
-1.366875,4.09500336,4.078238957
-1.36625,4.041584942,4.077442318
-1.365625,4.084638592,4.076645679
-1.365,4.071084665,4.077442318
-1.364375,4.071084665,4.076645679
-1.36375,4.079057563,4.076645679
-1.363125,4.045571391,4.076645679
-1.3625,4.088625041,4.071069206
-1.361875,4.043976811,4.06788265
-1.36125,4.083044012,4.068679289
-1.360625,4.054341579,4.069475928
-1.36,4.073476535,4.071865845
-1.359375,4.056733448,4.072662484
-1.35875,4.082246723,4.074255762
-1.358125,4.061517187,4.074255762
-1.3575,4.075868404,4.075052401
-1.356875,4.079057563,4.075052401
-1.35625,4.043179522,4.07584904
-1.355625,4.099787099,4.07584904
-1.355,4.036801203,4.075052401
-1.354375,4.102976258,4.078238957
-1.35375,4.05115242,4.08381543
-1.353125,4.09580065,4.08381543
-1.3525,4.067895506,4.083018791
-1.351875,4.075868404,4.081425513
-1.35125,4.089422331,4.079035596
-1.350625,4.059125318,4.078238957
-1.35,4.099787099,4.077442318
-1.349375,4.05194971,4.077442318
-1.34875,4.099787099,4.077442318
-1.348125,4.045571391,4.077442318
-1.3475,4.086233172,4.077442318
-1.346875,4.065503636,4.076645679
-1.34625,4.073476535,4.076645679
-1.345625,4.04955784,4.068679289
-1.345,4.063909057,4.068679289
-1.344375,4.056733448,4.068679289
-1.34375,4.054341579,4.070272567
-1.343125,4.087827751,4.072662484
-1.3425,4.046368681,4.073459123
-1.341875,4.098192519,4.07584904
-1.34125,4.036801203,4.07584904
-1.340625,4.084638592,4.07584904
-1.34,4.057530738,4.07584904
-1.339375,4.079057563,4.075052401
-1.33875,4.073476535,4.075052401
-1.338125,4.064706347,4.075052401
-1.3375,4.098192519,4.081425513
-1.336875,4.04955784,4.08381543
-1.33625,4.111746446,4.08381543
-1.335625,4.052746999,4.082222152
-1.335,4.09500336,4.079832235
-1.334375,4.074273824,4.078238957
-1.33375,4.063111767,4.076645679
-1.333125,4.078260274,4.077442318
-1.3325,4.067895506,4.076645679
-1.331875,4.082246723,4.076645679
-1.33125,4.071881955,4.076645679
-1.330625,4.091016911,4.076645679
-1.33,4.042382232,4.076645679
-1.329375,4.081449433,4.074255762
-1.32875,4.04876055,4.068679289
-1.328125,4.083841302,4.069475928
-1.3275,4.05194971,4.068679289
-1.326875,4.071881955,4.071069206
-1.32625,4.04876055,4.073459123
-1.325625,4.063111767,4.075052401
-1.325,4.073476535,4.075052401
-1.324375,4.060719898,4.073459123
-1.32375,4.091016911,4.073459123
-1.323125,4.039990362,4.072662484
-1.3225,4.09420607,4.073459123
-1.321875,4.039193073,4.072662484
-1.32125,4.084638592,4.074255762
-1.320625,4.079854853,4.082222152
-1.32,4.075071114,4.082222152
-1.319375,4.087827751,4.081425513
-1.31875,4.05115242,4.080628874
-1.318125,4.101381678,4.078238957
-1.3175,4.04955784,4.076645679
-1.316875,4.084638592,4.075052401
-1.31625,4.058328028,4.075052401
-1.315625,4.083044012,4.07584904
-1.315,4.057530738,4.07584904
-1.314375,4.078260274,4.076645679
-1.31375,4.067098216,4.075052401
-1.313125,4.070287375,4.07584904
-1.3125,4.071881955,4.069475928
-1.311875,4.036801203,4.06708601
-1.31125,4.073476535,4.06788265
-1.310625,4.043976811,4.06788265
-1.31,4.09261149,4.070272567
-1.309375,4.044774101,4.071865845
-1.30875,4.085435882,4.072662484
-1.308125,4.04876055,4.072662484
-1.3075,4.066300926,4.073459123
-1.306875,4.081449433,4.073459123
-1.30625,4.057530738,4.073459123
-1.305625,4.098192519,4.072662484
-1.305,4.036801203,4.072662484
-1.304375,4.09580065,4.075052401
-1.30375,4.055138869,4.082222152
-1.303125,4.084638592,4.082222152
-1.3025,4.077462984,4.080628874
-1.301875,4.080652143,4.079035596
-1.30125,4.081449433,4.076645679
-1.300625,4.066300926,4.076645679
-1.3,4.075868404,4.074255762
-1.299375,4.059922608,4.075052401
-1.29875,4.091016911,4.07584904
-1.298125,4.055936159,4.075052401
-1.2975,4.079854853,4.075052401
-1.296875,4.052746999,4.075052401
-1.29625,4.078260274,4.074255762
-1.295625,4.04955784,4.066289371
-1.295,4.067895506,4.065492732
-1.294375,4.062314477,4.066289371
-1.29375,4.061517187,4.06708601
-1.293125,4.083044012,4.069475928
-1.2925,4.024841856,4.071069206
-1.291875,4.097395229,4.072662484
-1.29125,4.039990362,4.071865845
-1.290625,4.09500336,4.072662484
-1.29,4.063909057,4.072662484
-1.289375,4.056733448,4.072662484
-1.28875,4.066300926,4.072662484
-1.288125,4.05115242,4.073459123
-1.2875,4.083841302,4.079832235
-1.286875,4.060719898,4.082222152
-1.28625,4.109354576,4.081425513
-1.285625,4.04876055,4.080628874
-1.285,4.087030462,4.079035596
-1.284375,4.061517187,4.076645679
-1.28375,4.076665694,4.07584904
-1.283125,4.070287375,4.075052401
-1.2825,4.075868404,4.075052401
-1.281875,4.059922608,4.075052401
-1.28125,4.064706347,4.075052401
-1.280625,4.083044012,4.075052401
-1.28,4.056733448,4.075052401
-1.279375,4.096597939,4.071865845
-1.27875,4.024841856,4.065492732
-1.278125,4.077462984,4.066289371
-1.2775,4.032017464,4.066289371
-1.276875,4.074273824,4.06788265
-1.27625,4.075868404,4.071069206
-1.275625,4.055138869,4.071865845
-1.275,4.078260274,4.072662484
-1.274375,4.042382232,4.072662484
-1.27375,4.096597939,4.071865845
-1.273125,4.038395783,4.071865845
-1.2725,4.09340878,4.071865845
-1.271875,4.058328028,4.071865845
-1.27125,4.075868404,4.072662484
-1.270625,4.066300926,4.079832235
-1.27,4.074273824,4.081425513
-1.269375,4.089422331,4.080628874
-1.26875,4.081449433,4.080628874
-1.268125,4.088625041,4.077442318
-1.2675,4.05035513,4.07584904
-1.266875,4.077462984,4.075052401
-1.26625,4.047963261,4.072662484
-1.265625,4.0918142,4.074255762
-1.265,4.053544289,4.073459123
-1.264375,4.087827751,4.074255762
-1.26375,4.056733448,4.073459123
-1.263125,4.068692796,4.073459123
-1.2625,4.067895506,4.06788265
-1.261875,4.038395783,4.063899454
-1.26125,4.077462984,4.064696093
-1.260625,4.028828305,4.066289371
-1.26,4.09340878,4.06788265
-1.259375,4.036003913,4.070272567
-1.25875,4.086233172,4.071069206
-1.258125,4.059922608,4.072662484
-1.2575,4.063111767,4.071865845
-1.256875,4.077462984,4.071865845
-1.25625,4.055936159,4.071865845
-1.255625,4.083044012,4.071865845
-1.255,4.055936159,4.072662484
-1.254375,4.090219621,4.075052401
-1.25375,4.056733448,4.081425513
-1.253125,4.09340878,4.081425513
-1.2525,4.059922608,4.079832235
-1.251875,4.083841302,4.078238957
-1.25125,4.04955784,4.07584904
-1.250625,4.081449433,4.075052401
-1.25,4.071881955,4.074255762
-1.249375,4.042382232,4.073459123
-1.24875,4.097395229,4.074255762
-1.248125,4.031220174,4.073459123
-1.2475,4.103773548,4.074255762
-1.246875,4.044774101,4.073459123
-1.24625,4.089422331,4.072662484
-1.245625,4.047165971,4.066289371
-1.245,4.060719898,4.064696093
-1.244375,4.065503636,4.065492732
-1.24375,4.047963261,4.06708601
-1.243125,4.082246723,4.069475928
-1.2425,4.046368681,4.071069206
-1.241875,4.098989809,4.071069206
-1.24125,4.038395783,4.071865845
-1.240625,4.077462984,4.071865845
-1.24,4.060719898,4.071865845
-1.239375,4.068692796,4.072662484
-1.23875,4.060719898,4.071069206
-1.238125,4.075868404,4.071865845
-1.2375,4.068692796,4.077442318
-1.236875,4.065503636,4.080628874
-1.23625,4.09580065,4.080628874
-1.235625,4.047165971,4.079832235
-1.235,4.09261149,4.077442318
-1.234375,4.047963261,4.07584904
-1.23375,4.078260274,4.074255762
-1.233125,4.047165971,4.073459123
-1.2325,4.083841302,4.074255762
-1.231875,4.068692796,4.074255762
-1.23125,4.074273824,4.073459123
-1.230625,4.083044012,4.075052401
-1.23,4.040787652,4.074255762
-1.229375,4.096597939,4.070272567
-1.22875,4.029625595,4.064696093
-1.228125,4.085435882,4.064696093
-1.2275,4.055138869,4.066289371
-1.226875,4.065503636,4.06788265
-1.22625,4.058328028,4.069475928
-1.225625,4.047963261,4.071069206
-1.225,4.071881955,4.071865845
-1.224375,4.058328028,4.071865845
-1.22375,4.078260274,4.071865845
-1.223125,4.04876055,4.071865845
-1.2225,4.077462984,4.072662484
-1.221875,4.055936159,4.072662484
-1.22125,4.088625041,4.073459123
-1.220625,4.056733448,4.079832235
-1.22,4.09261149,4.081425513
-1.219375,4.067895506,4.080628874
-1.21875,4.071881955,4.078238957
-1.218125,4.077462984,4.077442318
-1.2175,4.063111767,4.07584904
-1.216875,4.09261149,4.07584904
-1.21625,4.043179522,4.075052401
-1.215625,4.098989809,4.075052401
-1.215,4.039990362,4.075052401
-1.214375,4.089422331,4.075052401
-1.21375,4.067098216,4.074255762
-1.213125,4.068692796,4.073459123
-1.2125,4.078260274,4.06708601
-1.211875,4.028828305,4.066289371
-1.21125,4.077462984,4.066289371
-1.210625,4.044774101,4.06788265
-1.21,4.077462984,4.06788265
-1.209375,4.047963261,4.069475928
-1.20875,4.079854853,4.071069206
-1.208125,4.055138869,4.071069206
-1.2075,4.071881955,4.072662484
-1.206875,4.063909057,4.071865845
-1.20625,4.066300926,4.072662484
-1.205625,4.071084665,4.071865845
-1.205,4.063909057,4.072662484
-1.204375,4.079854853,4.07584904
-1.20375,4.045571391,4.080628874
-1.203125,4.110151866,4.081425513
-1.2025,4.039990362,4.079832235
-1.201875,4.09261149,4.078238957
-1.20125,4.04955784,4.076645679
-1.200625,4.071881955,4.075052401
-1.2,4.079854853,4.074255762
-1.199375,4.042382232,4.073459123
-1.19875,4.091016911,4.073459123
-1.198125,4.04876055,4.073459123
-1.1975,4.102976258,4.073459123
-1.196875,4.04955784,4.074255762
-1.19625,4.074273824,4.071865845
-1.195625,4.05194971,4.064696093
-1.195,4.061517187,4.064696093
-1.194375,4.065503636,4.064696093
-1.19375,4.055936159,4.06708601
-1.193125,4.073476535,4.068679289
-1.1925,4.054341579,4.071069206
-1.191875,4.082246723,4.072662484
-1.19125,4.04876055,4.071865845
-1.190625,4.087030462,4.072662484
-1.19,4.047963261,4.071865845
-1.189375,4.083841302,4.071865845
-1.18875,4.044774101,4.071865845
-1.188125,4.075868404,4.072662484
-1.1875,4.060719898,4.079035596
-1.186875,4.076665694,4.081425513
-1.18625,4.084638592,4.081425513
-1.185625,4.046368681,4.079035596
-1.185,4.106962707,4.077442318
-1.184375,4.047165971,4.075052401
-1.18375,4.101381678,4.073459123
-1.183125,4.057530738,4.074255762
-1.1825,4.075071114,4.074255762
-1.181875,4.063909057,4.074255762
-1.18125,4.062314477,4.074255762
-1.180625,4.075071114,4.074255762
-1.18,4.032814754,4.075052401
-1.179375,4.096597939,4.070272567
-1.17875,4.038395783,4.065492732
-1.178125,4.073476535,4.064696093
-1.1775,4.043976811,4.064696093
-1.176875,4.071881955,4.06788265
-1.17625,4.047963261,4.069475928
-1.175625,4.077462984,4.071865845
-1.175,4.047165971,4.071865845
-1.174375,4.066300926,4.071865845
-1.17375,4.075868404,4.072662484
-1.173125,4.054341579,4.072662484
-1.1725,4.101381678,4.073459123
-1.171875,4.044774101,4.072662484
-1.17125,4.097395229,4.074255762
-1.170625,4.046368681,4.081425513
-1.17,4.096597939,4.082222152
-1.169375,4.078260274,4.082222152
-1.16875,4.071881955,4.079832235
-1.168125,4.091016911,4.078238957
-1.1675,4.05115242,4.076645679
-1.166875,4.09261149,4.075052401
-1.16625,4.040787652,4.07584904
-1.165625,4.099787099,4.073459123
-1.165,4.054341579,4.074255762
-1.164375,4.082246723,4.074255762
-1.16375,4.060719898,4.075052401
-1.163125,4.062314477,4.073459123
-1.1625,4.066300926,4.066289371
-1.161875,4.063111767,4.065492732
-1.16125,4.068692796,4.065492732
-1.160625,4.04955784,4.06788265
-1.16,4.078260274,4.069475928
-1.159375,4.035206623,4.071069206
-1.15875,4.09580065,4.072662484
-1.158125,4.038395783,4.071865845
-1.1575,4.087030462,4.071865845
-1.156875,4.052746999,4.071865845
-1.15625,4.067895506,4.071865845
-1.155625,4.075071114,4.071865845
-1.155,4.05194971,4.071865845
-1.154375,4.096597939,4.076645679
-1.15375,4.056733448,4.081425513
-1.153125,4.112543736,4.081425513
-1.1525,4.05035513,4.081425513
-1.151875,4.09261149,4.078238957
-1.15125,4.071881955,4.076645679
-1.150625,4.075868404,4.075052401
-1.15,4.075868404,4.074255762
-1.149375,4.059125318,4.074255762
-1.14875,4.081449433,4.074255762
-1.148125,4.055936159,4.074255762
-1.1475,4.089422331,4.074255762
-1.146875,4.05035513,4.074255762
-1.14625,4.086233172,4.072662484
-1.145625,4.04955784,4.066289371
-1.145,4.076665694,4.06708601
-1.144375,4.034409334,4.066289371
-1.14375,4.071881955,4.068679289
-1.143125,4.056733448,4.070272567
-1.1425,4.053544289,4.071865845
-1.141875,4.085435882,4.072662484
-1.14125,4.032017464,4.072662484
-1.140625,4.097395229,4.072662484
-1.14,4.038395783,4.071865845
-1.139375,4.09340878,4.071865845
-1.13875,4.032017464,4.071865845
-1.138125,4.076665694,4.072662484
-1.1375,4.067895506,4.079035596
-1.136875,4.065503636,4.080628874
-1.13625,4.088625041,4.080628874
-1.135625,4.059922608,4.079035596
-1.135,4.106165417,4.076645679
-1.134375,4.043179522,4.075052401
-1.13375,4.069490086,4.073459123
-1.133125,4.063111767,4.073459123
-1.1325,4.079057563,4.074255762
-1.131875,4.068692796,4.073459123
-1.13125,4.083841302,4.075052401
-1.130625,4.057530738,4.073459123
-1.13,4.05194971,4.075052401
-1.129375,4.071084665,4.069475928
-1.12875,4.05035513,4.064696093
-1.128125,4.085435882,4.064696093
-1.1275,4.028828305,4.064696093
-1.126875,4.086233172,4.06708601
-1.12625,4.021652697,4.069475928
-1.125625,4.085435882,4.071069206
-1.125,4.035206623,4.071865845
-1.124375,4.072679245,4.071069206
-1.12375,4.083841302,4.071069206
-1.123125,4.04876055,4.071865845
-1.1225,4.0918142,4.071069206
-1.121875,4.024044566,4.071865845
-1.12125,4.102976258,4.073459123
-1.120625,4.067098216,4.080628874
-1.12,4.09261149,4.081425513
-1.119375,4.055936159,4.080628874
-1.11875,4.069490086,4.079832235
-1.118125,4.079057563,4.077442318
-1.1175,4.079057563,4.076645679
-1.116875,4.077462984,4.073459123
-1.11625,4.067895506,4.075052401
-1.115625,4.091016911,4.075052401
-1.115,4.046368681,4.075052401
-1.114375,4.09340878,4.075052401
-1.11375,4.05194971,4.074255762
-1.113125,4.086233172,4.075052401
-1.1125,4.043179522,4.06708601
-1.111875,4.05035513,4.065492732
-1.11125,4.053544289,4.065492732
-1.110625,4.053544289,4.06708601
-1.11,4.079057563,4.070272567
-1.109375,4.042382232,4.071069206
-1.10875,4.102976258,4.072662484
-1.108125,4.025639146,4.072662484
-1.1075,4.086233172,4.072662484
-1.106875,4.061517187,4.072662484
-1.10625,4.068692796,4.071865845
-1.105625,4.067895506,4.071865845
-1.105,4.061517187,4.071865845
-1.104375,4.082246723,4.076645679
-1.10375,4.060719898,4.082222152
-1.103125,4.09500336,4.081425513
-1.1025,4.056733448,4.080628874
-1.101875,4.09340878,4.077442318
-1.10125,4.043179522,4.075052401
-1.100625,4.079854853,4.07584904
-1.1,4.056733448,4.074255762
-1.099375,4.079854853,4.075052401
-1.09875,4.069490086,4.074255762
-1.098125,4.068692796,4.075052401
-1.0975,4.079057563,4.075052401
-1.096875,4.047165971,4.074255762
-1.09625,4.096597939,4.072662484
-1.095625,4.034409334,4.065492732
-1.095,4.088625041,4.065492732
-1.094375,4.039990362,4.066289371
-1.09375,4.079057563,4.06708601
-1.093125,4.060719898,4.068679289
-1.0925,4.055936159,4.071069206
-1.091875,4.085435882,4.071865845
-1.09125,4.04876055,4.072662484
-1.090625,4.101381678,4.072662484
-1.09,4.039193073,4.071865845
-1.089375,4.076665694,4.072662484
-1.08875,4.058328028,4.072662484
-1.088125,4.075071114,4.072662484
-1.0875,4.074273824,4.079832235
-1.086875,4.081449433,4.083018791
-1.08625,4.073476535,4.080628874
-1.085625,4.075868404,4.080628874
-1.085,4.076665694,4.077442318
-1.084375,4.059922608,4.07584904
-1.08375,4.090219621,4.075052401
-1.083125,4.054341579,4.074255762
-1.0825,4.09580065,4.075052401
-1.081875,4.036003913,4.074255762
-1.08125,4.087827751,4.073459123
-1.080625,4.056733448,4.073459123
-1.08,4.075868404,4.073459123
-1.079375,4.079854853,4.069475928
-1.07875,4.042382232,4.064696093
-1.078125,4.082246723,4.064696093
-1.0775,4.013679798,4.066289371
-1.076875,4.09340878,4.06788265
-1.07625,4.042382232,4.070272567
-1.075625,4.076665694,4.071865845
-1.075,4.039990362,4.072662484
-1.074375,4.059125318,4.071865845
-1.07375,4.075868404,4.071865845
-1.073125,4.066300926,4.072662484
-1.0725,4.091016911,4.071865845
-1.071875,4.058328028,4.072662484
-1.07125,4.089422331,4.073459123
-1.070625,4.047963261,4.079832235
-1.07,4.09420607,4.081425513
-1.069375,4.071084665,4.080628874
-1.06875,4.097395229,4.079035596
-1.068125,4.056733448,4.076645679
-1.0675,4.070287375,4.07584904
-1.066875,4.067098216,4.074255762
-1.06625,4.063111767,4.074255762
-1.065625,4.098192519,4.075052401
-1.065,4.047165971,4.074255762
-1.064375,4.099787099,4.075052401
-1.06375,4.035206623,4.074255762
-1.063125,4.089422331,4.073459123
-1.0625,4.045571391,4.06708601
-1.061875,4.059922608,4.065492732
-1.06125,4.062314477,4.065492732
-1.060625,4.05035513,4.06708601
-1.06,4.075071114,4.068679289
-1.059375,4.039990362,4.071069206
-1.05875,4.098192519,4.071865845
-1.058125,4.047165971,4.072662484
-1.0575,4.088625041,4.072662484
-1.056875,4.059125318,4.071865845
-1.05625,4.067895506,4.072662484
-1.055625,4.060719898,4.071865845
-1.055,4.079057563,4.071865845
-1.054375,4.067098216,4.076645679
-1.05375,4.077462984,4.081425513
-1.053125,4.091016911,4.081425513
-1.0525,4.053544289,4.080628874
-1.051875,4.103773548,4.079035596
-1.05125,4.038395783,4.07584904
-1.050625,4.09580065,4.07584904
-1.05,4.052746999,4.075052401
-1.049375,4.085435882,4.07584904
-1.04875,4.067895506,4.075052401
-1.048125,4.058328028,4.074255762
-1.0475,4.084638592,4.075052401
-1.046875,4.05194971,4.074255762
-1.04625,4.102976258,4.071865845
-1.045625,4.021652697,4.066289371
-1.045,4.078260274,4.066289371
-1.044375,4.04876055,4.066289371
-1.04375,4.068692796,4.06788265
-1.043125,4.059922608,4.070272567
-1.0425,4.066300926,4.071865845
-1.041875,4.070287375,4.072662484
-1.04125,4.056733448,4.072662484
-1.040625,4.075868404,4.072662484
-1.04,4.059922608,4.072662484
-1.039375,4.084638592,4.072662484
-1.03875,4.04955784,4.072662484
-1.038125,4.09261149,4.072662484
-1.0375,4.041584942,4.079035596
-1.036875,4.09420607,4.081425513
-1.03625,4.063111767,4.080628874
-1.035625,4.082246723,4.079832235
-1.035,4.0918142,4.079035596
-1.034375,4.055138869,4.07584904
-1.03375,4.09340878,4.074255762
-1.033125,4.023247276,4.074255762
-1.0325,4.089422331,4.074255762
-1.031875,4.047963261,4.075052401
-1.03125,4.090219621,4.075052401
-1.030625,4.052746999,4.075052401
-1.03,4.059125318,4.074255762
-1.029375,4.067098216,4.069475928
-1.02875,4.053544289,4.066289371
-1.028125,4.076665694,4.066289371
-1.0275,4.042382232,4.06788265
-1.026875,4.069490086,4.068679289
-1.02625,4.027233725,4.071069206
-1.025625,4.079854853,4.071069206
-1.025,4.058328028,4.071865845
-1.024375,4.079057563,4.072662484
-1.02375,4.052746999,4.071865845
-1.023125,4.055138869,4.072662484
-1.0225,4.059922608,4.072662484
-1.021875,4.057530738,4.071865845
-1.02125,4.09580065,4.075052401
-1.020625,4.047963261,4.080628874
-1.02,4.109354576,4.081425513
-1.019375,4.036003913,4.080628874
-1.01875,4.09580065,4.079035596
-1.018125,4.05194971,4.076645679
-1.0175,4.075071114,4.075052401
-1.016875,4.075868404,4.074255762
-1.01625,4.062314477,4.075052401
-1.015625,4.083841302,4.074255762
-1.015,4.043976811,4.075052401
-1.014375,4.103773548,4.074255762
-1.01375,4.05194971,4.074255762
-1.013125,4.089422331,4.074255762
-1.0125,4.054341579,4.06708601
-1.011875,4.059922608,4.066289371
-1.01125,4.05115242,4.065492732
-1.010625,4.071881955,4.06788265
-1.01,4.059922608,4.068679289
-1.009375,4.059922608,4.071865845
-1.00875,4.075868404,4.073459123
-1.008125,4.033612044,4.073459123
-1.0075,4.09420607,4.073459123
-1.006875,4.043976811,4.072662484
-1.00625,4.09580065,4.073459123
-1.005625,4.046368681,4.073459123
-1.005,4.083044012,4.073459123
-1.004375,4.059922608,4.078238957
-1.00375,4.083841302,4.082222152
-1.003125,4.09261149,4.082222152
-1.0025,4.057530738,4.079832235
-1.001875,4.104570837,4.078238957
-1.00125,4.035206623,4.076645679
-1.000625,4.09500336,4.075052401
-1,4.054341579,4.074255762
-0.999375,4.077462984,4.075052401
-0.99875,4.071881955,4.074255762
-0.998125,4.069490086,4.075052401
-0.9975,4.075868404,4.074255762
-0.996875,4.066300926,4.075052401
-0.99625,4.067895506,4.071865845
-0.995625,4.05035513,4.06708601
-0.995,4.072679245,4.066289371
-0.994375,4.047165971,4.06708601
-0.99375,4.081449433,4.068679289
-0.993125,4.035206623,4.070272567
-0.9925,4.084638592,4.072662484
-0.991875,4.055936159,4.073459123
-0.99125,4.075868404,4.073459123
-0.990625,4.067098216,4.073459123
-0.99,4.059922608,4.072662484
-0.989375,4.088625041,4.073459123
-0.98875,4.037598493,4.073459123
-0.988125,4.098192519,4.074255762
-0.9875,4.054341579,4.081425513
-0.986875,4.102178968,4.082222152
-0.98625,4.055138869,4.081425513
-0.985625,4.071084665,4.080628874
-0.985,4.083841302,4.078238957
-0.984375,4.059922608,4.076645679
-0.98375,4.091016911,4.075052401
-0.983125,4.062314477,4.075052401
-0.9825,4.081449433,4.075052401
-0.981875,4.043179522,4.075052401
-0.98125,4.086233172,4.075052401
-0.980625,4.064706347,4.075052401
-0.98,4.085435882,4.075052401
-0.979375,4.056733448,4.068679289
-0.97875,4.055936159,4.066289371
-0.978125,4.055936159,4.065492732
-0.9775,4.056733448,4.06708601
-0.976875,4.077462984,4.069475928
-0.97625,4.047165971,4.071069206
-0.975625,4.099787099,4.072662484
-0.975,4.032017464,4.073459123
-0.974375,4.087030462,4.072662484
-0.97375,4.035206623,4.072662484
-0.973125,4.079854853,4.072662484
-0.9725,4.072679245,4.071865845
-0.971875,4.047963261,4.072662484
-0.97125,4.070287375,4.075052401
-0.970625,4.05035513,4.081425513
-0.97,4.111746446,4.081425513
-0.969375,4.063111767,4.081425513
-0.96875,4.09420607,4.079832235
-0.968125,4.067098216,4.077442318
-0.9675,4.067895506,4.075052401
-0.966875,4.060719898,4.074255762
-0.96625,4.073476535,4.074255762
-0.965625,4.074273824,4.073459123
-0.965,4.075868404,4.073459123
-0.964375,4.075868404,4.074255762
-0.96375,4.043976811,4.074255762
-0.963125,4.083841302,4.074255762
-0.9625,4.046368681,4.06708601
-0.961875,4.086233172,4.066289371
-0.96125,4.039193073,4.065492732
-0.960625,4.075868404,4.06788265
-0.96,4.045571391,4.069475928
-0.959375,4.067098216,4.071865845
-0.95875,4.081449433,4.072662484
-0.958125,4.05115242,4.074255762
-0.9575,4.086233172,4.073459123
-0.956875,4.033612044,4.074255762
-0.95625,4.090219621,4.074255762
-0.955625,4.052746999,4.073459123
-0.955,4.069490086,4.074255762
-0.954375,4.074273824,4.079035596
-0.95375,4.078260274,4.082222152
-0.953125,4.061517187,4.081425513
-0.9525,4.061517187,4.081425513
-0.951875,4.0918142,4.079035596
-0.95125,4.065503636,4.078238957
-0.950625,4.083044012,4.076645679
-0.95,4.058328028,4.07584904
-0.949375,4.083044012,4.07584904
-0.94875,4.059922608,4.07584904
-0.948125,4.087827751,4.076645679
-0.9475,4.047963261,4.075052401
-0.946875,4.079057563,4.075052401
-0.94625,4.068692796,4.071865845
-0.945625,4.05194971,4.06708601
-0.945,4.075868404,4.06788265
-0.944375,4.024841856,4.06788265
-0.94375,4.09580065,4.068679289
-0.943125,4.038395783,4.070272567
-0.9425,4.080652143,4.071865845
-0.941875,4.046368681,4.072662484
-0.94125,4.058328028,4.071865845
-0.940625,4.062314477,4.071865845
-0.94,4.059125318,4.072662484
-0.939375,4.086233172,4.072662484
-0.93875,4.05115242,4.072662484
-0.938125,4.098989809,4.073459123
-0.9375,4.044774101,4.080628874
-0.936875,4.096597939,4.082222152
-0.93625,4.059922608,4.081425513
-0.935625,4.079057563,4.081425513
-0.935,4.063909057,4.077442318
-0.934375,4.075868404,4.077442318
-0.93375,4.067098216,4.07584904
-0.933125,4.072679245,4.075052401
-0.9325,4.084638592,4.074255762
-0.931875,4.057530738,4.075052401
-0.93125,4.102178968,4.074255762
-0.930625,4.036801203,4.073459123
-0.93,4.09261149,4.073459123
-0.929375,4.044774101,4.06788265
-0.92875,4.072679245,4.065492732
-0.928125,4.060719898,4.06708601
-0.9275,4.05194971,4.06708601
-0.926875,4.059922608,4.069475928
-0.92625,4.042382232,4.071069206
-0.925625,4.091016911,4.071865845
-0.925,4.035206623,4.073459123
-0.924375,4.096597939,4.072662484
-0.92375,4.064706347,4.072662484
-0.923125,4.068692796,4.072662484
-0.9225,4.058328028,4.071069206
-0.921875,4.068692796,4.072662484
-0.92125,4.075868404,4.075052401
-0.920625,4.067895506,4.081425513
-0.92,4.085435882,4.080628874
-0.919375,4.040787652,4.080628874
-0.91875,4.09261149,4.079035596
-0.918125,4.057530738,4.07584904
-0.9175,4.098989809,4.07584904
-0.916875,4.041584942,4.074255762
-0.91625,4.086233172,4.073459123
-0.915625,4.036801203,4.074255762
-0.915,4.067895506,4.073459123
-0.914375,4.083841302,4.073459123
-0.91375,4.05194971,4.072662484
-0.913125,4.098989809,4.072662484
-0.9125,4.026436435,4.06708601
-0.911875,4.083841302,4.066289371
-0.91125,4.036003913,4.066289371
-0.910625,4.081449433,4.06708601
-0.91,4.065503636,4.069475928
-0.909375,4.064706347,4.071069206
-0.90875,4.064706347,4.071865845
-0.908125,4.04955784,4.072662484
-0.9075,4.071881955,4.072662484
-0.906875,4.059922608,4.072662484
-0.90625,4.090219621,4.072662484
-0.905625,4.047963261,4.072662484
-0.905,4.081449433,4.071865845
-0.904375,4.054341579,4.076645679
-0.90375,4.087827751,4.081425513
-0.903125,4.068692796,4.079832235
-0.9025,4.088625041,4.079832235
-0.901875,4.062314477,4.077442318
-0.90125,4.071881955,4.075052401
-0.900625,4.088625041,4.074255762
-0.9,4.032017464,4.073459123
-0.899375,4.100584388,4.073459123
-0.89875,4.039990362,4.073459123
-0.898125,4.096597939,4.073459123
-0.8975,4.028031015,4.073459123
-0.896875,4.076665694,4.073459123
-0.89625,4.061517187,4.070272567
-0.895625,4.05194971,4.065492732
-0.895,4.075071114,4.065492732
-0.894375,4.039990362,4.066289371
-0.89375,4.09420607,4.06708601
-0.893125,4.026436435,4.069475928
-0.8925,4.079057563,4.070272567
-0.891875,4.058328028,4.071865845
-0.89125,4.074273824,4.071865845
-0.890625,4.064706347,4.071865845
-0.89,4.058328028,4.071865845
-0.889375,4.064706347,4.071069206
-0.88875,4.071084665,4.071865845
-0.888125,4.080652143,4.072662484
-0.8875,4.04876055,4.079832235
-0.886875,4.102976258,4.081425513
-0.88625,4.047165971,4.080628874
-0.885625,4.101381678,4.079832235
-0.885,4.054341579,4.076645679
-0.884375,4.081449433,4.075052401
-0.88375,4.062314477,4.075052401
-0.883125,4.075071114,4.074255762
-0.8825,4.077462984,4.074255762
-0.881875,4.04955784,4.073459123
-0.88125,4.099787099,4.074255762
-0.880625,4.041584942,4.074255762
-0.88,4.103773548,4.073459123
-0.879375,4.034409334,4.06788265
-0.87875,4.059922608,4.064696093
-0.878125,4.047165971,4.064696093
-0.8775,4.059922608,4.066289371
-0.876875,4.064706347,4.06708601
-0.87625,4.071881955,4.069475928
-0.875625,4.054341579,4.071069206
-0.875,4.047963261,4.072662484
-0.874375,4.084638592,4.071865845
-0.87375,4.04955784,4.071865845
-0.873125,4.09420607,4.072662484
-0.8725,4.055138869,4.072662484
-0.871875,4.084638592,4.072662484
-0.87125,4.054341579,4.07584904
-0.870625,4.075868404,4.081425513
-0.87,4.080652143,4.081425513
-0.869375,4.075868404,4.080628874
-0.86875,4.106165417,4.079832235
-0.868125,4.036801203,4.077442318
-0.8675,4.09261149,4.07584904
-0.866875,4.044774101,4.074255762
-0.86625,4.090219621,4.074255762
-0.865625,4.053544289,4.074255762
-0.865,4.075071114,4.074255762
-0.864375,4.076665694,4.073459123
-0.86375,4.058328028,4.075052401
-0.863125,4.084638592,4.074255762
-0.8625,4.062314477,4.068679289
-0.861875,4.080652143,4.06708601
-0.86125,4.043976811,4.066289371
-0.860625,4.076665694,4.06788265
-0.86,4.039193073,4.069475928
-0.859375,4.080652143,4.072662484
-0.85875,4.060719898,4.072662484
-0.858125,4.081449433,4.074255762
-0.8575,4.067098216,4.073459123
-0.856875,4.068692796,4.073459123
-0.85625,4.078260274,4.074255762
-0.855625,4.054341579,4.075052401
-0.855,4.09340878,4.074255762
-0.854375,4.046368681,4.079832235
-0.85375,4.109354576,4.08381543
-0.853125,4.05115242,4.08381543
-0.8525,4.086233172,4.081425513
-0.851875,4.080652143,4.079832235
-0.85125,4.071084665,4.077442318
-0.850625,4.087030462,4.074255762
-0.85,4.054341579,4.074255762
-0.849375,4.100584388,4.074255762
-0.84875,4.05194971,4.075052401
-0.848125,4.083841302,4.073459123
-0.8475,4.059922608,4.072662484
-0.846875,4.079854853,4.073459123
-0.84625,4.064706347,4.071069206
-0.845625,4.058328028,4.064696093
-0.845,4.057530738,4.064696093
-0.844375,4.059125318,4.066289371
-0.84375,4.066300926,4.06788265
-0.843125,4.058328028,4.069475928
-0.8425,4.087030462,4.071069206
-0.841875,4.040787652,4.071865845
-0.84125,4.088625041,4.071865845
-0.840625,4.046368681,4.071865845
-0.84,4.088625041,4.072662484
-0.839375,4.034409334,4.071865845
-0.83875,4.074273824,4.071865845
-0.838125,4.068692796,4.072662484
-0.8375,4.060719898,4.080628874
-0.836875,4.09340878,4.081425513
-0.83625,4.057530738,4.081425513
-0.835625,4.106962707,4.079035596
-0.835,4.052746999,4.077442318
-0.834375,4.075868404,4.07584904
-0.83375,4.054341579,4.074255762
-0.833125,4.073476535,4.074255762
-0.8325,4.074273824,4.073459123
-0.831875,4.061517187,4.075052401
-0.83125,4.071084665,4.074255762
-0.830625,4.055936159,4.074255762
-0.83,4.089422331,4.074255762
-0.829375,4.039193073,4.06788265
-0.82875,4.077462984,4.065492732
-0.828125,4.044774101,4.064696093
-0.8275,4.083841302,4.066289371
-0.826875,4.039990362,4.06788265
-0.82625,4.071881955,4.069475928
-0.825625,4.056733448,4.071069206
-0.825,4.071881955,4.072662484
-0.824375,4.088625041,4.071865845
-0.82375,4.023247276,4.071069206
-0.823125,4.091016911,4.071865845
-0.8225,4.038395783,4.071069206
-0.821875,4.09580065,4.071069206
-0.82125,4.056733448,4.073459123
-0.820625,4.078260274,4.079832235
-0.82,4.073476535,4.080628874
-0.819375,4.066300926,4.079832235
-0.81875,4.089422331,4.078238957
-0.818125,4.061517187,4.076645679
-0.8175,4.09261149,4.075052401
-0.816875,4.055936159,4.074255762
-0.81625,4.087827751,4.073459123
-0.815625,4.043976811,4.072662484
-0.815,4.079854853,4.072662484
-0.814375,4.060719898,4.072662484
-0.81375,4.084638592,4.073459123
-0.813125,4.04955784,4.071069206
-0.8125,4.057530738,4.064696093
-0.811875,4.052746999,4.064696093
-0.81125,4.05035513,4.065492732
-0.810625,4.087827751,4.066289371
-0.81,4.031220174,4.06788265
-0.809375,4.099787099,4.070272567
-0.80875,4.030422885,4.071865845
-0.808125,4.075071114,4.071865845
-0.8075,4.068692796,4.072662484
-0.806875,4.066300926,4.071865845
-0.80625,4.079057563,4.071865845
-0.805625,4.052746999,4.072662484
-0.805,4.086233172,4.072662484
-0.804375,4.04876055,4.078238957
-0.80375,4.105368127,4.081425513
-0.803125,4.060719898,4.081425513
-0.8025,4.086233172,4.079832235
-0.801875,4.047165971,4.078238957
-0.80125,4.066300926,4.07584904
-0.800625,4.05115242,4.075052401
-0.8,4.077462984,4.074255762
-0.799375,4.074273824,4.073459123
-0.79875,4.052746999,4.075052401
-0.798125,4.070287375,4.075052401
-0.7975,4.041584942,4.073459123
-0.796875,4.096597939,4.073459123
-0.79625,4.028828305,4.069475928
-0.795625,4.071084665,4.065492732
-0.795,4.041584942,4.064696093
-0.794375,4.068692796,4.065492732
-0.79375,4.064706347,4.06708601
-0.793125,4.05035513,4.070272567
-0.7925,4.080652143,4.071069206
-0.791875,4.04955784,4.072662484
-0.79125,4.0918142,4.072662484
-0.790625,4.040787652,4.072662484
-0.79,4.081449433,4.071069206
-0.789375,4.052746999,4.071865845
-0.78875,4.076665694,4.071865845
-0.788125,4.067895506,4.073459123
-0.7875,4.075071114,4.081425513
-0.786875,4.079854853,4.080628874
-0.78625,4.070287375,4.082222152
-0.785625,4.082246723,4.079832235
-0.785,4.061517187,4.077442318
-0.784375,4.090219621,4.07584904
-0.78375,4.056733448,4.074255762
-0.783125,4.09420607,4.074255762
-0.7825,4.036003913,4.074255762
-0.781875,4.083044012,4.075052401
-0.78125,4.059125318,4.073459123
-0.780625,4.074273824,4.073459123
-0.78,4.084638592,4.073459123
-0.779375,4.032814754,4.06788265
-0.77875,4.087030462,4.064696093
-0.778125,4.021652697,4.064696093
-0.7775,4.091016911,4.066289371
-0.776875,4.036801203,4.068679289
-0.77625,4.082246723,4.069475928
-0.775625,4.05115242,4.071069206
-0.775,4.055936159,4.071865845
-0.774375,4.068692796,4.071865845
-0.77375,4.056733448,4.071865845
-0.773125,4.089422331,4.071865845
-0.7725,4.062314477,4.072662484
-0.771875,4.077462984,4.072662484
-0.77125,4.039990362,4.075052401
-0.770625,4.09500336,4.080628874
-0.77,4.070287375,4.079832235
-0.769375,4.096597939,4.080628874
-0.76875,4.067895506,4.078238957
-0.768125,4.075868404,4.076645679
-0.7675,4.056733448,4.075052401
-0.766875,4.063111767,4.073459123
-0.76625,4.0918142,4.073459123
-0.765625,4.041584942,4.073459123
-0.765,4.098989809,4.074255762
-0.764375,4.026436435,4.073459123
-0.76375,4.0918142,4.073459123
-0.763125,4.04876055,4.072662484
-0.7625,4.074273824,4.064696093
-0.761875,4.064706347,4.064696093
-0.76125,4.05035513,4.065492732
-0.760625,4.068692796,4.06708601
-0.76,4.032814754,4.069475928
-0.759375,4.097395229,4.071865845
-0.75875,4.041584942,4.072662484
-0.758125,4.087827751,4.072662484
-0.7575,4.045571391,4.071865845
-0.756875,4.067895506,4.072662484
-0.75625,4.065503636,4.072662484
-0.755625,4.079854853,4.072662484
-0.755,4.063111767,4.071865845
-0.754375,4.075868404,4.077442318
-0.75375,4.077462984,4.081425513
-0.753125,4.059922608,4.080628874
-0.7525,4.106165417,4.079035596
-0.751875,4.045571391,4.076645679
-0.75125,4.0918142,4.075052401
-0.750625,4.04876055,4.073459123
-0.75,4.085435882,4.073459123
-0.749375,4.05035513,4.073459123
-0.74875,4.068692796,4.073459123
-0.748125,4.078260274,4.072662484
-0.7475,4.042382232,4.073459123
-0.746875,4.101381678,4.072662484
-0.74625,4.039193073,4.069475928
-0.745625,4.079854853,4.063899454
-0.745,4.035206623,4.063899454
-0.744375,4.068692796,4.065492732
-0.74375,4.045571391,4.06708601
-0.743125,4.064706347,4.068679289
-0.7425,4.061517187,4.069475928
-0.741875,4.063111767,4.071865845
-0.74125,4.059922608,4.071865845
-0.740625,4.063111767,4.071865845
-0.74,4.089422331,4.071865845
-0.739375,4.045571391,4.072662484
-0.73875,4.0918142,4.072662484
-0.738125,4.036003913,4.072662484
-0.7375,4.087827751,4.080628874
-0.736875,4.064706347,4.081425513
-0.73625,4.090219621,4.080628874
-0.735625,4.077462984,4.079035596
-0.735,4.063909057,4.076645679
-0.734375,4.09340878,4.07584904
-0.73375,4.043179522,4.074255762
-0.733125,4.090219621,4.074255762
-0.7325,4.047963261,4.074255762
-0.731875,4.098192519,4.074255762
-0.73125,4.047963261,4.075052401
-0.730625,4.067098216,4.075052401
-0.73,4.077462984,4.074255762
-0.729375,4.054341579,4.06788265
-0.72875,4.075071114,4.065492732
-0.728125,4.056733448,4.066289371
-0.7275,4.074273824,4.066289371
-0.726875,4.040787652,4.068679289
-0.72625,4.079057563,4.071069206
-0.725625,4.053544289,4.072662484
-0.725,4.09340878,4.072662484
-0.724375,4.055936159,4.071865845
-0.72375,4.075868404,4.072662484
-0.723125,4.04876055,4.071865845
-0.7225,4.067895506,4.073459123
-0.721875,4.062314477,4.073459123
-0.72125,4.062314477,4.076645679
-0.720625,4.114138315,4.082222152
-0.72,4.032814754,4.082222152
-0.719375,4.098989809,4.079832235
-0.71875,4.05115242,4.078238957
-0.718125,4.097395229,4.076645679
-0.7175,4.059125318,4.075052401
-0.716875,4.064706347,4.073459123
-0.71625,4.081449433,4.074255762
-0.715625,4.04955784,4.074255762
-0.715,4.09420607,4.075052401
-0.714375,4.058328028,4.07584904
-0.71375,4.086233172,4.074255762
-0.713125,4.05194971,4.072662484
-0.7125,4.063111767,4.066289371
-0.711875,4.05115242,4.066289371
-0.71125,4.077462984,4.066289371
-0.710625,4.039990362,4.066289371
-0.71,4.071881955,4.068679289
-0.709375,4.04876055,4.070272567
-0.70875,4.059922608,4.071865845
-0.708125,4.071084665,4.072662484
-0.7075,4.04876055,4.072662484
-0.706875,4.099787099,4.072662484
-0.70625,4.047165971,4.072662484
-0.705625,4.075071114,4.072662484
-0.705,4.039990362,4.072662484
-0.704375,4.090219621,4.079832235
-0.70375,4.087827751,4.081425513
-0.703125,4.055936159,4.080628874
-0.7025,4.09580065,4.080628874
-0.701875,4.047963261,4.078238957
-0.70125,4.103773548,4.076645679
-0.700625,4.04955784,4.07584904
-0.7,4.083841302,4.074255762
-0.699375,4.062314477,4.075052401
-0.69875,4.079057563,4.075052401
-0.698125,4.060719898,4.074255762
-0.6975,4.070287375,4.07584904
-0.696875,4.071084665,4.074255762
-0.69625,4.065503636,4.071069206
-0.695625,4.070287375,4.064696093
-0.695,4.047165971,4.064696093
-0.694375,4.078260274,4.066289371
-0.69375,4.037598493,4.06708601
-0.693125,4.087827751,4.070272567
-0.6925,4.044774101,4.071069206
-0.691875,4.087030462,4.072662484
-0.69125,4.047165971,4.071865845
-0.690625,4.063909057,4.071865845
-0.69,4.084638592,4.071865845
-0.689375,4.028031015,4.071865845
-0.68875,4.088625041,4.071865845
-0.688125,4.028828305,4.073459123
-0.6875,4.110151866,4.079832235
-0.686875,4.054341579,4.081425513
-0.68625,4.075071114,4.079832235
-0.685625,4.067098216,4.078238957
-0.685,4.073476535,4.077442318
-0.684375,4.071881955,4.075052401
-0.68375,4.069490086,4.073459123
-0.683125,4.077462984,4.072662484
-0.6825,4.055936159,4.074255762
-0.681875,4.090219621,4.074255762
-0.68125,4.04955784,4.073459123
-0.680625,4.089422331,4.075052401
-0.68,4.060719898,4.073459123
-0.679375,4.075071114,4.06788265
-0.67875,4.038395783,4.065492732
-0.678125,4.066300926,4.065492732
-0.6775,4.054341579,4.06708601
-0.676875,4.059125318,4.068679289
-0.67625,4.085435882,4.070272567
-0.675625,4.024841856,4.071069206
-0.675,4.097395229,4.071069206
-0.674375,4.041584942,4.071865845
-0.67375,4.098192519,4.071865845
-0.673125,4.066300926,4.071865845
-0.6725,4.063909057,4.071865845
-0.671875,4.066300926,4.072662484
-0.67125,4.061517187,4.077442318
-0.670625,4.09500336,4.080628874
-0.67,4.070287375,4.080628874
-0.669375,4.099787099,4.079832235
-0.66875,4.040787652,4.079035596
-0.668125,4.083841302,4.076645679
-0.6675,4.058328028,4.074255762
-0.666875,4.079854853,4.074255762
-0.66625,4.068692796,4.072662484
-0.665625,4.079854853,4.075052401
-0.665,4.059125318,4.074255762
-0.664375,4.064706347,4.074255762
-0.66375,4.069490086,4.074255762
-0.663125,4.055936159,4.071865845
-0.6625,4.09340878,4.066289371
-0.661875,4.028828305,4.064696093
-0.66125,4.083044012,4.065492732
-0.660625,4.026436435,4.066289371
-0.66,4.080652143,4.069475928
-0.659375,4.057530738,4.070272567
-0.65875,4.059125318,4.071865845
-0.658125,4.081449433,4.071865845
-0.6575,4.047165971,4.072662484
-0.656875,4.081449433,4.071865845
-0.65625,4.032017464,4.072662484
-0.655625,4.086233172,4.071865845
-0.655,4.05115242,4.071865845
-0.654375,4.09261149,4.079832235
-0.65375,4.060719898,4.080628874
-0.653125,4.073476535,4.081425513
-0.6525,4.079057563,4.079832235
-0.651875,4.079854853,4.078238957
-0.65125,4.079057563,4.076645679
-0.650625,4.066300926,4.07584904
-0.65,4.082246723,4.075052401
-0.649375,4.043976811,4.075052401
-0.64875,4.102178968,4.075052401
-0.648125,4.047963261,4.074255762
-0.6475,4.088625041,4.075052401
-0.646875,4.055936159,4.075052401
-0.64625,4.068692796,4.070272567
-0.645625,4.062314477,4.066289371
-0.645,4.046368681,4.065492732
-0.644375,4.086233172,4.06708601
-0.64375,4.036801203,4.069475928
-0.643125,4.076665694,4.071069206
-0.6425,4.038395783,4.071865845
-0.641875,4.079057563,4.072662484
-0.64125,4.059125318,4.072662484
-0.640625,4.072679245,4.073459123
-0.64,4.073476535,4.072662484
-0.639375,4.053544289,4.073459123
-0.63875,4.070287375,4.072662484
-0.638125,4.063111767,4.074255762
-0.6375,4.09261149,4.080628874
-0.636875,4.066300926,4.080628874
-0.63625,4.09500336,4.080628874
-0.635625,4.062314477,4.079035596
-0.635,4.090219621,4.077442318
-0.634375,4.032814754,4.075052401
-0.63375,4.082246723,4.074255762
-0.633125,4.059125318,4.074255762
-0.6325,4.075868404,4.074255762
-0.631875,4.081449433,4.074255762
-0.63125,4.035206623,4.074255762
-0.630625,4.101381678,4.074255762
-0.63,4.035206623,4.074255762
-0.629375,4.0918142,4.06708601
-0.62875,4.04955784,4.065492732
-0.628125,4.070287375,4.065492732
-0.6275,4.039990362,4.06708601
-0.626875,4.057530738,4.069475928
-0.62625,4.075071114,4.071069206
-0.625625,4.055138869,4.072662484
-0.625,4.088625041,4.073459123
-0.624375,4.053544289,4.073459123
-0.62375,4.080652143,4.071865845
-0.623125,4.05115242,4.071865845
-0.6225,4.083044012,4.071865845
-0.621875,4.062314477,4.071865845
-0.62125,4.091016911,4.077442318
-0.620625,4.047963261,4.080628874
-0.62,4.079854853,4.080628874
-0.619375,4.072679245,4.079832235
-0.61875,4.071084665,4.078238957
-0.618125,4.0918142,4.077442318
-0.6175,4.043976811,4.07584904
-0.616875,4.088625041,4.075052401
-0.61625,4.031220174,4.075052401
-0.615625,4.079854853,4.075052401
-0.615,4.066300926,4.075052401
-0.614375,4.078260274,4.07584904
-0.61375,4.076665694,4.075052401
-0.613125,4.056733448,4.072662484
-0.6125,4.071881955,4.066289371
-0.611875,4.038395783,4.066289371
-0.61125,4.079057563,4.06708601
-0.610625,4.040787652,4.06788265
-0.61,4.083841302,4.068679289
-0.609375,4.013679798,4.071069206
-0.60875,4.065503636,4.072662484
-0.608125,4.069490086,4.071865845
-0.6075,4.072679245,4.073459123
-0.606875,4.062314477,4.072662484
-0.60625,4.062314477,4.071865845
-0.605625,4.070287375,4.071865845
-0.605,4.05035513,4.072662484
-0.604375,4.111746446,4.079035596
-0.60375,4.044774101,4.080628874
-0.603125,4.097395229,4.080628874
-0.6025,4.041584942,4.079832235
-0.601875,4.083044012,4.078238957
-0.60125,4.069490086,4.076645679
-0.600625,4.068692796,4.07584904
-0.6,4.075071114,4.075052401
-0.599375,4.057530738,4.074255762
-0.59875,4.09420607,4.075052401
-0.598125,4.036801203,4.075052401
-0.5975,4.097395229,4.075052401
-0.596875,4.062314477,4.074255762
-0.59625,4.073476535,4.070272567
-0.595625,4.056733448,4.065492732
-0.595,4.059922608,4.066289371
-0.594375,4.057530738,4.06708601
-0.59375,4.061517187,4.068679289
-0.593125,4.052746999,4.068679289
-0.5925,4.063909057,4.071069206
-0.591875,4.075071114,4.071865845
-0.59125,4.04955784,4.071865845
-0.590625,4.09580065,4.071865845
-0.59,4.032814754,4.071069206
-0.589375,4.087827751,4.071865845
-0.58875,4.04955784,4.071069206
-0.588125,4.069490086,4.073459123
-0.5875,4.058328028,4.080628874
-0.586875,4.063111767,4.080628874
-0.58625,4.097395229,4.080628874
-0.585625,4.054341579,4.079035596
-0.585,4.102178968,4.076645679
-0.584375,4.037598493,4.076645679
-0.58375,4.098192519,4.075052401
-0.583125,4.056733448,4.075052401
-0.5825,4.073476535,4.075052401
-0.581875,4.079057563,4.075052401
-0.58125,4.058328028,4.07584904
-0.580625,4.073476535,4.075052401
-0.58,4.063909057,4.075052401
-0.579375,4.071881955,4.06788265
-0.57875,4.043976811,4.06708601
-0.578125,4.075868404,4.066289371
-0.5775,4.04876055,4.06708601
-0.576875,4.079854853,4.070272567
-0.57625,4.036801203,4.071069206
-0.575625,4.075071114,4.071865845
-0.575,4.05194971,4.071865845
-0.574375,4.068692796,4.072662484
-0.57375,4.077462984,4.072662484
-0.573125,4.058328028,4.071865845
-0.5725,4.081449433,4.073459123
-0.571875,4.025639146,4.073459123
-0.57125,4.104570837,4.077442318
-0.570625,4.05194971,4.082222152
-0.57,4.099787099,4.082222152
-0.569375,4.075071114,4.081425513
-0.56875,4.074273824,4.079832235
-0.568125,4.062314477,4.077442318
-0.5675,4.053544289,4.07584904
-0.566875,4.09420607,4.074255762
-0.56625,4.063111767,4.074255762
-0.565625,4.087827751,4.074255762
-0.565,4.043976811,4.073459123
-0.564375,4.080652143,4.074255762
-0.56375,4.063111767,4.073459123
-0.563125,4.087030462,4.071865845
-0.5625,4.037598493,4.064696093
-0.561875,4.070287375,4.065492732
-0.56125,4.052746999,4.066289371
-0.560625,4.055138869,4.06788265
-0.56,4.087827751,4.070272567
-0.559375,4.047963261,4.071069206
-0.55875,4.101381678,4.072662484
-0.558125,4.033612044,4.072662484
-0.5575,4.086233172,4.072662484
-0.556875,4.038395783,4.071865845
-0.55625,4.083044012,4.073459123
-0.555625,4.075868404,4.073459123
-0.555,4.052746999,4.073459123
-0.554375,4.091016911,4.080628874
-0.55375,4.055936159,4.082222152
-0.553125,4.09340878,4.081425513
-0.5525,4.055936159,4.079832235
-0.551875,4.089422331,4.076645679
-0.55125,4.055138869,4.07584904
-0.550625,4.058328028,4.075052401
-0.55,4.044774101,4.075052401
-0.549375,4.081449433,4.07584904
-0.54875,4.063909057,4.073459123
-0.548125,4.072679245,4.074255762
-0.5475,4.067895506,4.074255762
-0.546875,4.063111767,4.073459123
-0.54625,4.086233172,4.069475928
-0.545625,4.027233725,4.064696093
-0.545,4.0918142,4.066289371
-0.544375,4.039193073,4.066289371
-0.54375,4.064706347,4.06788265
-0.543125,4.043976811,4.069475928
-0.5425,4.067098216,4.071069206
-0.541875,4.064706347,4.072662484
-0.54125,4.057530738,4.071865845
-0.540625,4.083841302,4.071865845
-0.54,4.031220174,4.072662484
-0.539375,4.098989809,4.071865845
-0.53875,4.045571391,4.072662484
-0.538125,4.079854853,4.074255762
-0.5375,4.064706347,4.080628874
-0.536875,4.080652143,4.082222152
-0.53625,4.081449433,4.081425513
-0.535625,4.078260274,4.079832235
-0.535,4.067098216,4.076645679
-0.534375,4.070287375,4.075052401
-0.53375,4.078260274,4.074255762
-0.533125,4.052746999,4.074255762
-0.5325,4.098192519,4.074255762
-0.531875,4.039193073,4.073459123
-0.53125,4.088625041,4.074255762
-0.530625,4.041584942,4.073459123
-0.53,4.085435882,4.073459123
-0.529375,4.056733448,4.06708601
-0.52875,4.061517187,4.066289371
-0.528125,4.076665694,4.066289371
-0.5275,4.025639146,4.06708601
-0.526875,4.096597939,4.068679289
-0.52625,4.036003913,4.070272567
-0.525625,4.096597939,4.071069206
-0.525,4.055936159,4.071865845
-0.524375,4.069490086,4.072662484
-0.52375,4.059125318,4.071865845
-0.523125,4.062314477,4.071865845
-0.5225,4.067098216,4.072662484
-0.521875,4.074273824,4.074255762
-0.52125,4.063111767,4.077442318
-0.520625,4.055138869,4.081425513
-0.52,4.09500336,4.082222152
-0.519375,4.066300926,4.080628874
-0.51875,4.089422331,4.079035596
-0.518125,4.05115242,4.076645679
-0.5175,4.090219621,4.07584904
-0.516875,4.05035513,4.075052401
-0.51625,4.073476535,4.074255762
-0.515625,4.073476535,4.075052401
-0.515,4.065503636,4.075052401
-0.514375,4.103773548,4.075052401
-0.51375,4.038395783,4.074255762
-0.513125,4.09420607,4.071865845
-0.5125,4.032017464,4.066289371
-0.511875,4.082246723,4.065492732
-0.51125,4.055138869,4.06708601
-0.510625,4.058328028,4.068679289
-0.51,4.061517187,4.070272567
-0.509375,4.05115242,4.071865845
-0.50875,4.082246723,4.071865845
-0.508125,4.064706347,4.072662484
-0.5075,4.087030462,4.072662484
-0.506875,4.05035513,4.071865845
-0.50625,4.077462984,4.071865845
-0.505625,4.045571391,4.071865845
-0.505,4.084638592,4.073459123
-0.504375,4.063111767,4.079035596
-0.50375,4.091016911,4.081425513
-0.503125,4.077462984,4.081425513
-0.5025,4.070287375,4.079832235
-0.501875,4.078260274,4.078238957
-0.50125,4.059125318,4.076645679
-0.500625,4.106962707,4.07584904
-0.5,4.035206623,4.074255762
-0.499375,4.098192519,4.073459123
-0.49875,4.035206623,4.073459123
-0.498125,4.079854853,4.074255762
-0.4975,4.066300926,4.074255762
-0.496875,4.064706347,4.073459123
-0.49625,4.071084665,4.069475928
-0.495625,4.041584942,4.065492732
-0.495,4.083044012,4.064696093
-0.494375,4.037598493,4.066289371
-0.49375,4.077462984,4.06788265
-0.493125,4.038395783,4.069475928
-0.4925,4.078260274,4.071069206
-0.491875,4.057530738,4.071865845
-0.49125,4.067098216,4.073459123
-0.490625,4.062314477,4.072662484
-0.49,4.074273824,4.072662484
-0.489375,4.070287375,4.072662484
-0.48875,4.053544289,4.072662484
-0.488125,4.0918142,4.075052401
-0.4875,4.047165971,4.080628874
-0.486875,4.105368127,4.081425513
-0.48625,4.04876055,4.079832235
-0.485625,4.099787099,4.079035596
-0.485,4.062314477,4.076645679
-0.484375,4.078260274,4.075052401
-0.48375,4.065503636,4.074255762
-0.483125,4.056733448,4.073459123
-0.4825,4.091016911,4.073459123
-0.481875,4.04955784,4.074255762
-0.48125,4.104570837,4.074255762
-0.480625,4.054341579,4.075052401
-0.48,4.076665694,4.075052401
-0.479375,4.042382232,4.06708601
-0.47875,4.063909057,4.066289371
-0.478125,4.055138869,4.065492732
-0.4775,4.060719898,4.06708601
-0.476875,4.058328028,4.06788265
-0.47625,4.05035513,4.071069206
-0.475625,4.075071114,4.072662484
-0.475,4.057530738,4.072662484
-0.474375,4.087030462,4.072662484
-0.47375,4.052746999,4.071865845
-0.473125,4.09420607,4.072662484
-0.4725,4.036003913,4.071865845
-0.471875,4.077462984,4.072662484
-0.47125,4.059922608,4.076645679
-0.470625,4.084638592,4.080628874
-0.47,4.0918142,4.081425513
-0.469375,4.053544289,4.079832235
-0.46875,4.100584388,4.078238957
-0.468125,4.038395783,4.076645679
-0.4675,4.097395229,4.075052401
-0.466875,4.061517187,4.07584904
-0.46625,4.079854853,4.075052401
-0.465625,4.058328028,4.075052401
-0.465,4.059125318,4.075052401
-0.464375,4.071881955,4.074255762
-0.46375,4.063111767,4.074255762
-0.463125,4.074273824,4.071069206
-0.4625,4.05194971,4.064696093
-0.461875,4.073476535,4.064696093
-0.46125,4.031220174,4.065492732
-0.460625,4.079057563,4.06708601
-0.46,4.04955784,4.068679289
-0.459375,4.086233172,4.071069206
-0.45875,4.052746999,4.071069206
-0.458125,4.067895506,4.071865845
-0.4575,4.059922608,4.071069206
-0.456875,4.059125318,4.071069206
-0.45625,4.077462984,4.071865845
-0.455625,4.044774101,4.072662484
-0.455,4.098192519,4.072662484
-0.454375,4.032814754,4.079832235
-0.45375,4.098989809,4.081425513
-0.453125,4.073476535,4.081425513
-0.4525,4.075868404,4.079035596
-0.451875,4.079057563,4.076645679
-0.45125,4.057530738,4.07584904
-0.450625,4.077462984,4.075052401
-0.45,4.047165971,4.074255762
-0.449375,4.085435882,4.073459123
-0.44875,4.060719898,4.074255762
-0.448125,4.0918142,4.073459123
-0.4475,4.036801203,4.072662484
-0.446875,4.073476535,4.073459123
-0.44625,4.05115242,4.06788265
-0.445625,4.066300926,4.064696093
-0.445,4.04876055,4.064696093
-0.444375,4.061517187,4.065492732
-0.44375,4.052746999,4.06788265
-0.443125,4.04876055,4.070272567
-0.4425,4.09340878,4.071865845
-0.441875,4.029625595,4.071865845
-0.44125,4.096597939,4.071865845
-0.440625,4.04955784,4.071865845
-0.44,4.083841302,4.071069206
-0.439375,4.062314477,4.071069206
-0.43875,4.063909057,4.071865845
-0.438125,4.077462984,4.075052401
-0.4375,4.064706347,4.080628874
-0.436875,4.099787099,4.081425513
-0.43625,4.063111767,4.080628874
-0.435625,4.076665694,4.078238957
-0.435,4.05035513,4.07584904
-0.434375,4.088625041,4.075052401
-0.43375,4.059922608,4.073459123
-0.433125,4.074273824,4.073459123
-0.4325,4.065503636,4.073459123
-0.431875,4.068692796,4.073459123
-0.43125,4.071881955,4.072662484
-0.430625,4.068692796,4.072662484
-0.43,4.086233172,4.072662484
-0.429375,4.041584942,4.065492732
-0.42875,4.090219621,4.064696093
-0.428125,4.020058117,4.064696093
-0.4275,4.087030462,4.06708601
-0.426875,4.034409334,4.068679289
-0.42625,4.083044012,4.070272567
-0.425625,4.067098216,4.071865845
-0.425,4.05035513,4.071865845
-0.424375,4.083841302,4.071865845
-0.42375,4.047963261,4.071865845
-0.423125,4.099787099,4.071069206
-0.4225,4.043179522,4.071865845
-0.421875,4.089422331,4.071865845
-0.42125,4.045571391,4.07584904
-0.420625,4.078260274,4.079832235
-0.42,4.062314477,4.079832235
-0.419375,4.077462984,4.079832235
-0.41875,4.081449433,4.078238957
-0.418125,4.072679245,4.07584904
-0.4175,4.071881955,4.074255762
-0.416875,4.047165971,4.074255762
-0.41625,4.091016911,4.074255762
-0.415625,4.046368681,4.073459123
-0.415,4.100584388,4.073459123
-0.414375,4.04876055,4.072662484
-0.41375,4.083841302,4.074255762
-0.413125,4.043179522,4.071865845
-0.4125,4.065503636,4.066289371
-0.411875,4.068692796,4.065492732
-0.41125,4.044774101,4.066289371
-0.410625,4.084638592,4.06788265
-0.41,4.027233725,4.070272567
-0.409375,4.09340878,4.071865845
-0.40875,4.046368681,4.074255762
-0.408125,4.086233172,4.072662484
-0.4075,4.063111767,4.072662484
-0.406875,4.072679245,4.073459123
-0.40625,4.060719898,4.071865845
-0.405625,4.05115242,4.072662484
-0.405,4.084638592,4.072662484
-0.404375,4.073476535,4.081425513
-0.40375,4.098989809,4.081425513
-0.403125,4.056733448,4.081425513
-0.4025,4.088625041,4.079832235
-0.401875,4.059922608,4.077442318
-0.40125,4.09420607,4.07584904
-0.400625,4.054341579,4.073459123
-0.4,4.082246723,4.073459123
-0.399375,4.059922608,4.073459123
-0.39875,4.064706347,4.073459123
-0.398125,4.084638592,4.074255762
-0.3975,4.04876055,4.075052401
-0.396875,4.102976258,4.075052401
-0.39625,4.031220174,4.068679289
-0.395625,4.083044012,4.065492732
-0.395,4.032814754,4.065492732
-0.394375,4.069490086,4.066289371
-0.39375,4.043976811,4.068679289
-0.393125,4.061517187,4.071069206
-0.3925,4.075071114,4.071069206
-0.391875,4.038395783,4.072662484
-0.39125,4.081449433,4.071865845
-0.390625,4.05194971,4.071865845
-0.39,4.085435882,4.071865845
-0.389375,4.052746999,4.071865845
-0.38875,4.082246723,4.073459123
-0.388125,4.040787652,4.07584904
-0.3875,4.089422331,4.082222152
-0.386875,4.062314477,4.081425513
-0.38625,4.087827751,4.080628874
-0.385625,4.077462984,4.079035596
-0.385,4.071084665,4.076645679
-0.384375,4.085435882,4.07584904
-0.38375,4.032017464,4.074255762
-0.383125,4.101381678,4.073459123
-0.3825,4.043976811,4.073459123
-0.381875,4.09500336,4.072662484
-0.38125,4.059922608,4.073459123
-0.380625,4.065503636,4.072662484
-0.38,4.070287375,4.072662484
-0.379375,4.045571391,4.066289371
-0.37875,4.063909057,4.064696093
-0.378125,4.041584942,4.066289371
-0.3775,4.088625041,4.06708601
-0.376875,4.028828305,4.069475928
-0.37625,4.077462984,4.071069206
-0.375625,4.053544289,4.071865845
-0.375,4.075868404,4.072662484
-0.374375,4.068692796,4.071865845
-0.37375,4.075071114,4.071865845
-0.373125,4.032814754,4.071865845
-0.3725,4.058328028,4.072662484
-0.371875,4.062314477,4.072662484
-0.37125,4.061517187,4.077442318
-0.370625,4.080652143,4.081425513
-0.37,4.04876055,4.080628874
-0.369375,4.098989809,4.079832235
-0.36875,4.043976811,4.077442318
-0.368125,4.085435882,4.07584904
-0.3675,4.066300926,4.075052401
-0.366875,4.067895506,4.073459123
-0.36625,4.075868404,4.073459123
-0.365625,4.046368681,4.074255762
-0.365,4.079057563,4.073459123
-0.364375,4.047963261,4.074255762
-0.36375,4.101381678,4.072662484
-0.363125,4.05115242,4.070272567
-0.3625,4.071881955,4.065492732
-0.361875,4.043179522,4.065492732
-0.36125,4.057530738,4.06708601
-0.360625,4.065503636,4.06788265
-0.36,4.067098216,4.071069206
-0.359375,4.066300926,4.071069206
-0.35875,4.052746999,4.071865845
-0.358125,4.067098216,4.071865845
-0.3575,4.036801203,4.071865845
-0.356875,4.100584388,4.071865845
-0.35625,4.041584942,4.071865845
-0.355625,4.088625041,4.071865845
-0.355,4.047165971,4.072662484
-0.354375,4.082246723,4.079832235
-0.35375,4.080652143,4.080628874
-0.353125,4.069490086,4.080628874
-0.3525,4.09420607,4.079035596
-0.351875,4.055138869,4.077442318
-0.35125,4.101381678,4.07584904
-0.350625,4.031220174,4.075052401
-0.35,4.083044012,4.073459123
-0.349375,4.063111767,4.073459123
-0.34875,4.078260274,4.074255762
-0.348125,4.070287375,4.073459123
-0.3475,4.058328028,4.073459123
-0.346875,4.075868404,4.073459123
-0.34625,4.057530738,4.068679289
-0.345625,4.067895506,4.064696093
-0.345,4.04876055,4.066289371
-0.344375,4.077462984,4.066289371
-0.34375,4.032017464,4.068679289
-0.343125,4.086233172,4.071069206
-0.3425,4.046368681,4.071865845
-0.341875,4.081449433,4.073459123
-0.34125,4.059922608,4.071865845
-0.340625,4.070287375,4.072662484
-0.34,4.075868404,4.072662484
-0.339375,4.041584942,4.072662484
-0.33875,4.09420607,4.072662484
-0.338125,4.042382232,4.07584904
-0.3375,4.112543736,4.080628874
-0.336875,4.05115242,4.082222152
-0.33625,4.086233172,4.079832235
-0.335625,4.070287375,4.078238957
-0.335,4.071084665,4.07584904
-0.334375,4.085435882,4.075052401
-0.33375,4.058328028,4.073459123
-0.333125,4.081449433,4.072662484
-0.3325,4.052746999,4.073459123
-0.331875,4.087827751,4.073459123
-0.33125,4.042382232,4.073459123
-0.330625,4.085435882,4.073459123
-0.33,4.059125318,4.072662484
-0.329375,4.077462984,4.066289371
-0.32875,4.030422885,4.064696093
-0.328125,4.066300926,4.065492732
-0.3275,4.053544289,4.06708601
-0.326875,4.066300926,4.069475928
-0.32625,4.087827751,4.071069206
-0.325625,4.031220174,4.071865845
-0.325,4.09420607,4.072662484
-0.324375,4.026436435,4.071865845
-0.32375,4.09340878,4.071865845
-0.323125,4.04955784,4.072662484
-0.3225,4.086233172,4.071865845
-0.321875,4.055936159,4.071865845
-0.32125,4.059922608,4.078238957
-0.320625,4.090219621,4.080628874
-0.32,4.063111767,4.081425513
-0.319375,4.108557287,4.079832235
-0.31875,4.064706347,4.079035596
-0.318125,4.088625041,4.076645679
-0.3175,4.046368681,4.074255762
-0.316875,4.083841302,4.074255762
-0.31625,4.054341579,4.073459123
-0.315625,4.090219621,4.07584904
-0.315,4.061517187,4.075052401
-0.314375,4.067895506,4.075052401
-0.31375,4.075868404,4.075052401
-0.313125,4.060719898,4.070272567
-0.3125,4.091016911,4.06708601
-0.311875,4.021652697,4.066289371
-0.31125,4.09261149,4.066289371
-0.310625,4.023247276,4.06788265
-0.31,4.078260274,4.069475928
-0.309375,4.047165971,4.071865845
-0.30875,4.077462984,4.072662484
-0.308125,4.072679245,4.072662484
-0.3075,4.054341579,4.072662484
-0.306875,4.080652143,4.072662484
-0.30625,4.037598493,4.072662484
-0.305625,4.099787099,4.071865845
-0.305,4.047165971,4.073459123
-0.304375,4.09420607,4.081425513
-0.30375,4.070287375,4.081425513
-0.303125,4.078260274,4.081425513
-0.3025,4.058328028,4.079832235
-0.301875,4.081449433,4.078238957
-0.30125,4.059922608,4.075052401
-0.300625,4.067098216,4.074255762
-0.3,4.076665694,4.074255762
-0.299375,4.047963261,4.074255762
-0.29875,4.09500336,4.074255762
-0.298125,4.034409334,4.073459123
-0.2975,4.09500336,4.073459123
-0.296875,4.04876055,4.073459123
-0.29625,4.077462984,4.06788265
-0.295625,4.040787652,4.066289371
-0.295,4.055936159,4.066289371
-0.294375,4.053544289,4.06788265
-0.29375,4.034409334,4.069475928
-0.293125,4.09340878,4.071069206
-0.2925,4.026436435,4.071865845
-0.291875,4.088625041,4.072662484
-0.29125,4.055138869,4.072662484
-0.290625,4.075071114,4.072662484
-0.29,4.071084665,4.072662484
-0.289375,4.062314477,4.074255762
-0.28875,4.072679245,4.072662484
-0.288125,4.066300926,4.077442318
-0.2875,4.080652143,4.081425513
-0.286875,4.069490086,4.082222152
-0.28625,4.098989809,4.080628874
-0.285625,4.059125318,4.079035596
-0.285,4.098192519,4.076645679
-0.284375,4.037598493,4.07584904
-0.28375,4.084638592,4.074255762
-0.283125,4.057530738,4.074255762
-0.2825,4.082246723,4.075052401
-0.281875,4.069490086,4.075052401
-0.28125,4.061517187,4.075052401
-0.280625,4.087030462,4.075052401
-0.28,4.036801203,4.073459123
-0.279375,4.091016911,4.06708601
-0.27875,4.032814754,4.066289371
-0.278125,4.082246723,4.066289371
-0.2775,4.039990362,4.06708601
-0.276875,4.060719898,4.069475928
-0.27625,4.05115242,4.071865845
-0.275625,4.062314477,4.073459123
-0.275,4.071084665,4.072662484
-0.274375,4.062314477,4.073459123
-0.27375,4.079854853,4.072662484
-0.273125,4.045571391,4.073459123
-0.2725,4.087827751,4.073459123
-0.271875,4.059125318,4.073459123
-0.27125,4.102178968,4.079832235
-0.270625,4.056733448,4.082222152
-0.27,4.083841302,4.082222152
-0.269375,4.05035513,4.080628874
-0.26875,4.080652143,4.079035596
-0.268125,4.080652143,4.077442318
-0.2675,4.05035513,4.07584904
-0.266875,4.107759997,4.07584904
-0.26625,4.028031015,4.075052401
-0.265625,4.09500336,4.075052401
-0.265,4.042382232,4.075052401
-0.264375,4.089422331,4.075052401
-0.26375,4.071881955,4.074255762
-0.263125,4.059125318,4.071069206
-0.2625,4.059922608,4.065492732
-0.261875,4.036003913,4.065492732
-0.26125,4.081449433,4.065492732
-0.260625,4.055138869,4.068679289
-0.26,4.083044012,4.070272567
-0.259375,4.05035513,4.071865845
-0.25875,4.076665694,4.073459123
-0.258125,4.05115242,4.072662484
-0.2575,4.087827751,4.072662484
-0.256875,4.05035513,4.071865845
-0.25625,4.076665694,4.073459123
-0.255625,4.060719898,4.073459123
-0.255,4.058328028,4.074255762
-0.254375,4.091016911,4.081425513
-0.25375,4.062314477,4.081425513
-0.253125,4.112543736,4.081425513
-0.2525,4.04876055,4.079832235
-0.251875,4.097395229,4.077442318
-0.25125,4.045571391,4.076645679
-0.250625,4.083841302,4.075052401
-0.25,4.079057563,4.075052401
-0.249375,4.059922608,4.075052401
-0.24875,4.083044012,4.074255762
-0.248125,4.046368681,4.075052401
-0.2475,4.101381678,4.074255762
-0.246875,4.04955784,4.074255762
-0.24625,4.079854853,4.06788265
-0.245625,4.047165971,4.064696093
-0.245,4.064706347,4.066289371
-0.244375,4.05194971,4.06788265
-0.24375,4.069490086,4.071069206
-0.243125,4.05035513,4.071865845
-0.2425,4.056733448,4.073459123
-0.241875,4.075071114,4.073459123
-0.24125,4.062314477,4.072662484
-0.240625,4.075071114,4.073459123
-0.24,4.032814754,4.072662484
-0.239375,4.098192519,4.073459123
-0.23875,4.043976811,4.072662484
-0.238125,4.071881955,4.077442318
-0.2375,4.053544289,4.082222152
-0.236875,4.084638592,4.081425513
-0.23625,4.079854853,4.081425513
-0.235625,4.063909057,4.080628874
-0.235,4.09580065,4.077442318
-0.234375,4.044774101,4.07584904
-0.23375,4.101381678,4.075052401
-0.233125,4.039990362,4.07584904
-0.2325,4.077462984,4.075052401
-0.231875,4.062314477,4.074255762
-0.23125,4.061517187,4.07584904
-0.230625,4.079057563,4.074255762
-0.23,4.077462984,4.073459123
-0.229375,4.04955784,4.065492732
-0.22875,4.047165971,4.065492732
-0.228125,4.064706347,4.06708601
-0.2275,4.044774101,4.06788265
-0.226875,4.087827751,4.070272567
-0.22625,4.04876055,4.071069206
-0.225625,4.083841302,4.073459123
-0.225,4.04876055,4.072662484
-0.224375,4.079057563,4.073459123
-0.22375,4.059922608,4.072662484
-0.223125,4.055936159,4.072662484
-0.2225,4.079854853,4.072662484
-0.221875,4.038395783,4.072662484
-0.22125,4.107759997,4.079035596
-0.220625,4.04876055,4.082222152
-0.22,4.109354576,4.082222152
-0.219375,4.067098216,4.080628874
-0.21875,4.072679245,4.079035596
-0.218125,4.061517187,4.076645679
-0.2175,4.058328028,4.076645679
-0.216875,4.075071114,4.075052401
-0.21625,4.078260274,4.07584904
-0.215625,4.078260274,4.075052401
-0.215,4.060719898,4.07584904
-0.214375,4.083044012,4.07584904
-0.21375,4.043179522,4.075052401
-0.213125,4.084638592,4.071865845
-0.2125,4.047963261,4.066289371
-0.211875,4.069490086,4.06708601
-0.21125,4.034409334,4.06708601
-0.210625,4.060719898,4.069475928
-0.21,4.060719898,4.071069206
-0.209375,4.066300926,4.071865845
-0.20875,4.084638592,4.073459123
-0.208125,4.044774101,4.072662484
-0.2075,4.098192519,4.072662484
-0.206875,4.032017464,4.072662484
-0.20625,4.0918142,4.072662484
-0.205625,4.040787652,4.072662484
-0.205,4.064706347,4.074255762
-0.204375,4.079854853,4.082222152
-0.20375,4.063111767,4.082222152
-0.203125,4.091016911,4.081425513
-0.2025,4.064706347,4.079832235
-0.201875,4.091016911,4.077442318
-0.20125,4.057530738,4.07584904
-0.200625,4.090219621,4.074255762
-0.2,4.05194971,4.073459123
-0.199375,4.077462984,4.074255762
-0.19875,4.058328028,4.073459123
-0.198125,4.083044012,4.074255762
-0.1975,4.059922608,4.073459123
-0.196875,4.068692796,4.072662484
-0.19625,4.067098216,4.06708601
-0.195625,4.043976811,4.064696093
-0.195,4.0918142,4.064696093
-0.194375,4.026436435,4.066289371
-0.19375,4.091016911,4.06788265
-0.193125,4.024841856,4.069475928
-0.1925,4.082246723,4.071865845
-0.191875,4.059125318,4.073459123
-0.19125,4.067098216,4.072662484
-0.190625,4.068692796,4.071865845
-0.19,4.058328028,4.071069206
-0.189375,4.073476535,4.071069206
-0.18875,4.05194971,4.072662484
-0.188125,4.087030462,4.075052401
-0.1875,4.059922608,4.079832235
-0.186875,4.096597939,4.079832235
-0.18625,4.068692796,4.079035596
-0.185625,4.085435882,4.078238957
-0.185,4.046368681,4.07584904
-0.184375,4.082246723,4.07584904
-0.18375,4.055138869,4.073459123
-0.183125,4.060719898,4.073459123
-0.1825,4.089422331,4.075052401
-0.181875,4.047963261,4.073459123
-0.18125,4.09580065,4.074255762
-0.180625,4.047165971,4.073459123
-0.18,4.088625041,4.071865845
-0.179375,4.041584942,4.065492732
-0.17875,4.071881955,4.065492732
-0.178125,4.043976811,4.066289371
-0.1775,4.046368681,4.06708601
-0.176875,4.079057563,4.068679289
-0.17625,4.044774101,4.070272567
-0.175625,4.099787099,4.071865845
-0.175,4.055936159,4.071865845
-0.174375,4.077462984,4.071865845
-0.17375,4.046368681,4.072662484
-0.173125,4.075071114,4.072662484
-0.1725,4.066300926,4.072662484
-0.171875,4.074273824,4.074255762
-0.17125,4.063909057,4.079832235
-0.170625,4.077462984,4.082222152
-0.17,4.077462984,4.081425513
-0.169375,4.067895506,4.079832235
-0.16875,4.09580065,4.079035596
-0.168125,4.052746999,4.076645679
-0.1675,4.104570837,4.075052401
-0.166875,4.020058117,4.075052401
-0.16625,4.083841302,4.075052401
-0.165625,4.059125318,4.075052401
-0.165,4.083841302,4.074255762
-0.164375,4.067895506,4.074255762
-0.16375,4.061517187,4.073459123
-0.163125,4.070287375,4.069475928
-0.1625,4.031220174,4.065492732
-0.161875,4.081449433,4.064696093
-0.16125,4.041584942,4.066289371
-0.160625,4.075868404,4.06708601
-0.16,4.056733448,4.069475928
-0.159375,4.058328028,4.071069206
-0.15875,4.072679245,4.072662484
-0.158125,4.069490086,4.072662484
-0.1575,4.075071114,4.071865845
-0.156875,4.061517187,4.071865845
-0.15625,4.082246723,4.071865845
-0.155625,4.045571391,4.072662484
-0.155,4.081449433,4.073459123
-0.154375,4.059125318,4.080628874
-0.15375,4.103773548,4.080628874
-0.153125,4.057530738,4.079832235
-0.1525,4.091016911,4.079035596
-0.151875,4.054341579,4.07584904
-0.15125,4.067895506,4.075052401
-0.150625,4.085435882,4.074255762
-0.15,4.055138869,4.073459123
-0.149375,4.102976258,4.073459123
-0.14875,4.043976811,4.073459123
-0.148125,4.09340878,4.074255762
-0.1475,4.055138869,4.075052401
-0.146875,4.075868404,4.074255762
-0.14625,4.052746999,4.06788265
-0.145625,4.061517187,4.06708601
-0.145,4.059125318,4.066289371
-0.144375,4.047963261,4.06788265
-0.14375,4.070287375,4.069475928
-0.143125,4.060719898,4.071865845
-0.1425,4.087030462,4.072662484
-0.141875,4.04876055,4.073459123
-0.14125,4.086233172,4.073459123
-0.140625,4.042382232,4.072662484
-0.14,4.082246723,4.072662484
-0.139375,4.052746999,4.072662484
-0.13875,4.075868404,4.073459123
-0.138125,4.070287375,4.076645679
-0.1375,4.055936159,4.083018791
-0.136875,4.096597939,4.082222152
-0.13625,4.05115242,4.080628874
-0.135625,4.105368127,4.079035596
-0.135,4.046368681,4.076645679
-0.134375,4.09580065,4.07584904
-0.13375,4.059922608,4.075052401
-0.133125,4.064706347,4.075052401
-0.1325,4.056733448,4.075052401
-0.131875,4.064706347,4.075052401
-0.13125,4.077462984,4.075052401
-0.130625,4.062314477,4.075052401
-0.13,4.078260274,4.071865845
-0.129375,4.032017464,4.066289371
-0.12875,4.070287375,4.065492732
-0.128125,4.04876055,4.066289371
-0.1275,4.071084665,4.06788265
-0.126875,4.058328028,4.069475928
-0.12625,4.075868404,4.071069206
-0.125625,4.046368681,4.071865845
-0.125,4.065503636,4.072662484
-0.124375,4.060719898,4.072662484
-0.12375,4.058328028,4.072662484
-0.123125,4.087030462,4.072662484
-0.1225,4.021652697,4.072662484
-0.121875,4.0918142,4.072662484
-0.12125,4.044774101,4.080628874
-0.120625,4.09261149,4.083018791
-0.12,4.076665694,4.081425513
-0.119375,4.067895506,4.079832235
-0.11875,4.075868404,4.078238957
-0.118125,4.057530738,4.07584904
-0.1175,4.082246723,4.074255762
-0.116875,4.05115242,4.075052401
-0.11625,4.0918142,4.074255762
-0.115625,4.042382232,4.074255762
-0.115,4.075868404,4.075052401
-0.114375,4.058328028,4.075052401
-0.11375,4.075071114,4.07584904
-0.113125,4.061517187,4.070272567
-0.1125,4.069490086,4.06708601
-0.111875,4.04955784,4.06708601
-0.11125,4.040787652,4.06788265
-0.110625,4.070287375,4.069475928
-0.11,4.04876055,4.071865845
-0.109375,4.101381678,4.072662484
-0.10875,4.036801203,4.072662484
-0.108125,4.089422331,4.073459123
-0.1075,4.028031015,4.072662484
-0.106875,4.079057563,4.073459123
-0.10625,4.069490086,4.073459123
-0.105625,4.057530738,4.072662484
-0.105,4.083044012,4.074255762
-0.104375,4.052746999,4.082222152
-0.10375,4.082246723,4.082222152
-0.103125,4.057530738,4.082222152
-0.1025,4.096597939,4.080628874
-0.101875,4.05115242,4.079035596
-0.10125,4.075071114,4.076645679
-0.100625,4.04955784,4.07584904
-0.1,4.060719898,4.076645679
-0.099375,4.077462984,4.075052401
-0.09875,4.077462984,4.07584904
-0.098125,4.079057563,4.07584904
-0.0975,4.069490086,4.07584904
-0.096875,4.078260274,4.075052401
-0.09625,4.036003913,4.06788265
-0.095625,4.0918142,4.066289371
-0.095,4.027233725,4.066289371
-0.094375,4.071084665,4.068679289
-0.09375,4.037598493,4.070272567
-0.093125,4.068692796,4.071865845
-0.0925,4.068692796,4.073459123
-0.091875,4.052746999,4.072662484
-0.09125,4.09420607,4.073459123
-0.090625,4.041584942,4.073459123
-0.09,4.103773548,4.073459123
-0.089375,4.043976811,4.073459123
-0.08875,4.078260274,4.073459123
-0.088125,4.066300926,4.077442318
-0.0875,4.082246723,4.082222152
-0.086875,4.082246723,4.081425513
-0.08625,4.075071114,4.081425513
-0.085625,4.066300926,4.079035596
-0.085,4.065503636,4.077442318
-0.084375,4.083841302,4.075052401
-0.08375,4.047165971,4.074255762
-0.083125,4.088625041,4.074255762
-0.0825,4.058328028,4.073459123
-0.081875,4.09420607,4.074255762
-0.08125,4.040787652,4.074255762
-0.080625,4.072679245,4.074255762
-0.08,4.057530738,4.071865845
-0.079375,4.066300926,4.066289371
-0.07875,4.058328028,4.066289371
-0.078125,4.033612044,4.066289371
-0.0775,4.086233172,4.068679289
-0.076875,4.032814754,4.070272567
-0.07625,4.098989809,4.070272567
-0.075625,4.055138869,4.072662484
-0.075,4.075071114,4.072662484
-0.074375,4.056733448,4.071865845
-0.07375,4.05194971,4.071865845
-0.073125,4.075071114,4.071865845
-0.0725,4.063111767,4.073459123
-0.071875,4.082246723,4.072662484
-0.07125,4.054341579,4.080628874
-0.070625,4.091016911,4.080628874
-0.07,4.059125318,4.080628874
-0.069375,4.098192519,4.079832235
-0.06875,4.060719898,4.076645679
-0.068125,4.096597939,4.07584904
-0.0675,4.044774101,4.074255762
-0.066875,4.073476535,4.074255762
-0.06625,4.05194971,4.074255762
-0.065625,4.070287375,4.073459123
-0.065,4.09261149,4.075052401
-0.064375,4.042382232,4.074255762
-0.06375,4.098192519,4.074255762
-0.063125,4.016071668,4.068679289
-0.0625,4.090219621,4.065492732
-0.061875,4.045571391,4.065492732
-0.06125,4.063111767,4.066289371
-0.060625,4.053544289,4.06788265
-0.06,4.05115242,4.069475928
-0.059375,4.067895506,4.071069206
-0.05875,4.053544289,4.072662484
-0.058125,4.087827751,4.072662484
-0.0575,4.055936159,4.072662484
-0.056875,4.087030462,4.072662484
-0.05625,4.028828305,4.072662484
-0.055625,4.075071114,4.072662484
-0.055,4.063111767,4.07584904
-0.054375,4.087030462,4.082222152
-0.05375,4.054341579,4.081425513
-0.053125,4.076665694,4.081425513
-0.0525,4.067895506,4.079832235
-0.051875,4.069490086,4.077442318
-0.05125,4.098989809,4.07584904
-0.050625,4.043179522,4.075052401
-0.05,4.102976258,4.074255762
-0.049375,4.043179522,4.074255762
-0.04875,4.078260274,4.074255762
-0.048125,4.063909057,4.074255762
-0.0475,4.064706347,4.073459123
-0.046875,4.067098216,4.073459123
-0.04625,4.05194971,4.06788265
-0.045625,4.069490086,4.066289371
-0.045,4.036003913,4.06708601
-0.044375,4.083841302,4.06788265
-0.04375,4.039193073,4.068679289
-0.043125,4.083841302,4.071069206
-0.0425,4.055936159,4.071865845
-0.041875,4.065503636,4.072662484
-0.04125,4.052746999,4.071865845
-0.040625,4.070287375,4.072662484
-0.04,4.059125318,4.071865845
-0.039375,4.069490086,4.072662484
-0.03875,4.066300926,4.071865845
-0.038125,4.063111767,4.076645679
-0.0375,4.104570837,4.081425513
-0.036875,4.038395783,4.081425513
-0.03625,4.106962707,4.080628874
-0.035625,4.054341579,4.077442318
-0.035,4.0918142,4.076645679
-0.034375,4.062314477,4.075052401
-0.03375,4.055138869,4.073459123
-0.033125,4.075868404,4.073459123
-0.0325,4.057530738,4.075052401
-0.031875,4.09261149,4.074255762
-0.03125,4.05194971,4.075052401
-0.030625,4.09340878,4.073459123
-0.03,4.039193073,4.071865845
-0.029375,4.071084665,4.066289371
-0.02875,4.052746999,4.064696093
-0.028125,4.059922608,4.066289371
-0.0275,4.060719898,4.06708601
-0.026875,4.055138869,4.070272567
-0.02625,4.059125318,4.071865845
-0.025625,4.059922608,4.072662484
-0.025,4.083841302,4.071865845
-0.024375,4.05115242,4.072662484
-0.02375,4.09420607,4.072662484
-0.023125,4.032017464,4.072662484
-0.0225,4.083044012,4.072662484
-0.021875,4.039193073,4.072662484
-0.02125,4.0918142,4.080628874
-0.020625,4.081449433,4.081425513
-0.02,4.063111767,4.080628874
-0.019375,4.085435882,4.079832235
-0.01875,4.047963261,4.077442318
-0.018125,4.102976258,4.07584904
-0.0175,4.045571391,4.075052401
-0.016875,4.090219621,4.074255762
-0.01625,4.060719898,4.074255762
-0.015625,4.064706347,4.075052401
-0.015,4.055936159,4.074255762
-0.014375,4.067895506,4.075052401
-0.01375,4.070287375,4.073459123
-0.013125,4.047165971,4.068679289
-0.0125,4.062314477,4.064696093
-0.011875,4.033612044,4.064696093
-0.01125,4.071084665,4.066289371
-0.010625,4.041584942,4.06788265
-0.01,4.09420607,4.070272567
-0.009375,4.039193073,4.071069206
-0.00875,4.087030462,4.072662484
-0.008125,4.044774101,4.072662484
-0.0075,4.075868404,4.073459123
-0.006875,4.077462984,4.072662484
-0.00625,4.05194971,4.072662484
-0.005625,4.087827751,4.072662484
-0.005,4.041584942,4.075052401
-0.004375,4.098192519,4.081425513
-0.00375,4.059125318,4.082222152
-0.003125,4.09420607,4.081425513
-0.0025,4.072679245,4.079832235
-0.001875,4.074273824,4.077442318
-0.00125,4.067098216,4.075052401
-0.000625,4.054341579,4.074255762
0,4.083044012,4.074255762
0.000625,4.071881955,4.07584904
0.00125,4.081449433,4.075052401
0.001875,4.060719898,4.075052401
0.0025,4.087827751,4.075052401
0.003125,4.044774101,4.075052401
0.00375,4.084638592,4.06788265
0.004375,4.041584942,4.066289371
0.005,4.073476535,4.06708601
0.005625,4.047963261,4.06788265
0.00625,4.061517187,4.069475928
0.006875,4.078260274,4.071069206
0.0075,4.040787652,4.071865845
0.008125,4.09500336,4.072662484
0.00875,4.036801203,4.072662484
0.009375,4.100584388,4.071865845
0.01,4.036801203,4.072662484
0.010625,4.069490086,4.071865845
0.01125,4.053544289,4.072662484
0.011875,4.072679245,4.077442318
0.0125,4.086233172,4.080628874
0.013125,4.067895506,4.080628874
0.01375,4.087827751,4.079832235
0.014375,4.062314477,4.078238957
0.015,4.0918142,4.07584904
0.015625,4.053544289,4.075052401
0.01625,4.089422331,4.075052401
0.016875,4.047165971,4.073459123
0.0175,4.075868404,4.075052401
0.018125,4.04876055,4.074255762
0.01875,4.079057563,4.073459123
0.019375,4.067895506,4.073459123
0.02,4.071881955,4.071069206
0.020625,4.077462984,4.065492732
0.02125,4.027233725,4.064696093
0.021875,4.086233172,4.066289371
0.0225,4.027233725,4.06708601
0.023125,4.091016911,4.068679289
0.02375,4.055138869,4.072662484
0.024375,4.068692796,4.072662484
0.025,4.056733448,4.072662484
0.025625,4.057530738,4.072662484
0.02625,4.077462984,4.072662484
0.026875,4.041584942,4.073459123
0.0275,4.071881955,4.072662484
0.028125,4.055936159,4.073459123
0.02875,4.085435882,4.079035596
0.029375,4.053544289,4.080628874
0.03,4.087827751,4.080628874
0.030625,4.071881955,4.079035596
0.03125,4.09500336,4.077442318
0.031875,4.05035513,4.075052401
0.0325,4.065503636,4.075052401
0.033125,4.069490086,4.075052401
0.03375,4.070287375,4.074255762
0.034375,4.102178968,4.075052401
0.035,4.039990362,4.075052401
0.035625,4.09580065,4.074255762
0.03625,4.031220174,4.074255762
0.036875,4.083841302,4.069475928
0.0375,4.05194971,4.065492732
0.038125,4.059125318,4.065492732
0.03875,4.067098216,4.066289371
0.039375,4.039990362,4.06788265
0.04,4.068692796,4.069475928
0.040625,4.046368681,4.071865845
0.04125,4.098989809,4.072662484
0.041875,4.039193073,4.071865845
0.0425,4.086233172,4.071865845
0.043125,4.044774101,4.070272567
0.04375,4.058328028,4.071865845
0.044375,4.061517187,4.071865845
0.045,4.081449433,4.075052401
0.045625,4.074273824,4.080628874
0.04625,4.079854853,4.080628874
0.046875,4.077462984,4.080628874
0.0475,4.046368681,4.079832235
0.048125,4.104570837,4.076645679
0.04875,4.028828305,4.075052401
0.049375,4.09500336,4.075052401
0.05,4.047963261,4.074255762
0.050625,4.083044012,4.073459123
0.05125,4.061517187,4.074255762
0.051875,4.054341579,4.075052401
0.0525,4.066300926,4.075052401
0.053125,4.059922608,4.074255762
0.05375,4.065503636,4.06788265
0.054375,4.024044566,4.066289371
0.055,4.085435882,4.066289371
0.055625,4.041584942,4.06788265
0.05625,4.078260274,4.069475928
0.056875,4.059125318,4.071069206
0.0575,4.065503636,4.071865845
0.058125,4.063909057,4.071865845
0.05875,4.066300926,4.072662484
0.059375,4.070287375,4.071865845
0.06,4.066300926,4.072662484
0.060625,4.086233172,4.072662484
0.06125,4.044774101,4.072662484
0.061875,4.097395229,4.079035596
0.0625,4.05194971,4.082222152
0.063125,4.102976258,4.082222152
0.06375,4.059922608,4.080628874
0.064375,4.0918142,4.079035596
0.065,4.075868404,4.076645679
0.065625,4.05035513,4.075052401
0.06625,4.071084665,4.074255762
0.066875,4.05115242,4.073459123
0.0675,4.096597939,4.073459123
0.068125,4.042382232,4.075052401
0.06875,4.091016911,4.075052401
0.069375,4.047963261,4.075052401
0.07,4.073476535,4.071865845
0.070625,4.054341579,4.065492732
0.07125,4.056733448,4.066289371
0.071875,4.067098216,4.066289371
0.0725,4.058328028,4.06788265
0.073125,4.046368681,4.069475928
0.07375,4.056733448,4.071069206
0.074375,4.076665694,4.072662484
0.075,4.044774101,4.072662484
0.075625,4.079854853,4.072662484
0.07625,4.028828305,4.071865845
0.076875,4.082246723,4.072662484
0.0775,4.045571391,4.071865845
0.078125,4.075868404,4.072662484
0.07875,4.090219621,4.079832235
0.079375,4.057530738,4.080628874
0.08,4.100584388,4.079832235
0.080625,4.047963261,4.079035596
0.08125,4.101381678,4.076645679
0.081875,4.04876055,4.07584904
0.0825,4.0918142,4.074255762
0.083125,4.047963261,4.075052401
0.08375,4.067098216,4.074255762
0.084375,4.071881955,4.074255762
0.085,4.063909057,4.074255762
0.085625,4.084638592,4.073459123
0.08625,4.059125318,4.073459123
0.086875,4.078260274,4.06788265
0.0875,4.039193073,4.064696093
0.088125,4.070287375,4.064696093
0.08875,4.046368681,4.066289371
0.089375,4.088625041,4.06788265
0.09,4.039193073,4.069475928
0.090625,4.078260274,4.072662484
0.09125,4.055138869,4.072662484
0.091875,4.068692796,4.073459123
0.0925,4.087030462,4.072662484
0.093125,4.046368681,4.072662484
0.09375,4.100584388,4.072662484
0.094375,4.041584942,4.072662484
0.095,4.09420607,4.075052401
0.095625,4.057530738,4.082222152
0.09625,4.088625041,4.081425513
0.096875,4.075071114,4.081425513
0.0975,4.073476535,4.079035596
0.098125,4.071084665,4.076645679
0.09875,4.053544289,4.076645679
0.099375,4.074273824,4.075052401
0.1,4.066300926,4.07584904
0.100625,4.09261149,4.075052401
0.10125,4.05035513,4.074255762
0.101875,4.082246723,4.075052401
0.1025,4.05035513,4.073459123
0.103125,4.086233172,4.072662484
0.10375,4.034409334,4.065492732
0.104375,4.067098216,4.065492732
0.105,4.032814754,4.066289371
0.105625,4.04876055,4.06708601
0.10625,4.074273824,4.070272567
0.106875,4.043179522,4.071069206
0.1075,4.090219621,4.071865845
0.108125,4.040787652,4.072662484
0.10875,4.09340878,4.072662484
0.109375,4.052746999,4.071865845
0.11,4.066300926,4.072662484
0.110625,4.067895506,4.072662484
0.11125,4.066300926,4.072662484
0.111875,4.083841302,4.079035596
0.1125,4.064706347,4.082222152
0.113125,4.09580065,4.080628874
0.11375,4.054341579,4.080628874
0.114375,4.09261149,4.078238957
0.115,4.054341579,4.076645679
0.115625,4.086233172,4.07584904
0.11625,4.073476535,4.074255762
0.116875,4.079854853,4.074255762
0.1175,4.041584942,4.075052401
0.118125,4.075868404,4.075052401
0.11875,4.071084665,4.075052401
0.119375,4.066300926,4.075052401
0.12,4.09580065,4.071865845
0.120625,4.00730148,4.066289371
0.12125,4.085435882,4.066289371
0.121875,4.030422885,4.066289371
0.1225,4.076665694,4.068679289
0.123125,4.053544289,4.071069206
0.12375,4.060719898,4.071069206
0.124375,4.066300926,4.072662484
0.125,4.058328028,4.072662484
0.125625,4.069490086,4.072662484
0.12625,4.046368681,4.072662484
0.126875,4.079057563,4.072662484
0.1275,4.044774101,4.072662484
0.128125,4.079854853,4.073459123
0.12875,4.057530738,4.080628874
0.129375,4.087030462,4.082222152
0.13,4.083044012,4.081425513
0.130625,4.087827751,4.079832235
0.13125,4.069490086,4.076645679
0.131875,4.064706347,4.07584904
0.1325,4.080652143,4.075052401
0.133125,4.056733448,4.075052401
0.13375,4.102976258,4.075052401
0.134375,4.038395783,4.074255762
0.135,4.098989809,4.074255762
0.135625,4.036003913,4.075052401
0.13625,4.086233172,4.074255762
0.136875,4.061517187,4.068679289
0.1375,4.056733448,4.065492732
0.138125,4.066300926,4.066289371
0.13875,4.045571391,4.06708601
0.139375,4.079057563,4.069475928
0.14,4.034409334,4.071865845
0.140625,4.099787099,4.072662484
0.14125,4.05035513,4.073459123
0.141875,4.082246723,4.072662484
0.1425,4.04955784,4.072662484
0.143125,4.064706347,4.073459123
0.14375,4.073476535,4.073459123
0.144375,4.071881955,4.073459123
0.145,4.071881955,4.07584904
0.145625,4.076665694,4.082222152
0.14625,4.09580065,4.082222152
0.146875,4.043179522,4.081425513
0.1475,4.106962707,4.079832235
0.148125,4.045571391,4.076645679
0.14875,4.100584388,4.07584904
0.149375,4.053544289,4.075052401
0.15,4.075071114,4.075052401
0.150625,4.075868404,4.075052401
0.15125,4.063111767,4.075052401
0.151875,4.071881955,4.075052401
0.1525,4.05194971,4.074255762
0.153125,4.096597939,4.072662484
0.15375,4.024841856,4.06708601
0.154375,4.081449433,4.065492732
0.155,4.043179522,4.066289371
0.155625,4.073476535,4.06708601
0.15625,4.046368681,4.068679289
0.156875,4.064706347,4.071069206
0.1575,4.066300926,4.071865845
0.158125,4.067098216,4.072662484
0.15875,4.069490086,4.071865845
0.159375,4.057530738,4.071865845
0.16,4.075868404,4.072662484
0.160625,4.05115242,4.071865845
0.16125,4.089422331,4.072662484
0.161875,4.041584942,4.077442318
0.1625,4.100584388,4.081425513
0.163125,4.059922608,4.081425513
0.16375,4.09261149,4.080628874
0.164375,4.077462984,4.079035596
0.165,4.055138869,4.076645679
0.165625,4.090219621,4.07584904
0.16625,4.052746999,4.075052401
0.166875,4.103773548,4.074255762
0.1675,4.047963261,4.07584904
0.168125,4.09580065,4.075052401
0.16875,4.042382232,4.075052401
0.169375,4.074273824,4.075052401
0.17,4.05035513,4.069475928
0.170625,4.054341579,4.066289371
0.17125,4.069490086,4.064696093
0.171875,4.052746999,4.066289371
0.1725,4.071881955,4.06788265
0.173125,4.05194971,4.070272567
0.17375,4.083044012,4.071865845
0.174375,4.053544289,4.073459123
0.175,4.09500336,4.074255762
0.175625,4.039193073,4.073459123
0.17625,4.080652143,4.073459123
0.176875,4.05115242,4.072662484
0.1775,4.077462984,4.073459123
0.178125,4.082246723,4.075052401
0.17875,4.055936159,4.080628874
0.179375,4.099787099,4.082222152
0.18,4.046368681,4.082222152
0.180625,4.109354576,4.080628874
0.18125,4.054341579,4.078238957
0.181875,4.091016911,4.07584904
0.1825,4.060719898,4.075052401
0.183125,4.064706347,4.073459123
0.18375,4.064706347,4.074255762
0.184375,4.061517187,4.075052401
0.185,4.081449433,4.075052401
0.185625,4.066300926,4.075052401
0.18625,4.069490086,4.073459123
0.186875,4.030422885,4.06788265
0.1875,4.071084665,4.066289371
0.188125,4.04876055,4.065492732
0.18875,4.074273824,4.06708601
0.189375,4.047165971,4.068679289
0.19,4.079057563,4.070272567
0.190625,4.056733448,4.071865845
0.19125,4.070287375,4.072662484
0.191875,4.087030462,4.071865845
0.1925,4.043976811,4.071865845
0.193125,4.091016911,4.073459123
0.19375,4.030422885,4.072662484
0.194375,4.090219621,4.072662484
0.195,4.059125318,4.076645679
0.195625,4.079854853,4.082222152
0.19625,4.072679245,4.082222152
0.196875,4.070287375,4.080628874
0.1975,4.077462984,4.079035596
0.198125,4.057530738,4.076645679
0.19875,4.087827751,4.07584904
0.199375,4.062314477,4.074255762
0.2,4.090219621,4.074255762
0.200625,4.053544289,4.074255762
0.20125,4.084638592,4.075052401
0.201875,4.035206623,4.074255762
0.2025,4.090219621,4.074255762
0.203125,4.04876055,4.071865845
0.20375,4.064706347,4.066289371
0.204375,4.055936159,4.065492732
0.205,4.043976811,4.06708601
0.205625,4.076665694,4.06708601
0.20625,4.038395783,4.069475928
0.206875,4.09580065,4.071069206
0.2075,4.032017464,4.072662484
0.208125,4.096597939,4.073459123
0.20875,4.041584942,4.072662484
0.209375,4.067098216,4.071069206
0.21,4.071084665,4.071865845
0.210625,4.063111767,4.072662484
0.21125,4.071084665,4.072662484
0.211875,4.061517187,4.079832235
0.2125,4.102178968,4.082222152
0.213125,4.047963261,4.082222152
0.21375,4.09580065,4.079832235
0.214375,4.062314477,4.078238957
0.215,4.081449433,4.077442318
0.215625,4.060719898,4.07584904
0.21625,4.079854853,4.07584904
0.216875,4.046368681,4.074255762
0.2175,4.077462984,4.074255762
0.218125,4.064706347,4.075052401
0.21875,4.067098216,4.075052401
0.219375,4.096597939,4.075052401
0.22,4.027233725,4.071069206
0.220625,4.075071114,4.066289371
0.22125,4.028828305,4.065492732
0.221875,4.081449433,4.066289371
0.2225,4.039990362,4.06788265
0.223125,4.063909057,4.070272567
0.22375,4.058328028,4.071865845
0.224375,4.05194971,4.073459123
0.225,4.081449433,4.072662484
0.225625,4.05115242,4.073459123
0.22625,4.084638592,4.071865845
0.226875,4.05194971,4.072662484
0.2275,4.081449433,4.071069206
0.228125,4.044774101,4.073459123
0.22875,4.087827751,4.080628874
0.229375,4.075868404,4.080628874
0.23,4.09420607,4.080628874
0.230625,4.060719898,4.079035596
0.23125,4.070287375,4.076645679
0.231875,4.077462984,4.07584904
0.2325,4.067895506,4.075052401
0.233125,4.089422331,4.073459123
0.23375,4.037598493,4.073459123
0.234375,4.099787099,4.074255762
0.235,4.042382232,4.074255762
0.235625,4.090219621,4.074255762
0.23625,4.066300926,4.074255762
0.236875,4.060719898,4.06788265
0.2375,4.061517187,4.066289371
0.238125,4.038395783,4.06708601
0.23875,4.075868404,4.06708601
0.239375,4.037598493,4.070272567
0.24,4.0918142,4.071069206
0.240625,4.047165971,4.071865845
0.24125,4.083841302,4.072662484
0.241875,4.047963261,4.071865845
0.2425,4.067098216,4.071865845
0.243125,4.070287375,4.072662484
0.24375,4.076665694,4.072662484
0.244375,4.054341579,4.072662484
0.245,4.075071114,4.07584904
0.245625,4.070287375,4.080628874
0.24625,4.060719898,4.080628874
0.246875,4.111746446,4.080628874
0.2475,4.044774101,4.079035596
0.248125,4.098192519,4.076645679
0.24875,4.044774101,4.07584904
0.249375,4.084638592,4.075052401
0.25,4.055936159,4.074255762
0.250625,4.064706347,4.074255762
0.25125,4.085435882,4.074255762
0.251875,4.055138869,4.074255762
0.2525,4.097395229,4.074255762
0.253125,4.036801203,4.073459123
0.25375,4.079057563,4.066289371
0.254375,4.043179522,4.064696093
0.255,4.072679245,4.066289371
0.255625,4.042382232,4.06708601
0.25625,4.063909057,4.069475928
0.256875,4.064706347,4.071069206
0.2575,4.057530738,4.072662484
0.258125,4.057530738,4.072662484
0.25875,4.067895506,4.072662484
0.259375,4.080652143,4.072662484
0.26,4.043976811,4.072662484
0.260625,4.0918142,4.072662484
0.26125,4.037598493,4.072662484
0.261875,4.100584388,4.079832235
0.2625,4.062314477,4.081425513
0.263125,4.088625041,4.082222152
0.26375,4.081449433,4.080628874
0.264375,4.054341579,4.078238957
0.265,4.085435882,4.077442318
0.265625,4.05194971,4.076645679
0.26625,4.101381678,4.075052401
0.266875,4.044774101,4.07584904
0.2675,4.087030462,4.074255762
0.268125,4.043976811,4.07584904
0.26875,4.079854853,4.075052401
0.269375,4.05194971,4.073459123
0.27,4.066300926,4.071069206
0.270625,4.05035513,4.066289371
0.27125,4.055138869,4.066289371
0.271875,4.059125318,4.066289371
0.2725,4.039193073,4.068679289
0.273125,4.077462984,4.071069206
0.27375,4.045571391,4.071865845
0.274375,4.098989809,4.073459123
0.275,4.019260827,4.072662484
0.275625,4.082246723,4.072662484
0.27625,4.055138869,4.073459123
0.276875,4.079854853,4.073459123
0.2775,4.079854853,4.073459123
0.278125,4.057530738,4.074255762
0.27875,4.096597939,4.081425513
0.279375,4.046368681,4.082222152
0.28,4.102976258,4.081425513
0.280625,4.062314477,4.079832235
0.28125,4.09420607,4.077442318
0.281875,4.05035513,4.076645679
0.2825,4.067895506,4.076645679
0.283125,4.071881955,4.075052401
0.28375,4.063111767,4.075052401
0.284375,4.083044012,4.074255762
0.285,4.068692796,4.075052401
0.285625,4.080652143,4.074255762
0.28625,4.05194971,4.074255762
0.286875,4.074273824,4.068679289
0.2875,4.039990362,4.066289371
0.288125,4.080652143,4.06708601
0.28875,4.043179522,4.066289371
0.289375,4.074273824,4.070272567
0.29,4.039990362,4.071865845
0.290625,4.068692796,4.072662484
0.29125,4.064706347,4.073459123
0.291875,4.043976811,4.072662484
0.2925,4.09261149,4.073459123
0.293125,4.043179522,4.073459123
0.29375,4.091016911,4.073459123
0.294375,4.044774101,4.074255762
0.295,4.082246723,4.078238957
0.295625,4.065503636,4.082222152
0.29625,4.076665694,4.082222152
0.296875,4.061517187,4.080628874
0.2975,4.056733448,4.080628874
0.298125,4.080652143,4.077442318
0.29875,4.072679245,4.077442318
0.299375,4.088625041,4.075052401
0.3,4.04955784,4.075052401
0.300625,4.089422331,4.07584904
0.30125,4.044774101,4.075052401
0.301875,4.098192519,4.07584904
0.3025,4.054341579,4.075052401
0.303125,4.085435882,4.073459123
0.30375,4.046368681,4.06708601
0.304375,4.055138869,4.06708601
0.305,4.068692796,4.06788265
0.305625,4.032017464,4.069475928
0.30625,4.097395229,4.071865845
0.306875,4.017666247,4.071865845
0.3075,4.102178968,4.073459123
0.308125,4.04876055,4.072662484
0.30875,4.063111767,4.072662484
0.309375,4.061517187,4.072662484
0.31,4.063909057,4.073459123
0.310625,4.064706347,4.073459123
0.31125,4.064706347,4.073459123
0.311875,4.086233172,4.079035596
0.3125,4.063909057,4.082222152
0.313125,4.0918142,4.082222152
0.31375,4.058328028,4.080628874
0.314375,4.088625041,4.078238957
0.315,4.061517187,4.076645679
0.315625,4.088625041,4.07584904
0.31625,4.043976811,4.075052401
0.316875,4.079854853,4.07584904
0.3175,4.062314477,4.075052401
0.318125,4.071084665,4.075052401
0.31875,4.085435882,4.075052401
0.319375,4.039990362,4.074255762
0.32,4.084638592,4.071069206
0.320625,4.028031015,4.06708601
0.32125,4.081449433,4.066289371
0.321875,4.061517187,4.06788265
0.3225,4.056733448,4.068679289
0.323125,4.059922608,4.070272567
0.32375,4.058328028,4.071865845
0.324375,4.074273824,4.073459123
0.325,4.055138869,4.073459123
0.325625,4.089422331,4.072662484
0.32625,4.04876055,4.074255762
0.326875,4.077462984,4.072662484
0.3275,4.05115242,4.072662484
0.328125,4.083044012,4.075052401
0.32875,4.071881955,4.081425513
0.329375,4.087030462,4.082222152
0.33,4.061517187,4.081425513
0.330625,4.075071114,4.080628874
0.33125,4.061517187,4.079035596
0.331875,4.063111767,4.077442318
0.3325,4.09340878,4.07584904
0.333125,4.045571391,4.07584904
0.33375,4.09420607,4.075052401
0.334375,4.037598493,4.074255762
0.335,4.09580065,4.075052401
0.335625,4.067895506,4.075052401
0.33625,4.069490086,4.074255762
0.336875,4.070287375,4.06788265
0.3375,4.042382232,4.066289371
0.338125,4.066300926,4.06788265
0.33875,4.038395783,4.068679289
0.339375,4.083044012,4.068679289
0.34,4.05035513,4.071069206
0.340625,4.084638592,4.071865845
0.34125,4.038395783,4.071865845
0.341875,4.066300926,4.072662484
0.3425,4.064706347,4.071865845
0.343125,4.076665694,4.072662484
0.34375,4.053544289,4.072662484
0.344375,4.070287375,4.073459123
0.345,4.074273824,4.078238957
0.345625,4.067098216,4.083018791
0.34625,4.113341025,4.082222152
0.346875,4.047165971,4.080628874
0.3475,4.107759997,4.079035596
0.348125,4.042382232,4.077442318
0.34875,4.088625041,4.076645679
0.349375,4.070287375,4.076645679
0.35,4.064706347,4.07584904
0.350625,4.080652143,4.07584904
0.35125,4.055936159,4.07584904
0.351875,4.077462984,4.075052401
0.3525,4.055138869,4.07584904
0.353125,4.084638592,4.072662484
0.35375,4.043976811,4.066289371
0.354375,4.070287375,4.066289371
0.355,4.05194971,4.066289371
0.355625,4.063909057,4.068679289
0.35625,4.055138869,4.069475928
0.356875,4.074273824,4.072662484
0.3575,4.061517187,4.073459123
0.358125,4.067098216,4.073459123
0.35875,4.075071114,4.073459123
0.359375,4.05115242,4.072662484
0.36,4.09580065,4.073459123
0.360625,4.026436435,4.072662484
0.36125,4.097395229,4.073459123
0.361875,4.05194971,4.080628874
0.3625,4.097395229,4.082222152
0.363125,4.060719898,4.082222152
0.36375,4.063111767,4.080628874
0.364375,4.088625041,4.079832235
0.365,4.055936159,4.079035596
0.365625,4.099787099,4.077442318
0.36625,4.060719898,4.076645679
0.366875,4.087030462,4.07584904
0.3675,4.041584942,4.07584904
0.368125,4.083841302,4.07584904
0.36875,4.063909057,4.075052401
0.369375,4.075071114,4.07584904
0.37,4.065503636,4.069475928
0.370625,4.055138869,4.066289371
0.37125,4.055138869,4.066289371
0.371875,4.05194971,4.06708601
0.3725,4.080652143,4.069475928
0.373125,4.047165971,4.071069206
0.37375,4.100584388,4.071865845
0.374375,4.025639146,4.073459123
0.375,4.084638592,4.073459123
0.375625,4.043976811,4.072662484
0.37625,4.080652143,4.072662484
0.376875,4.068692796,4.072662484
0.3775,4.062314477,4.072662484
0.378125,4.077462984,4.075052401
0.37875,4.05035513,4.082222152
0.379375,4.111746446,4.082222152
0.38,4.059125318,4.081425513
0.380625,4.09420607,4.079832235
0.38125,4.066300926,4.077442318
0.381875,4.075868404,4.076645679
0.3825,4.058328028,4.075052401
0.383125,4.073476535,4.075052401
0.38375,4.071084665,4.073459123
0.384375,4.073476535,4.075052401
0.385,4.075868404,4.075052401
0.385625,4.04876055,4.074255762
0.38625,4.086233172,4.073459123
0.386875,4.033612044,4.066289371
0.3875,4.0918142,4.065492732
0.388125,4.038395783,4.065492732
0.38875,4.073476535,4.066289371
0.389375,4.040787652,4.069475928
0.39,4.072679245,4.071069206
0.390625,4.065503636,4.072662484
0.39125,4.05035513,4.072662484
0.391875,4.096597939,4.071865845
0.3925,4.036801203,4.071865845
0.393125,4.0918142,4.071865845
0.39375,4.058328028,4.071865845
0.394375,4.082246723,4.071865845
0.395,4.069490086,4.076645679
0.395625,4.078260274,4.081425513
0.39625,4.075868404,4.080628874
0.396875,4.073476535,4.081425513
0.3975,4.078260274,4.077442318
0.398125,4.072679245,4.07584904
0.39875,4.072679245,4.074255762
0.399375,4.056733448,4.073459123
0.4,4.083044012,4.075052401
0.400625,4.044774101,4.075052401
0.40125,4.0918142,4.075052401
0.401875,4.036003913,4.074255762
0.4025,4.081449433,4.074255762
0.403125,4.054341579,4.071069206
0.40375,4.059125318,4.066289371
0.404375,4.067895506,4.066289371
0.405,4.039193073,4.06708601
0.405625,4.087030462,4.06788265
0.40625,4.038395783,4.070272567
0.406875,4.09580065,4.071069206
0.4075,4.043976811,4.072662484
0.408125,4.068692796,4.072662484
0.40875,4.057530738,4.071865845
0.409375,4.068692796,4.071865845
0.41,4.079854853,4.071865845
0.410625,4.067098216,4.072662484
0.41125,4.075071114,4.072662484
0.411875,4.062314477,4.079832235
0.4125,4.087827751,4.080628874
0.413125,4.057530738,4.080628874
0.41375,4.098989809,4.080628874
0.414375,4.055138869,4.076645679
0.415,4.085435882,4.07584904
0.415625,4.052746999,4.075052401
0.41625,4.082246723,4.074255762
0.416875,4.067098216,4.074255762
0.4175,4.073476535,4.075052401
0.418125,4.0918142,4.075052401
0.41875,4.035206623,4.075052401
0.419375,4.098989809,4.074255762
0.42,4.034409334,4.069475928
0.420625,4.091016911,4.065492732
0.42125,4.053544289,4.066289371
0.421875,4.062314477,4.066289371
0.4225,4.05194971,4.06788265
0.423125,4.059922608,4.070272567
0.42375,4.077462984,4.071069206
0.424375,4.066300926,4.073459123
0.425,4.080652143,4.072662484
0.425625,4.054341579,4.072662484
0.42625,4.079854853,4.072662484
0.426875,4.043976811,4.072662484
0.4275,4.085435882,4.072662484
0.428125,4.061517187,4.074255762
0.42875,4.088625041,4.081425513
0.429375,4.056733448,4.081425513
0.43,4.081449433,4.081425513
0.430625,4.062314477,4.079832235
0.43125,4.071881955,4.077442318
0.431875,4.100584388,4.076645679
0.4325,4.046368681,4.075052401
0.433125,4.101381678,4.074255762
0.43375,4.028828305,4.074255762
0.434375,4.09420607,4.074255762
0.435,4.065503636,4.074255762
0.435625,4.061517187,4.073459123
0.43625,4.066300926,4.072662484
0.436875,4.043976811,4.066289371
0.4375,4.067895506,4.064696093
0.438125,4.059125318,4.065492732
0.43875,4.075868404,4.066289371
0.439375,4.04955784,4.068679289
0.44,4.081449433,4.070272567
0.440625,4.043179522,4.071865845
0.44125,4.077462984,4.072662484
0.441875,4.056733448,4.071069206
0.4425,4.071084665,4.072662484
0.443125,4.054341579,4.071069206
0.44375,4.074273824,4.071865845
0.444375,4.063909057,4.072662484
0.445,4.059125318,4.077442318
0.445625,4.107759997,4.080628874
0.44625,4.052746999,4.080628874
0.446875,4.107759997,4.079035596
0.4475,4.04876055,4.077442318
0.448125,4.088625041,4.07584904
0.44875,4.060719898,4.074255762
0.449375,4.067098216,4.074255762
0.45,4.067895506,4.075052401
0.450625,4.060719898,4.075052401
0.45125,4.077462984,4.073459123
0.451875,4.05194971,4.073459123
0.4525,4.083841302,4.072662484
0.453125,4.044774101,4.071069206
0.45375,4.075868404,4.064696093
0.454375,4.045571391,4.064696093
0.455,4.072679245,4.066289371
0.455625,4.035206623,4.06708601
0.45625,4.072679245,4.069475928
0.456875,4.055138869,4.070272567
0.4575,4.067895506,4.071865845
0.458125,4.071084665,4.071865845
0.45875,4.05194971,4.072662484
0.459375,4.09580065,4.072662484
0.46,4.032017464,4.072662484
0.460625,4.090219621,4.072662484
0.46125,4.044774101,4.073459123
0.461875,4.098192519,4.080628874
0.4625,4.068692796,4.081425513
0.463125,4.069490086,4.081425513
0.46375,4.082246723,4.080628874
0.464375,4.064706347,4.077442318
0.465,4.083044012,4.07584904
0.465625,4.063909057,4.075052401
0.46625,4.084638592,4.075052401
0.466875,4.038395783,4.074255762
0.4675,4.083841302,4.075052401
0.468125,4.055936159,4.075052401
0.46875,4.087030462,4.075052401
0.469375,4.053544289,4.073459123
0.47,4.066300926,4.068679289
0.470625,4.041584942,4.066289371
0.47125,4.053544289,4.065492732
0.471875,4.05194971,4.06708601
0.4725,4.04955784,4.069475928
0.473125,4.09500336,4.071865845
0.47375,4.024044566,4.072662484
0.474375,4.090219621,4.072662484
0.475,4.043976811,4.072662484
0.475625,4.080652143,4.072662484
0.47625,4.059125318,4.072662484
0.476875,4.060719898,4.072662484
0.4775,4.071084665,4.072662484
0.478125,4.052746999,4.075052401
0.47875,4.099787099,4.080628874
0.479375,4.067098216,4.082222152
0.48,4.09420607,4.080628874
0.480625,4.054341579,4.079035596
0.48125,4.071084665,4.076645679
0.481875,4.064706347,4.075052401
0.4825,4.086233172,4.075052401
0.483125,4.059922608,4.075052401
0.48375,4.062314477,4.075052401
0.484375,4.060719898,4.075052401
0.485,4.058328028,4.075052401
0.485625,4.082246723,4.075052401
0.48625,4.04876055,4.073459123
0.486875,4.087827751,4.06708601
0.4875,4.035206623,4.065492732
0.488125,4.068692796,4.066289371
0.48875,4.035206623,4.06708601
0.489375,4.067895506,4.069475928
0.49,4.068692796,4.071069206
0.490625,4.04876055,4.071865845
0.49125,4.068692796,4.073459123
0.491875,4.04876055,4.072662484
0.4925,4.096597939,4.072662484
0.493125,4.043179522,4.073459123
0.49375,4.082246723,4.072662484
0.494375,4.042382232,4.072662484
0.495,4.081449433,4.078238957
0.495625,4.066300926,4.080628874
0.49625,4.083841302,4.083018791
0.496875,4.071084665,4.080628874
0.4975,4.079057563,4.079035596
0.498125,4.083841302,4.07584904
0.49875,4.061517187,4.075052401
0.499375,4.081449433,4.074255762
0.5,4.040787652,4.073459123
0.500625,4.098989809,4.074255762
0.50125,4.046368681,4.074255762
0.501875,4.091016911,4.075052401
0.5025,4.059125318,4.074255762
0.503125,4.066300926,4.071069206
0.50375,4.069490086,4.066289371
0.504375,4.043976811,4.065492732
0.505,4.081449433,4.06708601
0.505625,4.037598493,4.06788265
0.50625,4.09580065,4.069475928
0.506875,4.036003913,4.071865845
0.5075,4.075071114,4.072662484
0.508125,4.059125318,4.073459123
0.50875,4.067098216,4.072662484
0.509375,4.05115242,4.072662484
0.51,4.079057563,4.073459123
0.510625,4.053544289,4.072662484
0.51125,4.060719898,4.075052401
0.511875,4.088625041,4.080628874
0.5125,4.066300926,4.083018791
0.513125,4.098989809,4.082222152
0.51375,4.052746999,4.080628874
0.514375,4.09580065,4.079035596
0.515,4.039193073,4.07584904
0.515625,4.087827751,4.07584904
0.51625,4.054341579,4.075052401
0.516875,4.080652143,4.07584904
0.5175,4.066300926,4.07584904
0.518125,4.043179522,4.07584904
0.51875,4.09340878,4.07584904
0.519375,4.041584942,4.07584904
0.52,4.09261149,4.070272567
0.520625,4.043976811,4.06708601
0.52125,4.069490086,4.06708601
0.521875,4.041584942,4.06708601
0.5225,4.061517187,4.070272567
0.523125,4.065503636,4.071069206
0.52375,4.075868404,4.072662484
0.524375,4.065503636,4.072662484
0.525,4.057530738,4.072662484
0.525625,4.064706347,4.072662484
0.52625,4.04955784,4.072662484
0.526875,4.099787099,4.071865845
0.5275,4.047963261,4.072662484
0.528125,4.084638592,4.07584904
0.52875,4.052746999,4.080628874
0.529375,4.085435882,4.081425513
0.53,4.070287375,4.081425513
0.530625,4.079057563,4.079035596
0.53125,4.087030462,4.076645679
0.531875,4.047165971,4.07584904
0.5325,4.09580065,4.075052401
0.533125,4.027233725,4.075052401
0.53375,4.100584388,4.073459123
0.534375,4.053544289,4.074255762
0.535,4.079057563,4.075052401
0.535625,4.064706347,4.074255762
0.53625,4.062314477,4.073459123
0.536875,4.053544289,4.066289371
0.5375,4.04876055,4.066289371
0.538125,4.057530738,4.065492732
0.53875,4.05115242,4.06708601
0.539375,4.080652143,4.068679289
0.54,4.034409334,4.071069206
0.540625,4.089422331,4.072662484
0.54125,4.042382232,4.071865845
0.541875,4.087030462,4.072662484
0.5425,4.040787652,4.072662484
0.543125,4.077462984,4.072662484
0.54375,4.057530738,4.073459123
0.544375,4.063909057,4.072662484
0.545,4.09261149,4.079035596
0.545625,4.057530738,4.081425513
0.54625,4.115732895,4.081425513
0.546875,4.036801203,4.080628874
0.5475,4.097395229,4.077442318
0.548125,4.047165971,4.076645679
0.54875,4.079057563,4.075052401
0.549375,4.072679245,4.074255762
0.55,4.070287375,4.074255762
0.550625,4.060719898,4.074255762
0.55125,4.061517187,4.075052401
0.551875,4.079057563,4.074255762
0.5525,4.062314477,4.074255762
0.553125,4.075071114,4.071069206
0.55375,4.039990362,4.065492732
0.554375,4.087030462,4.066289371
0.555,4.024841856,4.06708601
0.555625,4.083841302,4.068679289
0.55625,4.040787652,4.070272567
0.556875,4.078260274,4.071865845
0.5575,4.069490086,4.073459123
0.558125,4.059922608,4.072662484
0.55875,4.084638592,4.073459123
0.559375,4.039990362,4.073459123
0.56,4.098989809,4.072662484
0.560625,4.036003913,4.072662484
0.56125,4.098989809,4.073459123
0.561875,4.054341579,4.082222152
0.5625,4.076665694,4.082222152
0.563125,4.075868404,4.082222152
0.56375,4.074273824,4.080628874
0.564375,4.090219621,4.077442318
0.565,4.059922608,4.07584904
0.565625,4.079057563,4.073459123
0.56625,4.047165971,4.074255762
0.566875,4.087030462,4.073459123
0.5675,4.046368681,4.074255762
0.568125,4.098989809,4.075052401
0.56875,4.045571391,4.074255762
0.569375,4.074273824,4.074255762
0.57,4.053544289,4.068679289
0.570625,4.059922608,4.064696093
0.57125,4.067895506,4.065492732
0.571875,4.043976811,4.066289371
0.5725,4.087827751,4.068679289
0.573125,4.015274378,4.070272567
0.57375,4.09261149,4.071069206
0.574375,4.042382232,4.071865845
0.575,4.087827751,4.072662484
0.575625,4.063909057,4.071865845
0.57625,4.064706347,4.072662484
0.576875,4.060719898,4.072662484
0.5775,4.05194971,4.072662484
0.578125,4.085435882,4.075052401
0.57875,4.071084665,4.081425513
0.579375,4.100584388,4.081425513
0.58,4.065503636,4.081425513
0.580625,4.085435882,4.079832235
0.58125,4.054341579,4.077442318
0.581875,4.097395229,4.076645679
0.5825,4.034409334,4.075052401
0.583125,4.086233172,4.07584904
0.58375,4.043179522,4.075052401
0.584375,4.065503636,4.075052401
0.585,4.081449433,4.07584904
0.585625,4.047165971,4.075052401
0.58625,4.088625041,4.073459123
0.586875,4.030422885,4.06708601
0.5875,4.088625041,4.065492732
0.588125,4.028031015,4.065492732
0.58875,4.079057563,4.06708601
0.589375,4.05035513,4.070272567
0.59,4.055936159,4.071069206
0.590625,4.061517187,4.072662484
0.59125,4.041584942,4.073459123
0.591875,4.079854853,4.072662484
0.5925,4.05115242,4.072662484
0.593125,4.089422331,4.072662484
0.59375,4.054341579,4.072662484
0.594375,4.083841302,4.072662484
0.595,4.046368681,4.079035596
0.595625,4.09420607,4.083018791
0.59625,4.063111767,4.081425513
0.596875,4.086233172,4.080628874
0.5975,4.070287375,4.079035596
0.598125,4.070287375,4.076645679
0.59875,4.09420607,4.07584904
0.599375,4.034409334,4.073459123
0.6,4.104570837,4.074255762
0.600625,4.041584942,4.074255762
0.60125,4.098192519,4.073459123
0.601875,4.052746999,4.074255762
0.6025,4.075868404,4.073459123
0.603125,4.053544289,4.070272567
0.60375,4.053544289,4.065492732
0.604375,4.068692796,4.064696093
0.605,4.04955784,4.06708601
0.605625,4.078260274,4.06708601
0.60625,4.043976811,4.069475928
0.606875,4.072679245,4.071069206
0.6075,4.046368681,4.071865845
0.608125,4.084638592,4.072662484
0.60875,4.057530738,4.071069206
0.609375,4.079854853,4.071069206
0.61,4.034409334,4.071069206
0.610625,4.075071114,4.071865845
0.61125,4.064706347,4.072662484
0.611875,4.073476535,4.079832235
0.6125,4.108557287,4.081425513
0.613125,4.037598493,4.080628874
0.61375,4.100584388,4.079832235
0.614375,4.04876055,4.077442318
0.615,4.098989809,4.07584904
0.615625,4.062314477,4.075052401
0.61625,4.077462984,4.074255762
0.616875,4.057530738,4.075052401
0.6175,4.057530738,4.075052401
0.618125,4.083044012,4.075052401
0.61875,4.043976811,4.074255762
0.619375,4.096597939,4.073459123
0.62,4.047963261,4.06788265
0.620625,4.074273824,4.065492732
0.62125,4.031220174,4.065492732
0.621875,4.055138869,4.06708601
0.6225,4.05035513,4.068679289
0.623125,4.081449433,4.071069206
0.62375,4.055936159,4.071865845
0.624375,4.069490086,4.072662484
0.625,4.045571391,4.072662484
0.625625,4.061517187,4.071865845
0.62625,4.09500336,4.072662484
0.626875,4.036003913,4.071865845
0.6275,4.101381678,4.072662484
0.628125,4.030422885,4.07584904
0.62875,4.096597939,4.081425513
0.629375,4.075071114,4.080628874
0.63,4.081449433,4.079832235
0.630625,4.084638592,4.079035596
0.63125,4.066300926,4.077442318
0.631875,4.087030462,4.07584904
0.6325,4.043976811,4.076645679
0.633125,4.101381678,4.07584904
0.63375,4.05194971,4.076645679
0.634375,4.086233172,4.07584904
0.635,4.05115242,4.07584904
0.635625,4.070287375,4.075052401
0.63625,4.063909057,4.072662484
0.636875,4.071881955,4.06708601
0.6375,3.860600154,3.890232143
0.638125,3.65649396,2.325633059
0.63875,1.868970191,1.219101426
0.639375,0.028028005,0.587366663
0.64,-0.044525369,-0.02684204
0.640625,-0.290887922,-0.518368331
0.64125,-0.292482502,-0.525538082
0.641875,-0.294077081,-0.52713136
0.6425,-0.294874371,-0.52713136
0.643125,-0.297266241,-0.528724638
0.64375,-0.29886082,-0.531114555
0.644375,-0.295671661,-0.528724638
0.645,-0.289293342,-0.522351526
0.645625,-0.286104183,-0.51916497
0.64625,-0.286104183,-0.51916497
0.646875,-0.290887922,-0.523148165
0.6475,-0.294874371,-0.526334721
0.648125,-0.292482502,-0.525538082
0.64875,-0.293279792,-0.525538082
0.649375,-0.292482502,-0.526334721
0.65,-0.294077081,-0.52713136
0.650625,-0.296468951,-0.529521277
0.65125,-0.296468951,-0.529521277
0.651875,-0.291685212,-0.52713136
0.6525,-0.289293342,-0.525538082
0.653125,-0.376197933,-1.725276483
0.65375,-0.369819614,-2.673276947
0.654375,-0.364238585,-2.678056781
0.655,-0.361049426,-2.56174748
0.655625,-0.355468397,-2.505186108
0.65625,-0.352279238,-2.448624736
0.656875,-0.349090079,-2.400826393
0.6575,-0.346698209,-2.358604524
0.658125,-0.346698209,-2.319569211
0.65875,-0.34430634,-2.285313732
0.659375,-0.34350905,-2.251058253
0.66,-0.34350905,-2.21998933
0.660625,-0.34271176,-2.189717046
0.66125,-0.339522601,-2.162631319
0.661875,-0.332346993,-2.12837584
0.6625,-0.329157833,-2.10368003
0.663125,-0.328360544,-2.082170775
0.66375,-0.328360544,-2.06145816
0.664375,-0.333941572,-2.039948906
0.665,-0.337928021,-2.020829569
0.665625,-0.337928021,-2.00330351
0.66625,-0.338725311,-1.985777451
0.666875,-0.337130731,-1.969048031
0.6675,-0.335536152,-1.953911889
0.668125,-0.335536152,-1.938775747
0.66875,-0.336333442,-1.922842966
0.669375,-0.336333442,-1.906910186
0.67,-0.34271176,-1.898147156
0.670625,-0.345900919,-1.887790849
0.67125,-0.34510363,-1.875044624
0.671875,-0.34271176,-1.862298399
0.6725,-0.339522601,-1.847162257
0.673125,-0.339522601,-1.832026115
0.67375,-0.337928021,-1.817686613
0.674375,-0.335536152,-1.805737027
0.675,-0.334738862,-1.795380719
0.675625,-0.333941572,-1.784227773
0.67625,-0.333941572,-1.773871465
0.676875,-0.333941572,-1.763515158
0.6775,-0.333144282,-1.752362211
0.678125,-0.329157833,-1.738819347
0.67875,-0.323576805,-1.723683205
0.679375,-0.321184935,-1.714920176
0.68,-0.321982225,-1.706157146
0.680625,-0.321982225,-1.698987395
0.68125,-0.324374094,-1.691021004
0.681875,-0.325968674,-1.683851253
0.6825,-0.326765964,-1.675884863
0.683125,-0.326765964,-1.667918472
0.68375,-0.325968674,-1.659952082
0.684375,-0.325171384,-1.651189052
0.685,-0.324374094,-1.643222662
0.685625,-0.324374094,-1.633662993
0.68625,-0.325968674,-1.627289881
0.686875,-0.333941572,-1.625696603
0.6875,-0.335536152,-1.617730212
0.688125,-0.333941572,-1.609763822
0.68875,-0.332346993,-1.601797431
0.689375,-0.329955123,-1.592237763
0.69,-0.327563254,-1.583474733
0.690625,-0.325171384,-1.575508343
0.69125,-0.324374094,-1.567541953
0.691875,-0.322779515,-1.560372201
0.6925,-0.321982225,-1.554795728
0.693125,-0.321184935,-1.548422615
0.69375,-0.321982225,-1.542049503
0.694375,-0.321982225,-1.534879752
0.695,-0.314806617,-1.520540249
0.695625,-0.311617457,-1.512573858
0.69625,-0.310820168,-1.506200746
0.696875,-0.310820168,-1.501420912
0.6975,-0.313212037,-1.497437717
0.698125,-0.314806617,-1.493454521
0.69875,-0.315603906,-1.487878048
0.699375,-0.316401196,-1.482301575
0.7,-0.317198486,-1.476725101
0.700625,-0.316401196,-1.471148628
0.70125,-0.315603906,-1.465572155
0.701875,-0.316401196,-1.459995682
0.7025,-0.315603906,-1.454419208
0.703125,-0.319590356,-1.452029291
0.70375,-0.325171384,-1.452029291
0.704375,-0.325968674,-1.445656179
0.705,-0.324374094,-1.439283066
0.705625,-0.321982225,-1.431316676
0.70625,-0.320387645,-1.424146925
0.706875,-0.319590356,-1.416977173
0.7075,-0.317995776,-1.410604061
0.708125,-0.317198486,-1.405824226
0.70875,-0.316401196,-1.400247753
0.709375,-0.316401196,-1.395467919
0.71,-0.315603906,-1.390688085
0.710625,-0.314806617,-1.38590825
0.71125,-0.312414747,-1.380331777
0.711875,-0.303644559,-1.368382191
0.7125,-0.302847269,-1.362805718
0.713125,-0.30204998,-1.358025884
0.71375,-0.303644559,-1.354839328
0.714375,-0.306036429,-1.352449411
0.715,-0.306833718,-1.349262854
0.715625,-0.308428298,-1.345279659
0.71625,-0.308428298,-1.340499825
0.716875,-0.309225588,-1.33651663
0.7175,-0.309225588,-1.331736795
0.718125,-0.309225588,-1.326956961
0.71875,-0.310022878,-1.322973766
0.719375,-0.310820168,-1.318193932
0.72,-0.317995776,-1.31978721
0.720625,-0.321184935,-1.316600653
0.72125,-0.321184935,-1.311820819
0.721875,-0.319590356,-1.306244346
0.7225,-0.316401196,-1.299871234
0.723125,-0.314009327,-1.295888038
0.72375,-0.311617457,-1.290311565
0.724375,-0.310820168,-1.284735092
0.725,-0.310022878,-1.279955257
0.725625,-0.309225588,-1.275972062
0.72625,-0.308428298,-1.271192228
0.726875,-0.309225588,-1.267209033
0.7275,-0.308428298,-1.262429198
0.728125,-0.303644559,-1.255259447
0.72875,-0.296468951,-1.246496418
0.729375,-0.295671661,-1.242513222
0.73,-0.296468951,-1.239326666
0.730625,-0.29806353,-1.23614011
0.73125,-0.3004554,-1.233750193
0.731875,-0.302847269,-1.231360276
0.7325,-0.304441849,-1.22817372
0.733125,-0.305239139,-1.223393885
0.73375,-0.306833718,-1.218614051
0.734375,-0.307631008,-1.213834217
0.735,-0.307631008,-1.209851022
0.735625,-0.308428298,-1.205867826
0.73625,-0.310022878,-1.203477909
0.736875,-0.317995776,-1.205867826
0.7375,-0.319590356,-1.20268127
0.738125,-0.318793066,-1.197104797
0.73875,-0.316401196,-1.192324963
0.739375,-0.313212037,-1.186748489
0.74,-0.311617457,-1.181968655
0.740625,-0.310022878,-1.17798546
0.74125,-0.308428298,-1.174002264
0.741875,-0.308428298,-1.170019069
0.7425,-0.308428298,-1.166035874
0.743125,-0.307631008,-1.162052679
0.74375,-0.306833718,-1.158069484
0.744375,-0.306833718,-1.154086288
0.745,-0.29806353,-1.143729981
0.745625,-0.294077081,-1.138153507
0.74625,-0.294077081,-1.134966951
0.746875,-0.294874371,-1.132577034
0.7475,-0.297266241,-1.130983756
0.748125,-0.29886082,-1.128593839
0.74875,-0.30125269,-1.125407283
0.749375,-0.30204998,-1.123017366
0.75,-0.302847269,-1.119830809
0.750625,-0.30204998,-1.115847614
0.75125,-0.30204998,-1.112661058
0.751875,-0.30204998,-1.108677863
0.7525,-0.30204998,-1.105491307
0.753125,-0.306036429,-1.105491307
0.75375,-0.312414747,-1.107084585
0.754375,-0.313212037,-1.103898029
0.755,-0.311617457,-1.099118194
0.755625,-0.308428298,-1.09433836
0.75625,-0.306036429,-1.088761887
0.756875,-0.304441849,-1.083982052
0.7575,-0.30204998,-1.079202218
0.758125,-0.30125269,-1.076015662
0.75875,-0.30125269,-1.072032467
0.759375,-0.3004554,-1.068845911
0.76,-0.3004554,-1.065659354
0.760625,-0.3004554,-1.061676159
0.76125,-0.29806353,-1.056896325
0.761875,-0.290090632,-1.046540017
0.7625,-0.287698763,-1.043353461
0.763125,-0.288496053,-1.041760183
0.76375,-0.290090632,-1.039370266
0.764375,-0.291685212,-1.038573627
0.765,-0.294077081,-1.036980349
0.765625,-0.294874371,-1.034590432
0.76625,-0.294874371,-1.030607236
0.766875,-0.294874371,-1.02742068
0.7675,-0.294874371,-1.025030763
0.768125,-0.295671661,-1.021047568
0.76875,-0.295671661,-1.017064373
0.769375,-0.295671661,-1.014674456
0.77,-0.302847269,-1.018657651
0.770625,-0.306036429,-1.017064373
0.77125,-0.306833718,-1.013081177
0.771875,-0.304441849,-1.008301343
0.7725,-0.302847269,-1.003521509
0.773125,-0.29965811,-0.998741675
0.77375,-0.297266241,-0.99396184
0.774375,-0.295671661,-0.990775284
0.775,-0.294874371,-0.988385367
0.775625,-0.294874371,-0.985198811
0.77625,-0.294077081,-0.982808894
0.776875,-0.293279792,-0.979622338
0.7775,-0.293279792,-0.97723242
0.778125,-0.287698763,-0.96926603
0.77875,-0.282117734,-0.96129964
0.779375,-0.282117734,-0.958909722
0.78,-0.282117734,-0.957316444
0.780625,-0.283712314,-0.956519805
0.78125,-0.286104183,-0.955723166
0.781875,-0.286901473,-0.954129888
0.7825,-0.287698763,-0.951739971
0.783125,-0.286901473,-0.948553415
0.78375,-0.286901473,-0.946163498
0.784375,-0.286901473,-0.942976942
0.785,-0.286104183,-0.939790385
0.785625,-0.286104183,-0.937400468
0.78625,-0.288496053,-0.936603829
0.786875,-0.295671661,-0.941383663
0.7875,-0.296468951,-0.938197107
0.788125,-0.296468951,-0.935010551
0.78875,-0.295671661,-0.931027356
0.789375,-0.292482502,-0.925450883
0.79,-0.290887922,-0.921467687
0.790625,-0.290090632,-0.917484492
0.79125,-0.289293342,-0.913501297
0.791875,-0.289293342,-0.911908019
0.7925,-0.289293342,-0.909518102
0.793125,-0.287698763,-0.905534906
0.79375,-0.287698763,-0.903144989
0.794375,-0.286901473,-0.900755072
0.795,-0.278928575,-0.891195404
0.795625,-0.276536705,-0.886415569
0.79625,-0.275739416,-0.884822291
0.796875,-0.276536705,-0.882432374
0.7975,-0.278928575,-0.882432374
0.798125,-0.280523155,-0.881635735
0.79875,-0.282117734,-0.880839096
0.799375,-0.282117734,-0.879245818
0.8,-0.282117734,-0.876855901
0.800625,-0.282117734,-0.873669345
0.80125,-0.281320444,-0.871279428
0.801875,-0.281320444,-0.86888951
0.8025,-0.280523155,-0.867296232
0.803125,-0.286104183,-0.869686149
0.80375,-0.290887922,-0.872076067
0.804375,-0.290887922,-0.869686149
0.805,-0.290090632,-0.865702954
0.805625,-0.287698763,-0.861719759
0.80625,-0.285306893,-0.856939925
0.806875,-0.282117734,-0.852956729
0.8075,-0.281320444,-0.850566812
0.808125,-0.279725865,-0.847380256
0.80875,-0.279725865,-0.844990339
0.809375,-0.279725865,-0.842600422
0.81,-0.279725865,-0.841007144
0.810625,-0.278131285,-0.837820588
0.81125,-0.275739416,-0.833837392
0.811875,-0.268563807,-0.824277724
0.8125,-0.267766517,-0.821091168
0.813125,-0.267766517,-0.818701251
0.81375,-0.269361097,-0.817107972
0.814375,-0.270955677,-0.817107972
0.815,-0.272550256,-0.817107972
0.815625,-0.274144836,-0.815514694
0.81625,-0.274942126,-0.813124777
0.816875,-0.274144836,-0.81073486
0.8175,-0.274144836,-0.808344943
0.818125,-0.274144836,-0.805158387
0.81875,-0.274144836,-0.80276847
0.819375,-0.274144836,-0.801175192
0.82,-0.281320444,-0.805955026
0.820625,-0.284509604,-0.805955026
0.82125,-0.283712314,-0.803565109
0.821875,-0.282117734,-0.799581913
0.8225,-0.279725865,-0.794802079
0.823125,-0.277333995,-0.790818884
0.82375,-0.274942126,-0.786835689
0.824375,-0.274942126,-0.785242411
0.825,-0.274144836,-0.782055855
0.825625,-0.274144836,-0.780462576
0.82625,-0.274144836,-0.778072659
0.826875,-0.273347546,-0.776479381
0.8275,-0.272550256,-0.774886103
0.828125,-0.266171938,-0.767716352
0.82875,-0.261388199,-0.761343239
0.829375,-0.261388199,-0.758953322
0.83,-0.261388199,-0.758156683
0.830625,-0.262982779,-0.757360044
0.83125,-0.265374648,-0.757360044
0.831875,-0.266969228,-0.756563405
0.8325,-0.267766517,-0.756563405
0.833125,-0.267766517,-0.754173488
0.83375,-0.267766517,-0.75258021
0.834375,-0.266969228,-0.750986932
0.835,-0.266171938,-0.748597015
0.835625,-0.266969228,-0.747003737
0.83625,-0.268563807,-0.747003737
0.836875,-0.276536705,-0.750986932
0.8375,-0.276536705,-0.749393654
0.838125,-0.275739416,-0.747800376
0.83875,-0.272550256,-0.74381718
0.839375,-0.269361097,-0.739833985
0.84,-0.267766517,-0.736647429
0.840625,-0.265374648,-0.733460873
0.84125,-0.264577358,-0.731070956
0.841875,-0.264577358,-0.728681039
0.8425,-0.264577358,-0.72708776
0.843125,-0.263780068,-0.725494482
0.84375,-0.263780068,-0.723104565
0.844375,-0.262982779,-0.720714648
0.845,-0.25580717,-0.71115498
0.845625,-0.252618011,-0.707171784
0.84625,-0.252618011,-0.705578506
0.846875,-0.253415301,-0.704781867
0.8475,-0.25500988,-0.705578506
0.848125,-0.25740175,-0.704781867
0.84875,-0.25819904,-0.704781867
0.849375,-0.25819904,-0.703188589
0.85,-0.25819904,-0.701595311
0.850625,-0.25740175,-0.699205394
0.85125,-0.25819904,-0.697612116
0.851875,-0.25740175,-0.696018838
0.8525,-0.25660446,-0.693628921
0.853125,-0.262185489,-0.696815477
0.85375,-0.266969228,-0.700002033
0.854375,-0.266969228,-0.698408755
0.855,-0.266171938,-0.695222199
0.855625,-0.264577358,-0.692035642
0.85625,-0.261388199,-0.687255808
0.856875,-0.25819904,-0.684865891
0.8575,-0.25660446,-0.682475974
0.858125,-0.25580717,-0.680086057
0.85875,-0.25500988,-0.679289418
0.859375,-0.254212591,-0.676899501
0.86,-0.254212591,-0.676102862
0.860625,-0.253415301,-0.674509583
0.86125,-0.249428852,-0.670526388
0.861875,-0.241455953,-0.660170081
0.8625,-0.239861374,-0.658576803
0.863125,-0.239861374,-0.657780164
0.86375,-0.241455953,-0.657780164
0.864375,-0.243847823,-0.658576803
0.865,-0.244645113,-0.657780164
0.865625,-0.245442403,-0.656186885
0.86625,-0.245442403,-0.655390246
0.866875,-0.245442403,-0.654593607
0.8675,-0.244645113,-0.653000329
0.868125,-0.244645113,-0.651407051
0.86875,-0.244645113,-0.649813773
0.869375,-0.244645113,-0.649813773
0.87,-0.253415301,-0.654593607
0.870625,-0.25580717,-0.654593607
0.87125,-0.25500988,-0.653000329
0.871875,-0.253415301,-0.650610412
0.8725,-0.249428852,-0.645830578
0.873125,-0.247036982,-0.642644022
0.87375,-0.244645113,-0.639457466
0.874375,-0.243847823,-0.637067548
0.875,-0.243050533,-0.636270909
0.875625,-0.242253243,-0.634677631
0.87625,-0.242253243,-0.633084353
0.876875,-0.240658664,-0.632287714
0.8775,-0.240658664,-0.629897797
0.878125,-0.234280345,-0.623524685
0.87875,-0.230293896,-0.616354933
0.879375,-0.229496606,-0.614761655
0.88,-0.229496606,-0.614761655
0.880625,-0.231091186,-0.615558294
0.88125,-0.232685766,-0.616354933
0.881875,-0.234280345,-0.615558294
0.8825,-0.235077635,-0.614761655
0.883125,-0.235077635,-0.613965016
0.88375,-0.234280345,-0.611575099
0.884375,-0.234280345,-0.609981821
0.885,-0.233483055,-0.608388543
0.885625,-0.234280345,-0.606795265
0.88625,-0.236672215,-0.608388543
0.886875,-0.242253243,-0.614761655
0.8875,-0.242253243,-0.612371738
0.888125,-0.242253243,-0.61077846
0.88875,-0.239861374,-0.606795265
0.889375,-0.236672215,-0.60201543
0.89,-0.234280345,-0.598828874
0.890625,-0.232685766,-0.596438957
0.89125,-0.231091186,-0.594845679
0.891875,-0.231091186,-0.59404904
0.8925,-0.230293896,-0.593252401
0.893125,-0.229496606,-0.591659123
0.89375,-0.227902027,-0.590065845
0.894375,-0.227104737,-0.587675928
0.895,-0.217537259,-0.579709537
0.895625,-0.21355081,-0.576522981
0.89625,-0.21355081,-0.574929703
0.896875,-0.2143481,-0.575726342
0.8975,-0.216739969,-0.57731962
0.898125,-0.217537259,-0.576522981
0.89875,-0.219131839,-0.576522981
0.899375,-0.219131839,-0.574929703
0.9,-0.218334549,-0.574133064
0.900625,-0.218334549,-0.572539786
0.90125,-0.216739969,-0.570946508
0.901875,-0.215942679,-0.570149869
0.9025,-0.21514539,-0.56935323
0.903125,-0.221523708,-0.573336425
0.90375,-0.225510157,-0.574929703
0.904375,-0.225510157,-0.573336425
0.905,-0.223118288,-0.570946508
0.905625,-0.219929128,-0.567759951
0.90625,-0.217537259,-0.564573395
0.906875,-0.2143481,-0.562980117
0.9075,-0.21275352,-0.559793561
0.908125,-0.21195623,-0.558996922
0.90875,-0.21115894,-0.558200283
0.909375,-0.209564361,-0.556607005
0.91,-0.209564361,-0.555013727
0.910625,-0.207969781,-0.554217088
0.91125,-0.203186042,-0.550233893
0.911875,-0.193618564,-0.543064141
0.9125,-0.192023985,-0.541470863
0.913125,-0.192023985,-0.541470863
0.91375,-0.192821275,-0.541470863
0.914375,-0.195213144,-0.542267502
0.915,-0.196010434,-0.542267502
0.915625,-0.196010434,-0.542267502
0.91625,-0.195213144,-0.540674224
0.916875,-0.194415854,-0.539877585
0.9175,-0.192821275,-0.538284307
0.918125,-0.191226695,-0.537487668
0.91875,-0.190429405,-0.536691029
0.919375,-0.189632115,-0.53589439
0.92,-0.198402303,-0.542267502
0.920625,-0.199996883,-0.542267502
0.92125,-0.198402303,-0.540674224
0.921875,-0.195213144,-0.538284307
0.9225,-0.190429405,-0.534301112
0.923125,-0.187240246,-0.531911194
0.92375,-0.183253797,-0.528724638
0.924375,-0.180861927,-0.52713136
0.925,-0.180064638,-0.525538082
0.925625,-0.177672768,-0.523148165
0.92625,-0.176078189,-0.522351526
0.926875,-0.173686319,-0.520758248
0.9275,-0.172091739,-0.51916497
0.928125,-0.164118841,-0.51040194
0.92875,-0.156943233,-0.504028828
0.929375,-0.155348653,-0.50243555
0.93,-0.154551363,-0.503232189
0.930625,-0.153754074,-0.504825467
0.93125,-0.154551363,-0.505622106
0.931875,-0.154551363,-0.505622106
0.9325,-0.153754074,-0.505622106
0.933125,-0.151362204,-0.504028828
0.93375,-0.148970335,-0.503232189
0.934375,-0.146578465,-0.501638911
0.935,-0.144186596,-0.500842272
0.935625,-0.140997437,-0.499248994
0.93625,-0.142592016,-0.501638911
0.936875,-0.148173045,-0.508808662
0.9375,-0.145781175,-0.507215384
0.938125,-0.141794726,-0.504825467
0.93875,-0.136213698,-0.500045633
0.939375,-0.129835379,-0.495265798
0.94,-0.12505164,-0.492079242
0.940625,-0.120267901,-0.488892686
0.94125,-0.117876032,-0.487299408
0.941875,-0.113092293,-0.487299408
0.9425,-0.109903134,-0.484909491
0.943125,-0.106713974,-0.483316213
0.94375,-0.103524815,-0.482519574
0.944375,-0.098741076,-0.480129657
0.945,-0.08438986,-0.468180071
0.945625,-0.079606121,-0.465790154
0.94625,-0.078011541,-0.465790154
0.946875,-0.077214251,-0.466586793
0.9475,-0.078808831,-0.46897671
0.948125,-0.078011541,-0.469773349
0.94875,-0.078011541,-0.470569988
0.949375,-0.077214251,-0.46897671
0.95,-0.074822382,-0.468180071
0.950625,-0.073227802,-0.466586793
0.95125,-0.070835933,-0.464993515
0.951875,-0.068444063,-0.464196876
0.9525,-0.067646773,-0.462603598
0.953125,-0.074025092,-0.471366627
0.95375,-0.076416961,-0.474553183
0.954375,-0.074822382,-0.472163266
0.955,-0.071633223,-0.46897671
0.955625,-0.066849484,-0.463400237
0.95625,-0.062065745,-0.457823763
0.956875,-0.058079296,-0.454637207
0.9575,-0.054890136,-0.45224729
0.958125,-0.052498267,-0.449060734
0.95875,-0.050903687,-0.448264095
0.959375,-0.048511818,-0.446670817
0.96,-0.046917238,-0.445077539
0.960625,-0.045322659,-0.442687621
0.96125,-0.03734976,-0.432331314
0.961875,-0.027782283,-0.416398533
0.9625,-0.025390413,-0.416398533
0.963125,-0.024593123,-0.41878845
0.96375,-0.025390413,-0.422771645
0.964375,-0.027782283,-0.428348119
0.965,-0.028579572,-0.429941397
0.965625,-0.029376862,-0.430738036
0.96625,-0.028579572,-0.429144758
0.966875,-0.027782283,-0.42755148
0.9675,-0.026984993,-0.425958202
0.968125,-0.025390413,-0.423568284
0.96875,-0.024593123,-0.422771645
0.969375,-0.025390413,-0.421975006
0.97,-0.035755181,-0.440297704
0.970625,-0.036552471,-0.439501065
0.97125,-0.034160601,-0.434721231
0.971875,-0.030174152,-0.428348119
0.9725,-0.026984993,-0.417991811
0.973125,-0.024593123,-0.410025421
0.97375,-0.023795834,-0.402855669
0.974375,-0.022998544,-0.396482557
0.975,-0.022201254,-0.393296001
0.975625,-0.021403964,-0.390109445
0.97625,-0.019809384,-0.386126249
0.976875,-0.019809384,-0.382939693
0.9775,-0.018214805,-0.378956498
0.978125,-0.008647327,-0.338327907
0.97875,-0.003863588,-0.290529564
0.979375,-0.003066298,-0.280173256
0.98,-0.003863588,-0.287343008
0.980625,-0.006255458,-0.308852262
0.98125,-0.007850037,-0.333548072
0.981875,-0.010241907,-0.347090936
0.9825,-0.010241907,-0.355057327
0.983125,-0.009444617,-0.355057327
0.98375,-0.009444617,-0.351074131
0.984375,-0.008647327,-0.348684214
0.985,-0.008647327,-0.345497658
0.985625,-0.007850037,-0.341514463
0.98625,-0.011836486,-0.355853966
0.986875,-0.019809384,-0.395685918
0.9875,-0.020606674,-0.391702723
0.988125,-0.018214805,-0.382143054
0.98875,-0.015025646,-0.363820356
0.989375,-0.011039196,-0.338327907
0.99,-0.008647327,-0.316022013
0.990625,-0.007052747,-0.290529564
0.99125,-0.006255458,-0.273003505
0.991875,-0.004660878,-0.262647197
0.9925,-0.003863588,-0.25229089
0.993125,-0.003863588,-0.24352786
0.99375,-0.003066298,-0.233968192
0.994375,0.000122861,-0.222815245
0.995,0.010487629,-0.140761424
0.995625,0.012082208,-0.091369803
0.99625,0.012082208,-0.080216856
0.996875,0.009690339,-0.092166442
0.9975,0.008095759,-0.124032004
0.998125,0.0049066,-0.150321092
0.99875,0.00251473,-0.173423624
0.999375,0.001717441,-0.190153044
1,0.001717441,-0.195729518
1.000625,0.001717441,-0.195729518
1.00125,0.001717441,-0.195729518
1.001875,0.001717441,-0.194932879
1.0025,0.00251473,-0.191746322
1.003125,-0.004660878,-0.240341304
1.00375,-0.010241907,-0.296902676
1.004375,-0.009444617,-0.306462345
1.005,-0.008647327,-0.291326203
1.005625,-0.003066298,-0.257070724
1.00625,0.000122861,-0.217238772
1.006875,0.000920151,-0.182983293
1.0075,0.00331202,-0.15191437
1.008125,0.0049066,-0.134388311
1.00875,0.0049066,-0.124828643
1.009375,0.00570389,-0.115268974
1.01,0.00570389,-0.108895862
1.010625,0.00650118,-0.102522749
1.01125,0.010487629,-0.073047105
1.011875,0.028028005,0.013786551
1.0125,0.030419874,0.039279001
1.013125,0.030419874,0.036889083
1.01375,0.024838845,0.012989912
1.014375,0.016068657,-0.022858845
1.015,0.011284918,-0.05233449
1.015625,0.009690339,-0.077826939
1.01625,0.009690339,-0.092963081
1.016875,0.009690339,-0.096149637
1.0175,0.010487629,-0.099336193
1.018125,0.010487629,-0.100132832
1.01875,0.010487629,-0.100929471
1.019375,0.008893049,-0.104116027
1.02,-0.003066298,-0.181390015
1.020625,-0.002269008,-0.219628689
1.02125,-0.001471719,-0.222018606
1.021875,-0.000674429,-0.200509352
1.0225,0.00331202,-0.1606774
1.023125,0.00650118,-0.124032004
1.02375,0.008095759,-0.090573164
1.024375,0.008893049,-0.064284075
1.025,0.008893049,-0.05233449
1.025625,0.009690339,-0.045164738
1.02625,0.010487629,-0.037994987
1.026875,0.010487629,-0.032418513
1.0275,0.011284918,-0.029231957
1.028125,0.029622584,0.029719332
1.02875,0.036000903,0.099026929
1.029375,0.036000903,0.112569793
1.03,0.034406323,0.097433651
1.030625,0.032014454,0.06477145
1.03125,0.028028005,0.028126054
1.031875,0.020852396,-0.00214623
1.0325,0.015271367,-0.027638679
1.033125,0.013676788,-0.039588265
1.03375,0.014474078,-0.042774821
1.034375,0.014474078,-0.046758016
1.035,0.013676788,-0.048351294
1.035625,0.013676788,-0.049944572
1.03625,0.008893049,-0.075437022
1.036875,0.000122861,-0.157490843
1.0375,-0.000674429,-0.179000098
1.038125,0.000920151,-0.171830346
1.03875,0.0049066,-0.143151341
1.039375,0.008095759,-0.100929471
1.04,0.009690339,-0.064284075
1.040625,0.012082208,-0.034011792
1.04125,0.015271367,-0.014095815
1.041875,0.016865947,-0.006129425
1.0425,0.017663237,-0.000552952
1.043125,0.018460527,0.005023522
1.04375,0.020852396,0.009006717
1.044375,0.022446976,0.015379829
1.045,0.036798193,0.105400041
1.045625,0.039987352,0.147621911
1.04625,0.039190062,0.147621911
1.046875,0.036000903,0.126112656
1.0475,0.032014454,0.085484065
1.048125,0.029622584,0.049635308
1.04875,0.025636135,0.018566385
1.049375,0.021649686,-0.002942869
1.05,0.019257817,-0.011705898
1.050625,0.018460527,-0.015689094
1.05125,0.018460527,-0.018079011
1.051875,0.017663237,-0.020468928
1.0525,0.017663237,-0.020468928
1.053125,0.00650118,-0.081810134
1.05375,0.001717441,-0.147134536
1.054375,0.001717441,-0.158287483
1.055,0.00410931,-0.141558063
1.055625,0.007298469,-0.104116027
1.05625,0.008893049,-0.061894158
1.056875,0.012879498,-0.027638679
1.0575,0.019257817,0.001040326
1.058125,0.023244266,0.015379829
1.05875,0.022446976,0.020159663
1.059375,0.023244266,0.025736137
1.06,0.024041555,0.029719332
1.060625,0.024041555,0.032109249
1.06125,0.031217164,0.061584894
1.061875,0.040784642,0.155588301
1.0625,0.041581931,0.177097555
1.063125,0.039987352,0.167537887
1.06375,0.036000903,0.137265603
1.064375,0.032014454,0.092653817
1.065,0.030419874,0.057601699
1.065625,0.027230715,0.026532776
1.06625,0.024838845,0.009006717
1.066875,0.023244266,0.001836965
1.0675,0.022446976,-0.00214623
1.068125,0.021649686,-0.004536147
1.06875,0.020055106,-0.007722703
1.069375,0.017663237,-0.014892454
1.07,0.00410931,-0.104912667
1.070625,0.001717441,-0.146337897
1.07125,0.00331202,-0.146337897
1.071875,0.00570389,-0.124032004
1.0725,0.008893049,-0.0770303
1.073125,0.011284918,-0.037198348
1.07375,0.018460527,-0.00214623
1.074375,0.023244266,0.021752942
1.075,0.024041555,0.03131261
1.075625,0.024041555,0.034499166
1.07625,0.024838845,0.039279001
1.076875,0.024838845,0.043262196
1.0775,0.024838845,0.044855474
1.078125,0.036798193,0.111773154
1.07875,0.042379221,0.184267307
1.079375,0.042379221,0.194623614
1.08,0.039190062,0.175504277
1.080625,0.035203613,0.135672325
1.08125,0.032014454,0.091060538
1.081875,0.028825294,0.054415142
1.0825,0.027230715,0.024142859
1.083125,0.024838845,0.010599995
1.08375,0.024041555,0.005820161
1.084375,0.022446976,0.001040326
1.085,0.022446976,-0.001349591
1.085625,0.021649686,-0.002942869
1.08625,0.012879498,-0.036401709
1.086875,0.00251473,-0.12721856
1.0875,0.001717441,-0.150321092
1.088125,0.00251473,-0.142354702
1.08875,0.00650118,-0.109692501
1.089375,0.009690339,-0.06030088
1.09,0.013676788,-0.022062206
1.090625,0.021649686,0.011396634
1.09125,0.024041555,0.030515971
1.091875,0.024041555,0.037685722
1.0925,0.024838845,0.041668918
1.093125,0.024838845,0.046448752
1.09375,0.025636135,0.048838669
1.094375,0.027230715,0.057601699
1.095,0.040784642,0.157181579
1.095625,0.040784642,0.201793366
1.09625,0.039190062,0.199403449
1.096875,0.037595482,0.17311436
1.0975,0.032014454,0.125316017
1.098125,0.030419874,0.08150087
1.09875,0.028028005,0.045652113
1.099375,0.025636135,0.018566385
1.1,0.024041555,0.009006717
1.100625,0.023244266,0.005023522
1.10125,0.023244266,0.000243687
1.101875,0.022446976,-0.002942869
1.1025,0.020852396,-0.003739508
1.103125,0.00650118,-0.074640383
1.10375,0.001717441,-0.145541258
1.104375,0.001717441,-0.158287483
1.105,0.00410931,-0.139168145
1.105625,0.008095759,-0.095352998
1.10625,0.010487629,-0.048351294
1.106875,0.016865947,-0.01011262
1.1075,0.024041555,0.020956303
1.108125,0.025636135,0.035295805
1.10875,0.024838845,0.040872279
1.109375,0.025636135,0.045652113
1.11,0.025636135,0.049635308
1.110625,0.026433425,0.051228586
1.11125,0.032811743,0.087077343
1.111875,0.042379221,0.189047141
1.1125,0.039987352,0.212149673
1.113125,0.039987352,0.200200088
1.11375,0.036798193,0.161961413
1.114375,0.032014454,0.112569793
1.115,0.030419874,0.070347923
1.115625,0.028028005,0.035295805
1.11625,0.025636135,0.01458319
1.116875,0.024041555,0.0066168
1.1175,0.023244266,0.001836965
1.118125,0.022446976,-0.00214623
1.11875,0.020852396,-0.006129425
1.119375,0.016865947,-0.015689094
1.12,0.00331202,-0.116065613
1.120625,0.00251473,-0.1606774
1.12125,0.00331202,-0.159880761
1.121875,0.0049066,-0.133591672
1.1225,0.008893049,-0.081810134
1.123125,0.011284918,-0.037198348
1.12375,0.018460527,0.001040326
1.124375,0.024041555,0.028126054
1.125,0.024838845,0.037685722
1.125625,0.024041555,0.041668918
1.12625,0.024041555,0.047245391
1.126875,0.024041555,0.050431947
1.1275,0.024838845,0.052025225
1.128125,0.037595482,0.130095852
1.12875,0.039987352,0.208166478
1.129375,0.039190062,0.216929508
1.13,0.039190062,0.193826975
1.130625,0.035203613,0.147621911
1.13125,0.032014454,0.097433651
1.131875,0.029622584,0.057601699
1.1325,0.027230715,0.02334622
1.133125,0.024838845,0.008210078
1.13375,0.024041555,0.002633605
1.134375,0.022446976,-0.00214623
1.135,0.021649686,-0.006129425
1.135625,0.020852396,-0.007722703
1.13625,0.011284918,-0.045961377
1.136875,0.00251473,-0.144744619
1.1375,0.001717441,-0.167847151
1.138125,0.00331202,-0.157490843
1.13875,0.00650118,-0.120845447
1.139375,0.008893049,-0.065877353
1.14,0.013676788,-0.023655484
1.140625,0.021649686,0.012193273
1.14125,0.023244266,0.032109249
1.141875,0.024838845,0.039279001
1.1425,0.024838845,0.044855474
1.143125,0.025636135,0.049635308
1.14375,0.025636135,0.052025225
1.144375,0.028028005,0.063178172
1.145,0.040784642,0.172317721
1.145625,0.040784642,0.217726147
1.14625,0.039190062,0.213742951
1.146875,0.039190062,0.18187739
1.1475,0.032811743,0.129299213
1.148125,0.030419874,0.082297509
1.14875,0.028028005,0.044058835
1.149375,0.025636135,0.016176468
1.15,0.024041555,0.005820161
1.150625,0.023244266,0.001040326
1.15125,0.021649686,-0.003739508
1.151875,0.021649686,-0.006926064
1.1525,0.019257817,-0.008519342
1.153125,0.0049066,-0.087386608
1.15375,0.00251473,-0.156694204
1.154375,0.001717441,-0.167847151
1.155,0.00410931,-0.146337897
1.155625,0.008095759,-0.100929471
1.15625,0.009690339,-0.049944572
1.156875,0.016865947,-0.01011262
1.1575,0.023244266,0.021752942
1.158125,0.024838845,0.036092444
1.15875,0.024838845,0.040872279
1.159375,0.024838845,0.046448752
1.16,0.024838845,0.049635308
1.160625,0.024838845,0.051228586
1.16125,0.032811743,0.091857178
1.161875,0.040784642,0.194623614
1.1625,0.039987352,0.216132868
1.163125,0.039987352,0.202590005
1.16375,0.037595482,0.161164774
1.164375,0.032014454,0.108586597
1.165,0.030419874,0.067161367
1.165625,0.027230715,0.03131261
1.16625,0.024838845,0.011396634
1.166875,0.023244266,0.005023522
1.1675,0.022446976,-0.000552952
1.168125,0.021649686,-0.003739508
1.16875,0.020055106,-0.006129425
1.169375,0.016865947,-0.018079011
1.17,0.00251473,-0.11845553
1.170625,0.001717441,-0.156694204
1.17125,0.00331202,-0.155897565
1.171875,0.00570389,-0.128811838
1.1725,0.008893049,-0.076233661
1.173125,0.012082208,-0.033215153
1.17375,0.019257817,0.002633605
1.174375,0.024838845,0.028922693
1.175,0.025636135,0.036889083
1.175625,0.024838845,0.042465557
1.17625,0.024041555,0.046448752
1.176875,0.024838845,0.049635308
1.1775,0.024838845,0.049635308
1.178125,0.037595482,0.127705935
1.17875,0.041581931,0.198606809
1.179375,0.039987352,0.2065732
1.18,0.039987352,0.182674029
1.180625,0.035203613,0.137265603
1.18125,0.031217164,0.091060538
1.181875,0.029622584,0.052821864
1.1825,0.026433425,0.022549581
1.183125,0.024838845,0.009006717
1.18375,0.024041555,0.004226883
1.184375,0.022446976,0.000243687
1.185,0.021649686,-0.00214623
1.185625,0.020852396,-0.003739508
1.18625,0.011284918,-0.041978182
1.186875,0.00251473,-0.130405116
1.1875,0.001717441,-0.150321092
1.188125,0.00331202,-0.139964784
1.18875,0.00650118,-0.104116027
1.189375,0.008893049,-0.055521046
1.19,0.014474078,-0.018079011
1.190625,0.021649686,0.013786551
1.19125,0.024041555,0.03131261
1.191875,0.024041555,0.036092444
1.1925,0.025636135,0.040872279
1.193125,0.024838845,0.044058835
1.19375,0.024838845,0.046448752
1.194375,0.028028005,0.057601699
1.195,0.039987352,0.15638494
1.195625,0.042379221,0.193030336
1.19625,0.040784642,0.188250502
1.196875,0.037595482,0.159571496
1.1975,0.032811743,0.113366432
1.198125,0.031217164,0.071941201
1.19875,0.028825294,0.039279001
1.199375,0.026433425,0.015379829
1.2,0.024838845,0.007413439
1.200625,0.024041555,0.003430244
1.20125,0.023244266,0.001040326
1.201875,0.022446976,-0.001349591
1.2025,0.022446976,-0.00214623
1.203125,0.00570389,-0.074640383
1.20375,0.00251473,-0.132795033
1.204375,0.00251473,-0.139964784
1.205,0.0049066,-0.122438726
1.205625,0.007298469,-0.080216856
1.20625,0.010487629,-0.038791626
1.206875,0.017663237,-0.005332786
1.2075,0.023244266,0.020956303
1.208125,0.024838845,0.032109249
1.20875,0.024838845,0.036092444
1.209375,0.024838845,0.039279001
1.21,0.025636135,0.041668918
1.210625,0.025636135,0.043262196
1.21125,0.032811743,0.080704231
1.211875,0.040784642,0.167537887
1.2125,0.041581931,0.184267307
1.213125,0.040784642,0.170724443
1.21375,0.036798193,0.137265603
1.214375,0.032811743,0.093450456
1.215,0.030419874,0.059991616
1.215625,0.028028005,0.030515971
1.21625,0.025636135,0.01458319
1.216875,0.024838845,0.009803356
1.2175,0.024041555,0.005023522
1.218125,0.023244266,0.002633605
1.21875,0.023244266,0.001040326
1.219375,0.018460527,-0.010909259
1.22,0.00410931,-0.096946276
1.220625,0.00331202,-0.129608477
1.22125,0.00410931,-0.12721856
1.221875,0.00650118,-0.102522749
1.2225,0.008893049,-0.059504241
1.223125,0.012879498,-0.024452123
1.22375,0.020055106,0.005820161
1.224375,0.023244266,0.025736137
1.225,0.024041555,0.032109249
1.225625,0.024041555,0.035295805
1.22625,0.024838845,0.038482362
1.226875,0.025636135,0.040872279
1.2275,0.025636135,0.041668918
1.228125,0.037595482,0.111773154
1.22875,0.041581931,0.169131165
1.229375,0.040784642,0.174707638
1.23,0.038392772,0.153995023
1.230625,0.034406323,0.116552988
1.23125,0.031217164,0.078314314
1.231875,0.028825294,0.046448752
1.2325,0.027230715,0.02334622
1.233125,0.025636135,0.012989912
1.23375,0.024838845,0.009006717
1.234375,0.024041555,0.0066168
1.235,0.024041555,0.005023522
1.235625,0.023244266,0.004226883
1.23625,0.012082208,-0.031621874
1.236875,0.00410931,-0.108099223
1.2375,0.00331202,-0.124032004
1.238125,0.0049066,-0.113675696
1.23875,0.00650118,-0.082606773
1.239375,0.009690339,-0.042774821
1.24,0.016068657,-0.012502537
1.240625,0.022446976,0.013786551
1.24125,0.024041555,0.028126054
1.241875,0.024041555,0.03131261
1.2425,0.024041555,0.035295805
1.243125,0.024838845,0.036889083
1.24375,0.025636135,0.039279001
1.244375,0.028825294,0.052025225
1.245,0.039987352,0.137265603
1.245625,0.041581931,0.167537887
1.24625,0.040784642,0.161961413
1.246875,0.037595482,0.138062242
1.2475,0.033609033,0.09823029
1.248125,0.031217164,0.065568089
1.24875,0.028825294,0.037685722
1.249375,0.026433425,0.019363024
1.25,0.025636135,0.012989912
1.250625,0.024838845,0.009803356
1.25125,0.024838845,0.007413439
1.251875,0.024041555,0.005820161
1.2525,0.023244266,0.005023522
1.253125,0.0049066,-0.061894158
1.25375,0.00331202,-0.111285779
1.254375,0.00410931,-0.117658891
1.255,0.00570389,-0.100929471
1.255625,0.008893049,-0.065080714
1.25625,0.012082208,-0.029231957
1.256875,0.017663237,-0.001349591
1.2575,0.023244266,0.020159663
1.258125,0.024838845,0.028922693
1.25875,0.024041555,0.03131261
1.259375,0.024838845,0.034499166
1.26,0.025636135,0.036889083
1.260625,0.025636135,0.037685722
1.26125,0.033609033,0.074331119
1.261875,0.040784642,0.149215189
1.2625,0.041581931,0.163554692
1.263125,0.039987352,0.151605106
1.26375,0.036000903,0.122129461
1.264375,0.032811743,0.083890787
1.265,0.030419874,0.054415142
1.265625,0.028028005,0.029719332
1.26625,0.025636135,0.016176468
1.266875,0.025636135,0.012193273
1.2675,0.024838845,0.009803356
1.268125,0.024838845,0.008210078
1.26875,0.024041555,0.0066168
1.269375,0.018460527,-0.006129425
1.27,0.00410931,-0.083403412
1.270625,0.00410931,-0.112082418
1.27125,0.0049066,-0.108895862
1.271875,0.00570389,-0.086589969
1.2725,0.009690339,-0.048351294
1.273125,0.014474078,-0.017282372
1.27375,0.020852396,0.007413439
1.274375,0.024041555,0.024939498
1.275,0.024838845,0.030515971
1.275625,0.024838845,0.032905888
1.27625,0.024838845,0.034499166
1.276875,0.025636135,0.036092444
1.2775,0.025636135,0.036889083
1.278125,0.037595482,0.103806763
1.27875,0.041581931,0.153198384
1.279375,0.040784642,0.157181579
1.28,0.039190062,0.140452159
1.280625,0.033609033,0.10619668
1.28125,0.032014454,0.071941201
1.281875,0.028825294,0.045652113
1.2825,0.027230715,0.024939498
1.283125,0.026433425,0.015379829
1.28375,0.025636135,0.012989912
1.284375,0.024838845,0.010599995
1.285,0.024838845,0.009006717
1.285625,0.024041555,0.008210078
1.28625,0.011284918,-0.028435318
1.286875,0.00251473,-0.095352998
1.2875,0.00410931,-0.11048914
1.288125,0.0049066,-0.100132832
1.28875,0.007298469,-0.071453827
1.289375,0.011284918,-0.03560507
1.29,0.016865947,-0.007722703
1.290625,0.021649686,0.015379829
1.29125,0.024838845,0.026532776
1.291875,0.024838845,0.030515971
1.2925,0.024838845,0.033702527
1.293125,0.024838845,0.035295805
1.29375,0.025636135,0.036889083
1.294375,0.029622584,0.050431947
1.295,0.039987352,0.128502574
1.295625,0.039987352,0.155588301
1.29625,0.039987352,0.150808467
1.296875,0.036798193,0.129299213
1.2975,0.032811743,0.091857178
1.298125,0.030419874,0.062381533
1.29875,0.028028005,0.036889083
1.299375,0.026433425,0.020956303
1.3,0.026433425,0.015379829
1.300625,0.025636135,0.012989912
1.30125,0.024041555,0.010599995
1.301875,0.024041555,0.009006717
1.3025,0.023244266,0.007413439
1.303125,0.0049066,-0.057114324
1.30375,0.00251473,-0.100929471
1.304375,0.00410931,-0.106505945
1.305,0.0049066,-0.090573164
1.305625,0.008893049,-0.057910963
1.30625,0.012879498,-0.025248762
1.306875,0.018460527,0.001040326
1.3075,0.023244266,0.020159663
1.308125,0.024838845,0.028126054
1.30875,0.024838845,0.030515971
1.309375,0.025636135,0.032905888
1.31,0.025636135,0.035295805
1.310625,0.025636135,0.035295805
1.31125,0.033609033,0.071941201
1.311875,0.040784642,0.142045437
1.3125,0.041581931,0.154791662
1.313125,0.039987352,0.142842076
1.31375,0.035203613,0.115756349
1.314375,0.032811743,0.079110953
1.315,0.030419874,0.052821864
1.315625,0.028028005,0.029719332
1.31625,0.027230715,0.018566385
1.316875,0.027230715,0.015379829
1.3175,0.026433425,0.012989912
1.318125,0.025636135,0.011396634
1.31875,0.024838845,0.009803356
1.319375,0.019257817,-0.004536147
1.32,0.00331202,-0.078623578
1.320625,0.00410931,-0.103319388
1.32125,0.00410931,-0.100132832
1.321875,0.00570389,-0.079420217
1.3225,0.009690339,-0.04357146
1.323125,0.014474078,-0.014892454
1.32375,0.021649686,0.009006717
1.324375,0.024041555,0.024142859
1.325,0.025636135,0.028922693
1.325625,0.025636135,0.032109249
1.32625,0.025636135,0.032905888
1.326875,0.026433425,0.035295805
1.3275,0.026433425,0.036092444
1.328125,0.038392772,0.103010124
1.32875,0.041581931,0.14841855
1.329375,0.040784642,0.150808467
1.33,0.039190062,0.134875686
1.330625,0.035203613,0.102213485
1.33125,0.032811743,0.070347923
1.331875,0.029622584,0.044855474
1.3325,0.027230715,0.025736137
1.333125,0.026433425,0.016973107
1.33375,0.026433425,0.01458319
1.334375,0.025636135,0.012193273
1.335,0.024838845,0.010599995
1.335625,0.024041555,0.009803356
1.33625,0.011284918,-0.028435318
1.336875,0.00251473,-0.089776525
1.3375,0.00331202,-0.104116027
1.338125,0.00410931,-0.094556359
1.33875,0.007298469,-0.065877353
1.339375,0.010487629,-0.031621874
1.34,0.016865947,-0.006129425
1.340625,0.022446976,0.016176468
1.34125,0.024041555,0.026532776
1.341875,0.024041555,0.028922693
1.3425,0.025636135,0.032109249
1.343125,0.024838845,0.034499166
1.34375,0.025636135,0.036092444
1.344375,0.030419874,0.050431947
1.345,0.040784642,0.127705935
1.345625,0.041581931,0.151605106
1.34625,0.040784642,0.146825272
1.346875,0.036798193,0.124519378
1.3475,0.034406323,0.08946726
1.348125,0.031217164,0.061584894
1.34875,0.029622584,0.036889083
1.349375,0.028028005,0.020956303
1.35,0.026433425,0.016176468
1.350625,0.026433425,0.01458319
1.35125,0.025636135,0.012193273
1.351875,0.025636135,0.010599995
1.3525,0.024041555,0.009006717
1.353125,0.00570389,-0.056317685
1.35375,0.00331202,-0.097742915
1.354375,0.00410931,-0.10172611
1.355,0.0049066,-0.085793329
1.355625,0.008893049,-0.053131129
1.35625,0.012879498,-0.022062206
1.356875,0.019257817,0.002633605
1.3575,0.023244266,0.020159663
1.358125,0.024041555,0.027329415
1.35875,0.024041555,0.029719332
1.359375,0.025636135,0.032109249
1.36,0.024838845,0.033702527
1.360625,0.024838845,0.035295805
1.36125,0.034406323,0.074331119
1.361875,0.040784642,0.140452159
1.3625,0.040784642,0.151605106
1.363125,0.039987352,0.13965552
1.36375,0.035203613,0.112569793
1.364375,0.032811743,0.077517675
1.365,0.030419874,0.051228586
1.365625,0.027230715,0.028126054
1.36625,0.026433425,0.018566385
1.366875,0.025636135,0.015379829
1.3675,0.025636135,0.012989912
1.368125,0.024838845,0.012193273
1.36875,0.024041555,0.009803356
1.369375,0.017663237,-0.006129425
1.37,0.00251473,-0.078623578
1.370625,0.00251473,-0.10172611
1.37125,0.00331202,-0.097742915
1.371875,0.00570389,-0.076233661
1.3725,0.009690339,-0.041978182
1.373125,0.013676788,-0.014095815
1.37375,0.020852396,0.009006717
1.374375,0.023244266,0.02334622
1.375,0.024041555,0.028126054
1.375625,0.024041555,0.030515971
1.37625,0.024838845,0.032109249
1.376875,0.024838845,0.034499166
1.3775,0.026433425,0.036889083
1.378125,0.038392772,0.104603402
1.37875,0.041581931,0.147621911
1.379375,0.040784642,0.149215189
1.38,0.038392772,0.132485769
1.380625,0.034406323,0.099026929
1.38125,0.032014454,0.068754645
1.381875,0.029622584,0.042465557
1.3825,0.027230715,0.024939498
1.383125,0.025636135,0.016176468
1.38375,0.024838845,0.013786551
1.384375,0.025636135,0.012193273
1.385,0.024041555,0.010599995
1.385625,0.024041555,0.009803356
1.38625,0.010487629,-0.030825235
1.386875,0.00251473,-0.091369803
1.3875,0.00251473,-0.103319388
1.388125,0.00410931,-0.092963081
1.38875,0.007298469,-0.064284075
1.389375,0.010487629,-0.032418513
1.39,0.016865947,-0.005332786
1.390625,0.022446976,0.015379829
1.39125,0.024041555,0.026532776
1.391875,0.024041555,0.029719332
1.3925,0.024838845,0.032109249
1.393125,0.024838845,0.032905888
1.39375,0.024838845,0.034499166
1.394375,0.029622584,0.051228586
1.395,0.039987352,0.127705935
1.395625,0.040784642,0.151605106
1.39625,0.039987352,0.144435354
1.396875,0.036000903,0.1229261
1.3975,0.033609033,0.087077343
1.398125,0.030419874,0.059194977
1.39875,0.028825294,0.035295805
1.399375,0.027230715,0.020956303
1.4,0.026433425,0.016973107
1.400625,0.026433425,0.013786551
1.40125,0.024041555,0.012193273
1.401875,0.024838845,0.009803356
1.4025,0.022446976,0.007413439
1.403125,0.0049066,-0.058707602
1.40375,0.00331202,-0.096946276
1.404375,0.00331202,-0.100929471
1.405,0.00410931,-0.08499669
1.405625,0.008095759,-0.05233449
1.40625,0.012879498,-0.022062206
1.406875,0.019257817,0.003430244
1.4075,0.023244266,0.020956303
1.408125,0.023244266,0.027329415
1.40875,0.023244266,0.030515971
1.409375,0.024041555,0.032905888
1.41,0.024838845,0.034499166
1.410625,0.025636135,0.035295805
1.41125,0.034406323,0.077517675
1.411875,0.040784642,0.140452159
1.4125,0.040784642,0.151605106
1.413125,0.039190062,0.138858881
1.41375,0.034406323,0.110976515
1.414375,0.032014454,0.075924397
1.415,0.029622584,0.051228586
1.415625,0.028028005,0.028126054
1.41625,0.026433425,0.018566385
1.416875,0.026433425,0.015379829
1.4175,0.025636135,0.012193273
1.418125,0.024838845,0.010599995
1.41875,0.024838845,0.009803356
1.419375,0.016865947,-0.008519342
1.42,0.00251473,-0.080216856
1.420625,0.00251473,-0.10172611
1.42125,0.00410931,-0.097742915
1.421875,0.00570389,-0.076233661
1.4225,0.009690339,-0.040384904
1.423125,0.014474078,-0.014095815
1.42375,0.020852396,0.009803356
1.424375,0.023244266,0.024142859
1.425,0.024041555,0.028126054
1.425625,0.024838845,0.03131261
1.42625,0.024838845,0.032109249
1.426875,0.024838845,0.033702527
1.4275,0.026433425,0.037685722
1.428125,0.039190062,0.106993319
1.42875,0.040784642,0.147621911
1.429375,0.039987352,0.149215189
1.43,0.037595482,0.132485769
1.430625,0.033609033,0.097433651
1.43125,0.031217164,0.067958006
1.431875,0.028825294,0.041668918
1.4325,0.027230715,0.02334622
1.433125,0.026433425,0.016176468
1.43375,0.026433425,0.01458319
1.434375,0.025636135,0.011396634
1.435,0.025636135,0.010599995
1.435625,0.024838845,0.009803356
1.43625,0.009690339,-0.032418513
1.436875,0.00251473,-0.092166442
1.4375,0.00331202,-0.104116027
1.438125,0.00410931,-0.092166442
1.43875,0.007298469,-0.063487436
1.439375,0.011284918,-0.031621874
1.44,0.016865947,-0.005332786
1.440625,0.022446976,0.015379829
1.44125,0.024041555,0.026532776
1.441875,0.024041555,0.028126054
1.4425,0.024041555,0.03131261
1.443125,0.024838845,0.032905888
1.44375,0.025636135,0.034499166
1.444375,0.030419874,0.052821864
1.445,0.039987352,0.130095852
1.445625,0.040784642,0.150011828
1.44625,0.039987352,0.144435354
1.446875,0.036000903,0.1229261
1.4475,0.033609033,0.086280704
1.448125,0.031217164,0.059194977
1.44875,0.028028005,0.034499166
1.449375,0.026433425,0.020159663
1.45,0.026433425,0.016176468
1.450625,0.025636135,0.013786551
1.45125,0.025636135,0.012193273
1.451875,0.024838845,0.010599995
1.4525,0.022446976,0.0066168
1.453125,0.00410931,-0.061894158
1.45375,0.00251473,-0.099336193
1.454375,0.00331202,-0.10172611
1.455,0.0049066,-0.08499669
1.455625,0.008893049,-0.05233449
1.45625,0.012082208,-0.021265567
1.456875,0.019257817,0.002633605
1.4575,0.022446976,0.020956303
1.458125,0.023244266,0.027329415
1.45875,0.024041555,0.029719332
1.459375,0.024041555,0.03131261
1.46,0.024838845,0.033702527
1.460625,0.024838845,0.034499166
1.46125,0.035203613,0.079907592
1.461875,0.039987352,0.142842076
1.4625,0.039987352,0.152401745
1.463125,0.039190062,0.13965552
1.46375,0.034406323,0.110976515
1.464375,0.032014454,0.075924397
1.465,0.028825294,0.050431947
1.465625,0.027230715,0.028126054
1.46625,0.025636135,0.017769746
1.466875,0.024838845,0.01458319
1.4675,0.024041555,0.011396634
1.468125,0.024041555,0.010599995
1.46875,0.024041555,0.009006717
1.469375,0.015271367,-0.011705898
1.47,0.001717441,-0.082606773
1.470625,0.00251473,-0.104116027
1.47125,0.00331202,-0.099336193
1.471875,0.00570389,-0.076233661
1.4725,0.009690339,-0.041181543
1.473125,0.015271367,-0.013299176
1.47375,0.020852396,0.010599995
1.474375,0.023244266,0.024142859
1.475,0.024041555,0.028922693
1.475625,0.024838845,0.03131261
1.47625,0.024838845,0.033702527
1.476875,0.025636135,0.035295805
1.4775,0.027230715,0.039279001
1.478125,0.038392772,0.110976515
1.47875,0.041581931,0.150808467
1.479375,0.040784642,0.151605106
1.48,0.037595482,0.133282408
1.480625,0.033609033,0.099026929
1.48125,0.031217164,0.067958006
1.481875,0.029622584,0.042465557
1.4825,0.027230715,0.02334622
1.483125,0.026433425,0.016176468
1.48375,0.025636135,0.013786551
1.484375,0.025636135,0.011396634
1.485,0.024041555,0.009803356
1.485625,0.024838845,0.009006717
1.48625,0.008893049,-0.037994987
1.486875,0.00251473,-0.094556359
1.4875,0.00251473,-0.106505945
1.488125,0.00410931,-0.09375972
1.48875,0.00650118,-0.063487436
1.489375,0.011284918,-0.030825235
1.49,0.017663237,-0.003739508
1.490625,0.022446976,0.016973107
1.49125,0.023244266,0.026532776
1.491875,0.024041555,0.028922693
1.4925,0.024838845,0.03131261
1.493125,0.025636135,0.033702527
1.49375,0.025636135,0.035295805
1.494375,0.030419874,0.05680506
1.495,0.040784642,0.134079047
1.495625,0.041581931,0.153995023
1.49625,0.040784642,0.147621911
1.496875,0.036798193,0.1229261
1.4975,0.033609033,0.087873982
1.498125,0.030419874,0.059194977
1.49875,0.028825294,0.035295805
1.499375,0.027230715,0.019363024
1.5,0.026433425,0.015379829
1.500625,0.025636135,0.012193273
1.50125,0.025636135,0.011396634
1.501875,0.024041555,0.009803356
1.5025,0.021649686,0.005023522
1.503125,0.00410931,-0.065877353
1.50375,0.00251473,-0.100929471
1.504375,0.00410931,-0.104116027
1.505,0.0049066,-0.086589969
1.505625,0.008893049,-0.05233449
1.50625,0.012879498,-0.022062206
1.506875,0.019257817,0.002633605
1.5075,0.023244266,0.021752942
1.508125,0.024838845,0.028126054
1.50875,0.025636135,0.03131261
1.509375,0.025636135,0.032905888
1.51,0.026433425,0.035295805
1.510625,0.025636135,0.036889083
1.51125,0.036000903,0.085484065
1.511875,0.042379221,0.146825272
1.5125,0.042379221,0.157181579
1.513125,0.039987352,0.143638715
1.51375,0.035203613,0.113366432
1.514375,0.033609033,0.079110953
1.515,0.030419874,0.052025225
1.515625,0.028825294,0.029719332
1.51625,0.027230715,0.018566385
1.516875,0.026433425,0.015379829
1.5175,0.025636135,0.012989912
1.518125,0.025636135,0.010599995
1.51875,0.024838845,0.009803356
1.519375,0.016068657,-0.012502537
1.52,0.00251473,-0.084200051
1.520625,0.00331202,-0.104912667
1.52125,0.00410931,-0.100132832
1.521875,0.00570389,-0.075437022
1.5225,0.009690339,-0.040384904
1.523125,0.014474078,-0.012502537
1.52375,0.021649686,0.011396634
1.524375,0.024041555,0.024939498
1.525,0.024041555,0.028922693
1.525625,0.024838845,0.032109249
1.52625,0.024838845,0.034499166
1.526875,0.025636135,0.035295805
1.5275,0.027230715,0.041668918
1.528125,0.039987352,0.115756349
1.52875,0.041581931,0.153995023
1.529375,0.040784642,0.153995023
1.53,0.038392772,0.135672325
1.530625,0.034406323,0.100620207
1.53125,0.032014454,0.069551284
1.531875,0.028825294,0.041668918
1.5325,0.027230715,0.02334622
1.533125,0.025636135,0.016176468
1.53375,0.025636135,0.013786551
1.534375,0.025636135,0.011396634
1.535,0.024041555,0.009006717
1.535625,0.023244266,0.008210078
1.53625,0.008095759,-0.040384904
1.536875,0.00251473,-0.096946276
1.5375,0.00331202,-0.108099223
1.538125,0.00410931,-0.095352998
1.53875,0.007298469,-0.064284075
1.539375,0.010487629,-0.032418513
1.54,0.017663237,-0.004536147
1.540625,0.023244266,0.016973107
1.54125,0.024041555,0.027329415
1.541875,0.024041555,0.030515971
1.5425,0.025636135,0.032905888
1.543125,0.025636135,0.035295805
1.54375,0.025636135,0.036092444
1.544375,0.031217164,0.060788255
1.545,0.040784642,0.138062242
1.545625,0.041581931,0.157181579
1.54625,0.040784642,0.150011828
1.546875,0.036798193,0.125316017
1.5475,0.033609033,0.088670621
1.548125,0.031217164,0.059991616
1.54875,0.028028005,0.034499166
1.549375,0.026433425,0.020159663
1.55,0.026433425,0.015379829
1.550625,0.025636135,0.012989912
1.55125,0.025636135,0.011396634
1.551875,0.024838845,0.009803356
1.5525,0.021649686,0.004226883
1.553125,0.00410931,-0.06906391
1.55375,0.00251473,-0.104116027
1.554375,0.00410931,-0.105709306
1.555,0.0049066,-0.087386608
1.555625,0.008095759,-0.053131129
1.55625,0.012879498,-0.022062206
1.556875,0.019257817,0.004226883
1.5575,0.024041555,0.022549581
1.558125,0.024838845,0.028922693
1.55875,0.024041555,0.03131261
1.559375,0.024838845,0.034499166
1.56,0.025636135,0.036889083
1.560625,0.025636135,0.036889083
1.56125,0.036000903,0.090263899
1.561875,0.041581931,0.149215189
1.5625,0.042379221,0.157978218
1.563125,0.039987352,0.144435354
1.56375,0.036000903,0.113366432
1.564375,0.032014454,0.078314314
1.565,0.028825294,0.050431947
1.565625,0.027230715,0.028126054
1.56625,0.025636135,0.017769746
1.566875,0.025636135,0.01458319
1.5675,0.024838845,0.011396634
1.568125,0.024041555,0.009803356
1.56875,0.024041555,0.008210078
1.569375,0.014474078,-0.016485733
1.57,0.00251473,-0.088183247
1.570625,0.00251473,-0.108099223
1.57125,0.00331202,-0.102522749
1.571875,0.00570389,-0.0770303
1.5725,0.009690339,-0.042774821
1.573125,0.014474078,-0.013299176
1.57375,0.021649686,0.010599995
1.574375,0.024041555,0.024939498
1.575,0.024838845,0.029719332
1.575625,0.025636135,0.032905888
1.57625,0.024838845,0.033702527
1.576875,0.025636135,0.036092444
1.5775,0.028028005,0.043262196
1.578125,0.039987352,0.118942905
1.57875,0.042379221,0.155588301
1.579375,0.041581931,0.155588301
1.58,0.039190062,0.135672325
1.580625,0.034406323,0.099823568
1.58125,0.031217164,0.069551284
1.581875,0.028825294,0.043262196
1.5825,0.027230715,0.02334622
1.583125,0.026433425,0.016176468
1.58375,0.025636135,0.012989912
1.584375,0.025636135,0.011396634
1.585,0.024838845,0.009803356
1.585625,0.024041555,0.009006717
1.58625,0.008095759,-0.04357146
1.586875,0.00251473,-0.097742915
1.5875,0.00410931,-0.108099223
1.588125,0.00410931,-0.094556359
1.58875,0.007298469,-0.064284075
1.589375,0.011284918,-0.031621874
1.59,0.017663237,-0.003739508
1.590625,0.023244266,0.017769746
1.59125,0.024041555,0.027329415
1.591875,0.024838845,0.030515971
1.5925,0.025636135,0.034499166
1.593125,0.025636135,0.036092444
1.59375,0.025636135,0.037685722
1.594375,0.032014454,0.063178172
1.595,0.041581931,0.140452159
1.595625,0.043176511,0.159571496
1.59625,0.041581931,0.150808467
1.596875,0.036798193,0.125316017
1.5975,0.034406323,0.088670621
1.598125,0.031217164,0.059991616
1.59875,0.029622584,0.034499166
1.599375,0.027230715,0.020159663
1.6,0.027230715,0.015379829
1.600625,0.026433425,0.012193273
1.60125,0.025636135,0.009803356
1.601875,0.024838845,0.008210078
1.6025,0.020852396,0.001040326
1.603125,0.00331202,-0.072250466
1.60375,0.00331202,-0.104912667
1.604375,0.00410931,-0.105709306
1.605,0.0049066,-0.086589969
1.605625,0.008095759,-0.051537851
1.60625,0.012879498,-0.021265567
1.606875,0.019257817,0.004226883
1.6075,0.023244266,0.022549581
1.608125,0.024041555,0.028922693
1.60875,0.024041555,0.03131261
1.609375,0.024838845,0.034499166
1.61,0.025636135,0.036889083
1.610625,0.025636135,0.036889083
1.61125,0.036798193,0.093450456
1.611875,0.042379221,0.150808467
1.6125,0.041581931,0.158774857
1.613125,0.039190062,0.144435354
1.61375,0.034406323,0.112569793
1.614375,0.032811743,0.078314314
1.615,0.030419874,0.049635308
1.615625,0.028028005,0.027329415
1.61625,0.026433425,0.016973107
1.616875,0.025636135,0.013786551
1.6175,0.025636135,0.011396634
1.618125,0.024838845,0.009803356
1.61875,0.024041555,0.008210078
1.619375,0.014474078,-0.01887565
1.62,0.001717441,-0.091369803
1.620625,0.00251473,-0.108895862
1.62125,0.00410931,-0.102522749
1.621875,0.00570389,-0.076233661
1.6225,0.009690339,-0.041181543
1.623125,0.014474078,-0.012502537
1.62375,0.020852396,0.011396634
1.624375,0.023244266,0.024939498
1.625,0.024041555,0.029719332
1.625625,0.024041555,0.032905888
1.62625,0.024838845,0.035295805
1.626875,0.024838845,0.036092444
1.6275,0.028028005,0.044855474
1.628125,0.039987352,0.1229261
1.62875,0.042379221,0.15638494
1.629375,0.041581931,0.155588301
1.63,0.039190062,0.135672325
1.630625,0.034406323,0.099026929
1.63125,0.032014454,0.068754645
1.631875,0.028825294,0.040872279
1.6325,0.027230715,0.022549581
1.633125,0.025636135,0.016176468
1.63375,0.025636135,0.012989912
1.634375,0.024041555,0.010599995
1.635,0.024041555,0.008210078
1.635625,0.024041555,0.008210078
1.63625,0.00650118,-0.048351294
1.636875,0.00251473,-0.100929471
1.6375,0.00331202,-0.109692501
1.638125,0.00410931,-0.095352998
1.63875,0.007298469,-0.063487436
1.639375,0.010487629,-0.031621874
1.64,0.017663237,-0.002942869
1.640625,0.022446976,0.018566385
1.64125,0.024041555,0.028126054
1.641875,0.024041555,0.030515971
1.6425,0.024838845,0.033702527
1.643125,0.024838845,0.036092444
1.64375,0.025636135,0.036889083
1.644375,0.032014454,0.065568089
1.645,0.040784642,0.141248798
1.645625,0.042379221,0.159571496
1.64625,0.040784642,0.150808467
1.646875,0.036798193,0.123722739
1.6475,0.033609033,0.087077343
1.648125,0.031217164,0.058398338
1.64875,0.028825294,0.032905888
1.649375,0.027230715,0.019363024
1.65,0.026433425,0.01458319
1.650625,0.025636135,0.011396634
1.65125,0.024838845,0.009803356
1.651875,0.024041555,0.009006717
1.6525,0.019257817,0.000243687
1.653125,0.00251473,-0.074640383
1.65375,0.00251473,-0.106505945
1.654375,0.00331202,-0.106505945
1.655,0.00410931,-0.087386608
1.655625,0.008095759,-0.05233449
1.65625,0.012879498,-0.021265567
1.656875,0.019257817,0.004226883
1.6575,0.024041555,0.022549581
1.658125,0.023244266,0.028922693
1.65875,0.024838845,0.03131261
1.659375,0.024838845,0.033702527
1.66,0.024838845,0.036092444
1.660625,0.025636135,0.036889083
1.66125,0.036798193,0.096637012
1.661875,0.041581931,0.152401745
1.6625,0.041581931,0.159571496
1.663125,0.039190062,0.143638715
1.66375,0.035203613,0.110976515
1.664375,0.032811743,0.076721036
1.665,0.030419874,0.048838669
1.665625,0.028028005,0.025736137
1.66625,0.026433425,0.016176468
1.666875,0.026433425,0.012989912
1.6675,0.025636135,0.010599995
1.668125,0.024838845,0.009006717
1.66875,0.024041555,0.007413439
1.669375,0.012879498,-0.022858845
1.67,0.001717441,-0.092166442
1.670625,0.00251473,-0.109692501
1.67125,0.00331202,-0.10172611
1.671875,0.00570389,-0.075437022
1.6725,0.009690339,-0.040384904
1.673125,0.014474078,-0.012502537
1.67375,0.021649686,0.011396634
1.674375,0.023244266,0.024939498
1.675,0.024041555,0.028922693
1.675625,0.024838845,0.032905888
1.67625,0.024838845,0.034499166
1.676875,0.024838845,0.036889083
1.6775,0.028825294,0.045652113
1.678125,0.039987352,0.125316017
1.67875,0.041581931,0.157978218
1.679375,0.040784642,0.155588301
1.68,0.038392772,0.134875686
1.680625,0.033609033,0.09823029
1.68125,0.031217164,0.067161367
1.681875,0.028028005,0.04007564
1.6825,0.026433425,0.021752942
1.683125,0.025636135,0.015379829
1.68375,0.025636135,0.012193273
1.684375,0.024838845,0.009803356
1.685,0.024838845,0.008210078
1.685625,0.024041555,0.007413439
1.68625,0.00570389,-0.051537851
1.686875,0.00251473,-0.10172611
1.6875,0.00331202,-0.11048914
1.688125,0.00410931,-0.095352998
1.68875,0.007298469,-0.062690797
1.689375,0.011284918,-0.030028596
1.69,0.017663237,-0.002942869
1.690625,0.022446976,0.017769746
1.69125,0.024041555,0.027329415
1.691875,0.024041555,0.030515971
1.6925,0.024838845,0.033702527
1.693125,0.024838845,0.035295805
1.69375,0.025636135,0.036092444
1.694375,0.032811743,0.067958006
1.695,0.040784642,0.143638715
1.695625,0.041581931,0.160368135
1.69625,0.039987352,0.150011828
1.696875,0.036000903,0.1229261
1.6975,0.032811743,0.086280704
1.698125,0.030419874,0.057601699
1.69875,0.028028005,0.032109249
1.699375,0.026433425,0.018566385
1.7,0.025636135,0.01458319
1.700625,0.025636135,0.010599995
1.70125,0.024838845,0.009803356
1.701875,0.024041555,0.007413439
1.7025,0.018460527,-0.002942869
1.703125,0.00251473,-0.077826939
1.70375,0.00251473,-0.107302584
1.704375,0.00331202,-0.106505945
1.705,0.0049066,-0.086589969
1.705625,0.008893049,-0.050741211
1.70625,0.012879498,-0.020468928
1.706875,0.020852396,0.005023522
1.7075,0.023244266,0.022549581
1.708125,0.024838845,0.028922693
1.70875,0.024838845,0.03131261
1.709375,0.025636135,0.035295805
1.71,0.025636135,0.036889083
1.710625,0.026433425,0.037685722
1.71125,0.038392772,0.100620207
1.711875,0.041581931,0.153198384
1.7125,0.041581931,0.159571496
1.713125,0.039987352,0.142842076
1.71375,0.035203613,0.110179876
1.714375,0.032811743,0.075924397
1.715,0.030419874,0.048838669
1.715625,0.028825294,0.026532776
1.71625,0.026433425,0.016176468
1.716875,0.025636135,0.013786551
1.7175,0.025636135,0.010599995
1.718125,0.024838845,0.009006717
1.71875,0.024041555,0.008210078
1.719375,0.012082208,-0.024452123
1.72,0.001717441,-0.09375972
1.720625,0.00251473,-0.109692501
1.72125,0.00331202,-0.100929471
1.721875,0.00570389,-0.073843744
1.7225,0.009690339,-0.038791626
1.723125,0.014474078,-0.01011262
1.72375,0.020852396,0.012989912
1.724375,0.023244266,0.025736137
1.725,0.023244266,0.029719332
1.725625,0.024041555,0.032905888
1.72625,0.024041555,0.036092444
1.726875,0.025636135,0.037685722
1.7275,0.028825294,0.048838669
1.728125,0.039987352,0.127705935
1.72875,0.041581931,0.157978218
1.729375,0.041581931,0.155588301
1.73,0.037595482,0.134079047
1.730625,0.034406323,0.097433651
1.73125,0.031217164,0.066364728
1.731875,0.028825294,0.04007564
1.7325,0.026433425,0.021752942
1.733125,0.024838845,0.01458319
1.73375,0.024838845,0.012193273
1.734375,0.024041555,0.009803356
1.735,0.024041555,0.008210078
1.735625,0.023244266,0.007413439
1.73625,0.0049066,-0.054724407
1.736875,0.001717441,-0.102522749
1.7375,0.00251473,-0.109692501
1.738125,0.00331202,-0.094556359
1.73875,0.00650118,-0.061894158
1.739375,0.009690339,-0.029231957
1.74,0.017663237,-0.00214623
1.740625,0.022446976,0.019363024
1.74125,0.024041555,0.028126054
1.741875,0.024041555,0.030515971
1.7425,0.024041555,0.034499166
1.743125,0.024041555,0.036092444
1.74375,0.025636135,0.036889083
1.744375,0.032811743,0.071941201
1.745,0.041581931,0.145231993
1.745625,0.041581931,0.161164774
1.74625,0.039987352,0.150011828
1.746875,0.036000903,0.122129461
1.7475,0.033609033,0.084687426
1.748125,0.030419874,0.05680506
1.74875,0.028028005,0.03131261
1.749375,0.026433425,0.018566385
1.75,0.025636135,0.013786551
1.750625,0.024041555,0.010599995
1.75125,0.024041555,0.009006717
1.751875,0.023244266,0.007413439
1.7525,0.018460527,-0.004536147
1.753125,0.00251473,-0.080216856
1.75375,0.00251473,-0.107302584
1.754375,0.00331202,-0.105709306
1.755,0.00410931,-0.08499669
1.755625,0.008095759,-0.049147933
1.75625,0.012879498,-0.01887565
1.756875,0.019257817,0.0066168
1.7575,0.023244266,0.02334622
1.758125,0.024041555,0.028922693
1.75875,0.024041555,0.032109249
1.759375,0.024838845,0.033702527
1.76,0.025636135,0.035295805
1.760625,0.025636135,0.036889083
1.76125,0.038392772,0.103010124
1.761875,0.042379221,0.153995023
1.7625,0.041581931,0.159571496
1.763125,0.039190062,0.142842076
1.76375,0.035203613,0.108586597
1.764375,0.032811743,0.075924397
1.765,0.030419874,0.04804203
1.765625,0.027230715,0.025736137
1.76625,0.025636135,0.016176468
1.766875,0.025636135,0.013786551
1.7675,0.024041555,0.010599995
1.768125,0.024041555,0.009006717
1.76875,0.023244266,0.007413439
1.769375,0.010487629,-0.027638679
1.77,0.001717441,-0.096149637
1.770625,0.001717441,-0.111285779
1.77125,0.00331202,-0.100929471
1.771875,0.0049066,-0.073047105
1.7725,0.009690339,-0.038791626
1.773125,0.014474078,-0.01011262
1.77375,0.021649686,0.012989912
1.774375,0.024041555,0.025736137
1.775,0.024041555,0.028922693
1.775625,0.024041555,0.032905888
1.77625,0.024838845,0.034499166
1.776875,0.024838845,0.036092444
1.7775,0.028825294,0.050431947
1.778125,0.040784642,0.130095852
1.77875,0.041581931,0.159571496
1.779375,0.040784642,0.154791662
1.78,0.037595482,0.133282408
1.780625,0.033609033,0.096637012
1.78125,0.031217164,0.065568089
1.781875,0.028825294,0.038482362
1.7825,0.027230715,0.020159663
1.783125,0.026433425,0.01458319
1.78375,0.025636135,0.010599995
1.784375,0.024838845,0.009006717
1.785,0.024838845,0.007413439
1.785625,0.023244266,0.0066168
1.78625,0.0049066,-0.058707602
1.786875,0.001717441,-0.104116027
1.7875,0.00251473,-0.109692501
1.788125,0.00410931,-0.092963081
1.78875,0.00650118,-0.061097519
1.789375,0.011284918,-0.028435318
1.79,0.018460527,-0.001349591
1.790625,0.023244266,0.020159663
1.79125,0.024041555,0.028126054
1.791875,0.024041555,0.030515971
1.7925,0.024838845,0.033702527
1.793125,0.025636135,0.036092444
1.79375,0.024838845,0.036889083
1.794375,0.032811743,0.074331119
1.795,0.040784642,0.146028633
1.795625,0.041581931,0.161164774
1.79625,0.039987352,0.150011828
1.796875,0.036000903,0.119739544
1.7975,0.033609033,0.083890787
1.798125,0.031217164,0.055211781
1.79875,0.028028005,0.030515971
1.799375,0.026433425,0.017769746
1.8,0.026433425,0.013786551
1.800625,0.025636135,0.010599995
1.80125,0.024838845,0.009006717
1.801875,0.024041555,0.007413439
1.8025,0.018460527,-0.006129425
1.803125,0.00251473,-0.081013495
1.80375,0.00331202,-0.108099223
1.804375,0.00410931,-0.104912667
1.805,0.0049066,-0.083403412
1.805625,0.008893049,-0.047554655
1.80625,0.012879498,-0.01887565
1.806875,0.020055106,0.0066168
1.8075,0.023244266,0.02334622
1.808125,0.024838845,0.028922693
1.80875,0.024838845,0.032109249
1.809375,0.024838845,0.034499166
1.81,0.024838845,0.036092444
1.810625,0.026433425,0.037685722
1.81125,0.038392772,0.106993319
1.811875,0.041581931,0.154791662
1.8125,0.040784642,0.159571496
1.813125,0.039987352,0.142842076
1.81375,0.034406323,0.107789958
1.814375,0.032014454,0.074331119
1.815,0.029622584,0.046448752
1.815625,0.028028005,0.024939498
1.81625,0.026433425,0.015379829
1.816875,0.026433425,0.013786551
1.8175,0.025636135,0.010599995
1.818125,0.025636135,0.009006717
1.81875,0.025636135,0.007413439
1.819375,0.011284918,-0.030825235
1.82,0.00251473,-0.096149637
1.820625,0.00331202,-0.109692501
1.82125,0.00410931,-0.100929471
1.821875,0.00650118,-0.070657188
1.8225,0.009690339,-0.037198348
1.823125,0.016068657,-0.008519342
1.82375,0.022446976,0.01458319
1.824375,0.024041555,0.026532776
1.825,0.024041555,0.03131261
1.825625,0.024838845,0.033702527
1.82625,0.025636135,0.036092444
1.826875,0.025636135,0.037685722
1.8275,0.029622584,0.052025225
1.828125,0.040784642,0.133282408
1.82875,0.042379221,0.160368135
1.829375,0.040784642,0.155588301
1.83,0.037595482,0.133282408
1.830625,0.034406323,0.095840373
1.83125,0.031217164,0.065568089
1.831875,0.028825294,0.037685722
1.8325,0.027230715,0.021752942
1.833125,0.026433425,0.015379829
1.83375,0.025636135,0.012193273
1.834375,0.025636135,0.009803356
1.835,0.024838845,0.009006717
1.835625,0.023244266,0.005820161
1.83625,0.0049066,-0.061097519
1.836875,0.00331202,-0.104116027
1.8375,0.00410931,-0.107302584
1.838125,0.0049066,-0.092166442
1.83875,0.008095759,-0.057910963
1.839375,0.011284918,-0.02684204
1.84,0.018460527,0.000243687
1.840625,0.023244266,0.020159663
1.84125,0.024041555,0.028126054
1.841875,0.024838845,0.03131261
1.8425,0.025636135,0.034499166
1.843125,0.025636135,0.036092444
1.84375,0.025636135,0.036889083
1.844375,0.034406323,0.077517675
1.845,0.041581931,0.147621911
1.845625,0.042379221,0.161164774
1.84625,0.040784642,0.149215189
1.846875,0.036000903,0.120536183
1.8475,0.033609033,0.083890787
1.848125,0.030419874,0.054415142
1.84875,0.028028005,0.030515971
1.849375,0.026433425,0.017769746
1.85,0.025636135,0.013786551
1.850625,0.025636135,0.010599995
1.85125,0.024838845,0.009803356
1.851875,0.024838845,0.008210078
1.8525,0.017663237,-0.008519342
1.853125,0.00251473,-0.083403412
1.85375,0.00251473,-0.108099223
1.854375,0.00331202,-0.104116027
1.855,0.0049066,-0.082606773
1.855625,0.008893049,-0.046758016
1.85625,0.013676788,-0.017282372
1.856875,0.020852396,0.007413439
1.8575,0.024041555,0.024142859
1.858125,0.024838845,0.029719332
1.85875,0.024838845,0.032905888
1.859375,0.024838845,0.034499166
1.86,0.025636135,0.036889083
1.860625,0.026433425,0.039279001
1.86125,0.038392772,0.110179876
1.861875,0.042379221,0.157181579
1.8625,0.041581931,0.160368135
1.863125,0.039190062,0.142045437
1.86375,0.034406323,0.106993319
1.864375,0.032014454,0.073534479
1.865,0.029622584,0.046448752
1.865625,0.028028005,0.024939498
1.86625,0.026433425,0.015379829
1.866875,0.025636135,0.012989912
1.8675,0.024838845,0.009803356
1.868125,0.024838845,0.009006717
1.86875,0.024041555,0.007413439
1.869375,0.010487629,-0.033215153
1.87,0.00251473,-0.096946276
1.870625,0.00331202,-0.109692501
1.87125,0.00410931,-0.097742915
1.871875,0.00650118,-0.06906391
1.8725,0.009690339,-0.03560507
1.873125,0.016865947,-0.007722703
1.87375,0.021649686,0.01458319
1.874375,0.024041555,0.027329415
1.875,0.024041555,0.030515971
1.875625,0.024838845,0.033702527
1.87625,0.024838845,0.036092444
1.876875,0.025636135,0.037685722
1.8775,0.030419874,0.054415142
1.878125,0.040784642,0.135672325
1.87875,0.041581931,0.160368135
1.879375,0.041581931,0.154791662
1.88,0.037595482,0.13168913
1.880625,0.034406323,0.093450456
1.88125,0.032014454,0.062381533
1.881875,0.028825294,0.036889083
1.8825,0.027230715,0.020159663
1.883125,0.026433425,0.015379829
1.88375,0.024838845,0.012193273
1.884375,0.024838845,0.009803356
1.885,0.024041555,0.008210078
1.885625,0.022446976,0.005820161
1.88625,0.00331202,-0.065080714
1.886875,0.001717441,-0.104912667
1.8875,0.00251473,-0.108895862
1.888125,0.00410931,-0.090573164
1.88875,0.007298469,-0.057910963
1.889375,0.010487629,-0.026045401
1.89,0.018460527,0.001040326
1.890625,0.022446976,0.020159663
1.89125,0.024041555,0.028126054
1.891875,0.023244266,0.030515971
1.8925,0.024838845,0.034499166
1.893125,0.024838845,0.036092444
1.89375,0.025636135,0.036889083
1.894375,0.035203613,0.080704231
1.895,0.040784642,0.149215189
1.895625,0.040784642,0.161961413
1.89625,0.039190062,0.149215189
1.896875,0.035203613,0.118942905
1.8975,0.032811743,0.083094148
1.898125,0.029622584,0.053618503
1.89875,0.027230715,0.028922693
1.899375,0.025636135,0.016176468
1.9,0.025636135,0.012989912
1.900625,0.024838845,0.009803356
1.90125,0.023244266,0.008210078
1.901875,0.024041555,0.007413439
1.9025,0.016068657,-0.011705898
1.903125,0.001717441,-0.086589969
1.90375,0.00251473,-0.108099223
1.904375,0.00331202,-0.104116027
1.905,0.0049066,-0.081013495
1.905625,0.008893049,-0.045164738
1.90625,0.013676788,-0.016485733
1.906875,0.020852396,0.009006717
1.9075,0.023244266,0.024142859
1.908125,0.024041555,0.029719332
1.90875,0.025636135,0.032905888
1.909375,0.025636135,0.035295805
1.91,0.025636135,0.037685722
1.910625,0.027230715,0.04007564
1.91125,0.039190062,0.113366432
1.911875,0.041581931,0.157978218
1.9125,0.042379221,0.159571496
1.913125,0.039987352,0.142045437
1.91375,0.035203613,0.10619668
1.914375,0.032014454,0.07273784
1.915,0.029622584,0.044855474
1.915625,0.027230715,0.024939498
1.91625,0.025636135,0.016176468
1.916875,0.024838845,0.013786551
1.9175,0.024838845,0.010599995
1.918125,0.024041555,0.009006717
1.91875,0.024041555,0.009006717
1.919375,0.009690339,-0.03560507
1.92,0.00251473,-0.097742915
1.920625,0.00251473,-0.109692501
1.92125,0.00410931,-0.097742915
1.921875,0.00650118,-0.067470631
1.9225,0.009690339,-0.034011792
1.923125,0.016068657,-0.006926064
1.92375,0.022446976,0.015379829
1.924375,0.023244266,0.027329415
1.925,0.024041555,0.03131261
1.925625,0.024838845,0.033702527
1.92625,0.025636135,0.036092444
1.926875,0.024838845,0.037685722
1.9275,0.030419874,0.057601699
1.928125,0.040784642,0.136468964
1.92875,0.042379221,0.161164774
1.929375,0.040784642,0.155588301
1.93,0.037595482,0.13168913
1.930625,0.033609033,0.093450456
1.93125,0.031217164,0.063178172
1.931875,0.028825294,0.036889083
1.9325,0.027230715,0.020159663
1.933125,0.025636135,0.01458319
1.93375,0.025636135,0.012193273
1.934375,0.025636135,0.010599995
1.935,0.024838845,0.008210078
1.935625,0.022446976,0.004226883
1.93625,0.00410931,-0.066673992
1.936875,0.00251473,-0.104912667
1.9375,0.00331202,-0.106505945
1.938125,0.00410931,-0.088979886
1.93875,0.008095759,-0.054724407
1.939375,0.012082208,-0.024452123
1.94,0.019257817,0.001836965
1.940625,0.024041555,0.020956303
1.94125,0.024041555,0.028922693
1.941875,0.024041555,0.032905888
1.9425,0.024838845,0.035295805
1.943125,0.025636135,0.037685722
1.94375,0.026433425,0.037685722
1.944375,0.036000903,0.084687426
1.945,0.041581931,0.150808467
1.945625,0.041581931,0.162758052
1.94625,0.040784642,0.149215189
1.946875,0.036000903,0.118942905
1.9475,0.032811743,0.082297509
1.948125,0.030419874,0.053618503
1.94875,0.027230715,0.029719332
1.949375,0.025636135,0.017769746
1.95,0.025636135,0.013786551
1.950625,0.025636135,0.011396634
1.95125,0.025636135,0.009803356
1.951875,0.024041555,0.007413439
1.9525,0.015271367,-0.013299176
1.953125,0.00251473,-0.087386608
1.95375,0.00331202,-0.108895862
1.954375,0.00410931,-0.102522749
1.955,0.00570389,-0.079420217
1.955625,0.008893049,-0.04357146
1.95625,0.014474078,-0.014892454
1.956875,0.020852396,0.009803356
1.9575,0.024041555,0.025736137
1.958125,0.024838845,0.030515971
1.95875,0.024838845,0.032905888
1.959375,0.025636135,0.035295805
1.96,0.026433425,0.037685722
1.960625,0.027230715,0.041668918
1.96125,0.040784642,0.116552988
1.961875,0.042379221,0.157181579
1.9625,0.041581931,0.158774857
1.963125,0.039190062,0.140452159
1.96375,0.035203613,0.103806763
1.964375,0.032811743,0.071144562
1.965,0.030419874,0.044855474
1.965625,0.027230715,0.024142859
1.96625,0.025636135,0.015379829
1.966875,0.026433425,0.012989912
1.9675,0.024838845,0.009803356
1.968125,0.024041555,0.008210078
1.96875,0.023244266,0.007413439
1.969375,0.008095759,-0.039588265
1.97,0.001717441,-0.100132832
1.970625,0.00251473,-0.109692501
1.97125,0.00331202,-0.096946276
1.971875,0.00650118,-0.066673992
1.9725,0.009690339,-0.033215153
1.973125,0.016068657,-0.006129425
1.97375,0.021649686,0.016176468
1.974375,0.024041555,0.028126054
1.975,0.024041555,0.03131261
1.975625,0.024838845,0.033702527
1.97625,0.024838845,0.036092444
1.976875,0.025636135,0.037685722
1.9775,0.031217164,0.058398338
1.978125,0.041581931,0.13965552
1.97875,0.042379221,0.161961413
1.979375,0.040784642,0.154791662
1.98,0.037595482,0.130095852
1.980625,0.032811743,0.091857178
1.98125,0.031217164,0.062381533
1.981875,0.028028005,0.036092444
1.9825,0.026433425,0.020159663
1.983125,0.025636135,0.01458319
1.98375,0.024838845,0.011396634
1.984375,0.024041555,0.009803356
1.985,0.024041555,0.007413439
1.985625,0.021649686,0.002633605
1.98625,0.00331202,-0.06906391
1.986875,0.00251473,-0.105709306
1.9875,0.00331202,-0.105709306
1.988125,0.00410931,-0.087386608
1.98875,0.008095759,-0.053927768
1.989375,0.011284918,-0.022858845
1.99,0.018460527,0.003430244
1.990625,0.023244266,0.022549581
1.99125,0.024838845,0.029719332
1.991875,0.024041555,0.032109249
1.9925,0.024838845,0.034499166
1.993125,0.025636135,0.036889083
1.99375,0.025636135,0.037685722
1.994375,0.035203613,0.088670621
1.995,0.041581931,0.152401745
1.995625,0.041581931,0.161961413
1.99625,0.039987352,0.14841855
1.996875,0.036000903,0.117349627
1.9975,0.032811743,0.080704231
1.998125,0.030419874,0.053618503
1.99875,0.028028005,0.028922693
1.999375,0.026433425,0.017769746
2,0.025636135,0.013786551
2.000625,0.025636135,0.010599995
2.00125,0.025636135,0.009006717
2.001875,0.024041555,0.007413439
2.0025,0.015271367,-0.015689094
2.003125,0.00251473,-0.088979886
2.00375,0.00251473,-0.108099223
2.004375,0.00331202,-0.100929471
2.005,0.00570389,-0.0770303
2.005625,0.009690339,-0.041978182
2.00625,0.014474078,-0.013299176
2.006875,0.020852396,0.010599995
2.0075,0.023244266,0.024939498
2.008125,0.024041555,0.030515971
2.00875,0.024041555,0.032905888
2.009375,0.024838845,0.035295805
2.01,0.024838845,0.037685722
2.010625,0.027230715,0.042465557
2.01125,0.040784642,0.119739544
2.011875,0.042379221,0.159571496
2.0125,0.042379221,0.159571496
2.013125,0.039190062,0.140452159
2.01375,0.035203613,0.103806763
2.014375,0.032014454,0.071144562
2.015,0.029622584,0.044058835
2.015625,0.027230715,0.02334622
2.01625,0.025636135,0.016176468
2.016875,0.025636135,0.012193273
2.0175,0.024838845,0.009803356
2.018125,0.024041555,0.007413439
2.01875,0.023244266,0.0066168
2.019375,0.008095759,-0.04357146
2.02,0.001717441,-0.100132832
2.020625,0.00251473,-0.109692501
2.02125,0.00410931,-0.095352998
2.021875,0.00650118,-0.065877353
2.0225,0.010487629,-0.031621874
2.023125,0.016865947,-0.004536147
2.02375,0.022446976,0.016973107
2.024375,0.024041555,0.027329415
2.025,0.024838845,0.03131261
2.025625,0.025636135,0.033702527
2.02625,0.024838845,0.036092444
2.026875,0.024838845,0.037685722
2.0275,0.031217164,0.061584894
2.028125,0.041581931,0.141248798
2.02875,0.042379221,0.161164774
2.029375,0.040784642,0.154791662
2.03,0.037595482,0.129299213
2.030625,0.034406323,0.091060538
2.03125,0.030419874,0.061584894
2.031875,0.028028005,0.035295805
2.0325,0.026433425,0.019363024
2.033125,0.024838845,0.01458319
2.03375,0.024041555,0.011396634
2.034375,0.024041555,0.009803356
2.035,0.023244266,0.007413439
2.035625,0.020852396,0.002633605
2.03625,0.00251473,-0.070657188
2.036875,0.00251473,-0.105709306
2.0375,0.00251473,-0.104912667
2.038125,0.00410931,-0.086589969
2.03875,0.008095759,-0.05233449
2.039375,0.011284918,-0.022062206
2.04,0.018460527,0.004226883
2.040625,0.022446976,0.022549581
2.04125,0.023244266,0.029719332
2.041875,0.024838845,0.032905888
2.0425,0.024838845,0.035295805
2.043125,0.025636135,0.037685722
2.04375,0.025636135,0.037685722
2.044375,0.036000903,0.091857178
2.045,0.040784642,0.153198384
2.045625,0.041581931,0.161961413
2.04625,0.039190062,0.147621911
2.046875,0.035203613,0.115756349
2.0475,0.032811743,0.079907592
2.048125,0.029622584,0.052025225
2.04875,0.028028005,0.028126054
2.049375,0.026433425,0.016973107
2.05,0.025636135,0.013786551
2.050625,0.024838845,0.010599995
2.05125,0.024838845,0.009803356
2.051875,0.023244266,0.008210078
2.0525,0.013676788,-0.016485733
2.053125,0.001717441,-0.090573164
2.05375,0.00251473,-0.108895862
2.054375,0.00251473,-0.100929471
2.055,0.0049066,-0.075437022
2.055625,0.008095759,-0.041181543
2.05625,0.013676788,-0.012502537
2.056875,0.020852396,0.011396634
2.0575,0.023244266,0.025736137
2.058125,0.024041555,0.030515971
2.05875,0.025636135,0.033702527
2.059375,0.024838845,0.036092444
2.06,0.025636135,0.037685722
2.060625,0.027230715,0.044855474
2.06125,0.039987352,0.1229261
2.061875,0.042379221,0.160368135
2.0625,0.040784642,0.158774857
2.063125,0.038392772,0.138858881
2.06375,0.034406323,0.102213485
2.064375,0.032014454,0.069551284
2.065,0.028825294,0.042465557
2.065625,0.026433425,0.022549581
2.06625,0.024838845,0.015379829
2.066875,0.025636135,0.012989912
2.0675,0.024838845,0.010599995
2.068125,0.024041555,0.009006717
2.06875,0.024041555,0.007413439
2.069375,0.008095759,-0.045164738
2.07,0.00251473,-0.100132832
2.070625,0.00331202,-0.107302584
2.07125,0.00410931,-0.09375972
2.071875,0.007298469,-0.062690797
2.0725,0.010487629,-0.030825235
2.073125,0.016865947,-0.002942869
2.07375,0.022446976,0.017769746
2.074375,0.024041555,0.028922693
2.075,0.024041555,0.03131261
2.075625,0.024838845,0.035295805
2.07625,0.024838845,0.036889083
2.076875,0.024838845,0.037685722
2.0775,0.031217164,0.063974811
2.078125,0.040784642,0.143638715
2.07875,0.042379221,0.162758052
2.079375,0.040784642,0.153198384
2.08,0.036798193,0.127705935
2.080625,0.033609033,0.08946726
2.08125,0.030419874,0.060788255
2.081875,0.028825294,0.034499166
2.0825,0.026433425,0.019363024
2.083125,0.025636135,0.015379829
2.08375,0.025636135,0.011396634
2.084375,0.024838845,0.009803356
2.085,0.024041555,0.008210078
2.085625,0.020055106,0.001040326
2.08625,0.00331202,-0.073047105
2.086875,0.00251473,-0.104912667
2.0875,0.00331202,-0.104116027
2.088125,0.00410931,-0.08499669
2.08875,0.008893049,-0.050741211
2.089375,0.012879498,-0.021265567
2.09,0.019257817,0.004226883
2.090625,0.023244266,0.022549581
2.09125,0.024041555,0.029719332
2.091875,0.024838845,0.032905888
2.0925,0.024838845,0.035295805
2.093125,0.026433425,0.036889083
2.09375,0.025636135,0.036889083
2.094375,0.036798193,0.095043734
2.095,0.041581931,0.153995023
2.095625,0.041581931,0.162758052
2.09625,0.039987352,0.146825272
2.096875,0.035203613,0.114163071
2.0975,0.033609033,0.079110953
2.098125,0.030419874,0.050431947
2.09875,0.028028005,0.027329415
2.099375,0.027230715,0.016176468
2.1,0.026433425,0.013786551
2.100625,0.025636135,0.009803356
2.10125,0.024041555,0.009006717
2.101875,0.024041555,0.007413439
2.1025,0.013676788,-0.019672289
2.103125,0.001717441,-0.091369803
2.10375,0.00331202,-0.108895862
2.104375,0.00331202,-0.099336193
2.105,0.00570389,-0.074640383
2.105625,0.009690339,-0.039588265
2.10625,0.015271367,-0.011705898
2.106875,0.021649686,0.012193273
2.1075,0.024041555,0.026532776
2.108125,0.024041555,0.030515971
2.10875,0.024838845,0.033702527
2.109375,0.024041555,0.035295805
2.11,0.025636135,0.037685722
2.110625,0.028028005,0.045652113
2.11125,0.039987352,0.124519378
2.111875,0.042379221,0.160368135
2.1125,0.041581931,0.157978218
2.113125,0.038392772,0.138062242
2.11375,0.034406323,0.100620207
2.114375,0.032014454,0.068754645
2.115,0.029622584,0.041668918
2.115625,0.027230715,0.021752942
2.11625,0.025636135,0.015379829
2.116875,0.024838845,0.012193273
2.1175,0.024041555,0.009803356
2.118125,0.024041555,0.008210078
2.11875,0.024041555,0.007413439
2.119375,0.00650118,-0.048351294
2.12,0.00251473,-0.100929471
2.120625,0.00251473,-0.108099223
2.12125,0.00410931,-0.092963081
2.121875,0.007298469,-0.063487436
2.1225,0.012082208,-0.029231957
2.123125,0.017663237,-0.002942869
2.12375,0.023244266,0.018566385
2.124375,0.024838845,0.028126054
2.125,0.025636135,0.032109249
2.125625,0.024838845,0.035295805
2.12625,0.025636135,0.036889083
2.126875,0.025636135,0.037685722
2.1275,0.032811743,0.066364728
2.128125,0.041581931,0.144435354
2.12875,0.043176511,0.161961413
2.129375,0.041581931,0.152401745
2.13,0.037595482,0.126112656
2.130625,0.034406323,0.08946726
2.13125,0.031217164,0.059991616
2.131875,0.029622584,0.033702527
2.1325,0.026433425,0.019363024
2.133125,0.026433425,0.01458319
2.13375,0.025636135,0.011396634
2.134375,0.024838845,0.009803356
2.135,0.024041555,0.008210078
2.135625,0.020055106,-0.000552952
2.13625,0.00251473,-0.075437022
2.136875,0.00251473,-0.106505945
2.1375,0.00331202,-0.103319388
2.138125,0.00410931,-0.083403412
2.13875,0.008893049,-0.049944572
2.139375,0.012879498,-0.019672289
2.14,0.020055106,0.005820161
2.140625,0.023244266,0.024142859
2.14125,0.024041555,0.029719332
2.141875,0.024838845,0.032905888
2.1425,0.024838845,0.036092444
2.143125,0.024838845,0.037685722
2.14375,0.025636135,0.037685722
2.144375,0.036798193,0.097433651
2.145,0.042379221,0.154791662
2.145625,0.041581931,0.161164774
2.14625,0.039987352,0.146028633
2.146875,0.036000903,0.113366432
2.1475,0.032811743,0.078314314
2.148125,0.029622584,0.049635308
2.14875,0.027230715,0.027329415
2.149375,0.026433425,0.016973107
2.15,0.025636135,0.013786551
2.150625,0.024838845,0.010599995
2.15125,0.024041555,0.009006717
2.151875,0.023244266,0.007413439
2.1525,0.012879498,-0.022062206
2.153125,0.001717441,-0.091369803
2.15375,0.00251473,-0.107302584
2.154375,0.00331202,-0.099336193
2.155,0.00570389,-0.073047105
2.155625,0.008893049,-0.038791626
2.15625,0.014474078,-0.01011262
2.156875,0.021649686,0.013786551
2.1575,0.023244266,0.026532776
2.158125,0.024041555,0.030515971
2.15875,0.024041555,0.033702527
2.159375,0.024041555,0.035295805
2.16,0.024041555,0.036889083
2.160625,0.028028005,0.047245391
2.16125,0.039987352,0.126909295
2.161875,0.041581931,0.160368135
2.1625,0.040784642,0.157978218
2.163125,0.038392772,0.136468964
2.16375,0.033609033,0.099026929
2.164375,0.031217164,0.067958006
2.165,0.028825294,0.040872279
2.165625,0.027230715,0.022549581
2.16625,0.026433425,0.015379829
2.166875,0.025636135,0.012989912
2.1675,0.024838845,0.010599995
2.168125,0.024041555,0.009006717
2.16875,0.023244266,0.007413439
2.169375,0.00570389,-0.051537851
2.17,0.00251473,-0.100929471
2.170625,0.00251473,-0.106505945
2.17125,0.00331202,-0.091369803
2.171875,0.00650118,-0.06030088
2.1725,0.010487629,-0.028435318
2.173125,0.017663237,-0.001349591
2.17375,0.022446976,0.019363024
2.174375,0.024041555,0.028922693
2.175,0.024041555,0.03131261
2.175625,0.024838845,0.034499166
2.17625,0.024838845,0.036889083
2.176875,0.024838845,0.037685722
2.1775,0.032014454,0.068754645
2.178125,0.040784642,0.146028633
2.17875,0.040784642,0.162758052
2.179375,0.039190062,0.152401745
2.18,0.036000903,0.125316017
2.180625,0.032014454,0.087077343
2.18125,0.030419874,0.058398338
2.181875,0.028028005,0.032905888
2.1825,0.026433425,0.019363024
2.183125,0.025636135,0.01458319
2.18375,0.024041555,0.011396634
2.184375,0.024041555,0.009803356
2.185,0.023244266,0.008210078
2.185625,0.018460527,-0.00214623
2.18625,0.001717441,-0.0770303
2.186875,0.001717441,-0.105709306
2.1875,0.001717441,-0.103319388
2.188125,0.00331202,-0.083403412
2.18875,0.008095759,-0.048351294
2.189375,0.012082208,-0.019672289
2.19,0.019257817,0.005820161
2.190625,0.022446976,0.022549581
2.19125,0.024041555,0.030515971
2.191875,0.024041555,0.032905888
2.1925,0.024041555,0.035295805
2.193125,0.024838845,0.037685722
2.19375,0.025636135,0.037685722
2.194375,0.036798193,0.099823568
2.195,0.041581931,0.154791662
2.195625,0.040784642,0.161164774
2.19625,0.039190062,0.144435354
2.196875,0.034406323,0.110976515
2.1975,0.033609033,0.077517675
2.198125,0.030419874,0.048838669
2.19875,0.027230715,0.026532776
2.199375,0.026433425,0.016176468
2.2,0.026433425,0.013786551
2.200625,0.025636135,0.011396634
2.20125,0.024041555,0.009006717
2.201875,0.023244266,0.009006717
2.2025,0.012082208,-0.023655484
2.203125,0.001717441,-0.09375972
2.20375,0.00251473,-0.108099223
2.204375,0.00331202,-0.097742915
2.205,0.00570389,-0.071453827
2.205625,0.009690339,-0.037994987
2.20625,0.014474078,-0.01011262
2.206875,0.021649686,0.013786551
2.2075,0.023244266,0.026532776
2.208125,0.024041555,0.030515971
2.20875,0.024041555,0.033702527
2.209375,0.024838845,0.035295805
2.21,0.024838845,0.036889083
2.210625,0.028028005,0.047245391
2.21125,0.039987352,0.128502574
2.211875,0.040784642,0.159571496
2.2125,0.039987352,0.15638494
2.213125,0.037595482,0.134875686
2.21375,0.032811743,0.097433651
2.214375,0.031217164,0.067161367
2.215,0.028825294,0.04007564
2.215625,0.026433425,0.021752942
2.21625,0.025636135,0.01458319
2.216875,0.024838845,0.012193273
2.2175,0.024041555,0.009803356
2.218125,0.024041555,0.007413439
2.21875,0.023244266,0.0066168
2.219375,0.0049066,-0.054724407
2.22,0.001717441,-0.10172611
2.220625,0.001717441,-0.106505945
2.22125,0.00331202,-0.091369803
2.221875,0.00650118,-0.059504241
2.2225,0.010487629,-0.027638679
2.223125,0.017663237,-0.001349591
2.22375,0.022446976,0.019363024
2.224375,0.023244266,0.028126054
2.225,0.024041555,0.03131261
2.225625,0.024041555,0.034499166
2.22625,0.024838845,0.036889083
2.226875,0.024838845,0.037685722
2.2275,0.032014454,0.071941201
2.228125,0.040784642,0.146825272
2.22875,0.040784642,0.161961413
2.229375,0.039190062,0.151605106
2.23,0.036000903,0.123722739
2.230625,0.032811743,0.085484065
2.23125,0.029622584,0.057601699
2.231875,0.027230715,0.032109249
2.2325,0.025636135,0.018566385
2.233125,0.025636135,0.013786551
2.23375,0.024838845,0.011396634
2.234375,0.024041555,0.009803356
2.235,0.024041555,0.008210078
2.235625,0.018460527,-0.003739508
2.23625,0.001717441,-0.078623578
2.236875,0.001717441,-0.105709306
2.2375,0.00251473,-0.10172611
2.238125,0.00410931,-0.081810134
2.23875,0.008095759,-0.047554655
2.239375,0.012879498,-0.018079011
2.24,0.019257817,0.0066168
2.240625,0.023244266,0.02334622
2.24125,0.023244266,0.029719332
2.241875,0.024041555,0.032109249
2.2425,0.024838845,0.035295805
2.243125,0.024838845,0.036889083
2.24375,0.024838845,0.036889083
2.244375,0.038392772,0.102213485
2.245,0.040784642,0.154791662
2.245625,0.041581931,0.160368135
2.24625,0.039190062,0.143638715
2.246875,0.034406323,0.110179876
2.2475,0.032014454,0.075924397
2.248125,0.028825294,0.048838669
2.24875,0.026433425,0.026532776
2.249375,0.025636135,0.016176468
2.25,0.025636135,0.012989912
2.250625,0.024041555,0.010599995
2.25125,0.024041555,0.009006717
2.251875,0.023244266,0.007413439
2.2525,0.011284918,-0.027638679
2.253125,0.001717441,-0.09375972
2.25375,0.001717441,-0.107302584
2.254375,0.00251473,-0.096946276
2.255,0.00570389,-0.069860549
2.255625,0.009690339,-0.036401709
2.25625,0.015271367,-0.008519342
2.256875,0.021649686,0.015379829
2.2575,0.024041555,0.028126054
2.258125,0.024041555,0.030515971
2.25875,0.024041555,0.034499166
2.259375,0.025636135,0.035295805
2.26,0.025636135,0.037685722
2.260625,0.028825294,0.050431947
2.26125,0.039987352,0.130892491
2.261875,0.042379221,0.161164774
2.2625,0.040784642,0.157181579
2.263125,0.037595482,0.134875686
2.26375,0.033609033,0.097433651
2.264375,0.031217164,0.067161367
2.265,0.028825294,0.04007564
2.265625,0.026433425,0.021752942
2.26625,0.025636135,0.016176468
2.266875,0.024838845,0.012193273
2.2675,0.024041555,0.010599995
2.268125,0.023244266,0.009006717
2.26875,0.022446976,0.007413439
2.269375,0.00410931,-0.057114324
2.27,0.001717441,-0.10172611
2.270625,0.00251473,-0.104912667
2.27125,0.00331202,-0.088979886
2.271875,0.00650118,-0.057114324
2.2725,0.011284918,-0.026045401
2.273125,0.017663237,0.000243687
2.27375,0.022446976,0.020159663
2.274375,0.024041555,0.028922693
2.275,0.024041555,0.032109249
2.275625,0.024838845,0.036092444
2.27625,0.024041555,0.036889083
2.276875,0.024838845,0.037685722
2.2775,0.032811743,0.075127758
2.278125,0.040784642,0.14841855
2.27875,0.041581931,0.162758052
2.279375,0.039987352,0.151605106
2.28,0.036000903,0.1229261
2.280625,0.032811743,0.086280704
2.28125,0.029622584,0.05680506
2.281875,0.027230715,0.032109249
2.2825,0.026433425,0.018566385
2.283125,0.026433425,0.01458319
2.28375,0.025636135,0.011396634
2.284375,0.024041555,0.009803356
2.285,0.023244266,0.008210078
2.285625,0.017663237,-0.005332786
2.28625,0.001717441,-0.081013495
2.286875,0.00251473,-0.106505945
2.2875,0.00251473,-0.100929471
2.288125,0.0049066,-0.080216856
2.28875,0.008095759,-0.045164738
2.289375,0.013676788,-0.016485733
2.29,0.020852396,0.008210078
2.290625,0.023244266,0.024939498
2.29125,0.024041555,0.030515971
2.291875,0.024041555,0.033702527
2.2925,0.024838845,0.036092444
2.293125,0.024838845,0.037685722
2.29375,0.025636135,0.039279001
2.294375,0.038392772,0.108586597
2.295,0.040784642,0.157181579
2.295625,0.041581931,0.160368135
2.29625,0.039190062,0.143638715
2.296875,0.034406323,0.109383236
2.2975,0.032014454,0.075127758
2.298125,0.029622584,0.04804203
2.29875,0.027230715,0.025736137
2.299375,0.025636135,0.016973107
2.3,0.025636135,0.013786551
2.300625,0.024041555,0.010599995
2.30125,0.024041555,0.009006717
2.301875,0.023244266,0.008210078
2.3025,0.010487629,-0.029231957
2.303125,0.001717441,-0.094556359
2.30375,0.001717441,-0.107302584
2.304375,0.00251473,-0.096149637
2.305,0.0049066,-0.06906391
2.305625,0.008893049,-0.03560507
2.30625,0.014474078,-0.007722703
2.306875,0.020852396,0.015379829
2.3075,0.023244266,0.027329415
2.308125,0.023244266,0.03131261
2.30875,0.023244266,0.034499166
2.309375,0.024041555,0.036889083
2.31,0.024041555,0.038482362
2.310625,0.028825294,0.052821864
2.31125,0.039987352,0.134079047
2.311875,0.041581931,0.161961413
2.3125,0.039987352,0.15638494
2.313125,0.036798193,0.134079047
2.31375,0.032811743,0.095840373
2.314375,0.030419874,0.065568089
2.315,0.028028005,0.039279001
2.315625,0.026433425,0.021752942
2.31625,0.026433425,0.015379829
2.316875,0.024838845,0.012193273
2.3175,0.024041555,0.009803356
2.318125,0.023244266,0.008210078
2.31875,0.022446976,0.0066168
2.319375,0.00410931,-0.059504241
2.32,0.001717441,-0.10172611
2.320625,0.00251473,-0.104912667
2.32125,0.00331202,-0.088183247
2.321875,0.007298469,-0.056317685
2.3225,0.010487629,-0.024452123
2.323125,0.017663237,0.001040326
2.32375,0.022446976,0.020956303
2.324375,0.023244266,0.028922693
2.325,0.023244266,0.03131261
2.325625,0.024838845,0.034499166
2.32625,0.024838845,0.036092444
2.326875,0.024838845,0.037685722
2.3275,0.032811743,0.076721036
2.328125,0.040784642,0.14841855
2.32875,0.041581931,0.161961413
2.329375,0.039190062,0.150011828
2.33,0.035203613,0.121332822
2.330625,0.032811743,0.083890787
2.33125,0.029622584,0.055211781
2.331875,0.027230715,0.030515971
2.3325,0.025636135,0.017769746
2.333125,0.025636135,0.01458319
2.33375,0.024838845,0.011396634
2.334375,0.024041555,0.009006717
2.335,0.024041555,0.007413439
2.335625,0.017663237,-0.007722703
2.33625,0.001717441,-0.082606773
2.336875,0.00251473,-0.105709306
2.3375,0.00251473,-0.100929471
2.338125,0.00410931,-0.079420217
2.33875,0.008095759,-0.045164738
2.339375,0.012879498,-0.015689094
2.34,0.020055106,0.009006717
2.340625,0.022446976,0.024939498
2.34125,0.023244266,0.030515971
2.341875,0.024041555,0.033702527
2.3425,0.024838845,0.035295805
2.343125,0.024838845,0.038482362
2.34375,0.025636135,0.039279001
2.344375,0.038392772,0.110179876
2.345,0.041581931,0.157181579
2.345625,0.041581931,0.160368135
2.34625,0.039190062,0.142842076
2.346875,0.034406323,0.107789958
2.3475,0.032014454,0.074331119
2.348125,0.028825294,0.047245391
2.34875,0.026433425,0.024939498
2.349375,0.025636135,0.016176468
2.35,0.024838845,0.013786551
2.350625,0.024041555,0.011396634
2.35125,0.023244266,0.009006717
2.351875,0.023244266,0.008210078
2.3525,0.008893049,-0.031621874
2.353125,0.000920151,-0.095352998
2.35375,0.001717441,-0.106505945
2.354375,0.001717441,-0.094556359
2.355,0.0049066,-0.066673992
2.355625,0.008893049,-0.033215153
2.35625,0.015271367,-0.006129425
2.356875,0.020852396,0.016176468
2.3575,0.023244266,0.028126054
2.358125,0.023244266,0.03131261
2.35875,0.024041555,0.035295805
2.359375,0.024041555,0.036889083
2.36,0.024838845,0.037685722
2.360625,0.028825294,0.054415142
2.36125,0.039987352,0.134875686
2.361875,0.040784642,0.161164774
2.3625,0.039987352,0.155588301
2.363125,0.037595482,0.133282408
2.36375,0.032811743,0.094247095
2.364375,0.030419874,0.06477145
2.365,0.028028005,0.038482362
2.365625,0.025636135,0.020956303
2.36625,0.025636135,0.016176468
2.366875,0.024041555,0.012193273
2.3675,0.024041555,0.010599995
2.368125,0.023244266,0.009006717
2.36875,0.022446976,0.0066168
2.369375,0.00410931,-0.061894158
2.37,0.001717441,-0.102522749
2.370625,0.00251473,-0.104116027
2.37125,0.00331202,-0.086589969
2.371875,0.007298469,-0.054724407
2.3725,0.011284918,-0.024452123
2.373125,0.017663237,0.001836965
2.37375,0.022446976,0.021752942
2.374375,0.023244266,0.029719332
2.375,0.024041555,0.032109249
2.375625,0.024041555,0.035295805
2.37625,0.024838845,0.037685722
2.376875,0.024838845,0.038482362
2.3775,0.034406323,0.079907592
2.378125,0.040784642,0.150011828
2.37875,0.041581931,0.162758052
2.379375,0.039987352,0.150011828
2.38,0.036000903,0.120536183
2.380625,0.032811743,0.083890787
2.38125,0.029622584,0.055211781
2.381875,0.028028005,0.030515971
2.3825,0.026433425,0.017769746
2.383125,0.025636135,0.01458319
2.38375,0.024838845,0.010599995
2.384375,0.024041555,0.009006717
2.385,0.024041555,0.008210078
2.385625,0.016865947,-0.009315981
2.38625,0.001717441,-0.084200051
2.386875,0.00251473,-0.105709306
2.3875,0.00251473,-0.100132832
2.388125,0.00410931,-0.077826939
2.38875,0.008893049,-0.04357146
2.389375,0.012879498,-0.014892454
2.39,0.020852396,0.009803356
2.390625,0.022446976,0.025736137
2.39125,0.023244266,0.03131261
2.391875,0.023244266,0.033702527
2.3925,0.024041555,0.036092444
2.393125,0.024838845,0.038482362
2.39375,0.025636135,0.040872279
2.394375,0.039190062,0.112569793
2.395,0.040784642,0.157181579
2.395625,0.040784642,0.160368135
2.39625,0.038392772,0.142842076
2.396875,0.034406323,0.106993319
2.3975,0.032014454,0.073534479
2.398125,0.028825294,0.045652113
2.39875,0.026433425,0.024939498
2.399375,0.025636135,0.016176468
2.4,0.025636135,0.01458319
2.400625,0.024041555,0.011396634
2.40125,0.024041555,0.009803356
2.401875,0.024041555,0.009006717
2.4025,0.009690339,-0.033215153
2.403125,0.001717441,-0.095352998
2.40375,0.001717441,-0.106505945
2.404375,0.00251473,-0.09375972
2.405,0.00570389,-0.065080714
2.405625,0.009690339,-0.033215153
2.40625,0.015271367,-0.006129425
2.406875,0.021649686,0.016176468
2.4075,0.023244266,0.027329415
2.408125,0.022446976,0.030515971
2.40875,0.023244266,0.033702527
2.409375,0.024041555,0.036889083
2.41,0.024838845,0.037685722
2.410625,0.030419874,0.05680506
2.41125,0.040784642,0.137265603
2.411875,0.040784642,0.161961413
2.4125,0.039987352,0.155588301
2.413125,0.036798193,0.130892491
2.41375,0.033609033,0.093450456
2.414375,0.030419874,0.063974811
2.415,0.028028005,0.037685722
2.415625,0.026433425,0.020956303
2.41625,0.025636135,0.015379829
2.416875,0.024838845,0.012193273
2.4175,0.024041555,0.010599995
2.418125,0.024041555,0.008210078
2.41875,0.021649686,0.005820161
2.419375,0.00331202,-0.065080714
2.42,0.000920151,-0.103319388
2.420625,0.001717441,-0.104116027
2.42125,0.00251473,-0.086589969
2.421875,0.00650118,-0.053927768
2.4225,0.011284918,-0.023655484
2.423125,0.017663237,0.002633605
2.42375,0.022446976,0.021752942
2.424375,0.023244266,0.029719332
2.425,0.023244266,0.032905888
2.425625,0.024041555,0.036092444
2.42625,0.024041555,0.037685722
2.426875,0.024041555,0.038482362
2.4275,0.033609033,0.083890787
2.428125,0.040784642,0.150808467
2.42875,0.040784642,0.161961413
2.429375,0.039190062,0.150011828
2.43,0.035203613,0.118942905
2.430625,0.032811743,0.083094148
2.43125,0.029622584,0.054415142
2.431875,0.026433425,0.030515971
2.4325,0.025636135,0.018566385
2.433125,0.024838845,0.01458319
2.43375,0.024041555,0.011396634
2.434375,0.023244266,0.009803356
2.435,0.024041555,0.008210078
2.435625,0.015271367,-0.011705898
2.43625,0.001717441,-0.085793329
2.436875,0.001717441,-0.105709306
2.4375,0.001717441,-0.099336193
2.438125,0.00410931,-0.076233661
2.43875,0.008095759,-0.041181543
2.439375,0.014474078,-0.013299176
2.44,0.020852396,0.011396634
2.440625,0.023244266,0.026532776
2.44125,0.024041555,0.03131261
2.441875,0.024041555,0.033702527
2.4425,0.024041555,0.036889083
2.443125,0.024838845,0.037685722
2.44375,0.026433425,0.041668918
2.444375,0.039190062,0.116552988
2.445,0.040784642,0.158774857
2.445625,0.039987352,0.159571496
2.44625,0.038392772,0.142045437
2.446875,0.033609033,0.10619668
2.4475,0.032014454,0.073534479
2.448125,0.029622584,0.045652113
2.44875,0.027230715,0.024142859
2.449375,0.025636135,0.016176468
2.45,0.025636135,0.013786551
2.450625,0.024041555,0.010599995
2.45125,0.024838845,0.009006717
2.451875,0.023244266,0.008210078
2.4525,0.008893049,-0.037198348
2.453125,0.001717441,-0.096149637
2.45375,0.00251473,-0.105709306
2.454375,0.00251473,-0.092963081
2.455,0.00570389,-0.064284075
2.455625,0.009690339,-0.031621874
2.45625,0.016865947,-0.004536147
2.456875,0.022446976,0.017769746
2.4575,0.024041555,0.028126054
2.458125,0.024041555,0.03131261
2.45875,0.024838845,0.034499166
2.459375,0.024838845,0.036092444
2.46,0.024838845,0.036889083
2.460625,0.029622584,0.058398338
2.46125,0.039987352,0.138858881
2.461875,0.041581931,0.161164774
2.4625,0.039987352,0.154791662
2.463125,0.036798193,0.130892491
2.46375,0.033609033,0.091857178
2.464375,0.031217164,0.062381533
2.465,0.029622584,0.036092444
2.465625,0.026433425,0.020159663
2.46625,0.025636135,0.015379829
2.466875,0.025636135,0.012193273
2.4675,0.024838845,0.009803356
2.468125,0.024041555,0.007413439
2.46875,0.021649686,0.004226883
2.469375,0.00331202,-0.066673992
2.47,0.001717441,-0.104116027
2.470625,0.00251473,-0.103319388
2.47125,0.00410931,-0.085793329
2.471875,0.008095759,-0.05233449
2.4725,0.011284918,-0.022858845
2.473125,0.018460527,0.003430244
2.47375,0.022446976,0.022549581
2.474375,0.024041555,0.029719332
2.475,0.024041555,0.032109249
2.475625,0.024041555,0.034499166
2.47625,0.024838845,0.036889083
2.476875,0.024838845,0.037685722
2.4775,0.035203613,0.086280704
2.478125,0.040784642,0.151605106
2.47875,0.040784642,0.162758052
2.479375,0.039987352,0.14841855
2.48,0.035203613,0.118146266
2.480625,0.032811743,0.080704231
2.48125,0.030419874,0.053618503
2.481875,0.028028005,0.028922693
2.4825,0.026433425,0.017769746
2.483125,0.026433425,0.013786551
2.48375,0.025636135,0.010599995
2.484375,0.024838845,0.009006717
2.485,0.023244266,0.008210078
2.485625,0.015271367,-0.013299176
2.48625,0.00251473,-0.087386608
2.486875,0.00251473,-0.105709306
2.4875,0.00331202,-0.097742915
2.488125,0.0049066,-0.075437022
2.48875,0.008893049,-0.041978182
2.489375,0.014474078,-0.014095815
2.49,0.020852396,0.011396634
2.490625,0.023244266,0.025736137
2.49125,0.024041555,0.030515971
2.491875,0.024041555,0.033702527
2.4925,0.024041555,0.036092444
2.493125,0.024838845,0.038482362
2.49375,0.027230715,0.042465557
2.494375,0.039190062,0.117349627
2.495,0.041581931,0.157978218
2.495625,0.040784642,0.158774857
2.49625,0.038392772,0.13965552
2.496875,0.034406323,0.103806763
2.4975,0.032014454,0.071941201
2.498125,0.029622584,0.044058835
2.49875,0.027230715,0.024142859
2.499375,0.026433425,0.016176468
2.5,0.024838845,0.013786551
2.500625,0.025636135,0.010599995
2.50125,0.024838845,0.009006717
2.501875,0.024041555,0.007413439
2.5025,0.008893049,-0.041181543
2.503125,0.00251473,-0.097742915
2.50375,0.00251473,-0.106505945
2.504375,0.00331202,-0.092166442
2.505,0.00650118,-0.063487436
2.505625,0.010487629,-0.031621874
2.50625,0.017663237,-0.005332786
2.506875,0.023244266,0.016973107
2.5075,0.024041555,0.028126054
2.508125,0.024838845,0.03131261
2.50875,0.025636135,0.034499166
2.509375,0.025636135,0.036889083
2.51,0.025636135,0.037685722
2.510625,0.031217164,0.060788255
2.51125,0.040784642,0.140452159
2.511875,0.041581931,0.161961413
2.5125,0.041581931,0.154791662
2.513125,0.037595482,0.129299213
2.51375,0.034406323,0.091060538
2.514375,0.031217164,0.062381533
2.515,0.029622584,0.036092444
2.515625,0.027230715,0.020956303
2.51625,0.026433425,0.015379829
2.516875,0.025636135,0.012193273
2.5175,0.024838845,0.010599995
2.518125,0.024041555,0.008210078
2.51875,0.021649686,0.002633605
2.519375,0.00331202,-0.06906391
2.52,0.00251473,-0.103319388
2.520625,0.00331202,-0.10172611
2.52125,0.00410931,-0.084200051
2.521875,0.008095759,-0.050741211
2.5225,0.012082208,-0.022062206
2.523125,0.018460527,0.004226883
2.52375,0.022446976,0.02334622
2.524375,0.024041555,0.030515971
2.525,0.024838845,0.032905888
2.525625,0.024838845,0.036092444
2.52625,0.024838845,0.037685722
2.526875,0.025636135,0.039279001
2.5275,0.035203613,0.08946726
2.528125,0.040784642,0.153198384
2.52875,0.042379221,0.163554692
2.529375,0.039987352,0.147621911
2.53,0.036000903,0.116552988
2.530625,0.033609033,0.080704231
2.53125,0.030419874,0.052821864
2.531875,0.028028005,0.028922693
2.5325,0.026433425,0.017769746
2.533125,0.025636135,0.01458319
2.53375,0.025636135,0.011396634
2.534375,0.024838845,0.010599995
2.535,0.024041555,0.009006717
2.535625,0.014474078,-0.014892454
2.53625,0.001717441,-0.087386608
2.536875,0.00251473,-0.104912667
2.5375,0.00331202,-0.096946276
2.538125,0.00570389,-0.073047105
2.53875,0.009690339,-0.039588265
2.539375,0.014474078,-0.012502537
2.54,0.020852396,0.011396634
2.540625,0.023244266,0.026532776
2.54125,0.024041555,0.030515971
2.541875,0.024838845,0.032905888
2.5425,0.024838845,0.036092444
2.543125,0.025636135,0.036889083
2.54375,0.027230715,0.042465557
2.544375,0.039987352,0.120536183
2.545,0.042379221,0.158774857
2.545625,0.040784642,0.157978218
2.54625,0.039190062,0.13965552
2.546875,0.035203613,0.103010124
2.5475,0.032014454,0.071144562
2.548125,0.030419874,0.044058835
2.54875,0.027230715,0.02334622
2.549375,0.026433425,0.016176468
2.55,0.026433425,0.012989912
2.550625,0.025636135,0.010599995
2.55125,0.024838845,0.009006717
2.551875,0.023244266,0.007413439
2.5525,0.008095759,-0.042774821
2.553125,0.00251473,-0.096946276
2.55375,0.00251473,-0.105709306
2.554375,0.00331202,-0.091369803
2.555,0.00650118,-0.061894158
2.555625,0.010487629,-0.030825235
2.55625,0.016865947,-0.002942869
2.556875,0.021649686,0.017769746
2.5575,0.024041555,0.028922693
2.558125,0.024041555,0.032109249
2.55875,0.024838845,0.034499166
2.559375,0.024838845,0.036092444
2.56,0.025636135,0.037685722
2.560625,0.032014454,0.061584894
2.56125,0.041581931,0.142045437
2.561875,0.042379221,0.161164774
2.5625,0.040784642,0.153995023
2.563125,0.037595482,0.127705935
2.56375,0.034406323,0.091060538
2.564375,0.031217164,0.061584894
2.565,0.029622584,0.036092444
2.565625,0.027230715,0.020159663
2.56625,0.026433425,0.015379829
2.566875,0.026433425,0.012193273
2.5675,0.025636135,0.010599995
2.568125,0.024838845,0.009006717
2.56875,0.021649686,0.001836965
2.569375,0.00410931,-0.070657188
2.57,0.00251473,-0.103319388
2.570625,0.00331202,-0.10172611
2.57125,0.00410931,-0.083403412
2.571875,0.008095759,-0.049944572
2.5725,0.012082208,-0.020468928
2.573125,0.019257817,0.005023522
2.57375,0.023244266,0.02334622
2.574375,0.023244266,0.029719332
2.575,0.024041555,0.032109249
2.575625,0.024041555,0.034499166
2.57625,0.024041555,0.036889083
2.576875,0.024838845,0.036889083
2.5775,0.036000903,0.091857178
2.578125,0.040784642,0.153198384
2.57875,0.040784642,0.162758052
2.579375,0.039190062,0.147621911
2.58,0.035203613,0.115756349
2.580625,0.032811743,0.079907592
2.58125,0.029622584,0.052025225
2.581875,0.027230715,0.028126054
2.5825,0.025636135,0.017769746
2.583125,0.025636135,0.013786551
2.58375,0.024838845,0.010599995
2.584375,0.024041555,0.009006717
2.585,0.024041555,0.008210078
2.585625,0.014474078,-0.018079011
2.58625,0.00251473,-0.088979886
2.586875,0.00251473,-0.104912667
2.5875,0.00331202,-0.096946276
2.588125,0.00570389,-0.072250466
2.58875,0.008893049,-0.038791626
2.589375,0.014474078,-0.010909259
2.59,0.021649686,0.013786551
2.590625,0.024041555,0.026532776
2.59125,0.024041555,0.03131261
2.591875,0.024041555,0.033702527
2.5925,0.025636135,0.036092444
2.593125,0.025636135,0.038482362
2.59375,0.028028005,0.044855474
2.594375,0.039987352,0.123722739
2.595,0.041581931,0.160368135
2.595625,0.040784642,0.159571496
2.59625,0.039190062,0.138858881
2.596875,0.034406323,0.102213485
2.5975,0.032811743,0.069551284
2.598125,0.029622584,0.042465557
2.59875,0.027230715,0.02334622
2.599375,0.025636135,0.015379829
2.6,0.025636135,0.013786551
2.600625,0.025636135,0.010599995
2.60125,0.024838845,0.009006717
2.601875,0.024041555,0.008210078
2.6025,0.00650118,-0.045961377
2.603125,0.001717441,-0.098539554
2.60375,0.00251473,-0.104912667
2.604375,0.00331202,-0.090573164
2.605,0.00650118,-0.061097519
2.605625,0.009690339,-0.029231957
2.60625,0.016865947,-0.002942869
2.606875,0.022446976,0.018566385
2.6075,0.024041555,0.028922693
2.608125,0.024838845,0.032109249
2.60875,0.024838845,0.035295805
2.609375,0.025636135,0.037685722
2.61,0.024838845,0.038482362
2.610625,0.032014454,0.065568089
2.61125,0.041581931,0.143638715
2.611875,0.042379221,0.162758052
2.6125,0.040784642,0.153198384
2.613125,0.036798193,0.127705935
2.61375,0.033609033,0.08946726
2.614375,0.030419874,0.060788255
2.615,0.028028005,0.034499166
2.615625,0.026433425,0.019363024
2.61625,0.025636135,0.013786551
2.616875,0.024838845,0.011396634
2.6175,0.024838845,0.009803356
2.618125,0.024041555,0.008210078
2.61875,0.020055106,0.001040326
2.619375,0.00251473,-0.073047105
2.62,0.001717441,-0.103319388
2.620625,0.00251473,-0.100929471
2.62125,0.00331202,-0.081810134
2.621875,0.008095759,-0.048351294
2.6225,0.012082208,-0.01887565
2.623125,0.018460527,0.0066168
2.62375,0.022446976,0.024142859
2.624375,0.023244266,0.030515971
2.625,0.023244266,0.032905888
2.625625,0.024041555,0.036092444
2.62625,0.024041555,0.037685722
2.626875,0.025636135,0.037685722
2.6275,0.036798193,0.095840373
2.628125,0.040784642,0.153995023
2.62875,0.040784642,0.161961413
2.629375,0.039190062,0.146825272
2.63,0.034406323,0.114163071
2.630625,0.032014454,0.079110953
2.63125,0.029622584,0.050431947
2.631875,0.027230715,0.027329415
2.6325,0.025636135,0.016973107
2.633125,0.025636135,0.013786551
2.63375,0.024838845,0.010599995
2.634375,0.024041555,0.009006717
2.635,0.024041555,0.007413439
2.635625,0.012879498,-0.020468928
2.63625,0.001717441,-0.091369803
2.636875,0.001717441,-0.107302584
2.6375,0.00251473,-0.096946276
2.638125,0.0049066,-0.073047105
2.63875,0.008893049,-0.038791626
2.639375,0.014474078,-0.011705898
2.64,0.020055106,0.012193273
2.640625,0.022446976,0.025736137
2.64125,0.023244266,0.029719332
2.641875,0.024041555,0.032905888
2.6425,0.024041555,0.035295805
2.643125,0.024041555,0.036889083
2.64375,0.027230715,0.045652113
2.644375,0.039190062,0.123722739
2.645,0.040784642,0.158774857
2.645625,0.040784642,0.157181579
2.64625,0.037595482,0.136468964
2.646875,0.032811743,0.099026929
2.6475,0.031217164,0.067958006
2.648125,0.028028005,0.041668918
2.64875,0.026433425,0.021752942
2.649375,0.024838845,0.015379829
2.65,0.024838845,0.011396634
2.650625,0.024041555,0.009006717
2.65125,0.023244266,0.0066168
2.651875,0.023244266,0.005820161
2.6525,0.00570389,-0.050741211
2.653125,0.001717441,-0.100929471
2.65375,0.00331202,-0.105709306
2.654375,0.00410931,-0.090573164
2.655,0.007298469,-0.061097519
2.655625,0.010487629,-0.030028596
2.65625,0.017663237,-0.00214623
2.656875,0.023244266,0.018566385
2.6575,0.024041555,0.028126054
2.658125,0.024041555,0.03131261
2.65875,0.024838845,0.034499166
2.659375,0.024838845,0.036092444
2.66,0.024838845,0.036889083
2.660625,0.032014454,0.066364728
2.66125,0.040784642,0.143638715
2.661875,0.041581931,0.161164774
2.6625,0.039987352,0.152401745
2.663125,0.036000903,0.125316017
2.66375,0.032811743,0.087077343
2.664375,0.030419874,0.059194977
2.665,0.028028005,0.032905888
2.665625,0.026433425,0.018566385
2.66625,0.025636135,0.013786551
2.666875,0.024838845,0.010599995
2.6675,0.024041555,0.009006717
2.668125,0.023244266,0.007413439
2.66875,0.018460527,-0.00214623
2.669375,0.00251473,-0.076233661
2.67,0.001717441,-0.105709306
2.670625,0.00251473,-0.10172611
2.67125,0.00410931,-0.082606773
2.671875,0.007298469,-0.048351294
2.6725,0.012879498,-0.019672289
2.673125,0.020055106,0.005023522
2.67375,0.023244266,0.02334622
2.674375,0.024838845,0.030515971
2.675,0.024041555,0.032905888
2.675625,0.024041555,0.035295805
2.67625,0.025636135,0.036889083
2.676875,0.026433425,0.037685722
2.6775,0.037595482,0.099026929
2.678125,0.042379221,0.153995023
2.67875,0.041581931,0.161164774
2.679375,0.039987352,0.145231993
2.68,0.035203613,0.112569793
2.680625,0.032811743,0.078314314
2.68125,0.029622584,0.050431947
2.681875,0.027230715,0.027329415
2.6825,0.026433425,0.016973107
2.683125,0.025636135,0.012989912
2.68375,0.024838845,0.010599995
2.684375,0.024041555,0.009006717
2.685,0.024041555,0.008210078
2.685625,0.012879498,-0.022858845
2.68625,0.00251473,-0.091369803
2.686875,0.00251473,-0.105709306
2.6875,0.00251473,-0.096149637
2.688125,0.00570389,-0.071453827
2.68875,0.009690339,-0.037994987
2.689375,0.015271367,-0.01011262
2.69,0.021649686,0.013786551
2.690625,0.023244266,0.026532776
2.69125,0.024041555,0.030515971
2.691875,0.024838845,0.033702527
2.6925,0.024838845,0.036092444
2.693125,0.024838845,0.037685722
2.69375,0.028028005,0.04804203
2.694375,0.040784642,0.127705935
2.695,0.041581931,0.160368135
2.695625,0.040784642,0.157181579
2.69625,0.037595482,0.136468964
2.696875,0.033609033,0.099823568
2.6975,0.031217164,0.067958006
2.698125,0.028825294,0.040872279
2.69875,0.027230715,0.021752942
2.699375,0.025636135,0.015379829
2.7,0.024838845,0.012193273
2.700625,0.024838845,0.010599995
2.70125,0.024041555,0.008210078
2.701875,0.023244266,0.007413439
2.7025,0.0049066,-0.05233449
2.703125,0.001717441,-0.100929471
2.70375,0.00251473,-0.104912667
2.704375,0.00251473,-0.089776525
2.705,0.00570389,-0.058707602
2.705625,0.009690339,-0.027638679
2.70625,0.016865947,-0.001349591
2.706875,0.022446976,0.019363024
2.7075,0.023244266,0.028126054
2.708125,0.023244266,0.03131261
2.70875,0.024041555,0.033702527
2.709375,0.024041555,0.036889083
2.71,0.025636135,0.036889083
2.710625,0.032014454,0.069551284
2.71125,0.040784642,0.146028633
2.711875,0.042379221,0.161961413
2.7125,0.040784642,0.151605106
2.713125,0.036000903,0.124519378
2.71375,0.033609033,0.087077343
2.714375,0.030419874,0.057601699
2.715,0.028028005,0.032905888
2.715625,0.025636135,0.018566385
2.71625,0.025636135,0.013786551
2.716875,0.024838845,0.011396634
2.7175,0.024838845,0.009803356
2.718125,0.024041555,0.008210078
2.71875,0.018460527,-0.002942869
2.719375,0.00251473,-0.0770303
2.72,0.00251473,-0.104912667
2.720625,0.00331202,-0.100132832
2.72125,0.00410931,-0.081013495
2.721875,0.008095759,-0.047554655
2.7225,0.012879498,-0.018079011
2.723125,0.020055106,0.0066168
2.72375,0.024041555,0.024142859
2.724375,0.024041555,0.029719332
2.725,0.024838845,0.032905888
2.725625,0.024041555,0.034499166
2.72625,0.024838845,0.036889083
2.726875,0.025636135,0.037685722
2.7275,0.037595482,0.101416846
2.728125,0.041581931,0.153995023
2.72875,0.041581931,0.161164774
2.729375,0.039987352,0.144435354
2.73,0.035203613,0.110976515
2.730625,0.032811743,0.076721036
2.73125,0.030419874,0.048838669
2.731875,0.028028005,0.026532776
2.7325,0.027230715,0.016176468
2.733125,0.026433425,0.013786551
2.73375,0.025636135,0.010599995
2.734375,0.024041555,0.008210078
2.735,0.024041555,0.007413439
2.735625,0.012082208,-0.025248762
2.73625,0.001717441,-0.092963081
2.736875,0.001717441,-0.105709306
2.7375,0.00251473,-0.095352998
2.738125,0.00570389,-0.069860549
2.73875,0.009690339,-0.036401709
2.739375,0.015271367,-0.008519342
2.74,0.021649686,0.01458319
2.740625,0.023244266,0.027329415
2.74125,0.024041555,0.030515971
2.741875,0.024838845,0.033702527
2.7425,0.024838845,0.036092444
2.743125,0.025636135,0.037685722
2.74375,0.028028005,0.04804203
2.744375,0.039987352,0.129299213
2.745,0.041581931,0.160368135
2.745625,0.039987352,0.15638494
2.74625,0.037595482,0.134875686
2.746875,0.032811743,0.097433651
2.7475,0.031217164,0.066364728
2.748125,0.028028005,0.039279001
2.74875,0.026433425,0.021752942
2.749375,0.025636135,0.015379829
2.75,0.024838845,0.012193273
2.750625,0.024041555,0.010599995
2.75125,0.023244266,0.007413439
2.751875,0.023244266,0.007413439
2.7525,0.00410931,-0.055521046
2.753125,0.000920151,-0.100132832
2.75375,0.001717441,-0.104912667
2.754375,0.00251473,-0.088979886
2.755,0.00650118,-0.057910963
2.755625,0.010487629,-0.02684204
2.75625,0.016865947,0.000243687
2.756875,0.022446976,0.020159663
2.7575,0.024041555,0.028922693
2.758125,0.024041555,0.03131261
2.75875,0.024041555,0.034499166
2.759375,0.024838845,0.036889083
2.76,0.024838845,0.037685722
2.760625,0.032014454,0.071941201
2.76125,0.040784642,0.146825272
2.761875,0.041581931,0.161961413
2.7625,0.039987352,0.150808467
2.763125,0.036000903,0.1229261
2.76375,0.032811743,0.085484065
2.764375,0.030419874,0.05680506
2.765,0.028825294,0.032109249
2.765625,0.026433425,0.018566385
2.76625,0.025636135,0.01458319
2.766875,0.025636135,0.010599995
2.7675,0.025636135,0.009803356
2.768125,0.024041555,0.008210078
2.76875,0.019257817,-0.003739508
2.769375,0.00331202,-0.080216856
2.77,0.00251473,-0.104116027
2.770625,0.00251473,-0.099336193
2.77125,0.0049066,-0.079420217
2.771875,0.008893049,-0.045164738
2.7725,0.012879498,-0.016485733
2.773125,0.019257817,0.007413439
2.77375,0.024041555,0.024142859
2.774375,0.024041555,0.030515971
2.775,0.024838845,0.032905888
2.775625,0.024838845,0.036092444
2.77625,0.025636135,0.037685722
2.776875,0.025636135,0.039279001
2.7775,0.038392772,0.104603402
2.778125,0.042379221,0.15638494
2.77875,0.041581931,0.161164774
2.779375,0.039190062,0.143638715
2.78,0.034406323,0.110179876
2.780625,0.032014454,0.075127758
2.78125,0.029622584,0.04804203
2.781875,0.028028005,0.025736137
2.7825,0.026433425,0.016176468
2.783125,0.026433425,0.013786551
2.78375,0.025636135,0.010599995
2.784375,0.025636135,0.009006717
2.785,0.024041555,0.008210078
2.785625,0.012082208,-0.027638679
2.78625,0.001717441,-0.09375972
2.786875,0.00251473,-0.106505945
2.7875,0.00331202,-0.095352998
2.788125,0.00650118,-0.06826727
2.78875,0.010487629,-0.034808431
2.789375,0.016068657,-0.008519342
2.79,0.022446976,0.01458319
2.790625,0.024041555,0.027329415
2.79125,0.024041555,0.03131261
2.791875,0.024838845,0.034499166
2.7925,0.025636135,0.036092444
2.793125,0.025636135,0.037685722
2.79375,0.029622584,0.051228586
2.794375,0.040784642,0.13168913
2.795,0.042379221,0.161164774
2.795625,0.041581931,0.15638494
2.79625,0.038392772,0.134079047
2.796875,0.034406323,0.096637012
2.7975,0.032014454,0.065568089
2.798125,0.030419874,0.039279001
2.79875,0.028028005,0.021752942
2.799375,0.027230715,0.015379829
2.8,0.026433425,0.012193273
2.800625,0.025636135,0.010599995
2.80125,0.024838845,0.009006717
2.801875,0.024041555,0.0066168
2.8025,0.00570389,-0.057114324
2.803125,0.00251473,-0.10172611
2.80375,0.00251473,-0.104912667
2.804375,0.00410931,-0.087386608
2.805,0.008095759,-0.056317685
2.805625,0.011284918,-0.025248762
2.80625,0.018460527,0.001836965
2.806875,0.023244266,0.021752942
2.8075,0.024041555,0.028922693
2.808125,0.024041555,0.032109249
2.80875,0.025636135,0.036092444
2.809375,0.025636135,0.037685722
2.81,0.025636135,0.037685722
2.810625,0.034406323,0.075127758
2.81125,0.042379221,0.14841855
2.811875,0.043176511,0.163554692
2.8125,0.040784642,0.151605106
2.813125,0.036798193,0.122129461
2.81375,0.033609033,0.084687426
2.814375,0.031217164,0.05680506
2.815,0.028825294,0.03131261
2.815625,0.027230715,0.019363024
2.81625,0.025636135,0.01458319
2.816875,0.025636135,0.012193273
2.8175,0.024838845,0.009803356
2.818125,0.024838845,0.009006717
2.81875,0.018460527,-0.006129425
2.819375,0.00251473,-0.081013495
2.82,0.00331202,-0.105709306
2.820625,0.00331202,-0.099336193
2.82125,0.0049066,-0.078623578
2.821875,0.008893049,-0.045164738
2.8225,0.013676788,-0.015689094
2.823125,0.020852396,0.009006717
2.82375,0.024041555,0.024939498
2.824375,0.024838845,0.029719332
2.825,0.025636135,0.032905888
2.825625,0.025636135,0.035295805
2.82625,0.025636135,0.037685722
2.826875,0.026433425,0.039279001
2.8275,0.039190062,0.108586597
2.828125,0.042379221,0.15638494
2.82875,0.040784642,0.160368135
2.829375,0.039987352,0.142842076
2.83,0.035203613,0.108586597
2.830625,0.032811743,0.074331119
2.83125,0.029622584,0.046448752
2.831875,0.028028005,0.024939498
2.8325,0.027230715,0.016176468
2.833125,0.026433425,0.01458319
2.83375,0.026433425,0.011396634
2.834375,0.025636135,0.009006717
2.835,0.024838845,0.008210078
2.835625,0.011284918,-0.030028596
2.83625,0.00251473,-0.09375972
2.836875,0.00251473,-0.105709306
2.8375,0.00331202,-0.092963081
2.838125,0.00650118,-0.066673992
2.83875,0.010487629,-0.033215153
2.839375,0.016865947,-0.006129425
2.84,0.022446976,0.016176468
2.840625,0.024041555,0.028126054
2.84125,0.024838845,0.03131261
2.841875,0.025636135,0.034499166
2.8425,0.026433425,0.036889083
2.843125,0.025636135,0.037685722
2.84375,0.030419874,0.052821864
2.844375,0.041581931,0.134079047
2.845,0.043176511,0.161164774
2.845625,0.041581931,0.15638494
2.84625,0.038392772,0.134079047
2.846875,0.034406323,0.095840373
2.8475,0.032014454,0.065568089
2.848125,0.029622584,0.038482362
2.84875,0.028028005,0.021752942
2.849375,0.027230715,0.016176468
2.85,0.026433425,0.012193273
2.850625,0.025636135,0.011396634
2.85125,0.025636135,0.009006717
2.851875,0.024041555,0.007413439
2.8525,0.00570389,-0.059504241
2.853125,0.00331202,-0.100132832
2.85375,0.00410931,-0.102522749
2.854375,0.0049066,-0.085793329
2.855,0.008095759,-0.054724407
2.855625,0.012879498,-0.023655484
2.85625,0.020055106,0.002633605
2.856875,0.024041555,0.022549581
2.8575,0.025636135,0.030515971
2.858125,0.025636135,0.033702527
2.85875,0.025636135,0.036092444
2.859375,0.025636135,0.037685722
2.86,0.026433425,0.037685722
2.860625,0.034406323,0.078314314
2.86125,0.042379221,0.14841855
2.861875,0.042379221,0.162758052
2.8625,0.040784642,0.149215189
2.863125,0.036000903,0.120536183
2.86375,0.033609033,0.083890787
2.864375,0.030419874,0.055211781
2.865,0.028028005,0.030515971
2.865625,0.025636135,0.017769746
2.86625,0.025636135,0.01458319
2.866875,0.024838845,0.011396634
2.8675,0.024041555,0.009006717
2.868125,0.023244266,0.008210078
2.86875,0.016865947,-0.008519342
2.869375,0.00251473,-0.082606773
2.87,0.00251473,-0.104912667
2.870625,0.00331202,-0.097742915
2.87125,0.0049066,-0.0770303
2.871875,0.008893049,-0.044368099
2.8725,0.014474078,-0.014892454
2.873125,0.020852396,0.009006717
2.87375,0.023244266,0.024939498
2.874375,0.024838845,0.030515971
2.875,0.024041555,0.033702527
2.875625,0.024838845,0.035295805
2.87625,0.025636135,0.037685722
2.876875,0.026433425,0.04007564
2.8775,0.039190062,0.111773154
2.878125,0.041581931,0.157181579
2.87875,0.041581931,0.160368135
2.879375,0.039190062,0.143638715
2.88,0.034406323,0.107789958
2.880625,0.032014454,0.075127758
2.88125,0.029622584,0.046448752
2.881875,0.028028005,0.024939498
2.8825,0.026433425,0.016176468
2.883125,0.025636135,0.012989912
2.88375,0.025636135,0.011396634
2.884375,0.024838845,0.009803356
2.885,0.024838845,0.009006717
2.885625,0.011284918,-0.032418513
2.88625,0.00251473,-0.094556359
2.886875,0.00251473,-0.104912667
2.8875,0.00410931,-0.092166442
2.888125,0.00650118,-0.065080714
2.88875,0.010487629,-0.033215153
2.889375,0.016865947,-0.005332786
2.89,0.022446976,0.016176468
2.890625,0.024041555,0.028126054
2.89125,0.024838845,0.032109249
2.891875,0.024838845,0.034499166
2.8925,0.025636135,0.036889083
2.893125,0.025636135,0.038482362
2.89375,0.030419874,0.055211781
2.894375,0.041581931,0.136468964
2.895,0.042379221,0.161961413
2.895625,0.040784642,0.15638494
2.89625,0.038392772,0.133282408
2.896875,0.034406323,0.095840373
2.8975,0.031217164,0.06477145
2.898125,0.029622584,0.039279001
2.89875,0.027230715,0.021752942
2.899375,0.026433425,0.015379829
2.9,0.025636135,0.012193273
2.900625,0.024838845,0.010599995
2.90125,0.023244266,0.007413439
2.901875,0.022446976,0.005023522
2.9025,0.00331202,-0.063487436
2.903125,0.00251473,-0.102522749
2.90375,0.00331202,-0.10172611
2.904375,0.00410931,-0.085793329
2.905,0.007298469,-0.053927768
2.905625,0.012082208,-0.022858845
2.90625,0.019257817,0.002633605
2.906875,0.023244266,0.022549581
2.9075,0.024041555,0.030515971
2.908125,0.025636135,0.032905888
2.90875,0.024838845,0.035295805
2.909375,0.025636135,0.037685722
2.91,0.025636135,0.038482362
2.910625,0.034406323,0.082297509
2.91125,0.042379221,0.150808467
2.911875,0.042379221,0.162758052
2.9125,0.040784642,0.150011828
2.913125,0.036000903,0.120536183
2.91375,0.032811743,0.083094148
2.914375,0.030419874,0.054415142
2.915,0.028028005,0.030515971
2.915625,0.026433425,0.018566385
2.91625,0.026433425,0.01458319
2.916875,0.025636135,0.011396634
2.9175,0.025636135,0.009803356
2.918125,0.024838845,0.009006717
2.91875,0.017663237,-0.009315981
2.919375,0.00331202,-0.083403412
2.92,0.00251473,-0.104116027
2.920625,0.00251473,-0.096946276
2.92125,0.00570389,-0.074640383
2.921875,0.008893049,-0.041978182
2.9225,0.014474078,-0.013299176
2.923125,0.021649686,0.009803356
2.92375,0.023244266,0.024939498
2.924375,0.024838845,0.030515971
2.925,0.024041555,0.033702527
2.925625,0.024838845,0.036092444
2.92625,0.025636135,0.037685722
2.926875,0.026433425,0.04007564
2.9275,0.039190062,0.114163071
2.928125,0.041581931,0.157978218
2.92875,0.040784642,0.159571496
2.929375,0.038392772,0.142045437
2.93,0.034406323,0.10619668
2.930625,0.032014454,0.073534479
2.93125,0.029622584,0.046448752
2.931875,0.028028005,0.024939498
2.9325,0.026433425,0.017769746
2.933125,0.025636135,0.013786551
2.93375,0.025636135,0.011396634
2.934375,0.024838845,0.009803356
2.935,0.024041555,0.008210078
2.935625,0.008893049,-0.03560507
2.93625,0.00251473,-0.095352998
2.936875,0.00251473,-0.104912667
2.9375,0.00331202,-0.092166442
2.938125,0.00650118,-0.064284075
2.93875,0.011284918,-0.031621874
2.939375,0.017663237,-0.004536147
2.94,0.023244266,0.017769746
2.940625,0.024838845,0.028922693
2.94125,0.024838845,0.032109249
2.941875,0.024838845,0.035295805
2.9425,0.024838845,0.036889083
2.943125,0.025636135,0.038482362
2.94375,0.030419874,0.05680506
2.944375,0.040784642,0.138062242
2.945,0.042379221,0.161961413
2.945625,0.040784642,0.155588301
2.94625,0.037595482,0.130892491
2.946875,0.034406323,0.092653817
2.9475,0.031217164,0.063178172
2.948125,0.029622584,0.036889083
2.94875,0.027230715,0.020956303
2.949375,0.025636135,0.015379829
2.95,0.024838845,0.012193273
2.950625,0.025636135,0.010599995
2.95125,0.024041555,0.009006717
2.951875,0.021649686,0.005023522
2.9525,0.00331202,-0.065080714
2.953125,0.00251473,-0.10172611
2.95375,0.00331202,-0.100929471
2.954375,0.00410931,-0.083403412
2.955,0.008095759,-0.051537851
2.955625,0.012082208,-0.022062206
2.95625,0.019257817,0.004226883
2.956875,0.023244266,0.022549581
2.9575,0.024041555,0.030515971
2.958125,0.024041555,0.032905888
2.95875,0.024041555,0.036092444
2.959375,0.024838845,0.037685722
2.96,0.025636135,0.038482362
2.960625,0.035203613,0.084687426
2.96125,0.041581931,0.151605106
2.961875,0.042379221,0.162758052
2.9625,0.039987352,0.149215189
2.963125,0.036000903,0.118146266
2.96375,0.033609033,0.083094148
2.964375,0.030419874,0.054415142
2.965,0.028825294,0.030515971
2.965625,0.027230715,0.018566385
2.96625,0.025636135,0.015379829
2.966875,0.025636135,0.011396634
2.9675,0.024838845,0.009803356
2.968125,0.024041555,0.009006717
2.96875,0.016865947,-0.010909259
2.969375,0.00251473,-0.08499669
2.97,0.00251473,-0.104116027
2.970625,0.00251473,-0.096149637
2.97125,0.00570389,-0.074640383
2.971875,0.008893049,-0.040384904
2.9725,0.014474078,-0.012502537
2.973125,0.021649686,0.011396634
2.97375,0.024041555,0.026532776
2.974375,0.024838845,0.032109249
2.975,0.024838845,0.035295805
2.975625,0.025636135,0.036889083
2.97625,0.025636135,0.039279001
2.976875,0.027230715,0.042465557
2.9775,0.039987352,0.117349627
2.978125,0.042379221,0.159571496
2.97875,0.041581931,0.160368135
2.979375,0.039987352,0.141248798
2.98,0.035203613,0.105400041
2.980625,0.032014454,0.07273784
2.98125,0.029622584,0.045652113
2.981875,0.027230715,0.024939498
2.9825,0.026433425,0.016973107
2.983125,0.025636135,0.01458319
2.98375,0.025636135,0.010599995
2.984375,0.024838845,0.009006717
2.985,0.024838845,0.009006717
2.985625,0.009690339,-0.037994987
2.98625,0.00251473,-0.096149637
2.986875,0.00251473,-0.104116027
2.9875,0.00331202,-0.090573164
2.988125,0.00650118,-0.062690797
2.98875,0.010487629,-0.030825235
2.989375,0.017663237,-0.002942869
2.99,0.022446976,0.018566385
2.990625,0.024838845,0.028922693
2.99125,0.024838845,0.032109249
2.991875,0.025636135,0.035295805
2.9925,0.025636135,0.036889083
2.993125,0.025636135,0.038482362
2.99375,0.031217164,0.059991616
2.994375,0.040784642,0.140452159
2.995,0.042379221,0.161961413
2.995625,0.040784642,0.155588301
2.99625,0.037595482,0.130892491
2.996875,0.033609033,0.092653817
2.9975,0.031217164,0.063178172
2.998125,0.028825294,0.036889083
2.99875,0.026433425,0.020159663
2.999375,0.025636135,0.015379829
3,0.025636135,0.011396634
3.000625,0.024838845,0.009803356
3.00125,0.024838845,0.009006717
3.001875,0.022446976,0.003430244
3.0025,0.00331202,-0.067470631
3.003125,0.001717441,-0.102522749
3.00375,0.00251473,-0.100929471
3.004375,0.00410931,-0.083403412
3.005,0.007298469,-0.050741211
3.005625,0.012082208,-0.021265567
3.00625,0.018460527,0.004226883
3.006875,0.022446976,0.022549581
3.0075,0.024041555,0.029719332
3.008125,0.024041555,0.032905888
3.00875,0.024041555,0.036092444
3.009375,0.024838845,0.037685722
3.01,0.024838845,0.038482362
3.010625,0.034406323,0.088670621
3.01125,0.041581931,0.152401745
3.011875,0.041581931,0.162758052
3.0125,0.039987352,0.14841855
3.013125,0.035203613,0.117349627
3.01375,0.033609033,0.080704231
3.014375,0.030419874,0.052821864
3.015,0.028028005,0.028922693
3.015625,0.026433425,0.017769746
3.01625,0.025636135,0.013786551
3.016875,0.025636135,0.011396634
3.0175,0.024838845,0.009803356
3.018125,0.024041555,0.008210078
3.01875,0.015271367,-0.014095815
3.019375,0.001717441,-0.086589969
3.02,0.00251473,-0.104912667
3.020625,0.00251473,-0.096946276
3.02125,0.0049066,-0.073843744
3.021875,0.008893049,-0.039588265
3.0225,0.014474078,-0.011705898
3.023125,0.020852396,0.012193273
3.02375,0.023244266,0.027329415
3.024375,0.024041555,0.03131261
3.025,0.024041555,0.034499166
3.025625,0.024041555,0.036889083
3.02625,0.024041555,0.037685722
3.026875,0.026433425,0.042465557
3.0275,0.039190062,0.118942905
3.028125,0.040784642,0.159571496
3.02875,0.040784642,0.159571496
3.029375,0.038392772,0.140452159
3.03,0.033609033,0.103806763
3.030625,0.031217164,0.071941201
3.03125,0.028825294,0.043262196
3.031875,0.026433425,0.02334622
3.0325,0.025636135,0.016176468
3.033125,0.024838845,0.012193273
3.03375,0.024041555,0.010599995
3.034375,0.024041555,0.009006717
3.035,0.023244266,0.007413439
3.035625,0.007298469,-0.041181543
3.03625,0.001717441,-0.096946276
3.036875,0.00251473,-0.104912667
3.0375,0.00251473,-0.089776525
3.038125,0.00650118,-0.061097519
3.03875,0.009690339,-0.030028596
3.039375,0.016068657,-0.003739508
3.04,0.022446976,0.018566385
3.040625,0.024041555,0.028922693
3.04125,0.024041555,0.03131261
3.041875,0.024041555,0.035295805
3.0425,0.024838845,0.036889083
3.043125,0.025636135,0.037685722
3.04375,0.031217164,0.061584894
3.044375,0.040784642,0.141248798
3.045,0.041581931,0.161961413
3.045625,0.039987352,0.153995023
3.04625,0.036798193,0.128502574
3.046875,0.033609033,0.091857178
3.0475,0.030419874,0.061584894
3.048125,0.028028005,0.035295805
3.04875,0.025636135,0.020159663
3.049375,0.025636135,0.015379829
3.05,0.024838845,0.012193273
3.050625,0.024041555,0.009803356
3.05125,0.024041555,0.008210078
3.051875,0.020852396,0.002633605
3.0525,0.00251473,-0.069860549
3.053125,0.001717441,-0.102522749
3.05375,0.00251473,-0.100929471
3.054375,0.00251473,-0.083403412
3.055,0.00650118,-0.050741211
3.055625,0.011284918,-0.020468928
3.05625,0.019257817,0.005023522
3.056875,0.022446976,0.02334622
3.0575,0.024041555,0.030515971
3.058125,0.024041555,0.032109249
3.05875,0.024041555,0.035295805
3.059375,0.024838845,0.037685722
3.06,0.024838845,0.038482362
3.060625,0.036000903,0.091060538
3.06125,0.040784642,0.153198384
3.061875,0.041581931,0.162758052
3.0625,0.039190062,0.14841855
3.063125,0.035203613,0.115756349
3.06375,0.032014454,0.080704231
3.064375,0.029622584,0.052821864
3.065,0.027230715,0.028922693
3.065625,0.026433425,0.017769746
3.06625,0.025636135,0.01458319
3.066875,0.024838845,0.011396634
3.0675,0.024041555,0.009803356
3.068125,0.024041555,0.009006717
3.06875,0.014474078,-0.016485733
3.069375,0.001717441,-0.088183247
3.07,0.001717441,-0.104912667
3.070625,0.00251473,-0.096149637
3.07125,0.0049066,-0.072250466
3.071875,0.008893049,-0.040384904
3.0725,0.014474078,-0.010909259
3.073125,0.020852396,0.012989912
3.07375,0.023244266,0.027329415
3.074375,0.023244266,0.03131261
3.075,0.024041555,0.034499166
3.075625,0.024041555,0.036092444
3.07625,0.024838845,0.038482362
3.076875,0.027230715,0.044855474
3.0775,0.039190062,0.121332822
3.078125,0.041581931,0.159571496
3.07875,0.040784642,0.159571496
3.079375,0.038392772,0.13965552
3.08,0.033609033,0.103010124
3.080625,0.032014454,0.070347923
3.08125,0.028825294,0.043262196
3.081875,0.027230715,0.02334622
3.0825,0.026433425,0.015379829
3.083125,0.025636135,0.012989912
3.08375,0.024838845,0.010599995
3.084375,0.024041555,0.009006717
3.085,0.023244266,0.008210078
3.085625,0.007298469,-0.044368099
3.08625,0.000920151,-0.096946276
3.086875,0.001717441,-0.104116027
3.0875,0.00251473,-0.089776525
3.088125,0.00570389,-0.06030088
3.08875,0.010487629,-0.029231957
3.089375,0.016865947,-0.00214623
3.09,0.022446976,0.019363024
3.090625,0.024041555,0.029719332
3.09125,0.024041555,0.032905888
3.091875,0.024838845,0.035295805
3.0925,0.024838845,0.036889083
3.093125,0.024838845,0.037685722
3.09375,0.031217164,0.063178172
3.094375,0.041581931,0.142842076
3.095,0.042379221,0.161961413
3.095625,0.039987352,0.153198384
3.09625,0.036798193,0.126909295
3.096875,0.033609033,0.08946726
3.0975,0.030419874,0.060788255
3.098125,0.028028005,0.034499166
3.09875,0.026433425,0.020159663
3.099375,0.025636135,0.01458319
3.1,0.024838845,0.011396634
3.100625,0.024041555,0.009803356
3.10125,0.023244266,0.008210078
3.101875,0.019257817,0.000243687
3.1025,0.00251473,-0.072250466
3.103125,0.001717441,-0.104116027
3.10375,0.00251473,-0.100929471
3.104375,0.00410931,-0.082606773
3.105,0.008095759,-0.049944572
3.105625,0.012879498,-0.019672289
3.10625,0.019257817,0.005820161
3.106875,0.023244266,0.02334622
3.1075,0.023244266,0.030515971
3.108125,0.024041555,0.033702527
3.10875,0.024041555,0.035295805
3.109375,0.025636135,0.036889083
3.11,0.025636135,0.036889083
3.110625,0.036798193,0.093450456
3.11125,0.041581931,0.153198384
3.111875,0.040784642,0.161961413
3.1125,0.039987352,0.146825272
3.113125,0.035203613,0.11495971
3.11375,0.032811743,0.079907592
3.114375,0.029622584,0.051228586
3.115,0.028028005,0.027329415
3.115625,0.026433425,0.016973107
3.11625,0.025636135,0.013786551
3.116875,0.024838845,0.010599995
3.1175,0.024041555,0.009803356
3.118125,0.024041555,0.008210078
3.11875,0.014474078,-0.018079011
3.119375,0.001717441,-0.089776525
3.12,0.00251473,-0.104912667
3.120625,0.00251473,-0.095352998
3.12125,0.00570389,-0.071453827
3.121875,0.008893049,-0.038791626
3.1225,0.014474078,-0.010909259
3.123125,0.021649686,0.012989912
3.12375,0.024041555,0.027329415
3.124375,0.024838845,0.03131261
3.125,0.024838845,0.034499166
3.125625,0.024041555,0.036889083
3.12625,0.024838845,0.038482362
3.126875,0.027230715,0.045652113
3.1275,0.039987352,0.123722739
3.128125,0.042379221,0.159571496
3.12875,0.041581931,0.158774857
3.129375,0.039190062,0.138062242
3.13,0.034406323,0.101416846
3.130625,0.032014454,0.068754645
3.13125,0.029622584,0.041668918
3.131875,0.027230715,0.02334622
3.1325,0.025636135,0.015379829
3.133125,0.024838845,0.012193273
3.13375,0.024838845,0.009803356
3.134375,0.024041555,0.008210078
3.135,0.023244266,0.007413439
3.135625,0.00570389,-0.048351294
3.13625,0.001717441,-0.098539554
3.136875,0.00251473,-0.104912667
3.1375,0.00331202,-0.088979886
3.138125,0.00650118,-0.059504241
3.13875,0.009690339,-0.028435318
3.139375,0.016865947,-0.00214623
3.14,0.022446976,0.019363024
3.140625,0.024041555,0.028126054
3.14125,0.024838845,0.032109249
3.141875,0.024838845,0.034499166
3.1425,0.024838845,0.036092444
3.143125,0.025636135,0.037685722
3.14375,0.032014454,0.067161367
3.144375,0.040784642,0.144435354
3.145,0.042379221,0.161961413
3.145625,0.039987352,0.153198384
3.14625,0.036000903,0.126112656
3.146875,0.032811743,0.088670621
3.1475,0.030419874,0.059991616
3.148125,0.028028005,0.033702527
3.14875,0.026433425,0.018566385
3.149375,0.025636135,0.01458319
3.15,0.025636135,0.011396634
3.150625,0.024838845,0.009803356
3.15125,0.024041555,0.008210078
3.151875,0.020055106,-0.000552952
3.1525,0.00251473,-0.074640383
3.153125,0.001717441,-0.104116027
3.15375,0.00251473,-0.100929471
3.154375,0.00410931,-0.081810134
3.155,0.008095759,-0.048351294
3.155625,0.012879498,-0.01887565
3.15625,0.019257817,0.005820161
3.156875,0.022446976,0.024142859
3.1575,0.023244266,0.03131261
3.158125,0.024041555,0.033702527
3.15875,0.024041555,0.036092444
3.159375,0.024041555,0.038482362
3.16,0.025636135,0.038482362
3.160625,0.036798193,0.09823029
3.16125,0.040784642,0.154791662
3.161875,0.040784642,0.161961413
3.1625,0.039190062,0.146825272
3.163125,0.035203613,0.113366432
3.16375,0.032811743,0.078314314
3.164375,0.030419874,0.050431947
3.165,0.028028005,0.027329415
3.165625,0.026433425,0.016973107
3.16625,0.025636135,0.013786551
3.166875,0.024041555,0.010599995
3.1675,0.024041555,0.009803356
3.168125,0.023244266,0.007413439
3.16875,0.013676788,-0.022062206
3.169375,0.001717441,-0.091369803
3.17,0.00251473,-0.104116027
3.170625,0.00251473,-0.095352998
3.17125,0.00570389,-0.069860549
3.171875,0.008893049,-0.037994987
3.1725,0.015271367,-0.009315981
3.173125,0.021649686,0.01458319
3.17375,0.023244266,0.027329415
3.174375,0.024041555,0.03131261
3.175,0.024041555,0.033702527
3.175625,0.024041555,0.035295805
3.17625,0.024838845,0.037685722
3.176875,0.028028005,0.046448752
3.1775,0.039987352,0.126112656
3.178125,0.041581931,0.160368135
3.17875,0.040784642,0.157181579
3.179375,0.038392772,0.137265603
3.18,0.034406323,0.099823568
3.180625,0.031217164,0.068754645
3.18125,0.028825294,0.040872279
3.181875,0.026433425,0.022549581
3.1825,0.025636135,0.015379829
3.183125,0.024838845,0.012193273
3.18375,0.024041555,0.010599995
3.184375,0.023244266,0.008210078
3.185,0.022446976,0.007413439
3.185625,0.0049066,-0.051537851
3.18625,0.001717441,-0.099336193
3.186875,0.001717441,-0.104116027
3.1875,0.001717441,-0.088979886
3.188125,0.00570389,-0.057910963
3.18875,0.010487629,-0.027638679
3.189375,0.016865947,-0.000552952
3.19,0.022446976,0.020159663
3.190625,0.024041555,0.028922693
3.19125,0.023244266,0.032109249
3.191875,0.023244266,0.035295805
3.1925,0.024041555,0.036889083
3.193125,0.024041555,0.037685722
3.19375,0.031217164,0.068754645
3.194375,0.040784642,0.145231993
3.195,0.041581931,0.161961413
3.195625,0.039987352,0.151605106
3.19625,0.036000903,0.123722739
3.196875,0.032811743,0.087873982
3.1975,0.029622584,0.057601699
3.198125,0.027230715,0.032109249
3.19875,0.026433425,0.018566385
3.199375,0.025636135,0.01458319
3.2,0.024838845,0.010599995
3.200625,0.024041555,0.009803356
3.20125,0.023244266,0.007413439
3.201875,0.018460527,-0.00214623
3.2025,0.00251473,-0.076233661
3.203125,0.001717441,-0.104116027
3.20375,0.00251473,-0.099336193
3.204375,0.00410931,-0.080216856
3.205,0.007298469,-0.047554655
3.205625,0.012082208,-0.018079011
3.20625,0.018460527,0.007413439
3.206875,0.022446976,0.024142859
3.2075,0.023244266,0.030515971
3.208125,0.024041555,0.033702527
3.20875,0.024838845,0.036092444
3.209375,0.025636135,0.036889083
3.21,0.025636135,0.037685722
3.210625,0.037595482,0.099823568
3.21125,0.041581931,0.155588301
3.211875,0.042379221,0.161164774
3.2125,0.039987352,0.145231993
3.213125,0.035203613,0.111773154
3.21375,0.032811743,0.077517675
3.214375,0.029622584,0.049635308
3.215,0.028028005,0.027329415
3.215625,0.026433425,0.016973107
3.21625,0.025636135,0.013786551
3.216875,0.024838845,0.010599995
3.2175,0.024041555,0.009006717
3.218125,0.024041555,0.008210078
3.21875,0.012879498,-0.023655484
3.219375,0.00251473,-0.091369803
3.22,0.001717441,-0.104912667
3.220625,0.00251473,-0.094556359
3.22125,0.00570389,-0.06906391
3.221875,0.009690339,-0.037198348
3.2225,0.014474078,-0.009315981
3.223125,0.022446976,0.015379829
3.22375,0.024041555,0.027329415
3.224375,0.024041555,0.030515971
3.225,0.024838845,0.033702527
3.225625,0.024838845,0.036092444
3.22625,0.024838845,0.037685722
3.226875,0.028028005,0.04804203
3.2275,0.039987352,0.127705935
3.228125,0.041581931,0.159571496
3.22875,0.040784642,0.157181579
3.229375,0.037595482,0.135672325
3.23,0.033609033,0.09823029
3.230625,0.031217164,0.067161367
3.23125,0.028825294,0.04007564
3.231875,0.026433425,0.020956303
3.2325,0.025636135,0.015379829
3.233125,0.025636135,0.012193273
3.23375,0.024041555,0.009803356
3.234375,0.024041555,0.008210078
3.235,0.023244266,0.0066168
3.235625,0.0049066,-0.053927768
3.23625,0.001717441,-0.100929471
3.236875,0.00251473,-0.104116027
3.2375,0.00331202,-0.088183247
3.238125,0.00650118,-0.057910963
3.23875,0.010487629,-0.02684204
3.239375,0.017663237,-0.000552952
3.24,0.022446976,0.020159663
3.240625,0.023244266,0.028922693
3.24125,0.024041555,0.03131261
3.241875,0.024838845,0.034499166
3.2425,0.024838845,0.036092444
3.243125,0.024838845,0.037685722
3.24375,0.032811743,0.071144562
3.244375,0.041581931,0.146825272
3.245,0.041581931,0.161961413
3.245625,0.039987352,0.151605106
3.24625,0.036000903,0.124519378
3.246875,0.032811743,0.087077343
3.2475,0.030419874,0.058398338
3.248125,0.028028005,0.032905888
3.24875,0.026433425,0.019363024
3.249375,0.025636135,0.01458319
3.25,0.024838845,0.011396634
3.250625,0.024838845,0.009803356
3.25125,0.024041555,0.008210078
3.251875,0.018460527,-0.003739508
3.2525,0.00251473,-0.078623578
3.253125,0.00251473,-0.104116027
3.25375,0.00331202,-0.099336193
3.254375,0.0049066,-0.079420217
3.255,0.008893049,-0.045961377
3.255625,0.013676788,-0.018079011
3.25625,0.020852396,0.007413439
3.256875,0.024041555,0.024142859
3.2575,0.024838845,0.030515971
3.258125,0.024838845,0.032905888
3.25875,0.024838845,0.036092444
3.259375,0.024838845,0.036889083
3.26,0.025636135,0.038482362
3.260625,0.037595482,0.103010124
3.26125,0.042379221,0.15638494
3.261875,0.040784642,0.160368135
3.2625,0.039987352,0.143638715
3.263125,0.035203613,0.110976515
3.26375,0.032014454,0.075924397
3.264375,0.028825294,0.048838669
3.265,0.027230715,0.025736137
3.265625,0.025636135,0.016176468
3.26625,0.024838845,0.012989912
3.266875,0.024041555,0.010599995
3.2675,0.024041555,0.009006717
3.268125,0.023244266,0.008210078
3.26875,0.011284918,-0.02684204
3.269375,0.001717441,-0.092963081
3.27,0.001717441,-0.104912667
3.270625,0.00251473,-0.09375972
3.27125,0.0049066,-0.067470631
3.271875,0.008893049,-0.03560507
3.2725,0.014474078,-0.007722703
3.273125,0.020852396,0.015379829
3.27375,0.023244266,0.028126054
3.274375,0.023244266,0.03131261
3.275,0.024041555,0.034499166
3.275625,0.024041555,0.036092444
3.27625,0.024838845,0.037685722
3.276875,0.028825294,0.050431947
3.2775,0.039987352,0.130892491
3.278125,0.040784642,0.161164774
3.27875,0.039987352,0.157181579
3.279375,0.037595482,0.134875686
3.28,0.032811743,0.096637012
3.280625,0.030419874,0.066364728
3.28125,0.028028005,0.039279001
3.281875,0.026433425,0.021752942
3.2825,0.025636135,0.015379829
3.283125,0.024838845,0.012193273
3.28375,0.024041555,0.010599995
3.284375,0.023244266,0.008210078
3.285,0.023244266,0.007413439
3.285625,0.0049066,-0.056317685
3.28625,0.001717441,-0.100929471
3.286875,0.00251473,-0.103319388
3.2875,0.00251473,-0.087386608
3.288125,0.007298469,-0.057114324
3.28875,0.011284918,-0.026045401
3.289375,0.017663237,0.001040326
3.29,0.022446976,0.020159663
3.290625,0.023244266,0.029719332
3.29125,0.024041555,0.032109249
3.291875,0.024838845,0.035295805
3.2925,0.024838845,0.036889083
3.293125,0.025636135,0.037685722
3.29375,0.034406323,0.074331119
3.294375,0.042379221,0.147621911
3.295,0.042379221,0.163554692
3.295625,0.039987352,0.150808467
3.29625,0.036000903,0.1229261
3.296875,0.032811743,0.084687426
3.2975,0.030419874,0.05680506
3.298125,0.028028005,0.032109249
3.29875,0.026433425,0.018566385
3.299375,0.025636135,0.013786551
3.3,0.024838845,0.011396634
3.300625,0.024041555,0.009006717
3.30125,0.024041555,0.007413439
3.301875,0.017663237,-0.006129425
3.3025,0.00251473,-0.080216856
3.303125,0.00251473,-0.104912667
3.30375,0.00251473,-0.100132832
3.304375,0.00410931,-0.078623578
3.305,0.008095759,-0.045164738
3.305625,0.012879498,-0.017282372
3.30625,0.020055106,0.008210078
3.306875,0.023244266,0.024939498
3.3075,0.023244266,0.030515971
3.308125,0.024041555,0.033702527
3.30875,0.024838845,0.035295805
3.309375,0.024838845,0.036889083
3.31,0.025636135,0.038482362
3.310625,0.037595482,0.10619668
3.31125,0.041581931,0.15638494
3.311875,0.040784642,0.160368135
3.3125,0.039190062,0.143638715
3.313125,0.034406323,0.109383236
3.31375,0.032014454,0.075127758
3.314375,0.029622584,0.04804203
3.315,0.027230715,0.025736137
3.315625,0.025636135,0.016176468
3.31625,0.025636135,0.013786551
3.316875,0.024838845,0.010599995
3.3175,0.024838845,0.009006717
3.318125,0.024041555,0.007413439
3.31875,0.011284918,-0.029231957
3.319375,0.001717441,-0.095352998
3.32,0.00331202,-0.105709306
3.320625,0.00331202,-0.092963081
3.32125,0.00570389,-0.067470631
3.321875,0.009690339,-0.034011792
3.3225,0.016068657,-0.007722703
3.323125,0.022446976,0.01458319
3.32375,0.024041555,0.026532776
3.324375,0.024041555,0.030515971
3.325,0.025636135,0.033702527
3.325625,0.025636135,0.036092444
3.32625,0.025636135,0.037685722
3.326875,0.029622584,0.052025225
3.3275,0.040784642,0.133282408
3.328125,0.042379221,0.160368135
3.32875,0.040784642,0.155588301
3.329375,0.038392772,0.134079047
3.33,0.034406323,0.095840373
3.330625,0.031217164,0.065568089
3.33125,0.028825294,0.038482362
3.331875,0.026433425,0.020956303
3.3325,0.025636135,0.01458319
3.333125,0.025636135,0.011396634
3.33375,0.024838845,0.009803356
3.334375,0.024041555,0.008210078
3.335,0.022446976,0.0066168
3.335625,0.00410931,-0.059504241
3.33625,0.001717441,-0.102522749
3.336875,0.00251473,-0.103319388
3.3375,0.00410931,-0.087386608
3.338125,0.007298469,-0.056317685
3.33875,0.011284918,-0.025248762
3.339375,0.018460527,0.001040326
3.34,0.023244266,0.020956303
3.340625,0.024041555,0.029719332
3.34125,0.024041555,0.032109249
3.341875,0.024041555,0.034499166
3.3425,0.024838845,0.036889083
3.343125,0.025636135,0.036889083
3.34375,0.034406323,0.076721036
3.344375,0.041581931,0.14841855
3.345,0.042379221,0.162758052
3.345625,0.040784642,0.150011828
3.34625,0.036000903,0.120536183
3.346875,0.032811743,0.083890787
3.3475,0.029622584,0.05600842
3.348125,0.027230715,0.030515971
3.34875,0.026433425,0.017769746
3.349375,0.025636135,0.013786551
3.35,0.024838845,0.010599995
3.350625,0.024838845,0.009006717
3.35125,0.023244266,0.007413439
3.351875,0.016865947,-0.007722703
3.3525,0.001717441,-0.081810134
3.353125,0.001717441,-0.104912667
3.35375,0.00251473,-0.098539554
3.354375,0.00410931,-0.077826939
3.355,0.008893049,-0.04357146
3.355625,0.014474078,-0.014892454
3.35625,0.020055106,0.009006717
3.356875,0.022446976,0.024939498
3.3575,0.024041555,0.030515971
3.358125,0.024041555,0.032905888
3.35875,0.024041555,0.035295805
3.359375,0.024838845,0.037685722
3.36,0.025636135,0.039279001
3.360625,0.038392772,0.109383236
3.36125,0.041581931,0.157181579
3.361875,0.040784642,0.159571496
3.3625,0.039190062,0.142045437
3.363125,0.034406323,0.106993319
3.36375,0.032014454,0.073534479
3.364375,0.028825294,0.045652113
3.365,0.026433425,0.024939498
3.365625,0.025636135,0.015379829
3.36625,0.025636135,0.012989912
3.366875,0.024838845,0.010599995
3.3675,0.024041555,0.009006717
3.368125,0.023244266,0.008210078
3.36875,0.009690339,-0.031621874
3.369375,0.001717441,-0.09375972
3.37,0.00251473,-0.104912667
3.370625,0.001717441,-0.092963081
3.37125,0.0049066,-0.065877353
3.371875,0.008893049,-0.033215153
3.3725,0.015271367,-0.006129425
3.373125,0.021649686,0.015379829
3.37375,0.023244266,0.027329415
3.374375,0.023244266,0.03131261
3.375,0.024041555,0.034499166
3.375625,0.024041555,0.036889083
3.37625,0.024041555,0.038482362
3.376875,0.029622584,0.054415142
3.3775,0.039987352,0.135672325
3.378125,0.040784642,0.161164774
3.37875,0.039987352,0.15638494
3.379375,0.036000903,0.133282408
3.38,0.032811743,0.095043734
3.380625,0.031217164,0.06477145
3.38125,0.028028005,0.037685722
3.381875,0.026433425,0.020159663
3.3825,0.026433425,0.015379829
3.383125,0.024838845,0.012193273
3.38375,0.024041555,0.010599995
3.384375,0.024041555,0.008210078
3.385,0.021649686,0.005023522
3.385625,0.00251473,-0.061894158
3.38625,0.001717441,-0.10172611
3.386875,0.001717441,-0.10172611
3.3875,0.00331202,-0.08499669
3.388125,0.007298469,-0.053927768
3.38875,0.011284918,-0.023655484
3.389375,0.017663237,0.001836965
3.39,0.022446976,0.020956303
3.390625,0.023244266,0.028922693
3.39125,0.024041555,0.032109249
3.391875,0.024041555,0.034499166
3.3925,0.024838845,0.036889083
3.393125,0.024838845,0.037685722
3.39375,0.033609033,0.080704231
3.394375,0.040784642,0.149215189
3.395,0.041581931,0.162758052
3.395625,0.039190062,0.150808467
3.39625,0.035203613,0.121332822
3.396875,0.032014454,0.083890787
3.3975,0.029622584,0.05600842
3.398125,0.027230715,0.03131261
3.39875,0.025636135,0.018566385
3.399375,0.025636135,0.015379829
3.4,0.024041555,0.011396634
3.400625,0.024041555,0.009803356
3.40125,0.024041555,0.009006717
3.401875,0.016865947,-0.009315981
3.4025,0.001717441,-0.083403412
3.403125,0.001717441,-0.104912667
3.40375,0.00251473,-0.097742915
3.404375,0.00410931,-0.076233661
3.405,0.008095759,-0.042774821
3.405625,0.013676788,-0.014095815
3.40625,0.020055106,0.009803356
3.406875,0.023244266,0.025736137
3.4075,0.023244266,0.029719332
3.408125,0.024041555,0.032905888
3.40875,0.024041555,0.035295805
3.409375,0.024838845,0.036889083
3.41,0.025636135,0.04007564
3.410625,0.038392772,0.112569793
3.41125,0.040784642,0.157978218
3.411875,0.040784642,0.159571496
3.4125,0.039190062,0.142045437
3.413125,0.034406323,0.10619668
3.41375,0.032014454,0.073534479
3.414375,0.029622584,0.045652113
3.415,0.027230715,0.024939498
3.415625,0.025636135,0.016973107
3.41625,0.025636135,0.013786551
3.416875,0.024041555,0.010599995
3.4175,0.023244266,0.009006717
3.418125,0.023244266,0.007413439
3.41875,0.009690339,-0.034808431
3.419375,0.001717441,-0.096149637
3.42,0.00251473,-0.105709306
3.420625,0.00331202,-0.092963081
3.42125,0.00570389,-0.065080714
3.421875,0.009690339,-0.033215153
3.4225,0.016068657,-0.006129425
3.423125,0.021649686,0.016176468
3.42375,0.024041555,0.028126054
3.424375,0.024041555,0.03131261
3.425,0.025636135,0.034499166
3.425625,0.024838845,0.036092444
3.42625,0.024838845,0.037685722
3.426875,0.030419874,0.055211781
3.4275,0.040784642,0.135672325
3.428125,0.041581931,0.161164774
3.42875,0.040784642,0.154791662
3.429375,0.037595482,0.130892491
3.43,0.033609033,0.092653817
3.430625,0.031217164,0.063178172
3.43125,0.028825294,0.037685722
3.431875,0.026433425,0.020956303
3.4325,0.025636135,0.01458319
3.433125,0.025636135,0.012989912
3.43375,0.024838845,0.010599995
3.434375,0.024041555,0.007413439
3.435,0.022446976,0.005023522
3.435625,0.00331202,-0.065080714
3.43625,0.001717441,-0.102522749
3.436875,0.001717441,-0.10172611
3.4375,0.00331202,-0.084200051
3.438125,0.00650118,-0.053131129
3.43875,0.011284918,-0.022062206
3.439375,0.018460527,0.002633605
3.44,0.022446976,0.022549581
3.440625,0.023244266,0.029719332
3.44125,0.023244266,0.032905888
3.441875,0.023244266,0.035295805
3.4425,0.024838845,0.037685722
3.443125,0.025636135,0.037685722
3.44375,0.034406323,0.083094148
3.444375,0.041581931,0.151605106
3.445,0.041581931,0.162758052
3.445625,0.039987352,0.14841855
3.44625,0.036000903,0.118942905
3.446875,0.032811743,0.082297509
3.4475,0.030419874,0.054415142
3.448125,0.028028005,0.029719332
3.44875,0.026433425,0.017769746
3.449375,0.025636135,0.01458319
3.45,0.024838845,0.011396634
3.450625,0.024041555,0.009803356
3.45125,0.023244266,0.008210078
3.451875,0.015271367,-0.011705898
3.4525,0.001717441,-0.08499669
3.453125,0.001717441,-0.104912667
3.45375,0.00251473,-0.097742915
3.454375,0.0049066,-0.075437022
3.455,0.008893049,-0.041181543
3.455625,0.013676788,-0.013299176
3.45625,0.020852396,0.010599995
3.456875,0.023244266,0.025736137
3.4575,0.023244266,0.030515971
3.458125,0.024041555,0.033702527
3.45875,0.024838845,0.036092444
3.459375,0.024838845,0.037685722
3.46,0.026433425,0.040872279
3.460625,0.039190062,0.116552988
3.46125,0.041581931,0.158774857
3.461875,0.040784642,0.159571496
3.4625,0.039190062,0.142045437
3.463125,0.033609033,0.105400041
3.46375,0.032014454,0.07273784
3.464375,0.029622584,0.045652113
3.465,0.028028005,0.024142859
3.465625,0.026433425,0.016176468
3.46625,0.025636135,0.012193273
3.466875,0.025636135,0.010599995
3.4675,0.024838845,0.009006717
3.468125,0.024041555,0.008210078
3.46875,0.009690339,-0.037198348
3.469375,0.001717441,-0.096149637
3.47,0.00251473,-0.104912667
3.470625,0.00331202,-0.091369803
3.47125,0.00650118,-0.062690797
3.471875,0.010487629,-0.030825235
3.4725,0.016865947,-0.003739508
3.473125,0.022446976,0.017769746
3.47375,0.024041555,0.028922693
3.474375,0.024041555,0.032109249
3.475,0.024041555,0.035295805
3.475625,0.024041555,0.036889083
3.47625,0.024838845,0.038482362
3.476875,0.030419874,0.058398338
3.4775,0.040784642,0.13965552
3.478125,0.041581931,0.161961413
3.47875,0.040784642,0.155588301
3.479375,0.036798193,0.130892491
3.48,0.033609033,0.092653817
3.480625,0.030419874,0.063178172
3.48125,0.028028005,0.036889083
3.481875,0.026433425,0.020956303
3.4825,0.025636135,0.015379829
3.483125,0.024838845,0.012989912
3.48375,0.024041555,0.010599995
3.484375,0.024041555,0.009006717
3.485,0.021649686,0.004226883
3.485625,0.00410931,-0.066673992
3.48625,0.001717441,-0.102522749
3.486875,0.00251473,-0.100929471
3.4875,0.00331202,-0.083403412
3.488125,0.007298469,-0.051537851
3.48875,0.012082208,-0.022062206
3.489375,0.018460527,0.003430244
3.49,0.023244266,0.02334622
3.490625,0.024041555,0.030515971
3.49125,0.024041555,0.032109249
3.491875,0.024838845,0.035295805
3.4925,0.024838845,0.036889083
3.493125,0.025636135,0.037685722
3.49375,0.035203613,0.087077343
3.494375,0.041581931,0.151605106
3.495,0.042379221,0.163554692
3.495625,0.040784642,0.149215189
3.49625,0.036000903,0.118942905
3.496875,0.032811743,0.082297509
3.4975,0.029622584,0.054415142
3.498125,0.027230715,0.029719332
3.49875,0.025636135,0.017769746
3.499375,0.025636135,0.01458319
3.5,0.024838845,0.011396634
3.500625,0.024041555,0.010599995
3.50125,0.023244266,0.009006717
3.501875,0.014474078,-0.013299176
3.5025,0.001717441,-0.085793329
3.503125,0.001717441,-0.103319388
3.50375,0.00251473,-0.096149637
3.504375,0.0049066,-0.073843744
3.505,0.008893049,-0.039588265
3.505625,0.014474078,-0.011705898
3.50625,0.021649686,0.012193273
3.506875,0.023244266,0.026532776
3.5075,0.024041555,0.03131261
3.508125,0.024041555,0.033702527
3.50875,0.024041555,0.036092444
3.509375,0.024838845,0.038482362
3.51,0.026433425,0.043262196
3.510625,0.039190062,0.118146266
3.51125,0.041581931,0.159571496
3.511875,0.040784642,0.159571496
3.5125,0.038392772,0.140452159
3.513125,0.035203613,0.103806763
3.51375,0.032811743,0.071941201
3.514375,0.029622584,0.044855474
3.515,0.027230715,0.024142859
3.515625,0.025636135,0.016176468
3.51625,0.025636135,0.013786551
3.516875,0.024041555,0.011396634
3.5175,0.024041555,0.009006717
3.518125,0.024041555,0.008210078
3.51875,0.008095759,-0.040384904
3.519375,0.001717441,-0.096946276
3.52,0.001717441,-0.104116027
3.520625,0.00251473,-0.089776525
3.52125,0.00570389,-0.061894158
3.521875,0.010487629,-0.029231957
3.5225,0.016068657,-0.002942869
3.523125,0.022446976,0.018566385
3.52375,0.024041555,0.028922693
3.524375,0.023244266,0.032109249
3.525,0.024041555,0.035295805
3.525625,0.024041555,0.036889083
3.52625,0.024838845,0.038482362
3.526875,0.030419874,0.060788255
3.5275,0.039987352,0.141248798
3.528125,0.042379221,0.163554692
3.52875,0.040784642,0.155588301
3.529375,0.037595482,0.130095852
3.53,0.033609033,0.091857178
3.530625,0.030419874,0.062381533
3.53125,0.028825294,0.036092444
3.531875,0.027230715,0.020159663
3.5325,0.026433425,0.01458319
3.533125,0.025636135,0.011396634
3.53375,0.025636135,0.009803356
3.534375,0.024838845,0.009006717
3.535,0.021649686,0.003430244
3.535625,0.00331202,-0.06826727
3.53625,0.00251473,-0.10172611
3.536875,0.00251473,-0.100132832
3.5375,0.00410931,-0.082606773
3.538125,0.008095759,-0.049944572
3.53875,0.012082208,-0.019672289
3.539375,0.019257817,0.005023522
3.54,0.023244266,0.02334622
3.540625,0.024838845,0.029719332
3.54125,0.024838845,0.032109249
3.541875,0.024838845,0.035295805
3.5425,0.024838845,0.037685722
3.543125,0.025636135,0.038482362
3.54375,0.036000903,0.088670621
3.544375,0.041581931,0.153198384
3.545,0.042379221,0.162758052
3.545625,0.040784642,0.147621911
3.54625,0.035203613,0.116552988
3.546875,0.032811743,0.079907592
3.5475,0.030419874,0.052025225
3.548125,0.028028005,0.028922693
3.54875,0.026433425,0.017769746
3.549375,0.026433425,0.013786551
3.55,0.024838845,0.011396634
3.550625,0.024838845,0.009803356
3.55125,0.024838845,0.008210078
3.551875,0.015271367,-0.015689094
3.5525,0.00251473,-0.087386608
3.553125,0.00251473,-0.104116027
3.55375,0.00251473,-0.096149637
3.554375,0.00570389,-0.073047105
3.555,0.009690339,-0.038791626
3.555625,0.014474078,-0.011705898
3.55625,0.020852396,0.012193273
3.556875,0.023244266,0.025736137
3.5575,0.024041555,0.03131261
3.558125,0.024041555,0.033702527
3.55875,0.024838845,0.036092444
3.559375,0.024838845,0.038482362
3.56,0.027230715,0.044058835
3.560625,0.039987352,0.121332822
3.56125,0.042379221,0.159571496
3.561875,0.040784642,0.158774857
3.5625,0.039190062,0.13965552
3.563125,0.034406323,0.103010124
3.56375,0.032014454,0.069551284
3.564375,0.029622584,0.043262196
3.565,0.027230715,0.02334622
3.565625,0.026433425,0.016176468
3.56625,0.024838845,0.012193273
3.566875,0.024838845,0.010599995
3.5675,0.024041555,0.009006717
3.568125,0.024041555,0.009006717
3.56875,0.007298469,-0.042774821
3.569375,0.001717441,-0.096946276
3.57,0.001717441,-0.104116027
3.570625,0.00331202,-0.088979886
3.57125,0.00650118,-0.059504241
3.571875,0.010487629,-0.028435318
3.5725,0.017663237,-0.001349591
3.573125,0.023244266,0.019363024
3.57375,0.024041555,0.029719332
3.574375,0.024838845,0.032109249
3.575,0.025636135,0.035295805
3.575625,0.025636135,0.036889083
3.57625,0.026433425,0.038482362
3.576875,0.032014454,0.063178172
3.5775,0.041581931,0.142842076
3.578125,0.041581931,0.162758052
3.57875,0.039987352,0.153995023
3.579375,0.037595482,0.128502574
3.58,0.033609033,0.090263899
3.580625,0.031217164,0.061584894
3.58125,0.029622584,0.035295805
3.581875,0.027230715,0.019363024
3.5825,0.026433425,0.015379829
3.583125,0.025636135,0.012193273
3.58375,0.025636135,0.010599995
3.584375,0.024041555,0.008210078
3.585,0.020852396,0.001040326
3.585625,0.00251473,-0.070657188
3.58625,0.00251473,-0.102522749
3.586875,0.00331202,-0.100132832
3.5875,0.00410931,-0.081810134
3.588125,0.008095759,-0.049147933
3.58875,0.012879498,-0.019672289
3.589375,0.020055106,0.0066168
3.59,0.024041555,0.024939498
3.590625,0.024838845,0.03131261
3.59125,0.024838845,0.033702527
3.591875,0.024838845,0.036092444
3.5925,0.024838845,0.038482362
3.593125,0.025636135,0.038482362
3.59375,0.036798193,0.093450456
3.594375,0.041581931,0.153995023
3.595,0.041581931,0.163554692
3.595625,0.039190062,0.147621911
3.59625,0.035203613,0.115756349
3.596875,0.032811743,0.080704231
3.5975,0.030419874,0.052821864
3.598125,0.028028005,0.028922693
3.59875,0.026433425,0.017769746
3.599375,0.026433425,0.01458319
3.6,0.025636135,0.011396634
3.600625,0.025636135,0.010599995
3.60125,0.024838845,0.009006717
3.601875,0.014474078,-0.017282372
3.6025,0.00251473,-0.088183247
3.603125,0.00251473,-0.103319388
3.60375,0.00251473,-0.094556359
3.604375,0.00570389,-0.069860549
3.605,0.009690339,-0.037198348
3.605625,0.015271367,-0.01011262
3.60625,0.021649686,0.013786551
3.606875,0.023244266,0.028126054
3.6075,0.024041555,0.032109249
3.608125,0.024041555,0.034499166
3.60875,0.025636135,0.036889083
3.609375,0.025636135,0.038482362
3.61,0.028028005,0.044855474
3.610625,0.039987352,0.123722739
3.61125,0.042379221,0.160368135
3.611875,0.039987352,0.158774857
3.6125,0.038392772,0.138858881
3.613125,0.034406323,0.102213485
3.61375,0.032014454,0.070347923
3.614375,0.029622584,0.043262196
3.615,0.027230715,0.02334622
3.615625,0.026433425,0.016176468
3.61625,0.025636135,0.013786551
3.616875,0.025636135,0.010599995
3.6175,0.024838845,0.009006717
3.618125,0.024041555,0.008210078
3.61875,0.007298469,-0.045961377
3.619375,0.001717441,-0.097742915
3.62,0.00251473,-0.103319388
3.620625,0.00331202,-0.088183247
3.62125,0.007298469,-0.059504241
3.621875,0.010487629,-0.027638679
3.6225,0.017663237,-0.001349591
3.623125,0.022446976,0.019363024
3.62375,0.024041555,0.028922693
3.624375,0.024838845,0.032109249
3.625,0.024838845,0.035295805
3.625625,0.024838845,0.036889083
3.62625,0.025636135,0.038482362
3.626875,0.032014454,0.065568089
3.6275,0.041581931,0.142842076
3.628125,0.041581931,0.161961413
3.62875,0.040784642,0.152401745
3.629375,0.036798193,0.126909295
3.63,0.033609033,0.08946726
3.630625,0.030419874,0.060788255
3.63125,0.028825294,0.034499166
3.631875,0.027230715,0.019363024
3.6325,0.026433425,0.01458319
3.633125,0.025636135,0.011396634
3.63375,0.024838845,0.009803356
3.634375,0.024838845,0.008210078
3.635,0.020055106,0.000243687
3.635625,0.00331202,-0.072250466
3.63625,0.00251473,-0.103319388
3.636875,0.00331202,-0.100132832
3.6375,0.0049066,-0.080216856
3.638125,0.008095759,-0.047554655
3.63875,0.012879498,-0.01887565
3.639375,0.020055106,0.005820161
3.64,0.024041555,0.024142859
3.640625,0.024838845,0.03131261
3.64125,0.024041555,0.032905888
3.641875,0.024838845,0.035295805
3.6425,0.024838845,0.037685722
3.643125,0.024838845,0.037685722
3.64375,0.036798193,0.095043734
3.644375,0.041581931,0.153198384
3.645,0.042379221,0.161961413
3.645625,0.039987352,0.146028633
3.64625,0.035203613,0.113366432
3.646875,0.032811743,0.079110953
3.6475,0.029622584,0.051228586
3.648125,0.027230715,0.027329415
3.64875,0.026433425,0.016973107
3.649375,0.026433425,0.013786551
3.65,0.025636135,0.010599995
3.650625,0.024838845,0.009006717
3.65125,0.024838845,0.007413439
3.651875,0.013676788,-0.020468928
3.6525,0.001717441,-0.091369803
3.653125,0.00251473,-0.105709306
3.65375,0.00331202,-0.096149637
3.654375,0.00570389,-0.070657188
3.655,0.009690339,-0.037994987
3.655625,0.014474078,-0.010909259
3.65625,0.021649686,0.012193273
3.656875,0.024041555,0.026532776
3.6575,0.024041555,0.030515971
3.658125,0.024041555,0.032905888
3.65875,0.024041555,0.035295805
3.659375,0.024041555,0.037685722
3.66,0.027230715,0.045652113
3.660625,0.039987352,0.125316017
3.66125,0.041581931,0.159571496
3.661875,0.040784642,0.157978218
3.6625,0.038392772,0.137265603
3.663125,0.034406323,0.099823568
3.66375,0.032014454,0.068754645
3.664375,0.028825294,0.041668918
3.665,0.027230715,0.022549581
3.665625,0.025636135,0.015379829
3.66625,0.024838845,0.012193273
3.666875,0.024838845,0.009803356
3.6675,0.024041555,0.008210078
3.668125,0.024041555,0.007413439
3.66875,0.00650118,-0.049147933
3.669375,0.001717441,-0.098539554
3.67,0.00251473,-0.104116027
3.670625,0.00331202,-0.088183247
3.67125,0.00650118,-0.057910963
3.671875,0.012082208,-0.02684204
3.6725,0.018460527,-0.001349591
3.673125,0.022446976,0.020159663
3.67375,0.024041555,0.028922693
3.674375,0.024041555,0.032109249
3.675,0.024838845,0.035295805
3.675625,0.024838845,0.036889083
3.67625,0.025636135,0.038482362
3.676875,0.032811743,0.067161367
3.6775,0.041581931,0.144435354
3.678125,0.042379221,0.162758052
3.67875,0.040784642,0.153198384
3.679375,0.036798193,0.125316017
3.68,0.033609033,0.087873982
3.680625,0.030419874,0.059991616
3.68125,0.028028005,0.033702527
3.681875,0.026433425,0.019363024
3.6825,0.026433425,0.01458319
3.683125,0.025636135,0.012193273
3.68375,0.024838845,0.010599995
3.684375,0.024041555,0.009006717
3.685,0.019257817,-0.001349591
3.685625,0.00251473,-0.075437022
3.68625,0.00251473,-0.103319388
3.686875,0.00251473,-0.099336193
3.6875,0.00410931,-0.079420217
3.688125,0.008095759,-0.046758016
3.68875,0.012879498,-0.017282372
3.689375,0.019257817,0.0066168
3.69,0.022446976,0.024142859
3.690625,0.023244266,0.030515971
3.69125,0.024041555,0.032905888
3.691875,0.024838845,0.035295805
3.6925,0.024838845,0.036889083
3.693125,0.024838845,0.036889083
3.69375,0.036798193,0.099026929
3.694375,0.040784642,0.154791662
3.695,0.040784642,0.161961413
3.695625,0.039190062,0.145231993
3.69625,0.035203613,0.112569793
3.696875,0.032811743,0.076721036
3.6975,0.029622584,0.049635308
3.698125,0.027230715,0.026532776
3.69875,0.025636135,0.016973107
3.699375,0.024838845,0.012989912
3.7,0.024041555,0.010599995
3.700625,0.023244266,0.009006717
3.70125,0.023244266,0.007413439
3.701875,0.012082208,-0.023655484
3.7025,0.001717441,-0.092166442
3.703125,0.001717441,-0.105709306
3.70375,0.00251473,-0.094556359
3.704375,0.00570389,-0.069860549
3.705,0.008893049,-0.036401709
3.705625,0.014474078,-0.009315981
3.70625,0.021649686,0.013786551
3.706875,0.023244266,0.027329415
3.7075,0.024041555,0.03131261
3.708125,0.024041555,0.033702527
3.70875,0.024838845,0.036092444
3.709375,0.025636135,0.037685722
3.71,0.028028005,0.04804203
3.710625,0.039987352,0.127705935
3.71125,0.042379221,0.161164774
3.711875,0.040784642,0.157181579
3.7125,0.038392772,0.135672325
3.713125,0.034406323,0.099026929
3.71375,0.031217164,0.067161367
3.714375,0.028825294,0.040872279
3.715,0.027230715,0.021752942
3.715625,0.026433425,0.015379829
3.71625,0.025636135,0.012193273
3.716875,0.024041555,0.009803356
3.7175,0.024041555,0.008210078
3.718125,0.023244266,0.007413439
3.71875,0.00570389,-0.053131129
3.719375,0.001717441,-0.100132832
3.72,0.001717441,-0.104116027
3.720625,0.00251473,-0.088183247
3.72125,0.00650118,-0.057910963
3.721875,0.010487629,-0.026045401
3.7225,0.017663237,-0.000552952
3.723125,0.022446976,0.020159663
3.72375,0.024041555,0.029719332
3.724375,0.024041555,0.032109249
3.725,0.024041555,0.035295805
3.725625,0.024838845,0.037685722
3.72625,0.024838845,0.037685722
3.726875,0.032811743,0.071144562
3.7275,0.042379221,0.146825272
3.728125,0.042379221,0.163554692
3.72875,0.040784642,0.153198384
3.729375,0.036798193,0.125316017
3.73,0.033609033,0.087077343
3.730625,0.031217164,0.058398338
3.73125,0.028028005,0.032905888
3.731875,0.026433425,0.019363024
3.7325,0.026433425,0.01458319
3.733125,0.025636135,0.012193273
3.73375,0.024838845,0.010599995
3.734375,0.024041555,0.007413439
3.735,0.018460527,-0.002942869
3.735625,0.001717441,-0.077826939
3.73625,0.001717441,-0.104116027
3.736875,0.001717441,-0.099336193
3.7375,0.00410931,-0.078623578
3.738125,0.007298469,-0.045164738
3.73875,0.012879498,-0.016485733
3.739375,0.020055106,0.007413439
3.74,0.023244266,0.024142859
3.740625,0.023244266,0.030515971
3.74125,0.024838845,0.032905888
3.741875,0.024041555,0.035295805
3.7425,0.024838845,0.036889083
3.743125,0.025636135,0.037685722
3.74375,0.037595482,0.102213485
3.744375,0.040784642,0.154791662
3.745,0.040784642,0.161164774
3.745625,0.039190062,0.143638715
3.74625,0.034406323,0.110179876
3.746875,0.032014454,0.075924397
3.7475,0.029622584,0.048838669
3.748125,0.027230715,0.026532776
3.74875,0.025636135,0.016176468
3.749375,0.025636135,0.013786551
3.75,0.024041555,0.009803356
3.750625,0.024041555,0.008210078
3.75125,0.023244266,0.008210078
3.751875,0.011284918,-0.025248762
3.7525,0.001717441,-0.092963081
3.753125,0.001717441,-0.105709306
3.75375,0.00251473,-0.094556359
3.754375,0.0049066,-0.06826727
3.755,0.008893049,-0.03560507
3.755625,0.015271367,-0.007722703
3.75625,0.021649686,0.01458319
3.756875,0.023244266,0.027329415
3.7575,0.023244266,0.03131261
3.758125,0.024041555,0.033702527
3.75875,0.024041555,0.036889083
3.759375,0.024838845,0.037685722
3.76,0.028028005,0.050431947
3.760625,0.039987352,0.130095852
3.76125,0.041581931,0.161164774
3.761875,0.040784642,0.157181579
3.7625,0.037595482,0.135672325
3.763125,0.033609033,0.096637012
3.76375,0.031217164,0.066364728
3.764375,0.028028005,0.039279001
3.765,0.026433425,0.021752942
3.765625,0.025636135,0.015379829
3.76625,0.024838845,0.012193273
3.766875,0.024041555,0.009803356
3.7675,0.024041555,0.008210078
3.768125,0.023244266,0.007413439
3.76875,0.0049066,-0.055521046
3.769375,0.00251473,-0.100132832
3.77,0.00251473,-0.103319388
3.770625,0.00331202,-0.087386608
3.77125,0.007298469,-0.057114324
3.771875,0.011284918,-0.025248762
3.7725,0.018460527,0.001040326
3.773125,0.023244266,0.020956303
3.77375,0.024041555,0.028922693
3.774375,0.024838845,0.032109249
3.775,0.024838845,0.034499166
3.775625,0.024838845,0.036092444
3.77625,0.025636135,0.037685722
3.776875,0.033609033,0.073534479
3.7775,0.041581931,0.146825272
3.778125,0.041581931,0.161961413
3.77875,0.040784642,0.150808467
3.779375,0.036000903,0.1229261
3.78,0.032811743,0.084687426
3.780625,0.030419874,0.05680506
3.78125,0.028028005,0.03131261
3.781875,0.026433425,0.017769746
3.7825,0.025636135,0.013786551
3.783125,0.024838845,0.011396634
3.78375,0.024838845,0.009803356
3.784375,0.024041555,0.008210078
3.785,0.018460527,-0.005332786
3.785625,0.00251473,-0.080216856
3.78625,0.00251473,-0.104116027
3.786875,0.00251473,-0.098539554
3.7875,0.00410931,-0.077826939
3.788125,0.008095759,-0.044368099
3.78875,0.012879498,-0.015689094
3.789375,0.019257817,0.008210078
3.79,0.022446976,0.024142859
3.790625,0.024041555,0.030515971
3.79125,0.024041555,0.032109249
3.791875,0.024838845,0.035295805
3.7925,0.024838845,0.036889083
3.793125,0.025636135,0.037685722
3.79375,0.037595482,0.105400041
3.794375,0.040784642,0.155588301
3.795,0.040784642,0.160368135
3.795625,0.039190062,0.142842076
3.79625,0.034406323,0.108586597
3.796875,0.032811743,0.074331119
3.7975,0.029622584,0.047245391
3.798125,0.027230715,0.025736137
3.79875,0.025636135,0.016973107
3.799375,0.025636135,0.013786551
3.8,0.025636135,0.010599995
3.800625,0.024041555,0.009006717
3.80125,0.024041555,0.008210078
3.801875,0.011284918,-0.028435318
3.8025,0.001717441,-0.09375972
3.803125,0.00251473,-0.104912667
3.80375,0.00251473,-0.092963081
3.804375,0.00570389,-0.067470631
3.805,0.009690339,-0.033215153
3.805625,0.015271367,-0.007722703
3.80625,0.021649686,0.015379829
3.806875,0.024041555,0.028126054
3.8075,0.024041555,0.030515971
3.808125,0.024838845,0.033702527
3.80875,0.024838845,0.036092444
3.809375,0.024838845,0.037685722
3.81,0.028825294,0.051228586
3.810625,0.040784642,0.132485769
3.81125,0.041581931,0.160368135
3.811875,0.040784642,0.15638494
3.8125,0.038392772,0.133282408
3.813125,0.033609033,0.095840373
3.81375,0.032014454,0.06477145
3.814375,0.028825294,0.037685722
3.815,0.026433425,0.021752942
3.815625,0.025636135,0.015379829
3.81625,0.025636135,0.012193273
3.816875,0.024838845,0.009006717
3.8175,0.024838845,0.008210078
3.818125,0.023244266,0.0066168
3.81875,0.0049066,-0.058707602
3.819375,0.001717441,-0.100929471
3.82,0.00331202,-0.103319388
3.820625,0.00410931,-0.086589969
3.82125,0.007298469,-0.055521046
3.821875,0.012082208,-0.024452123
3.8225,0.019257817,0.001040326
3.823125,0.023244266,0.020159663
3.82375,0.024041555,0.029719332
3.824375,0.024041555,0.032109249
3.825,0.024041555,0.035295805
3.825625,0.024838845,0.036092444
3.82625,0.025636135,0.037685722
3.826875,0.033609033,0.076721036
3.8275,0.040784642,0.14841855
3.828125,0.041581931,0.162758052
3.82875,0.039987352,0.150808467
3.829375,0.036798193,0.122129461
3.83,0.033609033,0.083890787
3.830625,0.030419874,0.05600842
3.83125,0.028028005,0.03131261
3.831875,0.026433425,0.018566385
3.8325,0.026433425,0.01458319
3.833125,0.025636135,0.011396634
3.83375,0.024838845,0.009006717
3.834375,0.024041555,0.007413439
3.835,0.017663237,-0.006926064
3.835625,0.00251473,-0.081810134
3.83625,0.00251473,-0.104116027
3.836875,0.00251473,-0.099336193
3.8375,0.00410931,-0.077826939
3.838125,0.008893049,-0.04357146
3.83875,0.013676788,-0.015689094
3.839375,0.020852396,0.009006717
3.84,0.023244266,0.024142859
3.840625,0.024041555,0.029719332
3.84125,0.023244266,0.032905888
3.841875,0.024838845,0.035295805
3.8425,0.025636135,0.036889083
3.843125,0.025636135,0.039279001
3.84375,0.039190062,0.109383236
3.844375,0.042379221,0.157181579
3.845,0.041581931,0.160368135
3.845625,0.039190062,0.142045437
3.84625,0.034406323,0.10619668
3.846875,0.032014454,0.07273784
3.8475,0.029622584,0.046448752
3.848125,0.027230715,0.024142859
3.84875,0.026433425,0.016176468
3.849375,0.025636135,0.012989912
3.85,0.024838845,0.010599995
3.850625,0.024838845,0.009006717
3.85125,0.024041555,0.007413439
3.851875,0.010487629,-0.032418513
3.8525,0.001717441,-0.094556359
3.853125,0.001717441,-0.105709306
3.85375,0.00251473,-0.092963081
3.854375,0.00570389,-0.065877353
3.855,0.009690339,-0.033215153
3.855625,0.015271367,-0.007722703
3.85625,0.021649686,0.01458319
3.856875,0.024041555,0.027329415
3.8575,0.024838845,0.030515971
3.858125,0.024838845,0.032905888
3.85875,0.025636135,0.036092444
3.859375,0.025636135,0.037685722
3.86,0.029622584,0.053618503
3.860625,0.040784642,0.134875686
3.86125,0.042379221,0.161961413
3.861875,0.040784642,0.15638494
3.8625,0.038392772,0.132485769
3.863125,0.034406323,0.095043734
3.86375,0.031217164,0.063974811
3.864375,0.028028005,0.037685722
3.865,0.027230715,0.020159663
3.865625,0.025636135,0.015379829
3.86625,0.024838845,0.012193273
3.866875,0.024838845,0.009803356
3.8675,0.024041555,0.008210078
3.868125,0.022446976,0.005820161
3.86875,0.00410931,-0.062690797
3.869375,0.001717441,-0.10172611
3.87,0.00251473,-0.102522749
3.870625,0.00410931,-0.085793329
3.87125,0.008095759,-0.054724407
3.871875,0.011284918,-0.023655484
3.8725,0.018460527,0.001836965
3.873125,0.022446976,0.020956303
3.87375,0.023244266,0.028922693
3.874375,0.024041555,0.03131261
3.875,0.024041555,0.033702527
3.875625,0.024041555,0.036092444
3.87625,0.024041555,0.036889083
3.876875,0.032811743,0.079110953
3.8775,0.039987352,0.149215189
3.878125,0.040784642,0.162758052
3.87875,0.039987352,0.150011828
3.879375,0.035203613,0.120536183
3.88,0.032014454,0.083890787
3.880625,0.029622584,0.054415142
3.88125,0.028028005,0.030515971
3.881875,0.025636135,0.017769746
3.8825,0.025636135,0.01458319
3.883125,0.024041555,0.010599995
3.88375,0.024041555,0.009006717
3.884375,0.024041555,0.008210078
3.885,0.016068657,-0.009315981
3.885625,0.001717441,-0.083403412
3.88625,0.001717441,-0.104116027
3.886875,0.00251473,-0.097742915
3.8875,0.00410931,-0.076233661
3.888125,0.008095759,-0.041978182
3.88875,0.013676788,-0.014892454
3.889375,0.020055106,0.009006717
3.89,0.023244266,0.024939498
3.890625,0.023244266,0.030515971
3.89125,0.024041555,0.033702527
3.891875,0.024041555,0.035295805
3.8925,0.024041555,0.036889083
3.893125,0.025636135,0.04007564
3.89375,0.038392772,0.111773154
3.894375,0.041581931,0.157181579
3.895,0.040784642,0.159571496
3.895625,0.039190062,0.142045437
3.89625,0.034406323,0.10619668
3.896875,0.032014454,0.073534479
3.8975,0.029622584,0.044855474
3.898125,0.026433425,0.02334622
3.89875,0.025636135,0.015379829
3.899375,0.024838845,0.012989912
3.9,0.024838845,0.009803356
3.900625,0.024041555,0.009006717
3.90125,0.024041555,0.008210078
3.901875,0.009690339,-0.034011792
3.9025,0.001717441,-0.094556359
3.903125,0.00251473,-0.104912667
3.90375,0.00331202,-0.092963081
3.904375,0.00570389,-0.065080714
3.905,0.010487629,-0.032418513
3.905625,0.016068657,-0.005332786
3.90625,0.021649686,0.016973107
3.906875,0.024041555,0.028126054
3.9075,0.024041555,0.03131261
3.908125,0.024041555,0.033702527
3.90875,0.024041555,0.036092444
3.909375,0.024838845,0.037685722
3.91,0.029622584,0.055211781
3.910625,0.040784642,0.136468964
3.91125,0.041581931,0.161961413
3.911875,0.040784642,0.155588301
3.9125,0.037595482,0.13168913
3.913125,0.032811743,0.093450456
3.91375,0.031217164,0.063178172
3.914375,0.028028005,0.036889083
3.915,0.027230715,0.020159663
3.915625,0.026433425,0.015379829
3.91625,0.025636135,0.011396634
3.916875,0.024838845,0.009803356
3.9175,0.024041555,0.009006717
3.918125,0.021649686,0.005820161
3.91875,0.00331202,-0.063487436
3.919375,0.00251473,-0.10172611
3.92,0.00251473,-0.100929471
3.920625,0.00410931,-0.084200051
3.92125,0.007298469,-0.05233449
3.921875,0.012082208,-0.022858845
3.9225,0.018460527,0.002633605
3.923125,0.023244266,0.021752942
3.92375,0.024041555,0.029719332
3.924375,0.024041555,0.032905888
3.925,0.024838845,0.035295805
3.925625,0.024838845,0.036889083
3.92625,0.025636135,0.036889083
3.926875,0.034406323,0.083094148
3.9275,0.041581931,0.150808467
3.928125,0.041581931,0.162758052
3.92875,0.039987352,0.149215189
3.929375,0.035203613,0.118942905
3.93,0.032811743,0.083094148
3.930625,0.029622584,0.054415142
3.93125,0.027230715,0.030515971
3.931875,0.025636135,0.018566385
3.9325,0.025636135,0.01458319
3.933125,0.024838845,0.011396634
3.93375,0.024838845,0.010599995
3.934375,0.024041555,0.009006717
3.935,0.016865947,-0.01011262
3.935625,0.00251473,-0.084200051
3.93625,0.001717441,-0.103319388
3.936875,0.00251473,-0.096149637
3.9375,0.00570389,-0.073843744
3.938125,0.008893049,-0.040384904
3.93875,0.014474078,-0.011705898
3.939375,0.021649686,0.011396634
3.94,0.024041555,0.027329415
3.940625,0.024041555,0.032109249
3.94125,0.024838845,0.035295805
3.941875,0.025636135,0.036889083
3.9425,0.025636135,0.039279001
3.943125,0.026433425,0.041668918
3.94375,0.039190062,0.115756349
3.944375,0.042379221,0.159571496
3.945,0.040784642,0.160368135
3.945625,0.039190062,0.142045437
3.94625,0.033609033,0.10619668
3.946875,0.032014454,0.073534479
3.9475,0.028825294,0.045652113
3.948125,0.027230715,0.024939498
3.94875,0.025636135,0.016176468
3.949375,0.024838845,0.012989912
3.95,0.024041555,0.010599995
3.950625,0.024041555,0.009006717
3.95125,0.023244266,0.008210078
3.951875,0.008893049,-0.036401709
3.9525,0.001717441,-0.096149637
3.953125,0.00251473,-0.104912667
3.95375,0.00331202,-0.091369803
3.954375,0.00650118,-0.063487436
3.955,0.010487629,-0.031621874
3.955625,0.016865947,-0.004536147
3.95625,0.023244266,0.017769746
3.956875,0.024041555,0.028126054
3.9575,0.024838845,0.03131261
3.958125,0.025636135,0.034499166
3.95875,0.025636135,0.035295805
3.959375,0.025636135,0.037685722
3.96,0.030419874,0.057601699
3.960625,0.040784642,0.138062242
3.96125,0.042379221,0.161164774
3.961875,0.040784642,0.154791662
3.9625,0.036798193,0.130095852
3.963125,0.033609033,0.091857178
3.96375,0.030419874,0.061584894
3.964375,0.029622584,0.036092444
3.965,0.027230715,0.019363024
3.965625,0.025636135,0.01458319
3.96625,0.025636135,0.011396634
3.966875,0.024838845,0.009006717
3.9675,0.024041555,0.007413439
3.968125,0.021649686,0.003430244
3.96875,0.00331202,-0.067470631
3.969375,0.00251473,-0.103319388
3.97,0.00251473,-0.10172611
3.970625,0.00410931,-0.084200051
3.97125,0.008095759,-0.05233449
3.971875,0.012082208,-0.022062206
3.9725,0.018460527,0.003430244
3.973125,0.023244266,0.022549581
3.97375,0.024041555,0.029719332
3.974375,0.024041555,0.032905888
3.975,0.024838845,0.034499166
3.975625,0.024041555,0.036889083
3.97625,0.025636135,0.036889083
3.976875,0.035203613,0.086280704
3.9775,0.040784642,0.150808467
3.978125,0.041581931,0.162758052
3.97875,0.039190062,0.14841855
3.979375,0.035203613,0.117349627
3.98,0.032811743,0.08150087
3.980625,0.030419874,0.052821864
3.98125,0.028028005,0.028922693
3.981875,0.026433425,0.017769746
3.9825,0.026433425,0.01458319
3.983125,0.024838845,0.011396634
3.98375,0.024041555,0.009803356
3.984375,0.024041555,0.009006717
3.985,0.015271367,-0.012502537
3.985625,0.001717441,-0.086589969
3.98625,0.001717441,-0.104116027
3.986875,0.00251473,-0.096149637
3.9875,0.0049066,-0.072250466
3.988125,0.008893049,-0.040384904
3.98875,0.014474078,-0.010909259
3.989375,0.020852396,0.012193273
3.99,0.023244266,0.026532776
3.990625,0.024041555,0.030515971
3.99125,0.024041555,0.034499166
3.991875,0.024041555,0.036092444
3.9925,0.024041555,0.038482362
3.993125,0.026433425,0.042465557
3.99375,0.039190062,0.118942905
3.994375,0.041581931,0.158774857
3.995,0.041581931,0.160368135
3.995625,0.038392772,0.140452159
3.99625,0.033609033,0.103806763
3.996875,0.032014454,0.071941201
3.9975,0.028825294,0.044058835
3.998125,0.026433425,0.024142859
3.99875,0.025636135,0.016176468
3.999375,0.025636135,0.013786551
4,0.024041555,0.010599995
4.000625,0.023244266,0.009006717
4.00125,0.023244266,0.008210078
4.001875,0.008095759,-0.040384904
4.0025,0.000920151,-0.097742915
4.003125,0.001717441,-0.104116027
4.00375,0.00251473,-0.089776525
4.004375,0.00570389,-0.062690797
4.005,0.010487629,-0.030825235
4.005625,0.016068657,-0.003739508
4.00625,0.021649686,0.018566385
4.006875,0.023244266,0.028922693
4.0075,0.023244266,0.032109249
4.008125,0.024041555,0.034499166
4.00875,0.024838845,0.036889083
4.009375,0.024838845,0.037685722
4.01,0.030419874,0.060788255
4.010625,0.040784642,0.140452159
4.01125,0.041581931,0.161961413
4.011875,0.039987352,0.154791662
4.0125,0.036798193,0.129299213
4.013125,0.033609033,0.091857178
4.01375,0.030419874,0.062381533
4.014375,0.028028005,0.036092444
4.015,0.026433425,0.020159663
4.015625,0.025636135,0.01458319
4.01625,0.024838845,0.011396634
4.016875,0.024041555,0.010599995
4.0175,0.024041555,0.008210078
4.018125,0.020852396,0.003430244
4.01875,0.00251473,-0.06906391
4.019375,0.001717441,-0.10172611
4.02,0.00251473,-0.100132832
4.020625,0.00410931,-0.081013495
4.02125,0.008095759,-0.049944572
4.021875,0.012879498,-0.020468928
4.0225,0.019257817,0.005023522
4.023125,0.023244266,0.02334622
4.02375,0.024041555,0.030515971
4.024375,0.024041555,0.032905888
4.025,0.024041555,0.036092444
4.025625,0.024838845,0.037685722
4.02625,0.024838845,0.037685722
4.026875,0.036000903,0.088670621
4.0275,0.041581931,0.153198384
4.028125,0.042379221,0.162758052
4.02875,0.039987352,0.147621911
4.029375,0.035203613,0.116552988
4.03,0.032811743,0.079907592
4.030625,0.030419874,0.052025225
4.03125,0.026433425,0.027329415
4.031875,0.025636135,0.016973107
4.0325,0.024838845,0.013786551
4.033125,0.024838845,0.010599995
4.03375,0.023244266,0.009006717
4.034375,0.023244266,0.008210078
4.035,0.013676788,-0.015689094
4.035625,0.001717441,-0.087386608
4.03625,0.001717441,-0.104116027
4.036875,0.00251473,-0.096946276
4.0375,0.0049066,-0.073843744
4.038125,0.008893049,-0.040384904
4.03875,0.013676788,-0.011705898
4.039375,0.020852396,0.012193273
4.04,0.023244266,0.026532776
4.040625,0.024041555,0.030515971
4.04125,0.024041555,0.032905888
4.041875,0.024838845,0.035295805
4.0425,0.025636135,0.036889083
4.043125,0.027230715,0.042465557
4.04375,0.039987352,0.119739544
4.044375,0.041581931,0.158774857
4.045,0.040784642,0.158774857
4.045625,0.038392772,0.13965552
4.04625,0.033609033,0.103010124
4.046875,0.031217164,0.070347923
4.0475,0.028825294,0.043262196
4.048125,0.027230715,0.022549581
4.04875,0.025636135,0.015379829
4.049375,0.024838845,0.012193273
4.05,0.024838845,0.009803356
4.050625,0.024041555,0.007413439
4.05125,0.024041555,0.008210078
4.051875,0.007298469,-0.04357146
4.0525,0.00251473,-0.097742915
4.053125,0.00251473,-0.104912667
4.05375,0.00331202,-0.090573164
4.054375,0.007298469,-0.061097519
4.055,0.011284918,-0.029231957
4.055625,0.017663237,-0.002942869
4.05625,0.023244266,0.018566385
4.056875,0.024041555,0.028126054
4.0575,0.024041555,0.03131261
4.058125,0.024041555,0.033702527
4.05875,0.024838845,0.036092444
4.059375,0.025636135,0.036889083
4.06,0.032014454,0.062381533
4.060625,0.040784642,0.141248798
4.06125,0.042379221,0.161164774
4.061875,0.040784642,0.153198384
4.0625,0.036798193,0.127705935
4.063125,0.032811743,0.090263899
4.06375,0.031217164,0.059194977
4.064375,0.028825294,0.033702527
4.065,0.027230715,0.018566385
4.065625,0.025636135,0.013786551
4.06625,0.024838845,0.011396634
4.066875,0.024838845,0.009803356
4.0675,0.024838845,0.007413439
4.068125,0.021649686,0.001040326
4.06875,0.00410931,-0.071453827
4.069375,0.001717441,-0.103319388
4.07,0.00331202,-0.10172611
4.070625,0.0049066,-0.082606773
4.07125,0.008095759,-0.049944572
4.071875,0.012082208,-0.020468928
4.0725,0.020055106,0.005820161
4.073125,0.023244266,0.02334622
4.07375,0.024838845,0.029719332
4.074375,0.024041555,0.032109249
4.075,0.024041555,0.035295805
4.075625,0.025636135,0.036889083
4.07625,0.025636135,0.036889083
4.076875,0.036798193,0.092653817
4.0775,0.042379221,0.152401745
4.078125,0.040784642,0.161961413
4.07875,0.039190062,0.146825272
4.079375,0.035203613,0.113366432
4.08,0.032811743,0.078314314
4.080625,0.029622584,0.050431947
4.08125,0.027230715,0.027329415
4.081875,0.026433425,0.016973107
4.0825,0.025636135,0.012989912
4.083125,0.024041555,0.010599995
4.08375,0.024041555,0.009006717
4.084375,0.024041555,0.007413439
4.085,0.014474078,-0.01887565
4.085625,0.00251473,-0.089776525
4.08625,0.00251473,-0.104912667
4.086875,0.00331202,-0.095352998
4.0875,0.0049066,-0.071453827
4.088125,0.008893049,-0.037994987
4.08875,0.014474078,-0.010909259
4.089375,0.020852396,0.011396634
4.09,0.023244266,0.026532776
4.090625,0.023244266,0.030515971
4.09125,0.023244266,0.032905888
4.091875,0.024041555,0.035295805
4.0925,0.024838845,0.037685722
4.093125,0.027230715,0.044058835
4.09375,0.039987352,0.1229261
4.094375,0.041581931,0.159571496
4.095,0.040784642,0.157978218
4.095625,0.038392772,0.137265603
4.09625,0.034406323,0.099823568
4.096875,0.031217164,0.067958006
4.0975,0.029622584,0.041668918
4.098125,0.026433425,0.021752942
4.09875,0.025636135,0.01458319
4.099375,0.024838845,0.011396634
4.1,0.024041555,0.009006717
4.100625,0.024041555,0.007413439
4.10125,0.023244266,0.007413439
4.101875,0.00650118,-0.048351294
4.1025,0.001717441,-0.099336193
4.103125,0.00251473,-0.104912667
4.10375,0.00331202,-0.089776525
4.104375,0.00650118,-0.06030088
4.105,0.010487629,-0.029231957
4.105625,0.016865947,-0.00214623
4.10625,0.022446976,0.018566385
4.106875,0.024041555,0.029719332
4.1075,0.024041555,0.032109249
4.108125,0.024838845,0.035295805
4.10875,0.024838845,0.036889083
4.109375,0.024838845,0.037685722
4.11,0.031217164,0.065568089
4.110625,0.040784642,0.142842076
4.11125,0.041581931,0.161961413
4.111875,0.039987352,0.153198384
4.1125,0.036798193,0.127705935
4.113125,0.032811743,0.088670621
4.11375,0.030419874,0.059991616
4.114375,0.028825294,0.033702527
4.115,0.026433425,0.019363024
4.115625,0.025636135,0.01458319
4.11625,0.025636135,0.011396634
4.116875,0.024838845,0.009803356
4.1175,0.024041555,0.008210078
4.118125,0.019257817,0.000243687
4.11875,0.00251473,-0.073843744
4.119375,0.001717441,-0.103319388
4.12,0.00251473,-0.100132832
4.120625,0.00410931,-0.081013495
4.12125,0.008095759,-0.047554655
4.121875,0.012879498,-0.018079011
4.1225,0.020055106,0.005820161
4.123125,0.022446976,0.02334622
4.12375,0.024041555,0.029719332
4.124375,0.024041555,0.032905888
4.125,0.024838845,0.035295805
4.125625,0.024838845,0.036889083
4.12625,0.025636135,0.037685722
4.126875,0.037595482,0.096637012
4.1275,0.042379221,0.153995023
4.128125,0.042379221,0.162758052
4.12875,0.039987352,0.146028633
4.129375,0.035203613,0.114163071
4.13,0.033609033,0.077517675
4.130625,0.030419874,0.050431947
4.13125,0.027230715,0.027329415
4.131875,0.026433425,0.016973107
4.1325,0.025636135,0.013786551
4.133125,0.024838845,0.011396634
4.13375,0.024041555,0.009803356
4.134375,0.023244266,0.008210078
4.135,0.012879498,-0.020468928
4.135625,0.001717441,-0.089776525
4.13625,0.001717441,-0.104116027
4.136875,0.001717441,-0.094556359
4.1375,0.0049066,-0.069860549
4.138125,0.008893049,-0.036401709
4.13875,0.014474078,-0.01011262
4.139375,0.020852396,0.013786551
4.14,0.023244266,0.027329415
4.140625,0.023244266,0.03131261
4.14125,0.024041555,0.033702527
4.141875,0.024041555,0.036092444
4.1425,0.024041555,0.036889083
4.143125,0.027230715,0.045652113
4.14375,0.039190062,0.125316017
4.144375,0.040784642,0.159571496
4.145,0.039987352,0.157181579
4.145625,0.037595482,0.136468964
4.14625,0.032811743,0.099026929
4.146875,0.031217164,0.067958006
4.1475,0.028028005,0.040872279
4.148125,0.026433425,0.021752942
4.14875,0.025636135,0.015379829
4.149375,0.024838845,0.012989912
4.15,0.024041555,0.010599995
4.150625,0.024041555,0.009006717
4.15125,0.023244266,0.008210078
4.151875,0.00570389,-0.049147933
4.1525,0.001717441,-0.097742915
4.153125,0.00251473,-0.102522749
4.15375,0.00331202,-0.087386608
4.154375,0.007298469,-0.057910963
4.155,0.011284918,-0.02684204
4.155625,0.017663237,-0.001349591
4.15625,0.023244266,0.020159663
4.156875,0.024041555,0.029719332
4.1575,0.024041555,0.032109249
4.158125,0.024041555,0.034499166
4.15875,0.024838845,0.037685722
4.159375,0.024838845,0.037685722
4.16,0.031217164,0.067958006
4.160625,0.040784642,0.144435354
4.16125,0.040784642,0.161961413
4.161875,0.039987352,0.152401745
4.1625,0.036000903,0.125316017
4.163125,0.032811743,0.086280704
4.16375,0.030419874,0.058398338
4.164375,0.027230715,0.032905888
4.165,0.025636135,0.019363024
4.165625,0.025636135,0.015379829
4.16625,0.024838845,0.012193273
4.166875,0.024041555,0.009803356
4.1675,0.023244266,0.007413439
4.168125,0.018460527,-0.00214623
4.16875,0.00251473,-0.076233661
4.169375,0.001717441,-0.104116027
4.17,0.001717441,-0.099336193
4.170625,0.00410931,-0.080216856
4.17125,0.007298469,-0.045961377
4.171875,0.012879498,-0.017282372
4.1725,0.019257817,0.0066168
4.173125,0.022446976,0.024142859
4.17375,0.023244266,0.030515971
4.174375,0.024041555,0.032905888
4.175,0.024041555,0.035295805
4.175625,0.024838845,0.036889083
4.17625,0.025636135,0.038482362
4.176875,0.036798193,0.099823568
4.1775,0.041581931,0.153995023
4.178125,0.040784642,0.161961413
4.17875,0.039190062,0.145231993
4.179375,0.034406323,0.111773154
4.18,0.032014454,0.075924397
4.180625,0.029622584,0.048838669
4.18125,0.027230715,0.026532776
4.181875,0.025636135,0.016176468
4.1825,0.024838845,0.012989912
4.183125,0.024041555,0.010599995
4.18375,0.024041555,0.009006717
4.184375,0.023244266,0.007413439
4.185,0.012082208,-0.023655484
4.185625,0.001717441,-0.092166442
4.18625,0.001717441,-0.105709306
4.186875,0.00251473,-0.095352998
4.1875,0.0049066,-0.069860549
4.188125,0.008893049,-0.036401709
4.18875,0.014474078,-0.009315981
4.189375,0.020055106,0.01458319
4.19,0.022446976,0.026532776
4.190625,0.023244266,0.030515971
4.19125,0.024041555,0.032905888
4.191875,0.023244266,0.035295805
4.1925,0.024041555,0.036889083
4.193125,0.028028005,0.046448752
4.19375,0.039987352,0.126909295
4.194375,0.041581931,0.159571496
4.195,0.039987352,0.157181579
4.195625,0.036798193,0.134875686
4.19625,0.032811743,0.096637012
4.196875,0.030419874,0.066364728
4.1975,0.028028005,0.04007564
4.198125,0.026433425,0.021752942
4.19875,0.025636135,0.015379829
4.199375,0.024041555,0.012193273
4.2,0.023244266,0.010599995
4.200625,0.023244266,0.009006717
4.20125,0.022446976,0.007413439
4.201875,0.00410931,-0.053131129
4.2025,0.000920151,-0.100132832
4.203125,0.001717441,-0.103319388
4.20375,0.00251473,-0.087386608
4.204375,0.00650118,-0.057114324
4.205,0.010487629,-0.025248762
4.205625,0.017663237,0.001040326
4.20625,0.022446976,0.020159663
4.206875,0.023244266,0.029719332
4.2075,0.023244266,0.03131261
4.208125,0.024041555,0.034499166
4.20875,0.024838845,0.036092444
4.209375,0.024838845,0.037685722
4.21,0.032014454,0.070347923
4.210625,0.040784642,0.146028633
4.21125,0.040784642,0.162758052
4.211875,0.039987352,0.152401745
4.2125,0.036000903,0.124519378
4.213125,0.032811743,0.086280704
4.21375,0.030419874,0.05680506
4.214375,0.028028005,0.03131261
4.215,0.025636135,0.018566385
4.215625,0.025636135,0.013786551
4.21625,0.024041555,0.010599995
4.216875,0.024041555,0.009006717
4.2175,0.023244266,0.007413439
4.218125,0.017663237,-0.003739508
4.21875,0.001717441,-0.078623578
4.219375,0.001717441,-0.104116027
4.22,0.001717441,-0.099336193
4.220625,0.00331202,-0.078623578
4.22125,0.008095759,-0.045164738
4.221875,0.013676788,-0.015689094
4.2225,0.020055106,0.008210078
4.223125,0.023244266,0.024939498
4.22375,0.024041555,0.030515971
4.224375,0.024041555,0.032905888
4.225,0.024041555,0.036092444
4.225625,0.024838845,0.037685722
4.22625,0.024838845,0.038482362
4.226875,0.037595482,0.103806763
4.2275,0.040784642,0.155588301
4.228125,0.040784642,0.161164774
4.22875,0.039190062,0.143638715
4.229375,0.034406323,0.110179876
4.23,0.032014454,0.075924397
4.230625,0.029622584,0.04804203
4.23125,0.027230715,0.026532776
4.231875,0.025636135,0.016973107
4.2325,0.025636135,0.013786551
4.233125,0.024041555,0.011396634
4.23375,0.024041555,0.009803356
4.234375,0.023244266,0.009006717
4.235,0.012082208,-0.025248762
4.235625,0.001717441,-0.092166442
4.23625,0.001717441,-0.104116027
4.236875,0.00251473,-0.092963081
4.2375,0.00570389,-0.067470631
4.238125,0.009690339,-0.034808431
4.23875,0.015271367,-0.007722703
4.239375,0.020852396,0.01458319
4.24,0.023244266,0.027329415
4.240625,0.023244266,0.030515971
4.24125,0.024041555,0.033702527
4.241875,0.024041555,0.036092444
4.2425,0.024838845,0.036889083
4.243125,0.028825294,0.049635308
4.24375,0.039987352,0.130892491
4.244375,0.040784642,0.159571496
4.245,0.039987352,0.15638494
4.245625,0.038392772,0.134875686
4.24625,0.033609033,0.097433651
4.246875,0.032014454,0.066364728
4.2475,0.029622584,0.039279001
4.248125,0.027230715,0.021752942
4.24875,0.026433425,0.015379829
4.249375,0.025636135,0.012193273
4.25,0.024838845,0.010599995
4.250625,0.024838845,0.009006717
4.25125,0.023244266,0.0066168
4.251875,0.0049066,-0.057114324
4.2525,0.001717441,-0.099336193
4.253125,0.001717441,-0.102522749
4.25375,0.00251473,-0.086589969
4.254375,0.00650118,-0.056317685
4.255,0.011284918,-0.025248762
4.255625,0.017663237,0.001040326
4.25625,0.022446976,0.020956303
4.256875,0.023244266,0.029719332
4.2575,0.024041555,0.032905888
4.258125,0.024041555,0.035295805
4.25875,0.024041555,0.037685722
4.259375,0.024838845,0.037685722
4.26,0.032811743,0.074331119
4.260625,0.040784642,0.14841855
4.26125,0.041581931,0.162758052
4.261875,0.039190062,0.151605106
4.2625,0.035203613,0.122129461
4.263125,0.032811743,0.086280704
4.26375,0.030419874,0.05680506
4.264375,0.027230715,0.032109249
4.265,0.026433425,0.018566385
4.265625,0.025636135,0.015379829
4.26625,0.024041555,0.011396634
4.266875,0.024041555,0.009803356
4.2675,0.024041555,0.009006717
4.268125,0.017663237,-0.004536147
4.26875,0.001717441,-0.079420217
4.269375,0.001717441,-0.102522749
4.27,0.00251473,-0.097742915
4.270625,0.00410931,-0.0770303
4.27125,0.008893049,-0.04357146
4.271875,0.014474078,-0.014892454
4.2725,0.020852396,0.009006717
4.273125,0.024041555,0.025736137
4.27375,0.024041555,0.03131261
4.274375,0.024041555,0.034499166
4.275,0.024838845,0.036092444
4.275625,0.024838845,0.037685722
4.27625,0.025636135,0.038482362
4.276875,0.037595482,0.106993319
4.2775,0.041581931,0.157181579
4.278125,0.040784642,0.161164774
4.27875,0.039190062,0.143638715
4.279375,0.034406323,0.108586597
4.28,0.032014454,0.074331119
4.280625,0.029622584,0.047245391
4.28125,0.027230715,0.024939498
4.281875,0.025636135,0.016176468
4.2825,0.025636135,0.012989912
4.283125,0.024041555,0.010599995
4.28375,0.024041555,0.009006717
4.284375,0.024041555,0.007413439
4.285,0.010487629,-0.030028596
4.285625,0.001717441,-0.09375972
4.28625,0.00251473,-0.105709306
4.286875,0.00251473,-0.09375972
4.2875,0.00650118,-0.066673992
4.288125,0.009690339,-0.034011792
4.28875,0.016068657,-0.006926064
4.289375,0.021649686,0.015379829
4.29,0.023244266,0.028126054
4.290625,0.024041555,0.03131261
4.29125,0.024838845,0.034499166
4.291875,0.024838845,0.036092444
4.2925,0.025636135,0.037685722
4.293125,0.029622584,0.052025225
4.29375,0.040784642,0.132485769
4.294375,0.042379221,0.160368135
4.295,0.041581931,0.15638494
4.295625,0.038392772,0.133282408
4.29625,0.034406323,0.095840373
4.296875,0.030419874,0.06477145
4.2975,0.028825294,0.038482362
4.298125,0.027230715,0.020956303
4.29875,0.025636135,0.015379829
4.299375,0.024838845,0.012193273
4.3,0.024041555,0.010599995
4.300625,0.024041555,0.008210078
4.30125,0.023244266,0.0066168
4.301875,0.0049066,-0.058707602
4.3025,0.001717441,-0.100132832
4.303125,0.00251473,-0.102522749
4.30375,0.00251473,-0.085793329
4.304375,0.007298469,-0.053927768
4.305,0.011284918,-0.023655484
4.305625,0.017663237,0.001836965
4.30625,0.022446976,0.020956303
4.306875,0.023244266,0.029719332
4.3075,0.024041555,0.032905888
4.308125,0.024838845,0.035295805
4.30875,0.024838845,0.036889083
4.309375,0.025636135,0.037685722
4.31,0.033609033,0.078314314
4.310625,0.041581931,0.14841855
4.31125,0.042379221,0.163554692
4.311875,0.039987352,0.151605106
4.3125,0.036000903,0.122129461
4.313125,0.032811743,0.084687426
4.31375,0.030419874,0.055211781
4.314375,0.028028005,0.03131261
4.315,0.026433425,0.018566385
4.315625,0.025636135,0.01458319
4.31625,0.024041555,0.010599995
4.316875,0.024041555,0.009803356
4.3175,0.024041555,0.008210078
4.318125,0.016865947,-0.006926064
4.31875,0.00251473,-0.081810134
4.319375,0.001717441,-0.103319388
4.32,0.00251473,-0.097742915
4.320625,0.00410931,-0.0770303
4.32125,0.008095759,-0.042774821
4.321875,0.012879498,-0.014892454
4.3225,0.019257817,0.009006717
4.323125,0.022446976,0.024939498
4.32375,0.023244266,0.030515971
4.324375,0.024041555,0.033702527
4.325,0.024041555,0.036092444
4.325625,0.024838845,0.037685722
4.32625,0.025636135,0.039279001
4.326875,0.037595482,0.110179876
4.3275,0.040784642,0.157181579
4.328125,0.040784642,0.160368135
4.32875,0.038392772,0.142842076
4.329375,0.033609033,0.107789958
4.33,0.032014454,0.074331119
4.330625,0.028825294,0.046448752
4.33125,0.026433425,0.024939498
4.331875,0.025636135,0.016176468
4.3325,0.025636135,0.013786551
4.333125,0.024838845,0.011396634
4.33375,0.024041555,0.009006717
4.334375,0.024041555,0.008210078
4.335,0.009690339,-0.031621874
4.335625,0.001717441,-0.094556359
4.33625,0.001717441,-0.104912667
4.336875,0.00251473,-0.092166442
4.3375,0.00570389,-0.065080714
4.338125,0.009690339,-0.032418513
4.33875,0.016068657,-0.006129425
4.339375,0.022446976,0.016973107
4.34,0.024041555,0.028126054
4.340625,0.024041555,0.03131261
4.34125,0.024041555,0.033702527
4.341875,0.024041555,0.036092444
4.3425,0.024041555,0.037685722
4.343125,0.028825294,0.053618503
4.34375,0.039987352,0.134875686
4.344375,0.041581931,0.161961413
4.345,0.039987352,0.15638494
4.345625,0.036798193,0.132485769
4.34625,0.032811743,0.093450456
4.346875,0.030419874,0.063974811
4.3475,0.028028005,0.036889083
4.348125,0.026433425,0.020159663
4.34875,0.025636135,0.01458319
4.349375,0.024838845,0.011396634
4.35,0.024041555,0.009803356
4.350625,0.023244266,0.008210078
4.35125,0.021649686,0.005820161
4.351875,0.00251473,-0.061894158
4.3525,0.001717441,-0.10172611
4.353125,0.001717441,-0.10172611
4.35375,0.00251473,-0.08499669
4.354375,0.00650118,-0.053927768
4.355,0.011284918,-0.022858845
4.355625,0.017663237,0.002633605
4.35625,0.022446976,0.021752942
4.356875,0.024041555,0.029719332
4.3575,0.023244266,0.03131261
4.358125,0.024041555,0.034499166
4.35875,0.024041555,0.036092444
4.359375,0.024838845,0.036889083
4.36,0.034406323,0.079907592
4.360625,0.040784642,0.149215189
4.36125,0.040784642,0.162758052
4.361875,0.039190062,0.150011828
4.3625,0.035203613,0.119739544
4.363125,0.032811743,0.083094148
4.36375,0.029622584,0.054415142
4.364375,0.027230715,0.030515971
4.365,0.025636135,0.017769746
4.365625,0.025636135,0.013786551
4.36625,0.024838845,0.011396634
4.366875,0.024041555,0.009006717
4.3675,0.023244266,0.008210078
4.368125,0.015271367,-0.01011262
4.36875,0.001717441,-0.084200051
4.369375,0.001717441,-0.104116027
4.37,0.001717441,-0.097742915
4.370625,0.00410931,-0.075437022
4.37125,0.008095759,-0.042774821
4.371875,0.012879498,-0.014095815
4.3725,0.020055106,0.009803356
4.373125,0.023244266,0.024939498
4.37375,0.023244266,0.030515971
4.374375,0.023244266,0.032905888
4.375,0.024041555,0.035295805
4.375625,0.024041555,0.037685722
4.37625,0.025636135,0.04007564
4.376875,0.037595482,0.113366432
4.3775,0.040784642,0.157978218
4.378125,0.039987352,0.161164774
4.37875,0.038392772,0.142045437
4.379375,0.033609033,0.10619668
4.38,0.031217164,0.073534479
4.380625,0.028825294,0.045652113
4.38125,0.026433425,0.024142859
4.381875,0.025636135,0.015379829
4.3825,0.024838845,0.012989912
4.383125,0.024041555,0.010599995
4.38375,0.023244266,0.009006717
4.384375,0.023244266,0.008210078
4.385,0.008893049,-0.034808431
4.385625,0.000920151,-0.095352998
4.38625,0.001717441,-0.104912667
4.386875,0.001717441,-0.091369803
4.3875,0.00570389,-0.065080714
4.388125,0.009690339,-0.032418513
4.38875,0.015271367,-0.006129425
4.389375,0.021649686,0.016176468
4.39,0.023244266,0.028126054
4.390625,0.023244266,0.03131261
4.39125,0.024041555,0.033702527
4.391875,0.024041555,0.036092444
4.3925,0.024838845,0.037685722
4.393125,0.030419874,0.05600842
4.39375,0.040784642,0.137265603
4.394375,0.041581931,0.161961413
4.395,0.040784642,0.155588301
4.395625,0.037595482,0.13168913
4.39625,0.033609033,0.092653817
4.396875,0.030419874,0.063178172
4.3975,0.027230715,0.036889083
4.398125,0.025636135,0.020159663
4.39875,0.024838845,0.01458319
4.399375,0.024041555,0.012193273
4.4,0.024041555,0.010599995
4.400625,0.024041555,0.009006717
4.40125,0.021649686,0.005820161
4.401875,0.00331202,-0.063487436
4.4025,0.001717441,-0.10172611
4.403125,0.001717441,-0.100929471
4.40375,0.00331202,-0.084200051
4.404375,0.007298469,-0.05233449
4.405,0.011284918,-0.022062206
4.405625,0.017663237,0.002633605
4.40625,0.023244266,0.021752942
4.406875,0.024041555,0.030515971
4.4075,0.024041555,0.032109249
4.408125,0.024838845,0.036092444
4.40875,0.024838845,0.036889083
4.409375,0.024838845,0.037685722
4.41,0.035203613,0.083094148
4.410625,0.041581931,0.150808467
4.41125,0.041581931,0.161961413
4.411875,0.039987352,0.14841855
4.4125,0.035203613,0.118146266
4.413125,0.032811743,0.082297509
4.41375,0.029622584,0.053618503
4.414375,0.027230715,0.029719332
4.415,0.025636135,0.017769746
4.415625,0.025636135,0.01458319
4.41625,0.024838845,0.011396634
4.416875,0.024041555,0.009803356
4.4175,0.024041555,0.008210078
4.418125,0.016068657,-0.011705898
4.41875,0.001717441,-0.085793329
4.419375,0.001717441,-0.104116027
4.42,0.00251473,-0.096946276
4.420625,0.0049066,-0.074640383
4.42125,0.008893049,-0.041181543
4.421875,0.013676788,-0.013299176
4.4225,0.020055106,0.010599995
4.423125,0.022446976,0.024939498
4.42375,0.023244266,0.030515971
4.424375,0.023244266,0.033702527
4.425,0.024041555,0.036092444
4.425625,0.024041555,0.036889083
4.42625,0.025636135,0.040872279
4.426875,0.037595482,0.11495971
4.4275,0.040784642,0.157978218
4.428125,0.040784642,0.158774857
4.42875,0.038392772,0.13965552
4.429375,0.033609033,0.103806763
4.43,0.031217164,0.071941201
4.430625,0.028825294,0.044855474
4.43125,0.026433425,0.024142859
4.431875,0.025636135,0.015379829
4.4325,0.024041555,0.012989912
4.433125,0.024041555,0.010599995
4.43375,0.023244266,0.009006717
4.434375,0.023244266,0.008210078
4.435,0.008095759,-0.038791626
4.435625,0.000920151,-0.096946276
4.43625,0.001717441,-0.105709306
4.436875,0.00251473,-0.092166442
4.4375,0.00570389,-0.062690797
4.438125,0.009690339,-0.031621874
4.43875,0.016068657,-0.004536147
4.439375,0.021649686,0.016973107
4.44,0.022446976,0.027329415
4.440625,0.023244266,0.030515971
4.44125,0.024041555,0.033702527
4.441875,0.024041555,0.036889083
4.4425,0.024041555,0.037685722
4.443125,0.030419874,0.058398338
4.44375,0.039987352,0.138858881
4.444375,0.040784642,0.162758052
4.445,0.039987352,0.153995023
4.445625,0.036798193,0.130095852
4.44625,0.032811743,0.091857178
4.446875,0.030419874,0.062381533
4.4475,0.028028005,0.036889083
4.448125,0.026433425,0.020159663
4.44875,0.025636135,0.01458319
4.449375,0.024838845,0.012193273
4.45,0.024041555,0.009803356
4.450625,0.024041555,0.007413439
4.45125,0.020852396,0.002633605
4.451875,0.00251473,-0.06906391
4.4525,0.00251473,-0.102522749
4.453125,0.001717441,-0.100929471
4.45375,0.00331202,-0.083403412
4.454375,0.007298469,-0.050741211
4.455,0.012082208,-0.021265567
4.455625,0.018460527,0.004226883
4.45625,0.021649686,0.022549581
4.456875,0.024041555,0.029719332
4.4575,0.023244266,0.032905888
4.458125,0.024041555,0.035295805
4.45875,0.024041555,0.036889083
4.459375,0.024838845,0.038482362
4.46,0.034406323,0.087077343
4.460625,0.040784642,0.151605106
4.46125,0.040784642,0.162758052
4.461875,0.039190062,0.14841855
4.4625,0.034406323,0.116552988
4.463125,0.032811743,0.08150087
4.46375,0.029622584,0.052821864
4.464375,0.027230715,0.029719332
4.465,0.025636135,0.016973107
4.465625,0.025636135,0.01458319
4.46625,0.024838845,0.010599995
4.466875,0.024041555,0.009006717
4.4675,0.023244266,0.007413439
4.468125,0.014474078,-0.013299176
4.46875,0.000920151,-0.087386608
4.469375,0.001717441,-0.104912667
4.47,0.00251473,-0.096149637
4.470625,0.0049066,-0.073843744
4.47125,0.008095759,-0.039588265
4.471875,0.013676788,-0.012502537
4.4725,0.020055106,0.011396634
4.473125,0.023244266,0.026532776
4.47375,0.023244266,0.030515971
4.474375,0.024041555,0.033702527
4.475,0.024041555,0.036092444
4.475625,0.024041555,0.038482362
4.47625,0.026433425,0.043262196
4.476875,0.039190062,0.118942905
4.4775,0.040784642,0.159571496
4.478125,0.039987352,0.159571496
4.47875,0.038392772,0.140452159
4.479375,0.033609033,0.103806763
4.48,0.031217164,0.071941201
4.480625,0.028825294,0.044058835
4.48125,0.026433425,0.02334622
4.481875,0.024838845,0.016176468
4.4825,0.024838845,0.012989912
4.483125,0.024041555,0.010599995
4.48375,0.024041555,0.009006717
4.484375,0.023244266,0.008210078
4.485,0.007298469,-0.041181543
4.485625,0.000920151,-0.096946276
4.48625,0.001717441,-0.104116027
4.486875,0.00251473,-0.089776525
4.4875,0.00570389,-0.061894158
4.488125,0.009690339,-0.030028596
4.48875,0.016865947,-0.003739508
4.489375,0.022446976,0.018566385
4.49,0.024041555,0.028922693
4.490625,0.024041555,0.03131261
4.49125,0.024041555,0.034499166
4.491875,0.024041555,0.036092444
4.4925,0.024838845,0.036889083
4.493125,0.030419874,0.060788255
4.49375,0.039987352,0.140452159
4.494375,0.041581931,0.161961413
4.495,0.040784642,0.153995023
4.495625,0.036798193,0.127705935
4.49625,0.032811743,0.090263899
4.496875,0.030419874,0.060788255
4.4975,0.028825294,0.035295805
4.498125,0.026433425,0.019363024
4.49875,0.026433425,0.015379829
4.499375,0.024838845,0.011396634
4.5,0.024041555,0.009803356
4.500625,0.024041555,0.007413439
4.50125,0.020852396,0.001836965
4.501875,0.00331202,-0.069860549
4.5025,0.001717441,-0.103319388
4.503125,0.00251473,-0.100929471
4.50375,0.00251473,-0.083403412
4.504375,0.007298469,-0.049944572
4.505,0.012082208,-0.020468928
4.505625,0.018460527,0.005023522
4.50625,0.022446976,0.022549581
4.506875,0.023244266,0.028922693
4.5075,0.024041555,0.032109249
4.508125,0.024041555,0.035295805
4.50875,0.023244266,0.036092444
4.509375,0.024041555,0.036889083
4.51,0.035203613,0.08946726
4.510625,0.040784642,0.152401745
4.51125,0.040784642,0.162758052
4.511875,0.039190062,0.147621911
4.5125,0.035203613,0.115756349
4.513125,0.032811743,0.079907592
4.51375,0.029622584,0.052025225
4.514375,0.027230715,0.028126054
4.515,0.024838845,0.017769746
4.515625,0.025636135,0.013786551
4.51625,0.024041555,0.010599995
4.516875,0.024041555,0.009006717
4.5175,0.023244266,0.007413439
4.518125,0.014474078,-0.016485733
4.51875,0.001717441,-0.088979886
4.519375,0.001717441,-0.105709306
4.52,0.00251473,-0.096149637
4.520625,0.0049066,-0.073047105
4.52125,0.008893049,-0.038791626
4.521875,0.013676788,-0.011705898
4.5225,0.020852396,0.012193273
4.523125,0.023244266,0.026532776
4.52375,0.023244266,0.030515971
4.524375,0.023244266,0.033702527
4.525,0.024041555,0.035295805
4.525625,0.024041555,0.036889083
4.52625,0.026433425,0.043262196
4.526875,0.039190062,0.120536183
4.5275,0.041581931,0.158774857
4.528125,0.040784642,0.157978218
4.52875,0.038392772,0.138062242
4.529375,0.033609033,0.101416846
4.53,0.031217164,0.068754645
4.530625,0.028028005,0.041668918
4.53125,0.026433425,0.022549581
4.531875,0.024838845,0.015379829
4.5325,0.024838845,0.012193273
4.533125,0.024041555,0.009803356
4.53375,0.022446976,0.007413439
4.534375,0.023244266,0.007413439
4.535,0.007298469,-0.045164738
4.535625,0.001717441,-0.097742915
4.53625,0.001717441,-0.104912667
4.536875,0.00251473,-0.090573164
4.5375,0.00570389,-0.061894158
4.538125,0.010487629,-0.029231957
4.53875,0.016865947,-0.002942869
4.539375,0.021649686,0.017769746
4.54,0.023244266,0.028126054
4.540625,0.024041555,0.030515971
4.54125,0.024041555,0.034499166
4.541875,0.024041555,0.036092444
4.5425,0.024041555,0.036889083
4.543125,0.031217164,0.062381533
4.54375,0.040784642,0.142045437
4.544375,0.040784642,0.161961413
4.545,0.039987352,0.153198384
4.545625,0.036798193,0.127705935
4.54625,0.033609033,0.088670621
4.546875,0.030419874,0.059991616
4.5475,0.027230715,0.033702527
4.548125,0.026433425,0.019363024
4.54875,0.025636135,0.01458319
4.549375,0.024838845,0.011396634
4.55,0.024838845,0.009803356
4.550625,0.024041555,0.007413439
4.55125,0.020055106,0.001040326
4.551875,0.00251473,-0.073047105
4.5525,0.001717441,-0.104116027
4.553125,0.00251473,-0.100132832
4.55375,0.00410931,-0.081013495
4.554375,0.008095759,-0.048351294
4.555,0.012879498,-0.01887565
4.555625,0.020055106,0.005820161
4.55625,0.023244266,0.02334622
4.556875,0.024041555,0.030515971
4.5575,0.024041555,0.032905888
4.558125,0.024041555,0.034499166
4.55875,0.024838845,0.036889083
4.559375,0.025636135,0.037685722
4.56,0.036798193,0.093450456
4.560625,0.041581931,0.153198384
4.56125,0.041581931,0.161961413
4.561875,0.039987352,0.146825272
4.5625,0.035203613,0.114163071
4.563125,0.032811743,0.078314314
4.56375,0.029622584,0.051228586
4.564375,0.027230715,0.028126054
4.565,0.026433425,0.017769746
4.565625,0.025636135,0.013786551
4.56625,0.025636135,0.011396634
4.566875,0.024041555,0.009803356
4.5675,0.024041555,0.007413439
4.568125,0.014474078,-0.01887565
4.56875,0.001717441,-0.088979886
4.569375,0.00251473,-0.104912667
4.57,0.00251473,-0.095352998
4.570625,0.00570389,-0.070657188
4.57125,0.008893049,-0.037198348
4.571875,0.014474078,-0.01011262
4.5725,0.020852396,0.012989912
4.573125,0.024041555,0.026532776
4.57375,0.024041555,0.030515971
4.574375,0.024041555,0.033702527
4.575,0.024041555,0.036092444
4.575625,0.024041555,0.036889083
4.57625,0.027230715,0.044855474
4.576875,0.039987352,0.123722739
4.5775,0.041581931,0.159571496
4.578125,0.040784642,0.157978218
4.57875,0.039190062,0.137265603
4.579375,0.033609033,0.100620207
4.58,0.031217164,0.067958006
4.580625,0.028825294,0.041668918
4.58125,0.026433425,0.021752942
4.581875,0.025636135,0.015379829
4.5825,0.025636135,0.012193273
4.583125,0.024838845,0.009803356
4.58375,0.024041555,0.007413439
4.584375,0.023244266,0.007413439
4.585,0.00650118,-0.048351294
4.585625,0.001717441,-0.099336193
4.58625,0.00251473,-0.104116027
4.586875,0.00251473,-0.088183247
4.5875,0.00650118,-0.059504241
4.588125,0.010487629,-0.027638679
4.58875,0.017663237,-0.001349591
4.589375,0.023244266,0.019363024
4.59,0.024041555,0.028126054
4.590625,0.024041555,0.03131261
4.59125,0.024838845,0.034499166
4.591875,0.024838845,0.036889083
4.5925,0.025636135,0.037685722
4.593125,0.032014454,0.065568089
4.59375,0.040784642,0.143638715
4.594375,0.041581931,0.161961413
4.595,0.040784642,0.152401745
4.595625,0.036798193,0.126112656
4.59625,0.033609033,0.087077343
4.596875,0.030419874,0.058398338
4.5975,0.028028005,0.033702527
4.598125,0.026433425,0.020159663
4.59875,0.024838845,0.01458319
4.599375,0.024838845,0.011396634
4.6,0.023244266,0.009006717
4.600625,0.023244266,0.007413439
4.60125,0.018460527,-0.000552952
4.601875,0.001717441,-0.074640383
4.6025,0.001717441,-0.104116027
4.603125,0.00251473,-0.099336193
4.60375,0.00410931,-0.081013495
4.604375,0.008095759,-0.047554655
4.605,0.012879498,-0.018079011
4.605625,0.019257817,0.0066168
4.60625,0.023244266,0.02334622
4.606875,0.024041555,0.030515971
4.6075,0.024838845,0.033702527
4.608125,0.024838845,0.035295805
4.60875,0.024838845,0.037685722
4.609375,0.025636135,0.037685722
4.61,0.036798193,0.097433651
4.610625,0.041581931,0.154791662
4.61125,0.041581931,0.161961413
4.611875,0.039987352,0.146028633
4.6125,0.035203613,0.113366432
4.613125,0.032811743,0.078314314
4.61375,0.030419874,0.050431947
4.614375,0.028028005,0.027329415
4.615,0.026433425,0.016973107
4.615625,0.025636135,0.01458319
4.61625,0.024838845,0.011396634
4.616875,0.024041555,0.009006717
4.6175,0.024041555,0.007413439
4.618125,0.012879498,-0.021265567
4.61875,0.001717441,-0.089776525
4.619375,0.001717441,-0.104116027
4.62,0.00251473,-0.09375972
4.620625,0.00570389,-0.069860549
4.62125,0.009690339,-0.036401709
4.621875,0.015271367,-0.009315981
4.6225,0.020852396,0.01458319
4.623125,0.023244266,0.026532776
4.62375,0.024041555,0.03131261
4.624375,0.024041555,0.033702527
4.625,0.024041555,0.035295805
4.625625,0.024838845,0.037685722
4.62625,0.027230715,0.046448752
4.626875,0.039987352,0.126112656
4.6275,0.040784642,0.160368135
4.628125,0.040784642,0.157978218
4.62875,0.039190062,0.136468964
4.629375,0.033609033,0.099026929
4.63,0.031217164,0.067161367
4.630625,0.028825294,0.040872279
4.63125,0.026433425,0.022549581
4.631875,0.025636135,0.015379829
4.6325,0.024838845,0.012193273
4.633125,0.024838845,0.010599995
4.63375,0.024041555,0.009006717
4.634375,0.024041555,0.008210078
4.635,0.00570389,-0.050741211
4.635625,0.001717441,-0.098539554
4.63625,0.00251473,-0.102522749
4.636875,0.00251473,-0.088183247
4.6375,0.00650118,-0.057910963
4.638125,0.011284918,-0.02684204
4.63875,0.017663237,-0.000552952
4.639375,0.022446976,0.020159663
4.64,0.024041555,0.029719332
4.640625,0.024838845,0.032109249
4.64125,0.025636135,0.035295805
4.641875,0.025636135,0.036889083
4.6425,0.025636135,0.036889083
4.643125,0.032014454,0.068754645
4.64375,0.040784642,0.144435354
4.644375,0.041581931,0.161961413
4.645,0.039987352,0.151605106
4.645625,0.036000903,0.123722739
4.64625,0.032811743,0.087077343
4.646875,0.030419874,0.057601699
4.6475,0.028028005,0.032905888
4.648125,0.026433425,0.018566385
4.64875,0.025636135,0.013786551
4.649375,0.024838845,0.011396634
4.65,0.024838845,0.009006717
4.650625,0.024041555,0.007413439
4.65125,0.019257817,-0.00214623
4.651875,0.00251473,-0.076233661
4.6525,0.001717441,-0.104116027
4.653125,0.001717441,-0.100132832
4.65375,0.00331202,-0.080216856
4.654375,0.008095759,-0.046758016
4.655,0.012879498,-0.017282372
4.655625,0.019257817,0.0066168
4.65625,0.023244266,0.024142859
4.656875,0.024041555,0.030515971
4.6575,0.024041555,0.032905888
4.658125,0.024838845,0.035295805
4.65875,0.025636135,0.037685722
4.659375,0.025636135,0.037685722
4.66,0.038392772,0.101416846
4.660625,0.041581931,0.154791662
4.66125,0.041581931,0.162758052
4.661875,0.039987352,0.145231993
4.6625,0.035203613,0.112569793
4.663125,0.032811743,0.077517675
4.66375,0.029622584,0.049635308
4.664375,0.027230715,0.026532776
4.665,0.026433425,0.016973107
4.665625,0.025636135,0.013786551
4.66625,0.024838845,0.010599995
4.666875,0.024041555,0.009803356
4.6675,0.024041555,0.008210078
4.668125,0.012879498,-0.023655484
4.66875,0.001717441,-0.091369803
4.669375,0.00251473,-0.104116027
4.67,0.00251473,-0.092963081
4.670625,0.00570389,-0.06826727
4.67125,0.009690339,-0.034011792
4.671875,0.015271367,-0.007722703
4.6725,0.021649686,0.01458319
4.673125,0.024041555,0.027329415
4.67375,0.024041555,0.03131261
4.674375,0.024838845,0.034499166
4.675,0.024838845,0.036092444
4.675625,0.024838845,0.037685722
4.67625,0.028825294,0.048838669
4.676875,0.040784642,0.129299213
4.6775,0.042379221,0.161164774
4.678125,0.042379221,0.157181579
4.67875,0.039190062,0.135672325
4.679375,0.034406323,0.09823029
4.68,0.031217164,0.067161367
4.680625,0.029622584,0.04007564
4.68125,0.027230715,0.021752942
4.681875,0.026433425,0.016176468
4.6825,0.025636135,0.012193273
4.683125,0.024041555,0.010599995
4.68375,0.024041555,0.009006717
4.684375,0.023244266,0.007413439
4.685,0.00570389,-0.053927768
4.685625,0.00251473,-0.099336193
4.68625,0.00251473,-0.102522749
4.686875,0.00410931,-0.087386608
4.6875,0.008095759,-0.056317685
4.688125,0.011284918,-0.026045401
4.68875,0.017663237,0.000243687
4.689375,0.022446976,0.020159663
4.69,0.024041555,0.029719332
4.690625,0.024041555,0.032109249
4.69125,0.024041555,0.035295805
4.691875,0.024838845,0.037685722
4.6925,0.025636135,0.038482362
4.693125,0.033609033,0.07273784
4.69375,0.041581931,0.147621911
4.694375,0.042379221,0.162758052
4.695,0.040784642,0.152401745
4.695625,0.036000903,0.124519378
4.69625,0.034406323,0.086280704
4.696875,0.031217164,0.058398338
4.6975,0.028825294,0.032905888
4.698125,0.026433425,0.018566385
4.69875,0.026433425,0.015379829
4.699375,0.026433425,0.012193273
4.7,0.024838845,0.009803356
4.700625,0.024838845,0.008210078
4.70125,0.018460527,-0.004536147
4.701875,0.00251473,-0.078623578
4.7025,0.001717441,-0.104116027
4.703125,0.00251473,-0.098539554
4.70375,0.0049066,-0.077826939
4.704375,0.008095759,-0.044368099
4.705,0.012879498,-0.016485733
4.705625,0.020055106,0.008210078
4.70625,0.022446976,0.024939498
4.706875,0.023244266,0.029719332
4.7075,0.024041555,0.032905888
4.708125,0.024041555,0.036092444
4.70875,0.024838845,0.036889083
4.709375,0.025636135,0.037685722
4.71,0.036798193,0.103806763
4.710625,0.041581931,0.155588301
4.71125,0.040784642,0.161164774
4.711875,0.039190062,0.143638715
4.7125,0.034406323,0.110179876
4.713125,0.032014454,0.075127758
4.71375,0.029622584,0.047245391
4.714375,0.027230715,0.025736137
4.715,0.025636135,0.015379829
4.715625,0.024838845,0.012989912
4.71625,0.024041555,0.009803356
4.716875,0.024041555,0.008210078
4.7175,0.024041555,0.008210078
4.718125,0.011284918,-0.02684204
4.71875,0.001717441,-0.092963081
4.719375,0.001717441,-0.104116027
4.72,0.00331202,-0.09375972
4.720625,0.00570389,-0.06826727
4.72125,0.008893049,-0.034011792
4.721875,0.015271367,-0.007722703
4.7225,0.021649686,0.01458319
4.723125,0.023244266,0.027329415
4.72375,0.023244266,0.03131261
4.724375,0.023244266,0.033702527
4.725,0.024041555,0.036092444
4.725625,0.024838845,0.037685722
4.72625,0.028028005,0.049635308
4.726875,0.039987352,0.130892491
4.7275,0.040784642,0.161164774
4.728125,0.039987352,0.157181579
4.72875,0.037595482,0.134875686
4.729375,0.033609033,0.096637012
4.73,0.030419874,0.066364728
4.730625,0.028028005,0.04007564
4.73125,0.025636135,0.021752942
4.731875,0.025636135,0.016176468
4.7325,0.024838845,0.012989912
4.733125,0.024041555,0.010599995
4.73375,0.023244266,0.009006717
4.734375,0.023244266,0.008210078
4.735,0.0049066,-0.055521046
4.735625,0.000920151,-0.100132832
4.73625,0.001717441,-0.10172611
4.736875,0.00331202,-0.086589969
4.7375,0.007298469,-0.054724407
4.738125,0.011284918,-0.024452123
4.73875,0.017663237,0.001836965
4.739375,0.022446976,0.021752942
4.74,0.023244266,0.028922693
4.740625,0.024041555,0.032109249
4.74125,0.024838845,0.035295805
4.741875,0.024838845,0.037685722
4.7425,0.024838845,0.037685722
4.743125,0.032811743,0.074331119
4.74375,0.041581931,0.147621911
4.744375,0.042379221,0.161961413
4.745,0.039987352,0.150808467
4.745625,0.036000903,0.122129461
4.74625,0.032811743,0.084687426
4.746875,0.030419874,0.05680506
4.7475,0.028028005,0.032109249
4.748125,0.026433425,0.019363024
4.74875,0.025636135,0.015379829
4.749375,0.025636135,0.011396634
4.75,0.024041555,0.010599995
4.750625,0.023244266,0.009006717
4.75125,0.017663237,-0.005332786
4.751875,0.001717441,-0.080216856
4.7525,0.001717441,-0.104116027
4.753125,0.00251473,-0.098539554
4.75375,0.00410931,-0.077826939
4.754375,0.008095759,-0.04357146
4.755,0.013676788,-0.015689094
4.755625,0.020055106,0.009006717
4.75625,0.023244266,0.024939498
4.756875,0.023244266,0.030515971
4.7575,0.024838845,0.033702527
4.758125,0.024838845,0.035295805
4.75875,0.024838845,0.037685722
4.759375,0.025636135,0.038482362
4.76,0.037595482,0.106993319
4.760625,0.040784642,0.15638494
4.76125,0.040784642,0.161164774
4.761875,0.039190062,0.143638715
4.7625,0.035203613,0.108586597
4.763125,0.032014454,0.075127758
4.76375,0.029622584,0.04804203
4.764375,0.027230715,0.025736137
4.765,0.025636135,0.016176468
4.765625,0.025636135,0.013786551
4.76625,0.024041555,0.010599995
4.766875,0.024041555,0.009006717
4.7675,0.024041555,0.009006717
4.768125,0.010487629,-0.029231957
4.76875,0.001717441,-0.092963081
4.769375,0.001717441,-0.104912667
4.77,0.00251473,-0.092166442
4.770625,0.00570389,-0.065877353
4.77125,0.009690339,-0.033215153
4.771875,0.016068657,-0.006129425
4.7725,0.021649686,0.016176468
4.773125,0.023244266,0.028126054
4.77375,0.023244266,0.03131261
4.774375,0.024041555,0.034499166
4.775,0.024041555,0.036889083
4.775625,0.024838845,0.038482362
4.77625,0.029622584,0.052821864
4.776875,0.040784642,0.133282408
4.7775,0.041581931,0.161164774
4.778125,0.040784642,0.15638494
4.77875,0.037595482,0.133282408
4.779375,0.033609033,0.095840373
4.78,0.031217164,0.065568089
4.780625,0.028028005,0.038482362
4.78125,0.026433425,0.020956303
4.781875,0.025636135,0.01458319
4.7825,0.024838845,0.011396634
4.783125,0.024838845,0.010599995
4.78375,0.023244266,0.008210078
4.784375,0.023244266,0.0066168
4.785,0.0049066,-0.06030088
4.785625,0.001717441,-0.100929471
4.78625,0.00251473,-0.102522749
4.786875,0.00410931,-0.085793329
4.7875,0.007298469,-0.053927768
4.788125,0.011284918,-0.024452123
4.78875,0.018460527,0.001836965
4.789375,0.022446976,0.021752942
4.79,0.024041555,0.029719332
4.790625,0.024041555,0.032109249
4.79125,0.025636135,0.035295805
4.791875,0.025636135,0.037685722
4.7925,0.025636135,0.038482362
4.793125,0.033609033,0.078314314
4.79375,0.040784642,0.149215189
4.794375,0.042379221,0.162758052
4.795,0.040784642,0.150808467
4.795625,0.036798193,0.121332822
4.79625,0.033609033,0.084687426
4.796875,0.031217164,0.05600842
4.7975,0.028825294,0.032109249
4.798125,0.026433425,0.018566385
4.79875,0.025636135,0.01458319
4.799375,0.025636135,0.012193273
4.8,0.024838845,0.009803356
4.800625,0.024041555,0.009006717
4.80125,0.017663237,-0.006926064
4.801875,0.00251473,-0.081013495
4.8025,0.00251473,-0.103319388
4.803125,0.00251473,-0.096946276
4.80375,0.0049066,-0.076233661
4.804375,0.008893049,-0.041978182
4.805,0.013676788,-0.014095815
4.805625,0.020852396,0.010599995
4.80625,0.024041555,0.026532776
4.806875,0.024838845,0.03131261
4.8075,0.024838845,0.033702527
4.808125,0.025636135,0.035295805
4.80875,0.025636135,0.037685722
4.809375,0.025636135,0.04007564
4.81,0.039190062,0.110179876
4.810625,0.043176511,0.15638494
4.81125,0.042379221,0.160368135
4.811875,0.039987352,0.142842076
4.8125,0.034406323,0.106993319
4.813125,0.032014454,0.073534479
4.81375,0.029622584,0.046448752
4.814375,0.027230715,0.024142859
4.815,0.025636135,0.016176468
4.815625,0.025636135,0.013786551
4.81625,0.025636135,0.011396634
4.816875,0.024041555,0.009006717
4.8175,0.024041555,0.008210078
4.818125,0.010487629,-0.031621874
4.81875,0.00251473,-0.09375972
4.819375,0.00251473,-0.104116027
4.82,0.00331202,-0.091369803
4.820625,0.00650118,-0.065080714
4.82125,0.009690339,-0.031621874
4.821875,0.016068657,-0.005332786
4.8225,0.022446976,0.016176468
4.823125,0.024041555,0.028126054
4.82375,0.024838845,0.03131261
4.824375,0.024838845,0.034499166
4.825,0.024041555,0.036092444
4.825625,0.024838845,0.038482362
4.82625,0.028825294,0.054415142
4.826875,0.040784642,0.136468964
4.8275,0.041581931,0.161961413
4.828125,0.040784642,0.15638494
4.82875,0.038392772,0.133282408
4.829375,0.033609033,0.094247095
4.83,0.032014454,0.06477145
4.830625,0.029622584,0.037685722
4.83125,0.027230715,0.020956303
4.831875,0.026433425,0.015379829
4.8325,0.025636135,0.012193273
4.833125,0.025636135,0.009803356
4.83375,0.024041555,0.009006717
4.834375,0.022446976,0.005820161
4.835,0.00410931,-0.061894158
4.835625,0.001717441,-0.100929471
4.83625,0.00251473,-0.100929471
4.836875,0.00331202,-0.084200051
4.8375,0.007298469,-0.05233449
4.838125,0.012082208,-0.022858845
4.83875,0.018460527,0.003430244
4.839375,0.022446976,0.022549581
4.84,0.024041555,0.029719332
4.840625,0.024041555,0.032109249
4.84125,0.024041555,0.035295805
4.841875,0.024838845,0.037685722
4.8425,0.025636135,0.037685722
4.843125,0.034406323,0.080704231
4.84375,0.041581931,0.149215189
4.844375,0.042379221,0.162758052
4.845,0.039987352,0.150011828
4.845625,0.036798193,0.119739544
4.84625,0.033609033,0.082297509
4.846875,0.030419874,0.054415142
4.8475,0.028825294,0.029719332
4.848125,0.026433425,0.017769746
4.84875,0.026433425,0.013786551
4.849375,0.024838845,0.011396634
4.85,0.024838845,0.009803356
4.850625,0.024041555,0.008210078
4.85125,0.016865947,-0.009315981
4.851875,0.001717441,-0.083403412
4.8525,0.00251473,-0.103319388
4.853125,0.00251473,-0.096946276
4.85375,0.0049066,-0.074640383
4.854375,0.008893049,-0.041181543
4.855,0.014474078,-0.013299176
4.855625,0.020852396,0.010599995
4.85625,0.024041555,0.026532776
4.856875,0.024041555,0.03131261
4.8575,0.024838845,0.033702527
4.858125,0.024838845,0.036092444
4.85875,0.025636135,0.037685722
4.859375,0.025636135,0.04007564
4.86,0.038392772,0.113366432
4.860625,0.041581931,0.157978218
4.86125,0.040784642,0.160368135
4.861875,0.039190062,0.142045437
4.8625,0.034406323,0.106993319
4.863125,0.031217164,0.07273784
4.86375,0.028825294,0.044855474
4.864375,0.026433425,0.024142859
4.865,0.025636135,0.016176468
4.865625,0.024838845,0.012989912
4.86625,0.024041555,0.009803356
4.866875,0.024041555,0.009006717
4.8675,0.022446976,0.007413439
4.868125,0.008893049,-0.03560507
4.86875,0.001717441,-0.095352998
4.869375,0.001717441,-0.104912667
4.87,0.00251473,-0.092166442
4.870625,0.00650118,-0.064284075
4.87125,0.009690339,-0.032418513
4.871875,0.015271367,-0.006129425
4.8725,0.021649686,0.016973107
4.873125,0.023244266,0.028126054
4.87375,0.023244266,0.03131261
4.874375,0.024041555,0.033702527
4.875,0.024041555,0.036092444
4.875625,0.024838845,0.037685722
4.87625,0.029622584,0.05600842
4.876875,0.040784642,0.137265603
4.8775,0.041581931,0.161164774
4.878125,0.039987352,0.154791662
4.87875,0.036798193,0.130892491
4.879375,0.032811743,0.092653817
4.88,0.030419874,0.063178172
4.880625,0.028028005,0.036092444
4.88125,0.026433425,0.020159663
4.881875,0.025636135,0.013786551
4.8825,0.024041555,0.011396634
4.883125,0.023244266,0.009803356
4.88375,0.024041555,0.009006717
4.884375,0.021649686,0.005820161
4.885,0.00331202,-0.065080714
4.885625,0.00251473,-0.100929471
4.88625,0.001717441,-0.100929471
4.886875,0.00251473,-0.084200051
4.8875,0.00650118,-0.05233449
4.888125,0.011284918,-0.022062206
4.88875,0.018460527,0.004226883
4.889375,0.021649686,0.02334622
4.89,0.023244266,0.030515971
4.890625,0.023244266,0.033702527
4.89125,0.024041555,0.035295805
4.891875,0.024041555,0.037685722
4.8925,0.024041555,0.037685722
4.893125,0.034406323,0.083890787
4.89375,0.040784642,0.150808467
4.894375,0.040784642,0.163554692
4.895,0.039190062,0.149215189
4.895625,0.035203613,0.118146266
4.89625,0.032811743,0.08150087
4.896875,0.029622584,0.053618503
4.8975,0.027230715,0.029719332
4.898125,0.026433425,0.017769746
4.89875,0.024838845,0.013786551
4.899375,0.024838845,0.010599995
4.9,0.024041555,0.009803356
4.900625,0.023244266,0.007413439
4.90125,0.016068657,-0.011705898
4.901875,0.001717441,-0.08499669
4.9025,0.001717441,-0.104116027
4.903125,0.00251473,-0.096149637
4.90375,0.0049066,-0.074640383
4.904375,0.008893049,-0.039588265
4.905,0.014474078,-0.012502537
4.905625,0.020055106,0.010599995
4.90625,0.022446976,0.025736137
4.906875,0.022446976,0.030515971
4.9075,0.023244266,0.032905888
4.908125,0.024041555,0.035295805
4.90875,0.024041555,0.037685722
4.909375,0.025636135,0.041668918
4.91,0.037595482,0.115756349
4.910625,0.040784642,0.157978218
4.91125,0.039987352,0.159571496
4.911875,0.038392772,0.141248798
4.9125,0.033609033,0.104603402
4.913125,0.031217164,0.071941201
4.91375,0.028028005,0.044855474
4.914375,0.026433425,0.02334622
4.915,0.025636135,0.016176468
4.915625,0.025636135,0.012989912
4.91625,0.024838845,0.010599995
4.916875,0.024041555,0.009006717
4.9175,0.023244266,0.008210078
4.918125,0.008095759,-0.037994987
4.91875,0.001717441,-0.096149637
4.919375,0.00251473,-0.104912667
4.92,0.00251473,-0.091369803
4.920625,0.00650118,-0.062690797
4.92125,0.009690339,-0.030825235
4.921875,0.016068657,-0.004536147
4.9225,0.021649686,0.017769746
4.923125,0.023244266,0.028922693
4.92375,0.024041555,0.03131261
4.924375,0.024041555,0.034499166
4.925,0.024041555,0.036889083
4.925625,0.024041555,0.037685722
4.92625,0.029622584,0.058398338
4.926875,0.039987352,0.138858881
4.9275,0.041581931,0.161961413
4.928125,0.040784642,0.154791662
4.92875,0.036798193,0.130095852
4.929375,0.033609033,0.091060538
4.93,0.030419874,0.061584894
4.930625,0.028825294,0.036092444
4.93125,0.026433425,0.020159663
4.931875,0.025636135,0.01458319
4.9325,0.025636135,0.011396634
4.933125,0.024838845,0.009803356
4.93375,0.024041555,0.008210078
4.934375,0.021649686,0.003430244
4.935,0.00410931,-0.067470631
4.935625,0.00251473,-0.10172611
4.93625,0.00251473,-0.100929471
4.936875,0.00410931,-0.083403412
4.9375,0.008095759,-0.051537851
4.938125,0.012082208,-0.021265567
4.93875,0.019257817,0.005023522
4.939375,0.023244266,0.02334622
4.94,0.024838845,0.029719332
4.940625,0.024838845,0.032109249
4.94125,0.025636135,0.035295805
4.941875,0.024838845,0.036889083
4.9425,0.024838845,0.037685722
4.943125,0.035203613,0.086280704
4.94375,0.040784642,0.151605106
4.944375,0.041581931,0.161961413
4.945,0.039987352,0.14841855
4.945625,0.036000903,0.117349627
4.94625,0.032811743,0.079907592
4.946875,0.029622584,0.052821864
4.9475,0.028028005,0.028922693
4.948125,0.026433425,0.016973107
4.94875,0.026433425,0.013786551
4.949375,0.024838845,0.010599995
4.95,0.024838845,0.009803356
4.950625,0.024041555,0.008210078
4.95125,0.014474078,-0.014095815
4.951875,0.00251473,-0.086589969
4.9525,0.00251473,-0.103319388
4.953125,0.00331202,-0.095352998
4.95375,0.00570389,-0.073047105
4.954375,0.009690339,-0.039588265
4.955,0.014474078,-0.011705898
4.955625,0.021649686,0.012193273
4.95625,0.024041555,0.026532776
4.956875,0.024041555,0.03131261
4.9575,0.024838845,0.033702527
4.958125,0.024838845,0.036092444
4.95875,0.024838845,0.037685722
4.959375,0.027230715,0.041668918
4.96,0.039190062,0.118942905
4.960625,0.041581931,0.159571496
4.96125,0.040784642,0.160368135
4.961875,0.039190062,0.140452159
4.9625,0.034406323,0.103806763
4.963125,0.032014454,0.071144562
4.96375,0.028825294,0.044058835
4.964375,0.026433425,0.024142859
4.965,0.026433425,0.016176468
4.965625,0.025636135,0.013786551
4.96625,0.024041555,0.011396634
4.966875,0.024041555,0.009803356
4.9675,0.023244266,0.009006717
4.968125,0.008095759,-0.040384904
4.96875,0.001717441,-0.096149637
4.969375,0.001717441,-0.103319388
4.97,0.00251473,-0.089776525
4.970625,0.00650118,-0.061097519
4.97125,0.010487629,-0.028435318
4.971875,0.016865947,-0.00214623
4.9725,0.022446976,0.018566385
4.973125,0.024838845,0.028922693
4.97375,0.024838845,0.032109249
4.974375,0.025636135,0.035295805
4.975,0.024838845,0.036092444
4.975625,0.025636135,0.036889083
4.97625,0.032014454,0.060788255
4.976875,0.041581931,0.140452159
4.9775,0.042379221,0.161961413
4.978125,0.041581931,0.153995023
4.97875,0.037595482,0.129299213
4.979375,0.033609033,0.091060538
4.98,0.031217164,0.061584894
4.980625,0.028825294,0.035295805
4.98125,0.027230715,0.020159663
4.981875,0.026433425,0.015379829
4.9825,0.024838845,0.011396634
4.983125,0.024041555,0.010599995
4.98375,0.024041555,0.008210078
4.984375,0.021649686,0.002633605
4.985,0.00331202,-0.069860549
4.985625,0.00251473,-0.102522749
4.98625,0.00251473,-0.100929471
4.986875,0.00410931,-0.081810134
4.9875,0.008095759,-0.049944572
4.988125,0.012879498,-0.020468928
4.98875,0.019257817,0.005023522
4.989375,0.023244266,0.02334622
4.99,0.024041555,0.030515971
4.990625,0.025636135,0.032905888
4.99125,0.025636135,0.035295805
4.991875,0.024838845,0.036889083
4.9925,0.025636135,0.037685722
4.993125,0.036000903,0.090263899
4.99375,0.041581931,0.153198384
4.994375,0.041581931,0.162758052
4.995,0.039987352,0.147621911
4.995625,0.035203613,0.116552988
4.99625,0.032014454,0.079907592
4.996875,0.029622584,0.052025225
4.9975,0.027230715,0.028126054
4.998125,0.025636135,0.016973107
4.99875,0.025636135,0.013786551
4.999375,0.024838845,0.011396634
5,0.024838845,0.009803356
5.000625,0.024041555,0.009006717
5.00125,0.014474078,-0.014892454
5.001875,0.001717441,-0.087386608
5.0025,0.00251473,-0.104116027
5.003125,0.00251473,-0.094556359
5.00375,0.0049066,-0.071453827
5.004375,0.008893049,-0.037198348
5.005,0.014474078,-0.011705898
5.005625,0.020852396,0.012193273
5.00625,0.023244266,0.027329415
5.006875,0.024041555,0.03131261
5.0075,0.024838845,0.034499166
5.008125,0.024041555,0.036889083
5.00875,0.024838845,0.039279001
5.009375,0.027230715,0.044058835
5.01,0.039190062,0.121332822
5.010625,0.041581931,0.160368135
5.01125,0.040784642,0.160368135
5.011875,0.039190062,0.138858881
5.0125,0.034406323,0.102213485
5.013125,0.031217164,0.070347923
5.01375,0.029622584,0.043262196
5.014375,0.027230715,0.02334622
5.015,0.026433425,0.016176468
5.015625,0.025636135,0.012989912
5.01625,0.024838845,0.010599995
5.016875,0.024041555,0.009006717
5.0175,0.023244266,0.008210078
5.018125,0.00650118,-0.044368099
5.01875,0.001717441,-0.096149637
5.019375,0.001717441,-0.103319388
5.02,0.00331202,-0.088979886
5.020625,0.00650118,-0.059504241
5.02125,0.010487629,-0.027638679
5.021875,0.016865947,-0.00214623
5.0225,0.021649686,0.019363024
5.023125,0.024041555,0.028922693
5.02375,0.024041555,0.032109249
5.024375,0.024041555,0.035295805
5.025,0.024838845,0.036889083
5.025625,0.024838845,0.037685722
5.02625,0.031217164,0.063178172
5.026875,0.040784642,0.142045437
5.0275,0.041581931,0.161961413
5.028125,0.040784642,0.153995023
5.02875,0.036798193,0.128502574
5.029375,0.033609033,0.08946726
5.03,0.030419874,0.060788255
5.030625,0.028825294,0.035295805
5.03125,0.027230715,0.020159663
5.031875,0.025636135,0.015379829
5.0325,0.024838845,0.012193273
5.033125,0.024838845,0.010599995
5.03375,0.024041555,0.009006717
5.034375,0.020055106,0.001836965
5.035,0.00331202,-0.071453827
5.035625,0.00251473,-0.102522749
5.03625,0.00251473,-0.099336193
5.036875,0.00410931,-0.081810134
5.0375,0.007298469,-0.049147933
5.038125,0.012879498,-0.019672289
5.03875,0.019257817,0.005820161
5.039375,0.023244266,0.02334622
5.04,0.024041555,0.030515971
5.040625,0.024041555,0.032905888
5.04125,0.024041555,0.036092444
5.041875,0.024041555,0.037685722
5.0425,0.025636135,0.038482362
5.043125,0.036798193,0.094247095
5.04375,0.040784642,0.153995023
5.044375,0.041581931,0.163554692
5.045,0.039190062,0.147621911
5.045625,0.034406323,0.11495971
5.04625,0.032811743,0.078314314
5.046875,0.029622584,0.051228586
5.0475,0.027230715,0.027329415
5.048125,0.025636135,0.016973107
5.04875,0.025636135,0.013786551
5.049375,0.025636135,0.011396634
5.05,0.024838845,0.009803356
5.050625,0.024041555,0.009006717
5.05125,0.013676788,-0.018079011
5.051875,0.001717441,-0.088979886
5.0525,0.00251473,-0.104116027
5.053125,0.00251473,-0.094556359
5.05375,0.0049066,-0.070657188
5.054375,0.008893049,-0.036401709
5.055,0.014474078,-0.009315981
5.055625,0.021649686,0.01458319
5.05625,0.023244266,0.027329415
5.056875,0.024041555,0.032109249
5.0575,0.024838845,0.035295805
5.058125,0.025636135,0.036889083
5.05875,0.025636135,0.038482362
5.059375,0.028028005,0.044855474
5.06,0.039987352,0.123722739
5.060625,0.042379221,0.160368135
5.06125,0.040784642,0.157978218
5.061875,0.038392772,0.138062242
5.0625,0.033609033,0.101416846
5.063125,0.032014454,0.068754645
5.06375,0.029622584,0.041668918
5.064375,0.027230715,0.022549581
5.065,0.026433425,0.015379829
5.065625,0.025636135,0.012193273
5.06625,0.024838845,0.010599995
5.066875,0.024838845,0.009006717
5.0675,0.024041555,0.008210078
5.068125,0.00650118,-0.046758016
5.06875,0.001717441,-0.098539554
5.069375,0.00251473,-0.103319388
5.07,0.00331202,-0.088183247
5.070625,0.00650118,-0.058707602
5.07125,0.010487629,-0.027638679
5.071875,0.017663237,-0.001349591
5.0725,0.022446976,0.019363024
5.073125,0.024041555,0.029719332
5.07375,0.024838845,0.032109249
5.074375,0.024838845,0.035295805
5.075,0.025636135,0.036889083
5.075625,0.025636135,0.038482362
5.07625,0.032014454,0.065568089
5.076875,0.041581931,0.143638715
5.0775,0.042379221,0.161961413
5.078125,0.041581931,0.152401745
5.07875,0.036798193,0.126909295
5.079375,0.033609033,0.087873982
5.08,0.031217164,0.059194977
5.080625,0.028825294,0.033702527
5.08125,0.026433425,0.019363024
5.081875,0.025636135,0.01458319
5.0825,0.024838845,0.011396634
5.083125,0.024838845,0.009803356
5.08375,0.024041555,0.008210078
5.084375,0.020852396,0.000243687
5.085,0.00331202,-0.073843744
5.085625,0.00251473,-0.102522749
5.08625,0.00251473,-0.099336193
5.086875,0.0049066,-0.080216856
5.0875,0.008095759,-0.046758016
5.088125,0.012879498,-0.018079011
5.08875,0.019257817,0.0066168
5.089375,0.023244266,0.024142859
5.09,0.024041555,0.030515971
5.090625,0.024041555,0.032905888
5.09125,0.024041555,0.035295805
5.091875,0.024041555,0.036889083
5.0925,0.024838845,0.037685722
5.093125,0.036798193,0.096637012
5.09375,0.040784642,0.153995023
5.094375,0.041581931,0.161961413
5.095,0.039190062,0.145231993
5.095625,0.034406323,0.112569793
5.09625,0.032014454,0.078314314
5.096875,0.029622584,0.050431947
5.0975,0.027230715,0.027329415
5.098125,0.025636135,0.017769746
5.09875,0.025636135,0.01458319
5.099375,0.024838845,0.011396634
5.1,0.024041555,0.009803356
5.100625,0.023244266,0.008210078
5.10125,0.012879498,-0.021265567
5.101875,0.001717441,-0.090573164
5.1025,0.001717441,-0.104116027
5.103125,0.00251473,-0.094556359
5.10375,0.0049066,-0.069860549
5.104375,0.008893049,-0.036401709
5.105,0.014474078,-0.009315981
5.105625,0.021649686,0.01458319
5.10625,0.024041555,0.027329415
5.106875,0.024041555,0.03131261
5.1075,0.024041555,0.034499166
5.108125,0.024041555,0.036092444
5.10875,0.025636135,0.037685722
5.109375,0.028028005,0.046448752
5.11,0.039987352,0.126909295
5.110625,0.041581931,0.160368135
5.11125,0.040784642,0.159571496
5.111875,0.038392772,0.138062242
5.1125,0.033609033,0.100620207
5.113125,0.031217164,0.068754645
5.11375,0.028825294,0.042465557
5.114375,0.027230715,0.02334622
5.115,0.025636135,0.016176468
5.115625,0.025636135,0.013786551
5.11625,0.025636135,0.010599995
5.116875,0.024041555,0.009006717
5.1175,0.024041555,0.009006717
5.118125,0.00570389,-0.050741211
5.11875,0.001717441,-0.097742915
