Time (s),Channel 1 (V),Channel 2 (V),,,
-5.120625,0.00251473,-0.111285779,,,
-5.12,0.00410931,-0.092166442,,,
-5.119375,0.007298469,-0.057114324,,,
-5.11875,0.011284918,-0.024452123,,,
-5.118125,0.018460527,0.002633605,,,
-5.1175,0.023244266,0.022549581,,,
-5.116875,0.024041555,0.030515971,,,
-5.11625,0.024041555,0.033702527,,,
-5.115625,0.024041555,0.036889083,,,
-5.115,0.024041555,0.039279001,,,
-5.114375,0.024838845,0.04007564,,,
-5.11375,0.034406323,0.08946726,,,
-5.113125,0.041581931,0.163554692,,,
-5.1125,0.041581931,0.175504277,,,
-5.111875,0.039190062,0.159571496,,,
-5.11125,0.034406323,0.123722739,,,
-5.110625,0.031217164,0.083890787,,,
-5.11,0.028028005,0.053618503,,,
-5.109375,0.026433425,0.028126054,,,
-5.10875,0.024041555,0.015379829,,,
-5.108125,0.024041555,0.011396634,,,
-5.1075,0.023244266,0.007413439,,,
-5.106875,0.023244266,0.005820161,,,
-5.10625,0.021649686,0.004226883,,,
-5.105625,0.014474078,-0.016485733,,,
-5.105,0.001717441,-0.096149637,,,
-5.104375,0.001717441,-0.114472335,,,
-5.10375,0.00251473,-0.106505945,,,
-5.103125,0.0049066,-0.080216856,,,
-5.1025,0.008095759,-0.044368099,,,
-5.101875,0.013676788,-0.014095815,,,
-5.10125,0.020055106,0.011396634,,,
-5.100625,0.023244266,0.026532776,,,
-5.1,0.023244266,0.032109249,,,
-5.099375,0.023244266,0.035295805,,,
-5.09875,0.024041555,0.037685722,,,
-5.098125,0.024041555,0.04007564,,,
-5.0975,0.025636135,0.042465557,,,
-5.096875,0.038392772,0.1229261,,,
-5.09625,0.040784642,0.169927804,,,
-5.095625,0.040784642,0.172317721,,,
-5.095,0.037595482,0.150808467,,,
-5.094375,0.032811743,0.110976515,,,
-5.09375,0.030419874,0.074331119,,,
-5.093125,0.028028005,0.044855474,,,
-5.0925,0.025636135,0.022549581,,,
-5.091875,0.024838845,0.013786551,,,
-5.09125,0.024041555,0.010599995,,,
-5.090625,0.024041555,0.007413439,,,
-5.09,0.024041555,0.005820161,,,
-5.089375,0.023244266,0.005023522,,,
-5.08875,0.008095759,-0.041978182,,,
-5.088125,0.00251473,-0.106505945,,,
-5.0875,0.00251473,-0.114472335,,,
-5.086875,0.00410931,-0.100132832,,,
-5.08625,0.00650118,-0.069860549,,,
-5.085625,0.009690339,-0.034011792,,,
-5.085,0.015271367,-0.006129425,,,
-5.084375,0.021649686,0.017769746,,,
-5.08375,0.023244266,0.029719332,,,
-5.083125,0.024041555,0.032905888,,,
-5.0825,0.024041555,0.036092444,,,
-5.081875,0.024041555,0.038482362,,,
-5.08125,0.024838845,0.04007564,,,
-5.080625,0.029622584,0.059194977,,,
-5.08,0.040784642,0.147621911,,,
-5.079375,0.041581931,0.17311436,,,
-5.07875,0.040784642,0.167537887,,,
-5.078125,0.036798193,0.13965552,,,
-5.0775,0.032811743,0.097433651,,,
-5.076875,0.030419874,0.06477145,,,
-5.07625,0.027230715,0.036092444,,,
-5.075625,0.025636135,0.018566385,,,
-5.075,0.024838845,0.012193273,,,
-5.074375,0.024041555,0.009006717,,,
-5.07375,0.023244266,0.0066168,,,
-5.073125,0.022446976,0.005023522,,,
-5.0725,0.020852396,0.002633605,,,
-5.071875,0.00331202,-0.072250466,,,
-5.07125,0.00251473,-0.111285779,,,
-5.070625,0.00331202,-0.111285779,,,
-5.07,0.00410931,-0.092166442,,,
-5.069375,0.007298469,-0.057114324,,,
-5.06875,0.011284918,-0.025248762,,,
-5.068125,0.018460527,0.002633605,,,
-5.0675,0.023244266,0.02334622,,,
-5.066875,0.023244266,0.03131261,,,
-5.06625,0.023244266,0.033702527,,,
-5.065625,0.023244266,0.036889083,,,
-5.065,0.024041555,0.039279001,,,
-5.064375,0.024838845,0.04007564,,,
-5.06375,0.034406323,0.087077343,,,
-5.063125,0.041581931,0.161961413,,,
-5.0625,0.041581931,0.174707638,,,
-5.061875,0.039987352,0.160368135,,,
-5.06125,0.035203613,0.126112656,,,
-5.060625,0.032014454,0.086280704,,,
-5.06,0.028825294,0.055211781,,,
-5.059375,0.027230715,0.028922693,,,
-5.05875,0.024838845,0.016176468,,,
-5.058125,0.024838845,0.012193273,,,
-5.0575,0.024041555,0.009006717,,,
-5.056875,0.024041555,0.0066168,,,
-5.05625,0.022446976,0.005023522,,,
-5.055625,0.015271367,-0.014095815,,,
-5.055,0.001717441,-0.094556359,,,
-5.054375,0.00251473,-0.112879057,,,
-5.05375,0.00331202,-0.106505945,,,
-5.053125,0.0049066,-0.081810134,,,
-5.0525,0.008095759,-0.045961377,,,
-5.051875,0.013676788,-0.014892454,,,
-5.05125,0.020852396,0.010599995,,,
-5.050625,0.023244266,0.027329415,,,
-5.05,0.023244266,0.032109249,,,
-5.049375,0.024041555,0.035295805,,,
-5.04875,0.024041555,0.038482362,,,
-5.048125,0.024041555,0.04007564,,,
-5.0475,0.025636135,0.042465557,,,
-5.046875,0.038392772,0.120536183,,,
-5.04625,0.040784642,0.169131165,,,
-5.045625,0.041581931,0.172317721,,,
-5.045,0.038392772,0.151605106,,,
-5.044375,0.032811743,0.111773154,,,
-5.04375,0.030419874,0.075127758,,,
-5.043125,0.028028005,0.045652113,,,
-5.0425,0.026433425,0.02334622,,,
-5.041875,0.024041555,0.013786551,,,
-5.04125,0.023244266,0.009803356,,,
-5.040625,0.024041555,0.007413439,,,
-5.04,0.023244266,0.005820161,,,
-5.039375,0.023244266,0.005023522,,,
-5.03875,0.008893049,-0.039588265,,,
-5.038125,0.00251473,-0.106505945,,,
-5.0375,0.00251473,-0.114472335,,,
-5.036875,0.00331202,-0.100132832,,,
-5.03625,0.00570389,-0.069860549,,,
-5.035625,0.009690339,-0.03560507,,,
-5.035,0.015271367,-0.006129425,,,
-5.034375,0.021649686,0.016973107,,,
-5.03375,0.024041555,0.029719332,,,
-5.033125,0.024041555,0.032905888,,,
-5.0325,0.024041555,0.036092444,,,
-5.031875,0.024041555,0.038482362,,,
-5.03125,0.024041555,0.040872279,,,
-5.030625,0.029622584,0.057601699,,,
-5.03,0.040784642,0.146028633,,,
-5.029375,0.042379221,0.174707638,,,
-5.02875,0.039987352,0.168334526,,,
-5.028125,0.036798193,0.13965552,,,
-5.0275,0.032014454,0.099026929,,,
-5.026875,0.029622584,0.06477145,,,
-5.02625,0.027230715,0.036889083,,,
-5.025625,0.025636135,0.018566385,,,
-5.025,0.024838845,0.012193273,,,
-5.024375,0.024041555,0.009803356,,,
-5.02375,0.023244266,0.007413439,,,
-5.023125,0.023244266,0.005023522,,,
-5.0225,0.021649686,0.002633605,,,
-5.021875,0.00331202,-0.070657188,,,
-5.02125,0.00251473,-0.11048914,,,
-5.020625,0.00251473,-0.11048914,,,
-5.02,0.00410931,-0.092166442,,,
-5.019375,0.007298469,-0.058707602,,,
-5.01875,0.011284918,-0.026045401,,,
-5.018125,0.018460527,0.001836965,,,
-5.0175,0.023244266,0.022549581,,,
-5.016875,0.023244266,0.03131261,,,
-5.01625,0.024838845,0.033702527,,,
-5.015625,0.024838845,0.037685722,,,
-5.015,0.024041555,0.039279001,,,
-5.014375,0.024041555,0.04007564,,,
-5.01375,0.033609033,0.084687426,,,
-5.013125,0.040784642,0.160368135,,,
-5.0125,0.041581931,0.174707638,,,
-5.011875,0.038392772,0.160368135,,,
-5.01125,0.034406323,0.126909295,,,
-5.010625,0.032014454,0.087077343,,,
-5.01,0.028825294,0.05600842,,,
-5.009375,0.026433425,0.028922693,,,
-5.00875,0.024838845,0.015379829,,,
-5.008125,0.024838845,0.012193273,,,
-5.0075,0.024041555,0.008210078,,,
-5.006875,0.022446976,0.0066168,,,
-5.00625,0.022446976,0.005023522,,,
-5.005625,0.016068657,-0.011705898,,,
-5.005,0.00251473,-0.092166442,,,
-5.004375,0.00251473,-0.113675696,,,
-5.00375,0.00251473,-0.106505945,,,
-5.003125,0.0049066,-0.082606773,,,
-5.0025,0.008095759,-0.047554655,,,
-5.001875,0.012879498,-0.015689094,,,
-5.00125,0.020055106,0.009803356,,,
-5.000625,0.023244266,0.027329415,,,
-5,0.024041555,0.032109249,,,
-4.999375,0.024041555,0.035295805,,,
-4.99875,0.024041555,0.037685722,,,
-4.998125,0.024838845,0.040872279,,,
-4.9975,0.025636135,0.041668918,,,
-4.996875,0.038392772,0.118146266,,,
-4.99625,0.041581931,0.169131165,,,
-4.995625,0.040784642,0.17311436,,,
-4.995,0.038392772,0.151605106,,,
-4.994375,0.033609033,0.113366432,,,
-4.99375,0.031217164,0.075924397,,,
-4.993125,0.028028005,0.046448752,,,
-4.9925,0.026433425,0.024142859,,,
-4.991875,0.024838845,0.013786551,,,
-4.99125,0.024041555,0.010599995,,,
-4.990625,0.024041555,0.007413439,,,
-4.99,0.023244266,0.005820161,,,
-4.989375,0.022446976,0.004226883,,,
-4.98875,0.009690339,-0.037198348,,,
-4.988125,0.001717441,-0.105709306,,,
-4.9875,0.001717441,-0.114472335,,,
-4.986875,0.00251473,-0.100132832,,,
-4.98625,0.00570389,-0.070657188,,,
-4.985625,0.008893049,-0.036401709,,,
-4.985,0.015271367,-0.006926064,,,
-4.984375,0.022446976,0.016973107,,,
-4.98375,0.024041555,0.030515971,,,
-4.983125,0.023244266,0.032905888,,,
-4.9825,0.024041555,0.036092444,,,
-4.981875,0.024041555,0.038482362,,,
-4.98125,0.024041555,0.040872279,,,
-4.980625,0.028028005,0.05600842,,,
-4.98,0.039987352,0.144435354,,,
-4.979375,0.041581931,0.173910999,,,
-4.97875,0.039987352,0.169131165,,,
-4.978125,0.036798193,0.142045437,,,
-4.9775,0.032811743,0.099823568,,,
-4.976875,0.030419874,0.066364728,,,
-4.97625,0.028028005,0.037685722,,,
-4.975625,0.025636135,0.018566385,,,
-4.975,0.024838845,0.012989912,,,
-4.974375,0.023244266,0.009006717,,,
-4.97375,0.023244266,0.007413439,,,
-4.973125,0.023244266,0.005820161,,,
-4.9725,0.021649686,0.003430244,,,
-4.971875,0.00331202,-0.067470631,,,
-4.97125,0.001717441,-0.11048914,,,
-4.970625,0.001717441,-0.111285779,,,
-4.97,0.00331202,-0.092963081,,,
-4.969375,0.00650118,-0.058707602,,,
-4.96875,0.011284918,-0.026045401,,,
-4.968125,0.018460527,0.001836965,,,
-4.9675,0.022446976,0.02334622,,,
-4.966875,0.023244266,0.03131261,,,
-4.96625,0.024041555,0.033702527,,,
-4.965625,0.024041555,0.036889083,,,
-4.965,0.024041555,0.04007564,,,
-4.964375,0.024041555,0.040872279,,,
-4.96375,0.032811743,0.082297509,,,
-4.963125,0.040784642,0.161164774,,,
-4.9625,0.040784642,0.175504277,,,
-4.961875,0.039190062,0.161164774,,,
-4.96125,0.035203613,0.127705935,,,
-4.960625,0.032014454,0.087077343,,,
-4.96,0.029622584,0.05680506,,,
-4.959375,0.027230715,0.029719332,,,
-4.95875,0.025636135,0.016176468,,,
-4.958125,0.024041555,0.012193273,,,
-4.9575,0.023244266,0.008210078,,,
-4.956875,0.023244266,0.0066168,,,
-4.95625,0.022446976,0.005023522,,,
-4.955625,0.016068657,-0.010909259,,,
-4.955,0.00251473,-0.090573164,,,
-4.954375,0.00251473,-0.113675696,,,
-4.95375,0.00251473,-0.107302584,,,
-4.953125,0.00410931,-0.083403412,,,
-4.9525,0.008893049,-0.046758016,,,
-4.951875,0.012879498,-0.017282372,,,
-4.95125,0.020055106,0.009803356,,,
-4.950625,0.022446976,0.027329415,,,
-4.95,0.023244266,0.032109249,,,
-4.949375,0.023244266,0.034499166,,,
-4.94875,0.024041555,0.037685722,,,
-4.948125,0.024041555,0.039279001,,,
-4.9475,0.024838845,0.040872279,,,
-4.946875,0.037595482,0.115756349,,,
-4.94625,0.040784642,0.169131165,,,
-4.945625,0.040784642,0.173910999,,,
-4.945,0.038392772,0.153995023,,,
-4.944375,0.033609033,0.114163071,,,
-4.94375,0.031217164,0.077517675,,,
-4.943125,0.028028005,0.04804203,,,
-4.9425,0.025636135,0.024142859,,,
-4.941875,0.023244266,0.013786551,,,
-4.94125,0.023244266,0.010599995,,,
-4.940625,0.023244266,0.007413439,,,
-4.94,0.022446976,0.005023522,,,
-4.939375,0.022446976,0.005023522,,,
-4.93875,0.010487629,-0.03560507,,,
-4.938125,0.00251473,-0.104116027,,,
-4.9375,0.001717441,-0.114472335,,,
-4.936875,0.00331202,-0.10172611,,,
-4.93625,0.00570389,-0.073047105,,,
-4.935625,0.009690339,-0.037994987,,,
-4.935,0.014474078,-0.01011262,,,
-4.934375,0.021649686,0.015379829,,,
-4.93375,0.024041555,0.028126054,,,
-4.933125,0.024041555,0.032109249,,,
-4.9325,0.024041555,0.035295805,,,
-4.931875,0.024838845,0.036889083,,,
-4.93125,0.024838845,0.04007564,,,
-4.930625,0.028825294,0.053618503,,,
-4.93,0.039987352,0.142045437,,,
-4.929375,0.041581931,0.172317721,,,
-4.92875,0.040784642,0.169131165,,,
-4.928125,0.037595482,0.142842076,,,
-4.9275,0.032811743,0.102213485,,,
-4.926875,0.030419874,0.067161367,,,
-4.92625,0.028028005,0.038482362,,,
-4.925625,0.026433425,0.019363024,,,
-4.925,0.025636135,0.012989912,,,
-4.924375,0.024838845,0.009803356,,,
-4.92375,0.024041555,0.007413439,,,
-4.923125,0.023244266,0.005023522,,,
-4.9225,0.022446976,0.004226883,,,
-4.921875,0.00410931,-0.065080714,,,
-4.92125,0.00251473,-0.109692501,,,
-4.920625,0.00331202,-0.111285779,,,
-4.92,0.00331202,-0.09375972,,,
-4.919375,0.007298469,-0.059504241,,,
-4.91875,0.011284918,-0.027638679,,,
-4.918125,0.017663237,0.001040326,,,
-4.9175,0.022446976,0.021752942,,,
-4.916875,0.023244266,0.030515971,,,
-4.91625,0.023244266,0.033702527,,,
-4.915625,0.024041555,0.036889083,,,
-4.915,0.024838845,0.039279001,,,
-4.914375,0.024838845,0.040872279,,,
-4.91375,0.032014454,0.079907592,,,
-4.913125,0.040784642,0.160368135,,,
-4.9125,0.041581931,0.175504277,,,
-4.911875,0.039987352,0.162758052,,,
-4.91125,0.035203613,0.130095852,,,
-4.910625,0.032811743,0.08946726,,,
-4.91,0.029622584,0.057601699,,,
-4.909375,0.027230715,0.03131261,,,
-4.90875,0.025636135,0.016176468,,,
-4.908125,0.024041555,0.012193273,,,
-4.9075,0.023244266,0.009006717,,,
-4.906875,0.022446976,0.0066168,,,
-4.90625,0.021649686,0.004226883,,,
-4.905625,0.016865947,-0.007722703,,,
-4.905,0.001717441,-0.088979886,,,
-4.904375,0.001717441,-0.112879057,,,
-4.90375,0.00331202,-0.107302584,,,
-4.903125,0.0049066,-0.084200051,,,
-4.9025,0.008095759,-0.049147933,,,
-4.901875,0.012879498,-0.017282372,,,
-4.90125,0.019257817,0.007413439,,,
-4.900625,0.023244266,0.025736137,,,
-4.9,0.023244266,0.03131261,,,
-4.899375,0.024041555,0.034499166,,,
-4.89875,0.024041555,0.036889083,,,
-4.898125,0.024041555,0.039279001,,,
-4.8975,0.024838845,0.04007564,,,
-4.896875,0.037595482,0.112569793,,,
-4.89625,0.042379221,0.168334526,,,
-4.895625,0.041581931,0.173910999,,,
-4.895,0.038392772,0.153995023,,,
-4.894375,0.034406323,0.11495971,,,
-4.89375,0.032014454,0.078314314,,,
-4.893125,0.028028005,0.04804203,,,
-4.8925,0.025636135,0.024142859,,,
-4.891875,0.024838845,0.01458319,,,
-4.89125,0.024041555,0.011396634,,,
-4.890625,0.023244266,0.008210078,,,
-4.89,0.023244266,0.005820161,,,
-4.889375,0.022446976,0.005023522,,,
-4.88875,0.010487629,-0.032418513,,,
-4.888125,0.001717441,-0.104116027,,,
-4.8875,0.00251473,-0.114472335,,,
-4.886875,0.00331202,-0.100929471,,,
-4.88625,0.00570389,-0.073047105,,,
-4.885625,0.009690339,-0.037994987,,,
-4.885,0.015271367,-0.008519342,,,
-4.884375,0.021649686,0.016176468,,,
-4.88375,0.023244266,0.028922693,,,
-4.883125,0.024041555,0.033702527,,,
-4.8825,0.024041555,0.036092444,,,
-4.881875,0.024041555,0.038482362,,,
-4.88125,0.024041555,0.040872279,,,
-4.880625,0.028028005,0.052821864,,,
-4.88,0.039190062,0.13965552,,,
-4.879375,0.041581931,0.173910999,,,
-4.87875,0.039987352,0.169927804,,,
-4.878125,0.036798193,0.143638715,,,
-4.8775,0.032811743,0.102213485,,,
-4.876875,0.030419874,0.067958006,,,
-4.87625,0.028028005,0.039279001,,,
-4.875625,0.025636135,0.019363024,,,
-4.875,0.024838845,0.012193273,,,
-4.874375,0.024838845,0.009006717,,,
-4.87375,0.023244266,0.007413439,,,
-4.873125,0.022446976,0.004226883,,,
-4.8725,0.022446976,0.003430244,,,
-4.871875,0.0049066,-0.063487436,,,
-4.87125,0.001717441,-0.109692501,,,
-4.870625,0.00251473,-0.112879057,,,
-4.87,0.00331202,-0.095352998,,,
-4.869375,0.007298469,-0.062690797,,,
-4.86875,0.010487629,-0.028435318,,,
-4.868125,0.017663237,-0.000552952,,,
-4.8675,0.022446976,0.020956303,,,
-4.866875,0.024041555,0.030515971,,,
-4.86625,0.024041555,0.032905888,,,
-4.865625,0.024041555,0.036889083,,,
-4.865,0.024838845,0.039279001,,,
-4.864375,0.024041555,0.04007564,,,
-4.86375,0.032014454,0.075924397,,,
-4.863125,0.040784642,0.157978218,,,
-4.8625,0.041581931,0.173910999,,,
-4.861875,0.039190062,0.162758052,,,
-4.86125,0.035203613,0.130892491,,,
-4.860625,0.032014454,0.087873982,,,
-4.86,0.028825294,0.057601699,,,
-4.859375,0.027230715,0.030515971,,,
-4.85875,0.024838845,0.015379829,,,
-4.858125,0.024041555,0.011396634,,,
-4.8575,0.024041555,0.008210078,,,
-4.856875,0.023244266,0.0066168,,,
-4.85625,0.022446976,0.004226883,,,
-4.855625,0.017663237,-0.007722703,,,
-4.855,0.00251473,-0.089776525,,,
-4.854375,0.00251473,-0.114472335,,,
-4.85375,0.00331202,-0.108895862,,,
-4.853125,0.0049066,-0.085793329,,,
-4.8525,0.008893049,-0.048351294,,,
-4.851875,0.013676788,-0.018079011,,,
-4.85125,0.020055106,0.007413439,,,
-4.850625,0.024041555,0.025736137,,,
-4.85,0.024041555,0.03131261,,,
-4.849375,0.024041555,0.034499166,,,
-4.84875,0.024838845,0.037685722,,,
-4.848125,0.024041555,0.039279001,,,
-4.8475,0.025636135,0.04007564,,,
-4.846875,0.036798193,0.109383236,,,
-4.84625,0.041581931,0.167537887,,,
-4.845625,0.041581931,0.174707638,,,
-4.845,0.039190062,0.154791662,,,
-4.844375,0.034406323,0.117349627,,,
-4.84375,0.031217164,0.078314314,,,
-4.843125,0.028825294,0.04804203,,,
-4.8425,0.026433425,0.024142859,,,
-4.841875,0.024838845,0.013786551,,,
-4.84125,0.024041555,0.010599995,,,
-4.840625,0.024041555,0.008210078,,,
-4.84,0.021649686,0.005023522,,,
-4.839375,0.021649686,0.004226883,,,
-4.83875,0.010487629,-0.030028596,,,
-4.838125,0.001717441,-0.103319388,,,
-4.8375,0.001717441,-0.114472335,,,
-4.836875,0.00331202,-0.102522749,,,
-4.83625,0.00570389,-0.075437022,,,
-4.835625,0.009690339,-0.037994987,,,
-4.835,0.015271367,-0.01011262,,,
-4.834375,0.020852396,0.01458319,,,
-4.83375,0.023244266,0.028126054,,,
-4.833125,0.024041555,0.032109249,,,
-4.8325,0.024041555,0.036092444,,,
-4.831875,0.024838845,0.037685722,,,
-4.83125,0.024041555,0.04007564,,,
-4.830625,0.027230715,0.049635308,,,
-4.83,0.039987352,0.137265603,,,
-4.829375,0.042379221,0.172317721,,,
-4.82875,0.040784642,0.168334526,,,
-4.828125,0.036798193,0.143638715,,,
-4.8275,0.032811743,0.102213485,,,
-4.826875,0.030419874,0.067958006,,,
-4.82625,0.027230715,0.039279001,,,
-4.825625,0.024838845,0.019363024,,,
-4.825,0.024041555,0.012193273,,,
-4.824375,0.023244266,0.008210078,,,
-4.82375,0.023244266,0.005820161,,,
-4.823125,0.022446976,0.004226883,,,
-4.8225,0.022446976,0.004226883,,,
-4.821875,0.0049066,-0.061097519,,,
-4.82125,0.001717441,-0.11048914,,,
-4.820625,0.00251473,-0.113675696,,,
-4.82,0.00331202,-0.096149637,,,
-4.819375,0.00650118,-0.063487436,,,
-4.81875,0.010487629,-0.029231957,,,
-4.818125,0.016865947,-0.001349591,,,
-4.8175,0.022446976,0.020956303,,,
-4.816875,0.023244266,0.030515971,,,
-4.81625,0.023244266,0.033702527,,,
-4.815625,0.024041555,0.036889083,,,
-4.815,0.024041555,0.038482362,,,
-4.814375,0.024838845,0.04007564,,,
-4.81375,0.032014454,0.074331119,,,
-4.813125,0.040784642,0.15638494,,,
-4.8125,0.040784642,0.173910999,,,
-4.811875,0.038392772,0.162758052,,,
-4.81125,0.035203613,0.130892491,,,
-4.810625,0.031217164,0.08946726,,,
-4.81,0.028825294,0.058398338,,,
-4.809375,0.026433425,0.03131261,,,
-4.80875,0.024838845,0.016176468,,,
-4.808125,0.024041555,0.011396634,,,
-4.8075,0.024041555,0.007413439,,,
-4.806875,0.023244266,0.0066168,,,
-4.80625,0.022446976,0.004226883,,,
-4.805625,0.017663237,-0.006129425,,,
-4.805,0.00251473,-0.086589969,,,
-4.804375,0.001717441,-0.112879057,,,
-4.80375,0.00251473,-0.108895862,,,
-4.803125,0.00410931,-0.086589969,,,
-4.8025,0.008095759,-0.050741211,,,
-4.801875,0.012879498,-0.019672289,,,
-4.80125,0.020055106,0.0066168,,,
-4.800625,0.023244266,0.025736137,,,
-4.8,0.024838845,0.032109249,,,
-4.799375,0.024041555,0.033702527,,,
-4.79875,0.024041555,0.036889083,,,
-4.798125,0.024041555,0.039279001,,,
-4.7975,0.024041555,0.04007564,,,
-4.796875,0.036798193,0.10619668,,,
-4.79625,0.041581931,0.166741248,,,
-4.795625,0.041581931,0.173910999,,,
-4.795,0.039190062,0.155588301,,,
-4.794375,0.034406323,0.117349627,,,
-4.79375,0.031217164,0.078314314,,,
-4.793125,0.028028005,0.04804203,,,
-4.7925,0.026433425,0.024142859,,,
-4.791875,0.024838845,0.013786551,,,
-4.79125,0.024041555,0.009803356,,,
-4.790625,0.023244266,0.007413439,,,
-4.79,0.023244266,0.005023522,,,
-4.789375,0.022446976,0.004226883,,,
-4.78875,0.011284918,-0.028435318,,,
-4.788125,0.00251473,-0.10172611,,,
-4.7875,0.00251473,-0.114472335,,,
-4.786875,0.00331202,-0.102522749,,,
-4.78625,0.0049066,-0.076233661,,,
-4.785625,0.008893049,-0.038791626,,,
-4.785,0.014474078,-0.010909259,,,
-4.784375,0.021649686,0.013786551,,,
-4.78375,0.023244266,0.028126054,,,
-4.783125,0.024041555,0.032109249,,,
-4.7825,0.024041555,0.036092444,,,
-4.781875,0.024838845,0.037685722,,,
-4.78125,0.024041555,0.04007564,,,
-4.780625,0.027230715,0.048838669,,,
-4.78,0.039190062,0.136468964,,,
-4.779375,0.040784642,0.17311436,,,
-4.77875,0.039987352,0.170724443,,,
-4.778125,0.036798193,0.146028633,,,
-4.7775,0.032811743,0.103806763,,,
-4.776875,0.029622584,0.068754645,,,
-4.77625,0.027230715,0.04007564,,,
-4.775625,0.025636135,0.020159663,,,
-4.775,0.024041555,0.012193273,,,
-4.774375,0.024041555,0.009803356,,,
-4.77375,0.024041555,0.007413439,,,
-4.773125,0.022446976,0.005023522,,,
-4.7725,0.021649686,0.003430244,,,
-4.771875,0.0049066,-0.057910963,,,
-4.77125,0.001717441,-0.109692501,,,
-4.770625,0.00251473,-0.113675696,,,
-4.77,0.00410931,-0.095352998,,,
-4.769375,0.00650118,-0.062690797,,,
-4.76875,0.010487629,-0.028435318,,,
-4.768125,0.016865947,-0.001349591,,,
-4.7675,0.022446976,0.020956303,,,
-4.766875,0.024041555,0.032109249,,,
-4.76625,0.024838845,0.033702527,,,
-4.765625,0.024838845,0.036889083,,,
-4.765,0.025636135,0.039279001,,,
-4.764375,0.025636135,0.040872279,,,
-4.76375,0.032014454,0.071941201,,,
-4.763125,0.041581931,0.155588301,,,
-4.7625,0.042379221,0.174707638,,,
-4.761875,0.039987352,0.164351331,,,
-4.76125,0.036000903,0.133282408,,,
-4.760625,0.032014454,0.091060538,,,
-4.76,0.030419874,0.059991616,,,
-4.759375,0.027230715,0.032905888,,,
-4.75875,0.025636135,0.016973107,,,
-4.758125,0.024838845,0.012193273,,,
-4.7575,0.024041555,0.009006717,,,
-4.756875,0.023244266,0.0066168,,,
-4.75625,0.023244266,0.005023522,,,
-4.755625,0.019257817,-0.003739508,,,
-4.755,0.00331202,-0.084200051,,,
-4.754375,0.00251473,-0.112082418,,,
-4.75375,0.00331202,-0.108099223,,,
-4.753125,0.00410931,-0.086589969,,,
-4.7525,0.008095759,-0.051537851,,,
-4.751875,0.012879498,-0.020468928,,,
-4.75125,0.019257817,0.0066168,,,
-4.750625,0.023244266,0.024939498,,,
-4.75,0.023244266,0.032109249,,,
-4.749375,0.023244266,0.035295805,,,
-4.74875,0.023244266,0.037685722,,,
-4.748125,0.024041555,0.04007564,,,
-4.7475,0.024838845,0.040872279,,,
-4.746875,0.036000903,0.103806763,,,
-4.74625,0.040784642,0.166741248,,,
-4.745625,0.041581931,0.174707638,,,
-4.745,0.038392772,0.15638494,,,
-4.744375,0.034406323,0.118942905,,,
-4.74375,0.032014454,0.080704231,,,
-4.743125,0.028028005,0.049635308,,,
-4.7425,0.025636135,0.025736137,,,
-4.741875,0.024838845,0.01458319,,,
-4.74125,0.024041555,0.010599995,,,
-4.740625,0.023244266,0.007413439,,,
-4.74,0.022446976,0.005820161,,,
-4.739375,0.021649686,0.003430244,,,
-4.73875,0.011284918,-0.026045401,,,
-4.738125,0.001717441,-0.100929471,,,
-4.7375,0.001717441,-0.114472335,,,
-4.736875,0.00251473,-0.102522749,,,
-4.73625,0.0049066,-0.076233661,,,
-4.735625,0.008893049,-0.039588265,,,
-4.735,0.013676788,-0.01011262,,,
-4.734375,0.020852396,0.01458319,,,
-4.73375,0.023244266,0.028922693,,,
-4.733125,0.023244266,0.032905888,,,
-4.7325,0.024041555,0.036889083,,,
-4.731875,0.024041555,0.038482362,,,
-4.73125,0.025636135,0.04007564,,,
-4.730625,0.027230715,0.04804203,,,
-4.73,0.039987352,0.134875686,,,
-4.729375,0.041581931,0.172317721,,,
-4.72875,0.039987352,0.171521082,,,
-4.728125,0.037595482,0.147621911,,,
-4.7275,0.033609033,0.10619668,,,
-4.726875,0.031217164,0.071144562,,,
-4.72625,0.028028005,0.040872279,,,
-4.725625,0.026433425,0.020956303,,,
-4.725,0.024838845,0.013786551,,,
-4.724375,0.024838845,0.009803356,,,
-4.72375,0.023244266,0.007413439,,,
-4.723125,0.022446976,0.005820161,,,
-4.7225,0.021649686,0.005023522,,,
-4.721875,0.0049066,-0.054724407,,,
-4.72125,0.001717441,-0.108099223,,,
-4.720625,0.00251473,-0.113675696,,,
-4.72,0.00410931,-0.096149637,,,
-4.719375,0.00650118,-0.064284075,,,
-4.71875,0.010487629,-0.030028596,,,
-4.718125,0.016865947,-0.00214623,,,
-4.7175,0.021649686,0.020159663,,,
-4.716875,0.023244266,0.03131261,,,
-4.71625,0.023244266,0.033702527,,,
-4.715625,0.024041555,0.036889083,,,
-4.715,0.024041555,0.039279001,,,
-4.714375,0.024838845,0.040872279,,,
-4.71375,0.030419874,0.070347923,,,
-4.713125,0.039987352,0.154791662,,,
-4.7125,0.040784642,0.174707638,,,
-4.711875,0.038392772,0.16514797,,,
-4.71125,0.035203613,0.134875686,,,
-4.710625,0.032014454,0.091857178,,,
-4.71,0.029622584,0.060788255,,,
-4.709375,0.027230715,0.032905888,,,
-4.70875,0.024838845,0.016973107,,,
-4.708125,0.024041555,0.011396634,,,
-4.7075,0.023244266,0.009006717,,,
-4.706875,0.023244266,0.007413439,,,
-4.70625,0.021649686,0.005023522,,,
-4.705625,0.018460527,-0.002942869,,,
-4.705,0.00251473,-0.082606773,,,
-4.704375,0.001717441,-0.112879057,,,
-4.70375,0.00251473,-0.109692501,,,
-4.703125,0.00410931,-0.088183247,,,
-4.7025,0.007298469,-0.053131129,,,
-4.701875,0.012879498,-0.021265567,,,
-4.70125,0.019257817,0.005023522,,,
-4.700625,0.023244266,0.024939498,,,
-4.7,0.023244266,0.03131261,,,
-4.699375,0.023244266,0.034499166,,,
-4.69875,0.024041555,0.036889083,,,
-4.698125,0.024041555,0.039279001,,,
-4.6975,0.024838845,0.04007564,,,
-4.696875,0.036000903,0.100620207,,,
-4.69625,0.040784642,0.165944609,,,
-4.695625,0.040784642,0.173910999,,,
-4.695,0.038392772,0.15638494,,,
-4.694375,0.034406323,0.119739544,,,
-4.69375,0.031217164,0.08150087,,,
-4.693125,0.028028005,0.050431947,,,
-4.6925,0.026433425,0.025736137,,,
-4.691875,0.024041555,0.01458319,,,
-4.69125,0.024041555,0.011396634,,,
-4.690625,0.023244266,0.007413439,,,
-4.69,0.023244266,0.005820161,,,
-4.689375,0.021649686,0.003430244,,,
-4.68875,0.012082208,-0.024452123,,,
-4.688125,0.001717441,-0.100929471,,,
-4.6875,0.001717441,-0.114472335,,,
-4.686875,0.00251473,-0.104912667,,,
-4.68625,0.0049066,-0.077826939,,,
-4.685625,0.008893049,-0.041181543,,,
-4.685,0.013676788,-0.012502537,,,
-4.684375,0.020852396,0.012193273,,,
-4.68375,0.023244266,0.027329415,,,
-4.683125,0.023244266,0.032109249,,,
-4.6825,0.024041555,0.035295805,,,
-4.681875,0.024838845,0.037685722,,,
-4.68125,0.024041555,0.04007564,,,
-4.680625,0.027230715,0.046448752,,,
-4.68,0.039190062,0.13168913,,,
-4.679375,0.040784642,0.170724443,,,
-4.67875,0.040784642,0.171521082,,,
-4.678125,0.038392772,0.147621911,,,
-4.6775,0.032811743,0.105400041,,,
-4.676875,0.031217164,0.071941201,,,
-4.67625,0.028028005,0.041668918,,,
-4.675625,0.025636135,0.020956303,,,
-4.675,0.024041555,0.013786551,,,
-4.674375,0.024041555,0.009803356,,,
-4.67375,0.024041555,0.007413439,,,
-4.673125,0.022446976,0.005023522,,,
-4.6725,0.022446976,0.005023522,,,
-4.671875,0.00570389,-0.05233449,,,
-4.67125,0.00251473,-0.108099223,,,
-4.670625,0.001717441,-0.113675696,,,
-4.67,0.00331202,-0.096946276,,,
-4.669375,0.00650118,-0.065080714,,,
-4.66875,0.010487629,-0.030825235,,,
-4.668125,0.017663237,-0.00214623,,,
-4.6675,0.022446976,0.020159663,,,
-4.666875,0.023244266,0.030515971,,,
-4.66625,0.024041555,0.033702527,,,
-4.665625,0.024041555,0.037685722,,,
-4.665,0.024041555,0.039279001,,,
-4.664375,0.024041555,0.040872279,,,
-4.66375,0.029622584,0.068754645,,,
-4.663125,0.040784642,0.153198384,,,
-4.6625,0.040784642,0.174707638,,,
-4.661875,0.038392772,0.165944609,,,
-4.66125,0.035203613,0.135672325,,,
-4.660625,0.031217164,0.093450456,,,
-4.66,0.029622584,0.062381533,,,
-4.659375,0.026433425,0.034499166,,,
-4.65875,0.024838845,0.017769746,,,
-4.658125,0.023244266,0.012193273,,,
-4.6575,0.023244266,0.009803356,,,
-4.656875,0.023244266,0.007413439,,,
-4.65625,0.021649686,0.005023522,,,
-4.655625,0.018460527,-0.001349591,,,
-4.655,0.00251473,-0.080216856,,,
-4.654375,0.00251473,-0.112879057,,,
-4.65375,0.00251473,-0.109692501,,,
-4.653125,0.00331202,-0.088979886,,,
-4.6525,0.007298469,-0.053131129,,,
-4.651875,0.011284918,-0.022062206,,,
-4.65125,0.019257817,0.005023522,,,
-4.650625,0.023244266,0.024939498,,,
-4.65,0.023244266,0.032109249,,,
-4.649375,0.024041555,0.035295805,,,
-4.64875,0.024041555,0.036889083,,,
-4.648125,0.024041555,0.04007564,,,
-4.6475,0.024838845,0.04007564,,,
-4.646875,0.036000903,0.097433651,,,
-4.64625,0.040784642,0.16514797,,,
-4.645625,0.042379221,0.174707638,,,
-4.645,0.039190062,0.157978218,,,
-4.644375,0.034406323,0.122129461,,,
-4.64375,0.031217164,0.082297509,,,
-4.643125,0.028028005,0.052025225,,,
-4.6425,0.025636135,0.026532776,,,
-4.641875,0.024041555,0.015379829,,,
-4.64125,0.024041555,0.011396634,,,
-4.640625,0.024041555,0.008210078,,,
-4.64,0.023244266,0.005820161,,,
-4.639375,0.022446976,0.005023522,,,
-4.63875,0.013676788,-0.021265567,,,
-4.638125,0.001717441,-0.098539554,,,
-4.6375,0.001717441,-0.113675696,,,
-4.636875,0.00251473,-0.103319388,,,
-4.63625,0.0049066,-0.077826939,,,
-4.635625,0.009690339,-0.041181543,,,
-4.635,0.013676788,-0.012502537,,,
-4.634375,0.020852396,0.012989912,,,
-4.63375,0.023244266,0.028126054,,,
-4.633125,0.023244266,0.032109249,,,
-4.6325,0.024041555,0.035295805,,,
-4.631875,0.024041555,0.037685722,,,
-4.63125,0.024041555,0.04007564,,,
-4.630625,0.026433425,0.044855474,,,
-4.63,0.038392772,0.129299213,,,
-4.629375,0.041581931,0.170724443,,,
-4.62875,0.040784642,0.170724443,,,
-4.628125,0.037595482,0.147621911,,,
-4.6275,0.032811743,0.107789958,,,
-4.626875,0.030419874,0.071144562,,,
-4.62625,0.027230715,0.042465557,,,
-4.625625,0.025636135,0.020956303,,,
-4.625,0.024838845,0.013786551,,,
-4.624375,0.024041555,0.010599995,,,
-4.62375,0.024041555,0.008210078,,,
-4.623125,0.023244266,0.005820161,,,
-4.6225,0.022446976,0.005023522,,,
-4.621875,0.00650118,-0.049147933,,,
-4.62125,0.00251473,-0.107302584,,,
-4.620625,0.00251473,-0.113675696,,,
-4.62,0.00331202,-0.097742915,,,
-4.619375,0.00650118,-0.065877353,,,
-4.61875,0.009690339,-0.031621874,,,
-4.618125,0.016865947,-0.002942869,,,
-4.6175,0.022446976,0.019363024,,,
-4.616875,0.023244266,0.030515971,,,
-4.61625,0.024041555,0.032905888,,,
-4.615625,0.024041555,0.036889083,,,
-4.615,0.024838845,0.039279001,,,
-4.614375,0.024838845,0.040872279,,,
-4.61375,0.030419874,0.065568089,,,
-4.613125,0.040784642,0.151605106,,,
-4.6125,0.040784642,0.173910999,,,
-4.611875,0.039987352,0.165944609,,,
-4.61125,0.036000903,0.137265603,,,
-4.610625,0.032014454,0.094247095,,,
-4.61,0.029622584,0.062381533,,,
-4.609375,0.027230715,0.035295805,,,
-4.60875,0.024838845,0.017769746,,,
-4.608125,0.024041555,0.012193273,,,
-4.6075,0.023244266,0.009803356,,,
-4.606875,0.022446976,0.0066168,,,
-4.60625,0.022446976,0.005023522,,,
-4.605625,0.019257817,0.000243687,,,
-4.605,0.00251473,-0.078623578,,,
-4.604375,0.00251473,-0.111285779,,,
-4.60375,0.00251473,-0.109692501,,,
-4.603125,0.00410931,-0.089776525,,,
-4.6025,0.008095759,-0.054724407,,,
-4.601875,0.011284918,-0.022858845,,,
-4.60125,0.018460527,0.003430244,,,
-4.600625,0.022446976,0.02334622,,,
-4.6,0.023244266,0.03131261,,,
-4.599375,0.023244266,0.033702527,,,
-4.59875,0.024041555,0.036889083,,,
-4.598125,0.024838845,0.039279001,,,
-4.5975,0.024838845,0.04007564,,,
-4.596875,0.034406323,0.094247095,,,
-4.59625,0.040784642,0.162758052,,,
-4.595625,0.041581931,0.174707638,,,
-4.595,0.038392772,0.157978218,,,
-4.594375,0.034406323,0.1229261,,,
-4.59375,0.031217164,0.083094148,,,
-4.593125,0.028825294,0.052821864,,,
-4.5925,0.026433425,0.027329415,,,
-4.591875,0.024041555,0.015379829,,,
-4.59125,0.024041555,0.012193273,,,
-4.590625,0.022446976,0.008210078,,,
-4.59,0.021649686,0.0066168,,,
-4.589375,0.021649686,0.005023522,,,
-4.58875,0.013676788,-0.019672289,,,
-4.588125,0.001717441,-0.097742915,,,
-4.5875,0.001717441,-0.113675696,,,
-4.586875,0.00251473,-0.104912667,,,
-4.58625,0.0049066,-0.079420217,,,
-4.585625,0.008893049,-0.041978182,,,
-4.585,0.013676788,-0.013299176,,,
-4.584375,0.020055106,0.012193273,,,
-4.58375,0.022446976,0.027329415,,,
-4.583125,0.022446976,0.032109249,,,
-4.5825,0.024041555,0.036092444,,,
-4.581875,0.024041555,0.038482362,,,
-4.58125,0.023244266,0.04007564,,,
-4.580625,0.024838845,0.044058835,,,
-4.58,0.038392772,0.127705935,,,
-4.579375,0.040784642,0.169927804,,,
-4.57875,0.040784642,0.171521082,,,
-4.578125,0.037595482,0.149215189,,,
-4.5775,0.032811743,0.108586597,,,
-4.576875,0.030419874,0.07273784,,,
-4.57625,0.027230715,0.043262196,,,
-4.575625,0.025636135,0.020956303,,,
-4.575,0.024838845,0.013786551,,,
-4.574375,0.023244266,0.010599995,,,
-4.57375,0.022446976,0.0066168,,,
-4.573125,0.021649686,0.005023522,,,
-4.5725,0.022446976,0.005023522,,,
-4.571875,0.00650118,-0.045961377,,,
-4.57125,0.001717441,-0.108099223,,,
-4.570625,0.00251473,-0.113675696,,,
-4.57,0.00251473,-0.098539554,,,
-4.569375,0.00570389,-0.06826727,,,
-4.56875,0.009690339,-0.032418513,,,
-4.568125,0.016068657,-0.003739508,,,
-4.5675,0.022446976,0.019363024,,,
-4.566875,0.023244266,0.030515971,,,
-4.56625,0.024041555,0.032905888,,,
-4.565625,0.024041555,0.036092444,,,
-4.565,0.024041555,0.038482362,,,
-4.564375,0.024041555,0.04007564,,,
-4.56375,0.030419874,0.062381533,,,
-4.563125,0.040784642,0.150011828,,,
-4.5625,0.040784642,0.17311436,,,
-4.561875,0.039987352,0.165944609,,,
-4.56125,0.036000903,0.136468964,,,
-4.560625,0.032811743,0.095840373,,,
-4.56,0.029622584,0.063178172,,,
-4.559375,0.028028005,0.036092444,,,
-4.55875,0.025636135,0.018566385,,,
-4.558125,0.024838845,0.012989912,,,
-4.5575,0.024041555,0.009006717,,,
-4.556875,0.023244266,0.007413439,,,
-4.55625,0.022446976,0.005820161,,,
-4.555625,0.020852396,0.001040326,,,
-4.555,0.00251473,-0.0770303,,,
-4.554375,0.00251473,-0.112082418,,,
-4.55375,0.00331202,-0.11048914,,,
-4.553125,0.00410931,-0.090573164,,,
-4.5525,0.008095759,-0.055521046,,,
-4.551875,0.011284918,-0.023655484,,,
-4.55125,0.018460527,0.003430244,,,
-4.550625,0.023244266,0.02334622,,,
-4.55,0.023244266,0.030515971,,,
-4.549375,0.024041555,0.033702527,,,
-4.54875,0.024838845,0.036889083,,,
-4.548125,0.024838845,0.039279001,,,
-4.5475,0.024838845,0.04007564,,,
-4.546875,0.034406323,0.091060538,,,
-4.54625,0.040784642,0.161961413,,,
-4.545625,0.041581931,0.173910999,,,
-4.545,0.039190062,0.157978218,,,
-4.544375,0.034406323,0.1229261,,,
-4.54375,0.031217164,0.083094148,,,
-4.543125,0.028825294,0.053618503,,,
-4.5425,0.026433425,0.028126054,,,
-4.541875,0.024838845,0.01458319,,,
-4.54125,0.024041555,0.011396634,,,
-4.540625,0.024041555,0.007413439,,,
-4.54,0.023244266,0.005820161,,,
-4.539375,0.022446976,0.004226883,,,
-4.53875,0.014474078,-0.017282372,,,
-4.538125,0.001717441,-0.096149637,,,
-4.5375,0.001717441,-0.114472335,,,
-4.536875,0.00251473,-0.105709306,,,
-4.53625,0.0049066,-0.080216856,,,
-4.535625,0.008893049,-0.04357146,,,
-4.535,0.013676788,-0.014095815,,,
-4.534375,0.021649686,0.011396634,,,
-4.53375,0.024041555,0.027329415,,,
-4.533125,0.024041555,0.032109249,,,
-4.5325,0.024838845,0.035295805,,,
-4.531875,0.025636135,0.036889083,,,
-4.53125,0.024838845,0.04007564,,,
-4.530625,0.026433425,0.043262196,,,
-4.53,0.039190062,0.125316017,,,
-4.529375,0.041581931,0.169927804,,,
-4.52875,0.040784642,0.171521082,,,
-4.528125,0.037595482,0.149215189,,,
-4.5275,0.032811743,0.109383236,,,
-4.526875,0.032014454,0.073534479,,,
-4.52625,0.028028005,0.044058835,,,
-4.525625,0.026433425,0.022549581,,,
-4.525,0.025636135,0.01458319,,,
-4.524375,0.024838845,0.010599995,,,
-4.52375,0.024041555,0.008210078,,,
-4.523125,0.023244266,0.005820161,,,
-4.5225,0.022446976,0.005023522,,,
-4.521875,0.008095759,-0.04357146,,,
-4.52125,0.00251473,-0.104912667,,,
-4.520625,0.00331202,-0.112879057,,,
-4.52,0.00410931,-0.098539554,,,
-4.519375,0.00650118,-0.06826727,,,
-4.51875,0.010487629,-0.032418513,,,
-4.518125,0.016865947,-0.004536147,,,
-4.5175,0.022446976,0.017769746,,,
-4.516875,0.024838845,0.030515971,,,
-4.51625,0.024838845,0.033702527,,,
-4.515625,0.024041555,0.036889083,,,
-4.515,0.024041555,0.039279001,,,
-4.514375,0.024838845,0.040872279,,,
-4.51375,0.029622584,0.060788255,,,
-4.513125,0.040784642,0.149215189,,,
-4.5125,0.041581931,0.173910999,,,
-4.511875,0.039987352,0.165944609,,,
-4.51125,0.036000903,0.138858881,,,
-4.510625,0.032014454,0.096637012,,,
-4.51,0.029622584,0.063974811,,,
-4.509375,0.027230715,0.035295805,,,
-4.50875,0.025636135,0.018566385,,,
-4.508125,0.024838845,0.012193273,,,
-4.5075,0.024041555,0.009006717,,,
-4.506875,0.023244266,0.007413439,,,
-4.50625,0.022446976,0.005023522,,,
-4.505625,0.020852396,0.001836965,,,
-4.505,0.00251473,-0.073843744,,,
-4.504375,0.00251473,-0.11048914,,,
-4.50375,0.00331202,-0.109692501,,,
-4.503125,0.00331202,-0.089776525,,,
-4.5025,0.007298469,-0.055521046,,,
-4.501875,0.012082208,-0.023655484,,,
-4.50125,0.019257817,0.003430244,,,
-4.500625,0.023244266,0.024142859,,,
-4.5,0.024041555,0.03131261,,,
-4.499375,0.023244266,0.033702527,,,
-4.49875,0.024041555,0.036889083,,,
-4.498125,0.024041555,0.039279001,,,
-4.4975,0.024838845,0.040872279,,,
-4.496875,0.034406323,0.08946726,,,
-4.49625,0.039987352,0.162758052,,,
-4.495625,0.040784642,0.174707638,,,
-4.495,0.038392772,0.158774857,,,
-4.494375,0.033609033,0.125316017,,,
-4.49375,0.031217164,0.084687426,,,
-4.493125,0.028028005,0.053618503,,,
-4.4925,0.026433425,0.028126054,,,
-4.491875,0.024041555,0.015379829,,,
-4.49125,0.024041555,0.011396634,,,
-4.490625,0.022446976,0.007413439,,,
-4.49,0.022446976,0.005820161,,,
-4.489375,0.021649686,0.005023522,,,
-4.48875,0.014474078,-0.015689094,,,
-4.488125,0.000920151,-0.094556359,,,
-4.4875,0.001717441,-0.112879057,,,
-4.486875,0.00251473,-0.104912667,,,
-4.48625,0.00410931,-0.080216856,,,
-4.485625,0.008095759,-0.04357146,,,
-4.485,0.013676788,-0.014095815,,,
-4.484375,0.020852396,0.011396634,,,
-4.48375,0.023244266,0.027329415,,,
-4.483125,0.023244266,0.032905888,,,
-4.4825,0.023244266,0.035295805,,,
-4.481875,0.023244266,0.037685722,,,
-4.48125,0.024041555,0.04007564,,,
-4.480625,0.025636135,0.042465557,,,
-4.48,0.039190062,0.122129461,,,
-4.479375,0.040784642,0.169927804,,,
-4.47875,0.040784642,0.17311436,,,
-4.478125,0.038392772,0.150808467,,,
-4.4775,0.032811743,0.111773154,,,
-4.476875,0.030419874,0.074331119,,,
-4.47625,0.027230715,0.045652113,,,
-4.475625,0.025636135,0.02334622,,,
-4.475,0.024041555,0.013786551,,,
-4.474375,0.024041555,0.010599995,,,
-4.47375,0.023244266,0.007413439,,,
-4.473125,0.022446976,0.005820161,,,
-4.4725,0.021649686,0.005820161,,,
-4.471875,0.008095759,-0.041181543,,,
-4.47125,0.001717441,-0.104912667,,,
-4.470625,0.001717441,-0.113675696,,,
-4.47,0.00251473,-0.099336193,,,
-4.469375,0.0049066,-0.06826727,,,
-4.46875,0.009690339,-0.034011792,,,
-4.468125,0.015271367,-0.005332786,,,
-4.4675,0.021649686,0.017769746,,,
-4.466875,0.023244266,0.030515971,,,
-4.46625,0.024041555,0.033702527,,,
-4.465625,0.024041555,0.036889083,,,
-4.465,0.024041555,0.038482362,,,
-4.464375,0.024041555,0.040872279,,,
-4.46375,0.028825294,0.059194977,,,
-4.463125,0.039190062,0.147621911,,,
-4.4625,0.041581931,0.17311436,,,
-4.461875,0.039987352,0.166741248,,,
-4.46125,0.036000903,0.13965552,,,
-4.460625,0.032014454,0.097433651,,,
-4.46,0.029622584,0.06477145,,,
-4.459375,0.027230715,0.036889083,,,
-4.45875,0.024838845,0.019363024,,,
-4.458125,0.024041555,0.013786551,,,
-4.4575,0.023244266,0.009803356,,,
-4.456875,0.023244266,0.008210078,,,
-4.45625,0.022446976,0.005820161,,,
-4.455625,0.020852396,0.003430244,,,
-4.455,0.00251473,-0.071453827,,,
-4.454375,0.00251473,-0.109692501,,,
-4.45375,0.00251473,-0.109692501,,,
-4.453125,0.00331202,-0.090573164,,,
-4.4525,0.007298469,-0.056317685,,,
-4.451875,0.012082208,-0.023655484,,,
-4.45125,0.019257817,0.003430244,,,
-4.450625,0.023244266,0.024142859,,,
-4.45,0.024041555,0.032109249,,,
-4.449375,0.024041555,0.034499166,,,
-4.44875,0.024041555,0.037685722,,,
-4.448125,0.024041555,0.04007564,,,
-4.4475,0.024041555,0.040872279,,,
-4.446875,0.033609033,0.087077343,,,
-4.44625,0.040784642,0.162758052,,,
-4.445625,0.041581931,0.174707638,,,
-4.445,0.038392772,0.160368135,,,
-4.444375,0.034406323,0.126112656,,,
-4.44375,0.032014454,0.085484065,,,
-4.443125,0.028825294,0.055211781,,,
-4.4425,0.026433425,0.028126054,,,
-4.441875,0.024041555,0.015379829,,,
-4.44125,0.024041555,0.012193273,,,
-4.440625,0.023244266,0.009006717,,,
-4.44,0.022446976,0.0066168,,,
-4.439375,0.022446976,0.005820161,,,
-4.43875,0.014474078,-0.013299176,,,
-4.438125,0.001717441,-0.092166442,,,
-4.4375,0.001717441,-0.112879057,,,
-4.436875,0.00251473,-0.104912667,,,
-4.43625,0.00410931,-0.081013495,,,
-4.435625,0.008095759,-0.044368099,,,
-4.435,0.012879498,-0.014892454,,,
-4.434375,0.019257817,0.010599995,,,
-4.43375,0.022446976,0.026532776,,,
-4.433125,0.023244266,0.032109249,,,
-4.4325,0.023244266,0.035295805,,,
-4.431875,0.023244266,0.037685722,,,
-4.43125,0.024041555,0.04007564,,,
-4.430625,0.024838845,0.041668918,,,
-4.43,0.037595482,0.119739544,,,
-4.429375,0.039987352,0.168334526,,,
-4.42875,0.039987352,0.171521082,,,
-4.428125,0.036798193,0.150808467,,,
-4.4275,0.032014454,0.111773154,,,
-4.426875,0.029622584,0.075127758,,,
-4.42625,0.027230715,0.046448752,,,
-4.425625,0.025636135,0.02334622,,,
-4.425,0.024041555,0.01458319,,,
-4.424375,0.023244266,0.011396634,,,
-4.42375,0.022446976,0.008210078,,,
-4.423125,0.022446976,0.0066168,,,
-4.4225,0.021649686,0.005023522,,,
-4.421875,0.008095759,-0.038791626,,,
-4.42125,0.000920151,-0.104116027,,,
-4.420625,0.000920151,-0.113675696,,,
-4.42,0.001717441,-0.098539554,,,
-4.419375,0.0049066,-0.069860549,,,
-4.41875,0.008893049,-0.034011792,,,
-4.418125,0.015271367,-0.006129425,,,
-4.4175,0.021649686,0.017769746,,,
-4.416875,0.023244266,0.029719332,,,
-4.41625,0.023244266,0.033702527,,,
-4.415625,0.024041555,0.036092444,,,
-4.415,0.024041555,0.038482362,,,
-4.414375,0.024041555,0.04007564,,,
-4.41375,0.028825294,0.057601699,,,
-4.413125,0.039987352,0.145231993,,,
-4.4125,0.041581931,0.17311436,,,
-4.411875,0.039190062,0.166741248,,,
-4.41125,0.036000903,0.13965552,,,
-4.410625,0.031217164,0.09823029,,,
-4.41,0.029622584,0.065568089,,,
-4.409375,0.027230715,0.037685722,,,
-4.40875,0.024838845,0.020159663,,,
-4.408125,0.024041555,0.013786551,,,
-4.4075,0.023244266,0.010599995,,,
-4.406875,0.022446976,0.008210078,,,
-4.40625,0.022446976,0.005023522,,,
-4.405625,0.021649686,0.003430244,,,
-4.405,0.00331202,-0.069860549,,,
-4.404375,0.00251473,-0.11048914,,,
-4.40375,0.00251473,-0.11048914,,,
-4.403125,0.00410931,-0.092166442,,,
-4.4025,0.007298469,-0.057910963,,,
-4.401875,0.011284918,-0.024452123,,,
-4.40125,0.017663237,0.002633605,,,
-4.400625,0.022446976,0.022549581,,,
-4.4,0.023244266,0.032109249,,,
-4.399375,0.023244266,0.033702527,,,
-4.39875,0.024041555,0.037685722,,,
-4.398125,0.024838845,0.039279001,,,
-4.3975,0.024838845,0.04007564,,,
-4.396875,0.033609033,0.083890787,,,
-4.39625,0.041581931,0.159571496,,,
-4.395625,0.041581931,0.173910999,,,
-4.395,0.039987352,0.160368135,,,
-4.394375,0.035203613,0.127705935,,,
-4.39375,0.032811743,0.086280704,,,
-4.393125,0.029622584,0.05600842,,,
-4.3925,0.026433425,0.029719332,,,
-4.391875,0.025636135,0.016176468,,,
-4.39125,0.024041555,0.012193273,,,
-4.390625,0.023244266,0.009006717,,,
-4.39,0.023244266,0.0066168,,,
-4.389375,0.022446976,0.005820161,,,
-4.38875,0.015271367,-0.011705898,,,
-4.388125,0.001717441,-0.092166442,,,
-4.3875,0.001717441,-0.112879057,,,
-4.386875,0.00251473,-0.106505945,,,
-4.38625,0.00410931,-0.082606773,,,
-4.385625,0.008095759,-0.045961377,,,
-4.385,0.013676788,-0.015689094,,,
-4.384375,0.020055106,0.009006717,,,
-4.38375,0.023244266,0.025736137,,,
-4.383125,0.023244266,0.03131261,,,
-4.3825,0.023244266,0.033702527,,,
-4.381875,0.024041555,0.036889083,,,
-4.38125,0.024041555,0.039279001,,,
-4.380625,0.024838845,0.041668918,,,
-4.38,0.037595482,0.117349627,,,
-4.379375,0.040784642,0.167537887,,,
-4.37875,0.040784642,0.171521082,,,
-4.378125,0.037595482,0.151605106,,,
-4.3775,0.032811743,0.111773154,,,
-4.376875,0.030419874,0.075924397,,,
-4.37625,0.028028005,0.046448752,,,
-4.375625,0.026433425,0.024142859,,,
-4.375,0.024838845,0.013786551,,,
-4.374375,0.024041555,0.009803356,,,
-4.37375,0.023244266,0.007413439,,,
-4.373125,0.022446976,0.005023522,,,
-4.3725,0.022446976,0.004226883,,,
-4.371875,0.009690339,-0.037198348,,,
-4.37125,0.001717441,-0.104912667,,,
-4.370625,0.001717441,-0.114472335,,,
-4.37,0.00331202,-0.100929471,,,
-4.369375,0.00570389,-0.070657188,,,
-4.36875,0.010487629,-0.03560507,,,
-4.368125,0.016068657,-0.007722703,,,
-4.3675,0.022446976,0.016973107,,,
-4.366875,0.024041555,0.028922693,,,
-4.36625,0.024041555,0.032905888,,,
-4.365625,0.024041555,0.035295805,,,
-4.365,0.024838845,0.037685722,,,
-4.364375,0.025636135,0.04007564,,,
-4.36375,0.028825294,0.054415142,,,
-4.363125,0.039987352,0.142842076,,,
-4.3625,0.041581931,0.172317721,,,
-4.361875,0.039987352,0.166741248,,,
-4.36125,0.036798193,0.140452159,,,
-4.360625,0.032811743,0.099026929,,,
-4.36,0.030419874,0.065568089,,,
-4.359375,0.028028005,0.036889083,,,
-4.35875,0.025636135,0.018566385,,,
-4.358125,0.024838845,0.012193273,,,
-4.3575,0.024041555,0.009803356,,,
-4.356875,0.024041555,0.007413439,,,
-4.35625,0.023244266,0.005023522,,,
-4.355625,0.021649686,0.003430244,,,
-4.355,0.00410931,-0.066673992,,,
-4.354375,0.00251473,-0.109692501,,,
-4.35375,0.00251473,-0.111285779,,,
-4.353125,0.00410931,-0.092166442,,,
-4.3525,0.007298469,-0.058707602,,,
-4.351875,0.012082208,-0.025248762,,,
-4.35125,0.019257817,0.001040326,,,
-4.350625,0.023244266,0.021752942,,,
-4.35,0.024041555,0.03131261,,,
-4.349375,0.024041555,0.033702527,,,
-4.34875,0.024041555,0.036889083,,,
-4.348125,0.024838845,0.039279001,,,
-4.3475,0.024041555,0.039279001,,,
-4.346875,0.032811743,0.080704231,,,
-4.34625,0.040784642,0.158774857,,,
-4.345625,0.041581931,0.173910999,,,
-4.345,0.039190062,0.160368135,,,
-4.344375,0.035203613,0.127705935,,,
-4.34375,0.032014454,0.086280704,,,
-4.343125,0.029622584,0.05600842,,,
-4.3425,0.027230715,0.029719332,,,
-4.341875,0.025636135,0.016176468,,,
-4.34125,0.024041555,0.012193273,,,
-4.340625,0.024838845,0.009006717,,,
-4.34,0.024041555,0.0066168,,,
-4.339375,0.023244266,0.005023522,,,
-4.33875,0.016068657,-0.01011262,,,
-4.338125,0.00251473,-0.089776525,,,
-4.3375,0.00251473,-0.112879057,,,
-4.336875,0.00331202,-0.105709306,,,
-4.33625,0.0049066,-0.082606773,,,
-4.335625,0.008893049,-0.045961377,,,
-4.335,0.013676788,-0.016485733,,,
-4.334375,0.020055106,0.009803356,,,
-4.33375,0.023244266,0.027329415,,,
-4.333125,0.024041555,0.032109249,,,
-4.3325,0.024041555,0.035295805,,,
-4.331875,0.024041555,0.037685722,,,
-4.33125,0.023244266,0.04007564,,,
-4.330625,0.024041555,0.04007564,,,
-4.33,0.037595482,0.114163071,,,
-4.329375,0.040784642,0.166741248,,,
-4.32875,0.040784642,0.171521082,,,
-4.328125,0.038392772,0.152401745,,,
-4.3275,0.033609033,0.113366432,,,
-4.326875,0.031217164,0.076721036,,,
-4.32625,0.028825294,0.04804203,,,
-4.325625,0.026433425,0.024939498,,,
-4.325,0.024838845,0.015379829,,,
-4.324375,0.024838845,0.012193273,,,
-4.32375,0.023244266,0.009006717,,,
-4.323125,0.022446976,0.0066168,,,
-4.3225,0.022446976,0.005820161,,,
-4.321875,0.009690339,-0.032418513,,,
-4.32125,0.000920151,-0.102522749,,,
-4.320625,0.001717441,-0.112879057,,,
-4.32,0.00251473,-0.100132832,,,
-4.319375,0.00570389,-0.071453827,,,
-4.31875,0.008893049,-0.03560507,,,
-4.318125,0.015271367,-0.006926064,,,
-4.3175,0.020852396,0.016176468,,,
-4.316875,0.023244266,0.028922693,,,
-4.31625,0.024041555,0.032905888,,,
-4.315625,0.024041555,0.036889083,,,
-4.315,0.023244266,0.038482362,,,
-4.314375,0.024041555,0.04007564,,,
-4.31375,0.028028005,0.053618503,,,
-4.313125,0.040784642,0.142045437,,,
-4.3125,0.042379221,0.171521082,,,
-4.311875,0.040784642,0.166741248,,,
-4.31125,0.037595482,0.141248798,,,
-4.310625,0.032811743,0.099823568,,,
-4.31,0.031217164,0.067161367,,,
-4.309375,0.028825294,0.039279001,,,
-4.30875,0.025636135,0.020159663,,,
-4.308125,0.024838845,0.013786551,,,
-4.3075,0.024041555,0.010599995,,,
-4.306875,0.023244266,0.007413439,,,
-4.30625,0.023244266,0.005820161,,,
-4.305625,0.022446976,0.005023522,,,
-4.305,0.00410931,-0.064284075,,,
-4.304375,0.00251473,-0.108895862,,,
-4.30375,0.00251473,-0.109692501,,,
-4.303125,0.00410931,-0.092166442,,,
-4.3025,0.007298469,-0.059504241,,,
-4.301875,0.011284918,-0.026045401,,,
-4.30125,0.018460527,0.001040326,,,
-4.300625,0.022446976,0.022549581,,,
-4.3,0.023244266,0.03131261,,,
-4.299375,0.023244266,0.033702527,,,
-4.29875,0.024041555,0.036889083,,,
-4.298125,0.024041555,0.039279001,,,
-4.2975,0.025636135,0.039279001,,,
-4.296875,0.032811743,0.077517675,,,
-4.29625,0.040784642,0.157978218,,,
-4.295625,0.041581931,0.17311436,,,
-4.295,0.039190062,0.160368135,,,
-4.294375,0.035203613,0.128502574,,,
-4.29375,0.032014454,0.087077343,,,
-4.293125,0.028825294,0.05680506,,,
-4.2925,0.027230715,0.030515971,,,
-4.291875,0.025636135,0.016973107,,,
-4.29125,0.025636135,0.012989912,,,
-4.290625,0.024041555,0.009006717,,,
-4.29,0.024041555,0.0066168,,,
-4.289375,0.023244266,0.005023522,,,
-4.28875,0.017663237,-0.007722703,,,
-4.288125,0.00251473,-0.088183247,,,
-4.2875,0.00251473,-0.112879057,,,
-4.286875,0.00331202,-0.106505945,,,
-4.28625,0.0049066,-0.084200051,,,
-4.285625,0.008893049,-0.047554655,,,
-4.285,0.013676788,-0.017282372,,,
-4.284375,0.020852396,0.009006717,,,
-4.28375,0.024041555,0.025736137,,,
-4.283125,0.024041555,0.032109249,,,
-4.2825,0.024041555,0.034499166,,,
-4.281875,0.024041555,0.036889083,,,
-4.28125,0.024041555,0.04007564,,,
-4.280625,0.024838845,0.04007564,,,
-4.28,0.038392772,0.110976515,,,
-4.279375,0.040784642,0.166741248,,,
-4.27875,0.040784642,0.172317721,,,
-4.278125,0.038392772,0.153198384,,,
-4.2775,0.033609033,0.115756349,,,
-4.276875,0.031217164,0.077517675,,,
-4.27625,0.028028005,0.04804203,,,
-4.275625,0.025636135,0.024939498,,,
-4.275,0.024838845,0.015379829,,,
-4.274375,0.024838845,0.011396634,,,
-4.27375,0.023244266,0.009006717,,,
-4.273125,0.023244266,0.0066168,,,
-4.2725,0.023244266,0.005820161,,,
-4.271875,0.010487629,-0.030825235,,,
-4.27125,0.001717441,-0.10172611,,,
-4.270625,0.00251473,-0.112879057,,,
-4.27,0.00331202,-0.100132832,,,
-4.269375,0.00570389,-0.072250466,,,
-4.26875,0.009690339,-0.036401709,,,
-4.268125,0.015271367,-0.008519342,,,
-4.2675,0.021649686,0.016176468,,,
-4.266875,0.024041555,0.028922693,,,
-4.26625,0.024041555,0.032905888,,,
-4.265625,0.024041555,0.036092444,,,
-4.265,0.024838845,0.038482362,,,
-4.264375,0.025636135,0.04007564,,,
-4.26375,0.028825294,0.052025225,,,
-4.263125,0.040784642,0.13965552,,,
-4.2625,0.042379221,0.170724443,,,
-4.261875,0.040784642,0.168334526,,,
-4.26125,0.036798193,0.142842076,,,
-4.260625,0.032811743,0.101416846,,,
-4.26,0.030419874,0.067161367,,,
-4.259375,0.028028005,0.039279001,,,
-4.25875,0.026433425,0.020159663,,,
-4.258125,0.025636135,0.013786551,,,
-4.2575,0.024838845,0.010599995,,,
-4.256875,0.024041555,0.008210078,,,
-4.25625,0.023244266,0.005820161,,,
-4.255625,0.023244266,0.005820161,,,
-4.255,0.0049066,-0.061894158,,,
-4.254375,0.00331202,-0.108099223,,,
-4.25375,0.00251473,-0.11048914,,,
-4.253125,0.00331202,-0.092963081,,,
-4.2525,0.008095759,-0.059504241,,,
-4.251875,0.011284918,-0.027638679,,,
-4.25125,0.018460527,0.000243687,,,
-4.250625,0.023244266,0.021752942,,,
-4.25,0.024041555,0.030515971,,,
-4.249375,0.024041555,0.033702527,,,
-4.24875,0.024838845,0.036092444,,,
-4.248125,0.024838845,0.038482362,,,
-4.2475,0.025636135,0.039279001,,,
-4.246875,0.032811743,0.075924397,,,
-4.24625,0.041581931,0.157181579,,,
-4.245625,0.041581931,0.17311436,,,
-4.245,0.039190062,0.161961413,,,
-4.244375,0.036000903,0.130095852,,,
-4.24375,0.032014454,0.090263899,,,
-4.243125,0.029622584,0.059194977,,,
-4.2425,0.027230715,0.032109249,,,
-4.241875,0.025636135,0.017769746,,,
-4.24125,0.024838845,0.012989912,,,
-4.240625,0.024041555,0.009803356,,,
-4.24,0.023244266,0.007413439,,,
-4.239375,0.023244266,0.005820161,,,
-4.23875,0.018460527,-0.005332786,,,
-4.238125,0.001717441,-0.085793329,,,
-4.2375,0.00251473,-0.111285779,,,
-4.236875,0.00331202,-0.105709306,,,
-4.23625,0.0049066,-0.083403412,,,
-4.235625,0.008095759,-0.049147933,,,
-4.235,0.012879498,-0.018079011,,,
-4.234375,0.019257817,0.008210078,,,
-4.23375,0.022446976,0.025736137,,,
-4.233125,0.024041555,0.032109249,,,
-4.2325,0.024041555,0.034499166,,,
-4.231875,0.024838845,0.037685722,,,
-4.23125,0.024838845,0.04007564,,,
-4.230625,0.024838845,0.040872279,,,
-4.23,0.037595482,0.108586597,,,
-4.229375,0.041581931,0.165944609,,,
-4.22875,0.040784642,0.17311436,,,
-4.228125,0.038392772,0.153995023,,,
-4.2275,0.032811743,0.116552988,,,
-4.226875,0.031217164,0.079110953,,,
-4.22625,0.028825294,0.048838669,,,
-4.225625,0.026433425,0.026532776,,,
-4.225,0.025636135,0.015379829,,,
-4.224375,0.024838845,0.011396634,,,
-4.22375,0.024041555,0.008210078,,,
-4.223125,0.024041555,0.0066168,,,
-4.2225,0.023244266,0.005023522,,,
-4.221875,0.012082208,-0.028435318,,,
-4.22125,0.001717441,-0.100929471,,,
-4.220625,0.00331202,-0.112082418,,,
-4.22,0.00331202,-0.100132832,,,
-4.219375,0.00570389,-0.073047105,,,
-4.21875,0.010487629,-0.037994987,,,
-4.218125,0.016068657,-0.008519342,,,
-4.2175,0.022446976,0.01458319,,,
-4.216875,0.024041555,0.028126054,,,
-4.21625,0.024041555,0.032905888,,,
-4.215625,0.024041555,0.036092444,,,
-4.215,0.024838845,0.037685722,,,
-4.214375,0.024838845,0.04007564,,,
-4.21375,0.028028005,0.050431947,,,
-4.213125,0.039987352,0.137265603,,,
-4.2125,0.042379221,0.171521082,,,
-4.211875,0.040784642,0.168334526,,,
-4.21125,0.036798193,0.142842076,,,
-4.210625,0.032811743,0.103806763,,,
-4.21,0.030419874,0.068754645,,,
-4.209375,0.028825294,0.04007564,,,
-4.20875,0.026433425,0.020956303,,,
-4.208125,0.025636135,0.01458319,,,
-4.2075,0.024041555,0.011396634,,,
-4.206875,0.023244266,0.008210078,,,
-4.20625,0.023244266,0.005820161,,,
-4.205625,0.023244266,0.005820161,,,
-4.205,0.0049066,-0.058707602,,,
-4.204375,0.00251473,-0.108099223,,,
-4.20375,0.00331202,-0.111285779,,,
-4.203125,0.00410931,-0.09375972,,,
-4.2025,0.008095759,-0.06030088,,,
-4.201875,0.012082208,-0.027638679,,,
-4.20125,0.018460527,0.000243687,,,
-4.200625,0.023244266,0.021752942,,,
-4.2,0.024838845,0.03131261,,,
-4.199375,0.024041555,0.033702527,,,
-4.19875,0.025636135,0.036889083,,,
-4.198125,0.025636135,0.04007564,,,
-4.1975,0.025636135,0.04007564,,,
-4.196875,0.032014454,0.073534479,,,
-4.19625,0.040784642,0.15638494,,,
-4.195625,0.041581931,0.173910999,,,
-4.195,0.039190062,0.162758052,,,
-4.194375,0.036000903,0.13168913,,,
-4.19375,0.032014454,0.091060538,,,
-4.193125,0.030419874,0.059194977,,,
-4.1925,0.027230715,0.032109249,,,
-4.191875,0.025636135,0.017769746,,,
-4.19125,0.024838845,0.012989912,,,
-4.190625,0.024041555,0.009803356,,,
-4.19,0.022446976,0.007413439,,,
-4.189375,0.022446976,0.005023522,,,
-4.18875,0.018460527,-0.003739508,,,
-4.188125,0.001717441,-0.08499669,,,
-4.1875,0.001717441,-0.111285779,,,
-4.186875,0.00251473,-0.107302584,,,
-4.18625,0.00410931,-0.085793329,,,
-4.185625,0.008095759,-0.049147933,,,
-4.185,0.012879498,-0.01887565,,,
-4.184375,0.019257817,0.007413439,,,
-4.18375,0.022446976,0.024939498,,,
-4.183125,0.023244266,0.032109249,,,
-4.1825,0.023244266,0.035295805,,,
-4.181875,0.023244266,0.036889083,,,
-4.18125,0.024838845,0.04007564,,,
-4.180625,0.024838845,0.04007564,,,
-4.18,0.036798193,0.105400041,,,
-4.179375,0.040784642,0.165944609,,,
-4.17875,0.041581931,0.173910999,,,
-4.178125,0.038392772,0.155588301,,,
-4.1775,0.034406323,0.118146266,,,
-4.176875,0.031217164,0.079110953,,,
-4.17625,0.028825294,0.049635308,,,
-4.175625,0.026433425,0.025736137,,,
-4.175,0.025636135,0.015379829,,,6.257015853
-4.174375,0.024838845,0.011396634,,,
-4.17375,0.024041555,0.008210078,,,
-4.173125,0.023244266,0.005820161,,,
-4.1725,0.023244266,0.005023522,,,
-4.171875,0.012879498,-0.026045401,,,
-4.17125,0.00251473,-0.100929471,,,
-4.170625,0.00251473,-0.114472335,,,
-4.17,0.00331202,-0.102522749,,,
-4.169375,0.00570389,-0.075437022,,,
-4.16875,0.009690339,-0.038791626,,,
-4.168125,0.015271367,-0.01011262,,,
-4.1675,0.021649686,0.01458319,,,
-4.166875,0.023244266,0.027329415,,,
-4.16625,0.023244266,0.032109249,,,
-4.165625,0.024041555,0.035295805,,,
-4.165,0.024041555,0.037685722,,,
-4.164375,0.024838845,0.04007564,,,
-4.16375,0.027230715,0.048838669,,,
-4.163125,0.039190062,0.134875686,,,
-4.1625,0.041581931,0.170724443,,,
-4.161875,0.039987352,0.169131165,,,
-4.16125,0.036798193,0.144435354,,,
-4.160625,0.032811743,0.103806763,,,
-4.16,0.030419874,0.069551284,,,
-4.159375,0.028028005,0.040872279,,,
-4.15875,0.025636135,0.020159663,,,
-4.158125,0.024041555,0.012989912,,,
-4.1575,0.024041555,0.010599995,,,
-4.156875,0.023244266,0.008210078,,,
-4.15625,0.022446976,0.005023522,,,
-4.155625,0.021649686,0.004226883,,,
-4.155,0.0049066,-0.057114324,,,
-4.154375,0.001717441,-0.108895862,,,
-4.15375,0.001717441,-0.112879057,,,
-4.153125,0.00331202,-0.095352998,,,
-4.1525,0.00650118,-0.062690797,,,
-4.151875,0.010487629,-0.029231957,,,
-4.15125,0.021649686,0.034499166,,,
-4.150625,-0.054092847,0.02334622,,,
-4.15,0.103770537,1.668405847,,,
-4.149375,0.078257263,2.570201246,,,
-4.14875,0.078257263,3.528558016,,,
-4.148125,0.09181119,4.471778645,,,
-4.1475,0.138053999,5.417389191,,,
-4.146875,1.827511121,6.420357748,,,
-4.14625,2.123305643,6.635450291,,,
-4.145625,2.211804813,6.741403283,,,
-4.145,2.274790708,6.690418385,,,
-4.144375,2.418302875,6.710334361,,,
-4.14375,2.289939215,6.65297635,,,
-4.143125,2.430262222,6.659349462,,,
-4.1425,2.462951105,6.703961248,,,
-4.141875,2.429464933,6.666519213,,,
-4.14125,2.286750055,6.594821699,,,
-4.140625,2.332195575,6.555786386,,,
-4.14,2.39757334,6.586855309,,,
-4.139375,2.423086614,6.611551119,,,
-4.13875,2.427870353,6.561362859,,,
-4.138125,2.725259455,6.564549416,,,
-4.1375,2.635962995,6.61075448,,,
-4.136875,2.52753158,6.625093983,,,
-4.13625,2.610449721,6.572515806,,,
-4.135625,2.637557575,6.618720871,,,
-4.135,2.649516922,6.608364563,,,
-4.134375,2.756353757,6.657756184,,,
-4.13375,2.578558128,6.592431782,,,
-4.133125,2.811366755,6.518344351,,,
-4.1325,2.545869246,6.595618338,,,
-4.131875,2.554639434,6.580482196,,,
-4.13125,2.630381966,6.633857012,,,
-4.130625,2.649516922,6.625093983,,,
-4.13,2.729245904,6.593228421,,,
-4.129375,2.61284159,6.496835097,,,
-4.12875,2.664665428,6.512767878,,,
-4.128125,2.631976546,6.479309038,,,
-4.1275,2.651908791,6.455409866,,,
-4.126875,2.506802045,6.421951027,,,
-4.12625,2.56978794,6.38530563,,,
-4.125625,2.754759178,6.454613227,,,
-4.125,2.65589524,6.438680446,,,
-4.124375,2.588922896,6.424340944,,,
-4.12375,2.52753158,6.323167785,,,
-4.123125,2.419100165,6.251470271,,,
-4.1225,2.324222677,6.279352638,,,
-4.121875,2.427073063,6.296082057,,,
-4.12125,2.551450275,6.349456873,,,
-4.120625,2.983581355,6.221994626,,,
-4.12,3.203633345,6.2275711,,,
-4.119375,2.036401053,6.237130768,,,
-4.11875,2.750772729,6.234740851,,,
-4.118125,3.071283235,6.233944212,,,
-4.1175,3.312862049,6.240317324,,,
-4.116875,2.936541256,6.251470271,,,
-4.11625,2.868771622,6.226774461,,,
-4.115625,2.79063722,6.2275711,,,
-4.115,3.316051209,6.241910602,,,
-4.114375,3.133471841,6.219604709,,,
-4.11375,2.922987329,6.242707241,,,
-4.113125,3.089620901,6.2602333,,,
-4.1125,2.914217141,6.238724046,,,
-4.111875,3.348740091,6.231554295,,,
-4.11125,3.00431089,6.233944212,,,
-4.110625,3.22516017,6.229164378,,,
-4.11,3.516170953,6.224384543,,,
-4.109375,3.237916807,6.229961017,,,
-4.10875,3.247484285,6.249080354,,,
-4.108125,3.619818629,6.221994626,,,
-4.1075,3.560021893,6.221197987,,,
-4.106875,3.423685334,6.225977822,,,
-4.10625,3.747385,6.220401348,,,
-4.105625,3.680412655,6.221197987,,,
-4.105,3.438036551,6.222791265,,,
-4.104375,3.820735663,6.212434958,,,
-4.10375,3.772100984,6.211638319,,,
-4.103125,3.727452754,6.215621514,,,
-4.1025,3.950693903,6.218011431,,,
-4.101875,3.74658771,6.220401348,,,
-4.10125,3.826316691,6.226774461,,,
-4.100625,4.00490961,6.222791265,,,
-4.1,3.855816415,6.221197987,,,
-4.099375,3.950693903,6.229164378,,,
-4.09875,4.055138869,6.219604709,,,
-4.098125,3.905248383,6.222791265,,,
-4.0975,4.05115242,6.226774461,,,
-4.096875,4.090219621,6.225181183,,,
-4.09625,3.859005574,6.234740851,,,
-4.095625,4.18190795,6.233944212,,,
-4.095,4.070287375,6.233944212,,,
-4.094375,3.735425652,6.23553749,,,
-4.09375,4.186691689,6.229164378,,,
-4.093125,3.891694456,6.228367739,,,
-4.0925,3.897275485,6.230757656,,,
-4.091875,4.032814754,6.228367739,,,
-4.09125,3.741006681,6.229164378,,,
-4.090625,4.131678691,6.229164378,,,
-4.09,4.104570837,6.233147573,,,
-4.089375,4.142840749,6.229164378,,,
-4.08875,3.983382785,6.233944212,,,
-4.088125,4.339771333,6.219604709,,,
-4.0875,3.859802864,6.233147573,,,
-4.086875,4.471324153,6.220401348,,,
-4.08625,4.143638039,6.229961017,,,
-4.085625,3.850235386,6.242707241,,,
-4.085,3.500225156,6.266606413,,,
-4.084375,3.524143851,6.26899633,,,
-4.08375,3.546467966,6.269792969,,,
-4.083125,3.567994791,6.26899633,,,
-4.0825,3.591116196,6.268199691,,,
-4.081875,3.61344031,6.26899633,,,
-4.08125,3.638953585,6.26899633,,,
-4.080625,3.662872279,6.268199691,,,
-4.08,3.697953031,6.272182886,,,
-4.079375,3.723466305,6.275369442,,,
-4.07875,3.750574159,6.275369442,,,
-4.078125,3.772898274,6.273776164,,,
-4.0775,3.795222389,6.271386247,,,
-4.076875,3.816749214,6.271386247,,,
-4.07625,3.841465198,6.269792969,,,
-4.075625,3.864586603,6.268199691,,,
-4.075,3.891694456,6.266606413,,,
-4.074375,3.91880231,6.268199691,,,
-4.07375,3.943518295,6.267403052,,,
-4.073125,3.970626148,6.268199691,,,
-4.0725,3.996139422,6.26899633,,,
-4.071875,4.016868958,6.264216496,,,
-4.07125,4.254461323,6.248283715,,,
-4.070625,4.430662373,6.237130768,,,
-4.07,4.294325814,6.233147573,,,
-4.069375,4.284758336,6.23553749,,,
-4.06875,4.13566514,6.245893798,,,
-4.068125,4.283961046,6.241910602,,,
-4.0675,4.220177861,6.249080354,,,
-4.066875,4.257650482,6.245097159,,,
-4.06625,4.243299266,6.249080354,,,
-4.065625,4.468932284,6.239520685,,,
-4.065,4.519161542,6.243503881,,,
-4.064375,4.506404905,6.25226691,,,
-4.06375,4.44262172,6.25226691,,,
-4.063125,4.586931177,6.253860188,,,
-4.0625,4.431459662,6.262623218,,,
-4.061875,4.532715469,6.257843383,,,
-4.06125,4.48408079,6.258640022,,,
-4.060625,4.543877527,6.250673632,,,
-4.06,4.535904628,6.257046744,,,
-4.059375,4.57417454,6.25226691,,,
-4.05875,4.61722819,6.26102994,,,
-4.058125,4.759145777,6.254656827,,,
-4.0575,5.072480675,6.242707241,,,
-4.056875,4.87873925,6.249080354,,,
-4.05625,4.707321939,6.256250105,,,
-4.055625,4.734429793,6.257046744,,,
-4.055,4.754362038,6.250673632,,,
-4.054375,4.780672602,6.248283715,,,
-4.05375,4.802199427,6.248283715,,,
-4.053125,4.83409102,6.249080354,,,
-4.0525,4.863590743,6.25226691,,,
-4.051875,4.896279626,6.254656827,,,
-4.05125,4.925779349,6.256250105,,,
-4.050625,4.957670941,6.257046744,,,
-4.05,4.983981505,6.257046744,,,
-4.049375,5.009494779,6.256250105,,,
-4.04875,5.036602633,6.257046744,,,
-4.048125,5.065305067,6.256250105,,,
-4.0475,5.09321021,6.256250105,,,
-4.046875,5.124304513,6.2602333,,,
-4.04625,5.158587975,6.265809774,,,
-4.045625,5.184898539,6.266606413,,,
-4.045,5.209614523,6.265013135,,,
-4.044375,5.235127798,6.264216496,,,
-4.04375,5.256654623,6.26102994,,,
-4.043125,5.284559766,6.2602333,,,
-4.0425,5.308478461,6.258640022,,,
-4.041875,5.336383604,6.256250105,,,
-4.04125,5.367477907,6.257046744,,,
-4.040625,5.390599312,6.256250105,,,
-4.04,5.418504455,6.257046744,,,
-4.039375,5.444815019,6.257046744,,,
-4.03875,5.468733714,6.256250105,,,
-4.038125,5.489463249,6.249080354,,,
-4.0375,5.511787364,6.247487076,,,
-4.036875,5.542084377,6.248283715,,,
-4.03625,5.565205782,6.249876993,,,
-4.035625,5.597894664,6.254656827,,,
-4.035,5.622610649,6.254656827,,,
-4.034375,5.651313082,6.258640022,,,
-4.03375,5.676029066,6.257843383,,,
-4.033125,5.70233963,6.257046744,,,
-4.0325,5.726258325,6.256250105,,,
-4.031875,5.750974309,6.255453466,,,
-4.03125,5.778082163,6.257843383,,,
-4.030625,5.802000857,6.257046744,,,
-4.03,5.83548703,6.265013135,,,
-4.029375,5.857811144,6.265809774,,,
-4.02875,5.886513578,6.267403052,,,
-4.028125,5.905648533,6.264216496,,,
-4.0275,5.931959097,6.263419857,,,
-4.026875,5.949499473,6.2602333,,,
-4.02625,5.975012748,6.26102994,,,
-4.025625,5.994944993,6.258640022,,,
-4.025,6.022052847,6.258640022,,,
-4.024375,6.045971541,6.26102994,,,
-4.02375,6.067498366,6.26102994,,,
-4.023125,6.09460622,6.261826579,,,
-4.0225,6.112943886,6.258640022,,,
-4.021875,6.13845716,6.257046744,,,
-4.02125,6.149619217,6.248283715,,,
-4.020625,6.176727071,6.251470271,,,
-4.02,6.196659317,6.249876993,,,
-4.019375,6.22456446,6.253860188,,,
-4.01875,6.242902126,6.253860188,,,
-4.018125,6.27000998,6.257046744,,,
-4.0175,6.293131384,6.257843383,,,
-4.016875,6.314658209,6.257843383,,,
-4.01625,6.337779614,6.257046744,,,
-4.015625,6.35771186,6.257046744,,,
-4.015,6.384022424,6.258640022,,,
-4.014375,6.402360089,6.257843383,,,
-4.01375,6.430265233,6.26102994,,,
-4.013125,6.452589348,6.265809774,,,
-4.0125,6.479697202,6.269792969,,,
-4.011875,6.496440288,6.266606413,,,
-4.01125,6.517967113,6.267403052,,,
-4.010625,6.535507489,6.265013135,,,
-4.01,6.553047865,6.264216496,,,
-4.009375,6.57218282,6.261826579,,,
-4.00875,6.588925906,6.261826579,,,
-4.008125,6.612844601,6.264216496,,,
-4.0075,6.631979557,6.263419857,,,
-4.006875,6.653506382,6.265809774,,,
-4.00625,6.670249468,6.264216496,,,
-4.005625,6.694168162,6.265809774,,,
-4.005,6.698154611,6.256250105,,,
-4.004375,6.721276016,6.257046744,,,
-4.00375,6.735627233,6.253860188,,,
-4.003125,6.760343217,6.258640022,,,
-4.0025,6.773897144,6.257046744,,,
-4.001875,6.798613128,6.2602333,,,
-4.00125,6.817748084,6.2602333,,,
-4.000625,6.839274909,6.263419857,,,
-4,6.856815285,6.261826579,,,
-3.999375,6.871963791,6.261826579,,,
-3.99875,6.895882486,6.262623218,,,
-3.998125,6.907841833,6.262623218,,,
-3.9975,6.930165948,6.261826579,,,
-3.996875,6.945314454,6.262623218,,,
-3.99625,6.977206047,6.269792969,,,
-3.995625,6.990759974,6.269792969,,,
-3.995,7.013881379,6.270589608,,,
-3.994375,7.025840726,6.266606413,,,
-3.99375,7.042583812,6.266606413,,,
-3.993125,7.056137739,6.264216496,,,
-3.9925,7.070488956,6.263419857,,,
-3.991875,7.087232042,6.263419857,,,
-3.99125,7.105569708,6.263419857,,,
-3.990625,7.121515504,6.263419857,,,
-3.99,7.13905588,6.263419857,,,
-3.989375,7.155001676,6.263419857,,,
-3.98875,7.167758313,6.261826579,,,
-3.988125,7.178920371,6.255453466,,,
-3.9875,7.190082428,6.253860188,,,
-3.986875,7.210811963,6.256250105,,,
-3.98625,7.223568601,6.256250105,,,
-3.985625,7.247487295,6.259436661,,,
-3.985,7.261041222,6.26102994,,,
-3.984375,7.279378888,6.261826579,,,
-3.98375,7.292932815,6.261826579,,,
-3.983125,7.31127048,6.263419857,,,
-3.9825,7.324824407,6.26102994,,,
-3.981875,7.342364783,6.261826579,,,
-3.98125,7.35751329,6.26102994,,,
-3.980625,7.371067217,6.26102994,,,
-3.98,7.391796752,6.267403052,,,
-3.979375,7.409337128,6.271386247,,,
-3.97875,7.421296475,6.271386247,,,
-3.978125,7.433255822,6.269792969,,,
-3.9775,7.44362059,6.267403052,,,
-3.976875,7.453188068,6.265809774,,,
-3.97625,7.463552835,6.265013135,,,
-3.975625,7.473120313,6.264216496,,,
-3.975,7.48667424,6.265013135,,,
-3.974375,7.498633587,6.264216496,,,
-3.97375,7.508998355,6.265013135,,,
-3.973125,7.521754992,6.263419857,,,
-3.9725,7.537700788,6.264216496,,,
-3.971875,7.546470976,6.258640022,,,
-3.97125,7.591916496,6.254656827,,,
-3.970625,7.641348464,6.249876993,,,
-3.97,7.629389117,6.253063549,,,
-3.969375,7.611051451,6.26102994,,,
-3.96875,7.624605378,6.263419857,,,
-3.968125,7.637362015,6.265809774,,,
-3.9675,7.649321363,6.267403052,,,
-3.966875,7.662078,6.268199691,,,
-3.96625,7.673240057,6.26899633,,,
-3.965625,7.683604825,6.268199691,,,
-3.965,7.694766882,6.268199691,,,
-3.964375,7.706726229,6.26899633,,,
-3.96375,7.718685577,6.26899633,,,
-3.963125,7.737023243,6.276166081,,,
-3.9625,7.74977988,6.275369442,,,
-3.961875,7.762536517,6.273776164,,,
-3.96125,7.773698574,6.271386247,,,
-3.960625,7.780076893,6.26899633,,,
-3.96,7.788049791,6.267403052,,,
-3.959375,7.796819979,6.266606413,,,
-3.95875,7.807184746,6.265809774,,,
-3.958125,7.816752224,6.265809774,,,
-3.9575,7.827116992,6.265809774,,,
-3.956875,7.83668447,6.265809774,,,
-3.95625,7.846251947,6.265809774,,,
-3.955625,7.856616715,6.265809774,,,
-3.955,7.860603164,6.259436661,,,
-3.954375,7.865386903,6.256250105,,,
-3.95375,7.874157091,6.256250105,,,
-3.953125,7.885319148,6.257843383,,,
-3.9525,7.897278496,6.259436661,,,
-3.951875,7.908440553,6.26102994,,,
-3.95125,7.918805321,6.263419857,,,
-3.950625,7.930764668,6.265013135,,,
-3.95,7.938737566,6.265013135,,,
-3.949375,7.949102334,6.264216496,,,
-3.94875,7.960264391,6.265013135,,,
-3.948125,7.970629159,6.264216496,,,
-3.9475,7.978602057,6.263419857,,,
-3.946875,7.989764114,6.266606413,,,
-3.94625,8.005709911,6.272979525,,,
-3.945625,8.016074678,6.273776164,,,
-3.945,8.023250287,6.272182886,,,
-3.944375,8.030425895,6.270589608,,,
-3.94375,8.036804214,6.26899633,,,
-3.943125,8.043182532,6.267403052,,,
-3.9425,8.049560851,6.265809774,,,
-3.941875,8.056736459,6.265013135,,,
-3.94125,8.066303937,6.265809774,,,
-3.940625,8.074276835,6.265809774,,,
-3.94,8.082249733,6.266606413,,,
-3.939375,8.091817211,6.266606413,,,
-3.93875,8.098992819,6.265809774,,,
-3.938125,8.098195529,6.258640022,,,
-3.9375,8.104573848,6.257046744,,,
-3.936875,8.113344036,6.257046744,,,
-3.93625,8.120519644,6.257843383,,,
-3.935625,8.130884412,6.26102994,,,
-3.935,8.14124918,6.261826579,,,
-3.934375,8.152411237,6.264216496,,,
-3.93375,8.161181425,6.264216496,,,
-3.933125,8.169951613,6.264216496,,,
-3.9325,8.177924511,6.264216496,,,
-3.931875,8.185897409,6.264216496,,,
-3.93125,8.193870307,6.265809774,,,
-3.930625,8.201045916,6.266606413,,,
-3.93,8.213802553,6.271386247,,,
-3.929375,8.22496461,6.274572803,,,
-3.92875,8.233734798,6.276166081,,,
-3.928125,8.238518537,6.273776164,,,
-3.9275,8.242504986,6.271386247,,,
-3.926875,8.247288725,6.269792969,,,
-3.92625,8.253667044,6.268199691,,,
-3.925625,8.259248072,6.267403052,,,
-3.925,8.264829101,6.267403052,,,
-3.924375,8.274396579,6.266606413,,,
-3.92375,8.279977608,6.267403052,,,
-3.923125,8.286355926,6.268199691,,,
-3.9225,8.293531535,6.267403052,,,
-3.921875,8.297517984,6.265809774,,,
-3.92125,8.294328824,6.257843383,,,
-3.920625,8.301504433,6.257046744,,,
-3.92,8.307085461,6.258640022,,,
-3.919375,8.315855649,6.26102994,,,
-3.91875,8.326220417,6.263419857,,,
-3.918125,8.333396025,6.265809774,,,
-3.9175,8.340571634,6.266606413,,,
-3.916875,8.346949952,6.266606413,,,
-3.91625,8.353328271,6.266606413,,,
-3.915625,8.3589093,6.266606413,,,
-3.915,8.366882198,6.265809774,,,
-3.914375,8.372463226,6.265809774,,,
-3.91375,8.378841545,6.266606413,,,
-3.913125,8.393990051,6.273776164,,,
-3.9125,8.40036837,6.275369442,,,
-3.911875,8.405949399,6.274572803,,,
-3.91125,8.409935848,6.273776164,,,
-3.910625,8.413125007,6.271386247,,,
-3.91,8.417111456,6.26899633,,,
-3.909375,8.421895195,6.267403052,,,
-3.90875,8.424287065,6.267403052,,,
-3.908125,8.431462673,6.267403052,,,
-3.9075,8.436246412,6.267403052,,,
-3.906875,8.44182744,6.267403052,,,
-3.90625,8.448205759,6.267403052,,,
-3.905625,8.451394918,6.267403052,,,
-3.905,8.449800339,6.261826579,,,
-3.904375,8.452192208,6.259436661,,,
-3.90375,8.456178657,6.258640022,,,
-3.903125,8.462556976,6.258640022,,,
-3.9025,8.470529874,6.261826579,,,
-3.901875,8.478502772,6.264216496,,,
-3.90125,8.48647567,6.265809774,,,
-3.900625,8.491259409,6.266606413,,,
-3.9,8.496043148,6.267403052,,,
-3.899375,8.501624177,6.266606413,,,
-3.89875,8.504813336,6.267403052,,,
-3.898125,8.511191655,6.268199691,,,
-3.8975,8.515975393,6.268199691,,,
-3.896875,8.523151002,6.270589608,,,
-3.89625,8.535907639,6.276166081,,,
-3.895625,8.540691378,6.27696272,,,
-3.895,8.545475117,6.276166081,,,
-3.894375,8.546272406,6.273776164,,,
-3.89375,8.547866986,6.271386247,,,
-3.893125,8.551853435,6.270589608,,,
-3.8925,8.555042594,6.26899633,,,
-3.891875,8.559029044,6.268199691,,,
-3.89125,8.563015493,6.266606413,,,
-3.890625,8.567799232,6.266606413,,,
-3.89,8.57417755,6.265809774,,,
-3.889375,8.57656942,6.265809774,,,
-3.88875,8.582150448,6.264216496,,,
-3.888125,8.577366709,6.257843383,,,
-3.8875,8.578961289,6.256250105,,,
-3.886875,8.584542318,6.257046744,,,
-3.88625,8.588528767,6.257843383,,,
-3.885625,8.594907085,6.258640022,,,
-3.885,8.600488114,6.2602333,,,
-3.884375,8.605271853,6.261826579,,,
-3.88375,8.610852882,6.263419857,,,
-3.883125,8.611650171,6.263419857,,,
-3.8825,8.61643391,6.262623218,,,
-3.881875,8.61962307,6.264216496,,,
-3.88125,8.623609519,6.263419857,,,
-3.880625,8.626798678,6.263419857,,,
-3.88,8.636366156,6.268199691,,,
-3.879375,8.645933634,6.272979525,,,
-3.87875,8.649122793,6.272979525,,,
-3.878125,8.651514662,6.272182886,,,
-3.8775,8.651514662,6.269792969,,,
-3.876875,8.653906532,6.268199691,,,
-3.87625,8.653906532,6.265809774,,,
-3.875625,8.656298401,6.265013135,,,
-3.875,8.66028485,6.265809774,,,
-3.874375,8.66108214,6.265013135,,,
-3.87375,8.666663169,6.265809774,,,
-3.873125,8.669055038,6.265809774,,,
-3.8725,8.673041487,6.265809774,,,
-3.871875,8.671446908,6.262623218,,,
-3.87125,8.668257748,6.257046744,,,
-3.870625,8.669852328,6.256250105,,,
-3.87,8.674636067,6.257843383,,,
-3.869375,8.679419806,6.259436661,,,
-3.86875,8.683406255,6.261826579,,,
-3.868125,8.688189994,6.262623218,,,
-3.8675,8.692176443,6.264216496,,,
-3.866875,8.696162892,6.263419857,,,
-3.86625,8.697757472,6.265013135,,,
-3.865625,8.700946631,6.264216496,,,
-3.865,8.701743921,6.264216496,,,
-3.864375,8.70493308,6.264216496,,,
-3.86375,8.708122239,6.265013135,,,
-3.863125,8.720081587,6.272979525,,,
-3.8625,8.721676166,6.272979525,,,
-3.861875,8.725662615,6.272979525,,,
-3.86125,8.726459905,6.271386247,,,
-3.860625,8.726459905,6.269792969,,,
-3.86,8.726459905,6.268199691,,,
-3.859375,8.726459905,6.267403052,,,
-3.85875,8.728054485,6.265809774,,,
-3.858125,8.729649064,6.266606413,,,
-3.8575,8.733635513,6.266606413,,,
-3.856875,8.732838224,6.265809774,,,
-3.85625,8.736027383,6.265809774,,,
-3.855625,8.737621962,6.266606413,,,
-3.855,8.735230093,6.26102994,,,
-3.854375,8.731243644,6.257046744,,,
-3.85375,8.733635513,6.257843383,,,
-3.853125,8.735230093,6.257843383,,,
-3.8525,8.739216542,6.258640022,,,
-3.851875,8.741608412,6.26102994,,,
-3.85125,8.74639215,6.262623218,,,
-3.850625,8.74878402,6.265013135,,,
-3.85,8.751175889,6.265013135,,,
-3.849375,8.751175889,6.264216496,,,
-3.84875,8.753567759,6.264216496,,,
-3.848125,8.752770469,6.263419857,,,
-3.8475,8.756756918,6.264216496,,,
-3.846875,8.760743367,6.265809774,,,
-3.84625,8.772702714,6.273776164,,,
-3.845625,8.774297294,6.273776164,,,
-3.845,8.775094584,6.272979525,,,
-3.844375,8.775094584,6.271386247,,,
-3.84375,8.775094584,6.269792969,,,
-3.843125,8.772702714,6.267403052,,,
-3.8425,8.774297294,6.266606413,,,
-3.841875,8.774297294,6.265809774,,,
-3.84125,8.775891874,6.266606413,,,
-3.840625,8.776689164,6.266606413,,,
-3.84,8.778283743,6.265809774,,,
-3.839375,8.779081033,6.265809774,,,
-3.83875,8.779878323,6.264216496,,,
-3.838125,8.772702714,6.257046744,,,
-3.8375,8.771905425,6.257046744,,,
-3.836875,8.773500004,6.257046744,,,
-3.83625,8.774297294,6.258640022,,,
-3.835625,8.779878323,6.26102994,,,
-3.835,8.780675613,6.261826579,,,
-3.834375,8.784662062,6.262623218,,,
-3.83375,8.784662062,6.263419857,,,
-3.833125,8.787053931,6.263419857,,,
-3.8325,8.787851221,6.263419857,,,
-3.831875,8.788648511,6.263419857,,,
-3.83125,8.79183767,6.264216496,,,
-3.830625,8.79104038,6.263419857,,,
-3.83,8.797418699,6.268199691,,,
-3.829375,8.802202438,6.272979525,,,
-3.82875,8.805391597,6.273776164,,,
-3.828125,8.802202438,6.271386247,,,
-3.8275,8.802202438,6.269792969,,,
-3.826875,8.799810568,6.267403052,,,
-3.82625,8.799810568,6.266606413,,,
-3.825625,8.799013278,6.265809774,,,
-3.825,8.799013278,6.265809774,,,
-3.824375,8.801405148,6.265809774,,,
-3.82375,8.800607858,6.266606413,,,
-3.823125,8.802202438,6.266606413,,,
-3.8225,8.801405148,6.266606413,,,
-3.821875,8.800607858,6.263419857,,,
-3.82125,8.79263496,6.257046744,,,
-3.820625,8.79104038,6.256250105,,,
-3.82,8.79263496,6.257046744,,,
-3.819375,8.79343225,6.2602333,,,
-3.81875,8.797418699,6.261826579,,,
-3.818125,8.798215989,6.263419857,,,
-3.8175,8.800607858,6.265013135,,,
-3.816875,8.800607858,6.264216496,,,
-3.81625,8.800607858,6.264216496,,,
-3.815625,8.801405148,6.264216496,,,
-3.815,8.800607858,6.264216496,,,
-3.814375,8.802202438,6.262623218,,,
-3.81375,8.802999727,6.264216496,,,
-3.813125,8.810175336,6.271386247,,,
-3.8125,8.813364495,6.273776164,,,
-3.811875,8.811769915,6.272979525,,,
-3.81125,8.812567205,6.272182886,,,
-3.810625,8.809378046,6.26899633,,,
-3.81,8.806188887,6.267403052,,,
-3.809375,8.804594307,6.265809774,,,
-3.80875,8.802999727,6.265809774,,,
-3.808125,8.803797017,6.265809774,,,
-3.8075,8.803797017,6.266606413,,,
-3.806875,8.802202438,6.265013135,,,
-3.80625,8.803797017,6.265809774,,,
-3.805625,8.801405148,6.265809774,,,
-3.805,8.798215989,6.26102994,,,
-3.804375,8.79263496,6.257046744,,,
-3.80375,8.79183767,6.257046744,,,
-3.803125,8.79263496,6.257843383,,,
-3.8025,8.79263496,6.259436661,,,
-3.801875,8.795824119,6.261826579,,,
-3.80125,8.797418699,6.264216496,,,
-3.800625,8.796621409,6.265013135,,,
-3.8,8.797418699,6.265013135,,,
-3.799375,8.795824119,6.264216496,,,
-3.79875,8.795824119,6.264216496,,,
-3.798125,8.796621409,6.264216496,,,
-3.7975,8.795026829,6.265013135,,,
-3.796875,8.798215989,6.266606413,,,
-3.79625,8.804594307,6.273776164,,,
-3.795625,8.803797017,6.274572803,,,
-3.795,8.802999727,6.272979525,,,
-3.794375,8.799810568,6.271386247,,,
-3.79375,8.797418699,6.269792969,,,
-3.793125,8.797418699,6.26899633,,,
-3.7925,8.79343225,6.266606413,,,
-3.791875,8.79343225,6.267403052,,,
-3.79125,8.79183767,6.265809774,,,
-3.790625,8.79104038,6.266606413,,,
-3.79,8.79183767,6.268199691,,,
-3.789375,8.789445801,6.267403052,,,
-3.78875,8.785459352,6.265809774,,,
-3.788125,8.779081033,6.259436661,,,
-3.7875,8.774297294,6.257046744,,,
-3.786875,8.771905425,6.257843383,,,
-3.78625,8.774297294,6.259436661,,,
-3.785625,8.775094584,6.261826579,,,
-3.785,8.775891874,6.263419857,,,
-3.784375,8.777486453,6.264216496,,,
-3.78375,8.775891874,6.265013135,,,
-3.783125,8.773500004,6.265013135,,,
-3.7825,8.772702714,6.264216496,,,
-3.781875,8.769513555,6.264216496,,,
-3.78125,8.770310845,6.265809774,,,
-3.780625,8.771905425,6.265809774,,,
-3.78,8.775891874,6.271386247,,,
-3.779375,8.780675613,6.274572803,,,
-3.77875,8.780675613,6.274572803,,,
-3.778125,8.776689164,6.273776164,,,
-3.7775,8.773500004,6.272182886,,,
-3.776875,8.770310845,6.269792969,,,
-3.77625,8.766324396,6.267403052,,,
-3.775625,8.762337947,6.266606413,,,
-3.775,8.761540657,6.266606413,,,
-3.774375,8.759946077,6.267403052,,,
-3.77375,8.758351498,6.268199691,,,
-3.773125,8.758351498,6.268199691,,,
-3.7725,8.756756918,6.267403052,,,
-3.771875,8.751973179,6.265013135,,,
-3.77125,8.744797571,6.257843383,,,
-3.770625,8.742405701,6.257046744,,,
-3.77,8.740811122,6.257843383,,,
-3.769375,8.740811122,6.2602333,,,
-3.76875,8.742405701,6.262623218,,,
-3.768125,8.743202991,6.264216496,,,
-3.7675,8.742405701,6.265809774,,,
-3.766875,8.741608412,6.265809774,,,
-3.76625,8.740013832,6.265809774,,,
-3.765625,8.737621962,6.265013135,,,
-3.765,8.736027383,6.265013135,,,
-3.764375,8.734432803,6.265013135,,,
-3.76375,8.732838224,6.265013135,,,
-3.763125,8.740013832,6.272182886,,,
-3.7625,8.742405701,6.274572803,,,
-3.761875,8.740013832,6.274572803,,,
-3.76125,8.736824673,6.273776164,,,
-3.760625,8.734432803,6.270589608,,,
-3.76,8.729649064,6.269792969,,,
-3.759375,8.726459905,6.268199691,,,
-3.75875,8.722473456,6.267403052,,,
-3.758125,8.720878876,6.267403052,,,
-3.7575,8.718487007,6.267403052,,,
-3.756875,8.716095137,6.267403052,,,
-3.75625,8.716095137,6.267403052,,,
-3.755625,8.712108688,6.266606413,,,
-3.755,8.7033385,6.26102994,,,
-3.754375,8.696960182,6.256250105,,,
-3.75375,8.698554761,6.257843383,,,
-3.753125,8.696960182,6.259436661,,,
-3.7525,8.696162892,6.2602333,,,
-3.751875,8.696162892,6.261826579,,,
-3.75125,8.695365602,6.263419857,,,
-3.750625,8.694568312,6.264216496,,,
-3.75,8.692176443,6.264216496,,,
-3.749375,8.690581863,6.264216496,,,
-3.74875,8.688987284,6.264216496,,,
-3.748125,8.686595414,6.263419857,,,
-3.7475,8.684203545,6.263419857,,,
-3.746875,8.685000835,6.266606413,,,
-3.74625,8.689784573,6.272979525,,,
-3.745625,8.689784573,6.273776164,,,
-3.745,8.685798124,6.273776164,,,
-3.744375,8.684203545,6.272182886,,,
-3.74375,8.678622516,6.26899633,,,
-3.743125,8.673041487,6.266606413,,,
-3.7425,8.669852328,6.266606413,,,
-3.741875,8.666663169,6.265013135,,,
-3.74125,8.664271299,6.265013135,,,
-3.740625,8.66187943,6.265809774,,,
-3.74,8.658690271,6.266606413,,,
-3.739375,8.658690271,6.267403052,,,
-3.73875,8.656298401,6.266606413,,,
-3.738125,8.645933634,6.2602333,,,
-3.7375,8.640352605,6.257046744,,,
-3.736875,8.638758025,6.257046744,,,
-3.73625,8.638758025,6.258640022,,,
-3.735625,8.637960735,6.2602333,,,
-3.735,8.637163446,6.262623218,,,
-3.734375,8.635568866,6.263419857,,,
-3.73375,8.633974286,6.263419857,,,
-3.733125,8.631582417,6.264216496,,,
-3.7325,8.628393258,6.263419857,,,
-3.731875,8.625204098,6.264216496,,,
-3.73125,8.622014939,6.263419857,,,
-3.730625,8.620420359,6.263419857,,,
-3.73,8.624406809,6.26899633,,,
-3.729375,8.626798678,6.273776164,,,
-3.72875,8.625204098,6.273776164,,,
-3.728125,8.623609519,6.273776164,,,
-3.7275,8.61802849,6.271386247,,,
-3.726875,8.613244751,6.26899633,,,
-3.72625,8.610055592,6.268199691,,,
-3.725625,8.606069143,6.267403052,,,
-3.725,8.605271853,6.267403052,,,
-3.724375,8.601285404,6.266606413,,,
-3.72375,8.598096245,6.265809774,,,
-3.723125,8.594109795,6.265809774,,,
-3.7225,8.591717926,6.266606413,,,
-3.721875,8.586934187,6.264216496,,,
-3.72125,8.57577213,6.258640022,,,
-3.720625,8.570191101,6.258640022,,,
-3.72,8.567799232,6.2602333,,,
-3.719375,8.566204652,6.26102994,,,
-3.71875,8.567799232,6.264216496,,,
-3.718125,8.566204652,6.265013135,,,
-3.7175,8.566204652,6.266606413,,,
-3.716875,8.563015493,6.267403052,,,
-3.71625,8.559029044,6.268199691,,,
-3.715625,8.555839884,6.267403052,,,
-3.715,8.553448015,6.268199691,,,
-3.714375,8.550258856,6.268199691,,,
-3.71375,8.548664276,6.269792969,,,
-3.713125,8.553448015,6.276166081,,,
-3.7125,8.553448015,6.278555999,,,
-3.711875,8.551853435,6.278555999,,,
-3.71125,8.547069696,6.277759359,,,
-3.710625,8.541488668,6.275369442,,,
-3.71,8.536704929,6.273776164,,,
-3.709375,8.53192119,6.271386247,,,
-3.70875,8.527934741,6.271386247,,,
-3.708125,8.525542871,6.271386247,,,
-3.7075,8.522353712,6.271386247,,,
-3.706875,8.518367263,6.271386247,,,
-3.70625,8.514380814,6.270589608,,,
-3.705625,8.510394365,6.270589608,,,
-3.705,8.501624177,6.265013135,,,
-3.704375,8.494448568,6.26102994,,,
-3.70375,8.490462119,6.2602333,,,
-3.703125,8.48727296,6.26102994,,,
-3.7025,8.48727296,6.263419857,,,
-3.701875,8.48727296,6.265809774,,,
-3.70125,8.484083801,6.266606413,,,
-3.700625,8.482489221,6.267403052,,,
-3.7,8.480894642,6.267403052,,,
-3.699375,8.477705482,6.267403052,,,
-3.69875,8.474516323,6.268199691,,,
-3.698125,8.471327164,6.267403052,,,
-3.6975,8.468138004,6.267403052,,,
-3.696875,8.467340715,6.269792969,,,
-3.69625,8.472921743,6.276166081,,,
-3.695625,8.471327164,6.27696272,,,
-3.695,8.467340715,6.276166081,,,
-3.694375,8.461759686,6.275369442,,,
-3.69375,8.455381367,6.272182886,,,
-3.693125,8.449800339,6.270589608,,,
-3.6925,8.4450166,6.26899633,,,
-3.691875,8.441030151,6.268199691,,,
-3.69125,8.439435571,6.26899633,,,
-3.690625,8.437043702,6.269792969,,,
-3.69,8.434651832,6.269792969,,,
-3.689375,8.430665383,6.26899633,,,
-3.68875,8.426678934,6.267403052,,,
-3.688125,8.413922297,6.2602333,,,
-3.6875,8.407543978,6.258640022,,,
-3.686875,8.404354819,6.258640022,,,
-3.68625,8.402760239,6.2602333,,,
-3.685625,8.40196295,6.261826579,,,
-3.685,8.40196295,6.265013135,,,
-3.684375,8.40036837,6.265809774,,,
-3.68375,8.397976501,6.266606413,,,
-3.683125,8.393990051,6.265809774,,,
-3.6825,8.390800892,6.265809774,,,
-3.681875,8.387611733,6.266606413,,,
-3.68125,8.383625284,6.265013135,,,
-3.680625,8.382030704,6.265809774,,,
-3.68,8.383625284,6.270589608,,,
-3.679375,8.386814443,6.276166081,,,
-3.67875,8.383625284,6.276166081,,,
-3.678125,8.380436125,6.275369442,,,
-3.6775,8.374057806,6.273776164,,,
-3.676875,8.367679488,6.272182886,,,
-3.67625,8.361301169,6.270589608,,,
-3.675625,8.35651743,6.270589608,,,
-3.675,8.351733691,6.270589608,,,
-3.674375,8.347747242,6.270589608,,,
-3.67375,8.345355373,6.270589608,,,
-3.673125,8.341368924,6.269792969,,,
-3.6725,8.338179764,6.269792969,,,
-3.671875,8.332598736,6.266606413,,,
-3.67125,8.321436678,6.259436661,,,
-3.670625,8.318247519,6.259436661,,,
-3.67,8.31346378,6.258640022,,,
-3.669375,8.311071911,6.2602333,,,
-3.66875,8.311071911,6.263419857,,,
-3.668125,8.309477331,6.265809774,,,
-3.6675,8.307882751,6.267403052,,,
-3.666875,8.304693592,6.267403052,,,
-3.66625,8.301504433,6.268199691,,,
-3.665625,8.296720694,6.266606413,,,
-3.665,8.293531535,6.267403052,,,
-3.664375,8.291936955,6.267403052,,,
-3.66375,8.289545085,6.268199691,,,
-3.663125,8.294328824,6.275369442,,,
-3.6625,8.293531535,6.277759359,,,
-3.661875,8.288747796,6.276166081,,,
-3.66125,8.283964057,6.274572803,,,
-3.660625,8.277585738,6.272182886,,,
-3.66,8.27200471,6.270589608,,,
-3.659375,8.266423681,6.26899633,,,
-3.65875,8.263234522,6.26899633,,,
-3.658125,8.258450783,6.26899633,,,
-3.6575,8.253667044,6.268199691,,,
-3.656875,8.250477884,6.26899633,,,
-3.65625,8.248086015,6.269792969,,,
-3.655625,8.244099566,6.269792969,,,
-3.655,8.234532088,6.265013135,,,
-3.654375,8.2257619,6.258640022,,,
-3.65375,8.220978161,6.258640022,,,
-3.653125,8.219383582,6.26102994,,,
-3.6525,8.216991712,6.262623218,,,
-3.651875,8.216194422,6.264216496,,,
-3.65125,8.215397133,6.265809774,,,
-3.650625,8.213005263,6.267403052,,,
-3.65,8.209816104,6.268199691,,,
-3.649375,8.204235075,6.266606413,,,
-3.64875,8.200248626,6.266606413,,,
-3.648125,8.197856757,6.266606413,,,
-3.6475,8.194667597,6.266606413,,,
-3.646875,8.193073018,6.26899633,,,
-3.64625,8.197059467,6.276166081,,,
-3.645625,8.194667597,6.27696272,,,
-3.645,8.190681148,6.276166081,,,
-3.644375,8.185897409,6.274572803,,,
-3.64375,8.179519091,6.271386247,,,
-3.643125,8.173140772,6.26899633,,,
-3.6425,8.165965164,6.267403052,,,
-3.641875,8.162776005,6.267403052,,,
-3.64125,8.158789556,6.268199691,,,
-3.640625,8.154005817,6.268199691,,,
-3.64,8.150019368,6.267403052,,,
-3.639375,8.143641049,6.266606413,,,
-3.63875,8.13806002,6.266606413,,,
-3.638125,8.127695253,6.2602333,,,
-3.6375,8.122114224,6.257843383,,,
-3.636875,8.118127775,6.257843383,,,
-3.63625,8.114938616,6.259436661,,,
-3.635625,8.114938616,6.261826579,,,
-3.635,8.112546746,6.264216496,,,
-3.634375,8.110154877,6.264216496,,,
-3.63375,8.108560297,6.266606413,,,
-3.633125,8.104573848,6.266606413,,,
-3.6325,8.101384689,6.266606413,,,
-3.631875,8.09739824,6.266606413,,,
-3.63125,8.09420908,6.266606413,,,
-3.630625,8.090222631,6.266606413,,,
-3.63,8.091019921,6.270589608,,,
-3.629375,8.092614501,6.276166081,,,
-3.62875,8.090222631,6.276166081,,,
-3.628125,8.086236182,6.275369442,,,
-3.6275,8.079857864,6.272979525,,,
-3.626875,8.072682255,6.269792969,,,
-3.62625,8.067101227,6.26899633,,,
-3.625625,8.061520198,6.26899633,,,
-3.625,8.058331039,6.26899633,,,
-3.624375,8.05434459,6.268199691,,,
-3.62375,8.049560851,6.267403052,,,
-3.623125,8.044777112,6.267403052,,,
-3.6225,8.041587952,6.267403052,,,
-3.621875,8.036006924,6.265013135,,,
-3.62125,8.024047577,6.257843383,,,
-3.620625,8.019263838,6.257046744,,,
-3.62,8.016074678,6.257843383,,,
-3.619375,8.013682809,6.2602333,,,
-3.61875,8.012885519,6.262623218,,,
-3.618125,8.00969636,6.263419857,,,
-3.6175,8.006507201,6.265013135,,,
-3.616875,8.003318041,6.265013135,,,
-3.61625,8.000926172,6.265809774,,,
-3.615625,7.995345143,6.265013135,,,
-3.615,7.991358694,6.264216496,,,
-3.614375,7.988169535,6.264216496,,,
-3.61375,7.984980376,6.264216496,,,
-3.613125,7.989764114,6.272182886,,,
-3.6125,7.988169535,6.274572803,,,
-3.611875,7.985777665,6.273776164,,,
-3.61125,7.980196637,6.272182886,,,
-3.610625,7.974615608,6.270589608,,,
-3.61,7.968237289,6.268199691,,,
-3.609375,7.961858971,6.266606413,,,
-3.60875,7.956277942,6.265809774,,,
-3.608125,7.950696913,6.266606413,,,
-3.6075,7.946710464,6.266606413,,,
-3.606875,7.941926725,6.266606413,,,
-3.60625,7.936345697,6.267403052,,,
-3.605625,7.933156537,6.267403052,,,
-3.605,7.925980929,6.262623218,,,
-3.604375,7.916413451,6.257843383,,,
-3.60375,7.912427002,6.257843383,,,
-3.603125,7.908440553,6.259436661,,,
-3.6025,7.906845973,6.2602333,,,
-3.601875,7.906048684,6.262623218,,,
-3.60125,7.902062235,6.264216496,,,
-3.600625,7.899670365,6.264216496,,,
-3.6,7.895683916,6.264216496,,,
-3.599375,7.891697467,6.264216496,,,
-3.59875,7.887711018,6.264216496,,,
-3.598125,7.883724569,6.264216496,,,
-3.5975,7.87973812,6.263419857,,,
-3.596875,7.87814354,6.265809774,,,
-3.59625,7.882129989,6.273776164,,,
-3.595625,7.87814354,6.273776164,,,
-3.595,7.873359801,6.272979525,,,
-3.594375,7.867778772,6.270589608,,,
-3.59375,7.862995034,6.269792969,,,
-3.593125,7.856616715,6.267403052,,,
-3.5925,7.850238396,6.265809774,,,
-3.591875,7.844657368,6.265809774,,,
-3.59125,7.840670919,6.265809774,,,
-3.590625,7.83588718,6.265809774,,,
-3.59,7.831900731,6.265809774,,,
-3.589375,7.828711571,6.265809774,,,
-3.58875,7.823927833,6.265013135,,,
-3.588125,7.813563065,6.258640022,,,
-3.5875,7.804792877,6.255453466,,,
-3.586875,7.800009138,6.256250105,,,
-3.58625,7.797617269,6.257046744,,,
-3.585625,7.796022689,6.259436661,,,
-3.585,7.79283353,6.26102994,,,
-3.584375,7.79044166,6.262623218,,,
-3.58375,7.787252501,6.263419857,,,
-3.583125,7.784063342,6.263419857,,,
-3.5825,7.781671472,6.264216496,,,
-3.581875,7.776887733,6.264216496,,,
-3.58125,7.773698574,6.265013135,,,
-3.580625,7.768914835,6.265013135,,,
-3.58,7.768117545,6.267403052,,,
-3.579375,7.770509415,6.272979525,,,
-3.57875,7.766522966,6.272979525,,,
-3.578125,7.760144647,6.272979525,,,
-3.5775,7.753766329,6.271386247,,,
-3.576875,7.74659072,6.270589608,,,
-3.57625,7.740212402,6.270589608,,,
-3.575625,7.734631373,6.271386247,,,
-3.575,7.729847634,6.271386247,,,
-3.574375,7.725063895,6.271386247,,,
-3.57375,7.721077446,6.270589608,,,
-3.573125,7.716293707,6.270589608,,,
-3.5725,7.713901838,6.270589608,,,
-3.571875,7.707523519,6.268199691,,,
-3.57125,7.695564172,6.26102994,,,
-3.570625,7.689983143,6.26102994,,,
-3.57,7.685996694,6.261826579,,,
-3.569375,7.682010245,6.262623218,,,
-3.56875,7.680415666,6.265013135,,,
-3.568125,7.679618376,6.266606413,,,
-3.5675,7.678023796,6.267403052,,,
-3.566875,7.674037347,6.268199691,,,
-3.56625,7.669253608,6.26899633,,,
-3.565625,7.664469869,6.267403052,,,
-3.565,7.65968613,6.267403052,,,
-3.564375,7.655699681,6.267403052,,,
-3.56375,7.651713232,6.267403052,,,
-3.563125,7.654902391,6.274572803,,,
-3.5625,7.654105102,6.27696272,,,
-3.561875,7.650118652,6.277759359,,,
-3.56125,7.645334914,6.27696272,,,
-3.560625,7.638956595,6.274572803,,,
-3.56,7.632578277,6.272979525,,,
-3.559375,7.626997248,6.270589608,,,
-3.55875,7.621416219,6.269792969,,,
-3.558125,7.61822706,6.269792969,,,
-3.5575,7.612646031,6.269792969,,,
-3.556875,7.607862292,6.26899633,,,
-3.55625,7.605470423,6.269792969,,,
-3.555625,7.600686684,6.26899633,,,
-3.555,7.591119206,6.265013135,,,
-3.554375,7.579957149,6.259436661,,,
-3.55375,7.57517341,6.258640022,,,
-3.553125,7.571186961,6.2602333,,,
-3.5525,7.569592381,6.261826579,,,
-3.551875,7.567997801,6.264216496,,,
-3.55125,7.564808642,6.264216496,,,
-3.550625,7.561619483,6.265013135,,,
-3.55,7.557633034,6.265013135,,,
-3.549375,7.553646585,6.265809774,,,
-3.54875,7.548862846,6.265013135,,,
-3.548125,7.544079107,6.265809774,,,
-3.5475,7.540889948,6.266606413,,,
-3.546875,7.537700788,6.26899633,,,
-3.54625,7.542484527,6.276166081,,,
-3.545625,7.540092658,6.27696272,,,
-3.545,7.534511629,6.276166081,,,
-3.544375,7.5289306,6.276166081,,,
-3.54375,7.520957702,6.272979525,,,
-3.543125,7.515376673,6.272182886,,,
-3.5425,7.509795645,6.270589608,,,
-3.541875,7.505011906,6.269792969,,,
-3.54125,7.499430877,6.269792969,,,
-3.540625,7.494647138,6.270589608,,,
-3.54,7.490660689,6.269792969,,,
-3.539375,7.48747153,6.26899633,,,
-3.53875,7.483485081,6.26899633,,,
-3.538125,7.471525734,6.262623218,,,
-3.5375,7.464350125,6.258640022,,,
-3.536875,7.460363676,6.259436661,,,
-3.53625,7.457174517,6.2602333,,,
-3.535625,7.453188068,6.26102994,,,
-3.535,7.450796198,6.263419857,,,
-3.534375,7.448404329,6.265013135,,,
-3.53375,7.446012459,6.266606413,,,
-3.533125,7.44122872,6.266606413,,,
-3.5325,7.435647692,6.265013135,,,
-3.531875,7.430863953,6.265809774,,,
-3.53125,7.426877504,6.265013135,,,
-3.530625,7.424485634,6.266606413,,,
-3.53,7.422093765,6.268199691,,,
-3.529375,7.424485634,6.274572803,,,
-3.52875,7.422093765,6.275369442,,,
-3.528125,7.418904606,6.274572803,,,
-3.5275,7.411728997,6.272182886,,,
-3.526875,7.404553389,6.270589608,,,
-3.52625,7.397377781,6.26899633,,,
-3.525625,7.392594042,6.267403052,,,
-3.525,7.388607593,6.267403052,,,
-3.524375,7.383026564,6.267403052,,,
-3.52375,7.377445535,6.266606413,,,
-3.523125,7.374256376,6.267403052,,,
-3.5225,7.371067217,6.267403052,,,
-3.521875,7.363094318,6.265809774,,,
-3.52125,7.349540392,6.258640022,,,
-3.520625,7.344756653,6.258640022,,,
-3.52,7.339972914,6.259436661,,,
-3.519375,7.335986465,6.2602333,,,
-3.51875,7.332797305,6.263419857,,,
-3.518125,7.331202726,6.265013135,,,
-3.5175,7.329608146,6.267403052,,,
-3.516875,7.324824407,6.268199691,,,
-3.51625,7.319243379,6.268199691,,,
-3.515625,7.316054219,6.267403052,,,
-3.515,7.31286506,6.268199691,,,
-3.514375,7.307284031,6.267403052,,,
-3.51375,7.301703003,6.267403052,,,
-3.513125,7.305689452,6.273776164,,,
-3.5125,7.304892162,6.276166081,,,
-3.511875,7.300905713,6.276166081,,,
-3.51125,7.293730104,6.274572803,,,
-3.510625,7.289743655,6.273776164,,,
-3.51,7.281770757,6.270589608,,,
-3.509375,7.276189728,6.26899633,,,
-3.50875,7.272203279,6.26899633,,,
-3.508125,7.26821683,6.269792969,,,
-3.5075,7.262635802,6.270589608,,,
-3.506875,7.257852063,6.269792969,,,
-3.50625,7.254662903,6.26899633,,,
-3.505625,7.250676454,6.269792969,,,
-3.505,7.241108977,6.265013135,,,
-3.504375,7.228352339,6.259436661,,,
-3.50375,7.22596047,6.2602333,,,
-3.503125,7.221974021,6.2602333,,,
-3.5025,7.218784862,6.262623218,,,
-3.501875,7.217987572,6.265013135,,,
-3.50125,7.216392992,6.266606413,,,
-3.500625,7.213203833,6.267403052,,,
-3.5,7.206825514,6.266606413,,,
-3.499375,7.204433645,6.265809774,,,
-3.49875,7.199649906,6.265809774,,,
-3.498125,7.194068877,6.265809774,,,
-3.4975,7.190082428,6.266606413,,,
-3.496875,7.186893269,6.267403052,,,
-3.49625,7.190082428,6.273776164,,,
-3.495625,7.187690559,6.274572803,,,
-3.495,7.185298689,6.275369442,,,
-3.494375,7.177325791,6.273776164,,,
-3.49375,7.169352893,6.269792969,,,
-3.493125,7.165366444,6.268199691,,,
-3.4925,7.158988125,6.267403052,,,
-3.491875,7.154204386,6.267403052,,,
-3.49125,7.150217937,6.267403052,,,
-3.490625,7.146231488,6.268199691,,,
-3.49,7.13985317,6.267403052,,,
-3.489375,7.135069431,6.267403052,,,
-3.48875,7.131880272,6.267403052,,,
-3.488125,7.119123635,6.261826579,,,
-3.4875,7.110353447,6.258640022,,,
-3.486875,7.107164287,6.258640022,,,
-3.48625,7.102380548,6.259436661,,,
-3.485625,7.099988679,6.261826579,,,
-3.485,7.100785969,6.264216496,,,
-3.484375,7.09600223,6.265809774,,,
-3.48375,7.092015781,6.266606413,,,
-3.483125,7.089623911,6.265809774,,,
-3.4825,7.084042883,6.265809774,,,
-3.481875,7.079259144,6.265809774,,,
-3.48125,7.076069984,6.265013135,,,
-3.480625,7.072083535,6.265809774,,,
-3.48,7.070488956,6.269792969,,,
-3.479375,7.075272695,6.276166081,,,
-3.47875,7.071286246,6.27696272,,,
-3.478125,7.064907927,6.274572803,,,
-3.4775,7.060124188,6.272979525,,,
-3.476875,7.05215129,6.269792969,,,
-3.47625,7.044975682,6.267403052,,,
-3.475625,7.041786522,6.267403052,,,
-3.475,7.035408204,6.267403052,,,
-3.474375,7.030624465,6.268199691,,,
-3.47375,7.029029885,6.268199691,,,
-3.473125,7.021056987,6.266606413,,,
-3.4725,7.016273248,6.266606413,,,
-3.471875,7.012286799,6.265809774,,,
-3.47125,6.997138293,6.257046744,,,
-3.470625,6.992354554,6.257046744,,,
-3.47,6.989962684,6.257046744,,,
-3.469375,6.985976235,6.258640022,,,
-3.46875,6.984381656,6.26102994,,,
-3.468125,6.981989786,6.261826579,,,
-3.4675,6.976408757,6.263419857,,,
-3.466875,6.975611468,6.263419857,,,
-3.46625,6.970827729,6.263419857,,,
-3.465625,6.96444941,6.262623218,,,
-3.465,6.96285483,6.265013135,,,
-3.464375,6.957273802,6.264216496,,,
-3.46375,6.952490063,6.265809774,,,
-3.463125,6.956476512,6.271386247,,,
-3.4625,6.954084642,6.274572803,,,
-3.461875,6.950098193,6.274572803,,,
-3.46125,6.944517165,6.274572803,,,
-3.460625,6.933355107,6.272979525,,,
-3.46,6.930165948,6.272182886,,,
-3.459375,6.923787629,6.271386247,,,
-3.45875,6.916612021,6.271386247,,,
-3.458125,6.913422862,6.270589608,,,
-3.4575,6.907841833,6.272182886,,,
-3.456875,6.903855384,6.271386247,,,
-3.45625,6.899868935,6.270589608,,,
-3.455625,6.894287906,6.271386247,,,
-3.455,6.887909588,6.267403052,,,
-3.454375,6.87595024,6.261826579,,,
-3.45375,6.869571922,6.26102994,,,
-3.453125,6.867977342,6.261826579,,,
-3.4525,6.863990893,6.263419857,,,
-3.451875,6.863193603,6.265809774,,,
-3.45125,6.860004444,6.267403052,,,
-3.450625,6.856017995,6.26899633,,,
-3.45,6.854423415,6.269792969,,,
-3.449375,6.848045097,6.267403052,,,
-3.44875,6.844855938,6.268199691,,,
-3.448125,6.840072199,6.26899633,,,
-3.4475,6.83369388,6.267403052,,,
-3.446875,6.83369388,6.269792969,,,
-3.44625,6.83608575,6.276166081,,,
-3.445625,6.83369388,6.27696272,,,
-3.445,6.828910141,6.27696272,,,
-3.444375,6.821734533,6.276166081,,,
-3.44375,6.818545374,6.274572803,,,
-3.443125,6.808977896,6.272979525,,,
-3.4425,6.804194157,6.270589608,,,
-3.441875,6.798613128,6.270589608,,,
-3.44125,6.793032099,6.270589608,,,
-3.440625,6.78984294,6.269792969,,,
-3.44,6.783464622,6.26899633,,,
-3.439375,6.781072752,6.269792969,,,
-3.43875,6.774694434,6.269792969,,,
-3.438125,6.763532376,6.262623218,,,
-3.4375,6.756356768,6.259436661,,,
-3.436875,6.749978449,6.258640022,,,
-3.43625,6.74838387,6.2602333,,,
-3.435625,6.743600131,6.262623218,,,
-3.435,6.743600131,6.264216496,,,
-3.434375,6.739613682,6.266606413,,,
-3.43375,6.736424523,6.267403052,,,
-3.433125,6.733235363,6.267403052,,,
-3.4325,6.726857045,6.268199691,,,
-3.431875,6.725262465,6.268199691,,,
-3.43125,6.718086857,6.268199691,,,
-3.430625,6.715694987,6.268199691,,,
-3.43,6.714100408,6.271386247,,,
-3.429375,6.717289567,6.278555999,,,
-3.42875,6.715694987,6.279352638,,,
-3.428125,6.708519379,6.278555999,,,
-3.4275,6.70373564,6.275369442,,,
-3.426875,6.695762742,6.273776164,,,
-3.42625,6.690979003,6.272979525,,,
-3.425625,6.684600684,6.272182886,,,
-3.425,6.679816946,6.272182886,,,
-3.424375,6.674235917,6.272182886,,,
-3.42375,6.670249468,6.271386247,,,
-3.423125,6.666263019,6.271386247,,,
-3.4225,6.6598847,6.271386247,,,
-3.421875,6.655898251,6.269792969,,,
-3.42125,6.641547034,6.261826579,,,
-3.420625,6.639155165,6.2602333,,,
-3.42,6.631979557,6.2602333,,,
-3.419375,6.631182267,6.262623218,,,
-3.41875,6.627993107,6.265809774,,,
-3.418125,6.625601238,6.266606413,,,
-3.4175,6.622412079,6.266606413,,,
-3.416875,6.61762834,6.267403052,,,
-3.41625,6.614439181,6.267403052,,,
-3.415625,6.608858152,6.267403052,,,
-3.415,6.606466282,6.267403052,,,
-3.414375,6.600087964,6.266606413,,,
-3.41375,6.598493384,6.267403052,,,
-3.413125,6.597696094,6.273776164,,,
-3.4125,6.599290674,6.27696272,,,
-3.411875,6.592115066,6.276166081,,,
-3.41125,6.588925906,6.275369442,,,
-3.410625,6.580953008,6.273776164,,,
-3.41,6.576169269,6.271386247,,,
-3.409375,6.568196371,6.269792969,,,
-3.40875,6.563412632,6.26899633,,,
-3.408125,6.557831604,6.268199691,,,
-3.4075,6.553845154,6.266606413,,,
-3.406875,6.550655995,6.268199691,,,
-3.40625,6.545872256,6.268199691,,,
-3.405625,6.540291228,6.266606413,,,
-3.405,6.53152104,6.263419857,,,
-3.404375,6.521156272,6.257046744,,,
-3.40375,6.514777953,6.256250105,,,
-3.403125,6.512386084,6.257843383,,,
-3.4025,6.509196925,6.259436661,,,
-3.401875,6.508399635,6.26102994,,,
-3.40125,6.503615896,6.2602333,,,
-3.400625,6.503615896,6.263419857,,,
-3.4,6.498034867,6.263419857,,,
-3.399375,6.494845708,6.263419857,,,
-3.39875,6.489264679,6.263419857,,,
-3.398125,6.48687281,6.263419857,,,
-3.3975,6.481291781,6.263419857,,,
-3.396875,6.478899912,6.264216496,,,
-3.39625,6.480494491,6.271386247,,,
-3.395625,6.479697202,6.272979525,,,
-3.395,6.473318883,6.272979525,,,
-3.394375,6.470927014,6.271386247,,,
-3.39375,6.462156826,6.26899633,,,
-3.393125,6.456575797,6.265809774,,,
-3.3925,6.450197478,6.264216496,,,
-3.391875,6.446211029,6.264216496,,,
-3.39125,6.440630001,6.262623218,,,
-3.390625,6.436643551,6.263419857,,,
-3.39,6.431859813,6.263419857,,,
-3.389375,6.427873363,6.263419857,,,
-3.38875,6.423089625,6.263419857,,,
-3.388125,6.411927567,6.257843383,,,
-3.3875,6.403157379,6.254656827,,,
-3.386875,6.39837364,6.254656827,,,
-3.38625,6.395184481,6.255453466,,,
-3.385625,6.391198032,6.257843383,,,
-3.385,6.391198032,6.259436661,,,
-3.384375,6.385617003,6.2602333,,,
-3.38375,6.384022424,6.26102994,,,
-3.383125,6.376846815,6.26102994,,,
-3.3825,6.376846815,6.26102994,,,
-3.381875,6.369671207,6.26102994,,,
-3.38125,6.368076627,6.261826579,,,
-3.380625,6.361698309,6.26102994,,,
-3.38,6.363292888,6.264216496,,,
-3.379375,6.364090178,6.271386247,,,
-3.37875,6.361698309,6.271386247,,,
-3.378125,6.35611728,6.269792969,,,
-3.3775,6.349738961,6.267403052,,,
-3.376875,6.342563353,6.265013135,,,
-3.37625,6.335387745,6.263419857,,,
-3.375625,6.330604006,6.262623218,,,
-3.375,6.324225687,6.263419857,,,
-3.374375,6.322631108,6.263419857,,,
-3.37375,6.314658209,6.263419857,,,
-3.373125,6.31306363,6.263419857,,,
-3.3725,6.305888021,6.262623218,,,
-3.371875,6.301104283,6.262623218,,,
-3.37125,6.288347646,6.254656827,,,
-3.370625,6.282766617,6.253860188,,,
-3.37,6.278780168,6.253063549,,,
-3.369375,6.273199139,6.254656827,,,
-3.36875,6.274793719,6.257843383,,,
-3.368125,6.27000998,6.259436661,,,
-3.3675,6.27000998,6.2602333,,,
-3.366875,6.265226241,6.262623218,,,
-3.36625,6.261239792,6.261826579,,,
-3.365625,6.256456053,6.26102994,,,
-3.365,6.251672314,6.26102994,,,
-3.364375,6.248483155,6.26102994,,,
-3.36375,6.242104836,6.26102994,,,
-3.363125,6.246888575,6.266606413,,,
-3.3625,6.244496706,6.269792969,,,
-3.361875,6.242902126,6.270589608,,,
-3.36125,6.237321097,6.269792969,,,
-3.360625,6.228550909,6.267403052,,,
-3.36,6.22376717,6.265013135,,,
-3.359375,6.215794272,6.264216496,,,
-3.35875,6.213402403,6.263419857,,,
-3.358125,6.206226794,6.263419857,,,
-3.3575,6.203037635,6.262623218,,,
-3.356875,6.198253896,6.263419857,,,
-3.35625,6.191875578,6.262623218,,,
-3.355625,6.190280998,6.261826579,,,
-3.355,6.17991623,6.257843383,,,
-3.354375,6.170348753,6.25226691,,,
-3.35375,6.164767724,6.253063549,,,
-3.353125,6.160781275,6.253860188,,,
-3.3525,6.158389405,6.255453466,,,
-3.351875,6.155200246,6.257843383,,,
-3.35125,6.155997536,6.259436661,,,
-3.350625,6.151213797,6.2602333,,,
-3.35,6.147227348,6.2602333,,,
-3.349375,6.144835478,6.2602333,,,
-3.34875,6.13765987,6.2602333,,,
-3.348125,6.135268001,6.2602333,,,
-3.3475,6.128889682,6.261826579,,,
-3.346875,6.125700523,6.261826579,,,
-3.34625,6.132078841,6.269792969,,,
-3.345625,6.127295103,6.272182886,,,
-3.345,6.124105943,6.271386247,,,
-3.344375,6.115335755,6.271386247,,,
-3.34375,6.106565567,6.269792969,,,
-3.343125,6.100984539,6.26899633,,,
-3.3425,6.092214351,6.266606413,,,
-3.341875,6.089822481,6.266606413,,,
-3.34125,6.083444163,6.266606413,,,
-3.340625,6.079457714,6.266606413,,,
-3.34,6.076268554,6.266606413,,,
-3.339375,6.069092946,6.266606413,,,
-3.33875,6.066701076,6.265809774,,,
-3.338125,6.054741729,6.259436661,,,
-3.3375,6.044376962,6.256250105,,,
-3.336875,6.042782382,6.256250105,,,
-3.33625,6.037998643,6.257046744,,,
-3.335625,6.035606774,6.258640022,,,
-3.335,6.034809484,6.26102994,,,
-3.334375,6.030823035,6.262623218,,,
-3.33375,6.029228455,6.263419857,,,
-3.333125,6.023647426,6.262623218,,,
-3.3325,6.018863687,6.263419857,,,
-3.331875,6.016471818,6.263419857,,,
-3.33125,6.010890789,6.263419857,,,
-3.330625,6.00690434,6.264216496,,,
-3.33,6.005309761,6.266606413,,,
-3.329375,6.00690434,6.272979525,,,
-3.32875,6.005309761,6.272182886,,,
-3.328125,6.000526022,6.272182886,,,
-3.3275,5.991755834,6.270589608,,,
-3.326875,5.986972095,6.267403052,,,
-3.32625,5.979796486,6.266606413,,,
-3.325625,5.971823588,6.265809774,,,
-3.325,5.971026298,6.265809774,,,
-3.324375,5.96544527,6.266606413,,,
-3.32375,5.959864241,6.265809774,,,
-3.323125,5.956675082,6.265013135,,,
-3.3225,5.951094053,6.265013135,,,
-3.321875,5.946310314,6.264216496,,,
-3.32125,5.934350967,6.256250105,,,
-3.320625,5.927175359,6.255453466,,,
-3.32,5.923986199,6.256250105,,,
-3.319375,5.92079704,6.257046744,,,
-3.31875,5.916810591,6.2602333,,,
-3.318125,5.916810591,6.261826579,,,
-3.3175,5.913621432,6.264216496,,,
-3.316875,5.908040403,6.264216496,,,
-3.31625,5.906445823,6.265809774,,,
-3.315625,5.901662084,6.265013135,,,
-3.315,5.895283766,6.265013135,,,
-3.314375,5.892891896,6.264216496,,,
-3.31375,5.888108158,6.264216496,,,
-3.313125,5.888905447,6.270589608,,,
-3.3125,5.891297317,6.273776164,,,
-3.311875,5.886513578,6.274572803,,,
-3.31125,5.880135259,6.273776164,,,
-3.310625,5.874554231,6.270589608,,,
-3.31,5.868973202,6.268199691,,,
-3.309375,5.861000304,6.265809774,,,
-3.30875,5.858608434,6.265809774,,,
-3.308125,5.853824695,6.265013135,,,
-3.3075,5.848243667,6.265809774,,,
-3.306875,5.845054507,6.266606413,,,
-3.30625,5.841068058,6.265809774,,,
-3.305625,5.83468974,6.265809774,,,
-3.305,5.828311421,6.262623218,,,
-3.304375,5.818743943,6.257046744,,,
-3.30375,5.811568335,6.257046744,,,
-3.303125,5.808379176,6.257843383,,,
-3.3025,5.806784596,6.258640022,,,
-3.301875,5.803595437,6.26102994,,,
-3.30125,5.800406278,6.262623218,,,
-3.300625,5.800406278,6.264216496,,,
-3.3,5.793230669,6.262623218,,,
-3.299375,5.78844693,6.263419857,,,
-3.29875,5.78844693,6.264216496,,,
-3.298125,5.782865902,6.263419857,,,
-3.2975,5.777284873,6.263419857,,,
-3.296875,5.774893004,6.264216496,,,
-3.29625,5.778082163,6.271386247,,,
-3.295625,5.774893004,6.272182886,,,
-3.295,5.770109265,6.271386247,,,
-3.294375,5.766920105,6.269792969,,,
-3.29375,5.758947207,6.268199691,,,
-3.293125,5.750177019,6.264216496,,,
-3.2925,5.74698786,6.263419857,,,
-3.291875,5.742204121,6.264216496,,,
-3.29125,5.737420382,6.264216496,,,
-3.290625,5.733433933,6.264216496,,,
-3.29,5.730244774,6.264216496,,,
-3.289375,5.723866455,6.264216496,,,
-3.28875,5.718285427,6.265013135,,,
-3.288125,5.708717949,6.259436661,,,
-3.2875,5.695961312,6.256250105,,,
-3.286875,5.690380283,6.257046744,,,
-3.28625,5.688785703,6.257843383,,,
-3.285625,5.687191124,6.2602333,,,
-3.285,5.684001964,6.262623218,,,
-3.284375,5.680015515,6.264216496,,,
-3.28375,5.679218226,6.264216496,,,
-3.283125,5.674434487,6.265013135,,,
-3.2825,5.669650748,6.265013135,,,
-3.281875,5.664867009,6.265013135,,,
-3.28125,5.663272429,6.265013135,,,
-3.280625,5.65848869,6.265013135,,,
-3.28,5.655299531,6.267403052,,,
-3.279375,5.66008327,6.274572803,,,
-3.27875,5.656096821,6.274572803,,,
-3.278125,5.650515792,6.272979525,,,
-3.2775,5.644137474,6.271386247,,,
-3.276875,5.639353735,6.26899633,,,
-3.27625,5.632975416,6.266606413,,,
-3.275625,5.627394387,6.266606413,,,
-3.275,5.621016069,6.265809774,,,
-3.274375,5.618624199,6.265809774,,,
-3.27375,5.613043171,6.265809774,,,
-3.273125,5.608259432,6.266606413,,,
-3.2725,5.602678403,6.265013135,,,
-3.271875,5.599489244,6.264216496,,,
-3.27125,5.585935317,6.256250105,,,
-3.270625,5.579556998,6.254656827,,,
-3.27,5.57477326,6.254656827,,,
-3.269375,5.57397597,6.256250105,,,
-3.26875,5.57078681,6.259436661,,,
-3.268125,5.566800361,6.26102994,,,
-3.2675,5.564408492,6.261826579,,,
-3.266875,5.562813912,6.262623218,,,
-3.26625,5.558030173,6.262623218,,,
-3.265625,5.551651855,6.262623218,,,
-3.265,5.546070826,6.261826579,,,
-3.264375,5.544476247,6.261826579,,,
-3.26375,5.539692508,6.262623218,,,
-3.263125,5.540489797,6.268199691,,,
-3.2625,5.540489797,6.272182886,,,
-3.261875,5.538895218,6.272182886,,,
-3.26125,5.533314189,6.270589608,,,
-3.260625,5.526138581,6.26899633,,,
-3.26,5.518962972,6.267403052,,,
-3.259375,5.515773813,6.267403052,,,
-3.25875,5.510192784,6.266606413,,,
-3.258125,5.503814466,6.265809774,,,
-3.2575,5.498233437,6.265809774,,,
-3.256875,5.493449698,6.266606413,,,
-3.25625,5.491855119,6.265809774,,,
-3.255625,5.48707138,6.265809774,,,
-3.255,5.479098482,6.262623218,,,
-3.254375,5.466341844,6.256250105,,,
-3.25375,5.462355395,6.256250105,,,
-3.253125,5.459166236,6.256250105,,,
-3.2525,5.455179787,6.257046744,,,
-3.251875,5.453585207,6.2602333,,,
-3.25125,5.451193338,6.262623218,,,
-3.250625,5.449598758,6.263419857,,,
-3.25,5.444815019,6.263419857,,,
-3.249375,5.44082857,6.263419857,,,
-3.24875,5.435247542,6.262623218,,,
-3.248125,5.432058382,6.262623218,,,
-3.2475,5.428869223,6.262623218,,,
-3.246875,5.424882774,6.263419857,,,
-3.24625,5.428869223,6.270589608,,,
-3.245625,5.425680064,6.272182886,,,
-3.245,5.421693615,6.272182886,,,
-3.244375,5.416112586,6.270589608,,,
-3.24375,5.408936978,6.267403052,,,
-3.243125,5.401761369,6.266606413,,,
-3.2425,5.395383051,6.265809774,,,
-3.241875,5.391396602,6.265013135,,,
-3.24125,5.388207442,6.265809774,,,
-3.240625,5.384220993,6.265013135,,,
-3.24,5.379437254,6.265013135,,,
-3.239375,5.375450805,6.265013135,,,
-3.23875,5.370667066,6.264216496,,,
-3.238125,5.361896878,6.258640022,,,
-3.2375,5.351532111,6.253860188,,,
-3.236875,5.346748372,6.253860188,,,
-3.23625,5.341964633,6.254656827,,,
-3.235625,5.340370053,6.257046744,,,
-3.235,5.340370053,6.259436661,,,
-3.234375,5.337978184,6.26102994,,,
-3.23375,5.334789025,6.261826579,,,
-3.233125,5.329207996,6.261826579,,,
-3.2325,5.325221547,6.26102994,,,
-3.231875,5.321235098,6.261826579,,,
-3.23125,5.318045939,6.263419857,,,
-3.230625,5.3132622,6.262623218,,,
-3.23,5.31087033,6.265809774,,,
-3.229375,5.314059489,6.271386247,,,
-3.22875,5.309275751,6.272979525,,,
-3.228125,5.307681171,6.272979525,,,
-3.2275,5.299708273,6.272979525,,,
-3.226875,5.292532664,6.271386247,,,
-3.22625,5.285357056,6.270589608,,,
-3.225625,5.278181448,6.270589608,,,
-3.225,5.274194999,6.269792969,,,
-3.224375,5.27020855,6.269792969,,,
-3.22375,5.265424811,6.269792969,,,
-3.223125,5.260641072,6.270589608,,,
-3.2225,5.255857333,6.269792969,,,
-3.221875,5.250276304,6.268199691,,,
-3.22125,5.237519667,6.26102994,,,
-3.220625,5.234330508,6.259436661,,,
-3.22,5.230344059,6.2602333,,,
-3.219375,5.22635761,6.26102994,,,
-3.21875,5.22316845,6.261826579,,,
-3.218125,5.220776581,6.264216496,,,
-3.2175,5.218384711,6.266606413,,,
-3.216875,5.215195552,6.267403052,,,
-3.21625,5.212006393,6.266606413,,,
-3.215625,5.208019944,6.267403052,,,
-3.215,5.202438915,6.266606413,,,
-3.214375,5.197655176,6.266606413,,,
-3.21375,5.192871437,6.266606413,,,
-3.213125,5.193668727,6.272182886,,,
-3.2125,5.195263307,6.276166081,,,
-3.211875,5.192871437,6.276166081,,,
-3.21125,5.188087698,6.274572803,,,
-3.210625,5.18091209,6.272979525,,,
-3.21,5.174533772,6.269792969,,,
-3.209375,5.168155453,6.268199691,,,
-3.20875,5.162574424,6.267403052,,,
-3.208125,5.158587975,6.267403052,,,
-3.2075,5.156196106,6.268199691,,,
-3.206875,5.151412367,6.267403052,,,
-3.20625,5.146628628,6.267403052,,,
-3.205625,5.141047599,6.267403052,,,
-3.205,5.134669281,6.265809774,,,
-3.204375,5.122709933,6.257843383,,,
-3.20375,5.117128905,6.257843383,,,
-3.203125,5.114737035,6.258640022,,,
-3.2025,5.111547876,6.2602333,,,
-3.201875,5.109156007,6.261826579,,,
-3.20125,5.106764137,6.265013135,,,
-3.200625,5.105169557,6.266606413,,,
-3.2,5.100385819,6.266606413,,,
-3.199375,5.09560208,6.266606413,,,
-3.19875,5.090818341,6.266606413,,,
-3.198125,5.087629182,6.266606413,,,
-3.1975,5.084440022,6.266606413,,,
-3.196875,5.078858994,6.265809774,,,
-3.19625,5.082048153,6.273776164,,,
-3.195625,5.080453573,6.275369442,,,
-3.195,5.076467124,6.275369442,,,
-3.194375,5.071683385,6.273776164,,,
-3.19375,5.063710487,6.270589608,,,
-3.193125,5.057332168,6.268199691,,,
-3.1925,5.05254843,6.267403052,,,
-3.191875,5.04935927,6.267403052,,,
-3.19125,5.043778242,6.266606413,,,
-3.190625,5.039791793,6.266606413,,,
-3.19,5.035008054,6.266606413,,,
-3.189375,5.031021605,6.265809774,,,
-3.18875,5.027035155,6.266606413,,,
-3.188125,5.017467678,6.261826579,,,
-3.1875,5.0079002,6.257046744,,,
-3.186875,5.003116461,6.257046744,,,
-3.18625,5.000724591,6.257843383,,,
-3.185625,4.999927302,6.2602333,,,
-3.185,4.998332722,6.262623218,,,
-3.184375,4.993548983,6.263419857,,,
-3.18375,4.990359824,6.265013135,,,
-3.183125,4.985576085,6.265013135,,,
-3.1825,4.980792346,6.265013135,,,
-3.181875,4.976805897,6.264216496,,,
-3.18125,4.972022158,6.264216496,,,
-3.180625,4.968035709,6.264216496,,,
-3.18,4.966441129,6.267403052,,,
-3.179375,4.971224868,6.273776164,,,
-3.17875,4.968035709,6.274572803,,,
-3.178125,4.96325197,6.273776164,,,
-3.1775,4.956873652,6.271386247,,,
-3.176875,4.951292623,6.26899633,,,
-3.17625,4.944914304,6.26899633,,,
-3.175625,4.940130565,6.268199691,,,
-3.175,4.934549537,6.267403052,,,
-3.174375,4.930563088,6.267403052,,,
-3.17375,4.925779349,6.266606413,,,
-3.173125,4.9217929,6.266606413,,,
-3.1725,4.917009161,6.265013135,,,
-3.171875,4.911428132,6.264216496,,,
-3.17125,4.899468785,6.257046744,,,
-3.170625,4.892293176,6.256250105,,,
-3.17,4.888306727,6.257046744,,,
-3.169375,4.884320278,6.257843383,,,
-3.16875,4.882725699,6.2602333,,,
-3.168125,4.880333829,6.262623218,,,
-3.1675,4.87794196,6.264216496,,,
-3.166875,4.8747528,6.265013135,,,
-3.16625,4.870766351,6.265809774,,,
-3.165625,4.865185323,6.264216496,,,
-3.165,4.861198874,6.264216496,,,
-3.164375,4.856415135,6.264216496,,,
-3.16375,4.852428686,6.264216496,,,
-3.163125,4.853225975,6.268199691,,,
-3.1625,4.854023265,6.273776164,,,
-3.161875,4.851631396,6.274572803,,,
-3.16125,4.845253077,6.273776164,,,
-3.160625,4.839672049,6.271386247,,,
-3.16,4.83329373,6.26899633,,,
-3.159375,4.827712701,6.268199691,,,
-3.15875,4.821334383,6.265809774,,,
-3.158125,4.818942513,6.265809774,,,
-3.1575,4.814158774,6.265809774,,,
-3.156875,4.810172325,6.265013135,,,
-3.15625,4.806185876,6.265809774,,,
-3.155625,4.800604847,6.264216496,,,
-3.155,4.794226529,6.261826579,,,
-3.154375,4.781469892,6.255453466,,,
-3.15375,4.775888863,6.253860188,,,
-3.153125,4.771902414,6.255453466,,,
-3.1525,4.770307834,6.257046744,,,
-3.151875,4.769510545,6.259436661,,,
-3.15125,4.767118675,6.26102994,,,
-3.150625,4.764726806,6.262623218,,,
-3.15,4.760740357,6.261826579,,,
-3.149375,4.755956618,6.261826579,,,
-3.14875,4.751970169,6.261826579,,,
-3.148125,4.74718643,6.26102994,,,
-3.1475,4.74479456,6.261826579,,,
-3.146875,4.740808111,6.262623218,,,
-3.14625,4.74479456,6.269792969,,,
-3.145625,4.742402691,6.271386247,,,
-3.145,4.739213532,6.269792969,,,
-3.144375,4.732835213,6.26899633,,,
-3.14375,4.727254184,6.267403052,,,
-3.143125,4.720078576,6.265013135,,,
-3.1425,4.715294837,6.264216496,,,
-3.141875,4.709713808,6.265013135,,,
-3.14125,4.704930069,6.264216496,,,
-3.140625,4.70094362,6.264216496,,,
-3.14,4.696159882,6.264216496,,,
-3.139375,4.690578853,6.265013135,,,
-3.13875,4.686592404,6.265013135,,,
-3.138125,4.677024926,6.2602333,,,
-3.1375,4.666660158,6.253860188,,,
-3.136875,4.661876419,6.254656827,,,
-3.13625,4.66028184,6.255453466,,,
-3.135625,4.777483443,6.254656827,,,
-3.135,4.882725699,6.250673632,,,
-3.134375,4.996738142,6.249080354,,,
-3.13375,4.953684492,6.249080354,,,
-3.133125,4.895482336,6.249080354,,,
-3.1325,4.894685046,6.249876993,,,
-3.131875,4.943319725,6.249876993,,,
-3.13125,4.816550644,6.25226691,,,
-3.130625,4.654700811,6.255453466,,,
-3.13,4.629187537,6.257046744,,,
-3.129375,4.633173986,6.264216496,,,
-3.12875,4.633971276,6.265013135,,,
-3.128125,4.633173986,6.263419857,,,
-3.1275,4.631579406,6.262623218,,,
-3.126875,4.629187537,6.261826579,,,
-3.12625,4.625201088,6.258640022,,,
-3.125625,4.624403798,6.257843383,,,
-3.125,4.622011929,6.257046744,,,
-3.124375,4.620417349,6.258640022,,,
-3.12375,4.621214639,6.258640022,,,
-3.123125,4.61722819,6.257843383,,,
-3.1225,4.61722819,6.257843383,,,
-3.121875,4.61483632,6.257843383,,,
-3.12125,4.606066132,6.249080354,,,
-3.120625,4.602876973,6.247487076,,,
-3.12,4.601282393,6.247487076,,,
-3.119375,4.600485103,6.248283715,,,
-3.11875,4.603674263,6.251470271,,,
-3.118125,4.602876973,6.253063549,,,
-3.1175,4.604471553,6.254656827,,,
-3.116875,4.603674263,6.256250105,,,
-3.11625,4.602876973,6.254656827,,,
-3.115625,4.601282393,6.253860188,,,
-3.115,4.601282393,6.254656827,,,
-3.114375,4.600485103,6.256250105,,,
-3.11375,4.601282393,6.256250105,,,
-3.113125,4.605268842,6.2602333,,,
-3.1125,4.610849871,6.265013135,,,
-3.111875,4.610849871,6.263419857,,,
-3.11125,4.608458002,6.262623218,,,
-3.110625,4.606863422,6.26102994,,,
-3.11,4.604471553,6.258640022,,,
-3.109375,4.602876973,6.257046744,,,
-3.10875,4.600485103,6.256250105,,,
-3.108125,4.601282393,6.257046744,,,
-3.1075,4.600485103,6.257046744,,,
-3.106875,4.599687814,6.256250105,,,
-3.10625,4.599687814,6.257046744,,,
-3.105625,4.600485103,6.257046744,,,
-3.105,4.597295944,6.255453466,,,
-3.104375,4.590917626,6.248283715,,,
-3.10375,4.590120336,6.245097159,,,
-3.103125,4.601282393,6.240317324,,,
-3.1025,4.598093234,6.240317324,,,
-3.101875,4.606066132,6.242707241,,,
-3.10125,4.598093234,6.245097159,,,
-3.100625,4.604471553,6.248283715,,,
-3.1,4.592512205,6.251470271,,,
-3.099375,4.597295944,6.250673632,,,
-3.09875,4.593309495,6.250673632,,,
-3.098125,4.596498654,6.249876993,,,
-3.0975,4.594904075,6.251470271,,,
-3.096875,4.594904075,6.250673632,,,
-3.09625,4.603674263,6.257843383,,,
-3.095625,4.606066132,6.259436661,,,
-3.095,4.608458002,6.258640022,,,
-3.094375,4.607660712,6.257843383,,,
-3.09375,4.606066132,6.256250105,,,
-3.093125,4.602079683,6.254656827,,,
-3.0925,4.601282393,6.253063549,,,
-3.091875,4.600485103,6.25226691,,,
-3.09125,4.599687814,6.251470271,,,
-3.090625,4.61722819,6.248283715,,,
-3.09,4.618025479,6.248283715,,,
-3.089375,4.633173986,6.245097159,,,
-3.08875,4.638755015,6.243503881,,,
-3.088125,4.632376696,6.239520685,,,
-3.0875,4.620417349,6.234740851,,,
-3.086875,4.641146884,6.233147573,,,
-3.08625,4.640349594,6.234740851,,,
-3.085625,4.626795667,6.238724046,,,
-3.085,4.625201088,6.241113963,,,
-3.084375,4.65868726,6.241113963,,,
-3.08375,4.675430346,6.242707241,,,
-3.083125,4.667457448,6.241910602,,,
-3.0825,4.674633056,6.241910602,,,
-3.081875,4.625998378,6.243503881,,,
-3.08125,4.694565302,6.241113963,,,
-3.080625,4.722470445,6.241910602,,,
-3.08,4.740010821,6.243503881,,,
-3.079375,4.821334383,6.250673632,,,
-3.07875,4.741605401,6.253860188,,,
-3.078125,4.730443344,6.249080354,,,
-3.0775,4.779078022,6.249080354,,,
-3.076875,4.817347934,6.245893798,,,
-3.07625,4.830104571,6.245893798,,,
-3.075625,4.869969062,6.241910602,,,
-3.075,4.812564195,6.241113963,,,
-3.074375,4.890698597,6.241113963,,,
-3.07375,4.916211871,6.240317324,,,
-3.073125,4.848442237,6.243503881,,,
-3.0725,4.879536539,6.241910602,,,
-3.071875,4.948103464,6.241113963,,,
-3.07125,4.881131119,6.236334129,,,
-3.070625,4.838077469,6.233944212,,,
-3.07,4.65709268,6.238724046,,,
-3.069375,4.837280179,6.23553749,,,
-3.06875,5.0940075,6.234740851,,,
-3.068125,4.96325197,6.237927407,,,
-3.0675,4.708916519,6.245097159,,,
-3.066875,4.624403798,6.249080354,,,
-3.06625,4.612444451,6.251470271,,,
-3.065625,4.982386926,6.241910602,,,
-3.065,4.7025382,6.245097159,,,
-3.064375,4.622809218,6.251470271,,,
-3.06375,4.627592957,6.25226691,,,
-3.063125,4.637957725,6.257843383,,,
-3.0625,4.636363145,6.26102994,,,
-3.061875,4.645133333,6.263419857,,,
-3.06125,4.643538754,6.26102994,,,
-3.060625,4.645133333,6.2602333,,,
-3.06,4.647525203,6.258640022,,,
-3.059375,4.641146884,6.256250105,,,
-3.05875,4.649917072,6.255453466,,,
-3.058125,4.648322493,6.254656827,,,
-3.0575,4.65788997,6.254656827,,,
-3.056875,4.653903521,6.256250105,,,
-3.05625,4.65948455,6.254656827,,,
-3.055625,4.667457448,6.253860188,,,
-3.055,4.665065579,6.251470271,,,
-3.054375,4.666660158,6.245097159,,,
-3.05375,4.651511652,6.245097159,,,
-3.053125,4.671443897,6.24430052,,,
-3.0525,4.682605955,6.245097159,,,
-3.051875,4.684200534,6.247487076,,,
-3.05125,4.689781563,6.248283715,,,
-3.050625,4.696957171,6.250673632,,,
-3.05,4.705727359,6.250673632,,,
-3.049375,4.70174091,6.250673632,,,
-3.04875,4.70174091,6.249876993,,,
-3.048125,4.716092127,6.249080354,,,
-3.0475,4.716092127,6.249876993,,,
-3.046875,4.705727359,6.250673632,,,
-3.04625,4.7025382,6.256250105,,,
-3.045625,4.720078576,6.257843383,,,
-3.045,4.732835213,6.258640022,,,
-3.044375,4.719281286,6.256250105,,,
-3.04375,4.712902968,6.253860188,,,
-3.043125,4.705727359,6.25226691,,,
-3.0425,4.739213532,6.250673632,,,
-3.041875,4.752767458,6.249876993,,,
-3.04125,4.716092127,6.249876993,,,
-3.040625,4.709713808,6.25226691,,,
-3.04,4.723267735,6.25226691,,,
-3.039375,4.728848764,6.251470271,,,
-3.03875,4.716092127,6.253860188,,,
-3.038125,4.713700257,6.249080354,,,
-3.0375,4.711308388,6.245097159,,,
-3.036875,4.738416242,6.242707241,,,
-3.03625,4.729646054,6.245097159,,,
-3.035625,4.726456895,6.249080354,,,
-3.035,4.731240633,6.249876993,,,
-3.034375,4.733632503,6.25226691,,,
-3.03375,4.736821662,6.253063549,,,
-3.033125,4.74798372,6.253860188,,,
-3.0325,4.752767458,6.253063549,,,
-3.031875,4.753564748,6.253063549,,,
-3.03125,4.748781009,6.251470271,,,
-3.030625,4.762334936,6.253860188,,,
-3.03,4.767915965,6.256250105,,,
-3.029375,4.780672602,6.262623218,,,
-3.02875,4.779078022,6.262623218,,,
-3.028125,4.786253631,6.262623218,,,
-3.0275,4.78944279,6.261826579,,,
-3.026875,4.7886455,6.258640022,,,
-3.02625,4.78944279,6.257046744,,,
-3.025625,4.79024008,6.253860188,,,
-3.025,4.796618398,6.254656827,,,
-3.024375,4.801402137,6.254656827,,,
-3.02375,4.801402137,6.254656827,,,
-3.023125,4.806983166,6.253860188,,,
-3.0225,4.809375035,6.253860188,,,
-3.021875,4.812564195,6.254656827,,,
-3.02125,4.810172325,6.246690437,,,
-3.020625,4.809375035,6.245097159,,,
-3.02,4.813361485,6.245893798,,,
-3.019375,4.818145223,6.245893798,,,
-3.01875,4.824523542,6.248283715,,,
-3.018125,4.830104571,6.250673632,,,
-3.0175,4.836482889,6.25226691,,,
-3.016875,4.840469338,6.253063549,,,
-3.01625,4.847644947,6.253860188,,,
-3.015625,4.848442237,6.25226691,,,
-3.015,4.851631396,6.253063549,,,
-3.014375,4.861996163,6.253063549,,,
-3.01375,4.861996163,6.25226691,,,
-3.013125,4.873955511,6.257046744,,,
-3.0125,4.889901307,6.26102994,,,
-3.011875,4.885914858,6.261826579,,,
-3.01125,4.888306727,6.26102994,,,
-3.010625,4.890698597,6.258640022,,,
-3.01,4.889901307,6.257843383,,,
-3.009375,4.893887756,6.257843383,,,
-3.00875,4.900266075,6.256250105,,,
-3.008125,4.901063364,6.256250105,,,
-3.0075,4.903455234,6.255453466,,,
-3.006875,4.912225422,6.255453466,,,
-3.00625,4.915414581,6.255453466,,,
-3.005625,4.915414581,6.256250105,,,
-3.005,4.92099561,6.253063549,,,
-3.004375,4.917806451,6.245097159,,,
-3.00375,4.91940103,6.245893798,,,
-3.003125,4.925779349,6.245893798,,,
-3.0025,4.929765798,6.247487076,,,
-3.001875,4.938535986,6.251470271,,,
-3.00125,4.946508884,6.25226691,,,
-3.000625,4.951292623,6.254656827,,,
-3,4.955279072,6.253860188,,,
-2.999375,4.960860101,6.253860188,,,
-2.99875,4.96564384,6.253860188,,,
-2.998125,4.970427578,6.253860188,,,
-2.9975,4.973616738,6.253063549,,,
-2.996875,4.979995056,6.253860188,,,
-2.99625,4.991157114,6.2602333,,,
-2.995625,4.997535432,6.263419857,,,
-2.995,5.003116461,6.263419857,,,
-2.994375,5.0079002,6.26102994,,,
-2.99375,5.010292069,6.26102994,,,
-2.993125,5.012683939,6.257843383,,,
-2.9925,5.017467678,6.257843383,,,
-2.991875,5.019859547,6.257046744,,,
-2.99125,5.026237866,6.256250105,,,
-2.990625,5.029427025,6.257046744,,,
-2.99,5.035008054,6.257046744,,,
-2.989375,5.039791793,6.257046744,,,
-2.98875,5.042183662,6.257046744,,,
-2.988125,5.042183662,6.251470271,,,
-2.9875,5.040589082,6.245893798,,,
-2.986875,5.04856198,6.246690437,,,
-2.98625,5.05175114,6.247487076,,,
-2.985625,5.058926748,6.251470271,,,
-2.985,5.069291516,6.25226691,,,
-2.984375,5.074075255,6.253063549,,,
-2.98375,5.081250863,6.254656827,,,
-2.983125,5.084440022,6.254656827,,,
-2.9825,5.090021051,6.253063549,,,
-2.981875,5.09560208,6.253063549,,,
-2.98125,5.097196659,6.253860188,,,
-2.980625,5.106764137,6.254656827,,,
-2.98,5.110750586,6.253860188,,,
-2.979375,5.123507223,6.261826579,,,
-2.97875,5.130682832,6.262623218,,,
-2.978125,5.134669281,6.261826579,,,
-2.9775,5.13945302,6.2602333,,,
-2.976875,5.13945302,6.258640022,,,
-2.97625,5.145831338,6.256250105,,,
-2.975625,5.149020497,6.256250105,,,
-2.975,5.154601526,6.255453466,,,
-2.974375,5.156196106,6.257046744,,,
-2.97375,5.164966294,6.256250105,,,
-2.973125,5.166560873,6.256250105,,,
-2.9725,5.171344612,6.256250105,,,
-2.971875,5.177722931,6.257046744,,,
-2.97125,5.174533772,6.249080354,,,
-2.970625,5.176925641,6.247487076,,,
-2.97,5.17931751,6.246690437,,,
-2.969375,5.188087698,6.247487076,,,
-2.96875,5.196060597,6.249876993,,,
-2.968125,5.200844335,6.25226691,,,
-2.9675,5.206425364,6.254656827,,,
-2.966875,5.217587422,6.256250105,,,
-2.96625,5.219979291,6.255453466,,,
-2.965625,5.227154899,6.256250105,,,
-2.965,5.231141349,6.254656827,,,
-2.964375,5.237519667,6.254656827,,,
-2.96375,5.242303406,6.254656827,,,
-2.963125,5.247884435,6.258640022,,,
-2.9625,5.262235651,6.262623218,,,
-2.961875,5.26861397,6.261826579,,,
-2.96125,5.273397709,6.261826579,,,
-2.960625,5.274194999,6.2602333,,,
-2.96,5.281370607,6.257046744,,,
-2.959375,5.282167897,6.254656827,,,
-2.95875,5.286951636,6.254656827,,,
-2.958125,5.289343505,6.254656827,,,
-2.9575,5.299708273,6.255453466,,,
-2.956875,5.300505563,6.253860188,,,
-2.95625,5.305289301,6.253860188,,,
-2.955625,5.308478461,6.253860188,,,
-2.955,5.314059489,6.251470271,,,
-2.954375,5.306883881,6.24430052,,,
-2.95375,5.314059489,6.245097159,,,
-2.953125,5.314856779,6.24430052,,,
-2.9525,5.325221547,6.247487076,,,
-2.951875,5.330802576,6.248283715,,,
-2.95125,5.337978184,6.249876993,,,
-2.950625,5.345153792,6.25226691,,,
-2.95,5.349937531,6.25226691,,,
-2.949375,5.35392398,6.25226691,,,
-2.94875,5.361896878,6.25226691,,,
-2.948125,5.362694168,6.25226691,,,
-2.9475,5.370667066,6.253063549,,,
-2.946875,5.373856226,6.25226691,,,
-2.94625,5.389004732,6.258640022,,,
-2.945625,5.395383051,6.262623218,,,
-2.945,5.400964079,6.261826579,,,
-2.944375,5.404950529,6.261826579,,,
-2.94375,5.408936978,6.258640022,,,
-2.943125,5.407342398,6.256250105,,,
-2.9425,5.412923427,6.255453466,,,
-2.941875,5.417707166,6.253860188,,,
-2.94125,5.421693615,6.253860188,,,
-2.940625,5.424882774,6.253860188,,,
-2.94,5.430463803,6.253063549,,,
-2.939375,5.440031281,6.253860188,,,
-2.93875,5.438436701,6.253063549,,,
-2.938125,5.44401773,6.249080354,,,
-2.9375,5.440031281,6.243503881,,,
-2.936875,5.446409599,6.243503881,,,
-2.93625,5.449598758,6.245097159,,,
-2.935625,5.458368946,6.247487076,,,
-2.935,5.467139134,6.250673632,,,
-2.934375,5.473517453,6.251470271,,,
-2.93375,5.478301192,6.253063549,,,
-2.933125,5.48627409,6.253063549,,,
-2.9325,5.490260539,6.253063549,,,
-2.931875,5.492652408,6.25226691,,,
-2.93125,5.498233437,6.25226691,,,
-2.930625,5.503814466,6.253063549,,,
-2.93,5.510990074,6.253860188,,,
-2.929375,5.522152132,6.261826579,,,
-2.92875,5.532516899,6.263419857,,,
-2.928125,5.533314189,6.261826579,,,
-2.9275,5.536503348,6.26102994,,,
-2.926875,5.541287087,6.258640022,,,
-2.92625,5.542881667,6.257843383,,,
-2.925625,5.545273536,6.254656827,,,
-2.925,5.549259985,6.255453466,,,
-2.924375,5.558030173,6.257046744,,,
-2.92375,5.557232884,6.256250105,,,
-2.923125,5.563611202,6.255453466,,,
-2.9225,5.569989521,6.256250105,,,
-2.921875,5.57397597,6.256250105,,,
-2.92125,5.569989521,6.249080354,,,
-2.920625,5.5715841,6.246690437,,,
-2.92,5.579556998,6.245893798,,,
-2.919375,5.578759709,6.248283715,,,
-2.91875,5.591516346,6.250673632,,,
-2.918125,5.597097374,6.253063549,,,
-2.9175,5.601083823,6.253860188,,,
-2.916875,5.605070273,6.253860188,,,
-2.91625,5.612245881,6.254656827,,,
-2.915625,5.618624199,6.253860188,,,
-2.915,5.61702962,6.254656827,,,
-2.914375,5.625799808,6.253860188,,,
-2.91375,5.630583547,6.253860188,,,
-2.913125,5.636961865,6.257046744,,,
-2.9125,5.648123923,6.264216496,,,
-2.911875,5.655299531,6.264216496,,,
-2.91125,5.66088056,6.263419857,,,
-2.910625,5.65848869,6.2602333,,,
-2.91,5.665664299,6.257046744,,,
-2.909375,5.668853458,6.256250105,,,
-2.90875,5.666461588,6.255453466,,,
-2.908125,5.672839907,6.253860188,,,
-2.9075,5.679218226,6.254656827,,,
-2.906875,5.682407385,6.25226691,,,
-2.90625,5.685596544,6.253860188,,,
-2.905625,5.694366732,6.253860188,,,
-2.905,5.695164022,6.251470271,,,
-2.904375,5.688785703,6.245893798,,,
-2.90375,5.696758601,6.245097159,,,
-2.903125,5.70154234,6.245097159,,,
-2.9025,5.70393421,6.247487076,,,
-2.901875,5.710312528,6.249080354,,,
-2.90125,5.719082716,6.249876993,,,
-2.900625,5.723866455,6.253063549,,,
-2.9,5.723866455,6.253063549,,,
-2.899375,5.735825803,6.253063549,,,
-2.89875,5.737420382,6.25226691,,,
-2.898125,5.738217672,6.254656827,,,
-2.8975,5.74698786,6.253860188,,,
-2.896875,5.750974309,6.255453466,,,
-2.89625,5.760541787,6.262623218,,,
-2.895625,5.770109265,6.265013135,,,
-2.895,5.776487583,6.265013135,,,
-2.894375,5.777284873,6.262623218,,,
-2.89375,5.778082163,6.26102994,,,
-2.893125,5.782068612,6.257843383,,,
-2.8925,5.783663192,6.257046744,,,
-2.891875,5.783663192,6.255453466,,,
-2.89125,5.793230669,6.256250105,,,
-2.890625,5.793230669,6.255453466,,,
-2.89,5.797217118,6.255453466,,,
-2.889375,5.802000857,6.254656827,,,
-2.88875,5.806784596,6.256250105,,,
-2.888125,5.806784596,6.251470271,,,
-2.8875,5.803595437,6.246690437,,,
-2.886875,5.809176466,6.245893798,,,
-2.88625,5.813162915,6.247487076,,,
-2.885625,5.817946654,6.249080354,,,
-2.885,5.828311421,6.25226691,,,
-2.884375,5.831500581,6.253860188,,,
-2.88375,5.83229787,6.253860188,,,
-2.883125,5.840270769,6.254656827,,,
-2.8825,5.842662638,6.253860188,,,
-2.881875,5.849040956,6.254656827,,,
-2.88125,5.849838246,6.253860188,,,
-2.880625,5.857013855,6.253860188,,,
-2.88,5.860203014,6.254656827,,,
-2.879375,5.872162361,6.262623218,,,
-2.87875,5.87933797,6.263419857,,,
-2.878125,5.883324419,6.264216496,,,
-2.8775,5.884918998,6.2602333,,,
-2.876875,5.888905447,6.259436661,,,
-2.87625,5.889702737,6.257843383,,,
-2.875625,5.891297317,6.254656827,,,
-2.875,5.895283766,6.254656827,,,
-2.874375,5.898472925,6.255453466,,,
-2.87375,5.905648533,6.256250105,,,
-2.873125,5.907243113,6.253860188,,,
-2.8725,5.910432272,6.256250105,,,
-2.871875,5.914418721,6.254656827,,,
-2.87125,5.912824142,6.247487076,,,
-2.870625,5.910432272,6.245097159,,,
-2.87,5.913621432,6.245893798,,,
-2.869375,5.923188909,6.245893798,,,
-2.86875,5.927175359,6.249080354,,,
-2.868125,5.930364518,6.250673632,,,
-2.8675,5.939134706,6.251470271,,,
-2.866875,5.944715735,6.253063549,,,
-2.86625,5.944715735,6.253063549,,,
-2.865625,5.951891343,6.253860188,,,
-2.865,5.959066951,6.253063549,,,
-2.864375,5.957472372,6.253063549,,,
-2.86375,5.96544527,6.253063549,,,
-2.863125,5.972620878,6.254656827,,,
-2.8625,5.981391066,6.261826579,,,
-2.861875,5.986174805,6.262623218,,,
-2.86125,5.989363964,6.261826579,,,
-2.860625,5.989363964,6.259436661,,,
-2.86,5.990958544,6.257843383,,,
-2.859375,5.992553124,6.256250105,,,
-2.85875,5.995742283,6.254656827,,,
-2.858125,5.996539573,6.254656827,,,
-2.8575,5.999728732,6.255453466,,,
-2.856875,6.00610705,6.255453466,,,
-2.85625,6.00690434,6.254656827,,,
-2.855625,6.012485369,6.255453466,,,
-2.855,6.017269108,6.254656827,,,
-2.854375,6.010093499,6.247487076,,,
-2.85375,6.015674528,6.247487076,,,
-2.853125,6.021255557,6.247487076,,,
-2.8525,6.026039296,6.249080354,,,
-2.851875,6.033214904,6.25226691,,,
-2.85125,6.037201353,6.253860188,,,
-2.850625,6.045971541,6.257046744,,,
-2.85,6.046768831,6.255453466,,,
-2.849375,6.04995799,6.256250105,,,
-2.84875,6.056336309,6.255453466,,,
-2.848125,6.059525468,6.256250105,,,
-2.8475,6.061917338,6.256250105,,,
-2.846875,6.066701076,6.255453466,,,
-2.84625,6.077065844,6.26102994,,,
-2.845625,6.085038742,6.264216496,,,
-2.845,6.089822481,6.263419857,,,
-2.844375,6.091417061,6.262623218,,,
-2.84375,6.09380893,6.2602333,,,
-2.843125,6.09380893,6.258640022,,,
-2.8425,6.09460622,6.257046744,,,
-2.841875,6.100187249,6.256250105,,,
-2.84125,6.101781828,6.254656827,,,
-2.840625,6.103376408,6.253860188,,,
-2.84,6.108160147,6.253860188,,,
-2.839375,6.112943886,6.254656827,,,
-2.83875,6.114538465,6.253860188,,,
-2.838125,6.115335755,6.251470271,,,
-2.8375,6.108160147,6.24430052,,,
-2.836875,6.113741176,6.245097159,,,
-2.83625,6.118524915,6.245893798,,,
-2.835625,6.122511364,6.247487076,,,
-2.835,6.128092392,6.249876993,,,
-2.834375,6.131281552,6.249876993,,,
-2.83375,6.136065291,6.251470271,,,
-2.833125,6.141646319,6.251470271,,,
-2.8325,6.141646319,6.250673632,,,
-2.831875,6.145632768,6.250673632,,,
-2.83125,6.148821928,6.25226691,,,
-2.830625,6.148024638,6.251470271,,,
-2.83,6.155997536,6.25226691,,,
-2.829375,6.166362304,6.259436661,,,
-2.82875,6.168754173,6.2602333,,,
-2.828125,6.172740622,6.259436661,,,
-2.8275,6.174335202,6.259436661,,,
-2.826875,6.175132492,6.256250105,,,
-2.82625,6.174335202,6.253860188,,,
-2.825625,6.177524361,6.253063549,,,
-2.825,6.179118941,6.253063549,,,
-2.824375,6.18071352,6.253063549,,,
-2.82375,6.17991623,6.253063549,,,
-2.823125,6.187889129,6.253860188,,,
-2.8225,6.186294549,6.25226691,,,
-2.821875,6.187889129,6.251470271,,,
-2.82125,6.187889129,6.247487076,,,
-2.820625,6.1823081,6.243503881,,,
-2.82,6.185497259,6.242707241,,,
-2.819375,6.190280998,6.24430052,,,
-2.81875,6.194267447,6.245893798,,,
-2.818125,6.199848476,6.247487076,,,
-2.8175,6.204632215,6.249876993,,,
-2.816875,6.208618664,6.25226691,,,
-2.81625,6.208618664,6.249876993,,,
-2.815625,6.210213243,6.249876993,,,
-2.815,6.216591562,6.251470271,,,
-2.814375,6.216591562,6.250673632,,,
-2.81375,6.218186142,6.250673632,,,
-2.813125,6.227753619,6.253860188,,,
-2.8125,6.237321097,6.2602333,,,
-2.811875,6.239712967,6.258640022,,,
-2.81125,6.243699416,6.259436661,,,
-2.810625,6.243699416,6.257843383,,,
-2.81,6.239712967,6.253063549,,,
-2.809375,6.244496706,6.253860188,,,
-2.80875,6.243699416,6.25226691,,,
-2.808125,6.244496706,6.250673632,,,
-2.8075,6.246888575,6.25226691,,,
-2.806875,6.248483155,6.253860188,,,
-2.80625,6.253266894,6.25226691,,,
-2.805625,6.253266894,6.25226691,,,
-2.805,6.254861473,6.251470271,,,
-2.804375,6.248483155,6.241910602,,,
-2.80375,6.252469604,6.240317324,,,
-2.803125,6.248483155,6.241113963,,,
-2.8025,6.255658763,6.242707241,,,
-2.801875,6.259645212,6.241910602,,,
-2.80125,6.262834371,6.247487076,,,
-2.800625,6.2684154,6.249876993,,,
-2.8,6.274793719,6.247487076,,,
-2.799375,6.273199139,6.248283715,,,
-2.79875,6.271604559,6.249080354,,,
-2.798125,6.277982878,6.248283715,,,
-2.7975,6.281969327,6.248283715,,,
-2.796875,6.278780168,6.249876993,,,
-2.79625,6.289144935,6.255453466,,,
-2.795625,6.302698862,6.257046744,,,
-2.795,6.296320544,6.257843383,,,
-2.794375,6.296320544,6.257046744,,,
-2.79375,6.304293442,6.253063549,,,
-2.793125,6.294725964,6.25226691,,,
-2.7925,6.297117833,6.253063549,,,
-2.791875,6.301901572,6.249876993,,,
-2.79125,6.301104283,6.249876993,,,
-2.790625,6.299509703,6.251470271,,,
-2.79,6.303496152,6.251470271,,,
-2.789375,6.305888021,6.250673632,,,
-2.78875,6.305090732,6.253063549,,,
-2.788125,6.301104283,6.249080354,,,
-2.7875,6.301901572,6.241910602,,,
-2.786875,6.299509703,6.242707241,,,
-2.78625,6.297915123,6.243503881,,,
-2.785625,6.307482601,6.243503881,,,
-2.785,6.305888021,6.246690437,,,
-2.784375,6.31067176,6.249080354,,,
-2.78375,6.317050079,6.249876993,,,
-2.783125,6.317847369,6.249876993,,,
-2.7825,6.317050079,6.249876993,,,
-2.781875,6.317847369,6.249080354,,,
-2.78125,6.321036528,6.249080354,,,
-2.780625,6.325820267,6.250673632,,,
-2.78,6.330604006,6.253063549,,,
-2.779375,6.340968773,6.259436661,,,
-2.77875,6.343360643,6.26102994,,,
-2.778125,6.343360643,6.26102994,,,
-2.7775,6.347347092,6.2602333,,,
-2.776875,6.348144382,6.257843383,,,
-2.77625,6.344157933,6.256250105,,,
-2.775625,6.344955222,6.255453466,,,
-2.775,6.344955222,6.254656827,,,
-2.774375,6.347347092,6.256250105,,,
-2.77375,6.350536251,6.256250105,,,
-2.773125,6.349738961,6.255453466,,,
-2.7725,6.35372541,6.256250105,,,
-2.771875,6.3545227,6.256250105,,,
-2.77125,6.348144382,6.250673632,,,
-2.770625,6.346549802,6.245893798,,,
-2.77,6.346549802,6.245893798,,,
-2.769375,6.348144382,6.247487076,,,
-2.76875,6.351333541,6.249080354,,,
-2.768125,6.3545227,6.251470271,,,
-2.7675,6.359306439,6.253063549,,,
-2.766875,6.360901019,6.254656827,,,
-2.76625,6.360901019,6.254656827,,,
-2.765625,6.364887468,6.254656827,,,
-2.765,6.363292888,6.253860188,,,
-2.764375,6.366482048,6.253860188,,,
-2.76375,6.368076627,6.254656827,,,
-2.763125,6.370468497,6.257843383,,,
-2.7625,6.380833264,6.264216496,,,
-2.761875,6.380833264,6.264216496,,,
-2.76125,6.381630554,6.263419857,,,
-2.760625,6.381630554,6.26102994,,,
-2.76,6.379238685,6.259436661,,,
-2.759375,6.380035974,6.257046744,,,
-2.75875,6.378441395,6.257046744,,,
-2.758125,6.379238685,6.257046744,,,
-2.7575,6.380833264,6.256250105,,,
-2.756875,6.380833264,6.256250105,,,
-2.75625,6.382427844,6.256250105,,,
-2.755625,6.384022424,6.256250105,,,
-2.755,6.383225134,6.255453466,,,
-2.754375,6.376846815,6.248283715,,,
-2.75375,6.376049525,6.247487076,,,
-2.753125,6.377644105,6.247487076,,,
-2.7525,6.382427844,6.249080354,,,
-2.751875,6.383225134,6.251470271,,,
-2.75125,6.388008873,6.253860188,,,
-2.750625,6.390400742,6.254656827,,,
-2.75,6.390400742,6.255453466,,,
-2.749375,6.394387191,6.253860188,,,
-2.74875,6.391995322,6.253860188,,,
-2.748125,6.394387191,6.253860188,,,
-2.7475,6.394387191,6.254656827,,,
-2.746875,6.395981771,6.255453466,,,
-2.74625,6.406346538,6.2602333,,,
-2.745625,6.409535698,6.264216496,,,
-2.745,6.411927567,6.262623218,,,
-2.744375,6.410332987,6.261826579,,,
-2.74375,6.408738408,6.26102994,,,
-2.743125,6.410332987,6.257843383,,,
-2.7425,6.407941118,6.257046744,,,
-2.741875,6.410332987,6.257843383,,,
-2.74125,6.410332987,6.257843383,,,
-2.740625,6.410332987,6.257843383,,,
-2.74,6.412724857,6.257843383,,,
-2.739375,6.411130277,6.257843383,,,
-2.73875,6.412724857,6.257843383,,,
-2.738125,6.410332987,6.254656827,,,
-2.7375,6.402360089,6.248283715,,,
-2.736875,6.403157379,6.247487076,,,
-2.73625,6.403157379,6.248283715,,,
-2.735625,6.404751959,6.249080354,,,
-2.735,6.409535698,6.251470271,,,
-2.734375,6.407143828,6.251470271,,,
-2.73375,6.413522147,6.253860188,,,
-2.733125,6.412724857,6.254656827,,,
-2.7325,6.411927567,6.254656827,,,
-2.731875,6.412724857,6.255453466,,,
-2.73125,6.412724857,6.254656827,,,
-2.730625,6.415914016,6.255453466,,,
-2.73,6.415914016,6.255453466,,,
-2.729375,6.423886914,6.262623218,,,
-2.72875,6.426278784,6.264216496,,,
-2.728125,6.425481494,6.264216496,,,
-2.7275,6.428670653,6.264216496,,,
-2.726875,6.423089625,6.2602333,,,
-2.72625,6.422292335,6.258640022,,,
-2.725625,6.421495045,6.257046744,,,
-2.725,6.419103175,6.257046744,,,
-2.724375,6.422292335,6.257046744,,,
-2.72375,6.419900465,6.257843383,,,
-2.723125,6.421495045,6.257843383,,,
-2.7225,6.420697755,6.257843383,,,
-2.721875,6.419103175,6.257046744,,,
-2.72125,6.416711306,6.250673632,,,
-2.720625,6.410332987,6.247487076,,,
-2.72,6.411927567,6.247487076,,,
-2.719375,6.411927567,6.248283715,,,
-2.71875,6.414319437,6.250673632,,,
-2.718125,6.417508596,6.253063549,,,
-2.7175,6.418305886,6.254656827,,,
-2.716875,6.421495045,6.254656827,,,
-2.71625,6.421495045,6.256250105,,,
-2.715625,6.420697755,6.255453466,,,
-2.715,6.421495045,6.254656827,,,
-2.714375,6.420697755,6.254656827,,,
-2.71375,6.422292335,6.254656827,,,
-2.713125,6.424684204,6.257046744,,,
-2.7125,6.431062523,6.265013135,,,
-2.711875,6.433454392,6.264216496,,,
-2.71125,6.430265233,6.263419857,,,
-2.710625,6.429467943,6.261826579,,,
-2.71,6.425481494,6.258640022,,,
-2.709375,6.424684204,6.257843383,,,
-2.70875,6.423089625,6.257046744,,,
-2.708125,6.423089625,6.257843383,,,
-2.7075,6.424684204,6.257843383,,,
-2.706875,6.422292335,6.257843383,,,
-2.70625,6.423886914,6.257843383,,,
-2.705625,6.423886914,6.257843383,,,
-2.705,6.422292335,6.257046744,,,
-2.704375,6.415914016,6.249080354,,,
-2.70375,6.411927567,6.247487076,,,
-2.703125,6.414319437,6.247487076,,,
-2.7025,6.415914016,6.249080354,,,
-2.701875,6.419103175,6.251470271,,,
-2.70125,6.421495045,6.253063549,,,
-2.700625,6.423089625,6.255453466,,,
-2.7,6.424684204,6.255453466,,,
-2.699375,6.423886914,6.255453466,,,
-2.69875,6.424684204,6.255453466,,,
-2.698125,6.423886914,6.255453466,,,
-2.6975,6.421495045,6.254656827,,,
-2.696875,6.423089625,6.254656827,,,
-2.69625,6.438238131,6.2602333,,,
-2.695625,6.431859813,6.264216496,,,
-2.695,6.431859813,6.264216496,,,
-2.694375,6.428670653,6.262623218,,,
-2.69375,6.428670653,6.26102994,,,
-2.693125,6.425481494,6.258640022,,,
-2.6925,6.425481494,6.257046744,,,
-2.691875,6.421495045,6.256250105,,,
-2.69125,6.423089625,6.257046744,,,
-2.690625,6.424684204,6.257046744,,,
-2.69,6.421495045,6.257046744,,,
-2.689375,6.423886914,6.257843383,,,
-2.68875,6.419900465,6.256250105,,,
-2.688125,6.417508596,6.253063549,,,
-2.6875,6.409535698,6.248283715,,,
-2.686875,6.407941118,6.248283715,,,
-2.68625,6.411130277,6.249080354,,,
-2.685625,6.407941118,6.249876993,,,
-2.685,6.411927567,6.253063549,,,
-2.684375,6.413522147,6.254656827,,,
-2.68375,6.413522147,6.256250105,,,
-2.683125,6.412724857,6.255453466,,,
-2.6825,6.410332987,6.256250105,,,
-2.681875,6.414319437,6.256250105,,,
-2.68125,6.419900465,6.254656827,,,
-2.680625,6.418305886,6.255453466,,,
-2.68,6.455778507,6.255453466,,,
-2.679375,6.449400188,6.262623218,,,
-2.67875,6.543480387,6.26102994,,,
-2.678125,6.513183374,6.26102994,,,
-2.6775,6.592912356,6.258640022,,,
-2.676875,6.632776846,6.253860188,,,
-2.67625,6.66147928,6.251470271,,,
-2.675625,6.666263019,6.251470271,,,
-2.675,6.677425076,6.250673632,,,
-2.674375,6.668654888,6.251470271,,,
-2.67375,6.671844047,6.249876993,,,
-2.673125,6.634371426,6.251470271,,,
-2.6725,6.619222919,6.251470271,,,
-2.671875,6.555439734,6.251470271,,,
-2.67125,6.562615342,6.245893798,,,
-2.670625,6.510791504,6.240317324,,,
-2.67,6.553047865,6.241910602,,,
-2.669375,6.536304779,6.241910602,,,
-2.66875,6.553047865,6.24430052,,,
-2.668125,6.539493938,6.245893798,,,
-2.6675,6.576966559,6.246690437,,,
-2.666875,6.600885254,6.248283715,,,
-2.66625,6.609655442,6.248283715,,,
-2.665625,6.640749745,6.248283715,,,
-2.665,6.632776846,6.247487076,,,
-2.664375,6.664668439,6.249080354,,,
-2.66375,6.639155165,6.249876993,,,
-2.663125,6.671046758,6.251470271,,,
-2.6625,6.666263019,6.257843383,,,
-2.661875,6.651114512,6.257843383,,,
-2.66125,6.6598847,6.257046744,,,
-2.660625,6.66147928,6.254656827,,,
-2.66,6.656695541,6.253860188,,,
-2.659375,6.648722643,6.251470271,,,
-2.65875,6.647925353,6.250673632,,,
-2.658125,6.636763295,6.250673632,,,
-2.6575,6.624006658,6.251470271,,,
-2.656875,6.631182267,6.250673632,,,
-2.65625,6.631182267,6.250673632,,,
-2.655625,6.631979557,6.250673632,,,
-2.655,6.598493384,6.249876993,,,
-2.654375,6.619222919,6.241910602,,,
-2.65375,6.578561139,6.240317324,,,
-2.653125,6.57298011,6.241910602,,,
-2.6525,6.57298011,6.242707241,,,
-2.651875,6.579358429,6.245097159,,,
-2.65125,6.565007212,6.247487076,,,
-2.650625,6.576169269,6.249876993,,,
-2.65,6.561020763,6.251470271,,,
-2.649375,6.554642444,6.249080354,,,
-2.64875,6.57457469,6.249080354,,,
-2.648125,6.554642444,6.249876993,,,
-2.6475,6.52833188,6.250673632,,,
-2.646875,6.557831604,6.250673632,,,
-2.64625,6.524345431,6.256250105,,,
-2.645625,6.537899358,6.2602333,,,
-2.645,6.527534591,6.2602333,,,
-2.644375,6.5737774,6.257843383,,,
-2.64375,6.520358982,6.256250105,,,
-2.643125,6.549061416,6.253860188,,,
-2.6425,6.536304779,6.254656827,,,
-2.641875,6.542683097,6.25226691,,,
-2.64125,6.566601792,6.25226691,,,
-2.640625,6.489264679,6.253860188,,,
-2.64,6.546669546,6.251470271,,,
-2.639375,6.537899358,6.251470271,,,
-2.63875,6.547466836,6.251470271,,,
-2.638125,6.535507489,6.249876993,,,
-2.6375,6.513980664,6.241910602,,,
-2.636875,6.479697202,6.243503881,,,
-2.63625,6.501224027,6.241910602,,,
-2.635625,6.493251128,6.24430052,,,
-2.635,6.500426737,6.245893798,,,
-2.634375,6.542683097,6.245893798,,,
-2.63375,6.522750852,6.249080354,,,
-2.633125,6.490061969,6.249080354,,,
-2.6325,6.496440288,6.249876993,,,
-2.631875,6.502021316,6.248283715,,,
-2.63125,6.497237577,6.249876993,,,
-2.630625,6.521156272,6.249080354,,,
-2.63,6.533115619,6.248283715,,,
-2.629375,6.517169823,6.257046744,,,
-2.62875,6.532318329,6.256250105,,,
-2.628125,6.508399635,6.257046744,,,
-2.6275,6.502818606,6.256250105,,,
-2.626875,6.524345431,6.253063549,,,
-2.62625,6.499629447,6.25226691,,,
-2.625625,6.48846739,6.249876993,,,
-2.625,6.48846739,6.250673632,,,
-2.624375,6.474913463,6.249876993,,,
-2.62375,6.481291781,6.250673632,,,
-2.623125,6.490061969,6.249080354,,,
-2.6225,6.466940564,6.249876993,,,
-2.621875,6.481291781,6.249080354,,,
-2.62125,6.480494491,6.24430052,,,
-2.620625,6.48448094,6.240317324,,,
-2.62,6.472521593,6.238724046,,,
-2.619375,6.471724303,6.241113963,,,
-2.61875,6.450197478,6.243503881,,,
-2.618125,6.4876701,6.24430052,,,
-2.6175,6.471724303,6.245893798,,,
-2.616875,6.48607552,6.247487076,,,
-2.61625,6.475710752,6.247487076,,,
-2.615625,6.479697202,6.247487076,,,
-2.615,6.478899912,6.248283715,,,
-2.614375,6.429467943,6.249080354,,,
-2.61375,6.452589348,6.249876993,,,
-2.613125,6.468535144,6.251470271,,,
-2.6125,6.477305332,6.257046744,,,
-2.611875,6.474913463,6.257843383,,,
-2.61125,6.480494491,6.256250105,,,
-2.610625,6.477305332,6.255453466,,,
-2.61,6.461359536,6.25226691,,,
-2.609375,6.450994768,6.251470271,,,
-2.60875,6.458967666,6.250673632,,,
-2.608125,6.458170376,6.249876993,,,
-2.6075,6.450197478,6.250673632,,,
-2.606875,6.460562246,6.249080354,,,
-2.60625,6.459764956,6.250673632,,,
-2.605625,6.437440841,6.249080354,,,
-2.605,6.452589348,6.249080354,,,
-2.604375,6.435846262,6.241910602,,,
-2.60375,6.438238131,6.240317324,,,
-2.603125,6.427076074,6.241113963,,,
-2.6025,6.439832711,6.241910602,,,
-2.601875,6.44302187,6.245097159,,,
-2.60125,6.427076074,6.245097159,,,
-2.600625,6.418305886,6.246690437,,,
-2.6,6.430265233,6.246690437,,,
-2.599375,6.435048972,6.245893798,,,
-2.59875,6.426278784,6.246690437,,,
-2.598125,6.435846262,6.246690437,,,
-2.5975,6.431062523,6.247487076,,,
-2.596875,6.418305886,6.246690437,,,
-2.59625,6.436643551,6.253063549,,,
-2.595625,6.431859813,6.257843383,,,
-2.595,6.435846262,6.257046744,,,
-2.594375,6.427076074,6.256250105,,,
-2.59375,6.432657102,6.253860188,,,
-2.593125,6.420697755,6.25226691,,,
-2.5925,6.415914016,6.249876993,,,
-2.591875,6.420697755,6.249080354,,,
-2.59125,6.413522147,6.248283715,,,
-2.590625,6.419900465,6.249080354,,,
-2.59,6.389603452,6.249080354,,,
-2.589375,6.405549249,6.249876993,,,
-2.58875,6.408738408,6.249080354,,,
-2.588125,6.395981771,6.246690437,,,
-2.5875,6.40076551,6.240317324,,,
-2.586875,6.372860366,6.241113963,,,
-2.58625,6.372860366,6.241910602,,,
-2.585625,6.370468497,6.243503881,,,
-2.585,6.385617003,6.245097159,,,
-2.584375,6.373657656,6.247487076,,,
-2.58375,6.380035974,6.249080354,,,
-2.583125,6.360901019,6.248283715,,,
-2.5825,6.347347092,6.247487076,,,
-2.581875,6.363292888,6.248283715,,,
-2.58125,6.342563353,6.247487076,,,
-2.580625,6.332198585,6.248283715,,,
-2.58,6.323428397,6.249876993,,,
-2.579375,6.332995875,6.255453466,,,
-2.57875,6.31306363,6.257843383,,,
-2.578125,6.31226634,6.257843383,,,
-2.5775,6.275591008,6.257046744,,,
-2.576875,6.305090732,6.256250105,,,
-2.57625,6.241307546,6.253860188,,,
-2.575625,6.276388298,6.253860188,,,
-2.575,6.243699416,6.253063549,,,
-2.574375,6.287550356,6.25226691,,,
-2.57375,6.228550909,6.253063549,,,
-2.573125,6.238118387,6.25226691,,,
-2.5725,6.203834925,6.251470271,,,
-2.571875,6.246091285,6.251470271,,,
-2.57125,6.203037635,6.248283715,,,
-2.570625,6.239712967,6.24430052,,,
-2.57,6.187889129,6.243503881,,,
-2.569375,6.222969881,6.24430052,,,
-2.56875,6.196659317,6.245893798,,,
-2.568125,6.199848476,6.249080354,,,
-2.5675,6.22376717,6.249876993,,,
-2.566875,6.219780721,6.251470271,,,
-2.56625,6.200645766,6.250673632,,,
-2.565625,6.203834925,6.251470271,,,
-2.565,6.186294549,6.249876993,,,
-2.564375,6.22536175,6.25226691,,,
-2.56375,6.188686418,6.25226691,,,
-2.563125,6.188686418,6.253063549,,,
-2.5625,6.218983431,6.2602333,,,
-2.561875,6.240510257,6.2602333,,,
-2.56125,6.232537358,6.2602333,,,
-2.560625,6.208618664,6.257046744,,,
-2.56,6.231740069,6.255453466,,,
-2.559375,6.218983431,6.254656827,,,
-2.55875,6.230145489,6.253063549,,,
-2.558125,6.199051186,6.253063549,,,
-2.5575,6.222969881,6.253063549,,,
-2.556875,6.207821374,6.253063549,,,
-2.55625,6.238915677,6.25226691,,,
-2.555625,6.222172591,6.251470271,,,
-2.555,6.234131938,6.251470271,,,
-2.554375,6.221375301,6.245097159,,,
-2.55375,6.199848476,6.24430052,,,
-2.553125,6.210213243,6.243503881,,,
-2.5525,6.218186142,6.245893798,,,
-2.551875,6.221375301,6.246690437,,,
-2.55125,6.206226794,6.248283715,,,
-2.550625,6.222969881,6.250673632,,,
-2.55,6.231740069,6.250673632,,,
-2.549375,6.222172591,6.251470271,,,
-2.54875,6.222969881,6.250673632,,,
-2.548125,6.249280444,6.251470271,,,
-2.5475,6.237321097,6.251470271,,,
-2.546875,6.202240345,6.251470271,,,
-2.54625,6.248483155,6.255453466,,,
-2.545625,6.258847922,6.2602333,,,
-2.545,6.239712967,6.26102994,,,
-2.544375,6.214199693,6.258640022,,,
-2.54375,6.22456446,6.257843383,,,
-2.543125,6.222172591,6.255453466,,,
-2.5425,6.231740069,6.254656827,,,
-2.541875,6.228550909,6.25226691,,,
-2.54125,6.221375301,6.25226691,,,
-2.540625,6.265226241,6.253860188,,,
-2.54,6.222172591,6.253860188,,,
-2.539375,6.26761811,6.253860188,,,
-2.53875,6.242902126,6.25226691,,,
-2.538125,6.256456053,6.251470271,,,
-2.5375,6.214996982,6.243503881,,,
-2.536875,6.258050632,6.242707241,,,
-2.53625,6.245293995,6.24430052,,,
-2.535625,6.208618664,6.245893798,,,
-2.535,6.254861473,6.248283715,,,
-2.534375,6.230942779,6.249080354,,,
-2.53375,6.281969327,6.250673632,,,
-2.533125,6.228550909,6.250673632,,,
-2.5325,6.253266894,6.250673632,,,
-2.531875,6.250875024,6.253063549,,,
-2.53125,6.236523807,6.25226691,,,
-2.530625,6.242902126,6.25226691,,,
-2.53,6.261239792,6.251470271,,,
-2.529375,6.296320544,6.2602333,,,
-2.52875,6.242902126,6.261826579,,,
-2.528125,6.284361196,6.2602333,,,
-2.5275,6.277185588,6.259436661,,,
-2.526875,6.276388298,6.256250105,,,
-2.52625,6.214996982,6.253860188,,,
-2.525625,6.247685865,6.253063549,,,
-2.525,6.285955776,6.253063549,,,
-2.524375,6.247685865,6.253063549,,,
-2.52375,6.272401849,6.253063549,,,
-2.523125,6.262834371,6.25226691,,,
-2.5225,6.257253343,6.253063549,,,
-2.521875,6.258847922,6.253063549,,,
-2.52125,6.274793719,6.247487076,,,
-2.520625,6.262834371,6.242707241,,,
-2.52,6.212605113,6.243503881,,,
-2.519375,6.251672314,6.243503881,,,
-2.51875,6.244496706,6.245893798,,,
-2.518125,6.273199139,6.248283715,,,
-2.5175,6.236523807,6.250673632,,,
-2.516875,6.253266894,6.251470271,,,
-2.51625,6.282766617,6.249080354,,,
-2.515625,6.240510257,6.249876993,,,
-2.515,6.27000998,6.249876993,,,
-2.514375,6.250875024,6.250673632,,,
-2.51375,6.27000998,6.249876993,,,
-2.513125,6.250875024,6.253063549,,,
-2.5125,6.262834371,6.258640022,,,
-2.511875,6.300306993,6.259436661,,,
-2.51125,6.264428951,6.259436661,,,
-2.510625,6.258847922,6.257843383,,,
-2.51,6.249280444,6.254656827,,,
-2.509375,6.283563907,6.253063549,,,
-2.50875,6.258050632,6.253860188,,,
-2.508125,6.278780168,6.251470271,,,
-2.5075,6.286753066,6.25226691,,,
-2.506875,6.263631661,6.25226691,,,
-2.50625,6.250875024,6.250673632,,,
-2.505625,6.262834371,6.251470271,,,
-2.505,6.280374747,6.249876993,,,
-2.504375,6.243699416,6.24430052,,,
-2.50375,6.254064183,6.240317324,,,
-2.503125,6.26682082,6.243503881,,,
-2.5025,6.230942779,6.24430052,,,
-2.501875,6.275591008,6.245893798,,,
-2.50125,6.262037082,6.248283715,,,
-2.500625,6.258050632,6.249080354,,,
-2.5,6.26921269,6.251470271,,,
-2.499375,6.277185588,6.250673632,,,
-2.49875,6.257253343,6.251470271,,,
-2.498125,6.234929228,6.250673632,,,
-2.4975,6.284361196,6.250673632,,,
-2.496875,6.260442502,6.25226691,,,
-2.49625,6.236523807,6.256250105,,,
-2.495625,6.263631661,6.26102994,,,
-2.495,6.27080727,6.2602333,,,
-2.494375,6.284361196,6.259436661,,,
-2.49375,6.265226241,6.256250105,,,
-2.493125,6.276388298,6.253860188,,,
-2.4925,6.234131938,6.253860188,,,
-2.491875,6.272401849,6.25226691,,,
-2.49125,6.263631661,6.25226691,,,
-2.490625,6.275591008,6.25226691,,,
-2.49,6.278780168,6.25226691,,,
-2.489375,6.258847922,6.251470271,,,
-2.48875,6.26682082,6.251470271,,,
-2.488125,6.27080727,6.249080354,,,
-2.4875,6.240510257,6.242707241,,,
-2.486875,6.258050632,6.241910602,,,
-2.48625,6.257253343,6.241910602,,,
-2.485625,6.243699416,6.245097159,,,
-2.485,6.240510257,6.246690437,,,
-2.484375,6.256456053,6.248283715,,,
-2.48375,6.250875024,6.249080354,,,
-2.483125,6.254861473,6.249876993,,,
-2.4825,6.261239792,6.249876993,,,
-2.481875,6.246888575,6.249876993,,,
-2.48125,6.261239792,6.249876993,,,
-2.480625,6.258050632,6.249876993,,,
-2.48,6.259645212,6.250673632,,,
-2.479375,6.265226241,6.258640022,,,
-2.47875,6.258847922,6.259436661,,,
-2.478125,6.258847922,6.259436661,,,
-2.4775,6.2684154,6.258640022,,,
-2.476875,6.262834371,6.257843383,,,
-2.47625,6.261239792,6.254656827,,,
-2.475625,6.245293995,6.253063549,,,
-2.475,6.250077734,6.253063549,,,
-2.474375,6.258847922,6.251470271,,,
-2.47375,6.227753619,6.25226691,,,
-2.473125,6.258847922,6.251470271,,,
-2.4725,6.250077734,6.25226691,,,
-2.471875,6.248483155,6.251470271,,,
-2.47125,6.246888575,6.247487076,,,
-2.470625,6.241307546,6.242707241,,,
-2.47,6.208618664,6.243503881,,,
-2.469375,6.239712967,6.243503881,,,
-2.46875,6.22456446,6.245097159,,,
-2.468125,6.219780721,6.248283715,,,
-2.4675,6.186294549,6.249080354,,,
-2.466875,6.233334648,6.250673632,,,
-2.46625,6.200645766,6.251470271,,,
-2.465625,6.218186142,6.249876993,,,
-2.465,6.220578011,6.249876993,,,
-2.464375,6.171146042,6.249876993,,,
-2.46375,6.187889129,6.251470271,,,
-2.463125,6.207024084,6.25226691,,,
-2.4625,6.129686972,6.2602333,,,
-2.461875,6.13845716,6.261826579,,,
-2.46125,6.106565567,6.262623218,,,
-2.460625,6.104173698,6.261826579,,,
-2.46,6.056336309,6.2602333,,,
-2.459375,5.994944993,6.258640022,,,
-2.45875,6.015674528,6.257046744,,,
-2.458125,5.957472372,6.257843383,,,
-2.4575,5.955877792,6.258640022,,,
-2.456875,5.955080502,6.257843383,,,
-2.45625,5.951094053,6.258640022,,,
-2.455625,5.952688633,6.259436661,,,
-2.455,5.947904894,6.257046744,,,
-2.454375,5.939134706,6.249876993,,,
-2.45375,5.936742836,6.249080354,,,
-2.453125,5.934350967,6.249080354,,,
-2.4525,5.935945547,6.251470271,,,
-2.451875,5.936742836,6.253063549,,,
-2.45125,5.935148257,6.254656827,,,
-2.450625,5.937540126,6.255453466,,,
-2.45,5.935945547,6.255453466,,,
-2.449375,5.933553677,6.255453466,,,
-2.44875,5.934350967,6.256250105,,,
-2.448125,5.931161808,6.256250105,,,
-2.4475,5.931959097,6.257046744,,,
-2.446875,5.930364518,6.256250105,,,
-2.44625,5.932756387,6.2602333,,,
-2.445625,5.940729285,6.266606413,,,
-2.445,5.937540126,6.265809774,,,
-2.444375,5.937540126,6.265013135,,,
-2.44375,5.933553677,6.262623218,,,
-2.443125,5.927972648,6.2602333,,,
-2.4425,5.928769938,6.257843383,,,
-2.441875,5.924783489,6.257843383,,,
-2.44125,5.923986199,6.258640022,,,
-2.440625,5.923188909,6.257843383,,,
-2.44,5.92159433,6.257843383,,,
-2.439375,5.92079704,6.257843383,,,
-2.43875,5.91920246,6.257046744,,,
-2.438125,5.916810591,6.255453466,,,
-2.4375,5.908837693,6.248283715,,,
-2.436875,5.904851244,6.248283715,,,
-2.43625,5.904053954,6.249080354,,,
-2.435625,5.903256664,6.250673632,,,
-2.435,5.904053954,6.25226691,,,
-2.434375,5.908040403,6.254656827,,,
-2.43375,5.908040403,6.256250105,,,
-2.433125,5.906445823,6.255453466,,,
-2.4325,5.906445823,6.256250105,,,
-2.431875,5.904053954,6.256250105,,,
-2.43125,5.904851244,6.254656827,,,
-2.430625,5.903256664,6.255453466,,,
-2.43,5.902459374,6.254656827,,,
-2.429375,5.911229562,6.261826579,,,
-2.42875,5.910432272,6.265013135,,,
-2.428125,5.912824142,6.265809774,,,
-2.4275,5.910432272,6.265013135,,,
-2.426875,5.905648533,6.262623218,,,
-2.42625,5.905648533,6.2602333,,,
-2.425625,5.897675635,6.258640022,,,
-2.425,5.896878345,6.258640022,,,
-2.424375,5.897675635,6.257843383,,,
-2.42375,5.895283766,6.259436661,,,
-2.423125,5.896081056,6.258640022,,,
-2.4225,5.892891896,6.258640022,,,
-2.421875,5.892094607,6.258640022,,,
-2.42125,5.886513578,6.25226691,,,
-2.420625,5.87854068,6.249080354,,,
-2.42,5.87854068,6.249080354,,,
-2.419375,5.87774339,6.249080354,,,
-2.41875,5.87774339,6.251470271,,,
-2.418125,5.881729839,6.253063549,,,
-2.4175,5.880932549,6.255453466,,,
-2.416875,5.881729839,6.256250105,,,
-2.41625,5.882527129,6.256250105,,,
-2.415625,5.880135259,6.257046744,,,
-2.415,5.880135259,6.257843383,,,
-2.414375,5.87933797,6.257046744,,,
-2.41375,5.87854068,6.257046744,,,
-2.413125,5.881729839,6.257843383,,,
-2.4125,5.884918998,6.265809774,,,
-2.411875,5.888108158,6.267403052,,,
-2.41125,5.886513578,6.265013135,,,
-2.410625,5.882527129,6.264216496,,,
-2.41,5.882527129,6.26102994,,,
-2.409375,5.87774339,6.259436661,,,
-2.40875,5.87535152,6.258640022,,,
-2.408125,5.87774339,6.259436661,,,
-2.4075,5.874554231,6.259436661,,,
-2.406875,5.874554231,6.257843383,,,
-2.40625,5.872959651,6.258640022,,,
-2.405625,5.871365071,6.257843383,,,
-2.405,5.872162361,6.258640022,,,
-2.404375,5.862594883,6.251470271,,,
-2.40375,5.860203014,6.249876993,,,
-2.403125,5.858608434,6.248283715,,,
-2.4025,5.857811144,6.249080354,,,
-2.401875,5.863392173,6.25226691,,,
-2.40125,5.864986753,6.254656827,,,
-2.400625,5.862594883,6.255453466,,,
-2.4,5.865784043,6.256250105,,,
-2.399375,5.864189463,6.255453466,,,
-2.39875,5.864986753,6.256250105,,,
-2.398125,5.864189463,6.255453466,,,
-2.3975,5.861797594,6.255453466,,,
-2.396875,5.864189463,6.256250105,,,
-2.39625,5.865784043,6.259436661,,,
-2.395625,5.872959651,6.265809774,,,
-2.395,5.874554231,6.265809774,,,
-2.394375,5.869770492,6.264216496,,,
-2.39375,5.870567782,6.261826579,,,
-2.393125,5.866581332,6.2602333,,,
-2.3925,5.864189463,6.258640022,,,
-2.391875,5.863392173,6.257843383,,,
-2.39125,5.861797594,6.257843383,,,
-2.390625,5.862594883,6.257843383,,,
-2.39,5.862594883,6.257046744,,,
-2.389375,5.860203014,6.256250105,,,
-2.38875,5.861797594,6.256250105,,,
-2.388125,5.857811144,6.254656827,,,
-2.3875,5.852230116,6.248283715,,,
-2.386875,5.849838246,6.247487076,,,
-2.38625,5.848243667,6.248283715,,,
-2.385625,5.853027406,6.249876993,,,
-2.385,5.854621985,6.25226691,,,
-2.384375,5.853824695,6.253860188,,,
-2.38375,5.858608434,6.256250105,,,
-2.383125,5.857811144,6.256250105,,,
-2.3825,5.857013855,6.256250105,,,
-2.381875,5.858608434,6.255453466,,,
-2.38125,5.857013855,6.255453466,,,
-2.380625,5.859405724,6.257046744,,,
-2.38,5.857013855,6.256250105,,,
-2.379375,5.864189463,6.262623218,,,
-2.37875,5.868973202,6.265809774,,,
-2.378125,5.865784043,6.265809774,,,
-2.3775,5.868175912,6.264216496,,,
-2.376875,5.864189463,6.26102994,,,
-2.37625,5.861797594,6.261826579,,,
-2.375625,5.862594883,6.259436661,,,
-2.375,5.860203014,6.259436661,,,
-2.374375,5.859405724,6.258640022,,,
-2.37375,5.860203014,6.259436661,,,
-2.373125,5.858608434,6.259436661,,,
-2.3725,5.860203014,6.259436661,,,
-2.371875,5.859405724,6.259436661,,,
-2.37125,5.854621985,6.254656827,,,
-2.370625,5.849838246,6.249876993,,,
-2.37,5.846649087,6.249876993,,,
-2.369375,5.849040956,6.250673632,,,
-2.36875,5.850635536,6.25226691,,,
-2.368125,5.849040956,6.253860188,,,
-2.3675,5.856216565,6.256250105,,,
-2.366875,5.853824695,6.256250105,,,
-2.36625,5.853027406,6.256250105,,,
-2.365625,5.856216565,6.257046744,,,
-2.365,5.853027406,6.256250105,,,
-2.364375,5.854621985,6.256250105,,,
-2.36375,5.853824695,6.257046744,,,
-2.363125,5.853824695,6.257843383,,,
-2.3625,5.864189463,6.265809774,,,
-2.361875,5.864189463,6.265809774,,,
-2.36125,5.863392173,6.265809774,,,
-2.360625,5.863392173,6.265013135,,,
-2.36,5.858608434,6.262623218,,,
-2.359375,5.858608434,6.26102994,,,
-2.35875,5.856216565,6.259436661,,,
-2.358125,5.854621985,6.258640022,,,
-2.3575,5.857013855,6.258640022,,,
-2.356875,5.853027406,6.258640022,,,
-2.35625,5.854621985,6.258640022,,,
-2.355625,5.854621985,6.258640022,,,
-2.355,5.853027406,6.257843383,,,
-2.354375,5.848243667,6.251470271,,,
-2.35375,5.841865348,6.249080354,,,
-2.353125,5.841865348,6.248283715,,,
-2.3525,5.843459928,6.249876993,,,
-2.351875,5.844257218,6.253860188,,,
-2.35125,5.848243667,6.254656827,,,
-2.350625,5.849040956,6.256250105,,,
-2.35,5.847446377,6.257046744,,,
-2.349375,5.849838246,6.257046744,,,
-2.34875,5.848243667,6.256250105,,,
-2.348125,5.847446377,6.255453466,,,
-2.3475,5.848243667,6.256250105,,,
-2.346875,5.845054507,6.255453466,,,
-2.34625,5.852230116,6.2602333,,,
-2.345625,5.855419275,6.265013135,,,
-2.345,5.852230116,6.264216496,,,
-2.344375,5.857811144,6.264216496,,,
-2.34375,5.850635536,6.26102994,,,
-2.343125,5.845851797,6.257046744,,,
-2.3425,5.842662638,6.256250105,,,
-2.341875,5.842662638,6.256250105,,,
-2.34125,5.845054507,6.255453466,,,
-2.340625,5.838676189,6.254656827,,,
-2.34,5.838676189,6.253063549,,,
-2.339375,5.844257218,6.251470271,,,
-2.33875,5.837878899,6.25226691,,,
-2.338125,5.83468974,6.249080354,,,
-2.3375,5.827514131,6.24430052,,,
-2.336875,5.83389245,6.240317324,,,
-2.33625,5.829906001,6.243503881,,,
-2.335625,5.825919552,6.245097159,,,
-2.335,5.829108711,6.246690437,,,
-2.334375,5.840270769,6.247487076,,,
-2.33375,5.83229787,6.249080354,,,
-2.333125,5.830703291,6.249876993,,,
-2.3325,5.83468974,6.249080354,,,
-2.331875,5.841068058,6.249080354,,,
-2.33125,5.836284319,6.249080354,,,
-2.330625,5.829906001,6.249876993,,,
-2.33,5.836284319,6.249876993,,,
-2.329375,5.844257218,6.256250105,,,
-2.32875,5.840270769,6.258640022,,,
-2.328125,5.843459928,6.259436661,,,
-2.3275,5.845851797,6.258640022,,,
-2.326875,5.841865348,6.255453466,,,
-2.32625,5.836284319,6.253860188,,,
-2.325625,5.83309516,6.25226691,,,
-2.325,5.83548703,6.25226691,,,
-2.324375,5.841068058,6.250673632,,,
-2.32375,5.83309516,6.250673632,,,
-2.323125,5.83229787,6.251470271,,,
-2.3225,5.837878899,6.250673632,,,
-2.321875,5.838676189,6.250673632,,,
-2.32125,5.827514131,6.246690437,,,
-2.320625,5.819541233,6.241910602,,,
-2.32,5.83229787,6.240317324,,,
-2.319375,5.823527682,6.242707241,,,
-2.31875,5.820338523,6.243503881,,,
-2.318125,5.825919552,6.245893798,,,
-2.3175,5.83309516,6.245893798,,,
-2.316875,5.829906001,6.248283715,,,
-2.31625,5.829108711,6.248283715,,,
-2.315625,5.83389245,6.247487076,,,
-2.315,5.83389245,6.247487076,,,
-2.314375,5.829906001,6.247487076,,,
-2.31375,5.828311421,6.249080354,,,
-2.313125,5.841068058,6.249876993,,,
-2.3125,5.841865348,6.257046744,,,
-2.311875,5.841865348,6.257843383,,,
-2.31125,5.839473479,6.257046744,,,
-2.310625,5.840270769,6.255453466,,,
-2.31,5.842662638,6.253063549,,,
-2.309375,5.83548703,6.253063549,,,
-2.30875,5.83468974,6.249876993,,,
-2.308125,5.83309516,6.249876993,,,
-2.3075,5.83389245,6.249876993,,,
-2.306875,5.83468974,6.251470271,,,
-2.30625,5.83309516,6.249876993,,,
-2.305625,5.83548703,6.251470271,,,
-2.305,5.83548703,6.250673632,,,
-2.304375,5.823527682,6.243503881,,,
-2.30375,5.822730393,6.241113963,,,
-2.303125,5.825122262,6.240317324,,,
-2.3025,5.821135813,6.242707241,,,
-2.301875,5.823527682,6.245097159,,,
-2.30125,5.827514131,6.248283715,,,
-2.300625,5.827514131,6.249080354,,,
-2.3,5.83309516,6.249080354,,,
-2.299375,5.825919552,6.248283715,,,
-2.29875,5.829906001,6.249080354,,,
-2.298125,5.830703291,6.248283715,,,
-2.2975,5.83309516,6.248283715,,,
-2.296875,5.823527682,6.249876993,,,
-2.29625,5.83229787,6.253063549,,,
-2.295625,5.848243667,6.257843383,,,
-2.295,5.83468974,6.258640022,,,
-2.294375,5.83229787,6.257843383,,,
-2.29375,5.840270769,6.253860188,,,
-2.293125,5.836284319,6.253063549,,,
-2.2925,5.827514131,6.25226691,,,
-2.291875,5.826716842,6.251470271,,,
-2.29125,5.837081609,6.251470271,,,
-2.290625,5.829108711,6.250673632,,,
-2.29,5.821135813,6.25226691,,,
-2.289375,5.827514131,6.250673632,,,
-2.28875,5.831500581,6.250673632,,,
-2.288125,5.825919552,6.247487076,,,
-2.2875,5.817946654,6.241113963,,,
-2.286875,5.817149364,6.240317324,,,
-2.28625,5.823527682,6.241113963,,,
-2.285625,5.817946654,6.241113963,,,
-2.285,5.815554784,6.24430052,,,
-2.284375,5.827514131,6.245893798,,,
-2.28375,5.823527682,6.247487076,,,
-2.283125,5.825919552,6.248283715,,,
-2.2825,5.819541233,6.248283715,,,
-2.281875,5.825919552,6.247487076,,,
-2.28125,5.829108711,6.247487076,,,
-2.280625,5.821135813,6.249080354,,,
-2.28,5.823527682,6.250673632,,,
-2.279375,5.839473479,6.253860188,,,
-2.27875,5.840270769,6.258640022,,,
-2.278125,5.83309516,6.259436661,,,
-2.2775,5.83309516,6.258640022,,,
-2.276875,5.837878899,6.255453466,,,
-2.27625,5.829108711,6.253860188,,,
-2.275625,5.826716842,6.253860188,,,
-2.275,5.828311421,6.251470271,,,
-2.274375,5.836284319,6.251470271,,,
-2.27375,5.828311421,6.251470271,,,
-2.273125,5.825919552,6.253063549,,,
-2.2725,5.831500581,6.251470271,,,
-2.271875,5.83468974,6.25226691,,,
-2.27125,5.824324972,6.249080354,,,
-2.270625,5.817149364,6.243503881,,,
-2.27,5.823527682,6.24430052,,,
-2.269375,5.820338523,6.243503881,,,
-2.26875,5.822730393,6.245893798,,,
-2.268125,5.821933103,6.247487076,,,
-2.2675,5.83229787,6.248283715,,,
-2.266875,5.829108711,6.249876993,,,
-2.26625,5.826716842,6.251470271,,,
-2.265625,5.829108711,6.251470271,,,
-2.265,5.83389245,6.248283715,,,
-2.264375,5.83548703,6.251470271,,,
-2.26375,5.829108711,6.25226691,,,
-2.263125,5.83229787,6.25226691,,,
-2.2625,5.845054507,6.257046744,,,
-2.261875,5.840270769,6.26102994,,,
-2.26125,5.842662638,6.261826579,,,
-2.260625,5.841068058,6.257843383,,,
-2.26,5.845851797,6.254656827,,,
-2.259375,5.83548703,6.254656827,,,
-2.25875,5.83229787,6.254656827,,,
-2.258125,5.839473479,6.25226691,,,
-2.2575,5.837878899,6.25226691,,,
-2.256875,5.83468974,6.254656827,,,
-2.25625,5.83389245,6.254656827,,,
-2.255625,5.844257218,6.25226691,,,
-2.255,5.837081609,6.25226691,,,
-2.254375,5.829108711,6.249080354,,,
-2.25375,5.825919552,6.243503881,,,
-2.253125,5.83548703,6.241113963,,,
-2.2525,5.827514131,6.245097159,,,
-2.251875,5.830703291,6.248283715,,,
-2.25125,5.836284319,6.249080354,,,
-2.250625,5.847446377,6.248283715,,,
-2.25,5.837878899,6.25226691,,,
-2.249375,5.83548703,6.25226691,,,
-2.24875,5.844257218,6.250673632,,,
-2.248125,5.843459928,6.251470271,,,
-2.2475,5.840270769,6.251470271,,,
-2.246875,5.839473479,6.25226691,,,
-2.24625,5.850635536,6.25226691,,,
-2.245625,5.855419275,6.259436661,,,
-2.245,5.851432826,6.261826579,,,
-2.244375,5.853824695,6.26102994,,,
-2.24375,5.857811144,6.257046744,,,
-2.243125,5.851432826,6.255453466,,,
-2.2425,5.847446377,6.255453466,,,
-2.241875,5.845054507,6.253860188,,,
-2.24125,5.856216565,6.251470271,,,
-2.240625,5.849040956,6.253860188,,,
-2.24,5.848243667,6.254656827,,,
-2.239375,5.854621985,6.253063549,,,
-2.23875,5.854621985,6.251470271,,,
-2.238125,5.849040956,6.251470271,,,
-2.2375,5.837878899,6.245097159,,,
-2.236875,5.851432826,6.240317324,,,
-2.23625,5.845851797,6.241910602,,,
-2.235625,5.841068058,6.245893798,,,
-2.235,5.845851797,6.249080354,,,
-2.234375,5.853027406,6.246690437,,,
-2.23375,5.852230116,6.251470271,,,
-2.233125,5.850635536,6.253063549,,,
-2.2325,5.853027406,6.253063549,,,
-2.231875,5.862594883,6.247487076,,,
-2.23125,5.853027406,6.25226691,,,
-2.230625,5.853824695,6.25226691,,,
-2.23,5.858608434,6.251470271,,,
-2.229375,5.865784043,6.256250105,,,
-2.22875,5.864986753,6.261826579,,,
-2.228125,5.868973202,6.261826579,,,
-2.2275,5.873756941,6.257843383,,,
-2.226875,5.870567782,6.256250105,,,
-2.22625,5.866581332,6.256250105,,,
-2.225625,5.862594883,6.256250105,,,
-2.225,5.872162361,6.250673632,,,
-2.224375,5.864189463,6.253063549,,,
-2.22375,5.864986753,6.254656827,,,
-2.223125,5.867378622,6.254656827,,,
-2.2225,5.874554231,6.249876993,,,
-2.221875,5.868175912,6.253860188,,,
-2.22125,5.861000304,6.249876993,,,
-2.220625,5.861000304,6.241910602,,,
-2.22,5.859405724,6.241113963,,,
-2.219375,5.857013855,6.245097159,,,
-2.21875,5.863392173,6.249080354,,,
-2.218125,5.870567782,6.246690437,,,
-2.2175,5.87535152,6.249876993,,,
-2.216875,5.867378622,6.25226691,,,
-2.21625,5.872162361,6.253063549,,,
-2.215625,5.87614881,6.249080354,,,
-2.215,5.871365071,6.251470271,,,
-2.214375,5.873756941,6.25226691,,,
-2.21375,5.873756941,6.251470271,,,
-2.213125,5.888108158,6.251470271,,,
-2.2125,5.884918998,6.261826579,,,
-2.211875,5.891297317,6.263419857,,,
-2.21125,5.892094607,6.258640022,,,
-2.210625,5.890500027,6.257843383,,,
-2.21,5.885716288,6.257843383,,,
-2.209375,5.884121708,6.256250105,,,
-2.20875,5.890500027,6.251470271,,,
-2.208125,5.884121708,6.253063549,,,
-2.2075,5.886513578,6.253860188,,,
-2.206875,5.887310868,6.254656827,,,
-2.20625,5.892094607,6.25226691,,,
-2.205625,5.884918998,6.253860188,,,
-2.205,5.885716288,6.253860188,,,
-2.204375,5.882527129,6.247487076,,,
-2.20375,5.882527129,6.241113963,,,
-2.203125,5.87854068,6.24430052,,,
-2.2025,5.87933797,6.245097159,,,
-2.201875,5.887310868,6.245097159,,,
-2.20125,5.886513578,6.248283715,,,
-2.200625,5.889702737,6.251470271,,,
-2.2,5.893689186,6.25226691,,,
-2.199375,5.897675635,6.248283715,,,
-2.19875,5.896081056,6.251470271,,,
-2.198125,5.892891896,6.25226691,,,
-2.1975,5.899270215,6.25226691,,,
-2.196875,5.899270215,6.248283715,,,
-2.19625,5.897675635,6.253860188,,,
-2.195625,5.909634983,6.261826579,,,
-2.195,5.912824142,6.2602333,,,
-2.194375,5.913621432,6.258640022,,,
-2.19375,5.907243113,6.258640022,,,
-2.193125,5.908837693,6.257046744,,,
-2.1925,5.906445823,6.253063549,,,
-2.191875,5.906445823,6.253860188,,,
-2.19125,5.906445823,6.255453466,,,
-2.190625,5.908040403,6.254656827,,,
-2.19,5.91999975,6.25226691,,,
-2.189375,5.908040403,6.254656827,,,
-2.18875,5.912026852,6.256250105,,,
-2.188125,5.910432272,6.25226691,,,
-2.1875,5.902459374,6.245097159,,,
-2.186875,5.899270215,6.245097159,,,
-2.18625,5.904053954,6.245893798,,,
-2.185625,5.907243113,6.243503881,,,
-2.185,5.909634983,6.248283715,,,
-2.184375,5.911229562,6.251470271,,,
-2.18375,5.913621432,6.25226691,,,
-2.183125,5.923986199,6.249876993,,,
-2.1825,5.913621432,6.25226691,,,
-2.181875,5.91920246,6.253063549,,,
-2.18125,5.91920246,6.25226691,,,
-2.180625,5.923188909,6.249876993,,,
-2.18,5.918405171,6.25226691,,,
-2.179375,5.927175359,6.258640022,,,
-2.17875,5.933553677,6.2602333,,,
-2.178125,5.931959097,6.2602333,,,
-2.1775,5.933553677,6.261826579,,,
-2.176875,5.930364518,6.258640022,,,
-2.17625,5.936742836,6.253063549,,,
-2.175625,5.928769938,6.253860188,,,
-2.175,5.928769938,6.253860188,,,
-2.174375,5.930364518,6.253063549,,,
-2.17375,5.930364518,6.25226691,,,
-2.173125,5.931161808,6.254656827,,,
-2.1725,5.933553677,6.255453466,,,
-2.171875,5.939931996,6.25226691,,,
-2.17125,5.933553677,6.249876993,,,
-2.170625,5.926378069,6.245893798,,,
-2.17,5.924783489,6.246690437,,,
-2.169375,5.932756387,6.243503881,,,
-2.16875,5.925580779,6.246690437,,,
-2.168125,5.935148257,6.250673632,,,
-2.1675,5.935148257,6.250673632,,,
-2.166875,5.941526575,6.249876993,,,
-2.16625,5.939134706,6.253063549,,,
-2.165625,5.939931996,6.25226691,,,
-2.165,5.943918445,6.251470271,,,
-2.164375,5.939931996,6.250673632,,,
-2.16375,5.943918445,6.25226691,,,
-2.163125,5.943918445,6.253860188,,,
-2.1625,5.959066951,6.257843383,,,
-2.161875,5.955877792,6.261826579,,,
-2.16125,5.958269661,6.261826579,,,
-2.160625,5.959066951,6.259436661,,,
-2.16,5.957472372,6.255453466,,,
-2.159375,5.953485922,6.255453466,,,
-2.15875,5.954283212,6.256250105,,,
-2.158125,5.956675082,6.253063549,,,
-2.1575,5.955080502,6.253860188,,,
-2.156875,5.957472372,6.255453466,,,
-2.15625,5.955877792,6.254656827,,,
-2.155625,5.959864241,6.25226691,,,
-2.155,5.955080502,6.253860188,,,
-2.154375,5.952688633,6.248283715,,,
-2.15375,5.950296763,6.24430052,,,
-2.153125,5.951891343,6.241910602,,,
-2.1525,5.950296763,6.246690437,,,
-2.151875,5.951891343,6.248283715,,,
-2.15125,5.955080502,6.248283715,,,
-2.150625,5.957472372,6.249080354,,,
-2.15,5.960661531,6.25226691,,,
-2.149375,5.961458821,6.253063549,,,
-2.14875,5.968634429,6.248283715,,,
-2.148125,5.9630534,6.251470271,,,
-2.1475,5.96464798,6.251470271,,,
-2.146875,5.96464798,6.250673632,,,
-2.14625,5.971026298,6.253063549,,,
-2.145625,5.976607327,6.26102994,,,
-2.145,5.981391066,6.261826579,,,
-2.144375,5.982985646,6.258640022,,,
-2.14375,5.980593776,6.257843383,,,
-2.143125,5.978999197,6.257843383,,,
-2.1425,5.977404617,6.255453466,,,
-2.141875,5.977404617,6.253860188,,,
-2.14125,5.976607327,6.254656827,,,
-2.140625,5.976607327,6.254656827,,,
-2.14,5.980593776,6.253063549,,,
-2.139375,5.978201907,6.251470271,,,
-2.13875,5.978201907,6.253860188,,,
-2.138125,5.980593776,6.253860188,,,
-2.1375,5.972620878,6.243503881,,,
-2.136875,5.971026298,6.24430052,,,
-2.13625,5.969431719,6.245893798,,,
-2.135625,5.975012748,6.246690437,,,
-2.135,5.981391066,6.246690437,,,
-2.134375,5.981391066,6.250673632,,,
-2.13375,5.982985646,6.253063549,,,
-2.133125,5.986174805,6.250673632,,,
-2.1325,5.984580225,6.250673632,,,
-2.131875,5.986972095,6.25226691,,,
-2.13125,5.986174805,6.25226691,,,
-2.130625,5.994944993,6.249080354,,,
-2.13,5.986972095,6.251470271,,,
-2.129375,5.994944993,6.257843383,,,
-2.12875,6.002120601,6.2602333,,,
-2.128125,6.005309761,6.258640022,,,
-2.1275,6.002917891,6.2602333,,,
-2.126875,6.000526022,6.259436661,,,
-2.12625,6.005309761,6.253860188,,,
-2.125625,5.998134152,6.25226691,,,
-2.125,5.998931442,6.254656827,,,
-2.124375,5.998134152,6.253860188,,,
-2.12375,6.002120601,6.253063549,,,
-2.123125,5.999728732,6.253860188,,,
-2.1225,6.002120601,6.254656827,,,
-2.121875,6.005309761,6.253860188,,,
-2.12125,6.005309761,6.249080354,,,
-2.120625,5.994147703,6.245097159,,,
-2.12,5.996539573,6.245097159,,,
-2.119375,5.999728732,6.24430052,,,
-2.11875,6.001323311,6.248283715,,,
-2.118125,6.002917891,6.250673632,,,
-2.1175,6.00770163,6.25226691,,,
-2.116875,6.010093499,6.251470271,,,
-2.11625,6.00849892,6.253063549,,,
-2.115625,6.010890789,6.253063549,,,
-2.115,6.010093499,6.251470271,,,
-2.114375,6.014079949,6.251470271,,,
-2.11375,6.010093499,6.253063549,,,
-2.113125,6.015674528,6.253063549,,,
-2.1125,6.023647426,6.258640022,,,
-2.111875,6.028431165,6.262623218,,,
-2.11125,6.025242006,6.262623218,,,
-2.110625,6.026836586,6.2602333,,,
-2.11,6.022850137,6.259436661,,,
-2.109375,6.022052847,6.257046744,,,
-2.10875,6.019660977,6.257046744,,,
-2.108125,6.023647426,6.251470271,,,
-2.1075,6.019660977,6.253063549,,,
-2.106875,6.023647426,6.253860188,,,
-2.10625,6.023647426,6.253063549,,,
-2.105625,6.026039296,6.25226691,,,
-2.105,6.023647426,6.253063549,,,
-2.104375,6.020458267,6.248283715,,,
-2.10375,6.018863687,6.241910602,,,
-2.103125,6.015674528,6.24430052,,,
-2.1025,6.017269108,6.245893798,,,
-2.101875,6.018863687,6.248283715,,,
-2.10125,6.027633875,6.249080354,,,
-2.100625,6.024444716,6.250673632,,,
-2.1,6.028431165,6.25226691,,,
-2.099375,6.028431165,6.250673632,,,
-2.09875,6.030025745,6.249080354,,,
-2.098125,6.026039296,6.251470271,,,
-2.0975,6.027633875,6.25226691,,,
-2.096875,6.031620325,6.250673632,,,
-2.09625,6.032417614,6.254656827,,,
-2.095625,6.041187802,6.263419857,,,
-2.095,6.043579672,6.2602333,,,
-2.094375,6.0491607,6.257843383,,,
-2.09375,6.044376962,6.258640022,,,
-2.093125,6.038795933,6.257843383,,,
-2.0925,6.045971541,6.253063549,,,
-2.091875,6.039593223,6.253063549,,,
-2.09125,6.040390513,6.253860188,,,
-2.090625,6.038795933,6.254656827,,,
-2.09,6.0491607,6.25226691,,,
-2.089375,6.041187802,6.253860188,,,
-2.08875,6.043579672,6.256250105,,,
-2.088125,6.041985092,6.253063549,,,
-2.0875,6.037998643,6.245097159,,,
-2.086875,6.032417614,6.245097159,,,
-2.08625,6.032417614,6.245893798,,,
-2.085625,6.041187802,6.24430052,,,
-2.085,6.039593223,6.247487076,,,
-2.084375,6.040390513,6.250673632,,,
-2.08375,6.045971541,6.251470271,,,
-2.083125,6.05234986,6.250673632,,,
-2.0825,6.045971541,6.25226691,,,
-2.081875,6.045174251,6.25226691,,,
-2.08125,6.0491607,6.249876993,,,
-2.080625,6.05155257,6.250673632,,,
-2.08,6.047566121,6.25226691,,,
-2.079375,6.058728178,6.257046744,,,
-2.07875,6.062714627,6.258640022,,,
-2.078125,6.063511917,6.26102994,,,
-2.0775,6.061120048,6.26102994,,,
-2.076875,6.072282105,6.256250105,,,
-2.07625,6.065106497,6.253063549,,,
-2.075625,6.061120048,6.254656827,,,
-2.075,6.055539019,6.253063549,,,
-2.074375,6.067498366,6.25226691,,,
-2.07375,6.060322758,6.253063549,,,
-2.073125,6.063511917,6.254656827,,,
-2.0725,6.066701076,6.253063549,,,
-2.071875,6.068295656,6.251470271,,,
-2.07125,6.059525468,6.251470271,,,
-2.070625,6.053944439,6.245097159,,,
-2.07,6.060322758,6.243503881,,,
-2.069375,6.055539019,6.24430052,,,
-2.06875,6.053944439,6.247487076,,,
-2.068125,6.059525468,6.247487076,,,
-2.0675,6.075471264,6.247487076,,,
-2.066875,6.065903787,6.250673632,,,
-2.06625,6.061120048,6.250673632,,,
-2.065625,6.075471264,6.249080354,,,
-2.065,6.068295656,6.249080354,,,
-2.064375,6.065106497,6.251470271,,,
-2.06375,6.064309207,6.249876993,,,
-2.063125,6.088227902,6.248283715,,,
-2.0625,6.075471264,6.256250105,,,
-2.061875,6.078660424,6.2602333,,,
-2.06125,6.083444163,6.258640022,,,
-2.060625,6.089822481,6.257046744,,,
-2.06,6.077065844,6.254656827,,,
-2.059375,6.074673975,6.253063549,,,
-2.05875,6.085038742,6.25226691,,,
-2.058125,6.078660424,6.251470271,,,
-2.0575,6.075471264,6.25226691,,,
-2.056875,6.076268554,6.251470271,,,
-2.05625,6.089822481,6.249876993,,,
-2.055625,6.077065844,6.250673632,,,
-2.055,6.077065844,6.25226691,,,
-2.054375,6.076268554,6.245893798,,,
-2.05375,6.080255003,6.241113963,,,
-2.053125,6.067498366,6.241910602,,,
-2.0525,6.070687526,6.243503881,,,
-2.051875,6.080255003,6.24430052,,,
-2.05125,6.078660424,6.245893798,,,
-2.050625,6.076268554,6.249080354,,,
-2.05,6.084241452,6.249080354,,,
-2.049375,6.089025191,6.248283715,,,
-2.04875,6.084241452,6.248283715,,,
-2.048125,6.079457714,6.249080354,,,
-2.0475,6.090619771,6.247487076,,,
-2.046875,6.087430612,6.248283715,,,
-2.04625,6.088227902,6.250673632,,,
-2.045625,6.09540351,6.256250105,,,
-2.045,6.108160147,6.256250105,,,
-2.044375,6.097795379,6.255453466,,,
-2.04375,6.09540351,6.256250105,,,
-2.043125,6.103376408,6.253063549,,,
-2.0425,6.101781828,6.251470271,,,
-2.041875,6.089822481,6.251470271,,,
-2.04125,6.09540351,6.251470271,,,
-2.040625,6.101781828,6.249876993,,,
-2.04,6.100187249,6.249876993,,,
-2.039375,6.09380893,6.249876993,,,
-2.03875,6.100984539,6.249080354,,,
-2.038125,6.099389959,6.249876993,,,
-2.0375,6.085038742,6.243503881,,,
-2.036875,6.083444163,6.242707241,,,
-2.03625,6.09460622,6.241113963,,,
-2.035625,6.089822481,6.24430052,,,
-2.035,6.086633322,6.245097159,,,
-2.034375,6.096998089,6.247487076,,,
-2.03375,6.099389959,6.247487076,,,
-2.033125,6.096998089,6.248283715,,,
-2.0325,6.09380893,6.248283715,,,
-2.031875,6.100187249,6.246690437,,,
-2.03125,6.099389959,6.247487076,,,
-2.030625,6.09301164,6.248283715,,,
-2.03,6.098592669,6.249080354,,,
-2.029375,6.108957437,6.25226691,,,
-2.02875,6.108957437,6.257843383,,,
-2.028125,6.108160147,6.257046744,,,
-2.0275,6.115335755,6.256250105,,,
-2.026875,6.114538465,6.253063549,,,
-2.02625,6.105768277,6.253063549,,,
-2.025625,6.104970988,6.251470271,,,
-2.025,6.107362857,6.249876993,,,
-2.024375,6.104970988,6.250673632,,,
-2.02375,6.100187249,6.251470271,,,
-2.023125,6.109754727,6.249876993,,,
-2.0225,6.109754727,6.249876993,,,
-2.021875,6.103376408,6.251470271,,,
-2.02125,6.097795379,6.247487076,,,
-2.020625,6.098592669,6.241113963,,,
-2.02,6.09460622,6.240317324,,,
-2.019375,6.091417061,6.241910602,,,
-2.01875,6.096998089,6.24430052,,,
-2.018125,6.101781828,6.245097159,,,
-2.0175,6.098592669,6.247487076,,,
-2.016875,6.099389959,6.248283715,,,
-2.01625,6.105768277,6.247487076,,,
-2.015625,6.104173698,6.245893798,,,
-2.015,6.097795379,6.247487076,,,
-2.014375,6.103376408,6.247487076,,,
-2.01375,6.112146596,6.245893798,,,
-2.013125,6.105768277,6.247487076,,,
-2.0125,6.108160147,6.254656827,,,
-2.011875,6.122511364,6.256250105,,,
-2.01125,6.116133045,6.255453466,,,
-2.010625,6.114538465,6.256250105,,,
-2.01,6.110552016,6.253860188,,,
-2.009375,6.124105943,6.251470271,,,
-2.00875,6.110552016,6.250673632,,,
-2.008125,6.108957437,6.25226691,,,
-2.0075,6.109754727,6.250673632,,,
-2.006875,6.116930335,6.249876993,,,
-2.00625,6.110552016,6.251470271,,,
-2.005625,6.108957437,6.25226691,,,
-2.005,6.115335755,6.249876993,,,
-2.004375,6.108160147,6.24430052,,,
-2.00375,6.0962008,6.241910602,,,
-2.003125,6.101781828,6.240317324,,,
-2.0025,6.105768277,6.241113963,,,
-2.001875,6.101781828,6.24430052,,,
-2.00125,6.100984539,6.246690437,,,
-2.000625,6.113741176,6.247487076,,,
-2,6.109754727,6.248283715,,,
-1.999375,6.109754727,6.249080354,,,
-1.99875,6.111349306,6.248283715,,,
-1.998125,6.113741176,6.248283715,,,
-1.9975,6.108160147,6.247487076,,,
-1.996875,6.108160147,6.249080354,,,
-1.99625,6.116930335,6.249876993,,,
-1.995625,6.124105943,6.256250105,,,
-1.995,6.120119494,6.257843383,,,
-1.994375,6.122511364,6.257046744,,,
-1.99375,6.125700523,6.255453466,,,
-1.993125,6.118524915,6.253063549,,,
-1.9925,6.115335755,6.25226691,,,
-1.991875,6.118524915,6.249876993,,,
-1.99125,6.118524915,6.250673632,,,
-1.990625,6.113741176,6.251470271,,,
-1.99,6.113741176,6.251470271,,,
-1.989375,6.120916784,6.250673632,,,
-1.98875,6.116930335,6.250673632,,,
-1.988125,6.113741176,6.250673632,,,
-1.9875,6.108160147,6.243503881,,,
-1.986875,6.110552016,6.241113963,,,
-1.98625,6.104173698,6.241113963,,,
-1.985625,6.101781828,6.243503881,,,
-1.985,6.114538465,6.24430052,,,
-1.984375,6.112943886,6.247487076,,,
-1.98375,6.112146596,6.249080354,,,
-1.983125,6.111349306,6.249080354,,,
-1.9825,6.120916784,6.247487076,,,
-1.981875,6.114538465,6.249876993,,,
-1.98125,6.114538465,6.251470271,,,
-1.980625,6.116930335,6.249080354,,,
-1.98,6.119322204,6.249876993,,,
-1.979375,6.120916784,6.254656827,,,
-1.97875,6.126497813,6.2602333,,,
-1.978125,6.132876131,6.258640022,,,
-1.9775,6.127295103,6.258640022,,,
-1.976875,6.123308653,6.257843383,,,
-1.97625,6.125700523,6.253860188,,,
-1.975625,6.123308653,6.25226691,,,
-1.975,6.121714074,6.253063549,,,
-1.974375,6.117727625,6.253063549,,,
-1.97375,6.126497813,6.25226691,,,
-1.973125,6.120119494,6.25226691,,,
-1.9725,6.120916784,6.253063549,,,
-1.971875,6.120916784,6.25226691,,,
-1.97125,6.122511364,6.249080354,,,
-1.970625,6.104970988,6.242707241,,,
-1.97,6.108957437,6.243503881,,,
-1.969375,6.111349306,6.242707241,,,
-1.96875,6.114538465,6.24430052,,,
-1.968125,6.110552016,6.247487076,,,
-1.9675,6.118524915,6.249080354,,,
-1.966875,6.120916784,6.248283715,,,
-1.96625,6.117727625,6.249080354,,,
-1.965625,6.115335755,6.250673632,,,
-1.965,6.122511364,6.249876993,,,
-1.964375,6.121714074,6.249876993,,,
-1.96375,6.118524915,6.249876993,,,
-1.963125,6.117727625,6.250673632,,,
-1.9625,6.132876131,6.257843383,,,
-1.961875,6.129686972,6.2602333,,,
-1.96125,6.128889682,6.26102994,,,
-1.960625,6.132078841,6.2602333,,,
-1.96,6.132078841,6.257843383,,,
-1.959375,6.123308653,6.254656827,,,
-1.95875,6.120916784,6.253860188,,,
-1.958125,6.127295103,6.251470271,,,
-1.9575,6.124105943,6.253860188,,,
-1.956875,6.120916784,6.253063549,,,
-1.95625,6.120916784,6.253063549,,,
-1.955625,6.127295103,6.25226691,,,
-1.955,6.120119494,6.25226691,,,
-1.954375,6.114538465,6.249080354,,,
-1.95375,6.113741176,6.241910602,,,
-1.953125,6.111349306,6.24430052,,,
-1.9525,6.111349306,6.245097159,,,
-1.951875,6.112943886,6.247487076,,,
-1.95125,6.120916784,6.246690437,,,
-1.950625,6.116930335,6.249876993,,,
-1.95,6.117727625,6.253063549,,,
-1.949375,6.120119494,6.250673632,,,
-1.94875,6.119322204,6.250673632,,,
-1.948125,6.122511364,6.25226691,,,
-1.9475,6.116930335,6.25226691,,,
-1.946875,6.125700523,6.250673632,,,
-1.94625,6.120119494,6.253063549,,,
-1.945625,6.132078841,6.261826579,,,
-1.945,6.129686972,6.26102994,,,
-1.944375,6.135268001,6.259436661,,,
-1.94375,6.123308653,6.257046744,,,
-1.943125,6.128889682,6.257046744,,,
-1.9425,6.128092392,6.255453466,,,
-1.941875,6.128092392,6.254656827,,,
-1.94125,6.122511364,6.253860188,,,
-1.940625,6.127295103,6.253860188,,,
-1.94,6.129686972,6.253063549,,,
-1.939375,6.126497813,6.253860188,,,
-1.93875,6.123308653,6.254656827,,,
-1.938125,6.129686972,6.253860188,,,
-1.9375,6.122511364,6.246690437,,,
-1.936875,6.113741176,6.24430052,,,
-1.93625,6.112146596,6.24430052,,,
-1.935625,6.119322204,6.246690437,,,
-1.935,6.118524915,6.247487076,,,
-1.934375,6.117727625,6.249876993,,,
-1.93375,6.123308653,6.250673632,,,
-1.933125,6.126497813,6.253063549,,,
-1.9325,6.125700523,6.25226691,,,
-1.931875,6.121714074,6.253063549,,,
-1.93125,6.126497813,6.253063549,,,
-1.930625,6.128092392,6.253860188,,,
-1.93,6.124903233,6.253063549,,,
-1.929375,6.126497813,6.256250105,,,
-1.92875,6.14005174,6.262623218,,,
-1.928125,6.135268001,6.262623218,,,
-1.9275,6.135268001,6.26102994,,,
-1.926875,6.132876131,6.257046744,,,
-1.92625,6.133673421,6.257843383,,,
-1.925625,6.130484262,6.256250105,,,
-1.925,6.127295103,6.254656827,,,
-1.924375,6.128889682,6.254656827,,,
-1.92375,6.132876131,6.257046744,,,
-1.923125,6.128092392,6.256250105,,,
-1.9225,6.128889682,6.254656827,,,
-1.921875,6.126497813,6.254656827,,,
-1.92125,6.128889682,6.253860188,,,
-1.920625,6.116133045,6.245893798,,,
-1.92,6.120119494,6.245097159,,,
-1.919375,6.117727625,6.246690437,,,
-1.91875,6.122511364,6.248283715,,,
-1.918125,6.119322204,6.249876993,,,
-1.9175,6.125700523,6.251470271,,,
-1.916875,6.125700523,6.253063549,,,
-1.91625,6.127295103,6.253860188,,,
-1.915625,6.128092392,6.253860188,,,
-1.915,6.125700523,6.253063549,,,
-1.914375,6.125700523,6.253860188,,,
-1.91375,6.127295103,6.253860188,,,
-1.913125,6.127295103,6.253860188,,,
-1.9125,6.132876131,6.2602333,,,
-1.911875,6.14005174,6.263419857,,,
-1.91125,6.13925445,6.264216496,,,
-1.910625,6.13925445,6.261826579,,,
-1.91,6.132078841,6.259436661,,,
-1.909375,6.134470711,6.258640022,,,
-1.90875,6.131281552,6.256250105,,,
-1.908125,6.130484262,6.256250105,,,
-1.9075,6.126497813,6.256250105,,,
-1.906875,6.135268001,6.258640022,,,
-1.90625,6.132078841,6.257843383,,,
-1.905625,6.132876131,6.257046744,,,
-1.905,6.129686972,6.256250105,,,
-1.904375,6.128092392,6.251470271,,,
-1.90375,6.120916784,6.245893798,,,
-1.903125,6.118524915,6.245893798,,,
-1.9025,6.118524915,6.246690437,,,
-1.901875,6.125700523,6.249876993,,,
-1.90125,6.124903233,6.251470271,,,
-1.900625,6.126497813,6.253063549,,,
-1.9,6.129686972,6.254656827,,,
-1.899375,6.128092392,6.254656827,,,
-1.89875,6.127295103,6.253860188,,,
-1.898125,6.126497813,6.253063549,,,
-1.8975,6.130484262,6.254656827,,,
-1.896875,6.128889682,6.253860188,,,
-1.89625,6.132876131,6.256250105,,,
-1.895625,6.13845716,6.262623218,,,
-1.895,6.14005174,6.264216496,,,
-1.894375,6.13765987,6.264216496,,,
-1.89375,6.13845716,6.262623218,,,
-1.893125,6.133673421,6.26102994,,,
-1.8925,6.135268001,6.258640022,,,
-1.891875,6.129686972,6.257046744,,,
-1.89125,6.132078841,6.257046744,,,
-1.890625,6.129686972,6.257046744,,,
-1.89,6.131281552,6.257843383,,,
-1.889375,6.128889682,6.257046744,,,
-1.88875,6.131281552,6.258640022,,,
-1.888125,6.131281552,6.257046744,,,
-1.8875,6.122511364,6.249876993,,,
-1.886875,6.120119494,6.248283715,,,
-1.88625,6.116930335,6.248283715,,,
-1.885625,6.118524915,6.249876993,,,
-1.885,6.122511364,6.25226691,,,
-1.884375,6.124105943,6.253860188,,,
-1.88375,6.125700523,6.255453466,,,
-1.883125,6.127295103,6.255453466,,,
-1.8825,6.124105943,6.254656827,,,
-1.881875,6.127295103,6.255453466,,,
-1.88125,6.125700523,6.256250105,,,
-1.880625,6.128092392,6.256250105,,,
-1.88,6.124105943,6.256250105,,,
-1.879375,6.131281552,6.259436661,,,
-1.87875,6.133673421,6.263419857,,,
-1.878125,6.13686258,6.264216496,,,
-1.8775,6.133673421,6.262623218,,,
-1.876875,6.132876131,6.26102994,,,
-1.87625,6.129686972,6.259436661,,,
-1.875625,6.129686972,6.258640022,,,
-1.875,6.127295103,6.257046744,,,
-1.874375,6.126497813,6.257046744,,,
-1.87375,6.128092392,6.257843383,,,
-1.873125,6.125700523,6.257046744,,,
-1.8725,6.127295103,6.257843383,,,
-1.871875,6.124105943,6.257046744,,,
-1.87125,6.124903233,6.256250105,,,
-1.870625,6.114538465,6.248283715,,,
-1.87,6.113741176,6.247487076,,,
-1.869375,6.112146596,6.248283715,,,
-1.86875,6.114538465,6.249876993,,,
-1.868125,6.115335755,6.25226691,,,
-1.8675,6.119322204,6.253860188,,,
-1.866875,6.119322204,6.254656827,,,
-1.86625,6.120916784,6.254656827,,,
-1.865625,6.120916784,6.255453466,,,
-1.865,6.120916784,6.254656827,,,
-1.864375,6.121714074,6.255453466,,,
-1.86375,6.121714074,6.255453466,,,
-1.863125,6.122511364,6.256250105,,,
-1.8625,6.127295103,6.262623218,,,
-1.861875,6.133673421,6.265013135,,,
-1.86125,6.132078841,6.264216496,,,
-1.860625,6.132876131,6.263419857,,,
-1.86,6.127295103,6.26102994,,,
-1.859375,6.128889682,6.257843383,,,
-1.85875,6.122511364,6.257046744,,,
-1.858125,6.123308653,6.257046744,,,
-1.8575,6.123308653,6.257843383,,,
-1.856875,6.122511364,6.257046744,,,
-1.85625,6.122511364,6.257843383,,,
-1.855625,6.121714074,6.257843383,,,
-1.855,6.122511364,6.257046744,,,
-1.854375,6.113741176,6.253063549,,,
-1.85375,6.109754727,6.248283715,,,
-1.853125,6.106565567,6.247487076,,,
-1.8525,6.110552016,6.249080354,,,
-1.851875,6.109754727,6.250673632,,,
-1.85125,6.114538465,6.25226691,,,
-1.850625,6.114538465,6.253860188,,,
-1.85,6.118524915,6.255453466,,,
-1.849375,6.116133045,6.255453466,,,
-1.84875,6.116930335,6.254656827,,,
-1.848125,6.116133045,6.255453466,,,
-1.8475,6.117727625,6.256250105,,,
-1.846875,6.116133045,6.256250105,,,
-1.84625,6.116930335,6.257046744,,,
-1.845625,6.125700523,6.263419857,,,
-1.845,6.125700523,6.265809774,,,
-1.844375,6.127295103,6.264216496,,,
-1.84375,6.121714074,6.263419857,,,
-1.843125,6.122511364,6.2602333,,,
-1.8425,6.117727625,6.259436661,,,
-1.841875,6.120119494,6.258640022,,,
-1.84125,6.115335755,6.258640022,,,
-1.840625,6.116930335,6.258640022,,,
-1.84,6.113741176,6.258640022,,,
-1.839375,6.114538465,6.258640022,,,
-1.83875,6.114538465,6.257843383,,,
-1.838125,6.113741176,6.258640022,,,
-1.8375,6.106565567,6.25226691,,,
-1.836875,6.100187249,6.249080354,,,
-1.83625,6.101781828,6.249080354,,,
-1.835625,6.102579118,6.250673632,,,
-1.835,6.106565567,6.253063549,,,
-1.834375,6.105768277,6.253860188,,,
-1.83375,6.111349306,6.254656827,,,
-1.833125,6.109754727,6.256250105,,,
-1.8325,6.111349306,6.255453466,,,
-1.831875,6.109754727,6.255453466,,,
-1.83125,6.109754727,6.256250105,,,
-1.830625,6.108957437,6.256250105,,,
-1.83,6.107362857,6.255453466,,,
-1.829375,6.112943886,6.259436661,,,
-1.82875,6.117727625,6.264216496,,,
-1.828125,6.120119494,6.265013135,,,
-1.8275,6.116930335,6.264216496,,,
-1.826875,6.116133045,6.262623218,,,
-1.82625,6.111349306,6.26102994,,,
-1.825625,6.112146596,6.259436661,,,
-1.825,6.108957437,6.259436661,,,
-1.824375,6.110552016,6.258640022,,,
-1.82375,6.108160147,6.258640022,,,
-1.823125,6.108160147,6.258640022,,,
-1.8225,6.107362857,6.259436661,,,
-1.821875,6.106565567,6.258640022,,,
-1.82125,6.105768277,6.257046744,,,
-1.820625,6.09380893,6.250673632,,,
-1.82,6.0962008,6.249876993,,,
-1.819375,6.092214351,6.250673632,,,
-1.81875,6.097795379,6.251470271,,,
-1.818125,6.0962008,6.253063549,,,
-1.8175,6.100984539,6.256250105,,,
-1.816875,6.102579118,6.257046744,,,
-1.81625,6.101781828,6.257046744,,,
-1.815625,6.102579118,6.257046744,,,
-1.815,6.101781828,6.257843383,,,
-1.814375,6.104173698,6.257843383,,,
-1.81375,6.099389959,6.257843383,,,
-1.813125,6.101781828,6.258640022,,,
-1.8125,6.107362857,6.264216496,,,
-1.811875,6.112943886,6.265809774,,,
-1.81125,6.110552016,6.265013135,,,
-1.810625,6.110552016,6.264216496,,,
-1.81,6.106565567,6.262623218,,,
-1.809375,6.103376408,6.2602333,,,
-1.80875,6.101781828,6.2602333,,,
-1.808125,6.100984539,6.259436661,,,
-1.8075,6.100984539,6.258640022,,,
-1.806875,6.098592669,6.258640022,,,
-1.80625,6.100984539,6.258640022,,,
-1.805625,6.097795379,6.258640022,,,
-1.805,6.099389959,6.257843383,,,
-1.804375,6.09380893,6.254656827,,,
-1.80375,6.086633322,6.250673632,,,
-1.803125,6.085038742,6.250673632,,,
-1.8025,6.086633322,6.25226691,,,
-1.801875,6.089025191,6.253860188,,,
-1.80125,6.091417061,6.256250105,,,
-1.800625,6.09301164,6.257046744,,,
-1.8,6.091417061,6.258640022,,,
-1.799375,6.09460622,6.257843383,,,
-1.79875,6.091417061,6.258640022,,,
-1.798125,6.09301164,6.257843383,,,
-1.7975,6.091417061,6.258640022,,,
-1.796875,6.09301164,6.257843383,,,
-1.79625,6.092214351,6.258640022,,,
-1.795625,6.102579118,6.266606413,,,
-1.795,6.104173698,6.265809774,,,
-1.794375,6.100187249,6.265809774,,,
-1.79375,6.101781828,6.264216496,,,
-1.793125,6.0962008,6.262623218,,,
-1.7925,6.097795379,6.2602333,,,
-1.791875,6.092214351,6.26102994,,,
-1.79125,6.09460622,6.2602333,,,
-1.790625,6.090619771,6.26102994,,,
-1.79,6.090619771,6.2602333,,,
-1.789375,6.091417061,6.2602333,,,
-1.78875,6.088227902,6.2602333,,,
-1.788125,6.090619771,6.2602333,,,
-1.7875,6.080255003,6.253860188,,,
-1.786875,6.080255003,6.25226691,,,
-1.78625,6.075471264,6.251470271,,,
-1.785625,6.078660424,6.253063549,,,
-1.785,6.078660424,6.254656827,,,
-1.784375,6.081052293,6.257046744,,,
-1.78375,6.082646873,6.258640022,,,
-1.783125,6.081849583,6.257843383,,,
-1.7825,6.084241452,6.257843383,,,
-1.781875,6.081052293,6.257046744,,,
-1.78125,6.084241452,6.257843383,,,
-1.780625,6.081052293,6.258640022,,,
-1.78,6.084241452,6.259436661,,,
-1.779375,6.085038742,6.261826579,,,
-1.77875,6.09301164,6.266606413,,,
-1.778125,6.09301164,6.266606413,,,
-1.7775,6.091417061,6.265809774,,,
-1.776875,6.090619771,6.265809774,,,
-1.77625,6.086633322,6.262623218,,,
-1.775625,6.085836032,6.261826579,,,
-1.775,6.082646873,6.26102994,,,
-1.774375,6.084241452,6.2602333,,,
-1.77375,6.081849583,6.26102994,,,
-1.773125,6.081849583,6.26102994,,,
-1.7725,6.080255003,6.2602333,,,
-1.771875,6.080255003,6.2602333,,,
-1.77125,6.077863134,6.258640022,,,
-1.770625,6.069092946,6.251470271,,,
-1.77,6.069092946,6.250673632,,,
-1.769375,6.067498366,6.251470271,,,
-1.76875,6.069890236,6.25226691,,,
-1.768125,6.069092946,6.254656827,,,
-1.7675,6.073079395,6.256250105,,,
-1.766875,6.073079395,6.257843383,,,
-1.76625,6.073079395,6.257046744,,,
-1.765625,6.074673975,6.258640022,,,
-1.765,6.074673975,6.258640022,,,
-1.764375,6.073079395,6.257843383,,,
-1.76375,6.073079395,6.258640022,,,
-1.763125,6.073876685,6.258640022,,,
-1.7625,6.079457714,6.265809774,,,
-1.761875,6.084241452,6.267403052,,,
-1.76125,6.082646873,6.267403052,,,
-1.760625,6.081849583,6.265809774,,,
-1.76,6.077863134,6.263419857,,,
-1.759375,6.073079395,6.26102994,,,
-1.75875,6.074673975,6.259436661,,,
-1.758125,6.069890236,6.2602333,,,
-1.7575,6.072282105,6.259436661,,,
-1.756875,6.069890236,6.259436661,,,
-1.75625,6.073079395,6.2602333,,,
-1.755625,6.071484815,6.2602333,,,
-1.755,6.069092946,6.258640022,,,
-1.754375,6.065903787,6.254656827,,,
-1.75375,6.056336309,6.249080354,,,
-1.753125,6.059525468,6.249080354,,,
-1.7525,6.055539019,6.250673632,,,
-1.751875,6.062714627,6.253063549,,,
-1.75125,6.061917338,6.254656827,,,
-1.750625,6.064309207,6.256250105,,,
-1.75,6.063511917,6.257046744,,,
-1.749375,6.062714627,6.257046744,,,
-1.74875,6.064309207,6.256250105,,,
-1.748125,6.060322758,6.257046744,,,
-1.7475,6.064309207,6.257046744,,,
-1.746875,6.058728178,6.255453466,,,
-1.74625,6.065106497,6.258640022,,,
-1.745625,6.069092946,6.265013135,,,
-1.745,6.071484815,6.266606413,,,
-1.744375,6.071484815,6.265809774,,,
-1.74375,6.066701076,6.263419857,,,
-1.743125,6.067498366,6.261826579,,,
-1.7425,6.061120048,6.259436661,,,
-1.741875,6.062714627,6.257843383,,,
-1.74125,6.058728178,6.257046744,,,
-1.740625,6.061917338,6.258640022,,,
-1.74,6.057133599,6.257843383,,,
-1.739375,6.057133599,6.257843383,,,
-1.73875,6.057133599,6.257843383,,,
-1.738125,6.056336309,6.258640022,,,
-1.7375,6.04995799,6.251470271,,,
-1.736875,6.044376962,6.249080354,,,
-1.73625,6.045971541,6.249080354,,,
-1.735625,6.041187802,6.249080354,,,
-1.735,6.046768831,6.250673632,,,
-1.734375,6.047566121,6.253063549,,,
-1.73375,6.048363411,6.254656827,,,
-1.733125,6.048363411,6.254656827,,,
-1.7325,6.046768831,6.253063549,,,
-1.731875,6.05155257,6.254656827,,,
-1.73125,6.043579672,6.253063549,,,
-1.730625,6.044376962,6.25226691,,,
-1.73,6.046768831,6.254656827,,,
-1.729375,6.0491607,6.257046744,,,
-1.72875,6.055539019,6.262623218,,,
-1.728125,6.055539019,6.261826579,,,
-1.7275,6.058728178,6.264216496,,,
-1.726875,6.04995799,6.2602333,,,
-1.72625,6.047566121,6.257843383,,,
-1.725625,6.047566121,6.255453466,,,
-1.725,6.046768831,6.257046744,,,
-1.724375,6.043579672,6.257046744,,,
-1.72375,6.041187802,6.256250105,,,
-1.723125,6.045971541,6.257046744,,,
-1.7225,6.040390513,6.256250105,,,
-1.721875,6.044376962,6.257046744,,,
-1.72125,6.040390513,6.253860188,,,
-1.720625,6.034012194,6.247487076,,,
-1.72,6.028431165,6.245893798,,,
-1.719375,6.026836586,6.245893798,,,
-1.71875,6.034012194,6.247487076,,,
-1.718125,6.033214904,6.249080354,,,
-1.7175,6.033214904,6.251470271,,,
-1.716875,6.030823035,6.251470271,,,
-1.71625,6.038795933,6.25226691,,,
-1.715625,6.032417614,6.25226691,,,
-1.715,6.030823035,6.253063549,,,
-1.714375,6.033214904,6.25226691,,,
-1.71375,6.034809484,6.253063549,,,
-1.713125,6.033214904,6.253063549,,,
-1.7125,6.034012194,6.258640022,,,
-1.711875,6.0491607,6.262623218,,,
-1.71125,6.045174251,6.261826579,,,
-1.710625,6.041985092,6.26102994,,,
-1.71,6.035606774,6.258640022,,,
-1.709375,6.040390513,6.256250105,,,
-1.70875,6.034012194,6.254656827,,,
-1.708125,6.026836586,6.253860188,,,
-1.7075,6.031620325,6.253860188,,,
-1.706875,6.034012194,6.253860188,,,
-1.70625,6.031620325,6.254656827,,,
-1.705625,6.025242006,6.253860188,,,
-1.705,6.032417614,6.255453466,,,
-1.704375,6.030025745,6.249876993,,,
-1.70375,6.014079949,6.24430052,,,
-1.703125,6.014079949,6.24430052,,,
-1.7025,6.019660977,6.245097159,,,
-1.701875,6.020458267,6.247487076,,,
-1.70125,6.014877238,6.249876993,,,
-1.700625,6.019660977,6.250673632,,,
-1.7,6.028431165,6.249876993,,,
-1.699375,6.022052847,6.250673632,,,
-1.69875,6.017269108,6.251470271,,,
-1.698125,6.019660977,6.250673632,,,
-1.6975,6.024444716,6.249080354,,,
-1.696875,6.014877238,6.249876993,,,
-1.69625,6.018863687,6.251470271,,,
-1.695625,6.030823035,6.258640022,,,
-1.695,6.033214904,6.259436661,,,
-1.694375,6.025242006,6.259436661,,,
-1.69375,6.025242006,6.2602333,,,
-1.693125,6.029228455,6.254656827,,,
-1.6925,6.019660977,6.253860188,,,
-1.691875,6.018863687,6.253860188,,,
-1.69125,6.017269108,6.253860188,,,
-1.690625,6.026039296,6.25226691,,,
-1.69,6.016471818,6.25226691,,,
-1.689375,6.014877238,6.253860188,,,
-1.68875,6.018066398,6.25226691,,,
-1.688125,6.018066398,6.25226691,,,
-1.6875,6.00849892,6.246690437,,,
-1.686875,6.002120601,6.243503881,,,
-1.68625,6.00770163,6.241910602,,,
-1.685625,6.005309761,6.242707241,,,
-1.685,6.00690434,6.247487076,,,
-1.684375,6.00770163,6.248283715,,,
-1.68375,6.012485369,6.249876993,,,
-1.683125,6.010093499,6.249876993,,,
-1.6825,6.00610705,6.251470271,,,
-1.681875,6.012485369,6.251470271,,,
-1.68125,6.013282659,6.249876993,,,
-1.680625,6.010093499,6.250673632,,,
-1.68,6.005309761,6.251470271,,,
-1.679375,6.015674528,6.253063549,,,
-1.67875,6.025242006,6.259436661,,,
-1.678125,6.019660977,6.26102994,,,
-1.6775,6.018066398,6.259436661,,,
-1.676875,6.023647426,6.257843383,,,
-1.67625,6.020458267,6.254656827,,,
-1.675625,6.00929621,6.254656827,,,
-1.675,6.011688079,6.25226691,,,
-1.674375,6.016471818,6.251470271,,,
-1.67375,6.010093499,6.25226691,,,
-1.673125,6.00610705,6.25226691,,,
-1.6725,6.010093499,6.25226691,,,
-1.671875,6.017269108,6.251470271,,,
-1.67125,6.00610705,6.251470271,,,
-1.670625,5.998134152,6.243503881,,,
-1.67,5.999728732,6.241910602,,,
-1.669375,5.998931442,6.242707241,,,
-1.66875,5.994944993,6.24430052,,,
-1.668125,5.997336862,6.245893798,,,
-1.6675,6.00929621,6.246690437,,,
-1.666875,6.003715181,6.249876993,,,
-1.66625,6.001323311,6.249080354,,,
-1.665625,6.004512471,6.249080354,,,
-1.665,6.010890789,6.248283715,,,
-1.664375,6.002917891,6.250673632,,,
-1.66375,6.000526022,6.249876993,,,
-1.663125,6.00929621,6.250673632,,,
-1.6625,6.013282659,6.255453466,,,
-1.661875,6.012485369,6.26102994,,,
-1.66125,6.012485369,6.2602333,,,
-1.660625,6.021255557,6.257046744,,,
-1.66,6.011688079,6.256250105,,,
-1.659375,6.005309761,6.253860188,,,
-1.65875,6.00770163,6.253063549,,,
-1.658125,6.017269108,6.251470271,,,
-1.6575,6.00770163,6.253063549,,,
-1.656875,6.003715181,6.25226691,,,
-1.65625,6.015674528,6.251470271,,,
-1.655625,6.011688079,6.251470271,,,
-1.655,6.005309761,6.25226691,,,
-1.654375,5.998931442,6.248283715,,,
-1.65375,6.005309761,6.241113963,,,
-1.653125,5.995742283,6.241910602,,,
-1.6525,5.992553124,6.242707241,,,
-1.651875,5.998134152,6.245097159,,,
-1.65125,6.00770163,6.245893798,,,
-1.650625,6.002917891,6.249080354,,,
-1.65,5.999728732,6.249876993,,,
-1.649375,6.00610705,6.249080354,,,
-1.64875,6.00690434,6.249080354,,,
-1.648125,6.001323311,6.248283715,,,
-1.6475,5.999728732,6.249876993,,,
-1.646875,6.010093499,6.249876993,,,
-1.64625,6.00610705,6.25226691,,,
-1.645625,6.00929621,6.258640022,,,
-1.645,6.015674528,6.26102994,,,
-1.644375,6.021255557,6.258640022,,,
-1.64375,6.013282659,6.257843383,,,
-1.643125,6.00849892,6.256250105,,,
-1.6425,6.010890789,6.253063549,,,
-1.641875,6.010093499,6.25226691,,,
-1.64125,6.002120601,6.250673632,,,
-1.640625,6.004512471,6.25226691,,,
-1.64,6.014079949,6.251470271,,,
-1.639375,6.00770163,6.253063549,,,
-1.63875,6.002917891,6.251470271,,,
-1.638125,6.004512471,6.25226691,,,
-1.6375,6.003715181,6.245893798,,,
-1.636875,5.994944993,6.242707241,,,
-1.63625,5.993350413,6.242707241,,,
-1.635625,5.996539573,6.242707241,,,
-1.635,6.001323311,6.245893798,,,
-1.634375,5.995742283,6.247487076,,,
-1.63375,5.998931442,6.249080354,,,
-1.633125,6.00610705,6.249080354,,,
-1.6325,6.005309761,6.249080354,,,
-1.631875,5.999728732,6.249080354,,,
-1.63125,6.002120601,6.249876993,,,
-1.630625,6.011688079,6.249080354,,,
-1.63,6.003715181,6.249876993,,,
-1.629375,6.00770163,6.253860188,,,
-1.62875,6.014877238,6.2602333,,,
-1.628125,6.021255557,6.2602333,,,
-1.6275,6.012485369,6.259436661,,,
-1.626875,6.00929621,6.257843383,,,
-1.62625,6.015674528,6.253860188,,,
-1.625625,6.010890789,6.253860188,,,
-1.625,6.005309761,6.253063549,,,
-1.624375,6.004512471,6.253063549,,,
-1.62375,6.013282659,6.253063549,,,
-1.623125,6.00849892,6.253063549,,,
-1.6225,6.00849892,6.253860188,,,
-1.621875,6.00610705,6.25226691,,,
-1.62125,6.010890789,6.25226691,,,
-1.620625,5.996539573,6.243503881,,,
-1.62,5.991755834,6.243503881,,,
-1.619375,6.000526022,6.243503881,,,
-1.61875,5.999728732,6.245097159,,,
-1.618125,5.997336862,6.247487076,,,
-1.6175,5.999728732,6.249080354,,,
-1.616875,6.00929621,6.249876993,,,
-1.61625,6.00690434,6.249080354,,,
-1.615625,6.004512471,6.250673632,,,
-1.615,6.003715181,6.249876993,,,
-1.614375,6.00770163,6.249876993,,,
-1.61375,6.005309761,6.249080354,,,
-1.613125,6.002917891,6.251470271,,,
-1.6125,6.016471818,6.257046744,,,
-1.611875,6.020458267,6.259436661,,,
-1.61125,6.018863687,6.259436661,,,
-1.610625,6.012485369,6.258640022,,,
-1.61,6.019660977,6.257046744,,,
-1.609375,6.012485369,6.253860188,,,
-1.60875,6.00849892,6.253860188,,,
-1.608125,6.00849892,6.249876993,,,
-1.6075,6.00929621,6.250673632,,,
-1.606875,6.00929621,6.251470271,,,
-1.60625,6.003715181,6.25226691,,,
-1.605625,6.013282659,6.251470271,,,
-1.605,6.010093499,6.249876993,,,
-1.604375,6.00690434,6.248283715,,,
-1.60375,5.993350413,6.243503881,,,
-1.603125,6.003715181,6.241910602,,,
-1.6025,6.001323311,6.241910602,,,
-1.601875,5.998931442,6.245097159,,,
-1.60125,6.003715181,6.245893798,,,
-1.600625,6.00690434,6.248283715,,,
-1.6,6.00849892,6.249080354,,,
-1.599375,6.002120601,6.249876993,,,
-1.59875,6.011688079,6.248283715,,,
-1.598125,6.010890789,6.248283715,,,
-1.5975,6.00849892,6.250673632,,,
-1.596875,6.002917891,6.250673632,,,
-1.59625,6.013282659,6.251470271,,,
-1.595625,6.020458267,6.257843383,,,
-1.595,6.018066398,6.26102994,,,
-1.594375,6.017269108,6.259436661,,,
-1.59375,6.022052847,6.257843383,,,
-1.593125,6.018066398,6.255453466,,,
-1.5925,6.00929621,6.254656827,,,
-1.591875,6.016471818,6.253063549,,,
-1.59125,6.014877238,6.251470271,,,
-1.590625,6.012485369,6.253063549,,,
-1.59,6.00610705,6.253063549,,,
-1.589375,6.016471818,6.25226691,,,
-1.58875,6.017269108,6.25226691,,,
-1.588125,6.011688079,6.253063549,,,
-1.5875,6.005309761,6.24430052,,,
-1.586875,6.005309761,6.241113963,,,
-1.58625,6.002917891,6.242707241,,,
-1.585625,5.997336862,6.243503881,,,
-1.585,6.00929621,6.245893798,,,
-1.584375,6.013282659,6.245893798,,,
-1.58375,6.010890789,6.248283715,,,
-1.583125,6.004512471,6.249080354,,,
-1.5825,6.016471818,6.249080354,,,
-1.581875,6.013282659,6.248283715,,,
-1.58125,6.00849892,6.249080354,,,
-1.580625,6.00849892,6.248283715,,,
-1.58,6.013282659,6.248283715,,,
-1.579375,6.018066398,6.251470271,,,
-1.57875,6.014877238,6.259436661,,,
-1.578125,6.024444716,6.258640022,,,
-1.5775,6.024444716,6.257046744,,,
-1.576875,6.020458267,6.257046744,,,
-1.57625,6.013282659,6.255453466,,,
-1.575625,6.023647426,6.253860188,,,
-1.575,6.019660977,6.251470271,,,
-1.574375,6.014877238,6.25226691,,,
-1.57375,6.013282659,6.251470271,,,
-1.573125,6.018066398,6.251470271,,,
-1.5725,6.016471818,6.251470271,,,
-1.571875,6.011688079,6.25226691,,,
-1.57125,6.021255557,6.250673632,,,
-1.570625,6.00929621,6.242707241,,,
-1.57,6.00610705,6.242707241,,,
-1.569375,5.998931442,6.241910602,,,
-1.56875,6.010890789,6.243503881,,,
-1.568125,6.012485369,6.24430052,,,
-1.5675,6.010890789,6.247487076,,,
-1.566875,6.011688079,6.248283715,,,
-1.56625,6.017269108,6.248283715,,,
-1.565625,6.018066398,6.248283715,,,
-1.565,6.00849892,6.248283715,,,
-1.564375,6.019660977,6.247487076,,,
-1.56375,6.015674528,6.247487076,,,
-1.563125,6.012485369,6.248283715,,,
-1.5625,6.015674528,6.253860188,,,
-1.561875,6.032417614,6.257843383,,,
-1.56125,6.031620325,6.257843383,,,
-1.560625,6.024444716,6.257843383,,,
-1.56,6.024444716,6.255453466,,,
-1.559375,6.026836586,6.25226691,,,
-1.55875,6.020458267,6.25226691,,,
-1.558125,6.015674528,6.251470271,,,
-1.5575,6.022850137,6.251470271,,,
-1.556875,6.025242006,6.249876993,,,
-1.55625,6.019660977,6.251470271,,,
-1.555625,6.016471818,6.251470271,,,
-1.555,6.024444716,6.250673632,,,
-1.554375,6.018863687,6.247487076,,,
-1.55375,6.00849892,6.242707241,,,
-1.553125,6.00770163,6.241910602,,,
-1.5525,6.014877238,6.241113963,,,
-1.551875,6.014877238,6.243503881,,,
-1.55125,6.011688079,6.246690437,,,
-1.550625,6.023647426,6.248283715,,,
-1.55,6.023647426,6.249080354,,,
-1.549375,6.018863687,6.250673632,,,
-1.54875,6.016471818,6.250673632,,,
-1.548125,6.027633875,6.249080354,,,
-1.5475,6.022850137,6.248283715,,,
-1.546875,6.021255557,6.248283715,,,
-1.54625,6.022850137,6.249876993,,,
-1.545625,6.034012194,6.256250105,,,
-1.545,6.031620325,6.258640022,,,
-1.544375,6.030025745,6.258640022,,,
-1.54375,6.034012194,6.256250105,,,
-1.543125,6.034012194,6.253860188,,,
-1.5425,6.023647426,6.253063549,,,
-1.541875,6.023647426,6.251470271,,,
-1.54125,6.030025745,6.251470271,,,
-1.540625,6.029228455,6.249876993,,,
-1.54,6.025242006,6.25226691,,,
-1.539375,6.026836586,6.25226691,,,
-1.53875,6.031620325,6.250673632,,,
-1.538125,6.025242006,6.251470271,,,
-1.5375,6.017269108,6.245893798,,,
-1.536875,6.019660977,6.241910602,,,
-1.53625,6.018066398,6.241113963,,,
-1.535625,6.011688079,6.241910602,,,
-1.535,6.017269108,6.24430052,,,
-1.534375,6.023647426,6.245893798,,,
-1.53375,6.026039296,6.248283715,,,
-1.533125,6.022052847,6.249876993,,,
-1.5325,6.026836586,6.249876993,,,
-1.531875,6.027633875,6.248283715,,,
-1.53125,6.024444716,6.249080354,,,
-1.530625,6.022850137,6.249080354,,,
-1.53,6.034012194,6.249080354,,,
-1.529375,6.034012194,6.25226691,,,
-1.52875,6.034012194,6.258640022,,,
-1.528125,6.038795933,6.258640022,,,
-1.5275,6.043579672,6.257843383,,,
-1.526875,6.037998643,6.256250105,,,
-1.52625,6.030823035,6.253063549,,,
-1.525625,6.035606774,6.25226691,,,
-1.525,6.030823035,6.249080354,,,
-1.524375,6.029228455,6.249876993,,,
-1.52375,6.029228455,6.249876993,,,
-1.523125,6.034809484,6.249876993,,,
-1.5225,6.036404063,6.250673632,,,
-1.521875,6.026836586,6.250673632,,,
-1.52125,6.033214904,6.249876993,,,
-1.520625,6.028431165,6.241113963,,,
-1.52,6.024444716,6.241113963,,,
-1.519375,6.018863687,6.240317324,,,
-1.51875,6.029228455,6.242707241,,,
-1.518125,6.028431165,6.245097159,,,
-1.5175,6.027633875,6.245893798,,,
-1.516875,6.029228455,6.247487076,,,
-1.51625,6.037998643,6.249080354,,,
-1.515625,6.034809484,6.249080354,,,
-1.515,6.029228455,6.249080354,,,
-1.514375,6.034809484,6.249080354,,,
-1.51375,6.037201353,6.247487076,,,
-1.513125,6.034012194,6.249080354,,,
-1.5125,6.035606774,6.253860188,,,
-1.511875,6.048363411,6.257843383,,,
-1.51125,6.043579672,6.257843383,,,
-1.510625,6.043579672,6.257843383,,,
-1.51,6.040390513,6.255453466,,,
-1.509375,6.048363411,6.253860188,,,
-1.50875,6.038795933,6.253063549,,,
-1.508125,6.036404063,6.25226691,,,
-1.5075,6.039593223,6.251470271,,,
-1.506875,6.044376962,6.251470271,,,
-1.50625,6.039593223,6.251470271,,,
-1.505625,6.035606774,6.251470271,,,
-1.505,6.041985092,6.251470271,,,
-1.504375,6.037201353,6.248283715,,,
-1.50375,6.026039296,6.243503881,,,
-1.503125,6.028431165,6.241910602,,,
-1.5025,6.034809484,6.241910602,,,
-1.501875,6.031620325,6.24430052,,,
-1.50125,6.030823035,6.246690437,,,
-1.500625,6.034809484,6.248283715,,,
-1.5,6.045174251,6.249080354,,,
-1.499375,6.037201353,6.249876993,,,
-1.49875,6.037998643,6.249876993,,,
-1.498125,6.041985092,6.249876993,,,
-1.4975,6.040390513,6.249080354,,,
-1.496875,6.035606774,6.250673632,,,
-1.49625,6.040390513,6.250673632,,,
-1.495625,6.05075528,6.257843383,,,
-1.495,6.05075528,6.259436661,,,
-1.494375,6.046768831,6.259436661,,,
-1.49375,6.05314715,6.258640022,,,
-1.493125,6.055539019,6.255453466,,,
-1.4925,6.044376962,6.253860188,,,
-1.491875,6.045174251,6.25226691,,,
-1.49125,6.045971541,6.251470271,,,
-1.490625,6.047566121,6.251470271,,,
-1.49,6.039593223,6.251470271,,,
-1.489375,6.05075528,6.251470271,,,
-1.48875,6.04995799,6.249876993,,,
-1.488125,6.046768831,6.253063549,,,
-1.4875,6.035606774,6.246690437,,,
-1.486875,6.039593223,6.242707241,,,
-1.48625,6.037201353,6.241910602,,,
-1.485625,6.034809484,6.245097159,,,
-1.485,6.037201353,6.245097159,,,
-1.484375,6.048363411,6.247487076,,,
-1.48375,6.045174251,6.248283715,,,
-1.483125,6.041187802,6.250673632,,,
-1.4825,6.05075528,6.249876993,,,
-1.481875,6.045971541,6.249876993,,,
-1.48125,6.045971541,6.249876993,,,
-1.480625,6.040390513,6.249876993,,,
-1.48,6.053944439,6.249876993,,,
-1.479375,6.05234986,6.250673632,,,
-1.47875,6.057930888,6.259436661,,,
-1.478125,6.060322758,6.259436661,,,
-1.4775,6.062714627,6.259436661,,,
-1.476875,6.055539019,6.257843383,,,
-1.47625,6.05234986,6.256250105,,,
-1.475625,6.061917338,6.253063549,,,
-1.475,6.053944439,6.251470271,,,
-1.474375,6.0491607,6.25226691,,,
-1.47375,6.04995799,6.25226691,,,
-1.473125,6.059525468,6.25226691,,,
-1.4725,6.05234986,6.251470271,,,
-1.471875,6.05075528,6.25226691,,,
-1.47125,6.053944439,6.251470271,,,
-1.470625,6.047566121,6.243503881,,,
-1.47,6.037998643,6.241910602,,,
-1.469375,6.038795933,6.243503881,,,
-1.46875,6.046768831,6.24430052,,,
-1.468125,6.047566121,6.246690437,,,
-1.4675,6.044376962,6.249080354,,,
-1.466875,6.04995799,6.249876993,,,
-1.46625,6.058728178,6.250673632,,,
-1.465625,6.05234986,6.249876993,,,
-1.465,6.045971541,6.249876993,,,
-1.464375,6.055539019,6.249080354,,,
-1.46375,6.05314715,6.249876993,,,
-1.463125,6.04995799,6.250673632,,,
-1.4625,6.054741729,6.255453466,,,
-1.461875,6.073876685,6.259436661,,,
-1.46125,6.064309207,6.258640022,,,
-1.460625,6.058728178,6.258640022,,,
-1.46,6.061917338,6.256250105,,,
-1.459375,6.065903787,6.253860188,,,
-1.45875,6.057930888,6.253860188,,,
-1.458125,6.05234986,6.253063549,,,
-1.4575,6.062714627,6.25226691,,,
-1.456875,6.055539019,6.250673632,,,
-1.45625,6.053944439,6.25226691,,,
-1.455625,6.05234986,6.25226691,,,
-1.455,6.062714627,6.25226691,,,
-1.454375,6.05155257,6.248283715,,,
-1.45375,6.042782382,6.243503881,,,
-1.453125,6.044376962,6.241910602,,,
-1.4525,6.053944439,6.242707241,,,
-1.451875,6.046768831,6.245097159,,,
-1.45125,6.047566121,6.247487076,,,
-1.450625,6.059525468,6.249080354,,,
-1.45,6.055539019,6.249876993,,,
-1.449375,6.05155257,6.25226691,,,
-1.44875,6.053944439,6.250673632,,,
-1.448125,6.061917338,6.250673632,,,
-1.4475,6.054741729,6.251470271,,,
-1.446875,6.05314715,6.25226691,,,
-1.44625,6.057930888,6.25226691,,,
-1.445625,6.073079395,6.257843383,,,
-1.445,6.065903787,6.26102994,,,
-1.444375,6.065903787,6.2602333,,,
-1.44375,6.073079395,6.257843383,,,
-1.443125,6.066701076,6.257046744,,,
-1.4425,6.059525468,6.257046744,,,
-1.441875,6.062714627,6.253063549,,,
-1.44125,6.064309207,6.253063549,,,
-1.440625,6.061917338,6.253063549,,,
-1.44,6.057930888,6.254656827,,,
-1.439375,6.065903787,6.253063549,,,
-1.43875,6.065903787,6.25226691,,,
-1.438125,6.061120048,6.253063549,,,
-1.4375,6.057133599,6.247487076,,,
-1.436875,6.055539019,6.24430052,,,
-1.43625,6.05155257,6.243503881,,,
-1.435625,6.048363411,6.245097159,,,
-1.435,6.057930888,6.246690437,,,
-1.434375,6.060322758,6.248283715,,,
-1.43375,6.060322758,6.250673632,,,
-1.433125,6.057930888,6.253063549,,,
-1.4325,6.069890236,6.25226691,,,
-1.431875,6.063511917,6.251470271,,,
-1.43125,6.061120048,6.253063549,,,
-1.430625,6.064309207,6.251470271,,,
-1.43,6.066701076,6.251470271,,,
-1.429375,6.064309207,6.253063549,,,
-1.42875,6.069092946,6.26102994,,,
-1.428125,6.077863134,6.2602333,,,
-1.4275,6.077065844,6.257843383,,,
-1.426875,6.069092946,6.258640022,,,
-1.42625,6.065903787,6.255453466,,,
-1.425625,6.073079395,6.253860188,,,
-1.425,6.064309207,6.251470271,,,
-1.424375,6.062714627,6.25226691,,,
-1.42375,6.069890236,6.25226691,,,
-1.423125,6.069092946,6.253063549,,,
-1.4225,6.062714627,6.253860188,,,
-1.421875,6.064309207,6.253063549,,,
-1.42125,6.073079395,6.25226691,,,
-1.420625,6.060322758,6.245097159,,,
-1.42,6.05075528,6.243503881,,,
-1.419375,6.058728178,6.24430052,,,
-1.41875,6.063511917,6.245893798,,,
-1.418125,6.059525468,6.247487076,,,
-1.4175,6.058728178,6.250673632,,,
-1.416875,6.069890236,6.250673632,,,
-1.41625,6.069890236,6.250673632,,,
-1.415625,6.064309207,6.25226691,,,
-1.415,6.061917338,6.251470271,,,
-1.414375,6.071484815,6.251470271,,,
-1.41375,6.064309207,6.25226691,,,
-1.413125,6.061120048,6.25226691,,,
-1.4125,6.069890236,6.255453466,,,
-1.411875,6.081849583,6.258640022,,,
-1.41125,6.077065844,6.2602333,,,
-1.410625,6.070687526,6.259436661,,,
-1.41,6.082646873,6.257046744,,,
-1.409375,6.071484815,6.256250105,,,
-1.40875,6.068295656,6.254656827,,,
-1.408125,6.063511917,6.253860188,,,
-1.4075,6.077065844,6.253860188,,,
-1.406875,6.069890236,6.253860188,,,
-1.40625,6.066701076,6.254656827,,,
-1.405625,6.068295656,6.253063549,,,
-1.405,6.076268554,6.253063549,,,
-1.404375,6.063511917,6.251470271,,,
-1.40375,6.054741729,6.245097159,,,
-1.403125,6.062714627,6.24430052,,,
-1.4025,6.061917338,6.245097159,,,
-1.401875,6.057930888,6.246690437,,,
-1.40125,6.059525468,6.248283715,,,
-1.400625,6.069890236,6.249080354,,,
-1.4,6.064309207,6.251470271,,,
-1.399375,6.063511917,6.25226691,,,
-1.39875,6.067498366,6.251470271,,,
-1.398125,6.071484815,6.250673632,,,
-1.3975,6.064309207,6.251470271,,,
-1.396875,6.065903787,6.250673632,,,
-1.39625,6.070687526,6.250673632,,,
-1.395625,6.077065844,6.257843383,,,
-1.395,6.073876685,6.26102994,,,
-1.394375,6.080255003,6.26102994,,,
-1.39375,6.081052293,6.2602333,,,
-1.393125,6.077065844,6.257843383,,,
-1.3925,6.069890236,6.256250105,,,
-1.391875,6.075471264,6.253860188,,,
-1.39125,6.073876685,6.25226691,,,
-1.390625,6.069890236,6.253860188,,,
-1.39,6.069092946,6.25226691,,,
-1.389375,6.073876685,6.253063549,,,
-1.38875,6.070687526,6.253063549,,,
-1.388125,6.065903787,6.253860188,,,
-1.3875,6.069092946,6.249080354,,,
-1.386875,6.061917338,6.24430052,,,
-1.38625,6.059525468,6.24430052,,,
-1.385625,6.057133599,6.245097159,,,
-1.385,6.066701076,6.246690437,,,
-1.384375,6.065106497,6.249080354,,,
-1.38375,6.066701076,6.250673632,,,
-1.383125,6.070687526,6.251470271,,,
-1.3825,6.073079395,6.251470271,,,
-1.381875,6.065903787,6.251470271,,,
-1.38125,6.067498366,6.251470271,,,
-1.380625,6.071484815,6.250673632,,,
-1.38,6.071484815,6.250673632,,,
-1.379375,6.068295656,6.253063549,,,
-1.37875,6.078660424,6.259436661,,,
-1.378125,6.083444163,6.258640022,,,
-1.3775,6.079457714,6.258640022,,,
-1.376875,6.076268554,6.258640022,,,
-1.37625,6.077065844,6.254656827,,,
-1.375625,6.077863134,6.253860188,,,
-1.375,6.069890236,6.253063549,,,
-1.374375,6.071484815,6.253063549,,,
-1.37375,6.076268554,6.25226691,,,
-1.373125,6.073079395,6.25226691,,,
-1.3725,6.065903787,6.253063549,,,
-1.371875,6.072282105,6.253063549,,,
-1.37125,6.076268554,6.250673632,,,
-1.370625,6.063511917,6.24430052,,,
-1.37,6.054741729,6.241910602,,,
-1.369375,6.065903787,6.242707241,,,
-1.36875,6.061120048,6.24430052,,,
-1.368125,6.061917338,6.247487076,,,
-1.3675,6.061917338,6.249080354,,,
-1.366875,6.076268554,6.250673632,,,
-1.36625,6.069092946,6.250673632,,,
-1.365625,6.065106497,6.25226691,,,
-1.365,6.069890236,6.251470271,,,
-1.364375,6.073876685,6.250673632,,,
-1.36375,6.069092946,6.25226691,,,
-1.363125,6.065903787,6.251470271,,,
-1.3625,6.081052293,6.256250105,,,
-1.361875,6.081849583,6.2602333,,,
-1.36125,6.078660424,6.2602333,,,
-1.360625,6.075471264,6.258640022,,,
-1.36,6.084241452,6.257046744,,,
-1.359375,6.073079395,6.256250105,,,
-1.35875,6.069890236,6.254656827,,,
-1.358125,6.072282105,6.25226691,,,
-1.3575,6.075471264,6.25226691,,,
-1.356875,6.069890236,6.253860188,,,
-1.35625,6.069092946,6.253063549,,,
-1.355625,6.075471264,6.253063549,,,
-1.355,6.073079395,6.253860188,,,
-1.354375,6.065903787,6.25226691,,,
-1.35375,6.059525468,6.243503881,,,
-1.353125,6.064309207,6.241910602,,,
-1.3525,6.061120048,6.245893798,,,
-1.351875,6.058728178,6.246690437,,,
-1.35125,6.065106497,6.247487076,,,
-1.350625,6.071484815,6.249080354,,,
-1.35,6.066701076,6.25226691,,,
-1.349375,6.067498366,6.251470271,,,
-1.34875,6.073876685,6.251470271,,,
-1.348125,6.070687526,6.25226691,,,
-1.3475,6.064309207,6.251470271,,,
-1.346875,6.069092946,6.251470271,,,
-1.34625,6.069890236,6.249876993,,,
-1.345625,6.076268554,6.259436661,,,
-1.345,6.076268554,6.26102994,,,
-1.344375,6.084241452,6.2602333,,,
-1.34375,6.081849583,6.257843383,,,
-1.343125,6.076268554,6.257843383,,,
-1.3425,6.074673975,6.254656827,,,
-1.341875,6.076268554,6.25226691,,,
-1.34125,6.071484815,6.254656827,,,
-1.340625,6.069092946,6.253860188,,,
-1.34,6.074673975,6.253860188,,,
-1.339375,6.073079395,6.25226691,,,
-1.33875,6.070687526,6.253860188,,,
-1.338125,6.069092946,6.253063549,,,
-1.3375,6.071484815,6.248283715,,,
-1.336875,6.058728178,6.242707241,,,
-1.33625,6.059525468,6.243503881,,,
-1.335625,6.062714627,6.245893798,,,
-1.335,6.069092946,6.246690437,,,
-1.334375,6.063511917,6.249080354,,,
-1.33375,6.066701076,6.251470271,,,
-1.333125,6.071484815,6.251470271,,,
-1.3325,6.072282105,6.251470271,,,
-1.331875,6.065106497,6.253063549,,,
-1.33125,6.069092946,6.25226691,,,
-1.330625,6.074673975,6.249876993,,,
-1.33,6.071484815,6.25226691,,,
-1.329375,6.069092946,6.253860188,,,
-1.32875,6.081849583,6.26102994,,,
-1.328125,6.085038742,6.259436661,,,
-1.3275,6.077863134,6.26102994,,,
-1.326875,6.078660424,6.259436661,,,
-1.32625,6.079457714,6.256250105,,,
-1.325625,6.077065844,6.253860188,,,
-1.325,6.067498366,6.253063549,,,
-1.324375,6.076268554,6.253860188,,,
-1.32375,6.074673975,6.25226691,,,
-1.323125,6.073876685,6.254656827,,,
-1.3225,6.069092946,6.254656827,,,
-1.321875,6.077065844,6.255453466,,,
-1.32125,6.075471264,6.254656827,,,
-1.320625,6.061917338,6.248283715,,,
-1.32,6.059525468,6.245893798,,,
-1.319375,6.064309207,6.24430052,,,
-1.31875,6.063511917,6.247487076,,,
-1.318125,6.061120048,6.249080354,,,
-1.3175,6.069092946,6.251470271,,,
-1.316875,6.073079395,6.250673632,,,
-1.31625,6.069092946,6.25226691,,,
-1.315625,6.065106497,6.253063549,,,
-1.315,6.074673975,6.25226691,,,
-1.314375,6.072282105,6.25226691,,,
-1.31375,6.068295656,6.25226691,,,
-1.313125,6.067498366,6.253063549,,,
-1.3125,6.081849583,6.254656827,,,
-1.311875,6.081052293,6.262623218,,,
-1.31125,6.080255003,6.26102994,,,
-1.310625,6.081052293,6.2602333,,,
-1.31,6.082646873,6.257046744,,,
-1.309375,6.073876685,6.256250105,,,
-1.30875,6.072282105,6.255453466,,,
-1.308125,6.077065844,6.253063549,,,
-1.3075,6.076268554,6.254656827,,,
-1.306875,6.069890236,6.254656827,,,
-1.30625,6.071484815,6.254656827,,,
-1.305625,6.077863134,6.253063549,,,
-1.305,6.069890236,6.254656827,,,
-1.304375,6.069092946,6.253063549,,,
-1.30375,6.064309207,6.245097159,,,
-1.303125,6.067498366,6.245097159,,,
-1.3025,6.057930888,6.245097159,,,
-1.301875,6.062714627,6.248283715,,,
-1.30125,6.069092946,6.247487076,,,
-1.300625,6.069092946,6.251470271,,,
-1.3,6.068295656,6.253860188,,,
-1.299375,6.069890236,6.253063549,,,
-1.29875,6.073876685,6.251470271,,,
-1.298125,6.069092946,6.25226691,,,
-1.2975,6.069092946,6.253063549,,,
-1.296875,6.073876685,6.251470271,,,
-1.29625,6.073079395,6.25226691,,,
-1.295625,6.077863134,6.2602333,,,
-1.295,6.081052293,6.26102994,,,
-1.294375,6.086633322,6.2602333,,,
-1.29375,6.080255003,6.259436661,,,
-1.293125,6.076268554,6.259436661,,,
-1.2925,6.077065844,6.256250105,,,
-1.291875,6.075471264,6.254656827,,,
-1.29125,6.073079395,6.254656827,,,
-1.290625,6.069092946,6.254656827,,,
-1.29,6.079457714,6.253063549,,,
-1.289375,6.071484815,6.253860188,,,
-1.28875,6.073079395,6.254656827,,,
-1.288125,6.071484815,6.253860188,,,
-1.2875,6.072282105,6.248283715,,,
-1.286875,6.059525468,6.243503881,,,
-1.28625,6.061120048,6.246690437,,,
-1.285625,6.063511917,6.245097159,,,
-1.285,6.066701076,6.246690437,,,
-1.284375,6.065106497,6.249080354,,,
-1.28375,6.067498366,6.25226691,,,
-1.283125,6.075471264,6.251470271,,,
-1.2825,6.067498366,6.25226691,,,
-1.281875,6.068295656,6.253063549,,,
-1.28125,6.067498366,6.251470271,,,
-1.280625,6.075471264,6.251470271,,,
-1.28,6.065903787,6.251470271,,,
-1.279375,6.069890236,6.253860188,,,
-1.27875,6.081052293,6.258640022,,,
-1.278125,6.082646873,6.2602333,,,
-1.2775,6.077065844,6.26102994,,,
-1.276875,6.079457714,6.2602333,,,
-1.27625,6.083444163,6.256250105,,,
-1.275625,6.073876685,6.255453466,,,
-1.275,6.072282105,6.256250105,,,
-1.274375,6.074673975,6.253860188,,,
-1.27375,6.077065844,6.253860188,,,
-1.273125,6.069890236,6.254656827,,,
-1.2725,6.072282105,6.256250105,,,
-1.271875,6.076268554,6.254656827,,,
-1.27125,6.075471264,6.253860188,,,
-1.270625,6.061917338,6.247487076,,,
-1.27,6.064309207,6.245097159,,,
-1.269375,6.064309207,6.243503881,,,
-1.26875,6.061120048,6.24430052,,,
-1.268125,6.059525468,6.248283715,,,
-1.2675,6.071484815,6.250673632,,,
-1.266875,6.070687526,6.250673632,,,
-1.26625,6.066701076,6.25226691,,,
-1.265625,6.065106497,6.251470271,,,
-1.265,6.072282105,6.251470271,,,
-1.264375,6.069092946,6.25226691,,,
-1.26375,6.064309207,6.253063549,,,
-1.263125,6.069890236,6.251470271,,,
-1.2625,6.076268554,6.254656827,,,
-1.261875,6.079457714,6.2602333,,,
-1.26125,6.073079395,6.2602333,,,
-1.260625,6.083444163,6.258640022,,,
-1.26,6.077065844,6.257046744,,,
-1.259375,6.073876685,6.257046744,,,
-1.25875,6.067498366,6.254656827,,,
-1.258125,6.077863134,6.253860188,,,
-1.2575,6.072282105,6.254656827,,,
-1.256875,6.067498366,6.254656827,,,
-1.25625,6.072282105,6.253860188,,,
-1.255625,6.073876685,6.253860188,,,
-1.255,6.072282105,6.255453466,,,
-1.254375,6.064309207,6.25226691,,,
-1.25375,6.067498366,6.245893798,,,
-1.253125,6.061120048,6.245097159,,,
-1.2525,6.058728178,6.247487076,,,
-1.251875,6.060322758,6.246690437,,,
-1.25125,6.067498366,6.249080354,,,
-1.250625,6.065106497,6.25226691,,,
-1.25,6.065903787,6.25226691,,,
-1.249375,6.069890236,6.25226691,,,
-1.24875,6.072282105,6.25226691,,,
-1.248125,6.068295656,6.253860188,,,
-1.2475,6.066701076,6.253063549,,,
-1.246875,6.072282105,6.251470271,,,
-1.24625,6.069890236,6.253860188,,,
-1.245625,6.071484815,6.259436661,,,
-1.245,6.078660424,6.261826579,,,
-1.244375,6.081849583,6.26102994,,,
-1.24375,6.078660424,6.26102994,,,
-1.243125,6.072282105,6.258640022,,,
-1.2425,6.077863134,6.257046744,,,
-1.241875,6.075471264,6.255453466,,,
-1.24125,6.069890236,6.256250105,,,
-1.240625,6.069890236,6.254656827,,,
-1.24,6.075471264,6.253063549,,,
-1.239375,6.075471264,6.257046744,,,
-1.23875,6.068295656,6.257046744,,,
-1.238125,6.072282105,6.255453466,,,
-1.2375,6.067498366,6.249876993,,,
-1.236875,6.058728178,6.246690437,,,
-1.23625,6.055539019,6.245893798,,,
-1.235625,6.064309207,6.246690437,,,
-1.235,6.062714627,6.247487076,,,
-1.234375,6.062714627,6.251470271,,,
-1.23375,6.064309207,6.25226691,,,
-1.233125,6.069890236,6.251470271,,,
-1.2325,6.065903787,6.253063549,,,
-1.231875,6.063511917,6.253063549,,,
-1.23125,6.067498366,6.253063549,,,
-1.230625,6.066701076,6.251470271,,,
-1.23,6.066701076,6.253063549,,,
-1.229375,6.065106497,6.256250105,,,
-1.22875,6.082646873,6.2602333,,,
-1.228125,6.077065844,6.261826579,,,
-1.2275,6.076268554,6.261826579,,,
-1.226875,6.073079395,6.2602333,,,
-1.22625,6.079457714,6.257046744,,,
-1.225625,6.068295656,6.255453466,,,
-1.225,6.068295656,6.254656827,,,
-1.224375,6.070687526,6.253860188,,,
-1.22375,6.070687526,6.253063549,,,
-1.223125,6.065903787,6.255453466,,,
-1.2225,6.066701076,6.256250105,,,
-1.221875,6.073876685,6.254656827,,,
-1.22125,6.066701076,6.255453466,,,
-1.220625,6.060322758,6.249080354,,,
-1.22,6.057133599,6.245893798,,,
-1.219375,6.062714627,6.245097159,,,
-1.21875,6.053944439,6.247487076,,,
-1.218125,6.061917338,6.250673632,,,
-1.2175,6.064309207,6.251470271,,,
-1.216875,6.067498366,6.25226691,,,
-1.21625,6.062714627,6.254656827,,,
-1.215625,6.065903787,6.253860188,,,
-1.215,6.069092946,6.251470271,,,
-1.214375,6.062714627,6.25226691,,,
-1.21375,6.063511917,6.253063549,,,
-1.213125,6.065106497,6.25226691,,,
-1.2125,6.074673975,6.255453466,,,
-1.211875,6.072282105,6.262623218,,,
-1.21125,6.076268554,6.264216496,,,
-1.210625,6.078660424,6.26102994,,,
-1.21,6.077065844,6.2602333,,,
-1.209375,6.066701076,6.257046744,,,
-1.20875,6.069890236,6.257843383,,,
-1.208125,6.073876685,6.255453466,,,
-1.2075,6.069092946,6.255453466,,,
-1.206875,6.065106497,6.256250105,,,
-1.20625,6.071484815,6.255453466,,,
-1.205625,6.072282105,6.255453466,,,
-1.205,6.065903787,6.256250105,,,
-1.204375,6.064309207,6.254656827,,,
-1.20375,6.061120048,6.246690437,,,
-1.203125,6.057133599,6.245893798,,,
-1.2025,6.053944439,6.247487076,,,
-1.201875,6.061120048,6.248283715,,,
-1.20125,6.065106497,6.249080354,,,
-1.200625,6.061120048,6.250673632,,,
-1.2,6.058728178,6.25226691,,,
-1.199375,6.069890236,6.253860188,,,
-1.19875,6.065903787,6.253860188,,,
-1.198125,6.063511917,6.253063549,,,
-1.1975,6.061120048,6.253063549,,,
-1.196875,6.068295656,6.25226691,,,
-1.19625,6.061917338,6.253063549,,,
-1.195625,6.067498366,6.2602333,,,
-1.195,6.075471264,6.263419857,,,
-1.194375,6.079457714,6.262623218,,,
-1.19375,6.073876685,6.26102994,,,
-1.193125,6.067498366,6.2602333,,,
-1.1925,6.074673975,6.257843383,,,
-1.191875,6.070687526,6.258640022,,,
-1.19125,6.066701076,6.257046744,,,
-1.190625,6.062714627,6.256250105,,,
-1.19,6.072282105,6.256250105,,,
-1.189375,6.065106497,6.254656827,,,
-1.18875,6.063511917,6.256250105,,,
-1.188125,6.066701076,6.253860188,,,
-1.1875,6.064309207,6.251470271,,,
-1.186875,6.053944439,6.245893798,,,
-1.18625,6.05155257,6.246690437,,,
-1.185625,6.061120048,6.245893798,,,
-1.185,6.057133599,6.248283715,,,
-1.184375,6.059525468,6.253063549,,,
-1.18375,6.057930888,6.25226691,,,
-1.183125,6.066701076,6.253063549,,,
-1.1825,6.061917338,6.253860188,,,
-1.181875,6.060322758,6.253860188,,,
-1.18125,6.065106497,6.253860188,,,
-1.180625,6.068295656,6.254656827,,,
-1.18,6.063511917,6.256250105,,,
-1.179375,6.062714627,6.254656827,,,
-1.17875,6.076268554,6.26102994,,,
-1.178125,6.077065844,6.264216496,,,
-1.1775,6.072282105,6.264216496,,,
-1.176875,6.070687526,6.26102994,,,
-1.17625,6.073079395,6.257843383,,,
-1.175625,6.066701076,6.257046744,,,
-1.175,6.063511917,6.255453466,,,
-1.174375,6.069092946,6.253860188,,,
-1.17375,6.067498366,6.254656827,,,
-1.173125,6.061917338,6.257046744,,,
-1.1725,6.063511917,6.256250105,,,
-1.171875,6.069092946,6.255453466,,,
-1.17125,6.066701076,6.256250105,,,
-1.170625,6.054741729,6.251470271,,,
-1.17,6.053944439,6.246690437,,,
-1.169375,6.053944439,6.24430052,,,
-1.16875,6.05314715,6.247487076,,,
-1.168125,6.05075528,6.249080354,,,
-1.1675,6.060322758,6.250673632,,,
-1.166875,6.061120048,6.253063549,,,
-1.16625,6.056336309,6.253063549,,,
-1.165625,6.058728178,6.253860188,,,
-1.165,6.061917338,6.251470271,,,
-1.164375,6.061120048,6.253063549,,,
-1.16375,6.053944439,6.253063549,,,
-1.163125,6.061917338,6.254656827,,,
-1.1625,6.065903787,6.256250105,,,
-1.161875,6.069890236,6.264216496,,,
-1.16125,6.068295656,6.264216496,,,
-1.160625,6.075471264,6.26102994,,,
-1.16,6.069092946,6.259436661,,,
-1.159375,6.063511917,6.258640022,,,
-1.15875,6.062714627,6.257843383,,,
-1.158125,6.066701076,6.253860188,,,
-1.1575,6.062714627,6.256250105,,,
-1.156875,6.059525468,6.257046744,,,
-1.15625,6.063511917,6.254656827,,,
-1.155625,6.063511917,6.254656827,,,
-1.155,6.058728178,6.257046744,,,
-1.154375,6.057930888,6.255453466,,,
-1.15375,6.059525468,6.245893798,,,
-1.153125,6.05075528,6.245097159,,,
-1.1525,6.048363411,6.246690437,,,
-1.151875,6.0491607,6.247487076,,,
-1.15125,6.059525468,6.249080354,,,
-1.150625,6.05314715,6.253063549,,,
-1.15,6.056336309,6.254656827,,,
-1.149375,6.060322758,6.253860188,,,
-1.14875,6.061120048,6.253860188,,,
-1.148125,6.055539019,6.254656827,,,
-1.1475,6.057133599,6.254656827,,,
-1.146875,6.064309207,6.253860188,,,
-1.14625,6.057133599,6.254656827,,,
-1.145625,6.064309207,6.26102994,,,
-1.145,6.068295656,6.264216496,,,
-1.144375,6.074673975,6.262623218,,,
-1.14375,6.064309207,6.261826579,,,
-1.143125,6.065106497,6.26102994,,,
-1.1425,6.065106497,6.257046744,,,
-1.141875,6.062714627,6.257046744,,,
-1.14125,6.057133599,6.256250105,,,
-1.140625,6.061120048,6.2602333,,,
-1.14,6.071484815,6.257843383,,,
-1.139375,6.062714627,6.258640022,,,
-1.13875,6.062714627,6.259436661,,,
-1.138125,6.064309207,6.258640022,,,
-1.1375,6.065106497,6.254656827,,,
-1.136875,6.047566121,6.249080354,,,
-1.13625,6.05075528,6.249876993,,,
-1.135625,6.05234986,6.248283715,,,
-1.135,6.056336309,6.250673632,,,
-1.134375,6.05234986,6.253063549,,,
-1.13375,6.057930888,6.255453466,,,
-1.133125,6.062714627,6.255453466,,,
-1.1325,6.057930888,6.255453466,,,
-1.131875,6.057133599,6.257046744,,,
-1.13125,6.061120048,6.257046744,,,
-1.130625,6.063511917,6.257046744,,,
-1.13,6.056336309,6.257046744,,,
-1.129375,6.057133599,6.257843383,,,
-1.12875,6.071484815,6.265013135,,,
-1.128125,6.069890236,6.264216496,,,
-1.1275,6.062714627,6.264216496,,,
-1.126875,6.068295656,6.264216496,,,
-1.12625,6.069890236,6.2602333,,,
-1.125625,6.062714627,6.258640022,,,
-1.125,6.057133599,6.258640022,,,
-1.124375,6.063511917,6.257046744,,,
-1.12375,6.063511917,6.257843383,,,
-1.123125,6.057930888,6.257046744,,,
-1.1225,6.055539019,6.257843383,,,
-1.121875,6.065903787,6.257843383,,,
-1.12125,6.061120048,6.257046744,,,
-1.120625,6.05075528,6.25226691,,,
-1.12,6.05155257,6.248283715,,,
-1.119375,6.053944439,6.248283715,,,
-1.11875,6.04995799,6.249080354,,,
-1.118125,6.047566121,6.25226691,,,
-1.1175,6.060322758,6.253860188,,,
-1.116875,6.058728178,6.256250105,,,
-1.11625,6.056336309,6.257046744,,,
-1.115625,6.053944439,6.256250105,,,
-1.115,6.061120048,6.256250105,,,
-1.114375,6.057133599,6.255453466,,,
-1.11375,6.053944439,6.256250105,,,
-1.113125,6.059525468,6.256250105,,,
-1.1125,6.066701076,6.259436661,,,
-1.111875,6.069092946,6.265809774,,,
-1.11125,6.065106497,6.265809774,,,
-1.110625,6.074673975,6.264216496,,,
-1.11,6.068295656,6.263419857,,,
-1.109375,6.064309207,6.261826579,,,
-1.10875,6.057930888,6.2602333,,,
-1.108125,6.068295656,6.257843383,,,
-1.1075,6.059525468,6.257046744,,,
-1.106875,6.056336309,6.257843383,,,
-1.10625,6.060322758,6.257046744,,,
-1.105625,6.061917338,6.256250105,,,
-1.105,6.058728178,6.258640022,,,
-1.104375,6.05314715,6.257046744,,,
-1.10375,6.053944439,6.248283715,,,
-1.103125,6.047566121,6.246690437,,,
-1.1025,6.045174251,6.248283715,,,
-1.101875,6.045971541,6.249080354,,,
-1.10125,6.057133599,6.250673632,,,
-1.100625,6.05314715,6.254656827,,,
-1.1,6.05314715,6.256250105,,,
-1.099375,6.057133599,6.255453466,,,
-1.09875,6.058728178,6.254656827,,,
-1.098125,6.053944439,6.255453466,,,
-1.0975,6.05314715,6.255453466,,,
-1.096875,6.060322758,6.253860188,,,
-1.09625,6.057133599,6.256250105,,,
-1.095625,6.058728178,6.261826579,,,
-1.095,6.065903787,6.265809774,,,
-1.094375,6.073079395,6.264216496,,,
-1.09375,6.066701076,6.264216496,,,
-1.093125,6.060322758,6.262623218,,,
-1.0925,6.062714627,6.259436661,,,
-1.091875,6.064309207,6.258640022,,,
-1.09125,6.057133599,6.258640022,,,
-1.090625,6.057133599,6.257843383,,,
-1.09,6.062714627,6.257046744,,,
-1.089375,6.061120048,6.258640022,,,
-1.08875,6.054741729,6.257843383,,,
-1.088125,6.057133599,6.257046744,,,
-1.0875,6.057930888,6.253063549,,,
-1.086875,6.045971541,6.248283715,,,
-1.08625,6.044376962,6.247487076,,,
-1.085625,6.048363411,6.248283715,,,
-1.085,6.054741729,6.249080354,,,
-1.084375,6.04995799,6.25226691,,,
-1.08375,6.05314715,6.253860188,,,
-1.083125,6.058728178,6.253063549,,,
-1.0825,6.056336309,6.256250105,,,
-1.081875,6.05155257,6.256250105,,,
-1.08125,6.056336309,6.256250105,,,
-1.080625,6.061120048,6.254656827,,,
-1.08,6.056336309,6.256250105,,,
-1.079375,6.054741729,6.257843383,,,
-1.07875,6.068295656,6.263419857,,,
-1.078125,6.068295656,6.265013135,,,
-1.0775,6.064309207,6.265809774,,,
-1.076875,6.065106497,6.265809774,,,
-1.07625,6.066701076,6.2602333,,,
-1.075625,6.061917338,6.2602333,,,
-1.075,6.054741729,6.258640022,,,
-1.074375,6.058728178,6.257843383,,,
-1.07375,6.058728178,6.256250105,,,
-1.073125,6.057930888,6.257046744,,,
-1.0725,6.055539019,6.258640022,,,
-1.071875,6.061917338,6.257046744,,,
-1.07125,6.057930888,6.257843383,,,
-1.070625,6.04995799,6.25226691,,,
-1.07,6.046768831,6.248283715,,,
-1.069375,6.04995799,6.245893798,,,
-1.06875,6.045174251,6.249080354,,,
-1.068125,6.046768831,6.251470271,,,
-1.0675,6.053944439,6.253063549,,,
-1.066875,6.057133599,6.253860188,,,
-1.06625,6.053944439,6.255453466,,,
-1.065625,6.05155257,6.255453466,,,
-1.065,6.060322758,6.253860188,,,
-1.064375,6.054741729,6.254656827,,,
-1.06375,6.053944439,6.256250105,,,
-1.063125,6.05234986,6.255453466,,,
-1.0625,6.063511917,6.257046744,,,
-1.061875,6.062714627,6.264216496,,,
-1.06125,6.063511917,6.265809774,,,
-1.060625,6.065106497,6.261826579,,,
-1.06,6.063511917,6.2602333,,,
-1.059375,6.058728178,6.259436661,,,
-1.05875,6.054741729,6.259436661,,,
-1.058125,6.060322758,6.256250105,,,
-1.0575,6.055539019,6.257046744,,,
-1.056875,6.056336309,6.257046744,,,
-1.05625,6.055539019,6.256250105,,,
-1.055625,6.060322758,6.255453466,,,
-1.055,6.05155257,6.255453466,,,
-1.054375,6.05234986,6.256250105,,,
-1.05375,6.0491607,6.247487076,,,
-1.053125,6.047566121,6.245893798,,,
-1.0525,6.041187802,6.247487076,,,
-1.051875,6.045174251,6.249080354,,,
-1.05125,6.05314715,6.250673632,,,
-1.050625,6.048363411,6.25226691,,,
-1.05,6.05155257,6.254656827,,,
-1.049375,6.05234986,6.255453466,,,
-1.04875,6.058728178,6.255453466,,,
-1.048125,6.048363411,6.254656827,,,
-1.0475,6.04995799,6.255453466,,,
-1.046875,6.05314715,6.253860188,,,
-1.04625,6.054741729,6.254656827,,,
-1.045625,6.053944439,6.2602333,,,
-1.045,6.061917338,6.265013135,,,
-1.044375,6.069890236,6.263419857,,,
-1.04375,6.061120048,6.261826579,,,
-1.043125,6.058728178,6.26102994,,,
-1.0425,6.059525468,6.258640022,,,
-1.041875,6.060322758,6.257046744,,,
-1.04125,6.05155257,6.257046744,,,
-1.040625,6.05314715,6.257843383,,,
-1.04,6.057930888,6.257046744,,,
-1.039375,6.057133599,6.257843383,,,
-1.03875,6.05075528,6.257843383,,,
-1.038125,6.055539019,6.257046744,,,
-1.0375,6.054741729,6.253860188,,,
-1.036875,6.043579672,6.247487076,,,
-1.03625,6.039593223,6.247487076,,,
-1.035625,6.047566121,6.247487076,,,
-1.035,6.0491607,6.249080354,,,
-1.034375,6.045971541,6.25226691,,,
-1.03375,6.047566121,6.253860188,,,
-1.033125,6.056336309,6.253860188,,,
-1.0325,6.05155257,6.253860188,,,
-1.031875,6.046768831,6.256250105,,,
-1.03125,6.05155257,6.253860188,,,
-1.030625,6.055539019,6.254656827,,,
-1.03,6.05234986,6.253860188,,,
-1.029375,6.047566121,6.256250105,,,
-1.02875,6.067498366,6.262623218,,,
-1.028125,6.062714627,6.263419857,,,
-1.0275,6.059525468,6.263419857,,,
-1.026875,6.057133599,6.262623218,,,
-1.02625,6.065106497,6.258640022,,,
-1.025625,6.057930888,6.257843383,,,
-1.025,6.05075528,6.257046744,,,
-1.024375,6.056336309,6.256250105,,,
-1.02375,6.058728178,6.255453466,,,
-1.023125,6.055539019,6.257046744,,,
-1.0225,6.04995799,6.257046744,,,
-1.021875,6.062714627,6.256250105,,,
-1.02125,6.054741729,6.255453466,,,
-1.020625,6.045174251,6.250673632,,,
-1.02,6.039593223,6.245893798,,,
-1.019375,6.048363411,6.245893798,,,
-1.01875,6.041985092,6.248283715,,,
-1.018125,6.042782382,6.251470271,,,
-1.0175,6.05075528,6.253063549,,,
-1.016875,6.057930888,6.253063549,,,
-1.01625,6.05234986,6.255453466,,,
-1.015625,6.045971541,6.254656827,,,
-1.015,6.058728178,6.253860188,,,
-1.014375,6.053944439,6.253860188,,,
-1.01375,6.0491607,6.256250105,,,
-1.013125,6.047566121,6.255453466,,,
-1.0125,6.062714627,6.257046744,,,
-1.011875,6.064309207,6.265013135,,,
-1.01125,6.061120048,6.265013135,,,
-1.010625,6.064309207,6.263419857,,,
-1.01,6.065903787,6.261826579,,,
-1.009375,6.057930888,6.2602333,,,
-1.00875,6.053944439,6.259436661,,,
-1.008125,6.061917338,6.257843383,,,
-1.0075,6.056336309,6.256250105,,,
-1.006875,6.05234986,6.257046744,,,
-1.00625,6.053944439,6.257843383,,,
-1.005625,6.063511917,6.254656827,,,
-1.005,6.054741729,6.257046744,,,
-1.004375,6.05075528,6.257046744,,,
-1.00375,6.045174251,6.248283715,,,
-1.003125,6.04995799,6.246690437,,,
-1.0025,6.041187802,6.246690437,,,
-1.001875,6.041985092,6.247487076,,,
-1.00125,6.05155257,6.249876993,,,
-1.000625,6.05155257,6.25226691,,,
-1,6.048363411,6.254656827,,,
-0.999375,6.05234986,6.256250105,,,
-0.99875,6.059525468,6.253063549,,,
-0.998125,6.05234986,6.254656827,,,
-0.9975,6.04995799,6.255453466,,,
-0.996875,6.05314715,6.254656827,,,
-0.99625,6.057930888,6.254656827,,,
-0.995625,6.057930888,6.26102994,,,
-0.995,6.063511917,6.265809774,,,
-0.994375,6.069092946,6.262623218,,,
-0.99375,6.066701076,6.263419857,,,
-0.993125,6.055539019,6.2602333,,,
-0.9925,6.058728178,6.258640022,,,
-0.991875,6.060322758,6.257046744,,,
-0.99125,6.054741729,6.257843383,,,
-0.990625,6.05155257,6.256250105,,,
-0.99,6.054741729,6.255453466,,,
-0.989375,6.056336309,6.255453466,,,
-0.98875,6.05155257,6.254656827,,,
-0.988125,6.053944439,6.256250105,,,
-0.9875,6.054741729,6.250673632,,,
-0.986875,6.045174251,6.245893798,,,
-0.98625,6.039593223,6.246690437,,,
-0.985625,6.043579672,6.245893798,,,
-0.985,6.048363411,6.246690437,,,
-0.984375,6.046768831,6.249876993,,,
-0.98375,6.045971541,6.251470271,,,
-0.983125,6.053944439,6.251470271,,,
-0.9825,6.054741729,6.253860188,,,
-0.981875,6.0491607,6.253860188,,,
-0.98125,6.05075528,6.253860188,,,
-0.980625,6.055539019,6.253063549,,,
-0.98,6.05314715,6.253860188,,,
-0.979375,6.0491607,6.254656827,,,
-0.97875,6.061120048,6.26102994,,,
-0.978125,6.065106497,6.261826579,,,
-0.9775,6.061917338,6.262623218,,,
-0.976875,6.059525468,6.262623218,,,
-0.97625,6.062714627,6.258640022,,,
-0.975625,6.059525468,6.257046744,,,
-0.975,6.055539019,6.257046744,,,
-0.974375,6.056336309,6.256250105,,,
-0.97375,6.061917338,6.255453466,,,
-0.973125,6.054741729,6.257046744,,,
-0.9725,6.055539019,6.258640022,,,
-0.971875,6.057133599,6.257046744,,,
-0.97125,6.058728178,6.256250105,,,
-0.970625,6.047566121,6.251470271,,,
-0.97,6.041985092,6.247487076,,,
-0.969375,6.04995799,6.245097159,,,
-0.96875,6.045174251,6.247487076,,,
-0.968125,6.048363411,6.249876993,,,
-0.9675,6.04995799,6.25226691,,,
-0.966875,6.057930888,6.253860188,,,
-0.96625,6.05234986,6.254656827,,,
-0.965625,6.05234986,6.256250105,,,
-0.965,6.053944439,6.253860188,,,
-0.964375,6.053944439,6.253860188,,,
-0.96375,6.05234986,6.253860188,,,
-0.963125,6.05155257,6.255453466,,,
-0.9625,6.061917338,6.257046744,,,
-0.961875,6.065106497,6.262623218,,,
-0.96125,6.065106497,6.265013135,,,
-0.960625,6.063511917,6.262623218,,,
-0.96,6.066701076,6.26102994,,,
-0.959375,6.055539019,6.258640022,,,
-0.95875,6.055539019,6.258640022,,,
-0.958125,6.058728178,6.254656827,,,
-0.9575,6.058728178,6.255453466,,,
-0.956875,6.053944439,6.255453466,,,
-0.95625,6.056336309,6.257046744,,,
-0.955625,6.060322758,6.254656827,,,
-0.955,6.055539019,6.255453466,,,
-0.954375,6.054741729,6.256250105,,,
-0.95375,6.047566121,6.247487076,,,
-0.953125,6.047566121,6.245893798,,,
-0.9525,6.041187802,6.245893798,,,
-0.951875,6.045971541,6.248283715,,,
-0.95125,6.05234986,6.248283715,,,
-0.950625,6.05314715,6.25226691,,,
-0.95,6.048363411,6.253063549,,,
-0.949375,6.053944439,6.254656827,,,
-0.94875,6.059525468,6.253063549,,,
-0.948125,6.05314715,6.253063549,,,
-0.9475,6.0491607,6.255453466,,,
-0.946875,6.057930888,6.253860188,,,
-0.94625,6.056336309,6.254656827,,,
-0.945625,6.056336309,6.259436661,,,
-0.945,6.061120048,6.265013135,,,
-0.944375,6.071484815,6.263419857,,,
-0.94375,6.065903787,6.262623218,,,
-0.943125,6.057930888,6.2602333,,,
-0.9425,6.061120048,6.258640022,,,
-0.941875,6.064309207,6.257046744,,,
-0.94125,6.057930888,6.257046744,,,
-0.940625,6.053944439,6.257843383,,,
-0.94,6.061120048,6.257046744,,,
-0.939375,6.058728178,6.257046744,,,
-0.93875,6.056336309,6.257046744,,,
-0.938125,6.053944439,6.257046744,,,
-0.9375,6.059525468,6.253860188,,,
-0.936875,6.047566121,6.248283715,,,
-0.93625,6.041985092,6.247487076,,,
-0.935625,6.047566121,6.248283715,,,
-0.935,6.054741729,6.249080354,,,
-0.934375,6.05155257,6.25226691,,,
-0.93375,6.046768831,6.254656827,,,
-0.933125,6.060322758,6.255453466,,,
-0.9325,6.055539019,6.254656827,,,
-0.931875,6.05234986,6.256250105,,,
-0.93125,6.05075528,6.255453466,,,
-0.930625,6.062714627,6.254656827,,,
-0.93,6.055539019,6.254656827,,,
-0.929375,6.05075528,6.255453466,,,
-0.92875,6.062714627,6.261826579,,,
-0.928125,6.068295656,6.264216496,,,
-0.9275,6.062714627,6.263419857,,,
-0.926875,6.057930888,6.26102994,,,
-0.92625,6.066701076,6.2602333,,,
-0.925625,6.059525468,6.257046744,,,
-0.925,6.055539019,6.257843383,,,
-0.924375,6.05075528,6.256250105,,,
-0.92375,6.063511917,6.256250105,,,
-0.923125,6.053944439,6.255453466,,,
-0.9225,6.05075528,6.257046744,,,
-0.921875,6.055539019,6.256250105,,,
-0.92125,6.058728178,6.255453466,,,
-0.920625,6.048363411,6.251470271,,,
-0.92,6.038795933,6.246690437,,,
-0.919375,6.04995799,6.246690437,,,
-0.91875,6.045971541,6.247487076,,,
-0.918125,6.044376962,6.250673632,,,
-0.9175,6.045174251,6.250673632,,,
-0.916875,6.058728178,6.25226691,,,
-0.91625,6.05234986,6.254656827,,,
-0.915625,6.04995799,6.255453466,,,
-0.915,6.05234986,6.253860188,,,
-0.914375,6.057930888,6.253063549,,,
-0.91375,6.04995799,6.253860188,,,
-0.913125,6.0491607,6.254656827,,,
-0.9125,6.061917338,6.256250105,,,
-0.911875,6.065106497,6.263419857,,,
-0.91125,6.058728178,6.265013135,,,
-0.910625,6.061120048,6.262623218,,,
-0.91,6.065106497,6.26102994,,,
-0.909375,6.057930888,6.2602333,,,
-0.90875,6.053944439,6.258640022,,,
-0.908125,6.055539019,6.257046744,,,
-0.9075,6.062714627,6.256250105,,,
-0.906875,6.05314715,6.258640022,,,
-0.90625,6.054741729,6.257843383,,,
-0.905625,6.057930888,6.257046744,,,
-0.905,6.057133599,6.257046744,,,
-0.904375,6.046768831,6.253063549,,,
-0.90375,6.041187802,6.24430052,,,
-0.903125,6.044376962,6.241910602,,,
-0.9025,6.038795933,6.24430052,,,
-0.901875,6.036404063,6.245893798,,,
-0.90125,6.045971541,6.248283715,,,
-0.900625,6.05314715,6.249876993,,,
-0.9,6.046768831,6.25226691,,,
-0.899375,6.047566121,6.25226691,,,
-0.89875,6.05155257,6.250673632,,,
-0.898125,6.05234986,6.251470271,,,
-0.8975,6.045174251,6.253860188,,,
-0.896875,6.05155257,6.251470271,,,
-0.89625,6.05234986,6.250673632,,,
-0.895625,6.054741729,6.257046744,,,
-0.895,6.056336309,6.261826579,,,
-0.894375,6.065106497,6.2602333,,,
-0.89375,6.061917338,6.258640022,,,
-0.893125,6.055539019,6.258640022,,,
-0.8925,6.053944439,6.256250105,,,
-0.891875,6.057133599,6.253063549,,,
-0.89125,6.054741729,6.253860188,,,
-0.890625,6.046768831,6.253860188,,,
-0.89,6.053944439,6.253860188,,,
-0.889375,6.054741729,6.25226691,,,
-0.88875,6.053944439,6.254656827,,,
-0.888125,6.047566121,6.253860188,,,
-0.8875,6.05314715,6.249080354,,,
-0.886875,6.041985092,6.24430052,,,
-0.88625,6.038795933,6.24430052,,,
-0.885625,6.039593223,6.243503881,,,
-0.885,6.046768831,6.243503881,,,
-0.884375,6.044376962,6.247487076,,,
-0.88375,6.044376962,6.249876993,,,
-0.883125,6.04995799,6.250673632,,,
-0.8825,6.05075528,6.248283715,,,
-0.881875,6.046768831,6.250673632,,,
-0.88125,6.044376962,6.250673632,,,
-0.880625,6.054741729,6.249876993,,,
-0.88,6.05075528,6.249876993,,,
-0.879375,6.048363411,6.251470271,,,
-0.87875,6.058728178,6.258640022,,,
-0.878125,6.063511917,6.258640022,,,
-0.8775,6.057930888,6.261826579,,,
-0.876875,6.056336309,6.259436661,,,
-0.87625,6.060322758,6.256250105,,,
-0.875625,6.058728178,6.254656827,,,
-0.875,6.05075528,6.254656827,,,
-0.874375,6.05155257,6.253063549,,,
-0.87375,6.057133599,6.251470271,,,
-0.873125,6.05234986,6.25226691,,,
-0.8725,6.05234986,6.253063549,,,
-0.871875,6.05155257,6.253860188,,,
-0.87125,6.057133599,6.25226691,,,
-0.870625,6.041985092,6.248283715,,,
-0.87,6.037201353,6.24430052,,,
-0.869375,6.043579672,6.243503881,,,
-0.86875,6.046768831,6.24430052,,,
-0.868125,6.039593223,6.245893798,,,
-0.8675,6.045174251,6.249876993,,,
-0.866875,6.05314715,6.249876993,,,
-0.86625,6.048363411,6.25226691,,,
-0.865625,6.047566121,6.25226691,,,
-0.865,6.05075528,6.251470271,,,
-0.864375,6.05234986,6.250673632,,,
-0.86375,6.045174251,6.251470271,,,
-0.863125,6.04995799,6.253063549,,,
-0.8625,6.055539019,6.253860188,,,
-0.861875,6.063511917,6.262623218,,,
-0.86125,6.057133599,6.261826579,,,
-0.860625,6.063511917,6.261826579,,,
-0.86,6.065106497,6.258640022,,,
-0.859375,6.057133599,6.257046744,,,
-0.85875,6.053944439,6.256250105,,,
-0.858125,6.056336309,6.254656827,,,
-0.8575,6.057930888,6.255453466,,,
-0.856875,6.05075528,6.254656827,,,
-0.85625,6.04995799,6.255453466,,,
-0.855625,6.057133599,6.253063549,,,
-0.855,6.054741729,6.253860188,,,
-0.854375,6.045174251,6.253063549,,,
-0.85375,6.044376962,6.245893798,,,
-0.853125,6.046768831,6.243503881,,,
-0.8525,6.041985092,6.24430052,,,
-0.851875,6.039593223,6.246690437,,,
-0.85125,6.05075528,6.246690437,,,
-0.850625,6.0491607,6.249876993,,,
-0.85,6.045971541,6.250673632,,,
-0.849375,6.047566121,6.253063549,,,
-0.84875,6.057930888,6.250673632,,,
-0.848125,6.05234986,6.251470271,,,
-0.8475,6.046768831,6.25226691,,,
-0.846875,6.05075528,6.251470271,,,
-0.84625,6.056336309,6.250673632,,,
-0.845625,6.056336309,6.256250105,,,
-0.845,6.057930888,6.26102994,,,
-0.844375,6.069890236,6.26102994,,,
-0.84375,6.063511917,6.2602333,,,
-0.843125,6.057930888,6.258640022,,,
-0.8425,6.054741729,6.256250105,,,
-0.841875,6.060322758,6.253860188,,,
-0.84125,6.05234986,6.253063549,,,
-0.840625,6.048363411,6.253063549,,,
-0.84,6.054741729,6.253063549,,,
-0.839375,6.062714627,6.253063549,,,
-0.83875,6.05314715,6.253063549,,,
-0.838125,6.0491607,6.253860188,,,
-0.8375,6.057930888,6.249080354,,,
-0.836875,6.043579672,6.24430052,,,
-0.83625,6.038795933,6.243503881,,,
-0.835625,6.036404063,6.243503881,,,
-0.835,6.05314715,6.245893798,,,
-0.834375,6.045174251,6.247487076,,,
-0.83375,6.045971541,6.249876993,,,
-0.833125,6.0491607,6.250673632,,,
-0.8325,6.057930888,6.251470271,,,
-0.831875,6.048363411,6.251470271,,,
-0.83125,6.047566121,6.251470271,,,
-0.830625,6.054741729,6.249876993,,,
-0.83,6.05314715,6.251470271,,,
-0.829375,6.0491607,6.25226691,,,
-0.82875,6.055539019,6.257046744,,,
-0.828125,6.069092946,6.259436661,,,
-0.8275,6.057930888,6.259436661,,,
-0.826875,6.056336309,6.2602333,,,
-0.82625,6.057133599,6.256250105,,,
-0.825625,6.061120048,6.254656827,,,
-0.825,6.05234986,6.253860188,,,
-0.824375,6.04995799,6.253063549,,,
-0.82375,6.056336309,6.251470271,,,
-0.823125,6.05314715,6.25226691,,,
-0.8225,6.04995799,6.253063549,,,
-0.821875,6.05075528,6.25226691,,,
-0.82125,6.058728178,6.25226691,,,
-0.820625,6.0491607,6.249080354,,,
-0.82,6.040390513,6.245097159,,,
-0.819375,6.045174251,6.241910602,,,
-0.81875,6.047566121,6.24430052,,,
-0.818125,6.043579672,6.246690437,,,
-0.8175,6.045971541,6.248283715,,,
-0.816875,6.053944439,6.249080354,,,
-0.81625,6.054741729,6.25226691,,,
-0.815625,6.048363411,6.25226691,,,
-0.815,6.04995799,6.251470271,,,
-0.814375,6.055539019,6.251470271,,,
-0.81375,6.05155257,6.25226691,,,
-0.813125,6.048363411,6.25226691,,,
-0.8125,6.055539019,6.253063549,,,
-0.811875,6.065106497,6.26102994,,,
-0.81125,6.062714627,6.261826579,,,
-0.810625,6.062714627,6.26102994,,,
-0.81,6.065903787,6.258640022,,,
-0.809375,6.060322758,6.257046744,,,
-0.80875,6.053944439,6.257046744,,,
-0.808125,6.057930888,6.255453466,,,
-0.8075,6.058728178,6.253860188,,,
-0.806875,6.055539019,6.254656827,,,
-0.80625,6.05234986,6.254656827,,,
-0.805625,6.061120048,6.254656827,,,
-0.805,6.058728178,6.253063549,,,
-0.804375,6.054741729,6.255453466,,,
-0.80375,6.045174251,6.245893798,,,
-0.803125,6.0491607,6.24430052,,,
-0.8025,6.044376962,6.245097159,,,
-0.801875,6.041187802,6.247487076,,,
-0.80125,6.04995799,6.248283715,,,
-0.800625,6.05155257,6.249876993,,,
-0.8,6.05075528,6.25226691,,,
-0.799375,6.048363411,6.253063549,,,
-0.79875,6.057133599,6.251470271,,,
-0.798125,6.054741729,6.251470271,,,
-0.7975,6.05155257,6.253063549,,,
-0.796875,6.05314715,6.251470271,,,
-0.79625,6.056336309,6.251470271,,,
-0.795625,6.055539019,6.256250105,,,
-0.795,6.061120048,6.262623218,,,
-0.794375,6.067498366,6.261826579,,,
-0.79375,6.066701076,6.2602333,,,
-0.793125,6.060322758,6.259436661,,,
-0.7925,6.058728178,6.257843383,,,
-0.791875,6.062714627,6.257046744,,,
-0.79125,6.057133599,6.253860188,,,
-0.790625,6.053944439,6.253860188,,,
-0.79,6.057133599,6.254656827,,,
-0.789375,6.061120048,6.253860188,,,
-0.78875,6.055539019,6.254656827,,,
-0.788125,6.05314715,6.256250105,,,
-0.7875,6.054741729,6.25226691,,,
-0.786875,6.048363411,6.245097159,,,
-0.78625,6.040390513,6.245097159,,,
-0.785625,6.041187802,6.245893798,,,
-0.785,6.05075528,6.245893798,,,
-0.784375,6.048363411,6.248283715,,,
-0.78375,6.048363411,6.251470271,,,
-0.783125,6.054741729,6.251470271,,,
-0.7825,6.057133599,6.250673632,,,
-0.781875,6.0491607,6.251470271,,,
-0.78125,6.04995799,6.251470271,,,
-0.780625,6.056336309,6.25226691,,,
-0.78,6.057133599,6.250673632,,,
-0.779375,6.04995799,6.253063549,,,
-0.77875,6.062714627,6.259436661,,,
-0.778125,6.069092946,6.259436661,,,
-0.7775,6.063511917,6.26102994,,,
-0.776875,6.057133599,6.257843383,,,
-0.77625,6.063511917,6.257046744,,,
-0.775625,6.060322758,6.253860188,,,
-0.775,6.054741729,6.253860188,,,
-0.774375,6.05314715,6.253063549,,,
-0.77375,6.060322758,6.253063549,,,
-0.773125,6.057133599,6.253063549,,,
-0.7725,6.0491607,6.25226691,,,
-0.771875,6.057133599,6.253063549,,,
-0.77125,6.058728178,6.25226691,,,
-0.770625,6.05155257,6.249080354,,,
-0.77,6.038795933,6.24430052,,,
-0.769375,6.048363411,6.243503881,,,
-0.76875,6.048363411,6.245097159,,,
-0.768125,6.045971541,6.247487076,,,
-0.7675,6.045971541,6.249080354,,,
-0.766875,6.057930888,6.249876993,,,
-0.76625,6.055539019,6.251470271,,,
-0.765625,6.048363411,6.251470271,,,
-0.765,6.055539019,6.251470271,,,
-0.764375,6.057133599,6.249876993,,,
-0.76375,6.053944439,6.251470271,,,
-0.763125,6.04995799,6.251470271,,,
-0.7625,6.061917338,6.253063549,,,
-0.761875,6.065903787,6.2602333,,,
-0.76125,6.062714627,6.26102994,,,
-0.760625,6.061120048,6.26102994,,,
-0.76,6.070687526,6.257843383,,,
-0.759375,6.062714627,6.257046744,,,
-0.75875,6.053944439,6.254656827,,,
-0.758125,6.057133599,6.253063549,,,
-0.7575,6.062714627,6.251470271,,,
-0.756875,6.056336309,6.25226691,,,
-0.75625,6.05234986,6.253063549,,,
-0.755625,6.063511917,6.25226691,,,
-0.755,6.057930888,6.253860188,,,
-0.754375,6.053944439,6.253860188,,,
-0.75375,6.044376962,6.245893798,,,
-0.753125,6.05314715,6.243503881,,,
-0.7525,6.045174251,6.245097159,,,
-0.751875,6.043579672,6.245893798,,,
-0.75125,6.04995799,6.247487076,,,
-0.750625,6.056336309,6.247487076,,,
-0.75,6.05075528,6.250673632,,,
-0.749375,6.05075528,6.251470271,,,
-0.74875,6.058728178,6.250673632,,,
-0.748125,6.057930888,6.251470271,,,
-0.7475,6.04995799,6.253063549,,,
-0.746875,6.04995799,6.25226691,,,
-0.74625,6.061120048,6.251470271,,,
-0.745625,6.056336309,6.257046744,,,
-0.745,6.062714627,6.262623218,,,
-0.744375,6.065106497,6.26102994,,,
-0.74375,6.071484815,6.26102994,,,
-0.743125,6.059525468,6.258640022,,,
-0.7425,6.059525468,6.257046744,,,
-0.741875,6.061917338,6.254656827,,,
-0.74125,6.061120048,6.254656827,,,
-0.740625,6.054741729,6.254656827,,,
-0.74,6.056336309,6.254656827,,,
-0.739375,6.063511917,6.253063549,,,
-0.73875,6.056336309,6.253860188,,,
-0.738125,6.054741729,6.254656827,,,
-0.7375,6.055539019,6.251470271,,,
-0.736875,6.05234986,6.245097159,,,
-0.73625,6.043579672,6.24430052,,,
-0.735625,6.043579672,6.245097159,,,
-0.735,6.05314715,6.24430052,,,
-0.734375,6.05075528,6.249080354,,,
-0.73375,6.047566121,6.250673632,,,
-0.733125,6.053944439,6.25226691,,,
-0.7325,6.058728178,6.249876993,,,
-0.731875,6.05234986,6.250673632,,,
-0.73125,6.05234986,6.251470271,,,
-0.730625,6.055539019,6.250673632,,,
-0.73,6.058728178,6.249876993,,,
-0.729375,6.05314715,6.251470271,,,
-0.72875,6.060322758,6.257843383,,,
-0.728125,6.068295656,6.259436661,,,
-0.7275,6.066701076,6.259436661,,,
-0.726875,6.060322758,6.259436661,,,
-0.72625,6.063511917,6.257046744,,,
-0.725625,6.062714627,6.254656827,,,
-0.725,6.058728178,6.253063549,,,
-0.724375,6.053944439,6.253860188,,,
-0.72375,6.061120048,6.25226691,,,
-0.723125,6.057930888,6.253860188,,,
-0.7225,6.053944439,6.253860188,,,
-0.721875,6.054741729,6.253063549,,,
-0.72125,6.061120048,6.250673632,,,
-0.720625,6.05155257,6.246690437,,,
-0.72,6.041187802,6.243503881,,,
-0.719375,6.044376962,6.242707241,,,
-0.71875,6.046768831,6.24430052,,,
-0.718125,6.047566121,6.247487076,,,
-0.7175,6.045971541,6.249876993,,,
-0.716875,6.056336309,6.249876993,,,
-0.71625,6.054741729,6.251470271,,,
-0.715625,6.053944439,6.253063549,,,
-0.715,6.05314715,6.251470271,,,
-0.714375,6.057133599,6.250673632,,,
-0.71375,6.05234986,6.25226691,,,
-0.713125,6.05234986,6.253860188,,,
-0.7125,6.057930888,6.254656827,,,
-0.711875,6.068295656,6.26102994,,,
-0.71125,6.064309207,6.261826579,,,
-0.710625,6.061917338,6.26102994,,,
-0.71,6.068295656,6.257843383,,,
-0.709375,6.057930888,6.255453466,,,
-0.70875,6.057930888,6.254656827,,,
-0.708125,6.057930888,6.253063549,,,
-0.7075,6.061120048,6.253063549,,,
-0.706875,6.05234986,6.253063549,,,
-0.70625,6.054741729,6.254656827,,,
-0.705625,6.060322758,6.253063549,,,
-0.705,6.058728178,6.253063549,,,
-0.704375,6.053944439,6.253860188,,,
-0.70375,6.045971541,6.245893798,,,
-0.703125,6.0491607,6.243503881,,,
-0.7025,6.045174251,6.24430052,,,
-0.701875,6.045971541,6.246690437,,,
-0.70125,6.04995799,6.247487076,,,
-0.700625,6.05314715,6.249080354,,,
-0.7,6.0491607,6.249876993,,,
-0.699375,6.05155257,6.253063549,,,
-0.69875,6.055539019,6.25226691,,,
-0.698125,6.056336309,6.25226691,,,
-0.6975,6.05075528,6.25226691,,,
-0.696875,6.053944439,6.25226691,,,
-0.69625,6.059525468,6.253063549,,,
-0.695625,6.057133599,6.256250105,,,
-0.695,6.062714627,6.261826579,,,
-0.694375,6.067498366,6.2602333,,,
-0.69375,6.067498366,6.259436661,,,
-0.693125,6.059525468,6.257843383,,,
-0.6925,6.058728178,6.257046744,,,
-0.691875,6.062714627,6.254656827,,,
-0.69125,6.058728178,6.254656827,,,
-0.690625,6.05155257,6.254656827,,,
-0.69,6.057930888,6.253860188,,,
-0.689375,6.061917338,6.253860188,,,
-0.68875,6.057930888,6.253063549,,,
-0.688125,6.05155257,6.253860188,,,
-0.6875,6.057930888,6.25226691,,,
-0.686875,6.047566121,6.243503881,,,
-0.68625,6.041985092,6.24430052,,,
-0.685625,6.041985092,6.245097159,,,
-0.685,6.05314715,6.245097159,,,
-0.684375,6.05075528,6.248283715,,,
-0.68375,6.046768831,6.251470271,,,
-0.683125,6.055539019,6.25226691,,,
-0.6825,6.058728178,6.251470271,,,
-0.681875,6.053944439,6.25226691,,,
-0.68125,6.046768831,6.251470271,,,
-0.680625,6.057930888,6.251470271,,,
-0.68,6.053944439,6.250673632,,,
-0.679375,6.05075528,6.25226691,,,
-0.67875,6.054741729,6.257843383,,,
-0.678125,6.069092946,6.26102994,,,
-0.6775,6.063511917,6.2602333,,,
-0.676875,6.057133599,6.2602333,,,
-0.67625,6.059525468,6.257843383,,,
-0.675625,6.061917338,6.255453466,,,
-0.675,6.055539019,6.254656827,,,
-0.674375,6.04995799,6.253860188,,,
-0.67375,6.061917338,6.253860188,,,
-0.673125,6.056336309,6.253063549,,,
-0.6725,6.05234986,6.254656827,,,
-0.671875,6.04995799,6.253063549,,,
-0.67125,6.063511917,6.253860188,,,
-0.670625,6.048363411,6.249080354,,,
-0.67,6.039593223,6.243503881,,,
-0.669375,6.045174251,6.242707241,,,
-0.66875,6.05075528,6.243503881,,,
-0.668125,6.045971541,6.248283715,,,
-0.6675,6.045174251,6.249080354,,,
-0.666875,6.057930888,6.250673632,,,
-0.66625,6.054741729,6.251470271,,,
-0.665625,6.04995799,6.253860188,,,
-0.665,6.048363411,6.25226691,,,
-0.664375,6.060322758,6.250673632,,,
-0.66375,6.04995799,6.251470271,,,
-0.663125,6.047566121,6.251470271,,,
-0.6625,6.05314715,6.253860188,,,
-0.661875,6.067498366,6.259436661,,,
-0.66125,6.061917338,6.261826579,,,
-0.660625,6.059525468,6.2602333,,,
-0.66,6.064309207,6.258640022,,,
-0.659375,6.060322758,6.256250105,,,
-0.65875,6.053944439,6.255453466,,,
-0.658125,6.05314715,6.253860188,,,
-0.6575,6.061120048,6.253063549,,,
-0.656875,6.056336309,6.253860188,,,
-0.65625,6.05234986,6.253860188,,,
-0.655625,6.054741729,6.253063549,,,
-0.655,6.059525468,6.253860188,,,
-0.654375,6.05234986,6.253063549,,,
-0.65375,6.045971541,6.246690437,,,
-0.653125,6.04995799,6.24430052,,,
-0.6525,6.047566121,6.24430052,,,
-0.651875,6.040390513,6.245097159,,,
-0.65125,6.047566121,6.247487076,,,
-0.650625,6.054741729,6.249080354,,,
-0.65,6.05075528,6.250673632,,,
-0.649375,6.0491607,6.25226691,,,
-0.64875,6.05155257,6.250673632,,,
-0.648125,6.057133599,6.249876993,,,
-0.6475,6.05075528,6.251470271,,,
-0.646875,6.05075528,6.251470271,,,
-0.64625,6.056336309,6.249876993,,,
-0.645625,6.059525468,6.255453466,,,
-0.645,6.059525468,6.26102994,,,
-0.644375,6.065106497,6.26102994,,,
-0.64375,6.069092946,6.258640022,,,
-0.643125,6.062714627,6.259436661,,,
-0.6425,6.057133599,6.257046744,,,
-0.641875,6.060322758,6.253063549,,,
-0.64125,6.059525468,6.253063549,,,
-0.640625,6.053944439,6.253063549,,,
-0.64,6.054741729,6.253063549,,,
-0.639375,6.060322758,6.25226691,,,
-0.63875,6.057930888,6.253860188,,,
-0.638125,6.05155257,6.253063549,,,
-0.6375,6.055539019,6.251470271,,,
-0.636875,6.048363411,6.243503881,,,
-0.63625,6.045174251,6.243503881,,,
-0.635625,6.042782382,6.245097159,,,
-0.635,6.05155257,6.245097159,,,
-0.634375,6.054741729,6.248283715,,,
-0.63375,6.04995799,6.249876993,,,
-0.633125,6.05155257,6.251470271,,,
-0.6325,6.057133599,6.250673632,,,
-0.631875,6.05234986,6.251470271,,,
-0.63125,6.05075528,6.253063549,,,
-0.630625,6.054741729,6.25226691,,,
-0.63,6.055539019,6.251470271,,,
-0.629375,6.05155257,6.25226691,,,
-0.62875,6.059525468,6.258640022,,,
-0.628125,6.069890236,6.2602333,,,
-0.6275,6.063511917,6.2602333,,,
-0.626875,6.063511917,6.259436661,,,
-0.62625,6.060322758,6.257843383,,,
-0.625625,6.064309207,6.254656827,,,
-0.625,6.055539019,6.253063549,,,
-0.624375,6.053944439,6.253860188,,,
-0.62375,6.057133599,6.251470271,,,
-0.623125,6.061120048,6.253860188,,,
-0.6225,6.053944439,6.253860188,,,
-0.621875,6.05314715,6.253860188,,,
-0.62125,6.061917338,6.25226691,,,
-0.620625,6.05075528,6.248283715,,,
-0.62,6.045174251,6.24430052,,,
-0.619375,6.047566121,6.243503881,,,
-0.61875,6.048363411,6.24430052,,,
-0.618125,6.043579672,6.246690437,,,
-0.6175,6.05075528,6.250673632,,,
-0.616875,6.054741729,6.250673632,,,
-0.61625,6.055539019,6.251470271,,,
-0.615625,6.05075528,6.251470271,,,
-0.615,6.05234986,6.251470271,,,
-0.614375,6.056336309,6.249876993,,,
-0.61375,6.05075528,6.251470271,,,
-0.613125,6.05234986,6.251470271,,,
-0.6125,6.057133599,6.253063549,,,
-0.611875,6.068295656,6.259436661,,,
-0.61125,6.058728178,6.2602333,,,
-0.610625,6.061120048,6.26102994,,,
-0.61,6.065903787,6.257843383,,,
-0.609375,6.061917338,6.257046744,,,
-0.60875,6.053944439,6.254656827,,,
-0.608125,6.057930888,6.255453466,,,
-0.6075,6.063511917,6.253860188,,,
-0.606875,6.056336309,6.253860188,,,
-0.60625,6.05314715,6.254656827,,,
-0.605625,6.060322758,6.253063549,,,
-0.605,6.058728178,6.253063549,,,
-0.604375,6.05155257,6.253063549,,,
-0.60375,6.047566121,6.249080354,,,
-0.603125,6.05075528,6.24430052,,,
-0.6025,6.046768831,6.24430052,,,
-0.601875,6.041985092,6.245893798,,,
-0.60125,6.04995799,6.248283715,,,
-0.600625,6.055539019,6.249080354,,,
-0.6,6.05314715,6.251470271,,,
-0.599375,6.05155257,6.25226691,,,
-0.59875,6.058728178,6.250673632,,,
-0.598125,6.057133599,6.250673632,,,
-0.5975,6.05155257,6.250673632,,,
-0.596875,6.04995799,6.250673632,,,
-0.59625,6.059525468,6.250673632,,,
-0.595625,6.057930888,6.254656827,,,
-0.595,6.060322758,6.261826579,,,
-0.594375,6.065106497,6.2602333,,,
-0.59375,6.069890236,6.259436661,,,
-0.593125,6.061120048,6.257843383,,,
-0.5925,6.053944439,6.257843383,,,
-0.591875,6.064309207,6.253860188,,,
-0.59125,6.057133599,6.253063549,,,
-0.590625,6.055539019,6.255453466,,,
-0.59,6.05155257,6.254656827,,,
-0.589375,6.065106497,6.253860188,,,
-0.58875,6.054741729,6.253860188,,,
-0.588125,6.05234986,6.253860188,,,
-0.5875,6.053944439,6.251470271,,,
-0.586875,6.05155257,6.24430052,,,
-0.58625,6.043579672,6.24430052,,,
-0.585625,6.041187802,6.245097159,,,
-0.585,6.054741729,6.245893798,,,
-0.584375,6.05155257,6.249080354,,,
-0.58375,6.048363411,6.251470271,,,
-0.583125,6.047566121,6.251470271,,,
-0.5825,6.060322758,6.250673632,,,
-0.581875,6.05234986,6.251470271,,,
-0.58125,6.04995799,6.25226691,,,
-0.580625,6.05314715,6.251470271,,,
-0.58,6.058728178,6.25226691,,,
-0.579375,6.053944439,6.253063549,,,
-0.57875,6.056336309,6.258640022,,,
-0.578125,6.068295656,6.26102994,,,
-0.5775,6.066701076,6.261826579,,,
-0.576875,6.061120048,6.261826579,,,
-0.57625,6.057930888,6.258640022,,,
-0.575625,6.066701076,6.257046744,,,
-0.575,6.056336309,6.253860188,,,
-0.574375,6.05234986,6.254656827,,,
-0.57375,6.054741729,6.253063549,,,
-0.573125,6.059525468,6.25226691,,,
-0.5725,6.05155257,6.253860188,,,
-0.571875,6.04995799,6.253063549,,,
-0.57125,6.057930888,6.253063549,,,
-0.570625,6.05314715,6.249876993,,,
-0.57,6.039593223,6.24430052,,,
-0.569375,6.043579672,6.243503881,,,
-0.56875,6.048363411,6.24430052,,,
-0.568125,6.045971541,6.247487076,,,
-0.5675,6.045174251,6.249876993,,,
-0.566875,6.05075528,6.250673632,,,
-0.56625,6.055539019,6.250673632,,,
-0.565625,6.048363411,6.25226691,,,
-0.565,6.05075528,6.25226691,,,
-0.564375,6.055539019,6.251470271,,,
-0.56375,6.053944439,6.251470271,,,
-0.563125,6.048363411,6.253860188,,,
-0.5625,6.05314715,6.253860188,,,
-0.561875,6.065106497,6.259436661,,,
-0.56125,6.064309207,6.263419857,,,
-0.560625,6.061120048,6.262623218,,,
-0.56,6.065903787,6.259436661,,,
-0.559375,6.063511917,6.257046744,,,
-0.55875,6.055539019,6.256250105,,,
-0.558125,6.053944439,6.253860188,,,
-0.5575,6.060322758,6.253063549,,,
-0.556875,6.054741729,6.253860188,,,
-0.55625,6.05075528,6.253860188,,,
-0.555625,6.057930888,6.254656827,,,
-0.555,6.056336309,6.253860188,,,
-0.554375,6.055539019,6.253860188,,,
-0.55375,6.042782382,6.247487076,,,
-0.553125,6.045971541,6.24430052,,,
-0.5525,6.045971541,6.243503881,,,
-0.551875,6.043579672,6.246690437,,,
-0.55125,6.045971541,6.248283715,,,
-0.550625,6.05234986,6.249080354,,,
-0.55,6.05075528,6.250673632,,,
-0.549375,6.047566121,6.25226691,,,
-0.54875,6.053944439,6.251470271,,,
-0.548125,6.05155257,6.249080354,,,
-0.5475,6.05155257,6.251470271,,,
-0.546875,6.048363411,6.251470271,,,
-0.54625,6.057133599,6.250673632,,,
-0.545625,6.05234986,6.253063549,,,
-0.545,6.061917338,6.2602333,,,
-0.544375,6.062714627,6.26102994,,,
-0.54375,6.064309207,6.259436661,,,
-0.543125,6.061120048,6.258640022,,,
-0.5425,6.053944439,6.257046744,,,
-0.541875,6.057133599,6.254656827,,,
-0.54125,6.054741729,6.251470271,,,
-0.540625,6.05075528,6.253063549,,,
-0.54,6.05155257,6.253860188,,,
-0.539375,6.059525468,6.253063549,,,
-0.53875,6.054741729,6.253860188,,,
-0.538125,6.05314715,6.253860188,,,
-0.5375,6.059525468,6.255453466,,,
-0.536875,6.05234986,6.249080354,,,
-0.53625,6.042782382,6.247487076,,,
-0.535625,6.046768831,6.249080354,,,
-0.535,6.05314715,6.249876993,,,
-0.534375,6.05314715,6.251470271,,,
-0.53375,6.0491607,6.253860188,,,
-0.533125,6.055539019,6.255453466,,,
-0.5325,6.059525468,6.254656827,,,
-0.531875,6.053944439,6.256250105,,,
-0.53125,6.05314715,6.255453466,,,
-0.530625,6.057133599,6.255453466,,,
-0.53,6.060322758,6.254656827,,,
-0.529375,6.05234986,6.256250105,,,
-0.52875,6.059525468,6.26102994,,,
-0.528125,6.071484815,6.263419857,,,
-0.5275,6.068295656,6.264216496,,,
-0.526875,6.059525468,6.263419857,,,
-0.52625,6.063511917,6.262623218,,,
-0.525625,6.063511917,6.258640022,,,
-0.525,6.057133599,6.258640022,,,
-0.524375,6.054741729,6.257046744,,,
-0.52375,6.061917338,6.257843383,,,
-0.523125,6.061120048,6.257046744,,,
-0.5225,6.054741729,6.257046744,,,
-0.521875,6.055539019,6.259436661,,,
-0.52125,6.064309207,6.257046744,,,
-0.520625,6.057930888,6.254656827,,,
-0.52,6.041985092,6.248283715,,,
-0.519375,6.048363411,6.249080354,,,
-0.51875,6.04995799,6.247487076,,,
-0.518125,6.0491607,6.250673632,,,
-0.5175,6.046768831,6.253063549,,,
-0.516875,6.059525468,6.254656827,,,
-0.51625,6.058728178,6.254656827,,,
-0.515625,6.05234986,6.254656827,,,
-0.515,6.05155257,6.256250105,,,
-0.514375,6.059525468,6.253860188,,,
-0.51375,6.056336309,6.254656827,,,
-0.513125,6.048363411,6.254656827,,,
-0.5125,6.056336309,6.255453466,,,
-0.511875,6.069890236,6.261826579,,,
-0.51125,6.066701076,6.265013135,,,
-0.510625,6.061120048,6.264216496,,,
-0.51,6.073876685,6.262623218,,,
-0.509375,6.064309207,6.261826579,,,
-0.50875,6.059525468,6.259436661,,,
-0.508125,6.054741729,6.258640022,,,
-0.5075,6.065106497,6.257843383,,,
-0.506875,6.057930888,6.258640022,,,
-0.50625,6.056336309,6.258640022,,,
-0.505625,6.059525468,6.257843383,,,
-0.505,6.065106497,6.257046744,,,
-0.504375,6.058728178,6.257843383,,,
-0.50375,6.046768831,6.25226691,,,
-0.503125,6.053944439,6.247487076,,,
-0.5025,6.04995799,6.248283715,,,
-0.501875,6.045174251,6.249080354,,,
-0.50125,6.045174251,6.251470271,,,
-0.500625,6.060322758,6.253063549,,,
-0.5,6.053944439,6.255453466,,,
-0.499375,6.05234986,6.256250105,,,
-0.49875,6.05314715,6.253860188,,,
-0.498125,6.062714627,6.254656827,,,
-0.4975,6.053944439,6.254656827,,,
-0.496875,6.05075528,6.255453466,,,
-0.49625,6.061120048,6.254656827,,,
-0.495625,6.061120048,6.258640022,,,
-0.495,6.062714627,6.265013135,,,
-0.494375,6.062714627,6.264216496,,,
-0.49375,6.073079395,6.262623218,,,
-0.493125,6.065106497,6.261826579,,,
-0.4925,6.059525468,6.2602333,,,
-0.491875,6.059525468,6.256250105,,,
-0.49125,6.065106497,6.255453466,,,
-0.490625,6.054741729,6.257046744,,,
-0.49,6.054741729,6.256250105,,,
-0.489375,6.062714627,6.255453466,,,
-0.48875,6.059525468,6.256250105,,,
-0.488125,6.054741729,6.256250105,,,
-0.4875,6.055539019,6.253860188,,,
-0.486875,6.05314715,6.245893798,,,
-0.48625,6.043579672,6.245893798,,,
-0.485625,6.043579672,6.249080354,,,
-0.485,6.045174251,6.247487076,,,
-0.484375,6.055539019,6.250673632,,,
-0.48375,6.05075528,6.251470271,,,
-0.483125,6.05234986,6.254656827,,,
-0.4825,6.055539019,6.253063549,,,
-0.481875,6.056336309,6.254656827,,,
-0.48125,6.05075528,6.253860188,,,
-0.480625,6.054741729,6.253860188,,,
-0.48,6.060322758,6.253860188,,,
-0.479375,6.053944439,6.253860188,,,
-0.47875,6.056336309,6.26102994,,,
-0.478125,6.068295656,6.262623218,,,
-0.4775,6.069092946,6.263419857,,,
-0.476875,6.061917338,6.261826579,,,
-0.47625,6.060322758,6.2602333,,,
-0.475625,6.065106497,6.256250105,,,
-0.475,6.061917338,6.256250105,,,
-0.474375,6.054741729,6.257046744,,,
-0.47375,6.061120048,6.256250105,,,
-0.473125,6.061917338,6.257046744,,,
-0.4725,6.057133599,6.257843383,,,
-0.471875,6.05314715,6.257843383,,,
-0.47125,6.060322758,6.257046744,,,
-0.470625,6.056336309,6.253860188,,,
-0.47,6.047566121,6.248283715,,,
-0.469375,6.045971541,6.247487076,,,
-0.46875,6.05075528,6.248283715,,,
-0.468125,6.046768831,6.249080354,,,
-0.4675,6.046768831,6.253860188,,,
-0.466875,6.053944439,6.253063549,,,
-0.46625,6.056336309,6.253860188,,,
-0.465625,6.054741729,6.254656827,,,
-0.465,6.05155257,6.254656827,,,
-0.464375,6.060322758,6.253860188,,,
-0.46375,6.05234986,6.253860188,,,
-0.463125,6.056336309,6.255453466,,,
-0.4625,6.053944439,6.256250105,,,
-0.461875,6.066701076,6.262623218,,,
-0.46125,6.065903787,6.264216496,,,
-0.460625,6.062714627,6.265809774,,,
-0.46,6.066701076,6.261826579,,,
-0.459375,6.061917338,6.2602333,,,
-0.45875,6.057930888,6.259436661,,,
-0.458125,6.055539019,6.257046744,,,
-0.4575,6.063511917,6.257046744,,,
-0.456875,6.055539019,6.254656827,,,
-0.45625,6.055539019,6.257843383,,,
-0.455625,6.059525468,6.256250105,,,
-0.455,6.061917338,6.256250105,,,
-0.454375,6.05314715,6.256250105,,,
-0.45375,6.046768831,6.251470271,,,
-0.453125,6.04995799,6.246690437,,,
-0.4525,6.048363411,6.246690437,,,
-0.451875,6.042782382,6.249080354,,,
-0.45125,6.047566121,6.250673632,,,
-0.450625,6.057133599,6.253063549,,,
-0.45,6.05234986,6.253860188,,,
-0.449375,6.05234986,6.256250105,,,
-0.44875,6.057133599,6.254656827,,,
-0.448125,6.058728178,6.254656827,,,
-0.4475,6.05155257,6.255453466,,,
-0.446875,6.05075528,6.255453466,,,
-0.44625,6.058728178,6.254656827,,,
-0.445625,6.059525468,6.256250105,,,
-0.445,6.060322758,6.265013135,,,
-0.444375,6.064309207,6.263419857,,,
-0.44375,6.069092946,6.263419857,,,
-0.443125,6.063511917,6.26102994,,,
-0.4425,6.056336309,6.2602333,,,
-0.441875,6.064309207,6.257843383,,,
-0.44125,6.059525468,6.257046744,,,
-0.440625,6.05314715,6.256250105,,,
-0.44,6.053944439,6.256250105,,,
-0.439375,6.063511917,6.256250105,,,
-0.43875,6.058728178,6.257046744,,,
-0.438125,6.05075528,6.257046744,,,
-0.4375,6.057133599,6.256250105,,,
-0.436875,6.05075528,6.248283715,,,
-0.43625,6.045174251,6.246690437,,,
-0.435625,6.038795933,6.246690437,,,
-0.435,6.05155257,6.248283715,,,
-0.434375,6.05075528,6.250673632,,,
-0.43375,6.047566121,6.253860188,,,
-0.433125,6.048363411,6.254656827,,,
-0.4325,6.058728178,6.253860188,,,
-0.431875,6.05314715,6.253860188,,,
-0.43125,6.047566121,6.254656827,,,
-0.430625,6.05234986,6.253860188,,,
-0.43,6.058728178,6.254656827,,,
-0.429375,6.057133599,6.256250105,,,
-0.42875,6.054741729,6.26102994,,,
-0.428125,6.071484815,6.264216496,,,
-0.4275,6.067498366,6.264216496,,,
-0.426875,6.062714627,6.265013135,,,
-0.42625,6.057930888,6.261826579,,,
-0.425625,6.071484815,6.258640022,,,
-0.425,6.058728178,6.257046744,,,
-0.424375,6.053944439,6.257843383,,,
-0.42375,6.058728178,6.257843383,,,
-0.423125,6.061120048,6.256250105,,,
-0.4225,6.056336309,6.257046744,,,
-0.421875,6.04995799,6.256250105,,,
-0.42125,6.062714627,6.256250105,,,
-0.420625,6.055539019,6.253063549,,,
-0.42,6.041985092,6.248283715,,,
-0.419375,6.038795933,6.245893798,,,
-0.41875,6.04995799,6.246690437,,,
-0.418125,6.044376962,6.249876993,,,
-0.4175,6.045174251,6.251470271,,,
-0.416875,6.04995799,6.253860188,,,
-0.41625,6.059525468,6.253860188,,,
-0.415625,6.05155257,6.256250105,,,
-0.415,6.047566121,6.254656827,,,
-0.414375,6.056336309,6.253063549,,,
-0.41375,6.054741729,6.253860188,,,
-0.413125,6.04995799,6.254656827,,,
-0.4125,6.05155257,6.254656827,,,
-0.411875,6.070687526,6.26102994,,,
-0.41125,6.065903787,6.264216496,,,
-0.410625,6.061917338,6.264216496,,,
-0.41,6.062714627,6.261826579,,,
-0.409375,6.069092946,6.259436661,,,
-0.40875,6.056336309,6.257843383,,,
-0.408125,6.054741729,6.257046744,,,
-0.4075,6.061917338,6.256250105,,,
-0.406875,6.059525468,6.257046744,,,
-0.40625,6.053944439,6.257046744,,,
-0.405625,6.056336309,6.257046744,,,
-0.405,6.063511917,6.256250105,,,
-0.404375,6.056336309,6.258640022,,,
-0.40375,6.047566121,6.253860188,,,
-0.403125,6.045971541,6.248283715,,,
-0.4025,6.05234986,6.247487076,,,
-0.401875,6.044376962,6.249080354,,,
-0.40125,6.047566121,6.251470271,,,
-0.400625,6.053944439,6.25226691,,,
-0.4,6.057133599,6.254656827,,,
-0.399375,6.05155257,6.256250105,,,
-0.39875,6.055539019,6.256250105,,,
-0.398125,6.058728178,6.254656827,,,
-0.3975,6.056336309,6.257046744,,,
-0.396875,6.05155257,6.256250105,,,
-0.39625,6.057930888,6.254656827,,,
-0.395625,6.061917338,6.257046744,,,
-0.395,6.063511917,6.265013135,,,
-0.394375,6.065903787,6.265013135,,,
-0.39375,6.068295656,6.262623218,,,
-0.393125,6.066701076,6.261826579,,,
-0.3925,6.055539019,6.2602333,,,
-0.391875,6.061120048,6.258640022,,,
-0.39125,6.058728178,6.255453466,,,
-0.390625,6.056336309,6.257046744,,,
-0.39,6.053944439,6.257046744,,,
-0.389375,6.060322758,6.257046744,,,
-0.38875,6.059525468,6.256250105,,,
-0.388125,6.054741729,6.255453466,,,
-0.3875,6.055539019,6.255453466,,,
-0.386875,6.04995799,6.247487076,,,
-0.38625,6.045174251,6.247487076,,,
-0.385625,6.042782382,6.247487076,,,
-0.385,6.05075528,6.249080354,,,
-0.384375,6.05314715,6.250673632,,,
-0.38375,6.05155257,6.253063549,,,
-0.383125,6.05234986,6.254656827,,,
-0.3825,6.061120048,6.253860188,,,
-0.381875,6.054741729,6.254656827,,,
-0.38125,6.054741729,6.256250105,,,
-0.380625,6.055539019,6.256250105,,,
-0.38,6.058728178,6.254656827,,,
-0.379375,6.054741729,6.255453466,,,
-0.37875,6.058728178,6.261826579,,,
-0.378125,6.069092946,6.264216496,,,
-0.3775,6.068295656,6.263419857,,,
-0.376875,6.061917338,6.263419857,,,
-0.37625,6.061917338,6.262623218,,,
-0.375625,6.066701076,6.257843383,,,
-0.375,6.059525468,6.256250105,,,
-0.374375,6.056336309,6.257046744,,,
-0.37375,6.059525468,6.256250105,,,
-0.373125,6.061120048,6.256250105,,,
-0.3725,6.053944439,6.257046744,,,
-0.371875,6.057930888,6.258640022,,,
-0.37125,6.062714627,6.257046744,,,
-0.370625,6.060322758,6.255453466,,,
-0.37,6.043579672,6.247487076,,,
-0.369375,6.047566121,6.248283715,,,
-0.36875,6.05314715,6.247487076,,,
-0.368125,6.0491607,6.249876993,,,
-0.3675,6.04995799,6.25226691,,,
-0.366875,6.053944439,6.253063549,,,
-0.36625,6.059525468,6.253063549,,,
-0.365625,6.05075528,6.254656827,,,
-0.365,6.053944439,6.254656827,,,
-0.364375,6.056336309,6.253063549,,,
-0.36375,6.056336309,6.253860188,,,
-0.363125,6.05075528,6.253860188,,,
-0.3625,6.056336309,6.255453466,,,
-0.361875,6.069092946,6.26102994,,,
-0.36125,6.066701076,6.263419857,,,
-0.360625,6.063511917,6.265013135,,,
-0.36,6.068295656,6.26102994,,,
-0.359375,6.065903787,6.2602333,,,
-0.35875,6.057133599,6.259436661,,,
-0.358125,6.057930888,6.259436661,,,
-0.3575,6.066701076,6.257046744,,,
-0.356875,6.060322758,6.257843383,,,
-0.35625,6.054741729,6.257843383,,,
-0.355625,6.061120048,6.257843383,,,
-0.355,6.063511917,6.257046744,,,
-0.354375,6.059525468,6.257843383,,,
-0.35375,6.04995799,6.25226691,,,
-0.353125,6.05234986,6.247487076,,,
-0.3525,6.04995799,6.247487076,,,
-0.351875,6.047566121,6.248283715,,,
-0.35125,6.047566121,6.250673632,,,
-0.350625,6.060322758,6.251470271,,,
-0.35,6.053944439,6.253860188,,,
-0.349375,6.05075528,6.254656827,,,
-0.34875,6.055539019,6.253860188,,,
-0.348125,6.061917338,6.253860188,,,
-0.3475,6.056336309,6.253860188,,,
-0.346875,6.05075528,6.255453466,,,
-0.34625,6.063511917,6.253860188,,,
-0.345625,6.060322758,6.257843383,,,
-0.345,6.065903787,6.265013135,,,
-0.344375,6.063511917,6.264216496,,,
-0.34375,6.077863134,6.263419857,,,
-0.343125,6.065106497,6.261826579,,,
-0.3425,6.061917338,6.2602333,,,
-0.341875,6.062714627,6.259436661,,,
-0.34125,6.066701076,6.258640022,,,
-0.340625,6.058728178,6.257046744,,,
-0.34,6.054741729,6.257843383,,,
-0.339375,6.066701076,6.257046744,,,
-0.33875,6.060322758,6.257843383,,,
-0.338125,6.057930888,6.258640022,,,
-0.3375,6.055539019,6.256250105,,,
-0.336875,6.057930888,6.249876993,,,
-0.33625,6.047566121,6.249080354,,,
-0.335625,6.045971541,6.249876993,,,
-0.335,6.047566121,6.249080354,,,
-0.334375,6.060322758,6.251470271,,,
-0.33375,6.05314715,6.253063549,,,
-0.333125,6.05234986,6.255453466,,,
-0.3325,6.061120048,6.254656827,,,
-0.331875,6.055539019,6.256250105,,,
-0.33125,6.05314715,6.256250105,,,
-0.330625,6.053944439,6.253860188,,,
-0.33,6.062714627,6.254656827,,,
-0.329375,6.054741729,6.255453466,,,
-0.32875,6.057133599,6.261826579,,,
-0.328125,6.066701076,6.263419857,,,
-0.3275,6.073079395,6.263419857,,,
-0.326875,6.064309207,6.264216496,,,
-0.32625,6.061120048,6.26102994,,,
-0.325625,6.067498366,6.257843383,,,
-0.325,6.061917338,6.257843383,,,
-0.324375,6.053944439,6.257843383,,,
-0.32375,6.055539019,6.256250105,,,
-0.323125,6.061917338,6.254656827,,,
-0.3225,6.056336309,6.255453466,,,
-0.321875,6.05234986,6.257046744,,,
-0.32125,6.059525468,6.255453466,,,
-0.320625,6.058728178,6.253063549,,,
-0.32,6.045971541,6.247487076,,,
-0.319375,6.045174251,6.245893798,,,
-0.31875,6.05075528,6.247487076,,,
-0.318125,6.05075528,6.249080354,,,
-0.3175,6.047566121,6.251470271,,,
-0.316875,6.054741729,6.25226691,,,
-0.31625,6.057930888,6.253860188,,,
-0.315625,6.057133599,6.254656827,,,
-0.315,6.05075528,6.254656827,,,
-0.314375,6.060322758,6.254656827,,,
-0.31375,6.058728178,6.254656827,,,
-0.313125,6.054741729,6.256250105,,,
-0.3125,6.056336309,6.255453466,,,
-0.311875,6.068295656,6.261826579,,,
-0.31125,6.069092946,6.263419857,,,
-0.310625,6.061917338,6.264216496,,,
-0.31,6.068295656,6.26102994,,,
-0.309375,6.065903787,6.258640022,,,
-0.30875,6.061120048,6.257843383,,,
-0.308125,6.053944439,6.257046744,,,
-0.3075,6.064309207,6.255453466,,,
-0.306875,6.058728178,6.254656827,,,
-0.30625,6.057133599,6.257046744,,,
-0.305625,6.057930888,6.254656827,,,
-0.305,6.060322758,6.255453466,,,
-0.304375,6.055539019,6.255453466,,,
-0.30375,6.046768831,6.249876993,,,
-0.303125,6.048363411,6.24430052,,,
-0.3025,6.046768831,6.24430052,,,
-0.301875,6.047566121,6.248283715,,,
-0.30125,6.046768831,6.249876993,,,
-0.300625,6.057133599,6.25226691,,,
-0.3,6.053944439,6.254656827,,,
-0.299375,6.055539019,6.256250105,,,
-0.29875,6.054741729,6.255453466,,,
-0.298125,6.060322758,6.254656827,,,
-0.2975,6.05314715,6.254656827,,,
-0.296875,6.05234986,6.255453466,,,
-0.29625,6.057930888,6.253860188,,,
-0.295625,6.060322758,6.257046744,,,
-0.295,6.063511917,6.265809774,,,
-0.294375,6.065903787,6.265809774,,,
-0.29375,6.073876685,6.265809774,,,
-0.293125,6.067498366,6.262623218,,,
-0.2925,6.062714627,6.26102994,,,
-0.291875,6.064309207,6.259436661,,,
-0.29125,6.063511917,6.257843383,,,
-0.290625,6.056336309,6.257843383,,,
-0.29,6.057930888,6.258640022,,,
-0.289375,6.062714627,6.257843383,,,
-0.28875,6.062714627,6.257046744,,,
-0.288125,6.054741729,6.258640022,,,
-0.2875,6.061120048,6.257046744,,,
-0.286875,6.057133599,6.249080354,,,
-0.28625,6.04995799,6.248283715,,,
-0.285625,6.044376962,6.248283715,,,
-0.285,6.053944439,6.249876993,,,
-0.284375,6.053944439,6.25226691,,,
-0.28375,6.05155257,6.254656827,,,
-0.283125,6.05314715,6.255453466,,,
-0.2825,6.059525468,6.256250105,,,
-0.281875,6.057930888,6.255453466,,,
-0.28125,6.04995799,6.256250105,,,
-0.280625,6.057930888,6.257046744,,,
-0.28,6.061917338,6.255453466,,,
-0.279375,6.057930888,6.256250105,,,
-0.27875,6.056336309,6.26102994,,,
-0.278125,6.072282105,6.266606413,,,
-0.2775,6.071484815,6.265013135,,,
-0.276875,6.066701076,6.265809774,,,
-0.27625,6.063511917,6.264216496,,,
-0.275625,6.071484815,6.26102994,,,
-0.275,6.063511917,6.2602333,,,
-0.274375,6.054741729,6.258640022,,,
-0.27375,6.063511917,6.259436661,,,
-0.273125,6.065106497,6.258640022,,,
-0.2725,6.060322758,6.259436661,,,
-0.271875,6.057133599,6.258640022,,,
-0.27125,6.067498366,6.257843383,,,
-0.270625,6.061917338,6.254656827,,,
-0.27,6.047566121,6.249080354,,,
-0.269375,6.045174251,6.248283715,,,
-0.26875,6.056336309,6.248283715,,,
-0.268125,6.04995799,6.250673632,,,
-0.2675,6.04995799,6.253860188,,,
-0.266875,6.057133599,6.254656827,,,
-0.26625,6.061917338,6.254656827,,,
-0.265625,6.057930888,6.257046744,,,
-0.265,6.053944439,6.256250105,,,
-0.264375,6.063511917,6.253860188,,,
-0.26375,6.058728178,6.254656827,,,
-0.263125,6.05234986,6.257046744,,,
-0.2625,6.05234986,6.256250105,,,
-0.261875,6.073876685,6.261826579,,,
-0.26125,6.067498366,6.265013135,,,
-0.260625,6.065106497,6.265013135,,,
-0.26,6.065903787,6.262623218,,,
-0.259375,6.071484815,6.2602333,,,
-0.25875,6.058728178,6.258640022,,,
-0.258125,6.058728178,6.257046744,,,
-0.2575,6.061917338,6.255453466,,,
-0.256875,6.064309207,6.255453466,,,
-0.25625,6.055539019,6.257046744,,,
-0.255625,6.057930888,6.257046744,,,
-0.255,6.060322758,6.25226691,,,
-0.254375,6.05314715,6.253860188,,,
-0.25375,6.046768831,6.249080354,,,
-0.253125,6.042782382,6.242707241,,,
-0.2525,6.05075528,6.243503881,,,
-0.251875,6.042782382,6.245097159,,,
-0.25125,6.046768831,6.247487076,,,
-0.250625,6.054741729,6.247487076,,,
-0.25,6.05314715,6.251470271,,,
-0.249375,6.0491607,6.25226691,,,
-0.24875,6.053944439,6.253063549,,,
-0.248125,6.058728178,6.250673632,,,
-0.2475,6.05155257,6.25226691,,,
-0.246875,6.05075528,6.25226691,,,
-0.24625,6.055539019,6.251470271,,,
-0.245625,6.061120048,6.253063549,,,
-0.245,6.061120048,6.26102994,,,
-0.244375,6.062714627,6.261826579,,,
-0.24375,6.066701076,6.259436661,,,
-0.243125,6.064309207,6.258640022,,,
-0.2425,6.054741729,6.256250105,,,
-0.241875,6.059525468,6.254656827,,,
-0.24125,6.060322758,6.253063549,,,
-0.240625,6.053944439,6.254656827,,,
-0.24,6.05314715,6.254656827,,,
-0.239375,6.058728178,6.253063549,,,
-0.23875,6.059525468,6.253063549,,,
-0.238125,6.053944439,6.253063549,,,
-0.2375,6.05314715,6.253063549,,,
-0.236875,6.04995799,6.245097159,,,
-0.23625,6.043579672,6.243503881,,,
-0.235625,6.041187802,6.245097159,,,
-0.235,6.046768831,6.245893798,,,
-0.234375,6.05075528,6.247487076,,,
-0.23375,6.0491607,6.249876993,,,
-0.233125,6.04995799,6.25226691,,,
-0.2325,6.058728178,6.251470271,,,
-0.231875,6.053944439,6.25226691,,,
-0.23125,6.05234986,6.253063549,,,
-0.230625,6.05234986,6.25226691,,,
-0.23,6.055539019,6.251470271,,,
-0.229375,6.05314715,6.251470271,,,
-0.22875,6.053944439,6.256250105,,,
-0.228125,6.065106497,6.259436661,,,
-0.2275,6.066701076,6.26102994,,,
-0.226875,6.060322758,6.2602333,,,
-0.22625,6.059525468,6.259436661,,,
-0.225625,6.065106497,6.255453466,,,
-0.225,6.059525468,6.254656827,,,
-0.224375,6.057133599,6.253063549,,,
-0.22375,6.057133599,6.253063549,,,
-0.223125,6.061120048,6.253063549,,,
-0.2225,6.053944439,6.253063549,,,
-0.221875,6.056336309,6.254656827,,,
-0.22125,6.061120048,6.253063549,,,
-0.220625,6.057930888,6.250673632,,,
-0.22,6.045174251,6.243503881,,,
-0.219375,6.046768831,6.24430052,,,
-0.21875,6.04995799,6.24430052,,,
-0.218125,6.045971541,6.245097159,,,
-0.2175,6.048363411,6.248283715,,,
-0.216875,6.053944439,6.249876993,,,
-0.21625,6.058728178,6.251470271,,,
-0.215625,6.05075528,6.251470271,,,
-0.215,6.054741729,6.25226691,,,
-0.214375,6.059525468,6.249876993,,,
-0.21375,6.057930888,6.251470271,,,
-0.213125,6.05075528,6.25226691,,,
-0.2125,6.056336309,6.25226691,,,
-0.211875,6.068295656,6.257843383,,,
-0.21125,6.066701076,6.2602333,,,
-0.210625,6.064309207,6.261826579,,,
-0.21,6.069890236,6.259436661,,,
-0.209375,6.065106497,6.258640022,,,
-0.20875,6.057133599,6.255453466,,,
-0.208125,6.056336309,6.256250105,,,
-0.2075,6.061120048,6.25226691,,,
-0.206875,6.058728178,6.25226691,,,
-0.20625,6.05234986,6.253860188,,,
-0.205625,6.060322758,6.253860188,,,
-0.205,6.062714627,6.253063549,,,
-0.204375,6.055539019,6.253063549,,,
-0.20375,6.048363411,6.249080354,,,
-0.203125,6.05314715,6.243503881,,,
-0.2025,6.04995799,6.243503881,,,
-0.201875,6.045971541,6.245097159,,,
-0.20125,6.045971541,6.245893798,,,
-0.200625,6.057930888,6.247487076,,,
-0.2,6.05155257,6.249876993,,,
-0.199375,6.05075528,6.251470271,,,
-0.19875,6.054741729,6.250673632,,,
-0.198125,6.059525468,6.251470271,,,
-0.1975,6.055539019,6.251470271,,,
-0.196875,6.05075528,6.25226691,,,
-0.19625,6.061120048,6.250673632,,,
-0.195625,6.057930888,6.253063549,,,
-0.195,6.061917338,6.26102994,,,
-0.194375,6.061120048,6.26102994,,,
-0.19375,6.074673975,6.2602333,,,
-0.193125,6.061917338,6.258640022,,,
-0.1925,6.057930888,6.257046744,,,
-0.191875,6.059525468,6.254656827,,,
-0.19125,6.065106497,6.253063549,,,
-0.190625,6.057133599,6.254656827,,,
-0.19,6.054741729,6.253860188,,,
-0.189375,6.066701076,6.253063549,,,
-0.18875,6.061917338,6.253063549,,,
-0.188125,6.056336309,6.254656827,,,
-0.1875,6.053944439,6.253860188,,,
-0.186875,6.057133599,6.246690437,,,
-0.18625,6.045971541,6.24430052,,,
-0.185625,6.044376962,6.24430052,,,
-0.185,6.046768831,6.24430052,,,
-0.184375,6.055539019,6.246690437,,,
-0.18375,6.05155257,6.249876993,,,
-0.183125,6.05155257,6.250673632,,,
-0.1825,6.061120048,6.251470271,,,
-0.181875,6.056336309,6.25226691,,,
-0.18125,6.05314715,6.253063549,,,
-0.180625,6.05314715,6.251470271,,,
-0.18,6.062714627,6.251470271,,,
-0.179375,6.056336309,6.25226691,,,
-0.17875,6.058728178,6.257046744,,,
-0.178125,6.069092946,6.261826579,,,
-0.1775,6.073876685,6.26102994,,,
-0.176875,6.065106497,6.26102994,,,
-0.17625,6.062714627,6.2602333,,,
-0.175625,6.066701076,6.257046744,,,
-0.175,6.064309207,6.256250105,,,
-0.174375,6.057133599,6.255453466,,,
-0.17375,6.058728178,6.253860188,,,
-0.173125,6.063511917,6.253860188,,,
-0.1725,6.058728178,6.254656827,,,
-0.171875,6.057133599,6.255453466,,,
-0.17125,6.061120048,6.253063549,,,
-0.170625,6.061120048,6.25226691,,,
-0.17,6.047566121,6.245893798,,,
-0.169375,6.045971541,6.243503881,,,
-0.16875,6.05155257,6.243503881,,,
-0.168125,6.05234986,6.246690437,,,
-0.1675,6.048363411,6.249080354,,,
-0.166875,6.054741729,6.250673632,,,
-0.16625,6.058728178,6.250673632,,,
-0.165625,6.056336309,6.253063549,,,
-0.165,6.05314715,6.253063549,,,
-0.164375,6.060322758,6.251470271,,,
-0.16375,6.058728178,6.250673632,,,
-0.163125,6.056336309,6.253063549,,,
-0.1625,6.055539019,6.25226691,,,
-0.161875,6.068295656,6.257046744,,,
-0.16125,6.068295656,6.26102994,,,
-0.160625,6.063511917,6.26102994,,,
-0.16,6.068295656,6.259436661,,,
-0.159375,6.065106497,6.255453466,,,
-0.15875,6.061917338,6.257843383,,,
-0.158125,6.056336309,6.254656827,,,
-0.1575,6.065106497,6.253860188,,,
-0.156875,6.059525468,6.253063549,,,
-0.15625,6.057930888,6.253860188,,,
-0.155625,6.059525468,6.25226691,,,
-0.155,6.061120048,6.25226691,,,
-0.154375,6.057930888,6.253063549,,,
-0.15375,6.05075528,6.249080354,,,
-0.153125,6.0491607,6.243503881,,,
-0.1525,6.04995799,6.243503881,,,
-0.151875,6.048363411,6.245893798,,,
-0.15125,6.0491607,6.248283715,,,
-0.150625,6.059525468,6.249080354,,,
-0.15,6.054741729,6.251470271,,,
-0.149375,6.056336309,6.253063549,,,
-0.14875,6.057133599,6.253063549,,,
-0.148125,6.060322758,6.25226691,,,
-0.1475,6.053944439,6.253063549,,,
-0.146875,6.056336309,6.253063549,,,
-0.14625,6.058728178,6.253063549,,,
-0.145625,6.061120048,6.253860188,,,
-0.145,6.064309207,6.261826579,,,
-0.144375,6.068295656,6.262623218,,,
-0.14375,6.073876685,6.26102994,,,
-0.143125,6.068295656,6.2602333,,,
-0.1425,6.062714627,6.259436661,,,
-0.141875,6.065106497,6.257843383,,,
-0.14125,6.065903787,6.254656827,,,
-0.140625,6.057930888,6.254656827,,,
-0.14,6.061917338,6.257046744,,,
-0.139375,6.065106497,6.254656827,,,
-0.13875,6.065106497,6.255453466,,,
-0.138125,6.055539019,6.254656827,,,
-0.1375,6.062714627,6.256250105,,,
-0.136875,6.055539019,6.246690437,,,
-0.13625,6.047566121,6.245097159,,,
-0.135625,6.045174251,6.245097159,,,
-0.135,6.05314715,6.247487076,,,
-0.134375,6.055539019,6.248283715,,,
-0.13375,6.05234986,6.250673632,,,
-0.133125,6.055539019,6.253063549,,,
-0.1325,6.061120048,6.251470271,,,
-0.131875,6.059525468,6.253063549,,,
-0.13125,6.04995799,6.251470271,,,
-0.130625,6.057930888,6.253860188,,,
-0.13,6.060322758,6.251470271,,,
-0.129375,6.057930888,6.25226691,,,
-0.12875,6.055539019,6.255453466,,,
-0.128125,6.072282105,6.26102994,,,
-0.1275,6.070687526,6.261826579,,,
-0.126875,6.063511917,6.26102994,,,
-0.12625,6.061917338,6.2602333,,,
-0.125625,6.068295656,6.256250105,,,
-0.125,6.061917338,6.256250105,,,
-0.124375,6.054741729,6.254656827,,,
-0.12375,6.060322758,6.253860188,,,
-0.123125,6.062714627,6.253063549,,,
-0.1225,6.057930888,6.253860188,,,
-0.121875,6.053944439,6.253860188,,,
-0.12125,6.065106497,6.253063549,,,
-0.120625,6.059525468,6.253063549,,,
-0.12,6.045971541,6.245893798,,,
-0.119375,6.043579672,6.245097159,,,
-0.11875,6.054741729,6.245097159,,,
-0.118125,6.04995799,6.247487076,,,
-0.1175,6.048363411,6.250673632,,,
-0.116875,6.055539019,6.25226691,,,
-0.11625,6.064309207,6.25226691,,,
-0.115625,6.057133599,6.254656827,,,
-0.115,6.05234986,6.253860188,,,
-0.114375,6.062714627,6.25226691,,,
-0.11375,6.059525468,6.253860188,,,
-0.113125,6.054741729,6.253860188,,,
-0.1125,6.05234986,6.253063549,,,
-0.111875,6.070687526,6.257843383,,,
-0.11125,6.067498366,6.261826579,,,
-0.110625,6.066701076,6.263419857,,,
-0.11,6.066701076,6.2602333,,,
-0.109375,6.069092946,6.258640022,,,
-0.10875,6.060322758,6.257046744,,,
-0.108125,6.056336309,6.256250105,,,
-0.1075,6.065106497,6.253860188,,,
-0.106875,6.060322758,6.254656827,,,
-0.10625,6.057930888,6.254656827,,,
-0.105625,6.056336309,6.255453466,,,
-0.105,6.066701076,6.255453466,,,
-0.104375,6.059525468,6.256250105,,,
-0.10375,6.05234986,6.25226691,,,
-0.103125,6.04995799,6.245097159,,,
-0.1025,6.055539019,6.245893798,,,
-0.101875,6.047566121,6.246690437,,,
-0.10125,6.047566121,6.247487076,,,
-0.100625,6.059525468,6.249080354,,,
-0.1,6.058728178,6.25226691,,,
-0.099375,6.055539019,6.253860188,,,
-0.09875,6.057133599,6.253063549,,,
-0.098125,6.063511917,6.251470271,,,
-0.0975,6.056336309,6.253063549,,,
-0.096875,6.05234986,6.253063549,,,
-0.09625,6.057930888,6.249876993,,,
-0.095625,6.062714627,6.253063549,,,
-0.095,6.063511917,6.2602333,,,
-0.094375,6.064309207,6.261826579,,,
-0.09375,6.069890236,6.259436661,,,
-0.093125,6.065903787,6.259436661,,,
-0.0925,6.058728178,6.257843383,,,
-0.091875,6.060322758,6.255453466,,,
-0.09125,6.063511917,6.255453466,,,
-0.090625,6.057133599,6.254656827,,,
-0.09,6.054741729,6.254656827,,,
-0.089375,6.062714627,6.253860188,,,
-0.08875,6.061120048,6.253860188,,,
-0.088125,6.055539019,6.254656827,,,
-0.0875,6.057133599,6.253860188,,,
-0.086875,6.05314715,6.247487076,,,
-0.08625,6.048363411,6.24430052,,,
-0.085625,6.041985092,6.245097159,,,
-0.085,6.04995799,6.245097159,,,
-0.084375,6.05314715,6.246690437,,,
-0.08375,6.05314715,6.249876993,,,
-0.083125,6.05075528,6.25226691,,,
-0.0825,6.059525468,6.251470271,,,
-0.081875,6.056336309,6.250673632,,,
-0.08125,6.054741729,6.253063549,,,
-0.080625,6.05314715,6.251470271,,,
-0.08,6.060322758,6.250673632,,,
-0.079375,6.056336309,6.251470271,,,
-0.07875,6.054741729,6.256250105,,,
-0.078125,6.067498366,6.2602333,,,
-0.0775,6.066701076,6.259436661,,,
-0.076875,6.065106497,6.2602333,,,
-0.07625,6.059525468,6.257843383,,,
-0.075625,6.065106497,6.256250105,,,
-0.075,6.058728178,6.253063549,,,
-0.074375,6.056336309,6.253860188,,,
-0.07375,6.056336309,6.25226691,,,
-0.073125,6.059525468,6.25226691,,,
-0.0725,6.054741729,6.253860188,,,
-0.071875,6.053944439,6.253860188,,,
-0.07125,6.058728178,6.253063549,,,
-0.070625,6.057930888,6.250673632,,,
-0.07,6.047566121,6.245893798,,,
-0.069375,6.042782382,6.245097159,,,
-0.06875,6.05075528,6.245097159,,,
-0.068125,6.047566121,6.245893798,,,
-0.0675,6.0491607,6.249080354,,,
-0.066875,6.05155257,6.250673632,,,
-0.06625,6.057930888,6.249876993,,,
-0.065625,6.05075528,6.250673632,,,
-0.065,6.05155257,6.25226691,,,
-0.064375,6.055539019,6.251470271,,,
-0.06375,6.054741729,6.249876993,,,
-0.063125,6.05075528,6.25226691,,,
-0.0625,6.05155257,6.25226691,,,
-0.061875,6.064309207,6.257843383,,,
-0.06125,6.065106497,6.26102994,,,
-0.060625,6.063511917,6.261826579,,,
-0.06,6.066701076,6.26102994,,,
-0.059375,6.064309207,6.257046744,,,
-0.05875,6.056336309,6.255453466,,,
-0.058125,6.054741729,6.253860188,,,
-0.0575,6.059525468,6.253860188,,,
-0.056875,6.059525468,6.25226691,,,
-0.05625,6.05155257,6.253063549,,,
-0.055625,6.057930888,6.253063549,,,
-0.055,6.058728178,6.25226691,,,
-0.054375,6.057133599,6.253860188,,,
-0.05375,6.0491607,6.249080354,,,
-0.053125,6.04995799,6.24430052,,,
-0.0525,6.048363411,6.243503881,,,
-0.051875,6.044376962,6.245097159,,,
-0.05125,6.046768831,6.248283715,,,
-0.050625,6.053944439,6.248283715,,,
-0.05,6.053944439,6.250673632,,,
-0.049375,6.047566121,6.25226691,,,
-0.04875,6.055539019,6.253063549,,,
-0.048125,6.058728178,6.251470271,,,
-0.0475,6.056336309,6.251470271,,,
-0.046875,6.047566121,6.250673632,,,
-0.04625,6.054741729,6.250673632,,,
-0.045625,6.057133599,6.251470271,,,
-0.045,6.057930888,6.259436661,,,
-0.044375,6.061120048,6.26102994,,,
-0.04375,6.068295656,6.259436661,,,
-0.043125,6.063511917,6.258640022,,,
-0.0425,6.054741729,6.257046744,,,
-0.041875,6.060322758,6.256250105,,,
-0.04125,6.059525468,6.253860188,,,
-0.040625,6.054741729,6.253860188,,,
-0.04,6.05234986,6.253860188,,,
-0.039375,6.061917338,6.254656827,,,
-0.03875,6.059525468,6.253063549,,,
-0.038125,6.05314715,6.253063549,,,
-0.0375,6.053944439,6.254656827,,,
-0.036875,6.054741729,6.245893798,,,
-0.03625,6.044376962,6.245097159,,,
-0.035625,6.038795933,6.24430052,,,
-0.035,6.045174251,6.246690437,,,
-0.034375,6.05234986,6.246690437,,,
-0.03375,6.05075528,6.249080354,,,
-0.033125,6.047566121,6.25226691,,,
-0.0325,6.059525468,6.250673632,,,
-0.031875,6.053944439,6.25226691,,,
-0.03125,6.0491607,6.251470271,,,
-0.030625,6.048363411,6.25226691,,,
-0.03,6.059525468,6.250673632,,,
-0.029375,6.05155257,6.251470271,,,
-0.02875,6.05234986,6.255453466,,,
-0.028125,6.061917338,6.26102994,,,
-0.0275,6.069092946,6.2602333,,,
-0.026875,6.061120048,6.2602333,,,
-0.02625,6.056336309,6.257843383,,,
-0.025625,6.064309207,6.254656827,,,
-0.025,6.060322758,6.255453466,,,
-0.024375,6.05234986,6.254656827,,,
-0.02375,6.05155257,6.253860188,,,
-0.023125,6.063511917,6.253063549,,,
-0.0225,6.05234986,6.253860188,,,
-0.021875,6.05155257,6.253063549,,,
-0.02125,6.053944439,6.25226691,,,
-0.020625,6.060322758,6.251470271,,,
-0.02,6.043579672,6.24430052,,,
-0.019375,6.041187802,6.243503881,,,
-0.01875,6.046768831,6.241910602,,,
-0.018125,6.045971541,6.245097159,,,
-0.0175,6.044376962,6.248283715,,,
-0.016875,6.047566121,6.249876993,,,
-0.01625,6.059525468,6.251470271,,,
-0.015625,6.05155257,6.25226691,,,
-0.015,6.05155257,6.253860188,,,
-0.014375,6.05314715,6.251470271,,,
-0.01375,6.061120048,6.251470271,,,
-0.013125,6.04995799,6.25226691,,,
-0.0125,6.05075528,6.253063549,,,
-0.011875,6.066701076,6.256250105,,,
-0.01125,6.066701076,6.2602333,,,
-0.010625,6.058728178,6.2602333,,,
-0.01,6.061917338,6.258640022,,,
-0.009375,6.064309207,6.256250105,,,
-0.00875,6.055539019,6.254656827,,,
-0.008125,6.05314715,6.253860188,,,
-0.0075,6.054741729,6.253063549,,,
-0.006875,6.060322758,6.253063549,,,
-0.00625,6.05314715,6.25226691,,,
-0.005625,6.053944439,6.253063549,,,
-0.005,6.059525468,6.25226691,,,
-0.004375,6.056336309,6.253063549,,,
-0.00375,6.047566121,6.249876993,,,
-0.003125,6.043579672,6.242707241,,,
-0.0025,6.047566121,6.243503881,,,
-0.001875,6.042782382,6.24430052,,,
-0.00125,6.041985092,6.246690437,,,
-0.000625,6.05155257,6.247487076,,,
0,6.05234986,6.249876993,,,
0.000625,6.048363411,6.25226691,,,
0.00125,6.0491607,6.250673632,,,
0.001875,6.055539019,6.249876993,,,
0.0025,6.05234986,6.250673632,,,
0.003125,6.048363411,6.25226691,,,
0.00375,6.05234986,6.25226691,,,
0.004375,6.05314715,6.251470271,,,
0.005,6.061120048,6.259436661,,,
0.005625,6.059525468,6.26102994,,,
0.00625,6.065106497,6.259436661,,,
0.006875,6.061917338,6.257046744,,,
0.0075,6.057930888,6.257046744,,,
0.008125,6.055539019,6.254656827,,,
0.00875,6.059525468,6.253860188,,,
0.009375,6.053944439,6.253063549,,,
0.01,6.05155257,6.255453466,,,
0.010625,6.054741729,6.25226691,,,
0.01125,6.055539019,6.251470271,,,
0.011875,6.05314715,6.253063549,,,
0.0125,6.05075528,6.253063549,,,
0.013125,6.05155257,6.246690437,,,
0.01375,6.043579672,6.241910602,,,
0.014375,6.044376962,6.245097159,,,
0.015,6.043579672,6.245097159,,,
0.015625,6.05075528,6.247487076,,,
0.01625,6.047566121,6.249080354,,,
0.016875,6.047566121,6.253860188,,,
0.0175,6.055539019,6.251470271,,,
0.018125,6.053944439,6.249876993,,,
0.01875,6.048363411,6.251470271,,,
0.019375,6.0491607,6.250673632,,,
0.02,6.057930888,6.250673632,,,
0.020625,6.05075528,6.249876993,,,
0.02125,6.05314715,6.255453466,,,
0.021875,6.062714627,6.26102994,,,
0.0225,6.067498366,6.26102994,,,
0.023125,6.060322758,6.2602333,,,
0.02375,6.059525468,6.258640022,,,
0.024375,6.063511917,6.256250105,,,
0.025,6.059525468,6.253860188,,,
0.025625,6.05314715,6.254656827,,,
0.02625,6.054741729,6.254656827,,,
0.026875,6.059525468,6.253860188,,,
0.0275,6.054741729,6.253860188,,,
0.028125,6.05314715,6.253860188,,,
0.02875,6.056336309,6.253063549,,,
0.029375,6.057133599,6.251470271,,,
0.03,6.041985092,6.24430052,,,
0.030625,6.041187802,6.24430052,,,
0.03125,6.045971541,6.243503881,,,
0.031875,6.045971541,6.24430052,,,
0.0325,6.041985092,6.249080354,,,
0.033125,6.0491607,6.249876993,,,
0.03375,6.054741729,6.251470271,,,
0.034375,6.05234986,6.251470271,,,
0.035,6.0491607,6.253063549,,,
0.035625,6.056336309,6.25226691,,,
0.03625,6.054741729,6.25226691,,,
0.036875,6.04995799,6.25226691,,,
0.0375,6.04995799,6.251470271,,,
0.038125,6.064309207,6.257046744,,,
0.03875,6.065106497,6.2602333,,,
0.039375,6.058728178,6.261826579,,,
0.04,6.069092946,6.264216496,,,
0.040625,6.068295656,6.26102994,,,
0.04125,6.061917338,6.2602333,,,
0.041875,6.055539019,6.258640022,,,
0.0425,6.062714627,6.257843383,,,
0.043125,6.061917338,6.256250105,,,
0.04375,6.057133599,6.258640022,,,
0.044375,6.057133599,6.257843383,,,
0.045,6.063511917,6.257046744,,,
0.045625,6.059525468,6.256250105,,,
0.04625,6.0491607,6.253063549,,,
0.046875,6.0491607,6.247487076,,,
0.0475,6.05155257,6.245097159,,,
0.048125,6.046768831,6.247487076,,,
0.04875,6.044376962,6.249080354,,,
0.049375,6.057133599,6.251470271,,,
0.05,6.055539019,6.25226691,,,
0.050625,6.05234986,6.253860188,,,
0.05125,6.05234986,6.254656827,,,
0.051875,6.062714627,6.253063549,,,
0.0525,6.056336309,6.253860188,,,
0.053125,6.05075528,6.253860188,,,
0.05375,6.056336309,6.253860188,,,
0.054375,6.060322758,6.255453466,,,
0.055,6.064309207,6.265013135,,,
0.055625,6.061120048,6.264216496,,,
0.05625,6.073079395,6.264216496,,,
0.056875,6.067498366,6.261826579,,,
0.0575,6.060322758,6.26102994,,,
0.058125,6.057930888,6.258640022,,,
0.05875,6.068295656,6.257046744,,,
0.059375,6.057930888,6.257843383,,,
0.06,6.054741729,6.257843383,,,
0.060625,6.058728178,6.258640022,,,
0.06125,6.064309207,6.257046744,,,
0.061875,6.057930888,6.257843383,,,
0.0625,6.053944439,6.256250105,,,
0.063125,6.054741729,6.249876993,,,
0.06375,6.04995799,6.247487076,,,
0.064375,6.044376962,6.248283715,,,
0.065,6.045174251,6.248283715,,,
0.065625,6.055539019,6.249080354,,,
0.06625,6.05234986,6.25226691,,,
0.066875,6.05075528,6.253063549,,,
0.0675,6.056336309,6.253860188,,,
0.068125,6.061120048,6.253860188,,,
0.06875,6.05234986,6.253860188,,,
0.069375,6.053944439,6.254656827,,,
0.07,6.059525468,6.253063549,,,
0.070625,6.058728178,6.254656827,,,
0.07125,6.056336309,6.257843383,,,
0.071875,6.063511917,6.263419857,,,
0.0725,6.071484815,6.262623218,,,
0.073125,6.065106497,6.263419857,,,
0.07375,6.061917338,6.261826579,,,
0.074375,6.061917338,6.259436661,,,
0.075,6.066701076,6.257843383,,,
0.075625,6.055539019,6.256250105,,,
0.07625,6.056336309,6.256250105,,,
0.076875,6.061917338,6.255453466,,,
0.0775,6.061120048,6.258640022,,,
0.078125,6.056336309,6.257843383,,,
0.07875,6.058728178,6.257046744,,,
0.079375,6.061917338,6.254656827,,,
0.08,6.04995799,6.249080354,,,
0.080625,6.045174251,6.248283715,,,
0.08125,6.05075528,6.247487076,,,
0.081875,6.053944439,6.249876993,,,
0.0825,6.05155257,6.25226691,,,
0.083125,6.05314715,6.256250105,,,
0.08375,6.061120048,6.255453466,,,
0.084375,6.060322758,6.257046744,,,
0.085,6.05314715,6.257046744,,,
0.085625,6.057930888,6.255453466,,,
0.08625,6.060322758,6.255453466,,,
0.086875,6.056336309,6.256250105,,,
0.0875,6.053944439,6.257046744,,,
0.088125,6.066701076,6.26102994,,,
0.08875,6.071484815,6.265013135,,,
0.089375,6.067498366,6.265809774,,,
0.09,6.068295656,6.265013135,,,
0.090625,6.068295656,6.26102994,,,
0.09125,6.064309207,6.26102994,,,
0.091875,6.059525468,6.259436661,,,
0.0925,6.062714627,6.258640022,,,
0.093125,6.064309207,6.257843383,,,
0.09375,6.060322758,6.258640022,,,
0.094375,6.056336309,6.258640022,,,
0.095,6.066701076,6.257046744,,,
0.095625,6.061120048,6.257843383,,,
0.09625,6.056336309,6.254656827,,,
0.096875,6.048363411,6.248283715,,,
0.0975,6.053944439,6.248283715,,,
0.098125,6.04995799,6.249876993,,,
0.09875,6.0491607,6.25226691,,,
0.099375,6.056336309,6.25226691,,,
0.1,6.057930888,6.254656827,,,
0.100625,6.055539019,6.256250105,,,
0.10125,6.054741729,6.257046744,,,
0.101875,6.061917338,6.255453466,,,
0.1025,6.057133599,6.256250105,,,
0.103125,6.057133599,6.257046744,,,
0.10375,6.058728178,6.256250105,,,
0.104375,6.061917338,6.257046744,,,
0.105,6.062714627,6.263419857,,,
0.105625,6.065903787,6.266606413,,,
0.10625,6.069092946,6.265013135,,,
0.106875,6.069890236,6.262623218,,,
0.1075,6.062714627,6.26102994,,,
0.108125,6.061120048,6.2602333,,,
0.10875,6.065106497,6.257843383,,,
0.109375,6.059525468,6.257843383,,,
0.11,6.059525468,6.258640022,,,
0.110625,6.059525468,6.257843383,,,
0.11125,6.063511917,6.257843383,,,
0.111875,6.056336309,6.257843383,,,
0.1125,6.056336309,6.258640022,,,
0.113125,6.054741729,6.250673632,,,
0.11375,6.05155257,6.246690437,,,
0.114375,6.044376962,6.248283715,,,
0.115,6.047566121,6.249080354,,,
0.115625,6.057930888,6.251470271,,,
0.11625,6.053944439,6.253860188,,,
0.116875,6.05314715,6.256250105,,,
0.1175,6.059525468,6.255453466,,,
0.118125,6.060322758,6.256250105,,,
0.11875,6.05234986,6.256250105,,,
0.119375,6.054741729,6.257046744,,,
0.12,6.061917338,6.257046744,,,
0.120625,6.059525468,6.255453466,,,
0.12125,6.055539019,6.259436661,,,
0.121875,6.069092946,6.265013135,,,
0.1225,6.073079395,6.265013135,,,
0.123125,6.067498366,6.265013135,,,
0.12375,6.063511917,6.264216496,,,
0.124375,6.066701076,6.26102994,,,
0.125,6.063511917,6.259436661,,,
0.125625,6.057930888,6.257843383,,,
0.12625,6.056336309,6.258640022,,,
0.126875,6.065903787,6.257843383,,,
0.1275,6.060322758,6.258640022,,,
0.128125,6.054741729,6.258640022,,,
0.12875,6.059525468,6.257843383,,,
0.129375,6.063511917,6.256250105,,,
0.13,6.05075528,6.249876993,,,
0.130625,6.042782382,6.248283715,,,
0.13125,6.055539019,6.249080354,,,
0.131875,6.05155257,6.249876993,,,
0.1325,6.05075528,6.253860188,,,
0.133125,6.0491607,6.254656827,,,
0.13375,6.062714627,6.256250105,,,
0.134375,6.057930888,6.254656827,,,
0.135,6.053944439,6.257046744,,,
0.135625,6.058728178,6.256250105,,,
0.13625,6.061120048,6.255453466,,,
0.136875,6.057930888,6.257843383,,,
0.1375,6.054741729,6.257843383,,,
0.138125,6.070687526,6.262623218,,,
0.13875,6.071484815,6.266606413,,,
0.139375,6.068295656,6.266606413,,,
0.14,6.065106497,6.265809774,,,
0.140625,6.073079395,6.263419857,,,
0.14125,6.062714627,6.26102994,,,
0.141875,6.057930888,6.2602333,,,
0.1425,6.060322758,6.257843383,,,
0.143125,6.064309207,6.257843383,,,
0.14375,6.061120048,6.259436661,,,
0.144375,6.054741729,6.258640022,,,
0.145,6.065106497,6.258640022,,,
0.145625,6.061917338,6.258640022,,,
0.14625,6.055539019,6.256250105,,,
0.146875,6.045174251,6.249080354,,,
0.1475,6.057133599,6.249080354,,,
0.148125,6.05075528,6.249876993,,,
0.14875,6.048363411,6.25226691,,,
0.149375,6.055539019,6.253860188,,,
0.15,6.059525468,6.253860188,,,
0.150625,6.055539019,6.257046744,,,
0.15125,6.053944439,6.257046744,,,
0.151875,6.064309207,6.255453466,,,
0.1525,6.059525468,6.255453466,,,
0.153125,6.05314715,6.256250105,,,
0.15375,6.053944439,6.256250105,,,
0.154375,6.065903787,6.255453466,,,
0.155,6.066701076,6.265809774,,,
0.155625,6.064309207,6.266606413,,,
0.15625,6.067498366,6.265809774,,,
0.156875,6.074673975,6.264216496,,,
0.1575,6.062714627,6.262623218,,,
0.158125,6.060322758,6.259436661,,,
0.15875,6.062714627,6.257843383,,,
0.159375,6.061120048,6.258640022,,,
0.16,6.055539019,6.258640022,,,
0.160625,6.059525468,6.258640022,,,
0.16125,6.064309207,6.257843383,,,
0.161875,6.058728178,6.258640022,,,
0.1625,6.055539019,6.257843383,,,
0.163125,6.054741729,6.25226691,,,
0.16375,6.05155257,6.249080354,,,
0.164375,6.045971541,6.249080354,,,
0.165,6.047566121,6.250673632,,,
0.165625,6.055539019,6.251470271,,,
0.16625,6.057930888,6.254656827,,,
0.166875,6.0491607,6.256250105,,,
0.1675,6.054741729,6.257046744,,,
0.168125,6.061120048,6.254656827,,,
0.16875,6.057133599,6.256250105,,,
0.169375,6.05234986,6.256250105,,,
0.17,6.058728178,6.255453466,,,
0.170625,6.060322758,6.256250105,,,
0.17125,6.057133599,6.258640022,,,
0.171875,6.065903787,6.265013135,,,
0.1725,6.069890236,6.264216496,,,
0.173125,6.069092946,6.265809774,,,
0.17375,6.063511917,6.264216496,,,
0.174375,6.065106497,6.26102994,,,
0.175,6.064309207,6.257843383,,,
0.175625,6.060322758,6.258640022,,,
0.17625,6.056336309,6.258640022,,,
0.176875,6.064309207,6.257843383,,,
0.1775,6.060322758,6.257843383,,,
0.178125,6.056336309,6.257046744,,,
0.17875,6.057930888,6.257843383,,,
0.179375,6.064309207,6.255453466,,,
0.18,6.0491607,6.249080354,,,
0.180625,6.043579672,6.249080354,,,
0.18125,6.048363411,6.247487076,,,
0.181875,6.05155257,6.249876993,,,
0.1825,6.05075528,6.253063549,,,
0.183125,6.05234986,6.254656827,,,
0.18375,6.060322758,6.253860188,,,
0.184375,6.056336309,6.255453466,,,
0.185,6.057133599,6.256250105,,,
0.185625,6.056336309,6.256250105,,,
0.18625,6.061120048,6.254656827,,,
0.186875,6.054741729,6.256250105,,,
0.1875,6.054741729,6.257046744,,,
0.188125,6.065903787,6.26102994,,,
0.18875,6.072282105,6.264216496,,,
0.189375,6.067498366,6.265013135,,,
0.19,6.065106497,6.265013135,,,
0.190625,6.070687526,6.26102994,,,
0.19125,6.061120048,6.2602333,,,
0.191875,6.059525468,6.259436661,,,
0.1925,6.061120048,6.259436661,,,
0.193125,6.065903787,6.258640022,,,
0.19375,6.056336309,6.259436661,,,
0.194375,6.059525468,6.2602333,,,
0.195,6.060322758,6.257046744,,,
0.195625,6.061120048,6.257843383,,,
0.19625,6.05234986,6.255453466,,,
0.196875,6.046768831,6.250673632,,,
0.1975,6.05234986,6.249080354,,,
0.198125,6.048363411,6.249080354,,,
0.19875,6.04995799,6.251470271,,,
0.199375,6.053944439,6.25226691,,,
0.2,6.059525468,6.254656827,,,
0.200625,6.05314715,6.256250105,,,
0.20125,6.057133599,6.258640022,,,
0.201875,6.061120048,6.255453466,,,
0.2025,6.060322758,6.256250105,,,
0.203125,6.05234986,6.256250105,,,
0.20375,6.058728178,6.256250105,,,
0.204375,6.061120048,6.256250105,,,
0.205,6.066701076,6.263419857,,,
0.205625,6.066701076,6.265809774,,,
0.20625,6.069890236,6.265809774,,,
0.206875,6.070687526,6.264216496,,,
0.2075,6.061917338,6.261826579,,,
0.208125,6.060322758,6.26102994,,,
0.20875,6.064309207,6.257046744,,,
0.209375,6.060322758,6.257046744,,,
0.21,6.053944439,6.257843383,,,
0.210625,6.058728178,6.257843383,,,
0.21125,6.064309207,6.257046744,,,
0.211875,6.059525468,6.257843383,,,
0.2125,6.053944439,6.257843383,,,
0.213125,6.057133599,6.251470271,,,
0.21375,6.0491607,6.246690437,,,
0.214375,6.042782382,6.247487076,,,
0.215,6.042782382,6.248283715,,,
0.215625,6.056336309,6.249876993,,,
0.21625,6.053944439,6.25226691,,,
0.216875,6.05075528,6.254656827,,,
0.2175,6.054741729,6.253860188,,,
0.218125,6.059525468,6.253860188,,,
0.21875,6.055539019,6.253860188,,,
0.219375,6.04995799,6.255453466,,,
0.22,6.062714627,6.255453466,,,
0.220625,6.057133599,6.254656827,,,
0.22125,6.055539019,6.257046744,,,
0.221875,6.061917338,6.264216496,,,
0.2225,6.075471264,6.264216496,,,
0.223125,6.065106497,6.264216496,,,
0.22375,6.063511917,6.263419857,,,
0.224375,6.063511917,6.26102994,,,
0.225,6.065903787,6.259436661,,,
0.225625,6.059525468,6.258640022,,,
0.22625,6.055539019,6.258640022,,,
0.226875,6.063511917,6.257046744,,,
0.2275,6.058728178,6.257843383,,,
0.228125,6.058728178,6.258640022,,,
0.22875,6.053944439,6.256250105,,,
0.229375,6.068295656,6.256250105,,,
0.23,6.05075528,6.249876993,,,
0.230625,6.045971541,6.250673632,,,
0.23125,6.047566121,6.249080354,,,
0.231875,6.056336309,6.250673632,,,
0.2325,6.04995799,6.253063549,,,
0.233125,6.048363411,6.253063549,,,
0.23375,6.060322758,6.255453466,,,
0.234375,6.057930888,6.256250105,,,
0.235,6.05314715,6.257046744,,,
0.235625,6.05314715,6.254656827,,,
0.23625,6.061120048,6.255453466,,,
0.236875,6.056336309,6.255453466,,,
0.2375,6.053944439,6.257046744,,,
0.238125,6.062714627,6.26102994,,,
0.23875,6.073876685,6.265013135,,,
0.239375,6.067498366,6.266606413,,,
0.24,6.065106497,6.265013135,,,
0.240625,6.067498366,6.261826579,,,
0.24125,6.065903787,6.26102994,,,
0.241875,6.057930888,6.2602333,,,
0.2425,6.058728178,6.257843383,,,
0.243125,6.065106497,6.257843383,,,
0.24375,6.060322758,6.258640022,,,
0.244375,6.057133599,6.257843383,,,
0.245,6.062714627,6.257843383,,,
0.245625,6.061917338,6.257046744,,,
0.24625,6.053944439,6.255453466,,,
0.246875,6.046768831,6.248283715,,,
0.2475,6.05155257,6.247487076,,,
0.248125,6.05155257,6.248283715,,,
0.24875,6.045174251,6.251470271,,,
0.249375,6.053944439,6.25226691,,,
0.25,6.056336309,6.253860188,,,
0.250625,6.057133599,6.256250105,,,
0.25125,6.05234986,6.256250105,,,
0.251875,6.059525468,6.255453466,,,
0.2525,6.061120048,6.254656827,,,
0.253125,6.054741729,6.257046744,,,
0.25375,6.054741729,6.256250105,,,
0.254375,6.059525468,6.255453466,,,
0.255,6.066701076,6.263419857,,,
0.255625,6.062714627,6.265809774,,,
0.25625,6.069092946,6.265809774,,,
0.256875,6.067498366,6.262623218,,,
0.2575,6.064309207,6.261826579,,,
0.258125,6.058728178,6.2602333,,,
0.25875,6.064309207,6.257843383,,,
0.259375,6.062714627,6.257046744,,,
0.26,6.058728178,6.259436661,,,
0.260625,6.060322758,6.258640022,,,
0.26125,6.064309207,6.257843383,,,
0.261875,6.061917338,6.259436661,,,
0.2625,6.055539019,6.258640022,,,
0.263125,6.055539019,6.253063549,,,
0.26375,6.05075528,6.246690437,,,
0.264375,6.048363411,6.249080354,,,
0.265,6.046768831,6.249876993,,,
0.265625,6.055539019,6.25226691,,,
0.26625,6.053944439,6.253860188,,,
0.266875,6.055539019,6.256250105,,,
0.2675,6.057930888,6.256250105,,,
0.268125,6.059525468,6.254656827,,,
0.26875,6.055539019,6.256250105,,,
0.269375,6.054741729,6.256250105,,,
0.27,6.058728178,6.256250105,,,
0.270625,6.061120048,6.255453466,,,
0.27125,6.057930888,6.259436661,,,
0.271875,6.066701076,6.265809774,,,
0.2725,6.073079395,6.265013135,,,
0.273125,6.068295656,6.265013135,,,
0.27375,6.064309207,6.261826579,,,
0.274375,6.061120048,6.26102994,,,
0.275,6.065106497,6.257046744,,,
0.275625,6.056336309,6.257843383,,,
0.27625,6.056336309,6.257843383,,,
0.276875,6.062714627,6.257046744,,,
0.2775,6.061917338,6.257046744,,,
0.278125,6.054741729,6.257843383,,,
0.27875,6.058728178,6.258640022,,,
0.279375,6.061120048,6.256250105,,,
0.28,6.05075528,6.249080354,,,
0.280625,6.045174251,6.247487076,,,
0.28125,6.04995799,6.248283715,,,
0.281875,6.05234986,6.249080354,,,
0.2825,6.045971541,6.251470271,,,
0.283125,6.05155257,6.254656827,,,
0.28375,6.058728178,6.254656827,,,
0.284375,6.058728178,6.255453466,,,
0.285,6.04995799,6.255453466,,,
0.285625,6.056336309,6.256250105,,,
0.28625,6.061120048,6.254656827,,,
0.286875,6.055539019,6.256250105,,,
0.2875,6.05314715,6.255453466,,,
0.288125,6.065106497,6.2602333,,,
0.28875,6.071484815,6.264216496,,,
0.289375,6.064309207,6.265013135,,,
0.29,6.065106497,6.264216496,,,
0.290625,6.069092946,6.26102994,,,
0.29125,6.062714627,6.2602333,,,
0.291875,6.053944439,6.257843383,,,
0.2925,6.059525468,6.257843383,,,
0.293125,6.061917338,6.256250105,,,
0.29375,6.058728178,6.257843383,,,
0.294375,6.055539019,6.257843383,,,
0.295,6.063511917,6.257046744,,,
0.295625,6.061917338,6.257046744,,,
0.29625,6.05234986,6.254656827,,,
0.296875,6.045174251,6.249080354,,,
0.2975,6.05234986,6.246690437,,,
0.298125,6.0491607,6.248283715,,,
0.29875,6.045971541,6.249876993,,,
0.299375,6.05314715,6.25226691,,,
0.3,6.057930888,6.253860188,,,
0.300625,6.055539019,6.255453466,,,
0.30125,6.05155257,6.255453466,,,
0.301875,6.062714627,6.253860188,,,
0.3025,6.059525468,6.254656827,,,
0.303125,6.054741729,6.256250105,,,
0.30375,6.05234986,6.256250105,,,
0.304375,6.062714627,6.254656827,,,
0.305,6.064309207,6.261826579,,,
0.305625,6.063511917,6.264216496,,,
0.30625,6.065106497,6.264216496,,,
0.306875,6.071484815,6.262623218,,,
0.3075,6.063511917,6.26102994,,,
0.308125,6.057930888,6.259436661,,,
0.30875,6.065903787,6.256250105,,,
0.309375,6.060322758,6.257843383,,,
0.31,6.057930888,6.257843383,,,
0.310625,6.056336309,6.257843383,,,
0.31125,6.065903787,6.256250105,,,
0.311875,6.057930888,6.257046744,,,
0.3125,6.058728178,6.257843383,,,
0.313125,6.054741729,6.25226691,,,
0.31375,6.055539019,6.247487076,,,
0.314375,6.045174251,6.247487076,,,
0.315,6.045971541,6.248283715,,,
0.315625,6.056336309,6.249080354,,,
0.31625,6.055539019,6.25226691,,,
0.316875,6.05155257,6.253860188,,,
0.3175,6.05314715,6.254656827,,,
0.318125,6.062714627,6.254656827,,,
0.31875,6.054741729,6.254656827,,,
0.319375,6.054741729,6.255453466,,,
0.32,6.054741729,6.253860188,,,
0.320625,6.061120048,6.254656827,,,
0.32125,6.057133599,6.256250105,,,
0.321875,6.064309207,6.263419857,,,
0.3225,6.073079395,6.263419857,,,
0.323125,6.069890236,6.263419857,,,
0.32375,6.062714627,6.262623218,,,
0.324375,6.061917338,6.2602333,,,
0.325,6.067498366,6.257843383,,,
0.325625,6.059525468,6.257843383,,,
0.32625,6.057133599,6.257843383,,,
0.326875,6.061120048,6.256250105,,,
0.3275,6.062714627,6.257843383,,,
0.328125,6.058728178,6.258640022,,,
0.32875,6.057930888,6.257843383,,,
0.329375,6.062714627,6.255453466,,,
0.33,6.05314715,6.249080354,,,
0.330625,6.045971541,6.248283715,,,
0.33125,6.0491607,6.247487076,,,
0.331875,6.05314715,6.249080354,,,
0.3325,6.053944439,6.251470271,,,
0.333125,6.05155257,6.253860188,,,
0.33375,6.059525468,6.253860188,,,
0.334375,6.060322758,6.253860188,,,
0.335,6.056336309,6.256250105,,,
0.335625,6.056336309,6.254656827,,,
0.33625,6.061120048,6.255453466,,,
0.336875,6.057133599,6.255453466,,,
0.3375,6.053944439,6.256250105,,,
0.338125,6.065106497,6.259436661,,,
0.33875,6.071484815,6.265013135,,,
0.339375,6.071484815,6.265809774,,,
0.34,6.065106497,6.265013135,,,
0.340625,6.070687526,6.261826579,,,
0.34125,6.064309207,6.259436661,,,
0.341875,6.063511917,6.2602333,,,
0.3425,6.060322758,6.258640022,,,
0.343125,6.064309207,6.257843383,,,
0.34375,6.061120048,6.257046744,,,
0.344375,6.056336309,6.258640022,,,
0.345,6.061917338,6.257046744,,,
0.345625,6.061120048,6.257046744,,,
0.34625,6.056336309,6.256250105,,,
0.346875,6.045174251,6.248283715,,,
0.3475,6.05314715,6.247487076,,,
0.348125,6.047566121,6.246690437,,,
0.34875,6.0491607,6.250673632,,,
0.349375,6.054741729,6.251470271,,,
0.35,6.058728178,6.253063549,,,
0.350625,6.054741729,6.254656827,,,
0.35125,6.054741729,6.256250105,,,
0.351875,6.060322758,6.255453466,,,
0.3525,6.060322758,6.253860188,,,
0.353125,6.056336309,6.256250105,,,
0.35375,6.055539019,6.257046744,,,
0.354375,6.062714627,6.256250105,,,
0.355,6.065106497,6.261826579,,,
0.355625,6.066701076,6.265809774,,,
0.35625,6.069890236,6.265809774,,,
0.356875,6.071484815,6.262623218,,,
0.3575,6.061917338,6.26102994,,,
0.358125,6.061120048,6.2602333,,,
0.35875,6.064309207,6.257843383,,,
0.359375,6.062714627,6.256250105,,,
0.36,6.056336309,6.258640022,,,
0.360625,6.059525468,6.257843383,,,
0.36125,6.064309207,6.257046744,,,
0.361875,6.061120048,6.256250105,,,
0.3625,6.057133599,6.256250105,,,
0.363125,6.058728178,6.251470271,,,
0.36375,6.05155257,6.247487076,,,
0.364375,6.046768831,6.248283715,,,
0.365,6.046768831,6.249876993,,,
0.365625,6.057133599,6.25226691,,,
0.36625,6.057133599,6.253063549,,,
0.366875,6.0491607,6.255453466,,,
0.3675,6.058728178,6.256250105,,,
0.368125,6.061120048,6.254656827,,,
0.36875,6.056336309,6.255453466,,,
0.369375,6.05314715,6.256250105,,,
0.37,6.061917338,6.256250105,,,
0.370625,6.059525468,6.254656827,,,
0.37125,6.056336309,6.258640022,,,
0.371875,6.064309207,6.265809774,,,
0.3725,6.073079395,6.265013135,,,
0.373125,6.069092946,6.265809774,,,
0.37375,6.061120048,6.263419857,,,
0.374375,6.065106497,6.26102994,,,
0.375,6.068295656,6.258640022,,,
0.375625,6.063511917,6.259436661,,,
0.37625,6.053944439,6.257843383,,,
0.376875,6.064309207,6.257843383,,,
0.3775,6.061120048,6.257046744,,,
0.378125,6.057930888,6.258640022,,,
0.37875,6.055539019,6.257843383,,,
0.379375,6.067498366,6.256250105,,,
0.38,6.05314715,6.249876993,,,
0.380625,6.044376962,6.248283715,,,
0.38125,6.05155257,6.249080354,,,
0.381875,6.053944439,6.248283715,,,
0.3825,6.05155257,6.25226691,,,
0.383125,6.05075528,6.254656827,,,
0.38375,6.065903787,6.254656827,,,
0.384375,6.060322758,6.255453466,,,
0.385,6.054741729,6.254656827,,,
0.385625,6.053944439,6.255453466,,,
0.38625,6.063511917,6.255453466,,,
0.386875,6.057133599,6.255453466,,,
0.3875,6.05314715,6.256250105,,,
0.388125,6.061917338,6.2602333,,,
0.38875,6.074673975,6.265013135,,,
0.389375,6.068295656,6.265809774,,,
0.39,6.065106497,6.265013135,,,
0.390625,6.073079395,6.2602333,,,
0.39125,6.066701076,6.2602333,,,
0.391875,6.060322758,6.259436661,,,
0.3925,6.058728178,6.257843383,,,
0.393125,6.069092946,6.257046744,,,
0.39375,6.060322758,6.257843383,,,
0.394375,6.058728178,6.257843383,,,
0.395,6.061120048,6.257046744,,,
0.395625,6.067498366,6.256250105,,,
0.39625,6.057133599,6.255453466,,,
0.396875,6.0491607,6.249080354,,,
0.3975,6.054741729,6.246690437,,,
0.398125,6.054741729,6.249876993,,,
0.39875,6.048363411,6.249876993,,,
0.399375,6.053944439,6.253063549,,,
0.4,6.063511917,6.253063549,,,
0.400625,6.055539019,6.256250105,,,
0.40125,6.055539019,6.257843383,,,
0.401875,6.057930888,6.255453466,,,
0.4025,6.063511917,6.255453466,,,
0.403125,6.055539019,6.255453466,,,
0.40375,6.057930888,6.257046744,,,
0.404375,6.058728178,6.253860188,,,
0.405,6.066701076,6.261826579,,,
0.405625,6.063511917,6.264216496,,,
0.40625,6.066701076,6.264216496,,,
0.406875,6.069890236,6.261826579,,,
0.4075,6.062714627,6.258640022,,,
0.408125,6.057930888,6.258640022,,,
0.40875,6.062714627,6.256250105,,,
0.409375,6.064309207,6.255453466,,,
0.41,6.056336309,6.255453466,,,
0.410625,6.057930888,6.257046744,,,
0.41125,6.064309207,6.255453466,,,
0.411875,6.062714627,6.257046744,,,
0.4125,6.056336309,6.257843383,,,
0.413125,6.055539019,6.25226691,,,
0.41375,6.05075528,6.246690437,,,
0.414375,6.047566121,6.246690437,,,
0.415,6.046768831,6.248283715,,,
0.415625,6.055539019,6.249080354,,,
0.41625,6.057930888,6.25226691,,,
0.416875,6.054741729,6.253860188,,,
0.4175,6.057930888,6.253860188,,,
0.418125,6.059525468,6.253860188,,,
0.41875,6.057133599,6.254656827,,,
0.419375,6.055539019,6.256250105,,,
0.42,6.057133599,6.254656827,,,
0.420625,6.059525468,6.254656827,,,
0.42125,6.057930888,6.256250105,,,
0.421875,6.063511917,6.265809774,,,
0.4225,6.075471264,6.262623218,,,
0.423125,6.069092946,6.264216496,,,
0.42375,6.066701076,6.264216496,,,
0.424375,6.062714627,6.2602333,,,
0.425,6.066701076,6.257046744,,,
0.425625,6.059525468,6.255453466,,,
0.42625,6.057133599,6.257046744,,,
0.426875,6.060322758,6.254656827,,,
0.4275,6.062714627,6.256250105,,,
0.428125,6.058728178,6.257046744,,,
0.42875,6.056336309,6.256250105,,,
0.429375,6.064309207,6.254656827,,,
0.43,6.048363411,6.249080354,,,
0.430625,6.047566121,6.248283715,,,
0.43125,6.048363411,6.246690437,,,
0.431875,6.05234986,6.248283715,,,
0.4325,6.046768831,6.249876993,,,
0.433125,6.05234986,6.253860188,,,
0.43375,6.058728178,6.254656827,,,
0.434375,6.057930888,6.254656827,,,
0.435,6.053944439,6.253860188,,,
0.435625,6.056336309,6.254656827,,,
0.43625,6.062714627,6.253860188,,,
0.436875,6.055539019,6.254656827,,,
0.4375,6.056336309,6.254656827,,,
0.438125,6.064309207,6.258640022,,,
0.43875,6.071484815,6.265013135,,,
0.439375,6.063511917,6.262623218,,,
0.44,6.064309207,6.261826579,,,
0.440625,6.068295656,6.2602333,,,
0.44125,6.064309207,6.257843383,,,
0.441875,6.057133599,6.257843383,,,
0.4425,6.059525468,6.254656827,,,
0.443125,6.065106497,6.256250105,,,
0.44375,6.059525468,6.256250105,,,
0.444375,6.057133599,6.257843383,,,
0.445,6.065106497,6.256250105,,,
0.445625,6.062714627,6.257046744,,,
0.44625,6.055539019,6.255453466,,,
0.446875,6.045174251,6.246690437,,,
0.4475,6.053944439,6.246690437,,,
0.448125,6.048363411,6.247487076,,,
0.44875,6.044376962,6.248283715,,,
0.449375,6.053944439,6.249876993,,,
0.45,6.057930888,6.25226691,,,
0.450625,6.055539019,6.253063549,,,
0.45125,6.05155257,6.253860188,,,
0.451875,6.062714627,6.253860188,,,
0.4525,6.060322758,6.253063549,,,
0.453125,6.055539019,6.253860188,,,
0.45375,6.05314715,6.253063549,,,
0.454375,6.061917338,6.253860188,,,
0.455,6.064309207,6.2602333,,,
0.455625,6.063511917,6.264216496,,,
0.45625,6.069092946,6.263419857,,,
0.456875,6.071484815,6.26102994,,,
0.4575,6.065106497,6.2602333,,,
0.458125,6.057930888,6.257843383,,,
0.45875,6.069092946,6.256250105,,,
0.459375,6.061120048,6.256250105,,,
0.46,6.059525468,6.257046744,,,
0.460625,6.057930888,6.257046744,,,
0.46125,6.069890236,6.255453466,,,
0.461875,6.061120048,6.256250105,,,
0.4625,6.057930888,6.257046744,,,
0.463125,6.057133599,6.25226691,,,
0.46375,6.053944439,6.245893798,,,
0.464375,6.0491607,6.246690437,,,
0.465,6.045174251,6.248283715,,,
0.465625,6.057930888,6.249080354,,,
0.46625,6.057133599,6.250673632,,,
0.466875,6.053944439,6.253063549,,,
0.4675,6.054741729,6.253860188,,,
0.468125,6.064309207,6.253860188,,,
0.46875,6.054741729,6.254656827,,,
0.469375,6.053944439,6.253860188,,,
0.47,6.057930888,6.253063549,,,
0.470625,6.063511917,6.253860188,,,
0.47125,6.057133599,6.256250105,,,
0.471875,6.064309207,6.261826579,,,
0.4725,6.070687526,6.261826579,,,
0.473125,6.069092946,6.262623218,,,
0.47375,6.064309207,6.262623218,,,
0.474375,6.065106497,6.258640022,,,
0.475,6.069890236,6.257843383,,,
0.475625,6.063511917,6.257843383,,,
0.47625,6.059525468,6.257843383,,,
0.476875,6.064309207,6.257046744,,,
0.4775,6.067498366,6.256250105,,,
0.478125,6.059525468,6.257046744,,,
0.47875,6.057930888,6.257046744,,,
0.479375,6.065106497,6.255453466,,,
0.48,6.055539019,6.250673632,,,
0.480625,6.046768831,6.248283715,,,
0.48125,6.05075528,6.247487076,,,
0.481875,6.05234986,6.246690437,,,
0.4825,6.05234986,6.250673632,,,
0.483125,6.05155257,6.253063549,,,
0.48375,6.057930888,6.254656827,,,
0.484375,6.061120048,6.255453466,,,
0.485,6.056336309,6.256250105,,,
0.485625,6.056336309,6.254656827,,,
0.48625,6.060322758,6.253063549,,,
0.486875,6.060322758,6.255453466,,,
0.4875,6.053944439,6.256250105,,,
0.488125,6.065106497,6.259436661,,,
0.48875,6.073876685,6.262623218,,,
0.489375,6.069890236,6.265809774,,,
0.49,6.064309207,6.263419857,,,
0.490625,6.068295656,6.2602333,,,
0.49125,6.065903787,6.258640022,,,
0.491875,6.061120048,6.257843383,,,
0.4925,6.061120048,6.257843383,,,
0.493125,6.065106497,6.256250105,,,
0.49375,6.060322758,6.257843383,,,
0.494375,6.057930888,6.258640022,,,
0.495,6.064309207,6.257843383,,,
0.495625,6.061917338,6.257046744,,,
0.49625,6.057930888,6.257046744,,,
0.496875,6.048363411,6.250673632,,,
0.4975,6.055539019,6.247487076,,,
0.498125,6.05075528,6.249080354,,,
0.49875,6.04995799,6.250673632,,,
0.499375,6.05314715,6.253063549,,,
0.5,6.060322758,6.253860188,,,
0.500625,6.053944439,6.253860188,,,
0.50125,6.05314715,6.253063549,,,
0.501875,6.054741729,6.251470271,,,
0.5025,6.056336309,6.250673632,,,
0.503125,6.05234986,6.25226691,,,
0.50375,6.05234986,6.25226691,,,
0.504375,6.058728178,6.251470271,,,
0.505,6.060322758,6.257843383,,,
0.505625,6.065106497,6.261826579,,,
0.50625,6.065903787,6.261826579,,,
0.506875,6.068295656,6.2602333,,,
0.5075,6.058728178,6.257843383,,,
0.508125,6.059525468,6.257046744,,,
0.50875,6.060322758,6.253063549,,,
0.509375,6.059525468,6.253860188,,,
0.51,6.053944439,6.253860188,,,
0.510625,6.055539019,6.254656827,,,
0.51125,6.062714627,6.253860188,,,
0.511875,6.056336309,6.253860188,,,
0.5125,6.054741729,6.253860188,,,
0.513125,6.05314715,6.249080354,,,
0.51375,6.0491607,6.24430052,,,
0.514375,6.041985092,6.243503881,,,
0.515,6.044376962,6.245893798,,,
0.515625,6.05155257,6.245893798,,,
0.51625,6.05155257,6.248283715,,,
0.516875,6.046768831,6.249876993,,,
0.5175,6.055539019,6.253063549,,,
0.518125,6.057133599,6.250673632,,,
0.51875,6.05234986,6.251470271,,,
0.519375,6.04995799,6.25226691,,,
0.52,6.056336309,6.250673632,,,
0.520625,6.056336309,6.251470271,,,
0.52125,6.05155257,6.25226691,,,
0.521875,6.059525468,6.26102994,,,
0.5225,6.069092946,6.2602333,,,
0.523125,6.065106497,6.26102994,,,
0.52375,6.058728178,6.259436661,,,
0.524375,6.061120048,6.257843383,,,
0.525,6.061917338,6.255453466,,,
0.525625,6.059525468,6.253860188,,,
0.52625,6.05234986,6.254656827,,,
0.526875,6.064309207,6.253063549,,,
0.5275,6.058728178,6.253860188,,,
0.528125,6.055539019,6.253860188,,,
0.52875,6.05234986,6.253860188,,,
0.529375,6.064309207,6.253063549,,,
0.53,6.05155257,6.247487076,,,
0.530625,6.044376962,6.245097159,,,
0.53125,6.048363411,6.243503881,,,
0.531875,6.05155257,6.245097159,,,
0.5325,6.048363411,6.247487076,,,
0.533125,6.045971541,6.249876993,,,
0.53375,6.059525468,6.250673632,,,
0.534375,6.055539019,6.25226691,,,
0.535,6.053944439,6.251470271,,,
0.535625,6.04995799,6.250673632,,,
0.53625,6.060322758,6.251470271,,,
0.536875,6.05314715,6.251470271,,,
0.5375,6.05314715,6.253860188,,,
0.538125,6.059525468,6.255453466,,,
0.53875,6.071484815,6.262623218,,,
0.539375,6.065903787,6.261826579,,,
0.54,6.061120048,6.26102994,,,
0.540625,6.069890236,6.257843383,,,
0.54125,6.061917338,6.257046744,,,
0.541875,6.058728178,6.257046744,,,
0.5425,6.054741729,6.254656827,,,
0.543125,6.065903787,6.253860188,,,
0.54375,6.056336309,6.253860188,,,
0.544375,6.055539019,6.256250105,,,
0.545,6.059525468,6.253860188,,,
0.545625,6.062714627,6.254656827,,,
0.54625,6.054741729,6.253860188,,,
0.546875,6.043579672,6.245893798,,,
0.5475,6.05075528,6.24430052,,,
0.548125,6.045971541,6.245097159,,,
0.54875,6.043579672,6.247487076,,,
0.549375,6.045971541,6.248283715,,,
0.55,6.057930888,6.250673632,,,
0.550625,6.05155257,6.251470271,,,
0.55125,6.0491607,6.253063549,,,
0.551875,6.05314715,6.251470271,,,
0.5525,6.057930888,6.251470271,,,
0.553125,6.05155257,6.253860188,,,
0.55375,6.053944439,6.253063549,,,
0.554375,6.058728178,6.25226691,,,
0.555,6.063511917,6.257843383,,,
0.555625,6.061917338,6.261826579,,,
0.55625,6.065106497,6.26102994,,,
0.556875,6.068295656,6.259436661,,,
0.5575,6.062714627,6.258640022,,,
0.558125,6.056336309,6.257046744,,,
0.55875,6.062714627,6.255453466,,,
0.559375,6.061120048,6.253063549,,,
0.56,6.056336309,6.256250105,,,
0.560625,6.056336309,6.255453466,,,
0.56125,6.062714627,6.253860188,,,
0.561875,6.058728178,6.254656827,,,
0.5625,6.05234986,6.255453466,,,
0.563125,6.055539019,6.249876993,,,
0.56375,6.048363411,6.243503881,,,
0.564375,6.045971541,6.245097159,,,
0.565,6.039593223,6.245097159,,,
0.565625,6.0491607,6.245893798,,,
0.56625,6.05314715,6.248283715,,,
0.566875,6.05075528,6.25226691,,,
0.5675,6.05234986,6.25226691,,,
0.568125,6.057133599,6.251470271,,,
0.56875,6.05314715,6.25226691,,,
0.569375,6.05155257,6.253063549,,,
0.57,6.057133599,6.253063549,,,
0.570625,6.057133599,6.25226691,,,
0.57125,6.054741729,6.254656827,,,
0.571875,6.060322758,6.26102994,,,
0.5725,6.069092946,6.261826579,,,
0.573125,6.065903787,6.26102994,,,
0.57375,6.062714627,6.26102994,,,
0.574375,6.061120048,6.258640022,,,
0.575,6.064309207,6.255453466,,,
0.575625,6.057930888,6.254656827,,,
0.57625,6.05234986,6.255453466,,,
0.576875,6.058728178,6.255453466,,,
0.5775,6.058728178,6.253860188,,,
0.578125,6.053944439,6.253860188,,,
0.57875,6.05314715,6.254656827,,,
0.579375,6.060322758,6.253063549,,,
0.58,6.0491607,6.247487076,,,
0.580625,6.045971541,6.24430052,,,
0.58125,6.046768831,6.245097159,,,
0.581875,6.04995799,6.245893798,,,
0.5825,6.045174251,6.249080354,,,
0.583125,6.0491607,6.251470271,,,
0.58375,6.057133599,6.251470271,,,
0.584375,6.057930888,6.251470271,,,
0.585,6.04995799,6.253063549,,,
0.585625,6.05314715,6.25226691,,,
0.58625,6.057930888,6.249876993,,,
0.586875,6.053944439,6.251470271,,,
0.5875,6.05155257,6.25226691,,,
0.588125,6.058728178,6.254656827,,,
0.58875,6.069092946,6.2602333,,,
0.589375,6.061917338,6.26102994,,,
0.59,6.063511917,6.261826579,,,
0.590625,6.065106497,6.258640022,,,
0.59125,6.063511917,6.257843383,,,
0.591875,6.054741729,6.256250105,,,
0.5925,6.058728178,6.255453466,,,
0.593125,6.061120048,6.254656827,,,
0.59375,6.056336309,6.254656827,,,
0.594375,6.053944439,6.254656827,,,
0.595,6.061120048,6.254656827,,,
0.595625,6.057930888,6.253063549,,,
0.59625,6.05075528,6.25226691,,,
0.596875,6.044376962,6.245097159,,,
0.5975,6.05155257,6.242707241,,,
0.598125,6.048363411,6.24430052,,,
0.59875,6.039593223,6.24430052,,,
0.599375,6.05155257,6.247487076,,,
0.6,6.054741729,6.248283715,,,
0.600625,6.05234986,6.251470271,,,
0.60125,6.048363411,6.249876993,,,
0.601875,6.057930888,6.250673632,,,
0.6025,6.056336309,6.250673632,,,
0.603125,6.04995799,6.251470271,,,
0.60375,6.05155257,6.253063549,,,
0.604375,6.057930888,6.250673632,,,
0.605,6.060322758,6.257843383,,,
0.605625,6.059525468,6.26102994,,,
0.60625,6.065106497,6.2602333,,,
0.606875,6.066701076,6.258640022,,,
0.6075,6.061120048,6.257046744,,,
0.608125,6.05314715,6.253860188,,,
0.60875,6.062714627,6.25226691,,,
0.609375,6.057930888,6.253860188,,,
0.61,6.054741729,6.253063549,,,
0.610625,6.053944439,6.253860188,,,
0.61125,6.064309207,6.253063549,,,
0.611875,6.057930888,6.253063549,,,
0.6125,6.053944439,6.253063549,,,
0.613125,6.05314715,6.249876993,,,
0.61375,6.05075528,6.24430052,,,
0.614375,6.043579672,6.24430052,,,
0.615,6.041187802,6.245893798,,,
0.615625,6.053944439,6.245893798,,,
0.61625,6.05234986,6.250673632,,,
0.616875,6.048363411,6.250673632,,,
0.6175,6.05075528,6.251470271,,,
0.618125,6.059525468,6.249080354,,,
0.61875,6.0491607,6.250673632,,,
0.619375,6.0491607,6.251470271,,,
0.62,6.05075528,6.249876993,,,
0.620625,6.056336309,6.250673632,,,
0.62125,6.05234986,6.253063549,,,
0.621875,6.058728178,6.26102994,,,
0.6225,6.071484815,6.26102994,,,
0.623125,6.065903787,6.26102994,,,
0.62375,6.061120048,6.2602333,,,
0.624375,6.056336309,6.256250105,,,
0.625,6.065106497,6.254656827,,,
0.625625,6.056336309,6.253860188,,,
0.62625,6.053944439,6.253860188,,,
0.626875,6.056336309,6.25226691,,,
0.6275,6.061120048,6.253063549,,,
0.628125,6.053944439,6.253063549,,,
0.62875,6.05234986,6.25226691,,,
0.629375,6.059525468,6.25226691,,,
0.63,6.05155257,6.247487076,,,
0.630625,6.041985092,6.245097159,,,
0.63125,6.045174251,6.24430052,,,
0.631875,6.04995799,6.24430052,,,
0.6325,6.045971541,6.245893798,,,
0.633125,6.045174251,6.249876993,,,
0.63375,6.05155257,6.248283715,,,
0.634375,6.057133599,6.250673632,,,
0.635,6.0491607,6.251470271,,,
0.635625,6.05234986,6.251470271,,,
0.63625,6.055539019,6.249876993,,,
0.636875,6.054741729,6.250673632,,,
0.6375,6.05075528,6.25226691,,,
0.638125,6.057930888,6.254656827,,,
0.63875,6.067498366,6.26102994,,,
0.639375,6.065106497,6.261826579,,,
0.64,6.061120048,6.26102994,,,
0.640625,6.066701076,6.257843383,,,
0.64125,6.061917338,6.255453466,,,
0.641875,6.057133599,6.255453466,,,
0.6425,6.054741729,6.25226691,,,
0.643125,6.061120048,6.25226691,,,
0.64375,6.057930888,6.253063549,,,
0.644375,6.05234986,6.254656827,,,
0.645,6.057930888,6.25226691,,,
0.645625,6.057133599,6.25226691,,,
0.64625,6.055539019,6.25226691,,,
0.646875,6.042782382,6.245097159,,,
0.6475,6.048363411,6.24430052,,,
0.648125,6.045971541,6.243503881,,,
0.64875,6.045971541,6.245893798,,,
0.649375,6.047566121,6.248283715,,,
0.65,6.053944439,6.249876993,,,
0.650625,6.05234986,6.250673632,,,
0.65125,6.05075528,6.25226691,,,
0.651875,6.056336309,6.251470271,,,
0.6525,6.055539019,6.249876993,,,
0.653125,6.05234986,6.25226691,,,
0.65375,6.05075528,6.25226691,,,
0.654375,6.059525468,6.251470271,,,
0.655,6.058728178,6.256250105,,,
0.655625,6.065106497,6.261826579,,,
0.65625,6.064309207,6.26102994,,,
0.656875,6.067498366,6.257843383,,,
0.6575,6.061120048,6.257046744,,,
0.658125,6.056336309,6.257046744,,,
0.65875,6.060322758,6.253860188,,,
0.659375,6.057930888,6.253063549,,,
0.66,6.053944439,6.254656827,,,
0.660625,6.054741729,6.253063549,,,
0.66125,6.062714627,6.251470271,,,
0.661875,6.056336309,6.251470271,,,
0.6625,6.054741729,6.25226691,,,
0.663125,6.053944439,6.249876993,,,
0.66375,6.04995799,6.243503881,,,
0.664375,6.040390513,6.243503881,,,
0.665,6.042782382,6.24430052,,,
0.665625,6.0491607,6.245097159,,,
0.66625,6.05234986,6.247487076,,,
0.666875,6.045971541,6.249876993,,,
0.6675,6.05155257,6.250673632,,,
0.668125,6.057133599,6.250673632,,,
0.66875,6.053944439,6.251470271,,,
0.669375,6.05155257,6.251470271,,,
0.67,6.056336309,6.251470271,,,
0.670625,6.056336309,6.250673632,,,
0.67125,6.04995799,6.251470271,,,
0.671875,6.061120048,6.259436661,,,
0.6725,6.068295656,6.2602333,,,
0.673125,6.065903787,6.2602333,,,
0.67375,6.057930888,6.258640022,,,
0.674375,6.062714627,6.256250105,,,
0.675,6.064309207,6.253063549,,,
0.675625,6.057133599,6.253063549,,,
0.67625,6.0491607,6.25226691,,,
0.676875,6.058728178,6.25226691,,,
0.6775,6.057133599,6.251470271,,,
0.678125,6.05075528,6.253063549,,,
0.67875,6.05155257,6.253063549,,,
0.679375,6.061917338,6.25226691,,,
0.68,6.05075528,6.247487076,,,
0.680625,6.039593223,6.242707241,,,
0.68125,6.047566121,6.243503881,,,
0.681875,6.046768831,6.24430052,,,
0.6825,6.045971541,6.247487076,,,
0.683125,6.044376962,6.249080354,,,
0.68375,6.059525468,6.251470271,,,
0.684375,6.056336309,6.250673632,,,
0.685,6.05075528,6.253063549,,,
0.685625,6.0491607,6.25226691,,,
0.68625,6.057133599,6.249876993,,,
0.686875,6.05155257,6.251470271,,,
0.6875,6.046768831,6.251470271,,,
0.688125,6.054741729,6.254656827,,,
0.68875,6.066701076,6.259436661,,,
0.689375,6.062714627,6.26102994,,,
0.69,6.057133599,6.2602333,,,
0.690625,6.065903787,6.257843383,,,
0.69125,6.059525468,6.255453466,,,
0.691875,6.05314715,6.253860188,,,
0.6925,6.05155257,6.253860188,,,
0.693125,6.061917338,6.253063549,,,
0.69375,6.055539019,6.253860188,,,
0.694375,6.05314715,6.253860188,,,
0.695,6.054741729,6.253063549,,,
0.695625,6.058728178,6.251470271,,,
0.69625,6.05075528,6.253063549,,,
0.696875,6.041985092,6.245097159,,,
0.6975,6.048363411,6.241910602,,,
0.698125,6.046768831,6.243503881,,,
0.69875,6.041187802,6.245893798,,,
0.699375,6.043579672,6.247487076,,,
0.7,6.055539019,6.249080354,,,
0.700625,6.0491607,6.25226691,,,
0.70125,6.0491607,6.25226691,,,
0.701875,6.05075528,6.251470271,,,
0.7025,6.058728178,6.250673632,,,
0.703125,6.0491607,6.250673632,,,
0.70375,6.04995799,6.251470271,,,
0.704375,6.053944439,6.249876993,,,
0.705,6.059525468,6.257046744,,,
0.705625,6.059525468,6.261826579,,,
0.70625,6.062714627,6.26102994,,,
0.706875,6.068295656,6.259436661,,,
0.7075,6.059525468,6.257843383,,,
0.708125,6.055539019,6.256250105,,,
0.70875,6.057930888,6.253063549,,,
0.709375,6.061917338,6.253860188,,,
0.71,6.05234986,6.253860188,,,
0.710625,6.053944439,6.255453466,,,
0.71125,6.062714627,6.253063549,,,
0.711875,6.058728178,6.255453466,,,
0.7125,6.05155257,6.254656827,,,
0.713125,6.05155257,6.251470271,,,
0.71375,6.04995799,6.245097159,,,
0.714375,6.043579672,6.245893798,,,
0.715,6.042782382,6.247487076,,,
0.715625,6.048363411,6.248283715,,,
0.71625,6.055539019,6.250673632,,,
0.716875,6.0491607,6.251470271,,,
0.7175,6.05155257,6.253063549,,,
0.718125,6.054741729,6.251470271,,,
0.71875,6.05314715,6.25226691,,,
0.719375,6.048363411,6.253860188,,,
0.72,6.054741729,6.253063549,,,
0.720625,6.056336309,6.251470271,,,
0.72125,6.05314715,6.25226691,,,
0.721875,6.057930888,6.261826579,,,
0.7225,6.066701076,6.26102994,,,
0.723125,6.064309207,6.26102994,,,
0.72375,6.060322758,6.2602333,,,
0.724375,6.057930888,6.257843383,,,
0.725,6.060322758,6.254656827,,,
0.725625,6.055539019,6.254656827,,,
0.72625,6.05234986,6.255453466,,,
0.726875,6.056336309,6.253860188,,,
0.7275,6.054741729,6.253063549,,,
0.728125,6.054741729,6.254656827,,,
0.72875,6.05155257,6.254656827,,,
0.729375,6.058728178,6.253063549,,,
0.73,6.04995799,6.248283715,,,
0.730625,6.043579672,6.24430052,,,
0.73125,6.042782382,6.245097159,,,
0.731875,6.048363411,6.245097159,,,
0.7325,6.043579672,6.247487076,,,
0.733125,6.046768831,6.250673632,,,
0.73375,6.053944439,6.249876993,,,
0.734375,6.054741729,6.25226691,,,
0.735,6.05075528,6.25226691,,,
0.735625,6.05075528,6.253063549,,,
0.73625,6.057930888,6.253063549,,,
0.736875,6.05234986,6.25226691,,,
0.7375,6.05234986,6.253860188,,,
0.738125,6.058728178,6.254656827,,,
0.73875,6.069092946,6.262623218,,,
0.739375,6.062714627,6.262623218,,,
0.74,6.062714627,6.262623218,,,
0.740625,6.064309207,6.259436661,,,
0.74125,6.060322758,6.257046744,,,
0.741875,6.054741729,6.257046744,,,
0.7425,6.055539019,6.255453466,,,
0.743125,6.060322758,6.255453466,,,
0.74375,6.055539019,6.254656827,,,
0.744375,6.053944439,6.254656827,,,
0.745,6.060322758,6.254656827,,,
0.745625,6.060322758,6.254656827,,,
0.74625,6.05155257,6.253860188,,,
0.746875,6.044376962,6.247487076,,,
0.7475,6.05155257,6.245097159,,,
0.748125,6.045971541,6.245097159,,,
0.74875,6.041985092,6.247487076,,,
0.749375,6.05075528,6.249876993,,,
0.75,6.054741729,6.250673632,,,
0.750625,6.05234986,6.250673632,,,
0.75125,6.0491607,6.253063549,,,
0.751875,6.057930888,6.253063549,,,
0.7525,6.057133599,6.25226691,,,
0.753125,6.05075528,6.25226691,,,
0.75375,6.05075528,6.253063549,,,
0.754375,6.057133599,6.25226691,,,
0.755,6.060322758,6.257046744,,,
0.755625,6.058728178,6.262623218,,,
0.75625,6.065903787,6.261826579,,,
0.756875,6.069092946,6.259436661,,,
0.7575,6.061917338,6.257843383,,,
0.758125,6.05314715,6.256250105,,,
0.75875,6.061917338,6.255453466,,,
0.759375,6.057930888,6.254656827,,,
0.76,6.05314715,6.255453466,,,
0.760625,6.05314715,6.255453466,,,
0.76125,6.063511917,6.254656827,,,
0.761875,6.056336309,6.254656827,,,
0.7625,6.05075528,6.254656827,,,
0.763125,6.055539019,6.25226691,,,
0.76375,6.05075528,6.245097159,,,
0.764375,6.044376962,6.245893798,,,
0.765,6.038795933,6.245893798,,,
0.765625,6.05234986,6.248283715,,,
0.76625,6.05075528,6.249876993,,,
0.766875,6.0491607,6.253063549,,,
0.7675,6.04995799,6.253860188,,,
0.768125,6.057930888,6.253063549,,,
0.76875,6.05155257,6.253063549,,,
0.769375,6.047566121,6.253063549,,,
0.77,6.053944439,6.253063549,,,
0.770625,6.057930888,6.25226691,,,
0.77125,6.05155257,6.254656827,,,
0.771875,6.057133599,6.26102994,,,
0.7725,6.069890236,6.261826579,,,
0.773125,6.065106497,6.261826579,,,
0.77375,6.060322758,6.261826579,,,
0.774375,6.057133599,6.257843383,,,
0.775,6.066701076,6.257843383,,,
0.775625,6.057133599,6.256250105,,,
0.77625,6.05155257,6.254656827,,,
0.776875,6.057133599,6.254656827,,,
0.7775,6.060322758,6.254656827,,,
0.778125,6.054741729,6.256250105,,,
0.77875,6.05314715,6.256250105,,,
0.779375,6.060322758,6.254656827,,,
0.78,6.05234986,6.249876993,,,
0.780625,6.041187802,6.245893798,,,
0.78125,6.043579672,6.245893798,,,
0.781875,6.053944439,6.245097159,,,
0.7825,6.046768831,6.249080354,,,
0.783125,6.046768831,6.250673632,,,
0.78375,6.05075528,6.25226691,,,
0.784375,6.060322758,6.25226691,,,
0.785,6.04995799,6.253063549,,,
0.785625,6.05075528,6.25226691,,,
0.78625,6.055539019,6.25226691,,,
0.786875,6.056336309,6.253063549,,,
0.7875,6.0491607,6.253063549,,,
0.788125,6.054741729,6.254656827,,,
0.78875,6.069890236,6.2602333,,,
0.789375,6.064309207,6.262623218,,,
0.79,6.060322758,6.262623218,,,
0.790625,6.061120048,6.259436661,,,
0.79125,6.065106497,6.257046744,,,
0.791875,6.057930888,6.256250105,,,
0.7925,6.055539019,6.253860188,,,
0.793125,6.058728178,6.25226691,,,
0.79375,6.058728178,6.253860188,,,
0.794375,6.05075528,6.253063549,,,
0.795,6.055539019,6.25226691,,,
0.795625,6.058728178,6.25226691,,,
0.79625,6.054741729,6.253063549,,,
0.796875,6.041985092,6.246690437,,,
0.7975,6.045174251,6.243503881,,,
0.798125,6.046768831,6.243503881,,,
0.79875,6.041985092,6.245097159,,,
0.799375,6.046768831,6.249080354,,,
0.8,6.05155257,6.248283715,,,
0.800625,6.05155257,6.25226691,,,
0.80125,6.04995799,6.253063549,,,
0.801875,6.053944439,6.251470271,,,
0.8025,6.056336309,6.25226691,,,
0.803125,6.05155257,6.251470271,,,
0.80375,6.04995799,6.253063549,,,
0.804375,6.059525468,6.251470271,,,
0.805,6.058728178,6.256250105,,,
0.805625,6.061917338,6.2602333,,,
0.80625,6.063511917,6.26102994,,,
0.806875,6.069092946,6.257843383,,,
0.8075,6.059525468,6.257046744,,,
0.808125,6.054741729,6.254656827,,,
0.80875,6.058728178,6.253063549,,,
0.809375,6.057133599,6.253063549,,,
0.81,6.053944439,6.253860188,,,
0.810625,6.05234986,6.253860188,,,
0.81125,6.060322758,6.253063549,,,
0.811875,6.054741729,6.253063549,,,
0.8125,6.054741729,6.253063549,,,
0.813125,6.05155257,6.250673632,,,
0.81375,6.047566121,6.243503881,,,
0.814375,6.040390513,6.243503881,,,
0.815,6.041985092,6.245893798,,,
0.815625,6.048363411,6.245893798,,,
0.81625,6.0491607,6.249080354,,,
0.816875,6.047566121,6.249876993,,,
0.8175,6.05155257,6.253860188,,,
0.818125,6.056336309,6.251470271,,,
0.81875,6.04995799,6.251470271,,,
0.819375,6.0491607,6.251470271,,,
0.82,6.05075528,6.251470271,,,
0.820625,6.055539019,6.25226691,,,
0.82125,6.047566121,6.251470271,,,
0.821875,6.057930888,6.259436661,,,
0.8225,6.065903787,6.2602333,,,
0.823125,6.065903787,6.261826579,,,
0.82375,6.057930888,6.2602333,,,
0.824375,6.057930888,6.258640022,,,
0.825,6.062714627,6.255453466,,,
0.825625,6.055539019,6.253063549,,,
0.82625,6.05314715,6.253860188,,,
0.826875,6.057930888,6.253063549,,,
0.8275,6.057930888,6.253860188,,,
0.828125,6.05234986,6.254656827,,,
0.82875,6.05314715,6.255453466,,,
0.829375,6.058728178,6.25226691,,,
0.83,6.05075528,6.249080354,,,
0.830625,6.039593223,6.24430052,,,
0.83125,6.044376962,6.24430052,,,
0.831875,6.047566121,6.24430052,,,
0.8325,6.045174251,6.245893798,,,
0.833125,6.043579672,6.249876993,,,
0.83375,6.054741729,6.250673632,,,
0.834375,6.05234986,6.25226691,,,
0.835,6.0491607,6.25226691,,,
0.835625,6.047566121,6.25226691,,,
0.83625,6.054741729,6.250673632,,,
0.836875,6.05155257,6.25226691,,,
0.8375,6.047566121,6.253063549,,,
0.838125,6.053944439,6.253063549,,,
0.83875,6.065903787,6.259436661,,,
0.839375,6.062714627,6.2602333,,,
0.84,6.055539019,6.26102994,,,
0.840625,6.067498366,6.257843383,,,
0.84125,6.061120048,6.257046744,,,
0.841875,6.055539019,6.255453466,,,
0.8425,6.04995799,6.253063549,,,
0.843125,6.063511917,6.253063549,,,
0.84375,6.054741729,6.25226691,,,
0.844375,6.05234986,6.253860188,,,
0.845,6.054741729,6.25226691,,,
0.845625,6.059525468,6.253063549,,,
0.84625,6.053944439,6.25226691,,,
0.846875,6.041187802,6.245893798,,,
0.8475,6.05155257,6.24430052,,,
0.848125,6.046768831,6.24430052,,,
0.84875,6.044376962,6.246690437,,,
0.849375,6.043579672,6.248283715,,,
0.85,6.056336309,6.249876993,,,
0.850625,6.05075528,6.25226691,,,
0.85125,6.05075528,6.253860188,,,
0.851875,6.05155257,6.25226691,,,
0.8525,6.060322758,6.251470271,,,
0.853125,6.05234986,6.25226691,,,
0.85375,6.05075528,6.25226691,,,
0.854375,6.060322758,6.251470271,,,
0.855,6.060322758,6.256250105,,,
0.855625,6.062714627,6.262623218,,,
0.85625,6.061120048,6.26102994,,,
0.856875,6.071484815,6.2602333,,,
0.8575,6.063511917,6.258640022,,,
0.858125,6.057930888,6.257046744,,,
0.85875,6.060322758,6.254656827,,,
0.859375,6.061917338,6.253860188,,,
0.86,6.054741729,6.253860188,,,
0.860625,6.053944439,6.253063549,,,
0.86125,6.061917338,6.253063549,,,
0.861875,6.057930888,6.253063549,,,
0.8625,6.05155257,6.253063549,,,
0.863125,6.05155257,6.249876993,,,
0.86375,6.0491607,6.241910602,,,
0.864375,6.043579672,6.24430052,,,
0.865,6.040390513,6.24430052,,,
0.865625,6.047566121,6.245893798,,,
0.86625,6.053944439,6.247487076,,,
0.866875,6.05075528,6.25226691,,,
0.8675,6.05155257,6.25226691,,,
0.868125,6.056336309,6.251470271,,,
0.86875,6.057133599,6.250673632,,,
0.869375,6.048363411,6.251470271,,,
0.87,6.053944439,6.251470271,,,
0.870625,6.057930888,6.249876993,,,
0.87125,6.056336309,6.253860188,,,
0.871875,6.057930888,6.258640022,,,
0.8725,6.069092946,6.26102994,,,
0.873125,6.067498366,6.26102994,,,
0.87375,6.063511917,6.26102994,,,
0.874375,6.061120048,6.257843383,,,
0.875,6.064309207,6.254656827,,,
0.875625,6.059525468,6.253860188,,,
0.87625,6.05314715,6.253860188,,,
0.876875,6.060322758,6.253063549,,,
0.8775,6.058728178,6.253063549,,,
0.878125,6.057133599,6.254656827,,,
0.87875,6.05314715,6.254656827,,,
0.879375,6.061120048,6.253860188,,,
0.88,6.053944439,6.249080354,,,
0.880625,6.044376962,6.245097159,,,
0.88125,6.047566121,6.24430052,,,
0.881875,6.048363411,6.243503881,,,
0.8825,6.046768831,6.246690437,,,
0.883125,6.046768831,6.249876993,,,
0.88375,6.054741729,6.250673632,,,
0.884375,6.057930888,6.250673632,,,
0.885,6.053944439,6.253063549,,,
0.885625,6.05314715,6.253063549,,,
0.88625,6.059525468,6.251470271,,,
0.886875,6.055539019,6.251470271,,,
0.8875,6.055539019,6.25226691,,,
0.888125,6.057930888,6.254656827,,,
0.88875,6.069890236,6.2602333,,,
0.889375,6.063511917,6.26102994,,,
0.89,6.064309207,6.26102994,,,
0.890625,6.065903787,6.257843383,,,
0.89125,6.062714627,6.255453466,,,
0.891875,6.056336309,6.255453466,,,
0.8925,6.056336309,6.254656827,,,
0.893125,6.062714627,6.25226691,,,
0.89375,6.058728178,6.253063549,,,
0.894375,6.057133599,6.253860188,,,
0.895,6.058728178,6.254656827,,,
0.895625,6.062714627,6.253063549,,,
0.89625,6.05314715,6.253063549,,,
0.896875,6.047566121,6.247487076,,,
0.8975,6.04995799,6.245097159,,,
0.898125,6.05155257,6.245097159,,,
0.89875,6.044376962,6.245893798,,,
0.899375,6.05314715,6.249080354,,,
0.9,6.056336309,6.249876993,,,
0.900625,6.054741729,6.251470271,,,
0.90125,6.053944439,6.25226691,,,
0.901875,6.057133599,6.25226691,,,
0.9025,6.059525468,6.251470271,,,
0.903125,6.05234986,6.250673632,,,
0.90375,6.05314715,6.25226691,,,
0.904375,6.060322758,6.250673632,,,
0.905,6.062714627,6.256250105,,,
0.905625,6.058728178,6.2602333,,,
0.90625,6.068295656,6.26102994,,,
0.906875,6.070687526,6.259436661,,,
0.9075,6.065903787,6.258640022,,,
0.908125,6.058728178,6.256250105,,,
0.90875,6.065106497,6.254656827,,,
0.909375,6.062714627,6.253860188,,,
0.91,6.056336309,6.253860188,,,
0.910625,6.057930888,6.255453466,,,
0.91125,6.065106497,6.253860188,,,
0.911875,6.061120048,6.254656827,,,
0.9125,6.055539019,6.254656827,,,
0.913125,6.059525468,6.254656827,,,
0.91375,6.05155257,6.245097159,,,
0.914375,6.048363411,6.245097159,,,
0.915,6.044376962,6.245893798,,,
0.915625,6.056336309,6.246690437,,,
0.91625,6.054741729,6.249080354,,,
0.916875,6.05234986,6.251470271,,,
0.9175,6.05155257,6.25226691,,,
0.918125,6.062714627,6.251470271,,,
0.91875,6.055539019,6.25226691,,,
0.919375,6.05155257,6.25226691,,,
0.92,6.057930888,6.25226691,,,
0.920625,6.059525468,6.251470271,,,
0.92125,6.058728178,6.253860188,,,
0.921875,6.063511917,6.261826579,,,
0.9225,6.076268554,6.263419857,,,
0.923125,6.073876685,6.263419857,,,
0.92375,6.067498366,6.262623218,,,
0.924375,6.062714627,6.26102994,,,
0.925,6.072282105,6.257843383,,,
0.925625,6.062714627,6.257046744,,,
0.92625,6.060322758,6.257046744,,,
0.926875,6.062714627,6.256250105,,,
0.9275,6.067498366,6.258640022,,,
0.928125,6.062714627,6.257843383,,,
0.92875,6.059525468,6.257046744,,,
0.929375,6.066701076,6.257046744,,,
0.93,6.059525468,6.253063549,,,
0.930625,6.05075528,6.249080354,,,
0.93125,6.047566121,6.248283715,,,
0.931875,6.057930888,6.248283715,,,
0.9325,6.05314715,6.250673632,,,
0.933125,6.05314715,6.253860188,,,
0.93375,6.055539019,6.253063549,,,
0.934375,6.063511917,6.256250105,,,
0.935,6.057930888,6.255453466,,,
0.935625,6.055539019,6.255453466,,,
0.93625,6.062714627,6.254656827,,,
0.936875,6.059525468,6.254656827,,,
0.9375,6.057133599,6.257046744,,,
0.938125,6.059525468,6.257046744,,,
0.93875,6.074673975,6.263419857,,,
0.939375,6.069092946,6.265013135,,,
0.94,6.067498366,6.265013135,,,
0.940625,6.070687526,6.262623218,,,
0.94125,6.070687526,6.2602333,,,
0.941875,6.062714627,6.258640022,,,
0.9425,6.060322758,6.257046744,,,
0.943125,6.065903787,6.257046744,,,
0.94375,6.063511917,6.257046744,,,
0.944375,6.058728178,6.258640022,,,
0.945,6.062714627,6.258640022,,,
0.945625,6.065903787,6.257843383,,,
0.94625,6.060322758,6.257046744,,,
0.946875,6.0491607,6.250673632,,,
0.9475,6.05234986,6.247487076,,,
0.948125,6.05314715,6.248283715,,,
0.94875,6.04995799,6.250673632,,,
0.949375,6.05234986,6.25226691,,,
0.95,6.058728178,6.253860188,,,
0.950625,6.059525468,6.254656827,,,
0.95125,6.053944439,6.256250105,,,
0.951875,6.060322758,6.255453466,,,
0.9525,6.063511917,6.254656827,,,
0.953125,6.059525468,6.256250105,,,
0.95375,6.053944439,6.255453466,,,
0.954375,6.065106497,6.254656827,,,
0.955,6.063511917,6.258640022,,,
0.955625,6.067498366,6.265013135,,,
0.95625,6.068295656,6.265013135,,,
0.956875,6.073079395,6.262623218,,,
0.9575,6.067498366,6.2602333,,,
0.958125,6.059525468,6.259436661,,,
0.95875,6.065106497,6.257843383,,,
0.959375,6.063511917,6.257046744,,,
0.96,6.062714627,6.258640022,,,
0.960625,6.055539019,6.257843383,,,
0.96125,6.066701076,6.257046744,,,
0.961875,6.063511917,6.256250105,,,
0.9625,6.061120048,6.257843383,,,
0.963125,6.059525468,6.256250105,,,
0.96375,6.055539019,6.248283715,,,
0.964375,6.04995799,6.248283715,,,
0.965,6.048363411,6.249080354,,,
0.965625,6.056336309,6.250673632,,,
0.96625,6.057930888,6.250673632,,,
0.966875,6.057133599,6.253860188,,,
0.9675,6.056336309,6.255453466,,,
0.968125,6.063511917,6.255453466,,,
0.96875,6.057133599,6.254656827,,,
0.969375,6.056336309,6.254656827,,,
0.97,6.058728178,6.254656827,,,
0.970625,6.062714627,6.254656827,,,
0.97125,6.057133599,6.256250105,,,
0.971875,6.064309207,6.262623218,,,
0.9725,6.072282105,6.264216496,,,
0.973125,6.073876685,6.265013135,,,
0.97375,6.065903787,6.265013135,,,
0.974375,6.066701076,6.261826579,,,
0.975,6.070687526,6.257843383,,,
0.975625,6.063511917,6.257843383,,,
0.97625,6.059525468,6.257046744,,,
0.976875,6.065106497,6.257046744,,,
0.9775,6.065106497,6.256250105,,,
0.978125,6.057133599,6.256250105,,,
0.97875,6.060322758,6.258640022,,,
0.979375,6.066701076,6.257843383,,,
0.98,6.059525468,6.25226691,,,
0.980625,6.045971541,6.248283715,,,
0.98125,6.05155257,6.249080354,,,
0.981875,6.054741729,6.248283715,,,
0.9825,6.05234986,6.250673632,,,
0.983125,6.05075528,6.253063549,,,
0.98375,6.059525468,6.253860188,,,
0.984375,6.061120048,6.255453466,,,
0.985,6.055539019,6.256250105,,,
0.985625,6.057930888,6.255453466,,,
0.98625,6.061917338,6.253860188,,,
0.986875,6.061120048,6.254656827,,,
0.9875,6.05234986,6.254656827,,,
0.988125,6.061917338,6.257843383,,,
0.98875,6.071484815,6.262623218,,,
0.989375,6.070687526,6.263419857,,,
0.99,6.064309207,6.263419857,,,
0.990625,6.070687526,6.26102994,,,
0.99125,6.065903787,6.259436661,,,
0.991875,6.060322758,6.258640022,,,
0.9925,6.057930888,6.257046744,,,
0.993125,6.067498366,6.257046744,,,
0.99375,6.062714627,6.257046744,,,
0.994375,6.056336309,6.257046744,,,
0.995,6.061120048,6.257046744,,,
0.995625,6.064309207,6.255453466,,,
0.99625,6.059525468,6.257843383,,,
0.996875,6.048363411,6.249876993,,,
0.9975,6.057133599,6.247487076,,,
0.998125,6.05075528,6.248283715,,,
0.99875,6.047566121,6.249080354,,,
0.999375,6.0491607,6.249876993,,,
1,6.059525468,6.251470271,,,
1.000625,6.055539019,6.254656827,,,
1.00125,6.05314715,6.255453466,,,
1.001875,6.055539019,6.255453466,,,
1.0025,6.061917338,6.253860188,,,
1.003125,6.054741729,6.254656827,,,
1.00375,6.05234986,6.255453466,,,
1.004375,6.061120048,6.253860188,,,
1.005,6.061120048,6.258640022,,,
1.005625,6.065106497,6.265013135,,,
1.00625,6.064309207,6.265809774,,,
1.006875,6.077065844,6.263419857,,,
1.0075,6.065106497,6.262623218,,,
1.008125,6.061120048,6.2602333,,,
1.00875,6.062714627,6.257843383,,,
1.009375,6.067498366,6.256250105,,,
1.01,6.057930888,6.257046744,,,
1.010625,6.057133599,6.257843383,,,
1.01125,6.066701076,6.256250105,,,
1.011875,6.062714627,6.257046744,,,
1.0125,6.056336309,6.257046744,,,
1.013125,6.054741729,6.255453466,,,
1.01375,6.053944439,6.247487076,,,
1.014375,6.045174251,6.246690437,,,
1.015,6.045971541,6.248283715,,,
1.015625,6.045174251,6.248283715,,,
1.01625,6.058728178,6.25226691,,,
1.016875,6.05155257,6.25226691,,,
1.0175,6.05234986,6.255453466,,,
1.018125,6.058728178,6.254656827,,,
1.01875,6.056336309,6.255453466,,,
1.019375,6.05234986,6.256250105,,,
1.02,6.055539019,6.254656827,,,
1.020625,6.060322758,6.253063549,,,
1.02125,6.05234986,6.253860188,,,
1.021875,6.059525468,6.261826579,,,
1.0225,6.067498366,6.262623218,,,
1.023125,6.069890236,6.262623218,,,
1.02375,6.062714627,6.262623218,,,
1.024375,6.060322758,6.2602333,,,
1.025,6.063511917,6.257046744,,,
1.025625,6.061120048,6.256250105,,,
1.02625,6.054741729,6.256250105,,,
1.026875,6.058728178,6.254656827,,,
1.0275,6.061120048,6.254656827,,,
1.028125,6.056336309,6.255453466,,,
1.02875,6.05314715,6.256250105,,,
1.029375,6.059525468,6.254656827,,,
1.03,6.057930888,6.250673632,,,
1.030625,6.045174251,6.245893798,,,
1.03125,6.044376962,6.245893798,,,
1.031875,6.05075528,6.245893798,,,
1.0325,6.046768831,6.249080354,,,
1.033125,6.046768831,6.253063549,,,
1.03375,6.054741729,6.25226691,,,
1.034375,6.056336309,6.253860188,,,
1.035,6.054741729,6.253860188,,,
1.035625,6.0491607,6.254656827,,,
1.03625,6.057133599,6.25226691,,,
1.036875,6.05234986,6.25226691,,,
1.0375,6.053944439,6.254656827,,,
1.038125,6.054741729,6.253860188,,,
1.03875,6.069092946,6.261826579,,,
1.039375,6.065106497,6.262623218,,,
1.04,6.061917338,6.264216496,,,
1.040625,6.065106497,6.26102994,,,
1.04125,6.061120048,6.257843383,,,
1.041875,6.055539019,6.257046744,,,
1.0425,6.05234986,6.256250105,,,
1.043125,6.062714627,6.255453466,,,
1.04375,6.056336309,6.253860188,,,
1.044375,6.056336309,6.255453466,,,
1.045,6.057133599,6.254656827,,,
1.045625,6.059525468,6.254656827,,,
1.04625,6.05075528,6.255453466,,,
1.046875,6.046768831,6.249080354,,,
1.0475,6.048363411,6.245893798,,,
1.048125,6.047566121,6.245097159,,,
1.04875,6.044376962,6.247487076,,,
1.049375,6.045174251,6.249876993,,,
1.05,6.053944439,6.250673632,,,
1.050625,6.05075528,6.251470271,,,
1.05125,6.05075528,6.253860188,,,
1.051875,6.053944439,6.25226691,,,
1.0525,6.057133599,6.253063549,,,
1.053125,6.0491607,6.253860188,,,
1.05375,6.05075528,6.253063549,,,
1.054375,6.056336309,6.253063549,,,
1.055,6.058728178,6.257046744,,,
1.055625,6.059525468,6.262623218,,,
1.05625,6.062714627,6.263419857,,,
1.056875,6.069092946,6.262623218,,,
1.0575,6.061917338,6.2602333,,,
1.058125,6.055539019,6.258640022,,,
1.05875,6.061120048,6.257046744,,,
1.059375,6.058728178,6.254656827,,,
1.06,6.05314715,6.256250105,,,
1.060625,6.05234986,6.256250105,,,
1.06125,6.061917338,6.256250105,,,
1.061875,6.058728178,6.255453466,,,
1.0625,6.05155257,6.257046744,,,
1.063125,6.055539019,6.254656827,,,
1.06375,6.05075528,6.247487076,,,
1.064375,6.045174251,6.246690437,,,
1.065,6.039593223,6.247487076,,,
1.065625,6.05155257,6.249080354,,,
1.06625,6.04995799,6.250673632,,,
1.066875,6.048363411,6.253063549,,,
1.0675,6.0491607,6.253063549,,,
1.068125,6.058728178,6.253063549,,,
1.06875,6.05234986,6.253860188,,,
1.069375,6.045971541,6.253063549,,,
1.07,6.05155257,6.253860188,,,
1.070625,6.057133599,6.25226691,,,
1.07125,6.05314715,6.253860188,,,
1.071875,6.05234986,6.2602333,,,
1.0725,6.068295656,6.264216496,,,
1.073125,6.065106497,6.264216496,,,
1.07375,6.062714627,6.264216496,,,
1.074375,6.055539019,6.2602333,,,
1.075,6.068295656,6.257843383,,,
1.075625,6.057930888,6.257843383,,,
1.07625,6.05314715,6.257046744,,,
1.076875,6.057930888,6.257046744,,,
1.0775,6.061120048,6.257046744,,,
1.078125,6.056336309,6.257843383,,,
1.07875,6.05155257,6.256250105,,,
1.079375,6.063511917,6.255453466,,,
1.08,6.054741729,6.25226691,,,
1.080625,6.042782382,6.247487076,,,
1.08125,6.040390513,6.246690437,,,
1.081875,6.05075528,6.245893798,,,
1.0825,6.045971541,6.248283715,,,
1.083125,6.045971541,6.251470271,,,
1.08375,6.05234986,6.253860188,,,
1.084375,6.061120048,6.253860188,,,
1.085,6.05234986,6.254656827,,,
1.085625,6.04995799,6.254656827,,,
1.08625,6.059525468,6.253860188,,,
1.086875,6.056336309,6.255453466,,,
1.0875,6.04995799,6.254656827,,,
1.088125,6.05314715,6.255453466,,,
1.08875,6.071484815,6.261826579,,,
1.089375,6.065106497,6.264216496,,,
1.09,6.061917338,6.264216496,,,
1.090625,6.065106497,6.261826579,,,
1.09125,6.066701076,6.258640022,,,
1.091875,6.056336309,6.258640022,,,
1.0925,6.054741729,6.257046744,,,
1.093125,6.060322758,6.254656827,,,
1.09375,6.060322758,6.256250105,,,
1.094375,6.05234986,6.256250105,,,
1.095,6.05314715,6.256250105,,,
1.095625,6.059525468,6.255453466,,,
1.09625,6.05314715,6.256250105,,,
1.096875,6.045174251,6.249080354,,,
1.0975,6.045174251,6.245893798,,,
1.098125,6.05075528,6.246690437,,,
1.09875,6.042782382,6.247487076,,,
1.099375,6.0491607,6.250673632,,,
1.1,6.05155257,6.251470271,,,
1.100625,6.055539019,6.253063549,,,
1.10125,6.048363411,6.253860188,,,
1.101875,6.054741729,6.253860188,,,
1.1025,6.059525468,6.253063549,,,
1.103125,6.053944439,6.253860188,,,
1.10375,6.04995799,6.254656827,,,
1.104375,6.056336309,6.253063549,,,
1.105,6.062714627,6.257843383,,,
1.105625,6.062714627,6.263419857,,,
1.10625,6.064309207,6.264216496,,,
1.106875,6.069890236,6.261826579,,,
1.1075,6.065903787,6.2602333,,,
1.108125,6.056336309,6.258640022,,,
1.10875,6.060322758,6.256250105,,,
1.109375,6.057133599,6.253860188,,,
1.11,6.054741729,6.256250105,,,
1.110625,6.05314715,6.256250105,,,
1.11125,6.061917338,6.255453466,,,
1.111875,6.057133599,6.256250105,,,
1.1125,6.055539019,6.255453466,,,
1.113125,6.057930888,6.255453466,,,
1.11375,6.05075528,6.248283715,,,
1.114375,6.045971541,6.248283715,,,
1.115,6.045174251,6.249080354,,,
1.115625,6.05075528,6.249876993,,,
1.11625,6.054741729,6.250673632,,,
1.116875,6.05075528,6.25226691,,,
1.1175,6.05234986,6.255453466,,,
1.118125,6.060322758,6.253860188,,,
1.11875,6.056336309,6.254656827,,,
1.119375,6.054741729,6.255453466,,,
1.12,6.054741729,6.253860188,,,
1.120625,6.061917338,6.253860188,,,
1.12125,6.055539019,6.253063549,,,
1.121875,6.060322758,6.261826579,,,
1.1225,6.069092946,6.262623218,,,
1.123125,6.069092946,6.262623218,,,
1.12375,6.063511917,6.261826579,,,
1.124375,6.061120048,6.2602333,,,
1.125,6.066701076,6.258640022,,,
1.125625,6.061120048,6.257843383,,,
1.12625,6.058728178,6.257843383,,,
1.126875,6.058728178,6.256250105,,,
1.1275,6.061917338,6.257046744,,,
1.128125,6.053944439,6.257046744,,,
1.12875,6.057133599,6.257843383,,,
1.129375,6.061917338,6.256250105,,,
1.13,6.057930888,6.253860188,,,
1.130625,6.045971541,6.248283715,,,
1.13125,6.047566121,6.248283715,,,
1.131875,6.053944439,6.248283715,,,
1.1325,6.04995799,6.249876993,,,
1.133125,6.0491607,6.253063549,,,
1.13375,6.055539019,6.254656827,,,
1.134375,6.057930888,6.255453466,,,
1.135,6.053944439,6.255453466,,,
1.135625,6.053944439,6.257046744,,,
1.13625,6.060322758,6.255453466,,,
1.136875,6.057930888,6.254656827,,,
1.1375,6.05155257,6.256250105,,,
1.138125,6.055539019,6.256250105,,,
1.13875,6.069890236,6.262623218,,,
1.139375,6.068295656,6.264216496,,,
1.14,6.063511917,6.265013135,,,
1.140625,6.072282105,6.261826579,,,
1.14125,6.065106497,6.2602333,,,
1.141875,6.059525468,6.258640022,,,
1.1425,6.056336309,6.257843383,,,
1.143125,6.065903787,6.256250105,,,
1.14375,6.060322758,6.255453466,,,
1.144375,6.056336309,6.257046744,,,
1.145,6.060322758,6.257046744,,,
1.145625,6.064309207,6.257046744,,,
1.14625,6.058728178,6.256250105,,,
1.146875,6.047566121,6.250673632,,,
1.1475,6.055539019,6.248283715,,,
1.148125,6.0491607,6.248283715,,,
1.14875,6.047566121,6.249876993,,,
1.149375,6.045971541,6.250673632,,,
1.15,6.057930888,6.253063549,,,
1.150625,6.054741729,6.253063549,,,
1.15125,6.05155257,6.255453466,,,
1.151875,6.054741729,6.254656827,,,
1.1525,6.060322758,6.254656827,,,
1.153125,6.056336309,6.254656827,,,
1.15375,6.05155257,6.254656827,,,
1.154375,6.061120048,6.254656827,,,
1.155,6.059525468,6.257046744,,,
1.155625,6.064309207,6.264216496,,,
1.15625,6.062714627,6.262623218,,,
1.156875,6.075471264,6.261826579,,,
1.1575,6.063511917,6.2602333,,,
1.158125,6.060322758,6.259436661,,,
1.15875,6.060322758,6.256250105,,,
1.159375,6.064309207,6.254656827,,,
1.16,6.058728178,6.256250105,,,
1.160625,6.056336309,6.256250105,,,
1.16125,6.064309207,6.257046744,,,
1.161875,6.061120048,6.256250105,,,
1.1625,6.055539019,6.257046744,,,
1.163125,6.054741729,6.253063549,,,
1.16375,6.05314715,6.247487076,,,
1.164375,6.046768831,6.246690437,,,
1.165,6.042782382,6.247487076,,,
1.165625,6.046768831,6.247487076,,,
1.16625,6.057133599,6.249876993,,,
1.166875,6.05075528,6.253860188,,,
1.1675,6.054741729,6.254656827,,,
1.168125,6.057930888,6.254656827,,,
1.16875,6.056336309,6.254656827,,,
1.169375,6.05155257,6.255453466,,,
1.17,6.055539019,6.254656827,,,
1.170625,6.061120048,6.254656827,,,
1.17125,6.057133599,6.257046744,,,
1.171875,6.057133599,6.261826579,,,
1.1725,6.069890236,6.265013135,,,
1.173125,6.073079395,6.264216496,,,
1.17375,6.064309207,6.264216496,,,
1.174375,6.061917338,6.261826579,,,
1.175,6.065106497,6.257843383,,,
1.175625,6.063511917,6.257843383,,,
1.17625,6.053944439,6.257843383,,,
1.176875,6.060322758,6.257046744,,,
1.1775,6.059525468,6.256250105,,,
1.178125,6.057930888,6.257843383,,,
1.17875,6.053944439,6.257843383,,,
1.179375,6.058728178,6.256250105,,,
1.18,6.057133599,6.253063549,,,
1.180625,6.047566121,6.248283715,,,
1.18125,6.048363411,6.246690437,,,
1.181875,6.05155257,6.248283715,,,
1.1825,6.05075528,6.250673632,,,
1.183125,6.0491607,6.253860188,,,
1.18375,6.057930888,6.254656827,,,
1.184375,6.057930888,6.254656827,,,
1.185,6.056336309,6.255453466,,,
1.185625,6.05155257,6.255453466,,,
1.18625,6.062714627,6.254656827,,,
1.186875,6.056336309,6.254656827,,,
1.1875,6.054741729,6.256250105,,,
1.188125,6.058728178,6.256250105,,,
1.18875,6.069092946,6.263419857,,,
1.189375,6.067498366,6.265013135,,,
1.19,6.064309207,6.265013135,,,
1.190625,6.067498366,6.263419857,,,
1.19125,6.064309207,6.2602333,,,
1.191875,6.057930888,6.2602333,,,
1.1925,6.055539019,6.257843383,,,
1.193125,6.065106497,6.256250105,,,
1.19375,6.059525468,6.257046744,,,
1.194375,6.057930888,6.257843383,,,
1.195,6.057930888,6.257843383,,,
1.195625,6.061120048,6.256250105,,,
1.19625,6.05234986,6.256250105,,,
1.196875,6.05075528,6.251470271,,,
1.1975,6.048363411,6.247487076,,,
1.198125,6.04995799,6.247487076,,,
1.19875,6.043579672,6.248283715,,,
1.199375,6.04995799,6.251470271,,,
1.2,6.056336309,6.253063549,,,
1.200625,6.05314715,6.255453466,,,
1.20125,6.04995799,6.255453466,,,
1.201875,6.054741729,6.256250105,,,
1.2025,6.058728178,6.253860188,,,
1.203125,6.05075528,6.256250105,,,
1.20375,6.05234986,6.256250105,,,
1.204375,6.057930888,6.254656827,,,
1.205,6.060322758,6.257843383,,,
1.205625,6.057930888,6.264216496,,,
1.20625,6.067498366,6.265013135,,,
1.206875,6.069890236,6.263419857,,,
1.2075,6.065106497,6.262623218,,,
1.208125,6.060322758,6.26102994,,,
1.20875,6.064309207,6.258640022,,,
1.209375,6.060322758,6.257843383,,,
1.21,6.053944439,6.257843383,,,
1.210625,6.054741729,6.258640022,,,
1.21125,6.065903787,6.257046744,,,
1.211875,6.059525468,6.257843383,,,
1.2125,6.05155257,6.257046744,,,
1.213125,6.057930888,6.256250105,,,
1.21375,6.053944439,6.247487076,,,
1.214375,6.045971541,6.246690437,,,
1.215,6.041985092,6.247487076,,,
1.215625,6.05314715,6.249080354,,,
1.21625,6.05155257,6.251470271,,,
1.216875,6.04995799,6.253063549,,,
1.2175,6.05234986,6.256250105,,,
1.218125,6.057930888,6.253860188,,,
1.21875,6.05234986,6.253860188,,,
1.219375,6.0491607,6.253860188,,,
1.22,6.054741729,6.254656827,,,
1.220625,6.060322758,6.253860188,,,
1.22125,6.054741729,6.254656827,,,
1.221875,6.057133599,6.26102994,,,
1.2225,6.069890236,6.263419857,,,
1.223125,6.067498366,6.263419857,,,
1.22375,6.062714627,6.263419857,,,
1.224375,6.059525468,6.26102994,,,
1.225,6.072282105,6.257843383,,,
1.225625,6.058728178,6.258640022,,,
1.22625,6.055539019,6.257046744,,,
1.226875,6.056336309,6.256250105,,,
1.2275,6.065106497,6.256250105,,,
1.228125,6.056336309,6.256250105,,,
1.22875,6.057133599,6.257046744,,,
1.229375,6.062714627,6.254656827,,,
1.23,6.057133599,6.253063549,,,
1.230625,6.045971541,6.247487076,,,
1.23125,6.043579672,6.246690437,,,
1.231875,6.05314715,6.245893798,,,
1.2325,6.045971541,6.248283715,,,
1.233125,6.0491607,6.251470271,,,
1.23375,6.05075528,6.251470271,,,
1.234375,6.059525468,6.253063549,,,
1.235,6.04995799,6.253063549,,,
1.235625,6.05234986,6.253860188,,,
1.23625,6.059525468,6.253063549,,,
1.236875,6.058728178,6.254656827,,,
1.2375,6.05234986,6.255453466,,,
1.238125,6.057133599,6.253860188,,,
1.23875,6.071484815,6.261826579,,,
1.239375,6.065903787,6.262623218,,,
1.24,6.065106497,6.263419857,,,
1.240625,6.066701076,6.2602333,,,
1.24125,6.068295656,6.259436661,,,
1.241875,6.059525468,6.257843383,,,
1.2425,6.058728178,6.257046744,,,
1.243125,6.065903787,6.256250105,,,
1.24375,6.063511917,6.257046744,,,
1.244375,6.057133599,6.258640022,,,
1.245,6.061120048,6.256250105,,,
1.245625,6.062714627,6.256250105,,,
1.24625,6.057133599,6.257046744,,,
1.246875,6.0491607,6.25226691,,,
1.2475,6.05234986,6.246690437,,,
1.248125,6.05155257,6.247487076,,,
1.24875,6.047566121,6.249080354,,,
1.249375,6.04995799,6.251470271,,,
1.25,6.055539019,6.25226691,,,
1.250625,6.055539019,6.253860188,,,
1.25125,6.05314715,6.256250105,,,
1.251875,6.058728178,6.254656827,,,
1.2525,6.059525468,6.254656827,,,
1.253125,6.057930888,6.253860188,,,
1.25375,6.05234986,6.256250105,,,
1.254375,6.061120048,6.254656827,,,
1.255,6.061120048,6.257843383,,,
1.255625,6.066701076,6.265013135,,,
1.25625,6.065106497,6.264216496,,,
1.256875,6.072282105,6.264216496,,,
1.2575,6.066701076,6.261826579,,,
1.258125,6.060322758,6.261826579,,,
1.25875,6.063511917,6.257843383,,,
1.259375,6.061917338,6.257046744,,,
1.26,6.058728178,6.257843383,,,
1.260625,6.057930888,6.257046744,,,
1.26125,6.066701076,6.256250105,,,
1.261875,6.058728178,6.255453466,,,
1.2625,6.057930888,6.257843383,,,
1.263125,6.059525468,6.255453466,,,
1.26375,6.053944439,6.249080354,,,
1.264375,6.045971541,6.248283715,,,
1.265,6.045971541,6.249080354,,,
1.265625,6.05314715,6.249080354,,,
1.26625,6.055539019,6.251470271,,,
1.266875,6.053944439,6.253860188,,,
1.2675,6.053944439,6.255453466,,,
1.268125,6.064309207,6.121618107,,,
1.26875,5.854621985,3.798618652,,,
1.269375,3.082445292,2.210917036,,,
1.27,2.785853481,2.13284641,,,
1.270625,1.685593534,1.786308426,,,
1.27125,2.696557021,2.162322055,,,
1.271875,2.83369087,2.278631355,,,
1.2725,2.113738165,1.94961943,,,
1.273125,2.016468807,1.948822791,,,
1.27375,2.596098504,2.226053178,,,
1.274375,2.595301214,2.223663261,,,
1.275,1.723863445,1.818970626,,,
1.275625,1.995739272,1.938466483,,,
1.27625,2.447005309,2.197374173,,,
1.276875,2.195061726,2.038843003,,,
1.2775,1.585932306,1.766392449,,,
1.278125,2.328209126,2.178254836,,,
1.27875,2.333790155,2.218086788,,,
1.279375,2.023644416,1.956789181,,,
1.28,1.643337173,1.789494982,,,
1.280625,2.274790708,2.139219522,,,
1.28125,2.273993418,2.131253132,,,
1.281875,1.585932306,1.768782367,,,
1.2825,1.886510567,1.860395857,,,
1.283125,2.203831914,2.048402671,,,
1.28375,2.195859016,2.067522008,,,
1.284375,1.427271633,1.721780663,,,
1.285,1.950293753,1.879515194,,,
1.285625,2.1815078,2.061148896,,,
1.28625,1.96065852,1.950416069,,,
1.286875,1.508595194,1.739306722,,,
1.2875,2.118521904,1.978298435,,,
1.288125,2.114535455,2.085048067,,,
1.28875,1.801997847,1.897041253,,,
1.289375,1.402555649,1.709831077,,,
1.29,2.077062834,1.9408564,,,
1.290625,2.115332745,2.04123292,,,
1.29125,1.458365936,1.737713444,,,
1.291875,1.606661842,1.793478177,,,
1.2925,2.013279648,1.998214411,,,
1.293125,2.00769862,2.054775784,,,
1.29375,1.406542098,1.715407551,,,
1.294375,1.690377272,1.794274816,,,
1.295,1.997333852,1.988654743,,,
1.295625,1.87534851,1.96634885,,,
1.29625,1.04855897,1.621404143,,,
1.296875,1.888105147,1.868362247,,,
1.2975,1.944712724,1.97431524,,,
1.298125,1.813159904,1.908990838,,,
1.29875,1.161774124,1.622997421,,,
1.299375,1.827511121,1.843666437,,,
1.3,1.945510014,1.987061465,,,
1.300625,1.627391377,1.809410958,,,
1.30125,1.153801226,1.658049539,,,
1.301875,1.878537669,1.900227809,,,
1.3025,1.878537669,1.997417772,,,
1.303125,1.542878656,1.796664733,,,
1.30375,1.183300949,1.630167173,,,
1.304375,1.817146353,1.842073159,,,
1.305,1.902456364,1.950416069,,,
1.305625,1.331596855,1.701068048,,,
1.30625,1.194463006,1.678762155,,,
1.306875,1.826713831,1.894651336,,,
1.3075,1.826713831,1.979891713,,,
1.308125,1.384217983,1.719390746,,,
1.30875,1.057329158,1.634150368,,,
1.309375,1.785254761,1.861192496,,,
1.31,1.794024949,1.941653039,,,
1.310625,1.034207753,1.608657919,,,
1.31125,1.247084134,1.681948711,,,
1.311875,1.758944197,1.860395857,,,
1.3125,1.755755037,1.912177395,,,
1.313125,1.153003936,1.636540285,,,
1.31375,1.00630261,1.616624309,,,
1.314375,1.706323069,1.822953822,,,
1.315,1.688782693,1.871548803,,,
1.315625,0.931357367,1.576792357,,,
1.31625,1.329204985,1.693898296,,,
1.316875,1.690377272,1.851632827,,,
1.3175,1.687188113,1.903414365,,,
1.318125,1.009491769,1.587945303,,,
1.31875,0.920195309,1.594318416,,,
1.319375,1.644134463,1.789494982,,,
1.32,1.662472129,1.840479881,,,
1.320625,0.83169614,1.551299907,,,
1.32125,1.195260296,1.658846178,,,
1.321875,1.648918202,1.818970626,,,
1.3225,1.664066708,1.885888306,,,
1.323125,1.04776168,1.60786128,,,
1.32375,0.850831095,1.575995718,,,
1.324375,1.579553988,1.775952118,,,
1.325,1.628985957,1.850039549,,,
1.325625,0.840466328,1.544926795,,,
1.32625,0.903452223,1.580775552,,,
1.326875,1.552446134,1.756036142,,,
1.3275,1.61304016,1.822953822,,,
1.328125,0.864385022,1.591928499,,,
1.32875,0.542279936,1.501111648,,,
1.329375,1.412123126,1.706644521,,,
1.33,1.624999507,1.809410958,,,
1.330625,1.022248406,1.583165469,,,
1.33125,0.618819759,1.504298204,,,
1.331875,1.416906865,1.705051243,,,
1.3325,1.573972959,1.803037845,,,
1.333125,1.041383362,1.638133563,,,
1.33375,0.256850182,1.44056708,,,
1.334375,0.940127555,1.611047836,,,
1.335,1.48148734,1.730543692,,,
1.335625,1.187287398,1.634947007,,,
1.33625,0.319038788,1.444550275,,,
1.336875,0.933749236,1.610251197,,,
1.3375,1.494243978,1.73293361,,,
1.338125,1.426474343,1.714610912,,,
1.33875,0.234526067,1.427024216,,,
1.339375,0.493645258,1.554486464,,,
1.34,1.219178991,1.663626013,,,
1.340625,1.349137231,1.696288213,,,
1.34125,0.184296809,1.396751933,,,
1.341875,0.416308145,1.523417541,,,
1.3425,0.691373132,1.581572191,,,
1.343125,1.322826667,1.677168876,,,
1.34375,0.533509748,1.49075534,,,
1.344375,0.245688125,1.431804051,,,
1.345,0.465740114,1.544130156,,,
1.345625,0.939330265,1.612641114,,,
1.34625,0.539888067,1.49872173,,,
1.346875,0.194661576,1.395955294,,,
1.3475,0.400362349,1.518637707,,,
1.348125,0.622806208,1.564842771,,,
1.34875,0.948897743,1.578385635,,,
1.349375,0.132472971,1.35771662,,,
1.35,0.304687571,1.480399032,,,
1.350625,0.433848521,1.534570487,,,
1.35125,0.444213289,1.530587292,,,
1.351875,0.141243159,1.35771662,,,
1.3525,0.289539064,1.47402592,,,
1.353125,0.400362349,1.523417541,,,
1.35375,0.512780213,1.559266298,,,
1.354375,0.275187848,1.452516666,,,
1.355,0.149216057,1.371259483,,,
1.355625,0.327011686,1.49872173,,,
1.35625,0.428267493,1.537757044,,,
1.356875,0.281566166,1.458093139,,,
1.3575,0.118919044,1.337800643,,,
1.358125,0.26721495,1.465262891,,,
1.35875,0.340565613,1.501908287,,,
1.359375,0.374051785,1.513061233,,,
1.36,0.13486484,1.358513259,,,
1.360625,0.166756433,1.385598986,,,
1.36125,0.281566166,1.472432642,,,
1.361875,0.344552062,1.503501565,,,
1.3625,0.182702229,1.398345211,,,
1.363125,0.117324464,1.329834253,,,
1.36375,0.231336908,1.44056708,,,
1.364375,0.30707944,1.483585589,,,
1.365,0.294322803,1.469246086,,,
1.365625,0.066297916,1.29876533,,,
1.36625,0.153202506,1.380819152,,,
1.366875,0.235323357,1.444550275,,,
1.3675,0.287944485,1.474822559,,,
1.368125,0.122905493,1.344173756,,,
1.36875,0.122905493,1.334614087,,,
1.369375,0.211404662,1.428617494,,,
1.37,0.284755326,1.475619198,,,
1.370625,0.249674574,1.445346914,,,
1.37125,0.068689785,1.283629188,,,
1.371875,0.167553722,1.392768737,,,
1.3725,0.231336908,1.445346914,,,
1.373125,0.268809529,1.46605953,,,
1.37375,0.094203059,1.319477945,,,
1.374375,0.103770537,1.308324999,,,
1.375,0.18031036,1.405514962,,,
1.375625,0.22256672,1.437380524,,,
1.37625,0.201837185,1.415074631,,,
1.376875,0.04796025,1.2573401,,,
1.3775,0.122108203,1.353733424,,,
1.378125,0.17951307,1.404718323,,,
1.37875,0.206620924,1.424634299,,,
1.379375,0.079851843,1.309121638,,,
1.38,0.067095206,1.252560266,,,
1.380625,0.13486484,1.366479649,,,
1.38125,0.17951307,1.404718323,,,
1.381875,0.17871578,1.399938489,,,
1.3825,0.019257817,1.235034207,,,
1.383125,0.062311467,1.277256076,,,
1.38375,0.13327026,1.360106537,,,
1.384375,0.169945592,1.394362016,,,
1.385,0.071081655,1.306731721,,,
1.385625,0.061514177,1.184049308,,,
1.38625,0.228147749,1.329037614,,,
1.386875,0.278377007,1.366479649,,,
1.3875,0.216985691,1.388785542,,,
1.388125,0.069487075,1.270086325,,,
1.38875,0.131675681,1.206355201,,,
1.389375,0.259242051,1.325851058,,,
1.39,0.290336354,1.364089732,,,
1.390625,0.210607373,1.317884667,,,
1.39125,0.087824741,1.138640882,,,
1.391875,0.191472417,1.266103129,,,
1.3925,0.236120647,1.304341804,,,
1.393125,0.26402579,1.330630892,,,
1.39375,0.197850736,1.276459437,,,
1.394375,0.077459973,1.137844243,,,
1.395,0.173932041,1.252560266,,,
1.395625,0.219377561,1.29079894,,,
1.39625,0.231336908,1.301951886,,,
1.396875,0.124500072,1.199982089,,,
1.3975,0.074270814,1.109961877,,,
1.398125,0.163567273,1.24857707,,,
1.39875,0.206620924,1.28203591,,,
1.399375,0.224958589,1.296375413,,,
1.4,0.087027451,1.166523249,,,
1.400625,0.063108757,1.112351794,,,
1.40125,0.152405216,1.235830846,,,
1.401875,0.189877837,1.270882964,,,
1.4025,0.161972694,1.243000597,,,
1.403125,0.054338569,1.035077806,,,
1.40375,0.094203059,1.163336693,,,
1.404375,0.155594375,1.242203958,,,
1.405,0.196256156,1.275662798,,,
1.405625,0.173932041,1.252560266,,,
1.40625,0.067095206,1.086062705,,,
1.406875,0.083041002,1.13226777,,,
1.4075,0.152405216,1.236627485,,,
1.408125,0.185891388,1.268493047,,,
1.40875,0.102175958,1.183252669,,,
1.409375,0.032014454,0.929124813,,,
1.41,0.059122307,1.100402208,,,
1.410625,0.129283811,1.214321591,,,
1.41125,0.158783535,1.245390514,,,
1.411875,0.102973247,1.181659391,,,
1.4125,0.031217164,0.938684482,,,
1.413125,0.034406323,1.004008884,,,
1.41375,0.103770537,1.188829142,,,
1.414375,0.129283811,1.216711509,,,
1.415,0.055135858,1.130674492,,,
1.415625,0.017663237,0.843884436,,,
1.41625,0.029622584,1.021534943,,,
1.416875,0.102973247,1.19042242,,,
1.4175,0.13645942,1.227067816,,,
1.418125,0.070284365,1.12350474,,,
1.41875,0.024041555,0.767407087,,,
1.419375,0.024041555,0.609672557,,,
1.42,0.024041555,0.796086093,,,
1.420625,0.043973801,1.096419013,,,
1.42125,0.032811743,1.042247558,,,
1.421875,0.021649686,-0.204492547,,,
1.4225,0.021649686,-1.453622569,,,
1.423125,0.020852396,-1.41936709,,,
1.42375,0.020055106,-1.443266262,,,
1.424375,0.008893049,-1.540456225,,,
1.425,-0.013431066,-1.554795728,,,
1.425625,-0.011039196,-1.479115019,,,
1.42625,-0.008647327,-1.427333481,,,
1.426875,-0.011039196,-1.448842735,,,
1.4275,-0.027782283,-1.522930166,,,
1.428125,-0.059673875,-1.510183941,,,
1.42875,-0.050106397,-1.458402403,,,
1.429375,-0.042133499,-1.405027587,,,
1.43,-0.043728079,-1.401841031,,,
1.430625,-0.059673875,-1.41936709,,,
1.43125,-0.079606121,-1.416180534,,,
1.431875,-0.077214251,-1.400247753,,,
1.4325,-0.058876585,-1.369975469,,,
1.433125,-0.052498267,-1.384314972,,,
1.43375,-0.064457614,-1.423350285,,,
1.434375,-0.0812007,-1.407417505,,,
1.435,-0.074025092,-1.384314972,,,
1.435625,-0.055687426,-1.354042689,,,
1.43625,-0.046119948,-1.355635967,,,
1.436875,-0.046119948,-1.363602357,,,
1.4375,-0.065254904,-1.358025884,,,
1.438125,-0.095551917,-1.342093103,,,
1.43875,-0.078808831,-1.329346878,,,
1.439375,-0.048511818,-1.316600653,,,
1.44,-0.03734976,-1.322973766,,,
1.440625,-0.055687426,-1.315804014,,,
1.44125,-0.072430512,-1.302261151,,,
1.441875,-0.056484716,-1.301464512,,,
1.4425,-0.036552471,-1.30305779,,,
1.443125,-0.028579572,-1.320583849,,,
1.44375,-0.03894434,-1.318990571,,,
1.444375,-0.068444063,-1.299871234,,,
1.445,-0.079606121,-1.291108204,,,
1.445625,-0.052498267,-1.299074595,,,
1.44625,-0.031768732,-1.307837624,,,
1.446875,-0.042930789,-1.318990571,,,
1.4475,-0.0812007,-1.306244346,,,
1.448125,-0.101930236,-1.293498121,,,
1.44875,-0.078011541,-1.291108204,,,
1.449375,-0.046119948,-1.285531731,,,
1.45,-0.034160601,-1.27756534,,,
1.450625,-0.048511818,-1.259242642,,,
1.45125,-0.0812007,-1.246496418,,,
1.451875,-0.079606121,-1.246496418,,,
1.4525,-0.044525369,-1.267209033,,,
1.453125,-0.025390413,-1.27756534,,,
1.45375,-0.042133499,-1.267209033,,,
1.454375,-0.079606121,-1.252072891,,,
1.455,-0.080403411,-1.2441065,,,
1.455625,-0.041336209,-1.248089696,,,
1.45625,-0.015822935,-1.248089696,,,
1.456875,-0.015025646,-1.240123305,,,
1.4575,-0.044525369,-1.222597246,,,
1.458125,-0.097146497,-1.213037578,,,
1.45875,-0.101930236,-1.213834217,,,
1.459375,-0.057282006,-1.234546832,,,
1.46,-0.032566022,-1.22737708,,,
1.460625,-0.051700977,-1.205867826,,,
1.46125,-0.086781729,-1.19471488,,,
1.461875,-0.087579019,-1.193918241,,,
1.4625,-0.056484716,-1.209054382,,,
1.463125,-0.025390413,-1.220207329,,,
1.46375,-0.034957891,-1.212240939,,,
1.464375,-0.069241353,-1.197104797,,,
1.465,-0.112295003,-1.187545128,,,
1.465625,-0.104322105,-1.191528323,,,
1.46625,-0.059673875,-1.2114443,,,
1.466875,-0.034160601,-1.207461104,,,
1.4675,-0.051700977,-1.186748489,,,
1.468125,-0.096349207,-1.175595543,,,
1.46875,-0.112295003,-1.170019069,,,
1.469375,-0.089173598,-1.174002264,,,
1.47,-0.057282006,-1.174798904,,,
1.470625,-0.050106397,-1.160459401,,,
1.47125,-0.074025092,-1.146916537,,,
1.471875,-0.105916685,-1.136560229,,,
1.4725,-0.101930236,-1.132577034,,,
1.473125,-0.059673875,-1.153289649,,,
1.47375,-0.031768732,-1.158069484,,,
1.474375,-0.048511818,-1.142933342,,,
1.475,-0.089173598,-1.134966951,,,
1.475625,-0.108308554,-1.131780395,,,
1.47625,-0.085984439,-1.138153507,,,
1.476875,-0.054092847,-1.14452662,,,
1.4775,-0.044525369,-1.132577034,,,
1.478125,-0.066849484,-1.11903417,,,
1.47875,-0.108308554,-1.112661058,,,
1.479375,-0.131429959,-1.109474502,,,
1.48,-0.115484162,-1.115847614,,,
1.480625,-0.08438986,-1.123017366,,,
1.48125,-0.085984439,-1.112661058,,,
1.481875,-0.113092293,-1.103898029,,,
1.4825,-0.135416408,-1.099914833,,,
1.483125,-0.12505164,-1.097524916,,,
1.48375,-0.08438986,-1.103898029,,,
1.484375,-0.062065745,-1.099914833,,,
1.485,-0.071633223,-1.087965248,,,
1.485625,-0.105119395,-1.081592135,,,
1.48625,-0.131429959,-1.079202218,,,
1.486875,-0.12744351,-1.082388774,,,
1.4875,-0.085984439,-1.089558526,,,
1.488125,-0.068444063,-1.083185413,,,
1.48875,-0.078808831,-1.066455993,,,
1.489375,-0.108308554,-1.059286242,,,
1.49,-0.12505164,-1.056896325,,,
1.490625,-0.119470612,-1.057692964,,,
1.49125,-0.094754627,-1.057692964,,,
1.491875,-0.088376309,-1.05291313,,,
1.4925,-0.108308554,-1.048133295,,,
1.493125,-0.133821828,-1.046540017,,,
1.49375,-0.147375755,-1.046540017,,,
1.494375,-0.136213698,-1.050523213,,,
1.495,-0.091565468,-1.052116491,,,
1.495625,-0.086781729,-1.045743378,,,
1.49625,-0.111497713,-1.040963544,,,
1.496875,-0.139402857,-1.042556822,,,
1.4975,-0.152956784,-1.047336656,,,
1.498125,-0.137808277,-1.048133295,,,
1.49875,-0.108308554,-1.043353461,,,
1.499375,-0.107511264,-1.03618371,,,
1.5,-0.12664622,-1.029810597,,,
1.500625,-0.148970335,-1.025827402,,,
1.50125,-0.161726972,-1.024234124,,,
1.501875,-0.163321551,-1.025827402,,,
1.5025,-0.152956784,-1.024234124,,,
1.503125,-0.146578465,-1.020250929,,,
1.50375,-0.156145943,-1.017064373,,,
1.504375,-0.16969987,-1.015471095,,,
1.505,-0.174483609,-1.013877817,,,
1.505625,-0.163321551,-1.007504704,,,
1.50625,-0.144983886,-1.005114787,,,
1.506875,-0.133024538,-1.001131592,,,
1.5075,-0.144186596,-1.000334953,,,
1.508125,-0.162524262,-1.001131592,,,
1.50875,-0.175280899,-1.00272487,,,
1.509375,-0.178470058,-1.005911426,,,
1.51,-0.173686319,-1.004318148,,,
1.510625,-0.17049716,-1.001131592,,,
1.51125,-0.177672768,-0.998741675,,,
1.511875,-0.190429405,-0.997945036,,,
1.5125,-0.202388752,-0.996351758,,,
1.513125,-0.209564361,-0.996351758,,,
1.51375,-0.223915578,-1.001131592,,,
1.514375,-0.235077635,-1.00272487,,,
1.515,-0.244645113,-1.001131592,,,
1.515625,-0.252618011,-0.997945036,,,
1.51625,-0.25580717,-0.996351758,,,
1.516875,-0.25660446,-0.995555118,,,
1.5175,-0.25660446,-0.99396184,,,
1.518125,-0.258996329,-0.992368562,,,
1.51875,-0.262185489,-0.989978645,,,
1.519375,-0.265374648,-0.989182006,,,
1.52,-0.266171938,-0.988385367,,,
1.520625,-0.266969228,-0.989182006,,,
1.52125,-0.267766517,-0.988385367,,,
1.521875,-0.263780068,-0.983605533,,,
1.5225,-0.25819904,-0.976435781,,,
1.523125,-0.25740175,-0.974842503,,,
1.52375,-0.25819904,-0.974842503,,,
1.524375,-0.259793619,-0.976435781,,,
1.525,-0.261388199,-0.978825699,,,
1.525625,-0.263780068,-0.979622338,,,
1.52625,-0.265374648,-0.978825699,,,
1.526875,-0.265374648,-0.97723242,,,
1.5275,-0.265374648,-0.97723242,,,
1.528125,-0.265374648,-0.97723242,,,
1.52875,-0.265374648,-0.97802906,,,
1.529375,-0.265374648,-0.97723242,,,
1.53,-0.266969228,-0.97802906,,,
1.530625,-0.274942126,-0.982808894,,,
1.53125,-0.275739416,-0.982012255,,,
1.531875,-0.275739416,-0.982012255,,,
1.5325,-0.274144836,-0.981215616,,,
1.533125,-0.271752967,-0.979622338,,,
1.53375,-0.270158387,-0.976435781,,,
1.534375,-0.269361097,-0.974045864,,,
1.535,-0.268563807,-0.971655947,,,
1.535625,-0.268563807,-0.970859308,,,
1.53625,-0.268563807,-0.971655947,,,
1.536875,-0.268563807,-0.970859308,,,
1.5375,-0.268563807,-0.96926603,,,
1.538125,-0.268563807,-0.966876113,,,
1.53875,-0.260590909,-0.959706361,,,
1.539375,-0.25740175,-0.955723166,,,
1.54,-0.25660446,-0.955723166,,,
1.540625,-0.25819904,-0.956519805,,,
1.54125,-0.260590909,-0.958909722,,,
1.541875,-0.262185489,-0.958909722,,,
1.5425,-0.264577358,-0.958909722,,,
1.543125,-0.265374648,-0.958113083,,,
1.54375,-0.266171938,-0.958113083,,,
1.544375,-0.266171938,-0.958113083,,,
1.545,-0.266171938,-0.958113083,,,
1.545625,-0.266171938,-0.956519805,,,
1.54625,-0.266171938,-0.954129888,,,
1.546875,-0.270158387,-0.955723166,,,
1.5475,-0.278131285,-0.960503001,,,
1.548125,-0.278928575,-0.959706361,,,
1.54875,-0.278131285,-0.958113083,,,
1.549375,-0.276536705,-0.954926527,,,
1.55,-0.273347546,-0.950943332,,,
1.550625,-0.272550256,-0.947756776,,,
1.55125,-0.270955677,-0.945366859,,,
1.551875,-0.271752967,-0.943773581,,,
1.5525,-0.271752967,-0.943773581,,,
1.553125,-0.270955677,-0.943773581,,,
1.55375,-0.270955677,-0.942976942,,,
1.554375,-0.271752967,-0.941383663,,,
1.555,-0.270158387,-0.938197107,,,
1.555625,-0.262982779,-0.9278408,,,
1.55625,-0.262185489,-0.926247522,,,
1.556875,-0.262185489,-0.927044161,,,
1.5575,-0.264577358,-0.9278408,,,
1.558125,-0.266969228,-0.928637439,,,
1.55875,-0.268563807,-0.9278408,,,
1.559375,-0.270158387,-0.9278408,,,
1.56,-0.270955677,-0.927044161,,,
1.560625,-0.271752967,-0.925450883,,,
1.56125,-0.272550256,-0.924654244,,,
1.561875,-0.271752967,-0.923857604,,,
1.5625,-0.273347546,-0.921467687,,,
1.563125,-0.273347546,-0.919874409,,,
1.56375,-0.279725865,-0.923857604,,,
1.564375,-0.283712314,-0.925450883,,,
1.565,-0.283712314,-0.924654244,,,
1.565625,-0.283712314,-0.922264326,,,
1.56625,-0.282117734,-0.919874409,,,
1.566875,-0.280523155,-0.915094575,,,
1.5675,-0.279725865,-0.911908019,,,
1.568125,-0.278928575,-0.909518102,,,
1.56875,-0.278928575,-0.908721463,,,
1.569375,-0.278928575,-0.907924824,,,
1.57,-0.279725865,-0.907128185,,,
1.570625,-0.279725865,-0.904738267,,,
1.57125,-0.278928575,-0.903144989,,,
1.571875,-0.274942126,-0.897568516,,,
1.5725,-0.268563807,-0.889602126,,,
1.573125,-0.267766517,-0.888805486,,,
1.57375,-0.269361097,-0.888805486,,,
1.574375,-0.270955677,-0.888008847,,,
1.575,-0.272550256,-0.888805486,,,
1.575625,-0.274942126,-0.888008847,,,
1.57625,-0.275739416,-0.887212208,,,
1.576875,-0.275739416,-0.88561893,,,
1.5775,-0.275739416,-0.884822291,,,
1.578125,-0.276536705,-0.882432374,,,
1.57875,-0.275739416,-0.881635735,,,
1.579375,-0.276536705,-0.879245818,,,
1.58,-0.277333995,-0.878449179,,,
1.580625,-0.285306893,-0.883229013,,,
1.58125,-0.286104183,-0.883229013,,,
1.581875,-0.286104183,-0.881635735,,,
1.5825,-0.283712314,-0.879245818,,,
1.583125,-0.281320444,-0.875262623,,,
1.58375,-0.279725865,-0.872076067,,,
1.584375,-0.278131285,-0.868092871,,,
1.585,-0.277333995,-0.865702954,,,
1.585625,-0.277333995,-0.864109676,,,
1.58625,-0.278131285,-0.861719759,,,
1.586875,-0.277333995,-0.860126481,,,
1.5875,-0.277333995,-0.858533203,,,
1.588125,-0.276536705,-0.856143286,,,
1.58875,-0.269361097,-0.847380256,,,
1.589375,-0.265374648,-0.842600422,,,
1.59,-0.264577358,-0.841007144,,,
1.590625,-0.266171938,-0.840210505,,,
1.59125,-0.267766517,-0.840210505,,,
1.591875,-0.269361097,-0.841007144,,,
1.5925,-0.270955677,-0.841007144,,,
1.593125,-0.270955677,-0.839413866,,,
1.59375,-0.271752967,-0.837820588,,,
1.594375,-0.270955677,-0.835430671,,,
1.595,-0.270955677,-0.833837392,,,
1.595625,-0.270955677,-0.832244114,,,
1.59625,-0.270955677,-0.831447475,,,
1.596875,-0.274942126,-0.833837392,,,
1.5975,-0.281320444,-0.837023949,,,
1.598125,-0.281320444,-0.835430671,,,
1.59875,-0.280523155,-0.832244114,,,
1.599375,-0.278928575,-0.828260919,,,
1.6,-0.276536705,-0.823481085,,,
1.600625,-0.274942126,-0.820294529,,,
1.60125,-0.274144836,-0.816311333,,,
1.601875,-0.273347546,-0.813921416,,,
1.6025,-0.273347546,-0.811531499,,,
1.603125,-0.272550256,-0.808344943,,,
1.60375,-0.273347546,-0.805955026,,,
1.604375,-0.273347546,-0.804361748,,,
1.605,-0.270955677,-0.801175192,,,
1.605625,-0.262185489,-0.791615523,,,
1.60625,-0.260590909,-0.788428967,,,
1.606875,-0.260590909,-0.787632328,,,
1.6075,-0.262185489,-0.786835689,,,
1.608125,-0.264577358,-0.787632328,,,
1.60875,-0.266171938,-0.786835689,,,
1.609375,-0.267766517,-0.78603905,,,
1.61,-0.267766517,-0.785242411,,,
1.610625,-0.267766517,-0.782852494,,,
1.61125,-0.266969228,-0.780462576,,,
1.611875,-0.266969228,-0.778869298,,,
1.6125,-0.266969228,-0.776479381,,,
1.613125,-0.266969228,-0.774886103,,,
1.61375,-0.273347546,-0.778869298,,,
1.614375,-0.277333995,-0.780462576,,,
1.615,-0.278131285,-0.778072659,,,
1.615625,-0.276536705,-0.774089464,,,
1.61625,-0.272550256,-0.770106269,,,
1.616875,-0.270955677,-0.766919713,,,
1.6175,-0.269361097,-0.762936517,,,
1.618125,-0.268563807,-0.7605466,,,
1.61875,-0.266969228,-0.758156683,,,
1.619375,-0.266969228,-0.757360044,,,
1.62,-0.266969228,-0.754970127,,,
1.620625,-0.266171938,-0.753376849,,,
1.62125,-0.265374648,-0.751783571,,,
1.621875,-0.260590909,-0.746207097,,,
1.6225,-0.253415301,-0.739037346,,,
1.623125,-0.251820721,-0.737444068,,,
1.62375,-0.252618011,-0.736647429,,,
1.624375,-0.253415301,-0.735054151,,,
1.625,-0.25660446,-0.73585079,,,
1.625625,-0.25740175,-0.735054151,,,
1.62625,-0.25819904,-0.734257512,,,
1.626875,-0.25819904,-0.731867595,,,
1.6275,-0.25740175,-0.729477678,,,
1.628125,-0.25740175,-0.727884399,,,
1.62875,-0.25740175,-0.726291121,,,
1.629375,-0.25740175,-0.723901204,,,
1.63,-0.25819904,-0.723104565,,,
1.630625,-0.266171938,-0.727884399,,,
1.63125,-0.266969228,-0.72708776,,,
1.631875,-0.266171938,-0.724697843,,,
1.6325,-0.265374648,-0.721511287,,,
1.633125,-0.262185489,-0.717528092,,,
1.63375,-0.261388199,-0.713544897,,,
1.634375,-0.259793619,-0.709561701,,,
1.635,-0.258996329,-0.707171784,,,
1.635625,-0.25819904,-0.706375145,,,
1.63625,-0.25819904,-0.703985228,,,
1.636875,-0.25740175,-0.701595311,,,
1.6375,-0.25740175,-0.699205394,,,
1.638125,-0.25660446,-0.697612116,,,
1.63875,-0.248631562,-0.690442364,,,
1.639375,-0.244645113,-0.68566253,,,
1.64,-0.243847823,-0.684069252,,,
1.640625,-0.243847823,-0.684069252,,,
1.64125,-0.246239692,-0.684069252,,,
1.641875,-0.247834272,-0.684069252,,,
1.6425,-0.249428852,-0.684069252,,,
1.643125,-0.250226141,-0.682475974,,,
1.64375,-0.249428852,-0.680882696,,,
1.644375,-0.249428852,-0.679289418,,,
1.645,-0.248631562,-0.67769614,,,
1.645625,-0.247834272,-0.675306223,,,
1.64625,-0.247834272,-0.674509583,,,
1.646875,-0.251820721,-0.676102862,,,
1.6475,-0.25819904,-0.680086057,,,
1.648125,-0.25819904,-0.678492779,,,
1.64875,-0.25660446,-0.675306223,,,
1.649375,-0.254212591,-0.672119666,,,
1.65,-0.251023431,-0.668136471,,,
1.650625,-0.248631562,-0.664949915,,,
1.65125,-0.247036982,-0.662559998,,,
1.651875,-0.246239692,-0.660170081,,,
1.6525,-0.245442403,-0.658576803,,,
1.653125,-0.245442403,-0.656983524,,,
1.65375,-0.244645113,-0.655390246,,,
1.654375,-0.243847823,-0.653796968,,,
1.655,-0.243050533,-0.650610412,,,
1.655625,-0.234280345,-0.641050744,,,
1.65625,-0.231888476,-0.638660826,,,
1.656875,-0.231091186,-0.637067548,,,
1.6575,-0.232685766,-0.637864187,,,
1.658125,-0.235077635,-0.637864187,,,
1.65875,-0.236672215,-0.637864187,,,
1.659375,-0.238266794,-0.637864187,,,
1.66,-0.238266794,-0.636270909,,,
1.660625,-0.237469504,-0.634677631,,,
1.66125,-0.236672215,-0.632287714,,,
1.661875,-0.236672215,-0.631491075,,,
1.6625,-0.235874925,-0.629897797,,,
1.663125,-0.235874925,-0.628304519,,,
1.66375,-0.242253243,-0.632287714,,,
1.664375,-0.245442403,-0.633880992,,,
1.665,-0.245442403,-0.633084353,,,
1.665625,-0.243847823,-0.630694436,,,
1.66625,-0.240658664,-0.626711241,,,
1.666875,-0.239064084,-0.623524685,,,
1.6675,-0.237469504,-0.619541489,,,
1.668125,-0.235077635,-0.617151572,,,
1.66875,-0.235077635,-0.616354933,,,
1.669375,-0.235077635,-0.615558294,,,
1.67,-0.234280345,-0.612371738,,,
1.670625,-0.234280345,-0.611575099,,,
1.67125,-0.233483055,-0.609185182,,,
1.671875,-0.229496606,-0.604405348,,,
1.6725,-0.221523708,-0.596438957,,,
1.673125,-0.220726418,-0.59404904,,,
1.67375,-0.220726418,-0.59404904,,,
1.674375,-0.222320998,-0.594845679,,,
1.675,-0.225510157,-0.594845679,,,
1.675625,-0.226307447,-0.596438957,,,
1.67625,-0.226307447,-0.595642318,,,
1.676875,-0.227104737,-0.594845679,,,
1.6775,-0.226307447,-0.593252401,,,
1.678125,-0.225510157,-0.591659123,,,
1.67875,-0.225510157,-0.590065845,,,
1.679375,-0.224712867,-0.588472567,,,
1.68,-0.225510157,-0.587675928,,,
1.680625,-0.233483055,-0.59404904,,,
1.68125,-0.235077635,-0.593252401,,,
1.681875,-0.233483055,-0.591659123,,,
1.6825,-0.231091186,-0.587675928,,,
1.683125,-0.227104737,-0.584489371,,,
1.68375,-0.224712867,-0.581302815,,,
1.684375,-0.222320998,-0.578116259,,,
1.685,-0.221523708,-0.57731962,,,
1.685625,-0.219929128,-0.575726342,,,
1.68625,-0.219929128,-0.574133064,,,
1.686875,-0.219131839,-0.572539786,,,
1.6875,-0.218334549,-0.570946508,,,
1.688125,-0.216739969,-0.56935323,,,
1.68875,-0.208767071,-0.562980117,,,
1.689375,-0.203983332,-0.558996922,,,
1.69,-0.202388752,-0.557403644,,,
1.690625,-0.203186042,-0.556607005,,,
1.69125,-0.204780622,-0.557403644,,,
1.691875,-0.205577912,-0.558200283,,,
1.6925,-0.207172491,-0.558200283,,,
1.693125,-0.207969781,-0.558200283,,,
1.69375,-0.207969781,-0.557403644,,,
1.694375,-0.207172491,-0.555013727,,,
1.695,-0.205577912,-0.554217088,,,
1.695625,-0.205577912,-0.553420449,,,
1.69625,-0.203983332,-0.551827171,,,
1.696875,-0.207172491,-0.553420449,,,
1.6975,-0.21355081,-0.558200283,,,
1.698125,-0.21355081,-0.556607005,,,
1.69875,-0.21275352,-0.555013727,,,
1.699375,-0.209564361,-0.551827171,,,
1.7,-0.205577912,-0.548640614,,,
1.700625,-0.201591463,-0.546250697,,,
1.70125,-0.199199593,-0.54386078,,,
1.701875,-0.197605014,-0.542267502,,,
1.7025,-0.196010434,-0.540674224,,,
1.703125,-0.193618564,-0.539877585,,,
1.70375,-0.192821275,-0.539080946,,,
1.704375,-0.192023985,-0.537487668,,,
1.705,-0.189632115,-0.535097751,,,
1.705625,-0.178470058,-0.525538082,,,
1.70625,-0.175280899,-0.523148165,,,
1.706875,-0.173686319,-0.522351526,,,
1.7075,-0.173686319,-0.522351526,,,
1.708125,-0.176078189,-0.523944804,,,
1.70875,-0.176875478,-0.524741443,,,
1.709375,-0.177672768,-0.524741443,,,
1.71,-0.176078189,-0.523944804,,,
1.710625,-0.174483609,-0.522351526,,,
1.71125,-0.172889029,-0.520758248,,,
1.711875,-0.17049716,-0.51916497,,,
1.7125,-0.16969987,-0.518368331,,,
1.713125,-0.16810529,-0.517571692,,,
1.71375,-0.173686319,-0.523944804,,,
1.714375,-0.176078189,-0.525538082,,,
1.715,-0.174483609,-0.523944804,,,
1.715625,-0.17129445,-0.520758248,,,
1.71625,-0.165713421,-0.515978414,,,
1.716875,-0.161726972,-0.511995218,,,
1.7175,-0.157740523,-0.508808662,,,
1.718125,-0.153754074,-0.505622106,,,
1.71875,-0.151362204,-0.504028828,,,
1.719375,-0.148173045,-0.503232189,,,
1.72,-0.145781175,-0.501638911,,,
1.720625,-0.141794726,-0.500045633,,,
1.72125,-0.138605567,-0.497655716,,,
1.721875,-0.130632669,-0.492079242,,,
1.7225,-0.118673322,-0.481722935,,,
1.723125,-0.114686873,-0.480926296,,,
1.72375,-0.111497713,-0.480926296,,,
1.724375,-0.112295003,-0.482519574,,,
1.725,-0.113092293,-0.484112852,,,
1.725625,-0.111497713,-0.48570613,,,
1.72625,-0.109903134,-0.48570613,,,
1.726875,-0.107511264,-0.483316213,,,
1.7275,-0.103524815,-0.482519574,,,
1.728125,-0.101132946,-0.481722935,,,
1.72875,-0.097943786,-0.480129657,,,
1.729375,-0.096349207,-0.479333018,,,
1.73,-0.094754627,-0.479333018,,,
1.730625,-0.103524815,-0.488892686,,,
1.73125,-0.102727525,-0.488892686,,,
1.731875,-0.099538366,-0.486502769,,,
1.7325,-0.093957337,-0.482519574,,,
1.733125,-0.087579019,-0.477739739,,,
1.73375,-0.08279528,-0.473756544,,,
1.734375,-0.077214251,-0.470569988,,,
1.735,-0.074822382,-0.468180071,,,
1.735625,-0.072430512,-0.466586793,,,
1.73625,-0.070038643,-0.465790154,,,
1.736875,-0.067646773,-0.463400237,,,
1.7375,-0.065254904,-0.461806959,,,
1.738125,-0.062863035,-0.46021368,,,
1.73875,-0.051700977,-0.445077539,,,
1.739375,-0.044525369,-0.438704426,,,
1.74,-0.042133499,-0.437111148,,,
1.740625,-0.042133499,-0.440297704,,,
1.74125,-0.044525369,-0.445077539,,,
1.741875,-0.045322659,-0.446670817,,,
1.7425,-0.046119948,-0.449060734,,,
1.743125,-0.046119948,-0.448264095,,,
1.74375,-0.044525369,-0.446670817,,,
1.744375,-0.042930789,-0.4442809,,,
1.745,-0.041336209,-0.4442809,,,
1.745625,-0.03894434,-0.443484261,,,
1.74625,-0.03814705,-0.441890982,,,
1.746875,-0.042133499,-0.448264095,,,
1.7475,-0.050106397,-0.458620402,,,
1.748125,-0.049309108,-0.456230485,,,
1.74875,-0.046119948,-0.45224729,,,
1.749375,-0.042133499,-0.445077539,,,
1.75,-0.036552471,-0.436314509,,,
1.750625,-0.032566022,-0.430738036,,,
1.75125,-0.029376862,-0.423568284,,,
1.751875,-0.028579572,-0.419585089,,,
1.7525,-0.026984993,-0.417991811,,,
1.753125,-0.026187703,-0.414805255,,,
1.75375,-0.026187703,-0.411618699,,,
1.754375,-0.025390413,-0.408432143,,,
1.755,-0.024593123,-0.402855669,,,
1.755625,-0.013431066,-0.344701019,,,
1.75625,-0.011039196,-0.323988404,,,
1.756875,-0.010241907,-0.323988404,,,
1.7575,-0.011039196,-0.338327907,,,
1.758125,-0.014228356,-0.365413634,,,
1.75875,-0.015822935,-0.381346415,,,
1.759375,-0.017417515,-0.389312805,,,
1.76,-0.017417515,-0.392499362,,,
1.760625,-0.016620225,-0.389312805,,,
1.76125,-0.015822935,-0.387719527,,,
1.761875,-0.015025646,-0.38532961,,,
1.7625,-0.015025646,-0.383736332,,,
1.763125,-0.014228356,-0.380549776,,,
1.76375,-0.019012095,-0.41082206,,,
1.764375,-0.021403964,-0.424364923,,,
1.765,-0.021403964,-0.41878845,,,
1.765625,-0.020606674,-0.409228782,,,
1.76625,-0.019012095,-0.389312805,,,
1.766875,-0.015025646,-0.36860019,,,
1.7675,-0.012633776,-0.349480853,,,
1.768125,-0.010241907,-0.327971599,,,
1.76875,-0.010241907,-0.313632096,,,
1.769375,-0.010241907,-0.304072428,,,
1.77,-0.009444617,-0.29371612,,,
1.770625,-0.008647327,-0.283359813,,,
1.77125,-0.007850037,-0.273800144,,,
1.771875,-0.003066298,-0.241934582,,,
1.7725,0.008095759,-0.129608477,,,
1.773125,0.008095759,-0.083403412,,,
1.77375,0.00650118,-0.0770303,,,
1.774375,0.0049066,-0.104116027,,,
1.775,0.001717441,-0.150321092,,,
1.775625,-0.000674429,-0.182983293,,,
1.77625,-0.000674429,-0.216442133,,,
1.776875,-0.000674429,-0.237951387,,,
1.7775,-0.000674429,-0.244324499,,,
1.778125,-0.000674429,-0.247511056,,,
1.77875,-0.000674429,-0.249104334,,,
1.779375,0.000122861,-0.249104334,,,
1.78,-0.000674429,-0.249104334,,,
1.780625,-0.011836486,-0.338327907,,,
1.78125,-0.012633776,-0.374973303,,,
1.781875,-0.011836486,-0.36860019,,,
1.7825,-0.010241907,-0.347090936,,,
1.783125,-0.006255458,-0.304072428,,,
1.78375,-0.002269008,-0.258664002,,,
1.784375,0.000122861,-0.216442133,,,
1.785,0.000122861,-0.178203459,,,
1.785625,0.001717441,-0.159084122,,,
1.78625,0.00251473,-0.145541258,,,
1.786875,0.00251473,-0.132795033,,,
1.7875,0.00410931,-0.123235365,,,
1.788125,0.0049066,-0.116862252,,,
1.78875,0.015271367,-0.041978182,,,
1.789375,0.029622584,0.063974811,,,
1.79,0.029622584,0.088670621,,,
1.790625,0.028028005,0.075127758,,,
1.79125,0.023244266,0.030515971,,,
1.791875,0.012082208,-0.025248762,,,
1.7925,0.008893049,-0.067470631,,,
1.793125,0.008095759,-0.104912667,,,
1.79375,0.008095759,-0.123235365,,,
1.794375,0.008095759,-0.12721856,,,
1.795,0.008095759,-0.132795033,,,
1.795625,0.008095759,-0.134388311,,,
1.79625,0.008095759,-0.135981589,,,
1.796875,0.00331202,-0.162270678,,,
1.7975,-0.006255458,-0.273003505,,,
1.798125,-0.006255458,-0.31044554,,,
1.79875,-0.004660878,-0.305665706,,,
1.799375,-0.002269008,-0.269816949,,,
1.8,0.001717441,-0.209272381,,,
1.800625,0.00410931,-0.157490843,,,
1.80125,0.007298469,-0.11048914,,,
1.801875,0.007298469,-0.074640383,,,
1.8025,0.008095759,-0.06030088,,,
1.803125,0.008095759,-0.048351294,,,
1.80375,0.008893049,-0.038791626,,,
1.804375,0.010487629,-0.030028596,,,
1.805,0.012082208,-0.024452123,,,
1.805625,0.033609033,0.095840373,,,
1.80625,0.036000903,0.16514797,,,
1.806875,0.036000903,0.172317721,,,
1.8075,0.032811743,0.145231993,,,
1.808125,0.028825294,0.086280704,,,
1.80875,0.025636135,0.032905888,,,
1.809375,0.016865947,-0.011705898,,,
1.81,0.012082208,-0.046758016,,,
1.810625,0.012879498,-0.061894158,,,
1.81125,0.012082208,-0.06826727,,,
1.811875,0.011284918,-0.074640383,,,
1.8125,0.012082208,-0.077826939,,,
1.813125,0.012082208,-0.0770303,,,
1.81375,0.00331202,-0.144744619,,,
1.814375,-0.001471719,-0.241934582,,,
1.815,-0.002269008,-0.265833754,,,
1.815625,0.000122861,-0.249900973,,,
1.81625,0.00331202,-0.200509352,,,
1.816875,0.00650118,-0.139168145,,,
1.8175,0.009690339,-0.086589969,,,
1.818125,0.010487629,-0.040384904,,,
1.81875,0.013676788,-0.014892454,,,
1.819375,0.014474078,-0.005332786,,,
1.82,0.017663237,0.004226883,,,
1.820625,0.019257817,0.012193273,,,
1.82125,0.020055106,0.016973107,,,
1.821875,0.026433425,0.046448752,,,
1.8225,0.038392772,0.177894194,,,
1.823125,0.038392772,0.217726147,,,
1.82375,0.036798193,0.209759756,,,
1.824375,0.035203613,0.169131165,,,
1.825,0.030419874,0.10619668,,,
1.825625,0.027230715,0.053618503,,,
1.82625,0.022446976,0.009803356,,,
1.826875,0.016865947,-0.019672289,,,
1.8275,0.016068657,-0.030028596,,,
1.828125,0.014474078,-0.037198348,,,
1.82875,0.014474078,-0.042774821,,,
1.829375,0.014474078,-0.045961377,,,
1.83,0.012879498,-0.048351294,,,
1.830625,0.001717441,-0.158287483,,,
1.83125,0.000122861,-0.223611884,,,
1.831875,0.000920151,-0.231578275,,,
1.8325,0.001717441,-0.204492547,,,
1.833125,0.00650118,-0.144744619,,,
1.83375,0.008893049,-0.085793329,,,
1.834375,0.011284918,-0.036401709,,,
1.835,0.018460527,0.001836965,,,
1.835625,0.021649686,0.017769746,,,
1.83625,0.022446976,0.024939498,,,
1.836875,0.023244266,0.032109249,,,
1.8375,0.024041555,0.037685722,,,
1.838125,0.024838845,0.04007564,,,
1.83875,0.034406323,0.108586597,,,
1.839375,0.039987352,0.216929508,,,
1.84,0.039987352,0.236048845,,,
1.840625,0.036798193,0.215336229,,,
1.84125,0.035203613,0.164351331,,,
1.841875,0.031217164,0.104603402,,,
1.8425,0.028028005,0.05600842,,,
1.843125,0.023244266,0.01458319,,,
1.84375,0.019257817,-0.006926064,,,
1.844375,0.018460527,-0.013299176,,,
1.845,0.017663237,-0.020468928,,,
1.845625,0.016865947,-0.024452123,,,
1.84625,0.016068657,-0.02684204,,,
1.846875,0.010487629,-0.05233449,,,
1.8475,0.000122861,-0.16864379,,,
1.848125,-0.000674429,-0.205289186,,,
1.84875,0.000122861,-0.199712713,,,
1.849375,0.00251473,-0.163067317,,,
1.85,0.008095759,-0.100929471,,,
1.850625,0.010487629,-0.046758016,,,
1.85125,0.017663237,-0.003739508,,,
1.851875,0.023244266,0.024939498,,,
1.8525,0.023244266,0.033702527,,,
1.853125,0.024041555,0.039279001,,,
1.85375,0.024838845,0.045652113,,,
1.854375,0.024041555,0.049635308,,,
1.855,0.025636135,0.052821864,,,
1.855625,0.039190062,0.161164774,,,
1.85625,0.039987352,0.227285815,,,
1.856875,0.039987352,0.232065649,,,
1.8575,0.038392772,0.202590005,,,
1.858125,0.034406323,0.146028633,,,
1.85875,0.030419874,0.091857178,,,
1.859375,0.028028005,0.048838669,,,
1.86,0.024041555,0.013786551,,,
1.860625,0.021649686,0.000243687,,,
1.86125,0.020055106,-0.006129425,,,
1.861875,0.018460527,-0.011705898,,,
1.8625,0.018460527,-0.014892454,,,
1.863125,0.018460527,-0.015689094,,,
1.86375,0.007298469,-0.074640383,,,
1.864375,0.000122861,-0.169440429,,,
1.865,-0.000674429,-0.187763127,,,
1.865625,0.001717441,-0.171830346,,,
1.86625,0.00570389,-0.12721856,,,
1.866875,0.008095759,-0.06906391,,,
1.8675,0.012879498,-0.024452123,,,
1.868125,0.021649686,0.013786551,,,
1.86875,0.024041555,0.032905888,,,
1.869375,0.023244266,0.037685722,,,
1.87,0.023244266,0.044855474,,,
1.870625,0.024041555,0.049635308,,,
1.87125,0.024838845,0.052821864,,,
1.871875,0.028028005,0.073534479,,,
1.8725,0.040784642,0.189047141,,,
1.873125,0.039987352,0.224099259,,,
1.87375,0.038392772,0.216929508,,,
1.874375,0.036798193,0.179487472,,,
1.875,0.032014454,0.1229261,,,
1.875625,0.029622584,0.076721036,,,
1.87625,0.026433425,0.037685722,,,
1.876875,0.024041555,0.010599995,,,
1.8775,0.022446976,0.002633605,,,
1.878125,0.020852396,-0.002942869,,,
1.87875,0.020055106,-0.006129425,,,
1.879375,0.019257817,-0.009315981,,,
1.88,0.017663237,-0.011705898,,,
1.880625,0.00251473,-0.105709306,,,
1.88125,0.000122861,-0.163067317,,,
1.881875,0.000920151,-0.170237068,,,
1.8825,0.00331202,-0.146337897,,,
1.883125,0.008095759,-0.096149637,,,
1.88375,0.009690339,-0.046758016,,,
1.884375,0.016068657,-0.006926064,,,
1.885,0.022446976,0.02334622,,,
1.885625,0.024041555,0.035295805,,,
1.88625,0.024041555,0.039279001,,,
1.886875,0.024041555,0.044855474,,,
1.8875,0.024041555,0.04804203,,,
1.888125,0.024041555,0.048838669,,,
1.88875,0.032811743,0.102213485,,,
1.889375,0.040784642,0.19781017,,,
1.89,0.039987352,0.21453959,,,
1.890625,0.039190062,0.196216892,,,
1.89125,0.036000903,0.153995023,,,
1.891875,0.031217164,0.102213485,,,
1.8925,0.028825294,0.061584894,,,
1.893125,0.026433425,0.027329415,,,
1.89375,0.024041555,0.009803356,,,
1.894375,0.022446976,0.003430244,,,
1.895,0.021649686,-0.001349591,,,
1.895625,0.020852396,-0.004536147,,,
1.89625,0.020852396,-0.006129425,,,
1.896875,0.014474078,-0.024452123,,,
1.8975,0.00251473,-0.126421921,,,
1.898125,0.001717441,-0.157490843,,,
1.89875,0.00251473,-0.153507648,,,
1.899375,0.00570389,-0.124828643,,,
1.9,0.008893049,-0.071453827,,,
1.900625,0.012879498,-0.030028596,,,
1.90125,0.019257817,0.004226883,,,
1.901875,0.024041555,0.028126054,,,
1.9025,0.024041555,0.034499166,,,
1.903125,0.024041555,0.04007564,,,
1.90375,0.024041555,0.043262196,,,
1.904375,0.024041555,0.046448752,,,
1.905,0.025636135,0.04804203,,,
1.905625,0.038392772,0.137265603,,,
1.90625,0.040784642,0.197013531,,,
1.906875,0.039987352,0.202590005,,,
1.9075,0.039190062,0.177097555,,,
1.908125,0.033609033,0.13168913,,,
1.90875,0.031217164,0.086280704,,,
1.909375,0.028028005,0.048838669,,,
1.91,0.026433425,0.020159663,,,
1.910625,0.024041555,0.008210078,,,
1.91125,0.023244266,0.004226883,,,
1.911875,0.021649686,0.000243687,,,
1.9125,0.020852396,-0.002942869,,,
1.913125,0.020055106,-0.003739508,,,
1.91375,0.008893049,-0.050741211,,,
1.914375,0.001717441,-0.13518495,,,
1.915,0.001717441,-0.15191437,,,
1.915625,0.00251473,-0.139964784,,,
1.91625,0.00650118,-0.10172611,,,
1.916875,0.009690339,-0.05233449,,,
1.9175,0.013676788,-0.016485733,,,
1.918125,0.021649686,0.01458319,,,
1.91875,0.024041555,0.030515971,,,
1.919375,0.024838845,0.035295805,,,
1.92,0.024838845,0.04007564,,,
1.920625,0.024041555,0.041668918,,,
1.92125,0.024838845,0.044855474,,,
1.921875,0.028825294,0.060788255,,,
1.9225,0.040784642,0.161164774,,,
1.923125,0.041581931,0.195420253,,,
1.92375,0.040784642,0.189047141,,,
1.924375,0.037595482,0.157978218,,,
1.925,0.032811743,0.110976515,,,
1.925625,0.030419874,0.071144562,,,
1.92625,0.027230715,0.037685722,,,
1.926875,0.024838845,0.015379829,,,
1.9275,0.024041555,0.008210078,,,
1.928125,0.022446976,0.003430244,,,
1.92875,0.021649686,0.000243687,,,
1.929375,0.020852396,-0.00214623,,,
1.93,0.020055106,-0.002942869,,,
1.930625,0.00410931,-0.083403412,,,
1.93125,0.000920151,-0.139168145,,,
1.931875,0.000920151,-0.144744619,,,
1.9325,0.00410931,-0.126421921,,,
1.933125,0.008095759,-0.082606773,,,
1.93375,0.010487629,-0.039588265,,,
1.934375,0.016865947,-0.004536147,,,
1.935,0.023244266,0.020159663,,,
1.935625,0.024041555,0.03131261,,,
1.93625,0.024041555,0.035295805,,,
1.936875,0.024041555,0.039279001,,,
1.9375,0.024041555,0.041668918,,,
1.938125,0.024838845,0.043262196,,,
1.93875,0.032811743,0.087873982,,,
1.939375,0.041581931,0.174707638,,,
1.94,0.041581931,0.191437058,,,
1.940625,0.039190062,0.176300916,,,
1.94125,0.036000903,0.141248798,,,
1.941875,0.032014454,0.094247095,,,
1.9425,0.029622584,0.059194977,,,
1.943125,0.026433425,0.028922693,,,
1.94375,0.024041555,0.012989912,,,
1.944375,0.023244266,0.009006717,,,
1.945,0.022446976,0.005023522,,,
1.945625,0.021649686,0.001836965,,,
1.94625,0.021649686,0.000243687,,,
1.946875,0.015271367,-0.016485733,,,
1.9475,0.00251473,-0.106505945,,,
1.948125,0.001717441,-0.138371506,,,
1.94875,0.00251473,-0.13518495,,,
1.949375,0.0049066,-0.109692501,,,
1.95,0.008095759,-0.063487436,,,
1.950625,0.012082208,-0.025248762,,,
1.95125,0.019257817,0.005023522,,,
1.951875,0.023244266,0.024939498,,,
1.9525,0.023244266,0.032109249,,,
1.953125,0.023244266,0.036092444,,,
1.95375,0.024041555,0.039279001,,,
1.954375,0.024041555,0.041668918,,,
1.955,0.025636135,0.043262196,,,
1.955625,0.037595482,0.122129461,,,
1.95625,0.041581931,0.179487472,,,
1.956875,0.040784642,0.185063946,,,
1.9575,0.037595482,0.161961413,,,
1.958125,0.032811743,0.122129461,,,
1.95875,0.030419874,0.079907592,,,
1.959375,0.028028005,0.047245391,,,
1.96,0.025636135,0.022549581,,,
1.960625,0.024041555,0.010599995,,,
1.96125,0.023244266,0.007413439,,,
1.961875,0.022446976,0.004226883,,,
1.9625,0.021649686,0.001836965,,,
1.963125,0.020852396,0.001040326,,,
1.96375,0.009690339,-0.040384904,,,
1.964375,0.001717441,-0.120845447,,,
1.965,0.000920151,-0.137574867,,,
1.965625,0.00331202,-0.126421921,,,
1.96625,0.00570389,-0.092963081,,,
1.966875,0.008893049,-0.048351294,,,
1.9675,0.013676788,-0.014892454,,,
1.968125,0.020852396,0.013786551,,,
1.96875,0.023244266,0.028126054,,,
1.969375,0.023244266,0.032109249,,,
1.97,0.023244266,0.036092444,,,
1.970625,0.023244266,0.038482362,,,
1.97125,0.023244266,0.04007564,,,
1.971875,0.028028005,0.053618503,,,
1.9725,0.039190062,0.147621911,,,
1.973125,0.040784642,0.180284111,,,
1.97375,0.039987352,0.176300916,,,
1.974375,0.036000903,0.150011828,,,
1.975,0.031217164,0.105400041,,,
1.975625,0.029622584,0.069551284,,,
1.97625,0.026433425,0.039279001,,,
1.976875,0.024838845,0.018566385,,,
1.9775,0.024041555,0.011396634,,,
1.978125,0.023244266,0.007413439,,,
1.97875,0.022446976,0.005023522,,,
1.979375,0.021649686,0.002633605,,,
1.98,0.021649686,0.001836965,,,
1.980625,0.00410931,-0.071453827,,,
1.98125,0.001717441,-0.126421921,,,
1.981875,0.001717441,-0.132795033,,,
1.9825,0.00410931,-0.116065613,,,
1.983125,0.00570389,-0.075437022,,,
1.98375,0.008893049,-0.03560507,,,
1.984375,0.015271367,-0.003739508,,,
1.985,0.021649686,0.019363024,,,
1.985625,0.023244266,0.029719332,,,
1.98625,0.022446976,0.032109249,,,
1.986875,0.023244266,0.036889083,,,
1.9875,0.024041555,0.039279001,,,
1.988125,0.024041555,0.04007564,,,
1.98875,0.032014454,0.079110953,,,
1.989375,0.040784642,0.162758052,,,
1.99,0.041581931,0.180284111,,,
1.990625,0.039190062,0.166741248,,,
1.99125,0.035203613,0.134875686,,,
1.991875,0.031217164,0.091857178,,,
1.9925,0.028028005,0.058398338,,,
1.993125,0.027230715,0.029719332,,,
1.99375,0.024838845,0.01458319,,,
1.994375,0.024041555,0.010599995,,,
1.995,0.023244266,0.0066168,,,
1.995625,0.022446976,0.004226883,,,
1.99625,0.021649686,0.002633605,,,
1.996875,0.016865947,-0.01011262,,,
1.9975,0.001717441,-0.096946276,,,
1.998125,0.001717441,-0.129608477,,,
1.99875,0.00251473,-0.12721856,,,
1.999375,0.0049066,-0.104116027,,,
2,0.008095759,-0.061097519,,,
2.000625,0.012082208,-0.024452123,,,
2.00125,0.019257817,0.004226883,,,
2.001875,0.022446976,0.02334622,,,
2.0025,0.023244266,0.030515971,,,
2.003125,0.023244266,0.033702527,,,
2.00375,0.023244266,0.036889083,,,
2.004375,0.024041555,0.039279001,,,
2.005,0.024041555,0.04007564,,,
2.005625,0.037595482,0.112569793,,,
2.00625,0.040784642,0.169927804,,,
2.006875,0.041581931,0.176300916,,,
2.0075,0.038392772,0.157181579,,,
2.008125,0.033609033,0.118146266,,,
2.00875,0.030419874,0.079907592,,,
2.009375,0.028028005,0.04804203,,,
2.01,0.026433425,0.02334622,,,
2.010625,0.024838845,0.012193273,,,
2.01125,0.024041555,0.009803356,,,
2.011875,0.024041555,0.005820161,,,
2.0125,0.023244266,0.003430244,,,
2.013125,0.021649686,0.002633605,,,
2.01375,0.010487629,-0.034011792,,,
2.014375,0.001717441,-0.113675696,,,
2.015,0.001717441,-0.131998394,,,
2.015625,0.00331202,-0.121642086,,,
2.01625,0.00650118,-0.088979886,,,
2.016875,0.009690339,-0.046758016,,,
2.0175,0.014474078,-0.014095815,,,
2.018125,0.021649686,0.012989912,,,
2.01875,0.023244266,0.027329415,,,
2.019375,0.024041555,0.03131261,,,
2.02,0.024041555,0.034499166,,,
2.020625,0.024041555,0.036889083,,,
2.02125,0.024041555,0.039279001,,,
2.021875,0.028028005,0.051228586,,,
2.0225,0.039987352,0.141248798,,,
2.023125,0.041581931,0.174707638,,,
2.02375,0.039987352,0.172317721,,,
2.024375,0.036798193,0.146825272,,,
2.025,0.032811743,0.103806763,,,
2.025625,0.030419874,0.068754645,,,
2.02625,0.028028005,0.039279001,,,
2.026875,0.026433425,0.019363024,,,
2.0275,0.024838845,0.012193273,,,
2.028125,0.024041555,0.009006717,,,
2.02875,0.024041555,0.005820161,,,
2.029375,0.023244266,0.004226883,,,
2.03,0.021649686,0.002633605,,,
2.030625,0.00410931,-0.066673992,,,
2.03125,0.001717441,-0.121642086,,,
2.031875,0.001717441,-0.129608477,,,
2.0325,0.0049066,-0.113675696,,,
2.033125,0.00650118,-0.075437022,,,
2.03375,0.009690339,-0.036401709,,,
2.034375,0.016865947,-0.005332786,,,
2.035,0.022446976,0.017769746,,,
2.035625,0.023244266,0.028922693,,,
2.03625,0.024041555,0.032109249,,,
2.036875,0.024041555,0.035295805,,,
2.0375,0.024041555,0.037685722,,,
2.038125,0.024041555,0.038482362,,,
2.03875,0.032014454,0.074331119,,,
2.039375,0.040784642,0.158774857,,,
2.04,0.041581931,0.176300916,,,
2.040625,0.039190062,0.164351331,,,
2.04125,0.035203613,0.133282408,,,
2.041875,0.032014454,0.08946726,,,
2.0425,0.029622584,0.057601699,,,
2.043125,0.026433425,0.029719332,,,
2.04375,0.024838845,0.01458319,,,
2.044375,0.024041555,0.009803356,,,
2.045,0.024041555,0.0066168,,,
2.045625,0.023244266,0.005023522,,,
2.04625,0.022446976,0.002633605,,,
2.046875,0.017663237,-0.007722703,,,
2.0475,0.00251473,-0.092963081,,,
2.048125,0.00251473,-0.125625282,,,
2.04875,0.00331202,-0.126421921,,,
2.049375,0.0049066,-0.103319388,,,
2.05,0.008095759,-0.061097519,,,
2.050625,0.012879498,-0.025248762,,,
2.05125,0.019257817,0.004226883,,,
2.051875,0.023244266,0.02334622,,,
2.0525,0.024041555,0.029719332,,,
2.053125,0.024838845,0.033702527,,,
2.05375,0.024041555,0.036092444,,,
2.054375,0.024041555,0.038482362,,,
2.055,0.024838845,0.039279001,,,
2.055625,0.036798193,0.108586597,,,
2.05625,0.041581931,0.167537887,,,
2.056875,0.041581931,0.174707638,,,
2.0575,0.039190062,0.157181579,,,
2.058125,0.034406323,0.119739544,,,
2.05875,0.032014454,0.079907592,,,
2.059375,0.028825294,0.04804203,,,
2.06,0.026433425,0.02334622,,,
2.060625,0.024838845,0.012989912,,,
2.06125,0.024041555,0.009006717,,,
2.061875,0.023244266,0.005820161,,,
2.0625,0.022446976,0.004226883,,,
2.063125,0.022446976,0.003430244,,,
2.06375,0.012082208,-0.030825235,,,
2.064375,0.001717441,-0.11048914,,,
2.065,0.001717441,-0.129608477,,,
2.065625,0.00410931,-0.121642086,,,
2.06625,0.00570389,-0.089776525,,,
2.066875,0.008893049,-0.048351294,,,
2.0675,0.013676788,-0.015689094,,,
2.068125,0.020852396,0.010599995,,,
2.06875,0.023244266,0.026532776,,,
2.069375,0.023244266,0.030515971,,,
2.07,0.023244266,0.033702527,,,
2.070625,0.024041555,0.036889083,,,
2.07125,0.024838845,0.039279001,,,
2.071875,0.028028005,0.048838669,,,
2.0725,0.039987352,0.138062242,,,
2.073125,0.042379221,0.173910999,,,
2.07375,0.041581931,0.171521082,,,
2.074375,0.038392772,0.146825272,,,
2.075,0.032811743,0.105400041,,,
2.075625,0.030419874,0.069551284,,,
2.07625,0.028028005,0.04007564,,,
2.076875,0.025636135,0.018566385,,,
2.0775,0.024041555,0.010599995,,,
2.078125,0.023244266,0.008210078,,,
2.07875,0.022446976,0.005023522,,,
2.079375,0.022446976,0.003430244,,,
2.08,0.021649686,0.002633605,,,
2.080625,0.00570389,-0.061894158,,,
2.08125,0.00331202,-0.120048808,,,
2.081875,0.001717441,-0.129608477,,,
2.0825,0.00410931,-0.114472335,,,
2.083125,0.00650118,-0.076233661,,,
2.08375,0.009690339,-0.037198348,,,
2.084375,0.016865947,-0.006129425,,,
2.085,0.021649686,0.017769746,,,
2.085625,0.024041555,0.028922693,,,
2.08625,0.024041555,0.032109249,,,
2.086875,0.024838845,0.035295805,,,
2.0875,0.024838845,0.036889083,,,
2.088125,0.025636135,0.038482362,,,
2.08875,0.032811743,0.071941201,,,
2.089375,0.041581931,0.15638494,,,
2.09,0.042379221,0.176300916,,,
2.090625,0.039987352,0.16514797,,,
2.09125,0.036798193,0.134875686,,,
2.091875,0.032811743,0.091857178,,,
2.0925,0.030419874,0.059991616,,,
2.093125,0.028028005,0.03131261,,,
2.09375,0.025636135,0.015379829,,,
2.094375,0.024041555,0.010599995,,,
2.095,0.024041555,0.0066168,,,
2.095625,0.023244266,0.004226883,,,
2.09625,0.022446976,0.002633605,,,
2.096875,0.018460527,-0.006926064,,,
2.0975,0.00331202,-0.091369803,,,
2.098125,0.001717441,-0.126421921,,,
2.09875,0.00251473,-0.128015199,,,
2.099375,0.00570389,-0.105709306,,,
2.1,0.008095759,-0.064284075,,,
2.100625,0.012082208,-0.028435318,,,
2.10125,0.019257817,0.001836965,,,
2.101875,0.023244266,0.021752942,,,
2.1025,0.023244266,0.028922693,,,
2.103125,0.024041555,0.032109249,,,
2.10375,0.024041555,0.035295805,,,
2.104375,0.024838845,0.038482362,,,
2.105,0.024838845,0.038482362,,,
2.105625,0.037595482,0.104603402,,,
2.10625,0.041581931,0.166741248,,,
2.106875,0.042379221,0.175504277,,,
2.1075,0.039987352,0.157978218,,,
2.108125,0.035203613,0.120536183,,,
2.10875,0.032811743,0.08150087,,,
2.109375,0.030419874,0.051228586,,,
2.11,0.027230715,0.024939498,,,
2.110625,0.025636135,0.012989912,,,
2.11125,0.024838845,0.009803356,,,
2.111875,0.023244266,0.005820161,,,
2.1125,0.022446976,0.003430244,,,
2.113125,0.022446976,0.003430244,,,
2.11375,0.011284918,-0.028435318,,,
2.114375,0.001717441,-0.109692501,,,
2.115,0.000920151,-0.130405116,,,
2.115625,0.00331202,-0.122438726,,,
2.11625,0.0049066,-0.092166442,,,
2.116875,0.008095759,-0.049944572,,,
2.1175,0.013676788,-0.016485733,,,
2.118125,0.020852396,0.010599995,,,
2.11875,0.023244266,0.026532776,,,
2.119375,0.023244266,0.03131261,,,
2.12,0.024041555,0.034499166,,,
2.120625,0.024041555,0.036889083,,,
2.12125,0.024838845,0.039279001,,,
2.121875,0.028028005,0.04804203,,,
2.1225,0.039987352,0.137265603,,,
2.123125,0.042379221,0.175504277,,,
2.12375,0.040784642,0.173910999,,,
2.124375,0.037595482,0.149215189,,,
2.125,0.032811743,0.107789958,,,
2.125625,0.030419874,0.071941201,,,
2.12625,0.028825294,0.041668918,,,
2.126875,0.025636135,0.020159663,,,
2.1275,0.024838845,0.012193273,,,
2.128125,0.024041555,0.009006717,,,
2.12875,0.023244266,0.0066168,,,
2.129375,0.022446976,0.004226883,,,
2.13,0.021649686,0.003430244,,,
2.130625,0.00570389,-0.058707602,,,
2.13125,0.00251473,-0.11845553,,,
2.131875,0.000920151,-0.129608477,,,
2.1325,0.00410931,-0.114472335,,,
2.133125,0.00650118,-0.077826939,,,
2.13375,0.009690339,-0.038791626,,,
2.134375,0.016068657,-0.006926064,,,
2.135,0.021649686,0.017769746,,,
2.135625,0.023244266,0.029719332,,,
2.13625,0.023244266,0.032905888,,,
2.136875,0.024041555,0.036092444,,,
2.1375,0.024838845,0.038482362,,,
2.138125,0.024838845,0.04007564,,,
2.13875,0.032014454,0.070347923,,,
2.139375,0.041581931,0.157181579,,,
2.14,0.042379221,0.177097555,,,
2.140625,0.040784642,0.167537887,,,
2.14125,0.036798193,0.138062242,,,
2.141875,0.033609033,0.095043734,,,
2.1425,0.030419874,0.061584894,,,
2.143125,0.028028005,0.032905888,,,
2.14375,0.026433425,0.016176468,,,
2.144375,0.025636135,0.011396634,,,
2.145,0.024041555,0.007413439,,,
2.145625,0.023244266,0.005023522,,,
2.14625,0.023244266,0.003430244,,,
2.146875,0.019257817,-0.004536147,,,
2.1475,0.00331202,-0.088979886,,,
2.148125,0.001717441,-0.125625282,,,
2.14875,0.00251473,-0.12721856,,,
2.149375,0.00570389,-0.105709306,,,
2.15,0.008095759,-0.065080714,,,
2.150625,0.012082208,-0.027638679,,,
2.15125,0.019257817,0.001836965,,,
2.151875,0.023244266,0.02334622,,,
2.1525,0.024041555,0.030515971,,,
2.153125,0.024041555,0.032905888,,,
2.15375,0.024838845,0.036889083,,,
2.154375,0.024838845,0.039279001,,,
2.155,0.024838845,0.039279001,,,
2.155625,0.036798193,0.102213485,,,
2.15625,0.042379221,0.166741248,,,
2.156875,0.043176511,0.177097555,,,
2.1575,0.039987352,0.159571496,,,
2.158125,0.036000903,0.1229261,,,
2.15875,0.032811743,0.082297509,,,
2.159375,0.029622584,0.051228586,,,
2.16,0.028028005,0.025736137,,,
2.160625,0.025636135,0.013786551,,,
2.16125,0.024838845,0.009803356,,,
2.161875,0.023244266,0.005820161,,,
2.1625,0.023244266,0.004226883,,,
2.163125,0.022446976,0.003430244,,,
2.16375,0.012082208,-0.026045401,,,
2.164375,0.001717441,-0.107302584,,,
2.165,0.001717441,-0.128811838,,,
2.165625,0.00331202,-0.121642086,,,
2.16625,0.00570389,-0.092963081,,,
2.166875,0.008893049,-0.050741211,,,
2.1675,0.013676788,-0.018079011,,,
2.168125,0.020852396,0.009803356,,,
2.16875,0.023244266,0.025736137,,,
2.169375,0.024041555,0.030515971,,,
2.17,0.024041555,0.034499166,,,
2.170625,0.024041555,0.036889083,,,
2.17125,0.024041555,0.04007564,,,
2.171875,0.027230715,0.046448752,,,
2.1725,0.040784642,0.134079047,,,
2.173125,0.042379221,0.173910999,,,
2.17375,0.041581931,0.17311436,,,
2.174375,0.039190062,0.150011828,,,
2.175,0.032811743,0.109383236,,,
2.175625,0.031217164,0.07273784,,,
2.17625,0.028028005,0.043262196,,,
2.176875,0.026433425,0.020956303,,,
2.1775,0.024838845,0.012193273,,,
2.178125,0.024041555,0.009006717,,,
2.17875,0.023244266,0.0066168,,,
2.179375,0.022446976,0.005023522,,,
2.18,0.022446976,0.003430244,,,
2.180625,0.00570389,-0.056317685,,,
2.18125,0.001717441,-0.11845553,,,
2.181875,0.001717441,-0.129608477,,,
2.1825,0.00410931,-0.115268974,,,
2.183125,0.00650118,-0.078623578,,,
2.18375,0.009690339,-0.038791626,,,
2.184375,0.016865947,-0.007722703,,,
2.185,0.023244266,0.017769746,,,
2.185625,0.024041555,0.028922693,,,
2.18625,0.024041555,0.032109249,,,
2.186875,0.024838845,0.035295805,,,
2.1875,0.024838845,0.038482362,,,
2.188125,0.024838845,0.039279001,,,
2.18875,0.032014454,0.067958006,,,
2.189375,0.042379221,0.155588301,,,
2.19,0.043176511,0.177097555,,,
2.190625,0.040784642,0.167537887,,,
2.19125,0.036798193,0.138062242,,,
2.191875,0.033609033,0.095840373,,,
2.1925,0.030419874,0.062381533,,,
2.193125,0.028028005,0.033702527,,,
2.19375,0.025636135,0.016973107,,,
2.194375,0.024838845,0.011396634,,,
2.195,0.023244266,0.009006717,,,
2.195625,0.023244266,0.005820161,,,
2.19625,0.023244266,0.003430244,,,
2.196875,0.019257817,-0.002942869,,,
2.1975,0.00251473,-0.085793329,,,
2.198125,0.001717441,-0.124032004,,,
2.19875,0.00251473,-0.126421921,,,
2.199375,0.00410931,-0.106505945,,,
2.2,0.007298469,-0.064284075,,,
2.200625,0.010487629,-0.028435318,,,
2.20125,0.018460527,0.001040326,,,
2.201875,0.022446976,0.021752942,,,
2.2025,0.023244266,0.028922693,,,
2.203125,0.023244266,0.032109249,,,
2.20375,0.023244266,0.036092444,,,
2.204375,0.024041555,0.038482362,,,
2.205,0.024838845,0.039279001,,,
2.205625,0.036000903,0.099823568,,,
2.20625,0.041581931,0.166741248,,,
2.206875,0.042379221,0.177097555,,,
2.2075,0.039190062,0.160368135,,,
2.208125,0.034406323,0.124519378,,,
2.20875,0.032811743,0.084687426,,,
2.209375,0.028825294,0.053618503,,,
2.21,0.026433425,0.026532776,,,
2.210625,0.024838845,0.01458319,,,
2.21125,0.024041555,0.010599995,,,
2.211875,0.023244266,0.007413439,,,
2.2125,0.023244266,0.005820161,,,
2.213125,0.021649686,0.003430244,,,
2.21375,0.012879498,-0.023655484,,,
2.214375,0.001717441,-0.105709306,,,
2.215,0.000920151,-0.12721856,,,
2.215625,0.00251473,-0.122438726,,,
2.21625,0.00570389,-0.092963081,,,
2.216875,0.008893049,-0.050741211,,,
2.2175,0.013676788,-0.018079011,,,
2.218125,0.020055106,0.009006717,,,
2.21875,0.023244266,0.025736137,,,
2.219375,0.024041555,0.030515971,,,
2.22,0.024041555,0.033702527,,,
2.220625,0.024041555,0.036889083,,,
2.22125,0.024838845,0.039279001,,,
2.221875,0.026433425,0.045652113,,,
2.2225,0.039190062,0.13168913,,,
2.223125,0.042379221,0.17311436,,,
2.22375,0.041581931,0.17311436,,,
2.224375,0.038392772,0.150011828,,,
2.225,0.032811743,0.109383236,,,
2.225625,0.031217164,0.073534479,,,
2.22625,0.028028005,0.043262196,,,
2.226875,0.025636135,0.020956303,,,
2.2275,0.024838845,0.012989912,,,
2.228125,0.024041555,0.009803356,,,
2.22875,0.023244266,0.0066168,,,
2.229375,0.022446976,0.005023522,,,
2.23,0.021649686,0.004226883,,,
2.230625,0.00570389,-0.053131129,,,
2.23125,0.001717441,-0.116065613,,,
2.231875,0.001717441,-0.128015199,,,
2.2325,0.00331202,-0.115268974,,,
2.233125,0.00570389,-0.078623578,,,
2.23375,0.008893049,-0.040384904,,,
2.234375,0.015271367,-0.007722703,,,
2.235,0.021649686,0.017769746,,,
2.235625,0.023244266,0.028922693,,,
2.23625,0.023244266,0.032109249,,,
2.236875,0.023244266,0.036092444,,,
2.2375,0.023244266,0.038482362,,,
2.238125,0.024041555,0.04007564,,,
2.23875,0.030419874,0.065568089,,,
2.239375,0.040784642,0.153198384,,,
2.24,0.042379221,0.175504277,,,
2.240625,0.040784642,0.166741248,,,
2.24125,0.036000903,0.138062242,,,
2.241875,0.032014454,0.097433651,,,
2.2425,0.029622584,0.063178172,,,
2.243125,0.027230715,0.034499166,,,
2.24375,0.025636135,0.017769746,,,
2.244375,0.024041555,0.012193273,,,
2.245,0.023244266,0.009006717,,,
2.245625,0.023244266,0.0066168,,,
2.24625,0.022446976,0.005023522,,,
2.246875,0.019257817,-0.001349591,,,
2.2475,0.00251473,-0.083403412,,,
2.248125,0.001717441,-0.122438726,,,
2.24875,0.001717441,-0.125625282,,,
2.249375,0.00410931,-0.104912667,,,
2.25,0.00650118,-0.065080714,,,
2.250625,0.010487629,-0.030028596,,,
2.25125,0.017663237,0.001040326,,,
2.251875,0.022446976,0.021752942,,,
2.2525,0.023244266,0.028922693,,,
2.253125,0.024041555,0.032905888,,,
2.25375,0.024041555,0.036092444,,,
2.254375,0.024041555,0.037685722,,,
2.255,0.024838845,0.039279001,,,
2.255625,0.036000903,0.095840373,,,
2.25625,0.041581931,0.16514797,,,
2.256875,0.042379221,0.176300916,,,
2.2575,0.039987352,0.160368135,,,
2.258125,0.036000903,0.125316017,,,
2.25875,0.032014454,0.084687426,,,
2.259375,0.029622584,0.053618503,,,
2.26,0.027230715,0.027329415,,,
2.260625,0.024838845,0.01458319,,,
2.26125,0.024041555,0.011396634,,,
2.261875,0.024041555,0.008210078,,,
2.2625,0.023244266,0.005820161,,,
2.263125,0.022446976,0.004226883,,,
2.26375,0.012879498,-0.020468928,,,
2.264375,0.000122861,-0.103319388,,,
2.265,0.000920151,-0.126421921,,,
2.265625,0.00251473,-0.121642086,,,
2.26625,0.0049066,-0.09375972,,,
2.266875,0.008095759,-0.05233449,,,
2.2675,0.012879498,-0.019672289,,,
2.268125,0.020055106,0.009006717,,,
2.26875,0.023244266,0.024939498,,,
2.269375,0.024041555,0.030515971,,,
2.27,0.024041555,0.032905888,,,
2.270625,0.024041555,0.035295805,,,
2.27125,0.024838845,0.037685722,,,
2.271875,0.026433425,0.044058835,,,
2.2725,0.039987352,0.127705935,,,
2.273125,0.042379221,0.170724443,,,
2.27375,0.041581931,0.172317721,,,
2.274375,0.038392772,0.150808467,,,
2.275,0.033609033,0.110179876,,,
2.275625,0.031217164,0.074331119,,,
2.27625,0.028028005,0.044058835,,,
2.276875,0.026433425,0.021752942,,,
2.2775,0.024041555,0.012193273,,,
2.278125,0.024041555,0.009803356,,,
2.27875,0.023244266,0.0066168,,,
2.279375,0.023244266,0.005023522,,,
2.28,0.022446976,0.003430244,,,
2.280625,0.00650118,-0.050741211,,,
2.28125,0.001717441,-0.116065613,,,
2.281875,0.000920151,-0.128811838,,,
2.2825,0.00410931,-0.115268974,,,
2.283125,0.00650118,-0.081013495,,,
2.28375,0.008893049,-0.041978182,,,
2.284375,0.015271367,-0.01011262,,,
2.285,0.021649686,0.015379829,,,
2.285625,0.023244266,0.028126054,,,
2.28625,0.024041555,0.03131261,,,
2.286875,0.024041555,0.034499166,,,
2.2875,0.024041555,0.036889083,,,
2.288125,0.024041555,0.037685722,,,
2.28875,0.030419874,0.062381533,,,
2.289375,0.040784642,0.150808467,,,
2.29,0.042379221,0.174707638,,,
2.290625,0.040784642,0.166741248,,,
2.29125,0.036798193,0.138062242,,,
2.291875,0.032014454,0.096637012,,,
2.2925,0.030419874,0.063178172,,,
2.293125,0.028028005,0.034499166,,,
2.29375,0.024838845,0.016176468,,,
2.294375,0.024838845,0.011396634,,,
2.295,0.023244266,0.007413439,,,
2.295625,0.023244266,0.005023522,,,
2.29625,0.022446976,0.003430244,,,
2.296875,0.020055106,-0.000552952,,,
2.2975,0.00251473,-0.081810134,,,
2.298125,0.001717441,-0.122438726,,,
2.29875,0.00251473,-0.126421921,,,
2.299375,0.00410931,-0.108099223,,,
2.3,0.00650118,-0.066673992,,,
2.300625,0.009690339,-0.030825235,,,
2.30125,0.017663237,-0.001349591,,,
2.301875,0.022446976,0.020159663,,,
2.3025,0.023244266,0.028126054,,,
2.303125,0.023244266,0.032109249,,,
2.30375,0.024041555,0.036092444,,,
2.304375,0.024041555,0.037685722,,,
2.305,0.024041555,0.038482362,,,
2.305625,0.035203613,0.092653817,,,
2.30625,0.042379221,0.16514797,,,
2.306875,0.043176511,0.177097555,,,
2.3075,0.039987352,0.161164774,,,
2.308125,0.035203613,0.126909295,,,
2.30875,0.032014454,0.086280704,,,
2.309375,0.029622584,0.054415142,,,
2.31,0.026433425,0.028126054,,,
2.310625,0.024838845,0.01458319,,,
2.31125,0.024838845,0.011396634,,,
2.311875,0.024041555,0.007413439,,,
2.3125,0.023244266,0.005023522,,,
2.313125,0.023244266,0.004226883,,,
2.31375,0.014474078,-0.01887565,,,
2.314375,0.000920151,-0.102522749,,,
2.315,0.000920151,-0.126421921,,,
2.315625,0.00251473,-0.122438726,,,
2.31625,0.00410931,-0.095352998,,,
2.316875,0.008095759,-0.053927768,,,
2.3175,0.012082208,-0.020468928,,,
2.318125,0.020055106,0.007413439,,,
2.31875,0.022446976,0.025736137,,,
2.319375,0.023244266,0.030515971,,,
2.32,0.024041555,0.034499166,,,
2.320625,0.024041555,0.037685722,,,
2.32125,0.024041555,0.04007564,,,
2.321875,0.025636135,0.043262196,,,
2.3225,0.039987352,0.127705935,,,
2.323125,0.042379221,0.17311436,,,
2.32375,0.042379221,0.175504277,,,
2.324375,0.038392772,0.153198384,,,
2.325,0.033609033,0.113366432,,,
2.325625,0.031217164,0.075924397,,,
2.32625,0.028028005,0.045652113,,,
2.326875,0.026433425,0.022549581,,,
2.3275,0.024838845,0.012989912,,,
2.328125,0.024041555,0.009803356,,,
2.32875,0.024041555,0.007413439,,,
2.329375,0.022446976,0.005023522,,,
2.33,0.021649686,0.003430244,,,
2.330625,0.00650118,-0.047554655,,,
2.33125,0.000920151,-0.115268974,,,
2.331875,0.000920151,-0.128015199,,,
2.3325,0.00331202,-0.115268974,,,
2.333125,0.00570389,-0.081013495,,,
2.33375,0.008893049,-0.041978182,,,
2.334375,0.015271367,-0.01011262,,,
2.335,0.021649686,0.01458319,,,
2.335625,0.023244266,0.028126054,,,
2.33625,0.023244266,0.03131261,,,
2.336875,0.023244266,0.035295805,,,
2.3375,0.024041555,0.037685722,,,
2.338125,0.024041555,0.039279001,,,
2.33875,0.030419874,0.061584894,,,
2.339375,0.040784642,0.150808467,,,
2.34,0.041581931,0.177097555,,,
2.340625,0.039987352,0.169927804,,,
2.34125,0.036798193,0.142045437,,,
2.341875,0.032014454,0.099823568,,,
2.3425,0.030419874,0.065568089,,,
2.343125,0.028028005,0.036092444,,,
2.34375,0.025636135,0.017769746,,,
2.344375,0.024838845,0.012193273,,,
2.345,0.024041555,0.009006717,,,
2.345625,0.023244266,0.005820161,,,
2.34625,0.022446976,0.004226883,,,
2.346875,0.020055106,0.001040326,,,
2.3475,0.001717441,-0.078623578,,,
2.348125,0.000920151,-0.122438726,,,
2.34875,0.001717441,-0.125625282,,,
2.349375,0.00410931,-0.107302584,,,
2.35,0.00650118,-0.066673992,,,
2.350625,0.010487629,-0.030825235,,,
2.35125,0.017663237,0.000243687,,,
2.351875,0.022446976,0.021752942,,,
2.3525,0.023244266,0.030515971,,,
2.353125,0.024041555,0.033702527,,,
2.35375,0.024041555,0.037685722,,,
2.354375,0.024041555,0.038482362,,,
2.355,0.024838845,0.039279001,,,
2.355625,0.035203613,0.091857178,,,
2.35625,0.041581931,0.165944609,,,
2.356875,0.043176511,0.179487472,,,
2.3575,0.039987352,0.162758052,,,
2.358125,0.035203613,0.128502574,,,
2.35875,0.032014454,0.087077343,,,
2.359375,0.028825294,0.05600842,,,
2.36,0.026433425,0.028126054,,,
2.360625,0.024838845,0.01458319,,,
2.36125,0.024041555,0.010599995,,,
2.361875,0.023244266,0.007413439,,,
2.3625,0.023244266,0.005820161,,,
2.363125,0.021649686,0.004226883,,,
2.36375,0.013676788,-0.017282372,,,
2.364375,0.000920151,-0.10172611,,,
2.365,0.000920151,-0.126421921,,,
2.365625,0.001717441,-0.121642086,,,
2.36625,0.00410931,-0.096149637,,,
2.366875,0.007298469,-0.054724407,,,
2.3675,0.012879498,-0.019672289,,,
2.368125,0.019257817,0.008210078,,,
2.36875,0.022446976,0.025736137,,,
2.369375,0.023244266,0.03131261,,,
2.37,0.024041555,0.035295805,,,
2.370625,0.024041555,0.037685722,,,
2.37125,0.024041555,0.04007564,,,
2.371875,0.025636135,0.043262196,,,
2.3725,0.039987352,0.125316017,,,
2.373125,0.042379221,0.174707638,,,
2.37375,0.041581931,0.176300916,,,
2.374375,0.039190062,0.154791662,,,
2.375,0.033609033,0.114163071,,,
2.375625,0.030419874,0.075924397,,,
2.37625,0.028028005,0.045652113,,,
2.376875,0.025636135,0.022549581,,,
2.3775,0.024041555,0.013786551,,,
2.378125,0.023244266,0.009803356,,,
2.37875,0.023244266,0.0066168,,,
2.379375,0.022446976,0.004226883,,,
2.38,0.021649686,0.003430244,,,
2.380625,0.007298469,-0.045164738,,,
2.38125,0.000920151,-0.115268974,,,
2.381875,0.000122861,-0.129608477,,,
2.3825,0.00251473,-0.116862252,,,
2.383125,0.00570389,-0.082606773,,,
2.38375,0.008893049,-0.042774821,,,
2.384375,0.014474078,-0.01011262,,,
2.385,0.021649686,0.015379829,,,
2.385625,0.023244266,0.028922693,,,
2.38625,0.024041555,0.032109249,,,
2.386875,0.024838845,0.036092444,,,
2.3875,0.024838845,0.038482362,,,
2.388125,0.025636135,0.04007564,,,
2.38875,0.030419874,0.059991616,,,
2.389375,0.041581931,0.150808467,,,
2.39,0.043176511,0.177894194,,,
2.390625,0.040784642,0.170724443,,,
2.39125,0.037595482,0.143638715,,,
2.391875,0.032811743,0.102213485,,,
2.3925,0.030419874,0.066364728,,,
2.393125,0.027230715,0.036889083,,,
2.39375,0.024838845,0.017769746,,,
2.394375,0.024838845,0.012193273,,,
2.395,0.024041555,0.008210078,,,
2.395625,0.022446976,0.005820161,,,
2.39625,0.022446976,0.003430244,,,
2.396875,0.020055106,0.000243687,,,
2.3975,0.00251473,-0.077826939,,,
2.398125,0.001717441,-0.123235365,,,
2.39875,0.000920151,-0.126421921,,,
2.399375,0.00410931,-0.108099223,,,
2.4,0.007298469,-0.067470631,,,
2.400625,0.010487629,-0.031621874,,,
2.40125,0.017663237,-0.001349591,,,
2.401875,0.022446976,0.021752942,,,
2.4025,0.023244266,0.030515971,,,
2.403125,0.024041555,0.032905888,,,
2.40375,0.024838845,0.036889083,,,
2.404375,0.025636135,0.039279001,,,
2.405,0.025636135,0.04007564,,,
2.405625,0.035203613,0.088670621,,,
2.40625,0.042379221,0.16514797,,,
2.406875,0.043176511,0.179487472,,,
2.4075,0.040784642,0.164351331,,,
2.408125,0.035203613,0.130095852,,,
2.40875,0.032014454,0.088670621,,,
2.409375,0.029622584,0.05680506,,,
2.41,0.027230715,0.028922693,,,
2.410625,0.024041555,0.013786551,,,
2.41125,0.024041555,0.010599995,,,
2.411875,0.023244266,0.007413439,,,
2.4125,0.023244266,0.005023522,,,
2.413125,0.021649686,0.003430244,,,
2.41375,0.014474078,-0.015689094,,,
2.414375,0.000920151,-0.100132832,,,
2.415,0.000122861,-0.128015199,,,
2.415625,0.00251473,-0.123235365,,,
2.41625,0.00410931,-0.097742915,,,
2.416875,0.008095759,-0.055521046,,,
2.4175,0.012082208,-0.022062206,,,
2.418125,0.019257817,0.0066168,,,
2.41875,0.022446976,0.024939498,,,
2.419375,0.023244266,0.03131261,,,
2.42,0.023244266,0.034499166,,,
2.420625,0.023244266,0.036889083,,,
2.42125,0.024041555,0.039279001,,,
2.421875,0.025636135,0.041668918,,,
2.4225,0.039190062,0.1229261,,,
2.423125,0.042379221,0.17311436,,,
2.42375,0.042379221,0.176300916,,,
2.424375,0.038392772,0.155588301,,,
2.425,0.033609033,0.11495971,,,
2.425625,0.031217164,0.076721036,,,
2.42625,0.028825294,0.045652113,,,
2.426875,0.026433425,0.021752942,,,
2.4275,0.024838845,0.011396634,,,
2.428125,0.024041555,0.009006717,,,
2.42875,0.024041555,0.0066168,,,
2.429375,0.022446976,0.004226883,,,
2.43,0.022446976,0.003430244,,,
2.430625,0.008893049,-0.041978182,,,
2.43125,0.001717441,-0.114472335,,,
2.431875,0.000920151,-0.129608477,,,
2.4325,0.00331202,-0.117658891,,,
2.433125,0.00570389,-0.084200051,,,
2.43375,0.008893049,-0.044368099,,,
2.434375,0.014474078,-0.012502537,,,
2.435,0.021649686,0.013786551,,,
2.435625,0.023244266,0.027329415,,,
2.43625,0.023244266,0.03131261,,,
2.436875,0.024838845,0.035295805,,,
2.4375,0.024838845,0.036889083,,,
2.438125,0.024041555,0.039279001,,,
2.43875,0.029622584,0.057601699,,,
2.439375,0.041581931,0.14841855,,,
2.44,0.042379221,0.177894194,,,
2.440625,0.040784642,0.172317721,,,
2.44125,0.036798193,0.145231993,,,
2.441875,0.032811743,0.102213485,,,
2.4425,0.029622584,0.067161367,,,
2.443125,0.028028005,0.037685722,,,
2.44375,0.025636135,0.018566385,,,
2.444375,0.024041555,0.011396634,,,
2.445,0.023244266,0.007413439,,,
2.445625,0.022446976,0.005820161,,,
2.44625,0.022446976,0.004226883,,,
2.446875,0.020852396,0.001836965,,,
2.4475,0.00251473,-0.075437022,,,
2.448125,0.000920151,-0.122438726,,,
2.44875,0.000920151,-0.12721856,,,
2.449375,0.00410931,-0.108099223,,,
2.45,0.00650118,-0.069860549,,,
2.450625,0.009690339,-0.032418513,,,
2.45125,0.016865947,-0.00214623,,,
2.451875,0.022446976,0.020956303,,,
2.4525,0.023244266,0.030515971,,,
2.453125,0.024041555,0.032905888,,,
2.45375,0.024041555,0.036889083,,,
2.454375,0.024041555,0.039279001,,,
2.455,0.024838845,0.04007564,,,
2.455625,0.034406323,0.086280704,,,
2.45625,0.042379221,0.166741248,,,
2.456875,0.043176511,0.181080751,,,
2.4575,0.040784642,0.165944609,,,
2.458125,0.036798193,0.132485769,,,
2.45875,0.032811743,0.08946726,,,
2.459375,0.029622584,0.057601699,,,
2.46,0.027230715,0.029719332,,,
2.460625,0.024838845,0.015379829,,,
2.46125,0.024838845,0.010599995,,,
2.461875,0.023244266,0.007413439,,,
2.4625,0.023244266,0.005023522,,,
2.463125,0.022446976,0.003430244,,,
2.46375,0.015271367,-0.013299176,,,
2.464375,0.000920151,-0.098539554,,,
2.465,0.000920151,-0.126421921,,,
2.465625,0.001717441,-0.123235365,,,
2.46625,0.0049066,-0.097742915,,,
2.466875,0.007298469,-0.056317685,,,
2.4675,0.012082208,-0.022858845,,,
2.468125,0.018460527,0.005023522,,,
2.46875,0.023244266,0.024939498,,,
2.469375,0.023244266,0.030515971,,,
2.47,0.023244266,0.034499166,,,
2.470625,0.024041555,0.036889083,,,
2.47125,0.024041555,0.039279001,,,
2.471875,0.025636135,0.040872279,,,
2.4725,0.039190062,0.120536183,,,
2.473125,0.042379221,0.173910999,,,
2.47375,0.042379221,0.177894194,,,
2.474375,0.039190062,0.157181579,,,
2.475,0.034406323,0.118146266,,,
2.475625,0.031217164,0.078314314,,,
2.47625,0.028028005,0.047245391,,,
2.476875,0.026433425,0.02334622,,,
2.4775,0.024838845,0.012193273,,,
2.478125,0.024041555,0.009006717,,,
2.47875,0.023244266,0.0066168,,,
2.479375,0.022446976,0.004226883,,,
2.48,0.021649686,0.003430244,,,
2.480625,0.009690339,-0.040384904,,,
2.48125,0.001717441,-0.114472335,,,
2.481875,0.000920151,-0.128811838,,,
2.4825,0.00331202,-0.117658891,,,
2.483125,0.00570389,-0.08499669,,,
2.48375,0.008893049,-0.04357146,,,
2.484375,0.014474078,-0.012502537,,,
2.485,0.021649686,0.013786551,,,
2.485625,0.024041555,0.028126054,,,
2.48625,0.024041555,0.032905888,,,
2.486875,0.024838845,0.036092444,,,
2.4875,0.024838845,0.038482362,,,
2.488125,0.024838845,0.040872279,,,
2.48875,0.029622584,0.05680506,,,
2.489375,0.041581931,0.14841855,,,
2.49,0.043176511,0.178690833,,,
2.490625,0.041581931,0.17311436,,,
2.49125,0.038392772,0.146028633,,,
2.491875,0.032811743,0.103010124,,,
2.4925,0.031217164,0.067958006,,,
2.493125,0.028825294,0.037685722,,,
2.49375,0.026433425,0.017769746,,,
2.494375,0.024838845,0.010599995,,,
2.495,0.024041555,0.007413439,,,
2.495625,0.023244266,0.005023522,,,
2.49625,0.022446976,0.002633605,,,
2.496875,0.020852396,0.001040326,,,
2.4975,0.00251473,-0.073843744,,,
2.498125,0.001717441,-0.122438726,,,
2.49875,0.000920151,-0.12721856,,,
2.499375,0.00410931,-0.109692501,,,
2.5,0.00650118,-0.070657188,,,
2.500625,0.010487629,-0.033215153,,,
2.50125,0.016865947,-0.002942869,,,
2.501875,0.022446976,0.020159663,,,
2.5025,0.024041555,0.030515971,,,
2.503125,0.023244266,0.032905888,,,
2.50375,0.024838845,0.036092444,,,
2.504375,0.024838845,0.038482362,,,
2.505,0.024041555,0.04007564,,,
2.505625,0.033609033,0.083890787,,,
2.50625,0.042379221,0.16514797,,,
2.506875,0.043176511,0.181080751,,,
2.5075,0.039987352,0.166741248,,,
2.508125,0.035203613,0.133282408,,,
2.50875,0.032014454,0.091060538,,,
2.509375,0.028825294,0.058398338,,,
2.51,0.026433425,0.030515971,,,
2.510625,0.024041555,0.01458319,,,
2.51125,0.023244266,0.010599995,,,
2.511875,0.022446976,0.007413439,,,
2.5125,0.022446976,0.005023522,,,
2.513125,0.021649686,0.003430244,,,
2.51375,0.015271367,-0.012502537,,,
2.514375,0.000920151,-0.097742915,,,
2.515,0.000122861,-0.126421921,,,
2.515625,0.001717441,-0.124032004,,,
2.51625,0.00410931,-0.099336193,,,
2.516875,0.007298469,-0.057910963,,,
2.5175,0.011284918,-0.022858845,,,
2.518125,0.019257817,0.0066168,,,
2.51875,0.023244266,0.024939498,,,
2.519375,0.023244266,0.03131261,,,
2.52,0.024041555,0.034499166,,,
2.520625,0.024041555,0.036889083,,,
2.52125,0.024041555,0.039279001,,,
2.521875,0.025636135,0.040872279,,,
2.5225,0.039190062,0.118146266,,,
2.523125,0.043176511,0.173910999,,,
2.52375,0.042379221,0.178690833,,,
2.524375,0.039190062,0.157978218,,,
2.525,0.034406323,0.118146266,,,
2.525625,0.032811743,0.079907592,,,
2.52625,0.028825294,0.04804203,,,
2.526875,0.026433425,0.02334622,,,
2.5275,0.024838845,0.012989912,,,
2.528125,0.024041555,0.009006717,,,
2.52875,0.024041555,0.005820161,,,
2.529375,0.022446976,0.004226883,,,
2.53,0.022446976,0.002633605,,,
2.530625,0.009690339,-0.037994987,,,
2.53125,0.000920151,-0.112879057,,,
2.531875,0.000920151,-0.128015199,,,
2.5325,0.00251473,-0.117658891,,,
2.533125,0.0049066,-0.085793329,,,
2.53375,0.008893049,-0.045961377,,,
2.534375,0.013676788,-0.013299176,,,
2.535,0.020852396,0.012989912,,,
2.535625,0.023244266,0.027329415,,,
2.53625,0.024041555,0.032905888,,,
2.536875,0.024041555,0.035295805,,,
2.5375,0.024041555,0.037685722,,,
2.538125,0.024838845,0.039279001,,,
2.53875,0.028825294,0.053618503,,,
2.539375,0.040784642,0.145231993,,,
2.54,0.043176511,0.178690833,,,
2.540625,0.040784642,0.17311436,,,
2.54125,0.037595482,0.146028633,,,
2.541875,0.032014454,0.103806763,,,
2.5425,0.030419874,0.067958006,,,
2.543125,0.028028005,0.037685722,,,
2.54375,0.025636135,0.017769746,,,
2.544375,0.024838845,0.010599995,,,
2.545,0.024041555,0.007413439,,,
2.545625,0.023244266,0.005023522,,,
2.54625,0.022446976,0.003430244,,,
2.546875,0.021649686,0.001836965,,,
2.5475,0.00331202,-0.071453827,,,
2.548125,0.000920151,-0.121642086,,,
2.54875,0.000920151,-0.12721856,,,
2.549375,0.00331202,-0.109692501,,,
2.55,0.00650118,-0.072250466,,,
2.550625,0.009690339,-0.03560507,,,
2.55125,0.016865947,-0.003739508,,,
2.551875,0.022446976,0.019363024,,,
2.5525,0.023244266,0.030515971,,,
2.553125,0.023244266,0.032905888,,,
2.55375,0.024041555,0.036092444,,,
2.554375,0.024838845,0.038482362,,,
2.555,0.025636135,0.039279001,,,
2.555625,0.033609033,0.080704231,,,
2.55625,0.043176511,0.163554692,,,
2.556875,0.044771091,0.181080751,,,
2.5575,0.041581931,0.166741248,,,
2.558125,0.036798193,0.134875686,,,
2.55875,0.032811743,0.091857178,,,
2.559375,0.030419874,0.058398338,,,
2.56,0.027230715,0.029719332,,,
2.560625,0.025636135,0.015379829,,,
2.56125,0.024838845,0.009803356,,,
2.561875,0.024041555,0.005820161,,,
2.5625,0.023244266,0.005023522,,,
2.563125,0.022446976,0.002633605,,,
2.56375,0.016068657,-0.010909259,,,
2.564375,0.001717441,-0.096946276,,,
2.565,0.000920151,-0.126421921,,,
2.565625,0.00251473,-0.124032004,,,
2.56625,0.00410931,-0.099336193,,,
2.566875,0.008095759,-0.057910963,,,
2.5675,0.012879498,-0.023655484,,,
2.568125,0.020055106,0.005023522,,,
2.56875,0.023244266,0.024142859,,,
2.569375,0.024041555,0.03131261,,,
2.57,0.024838845,0.034499166,,,
2.570625,0.024041555,0.037685722,,,
2.57125,0.024838845,0.04007564,,,
2.571875,0.025636135,0.04007564,,,
2.5725,0.038392772,0.11495971,,,
2.573125,0.043176511,0.172317721,,,
2.57375,0.043176511,0.179487472,,,
2.574375,0.039190062,0.158774857,,,
2.575,0.035203613,0.120536183,,,
2.575625,0.032014454,0.079907592,,,
2.57625,0.029622584,0.04804203,,,
2.576875,0.026433425,0.02334622,,,
2.5775,0.024838845,0.012989912,,,
2.578125,0.024041555,0.009006717,,,
2.57875,0.024041555,0.005820161,,,
2.579375,0.023244266,0.004226883,,,
2.58,0.022446976,0.003430244,,,
2.580625,0.009690339,-0.034808431,,,
2.58125,0.000920151,-0.112082418,,,
2.581875,0.000920151,-0.12721856,,,
2.5825,0.00251473,-0.116862252,,,
2.583125,0.0049066,-0.086589969,,,
2.58375,0.008095759,-0.045961377,,,
2.584375,0.013676788,-0.014095815,,,
2.585,0.021649686,0.012989912,,,
2.585625,0.024041555,0.027329415,,,
2.58625,0.024041555,0.032109249,,,
2.586875,0.024041555,0.034499166,,,
2.5875,0.024041555,0.036889083,,,
2.588125,0.024838845,0.039279001,,,
2.58875,0.028825294,0.052025225,,,
2.589375,0.041581931,0.143638715,,,
2.59,0.043176511,0.177894194,,,
2.590625,0.041581931,0.173910999,,,
2.59125,0.038392772,0.14841855,,,
2.591875,0.033609033,0.105400041,,,
2.5925,0.030419874,0.069551284,,,
2.593125,0.028028005,0.039279001,,,
2.59375,0.025636135,0.018566385,,,
2.594375,0.024041555,0.011396634,,,
2.595,0.023244266,0.008210078,,,
2.595625,0.022446976,0.005820161,,,
2.59625,0.023244266,0.004226883,,,
2.596875,0.021649686,0.002633605,,,
2.5975,0.00331202,-0.06826727,,,
2.598125,0.001717441,-0.120048808,,,
2.59875,0.001717441,-0.126421921,,,
2.599375,0.00331202,-0.108895862,,,
2.6,0.00650118,-0.072250466,,,
2.600625,0.009690339,-0.03560507,,,
2.60125,0.016865947,-0.003739508,,,
2.601875,0.022446976,0.020159663,,,
2.6025,0.023244266,0.029719332,,,
2.603125,0.023244266,0.032905888,,,
2.60375,0.024041555,0.036092444,,,
2.604375,0.024838845,0.038482362,,,
2.605,0.024041555,0.039279001,,,
2.605625,0.032811743,0.078314314,,,
2.60625,0.042379221,0.162758052,,,
2.606875,0.043176511,0.180284111,,,
2.6075,0.040784642,0.167537887,,,
2.608125,0.036000903,0.135672325,,,
2.60875,0.032014454,0.092653817,,,
2.609375,0.029622584,0.060788255,,,
2.61,0.027230715,0.03131261,,,
2.610625,0.024838845,0.015379829,,,
2.61125,0.024041555,0.010599995,,,
2.611875,0.023244266,0.008210078,,,
2.6125,0.023244266,0.005820161,,,
2.613125,0.022446976,0.003430244,,,
2.61375,0.016865947,-0.009315981,,,
2.614375,0.000920151,-0.09375972,,,
2.615,0.000920151,-0.124828643,,,
2.615625,0.001717441,-0.122438726,,,
2.61625,0.00331202,-0.099336193,,,
2.616875,0.00650118,-0.058707602,,,
2.6175,0.011284918,-0.024452123,,,
2.618125,0.019257817,0.004226883,,,
2.61875,0.022446976,0.024142859,,,
2.619375,0.023244266,0.030515971,,,
2.62,0.023244266,0.034499166,,,
2.620625,0.023244266,0.036889083,,,
2.62125,0.024041555,0.04007564,,,
2.621875,0.024041555,0.04007564,,,
2.6225,0.037595482,0.110976515,,,
2.623125,0.042379221,0.170724443,,,
2.62375,0.042379221,0.179487472,,,
2.624375,0.039190062,0.159571496,,,
2.625,0.034406323,0.120536183,,,
2.625625,0.032014454,0.080704231,,,
2.62625,0.028825294,0.049635308,,,
2.626875,0.026433425,0.024142859,,,
2.6275,0.024838845,0.012193273,,,
2.628125,0.024041555,0.009803356,,,
2.62875,0.023244266,0.0066168,,,
2.629375,0.023244266,0.005023522,,,
2.63,0.021649686,0.003430244,,,
2.630625,0.009690339,-0.032418513,,,
2.63125,0.000920151,-0.11048914,,,
2.631875,0.000920151,-0.126421921,,,
2.6325,0.00251473,-0.116862252,,,
2.633125,0.00410931,-0.086589969,,,
2.63375,0.008095759,-0.045961377,,,
2.634375,0.013676788,-0.014095815,,,
2.635,0.021649686,0.012989912,,,
2.635625,0.023244266,0.028126054,,,
2.63625,0.023244266,0.032905888,,,
2.636875,0.024041555,0.036092444,,,
2.6375,0.024041555,0.038482362,,,
2.638125,0.024838845,0.039279001,,,
2.63875,0.028028005,0.050431947,,,
2.639375,0.040784642,0.141248798,,,
2.64,0.043176511,0.175504277,,,
2.640625,0.041581931,0.17311436,,,
2.64125,0.037595482,0.14841855,,,
2.641875,0.032811743,0.10619668,,,
2.6425,0.030419874,0.070347923,,,
2.643125,0.028028005,0.039279001,,,
2.64375,0.025636135,0.018566385,,,
2.644375,0.024041555,0.011396634,,,
2.645,0.024041555,0.007413439,,,
2.645625,0.023244266,0.005023522,,,
2.64625,0.022446976,0.003430244,,,
2.646875,0.021649686,0.001836965,,,
2.6475,0.00331202,-0.065877353,,,
2.648125,0.001717441,-0.120048808,,,
2.64875,0.000920151,-0.126421921,,,
2.649375,0.00331202,-0.11048914,,,
2.65,0.00570389,-0.073047105,,,
2.650625,0.008893049,-0.036401709,,,
2.65125,0.015271367,-0.005332786,,,
2.651875,0.021649686,0.020159663,,,
2.6525,0.022446976,0.029719332,,,
2.653125,0.023244266,0.033702527,,,
2.65375,0.024041555,0.036889083,,,
2.654375,0.024041555,0.039279001,,,
2.655,0.024838845,0.04007564,,,
2.655625,0.032811743,0.075127758,,,
2.65625,0.042379221,0.160368135,,,
2.656875,0.043176511,0.178690833,,,
2.6575,0.040784642,0.168334526,,,
2.658125,0.036798193,0.137265603,,,
2.65875,0.032014454,0.093450456,,,
2.659375,0.029622584,0.059991616,,,
2.66,0.026433425,0.03131261,,,
2.660625,0.025636135,0.015379829,,,
2.66125,0.024838845,0.010599995,,,
2.661875,0.023244266,0.007413439,,,
2.6625,0.022446976,0.005023522,,,
2.663125,0.022446976,0.003430244,,,
2.66375,0.016865947,-0.006926064,,,
2.664375,0.000920151,-0.091369803,,,
2.665,0.000122861,-0.124032004,,,
2.665625,0.001717441,-0.121642086,,,
2.66625,0.00331202,-0.099336193,,,
2.666875,0.00650118,-0.058707602,,,
2.6675,0.011284918,-0.024452123,,,
2.668125,0.018460527,0.005023522,,,
2.66875,0.023244266,0.024142859,,,
2.669375,0.023244266,0.03131261,,,
2.67,0.024041555,0.034499166,,,
2.670625,0.024041555,0.036889083,,,
2.67125,0.024838845,0.039279001,,,
2.671875,0.024838845,0.04007564,,,
2.6725,0.037595482,0.108586597,,,
2.673125,0.042379221,0.170724443,,,
2.67375,0.042379221,0.179487472,,,
2.674375,0.039190062,0.161164774,,,
2.675,0.034406323,0.1229261,,,
2.675625,0.031217164,0.082297509,,,
2.67625,0.028825294,0.051228586,,,
2.676875,0.026433425,0.024939498,,,
2.6775,0.024041555,0.012989912,,,
2.678125,0.024041555,0.009006717,,,
2.67875,0.023244266,0.0066168,,,
2.679375,0.023244266,0.005023522,,,
2.68,0.023244266,0.003430244,,,
2.680625,0.010487629,-0.030825235,,,
2.68125,0.000920151,-0.109692501,,,
2.681875,0.000920151,-0.125625282,,,
2.6825,0.00251473,-0.116862252,,,
2.683125,0.0049066,-0.086589969,,,
2.68375,0.008095759,-0.045961377,,,
2.684375,0.012879498,-0.014892454,,,
2.685,0.020852396,0.011396634,,,
2.685625,0.023244266,0.027329415,,,
2.68625,0.023244266,0.032109249,,,
2.686875,0.024041555,0.036092444,,,
2.6875,0.024838845,0.037685722,,,
2.688125,0.024838845,0.04007564,,,
2.68875,0.028028005,0.048838669,,,
2.689375,0.040784642,0.13965552,,,
2.69,0.043176511,0.177097555,,,
2.690625,0.042379221,0.174707638,,,
2.69125,0.039190062,0.150011828,,,
2.691875,0.033609033,0.107789958,,,
2.6925,0.031217164,0.070347923,,,
2.693125,0.028028005,0.04007564,,,
2.69375,0.025636135,0.018566385,,,
2.694375,0.024041555,0.011396634,,,
2.695,0.024041555,0.008210078,,,
2.695625,0.022446976,0.005820161,,,
2.69625,0.021649686,0.004226883,,,
2.696875,0.021649686,0.003430244,,,
2.6975,0.00410931,-0.061097519,,,
2.698125,0.000920151,-0.11845553,,,
2.69875,0.000122861,-0.125625282,,,
2.699375,0.00251473,-0.109692501,,,
2.7,0.0049066,-0.073843744,,,
2.700625,0.008893049,-0.036401709,,,
2.70125,0.015271367,-0.005332786,,,
2.701875,0.021649686,0.018566385,,,
2.7025,0.023244266,0.029719332,,,
2.703125,0.023244266,0.032905888,,,
2.70375,0.023244266,0.036092444,,,
2.704375,0.024041555,0.037685722,,,
2.705,0.024041555,0.04007564,,,
2.705625,0.032014454,0.07273784,,,
2.70625,0.042379221,0.159571496,,,
2.706875,0.043176511,0.179487472,,,
2.7075,0.040784642,0.168334526,,,
2.708125,0.036798193,0.138062242,,,
2.70875,0.032014454,0.095043734,,,
2.709375,0.029622584,0.061584894,,,
2.71,0.026433425,0.032109249,,,
2.710625,0.024838845,0.015379829,,,
2.71125,0.024041555,0.010599995,,,
2.711875,0.023244266,0.0066168,,,
2.7125,0.022446976,0.005023522,,,
2.713125,0.021649686,0.002633605,,,
2.71375,0.017663237,-0.006129425,,,
2.714375,0.000920151,-0.089776525,,,
2.715,0.000122861,-0.123235365,,,
2.715625,0.001717441,-0.121642086,,,
2.71625,0.00410931,-0.100132832,,,
2.716875,0.00650118,-0.06030088,,,
2.7175,0.011284918,-0.026045401,,,
2.718125,0.018460527,0.003430244,,,
2.71875,0.022446976,0.024142859,,,
2.719375,0.023244266,0.03131261,,,
2.72,0.023244266,0.033702527,,,
2.720625,0.023244266,0.036889083,,,
2.72125,0.024041555,0.04007564,,,
2.721875,0.024838845,0.040872279,,,
2.7225,0.036798193,0.10619668,,,
2.723125,0.042379221,0.170724443,,,
2.72375,0.043176511,0.180284111,,,
2.724375,0.039190062,0.161961413,,,
2.725,0.034406323,0.123722739,,,
2.725625,0.031217164,0.083890787,,,
2.72625,0.028825294,0.051228586,,,
2.726875,0.026433425,0.025736137,,,
2.7275,0.024041555,0.013786551,,,
2.728125,0.024041555,0.009803356,,,
2.72875,0.022446976,0.0066168,,,
2.729375,0.022446976,0.004226883,,,
2.73,0.021649686,0.003430244,,,
2.730625,0.011284918,-0.02684204,,,
2.73125,0.000920151,-0.108099223,,,
2.731875,0.000920151,-0.124828643,,,
2.7325,0.00251473,-0.116065613,,,
2.733125,0.0049066,-0.088183247,,,
2.73375,0.008893049,-0.046758016,,,
2.734375,0.013676788,-0.014892454,,,
2.735,0.020852396,0.012193273,,,
2.735625,0.023244266,0.028126054,,,
2.73625,0.023244266,0.032109249,,,
2.736875,0.024041555,0.035295805,,,
2.7375,0.024041555,0.037685722,,,
2.738125,0.024041555,0.039279001,,,
2.73875,0.027230715,0.04804203,,,
2.739375,0.039987352,0.136468964,,,
2.74,0.043176511,0.177097555,,,
2.740625,0.042379221,0.176300916,,,
2.74125,0.038392772,0.150808467,,,
2.741875,0.033609033,0.109383236,,,
2.7425,0.030419874,0.071941201,,,
2.743125,0.027230715,0.041668918,,,
2.74375,0.025636135,0.020159663,,,
2.744375,0.024838845,0.011396634,,,
2.745,0.023244266,0.009006717,,,
2.745625,0.022446976,0.0066168,,,
2.74625,0.022446976,0.004226883,,,
2.746875,0.021649686,0.003430244,,,
2.7475,0.00410931,-0.058707602,,,
2.748125,0.000920151,-0.117658891,,,
2.74875,0.000920151,-0.124828643,,,
2.749375,0.00251473,-0.11048914,,,
2.75,0.00570389,-0.074640383,,,
2.750625,0.009690339,-0.037198348,,,
2.75125,0.015271367,-0.006129425,,,
2.751875,0.021649686,0.017769746,,,
2.7525,0.023244266,0.029719332,,,
2.753125,0.023244266,0.032109249,,,
2.75375,0.023244266,0.036092444,,,
2.754375,0.023244266,0.038482362,,,
2.755,0.024041555,0.039279001,,,
2.755625,0.032014454,0.070347923,,,
2.75625,0.041581931,0.157978218,,,
2.756875,0.042379221,0.179487472,,,
2.7575,0.040784642,0.170724443,,,
2.758125,0.036798193,0.13965552,,,
2.75875,0.032014454,0.096637012,,,
2.759375,0.029622584,0.063178172,,,
2.76,0.027230715,0.032905888,,,
2.760625,0.024838845,0.016176468,,,
2.76125,0.024041555,0.010599995,,,
2.761875,0.023244266,0.007413439,,,
2.7625,0.022446976,0.004226883,,,
2.763125,0.021649686,0.003430244,,,
2.76375,0.017663237,-0.003739508,,,
2.764375,0.000920151,-0.088183247,,,
2.765,0.000920151,-0.122438726,,,
2.765625,0.000920151,-0.121642086,,,
2.76625,0.00331202,-0.100132832,,,
2.766875,0.00570389,-0.061097519,,,
2.7675,0.010487629,-0.02684204,,,
2.768125,0.019257817,0.003430244,,,
2.76875,0.022446976,0.024142859,,,
2.769375,0.024041555,0.03131261,,,
2.77,0.024041555,0.034499166,,,
2.770625,0.024838845,0.037685722,,,
2.77125,0.024838845,0.04007564,,,
2.771875,0.024838845,0.04007564,,,
2.7725,0.036798193,0.102213485,,,
2.773125,0.043176511,0.169927804,,,
2.77375,0.043176511,0.180284111,,,
2.774375,0.039190062,0.162758052,,,
2.775,0.035203613,0.125316017,,,
2.775625,0.032014454,0.084687426,,,
2.77625,0.029622584,0.052025225,,,
2.776875,0.027230715,0.026532776,,,
2.7775,0.025636135,0.013786551,,,
2.778125,0.025636135,0.009803356,,,
2.77875,0.024838845,0.007413439,,,
2.779375,0.024041555,0.005023522,,,
2.78,0.023244266,0.003430244,,,
2.780625,0.012879498,-0.024452123,,,
2.78125,0.001717441,-0.106505945,,,
2.781875,0.000920151,-0.124032004,,,
2.7825,0.00331202,-0.116065613,,,
2.783125,0.00410931,-0.088979886,,,
2.78375,0.008095759,-0.048351294,,,
2.784375,0.012879498,-0.017282372,,,
2.785,0.020055106,0.010599995,,,
2.785625,0.023244266,0.027329415,,,
2.78625,0.024041555,0.032905888,,,
2.786875,0.024041555,0.035295805,,,
2.7875,0.024041555,0.038482362,,,
2.788125,0.024838845,0.040872279,,,
2.78875,0.027230715,0.046448752,,,
2.789375,0.040784642,0.134875686,,,
2.79,0.043176511,0.177097555,,,
2.790625,0.042379221,0.177097555,,,
2.79125,0.038392772,0.152401745,,,
2.791875,0.032811743,0.110976515,,,
2.7925,0.031217164,0.073534479,,,
2.793125,0.028028005,0.042465557,,,
2.79375,0.025636135,0.020159663,,,
2.794375,0.024041555,0.011396634,,,
2.795,0.024041555,0.008210078,,,
2.795625,0.022446976,0.005820161,,,
2.79625,0.022446976,0.004226883,,,
2.796875,0.021649686,0.003430244,,,
2.7975,0.00570389,-0.054724407,,,
2.798125,0.001717441,-0.116862252,,,
2.79875,0.000920151,-0.124828643,,,
2.799375,0.00251473,-0.109692501,,,
2.8,0.0049066,-0.075437022,,,
2.800625,0.008893049,-0.037994987,,,
2.80125,0.015271367,-0.006129425,,,
2.801875,0.021649686,0.018566385,,,
2.8025,0.023244266,0.029719332,,,
2.803125,0.024041555,0.033702527,,,
2.80375,0.024041555,0.036889083,,,
2.804375,0.024838845,0.039279001,,,
2.805,0.024838845,0.04007564,,,
2.805625,0.031217164,0.067161367,,,
2.80625,0.042379221,0.157181579,,,
2.806875,0.043176511,0.179487472,,,
2.8075,0.041581931,0.170724443,,,
2.808125,0.036798193,0.140452159,,,
2.80875,0.032014454,0.096637012,,,
2.809375,0.029622584,0.062381533,,,
2.81,0.026433425,0.033702527,,,
2.810625,0.025636135,0.016176468,,,
2.81125,0.024838845,0.010599995,,,
2.811875,0.023244266,0.0066168,,,
2.8125,0.022446976,0.005023522,,,
2.813125,0.022446976,0.003430244,,,
2.81375,0.018460527,-0.00214623,,,
2.814375,0.001717441,-0.08499669,,,
2.815,0.001717441,-0.121642086,,,
2.815625,0.00251473,-0.121642086,,,
2.81625,0.00331202,-0.100132832,,,
2.816875,0.00650118,-0.061894158,,,
2.8175,0.010487629,-0.027638679,,,
2.818125,0.019257817,0.001836965,,,
2.81875,0.022446976,0.02334622,,,
2.819375,0.023244266,0.03131261,,,
2.82,0.024041555,0.034499166,,,
2.820625,0.024041555,0.036889083,,,
2.82125,0.024041555,0.038482362,,,
2.821875,0.024838845,0.039279001,,,
2.8225,0.036798193,0.09823029,,,
2.823125,0.043176511,0.168334526,,,
2.82375,0.043973801,0.180284111,,,
2.824375,0.039987352,0.163554692,,,
2.825,0.035203613,0.126909295,,,
2.825625,0.032811743,0.084687426,,,
2.82625,0.029622584,0.052821864,,,
2.826875,0.027230715,0.026532776,,,
2.8275,0.024838845,0.013786551,,,
2.828125,0.024041555,0.009803356,,,
2.82875,0.023244266,0.007413439,,,
2.829375,0.022446976,0.005023522,,,
2.83,0.021649686,0.004226883,,,
2.830625,0.012082208,-0.022062206,,,
2.83125,0.000122861,-0.104912667,,,
2.831875,0.000122861,-0.124032004,,,
2.8325,0.00251473,-0.116862252,,,
2.833125,0.00410931,-0.088979886,,,
2.83375,0.008095759,-0.049147933,,,
2.834375,0.012879498,-0.017282372,,,
2.835,0.020055106,0.009803356,,,
2.835625,0.022446976,0.026532776,,,
2.83625,0.023244266,0.03131261,,,
2.836875,0.024041555,0.035295805,,,
2.8375,0.024041555,0.036889083,,,
2.838125,0.024041555,0.039279001,,,
2.83875,0.026433425,0.044058835,,,
2.839375,0.039987352,0.130892491,,,
2.84,0.042379221,0.175504277,,,
2.840625,0.042379221,0.177097555,,,
2.84125,0.039190062,0.153198384,,,
2.841875,0.033609033,0.112569793,,,
2.8425,0.031217164,0.074331119,,,
2.843125,0.028028005,0.043262196,,,
2.84375,0.025636135,0.020956303,,,
2.844375,0.024838845,0.012193273,,,
2.845,0.024838845,0.009006717,,,
2.845625,0.023244266,0.005820161,,,
2.84625,0.023244266,0.004226883,,,
2.846875,0.021649686,0.003430244,,,
2.8475,0.00570389,-0.051537851,,,
2.848125,0.000920151,-0.115268974,,,
2.84875,0.000920151,-0.124032004,,,
2.849375,0.00251473,-0.109692501,,,
2.85,0.00570389,-0.076233661,,,
2.850625,0.008893049,-0.037994987,,,
2.85125,0.015271367,-0.007722703,,,
2.851875,0.021649686,0.016973107,,,
2.8525,0.023244266,0.028922693,,,
2.853125,0.023244266,0.032905888,,,
2.85375,0.024041555,0.036092444,,,
2.854375,0.024041555,0.037685722,,,
2.855,0.024838845,0.039279001,,,
2.855625,0.031217164,0.063974811,,,
2.85625,0.042379221,0.154791662,,,
2.856875,0.043176511,0.178690833,,,
2.8575,0.041581931,0.170724443,,,
2.858125,0.036798193,0.141248798,,,
2.85875,0.032014454,0.096637012,,,
2.859375,0.029622584,0.063178172,,,
2.86,0.026433425,0.033702527,,,
2.860625,0.024041555,0.016176468,,,
2.86125,0.024041555,0.010599995,,,
2.861875,0.023244266,0.0066168,,,
2.8625,0.022446976,0.005023522,,,
2.863125,0.023244266,0.003430244,,,
2.86375,0.020055106,-0.001349591,,,
2.864375,0.001717441,-0.084200051,,,
2.865,0.000920151,-0.121642086,,,
2.865625,0.001717441,-0.120845447,,,
2.86625,0.00331202,-0.100929471,,,
2.866875,0.00650118,-0.062690797,,,
2.8675,0.010487629,-0.027638679,,,
2.868125,0.017663237,0.001040326,,,
2.86875,0.022446976,0.02334622,,,
2.869375,0.023244266,0.030515971,,,
2.87,0.024041555,0.033702527,,,
2.870625,0.024041555,0.036889083,,,
2.87125,0.024838845,0.039279001,,,
2.871875,0.025636135,0.04007564,,,
2.8725,0.036798193,0.095043734,,,
2.873125,0.043176511,0.167537887,,,
2.87375,0.043176511,0.179487472,,,
2.874375,0.040784642,0.163554692,,,
2.875,0.035203613,0.127705935,,,
2.875625,0.032811743,0.085484065,,,
2.87625,0.030419874,0.053618503,,,
2.876875,0.027230715,0.025736137,,,
2.8775,0.024838845,0.012989912,,,
2.878125,0.024041555,0.009006717,,,
2.87875,0.023244266,0.0066168,,,
2.879375,0.022446976,0.004226883,,,
2.88,0.022446976,0.002633605,,,
2.880625,0.013676788,-0.020468928,,,
2.88125,0.001717441,-0.104116027,,,
2.881875,0.001717441,-0.124032004,,,
2.8825,0.00251473,-0.116862252,,,
2.883125,0.0049066,-0.089776525,,,
2.88375,0.008095759,-0.049944572,,,
2.884375,0.012879498,-0.018079011,,,
2.885,0.020055106,0.009006717,,,
2.885625,0.023244266,0.026532776,,,
2.88625,0.024041555,0.03131261,,,
2.886875,0.024041555,0.034499166,,,
2.8875,0.024041555,0.036889083,,,
2.888125,0.024838845,0.039279001,,,
2.88875,0.026433425,0.044058835,,,
2.889375,0.040784642,0.129299213,,,
2.89,0.043176511,0.173910999,,,
2.890625,0.042379221,0.176300916,,,
2.89125,0.039987352,0.152401745,,,
2.891875,0.034406323,0.112569793,,,
2.8925,0.031217164,0.074331119,,,
2.893125,0.028028005,0.043262196,,,
2.89375,0.025636135,0.020159663,,,
2.894375,0.024838845,0.011396634,,,
2.895,0.024041555,0.008210078,,,
2.895625,0.023244266,0.005023522,,,
2.89625,0.023244266,0.003430244,,,
2.896875,0.022446976,0.002633605,,,
2.8975,0.00650118,-0.049147933,,,
2.898125,0.001717441,-0.114472335,,,
2.89875,0.001717441,-0.124828643,,,
2.899375,0.00331202,-0.109692501,,,
2.9,0.00570389,-0.076233661,,,
2.900625,0.009690339,-0.039588265,,,
2.90125,0.016068657,-0.008519342,,,
2.901875,0.022446976,0.016176468,,,
2.9025,0.024041555,0.028922693,,,
2.903125,0.024041555,0.032905888,,,
2.90375,0.024838845,0.036092444,,,
2.904375,0.025636135,0.037685722,,,
2.905,0.025636135,0.039279001,,,
2.905625,0.030419874,0.061584894,,,
2.90625,0.042379221,0.152401745,,,
2.906875,0.043176511,0.177097555,,,
2.9075,0.041581931,0.170724443,,,
2.908125,0.038392772,0.142045437,,,
2.90875,0.033609033,0.099026929,,,
2.909375,0.031217164,0.06477145,,,
2.91,0.028028005,0.034499166,,,
2.910625,0.025636135,0.016176468,,,
2.91125,0.024041555,0.010599995,,,
2.911875,0.024041555,0.007413439,,,
2.9125,0.023244266,0.005023522,,,
2.913125,0.022446976,0.003430244,,,
2.91375,0.020852396,0.000243687,,,
2.914375,0.00251473,-0.080216856,,,
2.915,0.001717441,-0.120048808,,,
2.915625,0.001717441,-0.120845447,,,
2.91625,0.00410931,-0.10172611,,,
2.916875,0.007298469,-0.063487436,,,
2.9175,0.011284918,-0.029231957,,,
2.918125,0.018460527,0.000243687,,,
2.91875,0.022446976,0.022549581,,,
2.919375,0.024838845,0.03131261,,,
2.92,0.024041555,0.033702527,,,
2.920625,0.024838845,0.036889083,,,
2.92125,0.024838845,0.04007564,,,
2.921875,0.024838845,0.039279001,,,
2.9225,0.036000903,0.091857178,,,
2.923125,0.042379221,0.166741248,,,
2.92375,0.043176511,0.180284111,,,
2.924375,0.040784642,0.164351331,,,
2.925,0.036000903,0.129299213,,,
2.925625,0.032811743,0.087077343,,,
2.92625,0.029622584,0.055211781,,,
2.926875,0.026433425,0.027329415,,,
2.9275,0.025636135,0.013786551,,,
2.928125,0.024041555,0.009803356,,,
2.92875,0.024041555,0.0066168,,,
2.929375,0.023244266,0.005023522,,,
2.93,0.022446976,0.004226883,,,
2.930625,0.014474078,-0.017282372,,,
2.93125,0.000920151,-0.100929471,,,
2.931875,0.000920151,-0.122438726,,,
2.9325,0.00251473,-0.116065613,,,
2.933125,0.00410931,-0.089776525,,,
2.93375,0.007298469,-0.050741211,,,
2.934375,0.012879498,-0.018079011,,,
2.935,0.020055106,0.009006717,,,
2.935625,0.023244266,0.026532776,,,
2.93625,0.024041555,0.03131261,,,
2.936875,0.024041555,0.035295805,,,
2.9375,0.024838845,0.036889083,,,
2.938125,0.025636135,0.04007564,,,
2.93875,0.027230715,0.043262196,,,
2.939375,0.040784642,0.126909295,,,
2.94,0.043973801,0.173910999,,,
2.940625,0.043176511,0.177097555,,,
2.94125,0.039987352,0.155588301,,,
2.941875,0.035203613,0.114163071,,,
2.9425,0.032014454,0.076721036,,,
2.943125,0.029622584,0.045652113,,,
2.94375,0.026433425,0.021752942,,,
2.944375,0.025636135,0.012989912,,,
2.945,0.024838845,0.009006717,,,
2.945625,0.024041555,0.005820161,,,
2.94625,0.022446976,0.004226883,,,
2.946875,0.022446976,0.003430244,,,
2.9475,0.007298469,-0.045961377,,,
2.948125,0.001717441,-0.113675696,,,
2.94875,0.000920151,-0.123235365,,,
2.949375,0.00251473,-0.11048914,,,
2.95,0.00570389,-0.0770303,,,
2.950625,0.008893049,-0.040384904,,,
2.95125,0.015271367,-0.009315981,,,
2.951875,0.022446976,0.015379829,,,
2.9525,0.024838845,0.028922693,,,
2.953125,0.024041555,0.032109249,,,
2.95375,0.024838845,0.036092444,,,
2.954375,0.024838845,0.037685722,,,
2.955,0.024838845,0.04007564,,,
2.955625,0.030419874,0.059991616,,,
2.95625,0.042379221,0.150808467,,,
2.956875,0.043973801,0.178690833,,,
2.9575,0.041581931,0.171521082,,,
2.958125,0.038392772,0.142842076,,,
2.95875,0.032811743,0.099823568,,,
2.959375,0.030419874,0.065568089,,,
2.96,0.028028005,0.036092444,,,
2.960625,0.025636135,0.016973107,,,
2.96125,0.024838845,0.011396634,,,
2.961875,0.023244266,0.007413439,,,
2.9625,0.023244266,0.005820161,,,
2.963125,0.022446976,0.002633605,,,
2.96375,0.020055106,0.000243687,,,
2.964375,0.001717441,-0.078623578,,,
2.965,0.001717441,-0.119252169,,,
2.965625,0.001717441,-0.120845447,,,
2.96625,0.00331202,-0.102522749,,,
2.966875,0.00650118,-0.065080714,,,
2.9675,0.009690339,-0.030825235,,,
2.968125,0.017663237,-0.000552952,,,
2.96875,0.022446976,0.020956303,,,
2.969375,0.023244266,0.030515971,,,
2.97,0.024041555,0.033702527,,,
2.970625,0.024838845,0.036889083,,,
2.97125,0.024838845,0.039279001,,,
2.971875,0.024838845,0.039279001,,,
2.9725,0.035203613,0.088670621,,,
2.973125,0.042379221,0.16514797,,,
2.97375,0.043176511,0.178690833,,,
2.974375,0.040784642,0.164351331,,,
2.975,0.036000903,0.130095852,,,
2.975625,0.032014454,0.087077343,,,
2.97625,0.029622584,0.055211781,,,
2.976875,0.026433425,0.028126054,,,
2.9775,0.024838845,0.013786551,,,
2.978125,0.024838845,0.010599995,,,
2.97875,0.023244266,0.007413439,,,
2.979375,0.023244266,0.005023522,,,
2.98,0.022446976,0.003430244,,,
2.980625,0.014474078,-0.015689094,,,
2.98125,0.000920151,-0.099336193,,,
2.981875,0.001717441,-0.121642086,,,
2.9825,0.00251473,-0.115268974,,,
2.983125,0.0049066,-0.090573164,,,
2.98375,0.008095759,-0.050741211,,,
2.984375,0.013676788,-0.01887565,,,
2.985,0.020055106,0.009006717,,,
2.985625,0.023244266,0.027329415,,,
2.98625,0.024041555,0.032109249,,,
2.986875,0.024041555,0.035295805,,,
2.9875,0.024041555,0.037685722,,,
2.988125,0.024838845,0.04007564,,,
2.98875,0.025636135,0.042465557,,,
2.989375,0.039987352,0.1229261,,,
2.99,0.043176511,0.173910999,,,
2.990625,0.042379221,0.177894194,,,
2.99125,0.039190062,0.155588301,,,
2.991875,0.033609033,0.115756349,,,
2.9925,0.031217164,0.076721036,,,
2.993125,0.028028005,0.045652113,,,
2.99375,0.025636135,0.022549581,,,
2.994375,0.024041555,0.012193273,,,
2.995,0.024041555,0.009006717,,,
2.995625,0.022446976,0.005820161,,,
2.99625,0.022446976,0.005023522,,,
2.996875,0.022446976,0.004226883,,,
2.9975,0.008095759,-0.041978182,,,
2.998125,0.000920151,-0.112082418,,,
2.99875,0.000920151,-0.122438726,,,
2.999375,0.00331202,-0.109692501,,,
3,0.00570389,-0.078623578,,,
3.000625,0.009690339,-0.040384904,,,
3.00125,0.015271367,-0.01011262,,,
3.001875,0.021649686,0.015379829,,,
3.0025,0.024041555,0.028922693,,,
3.003125,0.024041555,0.032905888,,,
3.00375,0.024041555,0.036092444,,,
3.004375,0.024041555,0.038482362,,,
3.005,0.024838845,0.04007564,,,
3.005625,0.029622584,0.057601699,,,
3.00625,0.042379221,0.149215189,,,
3.006875,0.043973801,0.177894194,,,
3.0075,0.042379221,0.17311436,,,
3.008125,0.038392772,0.144435354,,,
3.00875,0.032811743,0.102213485,,,
3.009375,0.031217164,0.066364728,,,
3.01,0.028028005,0.036889083,,,
3.010625,0.025636135,0.017769746,,,
3.01125,0.024838845,0.011396634,,,
3.011875,0.023244266,0.008210078,,,
3.0125,0.023244266,0.005820161,,,
3.013125,0.023244266,0.004226883,,,
3.01375,0.021649686,0.001836965,,,
3.014375,0.00251473,-0.074640383,,,
3.015,0.001717441,-0.117658891,,,
3.015625,0.00251473,-0.120048808,,,
3.01625,0.00410931,-0.100929471,,,
3.016875,0.007298469,-0.064284075,,,
3.0175,0.011284918,-0.029231957,,,
3.018125,0.018460527,0.000243687,,,
3.01875,0.023244266,0.022549581,,,
3.019375,0.024838845,0.032109249,,,
3.02,0.024838845,0.034499166,,,
3.020625,0.025636135,0.037685722,,,
3.02125,0.025636135,0.039279001,,,
3.021875,0.026433425,0.040872279,,,
3.0225,0.035203613,0.086280704,,,
3.023125,0.043176511,0.16514797,,,
3.02375,0.043973801,0.180284111,,,
3.024375,0.041581931,0.165944609,,,
3.025,0.036000903,0.132485769,,,
3.025625,0.032811743,0.088670621,,,
3.02625,0.030419874,0.057601699,,,
3.026875,0.027230715,0.029719332,,,
3.0275,0.025636135,0.015379829,,,
3.028125,0.025636135,0.011396634,,,
3.02875,0.024041555,0.007413439,,,
3.029375,0.023244266,0.005820161,,,
3.03,0.023244266,0.004226883,,,
3.030625,0.016068657,-0.013299176,,,
3.03125,0.001717441,-0.097742915,,,
3.031875,0.001717441,-0.120845447,,,
3.0325,0.00251473,-0.114472335,,,
3.033125,0.0049066,-0.089776525,,,
3.03375,0.008893049,-0.050741211,,,
3.034375,0.012879498,-0.01887565,,,
3.035,0.020055106,0.008210078,,,
3.035625,0.024041555,0.026532776,,,
3.03625,0.024041555,0.032109249,,,
3.036875,0.024838845,0.036092444,,,
3.0375,0.024838845,0.038482362,,,
3.038125,0.024838845,0.04007564,,,
3.03875,0.026433425,0.042465557,,,
3.039375,0.039190062,0.120536183,,,
3.04,0.043176511,0.173910999,,,
3.040625,0.042379221,0.177894194,,,
3.04125,0.039190062,0.157181579,,,
3.041875,0.034406323,0.117349627,,,
3.0425,0.032014454,0.078314314,,,
3.043125,0.028825294,0.047245391,,,
3.04375,0.026433425,0.022549581,,,
3.044375,0.024838845,0.012193273,,,
3.045,0.024041555,0.009803356,,,
3.045625,0.023244266,0.0066168,,,
3.04625,0.022446976,0.005023522,,,
3.046875,0.023244266,0.004226883,,,
3.0475,0.008893049,-0.038791626,,,
3.048125,0.001717441,-0.11048914,,,
3.04875,0.001717441,-0.122438726,,,
3.049375,0.00331202,-0.109692501,,,
3.05,0.00570389,-0.078623578,,,
3.050625,0.008893049,-0.040384904,,,
3.05125,0.014474078,-0.01011262,,,
3.051875,0.021649686,0.015379829,,,
3.0525,0.023244266,0.029719332,,,
3.053125,0.024041555,0.032109249,,,
3.05375,0.024041555,0.035295805,,,
3.054375,0.024838845,0.037685722,,,
3.055,0.024838845,0.04007564,,,
3.055625,0.029622584,0.055211781,,,
3.05625,0.042379221,0.146825272,,,
3.056875,0.043176511,0.177894194,,,
3.0575,0.042379221,0.17311436,,,
3.058125,0.038392772,0.146028633,,,
3.05875,0.033609033,0.103010124,,,
3.059375,0.031217164,0.067958006,,,
3.06,0.028028005,0.038482362,,,
3.060625,0.025636135,0.018566385,,,
3.06125,0.024838845,0.011396634,,,
3.061875,0.024041555,0.009006717,,,
3.0625,0.023244266,0.005820161,,,
3.063125,0.023244266,0.004226883,,,
3.06375,0.021649686,0.002633605,,,
3.064375,0.00251473,-0.071453827,,,
3.065,0.001717441,-0.117658891,,,
3.065625,0.001717441,-0.120845447,,,
3.06625,0.00331202,-0.10172611,,,
3.066875,0.00650118,-0.065080714,,,
3.0675,0.010487629,-0.030028596,,,
3.068125,0.017663237,-0.000552952,,,
3.06875,0.023244266,0.021752942,,,
3.069375,0.024041555,0.030515971,,,
3.07,0.024041555,0.033702527,,,
3.070625,0.024838845,0.036889083,,,
3.07125,0.024838845,0.039279001,,,
3.071875,0.024838845,0.040872279,,,
3.0725,0.034406323,0.083094148,,,
3.073125,0.042379221,0.164351331,,,
3.07375,0.043176511,0.181080751,,,
3.074375,0.040784642,0.167537887,,,
3.075,0.036798193,0.134079047,,,
3.075625,0.032014454,0.090263899,,,
3.07625,0.029622584,0.058398338,,,
3.076875,0.027230715,0.029719332,,,
3.0775,0.024838845,0.015379829,,,
3.078125,0.024041555,0.010599995,,,
3.07875,0.023244266,0.007413439,,,
3.079375,0.023244266,0.005820161,,,
3.08,0.022446976,0.004226883,,,
3.080625,0.016068657,-0.011705898,,,
3.08125,0.000920151,-0.095352998,,,
3.081875,0.000122861,-0.121642086,,,
3.0825,0.00251473,-0.115268974,,,
3.083125,0.00410931,-0.091369803,,,
3.08375,0.008095759,-0.053927768,,,
3.084375,0.012879498,-0.021265567,,,
3.085,0.020055106,0.007413439,,,
3.085625,0.023244266,0.025736137,,,
3.08625,0.024041555,0.032109249,,,
3.086875,0.024838845,0.035295805,,,
3.0875,0.024041555,0.037685722,,,
3.088125,0.024041555,0.04007564,,,
3.08875,0.025636135,0.041668918,,,
3.089375,0.039190062,0.118146266,,,
3.09,0.043176511,0.17311436,,,
3.090625,0.043176511,0.179487472,,,
3.09125,0.038392772,0.157978218,,,
3.091875,0.033609033,0.118942905,,,
3.0925,0.031217164,0.079110953,,,
3.093125,0.028028005,0.04804203,,,
3.09375,0.025636135,0.02334622,,,
3.094375,0.024041555,0.012193273,,,
3.095,0.024041555,0.009803356,,,
3.095625,0.023244266,0.0066168,,,
3.09625,0.023244266,0.005023522,,,
3.096875,0.023244266,0.004226883,,,
3.0975,0.009690339,-0.036401709,,,
3.098125,0.000920151,-0.109692501,,,
3.09875,0.000122861,-0.122438726,,,
3.099375,0.00251473,-0.109692501,,,
3.1,0.0049066,-0.078623578,,,
3.100625,0.008893049,-0.041978182,,,
3.10125,0.014474078,-0.010909259,,,
3.101875,0.020852396,0.01458319,,,
3.1025,0.023244266,0.028126054,,,
3.103125,0.024041555,0.032905888,,,
3.10375,0.024041555,0.035295805,,,
3.104375,0.024041555,0.037685722,,,
3.105,0.024838845,0.040872279,,,
3.105625,0.028825294,0.055211781,,,
3.10625,0.040784642,0.146028633,,,
3.106875,0.042379221,0.177894194,,,
3.1075,0.042379221,0.17311436,,,
3.108125,0.038392772,0.146825272,,,
3.10875,0.033609033,0.105400041,,,
3.109375,0.030419874,0.068754645,,,
3.11,0.027230715,0.038482362,,,
3.110625,0.026433425,0.018566385,,,
3.11125,0.024838845,0.011396634,,,
3.111875,0.024041555,0.008210078,,,
3.1125,0.023244266,0.005820161,,,
3.113125,0.023244266,0.003430244,,,
3.11375,0.021649686,0.002633605,,,
3.114375,0.00251473,-0.069860549,,,
3.115,0.001717441,-0.117658891,,,
3.115625,0.001717441,-0.121642086,,,
3.11625,0.00331202,-0.102522749,,,
3.116875,0.00650118,-0.066673992,,,
3.1175,0.009690339,-0.032418513,,,
3.118125,0.017663237,-0.001349591,,,
3.11875,0.023244266,0.020956303,,,
3.119375,0.024041555,0.03131261,,,
3.12,0.024041555,0.033702527,,,
3.120625,0.025636135,0.036889083,,,
3.12125,0.025636135,0.039279001,,,
3.121875,0.025636135,0.04007564,,,
3.1225,0.034406323,0.079110953,,,
3.123125,0.043176511,0.162758052,,,
3.12375,0.043176511,0.178690833,,,
3.124375,0.040784642,0.166741248,,,
3.125,0.036798193,0.134079047,,,
3.125625,0.032811743,0.091857178,,,
3.12625,0.030419874,0.058398338,,,
3.126875,0.028028005,0.030515971,,,
3.1275,0.025636135,0.015379829,,,
3.128125,0.024041555,0.010599995,,,
3.12875,0.023244266,0.007413439,,,
3.129375,0.023244266,0.005820161,,,
3.13,0.022446976,0.005023522,,,
3.130625,0.016068657,-0.009315981,,,
3.13125,0.000920151,-0.09375972,,,
3.131875,0.001717441,-0.120048808,,,
3.1325,0.00251473,-0.115268974,,,
3.133125,0.00410931,-0.092166442,,,
3.13375,0.008095759,-0.053131129,,,
3.134375,0.012879498,-0.021265567,,,
3.135,0.020852396,0.007413439,,,
3.135625,0.023244266,0.026532776,,,
3.13625,0.024041555,0.032905888,,,
3.136875,0.024041555,0.035295805,,,
3.1375,0.024838845,0.037685722,,,
3.138125,0.024041555,0.04007564,,,
3.13875,0.024838845,0.04007564,,,
3.139375,0.039190062,0.113366432,,,
3.14,0.043176511,0.171521082,,,
3.140625,0.042379221,0.177894194,,,
3.14125,0.039190062,0.157978218,,,
3.141875,0.034406323,0.119739544,,,
3.1425,0.031217164,0.079907592,,,
3.143125,0.028028005,0.048838669,,,
3.14375,0.026433425,0.024142859,,,
3.144375,0.024041555,0.013786551,,,
3.145,0.023244266,0.009803356,,,
3.145625,0.023244266,0.0066168,,,
3.14625,0.022446976,0.005023522,,,
3.146875,0.021649686,0.004226883,,,
3.1475,0.009690339,-0.033215153,,,
3.148125,0.000920151,-0.108099223,,,
3.14875,0.000920151,-0.120845447,,,
3.149375,0.00251473,-0.108895862,,,
3.15,0.0049066,-0.079420217,,,
3.150625,0.008095759,-0.041978182,,,
3.15125,0.014474078,-0.011705898,,,
3.151875,0.021649686,0.01458319,,,
3.1525,0.024041555,0.028922693,,,
3.153125,0.024041555,0.032905888,,,
3.15375,0.024041555,0.036889083,,,
3.154375,0.024838845,0.039279001,,,
3.155,0.025636135,0.040872279,,,
3.155625,0.028825294,0.052821864,,,
3.15625,0.041581931,0.143638715,,,
3.156875,0.043176511,0.177097555,,,
3.1575,0.042379221,0.173910999,,,
3.158125,0.039190062,0.147621911,,,
3.15875,0.033609033,0.104603402,,,
3.159375,0.031217164,0.070347923,,,
3.16,0.028028005,0.04007564,,,
3.160625,0.025636135,0.018566385,,,
3.16125,0.024041555,0.012193273,,,
3.161875,0.024041555,0.009006717,,,
3.1625,0.023244266,0.0066168,,,
3.163125,0.021649686,0.004226883,,,
3.16375,0.021649686,0.003430244,,,
3.164375,0.00251473,-0.065877353,,,
3.165,0.000920151,-0.115268974,,,
3.165625,0.000920151,-0.120048808,,,
3.16625,0.00251473,-0.10172611,,,
3.166875,0.00570389,-0.067470631,,,
3.1675,0.009690339,-0.031621874,,,
3.168125,0.016865947,-0.00214623,,,
3.16875,0.021649686,0.020159663,,,
3.169375,0.023244266,0.030515971,,,
3.17,0.024041555,0.033702527,,,
3.170625,0.024838845,0.036092444,,,
3.17125,0.024041555,0.039279001,,,
3.171875,0.025636135,0.04007564,,,
3.1725,0.033609033,0.076721036,,,
3.173125,0.042379221,0.161961413,,,
3.17375,0.043176511,0.180284111,,,
3.174375,0.040784642,0.168334526,,,
3.175,0.036798193,0.135672325,,,
3.175625,0.032014454,0.092653817,,,
3.17625,0.029622584,0.059991616,,,
3.176875,0.026433425,0.03131261,,,
3.1775,0.024838845,0.015379829,,,
3.178125,0.024041555,0.010599995,,,
3.17875,0.023244266,0.007413439,,,
3.179375,0.022446976,0.005820161,,,
3.18,0.022446976,0.004226883,,,
3.180625,0.016865947,-0.007722703,,,
3.18125,0.000920151,-0.092166442,,,
3.181875,0.000920151,-0.120048808,,,
3.1825,0.00251473,-0.116065613,,,
3.183125,0.00331202,-0.092963081,,,
3.18375,0.00650118,-0.054724407,,,
3.184375,0.011284918,-0.022858845,,,
3.185,0.018460527,0.005820161,,,
3.185625,0.022446976,0.024939498,,,
3.18625,0.023244266,0.032109249,,,
3.186875,0.023244266,0.035295805,,,
3.1875,0.024041555,0.037685722,,,
3.188125,0.024041555,0.039279001,,,
3.18875,0.024838845,0.04007564,,,
3.189375,0.037595482,0.110179876,,,
3.19,0.042379221,0.170724443,,,
3.190625,0.042379221,0.177894194,,,
3.19125,0.039987352,0.159571496,,,
3.191875,0.034406323,0.121332822,,,
3.1925,0.031217164,0.08150087,,,
3.193125,0.028825294,0.049635308,,,
3.19375,0.026433425,0.024142859,,,
3.194375,0.024041555,0.012989912,,,
3.195,0.023244266,0.009006717,,,
3.195625,0.023244266,0.0066168,,,
3.19625,0.022446976,0.004226883,,,
3.196875,0.021649686,0.003430244,,,
3.1975,0.010487629,-0.031621874,,,
3.198125,0.000920151,-0.108099223,,,
3.19875,0.001717441,-0.121642086,,,
3.199375,0.00331202,-0.109692501,,,
3.2,0.00570389,-0.080216856,,,
3.200625,0.008893049,-0.042774821,,,
3.20125,0.014474078,-0.012502537,,,
3.201875,0.020852396,0.013786551,,,
3.2025,0.024041555,0.028126054,,,
3.203125,0.024041555,0.032109249,,,
3.20375,0.024041555,0.036092444,,,
3.204375,0.024838845,0.038482362,,,
3.205,0.025636135,0.04007564,,,
3.205625,0.028028005,0.051228586,,,
3.20625,0.040784642,0.140452159,,,
3.206875,0.043176511,0.177097555,,,
3.2075,0.042379221,0.173910999,,,
3.208125,0.038392772,0.14841855,,,
3.20875,0.032811743,0.10619668,,,
3.209375,0.030419874,0.070347923,,,
3.21,0.028028005,0.04007564,,,
3.210625,0.026433425,0.018566385,,,
3.21125,0.024041555,0.011396634,,,
3.211875,0.023244266,0.008210078,,,
3.2125,0.023244266,0.005820161,,,
3.213125,0.021649686,0.003430244,,,
3.21375,0.021649686,0.003430244,,,
3.214375,0.00331202,-0.062690797,,,
3.215,0.000920151,-0.116065613,,,
3.215625,0.001717441,-0.120048808,,,
3.21625,0.00331202,-0.102522749,,,
3.216875,0.00570389,-0.06906391,,,
3.2175,0.009690339,-0.034011792,,,
3.218125,0.016865947,-0.003739508,,,
3.21875,0.021649686,0.019363024,,,
3.219375,0.023244266,0.029719332,,,
3.22,0.023244266,0.032109249,,,
3.220625,0.024041555,0.036092444,,,
3.22125,0.024041555,0.038482362,,,
3.221875,0.024041555,0.039279001,,,
3.2225,0.032811743,0.074331119,,,
3.223125,0.042379221,0.159571496,,,
3.22375,0.043176511,0.177894194,,,
3.224375,0.041581931,0.168334526,,,
3.225,0.037595482,0.137265603,,,
3.225625,0.032811743,0.093450456,,,
3.22625,0.029622584,0.060788255,,,
3.226875,0.027230715,0.032109249,,,
3.2275,0.025636135,0.015379829,,,
3.228125,0.024041555,0.009803356,,,
3.22875,0.023244266,0.007413439,,,
3.229375,0.022446976,0.005023522,,,
3.23,0.021649686,0.003430244,,,
3.230625,0.016865947,-0.006926064,,,
3.23125,0.000920151,-0.090573164,,,
3.231875,0.000920151,-0.120048808,,,
3.2325,0.00251473,-0.116065613,,,
3.233125,0.00410931,-0.09375972,,,
3.23375,0.007298469,-0.056317685,,,
3.234375,0.012082208,-0.023655484,,,
3.235,0.019257817,0.005023522,,,
3.235625,0.023244266,0.024939498,,,
3.23625,0.023244266,0.03131261,,,
3.236875,0.024041555,0.034499166,,,
3.2375,0.024041555,0.037685722,,,
3.238125,0.024041555,0.039279001,,,
3.23875,0.024838845,0.039279001,,,
3.239375,0.037595482,0.10619668,,,
3.24,0.042379221,0.169927804,,,
3.240625,0.042379221,0.178690833,,,
3.24125,0.039987352,0.160368135,,,
3.241875,0.034406323,0.121332822,,,
3.2425,0.032014454,0.082297509,,,
3.243125,0.028825294,0.049635308,,,
3.24375,0.026433425,0.024939498,,,
3.244375,0.024838845,0.012989912,,,
3.245,0.024041555,0.009803356,,,
3.245625,0.023244266,0.005820161,,,
3.24625,0.022446976,0.003430244,,,
3.246875,0.023244266,0.003430244,,,
3.2475,0.012082208,-0.028435318,,,
3.248125,0.000920151,-0.108099223,,,
3.24875,0.000920151,-0.121642086,,,
3.249375,0.00251473,-0.11048914,,,
3.25,0.0049066,-0.082606773,,,
3.250625,0.008095759,-0.045164738,,,
3.25125,0.013676788,-0.013299176,,,
3.251875,0.020852396,0.013786551,,,
3.2525,0.023244266,0.028126054,,,
3.253125,0.024041555,0.032109249,,,
3.25375,0.024041555,0.035295805,,,
3.254375,0.024041555,0.037685722,,,
3.255,0.024041555,0.04007564,,,
3.255625,0.027230715,0.048838669,,,
3.25625,0.040784642,0.138062242,,,
3.256875,0.043176511,0.177097555,,,
3.2575,0.042379221,0.174707638,,,
3.258125,0.039190062,0.149215189,,,
3.25875,0.033609033,0.108586597,,,
3.259375,0.031217164,0.071941201,,,
3.26,0.028028005,0.041668918,,,
3.260625,0.025636135,0.019363024,,,
3.26125,0.025636135,0.012193273,,,
3.261875,0.024041555,0.009006717,,,
3.2625,0.023244266,0.0066168,,,
3.263125,0.022446976,0.003430244,,,
3.26375,0.021649686,0.003430244,,,
3.264375,0.00410931,-0.059504241,,,
3.265,0.000920151,-0.114472335,,,
3.265625,0.000920151,-0.120048808,,,
3.26625,0.00251473,-0.104116027,,,
3.266875,0.00570389,-0.069860549,,,
3.2675,0.009690339,-0.034808431,,,
3.268125,0.016068657,-0.005332786,,,
3.26875,0.022446976,0.018566385,,,
3.269375,0.023244266,0.029719332,,,
3.27,0.023244266,0.032905888,,,
3.270625,0.024041555,0.036092444,,,
3.27125,0.024041555,0.038482362,,,
3.271875,0.024041555,0.04007564,,,
3.2725,0.032014454,0.071144562,,,
3.273125,0.042379221,0.157978218,,,
3.27375,0.043176511,0.178690833,,,
3.274375,0.040784642,0.169131165,,,
3.275,0.036000903,0.137265603,,,
3.275625,0.032811743,0.093450456,,,
3.27625,0.030419874,0.061584894,,,
3.276875,0.027230715,0.032109249,,,
3.2775,0.025636135,0.015379829,,,
3.278125,0.025636135,0.011396634,,,
3.27875,0.023244266,0.0066168,,,
3.279375,0.023244266,0.005023522,,,
3.28,0.021649686,0.003430244,,,
3.280625,0.017663237,-0.005332786,,,
3.28125,0.000920151,-0.088183247,,,
3.281875,0.000920151,-0.11845553,,,
3.2825,0.001717441,-0.116065613,,,
3.283125,0.00251473,-0.094556359,,,
3.28375,0.00650118,-0.057114324,,,
3.284375,0.011284918,-0.024452123,,,
3.285,0.018460527,0.003430244,,,
3.285625,0.022446976,0.024142859,,,
3.28625,0.023244266,0.03131261,,,
3.286875,0.024041555,0.033702527,,,
3.2875,0.024041555,0.037685722,,,
3.288125,0.024041555,0.04007564,,,
3.28875,0.024838845,0.04007564,,,
3.289375,0.036798193,0.103806763,,,
3.29,0.042379221,0.169927804,,,
3.290625,0.043176511,0.179487472,,,
3.29125,0.039987352,0.161164774,,,
3.291875,0.035203613,0.1229261,,,
3.2925,0.032014454,0.083094148,,,
3.293125,0.028825294,0.051228586,,,
3.29375,0.026433425,0.024939498,,,
3.294375,0.024041555,0.013786551,,,
3.295,0.024041555,0.009803356,,,
3.295625,0.022446976,0.0066168,,,
3.29625,0.022446976,0.005023522,,,
3.296875,0.021649686,0.003430244,,,
3.2975,0.011284918,-0.02684204,,,
3.298125,0.000920151,-0.105709306,,,
3.29875,0.000920151,-0.120845447,,,
3.299375,0.00251473,-0.111285779,,,
3.3,0.0049066,-0.082606773,,,
3.300625,0.008095759,-0.045164738,,,
3.30125,0.013676788,-0.014095815,,,
3.301875,0.020852396,0.012989912,,,
3.3025,0.023244266,0.027329415,,,
3.303125,0.023244266,0.032905888,,,
3.30375,0.024041555,0.035295805,,,
3.304375,0.024041555,0.037685722,,,
3.305,0.024838845,0.04007564,,,
3.305625,0.028028005,0.046448752,,,
3.30625,0.040784642,0.135672325,,,
3.306875,0.043176511,0.174707638,,,
3.3075,0.041581931,0.173910999,,,
3.308125,0.038392772,0.150011828,,,
3.30875,0.034406323,0.108586597,,,
3.309375,0.031217164,0.071941201,,,
3.31,0.028028005,0.040872279,,,
3.310625,0.024838845,0.019363024,,,
3.31125,0.024041555,0.012193273,,,
3.311875,0.023244266,0.009006717,,,
3.3125,0.023244266,0.0066168,,,
3.313125,0.021649686,0.003430244,,,
3.31375,0.021649686,0.003430244,,,
3.314375,0.0049066,-0.057114324,,,
3.315,0.000920151,-0.115268974,,,
3.315625,0.000920151,-0.120845447,,,
3.31625,0.00331202,-0.104912667,,,
3.316875,0.00570389,-0.070657188,,,
3.3175,0.009690339,-0.034808431,,,
3.318125,0.016068657,-0.005332786,,,
3.31875,0.021649686,0.018566385,,,
3.319375,0.022446976,0.029719332,,,
3.32,0.023244266,0.032109249,,,
3.320625,0.024041555,0.036092444,,,
3.32125,0.024041555,0.038482362,,,
3.321875,0.025636135,0.039279001,,,
3.3225,0.032014454,0.067958006,,,
3.323125,0.042379221,0.157181579,,,
3.32375,0.043176511,0.177894194,,,
3.324375,0.040784642,0.169131165,,,
3.325,0.036798193,0.138062242,,,
3.325625,0.032014454,0.095840373,,,
3.32625,0.029622584,0.061584894,,,
3.326875,0.027230715,0.032905888,,,
3.3275,0.024838845,0.016176468,,,
3.328125,0.023244266,0.010599995,,,
3.32875,0.023244266,0.007413439,,,
3.329375,0.022446976,0.005820161,,,
3.33,0.022446976,0.003430244,,,
3.330625,0.017663237,-0.003739508,,,
3.33125,0.000920151,-0.08499669,,,
3.331875,0.000920151,-0.11845553,,,
3.3325,0.001717441,-0.116065613,,,
3.333125,0.00331202,-0.096149637,,,
3.33375,0.00650118,-0.058707602,,,
3.334375,0.010487629,-0.025248762,,,
3.335,0.018460527,0.003430244,,,
3.335625,0.023244266,0.02334622,,,
3.33625,0.023244266,0.030515971,,,
3.336875,0.024041555,0.033702527,,,
3.3375,0.023244266,0.036889083,,,
3.338125,0.024041555,0.039279001,,,
3.33875,0.024838845,0.039279001,,,
3.339375,0.036798193,0.099823568,,,
3.34,0.041581931,0.168334526,,,
3.340625,0.042379221,0.179487472,,,
3.34125,0.039190062,0.161164774,,,
3.341875,0.034406323,0.124519378,,,
3.3425,0.031217164,0.083890787,,,
3.343125,0.028825294,0.052821864,,,
3.34375,0.026433425,0.026532776,,,
3.344375,0.024041555,0.013786551,,,
3.345,0.024041555,0.009803356,,,
3.345625,0.023244266,0.0066168,,,
3.34625,0.022446976,0.004226883,,,
3.346875,0.021649686,0.003430244,,,
3.3475,0.012082208,-0.023655484,,,
3.348125,0.000920151,-0.104116027,,,
3.34875,0.000920151,-0.120845447,,,
3.349375,0.00251473,-0.112082418,,,
3.35,0.00410931,-0.084200051,,,
3.350625,0.008095759,-0.046758016,,,
3.35125,0.012082208,-0.016485733,,,
3.351875,0.020055106,0.010599995,,,
3.3525,0.022446976,0.026532776,,,
3.353125,0.023244266,0.03131261,,,
3.35375,0.024041555,0.035295805,,,
3.354375,0.024838845,0.037685722,,,
3.355,0.024838845,0.04007564,,,
3.355625,0.026433425,0.045652113,,,
3.35625,0.040784642,0.132485769,,,
3.356875,0.042379221,0.174707638,,,
3.3575,0.041581931,0.175504277,,,
3.358125,0.038392772,0.150808467,,,
3.35875,0.033609033,0.110179876,,,
3.359375,0.031217164,0.073534479,,,
3.36,0.028028005,0.041668918,,,
3.360625,0.025636135,0.020159663,,,
3.36125,0.024041555,0.011396634,,,
3.361875,0.022446976,0.007413439,,,
3.3625,0.021649686,0.005820161,,,
3.363125,0.021649686,0.003430244,,,
3.36375,0.021649686,0.003430244,,,
3.364375,0.0049066,-0.053131129,,,
3.365,0.000920151,-0.112879057,,,
3.365625,0.000920151,-0.120048808,,,
3.36625,0.00251473,-0.104912667,,,
3.366875,0.00570389,-0.071453827,,,
3.3675,0.008893049,-0.03560507,,,
3.368125,0.015271367,-0.006129425,,,
3.36875,0.021649686,0.018566385,,,
3.369375,0.023244266,0.030515971,,,
3.37,0.023244266,0.033702527,,,
3.370625,0.024838845,0.036889083,,,
3.37125,0.024838845,0.039279001,,,
3.371875,0.024041555,0.04007564,,,
3.3725,0.031217164,0.065568089,,,
3.373125,0.041581931,0.155588301,,,
3.37375,0.042379221,0.178690833,,,
3.374375,0.040784642,0.169927804,,,
3.375,0.036798193,0.138858881,,,
3.375625,0.032811743,0.097433651,,,
3.37625,0.030419874,0.062381533,,,
3.376875,0.027230715,0.033702527,,,
3.3775,0.025636135,0.016973107,,,
3.378125,0.024041555,0.010599995,,,
3.37875,0.023244266,0.007413439,,,
3.379375,0.023244266,0.005820161,,,
3.38,0.021649686,0.004226883,,,
3.380625,0.019257817,-0.001349591,,,
3.38125,0.001717441,-0.083403412,,,
3.381875,0.000920151,-0.11845553,,,
3.3825,0.001717441,-0.116862252,,,
3.383125,0.00331202,-0.096149637,,,
3.38375,0.00650118,-0.059504241,,,
3.384375,0.010487629,-0.026045401,,,
3.385,0.018460527,0.003430244,,,
3.385625,0.022446976,0.02334622,,,
3.38625,0.024041555,0.030515971,,,
3.386875,0.023244266,0.033702527,,,
3.3875,0.024838845,0.037685722,,,
3.388125,0.024838845,0.039279001,,,
3.38875,0.024838845,0.039279001,,,
3.389375,0.036000903,0.096637012,,,
3.39,0.042379221,0.168334526,,,
3.390625,0.043176511,0.179487472,,,
3.39125,0.040784642,0.162758052,,,
3.391875,0.035203613,0.126112656,,,
3.3925,0.032014454,0.085484065,,,
3.393125,0.029622584,0.053618503,,,
3.39375,0.026433425,0.026532776,,,
3.394375,0.024838845,0.013786551,,,
3.395,0.024041555,0.009803356,,,
3.395625,0.023244266,0.0066168,,,
3.39625,0.022446976,0.005023522,,,
3.396875,0.021649686,0.004226883,,,
3.3975,0.012879498,-0.022062206,,,
3.398125,0.000920151,-0.102522749,,,
3.39875,0.000920151,-0.120048808,,,
3.399375,0.001717441,-0.111285779,,,
3.4,0.00410931,-0.084200051,,,
3.400625,0.008095759,-0.047554655,,,
3.40125,0.012879498,-0.016485733,,,
3.401875,0.020852396,0.010599995,,,
3.4025,0.023244266,0.026532776,,,
3.403125,0.023244266,0.03131261,,,
3.40375,0.024041555,0.035295805,,,
3.404375,0.024041555,0.037685722,,,
3.405,0.024041555,0.039279001,,,
3.405625,0.026433425,0.044058835,,,
3.40625,0.039987352,0.130095852,,,
3.406875,0.043176511,0.173910999,,,
3.4075,0.042379221,0.175504277,,,
3.408125,0.038392772,0.152401745,,,
3.40875,0.034406323,0.111773154,,,
3.409375,0.031217164,0.073534479,,,
3.41,0.028028005,0.043262196,,,
3.410625,0.026433425,0.020159663,,,
3.41125,0.024838845,0.011396634,,,
3.411875,0.024041555,0.009006717,,,
3.4125,0.023244266,0.005820161,,,
3.413125,0.023244266,0.003430244,,,
3.41375,0.022446976,0.003430244,,,
3.414375,0.00650118,-0.049944572,,,
3.415,0.001717441,-0.112082418,,,
3.415625,0.000920151,-0.120845447,,,
3.41625,0.00251473,-0.105709306,,,
3.416875,0.00570389,-0.073047105,,,
3.4175,0.008893049,-0.037198348,,,
3.418125,0.015271367,-0.006926064,,,
3.41875,0.021649686,0.017769746,,,
3.419375,0.024041555,0.029719332,,,
3.42,0.024041555,0.032905888,,,
3.420625,0.024838845,0.036092444,,,
3.42125,0.025636135,0.036889083,,,
3.421875,0.025636135,0.039279001,,,
3.4225,0.031217164,0.063178172,,,
3.423125,0.043176511,0.153198384,,,
3.42375,0.043973801,0.177894194,,,
3.424375,0.041581931,0.169927804,,,
3.425,0.037595482,0.140452159,,,
3.425625,0.032811743,0.09823029,,,
3.42625,0.030419874,0.063974811,,,
3.426875,0.028028005,0.034499166,,,
3.4275,0.025636135,0.016176468,,,
3.428125,0.024838845,0.010599995,,,
3.42875,0.024838845,0.007413439,,,
3.429375,0.024838845,0.005820161,,,
3.43,0.023244266,0.004226883,,,
3.430625,0.020852396,-0.000552952,,,
3.43125,0.001717441,-0.081013495,,,
3.431875,0.000920151,-0.117658891,,,
3.4325,0.00251473,-0.116862252,,,
3.433125,0.00331202,-0.096149637,,,
3.43375,0.00650118,-0.06030088,,,
3.434375,0.011284918,-0.02684204,,,
3.435,0.018460527,0.001040326,,,
3.435625,0.022446976,0.02334622,,,
3.43625,0.024041555,0.03131261,,,
3.436875,0.024041555,0.034499166,,,
3.4375,0.024041555,0.036889083,,,
3.438125,0.024838845,0.038482362,,,
3.43875,0.025636135,0.039279001,,,
3.439375,0.036000903,0.093450456,,,
3.44,0.042379221,0.166741248,,,
3.440625,0.043176511,0.178690833,,,
3.44125,0.040784642,0.163554692,,,
3.441875,0.036000903,0.126909295,,,
3.4425,0.032811743,0.086280704,,,
3.443125,0.030419874,0.054415142,,,
3.44375,0.027230715,0.027329415,,,
3.444375,0.024838845,0.013786551,,,
3.445,0.024838845,0.009803356,,,
3.445625,0.023244266,0.0066168,,,
3.44625,0.023244266,0.004226883,,,
3.446875,0.022446976,0.002633605,,,
3.4475,0.013676788,-0.019672289,,,
3.448125,0.000920151,-0.102522749,,,
3.44875,0.000920151,-0.120845447,,,
3.449375,0.00251473,-0.112879057,,,
3.45,0.00410931,-0.086589969,,,
3.450625,0.008095759,-0.048351294,,,
3.45125,0.013676788,-0.017282372,,,
3.451875,0.020852396,0.010599995,,,
3.4525,0.023244266,0.027329415,,,
3.453125,0.024041555,0.032109249,,,
3.45375,0.024838845,0.035295805,,,
3.454375,0.024838845,0.036889083,,,
3.455,0.024838845,0.039279001,,,
3.455625,0.026433425,0.042465557,,,
3.45625,0.040784642,0.126909295,,,
3.456875,0.043176511,0.174707638,,,
3.4575,0.043176511,0.176300916,,,
3.458125,0.039987352,0.153995023,,,
3.45875,0.033609033,0.112569793,,,
3.459375,0.032014454,0.075127758,,,
3.46,0.028825294,0.044855474,,,
3.460625,0.026433425,0.021752942,,,
3.46125,0.024838845,0.012193273,,,
3.461875,0.024041555,0.009006717,,,
3.4625,0.023244266,0.005820161,,,
3.463125,0.022446976,0.004226883,,,
3.46375,0.021649686,0.002633605,,,
3.464375,0.007298469,-0.047554655,,,
3.465,0.000920151,-0.112879057,,,
3.465625,0.000920151,-0.120845447,,,
3.46625,0.00251473,-0.105709306,,,
3.466875,0.00570389,-0.074640383,,,
3.4675,0.008893049,-0.037198348,,,
3.468125,0.015271367,-0.007722703,,,
3.46875,0.021649686,0.016973107,,,
3.469375,0.023244266,0.028922693,,,
3.47,0.023244266,0.032109249,,,
3.470625,0.024041555,0.035295805,,,
3.47125,0.024041555,0.037685722,,,
3.471875,0.024041555,0.04007564,,,
3.4725,0.030419874,0.061584894,,,
3.473125,0.041581931,0.150808467,,,
3.47375,0.042379221,0.177097555,,,
3.474375,0.040784642,0.169927804,,,
3.475,0.036798193,0.141248798,,,
3.475625,0.032811743,0.099026929,,,
3.47625,0.030419874,0.063178172,,,
3.476875,0.028028005,0.034499166,,,
3.4775,0.026433425,0.016176468,,,
3.478125,0.024041555,0.009803356,,,
3.47875,0.023244266,0.0066168,,,
3.479375,0.022446976,0.005023522,,,
3.48,0.022446976,0.002633605,,,
3.480625,0.019257817,-0.000552952,,,
3.48125,0.001717441,-0.079420217,,,
3.481875,0.000920151,-0.11845553,,,
3.4825,0.001717441,-0.117658891,,,
3.483125,0.00251473,-0.098539554,,,
3.48375,0.00570389,-0.061894158,,,
3.484375,0.010487629,-0.028435318,,,
3.485,0.017663237,0.000243687,,,
3.485625,0.022446976,0.021752942,,,
3.48625,0.023244266,0.029719332,,,
3.486875,0.023244266,0.033702527,,,
3.4875,0.024041555,0.036889083,,,
3.488125,0.024838845,0.039279001,,,
3.48875,0.024041555,0.039279001,,,
3.489375,0.034406323,0.08946726,,,
3.49,0.042379221,0.164351331,,,
3.490625,0.043176511,0.177894194,,,
3.49125,0.039190062,0.163554692,,,
3.491875,0.035203613,0.127705935,,,
3.4925,0.032014454,0.087077343,,,
3.493125,0.028028005,0.055211781,,,
3.49375,0.025636135,0.027329415,,,
3.494375,0.024041555,0.013786551,,,
3.495,0.023244266,0.009803356,,,
3.495625,0.022446976,0.0066168,,,
3.49625,0.022446976,0.004226883,,,
3.496875,0.021649686,0.002633605,,,
3.4975,0.013676788,-0.017282372,,,
3.498125,0.000920151,-0.100132832,,,
3.49875,0.000920151,-0.120048808,,,
3.499375,0.001717441,-0.112879057,,,
3.5,0.00410931,-0.087386608,,,
3.500625,0.008095759,-0.049147933,,,
3.50125,0.012082208,-0.018079011,,,
3.501875,0.019257817,0.009006717,,,
3.5025,0.022446976,0.026532776,,,
3.503125,0.023244266,0.03131261,,,
3.50375,0.023244266,0.034499166,,,
3.504375,0.024041555,0.036889083,,,
3.505,0.024041555,0.039279001,,,
3.505625,0.025636135,0.041668918,,,
3.50625,0.039190062,0.124519378,,,
3.506875,0.042379221,0.173910999,,,
3.5075,0.042379221,0.176300916,,,
3.508125,0.038392772,0.153995023,,,
3.50875,0.034406323,0.113366432,,,
3.509375,0.031217164,0.075924397,,,
3.51,0.028028005,0.044855474,,,
3.510625,0.026433425,0.021752942,,,
3.51125,0.024838845,0.012193273,,,
3.511875,0.024041555,0.009803356,,,
3.5125,0.023244266,0.005820161,,,
3.513125,0.022446976,0.004226883,,,
3.51375,0.022446976,0.003430244,,,
3.514375,0.007298469,-0.044368099,,,
3.515,0.000920151,-0.111285779,,,
3.515625,0.000920151,-0.120048808,,,
3.51625,0.00251473,-0.106505945,,,
3.516875,0.0049066,-0.074640383,,,
3.5175,0.008893049,-0.038791626,,,
3.518125,0.015271367,-0.009315981,,,
3.51875,0.021649686,0.016176468,,,
3.519375,0.023244266,0.028922693,,,
3.52,0.023244266,0.032109249,,,
3.520625,0.024041555,0.035295805,,,
3.52125,0.024041555,0.038482362,,,
3.521875,0.024838845,0.039279001,,,
3.5225,0.030419874,0.059194977,,,
3.523125,0.040784642,0.150011828,,,
3.52375,0.043176511,0.177894194,,,
3.524375,0.040784642,0.171521082,,,
3.525,0.036798193,0.142045437,,,
3.525625,0.032014454,0.099823568,,,
3.52625,0.029622584,0.065568089,,,
3.526875,0.027230715,0.036092444,,,
3.5275,0.025636135,0.016973107,,,
3.528125,0.024041555,0.009803356,,,
3.52875,0.023244266,0.007413439,,,
3.529375,0.023244266,0.005023522,,,
3.53,0.022446976,0.003430244,,,
3.530625,0.021649686,0.001040326,,,
3.53125,0.00251473,-0.076233661,,,
3.531875,0.001717441,-0.117658891,,,
3.5325,0.001717441,-0.11845553,,,
3.533125,0.00331202,-0.098539554,,,
3.53375,0.00650118,-0.062690797,,,
3.534375,0.010487629,-0.029231957,,,
3.535,0.018460527,0.000243687,,,
3.535625,0.022446976,0.021752942,,,
3.53625,0.023244266,0.030515971,,,
3.536875,0.024041555,0.033702527,,,
3.5375,0.024041555,0.036092444,,,
3.538125,0.024041555,0.038482362,,,
3.53875,0.024838845,0.039279001,,,
3.539375,0.034406323,0.086280704,,,
3.54,0.042379221,0.164351331,,,
3.540625,0.042379221,0.178690833,,,
3.54125,0.039987352,0.164351331,,,
3.541875,0.036000903,0.128502574,,,
3.5425,0.032014454,0.087873982,,,
3.543125,0.029622584,0.05680506,,,
3.54375,0.027230715,0.028126054,,,
3.544375,0.025636135,0.01458319,,,
3.545,0.024838845,0.009803356,,,
3.545625,0.024041555,0.0066168,,,
3.54625,0.023244266,0.005023522,,,
3.546875,0.021649686,0.003430244,,,
3.5475,0.015271367,-0.014892454,,,
3.548125,0.000920151,-0.097742915,,,
3.54875,0.000920151,-0.120048808,,,
3.549375,0.001717441,-0.112879057,,,
3.55,0.00410931,-0.088183247,,,
3.550625,0.008095759,-0.049944572,,,
3.55125,0.012879498,-0.019672289,,,
3.551875,0.020055106,0.008210078,,,
3.5525,0.023244266,0.024939498,,,
3.553125,0.023244266,0.03131261,,,
3.55375,0.024041555,0.034499166,,,
3.554375,0.024041555,0.036889083,,,
3.555,0.025636135,0.039279001,,,
3.555625,0.025636135,0.04007564,,,
3.55625,0.039190062,0.121332822,,,
3.556875,0.042379221,0.172317721,,,
3.5575,0.042379221,0.176300916,,,
3.558125,0.039190062,0.155588301,,,
3.55875,0.034406323,0.115756349,,,
3.559375,0.031217164,0.076721036,,,
3.56,0.028028005,0.045652113,,,
3.560625,0.025636135,0.021752942,,,
3.56125,0.024838845,0.012193273,,,
3.561875,0.024041555,0.009006717,,,
3.5625,0.023244266,0.005820161,,,
3.563125,0.022446976,0.003430244,,,
3.56375,0.022446976,0.003430244,,,
3.564375,0.008095759,-0.041181543,,,
3.565,0.000920151,-0.11048914,,,
3.565625,0.000920151,-0.120048808,,,
3.56625,0.00251473,-0.107302584,,,
3.566875,0.00570389,-0.075437022,,,
3.5675,0.008893049,-0.039588265,,,
3.568125,0.014474078,-0.01011262,,,
3.56875,0.021649686,0.015379829,,,
3.569375,0.023244266,0.028126054,,,
3.57,0.023244266,0.032109249,,,
3.570625,0.023244266,0.036092444,,,
3.57125,0.024041555,0.037685722,,,
3.571875,0.024838845,0.04007564,,,
3.5725,0.029622584,0.05680506,,,
3.573125,0.041581931,0.146825272,,,
3.57375,0.042379221,0.177097555,,,
3.574375,0.041581931,0.171521082,,,
3.575,0.037595482,0.143638715,,,
3.575625,0.032811743,0.101416846,,,
3.57625,0.030419874,0.066364728,,,
3.576875,0.027230715,0.036092444,,,
3.5775,0.024041555,0.016176468,,,
3.578125,0.024041555,0.010599995,,,
3.57875,0.022446976,0.007413439,,,
3.579375,0.023244266,0.005820161,,,
3.58,0.021649686,0.003430244,,,
3.580625,0.020055106,0.001836965,,,
3.58125,0.001717441,-0.073843744,,,
3.581875,0.000122861,-0.116862252,,,
3.5825,0.001717441,-0.117658891,,,
3.583125,0.00251473,-0.099336193,,,
3.58375,0.00570389,-0.063487436,,,
3.584375,0.010487629,-0.030028596,,,
3.585,0.017663237,0.000243687,,,
3.585625,0.022446976,0.022549581,,,
3.58625,0.024041555,0.03131261,,,
3.586875,0.024041555,0.033702527,,,
3.5875,0.024041555,0.036889083,,,
3.588125,0.024041555,0.038482362,,,
3.58875,0.024838845,0.04007564,,,
3.589375,0.034406323,0.083890787,,,
3.59,0.043176511,0.164351331,,,
3.590625,0.043176511,0.179487472,,,
3.59125,0.039190062,0.164351331,,,
3.591875,0.035203613,0.130892491,,,
3.5925,0.032014454,0.08946726,,,
3.593125,0.029622584,0.05680506,,,
3.59375,0.026433425,0.028922693,,,
3.594375,0.024838845,0.015379829,,,
3.595,0.024041555,0.010599995,,,
3.595625,0.023244266,0.0066168,,,
3.59625,0.022446976,0.005023522,,,
3.596875,0.021649686,0.003430244,,,
3.5975,0.015271367,-0.012502537,,,
3.598125,0.000122861,-0.096946276,,,
3.59875,0.000920151,-0.119252169,,,
3.599375,0.001717441,-0.113675696,,,
3.6,0.00331202,-0.088979886,,,
3.600625,0.00650118,-0.05233449,,,
3.60125,0.012082208,-0.019672289,,,
3.601875,0.019257817,0.007413439,,,
3.6025,0.022446976,0.024939498,,,
3.603125,0.023244266,0.03131261,,,
3.60375,0.024041555,0.033702527,,,
3.604375,0.024041555,0.036889083,,,
3.605,0.024041555,0.039279001,,,
3.605625,0.024838845,0.04007564,,,
3.60625,0.039190062,0.118146266,,,
3.606875,0.042379221,0.171521082,,,
3.6075,0.042379221,0.177097555,,,
3.608125,0.038392772,0.155588301,,,
3.60875,0.034406323,0.117349627,,,
3.609375,0.031217164,0.078314314,,,
3.61,0.028825294,0.047245391,,,
3.610625,0.026433425,0.022549581,,,
3.61125,0.024041555,0.012193273,,,
3.611875,0.023244266,0.009006717,,,
3.6125,0.023244266,0.0066168,,,
3.613125,0.022446976,0.005023522,,,
3.61375,0.021649686,0.004226883,,,
3.614375,0.009690339,-0.037994987,,,
3.615,0.000920151,-0.108895862,,,
3.615625,0.000920151,-0.119252169,,,
3.61625,0.00251473,-0.105709306,,,
3.616875,0.0049066,-0.076233661,,,
3.6175,0.008893049,-0.040384904,,,
3.618125,0.014474078,-0.01011262,,,
3.61875,0.020852396,0.016176468,,,
3.619375,0.022446976,0.029719332,,,
3.62,0.023244266,0.032905888,,,
3.620625,0.024041555,0.036092444,,,
3.62125,0.024041555,0.038482362,,,
3.621875,0.024041555,0.04007564,,,
3.6225,0.028825294,0.055211781,,,
3.623125,0.040784642,0.146825272,,,
3.62375,0.043176511,0.177894194,,,
3.624375,0.040784642,0.173910999,,,
3.625,0.037595482,0.146028633,,,
3.625625,0.032811743,0.104603402,,,
3.62625,0.030419874,0.068754645,,,
3.626875,0.028028005,0.039279001,,,
3.6275,0.024838845,0.018566385,,,
3.628125,0.024838845,0.012193273,,,
3.62875,0.023244266,0.009006717,,,
3.629375,0.023244266,0.0066168,,,
3.63,0.022446976,0.005023522,,,
3.630625,0.021649686,0.003430244,,,
3.63125,0.00251473,-0.069860549,,,
3.631875,0.000920151,-0.114472335,,,
3.6325,0.001717441,-0.116862252,,,
3.633125,0.00410931,-0.097742915,,,
3.63375,0.00650118,-0.063487436,,,
3.634375,0.010487629,-0.030028596,,,
3.635,0.017663237,-0.000552952,,,
3.635625,0.022446976,0.021752942,,,
3.63625,0.023244266,0.03131261,,,
3.636875,0.024041555,0.033702527,,,
3.6375,0.024041555,0.036889083,,,
3.638125,0.025636135,0.039279001,,,
3.63875,0.025636135,0.04007564,,,
3.639375,0.034406323,0.080704231,,,
3.64,0.042379221,0.161961413,,,
3.640625,0.043176511,0.178690833,,,
3.64125,0.041581931,0.165944609,,,
3.641875,0.036798193,0.132485769,,,
3.6425,0.032014454,0.091060538,,,
3.643125,0.029622584,0.057601699,,,
3.64375,0.027230715,0.029719332,,,
3.644375,0.024838845,0.01458319,,,
3.645,0.024041555,0.010599995,,,
3.645625,0.023244266,0.007413439,,,
3.64625,0.023244266,0.005023522,,,
3.646875,0.021649686,0.003430244,,,
3.6475,0.016068657,-0.010909259,,,
3.648125,0.000920151,-0.094556359,,,
3.64875,0.000920151,-0.11845553,,,
3.649375,0.001717441,-0.112082418,,,
3.65,0.00331202,-0.088979886,,,
3.650625,0.008095759,-0.051537851,,,
3.65125,0.012082208,-0.020468928,,,
3.651875,0.020055106,0.007413439,,,
3.6525,0.023244266,0.025736137,,,
3.653125,0.022446976,0.03131261,,,
3.65375,0.023244266,0.033702527,,,
3.654375,0.024041555,0.036889083,,,
3.655,0.023244266,0.039279001,,,
3.655625,0.024041555,0.040872279,,,
3.65625,0.038392772,0.11495971,,,
3.656875,0.042379221,0.171521082,,,
3.6575,0.042379221,0.177894194,,,
3.658125,0.039190062,0.157978218,,,
3.65875,0.033609033,0.118146266,,,
3.659375,0.031217164,0.079110953,,,
3.66,0.028028005,0.04804203,,,
3.660625,0.025636135,0.02334622,,,
3.66125,0.024041555,0.012193273,,,
3.661875,0.024041555,0.009006717,,,
3.6625,0.023244266,0.005820161,,,
3.663125,0.022446976,0.005023522,,,
3.66375,0.021649686,0.003430244,,,
3.664375,0.009690339,-0.034808431,,,
3.665,0.000920151,-0.108099223,,,
3.665625,0.000920151,-0.119252169,,,
3.66625,0.00331202,-0.107302584,,,
3.666875,0.00570389,-0.0770303,,,
3.6675,0.008893049,-0.040384904,,,
3.668125,0.015271367,-0.01011262,,,
3.66875,0.021649686,0.015379829,,,
3.669375,0.023244266,0.028922693,,,
3.67,0.024041555,0.032905888,,,
3.670625,0.024838845,0.036092444,,,
3.67125,0.024041555,0.037685722,,,
3.671875,0.024838845,0.04007564,,,
3.6725,0.028825294,0.052821864,,,
3.673125,0.041581931,0.143638715,,,
3.67375,0.043176511,0.177097555,,,
3.674375,0.041581931,0.17311436,,,
3.675,0.038392772,0.146825272,,,
3.675625,0.032014454,0.104603402,,,
3.67625,0.030419874,0.068754645,,,
3.676875,0.028028005,0.039279001,,,
3.6775,0.025636135,0.018566385,,,
3.678125,0.024041555,0.011396634,,,
3.67875,0.023244266,0.008210078,,,
3.679375,0.022446976,0.005820161,,,
3.68,0.022446976,0.002633605,,,
3.680625,0.021649686,0.002633605,,,
3.68125,0.00251473,-0.06826727,,,
3.681875,0.000920151,-0.115268974,,,
3.6825,0.001717441,-0.117658891,,,
3.683125,0.00251473,-0.100132832,,,
3.68375,0.00570389,-0.065877353,,,
3.684375,0.009690339,-0.031621874,,,
3.685,0.016865947,-0.002942869,,,
3.685625,0.021649686,0.020159663,,,
3.68625,0.023244266,0.030515971,,,
3.686875,0.023244266,0.033702527,,,
3.6875,0.024041555,0.036889083,,,
3.688125,0.023244266,0.038482362,,,
3.68875,0.024041555,0.039279001,,,
3.689375,0.032014454,0.077517675,,,
3.69,0.041581931,0.161164774,,,
3.690625,0.042379221,0.177894194,,,
3.69125,0.039987352,0.165944609,,,
3.691875,0.036000903,0.133282408,,,
3.6925,0.032014454,0.091060538,,,
3.693125,0.029622584,0.058398338,,,
3.69375,0.026433425,0.029719332,,,
3.694375,0.024838845,0.01458319,,,
3.695,0.024838845,0.009803356,,,
3.695625,0.024041555,0.0066168,,,
3.69625,0.023244266,0.005023522,,,
3.696875,0.022446976,0.002633605,,,
3.6975,0.016068657,-0.01011262,,,
3.698125,0.001717441,-0.092963081,,,
3.69875,0.000920151,-0.11845553,,,
3.699375,0.00251473,-0.113675696,,,
3.7,0.00410931,-0.091369803,,,
3.700625,0.007298469,-0.053927768,,,
3.70125,0.012082208,-0.022062206,,,
3.701875,0.019257817,0.005820161,,,
3.7025,0.023244266,0.024939498,,,
3.703125,0.024041555,0.03131261,,,
3.70375,0.023244266,0.034499166,,,
3.704375,0.024041555,0.036889083,,,
3.705,0.024041555,0.039279001,,,
3.705625,0.024041555,0.039279001,,,
3.70625,0.038392772,0.111773154,,,
3.706875,0.042379221,0.170724443,,,
3.7075,0.042379221,0.177097555,,,
3.708125,0.039190062,0.157978218,,,
3.70875,0.034406323,0.118942905,,,
3.709375,0.031217164,0.080704231,,,
3.71,0.028028005,0.048838669,,,
3.710625,0.026433425,0.02334622,,,
3.71125,0.023244266,0.012193273,,,
3.711875,0.023244266,0.009006717,,,
3.7125,0.022446976,0.005820161,,,
3.713125,0.022446976,0.004226883,,,
3.71375,0.021649686,0.003430244,,,
3.714375,0.009690339,-0.033215153,,,
3.715,0.000920151,-0.108099223,,,
3.715625,0.000920151,-0.120048808,,,
3.71625,0.00251473,-0.108895862,,,
3.716875,0.0049066,-0.079420217,,,
3.7175,0.008893049,-0.04357146,,,
3.718125,0.014474078,-0.012502537,,,
3.71875,0.020852396,0.012989912,,,
3.719375,0.023244266,0.028126054,,,
3.72,0.024041555,0.03131261,,,
3.720625,0.023244266,0.034499166,,,
3.72125,0.023244266,0.036889083,,,
3.721875,0.024041555,0.039279001,,,
3.7225,0.028028005,0.050431947,,,
3.723125,0.040784642,0.141248798,,,
3.72375,0.043176511,0.176300916,,,
3.724375,0.042379221,0.17311436,,,
3.725,0.038392772,0.147621911,,,
3.725625,0.033609033,0.104603402,,,
3.72625,0.031217164,0.068754645,,,
3.726875,0.028028005,0.039279001,,,
3.7275,0.024838845,0.017769746,,,
3.728125,0.024041555,0.010599995,,,
3.72875,0.024041555,0.007413439,,,
3.729375,0.023244266,0.005023522,,,
3.73,0.022446976,0.002633605,,,
3.730625,0.021649686,0.002633605,,,
3.73125,0.00331202,-0.065080714,,,
3.731875,0.000920151,-0.115268974,,,
3.7325,0.001717441,-0.11845553,,,
3.733125,0.00251473,-0.100929471,,,
3.73375,0.00570389,-0.066673992,,,
3.734375,0.009690339,-0.032418513,,,
3.735,0.017663237,-0.003739508,,,
3.735625,0.022446976,0.019363024,,,
3.73625,0.023244266,0.030515971,,,
3.736875,0.024041555,0.032109249,,,
3.7375,0.024041555,0.035295805,,,
3.738125,0.024838845,0.037685722,,,
3.73875,0.024838845,0.039279001,,,
3.739375,0.032811743,0.075127758,,,
3.74,0.041581931,0.159571496,,,
3.740625,0.042379221,0.177894194,,,
3.74125,0.039987352,0.166741248,,,
3.741875,0.036798193,0.134079047,,,
3.7425,0.032014454,0.091857178,,,
3.743125,0.029622584,0.058398338,,,
3.74375,0.026433425,0.030515971,,,
3.744375,0.024041555,0.01458319,,,
3.745,0.023244266,0.009006717,,,
3.745625,0.022446976,0.005820161,,,
3.74625,0.021649686,0.003430244,,,
3.746875,0.021649686,0.002633605,,,
3.7475,0.016068657,-0.008519342,,,
3.748125,0.000920151,-0.092166442,,,
3.74875,0.000122861,-0.120048808,,,
3.749375,0.001717441,-0.114472335,,,
3.75,0.00410931,-0.092963081,,,
3.750625,0.007298469,-0.054724407,,,
3.75125,0.011284918,-0.022062206,,,
3.751875,0.018460527,0.005023522,,,
3.7525,0.022446976,0.024142859,,,
3.753125,0.023244266,0.03131261,,,
3.75375,0.024041555,0.033702527,,,
3.754375,0.023244266,0.037685722,,,
3.755,0.024041555,0.039279001,,,
3.755625,0.024838845,0.04007564,,,
3.75625,0.037595482,0.108586597,,,
3.756875,0.042379221,0.169927804,,,
3.7575,0.042379221,0.177894194,,,
3.758125,0.039190062,0.158774857,,,
3.75875,0.034406323,0.119739544,,,
3.759375,0.032014454,0.080704231,,,
3.76,0.028028005,0.048838669,,,
3.760625,0.025636135,0.024142859,,,
3.76125,0.024041555,0.012193273,,,
3.761875,0.023244266,0.009006717,,,
3.7625,0.023244266,0.0066168,,,
3.763125,0.021649686,0.004226883,,,
3.76375,0.021649686,0.003430244,,,
3.764375,0.010487629,-0.030825235,,,
3.765,0.000920151,-0.106505945,,,
3.765625,0.000920151,-0.119252169,,,
3.76625,0.00251473,-0.109692501,,,
3.766875,0.0049066,-0.080216856,,,
3.7675,0.008095759,-0.04357146,,,
3.768125,0.013676788,-0.013299176,,,
3.76875,0.020852396,0.012989912,,,
3.769375,0.023244266,0.028126054,,,
3.77,0.023244266,0.032109249,,,
3.770625,0.023244266,0.035295805,,,
3.77125,0.024041555,0.036889083,,,
3.771875,0.024041555,0.039279001,,,
3.7725,0.028028005,0.048838669,,,
3.773125,0.040784642,0.138858881,,,
3.77375,0.042379221,0.175504277,,,
3.774375,0.041581931,0.173910999,,,
3.775,0.038392772,0.14841855,,,
3.775625,0.033609033,0.10619668,,,
3.77625,0.031217164,0.070347923,,,
3.776875,0.028028005,0.04007564,,,
3.7775,0.025636135,0.017769746,,,
3.778125,0.024041555,0.010599995,,,
3.77875,0.024041555,0.007413439,,,
3.779375,0.022446976,0.005023522,,,
3.78,0.022446976,0.003430244,,,
3.780625,0.020852396,0.002633605,,,
3.78125,0.00331202,-0.062690797,,,
3.781875,0.000920151,-0.115268974,,,
3.7825,0.000920151,-0.119252169,,,
3.783125,0.00251473,-0.10172611,,,
3.78375,0.00570389,-0.067470631,,,
3.784375,0.008893049,-0.033215153,,,
3.785,0.016068657,-0.002942869,,,
3.785625,0.021649686,0.019363024,,,
3.78625,0.023244266,0.030515971,,,
3.786875,0.023244266,0.032905888,,,
3.7875,0.024041555,0.036092444,,,
3.788125,0.024041555,0.039279001,,,
3.78875,0.024041555,0.04007564,,,
3.789375,0.032014454,0.071941201,,,
3.79,0.041581931,0.158774857,,,
3.790625,0.042379221,0.177894194,,,
3.79125,0.039987352,0.166741248,,,
3.791875,0.036000903,0.136468964,,,
3.7925,0.032014454,0.092653817,,,
3.793125,0.029622584,0.059991616,,,
3.79375,0.026433425,0.03131261,,,
3.794375,0.024041555,0.015379829,,,
3.795,0.023244266,0.009803356,,,
3.795625,0.022446976,0.0066168,,,
3.79625,0.022446976,0.004226883,,,
3.796875,0.021649686,0.002633605,,,
3.7975,0.017663237,-0.006926064,,,
3.798125,0.000920151,-0.089776525,,,
3.79875,0.000920151,-0.119252169,,,
3.799375,0.001717441,-0.115268974,,,
3.8,0.00331202,-0.09375972,,,
3.800625,0.007298469,-0.056317685,,,
3.80125,0.011284918,-0.023655484,,,
3.801875,0.019257817,0.004226883,,,
3.8025,0.023244266,0.024142859,,,
3.803125,0.024041555,0.030515971,,,
3.80375,0.024041555,0.033702527,,,
3.804375,0.024041555,0.036092444,,,
3.805,0.024838845,0.039279001,,,
3.805625,0.024838845,0.04007564,,,
3.80625,0.038392772,0.105400041,,,
3.806875,0.042379221,0.169131165,,,
3.8075,0.043176511,0.178690833,,,
3.808125,0.039987352,0.159571496,,,
3.80875,0.035203613,0.122129461,,,
3.809375,0.032014454,0.082297509,,,
3.81,0.028825294,0.051228586,,,
3.810625,0.026433425,0.025736137,,,
3.81125,0.024838845,0.013786551,,,
3.811875,0.024041555,0.010599995,,,
3.8125,0.023244266,0.007413439,,,
3.813125,0.022446976,0.005023522,,,
3.81375,0.022446976,0.003430244,,,
3.814375,0.011284918,-0.027638679,,,
3.815,0.000920151,-0.105709306,,,
3.815625,0.000920151,-0.119252169,,,
3.81625,0.00251473,-0.108895862,,,
3.816875,0.00410931,-0.081013495,,,
3.8175,0.008095759,-0.04357146,,,
3.818125,0.013676788,-0.013299176,,,
3.81875,0.020852396,0.012193273,,,
3.819375,0.022446976,0.027329415,,,
3.82,0.022446976,0.032109249,,,
3.820625,0.023244266,0.034499166,,,
3.82125,0.024041555,0.036889083,,,
3.821875,0.024041555,0.04007564,,,
3.8225,0.027230715,0.048838669,,,
3.823125,0.039987352,0.137265603,,,
3.82375,0.042379221,0.176300916,,,
3.824375,0.041581931,0.175504277,,,
3.825,0.038392772,0.150011828,,,
3.825625,0.032811743,0.107789958,,,
3.82625,0.030419874,0.071144562,,,
3.826875,0.027230715,0.041668918,,,
3.8275,0.025636135,0.020159663,,,
3.828125,0.024041555,0.012193273,,,
3.82875,0.023244266,0.009006717,,,
3.829375,0.022446976,0.0066168,,,
3.83,0.021649686,0.004226883,,,
3.830625,0.021649686,0.003430244,,,
3.83125,0.00410931,-0.057910963,,,
3.831875,0.000122861,-0.113675696,,,
3.8325,0.000920151,-0.11845553,,,
3.833125,0.00251473,-0.10172611,,,
3.83375,0.00570389,-0.06826727,,,
3.834375,0.008893049,-0.034011792,,,
3.835,0.015271367,-0.003739508,,,
3.835625,0.021649686,0.019363024,,,
3.83625,0.023244266,0.030515971,,,
3.836875,0.023244266,0.032905888,,,
3.8375,0.023244266,0.036092444,,,
3.838125,0.023244266,0.037685722,,,
3.83875,0.024041555,0.039279001,,,
3.839375,0.031217164,0.069551284,,,
3.84,0.041581931,0.157978218,,,
3.840625,0.041581931,0.178690833,,,
3.84125,0.039987352,0.169131165,,,
3.841875,0.036000903,0.138062242,,,
3.8425,0.031217164,0.095043734,,,
3.843125,0.029622584,0.061584894,,,
3.84375,0.026433425,0.032905888,,,
3.844375,0.024041555,0.016176468,,,
3.845,0.024041555,0.011396634,,,
3.845625,0.023244266,0.008210078,,,
3.84625,0.023244266,0.005820161,,,
3.846875,0.022446976,0.003430244,,,
3.8475,0.017663237,-0.003739508,,,
3.848125,0.000920151,-0.087386608,,,
3.84875,0.000920151,-0.11845553,,,
3.849375,0.001717441,-0.114472335,,,
3.85,0.00331202,-0.09375972,,,
3.850625,0.00650118,-0.056317685,,,
3.85125,0.010487629,-0.024452123,,,
3.851875,0.018460527,0.004226883,,,
3.8525,0.022446976,0.024142859,,,
3.853125,0.023244266,0.030515971,,,
3.85375,0.024041555,0.033702527,,,
3.854375,0.024838845,0.036889083,,,
3.855,0.024838845,0.039279001,,,
3.855625,0.024838845,0.04007564,,,
3.85625,0.036798193,0.102213485,,,
3.856875,0.042379221,0.169131165,,,
3.8575,0.042379221,0.179487472,,,
3.858125,0.039190062,0.161164774,,,
3.85875,0.034406323,0.123722739,,,
3.859375,0.032014454,0.082297509,,,
3.86,0.028825294,0.051228586,,,
3.860625,0.026433425,0.026532776,,,
3.86125,0.024838845,0.013786551,,,
3.861875,0.024041555,0.010599995,,,
3.8625,0.023244266,0.0066168,,,
3.863125,0.022446976,0.005023522,,,
3.86375,0.021649686,0.003430244,,,
3.864375,0.012082208,-0.025248762,,,
3.865,0.000920151,-0.104116027,,,
3.865625,0.000920151,-0.119252169,,,
3.86625,0.00251473,-0.108895862,,,
3.866875,0.0049066,-0.081810134,,,
3.8675,0.008095759,-0.044368099,,,
3.868125,0.012879498,-0.014095815,,,
3.86875,0.020852396,0.012989912,,,
3.869375,0.023244266,0.028126054,,,
3.87,0.024041555,0.032109249,,,
3.870625,0.024838845,0.036092444,,,
3.87125,0.024838845,0.038482362,,,
3.871875,0.024838845,0.040872279,,,
3.8725,0.027230715,0.046448752,,,
3.873125,0.039987352,0.134079047,,,
3.87375,0.042379221,0.175504277,,,
3.874375,0.042379221,0.174707638,,,
3.875,0.038392772,0.150808467,,,
3.875625,0.033609033,0.109383236,,,
3.87625,0.032014454,0.07273784,,,
3.876875,0.028825294,0.041668918,,,
3.8775,0.025636135,0.020159663,,,
3.878125,0.024041555,0.012193273,,,
3.87875,0.024041555,0.009006717,,,
3.879375,0.023244266,0.0066168,,,
3.88,0.023244266,0.003430244,,,
3.880625,0.022446976,0.003430244,,,
3.88125,0.00570389,-0.054724407,,,
3.881875,0.001717441,-0.112879057,,,
3.8825,0.001717441,-0.11845553,,,
3.883125,0.00331202,-0.103319388,,,
3.88375,0.00570389,-0.06906391,,,
3.884375,0.008893049,-0.034808431,,,
3.885,0.016068657,-0.005332786,,,
3.885625,0.021649686,0.018566385,,,
3.88625,0.024041555,0.029719332,,,
3.886875,0.024041555,0.032905888,,,
3.8875,0.024041555,0.036092444,,,
3.888125,0.024041555,0.038482362,,,
3.88875,0.024838845,0.04007564,,,
3.889375,0.032014454,0.067161367,,,
3.89,0.042379221,0.155588301,,,
3.890625,0.043176511,0.177097555,,,
3.89125,0.040784642,0.168334526,,,
3.891875,0.036000903,0.138858881,,,
3.8925,0.032014454,0.095840373,,,
3.893125,0.029622584,0.063178172,,,
3.89375,0.027230715,0.034499166,,,
3.894375,0.025636135,0.016973107,,,
3.895,0.024838845,0.011396634,,,
3.895625,0.023244266,0.007413439,,,
3.89625,0.023244266,0.005820161,,,
3.896875,0.022446976,0.004226883,,,
3.8975,0.018460527,-0.00214623,,,
3.898125,0.000920151,-0.08499669,,,
3.89875,0.000920151,-0.117658891,,,
3.899375,0.001717441,-0.114472335,,,
3.9,0.00331202,-0.09375972,,,
3.900625,0.007298469,-0.057114324,,,
3.90125,0.011284918,-0.024452123,,,
3.901875,0.019257817,0.003430244,,,
3.9025,0.023244266,0.024142859,,,
3.903125,0.023244266,0.030515971,,,
3.90375,0.024041555,0.033702527,,,
3.904375,0.024838845,0.036889083,,,
3.905,0.024838845,0.039279001,,,
3.905625,0.024838845,0.039279001,,,
3.90625,0.036798193,0.099026929,,,
3.906875,0.043176511,0.168334526,,,
3.9075,0.043176511,0.179487472,,,
3.908125,0.039987352,0.161961413,,,
3.90875,0.036000903,0.125316017,,,
3.909375,0.032811743,0.084687426,,,
3.91,0.028825294,0.053618503,,,
3.910625,0.026433425,0.026532776,,,
3.91125,0.024838845,0.013786551,,,
3.911875,0.024041555,0.010599995,,,
3.9125,0.023244266,0.0066168,,,
3.913125,0.023244266,0.005820161,,,
3.91375,0.022446976,0.004226883,,,
3.914375,0.012879498,-0.022062206,,,
3.915,0.001717441,-0.102522749,,,
3.915625,0.001717441,-0.11845553,,,
3.91625,0.00251473,-0.109692501,,,
3.916875,0.0049066,-0.083403412,,,
3.9175,0.008095759,-0.045164738,,,
3.918125,0.013676788,-0.014892454,,,
3.91875,0.020852396,0.012193273,,,
3.919375,0.023244266,0.028126054,,,
3.92,0.023244266,0.032109249,,,
3.920625,0.024041555,0.036092444,,,
3.92125,0.024041555,0.038482362,,,
3.921875,0.024041555,0.040872279,,,
3.9225,0.026433425,0.045652113,,,
3.923125,0.039987352,0.13168913,,,
3.92375,0.042379221,0.174707638,,,
3.924375,0.042379221,0.176300916,,,
3.925,0.038392772,0.152401745,,,
3.925625,0.032811743,0.110976515,,,
3.92625,0.030419874,0.074331119,,,
3.926875,0.027230715,0.044058835,,,
3.9275,0.025636135,0.020956303,,,
3.928125,0.024041555,0.012989912,,,
3.92875,0.023244266,0.009803356,,,
3.929375,0.022446976,0.005820161,,,
3.93,0.022446976,0.005023522,,,
3.930625,0.021649686,0.003430244,,,
3.93125,0.00570389,-0.05233449,,,
3.931875,0.001717441,-0.111285779,,,
3.9325,0.000920151,-0.11845553,,,
3.933125,0.00251473,-0.102522749,,,
3.93375,0.00570389,-0.070657188,,,
3.934375,0.008893049,-0.034011792,,,
3.935,0.016068657,-0.005332786,,,
3.935625,0.021649686,0.018566385,,,
3.93625,0.024041555,0.030515971,,,
3.936875,0.023244266,0.033702527,,,
3.9375,0.024041555,0.037685722,,,
3.938125,0.024041555,0.039279001,,,
3.93875,0.024041555,0.04007564,,,
3.939375,0.031217164,0.065568089,,,
3.94,0.042379221,0.155588301,,,
3.940625,0.043176511,0.178690833,,,
3.94125,0.041581931,0.169927804,,,
3.941875,0.036798193,0.140452159,,,
3.9425,0.032811743,0.097433651,,,
3.943125,0.029622584,0.063974811,,,
3.94375,0.027230715,0.034499166,,,
3.944375,0.024838845,0.016176468,,,
3.945,0.024041555,0.011396634,,,
3.945625,0.024041555,0.007413439,,,
3.94625,0.023244266,0.005023522,,,
3.946875,0.022446976,0.003430244,,,
3.9475,0.020055106,-0.001349591,,,
3.948125,0.001717441,-0.083403412,,,
3.94875,0.000920151,-0.116862252,,,
3.949375,0.00251473,-0.114472335,,,
3.95,0.00331202,-0.094556359,,,
3.950625,0.00650118,-0.058707602,,,
3.95125,0.011284918,-0.026045401,,,
3.951875,0.018460527,0.003430244,,,
3.9525,0.023244266,0.024142859,,,
3.953125,0.024041555,0.03131261,,,
3.95375,0.024041555,0.034499166,,,
3.954375,0.024041555,0.037685722,,,
3.955,0.024838845,0.040872279,,,
3.955625,0.024838845,0.04007564,,,
3.95625,0.036000903,0.095840373,,,
3.956875,0.041581931,0.167537887,,,
3.9575,0.042379221,0.179487472,,,
3.958125,0.039987352,0.163554692,,,
3.95875,0.034406323,0.127705935,,,
3.959375,0.031217164,0.086280704,,,
3.96,0.028825294,0.054415142,,,
3.960625,0.025636135,0.026532776,,,
3.96125,0.024041555,0.01458319,,,
3.961875,0.023244266,0.010599995,,,
3.9625,0.022446976,0.0066168,,,
3.963125,0.022446976,0.005023522,,,
3.96375,0.022446976,0.003430244,,,
3.964375,0.013676788,-0.020468928,,,
3.965,0.000920151,-0.10172611,,,
3.965625,0.000920151,-0.11845553,,,
3.96625,0.00251473,-0.109692501,,,
3.966875,0.00410931,-0.084200051,,,
3.9675,0.008095759,-0.045961377,,,
3.968125,0.012879498,-0.015689094,,,
3.96875,0.020852396,0.011396634,,,
3.969375,0.023244266,0.028126054,,,
3.97,0.024041555,0.032109249,,,
3.970625,0.024041555,0.036092444,,,
3.97125,0.024041555,0.037685722,,,
3.971875,0.024838845,0.04007564,,,
3.9725,0.027230715,0.044058835,,,
3.973125,0.039987352,0.129299213,,,
3.97375,0.043176511,0.174707638,,,
3.974375,0.041581931,0.175504277,,,
3.975,0.038392772,0.153198384,,,
3.975625,0.032811743,0.111773154,,,
3.97625,0.031217164,0.074331119,,,
3.976875,0.028028005,0.044058835,,,
3.9775,0.025636135,0.020956303,,,
3.978125,0.024041555,0.012193273,,,
3.97875,0.023244266,0.009006717,,,
3.979375,0.022446976,0.0066168,,,
3.98,0.022446976,0.005023522,,,
3.980625,0.021649686,0.004226883,,,
3.98125,0.00570389,-0.048351294,,,
3.981875,0.000920151,-0.112082418,,,
3.9825,0.000920151,-0.11845553,,,
3.983125,0.001717441,-0.104116027,,,
3.98375,0.0049066,-0.072250466,,,
3.984375,0.008893049,-0.03560507,,,
3.985,0.014474078,-0.006129425,,,
3.985625,0.021649686,0.017769746,,,
3.98625,0.023244266,0.029719332,,,
3.986875,0.023244266,0.032905888,,,
3.9875,0.024041555,0.036092444,,,
3.988125,0.023244266,0.038482362,,,
3.98875,0.024041555,0.039279001,,,
3.989375,0.029622584,0.062381533,,,
3.99,0.041581931,0.153198384,,,
3.990625,0.042379221,0.177894194,,,
3.99125,0.040784642,0.169927804,,,
3.991875,0.036798193,0.141248798,,,
3.9925,0.032014454,0.09823029,,,
3.993125,0.029622584,0.06477145,,,
3.99375,0.027230715,0.036092444,,,
3.994375,0.025636135,0.016973107,,,
3.995,0.024838845,0.011396634,,,
3.995625,0.024041555,0.009006717,,,
3.99625,0.023244266,0.0066168,,,
3.996875,0.022446976,0.004226883,,,
3.9975,0.020055106,0.000243687,,,
3.998125,0.000920151,-0.079420217,,,
3.99875,0.000920151,-0.116065613,,,
3.999375,0.001717441,-0.114472335,,,
4,0.00251473,-0.094556359,,,
4.000625,0.00650118,-0.058707602,,,
4.00125,0.010487629,-0.026045401,,,
4.001875,0.017663237,0.003430244,,,
4.0025,0.023244266,0.024142859,,,
4.003125,0.024041555,0.03131261,,,
4.00375,0.024041555,0.034499166,,,
4.004375,0.024041555,0.037685722,,,
4.005,0.024838845,0.04007564,,,
4.005625,0.024838845,0.04007564,,,
4.00625,0.035203613,0.092653817,,,
4.006875,0.042379221,0.166741248,,,
4.0075,0.042379221,0.179487472,,,
4.008125,0.039190062,0.163554692,,,
4.00875,0.035203613,0.128502574,,,
4.009375,0.032014454,0.086280704,,,
4.01,0.028028005,0.055211781,,,
4.010625,0.025636135,0.027329415,,,
4.01125,0.024838845,0.013786551,,,
4.011875,0.024838845,0.010599995,,,
4.0125,0.023244266,0.0066168,,,
4.013125,0.022446976,0.005023522,,,
4.01375,0.022446976,0.003430244,,,
4.014375,0.013676788,-0.01887565,,,
4.015,0.000920151,-0.100132832,,,
4.015625,0.001717441,-0.11845553,,,
4.01625,0.00251473,-0.11048914,,,
4.016875,0.00410931,-0.08499669,,,
4.0175,0.008095759,-0.047554655,,,
4.018125,0.012879498,-0.017282372,,,
4.01875,0.020852396,0.009803356,,,
4.019375,0.023244266,0.027329415,,,
4.02,0.024041555,0.03131261,,,
4.020625,0.024041555,0.035295805,,,
4.02125,0.024838845,0.037685722,,,
4.021875,0.025636135,0.04007564,,,
4.0225,0.026433425,0.042465557,,,
4.023125,0.040784642,0.126909295,,,
4.02375,0.043176511,0.173910999,,,
4.024375,0.042379221,0.176300916,,,
4.025,0.039190062,0.153995023,,,
4.025625,0.033609033,0.113366432,,,
4.02625,0.032014454,0.075924397,,,
4.026875,0.028825294,0.045652113,,,
4.0275,0.025636135,0.021752942,,,
4.028125,0.024041555,0.012989912,,,
4.02875,0.024041555,0.009006717,,,
4.029375,0.023244266,0.0066168,,,
4.03,0.023244266,0.005023522,,,
4.030625,0.021649686,0.004226883,,,
4.03125,0.007298469,-0.045961377,,,
4.031875,0.001717441,-0.111285779,,,
4.0325,0.000920151,-0.11845553,,,
4.033125,0.00251473,-0.104912667,,,
4.03375,0.0049066,-0.073047105,,,
4.034375,0.008893049,-0.036401709,,,
4.035,0.014474078,-0.006926064,,,
4.035625,0.021649686,0.016973107,,,
4.03625,0.023244266,0.029719332,,,
4.036875,0.023244266,0.032109249,,,
4.0375,0.024041555,0.036092444,,,
4.038125,0.025636135,0.037685722,,,
4.03875,0.025636135,0.04007564,,,
4.039375,0.030419874,0.060788255,,,
4.04,0.041581931,0.151605106,,,
4.040625,0.043176511,0.178690833,,,
4.04125,0.041581931,0.171521082,,,
4.041875,0.037595482,0.142842076,,,
4.0425,0.032811743,0.099823568,,,
4.043125,0.030419874,0.065568089,,,
4.04375,0.027230715,0.036092444,,,
4.044375,0.025636135,0.016176468,,,
4.045,0.024838845,0.011396634,,,
4.045625,0.024041555,0.007413439,,,
4.04625,0.022446976,0.005820161,,,
4.046875,0.021649686,0.003430244,,,
4.0475,0.020852396,0.001040326,,,
4.048125,0.001717441,-0.0770303,,,
4.04875,0.000920151,-0.116862252,,,
4.049375,0.001717441,-0.116065613,,,
4.05,0.00331202,-0.096946276,,,
4.050625,0.00650118,-0.06030088,,,
4.05125,0.011284918,-0.02684204,,,
4.051875,0.017663237,0.001040326,,,
4.0525,0.022446976,0.022549581,,,
4.053125,0.023244266,0.03131261,,,
4.05375,0.024041555,0.033702527,,,
4.054375,0.024041555,0.036889083,,,
4.055,0.024041555,0.039279001,,,
4.055625,0.024838845,0.039279001,,,
4.05625,0.034406323,0.088670621,,,
4.056875,0.041581931,0.16514797,,,
4.0575,0.043176511,0.178690833,,,
4.058125,0.039987352,0.164351331,,,
4.05875,0.035203613,0.130095852,,,
4.059375,0.032811743,0.087077343,,,
4.06,0.029622584,0.055211781,,,
4.060625,0.027230715,0.028126054,,,
4.06125,0.024838845,0.013786551,,,
4.061875,0.024041555,0.009803356,,,
4.0625,0.023244266,0.0066168,,,
4.063125,0.023244266,0.005023522,,,
4.06375,0.022446976,0.002633605,,,
4.064375,0.014474078,-0.017282372,,,
4.065,0.000920151,-0.099336193,,,
4.065625,0.001717441,-0.120048808,,,
4.06625,0.00251473,-0.112082418,,,
4.066875,0.00410931,-0.087386608,,,
4.0675,0.008095759,-0.048351294,,,
4.068125,0.012879498,-0.018079011,,,
4.06875,0.020055106,0.009006717,,,
4.069375,0.023244266,0.027329415,,,
4.07,0.023244266,0.032109249,,,
4.070625,0.024041555,0.035295805,,,
4.07125,0.024041555,0.037685722,,,
4.071875,0.024041555,0.04007564,,,
4.0725,0.025636135,0.041668918,,,
4.073125,0.039987352,0.1229261,,,
4.07375,0.043176511,0.17311436,,,
4.074375,0.042379221,0.177097555,,,
4.075,0.039190062,0.154791662,,,
4.075625,0.034406323,0.114163071,,,
4.07625,0.032014454,0.075924397,,,
4.076875,0.028028005,0.045652113,,,
4.0775,0.025636135,0.021752942,,,
4.078125,0.024041555,0.012193273,,,
4.07875,0.024041555,0.009803356,,,
4.079375,0.023244266,0.0066168,,,
4.08,0.022446976,0.005023522,,,
4.080625,0.022446976,0.003430244,,,
4.08125,0.00650118,-0.044368099,,,
4.081875,0.000920151,-0.11048914,,,
4.0825,0.000920151,-0.120048808,,,
4.083125,0.001717441,-0.105709306,,,
4.08375,0.0049066,-0.074640383,,,
4.084375,0.008893049,-0.038791626,,,
4.085,0.014474078,-0.009315981,,,
4.085625,0.021649686,0.016176468,,,
4.08625,0.023244266,0.029719332,,,
4.086875,0.024041555,0.032905888,,,
4.0875,0.024041555,0.036092444,,,
4.088125,0.024041555,0.037685722,,,
4.08875,0.024838845,0.04007564,,,
4.089375,0.030419874,0.057601699,,,
4.09,0.042379221,0.14841855,,,
4.090625,0.043176511,0.177097555,,,
4.09125,0.041581931,0.171521082,,,
4.091875,0.037595482,0.143638715,,,
4.0925,0.032014454,0.100620207,,,
4.093125,0.031217164,0.065568089,,,
4.09375,0.028028005,0.036092444,,,
4.094375,0.025636135,0.017769746,,,
4.095,0.024041555,0.011396634,,,
4.095625,0.024041555,0.007413439,,,
4.09625,0.023244266,0.005023522,,,
4.096875,0.022446976,0.002633605,,,
4.0975,0.020852396,0.001040326,,,
4.098125,0.00251473,-0.076233661,,,
4.09875,0.001717441,-0.116065613,,,
4.099375,0.001717441,-0.116862252,,,
4.1,0.00251473,-0.097742915,,,
4.100625,0.00650118,-0.062690797,,,
4.10125,0.010487629,-0.029231957,,,
4.101875,0.017663237,0.000243687,,,
4.1025,0.022446976,0.021752942,,,
4.103125,0.023244266,0.030515971,,,
4.10375,0.023244266,0.032905888,,,
4.104375,0.024041555,0.035295805,,,
4.105,0.024041555,0.037685722,,,
4.105625,0.024838845,0.039279001,,,
4.10625,0.034406323,0.084687426,,,
4.106875,0.041581931,0.163554692,,,
4.1075,0.042379221,0.178690833,,,
4.108125,0.039987352,0.164351331,,,
4.10875,0.035203613,0.130095852,,,
4.109375,0.032014454,0.087873982,,,
4.11,0.028825294,0.05600842,,,
4.110625,0.026433425,0.028126054,,,
4.11125,0.024041555,0.01458319,,,
4.111875,0.023244266,0.009803356,,,
4.1125,0.022446976,0.0066168,,,
4.113125,0.022446976,0.005023522,,,
4.11375,0.021649686,0.002633605,,,
4.114375,0.015271367,-0.014095815,,,
4.115,0.000920151,-0.096946276,,,
4.115625,0.000920151,-0.11845553,,,
4.11625,0.001717441,-0.11048914,,,
4.116875,0.00410931,-0.086589969,,,
4.1175,0.008095759,-0.049147933,,,
4.118125,0.012879498,-0.01887565,,,
4.11875,0.020055106,0.008210078,,,
4.119375,0.023244266,0.026532776,,,
4.12,0.023244266,0.03131261,,,
4.120625,0.024041555,0.034499166,,,
4.12125,0.024041555,0.037685722,,,
4.121875,0.024041555,0.04007564,,,
4.1225,0.025636135,0.040872279,,,
4.123125,0.039190062,0.119739544,,,
4.12375,0.042379221,0.17311436,,,
4.124375,0.042379221,0.177894194,,,
4.125,0.039190062,0.155588301,,,
4.125625,0.035203613,0.116552988,,,
4.12625,0.032014454,0.078314314,,,
4.126875,0.028825294,0.046448752,,,
4.1275,0.026433425,0.021752942,,,
4.128125,0.024838845,0.012193273,,,
4.12875,0.024041555,0.009006717,,,
4.129375,0.023244266,0.005820161,,,
4.13,0.023244266,0.004226883,,,
4.130625,0.021649686,0.003430244,,,
4.13125,0.008095759,-0.040384904,,,
4.131875,0.000920151,-0.11048914,,,
4.1325,0.000920151,-0.120048808,,,
4.133125,0.00251473,-0.105709306,,,
4.13375,0.0049066,-0.076233661,,,
4.134375,0.008893049,-0.038791626,,,
4.135,0.015271367,-0.009315981,,,
4.135625,0.021649686,0.015379829,,,
4.13625,0.024041555,0.028922693,,,
4.136875,0.023244266,0.032109249,,,
4.1375,0.024041555,0.035295805,,,
4.138125,0.024838845,0.037685722,,,
4.13875,0.024838845,0.04007564,,,
4.139375,0.028825294,0.05600842,,,
4.14,0.041581931,0.146825272,,,
4.140625,0.043176511,0.176300916,,,
4.14125,0.041581931,0.171521082,,,
4.141875,0.037595482,0.144435354,,,
4.1425,0.032811743,0.101416846,,,
4.143125,0.030419874,0.067161367,,,
4.14375,0.028028005,0.037685722,,,
4.144375,0.025636135,0.017769746,,,
4.145,0.024838845,0.011396634,,,
4.145625,0.024041555,0.008210078,,,
4.14625,0.022446976,0.005023522,,,
4.146875,0.022446976,0.003430244,,,
4.1475,0.020852396,0.001836965,,,
4.148125,0.001717441,-0.072250466,,,
4.14875,0.001717441,-0.115268974,,,
4.149375,0.001717441,-0.116862252,,,
4.15,0.00251473,-0.098539554,,,
4.150625,0.00650118,-0.062690797,,,
4.15125,0.009690339,-0.029231957,,,
4.151875,0.017663237,-0.000552952,,,
4.1525,0.022446976,0.020956303,,,
4.153125,0.024041555,0.030515971,,,
4.15375,0.024041555,0.032905888,,,
4.154375,0.024838845,0.036092444,,,
4.155,0.024838845,0.037685722,,,
4.155625,0.025636135,0.039279001,,,
4.15625,0.034406323,0.082297509,,,
4.156875,0.042379221,0.162758052,,,
4.1575,0.043176511,0.178690833,,,
4.158125,0.040784642,0.165944609,,,
4.15875,0.036000903,0.13168913,,,
4.159375,0.032811743,0.08946726,,,
4.16,0.029622584,0.057601699,,,
4.160625,0.026433425,0.029719332,,,
4.16125,0.024838845,0.01458319,,,
4.161875,0.024041555,0.010599995,,,
4.1625,0.023244266,0.0066168,,,
4.163125,0.023244266,0.005023522,,,
4.16375,0.022446976,0.003430244,,,
4.164375,0.015271367,-0.012502537,,,
4.165,0.000920151,-0.095352998,,,
4.165625,0.000920151,-0.11845553,,,
4.16625,0.001717441,-0.112082418,,,
4.166875,0.00410931,-0.088183247,,,
4.1675,0.008095759,-0.049944572,,,
4.168125,0.012082208,-0.01887565,,,
4.16875,0.020055106,0.008210078,,,
4.169375,0.023244266,0.026532776,,,
4.17,0.023244266,0.032109249,,,
4.170625,0.023244266,0.035295805,,,
4.17125,0.023244266,0.037685722,,,
4.171875,0.024041555,0.04007564,,,
4.1725,0.024838845,0.04007564,,,
4.173125,0.038392772,0.117349627,,,
4.17375,0.041581931,0.172317721,,,
4.174375,0.041581931,0.177097555,,,
4.175,0.039190062,0.157181579,,,
4.175625,0.033609033,0.118146266,,,
4.17625,0.031217164,0.079110953,,,
4.176875,0.028028005,0.04804203,,,
4.1775,0.025636135,0.024142859,,,
4.178125,0.024041555,0.013786551,,,
4.17875,0.024041555,0.009803356,,,
4.179375,0.022446976,0.0066168,,,
4.18,0.022446976,0.004226883,,,
4.180625,0.021649686,0.002633605,,,
4.18125,0.008893049,-0.037994987,,,
4.181875,0.000920151,-0.108895862,,,
4.1825,0.000920151,-0.11845553,,,
4.183125,0.001717441,-0.106505945,,,
4.18375,0.00410931,-0.0770303,,,
4.184375,0.008893049,-0.040384904,,,
4.185,0.014474078,-0.01011262,,,
4.185625,0.020852396,0.01458319,,,
4.18625,0.023244266,0.028126054,,,
4.186875,0.024041555,0.032109249,,,
4.1875,0.024838845,0.036092444,,,
4.188125,0.023244266,0.038482362,,,
4.18875,0.024041555,0.04007564,,,
4.189375,0.028028005,0.053618503,,,
4.19,0.040784642,0.144435354,,,
4.190625,0.042379221,0.177097555,,,
4.19125,0.041581931,0.17311436,,,
4.191875,0.037595482,0.146028633,,,
4.1925,0.032811743,0.103806763,,,
4.193125,0.030419874,0.067958006,,,
4.19375,0.028028005,0.038482362,,,
4.194375,0.024838845,0.018566385,,,
4.195,0.024041555,0.011396634,,,
4.195625,0.023244266,0.008210078,,,
4.19625,0.022446976,0.005023522,,,
4.196875,0.022446976,0.003430244,,,
4.1975,0.020852396,0.002633605,,,
4.198125,0.001717441,-0.06906391,,,
4.19875,0.000122861,-0.116065613,,,
4.199375,0.000920151,-0.116862252,,,
4.2,0.001717441,-0.098539554,,,
4.200625,0.00570389,-0.065080714,,,
4.20125,0.009690339,-0.030825235,,,
4.201875,0.016865947,-0.00214623,,,
4.2025,0.021649686,0.020159663,,,
4.203125,0.023244266,0.030515971,,,
4.20375,0.023244266,0.032905888,,,
4.204375,0.024041555,0.036092444,,,
4.205,0.024041555,0.038482362,,,
4.205625,0.024041555,0.039279001,,,
4.20625,0.032811743,0.079110953,,,
4.206875,0.041581931,0.161961413,,,
4.2075,0.042379221,0.178690833,,,
4.208125,0.039987352,0.165944609,,,
4.20875,0.036000903,0.132485769,,,
4.209375,0.032811743,0.090263899,,,
4.21,0.029622584,0.05680506,,,
4.210625,0.026433425,0.028922693,,,
4.21125,0.025636135,0.01458319,,,
4.211875,0.024041555,0.009803356,,,
4.2125,0.023244266,0.0066168,,,
4.213125,0.023244266,0.005023522,,,
4.21375,0.021649686,0.002633605,,,
4.214375,0.016068657,-0.010909259,,,
4.215,0.000920151,-0.09375972,,,
4.215625,0.000920151,-0.11845553,,,
4.21625,0.00251473,-0.112879057,,,
4.216875,0.00410931,-0.089776525,,,
4.2175,0.008095759,-0.051537851,,,
4.218125,0.012082208,-0.020468928,,,
4.21875,0.019257817,0.0066168,,,
4.219375,0.023244266,0.024939498,,,
4.22,0.024041555,0.03131261,,,
4.220625,0.023244266,0.033702527,,,
4.22125,0.024041555,0.036092444,,,
4.221875,0.024041555,0.038482362,,,
4.2225,0.025636135,0.039279001,,,
4.223125,0.038392772,0.114163071,,,
4.22375,0.042379221,0.169927804,,,
4.224375,0.043176511,0.177894194,,,
4.225,0.039987352,0.157978218,,,
4.225625,0.034406323,0.118942905,,,
4.22625,0.032014454,0.079110953,,,
4.226875,0.028825294,0.048838669,,,
4.2275,0.026433425,0.022549581,,,
4.228125,0.024041555,0.012193273,,,
4.22875,0.024041555,0.009803356,,,
4.229375,0.023244266,0.0066168,,,
4.23,0.023244266,0.005023522,,,
4.230625,0.023244266,0.003430244,,,
4.23125,0.009690339,-0.034808431,,,
4.231875,0.001717441,-0.108099223,,,
4.2325,0.000920151,-0.119252169,,,
4.233125,0.00331202,-0.107302584,,,
4.23375,0.00570389,-0.078623578,,,
4.234375,0.008893049,-0.041978182,,,
4.235,0.014474078,-0.011705898,,,
4.235625,0.021649686,0.013786551,,,
4.23625,0.023244266,0.028126054,,,
4.236875,0.024041555,0.032109249,,,
4.2375,0.024041555,0.036092444,,,
4.238125,0.024041555,0.037685722,,,
4.23875,0.024838845,0.04007564,,,
4.239375,0.028825294,0.052821864,,,
4.24,0.040784642,0.142842076,,,
4.240625,0.043176511,0.176300916,,,
4.24125,0.041581931,0.172317721,,,
4.241875,0.038392772,0.146825272,,,
4.2425,0.033609033,0.103806763,,,
4.243125,0.031217164,0.068754645,,,
4.24375,0.028028005,0.039279001,,,
4.244375,0.024838845,0.018566385,,,
4.245,0.024838845,0.011396634,,,
4.245625,0.024041555,0.007413439,,,
4.24625,0.023244266,0.005820161,,,
4.246875,0.022446976,0.003430244,,,
4.2475,0.021649686,0.003430244,,,
4.248125,0.00331202,-0.066673992,,,
4.24875,0.000920151,-0.115268974,,,
4.249375,0.001717441,-0.117658891,,,
4.25,0.00251473,-0.100132832,,,
4.250625,0.00570389,-0.065080714,,,
4.25125,0.009690339,-0.031621874,,,
4.251875,0.017663237,-0.00214623,,,
4.2525,0.022446976,0.020956303,,,
4.253125,0.023244266,0.030515971,,,
4.25375,0.024041555,0.032905888,,,
4.254375,0.024041555,0.036092444,,,
4.255,0.024838845,0.038482362,,,
4.255625,0.025636135,0.039279001,,,
4.25625,0.032811743,0.076721036,,,
4.256875,0.042379221,0.161164774,,,
4.2575,0.043176511,0.177894194,,,
4.258125,0.039987352,0.166741248,,,
4.25875,0.036000903,0.133282408,,,
4.259375,0.032014454,0.091060538,,,
4.26,0.029622584,0.058398338,,,
4.260625,0.026433425,0.030515971,,,
4.26125,0.024838845,0.015379829,,,
4.261875,0.024041555,0.010599995,,,
4.2625,0.023244266,0.007413439,,,
4.263125,0.022446976,0.005820161,,,
4.26375,0.022446976,0.004226883,,,
4.264375,0.016865947,-0.007722703,,,
4.265,0.000122861,-0.091369803,,,
4.265625,0.000920151,-0.117658891,,,
4.26625,0.000920151,-0.112879057,,,
4.266875,0.00251473,-0.089776525,,,
4.2675,0.007298469,-0.05233449,,,
4.268125,0.011284918,-0.021265567,,,
4.26875,0.018460527,0.0066168,,,
4.269375,0.022446976,0.025736137,,,
4.27,0.023244266,0.032109249,,,
4.270625,0.023244266,0.035295805,,,
4.27125,0.024838845,0.037685722,,,
4.271875,0.024838845,0.04007564,,,
4.2725,0.024838845,0.04007564,,,
4.273125,0.038392772,0.111773154,,,
4.27375,0.042379221,0.171521082,,,
4.274375,0.042379221,0.179487472,,,
4.275,0.039987352,0.158774857,,,
4.275625,0.035203613,0.121332822,,,
4.27625,0.032014454,0.080704231,,,
4.276875,0.028825294,0.049635308,,,
4.2775,0.026433425,0.02334622,,,
4.278125,0.024838845,0.013786551,,,
4.27875,0.024041555,0.009006717,,,
4.279375,0.023244266,0.0066168,,,
4.28,0.023244266,0.005023522,,,
4.280625,0.023244266,0.004226883,,,
4.28125,0.010487629,-0.032418513,,,
4.281875,0.000920151,-0.106505945,,,
4.2825,0.000920151,-0.11845553,,,
4.283125,0.00251473,-0.106505945,,,
4.28375,0.0049066,-0.077826939,,,
4.284375,0.008095759,-0.040384904,,,
4.285,0.014474078,-0.010909259,,,
4.285625,0.021649686,0.015379829,,,
4.28625,0.024041555,0.028922693,,,
4.286875,0.024041555,0.032905888,,,
4.2875,0.024041555,0.036092444,,,
4.288125,0.023244266,0.038482362,,,
4.28875,0.024041555,0.04007564,,,
4.289375,0.028028005,0.050431947,,,
4.29,0.039987352,0.140452159,,,
4.290625,0.042379221,0.176300916,,,
4.29125,0.041581931,0.173910999,,,
4.291875,0.038392772,0.14841855,,,
4.2925,0.032811743,0.10619668,,,
4.293125,0.030419874,0.071144562,,,
4.29375,0.027230715,0.040872279,,,
4.294375,0.025636135,0.019363024,,,
4.295,0.024041555,0.011396634,,,
4.295625,0.023244266,0.009006717,,,
4.29625,0.022446976,0.0066168,,,
4.296875,0.022446976,0.004226883,,,
4.2975,0.021649686,0.003430244,,,
4.298125,0.00331202,-0.063487436,,,
4.29875,0.001717441,-0.113675696,,,
4.299375,0.000920151,-0.11845553,,,
4.3,0.00251473,-0.100132832,,,
4.300625,0.00650118,-0.065877353,,,
4.30125,0.010487629,-0.032418513,,,
4.301875,0.016865947,-0.00214623,,,
4.3025,0.022446976,0.020956303,,,
4.303125,0.023244266,0.030515971,,,
4.30375,0.023244266,0.033702527,,,
4.304375,0.024041555,0.036889083,,,
4.305,0.024041555,0.039279001,,,
4.305625,0.024838845,0.04007564,,,
4.30625,0.032014454,0.074331119,,,
4.306875,0.042379221,0.159571496,,,
4.3075,0.043176511,0.178690833,,,
4.308125,0.039987352,0.168334526,,,
4.30875,0.036000903,0.135672325,,,
4.309375,0.032014454,0.093450456,,,
4.31,0.029622584,0.060788255,,,
4.310625,0.026433425,0.032109249,,,
4.31125,0.024838845,0.016176468,,,
4.311875,0.024041555,0.010599995,,,
4.3125,0.023244266,0.007413439,,,
4.313125,0.022446976,0.005820161,,,
4.31375,0.021649686,0.003430244,,,
4.314375,0.016865947,-0.006129425,,,
4.315,0.000920151,-0.089776525,,,
4.315625,0.000122861,-0.117658891,,,
4.31625,0.001717441,-0.112879057,,,
4.316875,0.00251473,-0.091369803,,,
4.3175,0.00650118,-0.053927768,,,
4.318125,0.012082208,-0.021265567,,,
4.31875,0.018460527,0.0066168,,,
4.319375,0.022446976,0.024939498,,,
4.32,0.022446976,0.032109249,,,
4.320625,0.023244266,0.035295805,,,
4.32125,0.023244266,0.037685722,,,
4.321875,0.023244266,0.039279001,,,
4.3225,0.024041555,0.04007564,,,
4.323125,0.037595482,0.107789958,,,
4.32375,0.042379221,0.170724443,,,
4.324375,0.042379221,0.178690833,,,
4.325,0.038392772,0.159571496,,,
4.325625,0.034406323,0.121332822,,,
4.32625,0.031217164,0.08150087,,,
4.326875,0.028028005,0.050431947,,,
4.3275,0.025636135,0.024142859,,,
4.328125,0.023244266,0.012989912,,,
4.32875,0.023244266,0.009803356,,,
4.329375,0.022446976,0.0066168,,,
4.33,0.021649686,0.004226883,,,
4.330625,0.021649686,0.003430244,,,
4.33125,0.010487629,-0.029231957,,,
4.331875,0.000920151,-0.105709306,,,
4.3325,0.000920151,-0.11845553,,,
4.333125,0.001717441,-0.108099223,,,
4.33375,0.00410931,-0.080216856,,,
4.334375,0.008893049,-0.042774821,,,
4.335,0.013676788,-0.012502537,,,
4.335625,0.020055106,0.013786551,,,
4.33625,0.022446976,0.028126054,,,
4.336875,0.023244266,0.032905888,,,
4.3375,0.024041555,0.035295805,,,
4.338125,0.024041555,0.037685722,,,
4.33875,0.024041555,0.04007564,,,
4.339375,0.027230715,0.048838669,,,
4.34,0.039987352,0.136468964,,,
4.340625,0.043176511,0.175504277,,,
4.34125,0.041581931,0.173910999,,,
4.341875,0.038392772,0.14841855,,,
4.3425,0.032811743,0.10619668,,,
4.343125,0.030419874,0.070347923,,,
4.34375,0.026433425,0.040872279,,,
4.344375,0.024838845,0.019363024,,,
4.345,0.023244266,0.011396634,,,
4.345625,0.023244266,0.008210078,,,
4.34625,0.022446976,0.005820161,,,
4.346875,0.022446976,0.004226883,,,
4.3475,0.020852396,0.003430244,,,
4.348125,0.00331202,-0.061097519,,,
4.34875,0.000920151,-0.113675696,,,
4.349375,0.000920151,-0.117658891,,,
4.35,0.00251473,-0.10172611,,,
4.350625,0.00570389,-0.06826727,,,
4.35125,0.008893049,-0.033215153,,,
4.351875,0.016068657,-0.003739508,,,
4.3525,0.021649686,0.020159663,,,
4.353125,0.023244266,0.029719332,,,
4.35375,0.023244266,0.032905888,,,
4.354375,0.024041555,0.036092444,,,
4.355,0.023244266,0.038482362,,,
4.355625,0.024041555,0.039279001,,,
4.35625,0.032014454,0.071144562,,,
4.356875,0.040784642,0.157978218,,,
4.3575,0.042379221,0.178690833,,,
4.358125,0.039987352,0.168334526,,,
4.35875,0.036798193,0.137265603,,,
4.359375,0.032014454,0.094247095,,,
4.36,0.029622584,0.060788255,,,
4.360625,0.027230715,0.032905888,,,
4.36125,0.024838845,0.016176468,,,
4.361875,0.024041555,0.010599995,,,
4.3625,0.023244266,0.007413439,,,
4.363125,0.022446976,0.005820161,,,
4.36375,0.021649686,0.004226883,,,
4.364375,0.017663237,-0.004536147,,,
4.365,0.000920151,-0.087386608,,,
4.365625,0.000920151,-0.116862252,,,
4.36625,0.001717441,-0.112879057,,,
4.366875,0.00331202,-0.091369803,,,
4.3675,0.007298469,-0.053927768,,,
4.368125,0.011284918,-0.022858845,,,
4.36875,0.018460527,0.005023522,,,
4.369375,0.022446976,0.024939498,,,
4.37,0.023244266,0.032109249,,,
4.370625,0.023244266,0.034499166,,,
4.37125,0.023244266,0.037685722,,,
4.371875,0.023244266,0.04007564,,,
4.3725,0.024041555,0.04007564,,,
4.373125,0.036798193,0.104603402,,,
4.37375,0.042379221,0.169131165,,,
4.374375,0.042379221,0.178690833,,,
4.375,0.039987352,0.160368135,,,
4.375625,0.034406323,0.1229261,,,
4.37625,0.031217164,0.083094148,,,
4.376875,0.028825294,0.051228586,,,
4.3775,0.025636135,0.024939498,,,
4.378125,0.024041555,0.013786551,,,
4.37875,0.024041555,0.009803356,,,
4.379375,0.023244266,0.0066168,,,
4.38,0.022446976,0.005023522,,,
4.380625,0.022446976,0.005023522,,,
4.38125,0.012082208,-0.026045401,,,
4.381875,0.000920151,-0.104912667,,,
4.3825,0.000920151,-0.11845553,,,
4.383125,0.001717441,-0.108895862,,,
4.38375,0.00410931,-0.081013495,,,
4.384375,0.008893049,-0.04357146,,,
4.385,0.013676788,-0.013299176,,,
4.385625,0.020852396,0.012989912,,,
4.38625,0.022446976,0.028126054,,,
4.386875,0.023244266,0.032905888,,,
4.3875,0.024041555,0.035295805,,,
4.388125,0.024041555,0.037685722,,,
4.38875,0.024041555,0.04007564,,,
4.389375,0.027230715,0.047245391,,,
4.39,0.039987352,0.136468964,,,
4.390625,0.042379221,0.175504277,,,
4.39125,0.041581931,0.175504277,,,
4.391875,0.037595482,0.150011828,,,
4.3925,0.032811743,0.109383236,,,
4.393125,0.030419874,0.071941201,,,
4.39375,0.028028005,0.041668918,,,
4.394375,0.026433425,0.020159663,,,
4.395,0.024838845,0.012193273,,,
4.395625,0.024041555,0.009006717,,,
4.39625,0.023244266,0.0066168,,,
4.396875,0.022446976,0.004226883,,,
4.3975,0.020852396,0.003430244,,,
4.398125,0.00410931,-0.057114324,,,
4.39875,0.000920151,-0.112879057,,,
4.399375,0.000920151,-0.117658891,,,
4.4,0.00251473,-0.10172611,,,
4.400625,0.00570389,-0.06826727,,,
4.40125,0.008893049,-0.033215153,,,
4.401875,0.016068657,-0.003739508,,,
4.4025,0.021649686,0.019363024,,,
4.403125,0.023244266,0.03131261,,,
4.40375,0.023244266,0.033702527,,,
4.404375,0.023244266,0.036092444,,,
4.405,0.023244266,0.037685722,,,
4.405625,0.024041555,0.039279001,,,
4.40625,0.030419874,0.069551284,,,
4.406875,0.041581931,0.157181579,,,
4.4075,0.042379221,0.178690833,,,
4.408125,0.039987352,0.168334526,,,
4.40875,0.036000903,0.138062242,,,
4.409375,0.032014454,0.094247095,,,
4.41,0.028825294,0.061584894,,,
4.410625,0.026433425,0.032905888,,,
4.41125,0.024838845,0.016176468,,,
4.411875,0.023244266,0.011396634,,,
4.4125,0.023244266,0.007413439,,,
4.413125,0.022446976,0.005820161,,,
4.41375,0.021649686,0.004226883,,,
4.414375,0.017663237,-0.003739508,,,
4.415,0.000920151,-0.085793329,,,
4.415625,0.000122861,-0.116862252,,,
4.41625,0.000920151,-0.112879057,,,
4.416875,0.00251473,-0.092963081,,,
4.4175,0.007298469,-0.055521046,,,
4.418125,0.011284918,-0.022858845,,,
4.41875,0.018460527,0.005023522,,,
4.419375,0.022446976,0.024939498,,,
4.42,0.023244266,0.032109249,,,
4.420625,0.024041555,0.035295805,,,
4.42125,0.024041555,0.037685722,,,
4.421875,0.024041555,0.039279001,,,
4.4225,0.024838845,0.04007564,,,
4.423125,0.036798193,0.101416846,,,
4.42375,0.042379221,0.169131165,,,
4.424375,0.042379221,0.178690833,,,
4.425,0.039190062,0.160368135,,,
4.425625,0.034406323,0.123722739,,,
4.42625,0.032014454,0.083890787,,,
4.426875,0.028028005,0.052821864,,,
4.4275,0.026433425,0.026532776,,,
4.428125,0.024041555,0.01458319,,,
4.42875,0.023244266,0.010599995,,,
4.429375,0.022446976,0.007413439,,,
4.43,0.022446976,0.005023522,,,
4.430625,0.021649686,0.003430244,,,
4.43125,0.011284918,-0.024452123,,,
4.431875,0.000122861,-0.103319388,,,
4.4325,0.000122861,-0.117658891,,,
4.433125,0.001717441,-0.108099223,,,
4.43375,0.00410931,-0.081013495,,,
4.434375,0.008095759,-0.04357146,,,
4.435,0.013676788,-0.013299176,,,
4.435625,0.020852396,0.012989912,,,
4.43625,0.023244266,0.028922693,,,
4.436875,0.023244266,0.032109249,,,
4.4375,0.024041555,0.036889083,,,
4.438125,0.024041555,0.039279001,,,
4.43875,0.024041555,0.040872279,,,
4.439375,0.027230715,0.047245391,,,
4.44,0.040784642,0.134875686,,,
4.440625,0.042379221,0.175504277,,,
4.44125,0.041581931,0.174707638,,,
4.441875,0.038392772,0.151605106,,,
4.4425,0.032811743,0.110179876,,,
4.443125,0.031217164,0.073534479,,,
4.44375,0.027230715,0.042465557,,,
4.444375,0.025636135,0.020956303,,,
4.445,0.024041555,0.012193273,,,
4.445625,0.024041555,0.009803356,,,
4.44625,0.022446976,0.0066168,,,
4.446875,0.022446976,0.005023522,,,
4.4475,0.021649686,0.003430244,,,
4.448125,0.0049066,-0.053131129,,,
4.44875,0.000920151,-0.112082418,,,
4.449375,0.000920151,-0.116862252,,,
4.45,0.00251473,-0.10172611,,,
4.450625,0.00570389,-0.06906391,,,
4.45125,0.008893049,-0.034011792,,,
4.451875,0.016068657,-0.004536147,,,
4.4525,0.021649686,0.018566385,,,
4.453125,0.023244266,0.030515971,,,
4.45375,0.023244266,0.033702527,,,
4.454375,0.024041555,0.036889083,,,
4.455,0.024041555,0.039279001,,,
4.455625,0.024838845,0.04007564,,,
4.45625,0.031217164,0.067161367,,,
4.456875,0.042379221,0.15638494,,,
4.4575,0.042379221,0.178690833,,,
4.458125,0.040784642,0.169927804,,,
4.45875,0.036798193,0.13965552,,,
4.459375,0.032811743,0.096637012,,,
4.46,0.030419874,0.063178172,,,
4.460625,0.027230715,0.033702527,,,
4.46125,0.025636135,0.017769746,,,
4.461875,0.024838845,0.011396634,,,
4.4625,0.024838845,0.009006717,,,
4.463125,0.023244266,0.005820161,,,
4.46375,0.023244266,0.003430244,,,
4.464375,0.020055106,-0.00214623,,,
4.465,0.001717441,-0.083403412,,,
4.465625,0.001717441,-0.116862252,,,
4.46625,0.001717441,-0.113675696,,,
4.466875,0.00331202,-0.092963081,,,
4.4675,0.007298469,-0.056317685,,,
4.468125,0.011284918,-0.024452123,,,
4.46875,0.018460527,0.004226883,,,
4.469375,0.022446976,0.02334622,,,
4.47,0.024041555,0.03131261,,,
4.470625,0.024041555,0.034499166,,,
4.47125,0.025636135,0.036889083,,,
4.471875,0.024838845,0.039279001,,,
4.4725,0.025636135,0.04007564,,,
4.473125,0.036798193,0.099026929,,,
4.47375,0.042379221,0.167537887,,,
4.474375,0.043176511,0.178690833,,,
4.475,0.039987352,0.161961413,,,
4.475625,0.035203613,0.126909295,,,
4.47625,0.032014454,0.084687426,,,
4.476875,0.028825294,0.053618503,,,
4.4775,0.027230715,0.026532776,,,
4.478125,0.025636135,0.01458319,,,
4.47875,0.024838845,0.011396634,,,
4.479375,0.023244266,0.007413439,,,
4.48,0.022446976,0.005820161,,,
4.480625,0.022446976,0.004226883,,,
4.48125,0.012082208,-0.022858845,,,
4.481875,0.000920151,-0.10172611,,,
4.4825,0.000920151,-0.11845553,,,
4.483125,0.00251473,-0.108895862,,,
4.48375,0.0049066,-0.081810134,,,
4.484375,0.008893049,-0.045961377,,,
4.485,0.013676788,-0.014892454,,,
4.485625,0.020852396,0.011396634,,,
4.48625,0.023244266,0.028126054,,,
4.486875,0.024041555,0.032905888,,,
4.4875,0.024041555,0.036092444,,,
4.488125,0.024041555,0.038482362,,,
4.48875,0.024041555,0.04007564,,,
4.489375,0.026433425,0.045652113,,,
4.49,0.039987352,0.13168913,,,
4.490625,0.042379221,0.175504277,,,
4.49125,0.041581931,0.176300916,,,
4.491875,0.038392772,0.152401745,,,
4.4925,0.032811743,0.110976515,,,
4.493125,0.031217164,0.074331119,,,
4.49375,0.028028005,0.044058835,,,
4.494375,0.025636135,0.020956303,,,
4.495,0.024838845,0.012989912,,,
4.495625,0.024041555,0.009803356,,,
4.49625,0.023244266,0.0066168,,,
4.496875,0.023244266,0.005023522,,,
4.4975,0.022446976,0.004226883,,,
4.498125,0.00650118,-0.050741211,,,
4.49875,0.001717441,-0.11048914,,,
4.499375,0.001717441,-0.116862252,,,
4.5,0.00251473,-0.10172611,,,
4.500625,0.00570389,-0.069860549,,,
4.50125,0.009690339,-0.03560507,,,
4.501875,0.016865947,-0.005332786,,,
4.5025,0.022446976,0.018566385,,,
4.503125,0.023244266,0.029719332,,,
4.50375,0.024041555,0.033702527,,,
4.504375,0.024838845,0.036889083,,,
4.505,0.024838845,0.039279001,,,
4.505625,0.025636135,0.040872279,,,
4.50625,0.031217164,0.06477145,,,
4.506875,0.042379221,0.153995023,,,
4.5075,0.043176511,0.178690833,,,
4.508125,0.040784642,0.170724443,,,
4.50875,0.037595482,0.141248798,,,
4.509375,0.032811743,0.097433651,,,
4.51,0.029622584,0.063974811,,,
4.510625,0.027230715,0.034499166,,,
4.51125,0.024838845,0.016176468,,,
4.511875,0.024041555,0.011396634,,,
4.5125,0.022446976,0.007413439,,,
4.513125,0.022446976,0.005023522,,,
4.51375,0.021649686,0.003430244,,,
4.514375,0.019257817,-0.001349591,,,
4.515,0.000920151,-0.081810134,,,
4.515625,0.000122861,-0.116862252,,,
4.51625,0.000920151,-0.114472335,,,
4.516875,0.00251473,-0.094556359,,,
4.5175,0.00650118,-0.057910963,,,
4.518125,0.011284918,-0.026045401,,,
4.51875,0.017663237,0.002633605,,,
4.519375,0.021649686,0.02334622,,,
4.52,0.022446976,0.03131261,,,
4.520625,0.024041555,0.034499166,,,
4.52125,0.024041555,0.037685722,,,
4.521875,0.024041555,0.039279001,,,
4.5225,0.024041555,0.04007564,,,
4.523125,0.036000903,0.095043734,,,
4.52375,0.042379221,0.166741248,,,
4.524375,0.042379221,0.178690833,,,
4.525,0.039987352,0.161961413,,,
4.525625,0.035203613,0.127705935,,,
4.52625,0.032014454,0.086280704,,,
4.526875,0.028028005,0.053618503,,,
4.5275,0.026433425,0.026532776,,,
4.528125,0.024838845,0.013786551,,,
4.52875,0.024041555,0.010599995,,,
4.529375,0.023244266,0.0066168,,,
4.53,0.023244266,0.005023522,,,
4.530625,0.022446976,0.003430244,,,
4.53125,0.012879498,-0.019672289,,,
4.531875,0.000920151,-0.100929471,,,
4.5325,0.000920151,-0.11845553,,,
4.533125,0.001717441,-0.109692501,,,
4.53375,0.00410931,-0.082606773,,,
4.534375,0.008095759,-0.045961377,,,
4.535,0.013676788,-0.015689094,,,
4.535625,0.020055106,0.010599995,,,
4.53625,0.024041555,0.027329415,,,
4.536875,0.024041555,0.032109249,,,
4.5375,0.024041555,0.035295805,,,
4.538125,0.024838845,0.037685722,,,
4.53875,0.024838845,0.04007564,,,
4.539375,0.027230715,0.044855474,,,
4.54,0.039987352,0.129299213,,,
4.540625,0.043176511,0.174707638,,,
4.54125,0.042379221,0.174707638,,,
4.541875,0.039190062,0.153198384,,,
4.5425,0.033609033,0.111773154,,,
4.543125,0.030419874,0.074331119,,,
4.54375,0.027230715,0.044855474,,,
4.544375,0.024838845,0.020956303,,,
4.545,0.024041555,0.012193273,,,
4.545625,0.024041555,0.009006717,,,
4.54625,0.023244266,0.0066168,,,
4.546875,0.022446976,0.005023522,,,
4.5475,0.021649686,0.004226883,,,
4.548125,0.00650118,-0.048351294,,,
4.54875,0.000920151,-0.111285779,,,
4.549375,0.000122861,-0.11845553,,,
4.55,0.001717441,-0.102522749,,,
4.550625,0.0049066,-0.071453827,,,
4.55125,0.008893049,-0.03560507,,,
4.551875,0.015271367,-0.005332786,,,
4.5525,0.021649686,0.017769746,,,
4.553125,0.023244266,0.030515971,,,
4.55375,0.023244266,0.032905888,,,
4.554375,0.024041555,0.036092444,,,
4.555,0.024041555,0.038482362,,,
4.555625,0.024041555,0.039279001,,,
4.55625,0.030419874,0.062381533,,,
4.556875,0.042379221,0.152401745,,,
4.5575,0.043176511,0.177894194,,,
4.558125,0.040784642,0.169927804,,,
4.55875,0.036798193,0.141248798,,,
4.559375,0.032811743,0.097433651,,,
4.56,0.030419874,0.063974811,,,
4.560625,0.027230715,0.035295805,,,
4.56125,0.024838845,0.016176468,,,
4.561875,0.024041555,0.011396634,,,
4.5625,0.022446976,0.009006717,,,
4.563125,0.021649686,0.0066168,,,
4.56375,0.021649686,0.005023522,,,
4.564375,0.019257817,0.000243687,,,
4.565,0.001717441,-0.078623578,,,
4.565625,0.000920151,-0.115268974,,,
4.56625,0.000920151,-0.114472335,,,
4.566875,0.00251473,-0.09375972,,,
4.5675,0.00650118,-0.058707602,,,
4.568125,0.010487629,-0.026045401,,,
4.56875,0.016865947,0.002633605,,,
4.569375,0.021649686,0.02334622,,,
4.57,0.023244266,0.032109249,,,
4.570625,0.023244266,0.034499166,,,
4.57125,0.023244266,0.036889083,,,
4.571875,0.024041555,0.039279001,,,
4.5725,0.024838845,0.04007564,,,
4.573125,0.034406323,0.092653817,,,
4.57375,0.041581931,0.166741248,,,
4.574375,0.042379221,0.178690833,,,
4.575,0.039190062,0.162758052,,,
4.575625,0.035203613,0.127705935,,,
4.57625,0.031217164,0.085484065,,,
4.576875,0.028825294,0.054415142,,,
4.5775,0.026433425,0.027329415,,,
4.578125,0.024041555,0.01458319,,,
4.57875,0.024041555,0.010599995,,,
4.579375,0.023244266,0.007413439,,,
4.58,0.022446976,0.005820161,,,
4.580625,0.022446976,0.005023522,,,
4.58125,0.013676788,-0.018079011,,,
4.581875,0.000920151,-0.099336193,,,
4.5825,0.000920151,-0.117658891,,,
4.583125,0.001717441,-0.109692501,,,
4.58375,0.00331202,-0.08499669,,,
4.584375,0.007298469,-0.047554655,,,
4.585,0.012879498,-0.016485733,,,
4.585625,0.020055106,0.009803356,,,
4.58625,0.022446976,0.027329415,,,
4.586875,0.023244266,0.032905888,,,
4.5875,0.024041555,0.035295805,,,
4.588125,0.024041555,0.037685722,,,
4.58875,0.024838845,0.04007564,,,
4.589375,0.025636135,0.043262196,,,
4.59,0.039987352,0.126112656,,,
4.590625,0.043176511,0.174707638,,,
4.59125,0.042379221,0.177097555,,,
4.591875,0.039190062,0.154791662,,,
4.5925,0.033609033,0.114163071,,,
4.593125,0.030419874,0.075924397,,,
4.59375,0.027230715,0.045652113,,,
4.594375,0.025636135,0.022549581,,,
4.595,0.024041555,0.013786551,,,
4.595625,0.023244266,0.009803356,,,
4.59625,0.023244266,0.0066168,,,
4.596875,0.022446976,0.004226883,,,
4.5975,0.021649686,0.004226883,,,
4.598125,0.00650118,-0.045961377,,,
4.59875,0.000920151,-0.11048914,,,
4.599375,0.000920151,-0.117658891,,,
4.6,0.001717441,-0.103319388,,,
4.600625,0.0049066,-0.073047105,,,
4.60125,0.008893049,-0.036401709,,,
4.601875,0.014474078,-0.006926064,,,
4.6025,0.020852396,0.016973107,,,
4.603125,0.022446976,0.028922693,,,
4.60375,0.023244266,0.032905888,,,
4.604375,0.023244266,0.036889083,,,
4.605,0.024041555,0.038482362,,,
4.605625,0.024041555,0.040872279,,,
4.60625,0.029622584,0.060788255,,,
4.606875,0.041581931,0.151605106,,,
4.6075,0.043176511,0.177894194,,,
4.608125,0.040784642,0.169927804,,,
4.60875,0.036798193,0.142045437,,,
4.609375,0.032014454,0.099026929,,,
4.61,0.029622584,0.06477145,,,
4.610625,0.027230715,0.036092444,,,
4.61125,0.025636135,0.016973107,,,
4.611875,0.024838845,0.011396634,,,
4.6125,0.023244266,0.007413439,,,
4.613125,0.023244266,0.005023522,,,
4.61375,0.022446976,0.003430244,,,
4.614375,0.019257817,0.001040326,,,
4.615,0.001717441,-0.0770303,,,
4.615625,0.000920151,-0.116065613,,,
4.61625,0.001717441,-0.115268974,,,
4.616875,0.00331202,-0.096149637,,,
4.6175,0.007298469,-0.06030088,,,
4.618125,0.010487629,-0.02684204,,,
4.61875,0.017663237,0.001836965,,,
4.619375,0.022446976,0.022549581,,,
4.62,0.023244266,0.03131261,,,
4.620625,0.024041555,0.033702527,,,
4.62125,0.024041555,0.036889083,,,
4.621875,0.024838845,0.039279001,,,
4.6225,0.024838845,0.039279001,,,
4.623125,0.035203613,0.088670621,,,
4.62375,0.042379221,0.164351331,,,
4.624375,0.042379221,0.177894194,,,
4.625,0.039987352,0.163554692,,,
4.625625,0.034406323,0.128502574,,,
4.62625,0.031217164,0.086280704,,,
4.626875,0.028825294,0.055211781,,,
4.6275,0.026433425,0.028922693,,,
4.628125,0.024838845,0.01458319,,,
4.62875,0.024041555,0.010599995,,,
4.629375,0.023244266,0.007413439,,,
4.63,0.023244266,0.005820161,,,
4.630625,0.021649686,0.003430244,,,
4.63125,0.014474078,-0.015689094,,,
4.631875,0.000122861,-0.097742915,,,
4.6325,0.000920151,-0.117658891,,,
4.633125,0.001717441,-0.109692501,,,
4.63375,0.00410931,-0.08499669,,,
4.634375,0.008095759,-0.048351294,,,
4.635,0.012879498,-0.016485733,,,
4.635625,0.020055106,0.010599995,,,
4.63625,0.022446976,0.027329415,,,
4.636875,0.023244266,0.032905888,,,
4.6375,0.024041555,0.036092444,,,
4.638125,0.024041555,0.038482362,,,
4.63875,0.024838845,0.04007564,,,
4.639375,0.026433425,0.042465557,,,
4.64,0.039987352,0.123722739,,,
4.640625,0.043176511,0.17311436,,,
4.64125,0.043176511,0.177097555,,,
4.641875,0.039190062,0.155588301,,,
4.6425,0.034406323,0.11495971,,,
4.643125,0.032014454,0.076721036,,,
4.64375,0.029622584,0.046448752,,,
4.644375,0.026433425,0.022549581,,,
4.645,0.024838845,0.012989912,,,
4.645625,0.024041555,0.009803356,,,
4.64625,0.023244266,0.0066168,,,
4.646875,0.023244266,0.005023522,,,
4.6475,0.023244266,0.003430244,,,
4.648125,0.008095759,-0.042774821,,,
4.64875,0.001717441,-0.108895862,,,
4.649375,0.001717441,-0.117658891,,,
4.65,0.00251473,-0.104912667,,,
4.650625,0.0049066,-0.073843744,,,
4.65125,0.009690339,-0.037994987,,,
4.651875,0.015271367,-0.007722703,,,
4.6525,0.022446976,0.016973107,,,
4.653125,0.024041555,0.028922693,,,
4.65375,0.024041555,0.032109249,,,
4.654375,0.024041555,0.035295805,,,
4.655,0.024041555,0.037685722,,,
4.655625,0.024041555,0.039279001,,,
4.65625,0.029622584,0.057601699,,,
4.656875,0.041581931,0.14841855,,,
4.6575,0.043176511,0.177097555,,,
4.658125,0.040784642,0.170724443,,,
4.65875,0.036798193,0.143638715,,,
4.659375,0.032014454,0.099823568,,,
4.66,0.030419874,0.065568089,,,
4.660625,0.027230715,0.036889083,,,
4.66125,0.024041555,0.016973107,,,
4.661875,0.024041555,0.011396634,,,
4.6625,0.023244266,0.007413439,,,
4.663125,0.023244266,0.005820161,,,
4.66375,0.021649686,0.003430244,,,
4.664375,0.020852396,0.001040326,,,
4.665,0.001717441,-0.075437022,,,
4.665625,0.000920151,-0.115268974,,,
4.66625,0.000920151,-0.115268974,,,
4.666875,0.00251473,-0.096946276,,,
4.6675,0.00650118,-0.061894158,,,
4.668125,0.010487629,-0.028435318,,,
4.66875,0.016865947,0.000243687,,,
4.669375,0.021649686,0.022549581,,,
4.67,0.023244266,0.03131261,,,
4.670625,0.023244266,0.033702527,,,
4.67125,0.023244266,0.036889083,,,
4.671875,0.024041555,0.039279001,,,
4.6725,0.024041555,0.039279001,,,
4.673125,0.033609033,0.085484065,,,
4.67375,0.041581931,0.163554692,,,
4.674375,0.042379221,0.178690833,,,
4.675,0.039190062,0.164351331,,,
4.675625,0.035203613,0.130095852,,,
4.67625,0.032014454,0.087873982,,,
4.676875,0.028028005,0.05600842,,,
4.6775,0.025636135,0.028922693,,,
4.678125,0.024041555,0.01458319,,,
4.67875,0.023244266,0.010599995,,,
4.679375,0.022446976,0.007413439,,,
4.68,0.021649686,0.005820161,,,
4.680625,0.021649686,0.004226883,,,
4.68125,0.014474078,-0.014095815,,,
4.681875,0.000122861,-0.096149637,,,
4.6825,0.000920151,-0.117658891,,,
4.683125,0.001717441,-0.111285779,,,
4.68375,0.00410931,-0.086589969,,,
4.684375,0.007298469,-0.049147933,,,
4.685,0.012082208,-0.018079011,,,
4.685625,0.019257817,0.009006717,,,
4.68625,0.022446976,0.026532776,,,
4.686875,0.023244266,0.03131261,,,
4.6875,0.023244266,0.034499166,,,
4.688125,0.023244266,0.037685722,,,
4.68875,0.024041555,0.039279001,,,
4.689375,0.024838845,0.040872279,,,
4.69,0.039190062,0.121332822,,,
4.690625,0.042379221,0.171521082,,,
4.69125,0.041581931,0.177097555,,,
4.691875,0.038392772,0.15638494,,,
4.6925,0.032811743,0.116552988,,,
4.693125,0.031217164,0.077517675,,,
4.69375,0.028028005,0.046448752,,,
4.694375,0.026433425,0.021752942,,,
4.695,0.024838845,0.012193273,,,
4.695625,0.024041555,0.009006717,,,
4.69625,0.023244266,0.0066168,,,
4.696875,0.022446976,0.004226883,,,
4.6975,0.021649686,0.003430244,,,
4.698125,0.008095759,-0.040384904,,,
4.69875,0.000920151,-0.108895862,,,
4.699375,0.000920151,-0.11845553,,,
4.7,0.001717441,-0.104912667,,,
4.700625,0.0049066,-0.074640383,,,
4.70125,0.008893049,-0.038791626,,,
4.701875,0.014474078,-0.009315981,,,
4.7025,0.021649686,0.016176468,,,
4.703125,0.023244266,0.028126054,,,
4.70375,0.023244266,0.032109249,,,
4.704375,0.023244266,0.036092444,,,
4.705,0.023244266,0.037685722,,,
4.705625,0.024041555,0.039279001,,,
4.70625,0.028825294,0.055211781,,,
4.706875,0.040784642,0.146825272,,,
4.7075,0.043176511,0.176300916,,,
4.708125,0.040784642,0.170724443,,,
4.70875,0.037595482,0.145231993,,,
4.709375,0.032811743,0.102213485,,,
4.71,0.030419874,0.066364728,,,
4.710625,0.027230715,0.037685722,,,
4.71125,0.025636135,0.017769746,,,
4.711875,0.024041555,0.012193273,,,
4.7125,0.024041555,0.009006717,,,
4.713125,0.023244266,0.0066168,,,
4.71375,0.022446976,0.004226883,,,
4.714375,0.020852396,0.001836965,,,
4.715,0.00251473,-0.071453827,,,
4.715625,0.000920151,-0.115268974,,,
4.71625,0.001717441,-0.116065613,,,
4.716875,0.00251473,-0.096946276,,,
4.7175,0.00570389,-0.062690797,,,
4.718125,0.010487629,-0.028435318,,,
4.71875,0.017663237,0.000243687,,,
4.719375,0.021649686,0.021752942,,,
4.72,0.023244266,0.030515971,,,
4.720625,0.023244266,0.033702527,,,
4.72125,0.023244266,0.036092444,,,
4.721875,0.024041555,0.038482362,,,
4.7225,0.024041555,0.039279001,,,
4.723125,0.033609033,0.083094148,,,
4.72375,0.041581931,0.163554692,,,
4.724375,0.043176511,0.178690833,,,
4.725,0.040784642,0.164351331,,,
4.725625,0.036000903,0.13168913,,,
4.72625,0.032014454,0.088670621,,,
4.726875,0.029622584,0.05680506,,,
4.7275,0.027230715,0.029719332,,,
4.728125,0.024041555,0.01458319,,,
4.72875,0.024041555,0.010599995,,,
4.729375,0.023244266,0.007413439,,,
4.73,0.023244266,0.005820161,,,
4.730625,0.023244266,0.004226883,,,
4.73125,0.015271367,-0.011705898,,,
4.731875,0.000920151,-0.094556359,,,
4.7325,0.001717441,-0.116862252,,,
4.733125,0.00251473,-0.11048914,,,
4.73375,0.00410931,-0.087386608,,,
4.734375,0.008095759,-0.049944572,,,
4.735,0.012082208,-0.019672289,,,
4.735625,0.019257817,0.008210078,,,
4.73625,0.023244266,0.026532776,,,
4.736875,0.024041555,0.032109249,,,
4.7375,0.024838845,0.035295805,,,
4.738125,0.024838845,0.037685722,,,
4.73875,0.024041555,0.039279001,,,
4.739375,0.025636135,0.04007564,,,
4.74,0.039190062,0.117349627,,,
4.740625,0.043176511,0.171521082,,,
4.74125,0.042379221,0.177097555,,,
4.741875,0.039190062,0.15638494,,,
4.7425,0.034406323,0.117349627,,,
4.743125,0.032014454,0.078314314,,,
4.74375,0.028028005,0.047245391,,,
4.744375,0.026433425,0.022549581,,,
4.745,0.024041555,0.012989912,,,
4.745625,0.024041555,0.009803356,,,
4.74625,0.023244266,0.005820161,,,
4.746875,0.022446976,0.005023522,,,
4.7475,0.023244266,0.004226883,,,
4.748125,0.009690339,-0.036401709,,,
4.74875,0.000920151,-0.107302584,,,
4.749375,0.000920151,-0.11845553,,,
4.75,0.00251473,-0.104912667,,,
4.750625,0.00570389,-0.075437022,,,
4.75125,0.008893049,-0.039588265,,,
4.751875,0.014474078,-0.01011262,,,
4.7525,0.021649686,0.015379829,,,
4.753125,0.024041555,0.029719332,,,
4.75375,0.024041555,0.032905888,,,
4.754375,0.024041555,0.036092444,,,
4.755,0.024041555,0.037685722,,,
4.755625,0.024041555,0.04007564,,,
4.75625,0.029622584,0.054415142,,,
4.756875,0.041581931,0.144435354,,,
4.7575,0.043176511,0.177097555,,,
4.758125,0.041581931,0.172317721,,,
4.75875,0.039190062,0.146028633,,,
4.759375,0.033609033,0.103010124,,,
4.76,0.031217164,0.067958006,,,
4.760625,0.028028005,0.038482362,,,
4.76125,0.025636135,0.018566385,,,
4.761875,0.024838845,0.012193273,,,
4.7625,0.024041555,0.008210078,,,
4.763125,0.023244266,0.005820161,,,
4.76375,0.023244266,0.004226883,,,
4.764375,0.021649686,0.002633605,,,
4.765,0.00251473,-0.069860549,,,
4.765625,0.000920151,-0.113675696,,,
4.76625,0.000920151,-0.116065613,,,
4.766875,0.00251473,-0.097742915,,,
4.7675,0.00650118,-0.063487436,,,
4.768125,0.010487629,-0.030028596,,,
4.76875,0.016865947,-0.001349591,,,
4.769375,0.022446976,0.020956303,,,
4.77,0.023244266,0.030515971,,,
4.770625,0.024041555,0.033702527,,,
4.77125,0.024041555,0.036889083,,,
4.771875,0.024041555,0.039279001,,,
4.7725,0.024041555,0.039279001,,,
4.773125,0.033609033,0.080704231,,,
4.77375,0.042379221,0.161961413,,,
4.774375,0.043176511,0.178690833,,,
4.775,0.039987352,0.165944609,,,
4.775625,0.036798193,0.132485769,,,
4.77625,0.032811743,0.090263899,,,
4.776875,0.029622584,0.058398338,,,
4.7775,0.027230715,0.030515971,,,
4.778125,0.024838845,0.015379829,,,
4.77875,0.024041555,0.011396634,,,
4.779375,0.023244266,0.0066168,,,
4.78,0.023244266,0.005023522,,,
4.780625,0.022446976,0.003430244,,,
4.78125,0.016068657,-0.010909259,,,
4.781875,0.000920151,-0.09375972,,,
4.7825,0.000920151,-0.117658891,,,
4.783125,0.001717441,-0.111285779,,,
4.78375,0.00251473,-0.088183247,,,
4.784375,0.00650118,-0.050741211,,,
4.785,0.012082208,-0.019672289,,,
4.785625,0.019257817,0.008210078,,,
4.78625,0.022446976,0.026532776,,,
4.786875,0.023244266,0.032109249,,,
4.7875,0.023244266,0.035295805,,,
4.788125,0.024041555,0.037685722,,,
4.78875,0.024041555,0.04007564,,,
4.789375,0.024838845,0.04007564,,,
4.79,0.038392772,0.11495971,,,
4.790625,0.042379221,0.171521082,,,
4.79125,0.042379221,0.177894194,,,
4.791875,0.039190062,0.157181579,,,
4.7925,0.034406323,0.118146266,,,
4.793125,0.031217164,0.078314314,,,
4.79375,0.028825294,0.04804203,,,
4.794375,0.025636135,0.02334622,,,
4.795,0.024838845,0.012193273,,,
4.795625,0.023244266,0.009803356,,,
4.79625,0.022446976,0.0066168,,,
4.796875,0.021649686,0.004226883,,,
4.7975,0.021649686,0.004226883,,,
4.798125,0.008893049,-0.034808431,,,
4.79875,0.000122861,-0.107302584,,,
4.799375,0.000122861,-0.11845553,,,
4.8,0.001717441,-0.106505945,,,
4.800625,0.00410931,-0.0770303,,,
4.80125,0.008893049,-0.039588265,,,
4.801875,0.013676788,-0.010909259,,,
4.8025,0.020055106,0.01458319,,,
4.803125,0.022446976,0.028922693,,,
4.80375,0.022446976,0.033702527,,,
4.804375,0.023244266,0.036092444,,,
4.805,0.024041555,0.037685722,,,
4.805625,0.024041555,0.04007564,,,
4.80625,0.028028005,0.052821864,,,
4.806875,0.039987352,0.143638715,,,
4.8075,0.042379221,0.176300916,,,
4.808125,0.040784642,0.17311436,,,
4.80875,0.037595482,0.146825272,,,
4.809375,0.032811743,0.104603402,,,
4.81,0.030419874,0.069551284,,,
4.810625,0.028028005,0.04007564,,,
4.81125,0.025636135,0.019363024,,,
4.811875,0.024041555,0.011396634,,,
4.8125,0.024041555,0.009006717,,,
4.813125,0.023244266,0.0066168,,,
4.81375,0.022446976,0.005023522,,,
4.814375,0.021649686,0.003430244,,,
4.815,0.00251473,-0.066673992,,,
4.815625,0.000920151,-0.113675696,,,
4.81625,0.000920151,-0.116065613,,,
4.816875,0.00251473,-0.098539554,,,
4.8175,0.00570389,-0.064284075,,,
4.818125,0.008893049,-0.030028596,,,
4.81875,0.016068657,-0.000552952,,,
4.819375,0.022446976,0.020956303,,,
4.82,0.023244266,0.030515971,,,
4.820625,0.023244266,0.033702527,,,
4.82125,0.023244266,0.036092444,,,
4.821875,0.024041555,0.039279001,,,
4.8225,0.024041555,0.04007564,,,
4.823125,0.032811743,0.077517675,,,
4.82375,0.041581931,0.161164774,,,
4.824375,0.043176511,0.178690833,,,
4.825,0.039987352,0.166741248,,,
4.825625,0.036000903,0.134875686,,,
4.82625,0.032014454,0.092653817,,,
4.826875,0.029622584,0.059194977,,,
4.8275,0.027230715,0.03131261,,,
4.828125,0.024838845,0.016176468,,,
4.82875,0.024041555,0.012193273,,,
4.829375,0.023244266,0.008210078,,,
4.83,0.023244266,0.0066168,,,
4.830625,0.022446976,0.004226883,,,
4.83125,0.016865947,-0.007722703,,,
4.831875,0.000122861,-0.090573164,,,
4.8325,0.000122861,-0.116065613,,,
4.833125,0.000920151,-0.111285779,,,
4.83375,0.00251473,-0.088979886,,,
4.834375,0.00650118,-0.051537851,,,
4.835,0.012082208,-0.019672289,,,
4.835625,0.019257817,0.007413439,,,
4.83625,0.022446976,0.026532776,,,
4.836875,0.023244266,0.032905888,,,
4.8375,0.024041555,0.036092444,,,
4.838125,0.024838845,0.037685722,,,
4.83875,0.024041555,0.04007564,,,
4.839375,0.024838845,0.04007564,,,
4.84,0.039190062,0.111773154,,,
4.840625,0.043176511,0.170724443,,,
4.84125,0.043176511,0.178690833,,,
4.841875,0.039987352,0.158774857,,,
4.8425,0.034406323,0.121332822,,,
4.843125,0.032014454,0.080704231,,,
4.84375,0.028825294,0.049635308,,,
4.844375,0.026433425,0.024142859,,,
4.845,0.024838845,0.01458319,,,
4.845625,0.024041555,0.009803356,,,
4.84625,0.023244266,0.007413439,,,
4.846875,0.023244266,0.005023522,,,
4.8475,0.022446976,0.004226883,,,
4.848125,0.010487629,-0.031621874,,,
4.84875,0.000920151,-0.105709306,,,
4.849375,0.000920151,-0.117658891,,,
4.85,0.001717441,-0.106505945,,,
4.850625,0.00410931,-0.077826939,,,
4.85125,0.008893049,-0.041181543,,,
4.851875,0.014474078,-0.010909259,,,
4.8525,0.020852396,0.01458319,,,
4.853125,0.023244266,0.028922693,,,
4.85375,0.024041555,0.033702527,,,
4.854375,0.023244266,0.036092444,,,
4.855,0.024041555,0.037685722,,,
4.855625,0.024041555,0.040872279,,,
4.85625,0.028028005,0.052025225,,,
4.856875,0.040784642,0.141248798,,,
4.8575,0.041581931,0.176300916,,,
4.858125,0.040784642,0.17311436,,,
4.85875,0.037595482,0.14841855,,,
4.859375,0.032811743,0.104603402,,,
4.86,0.030419874,0.070347923,,,
4.860625,0.027230715,0.040872279,,,
4.86125,0.025636135,0.019363024,,,
4.861875,0.024041555,0.012193273,,,
4.8625,0.024041555,0.009006717,,,
4.863125,0.022446976,0.0066168,,,
4.86375,0.022446976,0.004226883,,,
4.864375,0.021649686,0.004226883,,,
4.865,0.00251473,-0.063487436,,,
4.865625,0.000122861,-0.112879057,,,
4.86625,0.000920151,-0.116065613,,,
4.866875,0.001717441,-0.099336193,,,
4.8675,0.00570389,-0.065080714,,,
4.868125,0.009690339,-0.030028596,,,
4.86875,0.016865947,-0.001349591,,,
4.869375,0.021649686,0.020956303,,,
4.87,0.022446976,0.03131261,,,
4.870625,0.023244266,0.034499166,,,
4.87125,0.023244266,0.036889083,,,
4.871875,0.024838845,0.039279001,,,
4.8725,0.024838845,0.04007564,,,
4.873125,0.032811743,0.075127758,,,
4.87375,0.042379221,0.160368135,,,
4.874375,0.043176511,0.178690833,,,
4.875,0.040784642,0.165944609,,,
4.875625,0.036798193,0.134875686,,,
4.87625,0.032014454,0.091857178,,,
4.876875,0.029622584,0.059194977,,,
4.8775,0.027230715,0.03131261,,,
4.878125,0.024838845,0.015379829,,,
4.87875,0.024041555,0.010599995,,,
4.879375,0.023244266,0.007413439,,,
4.88,0.023244266,0.005820161,,,
4.880625,0.022446976,0.005023522,,,
4.88125,0.017663237,-0.006129425,,,
4.881875,0.001717441,-0.088979886,,,
4.8825,0.000920151,-0.116862252,,,
4.883125,0.00251473,-0.112082418,,,
4.88375,0.00410931,-0.090573164,,,
4.884375,0.008095759,-0.053927768,,,
4.885,0.012082208,-0.021265567,,,
4.885625,0.018460527,0.005820161,,,
4.88625,0.023244266,0.024939498,,,
4.886875,0.024041555,0.03131261,,,
4.8875,0.024041555,0.034499166,,,
4.888125,0.024041555,0.037685722,,,
4.88875,0.024838845,0.039279001,,,
4.889375,0.024838845,0.04007564,,,
4.89,0.038392772,0.108586597,,,
4.890625,0.042379221,0.169927804,,,
4.89125,0.042379221,0.177097555,,,
4.891875,0.039987352,0.158774857,,,
4.8925,0.035203613,0.119739544,,,
4.893125,0.032014454,0.080704231,,,
4.89375,0.028825294,0.049635308,,,
4.894375,0.026433425,0.024142859,,,
4.895,0.024041555,0.012989912,,,
4.895625,0.023244266,0.009803356,,,
4.89625,0.022446976,0.0066168,,,
4.896875,0.021649686,0.004226883,,,
4.8975,0.020852396,0.003430244,,,
4.898125,0.009690339,-0.030825235,,,
4.89875,0.000122861,-0.106505945,,,
4.899375,0.000122861,-0.11845553,,,
4.9,0.001717441,-0.106505945,,,
4.900625,0.00410931,-0.078623578,,,
4.90125,0.007298469,-0.042774821,,,
4.901875,0.013676788,-0.012502537,,,
4.9025,0.020055106,0.013786551,,,
4.903125,0.023244266,0.028126054,,,
4.90375,0.024041555,0.032109249,,,
4.904375,0.024041555,0.035295805,,,
4.905,0.024041555,0.036889083,,,
4.905625,0.024041555,0.039279001,,,
4.90625,0.028028005,0.049635308,,,
4.906875,0.040784642,0.138062242,,,
4.9075,0.042379221,0.174707638,,,
4.908125,0.042379221,0.17311436,,,
4.90875,0.038392772,0.14841855,,,
4.909375,0.033609033,0.10619668,,,
4.91,0.031217164,0.070347923,,,
4.910625,0.028028005,0.04007564,,,
4.91125,0.025636135,0.018566385,,,
4.911875,0.024041555,0.011396634,,,
4.9125,0.023244266,0.008210078,,,
4.913125,0.023244266,0.005820161,,,
4.91375,0.021649686,0.003430244,,,
4.914375,0.021649686,0.002633605,,,
4.915,0.00331202,-0.061097519,,,
4.915625,0.000920151,-0.113675696,,,
4.91625,0.000920151,-0.116862252,,,
4.916875,0.00251473,-0.100132832,,,
4.9175,0.00570389,-0.065877353,,,
4.918125,0.009690339,-0.031621874,,,
4.91875,0.016068657,-0.002942869,,,
4.919375,0.021649686,0.019363024,,,
4.92,0.023244266,0.030515971,,,
4.920625,0.023244266,0.033702527,,,
4.92125,0.024041555,0.037685722,,,
4.921875,0.024041555,0.038482362,,,
4.9225,0.024041555,0.039279001,,,
4.923125,0.032014454,0.071941201,,,
4.92375,0.042379221,0.158774857,,,
4.924375,0.043176511,0.177894194,,,
4.925,0.040784642,0.166741248,,,
4.925625,0.036798193,0.135672325,,,
4.92625,0.032811743,0.092653817,,,
4.926875,0.029622584,0.060788255,,,
4.9275,0.027230715,0.032109249,,,
4.928125,0.025636135,0.016176468,,,
4.92875,0.024041555,0.010599995,,,
4.929375,0.022446976,0.007413439,,,
4.93,0.022446976,0.005023522,,,
4.930625,0.022446976,0.003430244,,,
4.93125,0.016865947,-0.005332786,,,
4.931875,0.000920151,-0.088183247,,,
4.9325,0.000920151,-0.116065613,,,
4.933125,0.001717441,-0.112879057,,,
4.93375,0.00331202,-0.091369803,,,
4.934375,0.00650118,-0.053927768,,,
4.935,0.011284918,-0.022858845,,,
4.935625,0.019257817,0.005820161,,,
4.93625,0.023244266,0.024939498,,,
4.936875,0.024041555,0.032109249,,,
4.9375,0.023244266,0.035295805,,,
4.938125,0.024041555,0.037685722,,,
4.93875,0.024838845,0.039279001,,,
4.939375,0.025636135,0.04007564,,,
4.94,0.038392772,0.10619668,,,
4.940625,0.042379221,0.169131165,,,
4.94125,0.042379221,0.178690833,,,
4.941875,0.039987352,0.160368135,,,
4.9425,0.033609033,0.122129461,,,
4.943125,0.031217164,0.082297509,,,
4.94375,0.028825294,0.050431947,,,
4.944375,0.025636135,0.024939498,,,
4.945,0.024041555,0.012989912,,,
4.945625,0.023244266,0.009803356,,,
4.94625,0.021649686,0.0066168,,,
4.946875,0.021649686,0.005023522,,,
4.9475,0.020852396,0.003430244,,,
4.948125,0.010487629,-0.027638679,,,
4.94875,0.000122861,-0.104912667,,,
4.949375,0.000122861,-0.11845553,,,
4.95,0.001717441,-0.108099223,,,
4.950625,0.00410931,-0.080216856,,,
4.95125,0.008095759,-0.04357146,,,
4.951875,0.013676788,-0.013299176,,,
4.9525,0.020055106,0.012989912,,,
4.953125,0.023244266,0.028126054,,,
4.95375,0.024041555,0.032109249,,,
4.954375,0.024041555,0.035295805,,,
4.955,0.024041555,0.037685722,,,
4.955625,0.024041555,0.04007564,,,
4.95625,0.027230715,0.04804203,,,
4.956875,0.039987352,0.137265603,,,
4.9575,0.042379221,0.175504277,,,
4.958125,0.041581931,0.174707638,,,
4.95875,0.038392772,0.150011828,,,
4.959375,0.032811743,0.108586597,,,
4.96,0.031217164,0.071941201,,,
4.960625,0.028028005,0.041668918,,,
4.96125,0.025636135,0.020159663,,,
4.961875,0.024838845,0.012193273,,,
4.9625,0.023244266,0.009006717,,,
4.963125,0.022446976,0.0066168,,,
4.96375,0.021649686,0.005023522,,,
4.964375,0.021649686,0.003430244,,,
4.965,0.00410931,-0.057910963,,,
4.965625,0.000920151,-0.112082418,,,
4.96625,0.000920151,-0.116862252,,,
4.966875,0.00251473,-0.100929471,,,
4.9675,0.00570389,-0.067470631,,,
4.968125,0.009690339,-0.032418513,,,
4.96875,0.016068657,-0.002942869,,,
4.969375,0.021649686,0.019363024,,,
4.97,0.023244266,0.030515971,,,
4.970625,0.024041555,0.033702527,,,
4.97125,0.024041555,0.036889083,,,
4.971875,0.024041555,0.037685722,,,
4.9725,0.024041555,0.04007564,,,
4.973125,0.032014454,0.070347923,,,
4.97375,0.042379221,0.157978218,,,
4.974375,0.043176511,0.178690833,,,
4.975,0.040784642,0.169131165,,,
4.975625,0.036000903,0.138062242,,,
4.97625,0.032014454,0.095043734,,,
4.976875,0.029622584,0.062381533,,,
4.9775,0.027230715,0.033702527,,,
4.978125,0.025636135,0.016973107,,,
4.97875,0.024041555,0.011396634,,,
4.979375,0.023244266,0.008210078,,,
4.98,0.023244266,0.0066168,,,
4.980625,0.022446976,0.004226883,,,
4.98125,0.017663237,-0.003739508,,,
4.981875,0.000920151,-0.085793329,,,
4.9825,0.000920151,-0.116065613,,,
4.983125,0.000920151,-0.112082418,,,
4.98375,0.00251473,-0.091369803,,,
4.984375,0.00570389,-0.055521046,,,
4.985,0.011284918,-0.022858845,,,
4.985625,0.018460527,0.005023522,,,
4.98625,0.022446976,0.024939498,,,
4.986875,0.023244266,0.032109249,,,
4.9875,0.023244266,0.035295805,,,
4.988125,0.024041555,0.037685722,,,
4.98875,0.024041555,0.04007564,,,
4.989375,0.024041555,0.04007564,,,
4.99,0.036000903,0.102213485,,,
4.990625,0.041581931,0.169131165,,,
4.99125,0.042379221,0.178690833,,,
4.991875,0.039190062,0.161164774,,,
4.9925,0.034406323,0.123722739,,,
4.993125,0.031217164,0.083890787,,,
4.99375,0.028028005,0.052025225,,,
4.994375,0.025636135,0.026532776,,,
4.995,0.024041555,0.013786551,,,
4.995625,0.023244266,0.009803356,,,
4.99625,0.022446976,0.0066168,,,
4.996875,0.021649686,0.004226883,,,
4.9975,0.021649686,0.003430244,,,
4.998125,0.011284918,-0.025248762,,,
4.99875,0.000122861,-0.103319388,,,
4.999375,0.000920151,-0.116862252,,,
5,0.00251473,-0.107302584,,,
5.000625,0.00410931,-0.080216856,,,
5.00125,0.008095759,-0.042774821,,,
5.001875,0.013676788,-0.013299176,,,
5.0025,0.020852396,0.012193273,,,
5.003125,0.023244266,0.027329415,,,
5.00375,0.024041555,0.032905888,,,
5.004375,0.024041555,0.036092444,,,
5.005,0.024838845,0.037685722,,,
5.005625,0.024041555,0.04007564,,,
5.00625,0.027230715,0.046448752,,,
5.006875,0.040784642,0.134875686,,,
5.0075,0.043176511,0.174707638,,,
5.008125,0.041581931,0.174707638,,,
5.00875,0.038392772,0.150808467,,,
5.009375,0.033609033,0.109383236,,,
5.01,0.031217164,0.07273784,,,
5.010625,0.028028005,0.042465557,,,
5.01125,0.025636135,0.020956303,,,
5.011875,0.024041555,0.012193273,,,
5.0125,0.024041555,0.009006717,,,
5.013125,0.023244266,0.0066168,,,
5.01375,0.022446976,0.005023522,,,
5.014375,0.022446976,0.005023522,,,
5.015,0.00570389,-0.054724407,,,
5.015625,0.001717441,-0.111285779,,,
5.01625,0.001717441,-0.116862252,,,
5.016875,0.00331202,-0.100929471,,,
5.0175,0.00650118,-0.067470631,,,
5.018125,0.009690339,-0.034011792,,,
5.01875,0.016865947,-0.004536147,,,
5.019375,0.022446976,0.020159663,,,
5.02,0.024041555,0.03131261,,,
5.020625,0.024838845,0.034499166,,,
5.02125,0.024838845,0.036889083,,,
5.021875,0.024838845,0.039279001,,,
5.0225,0.025636135,0.040872279,,,
5.023125,0.032014454,0.068754645,,,
5.02375,0.042379221,0.15638494,,,
5.024375,0.043973801,0.177894194,,,
5.025,0.041581931,0.169131165,,,
5.025625,0.036798193,0.138062242,,,
5.02625,0.032811743,0.095840373,,,
5.026875,0.030419874,0.062381533,,,
5.0275,0.027230715,0.033702527,,,
5.028125,0.024838845,0.016973107,,,
5.02875,0.024041555,0.010599995,,,
5.029375,0.023244266,0.008210078,,,
5.03,0.023244266,0.0066168,,,
5.030625,0.022446976,0.005820161,,,
5.03125,0.018460527,-0.00214623,,,
5.031875,0.000920151,-0.084200051,,,
5.0325,0.000920151,-0.116065613,,,
5.033125,0.000920151,-0.112879057,,,
5.03375,0.00251473,-0.092166442,,,
5.034375,0.00650118,-0.056317685,,,
5.035,0.011284918,-0.023655484,,,
5.035625,0.019257817,0.005023522,,,
5.03625,0.022446976,0.024939498,,,
5.036875,0.023244266,0.032109249,,,
5.0375,0.023244266,0.034499166,,,
5.038125,0.023244266,0.037685722,,,
5.03875,0.023244266,0.039279001,,,
5.039375,0.024041555,0.040872279,,,
5.04,0.036000903,0.099823568,,,
5.040625,0.042379221,0.168334526,,,
5.04125,0.041581931,0.178690833,,,
5.041875,0.039190062,0.161164774,,,
5.0425,0.035203613,0.124519378,,,
5.043125,0.032014454,0.083890787,,,
5.04375,0.028825294,0.052821864,,,
5.044375,0.026433425,0.026532776,,,
5.045,0.024041555,0.013786551,,,
5.045625,0.024041555,0.009803356,,,
5.04625,0.023244266,0.0066168,,,
5.046875,0.022446976,0.005023522,,,
5.0475,0.021649686,0.004226883,,,
5.048125,0.012082208,-0.022858845,,,
5.04875,0.000920151,-0.10172611,,,
5.049375,0.000920151,-0.117658891,,,
5.05,0.00251473,-0.108099223,,,
5.050625,0.00410931,-0.080216856,,,
5.05125,0.008095759,-0.045164738,,,
5.051875,0.013676788,-0.013299176,,,
5.0525,0.020852396,0.012193273,,,
5.053125,0.023244266,0.028126054,,,
5.05375,0.023244266,0.032905888,,,
5.054375,0.024041555,0.035295805,,,
5.055,0.024838845,0.037685722,,,
5.055625,0.024041555,0.04007564,,,
5.05625,0.027230715,0.046448752,,,
5.056875,0.039987352,0.132485769,,,
5.0575,0.043176511,0.175504277,,,
5.058125,0.042379221,0.176300916,,,
5.05875,0.038392772,0.152401745,,,
5.059375,0.033609033,0.110976515,,,
5.06,0.032014454,0.073534479,,,
5.060625,0.029622584,0.043262196,,,
5.06125,0.026433425,0.020956303,,,
5.061875,0.024838845,0.012989912,,,
5.0625,0.024041555,0.009803356,,,
5.063125,0.023244266,0.0066168,,,
5.06375,0.022446976,0.005023522,,,
5.064375,0.022446976,0.005023522,,,
5.065,0.00570389,-0.051537851,,,
5.065625,0.001717441,-0.11048914,,,
5.06625,0.001717441,-0.116862252,,,
5.066875,0.00331202,-0.10172611,,,
5.0675,0.00650118,-0.06906391,,,
5.068125,0.009690339,-0.034808431,,,
5.06875,0.016068657,-0.005332786,,,
5.069375,0.022446976,0.018566385,,,
5.07,0.024041555,0.029719332,,,
5.070625,0.024838845,0.033702527,,,
5.07125,0.024838845,0.036889083,,,
5.071875,0.024838845,0.038482362,,,
5.0725,0.025636135,0.04007564,,,
5.073125,0.031217164,0.066364728,,,
5.07375,0.042379221,0.155588301,,,
5.074375,0.043176511,0.178690833,,,
5.075,0.041581931,0.169927804,,,
5.075625,0.036798193,0.13965552,,,
5.07625,0.032811743,0.096637012,,,
5.076875,0.030419874,0.063178172,,,
5.0775,0.027230715,0.034499166,,,
5.078125,0.024838845,0.016973107,,,
5.07875,0.024041555,0.010599995,,,
5.079375,0.023244266,0.007413439,,,
5.08,0.022446976,0.005820161,,,
5.080625,0.022446976,0.003430244,,,
5.08125,0.018460527,-0.00214623,,,
5.081875,0.000920151,-0.083403412,,,
5.0825,0.000920151,-0.116065613,,,
5.083125,0.001717441,-0.112879057,,,
5.08375,0.00410931,-0.092963081,,,
5.084375,0.007298469,-0.057114324,,,
5.085,0.011284918,-0.024452123,,,
5.085625,0.018460527,0.003430244,,,
5.08625,0.022446976,0.024142859,,,
5.086875,0.023244266,0.032109249,,,
5.0875,0.024041555,0.034499166,,,
5.088125,0.024041555,0.036889083,,,
5.08875,0.024041555,0.039279001,,,
5.089375,0.024838845,0.04007564,,,
5.09,0.036000903,0.097433651,,,
5.090625,0.042379221,0.168334526,,,
5.09125,0.043176511,0.179487472,,,
5.091875,0.039987352,0.162758052,,,
5.0925,0.035203613,0.126112656,,,
5.093125,0.032811743,0.086280704,,,
5.09375,0.029622584,0.054415142,,,
5.094375,0.027230715,0.027329415,,,
5.095,0.024838845,0.01458319,,,
5.095625,0.024041555,0.010599995,,,
5.09625,0.024041555,0.008210078,,,
5.096875,0.023244266,0.005820161,,,
5.0975,0.022446976,0.005023522,,,
5.098125,0.012879498,-0.021265567,,,
5.09875,0.000920151,-0.100929471,,,
5.099375,0.000920151,-0.116862252,,,
5.1,0.001717441,-0.108099223,,,
5.100625,0.00410931,-0.081810134,,,
5.10125,0.008893049,-0.044368099,,,
5.101875,0.013676788,-0.014892454,,,
5.1025,0.020852396,0.011396634,,,
5.103125,0.023244266,0.027329415,,,
5.10375,0.024041555,0.032905888,,,
5.104375,0.024041555,0.036092444,,,
5.105,0.024041555,0.037685722,,,
5.105625,0.024838845,0.039279001,,,
5.10625,0.027230715,0.044058835,,,
5.106875,0.039987352,0.130892491,,,
5.1075,0.043176511,0.173910999,,,
5.108125,0.041581931,0.174707638,,,
5.10875,0.039190062,0.152401745,,,
5.109375,0.033609033,0.110976515,,,
5.11,0.030419874,0.073534479,,,
5.110625,0.028028005,0.043262196,,,
5.11125,0.025636135,0.020956303,,,
5.111875,0.024041555,0.012193273,,,
5.1125,0.024041555,0.009006717,,,
5.113125,0.023244266,0.0066168,,,
5.11375,0.022446976,0.005023522,,,
5.114375,0.021649686,0.005023522,,,
5.115,0.00570389,-0.049147933,,,
5.115625,0.000920151,-0.11048914,,,
5.11625,0.000920151,-0.117658891,,,
5.116875,0.00251473,-0.10172611,,,
5.1175,0.0049066,-0.069860549,,,
5.118125,0.008893049,-0.03560507,,,
5.11875,0.015271367,-0.006129425,,,
