Time (s),Channel 1 (V),Channel 2 (V)
-2.56,0.012879498,-0.072250466
-2.5596875,0.012879498,-0.092963081
-2.559375,0.013676788,-0.091369803
-2.5590625,0.014474078,-0.083403412
-2.55875,0.016068657,-0.06826727
-2.5584375,0.017663237,-0.050741211
-2.558125,0.020055106,-0.031621874
-2.5578125,0.022446976,-0.014095815
-2.5575,0.027230715,0.002633605
-2.5571875,0.030419874,0.016176468
-2.556875,0.032014454,0.024939498
-2.5565625,0.032014454,0.028922693
-2.55625,0.032811743,0.032109249
-2.5559375,0.032014454,0.032905888
-2.555625,0.032811743,0.032905888
-2.5553125,0.032811743,0.032905888
-2.555,0.032811743,0.032905888
-2.5546875,0.032014454,0.032905888
-2.554375,0.032811743,0.032109249
-2.5540625,0.034406323,0.036889083
-2.55375,0.036798193,0.05600842
-2.5534375,0.036798193,0.069551284
-2.553125,0.043176511,0.107789958
-2.5528125,0.04875754,0.178690833
-2.5525,0.04716296,0.215336229
-2.5521875,0.04796025,0.233658927
-2.551875,0.04716296,0.233658927
-2.5515625,0.04955483,0.240828679
-2.55125,0.04716296,0.23126901
-2.5509375,0.045568381,0.213742951
-2.550625,0.045568381,0.18984378
-2.5503125,0.043973801,0.162758052
-2.55,0.040784642,0.133282408
-2.5496875,0.039190062,0.107789958
-2.549375,0.039190062,0.084687426
-2.5490625,0.037595482,0.06477145
-2.54875,0.036798193,0.046448752
-2.5484375,0.031217164,0.015379829
-2.548125,0.025636135,-0.007722703
-2.5478125,0.024041555,-0.016485733
-2.5475,0.021649686,-0.029231957
-2.5471875,0.018460527,-0.047554655
-2.546875,0.017663237,-0.059504241
-2.5465625,0.016865947,-0.067470631
-2.54625,0.016068657,-0.075437022
-2.5459375,0.016068657,-0.080216856
-2.545625,0.018460527,-0.06906391
-2.5453125,0.018460527,-0.057114324
-2.545,0.019257817,-0.045961377
-2.5446875,0.019257817,-0.039588265
-2.544375,0.024041555,-0.01887565
-2.5440625,0.027230715,-0.00214623
-2.54375,0.024838845,-0.002942869
-2.5434375,0.012879498,-0.054724407
-2.543125,0.012879498,-0.089776525
-2.5428125,0.013676788,-0.09375972
-2.5425,0.014474078,-0.087386608
-2.5421875,0.016068657,-0.072250466
-2.541875,0.016865947,-0.059504241
-2.5415625,0.019257817,-0.037198348
-2.54125,0.021649686,-0.01887565
-2.5409375,0.025636135,-0.002942869
-2.540625,0.030419874,0.011396634
-2.5403125,0.031217164,0.024142859
-2.54,0.032811743,0.028922693
-2.5396875,0.032811743,0.03131261
-2.539375,0.032811743,0.033702527
-2.5390625,0.032811743,0.034499166
-2.53875,0.033609033,0.034499166
-2.5384375,0.032811743,0.034499166
-2.538125,0.032811743,0.034499166
-2.5378125,0.032014454,0.033702527
-2.5375,0.032811743,0.034499166
-2.5371875,0.035203613,0.050431947
-2.536875,0.037595482,0.067958006
-2.5365625,0.039987352,0.086280704
-2.53625,0.04796025,0.159571496
-2.5359375,0.04796025,0.204979922
-2.535625,0.04875754,0.229675732
-2.5353125,0.04796025,0.234455567
-2.535,0.04875754,0.238438762
-2.5346875,0.04796025,0.236845484
-2.534375,0.045568381,0.220912703
-2.5340625,0.04636567,0.200200088
-2.53375,0.045568381,0.172317721
-2.5334375,0.043176511,0.145231993
-2.533125,0.039987352,0.116552988
-2.5328125,0.039987352,0.091857178
-2.5325,0.038392772,0.071144562
-2.5321875,0.037595482,0.053618503
-2.531875,0.033609033,0.027329415
-2.5315625,0.026433425,-0.002942869
-2.53125,0.024838845,-0.014095815
-2.5309375,0.021649686,-0.023655484
-2.530625,0.019257817,-0.041181543
-2.5303125,0.017663237,-0.055521046
-2.53,0.017663237,-0.065877353
-2.5296875,0.016865947,-0.072250466
-2.529375,0.016068657,-0.081810134
-2.5290625,0.017663237,-0.073047105
-2.52875,0.018460527,-0.061894158
-2.5284375,0.019257817,-0.049944572
-2.528125,0.019257817,-0.041978182
-2.5278125,0.022446976,-0.027638679
-2.5275,0.027230715,-0.006129425
-2.5271875,0.028825294,0.003430244
-2.526875,0.016865947,-0.036401709
-2.5265625,0.012879498,-0.083403412
-2.52625,0.013676788,-0.09375972
-2.5259375,0.014474078,-0.090573164
-2.525625,0.015271367,-0.079420217
-2.5253125,0.016865947,-0.065877353
-2.525,0.019257817,-0.045164738
-2.5246875,0.020852396,-0.025248762
-2.524375,0.024041555,-0.008519342
-2.5240625,0.028825294,0.0066168
-2.52375,0.032014454,0.019363024
-2.5234375,0.032811743,0.027329415
-2.523125,0.032014454,0.03131261
-2.5228125,0.032014454,0.032905888
-2.5225,0.032811743,0.033702527
-2.5221875,0.032811743,0.034499166
-2.521875,0.032014454,0.034499166
-2.5215625,0.032014454,0.033702527
-2.52125,0.032811743,0.033702527
-2.5209375,0.032811743,0.032109249
-2.520625,0.035203613,0.042465557
-2.5203125,0.036798193,0.062381533
-2.52,0.038392772,0.073534479
-2.5196875,0.044771091,0.130892491
-2.519375,0.04875754,0.192233697
-2.5190625,0.04716296,0.224099259
-2.51875,0.04796025,0.235252206
-2.5184375,0.04796025,0.235252206
-2.518125,0.04796025,0.239235401
-2.5178125,0.045568381,0.225692537
-2.5175,0.045568381,0.208166478
-2.5171875,0.045568381,0.18187739
-2.516875,0.043176511,0.15638494
-2.5165625,0.039987352,0.126112656
-2.51625,0.039190062,0.100620207
-2.5159375,0.038392772,0.077517675
-2.515625,0.037595482,0.058398338
-2.5153125,0.036000903,0.038482362
-2.515,0.028825294,0.005820161
-2.5146875,0.024838845,-0.011705898
-2.514375,0.023244266,-0.019672289
-2.5140625,0.020852396,-0.03560507
-2.51375,0.018460527,-0.05233449
-2.5134375,0.017663237,-0.063487436
-2.513125,0.016865947,-0.069860549
-2.5128125,0.014474078,-0.078623578
-2.5125,0.016865947,-0.077826939
-2.5121875,0.018460527,-0.065080714
-2.511875,0.019257817,-0.053927768
-2.5115625,0.019257817,-0.045164738
-2.51125,0.020852396,-0.036401709
-2.5109375,0.025636135,-0.013299176
-2.510625,0.028825294,0.001836965
-2.5103125,0.020852396,-0.016485733
-2.51,0.012082208,-0.070657188
-2.5096875,0.012879498,-0.092166442
-2.509375,0.013676788,-0.092166442
-2.5090625,0.014474078,-0.085793329
-2.50875,0.016068657,-0.069860549
-2.5084375,0.017663237,-0.053131129
-2.508125,0.020055106,-0.032418513
-2.5078125,0.023244266,-0.014892454
-2.5075,0.028028005,0.001836965
-2.5071875,0.031217164,0.016176468
-2.506875,0.032014454,0.024939498
-2.5065625,0.032811743,0.029719332
-2.50625,0.032811743,0.032109249
-2.5059375,0.033609033,0.033702527
-2.505625,0.033609033,0.034499166
-2.5053125,0.033609033,0.033702527
-2.505,0.032811743,0.033702527
-2.5046875,0.032811743,0.033702527
-2.504375,0.032811743,0.032109249
-2.5040625,0.034406323,0.036889083
-2.50375,0.036798193,0.05680506
-2.5034375,0.037595482,0.071144562
-2.503125,0.043176511,0.103806763
-2.5028125,0.04955483,0.177097555
-2.5025,0.04796025,0.216132868
-2.5021875,0.04875754,0.234455567
-2.501875,0.04796025,0.233658927
-2.5015625,0.050352119,0.242421957
-2.50125,0.04716296,0.232862288
-2.5009375,0.04636567,0.216929508
-2.500625,0.04636567,0.193030336
-2.5003125,0.044771091,0.166741248
-2.5,0.042379221,0.136468964
-2.4996875,0.039987352,0.109383236
-2.499375,0.039987352,0.086280704
-2.4990625,0.038392772,0.065568089
-2.49875,0.036798193,0.04804203
-2.4984375,0.032014454,0.016973107
-2.498125,0.026433425,-0.007722703
-2.4978125,0.024041555,-0.016485733
-2.4975,0.020852396,-0.029231957
-2.4971875,0.019257817,-0.046758016
-2.496875,0.018460527,-0.058707602
-2.4965625,0.018460527,-0.067470631
-2.49625,0.016865947,-0.075437022
-2.4959375,0.016865947,-0.081013495
-2.495625,0.018460527,-0.070657188
-2.4953125,0.019257817,-0.059504241
-2.495,0.019257817,-0.048351294
-2.4946875,0.020055106,-0.041181543
-2.494375,0.024041555,-0.021265567
-2.4940625,0.028028005,-0.00214623
-2.49375,0.027230715,-0.00214623
-2.4934375,0.014474078,-0.053131129
-2.493125,0.012879498,-0.091369803
-2.4928125,0.014474078,-0.09375972
-2.4925,0.015271367,-0.088979886
-2.4921875,0.016068657,-0.074640383
-2.491875,0.017663237,-0.06030088
-2.4915625,0.020055106,-0.038791626
-2.49125,0.022446976,-0.019672289
-2.4909375,0.027230715,-0.003739508
-2.490625,0.031217164,0.010599995
-2.4903125,0.034406323,0.022549581
-2.49,0.033609033,0.027329415
-2.4896875,0.033609033,0.03131261
-2.489375,0.034406323,0.032905888
-2.4890625,0.033609033,0.034499166
-2.48875,0.033609033,0.032905888
-2.4884375,0.033609033,0.032905888
-2.488125,0.033609033,0.032905888
-2.4878125,0.033609033,0.032905888
-2.4875,0.033609033,0.032905888
-2.4871875,0.036000903,0.048838669
-2.486875,0.037595482,0.066364728
-2.4865625,0.039987352,0.083890787
-2.48625,0.04875754,0.15638494
-2.4859375,0.04955483,0.204979922
-2.485625,0.04955483,0.229675732
-2.4853125,0.04875754,0.236048845
-2.485,0.04955483,0.24003204
-2.4846875,0.04875754,0.239235401
-2.484375,0.04636567,0.221709342
-2.4840625,0.04636567,0.203386644
-2.48375,0.045568381,0.174707638
-2.4834375,0.043176511,0.14841855
-2.483125,0.040784642,0.118146266
-2.4828125,0.039987352,0.093450456
-2.4825,0.039190062,0.071941201
-2.4821875,0.038392772,0.054415142
-2.481875,0.034406323,0.028922693
-2.4815625,0.028028005,-0.001349591
-2.48125,0.025636135,-0.014892454
-2.4809375,0.022446976,-0.024452123
-2.480625,0.020852396,-0.041181543
-2.4803125,0.020055106,-0.055521046
-2.48,0.019257817,-0.066673992
-2.4796875,0.017663237,-0.072250466
-2.479375,0.016865947,-0.082606773
-2.4790625,0.017663237,-0.075437022
-2.47875,0.019257817,-0.062690797
-2.4784375,0.019257817,-0.051537851
-2.478125,0.020055106,-0.04357146
-2.4778125,0.023244266,-0.029231957
-2.4775,0.027230715,-0.006926064
-2.4771875,0.030419874,0.003430244
-2.476875,0.017663237,-0.033215153
-2.4765625,0.012879498,-0.082606773
-2.47625,0.013676788,-0.095352998
-2.4759375,0.014474078,-0.091369803
-2.475625,0.016068657,-0.081013495
-2.4753125,0.017663237,-0.065877353
-2.475,0.019257817,-0.047554655
-2.4746875,0.020852396,-0.02684204
-2.474375,0.024838845,-0.01011262
-2.4740625,0.029622584,0.005820161
-2.47375,0.032014454,0.018566385
-2.4734375,0.032811743,0.026532776
-2.473125,0.032811743,0.030515971
-2.4728125,0.033609033,0.032109249
-2.4725,0.032811743,0.032905888
-2.4721875,0.033609033,0.033702527
-2.471875,0.033609033,0.033702527
-2.4715625,0.032014454,0.033702527
-2.47125,0.032811743,0.033702527
-2.4709375,0.033609033,0.032905888
-2.470625,0.036000903,0.041668918
-2.4703125,0.037595482,0.061584894
-2.47,0.038392772,0.073534479
-2.4696875,0.045568381,0.130892491
-2.469375,0.04955483,0.192233697
-2.4690625,0.04955483,0.224099259
-2.46875,0.04955483,0.237642123
-2.4684375,0.04875754,0.237642123
-2.468125,0.04955483,0.242421957
-2.4678125,0.04796025,0.228082454
-2.4675,0.04636567,0.210556395
-2.4671875,0.04636567,0.185860585
-2.466875,0.043973801,0.157978218
-2.4665625,0.041581931,0.127705935
-2.46625,0.039987352,0.102213485
-2.4659375,0.039987352,0.079907592
-2.465625,0.038392772,0.060788255
-2.4653125,0.036000903,0.04007564
-2.465,0.030419874,0.008210078
-2.4646875,0.026433425,-0.010909259
-2.464375,0.024838845,-0.019672289
-2.4640625,0.020852396,-0.03560507
-2.46375,0.019257817,-0.05233449
-2.4634375,0.018460527,-0.063487436
-2.463125,0.017663237,-0.070657188
-2.4628125,0.016068657,-0.080216856
-2.4625,0.016865947,-0.081013495
-2.4621875,0.020055106,-0.067470631
-2.461875,0.020055106,-0.056317685
-2.4615625,0.020055106,-0.045961377
-2.46125,0.021649686,-0.037198348
-2.4609375,0.026433425,-0.014095815
-2.460625,0.029622584,0.000243687
-2.4603125,0.023244266,-0.014095815
-2.46,0.013676788,-0.06906391
-2.4596875,0.013676788,-0.095352998
-2.459375,0.014474078,-0.09375972
-2.4590625,0.014474078,-0.085793329
-2.45875,0.016865947,-0.071453827
-2.4584375,0.018460527,-0.054724407
-2.458125,0.020055106,-0.034011792
-2.4578125,0.023244266,-0.015689094
-2.4575,0.027230715,0.000243687
-2.4571875,0.030419874,0.013786551
-2.456875,0.032811743,0.024939498
-2.4565625,0.032811743,0.028922693
-2.45625,0.032811743,0.03131261
-2.4559375,0.033609033,0.032905888
-2.455625,0.033609033,0.032905888
-2.4553125,0.033609033,0.033702527
-2.455,0.033609033,0.033702527
-2.4546875,0.032811743,0.033702527
-2.454375,0.032811743,0.032109249
-2.4540625,0.033609033,0.036092444
-2.45375,0.036000903,0.054415142
-2.4534375,0.036798193,0.070347923
-2.453125,0.042379221,0.102213485
-2.4528125,0.04875754,0.176300916
-2.4525,0.04796025,0.21453959
-2.4521875,0.04955483,0.234455567
-2.451875,0.04796025,0.235252206
-2.4515625,0.04955483,0.243218596
-2.45125,0.04875754,0.235252206
-2.4509375,0.04636567,0.217726147
-2.450625,0.04636567,0.195420253
-2.4503125,0.044771091,0.168334526
-2.45,0.042379221,0.13965552
-2.4496875,0.039987352,0.110976515
-2.449375,0.039987352,0.087077343
-2.4490625,0.038392772,0.066364728
-2.44875,0.037595482,0.048838669
-2.4484375,0.031217164,0.018566385
-2.448125,0.026433425,-0.007722703
-2.4478125,0.024838845,-0.016485733
-2.4475,0.022446976,-0.029231957
-2.4471875,0.020055106,-0.046758016
-2.446875,0.018460527,-0.059504241
-2.4465625,0.018460527,-0.06906391
-2.44625,0.017663237,-0.076233661
-2.4459375,0.016865947,-0.083403412
-2.445625,0.018460527,-0.071453827
-2.4453125,0.020055106,-0.059504241
-2.445,0.020055106,-0.048351294
-2.4446875,0.020852396,-0.041181543
-2.444375,0.024041555,-0.022062206
-2.4440625,0.028028005,-0.002942869
-2.44375,0.027230715,-0.000552952
-2.4434375,0.015271367,-0.050741211
-2.443125,0.012879498,-0.089776525
-2.4428125,0.013676788,-0.094556359
-2.4425,0.015271367,-0.089776525
-2.4421875,0.016865947,-0.076233661
-2.441875,0.017663237,-0.061894158
-2.4415625,0.019257817,-0.039588265
-2.44125,0.023244266,-0.021265567
-2.4409375,0.026433425,-0.005332786
-2.440625,0.031217164,0.009803356
-2.4403125,0.032811743,0.022549581
-2.44,0.033609033,0.028922693
-2.4396875,0.033609033,0.032109249
-2.439375,0.034406323,0.033702527
-2.4390625,0.033609033,0.034499166
-2.43875,0.034406323,0.034499166
-2.4384375,0.034406323,0.034499166
-2.438125,0.033609033,0.035295805
-2.4378125,0.034406323,0.033702527
-2.4375,0.033609033,0.032905888
-2.4371875,0.036000903,0.048838669
-2.436875,0.037595482,0.066364728
-2.4365625,0.039190062,0.083094148
-2.43625,0.04875754,0.154791662
-2.4359375,0.04875754,0.205776561
-2.435625,0.04955483,0.232065649
-2.4353125,0.04875754,0.239235401
-2.435,0.050352119,0.242421957
-2.4346875,0.04955483,0.242421957
-2.434375,0.04716296,0.225692537
-2.4340625,0.04636567,0.207369839
-2.43375,0.04636567,0.178690833
-2.4334375,0.043973801,0.151605106
-2.433125,0.040784642,0.121332822
-2.4328125,0.039987352,0.095840373
-2.4325,0.039987352,0.073534479
-2.4321875,0.038392772,0.055211781
-2.431875,0.036000903,0.03131261
-2.4315625,0.028825294,-0.001349591
-2.43125,0.025636135,-0.014892454
-2.4309375,0.023244266,-0.022858845
-2.430625,0.020055106,-0.041181543
-2.4303125,0.018460527,-0.054724407
-2.43,0.017663237,-0.066673992
-2.4296875,0.017663237,-0.071453827
-2.429375,0.016865947,-0.082606773
-2.4290625,0.017663237,-0.076233661
-2.42875,0.019257817,-0.063487436
-2.4284375,0.019257817,-0.053131129
-2.428125,0.020055106,-0.044368099
-2.4278125,0.023244266,-0.031621874
-2.4275,0.027230715,-0.008519342
-2.4271875,0.029622584,0.002633605
-2.426875,0.017663237,-0.030825235
-2.4265625,0.012879498,-0.082606773
-2.42625,0.014474078,-0.095352998
-2.4259375,0.014474078,-0.092963081
-2.425625,0.015271367,-0.082606773
-2.4253125,0.016865947,-0.067470631
-2.425,0.019257817,-0.048351294
-2.4246875,0.021649686,-0.028435318
-2.424375,0.025636135,-0.01011262
-2.4240625,0.028825294,0.005023522
-2.42375,0.032014454,0.019363024
-2.4234375,0.033609033,0.027329415
-2.423125,0.032811743,0.03131261
-2.4228125,0.033609033,0.032905888
-2.4225,0.033609033,0.034499166
-2.4221875,0.032811743,0.034499166
-2.421875,0.032811743,0.034499166
-2.4215625,0.032811743,0.034499166
-2.42125,0.032811743,0.033702527
-2.4209375,0.032811743,0.032109249
-2.420625,0.035203613,0.040872279
-2.4203125,0.036798193,0.060788255
-2.42,0.038392772,0.073534479
-2.4196875,0.045568381,0.126112656
-2.419375,0.04955483,0.192233697
-2.4190625,0.04875754,0.224099259
-2.41875,0.04875754,0.239235401
-2.4184375,0.04796025,0.237642123
-2.418125,0.04955483,0.244811874
-2.4178125,0.04636567,0.232065649
-2.4175,0.045568381,0.213742951
-2.4171875,0.045568381,0.188250502
-2.416875,0.043973801,0.161164774
-2.4165625,0.040784642,0.129299213
-2.41625,0.039190062,0.104603402
-2.4159375,0.039190062,0.080704231
-2.415625,0.038392772,0.062381533
-2.4153125,0.036000903,0.041668918
-2.415,0.029622584,0.009006717
-2.4146875,0.024838845,-0.011705898
-2.414375,0.024041555,-0.020468928
-2.4140625,0.020852396,-0.034808431
-2.41375,0.019257817,-0.05233449
-2.4134375,0.018460527,-0.062690797
-2.413125,0.017663237,-0.070657188
-2.4128125,0.015271367,-0.080216856
-2.4125,0.016068657,-0.081013495
-2.4121875,0.017663237,-0.06906391
-2.411875,0.019257817,-0.057114324
-2.4115625,0.019257817,-0.046758016
-2.41125,0.020055106,-0.038791626
-2.4109375,0.024041555,-0.015689094
-2.410625,0.028028005,0.000243687
-2.4103125,0.022446976,-0.012502537
-2.41,0.012879498,-0.067470631
-2.4096875,0.012879498,-0.095352998
-2.409375,0.013676788,-0.095352998
-2.4090625,0.014474078,-0.087386608
-2.40875,0.016865947,-0.073047105
-2.4084375,0.017663237,-0.056317685
-2.408125,0.020055106,-0.034808431
-2.4078125,0.021649686,-0.016485733
-2.4075,0.026433425,-0.000552952
-2.4071875,0.029622584,0.013786551
-2.406875,0.032014454,0.024939498
-2.4065625,0.032811743,0.029719332
-2.40625,0.032811743,0.032109249
-2.4059375,0.032811743,0.033702527
-2.405625,0.032811743,0.034499166
-2.4053125,0.033609033,0.034499166
-2.405,0.033609033,0.033702527
-2.4046875,0.033609033,0.034499166
-2.404375,0.032811743,0.032905888
-2.4040625,0.033609033,0.036092444
-2.40375,0.036798193,0.053618503
-2.4034375,0.038392772,0.070347923
-2.403125,0.041581931,0.099026929
-2.4028125,0.04875754,0.17311436
-2.4025,0.04796025,0.216132868
-2.4021875,0.04875754,0.237642123
-2.401875,0.04875754,0.239235401
-2.4015625,0.050352119,0.244811874
-2.40125,0.04875754,0.238438762
-2.4009375,0.04636567,0.220912703
-2.400625,0.04716296,0.198606809
-2.4003125,0.044771091,0.172317721
-2.4,0.042379221,0.141248798
-2.3996875,0.039987352,0.113366432
-2.399375,0.039987352,0.08946726
-2.3990625,0.037595482,0.067958006
-2.39875,0.037595482,0.050431947
-2.3984375,0.032014454,0.020956303
-2.398125,0.026433425,-0.006129425
-2.3978125,0.024838845,-0.016485733
-2.3975,0.022446976,-0.028435318
-2.3971875,0.019257817,-0.045961377
-2.396875,0.017663237,-0.058707602
-2.3965625,0.017663237,-0.06906391
-2.39625,0.016068657,-0.075437022
-2.3959375,0.016068657,-0.083403412
-2.395625,0.017663237,-0.073843744
-2.3953125,0.018460527,-0.061097519
-2.395,0.018460527,-0.049944572
-2.3946875,0.018460527,-0.042774821
-2.394375,0.022446976,-0.023655484
-2.3940625,0.026433425,-0.004536147
-2.39375,0.026433425,-0.000552952
-2.3934375,0.014474078,-0.049147933
-2.393125,0.012879498,-0.090573164
-2.3928125,0.013676788,-0.096149637
-2.3925,0.014474078,-0.091369803
-2.3921875,0.015271367,-0.078623578
-2.391875,0.017663237,-0.063487436
-2.3915625,0.018460527,-0.041978182
-2.39125,0.021649686,-0.023655484
-2.3909375,0.025636135,-0.006129425
-2.390625,0.029622584,0.009006717
-2.3903125,0.032014454,0.022549581
-2.39,0.032014454,0.028126054
-2.3896875,0.032811743,0.030515971
-2.389375,0.033609033,0.032905888
-2.3890625,0.033609033,0.033702527
-2.38875,0.033609033,0.033702527
-2.3884375,0.032811743,0.034499166
-2.388125,0.033609033,0.034499166
-2.3878125,0.032811743,0.033702527
-2.3875,0.032811743,0.033702527
-2.3871875,0.036000903,0.04804203
-2.386875,0.037595482,0.066364728
-2.3865625,0.039190062,0.08150087
-2.38625,0.04796025,0.150808467
-2.3859375,0.04875754,0.204183283
-2.385625,0.04875754,0.232065649
-2.3853125,0.04796025,0.24003204
-2.385,0.04955483,0.243218596
-2.3846875,0.04955483,0.243218596
-2.384375,0.04716296,0.227285815
-2.3840625,0.045568381,0.208166478
-2.38375,0.04636567,0.181080751
-2.3834375,0.043176511,0.153198384
-2.383125,0.040784642,0.122129461
-2.3828125,0.039987352,0.096637012
-2.3825,0.039190062,0.074331119
-2.3821875,0.037595482,0.05600842
-2.381875,0.034406323,0.032109249
-2.3815625,0.028028005,-0.000552952
-2.38125,0.024838845,-0.014892454
-2.3809375,0.023244266,-0.024452123
-2.380625,0.020055106,-0.041181543
-2.3803125,0.019257817,-0.054724407
-2.38,0.018460527,-0.065877353
-2.3796875,0.017663237,-0.072250466
-2.379375,0.016068657,-0.083403412
-2.3790625,0.017663237,-0.077826939
-2.37875,0.019257817,-0.065080714
-2.3784375,0.019257817,-0.053131129
-2.378125,0.019257817,-0.044368099
-2.3778125,0.020852396,-0.033215153
-2.3775,0.025636135,-0.009315981
-2.3771875,0.029622584,0.003430244
-2.376875,0.018460527,-0.027638679
-2.3765625,0.012879498,-0.080216856
-2.37625,0.013676788,-0.095352998
-2.3759375,0.014474078,-0.092963081
-2.375625,0.015271367,-0.082606773
-2.3753125,0.016865947,-0.06826727
-2.375,0.018460527,-0.049147933
-2.3746875,0.020852396,-0.029231957
-2.374375,0.024041555,-0.011705898
-2.3740625,0.028028005,0.004226883
-2.37375,0.031217164,0.018566385
-2.3734375,0.032014454,0.026532776
-2.373125,0.033609033,0.030515971
-2.3728125,0.032811743,0.032109249
-2.3725,0.033609033,0.033702527
-2.3721875,0.034406323,0.034499166
-2.371875,0.033609033,0.035295805
-2.3715625,0.032811743,0.033702527
-2.37125,0.033609033,0.034499166
-2.3709375,0.033609033,0.032905888
-2.370625,0.036000903,0.040872279
-2.3703125,0.037595482,0.060788255
-2.37,0.038392772,0.074331119
-2.3696875,0.045568381,0.123722739
-2.369375,0.04955483,0.192233697
-2.3690625,0.04875754,0.224895898
-2.36875,0.050352119,0.240828679
-2.3684375,0.04955483,0.239235401
-2.368125,0.051149409,0.247201791
-2.3678125,0.04875754,0.234455567
-2.3675,0.04716296,0.216132868
-2.3671875,0.04716296,0.191437058
-2.366875,0.044771091,0.164351331
-2.3665625,0.042379221,0.133282408
-2.36625,0.041581931,0.10619668
-2.3659375,0.040784642,0.082297509
-2.365625,0.039190062,0.063178172
-2.3653125,0.037595482,0.043262196
-2.365,0.031217164,0.009803356
-2.3646875,0.026433425,-0.010909259
-2.364375,0.025636135,-0.019672289
-2.3640625,0.021649686,-0.034808431
-2.36375,0.020852396,-0.050741211
-2.3634375,0.019257817,-0.063487436
-2.363125,0.019257817,-0.071453827
-2.3628125,0.016865947,-0.080216856
-2.3625,0.018460527,-0.081810134
-2.3621875,0.020055106,-0.069860549
-2.361875,0.020055106,-0.057910963
-2.3615625,0.021649686,-0.046758016
-2.36125,0.021649686,-0.040384904
-2.3609375,0.025636135,-0.016485733
-2.360625,0.030419874,0.000243687
-2.3603125,0.024838845,-0.009315981
-2.36,0.015271367,-0.065877353
-2.3596875,0.013676788,-0.094556359
-2.359375,0.015271367,-0.095352998
-2.3590625,0.016068657,-0.088183247
-2.35875,0.017663237,-0.073843744
-2.3584375,0.018460527,-0.057114324
-2.358125,0.020055106,-0.03560507
-2.3578125,0.023244266,-0.017282372
-2.3575,0.027230715,-0.001349591
-2.3571875,0.031217164,0.012989912
-2.356875,0.033609033,0.024142859
-2.3565625,0.034406323,0.029719332
-2.35625,0.034406323,0.032109249
-2.3559375,0.034406323,0.033702527
-2.355625,0.034406323,0.035295805
-2.3553125,0.034406323,0.034499166
-2.355,0.033609033,0.035295805
-2.3546875,0.033609033,0.034499166
-2.354375,0.034406323,0.033702527
-2.3540625,0.035203613,0.036092444
-2.35375,0.037595482,0.054415142
-2.3534375,0.037595482,0.070347923
-2.353125,0.041581931,0.095840373
-2.3528125,0.04955483,0.172317721
-2.3525,0.04875754,0.215336229
-2.3521875,0.04955483,0.238438762
-2.351875,0.04796025,0.239235401
-2.3515625,0.050352119,0.246405152
-2.35125,0.04875754,0.24003204
-2.3509375,0.04636567,0.22330262
-2.350625,0.04636567,0.200996727
-2.3503125,0.045568381,0.17311436
-2.35,0.043176511,0.143638715
-2.3496875,0.040784642,0.11495971
-2.349375,0.040784642,0.090263899
-2.3490625,0.039987352,0.068754645
-2.34875,0.037595482,0.050431947
-2.3484375,0.033609033,0.021752942
-2.348125,0.027230715,-0.006129425
-2.3478125,0.025636135,-0.016485733
-2.3475,0.023244266,-0.027638679
-2.3471875,0.020852396,-0.045164738
-2.346875,0.019257817,-0.058707602
-2.3465625,0.018460527,-0.069860549
-2.34625,0.017663237,-0.075437022
-2.3459375,0.016068657,-0.084200051
-2.345625,0.018460527,-0.073843744
-2.3453125,0.019257817,-0.061894158
-2.345,0.020055106,-0.050741211
-2.3446875,0.020055106,-0.044368099
-2.344375,0.024041555,-0.025248762
-2.3440625,0.028028005,-0.005332786
-2.34375,0.028028005,0.000243687
-2.3434375,0.015271367,-0.045961377
-2.343125,0.012879498,-0.088979886
-2.3428125,0.013676788,-0.096149637
-2.3425,0.014474078,-0.091369803
-2.3421875,0.015271367,-0.079420217
-2.341875,0.017663237,-0.065080714
-2.3415625,0.020055106,-0.04357146
-2.34125,0.021649686,-0.024452123
-2.3409375,0.025636135,-0.006926064
-2.340625,0.030419874,0.009006717
-2.3403125,0.032811743,0.021752942
-2.34,0.033609033,0.028126054
-2.3396875,0.033609033,0.03131261
-2.339375,0.034406323,0.032905888
-2.3390625,0.033609033,0.034499166
-2.33875,0.034406323,0.034499166
-2.3384375,0.034406323,0.034499166
-2.338125,0.034406323,0.035295805
-2.3378125,0.034406323,0.034499166
-2.3375,0.035203613,0.033702527
-2.3371875,0.036000903,0.045652113
-2.336875,0.037595482,0.06477145
-2.3365625,0.039987352,0.079110953
-2.33625,0.04875754,0.14841855
-2.3359375,0.04955483,0.204183283
-2.335625,0.04955483,0.23126901
-2.3353125,0.04955483,0.240828679
-2.335,0.050352119,0.242421957
-2.3346875,0.04875754,0.244015235
-2.334375,0.04716296,0.228082454
-2.3340625,0.04716296,0.211353034
-2.33375,0.04716296,0.183470668
-2.3334375,0.044771091,0.154791662
-2.333125,0.041581931,0.123722739
-2.3328125,0.041581931,0.099823568
-2.3325,0.039987352,0.075924397
-2.3321875,0.038392772,0.057601699
-2.331875,0.036000903,0.034499166
-2.3315625,0.028825294,0.001836965
-2.33125,0.024041555,-0.014892454
-2.3309375,0.023244266,-0.023655484
-2.330625,0.020852396,-0.040384904
-2.3303125,0.018460527,-0.055521046
-2.33,0.018460527,-0.066673992
-2.3296875,0.017663237,-0.072250466
-2.329375,0.016068657,-0.082606773
-2.3290625,0.017663237,-0.079420217
-2.32875,0.019257817,-0.065877353
-2.3284375,0.019257817,-0.054724407
-2.328125,0.020055106,-0.045961377
-2.3278125,0.021649686,-0.034011792
-2.3275,0.026433425,-0.010909259
-2.3271875,0.030419874,0.002633605
-2.326875,0.019257817,-0.025248762
-2.3265625,0.012879498,-0.079420217
-2.32625,0.014474078,-0.096149637
-2.3259375,0.014474078,-0.094556359
-2.325625,0.016068657,-0.08499669
-2.3253125,0.017663237,-0.069860549
-2.325,0.019257817,-0.050741211
-2.3246875,0.021649686,-0.030825235
-2.324375,0.024838845,-0.012502537
-2.3240625,0.028825294,0.003430244
-2.32375,0.031217164,0.016973107
-2.3234375,0.032811743,0.027329415
-2.323125,0.033609033,0.030515971
-2.3228125,0.033609033,0.032905888
-2.3225,0.034406323,0.034499166
-2.3221875,0.034406323,0.034499166
-2.321875,0.034406323,0.035295805
-2.3215625,0.034406323,0.035295805
-2.32125,0.034406323,0.033702527
-2.3209375,0.034406323,0.032905888
-2.320625,0.035203613,0.04007564
-2.3203125,0.038392772,0.059991616
-2.32,0.038392772,0.073534479
-2.3196875,0.044771091,0.118942905
-2.319375,0.04955483,0.188250502
-2.3190625,0.04955483,0.224895898
-2.31875,0.050352119,0.241625318
-2.3184375,0.04955483,0.240828679
-2.318125,0.050352119,0.247201791
-2.3178125,0.04875754,0.234455567
-2.3175,0.04716296,0.216929508
-2.3171875,0.04636567,0.192233697
-2.316875,0.043973801,0.16514797
-2.3165625,0.042379221,0.133282408
-2.31625,0.040784642,0.106993319
-2.3159375,0.039987352,0.083094148
-2.315625,0.039190062,0.063974811
-2.3153125,0.037595482,0.044058835
-2.315,0.032014454,0.011396634
-2.3146875,0.027230715,-0.010909259
-2.314375,0.024838845,-0.019672289
-2.3140625,0.022446976,-0.033215153
-2.31375,0.020055106,-0.050741211
-2.3134375,0.019257817,-0.062690797
-2.313125,0.017663237,-0.071453827
-2.3128125,0.016865947,-0.080216856
-2.3125,0.017663237,-0.082606773
-2.3121875,0.019257817,-0.069860549
-2.311875,0.020055106,-0.057910963
-2.3115625,0.020055106,-0.048351294
-2.31125,0.020852396,-0.041181543
-2.3109375,0.025636135,-0.017282372
-2.310625,0.029622584,-0.001349591
-2.3103125,0.025636135,-0.008519342
-2.31,0.014474078,-0.063487436
-2.3096875,0.013676788,-0.095352998
-2.309375,0.015271367,-0.095352998
-2.3090625,0.014474078,-0.089776525
-2.30875,0.016865947,-0.074640383
-2.3084375,0.017663237,-0.058707602
-2.308125,0.020055106,-0.037198348
-2.3078125,0.023244266,-0.01887565
-2.3075,0.027230715,-0.001349591
-2.3071875,0.031217164,0.012989912
-2.306875,0.032811743,0.024142859
-2.3065625,0.033609033,0.029719332
-2.30625,0.032811743,0.032109249
-2.3059375,0.033609033,0.034499166
-2.305625,0.033609033,0.035295805
-2.3053125,0.033609033,0.035295805
-2.305,0.032811743,0.034499166
-2.3046875,0.034406323,0.034499166
-2.304375,0.034406323,0.033702527
-2.3040625,0.034406323,0.035295805
-2.30375,0.036000903,0.053618503
-2.3034375,0.037595482,0.070347923
-2.303125,0.040784642,0.093450456
-2.3028125,0.04875754,0.169131165
-2.3025,0.04875754,0.213742951
-2.3021875,0.04955483,0.237642123
-2.301875,0.04875754,0.24003204
-2.3015625,0.050352119,0.245608513
-2.30125,0.04955483,0.240828679
-2.3009375,0.04716296,0.22330262
-2.300625,0.04716296,0.202590005
-2.3003125,0.045568381,0.173910999
-2.3,0.042379221,0.143638715
-2.2996875,0.040784642,0.116552988
-2.299375,0.039987352,0.091060538
-2.2990625,0.039190062,0.069551284
-2.29875,0.038392772,0.052025225
-2.2984375,0.033609033,0.02334622
-2.298125,0.027230715,-0.005332786
-2.2978125,0.025636135,-0.017282372
-2.2975,0.022446976,-0.027638679
-2.2971875,0.019257817,-0.045961377
-2.296875,0.018460527,-0.059504241
-2.2965625,0.018460527,-0.06906391
-2.29625,0.017663237,-0.076233661
-2.2959375,0.016865947,-0.08499669
-2.295625,0.018460527,-0.074640383
-2.2953125,0.019257817,-0.062690797
-2.295,0.019257817,-0.050741211
-2.2946875,0.019257817,-0.044368099
-2.294375,0.023244266,-0.026045401
-2.2940625,0.028028005,-0.005332786
-2.29375,0.028825294,0.001836965
-2.2934375,0.016068657,-0.044368099
-2.293125,0.013676788,-0.088979886
-2.2928125,0.014474078,-0.096149637
-2.2925,0.014474078,-0.091369803
-2.2921875,0.016865947,-0.080216856
-2.291875,0.017663237,-0.065877353
-2.2915625,0.020055106,-0.04357146
-2.29125,0.021649686,-0.025248762
-2.2909375,0.025636135,-0.007722703
-2.290625,0.029622584,0.008210078
-2.2903125,0.032811743,0.021752942
-2.29,0.032811743,0.027329415
-2.2896875,0.032811743,0.03131261
-2.289375,0.034406323,0.033702527
-2.2890625,0.033609033,0.034499166
-2.28875,0.034406323,0.035295805
-2.2884375,0.033609033,0.034499166
-2.288125,0.033609033,0.035295805
-2.2878125,0.034406323,0.034499166
-2.2875,0.034406323,0.033702527
-2.2871875,0.036000903,0.046448752
-2.286875,0.036798193,0.065568089
-2.2865625,0.039190062,0.078314314
-2.28625,0.04796025,0.145231993
-2.2859375,0.04875754,0.202590005
-2.285625,0.04875754,0.230472371
-2.2853125,0.04875754,0.240828679
-2.285,0.04955483,0.241625318
-2.2846875,0.04955483,0.245608513
-2.284375,0.04716296,0.229675732
-2.2840625,0.045568381,0.211353034
-2.28375,0.045568381,0.182674029
-2.2834375,0.043176511,0.154791662
-2.283125,0.041581931,0.125316017
-2.2828125,0.039987352,0.099823568
-2.2825,0.039987352,0.076721036
-2.2821875,0.038392772,0.057601699
-2.281875,0.036000903,0.035295805
-2.2815625,0.028028005,0.001836965
-2.28125,0.024838845,-0.013299176
-2.2809375,0.023244266,-0.022062206
-2.280625,0.020852396,-0.039588265
-2.2803125,0.018460527,-0.055521046
-2.28,0.017663237,-0.066673992
-2.2796875,0.017663237,-0.072250466
-2.279375,0.016068657,-0.083403412
-2.2790625,0.017663237,-0.080216856
-2.27875,0.019257817,-0.065877353
-2.2784375,0.018460527,-0.054724407
-2.278125,0.019257817,-0.045961377
-2.2778125,0.021649686,-0.034808431
-2.2775,0.025636135,-0.011705898
-2.2771875,0.029622584,0.002633605
-2.276875,0.020055106,-0.022858845
-2.2765625,0.012879498,-0.0770303
-2.27625,0.013676788,-0.096149637
-2.2759375,0.015271367,-0.09375972
-2.275625,0.015271367,-0.08499669
-2.2753125,0.016865947,-0.069860549
-2.275,0.018460527,-0.050741211
-2.2746875,0.020852396,-0.030825235
-2.274375,0.024041555,-0.012502537
-2.2740625,0.028028005,0.003430244
-2.27375,0.031217164,0.016973107
-2.2734375,0.032811743,0.026532776
-2.273125,0.032811743,0.029719332
-2.2728125,0.033609033,0.032905888
-2.2725,0.033609033,0.033702527
-2.2721875,0.033609033,0.034499166
-2.271875,0.034406323,0.034499166
-2.2715625,0.033609033,0.035295805
-2.27125,0.032811743,0.034499166
-2.2709375,0.032811743,0.032905888
-2.270625,0.034406323,0.039279001
-2.2703125,0.036798193,0.059194977
-2.27,0.037595482,0.073534479
-2.2696875,0.043973801,0.114163071
-2.269375,0.04955483,0.188250502
-2.2690625,0.04875754,0.22330262
-2.26875,0.04955483,0.24003204
-2.2684375,0.04955483,0.239235401
-2.268125,0.04955483,0.24799843
-2.2678125,0.04716296,0.236845484
-2.2675,0.04636567,0.219319425
-2.2671875,0.04636567,0.194623614
-2.266875,0.044771091,0.167537887
-2.2665625,0.041581931,0.135672325
-2.26625,0.039987352,0.109383236
-2.2659375,0.039987352,0.084687426
-2.265625,0.038392772,0.06477145
-2.2653125,0.036798193,0.045652113
-2.265,0.031217164,0.012989912
-2.2646875,0.025636135,-0.01011262
-2.264375,0.024838845,-0.018079011
-2.2640625,0.021649686,-0.030825235
-2.26375,0.019257817,-0.049944572
-2.2634375,0.018460527,-0.062690797
-2.263125,0.018460527,-0.069860549
-2.2628125,0.016865947,-0.078623578
-2.2625,0.017663237,-0.083403412
-2.2621875,0.019257817,-0.069860549
-2.261875,0.020055106,-0.058707602
-2.2615625,0.019257817,-0.048351294
-2.26125,0.020055106,-0.040384904
-2.2609375,0.024838845,-0.018079011
-2.260625,0.028825294,-0.000552952
-2.2603125,0.024041555,-0.006129425
-2.26,0.014474078,-0.06030088
-2.2596875,0.012879498,-0.094556359
-2.259375,0.014474078,-0.09375972
-2.2590625,0.014474078,-0.088979886
-2.25875,0.016068657,-0.074640383
-2.2584375,0.017663237,-0.059504241
-2.258125,0.020055106,-0.037198348
-2.2578125,0.022446976,-0.01887565
-2.2575,0.027230715,-0.00214623
-2.2571875,0.030419874,0.012193273
-2.256875,0.032811743,0.024939498
-2.2565625,0.032811743,0.029719332
-2.25625,0.034406323,0.032109249
-2.2559375,0.034406323,0.034499166
-2.255625,0.034406323,0.034499166
-2.2553125,0.034406323,0.034499166
-2.255,0.034406323,0.034499166
-2.2546875,0.032811743,0.033702527
-2.254375,0.033609033,0.033702527
-2.2540625,0.035203613,0.034499166
-2.25375,0.037595482,0.052025225
-2.2534375,0.038392772,0.068754645
-2.253125,0.041581931,0.090263899
-2.2528125,0.050352119,0.166741248
-2.2525,0.04875754,0.212946312
-2.2521875,0.04955483,0.236845484
-2.251875,0.04875754,0.240828679
-2.2515625,0.050352119,0.246405152
-2.25125,0.04955483,0.241625318
-2.2509375,0.04716296,0.224099259
-2.250625,0.04716296,0.204979922
-2.2503125,0.045568381,0.175504277
-2.25,0.043176511,0.146028633
-2.2496875,0.040784642,0.117349627
-2.249375,0.040784642,0.092653817
-2.2490625,0.039190062,0.070347923
-2.24875,0.038392772,0.052025225
-2.2484375,0.033609033,0.024939498
-2.248125,0.027230715,-0.005332786
-2.2478125,0.024838845,-0.017282372
-2.2475,0.023244266,-0.027638679
-2.2471875,0.020055106,-0.045164738
-2.246875,0.019257817,-0.057910963
-2.2465625,0.017663237,-0.06906391
-2.24625,0.017663237,-0.074640383
-2.2459375,0.016068657,-0.084200051
-2.245625,0.017663237,-0.075437022
-2.2453125,0.019257817,-0.063487436
-2.245,0.020055106,-0.05233449
-2.2446875,0.020055106,-0.044368099
-2.244375,0.023244266,-0.027638679
-2.2440625,0.027230715,-0.006926064
-2.24375,0.029622584,0.001836965
-2.2434375,0.016865947,-0.041181543
-2.243125,0.012879498,-0.088183247
-2.2428125,0.014474078,-0.096946276
-2.2425,0.014474078,-0.092166442
-2.2421875,0.016068657,-0.081013495
-2.241875,0.017663237,-0.065877353
-2.2415625,0.020055106,-0.045164738
-2.24125,0.020852396,-0.026045401
-2.2409375,0.025636135,-0.008519342
-2.240625,0.029622584,0.0066168
-2.2403125,0.032811743,0.020956303
-2.24,0.032811743,0.027329415
-2.2396875,0.032811743,0.030515971
-2.239375,0.032811743,0.033702527
-2.2390625,0.034406323,0.033702527
-2.23875,0.033609033,0.033702527
-2.2384375,0.034406323,0.033702527
-2.238125,0.032811743,0.034499166
-2.2378125,0.034406323,0.033702527
-2.2375,0.032811743,0.032109249
-2.2371875,0.035203613,0.043262196
-2.236875,0.036798193,0.063178172
-2.2365625,0.037595482,0.075924397
-2.23625,0.04716296,0.13965552
-2.2359375,0.04796025,0.199403449
-2.235625,0.04875754,0.230472371
-2.2353125,0.04875754,0.242421957
-2.235,0.04875754,0.241625318
-2.2346875,0.04955483,0.246405152
-2.234375,0.04716296,0.230472371
-2.2340625,0.04636567,0.212149673
-2.23375,0.04636567,0.185063946
-2.2334375,0.043176511,0.157181579
-2.233125,0.042379221,0.126909295
-2.2328125,0.040784642,0.101416846
-2.2325,0.039987352,0.077517675
-2.2321875,0.038392772,0.058398338
-2.231875,0.036000903,0.036092444
-2.2315625,0.028825294,0.002633605
-2.23125,0.025636135,-0.014892454
-2.2309375,0.023244266,-0.023655484
-2.230625,0.020055106,-0.038791626
-2.2303125,0.019257817,-0.054724407
-2.23,0.017663237,-0.066673992
-2.2296875,0.017663237,-0.072250466
-2.229375,0.016865947,-0.083403412
-2.2290625,0.017663237,-0.081013495
-2.22875,0.019257817,-0.067470631
-2.2284375,0.020055106,-0.055521046
-2.228125,0.020055106,-0.046758016
-2.2278125,0.021649686,-0.03560507
-2.2275,0.026433425,-0.012502537
-2.2271875,0.029622584,0.001836965
-2.226875,0.020852396,-0.019672289
-2.2265625,0.012082208,-0.075437022
-2.22625,0.013676788,-0.097742915
-2.2259375,0.014474078,-0.092963081
-2.225625,0.014474078,-0.085793329
-2.2253125,0.016068657,-0.070657188
-2.225,0.018460527,-0.053927768
-2.2246875,0.020055106,-0.032418513
-2.224375,0.024041555,-0.014892454
-2.2240625,0.028028005,0.002633605
-2.22375,0.031217164,0.015379829
-2.2234375,0.032811743,0.025736137
-2.223125,0.032811743,0.030515971
-2.2228125,0.032811743,0.032109249
-2.2225,0.032811743,0.032905888
-2.2221875,0.033609033,0.033702527
-2.221875,0.033609033,0.035295805
-2.2215625,0.034406323,0.034499166
-2.22125,0.032811743,0.033702527
-2.2209375,0.032014454,0.032109249
-2.220625,0.034406323,0.037685722
-2.2203125,0.037595482,0.057601699
-2.22,0.037595482,0.071941201
-2.2196875,0.043176511,0.110976515
-2.219375,0.04955483,0.184267307
-2.2190625,0.04875754,0.221709342
-2.21875,0.04955483,0.241625318
-2.2184375,0.04875754,0.240828679
-2.218125,0.04955483,0.24799843
-2.2178125,0.04796025,0.238438762
-2.2175,0.04716296,0.220912703
-2.2171875,0.04716296,0.196216892
-2.216875,0.045568381,0.168334526
-2.2165625,0.043176511,0.137265603
-2.21625,0.039987352,0.110179876
-2.2159375,0.039987352,0.084687426
-2.215625,0.038392772,0.06477145
-2.2153125,0.037595482,0.045652113
-2.215,0.032014454,0.013786551
-2.2146875,0.026433425,-0.01011262
-2.214375,0.024838845,-0.01887565
-2.2140625,0.022446976,-0.032418513
-2.21375,0.020055106,-0.049944572
-2.2134375,0.019257817,-0.061894158
-2.213125,0.018460527,-0.070657188
-2.2128125,0.017663237,-0.079420217
-2.2125,0.016865947,-0.08499669
-2.2121875,0.018460527,-0.071453827
-2.211875,0.019257817,-0.059504241
-2.2115625,0.019257817,-0.049147933
-2.21125,0.020852396,-0.041181543
-2.2109375,0.024838845,-0.020468928
-2.210625,0.028028005,-0.00214623
-2.2103125,0.024838845,-0.005332786
-2.21,0.014474078,-0.058707602
-2.2096875,0.012879498,-0.09375972
-2.209375,0.014474078,-0.096149637
-2.2090625,0.014474078,-0.090573164
-2.20875,0.016865947,-0.0770303
-2.2084375,0.017663237,-0.061097519
-2.208125,0.020055106,-0.038791626
-2.2078125,0.022446976,-0.020468928
-2.2075,0.026433425,-0.003739508
-2.2071875,0.030419874,0.011396634
-2.206875,0.032811743,0.02334622
-2.2065625,0.032811743,0.028922693
-2.20625,0.033609033,0.032109249
-2.2059375,0.032811743,0.033702527
-2.205625,0.033609033,0.034499166
-2.2053125,0.033609033,0.034499166
-2.205,0.032811743,0.033702527
-2.2046875,0.032811743,0.033702527
-2.204375,0.032811743,0.032905888
-2.2040625,0.032811743,0.034499166
-2.20375,0.035203613,0.050431947
-2.2034375,0.036798193,0.068754645
-2.203125,0.039987352,0.087873982
-2.2028125,0.04875754,0.163554692
-2.2025,0.04796025,0.211353034
-2.2021875,0.04875754,0.235252206
-2.201875,0.04796025,0.240828679
-2.2015625,0.04955483,0.246405152
-2.20125,0.04796025,0.243218596
-2.2009375,0.04636567,0.225692537
-2.200625,0.04636567,0.204979922
-2.2003125,0.045568381,0.177097555
-2.2,0.043176511,0.14841855
-2.1996875,0.039987352,0.118942905
-2.199375,0.039987352,0.093450456
-2.1990625,0.038392772,0.071144562
-2.19875,0.038392772,0.052821864
-2.1984375,0.033609033,0.026532776
-2.198125,0.027230715,-0.004536147
-2.1978125,0.024838845,-0.016485733
-2.1975,0.023244266,-0.02684204
-2.1971875,0.020055106,-0.044368099
-2.196875,0.018460527,-0.059504241
-2.1965625,0.018460527,-0.06826727
-2.19625,0.017663237,-0.075437022
-2.1959375,0.016865947,-0.085793329
-2.195625,0.017663237,-0.0770303
-2.1953125,0.019257817,-0.063487436
-2.195,0.020055106,-0.05233449
-2.1946875,0.020055106,-0.044368099
-2.194375,0.023244266,-0.029231957
-2.1940625,0.027230715,-0.006926064
-2.19375,0.029622584,0.001836965
-2.1934375,0.016865947,-0.037994987
-2.193125,0.013676788,-0.085793329
-2.1928125,0.014474078,-0.096149637
-2.1925,0.014474078,-0.092963081
-2.1921875,0.014474078,-0.081810134
-2.191875,0.017663237,-0.067470631
-2.1915625,0.019257817,-0.045961377
-2.19125,0.021649686,-0.026045401
-2.1909375,0.024838845,-0.01011262
-2.190625,0.028825294,0.0066168
-2.1903125,0.032014454,0.019363024
-2.19,0.032811743,0.026532776
-2.1896875,0.032811743,0.030515971
-2.189375,0.032811743,0.032905888
-2.1890625,0.034406323,0.033702527
-2.18875,0.033609033,0.033702527
-2.1884375,0.033609033,0.033702527
-2.188125,0.034406323,0.034499166
-2.1878125,0.033609033,0.033702527
-2.1875,0.032811743,0.032905888
-2.1871875,0.036000903,0.043262196
-2.186875,0.038392772,0.063178172
-2.1865625,0.039190062,0.075924397
-2.18625,0.04716296,0.137265603
-2.1859375,0.04955483,0.199403449
-2.185625,0.04955483,0.228879093
-2.1853125,0.04955483,0.242421957
-2.185,0.04955483,0.242421957
-2.1846875,0.04955483,0.247201791
-2.184375,0.04796025,0.23126901
-2.1840625,0.045568381,0.21453959
-2.18375,0.04636567,0.186657224
-2.1834375,0.043973801,0.159571496
-2.183125,0.041581931,0.128502574
-2.1828125,0.039987352,0.102213485
-2.1825,0.039987352,0.079110953
-2.1821875,0.038392772,0.059991616
-2.181875,0.036798193,0.039279001
-2.1815625,0.029622584,0.005023522
-2.18125,0.026433425,-0.012502537
-2.1809375,0.024838845,-0.022062206
-2.180625,0.020852396,-0.037994987
-2.1803125,0.019257817,-0.054724407
-2.18,0.019257817,-0.065877353
-2.1796875,0.017663237,-0.072250466
-2.179375,0.016865947,-0.083403412
-2.1790625,0.016865947,-0.081810134
-2.17875,0.018460527,-0.067470631
-2.1784375,0.019257817,-0.055521046
-2.178125,0.020055106,-0.045961377
-2.1778125,0.020852396,-0.037198348
-2.1775,0.025636135,-0.014095815
-2.1771875,0.029622584,0.001040326
-2.176875,0.021649686,-0.018079011
-2.1765625,0.012879498,-0.073843744
-2.17625,0.013676788,-0.096149637
-2.1759375,0.013676788,-0.094556359
-2.175625,0.015271367,-0.087386608
-2.1753125,0.017663237,-0.071453827
-2.175,0.018460527,-0.054724407
-2.1746875,0.020055106,-0.033215153
-2.174375,0.023244266,-0.014892454
-2.1740625,0.028028005,0.001836965
-2.17375,0.031217164,0.016176468
-2.1734375,0.032811743,0.025736137
-2.173125,0.032811743,0.030515971
-2.1728125,0.033609033,0.033702527
-2.1725,0.032811743,0.034499166
-2.1721875,0.033609033,0.035295805
-2.171875,0.033609033,0.034499166
-2.1715625,0.033609033,0.035295805
-2.17125,0.033609033,0.034499166
-2.1709375,0.033609033,0.033702527
-2.170625,0.034406323,0.037685722
-2.1703125,0.036000903,0.05680506
-2.17,0.037595482,0.071941201
-2.1696875,0.042379221,0.106993319
-2.169375,0.04875754,0.18187739
-2.1690625,0.04796025,0.220912703
-2.16875,0.04875754,0.239235401
-2.1684375,0.04875754,0.239235401
-2.168125,0.050352119,0.24799843
-2.1678125,0.04875754,0.238438762
-2.1675,0.04636567,0.220116064
-2.1671875,0.04636567,0.197013531
-2.166875,0.044771091,0.168334526
-2.1665625,0.041581931,0.138858881
-2.16625,0.040784642,0.111773154
-2.1659375,0.039987352,0.087077343
-2.165625,0.038392772,0.065568089
-2.1653125,0.037595482,0.04804203
-2.165,0.031217164,0.016973107
-2.1646875,0.026433425,-0.009315981
-2.164375,0.024838845,-0.018079011
-2.1640625,0.022446976,-0.030825235
-2.16375,0.020055106,-0.049147933
-2.1634375,0.018460527,-0.061894158
-2.163125,0.018460527,-0.070657188
-2.1628125,0.016865947,-0.078623578
-2.1625,0.016068657,-0.08499669
-2.1621875,0.017663237,-0.073047105
-2.161875,0.018460527,-0.061097519
-2.1615625,0.020055106,-0.049944572
-2.16125,0.019257817,-0.04357146
-2.1609375,0.024041555,-0.021265567
-2.160625,0.027230715,-0.002942869
-2.1603125,0.026433425,-0.002942869
-2.16,0.013676788,-0.055521046
-2.1596875,0.012879498,-0.092963081
-2.159375,0.014474078,-0.096946276
-2.1590625,0.014474078,-0.091369803
-2.15875,0.016865947,-0.0770303
-2.1584375,0.017663237,-0.061894158
-2.158125,0.019257817,-0.040384904
-2.1578125,0.021649686,-0.022062206
-2.1575,0.025636135,-0.004536147
-2.1571875,0.030419874,0.010599995
-2.156875,0.032014454,0.02334622
-2.1565625,0.032811743,0.028126054
-2.15625,0.032811743,0.03131261
-2.1559375,0.033609033,0.033702527
-2.155625,0.032811743,0.034499166
-2.1553125,0.032811743,0.034499166
-2.155,0.033609033,0.035295805
-2.1546875,0.032811743,0.033702527
-2.154375,0.032811743,0.032905888
-2.1540625,0.034406323,0.033702527
-2.15375,0.036000903,0.049635308
-2.1534375,0.037595482,0.067958006
-2.153125,0.039987352,0.085484065
-2.1528125,0.04875754,0.160368135
-2.1525,0.04875754,0.209759756
-2.1521875,0.04955483,0.235252206
-2.151875,0.04955483,0.242421957
-2.1515625,0.050352119,0.246405152
-2.15125,0.04955483,0.244811874
-2.1509375,0.04716296,0.227285815
-2.150625,0.04636567,0.208166478
-2.1503125,0.04636567,0.179487472
-2.15,0.043973801,0.151605106
-2.1496875,0.040784642,0.121332822
-2.149375,0.040784642,0.096637012
-2.1490625,0.039190062,0.073534479
-2.14875,0.038392772,0.055211781
-2.1484375,0.034406323,0.028922693
-2.148125,0.028028005,-0.001349591
-2.1478125,0.024838845,-0.015689094
-2.1475,0.022446976,-0.026045401
-2.1471875,0.020055106,-0.044368099
-2.146875,0.019257817,-0.058707602
-2.1465625,0.017663237,-0.06906391
-2.14625,0.016865947,-0.075437022
-2.1459375,0.016865947,-0.085793329
-2.145625,0.018460527,-0.077826939
-2.1453125,0.019257817,-0.065080714
-2.145,0.020852396,-0.053927768
-2.1446875,0.020055106,-0.045164738
-2.144375,0.022446976,-0.031621874
-2.1440625,0.027230715,-0.009315981
-2.14375,0.028825294,0.002633605
-2.1434375,0.016865947,-0.036401709
-2.143125,0.012879498,-0.086589969
-2.1428125,0.013676788,-0.098539554
-2.1425,0.014474078,-0.094556359
-2.1421875,0.015271367,-0.083403412
-2.141875,0.017663237,-0.06906391
-2.1415625,0.018460527,-0.047554655
-2.14125,0.021649686,-0.027638679
-2.1409375,0.024838845,-0.01011262
-2.140625,0.028825294,0.005820161
-2.1403125,0.032014454,0.019363024
-2.14,0.032811743,0.027329415
-2.1396875,0.032811743,0.030515971
-2.139375,0.033609033,0.032905888
-2.1390625,0.034406323,0.034499166
-2.13875,0.033609033,0.034499166
-2.1384375,0.033609033,0.033702527
-2.138125,0.033609033,0.034499166
-2.1378125,0.034406323,0.034499166
-2.1375,0.033609033,0.032905888
-2.1371875,0.035203613,0.042465557
-2.136875,0.036798193,0.061584894
-2.1365625,0.038392772,0.075127758
-2.13625,0.04636567,0.130892491
-2.1359375,0.04955483,0.196216892
-2.135625,0.04875754,0.228082454
-2.1353125,0.04955483,0.241625318
-2.135,0.04955483,0.241625318
-2.1346875,0.050352119,0.247201791
-2.134375,0.04796025,0.233658927
-2.1340625,0.04636567,0.215336229
-2.13375,0.04716296,0.188250502
-2.1334375,0.044771091,0.161164774
-2.133125,0.042379221,0.130095852
-2.1328125,0.039987352,0.103806763
-2.1325,0.039987352,0.079907592
-2.1321875,0.038392772,0.059991616
-2.131875,0.036000903,0.039279001
-2.1315625,0.030419874,0.005820161
-2.13125,0.025636135,-0.013299176
-2.1309375,0.024041555,-0.021265567
-2.130625,0.020852396,-0.037198348
-2.1303125,0.019257817,-0.053927768
-2.13,0.019257817,-0.065080714
-2.1296875,0.017663237,-0.072250466
-2.129375,0.016068657,-0.082606773
-2.1290625,0.016865947,-0.081810134
-2.12875,0.018460527,-0.06906391
-2.1284375,0.019257817,-0.057114324
-2.128125,0.020055106,-0.046758016
-2.1278125,0.020852396,-0.039588265
-2.1275,0.024838845,-0.015689094
-2.1271875,0.028825294,0.000243687
-2.126875,0.022446976,-0.015689094
-2.1265625,0.012879498,-0.072250466
-2.12625,0.013676788,-0.097742915
-2.1259375,0.013676788,-0.095352998
-2.125625,0.014474078,-0.088183247
-2.1253125,0.016068657,-0.073047105
-2.125,0.017663237,-0.055521046
-2.1246875,0.019257817,-0.034011792
-2.124375,0.022446976,-0.016485733
-2.1240625,0.027230715,0.000243687
-2.12375,0.030419874,0.01458319
-2.1234375,0.032811743,0.024939498
-2.123125,0.032014454,0.029719332
-2.1228125,0.032811743,0.032109249
-2.1225,0.033609033,0.034499166
-2.1221875,0.033609033,0.033702527
-2.121875,0.034406323,0.034499166
-2.1215625,0.033609033,0.034499166
-2.12125,0.034406323,0.034499166
-2.1209375,0.033609033,0.032905888
-2.120625,0.034406323,0.036889083
-2.1203125,0.036000903,0.05600842
-2.12,0.038392772,0.071941201
-2.1196875,0.042379221,0.103806763
-2.119375,0.04875754,0.180284111
-2.1190625,0.04796025,0.219319425
-2.11875,0.04955483,0.240828679
-2.1184375,0.04875754,0.240828679
-2.118125,0.050352119,0.24799843
-2.1178125,0.04875754,0.24003204
-2.1175,0.04636567,0.221709342
-2.1171875,0.04636567,0.199403449
-2.116875,0.044771091,0.170724443
-2.1165625,0.043176511,0.141248798
-2.11625,0.040784642,0.113366432
-2.1159375,0.039987352,0.088670621
-2.115625,0.038392772,0.066364728
-2.1153125,0.036798193,0.049635308
-2.115,0.032014454,0.017769746
-2.1146875,0.026433425,-0.008519342
-2.114375,0.024838845,-0.018079011
-2.1140625,0.021649686,-0.030825235
-2.11375,0.019257817,-0.048351294
-2.1134375,0.019257817,-0.061894158
-2.113125,0.017663237,-0.070657188
-2.1128125,0.016068657,-0.078623578
-2.1125,0.016068657,-0.085793329
-2.1121875,0.018460527,-0.073843744
-2.111875,0.018460527,-0.061894158
-2.1115625,0.019257817,-0.049944572
-2.11125,0.019257817,-0.044368099
-2.1109375,0.024838845,-0.022858845
-2.110625,0.028028005,-0.003739508
-2.1103125,0.026433425,-0.002942869
-2.11,0.014474078,-0.053131129
-2.1096875,0.012879498,-0.092963081
-2.109375,0.014474078,-0.096946276
-2.1090625,0.013676788,-0.092166442
-2.10875,0.016068657,-0.078623578
-2.1084375,0.017663237,-0.062690797
-2.108125,0.019257817,-0.041978182
-2.1078125,0.021649686,-0.022858845
-2.1075,0.025636135,-0.006129425
-2.1071875,0.031217164,0.009006717
-2.106875,0.032811743,0.021752942
-2.1065625,0.032811743,0.028126054
-2.10625,0.034406323,0.032109249
-2.1059375,0.034406323,0.032905888
-2.105625,0.033609033,0.033702527
-2.1053125,0.033609033,0.034499166
-2.105,0.034406323,0.034499166
-2.1046875,0.033609033,0.034499166
-2.104375,0.033609033,0.032905888
-2.1040625,0.034406323,0.032905888
-2.10375,0.036798193,0.04804203
-2.1034375,0.037595482,0.066364728
-2.103125,0.039987352,0.082297509
-2.1028125,0.04875754,0.155588301
-2.1025,0.04875754,0.207369839
-2.1021875,0.04955483,0.232862288
-2.101875,0.04875754,0.241625318
-2.1015625,0.051149409,0.246405152
-2.10125,0.04955483,0.244811874
-2.1009375,0.04796025,0.228082454
-2.100625,0.04716296,0.208963117
-2.1003125,0.04716296,0.179487472
-2.1,0.043973801,0.152401745
-2.0996875,0.040784642,0.121332822
-2.099375,0.039987352,0.095840373
-2.0990625,0.039190062,0.07273784
-2.09875,0.037595482,0.054415142
-2.0984375,0.034406323,0.029719332
-2.098125,0.027230715,-0.002942869
-2.0978125,0.025636135,-0.016485733
-2.0975,0.022446976,-0.026045401
-2.0971875,0.020055106,-0.04357146
-2.096875,0.018460527,-0.057910963
-2.0965625,0.017663237,-0.06906391
-2.09625,0.017663237,-0.074640383
-2.0959375,0.016068657,-0.086589969
-2.095625,0.016865947,-0.079420217
-2.0953125,0.018460527,-0.066673992
-2.095,0.019257817,-0.055521046
-2.0946875,0.020055106,-0.045961377
-2.094375,0.021649686,-0.034011792
-2.0940625,0.027230715,-0.010909259
-2.09375,0.029622584,0.001836965
-2.0934375,0.017663237,-0.033215153
-2.093125,0.013676788,-0.08499669
-2.0928125,0.014474078,-0.097742915
-2.0925,0.014474078,-0.094556359
-2.0921875,0.016068657,-0.085793329
-2.091875,0.017663237,-0.069860549
-2.0915625,0.019257817,-0.049944572
-2.09125,0.020852396,-0.030825235
-2.0909375,0.024838845,-0.011705898
-2.090625,0.029622584,0.005023522
-2.0903125,0.032811743,0.018566385
-2.09,0.032811743,0.025736137
-2.0896875,0.033609033,0.029719332
-2.089375,0.034406323,0.032109249
-2.0890625,0.033609033,0.033702527
-2.08875,0.034406323,0.033702527
-2.0884375,0.033609033,0.033702527
-2.088125,0.033609033,0.033702527
-2.0878125,0.032811743,0.032905888
-2.0875,0.033609033,0.032109249
-2.0871875,0.034406323,0.041668918
-2.086875,0.037595482,0.061584894
-2.0865625,0.037595482,0.073534479
-2.08625,0.045568381,0.126909295
-2.0859375,0.04875754,0.195420253
-2.085625,0.04875754,0.226489176
-2.0853125,0.04955483,0.241625318
-2.085,0.04875754,0.240828679
-2.0846875,0.04955483,0.24799843
-2.084375,0.04796025,0.233658927
-2.0840625,0.04716296,0.216929508
-2.08375,0.045568381,0.18984378
-2.0834375,0.044771091,0.162758052
-2.083125,0.042379221,0.13168913
-2.0828125,0.039987352,0.104603402
-2.0825,0.039987352,0.080704231
-2.0821875,0.038392772,0.060788255
-2.081875,0.036798193,0.040872279
-2.0815625,0.030419874,0.007413439
-2.08125,0.025636135,-0.013299176
-2.0809375,0.023244266,-0.021265567
-2.080625,0.020852396,-0.036401709
-2.0803125,0.019257817,-0.053131129
-2.08,0.018460527,-0.065080714
-2.0796875,0.017663237,-0.072250466
-2.079375,0.016865947,-0.082606773
-2.0790625,0.016865947,-0.084200051
-2.07875,0.018460527,-0.069860549
-2.0784375,0.019257817,-0.058707602
-2.078125,0.020055106,-0.049147933
-2.0778125,0.020852396,-0.039588265
-2.0775,0.025636135,-0.016485733
-2.0771875,0.029622584,-0.001349591
-2.076875,0.023244266,-0.013299176
-2.0765625,0.013676788,-0.069860549
-2.07625,0.014474078,-0.096946276
-2.0759375,0.014474078,-0.096149637
-2.075625,0.015271367,-0.089776525
-2.0753125,0.016865947,-0.074640383
-2.075,0.018460527,-0.058707602
-2.0746875,0.020055106,-0.036401709
-2.074375,0.023244266,-0.018079011
-2.0740625,0.027230715,-0.001349591
-2.07375,0.032014454,0.012989912
-2.0734375,0.033609033,0.024142859
-2.073125,0.032811743,0.028922693
-2.0728125,0.032811743,0.03131261
-2.0725,0.033609033,0.032905888
-2.0721875,0.033609033,0.033702527
-2.071875,0.033609033,0.032905888
-2.0715625,0.033609033,0.033702527
-2.07125,0.033609033,0.032905888
-2.0709375,0.033609033,0.032109249
-2.070625,0.034406323,0.034499166
-2.0703125,0.036798193,0.054415142
-2.07,0.038392772,0.070347923
-2.0696875,0.043176511,0.099823568
-2.069375,0.04955483,0.176300916
-2.0690625,0.04875754,0.216929508
-2.06875,0.051149409,0.239235401
-2.0684375,0.04955483,0.241625318
-2.068125,0.051149409,0.248795069
-2.0678125,0.04875754,0.240828679
-2.0675,0.04716296,0.222505981
-2.0671875,0.04716296,0.200996727
-2.066875,0.04636567,0.172317721
-2.0665625,0.043973801,0.142842076
-2.06625,0.040784642,0.114163071
-2.0659375,0.040784642,0.08946726
-2.065625,0.039190062,0.068754645
-2.0653125,0.037595482,0.050431947
-2.065,0.032811743,0.020159663
-2.0646875,0.025636135,-0.008519342
-2.064375,0.024041555,-0.018079011
-2.0640625,0.022446976,-0.030028596
-2.06375,0.020055106,-0.048351294
-2.0634375,0.019257817,-0.061097519
-2.063125,0.017663237,-0.071453827
-2.0628125,0.016865947,-0.078623578
-2.0625,0.017663237,-0.085793329
-2.0621875,0.018460527,-0.074640383
-2.061875,0.019257817,-0.061894158
-2.0615625,0.019257817,-0.051537851
-2.06125,0.020852396,-0.044368099
-2.0609375,0.024041555,-0.024452123
-2.060625,0.028028005,-0.005332786
-2.0603125,0.028028005,-0.001349591
-2.06,0.016068657,-0.050741211
-2.0596875,0.013676788,-0.092963081
-2.059375,0.014474078,-0.097742915
-2.0590625,0.014474078,-0.092963081
-2.05875,0.016068657,-0.079420217
-2.0584375,0.016865947,-0.065080714
-2.058125,0.019257817,-0.04357146
-2.0578125,0.021649686,-0.024452123
-2.0575,0.025636135,-0.006926064
-2.0571875,0.029622584,0.009006717
-2.056875,0.032811743,0.021752942
-2.0565625,0.032811743,0.028126054
-2.05625,0.032811743,0.03131261
-2.0559375,0.032811743,0.032109249
-2.055625,0.033609033,0.033702527
-2.0553125,0.033609033,0.033702527
-2.055,0.032811743,0.033702527
-2.0546875,0.032811743,0.033702527
-2.054375,0.032811743,0.032905888
-2.0540625,0.032811743,0.032905888
-2.05375,0.036798193,0.046448752
-2.0534375,0.037595482,0.065568089
-2.053125,0.039987352,0.080704231
-2.0528125,0.04875754,0.152401745
-2.0525,0.04875754,0.2065732
-2.0521875,0.04955483,0.232862288
-2.051875,0.04875754,0.242421957
-2.0515625,0.04955483,0.244811874
-2.05125,0.050352119,0.245608513
-2.0509375,0.04716296,0.228879093
-2.050625,0.04716296,0.209759756
-2.0503125,0.04636567,0.18187739
-2.05,0.043973801,0.153198384
-2.0496875,0.041581931,0.1229261
-2.049375,0.040784642,0.097433651
-2.0490625,0.039190062,0.073534479
-2.04875,0.038392772,0.05600842
-2.0484375,0.035203613,0.03131261
-2.048125,0.029622584,-0.000552952
-2.0478125,0.026433425,-0.015689094
-2.0475,0.023244266,-0.025248762
-2.0471875,0.021649686,-0.041978182
-2.046875,0.019257817,-0.057114324
-2.0465625,0.019257817,-0.06826727
-2.04625,0.018460527,-0.073843744
-2.0459375,0.016068657,-0.08499669
-2.045625,0.017663237,-0.079420217
-2.0453125,0.018460527,-0.065877353
-2.045,0.019257817,-0.054724407
-2.0446875,0.019257817,-0.045164738
-2.044375,0.022446976,-0.033215153
-2.0440625,0.025636135,-0.010909259
-2.04375,0.029622584,0.001836965
-2.0434375,0.018460527,-0.030028596
-2.043125,0.013676788,-0.082606773
-2.0428125,0.015271367,-0.097742915
-2.0425,0.015271367,-0.095352998
-2.0421875,0.016068657,-0.085793329
-2.041875,0.017663237,-0.069860549
-2.0415625,0.019257817,-0.050741211
-2.04125,0.021649686,-0.029231957
-2.0409375,0.024041555,-0.012502537
-2.040625,0.028825294,0.002633605
-2.0403125,0.032014454,0.016973107
-2.04,0.032811743,0.025736137
-2.0396875,0.032811743,0.029719332
-2.039375,0.032811743,0.032905888
-2.0390625,0.032811743,0.033702527
-2.03875,0.033609033,0.034499166
-2.0384375,0.033609033,0.034499166
-2.038125,0.033609033,0.033702527
-2.0378125,0.032811743,0.033702527
-2.0375,0.033609033,0.032905888
-2.0371875,0.035203613,0.04007564
-2.036875,0.037595482,0.060788255
-2.0365625,0.037595482,0.074331119
-2.03625,0.044771091,0.123722739
-2.0359375,0.04875754,0.193030336
-2.035625,0.04955483,0.226489176
-2.0353125,0.04955483,0.243218596
-2.035,0.04875754,0.242421957
-2.0346875,0.050352119,0.249591708
-2.034375,0.04796025,0.236048845
-2.0340625,0.04636567,0.218522786
-2.03375,0.04636567,0.192233697
-2.0334375,0.045568381,0.164351331
-2.033125,0.042379221,0.13168913
-2.0328125,0.039987352,0.10619668
-2.0325,0.039987352,0.082297509
-2.0321875,0.037595482,0.062381533
-2.031875,0.036798193,0.041668918
-2.0315625,0.030419874,0.008210078
-2.03125,0.025636135,-0.012502537
-2.0309375,0.024838845,-0.021265567
-2.030625,0.021649686,-0.03560507
-2.0303125,0.020055106,-0.053131129
-2.03,0.018460527,-0.065877353
-2.0296875,0.018460527,-0.072250466
-2.029375,0.016068657,-0.081810134
-2.0290625,0.016068657,-0.084200051
-2.02875,0.018460527,-0.070657188
-2.0284375,0.019257817,-0.058707602
-2.028125,0.020055106,-0.048351294
-2.0278125,0.020852396,-0.040384904
-2.0275,0.024041555,-0.018079011
-2.0271875,0.028825294,-0.000552952
-2.026875,0.023244266,-0.01011262
-2.0265625,0.013676788,-0.066673992
-2.02625,0.013676788,-0.096946276
-2.0259375,0.014474078,-0.096946276
-2.025625,0.015271367,-0.089776525
-2.0253125,0.016068657,-0.074640383
-2.025,0.018460527,-0.057910963
-2.0246875,0.019257817,-0.037198348
-2.024375,0.022446976,-0.018079011
-2.0240625,0.027230715,-0.001349591
-2.02375,0.031217164,0.012989912
-2.0234375,0.033609033,0.024142859
-2.023125,0.034406323,0.028922693
-2.0228125,0.034406323,0.03131261
-2.0225,0.034406323,0.032905888
-2.0221875,0.033609033,0.033702527
-2.021875,0.033609033,0.033702527
-2.0215625,0.034406323,0.033702527
-2.02125,0.034406323,0.033702527
-2.0209375,0.033609033,0.032905888
-2.020625,0.034406323,0.035295805
-2.0203125,0.037595482,0.053618503
-2.02,0.038392772,0.070347923
-2.0196875,0.042379221,0.096637012
-2.019375,0.04955483,0.17311436
-2.0190625,0.04875754,0.216132868
-2.01875,0.050352119,0.238438762
-2.0184375,0.04955483,0.241625318
-2.018125,0.051149409,0.24799843
-2.0178125,0.04955483,0.242421957
-2.0175,0.04716296,0.224099259
-2.0171875,0.04716296,0.201793366
-2.016875,0.04716296,0.174707638
-2.0165625,0.043973801,0.144435354
-2.01625,0.040784642,0.116552988
-2.0159375,0.040784642,0.091060538
-2.015625,0.039190062,0.068754645
-2.0153125,0.038392772,0.049635308
-2.015,0.032811743,0.020956303
-2.0146875,0.026433425,-0.007722703
-2.014375,0.024838845,-0.018079011
-2.0140625,0.023244266,-0.030028596
-2.01375,0.020055106,-0.047554655
-2.0134375,0.018460527,-0.061097519
-2.013125,0.017663237,-0.069860549
-2.0128125,0.016865947,-0.076233661
-2.0125,0.016068657,-0.085793329
-2.0121875,0.017663237,-0.075437022
-2.011875,0.019257817,-0.062690797
-2.0115625,0.019257817,-0.051537851
-2.01125,0.019257817,-0.044368099
-2.0109375,0.023244266,-0.026045401
-2.010625,0.027230715,-0.005332786
-2.0103125,0.028028005,0.001040326
-2.01,0.015271367,-0.047554655
-2.0096875,0.012879498,-0.091369803
-2.009375,0.014474078,-0.096946276
-2.0090625,0.014474078,-0.092963081
-2.00875,0.015271367,-0.079420217
-2.0084375,0.017663237,-0.065877353
-2.008125,0.019257817,-0.04357146
-2.0078125,0.021649686,-0.025248762
-2.0075,0.024838845,-0.006926064
-2.0071875,0.030419874,0.009006717
-2.006875,0.032014454,0.021752942
-2.0065625,0.032811743,0.027329415
-2.00625,0.033609033,0.030515971
-2.0059375,0.032811743,0.032109249
-2.005625,0.033609033,0.033702527
-2.0053125,0.034406323,0.033702527
-2.005,0.033609033,0.033702527
-2.0046875,0.033609033,0.033702527
-2.004375,0.033609033,0.032905888
-2.0040625,0.033609033,0.032905888
-2.00375,0.036798193,0.046448752
-2.0034375,0.037595482,0.065568089
-2.003125,0.039190062,0.079907592
-2.0028125,0.04796025,0.14841855
-2.0025,0.04875754,0.2065732
-2.0021875,0.04955483,0.233658927
-2.001875,0.04796025,0.244015235
-2.0015625,0.04955483,0.245608513
-2.00125,0.04955483,0.247201791
-2.0009375,0.04796025,0.230472371
-2.000625,0.04636567,0.212946312
-2.0003125,0.04716296,0.183470668
-2,0.043973801,0.15638494
-1.9996875,0.041581931,0.124519378
-1.999375,0.039987352,0.099026929
-1.9990625,0.040784642,0.075924397
-1.99875,0.038392772,0.05680506
-1.9984375,0.036000903,0.033702527
-1.998125,0.028825294,0.001040326
-1.9978125,0.024838845,-0.015689094
-1.9975,0.024041555,-0.024452123
-1.9971875,0.020852396,-0.041978182
-1.996875,0.019257817,-0.057114324
-1.9965625,0.018460527,-0.06826727
-1.99625,0.017663237,-0.074640383
-1.9959375,0.016068657,-0.085793329
-1.995625,0.017663237,-0.079420217
-1.9953125,0.019257817,-0.066673992
-1.995,0.019257817,-0.054724407
-1.9946875,0.019257817,-0.045164738
-1.994375,0.022446976,-0.034011792
-1.9940625,0.026433425,-0.011705898
-1.99375,0.029622584,0.001836965
-1.9934375,0.019257817,-0.026045401
-1.993125,0.013676788,-0.081013495
-1.9928125,0.015271367,-0.097742915
-1.9925,0.015271367,-0.096149637
-1.9921875,0.016068657,-0.085793329
-1.991875,0.018460527,-0.070657188
-1.9915625,0.019257817,-0.05233449
-1.99125,0.021649686,-0.030825235
-1.9909375,0.025636135,-0.012502537
-1.990625,0.028825294,0.003430244
-1.9903125,0.031217164,0.016176468
-1.99,0.032811743,0.025736137
-1.9896875,0.033609033,0.030515971
-1.989375,0.033609033,0.032109249
-1.9890625,0.033609033,0.033702527
-1.98875,0.034406323,0.034499166
-1.9884375,0.034406323,0.033702527
-1.988125,0.034406323,0.033702527
-1.9878125,0.033609033,0.032905888
-1.9875,0.033609033,0.032109249
-1.9871875,0.035203613,0.038482362
-1.986875,0.036798193,0.059194977
-1.9865625,0.037595482,0.073534479
-1.98625,0.044771091,0.118942905
-1.9859375,0.04955483,0.18984378
-1.985625,0.04875754,0.226489176
-1.9853125,0.04955483,0.243218596
-1.985,0.04875754,0.242421957
-1.9846875,0.050352119,0.248795069
-1.984375,0.04875754,0.236048845
-1.9840625,0.04636567,0.219319425
-1.98375,0.04716296,0.193030336
-1.9834375,0.045568381,0.165944609
-1.983125,0.042379221,0.135672325
-1.9828125,0.039987352,0.106993319
-1.9825,0.039190062,0.083094148
-1.9821875,0.039190062,0.063178172
-1.981875,0.036798193,0.043262196
-1.9815625,0.031217164,0.009803356
-1.98125,0.026433425,-0.012502537
-1.9809375,0.024041555,-0.021265567
-1.980625,0.020852396,-0.03560507
-1.9803125,0.019257817,-0.053131129
-1.98,0.018460527,-0.065080714
-1.9796875,0.018460527,-0.072250466
-1.979375,0.016865947,-0.081013495
-1.9790625,0.016068657,-0.085793329
-1.97875,0.018460527,-0.072250466
-1.9784375,0.019257817,-0.059504241
-1.978125,0.020055106,-0.049944572
-1.9778125,0.020852396,-0.041978182
-1.9775,0.024838845,-0.01887565
-1.9771875,0.028028005,-0.002942869
-1.976875,0.024041555,-0.01011262
-1.9765625,0.013676788,-0.065877353
-1.97625,0.014474078,-0.097742915
-1.9759375,0.014474078,-0.096946276
-1.975625,0.014474078,-0.092166442
-1.9753125,0.016865947,-0.076233661
-1.975,0.018460527,-0.061097519
-1.9746875,0.020055106,-0.037994987
-1.974375,0.023244266,-0.019672289
-1.9740625,0.027230715,-0.002942869
-1.97375,0.031217164,0.011396634
-1.9734375,0.033609033,0.02334622
-1.973125,0.033609033,0.028126054
-1.9728125,0.034406323,0.03131261
-1.9725,0.034406323,0.032905888
-1.9721875,0.033609033,0.033702527
-1.971875,0.034406323,0.033702527
-1.9715625,0.033609033,0.033702527
-1.97125,0.033609033,0.032905888
-1.9709375,0.032811743,0.032905888
-1.970625,0.034406323,0.035295805
-1.9703125,0.036798193,0.052821864
-1.97,0.038392772,0.069551284
-1.9696875,0.041581931,0.092653817
-1.969375,0.04955483,0.170724443
-1.9690625,0.04875754,0.216132868
-1.96875,0.04955483,0.239235401
-1.9684375,0.04875754,0.243218596
-1.968125,0.050352119,0.249591708
-1.9678125,0.04955483,0.244015235
-1.9675,0.04796025,0.225692537
-1.9671875,0.04716296,0.204979922
-1.966875,0.045568381,0.175504277
-1.9665625,0.043176511,0.146825272
-1.96625,0.040784642,0.116552988
-1.9659375,0.041581931,0.091857178
-1.965625,0.039987352,0.068754645
-1.9653125,0.038392772,0.050431947
-1.965,0.034406323,0.022549581
-1.9646875,0.028028005,-0.006129425
-1.964375,0.025636135,-0.018079011
-1.9640625,0.022446976,-0.030028596
-1.96375,0.020055106,-0.047554655
-1.9634375,0.019257817,-0.061097519
-1.963125,0.018460527,-0.070657188
-1.9628125,0.017663237,-0.077826939
-1.9625,0.016865947,-0.087386608
-1.9621875,0.018460527,-0.077826939
-1.961875,0.020055106,-0.064284075
-1.9615625,0.019257817,-0.053131129
-1.96125,0.020055106,-0.045164738
-1.9609375,0.022446976,-0.028435318
-1.960625,0.027230715,-0.006926064
-1.9603125,0.028028005,0.000243687
-1.96,0.016865947,-0.045164738
-1.9596875,0.013676788,-0.091369803
-1.959375,0.015271367,-0.098539554
-1.9590625,0.015271367,-0.09375972
-1.95875,0.015271367,-0.081810134
-1.9584375,0.017663237,-0.067470631
-1.958125,0.019257817,-0.045961377
-1.9578125,0.021649686,-0.026045401
-1.9575,0.024838845,-0.009315981
-1.9571875,0.028825294,0.0066168
-1.956875,0.032811743,0.020159663
-1.9565625,0.033609033,0.026532776
-1.95625,0.033609033,0.030515971
-1.9559375,0.033609033,0.032905888
-1.955625,0.034406323,0.032905888
-1.9553125,0.033609033,0.032905888
-1.955,0.033609033,0.033702527
-1.9546875,0.033609033,0.033702527
-1.954375,0.034406323,0.032905888
-1.9540625,0.033609033,0.032109249
-1.95375,0.036000903,0.044855474
-1.9534375,0.036798193,0.063974811
-1.953125,0.038392772,0.078314314
-1.9528125,0.04636567,0.144435354
-1.9525,0.04875754,0.203386644
-1.9521875,0.04875754,0.232862288
-1.951875,0.04875754,0.243218596
-1.9515625,0.04955483,0.244015235
-1.95125,0.04955483,0.248795069
-1.9509375,0.04796025,0.232862288
-1.950625,0.04716296,0.212946312
-1.9503125,0.04636567,0.185063946
-1.95,0.043973801,0.157978218
-1.9496875,0.040784642,0.126112656
-1.949375,0.040784642,0.099823568
-1.9490625,0.039987352,0.075924397
-1.94875,0.039190062,0.057601699
-1.9484375,0.036000903,0.033702527
-1.948125,0.028825294,0.000243687
-1.9478125,0.024838845,-0.015689094
-1.9475,0.023244266,-0.024452123
-1.9471875,0.020852396,-0.041181543
-1.946875,0.018460527,-0.057910963
-1.9465625,0.018460527,-0.06826727
-1.94625,0.018460527,-0.074640383
-1.9459375,0.016068657,-0.086589969
-1.945625,0.017663237,-0.082606773
-1.9453125,0.019257817,-0.06826727
-1.945,0.019257817,-0.057114324
-1.9446875,0.019257817,-0.048351294
-1.944375,0.022446976,-0.037198348
-1.9440625,0.025636135,-0.013299176
-1.94375,0.029622584,0.001040326
-1.9434375,0.020055106,-0.023655484
-1.943125,0.013676788,-0.080216856
-1.9428125,0.015271367,-0.099336193
-1.9425,0.015271367,-0.096946276
-1.9421875,0.015271367,-0.087386608
-1.941875,0.017663237,-0.071453827
-1.9415625,0.019257817,-0.053927768
-1.94125,0.021649686,-0.031621874
-1.9409375,0.024041555,-0.014095815
-1.940625,0.028825294,0.001836965
-1.9403125,0.032014454,0.016176468
-1.94,0.032811743,0.025736137
-1.9396875,0.033609033,0.029719332
-1.939375,0.034406323,0.032109249
-1.9390625,0.034406323,0.033702527
-1.93875,0.034406323,0.034499166
-1.9384375,0.035203613,0.034499166
-1.938125,0.034406323,0.034499166
-1.9378125,0.033609033,0.033702527
-1.9375,0.034406323,0.032905888
-1.9371875,0.035203613,0.037685722
-1.936875,0.037595482,0.058398338
-1.9365625,0.038392772,0.07273784
-1.93625,0.044771091,0.11495971
-1.9359375,0.04955483,0.189047141
-1.935625,0.04875754,0.224895898
-1.9353125,0.050352119,0.243218596
-1.935,0.04955483,0.243218596
-1.9346875,0.050352119,0.250388347
-1.934375,0.04875754,0.238438762
-1.9340625,0.04716296,0.221709342
-1.93375,0.04716296,0.197013531
-1.9334375,0.045568381,0.168334526
-1.933125,0.043176511,0.136468964
-1.9328125,0.040784642,0.109383236
-1.9325,0.040784642,0.084687426
-1.9321875,0.039190062,0.06477145
-1.931875,0.037595482,0.044855474
-1.9315625,0.032014454,0.012193273
-1.93125,0.025636135,-0.012502537
-1.9309375,0.024838845,-0.021265567
-1.930625,0.022446976,-0.034808431
-1.9303125,0.020852396,-0.051537851
-1.93,0.019257817,-0.064284075
-1.9296875,0.018460527,-0.073047105
-1.929375,0.017663237,-0.081013495
-1.9290625,0.017663237,-0.086589969
-1.92875,0.019257817,-0.073047105
-1.9284375,0.020055106,-0.061097519
-1.928125,0.020055106,-0.049944572
-1.9278125,0.020852396,-0.042774821
-1.9275,0.025636135,-0.019672289
-1.9271875,0.028825294,-0.002942869
-1.926875,0.025636135,-0.006926064
-1.9265625,0.014474078,-0.061894158
-1.92625,0.013676788,-0.096946276
-1.9259375,0.014474078,-0.097742915
-1.925625,0.014474078,-0.092166442
-1.9253125,0.016068657,-0.0770303
-1.925,0.017663237,-0.061894158
-1.9246875,0.020055106,-0.039588265
-1.924375,0.022446976,-0.021265567
-1.9240625,0.026433425,-0.002942869
-1.92375,0.030419874,0.011396634
-1.9234375,0.032811743,0.024142859
-1.923125,0.032811743,0.028126054
-1.9228125,0.032811743,0.032109249
-1.9225,0.033609033,0.033702527
-1.9221875,0.033609033,0.035295805
-1.921875,0.032811743,0.034499166
-1.9215625,0.032811743,0.034499166
-1.92125,0.034406323,0.034499166
-1.9209375,0.033609033,0.032905888
-1.920625,0.033609033,0.033702527
-1.9203125,0.036798193,0.051228586
-1.92,0.037595482,0.069551284
-1.9196875,0.040784642,0.091060538
-1.919375,0.04955483,0.169927804
-1.9190625,0.04875754,0.216132868
-1.91875,0.04955483,0.239235401
-1.9184375,0.04875754,0.244015235
-1.918125,0.050352119,0.249591708
-1.9178125,0.04955483,0.245608513
-1.9175,0.04716296,0.228082454
-1.9171875,0.04636567,0.207369839
-1.916875,0.04636567,0.178690833
-1.9165625,0.043973801,0.14841855
-1.91625,0.040784642,0.118146266
-1.9159375,0.039987352,0.093450456
-1.915625,0.039190062,0.071144562
-1.9153125,0.038392772,0.052821864
-1.915,0.034406323,0.024939498
-1.9146875,0.027230715,-0.006129425
-1.914375,0.024041555,-0.018079011
-1.9140625,0.021649686,-0.029231957
-1.91375,0.019257817,-0.046758016
-1.9134375,0.018460527,-0.061097519
-1.913125,0.017663237,-0.071453827
-1.9128125,0.016865947,-0.077826939
-1.9125,0.015271367,-0.087386608
-1.9121875,0.017663237,-0.078623578
-1.911875,0.019257817,-0.065080714
-1.9115625,0.020055106,-0.053131129
-1.91125,0.020055106,-0.045961377
-1.9109375,0.023244266,-0.029231957
-1.910625,0.027230715,-0.007722703
-1.9103125,0.028825294,0.001836965
-1.91,0.016865947,-0.041978182
-1.9096875,0.013676788,-0.089776525
-1.909375,0.014474078,-0.099336193
-1.9090625,0.014474078,-0.094556359
-1.90875,0.016068657,-0.083403412
-1.9084375,0.018460527,-0.067470631
-1.908125,0.019257817,-0.047554655
-1.9078125,0.021649686,-0.02684204
-1.9075,0.025636135,-0.009315981
-1.9071875,0.029622584,0.0066168
-1.906875,0.032014454,0.020159663
-1.9065625,0.032811743,0.027329415
-1.90625,0.032811743,0.03131261
-1.9059375,0.033609033,0.033702527
-1.905625,0.032811743,0.034499166
-1.9053125,0.033609033,0.035295805
-1.905,0.032811743,0.035295805
-1.9046875,0.033609033,0.035295805
-1.904375,0.033609033,0.034499166
-1.9040625,0.032811743,0.033702527
-1.90375,0.035203613,0.044855474
-1.9034375,0.036798193,0.065568089
-1.903125,0.038392772,0.078314314
-1.9028125,0.04636567,0.143638715
-1.9025,0.04796025,0.204183283
-1.9021875,0.04875754,0.232862288
-1.901875,0.04875754,0.247201791
-1.9015625,0.04955483,0.246405152
-1.90125,0.04875754,0.250388347
-1.9009375,0.04716296,0.234455567
-1.900625,0.04636567,0.216132868
-1.9003125,0.045568381,0.189047141
-1.9,0.043973801,0.160368135
-1.8996875,0.041581931,0.127705935
-1.899375,0.039987352,0.101416846
-1.8990625,0.039190062,0.078314314
-1.89875,0.038392772,0.058398338
-1.8984375,0.036000903,0.036889083
-1.898125,0.028825294,0.002633605
-1.8978125,0.024838845,-0.014892454
-1.8975,0.023244266,-0.023655484
-1.8971875,0.020852396,-0.039588265
-1.896875,0.019257817,-0.055521046
-1.8965625,0.018460527,-0.06826727
-1.89625,0.017663237,-0.074640383
-1.8959375,0.015271367,-0.085793329
-1.895625,0.017663237,-0.083403412
-1.8953125,0.019257817,-0.06906391
-1.895,0.019257817,-0.057910963
-1.8946875,0.019257817,-0.048351294
-1.894375,0.021649686,-0.037994987
-1.8940625,0.025636135,-0.014095815
-1.89375,0.028825294,0.001040326
-1.8934375,0.020852396,-0.021265567
-1.893125,0.012879498,-0.078623578
-1.8928125,0.013676788,-0.099336193
-1.8925,0.014474078,-0.096946276
-1.8921875,0.015271367,-0.088979886
-1.891875,0.016865947,-0.073047105
-1.8915625,0.018460527,-0.056317685
-1.89125,0.020852396,-0.034011792
-1.8909375,0.023244266,-0.015689094
-1.890625,0.028028005,0.001836965
-1.8903125,0.031217164,0.015379829
-1.89,0.032811743,0.024939498
-1.8896875,0.032811743,0.028922693
-1.889375,0.033609033,0.032109249
-1.8890625,0.032811743,0.033702527
-1.88875,0.032811743,0.034499166
-1.8884375,0.032811743,0.033702527
-1.888125,0.033609033,0.034499166
-1.8878125,0.033609033,0.034499166
-1.8875,0.033609033,0.032905888
-1.8871875,0.034406323,0.038482362
-1.886875,0.036000903,0.058398338
-1.8865625,0.037595482,0.07273784
-1.88625,0.043973801,0.111773154
-1.8859375,0.04875754,0.185860585
-1.885625,0.04796025,0.224895898
-1.8853125,0.04875754,0.244015235
-1.885,0.04875754,0.244015235
-1.8846875,0.050352119,0.251981625
-1.884375,0.04796025,0.24003204
-1.8840625,0.04636567,0.222505981
-1.88375,0.045568381,0.198606809
-1.8834375,0.044771091,0.169927804
-1.883125,0.042379221,0.138858881
-1.8828125,0.039987352,0.110976515
-1.8825,0.039190062,0.086280704
-1.8821875,0.038392772,0.065568089
-1.881875,0.036798193,0.046448752
-1.8815625,0.030419874,0.013786551
-1.88125,0.024838845,-0.010909259
-1.8809375,0.024041555,-0.020468928
-1.880625,0.020852396,-0.034011792
-1.8803125,0.019257817,-0.050741211
-1.88,0.018460527,-0.063487436
-1.8796875,0.017663237,-0.072250466
-1.879375,0.016865947,-0.081013495
-1.8790625,0.016068657,-0.086589969
-1.87875,0.018460527,-0.073843744
-1.8784375,0.019257817,-0.061097519
-1.878125,0.020055106,-0.049147933
-1.8778125,0.020055106,-0.04357146
-1.8775,0.024041555,-0.021265567
-1.8771875,0.028028005,-0.002942869
-1.876875,0.025636135,-0.005332786
-1.8765625,0.014474078,-0.059504241
-1.87625,0.013676788,-0.096149637
-1.8759375,0.015271367,-0.097742915
-1.875625,0.014474078,-0.092166442
-1.8753125,0.016865947,-0.0770303
-1.875,0.018460527,-0.061894158
-1.8746875,0.020055106,-0.039588265
-1.874375,0.022446976,-0.021265567
-1.8740625,0.026433425,-0.003739508
-1.87375,0.030419874,0.010599995
-1.8734375,0.032811743,0.02334622
-1.873125,0.032811743,0.028922693
-1.8728125,0.032811743,0.03131261
-1.8725,0.033609033,0.033702527
-1.8721875,0.033609033,0.035295805
-1.871875,0.033609033,0.035295805
-1.8715625,0.033609033,0.035295805
-1.87125,0.033609033,0.034499166
-1.8709375,0.033609033,0.034499166
-1.870625,0.033609033,0.035295805
-1.8703125,0.036000903,0.052025225
-1.87,0.037595482,0.069551284
-1.8696875,0.039987352,0.08946726
-1.869375,0.04875754,0.165944609
-1.8690625,0.04875754,0.215336229
-1.86875,0.04955483,0.24003204
-1.8684375,0.04955483,0.246405152
-1.868125,0.051149409,0.250388347
-1.8678125,0.04955483,0.24799843
-1.8675,0.04716296,0.23126901
-1.8671875,0.045568381,0.210556395
-1.866875,0.045568381,0.181080751
-1.8665625,0.043973801,0.151605106
-1.86625,0.040784642,0.121332822
-1.8659375,0.040784642,0.095840373
-1.865625,0.039190062,0.07273784
-1.8653125,0.037595482,0.054415142
-1.865,0.034406323,0.027329415
-1.8646875,0.027230715,-0.004536147
-1.864375,0.024838845,-0.017282372
-1.8640625,0.022446976,-0.027638679
-1.86375,0.020055106,-0.045164738
-1.8634375,0.018460527,-0.059504241
-1.863125,0.018460527,-0.069860549
-1.8628125,0.017663237,-0.0770303
-1.8625,0.016068657,-0.087386608
-1.8621875,0.018460527,-0.078623578
-1.861875,0.019257817,-0.064284075
-1.8615625,0.020852396,-0.053131129
-1.86125,0.019257817,-0.045961377
-1.8609375,0.022446976,-0.030028596
-1.860625,0.027230715,-0.007722703
-1.8603125,0.028825294,0.001836965
-1.86,0.016865947,-0.039588265
-1.8596875,0.012879498,-0.088183247
-1.859375,0.013676788,-0.098539554
-1.8590625,0.013676788,-0.094556359
-1.85875,0.015271367,-0.083403412
-1.8584375,0.016865947,-0.06826727
-1.858125,0.018460527,-0.048351294
-1.8578125,0.020852396,-0.02684204
-1.8575,0.024041555,-0.01011262
-1.8571875,0.030419874,0.0066168
-1.856875,0.032811743,0.020159663
-1.8565625,0.034406323,0.028126054
-1.85625,0.034406323,0.032109249
-1.8559375,0.034406323,0.033702527
-1.855625,0.034406323,0.035295805
-1.8553125,0.035203613,0.034499166
-1.855,0.034406323,0.035295805
-1.8546875,0.035203613,0.036092444
-1.854375,0.034406323,0.034499166
-1.8540625,0.034406323,0.033702527
-1.85375,0.036798193,0.044855474
-1.8534375,0.037595482,0.06477145
-1.853125,0.038392772,0.078314314
-1.8528125,0.04716296,0.13965552
-1.8525,0.04875754,0.203386644
-1.8521875,0.04875754,0.233658927
-1.851875,0.04955483,0.247201791
-1.8515625,0.04955483,0.246405152
-1.85125,0.050352119,0.252778265
-1.8509375,0.04796025,0.237642123
-1.850625,0.04636567,0.219319425
-1.8503125,0.04636567,0.192233697
-1.85,0.044771091,0.163554692
-1.8496875,0.042379221,0.130892491
-1.849375,0.039987352,0.105400041
-1.8490625,0.039987352,0.080704231
-1.84875,0.039190062,0.061584894
-1.8484375,0.036798193,0.039279001
-1.848125,0.029622584,0.005023522
-1.8478125,0.026433425,-0.013299176
-1.8475,0.024838845,-0.022062206
-1.8471875,0.021649686,-0.038791626
-1.846875,0.020055106,-0.054724407
-1.8465625,0.018460527,-0.066673992
-1.84625,0.018460527,-0.073843744
-1.8459375,0.016865947,-0.08499669
-1.845625,0.017663237,-0.083403412
-1.8453125,0.019257817,-0.06906391
-1.845,0.019257817,-0.057114324
-1.8446875,0.020055106,-0.047554655
-1.844375,0.021649686,-0.037994987
-1.8440625,0.025636135,-0.014095815
-1.84375,0.029622584,0.001040326
-1.8434375,0.021649686,-0.016485733
-1.843125,0.013676788,-0.074640383
-1.8428125,0.013676788,-0.096946276
-1.8425,0.014474078,-0.096149637
-1.8421875,0.015271367,-0.088979886
-1.841875,0.016865947,-0.072250466
-1.8415625,0.019257817,-0.055521046
-1.84125,0.020852396,-0.034011792
-1.8409375,0.024041555,-0.015689094
-1.840625,0.028825294,0.001040326
-1.8403125,0.031217164,0.015379829
-1.84,0.032811743,0.024939498
-1.8396875,0.034406323,0.030515971
-1.839375,0.034406323,0.033702527
-1.8390625,0.033609033,0.035295805
-1.83875,0.034406323,0.035295805
-1.8384375,0.033609033,0.035295805
-1.838125,0.033609033,0.034499166
-1.8378125,0.033609033,0.034499166
-1.8375,0.033609033,0.033702527
-1.8371875,0.034406323,0.037685722
-1.836875,0.036798193,0.058398338
-1.8365625,0.038392772,0.073534479
-1.83625,0.043176511,0.108586597
-1.8359375,0.04875754,0.185860585
-1.835625,0.04875754,0.224099259
-1.8353125,0.04955483,0.245608513
-1.835,0.04875754,0.245608513
-1.8346875,0.051149409,0.254371543
-1.834375,0.04875754,0.244015235
-1.8340625,0.04716296,0.225692537
-1.83375,0.045568381,0.202590005
-1.8334375,0.045568381,0.173910999
-1.833125,0.042379221,0.142045437
-1.8328125,0.040784642,0.113366432
-1.8325,0.040784642,0.088670621
-1.8321875,0.039190062,0.067161367
-1.831875,0.037595482,0.04804203
-1.8315625,0.032811743,0.016973107
-1.83125,0.026433425,-0.01011262
-1.8309375,0.024838845,-0.019672289
-1.830625,0.022446976,-0.032418513
-1.8303125,0.020055106,-0.050741211
-1.83,0.018460527,-0.062690797
-1.8296875,0.018460527,-0.073047105
-1.829375,0.017663237,-0.080216856
-1.8290625,0.016865947,-0.086589969
-1.82875,0.018460527,-0.073843744
-1.8284375,0.019257817,-0.061894158
-1.828125,0.019257817,-0.050741211
-1.8278125,0.019257817,-0.04357146
-1.8275,0.024041555,-0.022858845
-1.8271875,0.028028005,-0.003739508
-1.826875,0.025636135,-0.002942869
-1.8265625,0.015271367,-0.055521046
-1.82625,0.013676788,-0.096149637
-1.8259375,0.014474078,-0.099336193
-1.825625,0.015271367,-0.09375972
-1.8253125,0.016068657,-0.079420217
-1.825,0.017663237,-0.063487436
-1.8246875,0.019257817,-0.041181543
-1.824375,0.023244266,-0.022062206
-1.8240625,0.026433425,-0.005332786
-1.82375,0.030419874,0.009803356
-1.8234375,0.032811743,0.02334622
-1.823125,0.033609033,0.028126054
-1.8228125,0.033609033,0.03131261
-1.8225,0.034406323,0.033702527
-1.8221875,0.035203613,0.035295805
-1.821875,0.034406323,0.034499166
-1.8215625,0.034406323,0.034499166
-1.82125,0.034406323,0.035295805
-1.8209375,0.034406323,0.034499166
-1.820625,0.033609033,0.033702527
-1.8203125,0.036798193,0.049635308
-1.82,0.038392772,0.068754645
-1.8196875,0.039987352,0.086280704
-1.819375,0.04875754,0.161961413
-1.8190625,0.04875754,0.212946312
-1.81875,0.050352119,0.239235401
-1.8184375,0.04955483,0.246405152
-1.818125,0.050352119,0.250388347
-1.8178125,0.04955483,0.250388347
-1.8175,0.04796025,0.232065649
-1.8171875,0.04636567,0.211353034
-1.816875,0.04636567,0.182674029
-1.8165625,0.043973801,0.153198384
-1.81625,0.041581931,0.121332822
-1.8159375,0.040784642,0.096637012
-1.815625,0.039987352,0.073534479
-1.8153125,0.038392772,0.055211781
-1.815,0.035203613,0.028922693
-1.8146875,0.027230715,-0.003739508
-1.814375,0.024838845,-0.018079011
-1.8140625,0.022446976,-0.027638679
-1.81375,0.020055106,-0.045164738
-1.8134375,0.019257817,-0.059504241
-1.813125,0.018460527,-0.071453827
-1.8128125,0.017663237,-0.077826939
-1.8125,0.016865947,-0.088183247
-1.8121875,0.018460527,-0.080216856
-1.811875,0.020055106,-0.066673992
-1.8115625,0.019257817,-0.054724407
-1.81125,0.019257817,-0.046758016
-1.8109375,0.023244266,-0.031621874
-1.810625,0.028028005,-0.007722703
-1.8103125,0.029622584,0.003430244
-1.81,0.017663237,-0.03560507
-1.8096875,0.013676788,-0.087386608
-1.809375,0.014474078,-0.099336193
-1.8090625,0.014474078,-0.095352998
-1.80875,0.016068657,-0.084200051
-1.8084375,0.016865947,-0.06906391
-1.808125,0.019257817,-0.048351294
-1.8078125,0.021649686,-0.028435318
-1.8075,0.024041555,-0.010909259
-1.8071875,0.028825294,0.005023522
-1.806875,0.032014454,0.020159663
-1.8065625,0.032811743,0.027329415
-1.80625,0.033609033,0.032109249
-1.8059375,0.032811743,0.033702527
-1.805625,0.033609033,0.034499166
-1.8053125,0.032811743,0.033702527
-1.805,0.033609033,0.034499166
-1.8046875,0.033609033,0.034499166
-1.804375,0.033609033,0.034499166
-1.8040625,0.032811743,0.033702527
-1.80375,0.035203613,0.042465557
-1.8034375,0.036798193,0.062381533
-1.803125,0.038392772,0.075924397
-1.8028125,0.04636567,0.133282408
-1.8025,0.04875754,0.199403449
-1.8021875,0.04955483,0.232065649
-1.801875,0.04955483,0.247201791
-1.8015625,0.04955483,0.246405152
-1.80125,0.04955483,0.251981625
-1.8009375,0.04875754,0.237642123
-1.800625,0.04636567,0.219319425
-1.8003125,0.04716296,0.192233697
-1.8,0.043973801,0.164351331
-1.7996875,0.042379221,0.132485769
-1.799375,0.040784642,0.10619668
-1.7990625,0.040784642,0.080704231
-1.79875,0.038392772,0.061584894
-1.7984375,0.036798193,0.04007564
-1.798125,0.029622584,0.005820161
-1.7978125,0.025636135,-0.014095815
-1.7975,0.024041555,-0.023655484
-1.7971875,0.020852396,-0.039588265
-1.796875,0.019257817,-0.054724407
-1.7965625,0.018460527,-0.066673992
-1.79625,0.017663237,-0.075437022
-1.7959375,0.016068657,-0.084200051
-1.795625,0.016865947,-0.084200051
-1.7953125,0.018460527,-0.070657188
-1.795,0.019257817,-0.058707602
-1.7946875,0.019257817,-0.048351294
-1.794375,0.020852396,-0.040384904
-1.7940625,0.025636135,-0.014892454
-1.79375,0.028825294,0.000243687
-1.7934375,0.022446976,-0.014892454
-1.793125,0.013676788,-0.072250466
-1.7928125,0.014474078,-0.099336193
-1.7925,0.014474078,-0.096946276
-1.7921875,0.015271367,-0.088979886
-1.791875,0.016068657,-0.074640383
-1.7915625,0.018460527,-0.057114324
-1.79125,0.020055106,-0.034808431
-1.7909375,0.022446976,-0.018079011
-1.790625,0.027230715,-0.001349591
-1.7903125,0.030419874,0.013786551
-1.79,0.032811743,0.024939498
-1.7896875,0.032811743,0.029719332
-1.789375,0.033609033,0.032905888
-1.7890625,0.033609033,0.034499166
-1.78875,0.034406323,0.035295805
-1.7884375,0.034406323,0.035295805
-1.788125,0.034406323,0.034499166
-1.7878125,0.033609033,0.034499166
-1.7875,0.033609033,0.032905888
-1.7871875,0.034406323,0.037685722
-1.786875,0.036798193,0.057601699
-1.7865625,0.037595482,0.07273784
-1.78625,0.042379221,0.105400041
-1.7859375,0.04955483,0.182674029
-1.785625,0.04796025,0.222505981
-1.7853125,0.04955483,0.244811874
-1.785,0.04875754,0.244811874
-1.7846875,0.050352119,0.253574904
-1.784375,0.04875754,0.245608513
-1.7840625,0.04716296,0.226489176
-1.78375,0.045568381,0.203386644
-1.7834375,0.045568381,0.174707638
-1.783125,0.042379221,0.143638715
-1.7828125,0.039987352,0.11495971
-1.7825,0.039987352,0.08946726
-1.7821875,0.039190062,0.067958006
-1.781875,0.036798193,0.049635308
-1.7815625,0.032811743,0.017769746
-1.78125,0.026433425,-0.009315981
-1.7809375,0.025636135,-0.018079011
-1.780625,0.022446976,-0.031621874
-1.7803125,0.020055106,-0.049147933
-1.78,0.019257817,-0.062690797
-1.7796875,0.018460527,-0.072250466
-1.779375,0.017663237,-0.079420217
-1.7790625,0.016865947,-0.086589969
-1.77875,0.018460527,-0.075437022
-1.7784375,0.019257817,-0.062690797
-1.778125,0.020055106,-0.051537851
-1.7778125,0.019257817,-0.044368099
-1.7775,0.024041555,-0.023655484
-1.7771875,0.028825294,-0.003739508
-1.776875,0.027230715,-0.001349591
-1.7765625,0.014474078,-0.053131129
-1.77625,0.012879498,-0.09375972
-1.7759375,0.013676788,-0.099336193
-1.775625,0.014474078,-0.092963081
-1.7753125,0.016865947,-0.080216856
-1.775,0.017663237,-0.065080714
-1.7746875,0.020055106,-0.041978182
-1.774375,0.022446976,-0.022858845
-1.7740625,0.026433425,-0.006129425
-1.77375,0.030419874,0.009803356
-1.7734375,0.032811743,0.02334622
-1.773125,0.033609033,0.028922693
-1.7728125,0.033609033,0.032109249
-1.7725,0.033609033,0.034499166
-1.7721875,0.033609033,0.035295805
-1.771875,0.033609033,0.035295805
-1.7715625,0.033609033,0.034499166
-1.77125,0.034406323,0.034499166
-1.7709375,0.032811743,0.033702527
-1.770625,0.033609033,0.033702527
-1.7703125,0.036000903,0.048838669
-1.77,0.037595482,0.067958006
-1.7696875,0.039987352,0.083890787
-1.769375,0.04875754,0.159571496
-1.7690625,0.04796025,0.212946312
-1.76875,0.04955483,0.238438762
-1.7684375,0.04955483,0.247201791
-1.768125,0.04955483,0.250388347
-1.7678125,0.04955483,0.250388347
-1.7675,0.04716296,0.232862288
-1.7671875,0.04636567,0.213742951
-1.766875,0.04636567,0.183470668
-1.7665625,0.043176511,0.154791662
-1.76625,0.040784642,0.123722739
-1.7659375,0.039190062,0.097433651
-1.765625,0.038392772,0.074331119
-1.7653125,0.037595482,0.05600842
-1.765,0.035203613,0.03131261
-1.7646875,0.027230715,-0.00214623
-1.764375,0.024041555,-0.016485733
-1.7640625,0.022446976,-0.026045401
-1.76375,0.018460527,-0.044368099
-1.7634375,0.019257817,-0.057910963
-1.763125,0.017663237,-0.06906391
-1.7628125,0.016865947,-0.075437022
-1.7625,0.016068657,-0.087386608
-1.7621875,0.017663237,-0.080216856
-1.761875,0.019257817,-0.066673992
-1.7615625,0.019257817,-0.055521046
-1.76125,0.019257817,-0.046758016
-1.7609375,0.021649686,-0.033215153
-1.760625,0.026433425,-0.01011262
-1.7603125,0.028825294,0.001836965
-1.76,0.018460527,-0.032418513
-1.7596875,0.012082208,-0.086589969
-1.759375,0.013676788,-0.100132832
-1.7590625,0.014474078,-0.096149637
-1.75875,0.016068657,-0.085793329
-1.7584375,0.017663237,-0.071453827
-1.758125,0.018460527,-0.051537851
-1.7578125,0.020852396,-0.030028596
-1.7575,0.024041555,-0.012502537
-1.7571875,0.028825294,0.004226883
-1.756875,0.032014454,0.018566385
-1.7565625,0.032014454,0.027329415
-1.75625,0.032811743,0.03131261
-1.7559375,0.033609033,0.033702527
-1.755625,0.032811743,0.033702527
-1.7553125,0.032811743,0.034499166
-1.755,0.033609033,0.035295805
-1.7546875,0.033609033,0.035295805
-1.754375,0.033609033,0.034499166
-1.7540625,0.033609033,0.033702527
-1.75375,0.035203613,0.042465557
-1.7534375,0.037595482,0.063178172
-1.753125,0.037595482,0.075127758
-1.7528125,0.045568381,0.128502574
-1.7525,0.04875754,0.19781017
-1.7521875,0.04875754,0.23126901
-1.751875,0.04955483,0.247201791
-1.7515625,0.04875754,0.245608513
-1.75125,0.04955483,0.253574904
-1.7509375,0.04796025,0.239235401
-1.750625,0.04636567,0.220912703
-1.7503125,0.04636567,0.193030336
-1.75,0.044771091,0.167537887
-1.7496875,0.041581931,0.134079047
-1.749375,0.039987352,0.10619668
-1.7490625,0.039987352,0.083094148
-1.74875,0.038392772,0.062381533
-1.7484375,0.036798193,0.042465557
-1.748125,0.030419874,0.008210078
-1.7478125,0.024838845,-0.013299176
-1.7475,0.024041555,-0.022062206
-1.7471875,0.020852396,-0.037198348
-1.746875,0.018460527,-0.054724407
-1.7465625,0.018460527,-0.066673992
-1.74625,0.017663237,-0.073047105
-1.7459375,0.016865947,-0.083403412
-1.745625,0.016865947,-0.08499669
-1.7453125,0.017663237,-0.071453827
-1.745,0.018460527,-0.059504241
-1.7446875,0.019257817,-0.049147933
-1.744375,0.020852396,-0.040384904
-1.7440625,0.024838845,-0.016485733
-1.74375,0.028825294,0.000243687
-1.7434375,0.023244266,-0.012502537
-1.743125,0.013676788,-0.070657188
-1.7428125,0.013676788,-0.099336193
-1.7425,0.013676788,-0.096946276
-1.7421875,0.014474078,-0.091369803
-1.741875,0.016865947,-0.073843744
-1.7415625,0.017663237,-0.059504241
-1.74125,0.020055106,-0.03560507
-1.7409375,0.022446976,-0.016485733
-1.740625,0.027230715,-0.000552952
-1.7403125,0.031217164,0.013786551
-1.74,0.032811743,0.025736137
-1.7396875,0.032811743,0.030515971
-1.739375,0.033609033,0.032905888
-1.7390625,0.032811743,0.034499166
-1.73875,0.033609033,0.035295805
-1.7384375,0.034406323,0.035295805
-1.738125,0.034406323,0.035295805
-1.7378125,0.033609033,0.034499166
-1.7375,0.033609033,0.033702527
-1.7371875,0.033609033,0.036889083
-1.736875,0.036798193,0.05600842
-1.7365625,0.037595482,0.071941201
-1.73625,0.042379221,0.101416846
-1.7359375,0.04875754,0.179487472
-1.735625,0.04796025,0.221709342
-1.7353125,0.04955483,0.244015235
-1.735,0.04875754,0.246405152
-1.7346875,0.04955483,0.253574904
-1.734375,0.04796025,0.246405152
-1.7340625,0.04636567,0.228082454
-1.73375,0.045568381,0.204979922
-1.7334375,0.045568381,0.175504277
-1.733125,0.042379221,0.145231993
-1.7328125,0.039987352,0.115756349
-1.7325,0.039987352,0.090263899
-1.7321875,0.038392772,0.068754645
-1.731875,0.037595482,0.050431947
-1.7315625,0.032014454,0.020159663
-1.73125,0.026433425,-0.008519342
-1.7309375,0.024041555,-0.01887565
-1.730625,0.021649686,-0.031621874
-1.7303125,0.018460527,-0.049147933
-1.73,0.017663237,-0.061894158
-1.7296875,0.017663237,-0.071453827
-1.729375,0.016865947,-0.079420217
-1.7290625,0.016068657,-0.087386608
-1.72875,0.017663237,-0.076233661
-1.7284375,0.018460527,-0.063487436
-1.728125,0.019257817,-0.05233449
-1.7278125,0.018460527,-0.045164738
-1.7275,0.022446976,-0.025248762
-1.7271875,0.026433425,-0.005332786
-1.726875,0.026433425,-0.001349591
-1.7265625,0.014474078,-0.050741211
-1.72625,0.012082208,-0.09375972
-1.7259375,0.013676788,-0.099336193
-1.725625,0.013676788,-0.09375972
-1.7253125,0.016068657,-0.081013495
-1.725,0.017663237,-0.065080714
-1.7246875,0.018460527,-0.04357146
-1.724375,0.020852396,-0.023655484
-1.7240625,0.024838845,-0.006129425
-1.72375,0.029622584,0.009006717
-1.7234375,0.032014454,0.022549581
-1.723125,0.032811743,0.028922693
-1.7228125,0.032811743,0.032109249
-1.7225,0.032014454,0.033702527
-1.7221875,0.032811743,0.035295805
-1.721875,0.033609033,0.035295805
-1.7215625,0.033609033,0.036092444
-1.72125,0.032811743,0.035295805
-1.7209375,0.032811743,0.034499166
-1.720625,0.032811743,0.033702527
-1.7203125,0.035203613,0.04804203
-1.72,0.036000903,0.067161367
-1.7196875,0.038392772,0.083094148
-1.719375,0.04716296,0.154791662
-1.7190625,0.04796025,0.210556395
-1.71875,0.04955483,0.238438762
-1.7184375,0.04875754,0.24799843
-1.718125,0.050352119,0.249591708
-1.7178125,0.050352119,0.251184986
-1.7175,0.04716296,0.234455567
-1.7171875,0.04636567,0.21453959
-1.716875,0.045568381,0.185063946
-1.7165625,0.043176511,0.157181579
-1.71625,0.040784642,0.126112656
-1.7159375,0.039190062,0.099823568
-1.715625,0.038392772,0.075127758
-1.7153125,0.037595482,0.05600842
-1.715,0.035203613,0.032109249
-1.7146875,0.028028005,-0.00214623
-1.714375,0.025636135,-0.016485733
-1.7140625,0.023244266,-0.026045401
-1.71375,0.020055106,-0.044368099
-1.7134375,0.019257817,-0.058707602
-1.713125,0.017663237,-0.069860549
-1.7128125,0.016865947,-0.0770303
-1.7125,0.015271367,-0.087386608
-1.7121875,0.016865947,-0.081810134
-1.711875,0.018460527,-0.067470631
-1.7115625,0.019257817,-0.056317685
-1.71125,0.020055106,-0.046758016
-1.7109375,0.021649686,-0.034011792
-1.710625,0.025636135,-0.010909259
-1.7103125,0.028825294,0.001836965
-1.71,0.017663237,-0.030028596
-1.7096875,0.012082208,-0.084200051
-1.709375,0.013676788,-0.099336193
-1.7090625,0.013676788,-0.096149637
-1.70875,0.014474078,-0.086589969
-1.7084375,0.016068657,-0.071453827
-1.708125,0.017663237,-0.05233449
-1.7078125,0.020055106,-0.030825235
-1.7075,0.023244266,-0.012502537
-1.7071875,0.028825294,0.003430244
-1.706875,0.032014454,0.017769746
-1.7065625,0.032014454,0.026532776
-1.70625,0.032811743,0.029719332
-1.7059375,0.034406323,0.033702527
-1.705625,0.033609033,0.034499166
-1.7053125,0.034406323,0.034499166
-1.705,0.034406323,0.034499166
-1.7046875,0.033609033,0.034499166
-1.704375,0.033609033,0.033702527
-1.7040625,0.033609033,0.032905888
-1.70375,0.034406323,0.040872279
-1.7034375,0.036798193,0.062381533
-1.703125,0.037595482,0.075127758
-1.7028125,0.044771091,0.126112656
-1.7025,0.04875754,0.196216892
-1.7021875,0.04716296,0.230472371
-1.701875,0.04875754,0.247201791
-1.7015625,0.04796025,0.247201791
-1.70125,0.04955483,0.253574904
-1.7009375,0.04796025,0.240828679
-1.700625,0.045568381,0.222505981
-1.7003125,0.045568381,0.196216892
-1.7,0.043973801,0.167537887
-1.6996875,0.039987352,0.134079047
-1.699375,0.039190062,0.107789958
-1.6990625,0.039190062,0.083094148
-1.69875,0.038392772,0.063178172
-1.6984375,0.036798193,0.042465557
-1.698125,0.030419874,0.009006717
-1.6978125,0.025636135,-0.013299176
-1.6975,0.024041555,-0.022062206
-1.6971875,0.022446976,-0.037198348
-1.696875,0.019257817,-0.053927768
-1.6965625,0.019257817,-0.065877353
-1.69625,0.018460527,-0.073047105
-1.6959375,0.016865947,-0.082606773
-1.695625,0.017663237,-0.08499669
-1.6953125,0.018460527,-0.072250466
-1.695,0.019257817,-0.06030088
-1.6946875,0.019257817,-0.049147933
-1.694375,0.020055106,-0.041181543
-1.6940625,0.024838845,-0.018079011
-1.69375,0.029622584,-0.001349591
-1.6934375,0.024041555,-0.010909259
-1.693125,0.013676788,-0.06826727
-1.6928125,0.014474078,-0.096946276
-1.6925,0.015271367,-0.096946276
-1.6921875,0.015271367,-0.090573164
-1.691875,0.016865947,-0.076233661
-1.6915625,0.018460527,-0.058707602
-1.69125,0.020055106,-0.036401709
-1.6909375,0.022446976,-0.01887565
-1.690625,0.027230715,-0.001349591
-1.6903125,0.031217164,0.012989912
-1.69,0.032811743,0.024939498
-1.6896875,0.032811743,0.030515971
-1.689375,0.032811743,0.032905888
-1.6890625,0.034406323,0.034499166
-1.68875,0.034406323,0.035295805
-1.6884375,0.032811743,0.035295805
-1.688125,0.033609033,0.035295805
-1.6878125,0.034406323,0.036092444
-1.6875,0.033609033,0.033702527
-1.6871875,0.034406323,0.036889083
-1.686875,0.036798193,0.055211781
-1.6865625,0.038392772,0.071144562
-1.68625,0.041581931,0.09823029
-1.6859375,0.04875754,0.177894194
-1.685625,0.04796025,0.220912703
-1.6853125,0.04875754,0.243218596
-1.685,0.04875754,0.246405152
-1.6846875,0.050352119,0.252778265
-1.684375,0.04875754,0.246405152
-1.6840625,0.04716296,0.228082454
-1.68375,0.044771091,0.205776561
-1.6834375,0.045568381,0.177894194
-1.683125,0.042379221,0.146825272
-1.6828125,0.039987352,0.118146266
-1.6825,0.039987352,0.091857178
-1.6821875,0.039190062,0.069551284
-1.681875,0.038392772,0.051228586
-1.6815625,0.033609033,0.021752942
-1.68125,0.025636135,-0.007722703
-1.6809375,0.024041555,-0.018079011
-1.680625,0.021649686,-0.030028596
-1.6803125,0.018460527,-0.049147933
-1.68,0.017663237,-0.062690797
-1.6796875,0.016865947,-0.071453827
-1.679375,0.015271367,-0.078623578
-1.6790625,0.015271367,-0.087386608
-1.67875,0.017663237,-0.076233661
-1.6784375,0.018460527,-0.063487436
-1.678125,0.018460527,-0.053131129
-1.6778125,0.018460527,-0.045164738
-1.6775,0.023244266,-0.02684204
-1.6771875,0.027230715,-0.005332786
-1.676875,0.026433425,-0.000552952
-1.6765625,0.014474078,-0.049147933
-1.67625,0.012879498,-0.09375972
-1.6759375,0.013676788,-0.100132832
-1.675625,0.013676788,-0.094556359
-1.6753125,0.015271367,-0.082606773
-1.675,0.016865947,-0.065877353
-1.6746875,0.018460527,-0.045164738
-1.674375,0.021649686,-0.025248762
-1.6740625,0.024838845,-0.007722703
-1.67375,0.029622584,0.009006717
-1.6734375,0.032014454,0.021752942
-1.673125,0.032811743,0.028126054
-1.6728125,0.032811743,0.032109249
-1.6725,0.033609033,0.032905888
-1.6721875,0.032811743,0.034499166
-1.671875,0.033609033,0.034499166
-1.6715625,0.033609033,0.033702527
-1.67125,0.032811743,0.033702527
-1.6709375,0.032811743,0.033702527
-1.670625,0.032811743,0.033702527
-1.6703125,0.034406323,0.046448752
-1.67,0.036798193,0.066364728
-1.6696875,0.038392772,0.08150087
-1.669375,0.04716296,0.152401745
-1.6690625,0.04796025,0.208166478
-1.66875,0.04875754,0.237642123
-1.6684375,0.04875754,0.246405152
-1.668125,0.04955483,0.249591708
-1.6678125,0.04955483,0.252778265
-1.6675,0.04716296,0.234455567
-1.6671875,0.04636567,0.215336229
-1.666875,0.04716296,0.185860585
-1.6665625,0.043973801,0.157978218
-1.66625,0.039987352,0.126112656
-1.6659375,0.039190062,0.100620207
-1.665625,0.039190062,0.076721036
-1.6653125,0.037595482,0.057601699
-1.665,0.034406323,0.032905888
-1.6646875,0.027230715,0.000243687
-1.664375,0.024041555,-0.015689094
-1.6640625,0.022446976,-0.025248762
-1.66375,0.019257817,-0.042774821
-1.6634375,0.018460527,-0.058707602
-1.663125,0.016865947,-0.070657188
-1.6628125,0.016865947,-0.076233661
-1.6625,0.015271367,-0.087386608
-1.6621875,0.016865947,-0.081810134
-1.661875,0.017663237,-0.06906391
-1.6615625,0.018460527,-0.057114324
-1.66125,0.018460527,-0.048351294
-1.6609375,0.020055106,-0.03560507
-1.660625,0.024838845,-0.011705898
-1.6603125,0.028028005,0.002633605
-1.66,0.018460527,-0.02684204
-1.6596875,0.012879498,-0.082606773
-1.659375,0.013676788,-0.100132832
-1.6590625,0.014474078,-0.095352998
-1.65875,0.015271367,-0.086589969
-1.6584375,0.016068657,-0.070657188
-1.658125,0.017663237,-0.05233449
-1.6578125,0.020055106,-0.031621874
-1.6575,0.023244266,-0.013299176
-1.6571875,0.028028005,0.003430244
-1.656875,0.031217164,0.016973107
-1.6565625,0.032811743,0.026532776
-1.65625,0.032811743,0.03131261
-1.6559375,0.032811743,0.033702527
-1.655625,0.032811743,0.035295805
-1.6553125,0.032811743,0.034499166
-1.655,0.032811743,0.035295805
-1.6546875,0.032811743,0.035295805
-1.654375,0.033609033,0.034499166
-1.6540625,0.032811743,0.032905888
-1.65375,0.034406323,0.04007564
-1.6534375,0.036798193,0.060788255
-1.653125,0.038392772,0.075127758
-1.6528125,0.044771091,0.122129461
-1.6525,0.04875754,0.193030336
-1.6521875,0.04875754,0.228879093
-1.651875,0.04955483,0.24799843
-1.6515625,0.04875754,0.247201791
-1.65125,0.04875754,0.254371543
-1.6509375,0.04796025,0.242421957
-1.650625,0.045568381,0.22330262
-1.6503125,0.044771091,0.197013531
-1.65,0.044771091,0.169131165
-1.6496875,0.040784642,0.137265603
-1.649375,0.039190062,0.110179876
-1.6490625,0.039190062,0.084687426
-1.64875,0.037595482,0.06477145
-1.6484375,0.036000903,0.044058835
-1.648125,0.029622584,0.010599995
-1.6478125,0.024838845,-0.012502537
-1.6475,0.023244266,-0.021265567
-1.6471875,0.020055106,-0.036401709
-1.646875,0.018460527,-0.053927768
-1.6465625,0.017663237,-0.065080714
-1.64625,0.017663237,-0.074640383
-1.6459375,0.016068657,-0.081810134
-1.645625,0.016068657,-0.085793329
-1.6453125,0.017663237,-0.073047105
-1.645,0.019257817,-0.059504241
-1.6446875,0.019257817,-0.049147933
-1.644375,0.020055106,-0.041978182
-1.6440625,0.024041555,-0.01887565
-1.64375,0.027230715,-0.00214623
-1.6434375,0.024041555,-0.008519342
-1.643125,0.013676788,-0.065080714
-1.6428125,0.012879498,-0.097742915
-1.6425,0.013676788,-0.097742915
-1.6421875,0.013676788,-0.092963081
-1.641875,0.015271367,-0.0770303
-1.6415625,0.017663237,-0.06030088
-1.64125,0.019257817,-0.037994987
-1.6409375,0.021649686,-0.019672289
-1.640625,0.025636135,-0.002942869
-1.6403125,0.030419874,0.011396634
-1.64,0.032811743,0.024142859
-1.6396875,0.032811743,0.028922693
-1.639375,0.033609033,0.032109249
-1.6390625,0.033609033,0.033702527
-1.63875,0.034406323,0.034499166
-1.6384375,0.033609033,0.034499166
-1.638125,0.033609033,0.034499166
-1.6378125,0.033609033,0.034499166
-1.6375,0.034406323,0.033702527
-1.6371875,0.034406323,0.035295805
-1.636875,0.036798193,0.053618503
-1.6365625,0.038392772,0.070347923
-1.63625,0.040784642,0.095840373
-1.6359375,0.04955483,0.17311436
-1.635625,0.04796025,0.217726147
-1.6353125,0.04875754,0.241625318
-1.635,0.04796025,0.245608513
-1.6346875,0.050352119,0.251981625
-1.634375,0.04875754,0.24799843
-1.6340625,0.04716296,0.228879093
-1.63375,0.04636567,0.208166478
-1.6334375,0.045568381,0.178690833
-1.633125,0.043176511,0.149215189
-1.6328125,0.040784642,0.118146266
-1.6325,0.039987352,0.093450456
-1.6321875,0.039190062,0.071144562
-1.631875,0.037595482,0.052025225
-1.6315625,0.033609033,0.02334622
-1.63125,0.026433425,-0.006926064
-1.6309375,0.024838845,-0.018079011
-1.630625,0.021649686,-0.028435318
-1.6303125,0.019257817,-0.048351294
-1.63,0.018460527,-0.061894158
-1.6296875,0.017663237,-0.071453827
-1.629375,0.016865947,-0.078623578
-1.6290625,0.016068657,-0.087386608
-1.62875,0.017663237,-0.0770303
-1.6284375,0.018460527,-0.064284075
-1.628125,0.019257817,-0.053131129
-1.6278125,0.019257817,-0.045961377
-1.6275,0.022446976,-0.028435318
-1.6271875,0.027230715,-0.006129425
-1.626875,0.028028005,0.001040326
-1.6265625,0.015271367,-0.045164738
-1.62625,0.012879498,-0.091369803
-1.6259375,0.014474078,-0.099336193
-1.625625,0.013676788,-0.094556359
-1.6253125,0.015271367,-0.082606773
-1.625,0.016865947,-0.067470631
-1.6246875,0.019257817,-0.045961377
-1.624375,0.021649686,-0.025248762
-1.6240625,0.024838845,-0.009315981
-1.62375,0.029622584,0.0066168
-1.6234375,0.032811743,0.020159663
-1.623125,0.033609033,0.028126054
-1.6228125,0.033609033,0.03131261
-1.6225,0.034406323,0.032905888
-1.6221875,0.034406323,0.034499166
-1.621875,0.034406323,0.035295805
-1.6215625,0.033609033,0.035295805
-1.62125,0.033609033,0.035295805
-1.6209375,0.034406323,0.034499166
-1.620625,0.033609033,0.033702527
-1.6203125,0.035203613,0.045652113
-1.62,0.037595482,0.066364728
-1.6196875,0.039190062,0.079907592
-1.619375,0.04796025,0.147621911
-1.6190625,0.04875754,0.208166478
-1.61875,0.04955483,0.236048845
-1.6184375,0.04875754,0.246405152
-1.618125,0.04955483,0.249591708
-1.6178125,0.050352119,0.252778265
-1.6175,0.04716296,0.236048845
-1.6171875,0.045568381,0.216132868
-1.616875,0.04636567,0.188250502
-1.6165625,0.043973801,0.159571496
-1.61625,0.040784642,0.127705935
-1.6159375,0.040784642,0.102213485
-1.615625,0.039987352,0.078314314
-1.6153125,0.038392772,0.058398338
-1.615,0.036000903,0.035295805
-1.6146875,0.029622584,0.001040326
-1.614375,0.024041555,-0.015689094
-1.6140625,0.023244266,-0.024452123
-1.61375,0.020055106,-0.041978182
-1.6134375,0.019257817,-0.057114324
-1.613125,0.018460527,-0.06826727
-1.6128125,0.017663237,-0.075437022
-1.6125,0.016068657,-0.085793329
-1.6121875,0.017663237,-0.082606773
-1.611875,0.018460527,-0.06826727
-1.6115625,0.019257817,-0.057114324
-1.61125,0.019257817,-0.047554655
-1.6109375,0.020852396,-0.037198348
-1.610625,0.026433425,-0.013299176
-1.6103125,0.029622584,0.001040326
-1.61,0.019257817,-0.022858845
-1.6096875,0.012082208,-0.079420217
-1.609375,0.012879498,-0.099336193
-1.6090625,0.013676788,-0.096946276
-1.60875,0.014474078,-0.088183247
-1.6084375,0.016068657,-0.073047105
-1.608125,0.018460527,-0.053927768
-1.6078125,0.020055106,-0.032418513
-1.6075,0.022446976,-0.014892454
-1.6071875,0.026433425,0.001836965
-1.606875,0.030419874,0.016176468
-1.6065625,0.032014454,0.025736137
-1.60625,0.032014454,0.030515971
-1.6059375,0.032811743,0.032905888
-1.605625,0.032811743,0.034499166
-1.6053125,0.034406323,0.035295805
-1.605,0.033609033,0.035295805
-1.6046875,0.033609033,0.035295805
-1.604375,0.034406323,0.034499166
-1.6040625,0.033609033,0.033702527
-1.60375,0.035203613,0.04007564
-1.6034375,0.036798193,0.059991616
-1.603125,0.037595482,0.074331119
-1.6028125,0.043176511,0.117349627
-1.6025,0.04875754,0.192233697
-1.6021875,0.04875754,0.228879093
-1.601875,0.04955483,0.24799843
-1.6015625,0.04875754,0.247201791
-1.60125,0.04955483,0.255964821
-1.6009375,0.04796025,0.242421957
-1.600625,0.04636567,0.224099259
-1.6003125,0.04636567,0.199403449
-1.6,0.044771091,0.171521082
-1.5996875,0.041581931,0.138858881
-1.599375,0.039987352,0.111773154
-1.5990625,0.039190062,0.086280704
-1.59875,0.038392772,0.06477145
-1.5984375,0.036798193,0.045652113
-1.598125,0.030419874,0.012989912
-1.5978125,0.025636135,-0.011705898
-1.5975,0.023244266,-0.021265567
-1.5971875,0.020852396,-0.03560507
-1.596875,0.018460527,-0.053131129
-1.5965625,0.018460527,-0.065080714
-1.59625,0.017663237,-0.073843744
-1.5959375,0.016068657,-0.081013495
-1.595625,0.016865947,-0.086589969
-1.5953125,0.019257817,-0.073843744
-1.595,0.019257817,-0.061894158
-1.5946875,0.020055106,-0.050741211
-1.594375,0.019257817,-0.04357146
-1.5940625,0.024041555,-0.019672289
-1.59375,0.028825294,-0.001349591
-1.5934375,0.025636135,-0.006129425
-1.593125,0.015271367,-0.061894158
-1.5928125,0.013676788,-0.096946276
-1.5925,0.015271367,-0.098539554
-1.5921875,0.015271367,-0.092963081
-1.591875,0.016068657,-0.077826939
-1.5915625,0.017663237,-0.061894158
-1.59125,0.019257817,-0.039588265
-1.5909375,0.022446976,-0.021265567
-1.590625,0.025636135,-0.003739508
-1.5903125,0.030419874,0.010599995
-1.59,0.032014454,0.02334622
-1.5896875,0.032811743,0.028922693
-1.589375,0.032811743,0.032905888
-1.5890625,0.032811743,0.033702527
-1.58875,0.033609033,0.035295805
-1.5884375,0.032811743,0.035295805
-1.588125,0.033609033,0.035295805
-1.5878125,0.033609033,0.035295805
-1.5875,0.032811743,0.034499166
-1.5871875,0.033609033,0.035295805
-1.586875,0.036000903,0.052821864
-1.5865625,0.037595482,0.070347923
-1.58625,0.039987352,0.092653817
-1.5859375,0.04875754,0.169927804
-1.585625,0.04796025,0.217726147
-1.5853125,0.04955483,0.242421957
-1.585,0.04796025,0.24799843
-1.5846875,0.050352119,0.251981625
-1.584375,0.04875754,0.248795069
-1.5840625,0.04716296,0.23126901
-1.58375,0.045568381,0.210556395
-1.5834375,0.044771091,0.181080751
-1.583125,0.042379221,0.150011828
-1.5828125,0.039987352,0.119739544
-1.5825,0.039987352,0.094247095
-1.5821875,0.038392772,0.071144562
-1.581875,0.036798193,0.052821864
-1.5815625,0.032811743,0.024939498
-1.58125,0.026433425,-0.006129425
-1.5809375,0.024041555,-0.018079011
-1.580625,0.022446976,-0.028435318
-1.5803125,0.019257817,-0.048351294
-1.58,0.019257817,-0.061097519
-1.5796875,0.018460527,-0.071453827
-1.579375,0.016865947,-0.077826939
-1.5790625,0.016068657,-0.087386608
-1.57875,0.017663237,-0.078623578
-1.5784375,0.019257817,-0.064284075
-1.578125,0.020055106,-0.053927768
-1.5778125,0.019257817,-0.045961377
-1.5775,0.022446976,-0.030028596
-1.5771875,0.027230715,-0.007722703
-1.576875,0.028825294,0.001836965
-1.5765625,0.016068657,-0.042774821
-1.57625,0.012082208,-0.091369803
-1.5759375,0.014474078,-0.100132832
-1.575625,0.014474078,-0.096149637
-1.5753125,0.014474078,-0.083403412
-1.575,0.016865947,-0.06826727
-1.5746875,0.018460527,-0.047554655
-1.574375,0.020852396,-0.02684204
-1.5740625,0.024041555,-0.009315981
-1.57375,0.028825294,0.007413439
-1.5734375,0.032014454,0.020956303
-1.573125,0.032811743,0.028126054
-1.5728125,0.032811743,0.032109249
-1.5725,0.032811743,0.034499166
-1.5721875,0.033609033,0.035295805
-1.571875,0.032811743,0.036092444
-1.5715625,0.032811743,0.036092444
-1.57125,0.033609033,0.035295805
-1.5709375,0.033609033,0.034499166
-1.570625,0.033609033,0.033702527
-1.5703125,0.035203613,0.044855474
-1.57,0.036798193,0.065568089
-1.5696875,0.039190062,0.078314314
-1.569375,0.04636567,0.142842076
-1.5690625,0.04796025,0.204979922
-1.56875,0.04875754,0.236048845
-1.5684375,0.04875754,0.248795069
-1.568125,0.04955483,0.249591708
-1.5678125,0.04875754,0.253574904
-1.5675,0.04716296,0.237642123
-1.5671875,0.045568381,0.219319425
-1.566875,0.045568381,0.190640419
-1.5665625,0.043973801,0.161164774
-1.56625,0.041581931,0.129299213
-1.5659375,0.039987352,0.103010124
-1.565625,0.039987352,0.079110953
-1.5653125,0.038392772,0.059194977
-1.565,0.035203613,0.036889083
-1.5646875,0.028825294,0.003430244
-1.564375,0.024041555,-0.015689094
-1.5640625,0.023244266,-0.023655484
-1.56375,0.020852396,-0.040384904
-1.5634375,0.019257817,-0.057114324
-1.563125,0.018460527,-0.067470631
-1.5628125,0.017663237,-0.075437022
-1.5625,0.015271367,-0.085793329
-1.5621875,0.016865947,-0.083403412
-1.561875,0.019257817,-0.06906391
-1.5615625,0.019257817,-0.057114324
-1.56125,0.019257817,-0.048351294
-1.5609375,0.020852396,-0.037994987
-1.560625,0.024041555,-0.014892454
-1.5603125,0.028028005,0.001836965
-1.56,0.020055106,-0.021265567
-1.5596875,0.012082208,-0.079420217
-1.559375,0.013676788,-0.100929471
-1.5590625,0.014474078,-0.097742915
-1.55875,0.014474078,-0.090573164
-1.5584375,0.016865947,-0.073843744
-1.558125,0.018460527,-0.055521046
-1.5578125,0.019257817,-0.034011792
-1.5575,0.023244266,-0.015689094
-1.5571875,0.028028005,0.001836965
-1.556875,0.031217164,0.015379829
-1.5565625,0.033609033,0.026532776
-1.55625,0.032811743,0.030515971
-1.5559375,0.033609033,0.033702527
-1.555625,0.033609033,0.034499166
-1.5553125,0.033609033,0.035295805
-1.555,0.032811743,0.034499166
-1.5546875,0.032811743,0.034499166
-1.554375,0.033609033,0.033702527
-1.5540625,0.032811743,0.032905888
-1.55375,0.034406323,0.038482362
-1.5534375,0.036798193,0.058398338
-1.553125,0.037595482,0.074331119
-1.5528125,0.042379221,0.111773154
-1.5525,0.04875754,0.189047141
-1.5521875,0.04796025,0.226489176
-1.551875,0.04955483,0.247201791
-1.5515625,0.04875754,0.246405152
-1.55125,0.050352119,0.254371543
-1.5509375,0.04875754,0.243218596
-1.550625,0.04716296,0.225692537
-1.5503125,0.04636567,0.200996727
-1.55,0.044771091,0.170724443
-1.5496875,0.042379221,0.140452159
-1.549375,0.040784642,0.112569793
-1.5490625,0.039987352,0.087077343
-1.54875,0.038392772,0.065568089
-1.5484375,0.036798193,0.045652113
-1.548125,0.031217164,0.013786551
-1.5478125,0.025636135,-0.011705898
-1.5475,0.024041555,-0.019672289
-1.5471875,0.020852396,-0.034011792
-1.546875,0.019257817,-0.05233449
-1.5465625,0.018460527,-0.065080714
-1.54625,0.016865947,-0.074640383
-1.5459375,0.015271367,-0.081810134
-1.545625,0.016068657,-0.088183247
-1.5453125,0.018460527,-0.074640383
-1.545,0.018460527,-0.062690797
-1.5446875,0.019257817,-0.050741211
-1.544375,0.019257817,-0.044368099
-1.5440625,0.023244266,-0.022062206
-1.54375,0.027230715,-0.002942869
-1.5434375,0.025636135,-0.003739508
-1.543125,0.014474078,-0.059504241
-1.5428125,0.012879498,-0.097742915
-1.5425,0.013676788,-0.099336193
-1.5421875,0.015271367,-0.092963081
-1.541875,0.015271367,-0.078623578
-1.5415625,0.016865947,-0.062690797
-1.54125,0.019257817,-0.040384904
-1.5409375,0.021649686,-0.022062206
-1.540625,0.026433425,-0.004536147
-1.5403125,0.030419874,0.010599995
-1.54,0.032811743,0.02334622
-1.5396875,0.032811743,0.028922693
-1.539375,0.033609033,0.032109249
-1.5390625,0.033609033,0.033702527
-1.53875,0.034406323,0.035295805
-1.5384375,0.034406323,0.035295805
-1.538125,0.033609033,0.034499166
-1.5378125,0.033609033,0.033702527
-1.5375,0.034406323,0.032905888
-1.5371875,0.034406323,0.034499166
-1.536875,0.037595482,0.051228586
-1.5365625,0.038392772,0.070347923
-1.53625,0.040784642,0.090263899
-1.5359375,0.04875754,0.166741248
-1.535625,0.04875754,0.217726147
-1.5353125,0.050352119,0.242421957
-1.535,0.04875754,0.247201791
-1.5346875,0.050352119,0.252778265
-1.534375,0.04955483,0.250388347
-1.5340625,0.04716296,0.23126901
-1.53375,0.04636567,0.210556395
-1.5334375,0.04716296,0.18187739
-1.533125,0.043973801,0.151605106
-1.5328125,0.041581931,0.121332822
-1.5325,0.039987352,0.095840373
-1.5321875,0.039190062,0.07273784
-1.531875,0.038392772,0.054415142
-1.5315625,0.035203613,0.026532776
-1.53125,0.027230715,-0.005332786
-1.5309375,0.024838845,-0.018079011
-1.530625,0.023244266,-0.029231957
-1.5303125,0.020055106,-0.047554655
-1.53,0.019257817,-0.061894158
-1.5296875,0.018460527,-0.073047105
-1.529375,0.016865947,-0.078623578
-1.5290625,0.016068657,-0.089776525
-1.52875,0.017663237,-0.081013495
-1.5284375,0.019257817,-0.067470631
-1.528125,0.020055106,-0.055521046
-1.5278125,0.020055106,-0.047554655
-1.5275,0.022446976,-0.032418513
-1.5271875,0.026433425,-0.009315981
-1.526875,0.029622584,0.002633605
-1.5265625,0.016865947,-0.039588265
-1.52625,0.013676788,-0.089776525
-1.5259375,0.015271367,-0.100132832
-1.525625,0.015271367,-0.096946276
-1.5253125,0.016068657,-0.08499669
-1.525,0.016865947,-0.069860549
-1.5246875,0.019257817,-0.049147933
-1.524375,0.021649686,-0.028435318
-1.5240625,0.024041555,-0.010909259
-1.52375,0.029622584,0.005023522
-1.5234375,0.032014454,0.019363024
-1.523125,0.033609033,0.027329415
-1.5228125,0.034406323,0.030515971
-1.5225,0.033609033,0.032109249
-1.5221875,0.033609033,0.035295805
-1.521875,0.033609033,0.034499166
-1.5215625,0.034406323,0.034499166
-1.52125,0.033609033,0.034499166
-1.5209375,0.033609033,0.033702527
-1.520625,0.032811743,0.032905888
-1.5203125,0.035203613,0.043262196
-1.52,0.037595482,0.063178172
-1.5196875,0.038392772,0.076721036
-1.519375,0.04636567,0.138858881
-1.5190625,0.04875754,0.203386644
-1.51875,0.04955483,0.235252206
-1.5184375,0.04875754,0.249591708
-1.518125,0.04955483,0.248795069
-1.5178125,0.04955483,0.253574904
-1.5175,0.04875754,0.239235401
-1.5171875,0.04636567,0.220116064
-1.516875,0.04636567,0.193030336
-1.5165625,0.044771091,0.163554692
-1.51625,0.042379221,0.130892491
-1.5159375,0.040784642,0.103806763
-1.515625,0.039987352,0.079110953
-1.5153125,0.038392772,0.059991616
-1.515,0.036798193,0.037685722
-1.5146875,0.028825294,0.003430244
-1.514375,0.025636135,-0.015689094
-1.5140625,0.024041555,-0.023655484
-1.51375,0.020852396,-0.040384904
-1.5134375,0.019257817,-0.056317685
-1.513125,0.018460527,-0.06826727
-1.5128125,0.017663237,-0.075437022
-1.5125,0.015271367,-0.085793329
-1.5121875,0.017663237,-0.083403412
-1.511875,0.018460527,-0.070657188
-1.5115625,0.019257817,-0.059504241
-1.51125,0.019257817,-0.049147933
-1.5109375,0.020852396,-0.039588265
-1.510625,0.025636135,-0.014892454
-1.5103125,0.028028005,0.000243687
-1.51,0.020852396,-0.018079011
-1.5096875,0.013676788,-0.0770303
-1.509375,0.013676788,-0.100929471
-1.5090625,0.014474078,-0.097742915
-1.50875,0.014474078,-0.089776525
-1.5084375,0.016865947,-0.074640383
-1.508125,0.018460527,-0.057114324
-1.5078125,0.020055106,-0.034808431
-1.5075,0.022446976,-0.017282372
-1.5071875,0.027230715,0.000243687
-1.506875,0.030419874,0.01458319
-1.5065625,0.032014454,0.024939498
-1.50625,0.032014454,0.029719332
-1.5059375,0.032811743,0.032905888
-1.505625,0.032811743,0.033702527
-1.5053125,0.032811743,0.034499166
-1.505,0.032014454,0.033702527
-1.5046875,0.032811743,0.035295805
-1.504375,0.032811743,0.035295805
-1.5040625,0.032014454,0.032905888
-1.50375,0.034406323,0.037685722
-1.5034375,0.036000903,0.058398338
-1.503125,0.038392772,0.073534479
-1.5028125,0.042379221,0.109383236
-1.5025,0.04875754,0.186657224
-1.5021875,0.04796025,0.225692537
-1.501875,0.04875754,0.247201791
-1.5015625,0.04796025,0.24799843
-1.50125,0.04955483,0.255168182
-1.5009375,0.04796025,0.245608513
-1.500625,0.045568381,0.227285815
-1.5003125,0.045568381,0.202590005
-1.5,0.043973801,0.173910999
-1.4996875,0.040784642,0.142045437
-1.499375,0.039987352,0.112569793
-1.4990625,0.039190062,0.088670621
-1.49875,0.037595482,0.067958006
-1.4984375,0.036798193,0.048838669
-1.498125,0.031217164,0.016176468
-1.4978125,0.024838845,-0.01011262
-1.4975,0.024041555,-0.019672289
-1.4971875,0.020852396,-0.033215153
-1.496875,0.018460527,-0.05233449
-1.4965625,0.017663237,-0.064284075
-1.49625,0.016865947,-0.073843744
-1.4959375,0.015271367,-0.081810134
-1.495625,0.015271367,-0.087386608
-1.4953125,0.017663237,-0.074640383
-1.495,0.018460527,-0.063487436
-1.4946875,0.019257817,-0.050741211
-1.494375,0.019257817,-0.044368099
-1.4940625,0.024041555,-0.022858845
-1.49375,0.028028005,-0.003739508
-1.4934375,0.025636135,-0.003739508
-1.493125,0.013676788,-0.057910963
-1.4928125,0.012879498,-0.097742915
-1.4925,0.014474078,-0.100132832
-1.4921875,0.014474078,-0.09375972
-1.491875,0.015271367,-0.079420217
-1.4915625,0.016865947,-0.063487436
-1.49125,0.018460527,-0.041181543
-1.4909375,0.020852396,-0.022858845
-1.490625,0.024041555,-0.005332786
-1.4903125,0.029622584,0.009803356
-1.49,0.031217164,0.02334622
-1.4896875,0.031217164,0.028922693
-1.489375,0.032014454,0.032109249
-1.4890625,0.032811743,0.034499166
-1.48875,0.033609033,0.035295805
-1.4884375,0.032811743,0.035295805
-1.488125,0.032811743,0.035295805
-1.4878125,0.032811743,0.035295805
-1.4875,0.032811743,0.034499166
-1.4871875,0.032811743,0.034499166
-1.486875,0.035203613,0.050431947
-1.4865625,0.036798193,0.068754645
-1.48625,0.039190062,0.087873982
-1.4859375,0.04796025,0.164351331
-1.485625,0.04796025,0.216929508
-1.4853125,0.04875754,0.242421957
-1.485,0.04716296,0.249591708
-1.4846875,0.04955483,0.254371543
-1.484375,0.04796025,0.251184986
-1.4840625,0.04636567,0.232862288
-1.48375,0.045568381,0.212946312
-1.4834375,0.045568381,0.182674029
-1.483125,0.043176511,0.153198384
-1.4828125,0.039987352,0.122129461
-1.4825,0.039987352,0.096637012
-1.4821875,0.039190062,0.073534479
-1.481875,0.038392772,0.054415142
-1.4815625,0.034406323,0.027329415
-1.48125,0.026433425,-0.005332786
-1.4809375,0.023244266,-0.01887565
-1.480625,0.022446976,-0.028435318
-1.4803125,0.019257817,-0.045961377
-1.48,0.018460527,-0.061097519
-1.4796875,0.017663237,-0.071453827
-1.479375,0.016865947,-0.077826939
-1.4790625,0.015271367,-0.088183247
-1.47875,0.017663237,-0.080216856
-1.4784375,0.018460527,-0.066673992
-1.478125,0.019257817,-0.055521046
-1.4778125,0.019257817,-0.046758016
-1.4775,0.021649686,-0.033215153
-1.4771875,0.025636135,-0.01011262
-1.476875,0.028028005,0.001040326
-1.4765625,0.016068657,-0.038791626
-1.47625,0.012879498,-0.090573164
-1.4759375,0.014474078,-0.10172611
-1.475625,0.015271367,-0.097742915
-1.4753125,0.016068657,-0.086589969
-1.475,0.016865947,-0.069860549
-1.4746875,0.018460527,-0.049944572
-1.474375,0.020852396,-0.028435318
-1.4740625,0.024041555,-0.010909259
-1.47375,0.029622584,0.005820161
-1.4734375,0.032014454,0.018566385
-1.473125,0.032811743,0.027329415
-1.4728125,0.033609033,0.03131261
-1.4725,0.032811743,0.032905888
-1.4721875,0.033609033,0.034499166
-1.471875,0.032811743,0.034499166
-1.4715625,0.033609033,0.035295805
-1.47125,0.034406323,0.035295805
-1.4709375,0.033609033,0.034499166
-1.470625,0.033609033,0.033702527
-1.4703125,0.035203613,0.043262196
-1.47,0.037595482,0.06477145
-1.4696875,0.038392772,0.076721036
-1.469375,0.04716296,0.136468964
-1.4690625,0.04955483,0.203386644
-1.46875,0.04955483,0.235252206
-1.4684375,0.050352119,0.250388347
-1.468125,0.04955483,0.249591708
-1.4678125,0.04955483,0.255964821
-1.4675,0.04796025,0.24003204
-1.4671875,0.045568381,0.221709342
-1.466875,0.04636567,0.194623614
-1.4665625,0.044771091,0.165944609
-1.46625,0.041581931,0.132485769
-1.4659375,0.039987352,0.10619668
-1.465625,0.039190062,0.082297509
-1.4653125,0.038392772,0.061584894
-1.465,0.036000903,0.04007564
-1.4646875,0.029622584,0.005820161
-1.464375,0.025636135,-0.014095815
-1.4640625,0.024041555,-0.023655484
-1.46375,0.020055106,-0.040384904
-1.4634375,0.019257817,-0.056317685
-1.463125,0.018460527,-0.067470631
-1.4628125,0.017663237,-0.076233661
-1.4625,0.015271367,-0.085793329
-1.4621875,0.016865947,-0.085793329
-1.461875,0.017663237,-0.071453827
-1.4615625,0.018460527,-0.059504241
-1.46125,0.018460527,-0.049147933
-1.4609375,0.020055106,-0.040384904
-1.460625,0.024838845,-0.016485733
-1.4603125,0.028028005,-0.000552952
-1.46,0.020852396,-0.016485733
-1.4596875,0.012879498,-0.074640383
-1.459375,0.012879498,-0.10172611
-1.4590625,0.014474078,-0.099336193
-1.45875,0.013676788,-0.092166442
-1.4584375,0.016068657,-0.075437022
-1.458125,0.017663237,-0.057910963
-1.4578125,0.019257817,-0.03560507
-1.4575,0.022446976,-0.018079011
-1.4571875,0.026433425,-0.000552952
-1.456875,0.030419874,0.013786551
-1.4565625,0.032014454,0.024939498
-1.45625,0.032014454,0.030515971
-1.4559375,0.032811743,0.032905888
-1.455625,0.032811743,0.034499166
-1.4553125,0.034406323,0.035295805
-1.455,0.033609033,0.035295805
-1.4546875,0.033609033,0.035295805
-1.454375,0.032811743,0.034499166
-1.4540625,0.033609033,0.032905888
-1.45375,0.034406323,0.036889083
-1.4534375,0.036000903,0.057601699
-1.453125,0.036798193,0.07273784
-1.4528125,0.042379221,0.105400041
-1.4525,0.04875754,0.185063946
-1.4521875,0.04716296,0.225692537
-1.451875,0.04875754,0.246405152
-1.4515625,0.04875754,0.247201791
-1.45125,0.050352119,0.255168182
-1.4509375,0.04796025,0.247201791
-1.450625,0.04636567,0.228082454
-1.4503125,0.044771091,0.205776561
-1.45,0.045568381,0.176300916
-1.4496875,0.042379221,0.143638715
-1.449375,0.039987352,0.114163071
-1.4490625,0.039987352,0.08946726
-1.44875,0.039190062,0.067161367
-1.4484375,0.037595482,0.04804203
-1.448125,0.032014454,0.017769746
-1.4478125,0.025636135,-0.010909259
-1.4475,0.024838845,-0.020468928
-1.4471875,0.021649686,-0.034011792
-1.446875,0.019257817,-0.050741211
-1.4465625,0.018460527,-0.063487436
-1.44625,0.017663237,-0.073843744
-1.4459375,0.016068657,-0.081013495
-1.445625,0.016068657,-0.088183247
-1.4453125,0.017663237,-0.076233661
-1.445,0.019257817,-0.063487436
-1.4446875,0.020055106,-0.051537851
-1.444375,0.019257817,-0.045164738
-1.4440625,0.023244266,-0.024452123
-1.44375,0.027230715,-0.005332786
-1.4434375,0.026433425,-0.002942869
-1.443125,0.014474078,-0.056317685
-1.4428125,0.013676788,-0.096946276
-1.4425,0.014474078,-0.10172611
-1.4421875,0.013676788,-0.095352998
-1.441875,0.016068657,-0.080216856
-1.4415625,0.017663237,-0.065877353
-1.44125,0.018460527,-0.04357146
-1.4409375,0.020852396,-0.024452123
-1.440625,0.025636135,-0.006129425
-1.4403125,0.031217164,0.009006717
-1.44,0.032014454,0.021752942
-1.4396875,0.032811743,0.027329415
-1.439375,0.032811743,0.032109249
-1.4390625,0.033609033,0.033702527
-1.43875,0.034406323,0.035295805
-1.4384375,0.034406323,0.034499166
-1.438125,0.034406323,0.035295805
-1.4378125,0.034406323,0.035295805
-1.4375,0.033609033,0.035295805
-1.4371875,0.033609033,0.033702527
-1.436875,0.036798193,0.050431947
-1.4365625,0.038392772,0.069551284
-1.43625,0.039987352,0.086280704
-1.4359375,0.04875754,0.161164774
-1.435625,0.04875754,0.215336229
-1.4353125,0.04875754,0.241625318
-1.435,0.04875754,0.250388347
-1.4346875,0.050352119,0.254371543
-1.434375,0.04875754,0.252778265
-1.4340625,0.04796025,0.235252206
-1.43375,0.04716296,0.215336229
-1.4334375,0.04716296,0.185860585
-1.433125,0.042379221,0.15638494
-1.4328125,0.040784642,0.123722739
-1.4325,0.040784642,0.09823029
-1.4321875,0.039190062,0.075127758
-1.431875,0.038392772,0.05600842
-1.4315625,0.034406323,0.030515971
-1.43125,0.027230715,-0.002942869
-1.4309375,0.025636135,-0.017282372
-1.430625,0.023244266,-0.027638679
-1.4303125,0.020055106,-0.045961377
-1.43,0.019257817,-0.061097519
-1.4296875,0.017663237,-0.071453827
-1.429375,0.016865947,-0.0770303
-1.4290625,0.015271367,-0.088979886
-1.42875,0.017663237,-0.081810134
-1.4284375,0.018460527,-0.067470631
-1.428125,0.019257817,-0.056317685
-1.4278125,0.019257817,-0.047554655
-1.4275,0.021649686,-0.034011792
-1.4271875,0.025636135,-0.010909259
-1.426875,0.028825294,0.001836965
-1.4265625,0.017663237,-0.034808431
-1.42625,0.012082208,-0.088183247
-1.4259375,0.014474078,-0.100929471
-1.425625,0.013676788,-0.097742915
-1.4253125,0.014474078,-0.086589969
-1.425,0.016865947,-0.071453827
-1.4246875,0.018460527,-0.050741211
-1.424375,0.020852396,-0.030028596
-1.4240625,0.023244266,-0.012502537
-1.42375,0.029622584,0.004226883
-1.4234375,0.032014454,0.018566385
-1.423125,0.033609033,0.026532776
-1.4228125,0.033609033,0.030515971
-1.4225,0.032811743,0.032109249
-1.4221875,0.033609033,0.033702527
-1.421875,0.033609033,0.034499166
-1.4215625,0.033609033,0.035295805
-1.42125,0.033609033,0.034499166
-1.4209375,0.033609033,0.033702527
-1.420625,0.033609033,0.032905888
-1.4203125,0.035203613,0.040872279
-1.42,0.036798193,0.063178172
-1.4196875,0.038392772,0.075924397
-1.419375,0.04636567,0.13168913
-1.4190625,0.04875754,0.201793366
-1.41875,0.04955483,0.234455567
-1.4184375,0.04955483,0.250388347
-1.418125,0.04955483,0.249591708
-1.4178125,0.04955483,0.25676146
-1.4175,0.04796025,0.242421957
-1.4171875,0.04636567,0.22330262
-1.416875,0.04636567,0.196216892
-1.4165625,0.044771091,0.166741248
-1.41625,0.042379221,0.134079047
-1.4159375,0.039987352,0.106993319
-1.415625,0.039987352,0.082297509
-1.4153125,0.038392772,0.062381533
-1.415,0.036798193,0.040872279
-1.4146875,0.029622584,0.0066168
-1.414375,0.025636135,-0.015689094
-1.4140625,0.024041555,-0.023655484
-1.41375,0.020852396,-0.039588265
-1.4134375,0.019257817,-0.057114324
-1.413125,0.018460527,-0.06826727
-1.4128125,0.017663237,-0.075437022
-1.4125,0.016068657,-0.086589969
-1.4121875,0.016865947,-0.086589969
-1.411875,0.018460527,-0.072250466
-1.4115625,0.019257817,-0.06030088
-1.41125,0.020055106,-0.049944572
-1.4109375,0.020852396,-0.041978182
-1.410625,0.024838845,-0.017282372
-1.4103125,0.028825294,-0.001349591
-1.41,0.022446976,-0.014095815
-1.4096875,0.013676788,-0.073047105
-1.409375,0.014474078,-0.10172611
-1.4090625,0.015271367,-0.100132832
-1.40875,0.015271367,-0.092166442
-1.4084375,0.016865947,-0.076233661
-1.408125,0.017663237,-0.059504241
-1.4078125,0.020055106,-0.037198348
-1.4075,0.023244266,-0.018079011
-1.4071875,0.028028005,-0.001349591
-1.406875,0.031217164,0.013786551
-1.4065625,0.032811743,0.024939498
-1.40625,0.033609033,0.029719332
-1.4059375,0.034406323,0.032109249
-1.405625,0.033609033,0.033702527
-1.4053125,0.033609033,0.036092444
-1.405,0.033609033,0.035295805
-1.4046875,0.033609033,0.034499166
-1.404375,0.033609033,0.035295805
-1.4040625,0.033609033,0.033702527
-1.40375,0.034406323,0.036092444
-1.4034375,0.038392772,0.05680506
-1.403125,0.037595482,0.071941201
-1.4028125,0.042379221,0.103806763
-1.4025,0.04875754,0.18187739
-1.4021875,0.04875754,0.224895898
-1.401875,0.04875754,0.24799843
-1.4015625,0.04875754,0.249591708
-1.40125,0.050352119,0.255964821
-1.4009375,0.04875754,0.248795069
-1.400625,0.04716296,0.229675732
-1.4003125,0.04636567,0.2065732
-1.4,0.045568381,0.177097555
-1.3996875,0.043176511,0.145231993
-1.399375,0.039987352,0.116552988
-1.3990625,0.039987352,0.091060538
-1.39875,0.039190062,0.069551284
-1.3984375,0.038392772,0.049635308
-1.398125,0.032811743,0.018566385
-1.3978125,0.026433425,-0.01011262
-1.3975,0.024838845,-0.020468928
-1.3971875,0.022446976,-0.033215153
-1.396875,0.019257817,-0.05233449
-1.3965625,0.019257817,-0.064284075
-1.39625,0.017663237,-0.073843744
-1.3959375,0.016865947,-0.081013495
-1.395625,0.016068657,-0.088979886
-1.3953125,0.018460527,-0.0770303
-1.395,0.019257817,-0.065080714
-1.3946875,0.020055106,-0.053131129
-1.394375,0.020852396,-0.045164738
-1.3940625,0.024041555,-0.025248762
-1.39375,0.028028005,-0.005332786
-1.3934375,0.028028005,-0.001349591
-1.393125,0.015271367,-0.054724407
-1.3928125,0.013676788,-0.096946276
-1.3925,0.015271367,-0.100929471
-1.3921875,0.015271367,-0.095352998
-1.391875,0.015271367,-0.081810134
-1.3915625,0.017663237,-0.066673992
-1.39125,0.018460527,-0.044368099
-1.3909375,0.021649686,-0.024452123
-1.390625,0.025636135,-0.007722703
-1.3903125,0.029622584,0.008210078
-1.39,0.032014454,0.021752942
-1.3896875,0.032811743,0.028126054
-1.389375,0.032811743,0.030515971
-1.3890625,0.032811743,0.032905888
-1.38875,0.033609033,0.034499166
-1.3884375,0.034406323,0.035295805
-1.388125,0.033609033,0.034499166
-1.3878125,0.035203613,0.035295805
-1.3875,0.034406323,0.033702527
-1.3871875,0.034406323,0.033702527
-1.386875,0.036000903,0.04804203
-1.3865625,0.038392772,0.067958006
-1.38625,0.039987352,0.083890787
-1.3859375,0.04875754,0.15638494
-1.385625,0.04875754,0.213742951
-1.3853125,0.050352119,0.241625318
-1.385,0.04955483,0.251184986
-1.3846875,0.04955483,0.253574904
-1.384375,0.04955483,0.255168182
-1.3840625,0.04796025,0.236845484
-1.38375,0.045568381,0.216929508
-1.3834375,0.04716296,0.187453863
-1.383125,0.043973801,0.157181579
-1.3828125,0.042379221,0.126112656
-1.3825,0.040784642,0.099823568
-1.3821875,0.039987352,0.075127758
-1.381875,0.039190062,0.05680506
-1.3815625,0.036000903,0.030515971
-1.38125,0.028028005,-0.002942869
-1.3809375,0.025636135,-0.017282372
-1.380625,0.024041555,-0.02684204
-1.3803125,0.020852396,-0.044368099
-1.38,0.019257817,-0.06030088
-1.3796875,0.018460527,-0.071453827
-1.379375,0.017663237,-0.077826939
-1.3790625,0.016068657,-0.088979886
-1.37875,0.017663237,-0.082606773
-1.3784375,0.019257817,-0.06906391
-1.378125,0.019257817,-0.057114324
-1.3778125,0.019257817,-0.047554655
-1.3775,0.021649686,-0.03560507
-1.3771875,0.026433425,-0.011705898
-1.376875,0.029622584,0.002633605
-1.3765625,0.017663237,-0.031621874
-1.37625,0.012879498,-0.086589969
-1.3759375,0.013676788,-0.10172611
-1.375625,0.014474078,-0.097742915
-1.3753125,0.015271367,-0.087386608
-1.375,0.016865947,-0.072250466
-1.3746875,0.018460527,-0.05233449
-1.374375,0.020055106,-0.031621874
-1.3740625,0.024041555,-0.012502537
-1.37375,0.028028005,0.004226883
-1.3734375,0.031217164,0.017769746
-1.373125,0.032811743,0.026532776
-1.3728125,0.032811743,0.030515971
-1.3725,0.032811743,0.032905888
-1.3721875,0.033609033,0.035295805
-1.371875,0.033609033,0.035295805
-1.3715625,0.034406323,0.036092444
-1.37125,0.034406323,0.036092444
-1.3709375,0.033609033,0.034499166
-1.370625,0.033609033,0.033702527
-1.3703125,0.035203613,0.041668918
-1.37,0.036798193,0.062381533
-1.3696875,0.038392772,0.075127758
-1.369375,0.04636567,0.128502574
-1.3690625,0.04955483,0.200200088
-1.36875,0.04955483,0.235252206
-1.3684375,0.050352119,0.251184986
-1.368125,0.04955483,0.251184986
-1.3678125,0.04955483,0.258354738
-1.3675,0.04796025,0.244811874
-1.3671875,0.04716296,0.224895898
-1.366875,0.045568381,0.198606809
-1.3665625,0.044771091,0.169131165
-1.36625,0.043176511,0.136468964
-1.3659375,0.040784642,0.108586597
-1.365625,0.039987352,0.083890787
-1.3653125,0.039190062,0.063178172
-1.365,0.037595482,0.041668918
-1.3646875,0.031217164,0.008210078
-1.364375,0.025636135,-0.014095815
-1.3640625,0.024838845,-0.022858845
-1.36375,0.021649686,-0.037994987
-1.3634375,0.020055106,-0.055521046
-1.363125,0.018460527,-0.06826727
-1.3628125,0.017663237,-0.076233661
-1.3625,0.015271367,-0.085793329
-1.3621875,0.016865947,-0.087386608
-1.361875,0.017663237,-0.073047105
-1.3615625,0.019257817,-0.061097519
-1.36125,0.020055106,-0.049944572
-1.3609375,0.020852396,-0.041978182
-1.360625,0.024838845,-0.01887565
-1.3603125,0.028825294,-0.001349591
-1.36,0.023244266,-0.011705898
-1.3596875,0.013676788,-0.070657188
-1.359375,0.013676788,-0.100929471
-1.3590625,0.015271367,-0.099336193
-1.35875,0.015271367,-0.091369803
-1.3584375,0.016865947,-0.076233661
-1.358125,0.017663237,-0.06030088
-1.3578125,0.020055106,-0.037198348
-1.3575,0.022446976,-0.01887565
-1.3571875,0.026433425,-0.00214623
-1.356875,0.030419874,0.012193273
-1.3565625,0.032811743,0.024939498
-1.35625,0.032811743,0.030515971
-1.3559375,0.033609033,0.032109249
-1.355625,0.032811743,0.034499166
-1.3553125,0.033609033,0.036092444
-1.355,0.033609033,0.036092444
-1.3546875,0.034406323,0.035295805
-1.354375,0.033609033,0.035295805
-1.3540625,0.033609033,0.033702527
-1.35375,0.035203613,0.036889083
-1.3534375,0.036798193,0.055211781
-1.353125,0.038392772,0.07273784
-1.3528125,0.042379221,0.102213485
-1.3525,0.04875754,0.180284111
-1.3521875,0.04955483,0.224895898
-1.351875,0.050352119,0.24799843
-1.3515625,0.04955483,0.251184986
-1.35125,0.051149409,0.257558099
-1.3509375,0.04955483,0.250388347
-1.350625,0.04796025,0.23126901
-1.3503125,0.045568381,0.208963117
-1.35,0.04636567,0.179487472
-1.3496875,0.043176511,0.14841855
-1.349375,0.040784642,0.118146266
-1.3490625,0.040784642,0.092653817
-1.34875,0.039190062,0.069551284
-1.3484375,0.038392772,0.051228586
-1.348125,0.033609033,0.020159663
-1.3478125,0.027230715,-0.009315981
-1.3475,0.025636135,-0.019672289
-1.3471875,0.022446976,-0.031621874
-1.346875,0.020055106,-0.049147933
-1.3465625,0.020055106,-0.063487436
-1.34625,0.018460527,-0.073047105
-1.3459375,0.017663237,-0.080216856
-1.345625,0.016865947,-0.089776525
-1.3453125,0.019257817,-0.077826939
-1.345,0.020055106,-0.065080714
-1.3446875,0.020852396,-0.053927768
-1.344375,0.020055106,-0.046758016
-1.3440625,0.024041555,-0.02684204
-1.34375,0.028028005,-0.006926064
-1.3434375,0.028028005,-0.001349591
-1.343125,0.016068657,-0.05233449
-1.3428125,0.013676788,-0.096946276
-1.3425,0.015271367,-0.10172611
-1.3421875,0.016068657,-0.096946276
-1.341875,0.016865947,-0.083403412
-1.3415625,0.018460527,-0.067470631
-1.34125,0.020055106,-0.045961377
-1.3409375,0.022446976,-0.02684204
-1.340625,0.026433425,-0.008519342
-1.3403125,0.030419874,0.007413439
-1.34,0.033609033,0.020956303
-1.3396875,0.033609033,0.028126054
-1.339375,0.033609033,0.030515971
-1.3390625,0.034406323,0.033702527
-1.33875,0.034406323,0.035295805
-1.3384375,0.034406323,0.034499166
-1.338125,0.034406323,0.034499166
-1.3378125,0.035203613,0.034499166
-1.3375,0.034406323,0.033702527
-1.3371875,0.034406323,0.033702527
-1.336875,0.036798193,0.04804203
-1.3365625,0.038392772,0.067161367
-1.33625,0.039987352,0.083094148
-1.3359375,0.04875754,0.155588301
-1.335625,0.04955483,0.212946312
-1.3353125,0.04955483,0.24003204
-1.335,0.04955483,0.251981625
-1.3346875,0.051149409,0.254371543
-1.334375,0.04955483,0.255168182
-1.3340625,0.04875754,0.238438762
-1.33375,0.04716296,0.219319425
-1.3334375,0.04636567,0.189047141
-1.333125,0.043973801,0.158774857
-1.3328125,0.041581931,0.126909295
-1.3325,0.040784642,0.100620207
-1.3321875,0.039987352,0.076721036
-1.331875,0.039190062,0.057601699
-1.3315625,0.035203613,0.032905888
-1.33125,0.028028005,-0.001349591
-1.3309375,0.024838845,-0.019672289
-1.330625,0.024041555,-0.02684204
-1.3303125,0.020852396,-0.045164738
-1.33,0.020055106,-0.059504241
-1.3296875,0.018460527,-0.071453827
-1.329375,0.018460527,-0.0770303
-1.3290625,0.016865947,-0.088183247
-1.32875,0.017663237,-0.083403412
-1.3284375,0.020055106,-0.069860549
-1.328125,0.020852396,-0.057910963
-1.3278125,0.020055106,-0.048351294
-1.3275,0.021649686,-0.036401709
-1.3271875,0.027230715,-0.011705898
-1.326875,0.030419874,0.001836965
-1.3265625,0.019257817,-0.030028596
-1.32625,0.014474078,-0.08499669
-1.3259375,0.015271367,-0.10172611
-1.325625,0.015271367,-0.097742915
-1.3253125,0.016865947,-0.088183247
-1.325,0.017663237,-0.072250466
-1.3246875,0.019257817,-0.053131129
-1.324375,0.021649686,-0.031621874
-1.3240625,0.024041555,-0.014095815
-1.32375,0.029622584,0.003430244
-1.3234375,0.032014454,0.017769746
-1.323125,0.033609033,0.026532776
-1.3228125,0.034406323,0.030515971
-1.3225,0.034406323,0.032905888
-1.3221875,0.035203613,0.034499166
-1.321875,0.034406323,0.035295805
-1.3215625,0.034406323,0.035295805
-1.32125,0.034406323,0.035295805
-1.3209375,0.033609033,0.034499166
-1.320625,0.034406323,0.033702527
-1.3203125,0.035203613,0.040872279
-1.32,0.037595482,0.061584894
-1.3196875,0.038392772,0.075924397
-1.319375,0.045568381,0.124519378
-1.3190625,0.04955483,0.196216892
-1.31875,0.04955483,0.233658927
-1.3184375,0.04955483,0.251184986
-1.318125,0.04955483,0.250388347
-1.3178125,0.051149409,0.258354738
-1.3175,0.04875754,0.244811874
-1.3171875,0.04636567,0.225692537
-1.316875,0.04636567,0.200200088
-1.3165625,0.045568381,0.170724443
-1.31625,0.042379221,0.138062242
-1.3159375,0.039987352,0.110976515
-1.315625,0.040784642,0.086280704
-1.3153125,0.039190062,0.06477145
-1.315,0.037595482,0.044058835
-1.3146875,0.031217164,0.010599995
-1.314375,0.026433425,-0.012502537
-1.3140625,0.024041555,-0.022062206
-1.31375,0.021649686,-0.037198348
-1.3134375,0.020055106,-0.054724407
-1.313125,0.018460527,-0.067470631
-1.3128125,0.017663237,-0.076233661
-1.3125,0.016865947,-0.084200051
-1.3121875,0.017663237,-0.086589969
-1.311875,0.019257817,-0.073843744
-1.3115625,0.019257817,-0.061097519
-1.31125,0.020055106,-0.051537851
-1.3109375,0.020852396,-0.042774821
-1.310625,0.025636135,-0.01887565
-1.3103125,0.028028005,-0.00214623
-1.31,0.024041555,-0.01011262
-1.3096875,0.014474078,-0.06826727
-1.309375,0.013676788,-0.10172611
-1.3090625,0.015271367,-0.100929471
-1.30875,0.015271367,-0.09375972
-1.3084375,0.016865947,-0.077826939
-1.308125,0.018460527,-0.061894158
-1.3078125,0.020055106,-0.038791626
-1.3075,0.023244266,-0.020468928
-1.3071875,0.027230715,-0.002942869
-1.306875,0.032014454,0.012989912
-1.3065625,0.032811743,0.024142859
-1.30625,0.033609033,0.029719332
-1.3059375,0.033609033,0.032905888
-1.305625,0.034406323,0.034499166
-1.3053125,0.033609033,0.035295805
-1.305,0.034406323,0.034499166
-1.3046875,0.034406323,0.035295805
-1.304375,0.034406323,0.035295805
-1.3040625,0.034406323,0.033702527
-1.30375,0.034406323,0.036092444
-1.3034375,0.037595482,0.053618503
-1.303125,0.038392772,0.071941201
-1.3028125,0.042379221,0.097433651
-1.3025,0.04955483,0.177894194
-1.3021875,0.04875754,0.222505981
-1.301875,0.051149409,0.247201791
-1.3015625,0.04955483,0.251184986
-1.30125,0.051149409,0.257558099
-1.3009375,0.04955483,0.250388347
-1.300625,0.04716296,0.232065649
-1.3003125,0.04636567,0.210556395
-1.3,0.04636567,0.181080751
-1.2996875,0.043176511,0.149215189
-1.299375,0.041581931,0.119739544
-1.2990625,0.040784642,0.093450456
-1.29875,0.039190062,0.071144562
-1.2984375,0.037595482,0.052821864
-1.298125,0.033609033,0.022549581
-1.2978125,0.027230715,-0.007722703
-1.2975,0.025636135,-0.019672289
-1.2971875,0.022446976,-0.030825235
-1.296875,0.019257817,-0.049147933
-1.2965625,0.019257817,-0.063487436
-1.29625,0.018460527,-0.073047105
-1.2959375,0.017663237,-0.079420217
-1.295625,0.016865947,-0.089776525
-1.2953125,0.018460527,-0.078623578
-1.295,0.020055106,-0.065877353
-1.2946875,0.020852396,-0.054724407
-1.294375,0.020852396,-0.045961377
-1.2940625,0.023244266,-0.028435318
-1.29375,0.028028005,-0.006926064
-1.2934375,0.028028005,-0.000552952
-1.293125,0.016068657,-0.048351294
-1.2928125,0.013676788,-0.095352998
-1.2925,0.015271367,-0.10172611
-1.2921875,0.015271367,-0.096946276
-1.291875,0.016068657,-0.083403412
-1.2915625,0.017663237,-0.06826727
-1.29125,0.019257817,-0.046758016
-1.2909375,0.021649686,-0.02684204
-1.290625,0.025636135,-0.009315981
-1.2903125,0.030419874,0.0066168
-1.29,0.033609033,0.021752942
-1.2896875,0.033609033,0.028126054
-1.289375,0.032811743,0.032109249
-1.2890625,0.033609033,0.033702527
-1.28875,0.033609033,0.035295805
-1.2884375,0.033609033,0.034499166
-1.288125,0.034406323,0.035295805
-1.2878125,0.035203613,0.035295805
-1.2875,0.035203613,0.034499166
-1.2871875,0.033609033,0.033702527
-1.286875,0.036798193,0.047245391
-1.2865625,0.037595482,0.067161367
-1.28625,0.039190062,0.08150087
-1.2859375,0.04875754,0.152401745
-1.285625,0.04875754,0.211353034
-1.2853125,0.04955483,0.240828679
-1.285,0.050352119,0.251981625
-1.2846875,0.051149409,0.254371543
-1.284375,0.050352119,0.25676146
-1.2840625,0.04796025,0.239235401
-1.28375,0.04716296,0.219319425
-1.2834375,0.04716296,0.190640419
-1.283125,0.044771091,0.160368135
-1.2828125,0.042379221,0.127705935
-1.2825,0.040784642,0.102213485
-1.2821875,0.039987352,0.077517675
-1.281875,0.038392772,0.058398338
-1.2815625,0.035203613,0.034499166
-1.28125,0.028825294,0.000243687
-1.2809375,0.025636135,-0.017282372
-1.280625,0.023244266,-0.026045401
-1.2803125,0.020852396,-0.042774821
-1.28,0.019257817,-0.058707602
-1.2796875,0.018460527,-0.070657188
-1.279375,0.017663237,-0.0770303
-1.2790625,0.016865947,-0.088183247
-1.27875,0.016865947,-0.084200051
-1.2784375,0.018460527,-0.069860549
-1.278125,0.020055106,-0.058707602
-1.2778125,0.020055106,-0.048351294
-1.2775,0.020852396,-0.037994987
-1.2771875,0.025636135,-0.013299176
-1.276875,0.028825294,0.001040326
-1.2765625,0.019257817,-0.027638679
-1.27625,0.013676788,-0.082606773
-1.2759375,0.015271367,-0.10172611
-1.275625,0.015271367,-0.098539554
-1.2753125,0.016068657,-0.088979886
-1.275,0.017663237,-0.073047105
-1.2746875,0.019257817,-0.053131129
-1.274375,0.022446976,-0.031621874
-1.2740625,0.024838845,-0.014095815
-1.27375,0.028825294,0.002633605
-1.2734375,0.032811743,0.016973107
-1.273125,0.034406323,0.025736137
-1.2728125,0.034406323,0.029719332
-1.2725,0.034406323,0.032905888
-1.2721875,0.035203613,0.035295805
-1.271875,0.034406323,0.034499166
-1.2715625,0.034406323,0.035295805
-1.27125,0.034406323,0.035295805
-1.2709375,0.034406323,0.035295805
-1.270625,0.034406323,0.033702527
-1.2703125,0.035203613,0.04007564
-1.27,0.038392772,0.060788255
-1.2696875,0.038392772,0.075127758
-1.269375,0.045568381,0.120536183
-1.2690625,0.04955483,0.194623614
-1.26875,0.04955483,0.230472371
-1.2684375,0.050352119,0.250388347
-1.268125,0.04955483,0.249591708
-1.2678125,0.050352119,0.258354738
-1.2675,0.04875754,0.244015235
-1.2671875,0.04716296,0.226489176
-1.266875,0.04636567,0.200996727
-1.2665625,0.044771091,0.171521082
-1.26625,0.042379221,0.138858881
-1.2659375,0.039987352,0.110976515
-1.265625,0.039190062,0.085484065
-1.2653125,0.038392772,0.06477145
-1.265,0.036798193,0.045652113
-1.2646875,0.031217164,0.011396634
-1.264375,0.026433425,-0.012502537
-1.2640625,0.024041555,-0.022062206
-1.26375,0.021649686,-0.03560507
-1.2634375,0.019257817,-0.053131129
-1.263125,0.018460527,-0.065877353
-1.2628125,0.017663237,-0.074640383
-1.2625,0.016865947,-0.083403412
-1.2621875,0.016865947,-0.086589969
-1.261875,0.018460527,-0.073843744
-1.2615625,0.020055106,-0.061894158
-1.26125,0.020055106,-0.050741211
-1.2609375,0.020055106,-0.04357146
-1.260625,0.024041555,-0.020468928
-1.2603125,0.028028005,-0.002942869
-1.26,0.024041555,-0.008519342
-1.2596875,0.013676788,-0.065080714
-1.259375,0.013676788,-0.097742915
-1.2590625,0.014474078,-0.099336193
-1.25875,0.015271367,-0.092963081
-1.2584375,0.016068657,-0.077826939
-1.258125,0.017663237,-0.061097519
-1.2578125,0.020055106,-0.038791626
-1.2575,0.021649686,-0.021265567
-1.2571875,0.026433425,-0.003739508
-1.256875,0.030419874,0.011396634
-1.2565625,0.032811743,0.02334622
-1.25625,0.034406323,0.028922693
-1.2559375,0.034406323,0.03131261
-1.255625,0.034406323,0.033702527
-1.2553125,0.033609033,0.035295805
-1.255,0.034406323,0.033702527
-1.2546875,0.034406323,0.034499166
-1.254375,0.035203613,0.035295805
-1.2540625,0.034406323,0.033702527
-1.25375,0.034406323,0.034499166
-1.2534375,0.036798193,0.052821864
-1.253125,0.038392772,0.071144562
-1.2528125,0.041581931,0.094247095
-1.2525,0.04875754,0.173910999
-1.2521875,0.04796025,0.220912703
-1.251875,0.04955483,0.244015235
-1.2515625,0.04875754,0.249591708
-1.25125,0.050352119,0.255964821
-1.2509375,0.04875754,0.249591708
-1.250625,0.04716296,0.232862288
-1.2503125,0.045568381,0.212149673
-1.25,0.045568381,0.181080751
-1.2496875,0.043176511,0.150808467
-1.249375,0.040784642,0.119739544
-1.2490625,0.039190062,0.095043734
-1.24875,0.039987352,0.071941201
-1.2484375,0.038392772,0.053618503
-1.248125,0.034406323,0.024142859
-1.2478125,0.027230715,-0.006926064
-1.2475,0.024041555,-0.01887565
-1.2471875,0.022446976,-0.029231957
-1.246875,0.020852396,-0.048351294
-1.2465625,0.019257817,-0.061894158
-1.24625,0.018460527,-0.072250466
-1.2459375,0.017663237,-0.078623578
-1.245625,0.016068657,-0.088979886
-1.2453125,0.018460527,-0.077826939
-1.245,0.020055106,-0.065080714
-1.2446875,0.020852396,-0.054724407
-1.244375,0.020055106,-0.045961377
-1.2440625,0.023244266,-0.029231957
-1.24375,0.028028005,-0.006926064
-1.2434375,0.028825294,0.001836965
-1.243125,0.016865947,-0.04357146
-1.2428125,0.012879498,-0.092963081
-1.2425,0.014474078,-0.100132832
-1.2421875,0.015271367,-0.095352998
-1.241875,0.016068657,-0.083403412
-1.2415625,0.017663237,-0.067470631
-1.24125,0.020055106,-0.046758016
-1.2409375,0.021649686,-0.026045401
-1.240625,0.025636135,-0.008519342
-1.2403125,0.030419874,0.007413439
-1.24,0.032811743,0.020956303
-1.2396875,0.033609033,0.028922693
-1.239375,0.033609033,0.032109249
-1.2390625,0.034406323,0.033702527
-1.23875,0.034406323,0.035295805
-1.2384375,0.034406323,0.035295805
-1.238125,0.034406323,0.035295805
-1.2378125,0.034406323,0.035295805
-1.2375,0.033609033,0.034499166
-1.2371875,0.034406323,0.034499166
-1.236875,0.035203613,0.045652113
-1.2365625,0.036798193,0.066364728
-1.23625,0.038392772,0.079110953
-1.2359375,0.04716296,0.146825272
-1.235625,0.04796025,0.208963117
-1.2353125,0.04875754,0.239235401
-1.235,0.04955483,0.251184986
-1.2346875,0.04955483,0.251981625
-1.234375,0.04955483,0.255964821
-1.2340625,0.04796025,0.239235401
-1.23375,0.04636567,0.220116064
-1.2334375,0.04636567,0.191437058
-1.233125,0.044771091,0.161961413
-1.2328125,0.041581931,0.130095852
-1.2325,0.039987352,0.103806763
-1.2321875,0.039987352,0.079110953
-1.231875,0.039190062,0.059194977
-1.2315625,0.036798193,0.036889083
-1.23125,0.030419874,0.002633605
-1.2309375,0.025636135,-0.016485733
-1.230625,0.024041555,-0.025248762
-1.2303125,0.020852396,-0.041978182
-1.23,0.020055106,-0.057910963
-1.2296875,0.019257817,-0.06906391
-1.229375,0.018460527,-0.076233661
-1.2290625,0.016068657,-0.087386608
-1.22875,0.016865947,-0.084200051
-1.2284375,0.018460527,-0.070657188
-1.228125,0.019257817,-0.059504241
-1.2278125,0.019257817,-0.049147933
-1.2275,0.021649686,-0.037994987
-1.2271875,0.025636135,-0.014892454
-1.226875,0.028825294,0.000243687
-1.2265625,0.020852396,-0.022858845
-1.22625,0.012879498,-0.080216856
-1.2259375,0.013676788,-0.102522749
-1.225625,0.014474078,-0.099336193
-1.2253125,0.015271367,-0.089776525
-1.225,0.016865947,-0.074640383
-1.2246875,0.018460527,-0.055521046
-1.224375,0.020055106,-0.034011792
-1.2240625,0.023244266,-0.016485733
-1.22375,0.028028005,0.001040326
-1.2234375,0.032014454,0.015379829
-1.223125,0.032811743,0.025736137
-1.2228125,0.034406323,0.029719332
-1.2225,0.034406323,0.032905888
-1.2221875,0.034406323,0.034499166
-1.221875,0.034406323,0.035295805
-1.2215625,0.034406323,0.034499166
-1.22125,0.034406323,0.034499166
-1.2209375,0.035203613,0.035295805
-1.220625,0.034406323,0.033702527
-1.2203125,0.036000903,0.039279001
-1.22,0.038392772,0.059194977
-1.2196875,0.038392772,0.074331119
-1.219375,0.044771091,0.115756349
-1.2190625,0.04955483,0.192233697
-1.21875,0.04875754,0.229675732
-1.2184375,0.050352119,0.250388347
-1.218125,0.04955483,0.249591708
-1.2178125,0.050352119,0.25676146
-1.2175,0.04875754,0.246405152
-1.2171875,0.04716296,0.226489176
-1.216875,0.04636567,0.203386644
-1.2165625,0.045568381,0.17311436
-1.21625,0.042379221,0.141248798
-1.2159375,0.040784642,0.112569793
-1.215625,0.040784642,0.087077343
-1.2153125,0.038392772,0.066364728
-1.215,0.038392772,0.046448752
-1.2146875,0.032811743,0.013786551
-1.214375,0.026433425,-0.011705898
-1.2140625,0.024838845,-0.021265567
-1.21375,0.021649686,-0.03560507
-1.2134375,0.020055106,-0.05233449
-1.213125,0.020055106,-0.065877353
-1.2128125,0.018460527,-0.075437022
-1.2125,0.017663237,-0.083403412
-1.2121875,0.017663237,-0.088183247
-1.211875,0.018460527,-0.075437022
-1.2115625,0.019257817,-0.061894158
-1.21125,0.019257817,-0.05233449
-1.2109375,0.020055106,-0.045164738
-1.210625,0.024838845,-0.022062206
-1.2103125,0.028825294,-0.002942869
-1.21,0.025636135,-0.006926064
-1.2096875,0.013676788,-0.062690797
-1.209375,0.013676788,-0.098539554
-1.2090625,0.015271367,-0.100929471
-1.20875,0.015271367,-0.094556359
-1.2084375,0.016865947,-0.079420217
-1.208125,0.018460527,-0.063487436
-1.2078125,0.020055106,-0.040384904
-1.2075,0.022446976,-0.022062206
-1.2071875,0.026433425,-0.005332786
-1.206875,0.031217164,0.010599995
-1.2065625,0.032811743,0.02334622
-1.20625,0.032811743,0.028126054
-1.2059375,0.033609033,0.032109249
-1.205625,0.034406323,0.034499166
-1.2053125,0.034406323,0.035295805
-1.205,0.035203613,0.035295805
-1.2046875,0.034406323,0.034499166
-1.204375,0.034406323,0.034499166
-1.2040625,0.033609033,0.032905888
-1.20375,0.034406323,0.034499166
-1.2034375,0.036798193,0.052025225
-1.203125,0.038392772,0.070347923
-1.2028125,0.039987352,0.091060538
-1.2025,0.04875754,0.170724443
-1.2021875,0.04875754,0.219319425
-1.201875,0.051149409,0.244015235
-1.2015625,0.04955483,0.250388347
-1.20125,0.050352119,0.254371543
-1.2009375,0.04955483,0.251981625
-1.200625,0.04716296,0.232862288
-1.2003125,0.04636567,0.212149673
-1.2,0.04636567,0.18187739
-1.1996875,0.043973801,0.152401745
-1.199375,0.040784642,0.120536183
-1.1990625,0.040784642,0.095840373
-1.19875,0.039190062,0.071941201
-1.1984375,0.038392772,0.053618503
-1.198125,0.035203613,0.025736137
-1.1978125,0.027230715,-0.006129425
-1.1975,0.024838845,-0.01887565
-1.1971875,0.023244266,-0.029231957
-1.196875,0.020055106,-0.047554655
-1.1965625,0.019257817,-0.061894158
-1.19625,0.017663237,-0.072250466
-1.1959375,0.016865947,-0.078623578
-1.195625,0.016865947,-0.088183247
-1.1953125,0.017663237,-0.079420217
-1.195,0.019257817,-0.065877353
-1.1946875,0.019257817,-0.054724407
-1.194375,0.020055106,-0.047554655
-1.1940625,0.023244266,-0.031621874
-1.19375,0.027230715,-0.009315981
-1.1934375,0.028028005,0.000243687
-1.193125,0.016865947,-0.04357146
-1.1928125,0.013676788,-0.091369803
-1.1925,0.015271367,-0.10172611
-1.1921875,0.015271367,-0.096946276
-1.191875,0.016068657,-0.08499669
-1.1915625,0.017663237,-0.069860549
-1.19125,0.019257817,-0.049147933
-1.1909375,0.021649686,-0.027638679
-1.190625,0.025636135,-0.01011262
-1.1903125,0.030419874,0.005023522
-1.19,0.032811743,0.019363024
-1.1896875,0.034406323,0.027329415
-1.189375,0.034406323,0.030515971
-1.1890625,0.034406323,0.032905888
-1.18875,0.035203613,0.033702527
-1.1884375,0.035203613,0.034499166
-1.188125,0.035203613,0.034499166
-1.1878125,0.035203613,0.033702527
-1.1875,0.034406323,0.033702527
-1.1871875,0.034406323,0.032905888
-1.186875,0.036798193,0.044058835
-1.1865625,0.039190062,0.065568089
-1.18625,0.039987352,0.078314314
-1.1859375,0.04796025,0.142045437
-1.185625,0.04955483,0.207369839
-1.1853125,0.050352119,0.236845484
-1.185,0.051149409,0.250388347
-1.1846875,0.050352119,0.250388347
-1.184375,0.051149409,0.255964821
-1.1840625,0.04875754,0.24003204
-1.18375,0.04636567,0.220912703
-1.1834375,0.04716296,0.192233697
-1.183125,0.044771091,0.163554692
-1.1828125,0.041581931,0.130892491
-1.1825,0.039987352,0.103806763
-1.1821875,0.039987352,0.079110953
-1.181875,0.039190062,0.059991616
-1.1815625,0.036798193,0.036889083
-1.18125,0.028825294,0.002633605
-1.1809375,0.025636135,-0.016485733
-1.180625,0.024041555,-0.026045401
-1.1803125,0.020852396,-0.042774821
-1.18,0.019257817,-0.058707602
-1.1796875,0.018460527,-0.069860549
-1.179375,0.018460527,-0.0770303
-1.1790625,0.016865947,-0.088183247
-1.17875,0.018460527,-0.085793329
-1.1784375,0.019257817,-0.071453827
-1.178125,0.020852396,-0.059504241
-1.1778125,0.020852396,-0.049147933
-1.1775,0.022446976,-0.039588265
-1.1771875,0.026433425,-0.015689094
-1.176875,0.030419874,0.000243687
-1.1765625,0.021649686,-0.020468928
-1.17625,0.013676788,-0.079420217
-1.1759375,0.014474078,-0.10172611
-1.175625,0.015271367,-0.099336193
-1.1753125,0.016068657,-0.091369803
-1.175,0.016865947,-0.074640383
-1.1746875,0.019257817,-0.056317685
-1.174375,0.020852396,-0.034808431
-1.1740625,0.024838845,-0.016485733
-1.17375,0.028825294,0.001040326
-1.1734375,0.032014454,0.015379829
-1.173125,0.033609033,0.025736137
-1.1728125,0.032811743,0.030515971
-1.1725,0.033609033,0.032905888
-1.1721875,0.034406323,0.033702527
-1.171875,0.033609033,0.035295805
-1.1715625,0.034406323,0.035295805
-1.17125,0.034406323,0.034499166
-1.1709375,0.034406323,0.033702527
-1.170625,0.033609033,0.032905888
-1.1703125,0.035203613,0.037685722
-1.17,0.037595482,0.058398338
-1.1696875,0.038392772,0.074331119
-1.169375,0.043973801,0.112569793
-1.1690625,0.04955483,0.18984378
-1.16875,0.04955483,0.228082454
-1.1684375,0.050352119,0.24799843
-1.168125,0.04955483,0.24799843
-1.1678125,0.051946699,0.257558099
-1.1675,0.04955483,0.246405152
-1.1671875,0.04716296,0.228082454
-1.166875,0.04716296,0.203386644
-1.1665625,0.045568381,0.173910999
-1.16625,0.043176511,0.142045437
-1.1659375,0.041581931,0.113366432
-1.165625,0.040784642,0.088670621
-1.1653125,0.039190062,0.067161367
-1.165,0.038392772,0.04804203
-1.1646875,0.033609033,0.015379829
-1.164375,0.027230715,-0.011705898
-1.1640625,0.024838845,-0.021265567
-1.16375,0.022446976,-0.034011792
-1.1634375,0.019257817,-0.053131129
-1.163125,0.019257817,-0.065080714
-1.1628125,0.019257817,-0.073047105
-1.1625,0.016865947,-0.081810134
-1.1621875,0.016865947,-0.088183247
-1.161875,0.018460527,-0.076233661
-1.1615625,0.020055106,-0.064284075
-1.16125,0.020852396,-0.05233449
-1.1609375,0.020852396,-0.045164738
-1.160625,0.024838845,-0.022858845
-1.1603125,0.028825294,-0.004536147
-1.16,0.026433425,-0.005332786
-1.1596875,0.015271367,-0.059504241
-1.159375,0.014474078,-0.099336193
-1.1590625,0.015271367,-0.100132832
-1.15875,0.015271367,-0.094556359
-1.1584375,0.016865947,-0.080216856
-1.158125,0.018460527,-0.064284075
-1.1578125,0.020852396,-0.041181543
-1.1575,0.023244266,-0.022858845
-1.1571875,0.026433425,-0.004536147
-1.156875,0.031217164,0.010599995
-1.1565625,0.034406323,0.02334622
-1.15625,0.033609033,0.028922693
-1.1559375,0.034406323,0.03131261
-1.155625,0.034406323,0.033702527
-1.1553125,0.034406323,0.034499166
-1.155,0.034406323,0.034499166
-1.1546875,0.034406323,0.033702527
-1.154375,0.034406323,0.033702527
-1.1540625,0.033609033,0.032905888
-1.15375,0.034406323,0.033702527
-1.1534375,0.036798193,0.050431947
-1.153125,0.037595482,0.069551284
-1.1528125,0.040784642,0.08946726
-1.1525,0.04875754,0.165944609
-1.1521875,0.04875754,0.216132868
-1.151875,0.050352119,0.242421957
-1.1515625,0.04955483,0.249591708
-1.15125,0.051149409,0.253574904
-1.1509375,0.04955483,0.251981625
-1.150625,0.04796025,0.232862288
-1.1503125,0.04636567,0.212946312
-1.15,0.04716296,0.183470668
-1.1496875,0.044771091,0.153995023
-1.149375,0.042379221,0.122129461
-1.1490625,0.040784642,0.095840373
-1.14875,0.039987352,0.07273784
-1.1484375,0.038392772,0.054415142
-1.148125,0.034406323,0.027329415
-1.1478125,0.028028005,-0.004536147
-1.1475,0.025636135,-0.01887565
-1.1471875,0.023244266,-0.029231957
-1.146875,0.020852396,-0.046758016
-1.1465625,0.019257817,-0.061097519
-1.14625,0.019257817,-0.072250466
-1.1459375,0.018460527,-0.077826939
-1.145625,0.016865947,-0.088979886
-1.1453125,0.017663237,-0.081013495
-1.145,0.019257817,-0.067470631
-1.1446875,0.020055106,-0.056317685
-1.144375,0.020055106,-0.047554655
-1.1440625,0.023244266,-0.032418513
-1.14375,0.026433425,-0.009315981
-1.1434375,0.028825294,0.001040326
-1.143125,0.016865947,-0.039588265
-1.1428125,0.012879498,-0.089776525
-1.1425,0.014474078,-0.10172611
-1.1421875,0.014474078,-0.097742915
-1.141875,0.016068657,-0.086589969
-1.1415625,0.016865947,-0.070657188
-1.14125,0.019257817,-0.049147933
-1.1409375,0.021649686,-0.028435318
-1.140625,0.024838845,-0.011705898
-1.1403125,0.029622584,0.004226883
-1.14,0.032811743,0.018566385
-1.1396875,0.033609033,0.026532776
-1.139375,0.034406323,0.030515971
-1.1390625,0.035203613,0.033702527
-1.13875,0.035203613,0.034499166
-1.1384375,0.035203613,0.034499166
-1.138125,0.035203613,0.034499166
-1.1378125,0.034406323,0.035295805
-1.1375,0.035203613,0.034499166
-1.1371875,0.035203613,0.033702527
-1.136875,0.036000903,0.044058835
-1.1365625,0.038392772,0.06477145
-1.13625,0.038392772,0.077517675
-1.1359375,0.04636567,0.138858881
-1.135625,0.04875754,0.203386644
-1.1353125,0.04955483,0.235252206
-1.135,0.050352119,0.250388347
-1.1346875,0.051149409,0.250388347
-1.134375,0.051149409,0.254371543
-1.1340625,0.04955483,0.240828679
-1.13375,0.04716296,0.22330262
-1.1334375,0.04716296,0.195420253
-1.133125,0.044771091,0.165944609
-1.1328125,0.043176511,0.132485769
-1.1325,0.040784642,0.105400041
-1.1321875,0.040784642,0.082297509
-1.131875,0.039190062,0.061584894
-1.1315625,0.036798193,0.039279001
-1.13125,0.030419874,0.004226883
-1.1309375,0.025636135,-0.014095815
-1.130625,0.024838845,-0.022858845
-1.1303125,0.021649686,-0.039588265
-1.13,0.020852396,-0.056317685
-1.1296875,0.020055106,-0.067470631
-1.129375,0.018460527,-0.076233661
-1.1290625,0.016865947,-0.085793329
-1.12875,0.017663237,-0.08499669
-1.1284375,0.020055106,-0.070657188
-1.128125,0.020852396,-0.059504241
-1.1278125,0.020852396,-0.049944572
-1.1275,0.021649686,-0.040384904
-1.1271875,0.026433425,-0.015689094
-1.126875,0.029622584,0.000243687
-1.1265625,0.022446976,-0.017282372
-1.12625,0.014474078,-0.075437022
-1.1259375,0.014474078,-0.100929471
-1.125625,0.015271367,-0.097742915
-1.1253125,0.016068657,-0.091369803
-1.125,0.016865947,-0.074640383
-1.1246875,0.018460527,-0.057910963
-1.124375,0.020852396,-0.034808431
-1.1240625,0.023244266,-0.017282372
-1.12375,0.028028005,-0.000552952
-1.1234375,0.031217164,0.013786551
-1.123125,0.033609033,0.024939498
-1.1228125,0.034406323,0.029719332
-1.1225,0.034406323,0.032905888
-1.1221875,0.034406323,0.035295805
-1.121875,0.034406323,0.035295805
-1.1215625,0.035203613,0.034499166
-1.12125,0.034406323,0.034499166
-1.1209375,0.035203613,0.035295805
-1.120625,0.034406323,0.033702527
-1.1203125,0.035203613,0.037685722
-1.12,0.036798193,0.057601699
-1.1196875,0.038392772,0.073534479
-1.119375,0.043973801,0.109383236
-1.1190625,0.04955483,0.188250502
-1.11875,0.04875754,0.225692537
-1.1184375,0.050352119,0.246405152
-1.118125,0.04955483,0.247201791
-1.1178125,0.051149409,0.255964821
-1.1175,0.04955483,0.247201791
-1.1171875,0.04796025,0.228879093
-1.116875,0.04636567,0.204183283
-1.1165625,0.04636567,0.176300916
-1.11625,0.043176511,0.144435354
-1.1159375,0.041581931,0.11495971
-1.115625,0.040784642,0.08946726
-1.1153125,0.039987352,0.067958006
-1.115,0.038392772,0.048838669
-1.1146875,0.032811743,0.016176468
-1.114375,0.027230715,-0.01011262
-1.1140625,0.025636135,-0.020468928
-1.11375,0.023244266,-0.033215153
-1.1134375,0.020852396,-0.05233449
-1.113125,0.020055106,-0.064284075
-1.1128125,0.019257817,-0.073843744
-1.1125,0.017663237,-0.081013495
-1.1121875,0.017663237,-0.088979886
-1.111875,0.018460527,-0.0770303
-1.1115625,0.020055106,-0.064284075
-1.11125,0.020852396,-0.053131129
-1.1109375,0.020055106,-0.045961377
-1.110625,0.024838845,-0.023655484
-1.1103125,0.028028005,-0.004536147
-1.11,0.027230715,-0.004536147
-1.1096875,0.015271367,-0.057114324
-1.109375,0.013676788,-0.096946276
-1.1090625,0.015271367,-0.100132832
-1.10875,0.015271367,-0.095352998
-1.1084375,0.016865947,-0.080216856
-1.108125,0.018460527,-0.065877353
-1.1078125,0.020055106,-0.042774821
-1.1075,0.022446976,-0.022858845
-1.1071875,0.025636135,-0.006129425
-1.106875,0.030419874,0.009803356
-1.1065625,0.032811743,0.022549581
-1.10625,0.033609033,0.028126054
-1.1059375,0.033609033,0.03131261
-1.105625,0.034406323,0.033702527
-1.1053125,0.033609033,0.034499166
-1.105,0.033609033,0.034499166
-1.1046875,0.034406323,0.033702527
-1.104375,0.034406323,0.033702527
-1.1040625,0.034406323,0.032905888
-1.10375,0.034406323,0.033702527
-1.1034375,0.036798193,0.049635308
-1.103125,0.037595482,0.068754645
-1.1028125,0.039987352,0.087077343
-1.1025,0.04955483,0.162758052
-1.1021875,0.04875754,0.21453959
-1.101875,0.050352119,0.240828679
-1.1015625,0.04955483,0.247201791
-1.10125,0.051149409,0.251184986
-1.1009375,0.04955483,0.250388347
-1.100625,0.04716296,0.233658927
-1.1003125,0.04636567,0.212946312
-1.1,0.045568381,0.182674029
-1.0996875,0.043973801,0.155588301
-1.099375,0.041581931,0.122129461
-1.0990625,0.040784642,0.097433651
-1.09875,0.039190062,0.073534479
-1.0984375,0.038392772,0.054415142
-1.098125,0.035203613,0.027329415
-1.0978125,0.028028005,-0.004536147
-1.0975,0.024838845,-0.018079011
-1.0971875,0.023244266,-0.027638679
-1.096875,0.020852396,-0.045961377
-1.0965625,0.019257817,-0.061894158
-1.09625,0.018460527,-0.072250466
-1.0959375,0.017663237,-0.077826939
-1.095625,0.016068657,-0.089776525
-1.0953125,0.017663237,-0.081810134
-1.095,0.019257817,-0.06826727
-1.0946875,0.019257817,-0.057114324
-1.094375,0.020055106,-0.047554655
-1.0940625,0.022446976,-0.033215153
-1.09375,0.026433425,-0.01011262
-1.0934375,0.029622584,0.001836965
-1.093125,0.017663237,-0.036401709
-1.0928125,0.013676788,-0.088979886
-1.0925,0.015271367,-0.100929471
-1.0921875,0.015271367,-0.096946276
-1.091875,0.016068657,-0.08499669
-1.0915625,0.017663237,-0.071453827
-1.09125,0.019257817,-0.050741211
-1.0909375,0.021649686,-0.029231957
-1.090625,0.024041555,-0.012502537
-1.0903125,0.028825294,0.004226883
-1.09,0.032014454,0.017769746
-1.0896875,0.033609033,0.026532776
-1.089375,0.034406323,0.030515971
-1.0890625,0.034406323,0.033702527
-1.08875,0.033609033,0.033702527
-1.0884375,0.034406323,0.033702527
-1.088125,0.033609033,0.033702527
-1.0878125,0.033609033,0.033702527
-1.0875,0.040784642,0.067958006
-1.0871875,-0.025390413,-0.152711009
-1.086875,-0.03814705,0.461497694
-1.0865625,0.165161853,2.00777408
-1.08625,0.09260848,2.519216347
-1.0859375,0.095000349,3.203529286
-1.085625,0.098986798,3.912538036
-1.0853125,0.106162407,4.607207283
-1.085,0.106959696,5.299486613
-1.0846875,0.104567827,5.986986108
-1.084375,0.106959696,6.670502408
-1.0840625,0.106162407,7.349238875
-1.08375,0.279971587,8.039128287
-1.0834375,2.325019967,8.771239569
-1.083125,2.52673429,8.987925389
-1.0828125,2.640746734,8.980755638
-1.0825,2.386411282,9.156812867
-1.0821875,2.686989543,9.171949009
-1.081875,2.462153815,9.188678429
-1.0815625,3.012283789,9.2125776
-1.08125,2.606463272,9.160796062
-1.0809375,2.798610118,9.088301909
-1.080625,2.91820359,9.171949009
-1.0803125,2.828109841,9.203814571
-1.08,2.799407408,9.081132158
-1.0796875,2.721273005,9.107421246
-1.079375,2.831299,9.122557388
-1.0790625,3.029026875,9.2125776
-1.07875,2.796218248,9.125743944
-1.0784375,2.898271345,9.094675021
-1.078125,2.930162937,9.12096411
-1.0778125,2.934149387,9.064402738
-1.0775,3.076066974,9.123354027
-1.0771875,2.991554253,9.054843069
-1.076875,2.816947783,9.106624607
-1.0765625,3.008297339,9.091488465
-1.07625,2.896676765,8.991111946
-1.0759375,2.941324995,9.050859874
-1.075625,2.922987329,8.999874975
-1.0753125,2.988365094,8.976772443
-1.075,2.840069188,9.036520371
-1.0746875,2.868771622,9.071572489
-1.074375,2.948500603,9.019790951
-1.0740625,3.015472948,9.009434644
-1.07375,3.00590547,8.995095141
-1.0734375,2.78824535,8.988722029
-1.073125,2.749178149,8.97039933
-1.0728125,2.824920682,8.974382526
-1.0725,2.748380859,8.932957295
-1.0721875,2.662273559,8.916227875
-1.071875,2.794623669,8.913837958
-1.0715625,2.836082739,8.931364017
-1.07125,2.785056191,8.889938787
-1.0709375,2.802596567,8.918617793
-1.070625,2.741205251,8.865242977
-1.0703125,2.686989543,8.863649698
-1.07,2.48208606,9.021384229
-1.0696875,2.561815042,9.026164064
-1.069375,2.772299554,9.026960703
-1.0690625,2.631976546,8.982348916
-1.06875,2.672638327,8.952873271
-1.0684375,2.705327209,8.965619496
-1.068125,2.61363888,8.983942194
-1.0678125,2.593706635,8.978365721
-1.0675,2.667854588,8.950483354
-1.0671875,2.836880029,8.988722029
-1.066875,2.816150494,9.008638005
-1.0665625,2.794623669,9.038910288
-1.06625,2.972419298,9.056436347
-1.0659375,2.778677872,9.038910288
-1.065625,2.950892473,9.04608004
-1.0653125,3.002716311,9.064402738
-1.065,2.970027428,9.017401034
-1.0646875,3.013878368,9.042893484
-1.064375,3.001121731,9.017401034
-1.0640625,2.934149387,8.917024514
-1.06375,2.966040979,8.960043023
-1.0634375,3.033810614,9.00385817
-1.063125,3.042580802,9.005451448
-1.0628125,2.994743413,9.025367425
-1.0625,3.09440464,9.034130454
-1.0621875,3.143836608,9.034130454
-1.061875,3.272997559,9.098658217
-1.0615625,3.332794295,9.081928797
-1.06125,3.069688655,8.957653106
-1.0609375,3.084837162,8.918617793
-1.060625,3.002716311,8.855683308
-1.0603125,2.96285182,8.838157249
-1.06,2.893487606,8.82063119
-1.0596875,2.923784619,8.834174054
-1.059375,2.907041533,8.834970693
-1.0590625,2.951689763,8.830987498
-1.05875,3.246686995,8.920211071
-1.0584375,3.112742305,8.840547166
-1.058125,3.170944462,8.840547166
-1.0578125,3.065702206,8.839750527
-1.0575,3.115134175,8.816647995
-1.0571875,3.115134175,8.819834551
-1.056875,3.095999219,8.827800941
-1.0565625,3.128688102,8.823817746
-1.05625,3.254659893,8.799918575
-1.0559375,3.315253919,8.826207663
-1.055625,3.283362326,8.845327
-1.0553125,3.272997559,8.847716918
-1.055,3.252268023,8.815054717
-1.0546875,3.206822504,8.809478243
-1.054375,3.239511386,8.808681604
-1.0540625,3.408536827,8.817444634
-1.05375,3.451590478,8.835767332
-1.0534375,3.39737477,8.827800941
-1.053125,3.316848499,8.816647995
-1.0528125,3.339969903,8.807884965
-1.0525,3.142242029,8.803105131
-1.0521875,2.811366755,8.809478243
-1.051875,2.681408515,8.809478243
-1.0515625,2.612044301,8.813461439
-1.05125,2.65828711,8.8126648
-1.0509375,2.653503371,8.82063119
-1.050625,2.531518029,8.833377415
-1.0503125,2.141643309,8.843733722
-1.05,2.507599335,8.82939422
-1.0496875,2.760340206,8.814258078
-1.049375,2.923784619,8.800715214
-1.0490625,2.748380859,8.8126648
-1.04875,2.459761946,8.834174054
-1.0484375,2.517166812,8.830190859
-1.048125,2.74598899,8.8126648
-1.0478125,2.954081632,8.803105131
-1.0475,2.924581909,8.803105131
-1.0471875,2.757151047,8.814258078
-1.046875,2.679016645,8.821427829
-1.0465625,2.531518029,8.830190859
-1.04625,2.845650217,8.807088326
-1.0459375,2.96205453,8.805495048
-1.045625,3.13745829,8.80390177
-1.0453125,3.046567251,8.802308492
-1.045,2.863190593,8.811868161
-1.0446875,3.009891919,8.807884965
-1.044375,2.730043193,8.822224468
-1.0440625,2.91900088,8.815851356
-1.04375,3.070485945,8.814258078
-1.0434375,2.840866478,8.823021107
-1.043125,2.808177595,8.823021107
-1.0428125,2.65988169,8.833377415
-1.0425,2.48447793,8.843733722
-1.0421875,2.497234567,8.844530361
-1.041875,2.509991204,8.84612364
-1.0415625,2.521153261,8.846920279
-1.04125,2.536301768,8.847716918
-1.0409375,2.552247564,8.849310196
-1.040625,2.564206912,8.848513557
-1.0403125,2.579355418,8.850106835
-1.04,2.588922896,8.850903474
-1.0396875,2.603274113,8.852496752
-1.039375,2.61603075,8.850903474
-1.0390625,2.630381966,8.850106835
-1.03875,2.644733183,8.852496752
-1.0384375,2.654300661,8.852496752
-1.038125,2.669449167,8.853293391
-1.0378125,2.685394964,8.853293391
-1.0375,2.70134076,8.853293391
-1.0371875,2.713300107,8.854886669
-1.036875,2.726056744,8.855683308
-1.0365625,2.741205251,8.856479947
-1.03625,2.755556468,8.855683308
-1.0359375,2.769907684,8.858869864
-1.035625,2.78824535,8.861259781
-1.0353125,2.801799277,8.86205642
-1.035,2.816947783,8.863649698
-1.0346875,2.834488159,8.865242977
-1.034375,2.840069188,8.865242977
-1.0340625,2.857609564,8.865242977
-1.03375,2.865582462,8.863649698
-1.0334375,2.87754181,8.86205642
-1.033125,2.891095736,8.859666503
-1.0328125,2.895879475,8.861259781
-1.0325,2.906244243,8.861259781
-1.0321875,2.925379199,8.861259781
-1.031875,2.922190039,8.86205642
-1.0315625,2.938933125,8.86205642
-1.03125,2.946906024,8.862853059
-1.0309375,2.957270791,8.862853059
-1.030625,2.969230138,8.862853059
-1.0303125,2.980392196,8.864446338
-1.03,2.993148833,8.863649698
-1.0296875,3.00590547,8.863649698
-1.029375,3.019459397,8.862853059
-1.0290625,3.032216034,8.862853059
-1.02875,3.04816183,8.86205642
-1.0284375,3.083242582,8.853293391
-1.028125,3.09360735,8.853293391
-1.0278125,3.121512493,8.849310196
-1.0275,3.144633898,8.848513557
-1.0271875,3.146228478,8.849310196
-1.026875,3.154998666,8.848513557
-1.0265625,3.172539042,8.84612364
-1.02625,3.194065867,8.845327
-1.0259375,3.210011663,8.84612364
-1.025625,3.206822504,8.847716918
-1.0253125,3.227552039,8.850106835
-1.025,3.241105966,8.851700113
-1.0246875,3.244295125,8.857276586
-1.024375,3.258646342,8.858869864
-1.0240625,3.269808399,8.862853059
-1.02375,3.283362326,8.866039616
-1.0234375,3.292929804,8.867632894
-1.023125,3.3088756,8.869226172
-1.0228125,3.322429527,8.868429533
-1.0225,3.335983454,8.866836255
-1.0221875,3.349537381,8.867632894
-1.021875,3.363888598,8.868429533
-1.0215625,3.377442525,8.868429533
-1.02125,3.392591031,8.869226172
-1.0209375,3.406942248,8.869226172
-1.020625,3.421293465,8.869226172
-1.0203125,3.435644681,8.87081945
-1.02,3.449995898,8.87081945
-1.0196875,3.465144404,8.87081945
-1.019375,3.48427936,8.871616089
-1.0190625,3.498630577,8.875599284
-1.01875,3.514576373,8.876395923
-1.0184375,3.530522169,8.877989201
-1.018125,3.542481517,8.87878584
-1.0178125,3.558427313,8.880379118
-1.0175,3.57357582,8.879582479
-1.0171875,3.586332457,8.879582479
-1.016875,3.602278253,8.879582479
-1.0165625,3.61503489,8.879582479
-1.01625,3.627791527,8.877989201
-1.0159375,3.643737323,8.877989201
-1.015625,3.65649396,8.875599284
-1.0153125,3.673237047,8.871616089
-1.015,3.689182843,8.870022811
-1.0146875,3.7003449,8.868429533
-1.014375,3.717087987,8.866836255
-1.0140625,3.729047334,8.868429533
-1.01375,3.743398551,8.868429533
-1.0134375,3.757749767,8.866039616
-1.013125,3.771303694,8.866039616
-1.0128125,3.786452201,8.862853059
-1.0125,3.798411548,8.864446338
-1.0121875,3.814357344,8.864446338
-1.011875,3.827911271,8.865242977
-1.0115625,3.843059778,8.867632894
-1.01125,3.859005574,8.867632894
-1.0109375,3.873356791,8.865242977
-1.010625,3.892491746,8.865242977
-1.0103125,3.905248383,8.866836255
-1.01,3.91880231,8.865242977
-1.0096875,3.929167078,8.863649698
-1.009375,3.944315584,8.86205642
-1.0090625,3.958666801,8.862853059
-1.00875,3.973018018,8.863649698
-1.0084375,3.988963814,8.862853059
-1.008125,4.003315031,8.864446338
-1.0078125,4.020058117,8.864446338
-1.0075,4.033612044,8.864446338
-1.0071875,4.05115242,8.866039616
-1.006875,4.063909057,8.866039616
-1.0065625,4.083044012,8.864446338
-1.00625,4.098989809,8.865242977
-1.0059375,4.114935605,8.864446338
-1.005625,4.127692242,8.866836255
-1.0053125,4.143638039,8.866039616
-1.005,4.157191965,8.865242977
-1.0046875,4.173137762,8.865242977
-1.004375,4.188286268,8.865242977
-1.0040625,4.201840195,8.866836255
-1.00375,4.216191412,8.866039616
-1.0034375,4.231339918,8.867632894
-1.003125,4.246488425,8.869226172
-1.0028125,4.260839642,8.870022811
-1.0025,4.279177307,8.873209367
-1.0021875,4.296717683,8.871616089
-1.001875,4.31186619,8.873209367
-1.0015625,4.327014696,8.874802645
-1.00125,4.340568623,8.872412728
-1.0009375,4.35571713,8.872412728
-1.000625,4.369271057,8.871616089
-1.0003125,4.382027694,8.868429533
-1,4.39637891,8.866836255
-0.9996875,4.409932837,8.863649698
-0.999375,4.422689474,8.86205642
-0.9990625,4.437040691,8.860463142
-0.99875,4.449797328,8.858073225
-0.9984375,4.466540414,8.858869864
-0.998125,4.480094341,8.857276586
-0.9978125,4.499229297,8.854886669
-0.9975,4.511985934,8.85409003
-0.9971875,4.52952631,8.85409003
-0.996875,4.541485657,8.854886669
-0.9965625,4.557431453,8.855683308
-0.99625,4.569390801,8.856479947
-0.9959375,4.586931177,8.856479947
-0.995625,4.601282393,8.855683308
-0.9953125,4.6164309,8.856479947
-0.995,4.629984827,8.858869864
-0.9946875,4.645133333,8.859666503
-0.994375,4.66107913,8.860463142
-0.9940625,4.674633056,8.861259781
-0.99375,4.692173432,8.86205642
-0.9934375,4.704930069,8.86205642
-0.993125,4.720078576,8.859666503
-0.9928125,4.732037923,8.857276586
-0.9925,4.74718643,8.858073225
-0.9921875,4.762334936,8.858073225
-0.991875,4.775091573,8.859666503
-0.9915625,4.79183466,8.858869864
-0.99125,4.805388586,8.858869864
-0.9909375,4.822131673,8.859666503
-0.990625,4.835685599,8.86205642
-0.9903125,4.853225975,8.862853059
-0.99,4.866779902,8.862853059
-0.9896875,4.883522988,8.864446338
-0.989375,4.900266075,8.862853059
-0.9890625,4.913022712,8.86205642
-0.98875,4.930563088,8.863649698
-0.9884375,4.943319725,8.864446338
-0.988125,4.958468231,8.865242977
-0.9878125,4.972022158,8.863649698
-0.9875,4.985576085,8.864446338
-0.9871875,5.003116461,8.863649698
-0.986875,5.016670388,8.864446338
-0.9865625,5.032616184,8.864446338
-0.98625,5.046170111,8.865242977
-0.9859375,5.062115907,8.867632894
-0.985625,5.081250863,8.872412728
-0.9853125,5.09480479,8.87081945
-0.985,5.110750586,8.870022811
-0.9846875,5.125899093,8.871616089
-0.984375,5.141047599,8.873209367
-0.9840625,5.156993396,8.873209367
-0.98375,5.168155453,8.873209367
-0.9834375,5.18250667,8.874006006
-0.983125,5.196857886,8.873209367
-0.9828125,5.209614523,8.872412728
-0.9825,5.22556032,8.872412728
-0.9821875,5.237519667,8.871616089
-0.981875,5.252668174,8.871616089
-0.9815625,5.26701939,8.87081945
-0.98125,5.277384158,8.869226172
-0.9809375,5.296519114,8.866836255
-0.980625,5.31246491,8.862853059
-0.9803125,5.326018837,8.86205642
-0.98,5.341167343,8.861259781
-0.9796875,5.35392398,8.861259781
-0.979375,5.368275197,8.861259781
-0.9790625,5.381031834,8.860463142
-0.97875,5.392991181,8.861259781
-0.9784375,5.409734267,8.861259781
-0.978125,5.424882774,8.861259781
-0.9778125,5.437639411,8.86205642
-0.9775,5.454382497,8.862853059
-0.9771875,5.467139134,8.865242977
-0.976875,5.481490351,8.866039616
-0.9765625,5.495841568,8.863649698
-0.97625,5.506206335,8.861259781
-0.9759375,5.521354842,8.858869864
-0.975625,5.535706059,8.859666503
-0.9753125,5.547665406,8.860463142
-0.975,5.565205782,8.860463142
-0.9746875,5.578759709,8.861259781
-0.974375,5.593908215,8.86205642
-0.9740625,5.609854011,8.86205642
-0.97375,5.624205228,8.862853059
-0.9734375,5.638556445,8.863649698
-0.973125,5.653704951,8.864446338
-0.9728125,5.667258878,8.865242977
-0.9725,5.680015515,8.865242977
-0.9721875,5.695961312,8.863649698
-0.971875,5.711109818,8.86205642
-0.9715625,5.726258325,8.859666503
-0.97125,5.742204121,8.860463142
-0.9709375,5.754163468,8.861259781
-0.970625,5.768514685,8.861259781
-0.9703125,5.782865902,8.86205642
-0.97,5.794825249,8.862853059
-0.9696875,5.810771045,8.865242977
-0.969375,5.825919552,8.865242977
-0.9690625,5.841865348,8.868429533
-0.96875,5.856216565,8.869226172
-0.9684375,5.872162361,8.870022811
-0.968125,5.884918998,8.87081945
-0.9678125,5.899270215,8.872412728
-0.9675,5.915216011,8.872412728
-0.9671875,5.927175359,8.870022811
-0.966875,5.942323865,8.87081945
-0.9665625,5.955080502,8.87081945
-0.96625,5.967837139,8.87081945
-0.9659375,5.980593776,8.869226172
-0.965625,5.994147703,8.867632894
-0.9653125,6.00690434,8.868429533
-0.965,6.019660977,8.866039616
-0.9646875,6.034012194,8.865242977
-0.964375,6.046768831,8.865242977
-0.9640625,6.058728178,8.866039616
-0.96375,6.073079395,8.866039616
-0.9634375,6.085038742,8.864446338
-0.963125,6.096998089,8.862853059
-0.9628125,6.112943886,8.861259781
-0.9625,6.129686972,8.857276586
-0.9621875,6.143240899,8.854886669
-0.961875,6.156794826,8.856479947
-0.9615625,6.171146042,8.855683308
-0.96125,6.18310539,8.855683308
-0.9609375,6.196659317,8.856479947
-0.960625,6.212605113,8.859666503
-0.9603125,6.22695633,8.860463142
-0.96,6.238915677,8.858869864
-0.9596875,6.250875024,8.857276586
-0.959375,6.262834371,8.856479947
-0.9590625,6.275591008,8.856479947
-0.95875,6.289942225,8.857276586
-0.9584375,6.303496152,8.856479947
-0.958125,6.314658209,8.857276586
-0.9578125,6.331401296,8.857276586
-0.9575,6.346549802,8.857276586
-0.9571875,6.358509149,8.858869864
-0.956875,6.372063076,8.859666503
-0.9565625,6.388008873,8.86205642
-0.95625,6.402360089,8.86205642
-0.9559375,6.414319437,8.861259781
-0.955625,6.429467943,8.86205642
-0.9553125,6.44302187,8.861259781
-0.955,6.454981217,8.86205642
-0.9546875,6.466940564,8.861259781
-0.954375,6.482089071,8.861259781
-0.9540625,6.493251128,8.861259781
-0.95375,6.505210476,8.862853059
-0.9534375,6.519561692,8.863649698
-0.953125,6.533115619,8.864446338
-0.9528125,6.546669546,8.866836255
-0.9525,6.561818053,8.870022811
-0.9521875,6.577763849,8.872412728
-0.951875,6.590520486,8.872412728
-0.9515625,6.603277123,8.874006006
-0.95125,6.61683105,8.873209367
-0.9509375,6.631182267,8.874802645
-0.950625,6.643938904,8.874802645
-0.9503125,6.655898251,8.874802645
-0.95,6.669452178,8.875599284
-0.9496875,6.681411525,8.874802645
-0.949375,6.692573583,8.872412728
-0.9490625,6.70533022,8.873209367
-0.94875,6.720478726,8.874006006
-0.9484375,6.731640784,8.871616089
-0.948125,6.743600131,8.87081945
-0.9478125,6.756356768,8.870022811
-0.9475,6.769910695,8.87081945
-0.9471875,6.781072752,8.87081945
-0.946875,6.79223481,8.868429533
-0.9465625,6.804991447,8.869226172
-0.94625,6.816950794,8.868429533
-0.9459375,6.828910141,8.867632894
-0.945625,6.842464068,8.866836255
-0.9453125,6.855220705,8.866836255
-0.945,6.867977342,8.867632894
-0.9446875,6.87993669,8.867632894
-0.944375,6.894287906,8.869226172
-0.9440625,6.908639123,8.87081945
-0.94375,6.91980118,8.87081945
-0.9434375,6.934152397,8.869226172
-0.943125,6.947706324,8.862853059
-0.9428125,6.960462961,8.859666503
-0.9425,6.970827729,8.858869864
-0.9421875,6.982787076,8.858869864
-0.941875,6.995543713,8.858869864
-0.9415625,7.00909764,8.860463142
-0.94125,7.022651567,8.86205642
-0.9409375,7.035408204,8.862853059
-0.940625,7.04975942,8.863649698
-0.9403125,7.062516058,8.865242977
-0.94,7.074475405,8.866836255
-0.9396875,7.086434752,8.866039616
-0.939375,7.100785969,8.866836255
-0.9390625,7.112745316,8.866039616
-0.93875,7.125501953,8.866836255
-0.9384375,7.1374613,8.864446338
-0.938125,7.151015227,8.863649698
-0.9378125,7.163771864,8.864446338
-0.9375,7.176528501,8.864446338
-0.9371875,7.188487849,8.865242977
-0.936875,7.201244486,8.866039616
-0.9365625,7.214798413,8.867632894
-0.93625,7.22516318,8.867632894
-0.9359375,7.239514397,8.868429533
-0.935625,7.255460193,8.872412728
-0.9353125,7.26901412,8.874006006
-0.935,7.281770757,8.874802645
-0.9346875,7.292135525,8.872412728
-0.934375,7.306486741,8.874006006
-0.9340625,7.318446089,8.874802645
-0.93375,7.330405436,8.874802645
-0.9334375,7.343959363,8.874006006
-0.933125,7.35831058,8.872412728
-0.9328125,7.368675347,8.869226172
-0.9325,7.381431984,8.870022811
-0.9321875,7.391796752,8.868429533
-0.931875,7.403756099,8.868429533
-0.9315625,7.416512736,8.868429533
-0.93125,7.425282924,8.867632894
-0.9309375,7.437242271,8.866836255
-0.930625,7.449201619,8.866039616
-0.9303125,7.462755546,8.866039616
-0.93,7.473120313,8.866039616
-0.9296875,7.483485081,8.866039616
-0.929375,7.493849848,8.866039616
-0.9290625,7.506606485,8.866039616
-0.92875,7.518565833,8.867632894
-0.9284375,7.52972789,8.865242977
-0.928125,7.542484527,8.865242977
-0.9278125,7.556038454,8.863649698
-0.9275,7.568795091,8.864446338
-0.9271875,7.579957149,8.864446338
-0.926875,7.591916496,8.865242977
-0.9265625,7.603078553,8.865242977
-0.92625,7.613443321,8.863649698
-0.9259375,7.623010799,8.86205642
-0.925625,7.635767436,8.864446338
-0.9253125,7.645334914,8.862853059
-0.925,7.65888884,8.862853059
-0.9246875,7.671645478,8.864446338
-0.924375,7.683604825,8.866039616
-0.9240625,7.693969592,8.865242977
-0.92375,7.707523519,8.867632894
-0.9234375,7.719482867,8.867632894
-0.923125,7.732239504,8.869226172
-0.9228125,7.744198851,8.867632894
-0.9225,7.756158198,8.864446338
-0.9221875,7.770509415,8.86205642
-0.921875,7.781671472,8.861259781
-0.9215625,7.793630819,8.862853059
-0.92125,7.803995587,8.861259781
-0.9209375,7.816752224,8.862853059
-0.920625,7.829508861,8.86205642
-0.9203125,7.839873629,8.862853059
-0.92,7.852630266,8.863649698
-0.9196875,7.864589613,8.863649698
-0.919375,7.87734625,8.864446338
-0.9190625,7.892494757,8.869226172
-0.91875,7.902859524,8.870022811
-0.9184375,7.915616161,8.871616089
-0.918125,7.925980929,8.871616089
-0.9178125,7.937142987,8.871616089
-0.9175,7.950696913,8.871616089
-0.9171875,7.961858971,8.87081945
-0.916875,7.971426449,8.869226172
-0.9165625,7.983385796,8.869226172
-0.91625,7.994547853,8.867632894
-0.9159375,8.004912621,8.867632894
-0.915625,8.014480099,8.866039616
-0.9153125,8.024844866,8.866039616
-0.915,8.035209634,8.866039616
-0.9146875,8.045574402,8.866039616
-0.914375,8.055939169,8.864446338
-0.9140625,8.067101227,8.865242977
-0.91375,8.077465994,8.865242977
-0.9134375,8.088628052,8.864446338
-0.913125,8.098992819,8.862853059
-0.9128125,8.109357587,8.862853059
-0.9125,8.118925065,8.862853059
-0.9121875,8.130087122,8.862853059
-0.911875,8.142843759,8.863649698
-0.9115625,8.154005817,8.863649698
-0.91125,8.165965164,8.862853059
-0.9109375,8.177924511,8.863649698
-0.910625,8.188289279,8.863649698
-0.9103125,8.200248626,8.865242977
-0.91,8.210613394,8.866039616
-0.9096875,8.218586292,8.862853059
-0.909375,8.22735648,8.860463142
-0.9090625,8.238518537,8.860463142
-0.90875,8.249680595,8.861259781
-0.9084375,8.260842652,8.861259781
-0.908125,8.27200471,8.86205642
-0.9078125,8.282369477,8.862853059
-0.9075,8.295126114,8.863649698
-0.9071875,8.306288172,8.864446338
-0.906875,8.315855649,8.865242977
-0.9065625,8.327814997,8.866039616
-0.90625,8.339774344,8.869226172
-0.9059375,8.350936401,8.87081945
-0.905625,8.362895749,8.869226172
-0.9053125,8.372463226,8.866836255
-0.905,8.382030704,8.866039616
-0.9046875,8.393192762,8.865242977
-0.904375,8.403557529,8.865242977
-0.9040625,8.414719587,8.866039616
-0.90375,8.425881644,8.865242977
-0.9034375,8.437840991,8.866039616
-0.903125,8.447408469,8.869226172
-0.9028125,8.457773237,8.869226172
-0.9025,8.472124454,8.872412728
-0.9021875,8.484083801,8.873209367
-0.901875,8.495245858,8.874006006
-0.9015625,8.504813336,8.874006006
-0.90125,8.516772683,8.875599284
-0.9009375,8.528732031,8.875599284
-0.900625,8.536704929,8.875599284
-0.9003125,8.547069696,8.875599284
-0.9,8.557434464,8.873209367
-0.8996875,8.571785681,8.870022811
-0.899375,8.582150448,8.866039616
-0.8990625,8.592515216,8.865242977
-0.89875,8.601285404,8.864446338
-0.8984375,8.610055592,8.864446338
-0.898125,8.61962307,8.862853059
-0.8978125,8.629190547,8.861259781
-0.8975,8.639555315,8.862853059
-0.8971875,8.649122793,8.862853059
-0.896875,8.657892981,8.862853059
-0.8965625,8.667460459,8.86205642
-0.89625,8.677825226,8.861259781
-0.8959375,8.688189994,8.860463142
-0.895625,8.696162892,8.860463142
-0.8953125,8.70493308,8.860463142
-0.895,8.716095137,8.861259781
-0.8946875,8.727257195,8.86205642
-0.894375,8.738419252,8.862853059
-0.8940625,8.74718944,8.862853059
-0.89375,8.757554208,8.864446338
-0.8934375,8.769513555,8.863649698
-0.893125,8.778283743,8.861259781
-0.8928125,8.787053931,8.858869864
-0.8925,8.795824119,8.858869864
-0.8921875,8.806188887,8.859666503
-0.891875,8.814959075,8.859666503
-0.8915625,8.825323842,8.861259781
-0.89125,8.83568861,8.860463142
-0.8909375,8.844458798,8.859666503
-0.890625,8.852431696,8.859666503
-0.8903125,8.861201884,8.859666503
-0.89,8.870769362,8.858869864
-0.8896875,8.88113413,8.857276586
-0.889375,8.889904317,8.855683308
-0.8890625,8.898674505,8.856479947
-0.88875,8.906647404,8.854886669
-0.8884375,8.916214881,8.855683308
-0.888125,8.925782359,8.855683308
-0.8878125,8.936944417,8.855683308
-0.8875,8.946511894,8.855683308
-0.8871875,8.955282082,8.854886669
-0.886875,8.96484956,8.854886669
-0.8865625,8.973619748,8.855683308
-0.88625,8.993551994,8.85409003
-0.8859375,9.003916761,8.855683308
-0.885625,9.014281529,8.863649698
-0.8853125,9.023849007,8.865242977
-0.885,9.037402934,8.866039616
-0.8846875,9.045375832,8.864446338
-0.884375,9.075672845,8.859666503
-0.8840625,9.071686396,8.860463142
-0.88375,9.073280975,8.862853059
-0.8834375,9.078064714,8.862853059
-0.883125,9.09640238,8.865242977
-0.8828125,9.105172568,8.862853059
-0.8825,9.112348176,8.861259781
-0.8821875,9.125104813,8.863649698
-0.881875,9.128293973,8.862853059
-0.8815625,9.136266871,8.861259781
-0.88125,9.151415377,8.862853059
-0.8809375,9.155401826,8.859666503
-0.880625,9.170550333,8.860463142
-0.8803125,9.179320521,8.860463142
-0.88,9.187293419,8.856479947
-0.8796875,9.193671738,8.858073225
-0.879375,9.205631085,8.858073225
-0.8790625,9.210414824,8.857276586
-0.87875,9.224766041,8.858073225
-0.8784375,9.235130808,8.858073225
-0.878125,9.238319967,8.856479947
-0.8778125,9.251076604,8.858073225
-0.8775,9.264630531,8.858869864
-0.8771875,9.27100885,8.858869864
-0.876875,9.283765487,8.860463142
-0.8765625,9.291738385,8.858073225
-0.87625,9.293332965,8.854886669
-0.8759375,9.308481471,8.858073225
-0.875625,9.318048949,8.857276586
-0.8753125,9.322832688,8.856479947
-0.875,9.335589325,8.858073225
-0.8746875,9.343562223,8.858869864
-0.874375,9.351535121,8.858869864
-0.8740625,9.368278208,8.861259781
-0.87375,9.373859236,8.858073225
-0.8734375,9.382629424,8.858073225
-0.873125,9.396980641,8.858073225
-0.8728125,9.404156249,8.856479947
-0.8725,9.412129147,8.857276586
-0.8721875,9.425683074,8.858073225
-0.871875,9.432061393,8.857276586
-0.8715625,9.439237001,8.856479947
-0.87125,9.451993638,8.858073225
-0.8709375,9.457574667,8.858073225
-0.870625,9.464750275,8.856479947
-0.8703125,9.478304202,8.858073225
-0.87,9.485479811,8.858869864
-0.8696875,9.494249999,8.858869864
-0.869375,9.507006636,8.860463142
-0.8690625,9.516574113,8.86205642
-0.86875,9.526141591,8.863649698
-0.8684375,9.537303649,8.864446338
-0.868125,9.540492808,8.863649698
-0.8678125,9.553249445,8.864446338
-0.8675,9.565208792,8.866039616
-0.8671875,9.569195241,8.865242977
-0.866875,9.579560009,8.866039616
-0.8665625,9.589924777,8.865242977
-0.86625,9.592316646,8.862853059
-0.8659375,9.606667863,8.865242977
-0.865625,9.614640761,8.864446338
-0.8653125,9.616235341,8.861259781
-0.865,9.627397398,8.86205642
-0.8646875,9.633775717,8.859666503
-0.864375,9.636964876,8.856479947
-0.8640625,9.648924223,8.857276586
-0.86375,9.657694411,8.858869864
-0.8634375,9.66008628,8.855683308
-0.863125,9.672045628,8.857276586
-0.8628125,9.680018526,8.857276586
-0.8625,9.683207685,8.85409003
-0.8621875,9.695964322,8.855683308
-0.861875,9.70473451,8.856479947
-0.8615625,9.707923669,8.856479947
-0.86125,9.722274886,8.858073225
-0.8609375,9.731045074,8.859666503
-0.860625,9.735031523,8.858869864
-0.8603125,9.74699087,8.859666503
-0.86,9.754963769,8.860463142
-0.8596875,9.756558348,8.857276586
-0.859375,9.766923116,8.856479947
-0.8590625,9.773301434,8.856479947
-0.85875,9.778882463,8.856479947
-0.8584375,9.789247231,8.857276586
-0.858125,9.798017419,8.858073225
-0.8578125,9.803598447,8.857276586
-0.8575,9.816355085,8.861259781
-0.8571875,9.821936113,8.860463142
-0.856875,9.826719852,8.858073225
-0.8565625,9.840273779,8.861259781
-0.85625,9.846652098,8.861259781
-0.8559375,9.852233126,8.860463142
-0.855625,9.861003314,8.86205642
-0.8553125,9.867381633,8.860463142
-0.855,9.874557241,8.860463142
-0.8546875,9.884922009,8.862853059
-0.854375,9.890503037,8.86205642
-0.8540625,9.896084066,8.859666503
-0.85375,9.908043413,8.863649698
-0.8534375,9.916016312,8.864446338
-0.853125,9.92239463,8.864446338
-0.8528125,9.932759398,8.866836255
-0.8525,9.940732296,8.869226172
-0.8521875,9.945516035,8.869226172
-0.851875,9.959069962,8.871616089
-0.8515625,9.96465099,8.870022811
-0.85125,9.969434729,8.869226172
-0.8509375,9.979002207,8.870022811
-0.850625,9.984583236,8.870022811
-0.8503125,9.990164265,8.869226172
-0.85,10.00212361,8.869226172
-0.8496875,10.0029209,8.866836255
-0.849375,10.01248838,8.867632894
-0.8490625,10.02125857,8.867632894
-0.84875,10.02365044,8.866039616
-0.8484375,10.02923147,8.866039616
-0.848125,10.04278539,8.867632894
-0.8478125,10.04278539,8.864446338
-0.8475,10.04677184,8.862853059
-0.8471875,10.05633932,8.863649698
-0.846875,10.06032577,8.861259781
-0.8465625,10.0659068,8.86205642
-0.84625,10.07786614,8.863649698
-0.8459375,10.07866343,8.86205642
-0.845625,10.08424446,8.859666503
-0.8453125,10.09859568,8.862853059
-0.845,10.09779839,8.860463142
-0.8446875,10.10098755,8.858869864
-0.844375,10.11533877,8.86205642
-0.8440625,10.11773064,8.861259781
-0.84375,10.12410895,8.86205642
-0.8434375,10.13287914,8.86205642
-0.843125,10.13846017,8.861259781
-0.8428125,10.14244662,8.858869864
-0.8425,10.15440597,8.858869864
-0.8421875,10.15520326,8.858073225
-0.841875,10.16237886,8.858869864
-0.8415625,10.17433821,8.860463142
-0.84125,10.17752737,8.858869864
-0.8409375,10.18550027,8.858869864
-0.840625,10.19586504,8.859666503
-0.8403125,10.19985149,8.859666503
-0.84,10.20941896,8.858869864
-0.8396875,10.22137831,8.861259781
-0.839375,10.21898644,8.858869864
-0.8390625,10.2221756,8.858073225
-0.83875,10.23971598,8.859666503
-0.8384375,10.23891869,8.858869864
-0.838125,10.2460943,8.858869864
-0.8378125,10.25725635,8.859666503
-0.8375,10.25885093,8.858869864
-0.8371875,10.26443196,8.859666503
-0.836875,10.27798589,8.860463142
-0.8365625,10.27639131,8.860463142
-0.83625,10.28276963,8.860463142
-0.8359375,10.29791813,8.862853059
-0.835625,10.30110729,8.864446338
-0.8353125,10.30908019,8.866039616
-0.835,10.31705309,8.866039616
-0.8346875,10.32183683,8.862853059
-0.834375,10.33299889,8.866836255
-0.8340625,10.34097178,8.868429533
-0.83375,10.3473501,8.868429533
-0.8334375,10.35133655,8.866836255
-0.833125,10.35691758,8.866039616
-0.8328125,10.36170132,8.866039616
-0.8325,10.36728235,8.866039616
-0.8321875,10.37286338,8.866039616
-0.831875,10.38003898,8.866039616
-0.8315625,10.38482272,8.865242977
-0.83125,10.39040375,8.863649698
-0.8309375,10.3943902,8.863649698
-0.830625,10.4023631,8.863649698
-0.8303125,10.40874142,8.862853059
-0.83,10.41193058,8.861259781
-0.8296875,10.41751161,8.86205642
-0.829375,10.42388992,8.861259781
-0.8290625,10.42947095,8.861259781
-0.82875,10.43266011,8.860463142
-0.8284375,10.43903843,8.86205642
-0.828125,10.44382217,8.861259781
-0.8278125,10.4494032,8.861259781
-0.8275,10.45498423,8.861259781
-0.8271875,10.45976797,8.86205642
-0.826875,10.46614629,8.862853059
-0.8265625,10.47172731,8.862853059
-0.82625,10.47571376,8.859666503
-0.8259375,10.47890292,8.858869864
-0.825625,10.48448395,8.858869864
-0.8253125,10.48926769,8.858869864
-0.825,10.4964433,8.859666503
-0.8246875,10.50202433,8.860463142
-0.824375,10.50840265,8.861259781
-0.8240625,10.51398367,8.860463142
-0.82375,10.52036199,8.86205642
-0.8234375,10.52594302,8.86205642
-0.823125,10.53072676,8.862853059
-0.8228125,10.5355105,8.861259781
-0.8225,10.5434834,8.862853059
-0.8221875,10.54906443,8.863649698
-0.821875,10.55305088,8.864446338
-0.8215625,10.5586319,8.863649698
-0.82125,10.56421293,8.863649698
-0.8209375,10.56979396,8.863649698
-0.820625,10.57378041,8.863649698
-0.8203125,10.57776686,8.863649698
-0.82,10.58494247,8.865242977
-0.8196875,10.59132079,8.866039616
-0.819375,10.59690182,8.867632894
-0.8190625,10.60407742,8.868429533
-0.81875,10.6136449,8.868429533
-0.8184375,10.62002322,8.867632894
-0.818125,10.62480696,8.868429533
-0.8178125,10.63118528,8.869226172
-0.8175,10.6375636,8.868429533
-0.8171875,10.64155004,8.867632894
-0.816875,10.64553649,8.867632894
-0.8165625,10.65032023,8.867632894
-0.81625,10.65590126,8.866039616
-0.8159375,10.660685,8.866039616
-0.815625,10.66467145,8.865242977
-0.8153125,10.66945519,8.865242977
-0.815,10.67423893,8.864446338
-0.8146875,10.67742809,8.862853059
-0.814375,10.68141454,8.863649698
-0.8140625,10.68540098,8.862853059
-0.81375,10.6917793,8.863649698
-0.8134375,10.69417117,8.86205642
-0.813125,10.69656304,8.86205642
-0.8128125,10.6997522,8.860463142
-0.8125,10.70373865,8.859666503
-0.8121875,10.70931968,8.859666503
-0.811875,10.71410342,8.859666503
-0.8115625,10.71808987,8.859666503
-0.81125,10.72526548,8.860463142
-0.8109375,10.72845463,8.860463142
-0.810625,10.73323837,8.860463142
-0.8103125,10.7388194,8.862853059
-0.81,10.74519772,8.864446338
-0.8096875,10.74599501,8.860463142
-0.809375,10.74838688,8.859666503
-0.8090625,10.75237333,8.858869864
-0.80875,10.75715707,8.858869864
-0.8084375,10.76194081,8.859666503
-0.808125,10.76672455,8.860463142
-0.8078125,10.77230557,8.861259781
-0.8075,10.7778866,8.86205642
-0.8071875,10.78187305,8.862853059
-0.806875,10.7858595,8.86205642
-0.8065625,10.79064324,8.86205642
-0.80625,10.79781885,8.863649698
-0.8059375,10.80100801,8.862853059
-0.805625,10.80419717,8.862853059
-0.8053125,10.81057549,8.862853059
-0.805,10.81615651,8.862853059
-0.8046875,10.82014296,8.862853059
-0.804375,10.82412941,8.862853059
-0.8040625,10.82971044,8.86205642
-0.80375,10.83449418,8.862853059
-0.8034375,10.83848063,8.864446338
-0.803125,10.84326437,8.866039616
-0.8028125,10.8488454,8.866836255
-0.8025,10.85522372,8.870022811
-0.8021875,10.86000745,8.871616089
-0.801875,10.86479119,8.873209367
-0.8015625,10.87116951,8.874006006
-0.80125,10.87356138,8.872412728
-0.8009375,10.87754783,8.873209367
-0.800625,10.88233157,8.873209367
-0.8003125,10.88552073,8.872412728
-0.8,10.88950718,8.872412728
-0.7996875,10.89030447,8.87081945
-0.799375,10.89508821,8.87081945
-0.7990625,10.89907466,8.869226172
-0.79875,10.90146653,8.870022811
-0.7984375,10.90545297,8.869226172
-0.798125,10.91023671,8.866836255
-0.7978125,10.91262858,8.867632894
-0.7975,10.91581774,8.867632894
-0.7971875,10.91980419,8.866836255
-0.796875,10.92458793,8.866836255
-0.7965625,10.92618251,8.866039616
-0.79625,10.92857438,8.866039616
-0.7959375,10.93415541,8.864446338
-0.795625,10.93574999,8.862853059
-0.7953125,10.93973644,8.863649698
-0.795,10.94372289,8.864446338
-0.7946875,10.94930391,8.866039616
-0.794375,10.95249307,8.865242977
-0.7940625,10.95488494,8.866836255
-0.79375,10.95966868,8.866039616
-0.7934375,10.96445242,8.866836255
-0.793125,10.96524971,8.864446338
-0.7928125,10.96684429,8.862853059
-0.7925,10.97003345,8.861259781
-0.7921875,10.9740199,8.86205642
-0.791875,10.97641177,8.861259781
-0.7915625,10.9819928,8.863649698
-0.79125,10.98597925,8.863649698
-0.7909375,10.98996569,8.865242977
-0.790625,10.99156027,8.864446338
-0.7903125,10.9971413,8.865242977
-0.79,11.00192504,8.867632894
-0.7896875,11.00591149,8.866039616
-0.789375,11.01149252,8.866039616
-0.7890625,11.01547897,8.865242977
-0.78875,11.01866813,8.864446338
-0.7884375,11.02185729,8.863649698
-0.788125,11.0290329,8.863649698
-0.7878125,11.03301934,8.86205642
-0.7875,11.03381663,8.860463142
-0.7871875,11.03700579,8.860463142
-0.786875,11.04258682,8.859666503
-0.7865625,11.04737056,8.86205642
-0.78625,11.04816785,8.861259781
-0.7859375,11.05454617,8.86205642
-0.785625,11.05932991,8.864446338
-0.7853125,11.06331636,8.864446338
-0.785,11.06570823,8.865242977
-0.7846875,11.07128926,8.866836255
-0.784375,11.07447842,8.867632894
-0.7840625,11.07687028,8.866836255
-0.78375,11.08085673,8.866039616
-0.7834375,11.0832486,8.865242977
-0.783125,11.08484318,8.864446338
-0.7828125,11.08803234,8.863649698
-0.7825,11.09201879,8.863649698
-0.7821875,11.09361337,8.864446338
-0.781875,11.09600524,8.862853059
-0.7815625,11.09999169,8.862853059
-0.78125,11.10158627,8.861259781
-0.7809375,11.10318085,8.860463142
-0.780625,11.10637001,8.860463142
-0.7803125,11.10955917,8.860463142
-0.78,11.11274833,8.860463142
-0.7796875,11.11354562,8.858869864
-0.779375,11.11753207,8.858073225
-0.7790625,11.11992393,8.858073225
-0.77875,11.12072122,8.857276586
-0.7784375,11.12470767,8.856479947
-0.778125,11.12949141,8.858073225
-0.7778125,11.13188328,8.858073225
-0.7775,11.13268057,8.856479947
-0.7771875,11.1382616,8.858869864
-0.776875,11.13985618,8.858073225
-0.7765625,11.14224805,8.858073225
-0.77625,11.14463992,8.855683308
-0.7759375,11.14543721,8.854886669
-0.775625,11.14862637,8.856479947
-0.7753125,11.15181553,8.855683308
-0.775,11.15580198,8.855683308
-0.7746875,11.15819385,8.857276586
-0.774375,11.16138301,8.857276586
-0.7740625,11.16536945,8.857276586
-0.77375,11.16776132,8.858869864
-0.7734375,11.17015319,8.858869864
-0.773125,11.17573422,8.859666503
-0.7728125,11.17892338,8.860463142
-0.7725,11.18131525,8.86205642
-0.7721875,11.18609899,8.86205642
-0.771875,11.18849086,8.862853059
-0.7715625,11.18769357,8.86205642
-0.77125,11.18928815,8.859666503
-0.7709375,11.19486918,8.86205642
-0.770625,11.19566647,8.860463142
-0.7703125,11.19885563,8.86205642
-0.77,11.20443666,8.862853059
-0.7696875,11.20682852,8.862853059
-0.769375,11.21081497,8.864446338
-0.7690625,11.21878787,8.866039616
-0.76875,11.22277432,8.866836255
-0.7684375,11.22516619,8.867632894
-0.768125,11.22915264,8.867632894
-0.7678125,11.2323418,8.866836255
-0.7675,11.23393638,8.867632894
-0.7671875,11.23553096,8.866039616
-0.766875,11.23951741,8.866039616
-0.7665625,11.24190928,8.866836255
-0.76625,11.24430115,8.866836255
-0.7659375,11.24589573,8.865242977
-0.765625,11.24749031,8.864446338
-0.7653125,11.2482876,8.864446338
-0.765,11.25227404,8.863649698
-0.7646875,11.25466591,8.863649698
-0.764375,11.25386862,8.862853059
-0.7640625,11.25865236,8.863649698
-0.76375,11.25944965,8.86205642
-0.7634375,11.25944965,8.860463142
-0.763125,11.2634361,8.861259781
-0.7628125,11.2634361,8.859666503
-0.7625,11.26503068,8.858869864
-0.7621875,11.26742255,8.859666503
-0.761875,11.27061171,8.858869864
-0.7615625,11.27220629,8.859666503
-0.76125,11.27459816,8.859666503
-0.7609375,11.27778732,8.859666503
-0.760625,11.28017919,8.861259781
-0.7603125,11.28177377,8.86205642
-0.76,11.28576022,8.86205642
-0.7596875,11.28576022,8.859666503
-0.759375,11.28336835,8.858073225
-0.7590625,11.28815209,8.858073225
-0.75875,11.29054396,8.858073225
-0.7584375,11.29134125,8.858073225
-0.758125,11.2945304,8.858869864
-0.7578125,11.29612498,8.857276586
-0.7575,11.29692227,8.857276586
-0.7571875,11.3025033,8.858869864
-0.756875,11.30569246,8.858869864
-0.7565625,11.30808433,8.860463142
-0.75625,11.30967891,8.861259781
-0.7559375,11.31366536,8.860463142
-0.755625,11.31446265,8.861259781
-0.7553125,11.31765181,8.861259781
-0.755,11.32163826,8.86205642
-0.7546875,11.32323284,8.86205642
-0.754375,11.32482742,8.86205642
-0.7540625,11.326422,8.861259781
-0.75375,11.32801658,8.86205642
-0.7534375,11.33040845,8.86205642
-0.753125,11.3343949,8.86205642
-0.7528125,11.33519219,8.86205642
-0.7525,11.33997592,8.864446338
-0.7521875,11.34635424,8.868429533
-0.751875,11.34794882,8.869226172
-0.7515625,11.35034069,8.869226172
-0.75125,11.35352985,8.869226172
-0.7509375,11.35512443,8.869226172
-0.750625,11.35671901,8.870022811
-0.7503125,11.35990817,8.870022811
-0.75,11.36070546,8.869226172
-0.7496875,11.36150275,8.868429533
-0.749375,11.36309733,8.867632894
-0.7490625,11.36469191,8.866039616
-0.74875,11.36389462,8.865242977
-0.7484375,11.36628649,8.864446338
-0.748125,11.36788107,8.864446338
-0.7478125,11.36788107,8.863649698
-0.7475,11.37027294,8.862853059
-0.7471875,11.37186752,8.862853059
-0.746875,11.37107023,8.86205642
-0.7465625,11.37425939,8.861259781
-0.74625,11.37425939,8.860463142
-0.7459375,11.3734621,8.858869864
-0.745625,11.37744855,8.858869864
-0.7453125,11.37904313,8.858869864
-0.745,11.3806377,8.859666503
-0.7446875,11.38302957,8.858869864
-0.744375,11.38382686,8.858073225
-0.7440625,11.38462415,8.859666503
-0.74375,11.39179976,8.862853059
-0.7434375,11.39179976,8.86205642
-0.743125,11.39020518,8.860463142
-0.7428125,11.39179976,8.858869864
-0.7425,11.39020518,8.857276586
-0.7421875,11.39179976,8.858073225
-0.741875,11.39578621,8.858073225
-0.7415625,11.39578621,8.857276586
-0.74125,11.3965835,8.858073225
-0.7409375,11.40056995,8.858869864
-0.740625,11.40136724,8.858869864
-0.7403125,11.40375911,8.859666503
-0.74,11.40615098,8.859666503
-0.7396875,11.40774556,8.859666503
-0.739375,11.40854285,8.859666503
-0.7390625,11.4125293,8.859666503
-0.73875,11.4125293,8.859666503
-0.7384375,11.41571846,8.860463142
-0.738125,11.4205022,8.860463142
-0.7378125,11.41970491,8.860463142
-0.7375,11.4205022,8.859666503
-0.7371875,11.42448864,8.86205642
-0.736875,11.4276778,8.862853059
-0.7365625,11.42847509,8.862853059
-0.73625,11.43166425,8.86205642
-0.7359375,11.43485341,8.866039616
-0.735625,11.44043444,8.868429533
-0.7353125,11.4436236,8.870022811
-0.735,11.44442089,8.870022811
-0.7346875,11.44521818,8.868429533
-0.734375,11.44761005,8.869226172
-0.7340625,11.44681276,8.868429533
-0.73375,11.45079921,8.868429533
-0.7334375,11.45079921,8.868429533
-0.733125,11.45079921,8.867632894
-0.7328125,11.45478566,8.867632894
-0.7325,11.45319108,8.866836255
-0.7321875,11.45398837,8.866039616
-0.731875,11.45558295,8.865242977
-0.7315625,11.45717753,8.866039616
-0.73125,11.45717753,8.865242977
-0.7309375,11.46036669,8.866039616
-0.730625,11.4595694,8.864446338
-0.7303125,11.4595694,8.863649698
-0.73,11.46116398,8.862853059
-0.7296875,11.45877211,8.861259781
-0.729375,11.46116398,8.861259781
-0.7290625,11.46355585,8.862853059
-0.72875,11.46196127,8.861259781
-0.7284375,11.46594772,8.862853059
-0.728125,11.46674501,8.86205642
-0.7278125,11.46594772,8.86205642
-0.7275,11.46993416,8.861259781
-0.7271875,11.47073145,8.862853059
-0.726875,11.47152874,8.862853059
-0.7265625,11.47392061,8.862853059
-0.72625,11.47312332,8.860463142
-0.7259375,11.47232603,8.858869864
-0.725625,11.47551519,8.858869864
-0.7253125,11.4747179,8.859666503
-0.725,11.47710977,8.860463142
-0.7246875,11.47950164,8.860463142
-0.724375,11.47950164,8.861259781
-0.7240625,11.48348809,8.86205642
-0.72375,11.48428538,8.86205642
-0.7234375,11.48348809,8.86205642
-0.723125,11.48667725,8.862853059
-0.7228125,11.48667725,8.862853059
-0.7225,11.48906912,8.863649698
-0.7221875,11.49146099,8.863649698
-0.721875,11.4906637,8.86205642
-0.7215625,11.49225828,8.86205642
-0.72125,11.49465015,8.863649698
-0.7209375,11.49385286,8.863649698
-0.720625,11.49544744,8.863649698
-0.7203125,11.49704202,8.862853059
-0.72,11.49783931,8.863649698
-0.7196875,11.49943389,8.863649698
-0.719375,11.49943389,8.864446338
-0.7190625,11.50342034,8.867632894
-0.71875,11.50820408,8.870022811
-0.7184375,11.50740679,8.869226172
-0.718125,11.50979866,8.869226172
-0.7178125,11.51139323,8.869226172
-0.7175,11.51139323,8.87081945
-0.7171875,11.51298781,8.870022811
-0.716875,11.51298781,8.868429533
-0.7165625,11.51139323,8.867632894
-0.71625,11.51219052,8.866039616
-0.7159375,11.51298781,8.866836255
-0.715625,11.5137851,8.866039616
-0.7153125,11.51458239,8.866039616
-0.715,11.51458239,8.865242977
-0.7146875,11.51617697,8.864446338
-0.714375,11.51537968,8.862853059
-0.7140625,11.51697426,8.864446338
-0.71375,11.51936613,8.864446338
-0.7134375,11.51697426,8.862853059
-0.713125,11.51537968,8.861259781
-0.7128125,11.51856884,8.860463142
-0.7125,11.51537968,8.859666503
-0.7121875,11.51697426,8.860463142
-0.711875,11.51936613,8.860463142
-0.7115625,11.51936613,8.861259781
-0.71125,11.52255529,8.86205642
-0.7109375,11.521758,8.862853059
-0.710625,11.52255529,8.862853059
-0.7103125,11.52733903,8.863649698
-0.71,11.52654174,8.863649698
-0.7096875,11.52574445,8.86205642
-0.709375,11.52574445,8.859666503
-0.7090625,11.52335258,8.859666503
-0.70875,11.52574445,8.858869864
-0.7084375,11.52494716,8.858869864
-0.708125,11.52574445,8.859666503
-0.7078125,11.52813632,8.859666503
-0.7075,11.52654174,8.858869864
-0.7071875,11.5297309,8.859666503
-0.706875,11.53052819,8.860463142
-0.7065625,11.53132548,8.861259781
-0.70625,11.53292006,8.861259781
-0.7059375,11.53212277,8.860463142
-0.705625,11.53371735,8.86205642
-0.7053125,11.53690651,8.862853059
-0.705,11.53531193,8.863649698
-0.7046875,11.53850109,8.862853059
-0.704375,11.5377038,8.86205642
-0.7040625,11.53850109,8.86205642
-0.70375,11.54009567,8.86205642
-0.7034375,11.53850109,8.860463142
-0.703125,11.54169025,8.862853059
-0.7028125,11.54248754,8.862853059
-0.7025,11.54408212,8.866039616
-0.7021875,11.54886586,8.868429533
-0.701875,11.54966315,8.869226172
-0.7015625,11.55046044,8.870022811
-0.70125,11.55205502,8.87081945
-0.7009375,11.55125773,8.870022811
-0.700625,11.55444688,8.870022811
-0.7003125,11.5536496,8.868429533
-0.7,11.55205502,8.868429533
-0.6996875,11.55524417,8.869226172
-0.699375,11.55125773,8.867632894
-0.6990625,11.55205502,8.866836255
-0.69875,11.55285231,8.866039616
-0.6984375,11.55125773,8.866836255
-0.698125,11.55205502,8.864446338
-0.6978125,11.54966315,8.863649698
-0.6975,11.55046044,8.862853059
-0.6971875,11.55125773,8.862853059
-0.696875,11.55046044,8.862853059
-0.6965625,11.55285231,8.86205642
-0.69625,11.55046044,8.861259781
-0.6959375,11.55046044,8.860463142
-0.695625,11.55125773,8.859666503
-0.6953125,11.55046044,8.861259781
-0.695,11.55285231,8.861259781
-0.6946875,11.55205502,8.861259781
-0.694375,11.55205502,8.861259781
-0.6940625,11.55444688,8.86205642
-0.69375,11.55444688,8.862853059
-0.6934375,11.55524417,8.862853059
-0.693125,11.5536496,8.861259781
-0.6928125,11.55125773,8.860463142
-0.6925,11.5536496,8.860463142
-0.6921875,11.55125773,8.859666503
-0.691875,11.5536496,8.858869864
-0.6915625,11.5536496,8.860463142
-0.69125,11.55444688,8.86205642
-0.6909375,11.55683875,8.86205642
-0.690625,11.55763604,8.863649698
-0.6903125,11.56002791,8.864446338
-0.69,11.55923062,8.863649698
-0.6896875,11.56002791,8.864446338
-0.689375,11.56162249,8.864446338
-0.6890625,11.56002791,8.862853059
-0.68875,11.56241978,8.862853059
-0.6884375,11.56241978,8.863649698
-0.688125,11.56002791,8.862853059
-0.6878125,11.56321707,8.862853059
-0.6875,11.56002791,8.862853059
-0.6871875,11.5608252,8.862853059
-0.686875,11.55923062,8.86205642
-0.6865625,11.56002791,8.862853059
-0.68625,11.56321707,8.864446338
-0.6859375,11.56321707,8.866039616
-0.685625,11.56800081,8.869226172
-0.6853125,11.56800081,8.871616089
-0.685,11.56959539,8.87081945
-0.6846875,11.57198726,8.871616089
-0.684375,11.57039268,8.871616089
-0.6840625,11.57198726,8.871616089
-0.68375,11.57039268,8.87081945
-0.6834375,11.57118997,8.87081945
-0.683125,11.57118997,8.870022811
-0.6828125,11.56720352,8.868429533
-0.6825,11.5687981,8.867632894
-0.6821875,11.5687981,8.868429533
-0.681875,11.56959539,8.868429533
-0.6815625,11.56959539,8.867632894
-0.68125,11.56640623,8.866039616
-0.6809375,11.56720352,8.865242977
-0.680625,11.56401436,8.864446338
-0.6803125,11.56481165,8.863649698
-0.68,11.56560894,8.864446338
-0.6796875,11.56241978,8.862853059
-0.679375,11.56321707,8.86205642
-0.6790625,11.56002791,8.860463142
-0.67875,11.56162249,8.859666503
-0.6784375,11.5608252,8.860463142
-0.678125,11.56162249,8.861259781
-0.6778125,11.56401436,8.86205642
-0.6775,11.56241978,8.862853059
-0.6771875,11.56560894,8.862853059
-0.676875,11.56321707,8.862853059
-0.6765625,11.56401436,8.862853059
-0.67625,11.56321707,8.860463142
-0.6759375,11.55923062,8.858869864
-0.675625,11.56241978,8.859666503
-0.6753125,11.5608252,8.859666503
-0.675,11.56162249,8.858869864
-0.6746875,11.5608252,8.859666503
-0.674375,11.5608252,8.859666503
-0.6740625,11.56241978,8.859666503
-0.67375,11.56162249,8.861259781
-0.6734375,11.56321707,8.860463142
-0.673125,11.5608252,8.861259781
-0.6728125,11.56321707,8.86205642
-0.6725,11.56241978,8.861259781
-0.6721875,11.56162249,8.861259781
-0.671875,11.56481165,8.86205642
-0.6715625,11.56002791,8.860463142
-0.67125,11.56321707,8.861259781
-0.6709375,11.56401436,8.862853059
-0.670625,11.56321707,8.862853059
-0.6703125,11.56481165,8.863649698
-0.67,11.56162249,8.862853059
-0.6696875,11.56640623,8.865242977
-0.669375,11.56401436,8.864446338
-0.6690625,11.56720352,8.867632894
-0.66875,11.5687981,8.870022811
-0.6684375,11.56800081,8.869226172
-0.668125,11.56959539,8.869226172
-0.6678125,11.56720352,8.869226172
-0.6675,11.56800081,8.869226172
-0.6671875,11.56481165,8.868429533
-0.666875,11.56720352,8.869226172
-0.6665625,11.56800081,8.87081945
-0.66625,11.56640623,8.869226172
-0.6659375,11.56720352,8.868429533
-0.665625,11.56321707,8.867632894
-0.6653125,11.56560894,8.866836255
-0.665,11.56401436,8.867632894
-0.6646875,11.56401436,8.867632894
-0.664375,11.56162249,8.865242977
-0.6640625,11.56321707,8.866836255
-0.66375,11.56481165,8.866836255
-0.6634375,11.56241978,8.866039616
-0.663125,11.56162249,8.864446338
-0.6628125,11.55843333,8.863649698
-0.6625,11.55923062,8.863649698
-0.6621875,11.55763604,8.862853059
-0.661875,11.55683875,8.862853059
-0.6615625,11.55843333,8.863649698
-0.66125,11.55604146,8.863649698
-0.6609375,11.55763604,8.863649698
-0.660625,11.55524417,8.863649698
-0.6603125,11.55763604,8.865242977
-0.66,11.55604146,8.864446338
-0.6596875,11.55444688,8.862853059
-0.659375,11.55205502,8.859666503
-0.6590625,11.54966315,8.859666503
-0.65875,11.55285231,8.860463142
-0.6584375,11.55125773,8.861259781
-0.658125,11.55205502,8.861259781
-0.6578125,11.55205502,8.861259781
-0.6575,11.54966315,8.860463142
-0.6571875,11.55125773,8.86205642
-0.656875,11.54966315,8.862853059
-0.6565625,11.55125773,8.862853059
-0.65625,11.54886586,8.862853059
-0.6559375,11.55125773,8.86205642
-0.655625,11.54806857,8.86205642
-0.6553125,11.54806857,8.86205642
-0.655,11.54727128,8.86205642
-0.6546875,11.54647399,8.862853059
-0.654375,11.54647399,8.862853059
-0.6540625,11.5456767,8.862853059
-0.65375,11.54727128,8.863649698
-0.6534375,11.54647399,8.863649698
-0.653125,11.54806857,8.863649698
-0.6528125,11.5456767,8.862853059
-0.6525,11.54806857,8.866039616
-0.6521875,11.54886586,8.868429533
-0.651875,11.54806857,8.868429533
-0.6515625,11.55125773,8.870022811
-0.65125,11.54966315,8.870022811
-0.6509375,11.55205502,8.87081945
-0.650625,11.54966315,8.870022811
-0.6503125,11.54966315,8.869226172
-0.65,11.54727128,8.868429533
-0.6496875,11.54647399,8.866836255
-0.649375,11.5456767,8.866836255
-0.6490625,11.54328483,8.866836255
-0.64875,11.54328483,8.865242977
-0.6484375,11.53929838,8.864446338
-0.648125,11.54089296,8.864446338
-0.6478125,11.53610922,8.86205642
-0.6475,11.53929838,8.863649698
-0.6471875,11.53610922,8.86205642
-0.646875,11.53690651,8.862853059
-0.6465625,11.53451464,8.860463142
-0.64625,11.53292006,8.859666503
-0.6459375,11.53292006,8.860463142
-0.645625,11.52733903,8.858073225
-0.6453125,11.53052819,8.858869864
-0.645,11.5297309,8.860463142
-0.6446875,11.53212277,8.860463142
-0.644375,11.52813632,8.860463142
-0.6440625,11.53132548,8.86205642
-0.64375,11.5297309,8.861259781
-0.6434375,11.52893361,8.86205642
-0.643125,11.52574445,8.859666503
-0.6428125,11.521758,8.858073225
-0.6425,11.521758,8.856479947
-0.6421875,11.52016342,8.858073225
-0.641875,11.52096071,8.857276586
-0.6415625,11.51777155,8.858073225
-0.64125,11.52255529,8.858869864
-0.6409375,11.52255529,8.860463142
-0.640625,11.52335258,8.861259781
-0.6403125,11.52096071,8.861259781
-0.64,11.52096071,8.86205642
-0.6396875,11.521758,8.86205642
-0.639375,11.52016342,8.86205642
-0.6390625,11.52096071,8.862853059
-0.63875,11.51697426,8.86205642
-0.6384375,11.52016342,8.86205642
-0.638125,11.51537968,8.860463142
-0.6378125,11.51697426,8.860463142
-0.6375,11.5137851,8.860463142
-0.6371875,11.51537968,8.860463142
-0.636875,11.5137851,8.86205642
-0.6365625,11.51537968,8.86205642
-0.63625,11.5137851,8.862853059
-0.6359375,11.5137851,8.864446338
-0.635625,11.51617697,8.866039616
-0.6353125,11.51537968,8.868429533
-0.635,11.51697426,8.869226172
-0.6346875,11.51458239,8.869226172
-0.634375,11.51856884,8.87081945
-0.6340625,11.5137851,8.870022811
-0.63375,11.51537968,8.869226172
-0.6334375,11.51059595,8.867632894
-0.633125,11.51219052,8.867632894
-0.6328125,11.50900137,8.866836255
-0.6325,11.50820408,8.866039616
-0.6321875,11.50740679,8.866836255
-0.631875,11.50740679,8.866836255
-0.6315625,11.5066095,8.866039616
-0.63125,11.50342034,8.865242977
-0.6309375,11.50421763,8.864446338
-0.630625,11.50023118,8.864446338
-0.6303125,11.50102847,8.863649698
-0.63,11.49624473,8.86205642
-0.6296875,11.49783931,8.86205642
-0.629375,11.49544744,8.86205642
-0.6290625,11.49465015,8.860463142
-0.62875,11.49225828,8.860463142
-0.6284375,11.49225828,8.860463142
-0.628125,11.4906637,8.860463142
-0.6278125,11.49225828,8.86205642
-0.6275,11.49146099,8.861259781
-0.6271875,11.4906637,8.86205642
-0.626875,11.48906912,8.86205642
-0.6265625,11.48827183,8.862853059
-0.62625,11.48587996,8.859666503
-0.6259375,11.48189351,8.858073225
-0.625625,11.48189351,8.858073225
-0.6253125,11.48029893,8.858869864
-0.625,11.48109622,8.858869864
-0.6246875,11.47870435,8.859666503
-0.624375,11.48189351,8.861259781
-0.6240625,11.47950164,8.862853059
-0.62375,11.48189351,8.862853059
-0.6234375,11.47870435,8.862853059
-0.623125,11.47870435,8.86205642
-0.6228125,11.47631248,8.86205642
-0.6225,11.47631248,8.86205642
-0.6221875,11.4747179,8.86205642
-0.621875,11.47392061,8.861259781
-0.6215625,11.47312332,8.86205642
-0.62125,11.47232603,8.86205642
-0.6209375,11.47073145,8.860463142
-0.620625,11.46913687,8.860463142
-0.6203125,11.46913687,8.86205642
-0.62,11.46913687,8.862853059
-0.6196875,11.46913687,8.862853059
-0.619375,11.46833958,8.862853059
-0.6190625,11.47312332,8.867632894
-0.61875,11.47152874,8.869226172
-0.6184375,11.47312332,8.869226172
-0.618125,11.47073145,8.869226172
-0.6178125,11.47232603,8.870022811
-0.6175,11.46993416,8.871616089
-0.6171875,11.47312332,8.873209367
-0.616875,11.46833958,8.87081945
-0.6165625,11.46913687,8.869226172
-0.61625,11.46435314,8.868429533
-0.6159375,11.46515043,8.867632894
-0.615625,11.46036669,8.866836255
-0.6153125,11.46116398,8.866836255
-0.615,11.45717753,8.866039616
-0.6146875,11.45797482,8.866039616
-0.614375,11.45558295,8.865242977
-0.6140625,11.45478566,8.864446338
-0.61375,11.45239379,8.864446338
-0.6134375,11.45319108,8.864446338
-0.613125,11.45079921,8.864446338
-0.6128125,11.44681276,8.86205642
-0.6125,11.44282631,8.86205642
-0.6121875,11.4436236,8.861259781
-0.611875,11.44282631,8.86205642
-0.6115625,11.44282631,8.86205642
-0.61125,11.44282631,8.862853059
-0.6109375,11.43963715,8.862853059
-0.610625,11.44043444,8.862853059
-0.6103125,11.43644799,8.862853059
-0.61,11.43644799,8.863649698
-0.6096875,11.43166425,8.861259781
-0.609375,11.43006967,8.859666503
-0.6090625,11.4276778,8.860463142
-0.60875,11.42608322,8.858869864
-0.6084375,11.42528593,8.859666503
-0.608125,11.42608322,8.860463142
-0.6078125,11.42448864,8.861259781
-0.6075,11.42608322,8.862853059
-0.6071875,11.42369136,8.86205642
-0.606875,11.42528593,8.862853059
-0.6065625,11.42129949,8.86205642
-0.60625,11.42129949,8.862853059
-0.6059375,11.41811033,8.862853059
-0.605625,11.4205022,8.864446338
-0.6053125,11.41731304,8.864446338
-0.605,11.41811033,8.863649698
-0.6046875,11.41492117,8.864446338
-0.604375,11.41731304,8.866039616
-0.6040625,11.4125293,8.864446338
-0.60375,11.4125293,8.864446338
-0.6034375,11.41013743,8.866039616
-0.603125,11.41173201,8.865242977
-0.6028125,11.40854285,8.865242977
-0.6025,11.41013743,8.867632894
-0.6021875,11.40934014,8.87081945
-0.601875,11.41173201,8.871616089
-0.6015625,11.40934014,8.871616089
-0.60125,11.41013743,8.871616089
-0.6009375,11.40615098,8.87081945
-0.600625,11.40774556,8.87081945
-0.6003125,11.4045564,8.870022811
-0.6,11.40535369,8.87081945
-0.5996875,11.40136724,8.870022811
-0.599375,11.40216453,8.870022811
-0.5990625,11.39897537,8.868429533
-0.59875,11.39897537,8.867632894
-0.5984375,11.39498892,8.866836255
-0.598125,11.39738079,8.866836255
-0.5978125,11.3965835,8.869226172
-0.5975,11.39578621,8.869226172
-0.5971875,11.39339434,8.870022811
-0.596875,11.39179976,8.868429533
-0.5965625,11.3886106,8.868429533
-0.59625,11.3886106,8.866836255
-0.5959375,11.38462415,8.866836255
-0.595625,11.38542144,8.866039616
-0.5953125,11.38382686,8.867632894
-0.595,11.38462415,8.867632894
-0.5946875,11.38143499,8.868429533
-0.594375,11.38223228,8.867632894
-0.5940625,11.37984042,8.867632894
-0.59375,11.3806377,8.867632894
-0.5934375,11.37744855,8.867632894
-0.593125,11.37665126,8.866836255
-0.5928125,11.37107023,8.864446338
-0.5925,11.37107023,8.863649698
-0.5921875,11.36947565,8.863649698
-0.591875,11.36867836,8.863649698
-0.5915625,11.36708378,8.864446338
-0.59125,11.3654892,8.864446338
-0.5909375,11.36469191,8.864446338
-0.590625,11.36469191,8.866039616
-0.5903125,11.36469191,8.866836255
-0.59,11.36309733,8.868429533
-0.5896875,11.36230004,8.867632894
-0.589375,11.36070546,8.868429533
-0.5890625,11.35990817,8.868429533
-0.58875,11.35592172,8.867632894
-0.5884375,11.35831359,8.868429533
-0.588125,11.35512443,8.867632894
-0.5878125,11.35671901,8.868429533
-0.5875,11.35273256,8.869226172
-0.5871875,11.35432714,8.868429533
-0.586875,11.35113798,8.868429533
-0.5865625,11.35193527,8.869226172
-0.58625,11.34874611,8.868429533
-0.5859375,11.35034069,8.869226172
-0.585625,11.35034069,8.873209367
-0.5853125,11.35273256,8.874802645
-0.585,11.35034069,8.876395923
-0.5846875,11.35352985,8.876395923
-0.584375,11.34874611,8.875599284
-0.5840625,11.34794882,8.874006006
-0.58375,11.34316508,8.874006006
-0.5834375,11.34396237,8.874802645
-0.583125,11.33997592,8.873209367
-0.5828125,11.33917863,8.873209367
-0.5825,11.33678677,8.872412728
-0.5821875,11.33598948,8.873209367
-0.581875,11.33200303,8.87081945
-0.5815625,11.33040845,8.87081945
-0.58125,11.32961116,8.869226172
-0.5809375,11.32562471,8.868429533
-0.580625,11.32403013,8.867632894
-0.5803125,11.32084097,8.867632894
-0.58,11.32004368,8.866836255
-0.5796875,11.3184491,8.866836255
-0.579375,11.31605723,8.865242977
-0.5790625,11.31127349,8.865242977
-0.57875,11.31366536,8.864446338
-0.5784375,11.30888162,8.864446338
-0.578125,11.3104762,8.866039616
-0.5778125,11.30648975,8.863649698
-0.5775,11.30888162,8.866039616
-0.5771875,11.30569246,8.866836255
-0.576875,11.30648975,8.867632894
-0.5765625,11.30330059,8.866836255
-0.57625,11.30090872,8.864446338
-0.5759375,11.29692227,8.862853059
-0.575625,11.29612498,8.863649698
-0.5753125,11.2945304,8.863649698
-0.575,11.29373311,8.864446338
-0.5746875,11.2945304,8.865242977
-0.574375,11.29213854,8.866039616
-0.5740625,11.29373311,8.866836255
-0.57375,11.28894938,8.866039616
-0.5734375,11.29134125,8.867632894
-0.573125,11.2873548,8.867632894
-0.5728125,11.28894938,8.866836255
-0.5725,11.28496293,8.866836255
-0.5721875,11.28416564,8.864446338
-0.571875,11.28257106,8.866836255
-0.5715625,11.28336835,8.866836255
-0.57125,11.28017919,8.866836255
-0.5709375,11.2793819,8.866836255
-0.570625,11.27778732,8.866039616
-0.5703125,11.27539545,8.866039616
-0.57,11.27459816,8.867632894
-0.5696875,11.27220629,8.867632894
-0.569375,11.27300358,8.868429533
-0.5690625,11.27300358,8.87081945
-0.56875,11.27539545,8.872412728
-0.5684375,11.271409,8.873209367
-0.568125,11.27220629,8.872412728
-0.5678125,11.26901713,8.873209367
-0.5675,11.271409,8.874802645
-0.5671875,11.26662526,8.872412728
-0.566875,11.26662526,8.871616089
-0.5665625,11.26423339,8.871616089
-0.56625,11.26184152,8.87081945
-0.5659375,11.26024694,8.870022811
-0.565625,11.25785507,8.869226172
-0.5653125,11.25705778,8.869226172
-0.565,11.25386862,8.868429533
-0.5646875,11.25307133,8.867632894
-0.564375,11.24749031,8.865242977
-0.5640625,11.24749031,8.864446338
-0.56375,11.24270657,8.864446338
-0.5634375,11.24430115,8.862853059
-0.563125,11.23872012,8.862853059
-0.5628125,11.23553096,8.860463142
-0.5625,11.23553096,8.86205642
-0.5621875,11.23393638,8.86205642
-0.561875,11.23313909,8.862853059
-0.5615625,11.22994993,8.862853059
-0.56125,11.23074722,8.86205642
-0.5609375,11.22755806,8.862853059
-0.560625,11.22835535,8.863649698
-0.5603125,11.22516619,8.865242977
-0.56,11.22596348,8.864446338
-0.5596875,11.21958516,8.86205642
-0.559375,11.21480142,8.861259781
-0.5590625,11.21240955,8.860463142
-0.55875,11.21161226,8.860463142
-0.5584375,11.21161226,8.86205642
-0.558125,11.20922039,8.862853059
-0.5578125,11.21161226,8.862853059
-0.5575,11.2084231,8.863649698
-0.5571875,11.20762581,8.863649698
-0.556875,11.20363937,8.863649698
-0.5565625,11.20363937,8.864446338
-0.55625,11.2012475,8.863649698
-0.5559375,11.20045021,8.863649698
-0.555625,11.2012475,8.866039616
-0.5553125,11.19885563,8.866039616
-0.555,11.19885563,8.866039616
-0.5546875,11.19486918,8.866836255
-0.554375,11.19646376,8.866039616
-0.5540625,11.19247731,8.866039616
-0.55375,11.19247731,8.865242977
-0.5534375,11.18849086,8.866039616
-0.553125,11.19088273,8.868429533
-0.5528125,11.18928815,8.867632894
-0.5525,11.18849086,8.869226172
-0.5521875,11.19008544,8.871616089
-0.551875,11.18689628,8.871616089
-0.5515625,11.18849086,8.872412728
-0.55125,11.1853017,8.872412728
-0.5509375,11.18609899,8.873209367
-0.550625,11.18290983,8.873209367
-0.5503125,11.18290983,8.873209367
-0.55,11.18131525,8.873209367
-0.5496875,11.17812609,8.873209367
-0.549375,11.17812609,8.872412728
-0.5490625,11.17334235,8.871616089
-0.54875,11.17334235,8.87081945
-0.5484375,11.16776132,8.870022811
-0.548125,11.16776132,8.868429533
-0.5478125,11.16377487,8.867632894
-0.5475,11.16138301,8.866836255
-0.5471875,11.16058572,8.866836255
-0.546875,11.15739656,8.866039616
-0.5465625,11.15659927,8.866039616
-0.54625,11.15261282,8.866039616
-0.5459375,11.15261282,8.864446338
-0.545625,11.14862637,8.863649698
-0.5453125,11.14942366,8.863649698
-0.545,11.1462345,8.862853059
-0.5446875,11.14384263,8.862853059
-0.544375,11.14384263,8.86205642
-0.5440625,11.13985618,8.86205642
-0.54375,11.14145076,8.863649698
-0.5434375,11.13905889,8.864446338
-0.543125,11.1382616,8.862853059
-0.5428125,11.13108599,8.860463142
-0.5425,11.13108599,8.860463142
-0.5421875,11.12949141,8.86205642
-0.541875,11.12709954,8.861259781
-0.5415625,11.12869412,8.863649698
-0.54125,11.12391038,8.863649698
-0.5409375,11.12470767,8.863649698
-0.540625,11.12151851,8.86205642
-0.5403125,11.11992393,8.862853059
-0.54,11.11912665,8.864446338
-0.5396875,11.11832936,8.864446338
-0.539375,11.11753207,8.864446338
-0.5390625,11.11195104,8.864446338
-0.53875,11.1151402,8.865242977
-0.5384375,11.11115375,8.864446338
-0.538125,11.11115375,8.864446338
-0.5378125,11.10796459,8.864446338
-0.5375,11.10637001,8.864446338
-0.5371875,11.10637001,8.865242977
-0.536875,11.10238356,8.864446338
-0.5365625,11.10397814,8.865242977
-0.53625,11.0991944,8.865242977
-0.5359375,11.0991944,8.865242977
-0.535625,11.10078898,8.870022811
-0.5353125,11.0991944,8.870022811
-0.535,11.09839711,8.87081945
-0.5346875,11.09600524,8.871616089
-0.534375,11.09680253,8.871616089
-0.5340625,11.09361337,8.871616089
-0.53375,11.09281608,8.871616089
-0.5334375,11.0912215,8.871616089
-0.533125,11.08803234,8.870022811
-0.5328125,11.08803234,8.87081945
-0.5325,11.08245131,8.869226172
-0.5321875,11.0832486,8.869226172
-0.531875,11.07766757,8.866836255
-0.5315625,11.07766757,8.866039616
-0.53125,11.07607299,8.866039616
-0.5309375,11.07128926,8.863649698
-0.530625,11.07049197,8.863649698
-0.5303125,11.06650552,8.864446338
-0.53,11.06570823,8.862853059
-0.5296875,11.06172178,8.86205642
-0.529375,11.06172178,8.862853059
-0.5290625,11.05932991,8.86205642
-0.52875,11.05614075,8.86205642
-0.5284375,11.05614075,8.862853059
-0.528125,11.0521543,8.862853059
-0.5278125,11.05135701,8.86205642
-0.5275,11.04896514,8.862853059
-0.5271875,11.04657327,8.862853059
-0.526875,11.04657327,8.862853059
-0.5265625,11.04178953,8.86205642
-0.52625,11.04019495,8.860463142
-0.5259375,11.0362085,8.860463142
-0.525625,11.03461392,8.858869864
-0.5253125,11.03381663,8.859666503
-0.525,11.0290329,8.860463142
-0.5246875,11.03062748,8.860463142
-0.524375,11.02664103,8.861259781
-0.5240625,11.02664103,8.861259781
-0.52375,11.02504645,8.863649698
-0.5234375,11.02584374,8.863649698
-0.523125,11.02424916,8.864446338
-0.5228125,11.01866813,8.865242977
-0.5225,11.01946542,8.864446338
-0.5221875,11.01547897,8.866039616
-0.521875,11.01388439,8.866039616
-0.5215625,11.01228981,8.866039616
-0.52125,11.00830336,8.866836255
-0.5209375,11.01069523,8.868429533
-0.520625,11.00591149,8.870022811
-0.5203125,11.0051142,8.869226172
-0.52,11.00351962,8.870022811
-0.5196875,11.00033046,8.872412728
-0.519375,11.00112775,8.871616089
-0.5190625,10.99873588,8.873209367
-0.51875,11.00112775,8.875599284
-0.5184375,10.99793859,8.874802645
-0.518125,10.9971413,8.874802645
-0.5178125,10.99793859,8.876395923
-0.5175,10.99395214,8.877192562
-0.5171875,10.99554672,8.876395923
-0.516875,10.99235756,8.876395923
-0.5165625,10.98996569,8.876395923
-0.51625,10.98996569,8.876395923
-0.5159375,10.98518196,8.874802645
-0.515625,10.98597925,8.874802645
-0.5153125,10.9819928,8.874802645
-0.515,10.98119551,8.874802645
-0.5146875,10.97800635,8.873209367
-0.514375,10.9740199,8.872412728
-0.5140625,10.97561448,8.873209367
-0.51375,10.97083074,8.871616089
-0.5134375,10.96764158,8.87081945
-0.513125,10.96524971,8.868429533
-0.5128125,10.96126326,8.867632894
-0.5125,10.96126326,8.868429533
-0.5121875,10.95647952,8.867632894
-0.511875,10.95727681,8.867632894
-0.5115625,10.95408765,8.866836255
-0.51125,10.95089849,8.868429533
-0.5109375,10.95329036,8.870022811
-0.510625,10.9501012,8.870022811
-0.5103125,10.9501012,8.87081945
-0.51,10.94770933,8.870022811
-0.5096875,10.9429256,8.868429533
-0.509375,10.94133102,8.866039616
-0.5090625,10.93734457,8.865242977
-0.50875,10.93734457,8.864446338
-0.5084375,10.93574999,8.865242977
-0.508125,10.93335812,8.866039616
-0.5078125,10.9349527,8.866836255
-0.5075,10.92857438,8.866039616
-0.5071875,10.92857438,8.866039616
-0.506875,10.9269798,8.867632894
-0.5065625,10.92379064,8.867632894
-0.50625,10.92458793,8.869226172
-0.5059375,10.92060148,8.868429533
-0.505625,10.9190069,8.867632894
-0.5053125,10.91741232,8.867632894
-0.505,10.91502045,8.867632894
-0.5046875,10.91502045,8.867632894
-0.504375,10.911034,8.867632894
-0.5040625,10.90943942,8.868429533
-0.50375,10.90784484,8.867632894
-0.5034375,10.90465568,8.868429533
-0.503125,10.90625026,8.870022811
-0.5028125,10.90625026,8.871616089
-0.5025,10.90465568,8.871616089
-0.5021875,10.90545297,8.874802645
-0.501875,10.90226381,8.875599284
-0.5015625,10.90226381,8.874802645
-0.50125,10.89827737,8.873209367
-0.5009375,10.89668279,8.874802645
-0.500625,10.8958855,8.874802645
-0.5003125,10.89349363,8.875599284
-0.5,10.89269634,8.874802645
-0.4996875,10.89030447,8.874802645
-0.499375,10.88711531,8.874006006
-0.4990625,10.88631802,8.872412728
-0.49875,10.88153428,8.872412728
-0.4984375,10.8799397,8.871616089
-0.498125,10.87675054,8.869226172
-0.4978125,10.87276409,8.869226172
-0.4975,10.87276409,8.869226172
-0.4971875,10.86877764,8.869226172
-0.496875,10.86718306,8.869226172
-0.4965625,10.86638577,8.867632894
-0.49625,10.86239932,8.866836255
-0.4959375,10.86160203,8.866039616
-0.495625,10.85841287,8.866039616
-0.4953125,10.85522372,8.864446338
-0.495,10.85602101,8.866039616
-0.4946875,10.85442643,8.867632894
-0.494375,10.85362914,8.867632894
-0.4940625,10.85123727,8.866836255
-0.49375,10.84964269,8.867632894
-0.4934375,10.85043998,8.868429533
-0.493125,10.84645353,8.866836255
-0.4928125,10.83927792,8.862853059
-0.4925,10.83768334,8.861259781
-0.4921875,10.83449418,8.86205642
-0.491875,10.83449418,8.861259781
-0.4915625,10.83210231,8.86205642
-0.49125,10.82891315,8.862853059
-0.4909375,10.82971044,8.863649698
-0.490625,10.82731857,8.863649698
-0.4903125,10.82572399,8.864446338
-0.49,10.82572399,8.864446338
-0.4896875,10.82333212,8.866039616
-0.489375,10.82333212,8.866836255
-0.4890625,10.82094025,8.867632894
-0.48875,10.81615651,8.866039616
-0.4884375,10.8169538,8.866836255
-0.488125,10.81456194,8.867632894
-0.4878125,10.81217007,8.866836255
-0.4875,10.81217007,8.867632894
-0.4871875,10.80658904,8.866039616
-0.486875,10.80658904,8.866836255
-0.4865625,10.80419717,8.867632894
-0.48625,10.80260259,8.869226172
-0.4859375,10.80339988,8.870022811
-0.485625,10.80339988,8.873209367
-0.4853125,10.80339988,8.875599284
-0.485,10.80260259,8.876395923
-0.4846875,10.79861614,8.874802645
-0.484375,10.79941343,8.874802645
-0.4840625,10.79542698,8.876395923
-0.48375,10.79303511,8.875599284
-0.4834375,10.79223782,8.874802645
-0.483125,10.78745408,8.874006006
-0.4828125,10.78665679,8.874006006
-0.4825,10.78506221,8.873209367
-0.4821875,10.78107576,8.873209367
-0.481875,10.77948118,8.871616089
-0.4815625,10.7778866,8.872412728
-0.48125,10.77310286,8.87081945
-0.4809375,10.77310286,8.870022811
-0.480625,10.76991371,8.870022811
-0.4803125,10.76592726,8.868429533
-0.48,10.76672455,8.869226172
-0.4796875,10.76034623,8.866836255
-0.479375,10.75875165,8.866039616
-0.4790625,10.75795436,8.866836255
-0.47875,10.75317062,8.865242977
-0.4784375,10.7547652,8.866836255
-0.478125,10.75157604,8.866836255
-0.4778125,10.74918417,8.866836255
-0.4775,10.74998146,8.866836255
-0.4771875,10.74599501,8.867632894
-0.476875,10.74360314,8.868429533
-0.4765625,10.74360314,8.868429533
-0.47625,10.73642753,8.864446338
-0.4759375,10.73483295,8.863649698
-0.475625,10.73403566,8.863649698
-0.4753125,10.7308465,8.862853059
-0.475,10.73164379,8.863649698
-0.4746875,10.73004921,8.864446338
-0.474375,10.72606277,8.863649698
-0.4740625,10.72765735,8.864446338
-0.47375,10.72526548,8.866039616
-0.4734375,10.72287361,8.866039616
-0.473125,10.72287361,8.866836255
-0.4728125,10.71888716,8.867632894
-0.4725,10.71968445,8.867632894
-0.4721875,10.71729258,8.867632894
-0.471875,10.71250884,8.866039616
-0.4715625,10.71250884,8.865242977
-0.47125,10.7077251,8.866039616
-0.4709375,10.70453594,8.865242977
-0.470625,10.70613052,8.866836255
-0.4703125,10.70373865,8.866836255
-0.47,10.70134678,8.868429533
-0.4696875,10.70214407,8.868429533
-0.469375,10.6997522,8.870022811
-0.4690625,10.69895491,8.872412728
-0.46875,10.70134678,8.873209367
-0.4684375,10.69815762,8.874802645
-0.468125,10.69656304,8.874802645
-0.4678125,10.69576575,8.874802645
-0.4675,10.69257659,8.874802645
-0.4671875,10.69417117,8.874802645
-0.466875,10.6917793,8.874802645
-0.4665625,10.68699556,8.873209367
-0.46625,10.68779285,8.874006006
-0.4659375,10.68460369,8.873209367
-0.465625,10.68061725,8.872412728
-0.4653125,10.68061725,8.871616089
-0.465,10.67583351,8.87081945
-0.4646875,10.67344164,8.869226172
-0.464375,10.67104977,8.867632894
-0.4640625,10.66706332,8.868429533
-0.46375,10.66387416,8.866039616
-0.4634375,10.66227958,8.866039616
-0.463125,10.65829313,8.865242977
-0.4628125,10.65669855,8.864446338
-0.4625,10.65590126,8.866039616
-0.4621875,10.64872565,8.863649698
-0.461875,10.64952294,8.864446338
-0.4615625,10.64713107,8.864446338
-0.46125,10.64394191,8.865242977
-0.4609375,10.6447392,8.864446338
-0.460625,10.64314462,8.866039616
-0.4603125,10.64075276,8.866039616
-0.46,10.63995547,8.866039616
-0.4596875,10.63437444,8.863649698
-0.459375,10.62879341,8.86205642
-0.4590625,10.63118528,8.862853059
-0.45875,10.62719883,8.863649698
-0.4584375,10.62400967,8.863649698
-0.458125,10.62560425,8.863649698
-0.4578125,10.62241509,8.864446338
-0.4575,10.61922593,8.865242977
-0.4571875,10.62002322,8.864446338
-0.456875,10.61683406,8.866039616
-0.4565625,10.6136449,8.866039616
-0.45625,10.6136449,8.867632894
-0.4559375,10.60886116,8.867632894
-0.455625,10.60646929,8.867632894
-0.4553125,10.605672,8.868429533
-0.455,10.60088826,8.868429533
-0.4546875,10.59929368,8.869226172
-0.454375,10.59849639,8.870022811
-0.4540625,10.59291537,8.868429533
-0.45375,10.59291537,8.869226172
-0.4534375,10.59132079,8.869226172
-0.453125,10.58813163,8.870022811
-0.4528125,10.58892892,8.87081945
-0.4525,10.58813163,8.871616089
-0.4521875,10.58813163,8.874802645
-0.451875,10.58892892,8.876395923
-0.4515625,10.58892892,8.877989201
-0.45125,10.58334789,8.877192562
-0.4509375,10.58414518,8.877989201
-0.450625,10.58095602,8.877192562
-0.4503125,10.57617228,8.876395923
-0.45,10.57776686,8.877192562
-0.4496875,10.57378041,8.874802645
-0.449375,10.56899667,8.874006006
-0.4490625,10.56819938,8.872412728
-0.44875,10.56501022,8.871616089
-0.4484375,10.56261835,8.872412728
-0.448125,10.56182106,8.872412728
-0.4478125,10.55783461,8.87081945
-0.4475,10.55384817,8.870022811
-0.4471875,10.55384817,8.87081945
-0.446875,10.55065901,8.869226172
-0.4465625,10.54587527,8.868429533
-0.44625,10.54667256,8.868429533
-0.4459375,10.5434834,8.867632894
-0.445625,10.54029424,8.866836255
-0.4453125,10.53949695,8.866039616
-0.445,10.53710508,8.867632894
-0.4446875,10.53311863,8.866039616
-0.444375,10.53311863,8.866836255
-0.4440625,10.53152405,8.866836255
-0.44375,10.52833489,8.866836255
-0.4434375,10.5275376,8.866836255
-0.443125,10.52514573,8.866836255
-0.4428125,10.5195647,8.865242977
-0.4425,10.51717283,8.863649698
-0.4421875,10.51637554,8.863649698
-0.441875,10.51318638,8.863649698
-0.4415625,10.51398367,8.866039616
-0.44125,10.51079451,8.865242977
-0.4409375,10.50840265,8.866836255
-0.440625,10.50760536,8.866039616
-0.4403125,10.50680807,8.866836255
-0.44,10.50282162,8.866836255
-0.4396875,10.50202433,8.868429533
-0.439375,10.50122704,8.867632894
-0.4390625,10.4964433,8.867632894
-0.43875,10.4964433,8.869226172
-0.4384375,10.49405143,8.867632894
-0.438125,10.49165956,8.868429533
-0.4378125,10.49006498,8.870022811
-0.4375,10.49006498,8.868429533
-0.4371875,10.48607853,8.868429533
-0.436875,10.48368666,8.867632894
-0.4365625,10.48528124,8.868429533
-0.43625,10.48209208,8.870022811
-0.4359375,10.47890292,8.87081945
-0.435625,10.48209208,8.873209367
-0.4353125,10.48129479,8.874802645
-0.435,10.47890292,8.877192562
-0.4346875,10.4804975,8.877192562
-0.434375,10.47810563,8.877989201
-0.4340625,10.47571376,8.87878584
-0.43375,10.47332189,8.876395923
-0.4334375,10.46933544,8.876395923
-0.433125,10.46614629,8.876395923
-0.4328125,10.465349,8.874802645
-0.4325,10.46056526,8.873209367
-0.4321875,10.45657881,8.872412728
-0.431875,10.4573761,8.874006006
-0.4315625,10.45418694,8.872412728
-0.43125,10.45020049,8.873209367
-0.4309375,10.44860591,8.871616089
-0.430625,10.44780862,8.87081945
-0.4303125,10.44461946,8.871616089
-0.43,10.44063301,8.870022811
-0.4296875,10.43903843,8.867632894
-0.429375,10.43584927,8.868429533
-0.4290625,10.43425469,8.868429533
-0.42875,10.4334574,8.866836255
-0.4284375,10.43106553,8.867632894
-0.428125,10.42787637,8.866836255
-0.4278125,10.42787637,8.867632894
-0.4275,10.42468721,8.866836255
-0.4271875,10.42149806,8.866039616
-0.426875,10.42229535,8.868429533
-0.4265625,10.41990348,8.867632894
-0.42625,10.41511974,8.866836255
-0.4259375,10.41193058,8.866039616
-0.425625,10.410336,8.864446338
-0.4253125,10.40395768,8.864446338
-0.425,10.40316039,8.866039616
-0.4246875,10.4023631,8.864446338
-0.424375,10.39837665,8.866039616
-0.4240625,10.39598478,8.865242977
-0.42375,10.39678207,8.866039616
-0.4234375,10.39279562,8.866836255
-0.423125,10.39040375,8.866836255
-0.4228125,10.39120104,8.866836255
-0.4225,10.38880917,8.867632894
-0.4221875,10.38562001,8.869226172
-0.421875,10.38402543,8.866836255
-0.4215625,10.38322814,8.867632894
-0.42125,10.38003898,8.867632894
-0.4209375,10.37764712,8.867632894
-0.420625,10.37764712,8.867632894
-0.4203125,10.37445796,8.867632894
-0.42,10.37206609,8.866039616
-0.4196875,10.3712688,8.866039616
-0.419375,10.36887693,8.866039616
-0.4190625,10.36967422,8.870022811
-0.41875,10.37047151,8.872412728
-0.4184375,10.36807964,8.873209367
-0.418125,10.36648506,8.874802645
-0.4178125,10.36489048,8.874006006
-0.4175,10.36568777,8.875599284
-0.4171875,10.36170132,8.874006006
-0.416875,10.35691758,8.873209367
-0.4165625,10.35691758,8.873209367
-0.41625,10.35213384,8.872412728
-0.4159375,10.34974197,8.872412728
-0.415625,10.34974197,8.872412728
-0.4153125,10.34575552,8.871616089
-0.415,10.34017449,8.87081945
-0.4146875,10.34017449,8.870022811
-0.414375,10.33698533,8.868429533
-0.4140625,10.33299889,8.867632894
-0.41375,10.33060702,8.868429533
-0.4134375,10.33140431,8.868429533
-0.413125,10.32821515,8.867632894
-0.4128125,10.32502599,8.866836255
-0.4125,10.3242287,8.866836255
-0.4121875,10.32183683,8.866039616
-0.411875,10.31864767,8.866039616
-0.4115625,10.31864767,8.867632894
-0.41125,10.31785038,8.868429533
-0.4109375,10.31466122,8.867632894
-0.410625,10.31067477,8.868429533
-0.4103125,10.31306664,8.869226172
-0.41,10.30908019,8.868429533
-0.4096875,10.30349916,8.866836255
-0.409375,10.30110729,8.864446338
-0.4090625,10.29871542,8.865242977
-0.40875,10.29393168,8.864446338
-0.4084375,10.29233711,8.865242977
-0.408125,10.29393168,8.865242977
-0.4078125,10.28994524,8.865242977
-0.4075,10.28755337,8.866039616
-0.4071875,10.28675608,8.866039616
-0.406875,10.28595879,8.866836255
-0.4065625,10.28356692,8.867632894
-0.40625,10.28037776,8.868429533
-0.4059375,10.28117505,8.867632894
-0.405625,10.27878318,8.868429533
-0.4053125,10.27639131,8.869226172
-0.405,10.27479673,8.866836255
-0.4046875,10.27240486,8.866836255
-0.404375,10.2692157,8.866836255
-0.4040625,10.26841841,8.866836255
-0.40375,10.26682383,8.866836255
-0.4034375,10.26443196,8.867632894
-0.403125,10.2612428,8.866836255
-0.4028125,10.26044551,8.866039616
-0.4025,10.26044551,8.868429533
-0.4021875,10.25964822,8.871616089
-0.401875,10.25885093,8.872412728
-0.4015625,10.25805364,8.873209367
-0.40125,10.25566177,8.873209367
-0.4009375,10.25406719,8.874802645
-0.400625,10.25486448,8.874006006
-0.4003125,10.25247261,8.874802645
-0.4,10.24928346,8.874802645
-0.3996875,10.24689159,8.873209367
-0.399375,10.24449972,8.873209367
-0.3990625,10.24210785,8.874006006
-0.39875,10.23732411,8.87081945
-0.3984375,10.23732411,8.87081945
-0.398125,10.23413495,8.868429533
-0.3978125,10.2301485,8.868429533
-0.3975,10.22775663,8.867632894
-0.3971875,10.22775663,8.868429533
-0.396875,10.22377018,8.868429533
-0.3965625,10.22058102,8.868429533
-0.39625,10.22058102,8.866836255
-0.3959375,10.2142027,8.866039616
-0.395625,10.21101354,8.867632894
-0.3953125,10.20782438,8.866836255
-0.395,10.20782438,8.867632894
-0.3946875,10.20383794,8.869226172
-0.394375,10.20144607,8.87081945
-0.3940625,10.20064878,8.871616089
-0.39375,10.1990542,8.872412728
-0.3934375,10.19586504,8.872412728
-0.393125,10.19028401,8.873209367
-0.3928125,10.18948672,8.87081945
-0.3925,10.18390569,8.869226172
-0.3921875,10.18071653,8.869226172
-0.391875,10.17991924,8.870022811
-0.3915625,10.17912195,8.87081945
-0.39125,10.17673008,8.871616089
-0.3909375,10.17433821,8.872412728
-0.390625,10.17354092,8.872412728
-0.3903125,10.17114905,8.872412728
-0.39,10.1671626,8.871616089
-0.3896875,10.1671626,8.874006006
-0.389375,10.1671626,8.873209367
-0.3890625,10.16556802,8.874802645
-0.38875,10.16158158,8.874802645
-0.3884375,10.16237886,8.874802645
-0.388125,10.16078429,8.875599284
-0.3878125,10.15679784,8.874802645
-0.3875,10.15281139,8.874006006
-0.3871875,10.15281139,8.874802645
-0.386875,10.15281139,8.875599284
-0.3865625,10.14962223,8.875599284
-0.38625,10.14643307,8.876395923
-0.3859375,10.14802765,8.877192562
-0.385625,10.14802765,8.879582479
-0.3853125,10.14643307,8.881175757
-0.385,10.14483849,8.881175757
-0.3846875,10.14483849,8.882769036
-0.384375,10.14085204,8.881972397
-0.3840625,10.13766288,8.881175757
-0.38375,10.1360683,8.879582479
-0.3834375,10.13527101,8.879582479
-0.383125,10.13208185,8.879582479
-0.3828125,10.12729811,8.877192562
-0.3825,10.12729811,8.876395923
-0.3821875,10.12490624,8.877192562
-0.381875,10.12171708,8.876395923
-0.3815625,10.1201225,8.877192562
-0.38125,10.11932521,8.876395923
-0.3809375,10.11374419,8.873209367
-0.380625,10.11055503,8.873209367
-0.3803125,10.10816316,8.871616089
-0.38,10.10736587,8.873209367
-0.3796875,10.10178484,8.87081945
-0.379375,10.0970011,8.87081945
-0.3790625,10.09859568,8.872412728
-0.37875,10.0970011,8.872412728
-0.3784375,10.09301465,8.872412728
-0.378125,10.09062278,8.873209367
-0.3778125,10.08982549,8.873209367
-0.3775,10.08823091,8.873209367
-0.3771875,10.08424446,8.872412728
-0.376875,10.08185259,8.874006006
-0.3765625,10.08344717,8.874006006
-0.37625,10.07786614,8.87081945
-0.3759375,10.07228512,8.868429533
-0.375625,10.06989325,8.868429533
-0.3753125,10.06989325,8.869226172
-0.375,10.06829867,8.869226172
-0.3746875,10.06510951,8.87081945
-0.374375,10.06351493,8.871616089
-0.3740625,10.06510951,8.871616089
-0.37375,10.06192035,8.872412728
-0.3734375,10.05952848,8.872412728
-0.373125,10.0579339,8.873209367
-0.3728125,10.05633932,8.872412728
-0.3725,10.05394745,8.873209367
-0.3721875,10.05075829,8.873209367
-0.371875,10.049961,8.874006006
-0.3715625,10.04916371,8.874802645
-0.37125,10.04517726,8.874006006
-0.3709375,10.04119081,8.873209367
-0.370625,10.04119081,8.873209367
-0.3703125,10.04039352,8.874006006
-0.37,10.03800165,8.874006006
-0.3696875,10.03640707,8.874802645
-0.369375,10.03481249,8.876395923
-0.3690625,10.03720436,8.87878584
-0.36875,10.03640707,8.881175757
-0.3684375,10.03242062,8.880379118
-0.368125,10.03242062,8.880379118
-0.3678125,10.03162334,8.881175757
-0.3675,10.03002876,8.881972397
-0.3671875,10.02604231,8.881175757
-0.366875,10.02285315,8.880379118
-0.3665625,10.02285315,8.87878584
-0.36625,10.01806941,8.877989201
-0.3659375,10.01488025,8.877989201
-0.365625,10.01408296,8.876395923
-0.3653125,10.01169109,8.876395923
-0.365,10.00850193,8.877192562
-0.3646875,10.00371819,8.875599284
-0.364375,10.00212361,8.874802645
-0.3640625,9.999731742,8.874006006
-0.36375,9.996542583,8.874006006
-0.3634375,9.990164265,8.872412728
-0.363125,9.989366975,8.872412728
-0.3628125,9.987772395,8.871616089
-0.3625,9.985380526,8.871616089
-0.3621875,9.981394077,8.871616089
-0.361875,9.979002207,8.871616089
-0.3615625,9.979002207,8.872412728
-0.36125,9.975813048,8.873209367
-0.3609375,9.972623889,8.872412728
-0.360625,9.970232019,8.872412728
-0.3603125,9.971029309,8.873209367
-0.36,9.96784015,8.872412728
-0.3596875,9.963853701,8.87081945
-0.359375,9.959069962,8.868429533
-0.3590625,9.959069962,8.867632894
-0.35875,9.956678092,8.868429533
-0.3584375,9.954286223,8.869226172
-0.358125,9.951894353,8.869226172
-0.3578125,9.951097064,8.869226172
-0.3575,9.949502484,8.87081945
-0.3571875,9.947907904,8.87081945
-0.356875,9.943921455,8.871616089
-0.3565625,9.945516035,8.872412728
-0.35625,9.943124165,8.872412728
-0.3559375,9.939137716,8.872412728
-0.355625,9.935948557,8.872412728
-0.3553125,9.935948557,8.872412728
-0.355,9.934353977,8.873209367
-0.3546875,9.931164818,8.873209367
-0.354375,9.927975659,8.872412728
-0.3540625,9.925583789,8.87081945
-0.35375,9.9247865,8.87081945
-0.3534375,9.92239463,8.871616089
-0.353125,9.920800051,8.873209367
-0.3528125,9.918408181,8.872412728
-0.3525,9.920002761,8.874006006
-0.3521875,9.920002761,8.877192562
-0.351875,9.918408181,8.879582479
-0.3515625,9.916016312,8.87878584
-0.35125,9.916813601,8.87878584
-0.3509375,9.915219022,8.880379118
-0.350625,9.911232573,8.879582479
-0.3503125,9.908840703,8.877989201
-0.35,9.908043413,8.87878584
-0.3496875,9.905651544,8.877192562
-0.349375,9.900867805,8.876395923
-0.3490625,9.897678646,8.874802645
-0.34875,9.896084066,8.876395923
-0.3484375,9.896084066,8.876395923
-0.348125,9.891300327,8.874802645
-0.3478125,9.885719299,8.874006006
-0.3475,9.884124719,8.874006006
-0.3471875,9.883327429,8.873209367
-0.346875,9.87934098,8.872412728
-0.3465625,9.875354531,8.87081945
-0.34625,9.871368082,8.869226172
-0.3459375,9.870570792,8.867632894
-0.345625,9.868178923,8.867632894
-0.3453125,9.864989763,8.867632894
-0.345,9.861003314,8.867632894
-0.3446875,9.861003314,8.869226172
-0.344375,9.861800604,8.870022811
-0.3440625,9.858611445,8.870022811
-0.34375,9.856219575,8.87081945
-0.3434375,9.854624996,8.87081945
-0.343125,9.853827706,8.87081945
-0.3428125,9.849043967,8.867632894
-0.3425,9.845057518,8.866836255
-0.3421875,9.843462938,8.866836255
-0.341875,9.842665648,8.866836255
-0.3415625,9.841071069,8.867632894
-0.34125,9.838679199,8.867632894
-0.3409375,9.83708462,8.868429533
-0.340625,9.83549004,8.869226172
-0.3403125,9.83549004,8.870022811
-0.34,9.831503591,8.869226172
-0.3396875,9.829111722,8.869226172
-0.339375,9.827517142,8.870022811
-0.3390625,9.826719852,8.87081945
-0.33875,9.825125273,8.868429533
-0.3384375,9.821936113,8.869226172
-0.338125,9.819544244,8.870022811
-0.3378125,9.817949664,8.868429533
-0.3375,9.814760505,8.868429533
-0.3371875,9.813165925,8.868429533
-0.336875,9.811571346,8.869226172
-0.3365625,9.808382186,8.869226172
-0.33625,9.808382186,8.869226172
-0.3359375,9.808382186,8.87081945
-0.335625,9.807584897,8.874006006
-0.3353125,9.806787607,8.875599284
-0.335,9.803598447,8.876395923
-0.3346875,9.803598447,8.876395923
-0.334375,9.801206578,8.876395923
-0.3340625,9.798017419,8.876395923
-0.33375,9.794828259,8.875599284
-0.3334375,9.7916391,8.875599284
-0.333125,9.79243639,8.874802645
-0.3328125,9.787652651,8.875599284
-0.3325,9.782868912,8.874802645
-0.3321875,9.780477043,8.874006006
-0.331875,9.778085173,8.872412728
-0.3315625,9.776490594,8.872412728
-0.33125,9.773301434,8.871616089
-0.3309375,9.768517696,8.870022811
-0.330625,9.766923116,8.870022811
-0.3303125,9.766923116,8.87081945
-0.33,9.764531246,8.87081945
-0.3296875,9.758950218,8.868429533
-0.329375,9.755761058,8.867632894
-0.3290625,9.754963769,8.867632894
-0.32875,9.753369189,8.867632894
-0.3284375,9.751774609,8.867632894
-0.328125,9.74858545,8.868429533
-0.3278125,9.745396291,8.867632894
-0.3275,9.745396291,8.868429533
-0.3271875,9.743801711,8.868429533
-0.326875,9.741409842,8.869226172
-0.3265625,9.739815262,8.869226172
-0.32625,9.733436944,8.866039616
-0.3259375,9.731045074,8.863649698
-0.325625,9.729450495,8.865242977
-0.3253125,9.727855915,8.865242977
-0.325,9.725464045,8.866039616
-0.3246875,9.723072176,8.866039616
-0.324375,9.723869466,8.866836255
-0.3240625,9.723072176,8.866836255
-0.32375,9.719883017,8.866039616
-0.3234375,9.716693857,8.866039616
-0.323125,9.715099278,8.867632894
-0.3228125,9.715099278,8.866836255
-0.3225,9.711112829,8.865242977
-0.3221875,9.709518249,8.866039616
-0.321875,9.70632909,8.866039616
-0.3215625,9.70393722,8.866039616
-0.32125,9.70473451,8.866836255
-0.3209375,9.699950771,8.865242977
-0.320625,9.697558902,8.866836255
-0.3203125,9.695167032,8.866836255
-0.32,9.693572453,8.867632894
-0.3196875,9.694369743,8.867632894
-0.319375,9.690383293,8.867632894
-0.3190625,9.691977873,8.871616089
-0.31875,9.689586004,8.872412728
-0.3184375,9.687991424,8.874006006
-0.318125,9.688788714,8.874006006
-0.3178125,9.686396844,8.874802645
-0.3175,9.684802265,8.874802645
-0.3171875,9.680018526,8.872412728
-0.316875,9.676829367,8.873209367
-0.3165625,9.676829367,8.871616089
-0.31625,9.672842918,8.871616089
-0.3159375,9.669653758,8.871616089
-0.315625,9.668059179,8.87081945
-0.3153125,9.664870019,8.869226172
-0.315,9.664870019,8.870022811
-0.3146875,9.66088357,8.870022811
-0.314375,9.657694411,8.869226172
-0.3140625,9.655302542,8.868429533
-0.31375,9.651316092,8.868429533
-0.3134375,9.651316092,8.868429533
-0.313125,9.648126933,8.868429533
-0.3128125,9.644937774,8.867632894
-0.3125,9.641748615,8.867632894
-0.3121875,9.638559455,8.866836255
-0.311875,9.637762166,8.866039616
-0.3115625,9.633775717,8.865242977
-0.31125,9.631383847,8.865242977
-0.3109375,9.627397398,8.862853059
-0.310625,9.626600108,8.864446338
-0.3103125,9.628194688,8.865242977
-0.31,9.625005529,8.865242977
-0.3096875,9.622613659,8.865242977
-0.309375,9.61703263,8.86205642
-0.3090625,9.613843471,8.861259781
-0.30875,9.613843471,8.860463142
-0.3084375,9.612248891,8.861259781
-0.308125,9.609857022,8.861259781
-0.3078125,9.607465153,8.861259781
-0.3075,9.605073283,8.863649698
-0.3071875,9.605073283,8.863649698
-0.306875,9.603478703,8.863649698
-0.3065625,9.601086834,8.864446338
-0.30625,9.599492254,8.865242977
-0.3059375,9.594708515,8.864446338
-0.305625,9.593113936,8.864446338
-0.3053125,9.591519356,8.863649698
-0.305,9.589127487,8.864446338
-0.3046875,9.587532907,8.864446338
-0.304375,9.583546458,8.865242977
-0.3040625,9.581951878,8.866836255
-0.30375,9.580357299,8.866836255
-0.3034375,9.580357299,8.867632894
-0.303125,9.578762719,8.868429533
-0.3028125,9.57637085,8.869226172
-0.3025,9.57397898,8.869226172
-0.3021875,9.57637085,8.872412728
-0.301875,9.57716814,8.873209367
-0.3015625,9.57397898,8.873209367
-0.30125,9.570789821,8.873209367
-0.3009375,9.569195241,8.874006006
-0.300625,9.566006082,8.873209367
-0.3003125,9.564411502,8.871616089
-0.3,9.560425053,8.87081945
-0.2996875,9.560425053,8.871616089
-0.299375,9.555641314,8.869226172
-0.2990625,9.550857576,8.869226172
-0.29875,9.550857576,8.868429533
-0.2984375,9.549262996,8.868429533
-0.298125,9.546871126,8.868429533
-0.2978125,9.542884677,8.866836255
-0.2975,9.538898228,8.866836255
-0.2971875,9.534911779,8.863649698
-0.296875,9.53251991,8.862853059
-0.2965625,9.53012804,8.862853059
-0.29625,9.526938881,8.863649698
-0.2959375,9.525344301,8.862853059
-0.295625,9.522155142,8.862853059
-0.2953125,9.518965983,8.861259781
-0.295,9.519763273,8.862853059
-0.2946875,9.518168693,8.862853059
-0.294375,9.514979534,8.863649698
-0.2940625,9.513384954,8.863649698
-0.29375,9.510993085,8.862853059
-0.2934375,9.510993085,8.863649698
-0.293125,9.509398505,8.863649698
-0.2928125,9.503817476,8.860463142
-0.2925,9.499033737,8.858869864
-0.2921875,9.495844578,8.858869864
-0.291875,9.493452709,8.858073225
-0.2915625,9.491060839,8.858073225
-0.29125,9.491858129,8.858869864
-0.2909375,9.48946626,8.859666503
-0.290625,9.4862771,8.860463142
-0.2903125,9.485479811,8.86205642
-0.29,9.483885231,8.861259781
-0.2896875,9.483885231,8.86205642
-0.289375,9.482290651,8.863649698
-0.2890625,9.479898782,8.863649698
-0.28875,9.476709623,8.864446338
-0.2884375,9.473520463,8.863649698
-0.288125,9.471925884,8.86205642
-0.2878125,9.470331304,8.86205642
-0.2875,9.467939435,8.862853059
-0.2871875,9.465547565,8.86205642
-0.286875,9.462358406,8.862853059
-0.2865625,9.459966536,8.86205642
-0.28625,9.459966536,8.863649698
-0.2859375,9.459169247,8.863649698
-0.285625,9.457574667,8.866039616
-0.2853125,9.457574667,8.868429533
-0.285,9.455182798,8.868429533
-0.2846875,9.453588218,8.867632894
-0.284375,9.452790928,8.867632894
-0.2840625,9.452790928,8.87081945
-0.28375,9.451196348,8.870022811
-0.2834375,9.448804479,8.870022811
-0.283125,9.44481803,8.869226172
-0.2828125,9.441628871,8.868429533
-0.2825,9.440831581,8.867632894
-0.2821875,9.436845132,8.865242977
-0.281875,9.435250552,8.866039616
-0.2815625,9.432061393,8.866039616
-0.28125,9.428074944,8.862853059
-0.2809375,9.424885785,8.863649698
-0.280625,9.424088495,8.862853059
-0.2803125,9.420102046,8.862853059
-0.28,9.418507466,8.86205642
-0.2796875,9.415318307,8.860463142
-0.279375,9.412129147,8.859666503
-0.2790625,9.408142698,8.859666503
-0.27875,9.406548119,8.859666503
-0.2784375,9.404156249,8.858869864
-0.278125,9.40096709,8.859666503
-0.2778125,9.4001698,8.861259781
-0.2775,9.396183351,8.860463142
-0.2771875,9.392994192,8.86205642
-0.276875,9.392196902,8.863649698
-0.2765625,9.392196902,8.863649698
-0.27625,9.388210453,8.864446338
-0.2759375,9.381832134,8.863649698
-0.275625,9.377845685,8.863649698
-0.2753125,9.376251106,8.863649698
-0.275,9.372264657,8.864446338
-0.2746875,9.373061946,8.864446338
-0.274375,9.371467367,8.866039616
-0.2740625,9.369872787,8.866039616
-0.27375,9.367480918,8.866836255
-0.2734375,9.364291758,8.867632894
-0.273125,9.362697179,8.867632894
-0.2728125,9.35950802,8.867632894
-0.2725,9.35950802,8.866836255
-0.2721875,9.35871073,8.868429533
-0.271875,9.35552157,8.869226172
-0.2715625,9.352332411,8.868429533
-0.27125,9.349940542,8.867632894
-0.2709375,9.348345962,8.869226172
-0.270625,9.346751382,8.869226172
-0.2703125,9.344359513,8.867632894
-0.27,9.342764933,8.868429533
-0.2696875,9.341967644,8.87081945
-0.269375,9.341170354,8.87081945
-0.2690625,9.340373064,8.874006006
-0.26875,9.340373064,8.877192562
-0.2684375,9.340373064,8.877989201
-0.268125,9.337981194,8.877192562
-0.2678125,9.336386615,8.877989201
-0.2675,9.333994745,8.877989201
-0.2671875,9.330805586,8.877192562
-0.266875,9.326819137,8.875599284
-0.2665625,9.326021847,8.875599284
-0.26625,9.323629978,8.876395923
-0.2659375,9.320440819,8.874802645
-0.265625,9.318048949,8.874802645
-0.2653125,9.31565708,8.873209367
-0.265,9.31326521,8.873209367
-0.2646875,9.311670631,8.873209367
-0.264375,9.310076051,8.871616089
-0.2640625,9.306886892,8.871616089
-0.26375,9.303697732,8.870022811
-0.2634375,9.300508573,8.868429533
-0.263125,9.296522124,8.869226172
-0.2628125,9.294130255,8.867632894
-0.2625,9.291738385,8.867632894
-0.2621875,9.289346516,8.865242977
-0.261875,9.286157356,8.865242977
-0.2615625,9.284562777,8.866836255
-0.26125,9.282170907,8.866039616
-0.2609375,9.278184458,8.866836255
-0.260625,9.276589879,8.866039616
-0.2603125,9.274995299,8.866039616
-0.26,9.274995299,8.867632894
-0.2596875,9.27021156,8.866836255
-0.259375,9.267022401,8.866039616
-0.2590625,9.263035952,8.863649698
-0.25875,9.260644082,8.863649698
-0.2584375,9.259049503,8.864446338
-0.258125,9.257454923,8.864446338
-0.2578125,9.257454923,8.865242977
-0.2575,9.255860343,8.866039616
-0.2571875,9.254265764,8.866836255
-0.256875,9.253468474,8.867632894
-0.2565625,9.251076604,8.868429533
-0.25625,9.248684735,8.866836255
-0.2559375,9.245495576,8.866836255
-0.255625,9.245495576,8.866039616
-0.2553125,9.243103706,8.866836255
-0.255,9.239914547,8.866039616
-0.2546875,9.238319967,8.866836255
-0.254375,9.235928098,8.868429533
-0.2540625,9.233536229,8.866836255
-0.25375,9.231144359,8.867632894
-0.2534375,9.229549779,8.867632894
-0.253125,9.229549779,8.869226172
-0.2528125,9.22636062,8.868429533
-0.2525,9.22636062,8.87081945
-0.2521875,9.22556333,8.873209367
-0.251875,9.223968751,8.873209367
-0.2515625,9.222374171,8.873209367
-0.25125,9.221576881,8.874006006
-0.2509375,9.221576881,8.875599284
-0.250625,9.219185012,8.874802645
-0.2503125,9.215995853,8.875599284
-0.25,9.213603983,8.875599284
-0.2496875,9.211212114,8.873209367
-0.249375,9.207225665,8.874006006
-0.2490625,9.204833795,8.872412728
-0.24875,9.201644636,8.871616089
-0.2484375,9.200847346,8.87081945
-0.248125,9.199252766,8.871616089
-0.2478125,9.195266317,8.870022811
-0.2475,9.191279868,8.869226172
-0.2471875,9.188090709,8.87081945
-0.246875,9.185698839,8.870022811
-0.2465625,9.18250968,8.867632894
-0.24625,9.179320521,8.866039616
-0.2459375,9.175334072,8.865242977
-0.245625,9.172942202,8.866039616
-0.2453125,9.169753043,8.864446338
-0.245,9.168158464,8.866836255
-0.2446875,9.165766594,8.866039616
-0.244375,9.163374725,8.866039616
-0.2440625,9.162577435,8.865242977
-0.24375,9.161780145,8.866836255
-0.2434375,9.160185565,8.866836255
-0.243125,9.156996406,8.866039616
-0.2428125,9.152212667,8.863649698
-0.2425,9.148226218,8.861259781
-0.2421875,9.146631638,8.86205642
-0.241875,9.144239769,8.862853059
-0.2415625,9.143442479,8.862853059
-0.24125,9.142645189,8.862853059
-0.2409375,9.14025332,8.863649698
-0.240625,9.13865874,8.864446338
-0.2403125,9.137064161,8.866039616
-0.24,9.135469581,8.866836255
-0.2396875,9.133875001,8.866836255
-0.239375,9.130685842,8.866836255
-0.2390625,9.129888552,8.866836255
-0.23875,9.129091263,8.867632894
-0.2384375,9.125902103,8.866836255
-0.238125,9.124307524,8.867632894
-0.2378125,9.121118364,8.866836255
-0.2375,9.118726495,8.866836255
-0.2371875,9.116334625,8.866836255
-0.236875,9.114740046,8.866836255
-0.2365625,9.113942756,8.867632894
-0.23625,9.113145466,8.868429533
-0.2359375,9.110753597,8.867632894
-0.235625,9.111550887,8.871616089
-0.2353125,9.110753597,8.872412728
-0.235,9.107564437,8.873209367
-0.2346875,9.107564437,8.873209367
-0.234375,9.105172568,8.874802645
-0.2340625,9.104375278,8.875599284
-0.23375,9.102780699,8.874802645
-0.2334375,9.100388829,8.873209367
-0.233125,9.09640238,8.873209367
-0.2328125,9.0948078,8.872412728
-0.2325,9.092415931,8.872412728
-0.2321875,9.090024061,8.873209367
-0.231875,9.086037612,8.871616089
-0.2315625,9.082848453,8.87081945
-0.23125,9.082051163,8.871616089
-0.2309375,9.078064714,8.870022811
-0.230625,9.076470135,8.87081945
-0.2303125,9.073280975,8.869226172
-0.23,9.070889106,8.869226172
-0.2296875,9.066902657,8.869226172
-0.229375,9.063713498,8.868429533
-0.2290625,9.061321628,8.866836255
-0.22875,9.057335179,8.865242977
-0.2284375,9.056537889,8.865242977
-0.228125,9.05494331,8.867632894
-0.2278125,9.05255144,8.867632894
-0.2275,9.050159571,8.866836255
-0.2271875,9.049362281,8.867632894
-0.226875,9.047767701,8.868429533
-0.2265625,9.045375832,8.867632894
-0.22625,9.040592093,8.864446338
-0.2259375,9.035808354,8.862853059
-0.225625,9.035011064,8.863649698
-0.2253125,9.033416485,8.863649698
-0.225,9.031821905,8.862853059
-0.2246875,9.029430035,8.864446338
-0.224375,9.027835456,8.864446338
-0.2240625,9.027038166,8.864446338
-0.22375,9.024646297,8.863649698
-0.2234375,9.021457137,8.863649698
-0.223125,9.019862558,8.864446338
-0.2228125,9.019065268,8.865242977
-0.2225,9.017470688,8.866039616
-0.2221875,9.016673398,8.865242977
-0.221875,9.013484239,8.864446338
-0.2215625,9.01109237,8.865242977
-0.22125,9.0087005,8.864446338
-0.2209375,9.006308631,8.864446338
-0.220625,9.003916761,8.863649698
-0.2203125,9.000727602,8.864446338
-0.22,9.000727602,8.864446338
-0.2196875,9.000727602,8.868429533
-0.219375,8.999930312,8.867632894
-0.2190625,8.999133022,8.869226172
-0.21875,8.999133022,8.872412728
-0.2184375,8.997538443,8.873209367
-0.218125,8.995943863,8.873209367
-0.2178125,8.992754704,8.873209367
-0.2175,8.991160124,8.874006006
-0.2171875,8.989565545,8.874006006
-0.216875,8.985579096,8.874802645
-0.2165625,8.982389936,8.873209367
-0.21625,8.979200777,8.873209367
-0.2159375,8.976011618,8.872412728
-0.215625,8.972025169,8.872412728
-0.2153125,8.968836009,8.872412728
-0.215,8.96724143,8.873209367
-0.2146875,8.96405227,8.872412728
-0.214375,8.960065821,8.872412728
-0.2140625,8.956876662,8.871616089
-0.21375,8.956876662,8.873209367
-0.2134375,8.952890213,8.871616089
-0.213125,8.951295633,8.87081945
-0.2128125,8.948106474,8.870022811
-0.2125,8.945714605,8.870022811
-0.2121875,8.942525445,8.87081945
-0.211875,8.939336286,8.869226172
-0.2115625,8.937741706,8.869226172
-0.21125,8.935349837,8.870022811
-0.2109375,8.934552547,8.87081945
-0.210625,8.932160678,8.87081945
-0.2103125,8.931363388,8.872412728
-0.21,8.929768808,8.872412728
-0.2096875,8.927376939,8.872412728
-0.209375,8.9225932,8.869226172
-0.2090625,8.920201331,8.868429533
-0.20875,8.918606751,8.869226172
-0.2084375,8.915417592,8.869226172
-0.208125,8.913823012,8.870022811
-0.2078125,8.913025722,8.871616089
-0.2075,8.911431143,8.87081945
-0.2071875,8.908241983,8.871616089
-0.206875,8.907444693,8.871616089
-0.2065625,8.905052824,8.871616089
-0.20625,8.905052824,8.871616089
-0.2059375,8.902660955,8.87081945
-0.205625,8.900269085,8.87081945
-0.2053125,8.897877216,8.870022811
-0.205,8.895485346,8.869226172
-0.2046875,8.893890767,8.869226172
-0.204375,8.891498897,8.87081945
-0.2040625,8.889107028,8.870022811
-0.20375,8.888309738,8.871616089
-0.2034375,8.886715158,8.872412728
-0.203125,8.885120579,8.873209367
-0.2028125,8.883525999,8.87081945
-0.2025,8.88113413,8.872412728
-0.2021875,8.882728709,8.874802645
-0.201875,8.88113413,8.876395923
-0.2015625,8.88033684,8.877192562
-0.20125,8.87953955,8.879582479
-0.2009375,8.87794497,8.880379118
-0.200625,8.876350391,8.879582479
-0.2003125,8.871566652,8.877989201
-0.2,8.870769362,8.877192562
-0.1996875,8.868377492,8.877192562
-0.199375,8.865985623,8.876395923
-0.1990625,8.861999174,8.874802645
-0.19875,8.859607304,8.874802645
-0.1984375,8.855620855,8.874006006
-0.198125,8.852431696,8.872412728
-0.1978125,8.849242537,8.871616089
-0.1975,8.847647957,8.870022811
-0.1971875,8.844458798,8.869226172
-0.196875,8.842066928,8.868429533
-0.1965625,8.840472349,8.868429533
-0.19625,8.8364859,8.868429533
-0.1959375,8.83489132,8.869226172
-0.195625,8.831702161,8.867632894
-0.1953125,8.829310291,8.866836255
-0.195,8.827715712,8.867632894
-0.1946875,8.825323842,8.866836255
-0.194375,8.823729263,8.867632894
-0.1940625,8.822134683,8.868429533
-0.19375,8.819742814,8.869226172
-0.1934375,8.818148234,8.869226172
-0.193125,8.815756365,8.868429533
-0.1928125,8.810972626,8.866836255
-0.1925,8.808580756,8.864446338
-0.1921875,8.805391597,8.864446338
-0.191875,8.803797017,8.863649698
-0.1915625,8.802202438,8.866039616
-0.19125,8.799810568,8.865242977
-0.1909375,8.795824119,8.863649698
-0.190625,8.79183767,8.861259781
-0.1903125,8.789445801,8.861259781
-0.19,8.787851221,8.861259781
-0.1896875,8.786256641,8.86205642
-0.189375,8.784662062,8.864446338
-0.1890625,8.782270192,8.863649698
-0.18875,8.779878323,8.863649698
-0.1884375,8.778283743,8.863649698
-0.188125,8.775094584,8.863649698
-0.1878125,8.774297294,8.863649698
-0.1875,8.772702714,8.864446338
-0.1871875,8.770310845,8.864446338
-0.186875,8.767918976,8.863649698
-0.1865625,8.766324396,8.864446338
-0.18625,8.764729816,8.866836255
-0.1859375,8.761540657,8.866836255
-0.185625,8.762337947,8.869226172
-0.1853125,8.761540657,8.871616089
-0.185,8.760743367,8.872412728
-0.1846875,8.757554208,8.873209367
-0.184375,8.757554208,8.873209367
-0.1840625,8.755162338,8.874006006
-0.18375,8.751973179,8.87081945
-0.1834375,8.74958131,8.87081945
-0.183125,8.74878402,8.87081945
-0.1828125,8.745594861,8.87081945
-0.1825,8.742405701,8.869226172
-0.1821875,8.740013832,8.868429533
-0.181875,8.737621962,8.868429533
-0.1815625,8.735230093,8.867632894
-0.18125,8.732040934,8.866836255
-0.1809375,8.728851775,8.864446338
-0.180625,8.726459905,8.864446338
-0.1803125,8.724068036,8.864446338
-0.18,8.721676166,8.865242977
-0.1796875,8.718487007,8.862853059
-0.179375,8.716095137,8.863649698
-0.1790625,8.713703268,8.862853059
-0.17875,8.710514109,8.86205642
-0.1784375,8.709716819,8.862853059
-0.178125,8.708122239,8.863649698
-0.1778125,8.70573037,8.863649698
-0.1775,8.702541211,8.862853059
-0.1771875,8.701743921,8.862853059
-0.176875,8.698554761,8.86205642
-0.1765625,8.696960182,8.86205642
-0.17625,8.692973733,8.859666503
-0.1759375,8.689784573,8.858869864
-0.175625,8.688189994,8.858869864
-0.1753125,8.686595414,8.858869864
-0.175,8.685000835,8.859666503
-0.1746875,8.681811675,8.858869864
-0.174375,8.679419806,8.858869864
-0.1740625,8.678622516,8.859666503
-0.17375,8.677027936,8.859666503
-0.1734375,8.675433357,8.860463142
-0.173125,8.675433357,8.86205642
-0.1728125,8.671446908,8.86205642
-0.1725,8.669055038,8.861259781
-0.1721875,8.667460459,8.86205642
-0.171875,8.665865879,8.862853059
-0.1715625,8.664271299,8.863649698
-0.17125,8.66108214,8.862853059
-0.1709375,8.658690271,8.86205642
-0.170625,8.656298401,8.862853059
-0.1703125,8.653906532,8.86205642
-0.17,8.653109242,8.862853059
-0.1696875,8.651514662,8.863649698
-0.169375,8.648325503,8.863649698
-0.1690625,8.649920083,8.866039616
-0.16875,8.649122793,8.867632894
-0.1684375,8.647528213,8.866836255
-0.168125,8.646730923,8.867632894
-0.1678125,8.644339054,8.867632894
-0.1675,8.642744474,8.868429533
-0.1671875,8.641149895,8.868429533
-0.166875,8.637960735,8.866836255
-0.1665625,8.635568866,8.867632894
-0.16625,8.633974286,8.867632894
-0.1659375,8.630785127,8.866039616
-0.165625,8.627595968,8.864446338
-0.1653125,8.625204098,8.865242977
-0.165,8.622014939,8.864446338
-0.1646875,8.61882578,8.864446338
-0.164375,8.61643391,8.862853059
-0.1640625,8.612447461,8.862853059
-0.16375,8.610852882,8.860463142
-0.1634375,8.607663722,8.860463142
-0.163125,8.606069143,8.860463142
-0.1628125,8.602879983,8.860463142
-0.1625,8.601285404,8.859666503
-0.1621875,8.598096245,8.858869864
-0.161875,8.596501665,8.858869864
-0.1615625,8.593312506,8.858073225
-0.16125,8.591717926,8.858073225
-0.1609375,8.590920636,8.859666503
-0.160625,8.587731477,8.858869864
-0.1603125,8.586934187,8.861259781
-0.16,8.586136897,8.86205642
-0.1596875,8.582150448,8.860463142
-0.159375,8.577366709,8.859666503
-0.1590625,8.57258297,8.859666503
-0.15875,8.571785681,8.859666503
-0.1584375,8.568596521,8.860463142
-0.158125,8.565407362,8.861259781
-0.1578125,8.564610072,8.86205642
-0.1575,8.563015493,8.864446338
-0.1571875,8.563015493,8.864446338
-0.156875,8.557434464,8.866039616
-0.1565625,8.556637174,8.867632894
-0.15625,8.554245305,8.867632894
-0.1559375,8.552650725,8.867632894
-0.155625,8.550258856,8.868429533
-0.1553125,8.548664276,8.866836255
-0.155,8.545475117,8.867632894
-0.1546875,8.543880537,8.867632894
-0.154375,8.541488668,8.867632894
-0.1540625,8.539096798,8.867632894
-0.15375,8.537502218,8.867632894
-0.1534375,8.535907639,8.869226172
-0.153125,8.535110349,8.869226172
-0.1528125,8.53271848,8.869226172
-0.1525,8.53032661,8.869226172
-0.1521875,8.53271848,8.874006006
-0.151875,8.53032661,8.873209367
-0.1515625,8.52952932,8.874006006
-0.15125,8.527137451,8.874802645
-0.1509375,8.525542871,8.875599284
-0.150625,8.523151002,8.874802645
-0.1503125,8.521556422,8.875599284
-0.15,8.518367263,8.874802645
-0.1496875,8.515975393,8.874802645
-0.149375,8.511988944,8.873209367
-0.1490625,8.509597075,8.874006006
-0.14875,8.508002495,8.87081945
-0.1484375,8.505610626,8.871616089
-0.148125,8.504016046,8.87081945
-0.1478125,8.499232307,8.870022811
-0.1475,8.496840438,8.868429533
-0.1471875,8.494448568,8.868429533
-0.146875,8.492056699,8.868429533
-0.1465625,8.48886754,8.867632894
-0.14625,8.48807025,8.867632894
-0.1459375,8.48567838,8.866836255
-0.145625,8.482489221,8.865242977
-0.1453125,8.479300062,8.864446338
-0.145,8.477705482,8.863649698
-0.1446875,8.475313613,8.866039616
-0.144375,8.473719033,8.865242977
-0.1440625,8.471327164,8.866039616
-0.14375,8.469732584,8.866039616
-0.1434375,8.467340715,8.866039616
-0.143125,8.465746135,8.866836255
-0.1428125,8.460165106,8.863649698
-0.1425,8.456975947,8.862853059
-0.1421875,8.455381367,8.86205642
-0.141875,8.452989498,8.862853059
-0.1415625,8.450597628,8.862853059
-0.14125,8.449003049,8.863649698
-0.1409375,8.447408469,8.863649698
-0.140625,8.44581389,8.864446338
-0.1403125,8.44342202,8.863649698
-0.14,8.44262473,8.865242977
-0.1396875,8.439435571,8.863649698
-0.139375,8.438638281,8.864446338
-0.1390625,8.437043702,8.866039616
-0.13875,8.433854542,8.865242977
-0.1384375,8.433057253,8.864446338
-0.138125,8.430665383,8.865242977
-0.1378125,8.429868093,8.866039616
-0.1375,8.426678934,8.864446338
-0.1371875,8.424287065,8.865242977
-0.136875,8.422692485,8.866836255
-0.1365625,8.421895195,8.866836255
-0.13625,8.420300615,8.867632894
-0.1359375,8.419503326,8.868429533
-0.135625,8.418706036,8.87081945
-0.1353125,8.418706036,8.872412728
-0.135,8.417111456,8.871616089
-0.1346875,8.414719587,8.871616089
-0.134375,8.413125007,8.872412728
-0.1340625,8.411530427,8.872412728
-0.13375,8.407543978,8.871616089
-0.1334375,8.405949399,8.87081945
-0.133125,8.403557529,8.87081945
-0.1328125,8.40196295,8.871616089
-0.1325,8.39877379,8.87081945
-0.1321875,8.396381921,8.868429533
-0.131875,8.393990051,8.868429533
-0.1315625,8.390003602,8.867632894
-0.13125,8.387611733,8.867632894
-0.1309375,8.386017153,8.866836255
-0.130625,8.383625284,8.866836255
-0.1303125,8.379638835,8.866039616
-0.13,8.377246965,8.863649698
-0.1296875,8.374057806,8.864446338
-0.129375,8.370868647,8.863649698
-0.1290625,8.369274067,8.864446338
-0.12875,8.365287618,8.863649698
-0.1284375,8.363693038,8.864446338
-0.128125,8.361301169,8.865242977
-0.1278125,8.3589093,8.865242977
-0.1275,8.35731472,8.866039616
-0.1271875,8.35572014,8.866836255
-0.126875,8.35492285,8.868429533
-0.1265625,8.353328271,8.868429533
-0.12625,8.348544532,8.866039616
-0.1259375,8.343760793,8.864446338
-0.125625,8.342963503,8.865242977
-0.1253125,8.341368924,8.866039616
-0.125,8.338977054,8.866039616
-0.1246875,8.336585185,8.865242977
-0.124375,8.334990605,8.864446338
-0.1240625,8.334193315,8.866039616
-0.12375,8.331004156,8.865242977
-0.1234375,8.329409576,8.864446338
-0.123125,8.328612287,8.866039616
-0.1228125,8.326220417,8.867632894
-0.1225,8.324625837,8.866836255
-0.1221875,8.321436678,8.866039616
-0.121875,8.319842099,8.865242977
-0.1215625,8.317450229,8.866836255
-0.12125,8.315855649,8.866836255
-0.1209375,8.31426107,8.866039616
-0.120625,8.311071911,8.864446338
-0.1203125,8.308680041,8.864446338
-0.12,8.307085461,8.864446338
-0.1196875,8.305490882,8.866039616
-0.119375,8.303896302,8.866836255
-0.1190625,8.303896302,8.869226172
-0.11875,8.305490882,8.871616089
-0.1184375,8.303896302,8.873209367
-0.118125,8.303099012,8.873209367
-0.1178125,8.299909853,8.873209367
-0.1175,8.299909853,8.874006006
-0.1171875,8.296720694,8.873209367
-0.116875,8.295126114,8.872412728
-0.1165625,8.291139665,8.871616089
-0.11625,8.289545085,8.87081945
-0.1159375,8.286355926,8.868429533
-0.115625,8.284761347,8.868429533
-0.1153125,8.281572187,8.867632894
-0.115,8.279180318,8.866836255
-0.1146875,8.275991159,8.866836255
-0.114375,8.27200471,8.865242977
-0.1140625,8.267220971,8.862853059
-0.11375,8.266423681,8.864446338
-0.1134375,8.264031811,8.864446338
-0.113125,8.262437232,8.864446338
-0.1128125,8.259248072,8.864446338
-0.1125,8.256058913,8.863649698
-0.1121875,8.254464334,8.864446338
-0.111875,8.251275174,8.863649698
-0.1115625,8.248086015,8.864446338
-0.11125,8.246491435,8.862853059
-0.1109375,8.245694146,8.863649698
-0.110625,8.243302276,8.863649698
-0.1103125,8.241707696,8.864446338
-0.11,8.240910407,8.864446338
-0.1096875,8.236923958,8.862853059
-0.109375,8.233734798,8.861259781
-0.1090625,8.230545639,8.861259781
-0.10875,8.22815377,8.859666503
-0.1084375,8.22496461,8.858869864
-0.108125,8.224167321,8.859666503
-0.1078125,8.220978161,8.858869864
-0.1075,8.220978161,8.861259781
-0.1071875,8.219383582,8.861259781
-0.106875,8.218586292,8.86205642
-0.1065625,8.216991712,8.863649698
-0.10625,8.215397133,8.864446338
-0.1059375,8.213005263,8.863649698
-0.105625,8.211410683,8.863649698
-0.1053125,8.209816104,8.863649698
-0.105,8.208221524,8.863649698
-0.1046875,8.205032365,8.863649698
-0.104375,8.202640495,8.862853059
-0.1040625,8.200248626,8.86205642
-0.10375,8.199451336,8.863649698
-0.1034375,8.197856757,8.864446338
-0.103125,8.197059467,8.865242977
-0.1028125,8.193870307,8.865242977
-0.1025,8.192275728,8.865242977
-0.1021875,8.193870307,8.869226172
-0.101875,8.193870307,8.87081945
-0.1015625,8.192275728,8.871616089
-0.10125,8.190681148,8.871616089
-0.1009375,8.189086569,8.872412728
-0.100625,8.187491989,8.872412728
-0.1003125,8.185897409,8.871616089
-0.1,8.18270825,8.87081945
-0.0996875,8.179519091,8.870022811
-0.099375,8.177924511,8.869226172
-0.0990625,8.173938062,8.868429533
-0.09875,8.171546193,8.866836255
-0.0984375,8.167559744,8.866836255
-0.098125,8.165965164,8.866836255
-0.0978125,8.162776005,8.867632894
-0.0975,8.158789556,8.865242977
-0.0971875,8.157194976,8.866039616
-0.096875,8.152411237,8.863649698
-0.0965625,8.150019368,8.864446338
-0.09625,8.146830208,8.862853059
-0.0959375,8.142843759,8.862853059
-0.095625,8.142046469,8.862853059
-0.0953125,8.13885731,8.86205642
-0.095,8.137262731,8.86205642
-0.0946875,8.134870861,8.86205642
-0.094375,8.132478992,8.861259781
-0.0940625,8.129289832,8.862853059
-0.09375,8.127695253,8.86205642
-0.0934375,8.126897963,8.864446338
-0.093125,8.125303383,8.863649698
-0.0928125,8.120519644,8.86205642
-0.0925,8.116533195,8.858869864
-0.0921875,8.113344036,8.858073225
-0.091875,8.110952167,8.858073225
-0.0915625,8.110154877,8.859666503
-0.09125,8.109357587,8.86205642
-0.0909375,8.106965717,8.861259781
-0.090625,8.105371138,8.86205642
-0.0903125,8.103776558,8.86205642
-0.09,8.101384689,8.86205642
-0.0896875,8.101384689,8.862853059
-0.089375,8.099790109,8.863649698
-0.0890625,8.098195529,8.864446338
-0.08875,8.09500637,8.863649698
-0.0884375,8.093411791,8.864446338
-0.088125,8.091019921,8.864446338
-0.0878125,8.089425341,8.863649698
-0.0875,8.087830762,8.864446338
-0.0871875,8.087033472,8.864446338
-0.086875,8.084641603,8.864446338
-0.0865625,8.083047023,8.864446338
-0.08625,8.079857864,8.863649698
-0.0859375,8.079060574,8.866039616
-0.085625,8.079857864,8.868429533
-0.0853125,8.079060574,8.869226172
-0.085,8.079060574,8.871616089
-0.0846875,8.077465994,8.87081945
-0.084375,8.075074125,8.871616089
-0.0840625,8.074276835,8.872412728
-0.08375,8.071087676,8.871616089
-0.0834375,8.069493096,8.871616089
-0.083125,8.066303937,8.871616089
-0.0828125,8.064709357,8.87081945
-0.0825,8.060722908,8.871616089
-0.0821875,8.058331039,8.870022811
-0.081875,8.05434459,8.869226172
-0.0815625,8.0535473,8.869226172
-0.08125,8.05035814,8.868429533
-0.0809375,8.047168981,8.866836255
-0.080625,8.043979822,8.866836255
-0.0803125,8.041587952,8.866039616
-0.08,8.039196083,8.865242977
-0.0796875,8.035209634,8.86205642
-0.079375,8.032817765,8.86205642
-0.0790625,8.030425895,8.861259781
-0.07875,8.027236736,8.860463142
-0.0784375,8.024844866,8.860463142
-0.078125,8.024047577,8.861259781
-0.0778125,8.022452997,8.86205642
-0.0775,8.020061127,8.859666503
-0.0771875,8.017669258,8.861259781
-0.076875,8.018466548,8.86205642
-0.0765625,8.016074678,8.86205642
-0.07625,8.012885519,8.861259781
-0.0759375,8.00730449,8.858869864
-0.075625,8.004115331,8.858073225
-0.0753125,8.003318041,8.858869864
-0.075,8.001723462,8.858073225
-0.0746875,8.000926172,8.860463142
-0.074375,7.999331592,8.860463142
-0.0740625,7.996142433,8.860463142
-0.07375,7.996142433,8.86205642
-0.0734375,7.992953274,8.861259781
-0.073125,7.992155984,8.861259781
-0.0728125,7.992155984,8.862853059
-0.0725,7.988966825,8.86205642
-0.0721875,7.986574955,8.862853059
-0.071875,7.984980376,8.86205642
-0.0715625,7.984183086,8.864446338
-0.07125,7.981791216,8.86205642
-0.0709375,7.978602057,8.862853059
-0.070625,7.976210188,8.86205642
-0.0703125,7.973818318,8.86205642
-0.07,7.972223738,8.86205642
-0.0696875,7.971426449,8.862853059
-0.069375,7.969034579,8.862853059
-0.0690625,7.968237289,8.864446338
-0.06875,7.969831869,8.867632894
-0.0684375,7.96744,8.869226172
-0.068125,7.96504813,8.869226172
-0.0678125,7.96425084,8.868429533
-0.0675,7.961061681,8.869226172
-0.0671875,7.959467101,8.868429533
-0.066875,7.957075232,8.87081945
-0.0665625,7.954683362,8.869226172
-0.06625,7.949899624,8.868429533
-0.0659375,7.948305044,8.867632894
-0.065625,7.945913174,8.868429533
-0.0653125,7.943521305,8.867632894
-0.065,7.941926725,8.869226172
-0.0646875,7.940332146,8.868429533
-0.064375,7.935548407,8.866039616
-0.0640625,7.933156537,8.865242977
-0.06375,7.930764668,8.866039616
-0.0634375,7.927575509,8.864446338
-0.063125,7.92279177,8.862853059
-0.0628125,7.92119719,8.862853059
-0.0625,7.918805321,8.862853059
-0.0621875,7.915616161,8.86205642
-0.061875,7.914021582,8.861259781
-0.0615625,7.912427002,8.863649698
-0.06125,7.910832423,8.862853059
-0.0609375,7.907643263,8.863649698
-0.060625,7.906048684,8.862853059
-0.0603125,7.904454104,8.864446338
-0.06,7.903656814,8.864446338
-0.0596875,7.900467655,8.863649698
-0.059375,7.897278496,8.861259781
-0.0590625,7.892494757,8.859666503
-0.05875,7.891697467,8.858869864
-0.0584375,7.889305598,8.858869864
-0.058125,7.889305598,8.859666503
-0.0578125,7.886913728,8.859666503
-0.0575,7.886116438,8.859666503
-0.0571875,7.883724569,8.859666503
-0.056875,7.882129989,8.859666503
-0.0565625,7.881332699,8.861259781
-0.05625,7.87973812,8.86205642
-0.0559375,7.87734625,8.86205642
-0.055625,7.87734625,8.864446338
-0.0553125,7.874157091,8.862853059
-0.055,7.872562511,8.864446338
-0.0546875,7.870170642,8.863649698
-0.054375,7.868576062,8.864446338
-0.0540625,7.867778772,8.865242977
-0.05375,7.864589613,8.865242977
-0.0534375,7.862995034,8.863649698
-0.053125,7.859805874,8.863649698
-0.0528125,7.859805874,8.865242977
-0.0525,7.856616715,8.866039616
-0.0521875,7.858211295,8.868429533
-0.051875,7.857414005,8.868429533
-0.0515625,7.857414005,8.871616089
-0.05125,7.854224846,8.87081945
-0.0509375,7.853427556,8.871616089
-0.050625,7.850238396,8.871616089
-0.0503125,7.847049237,8.87081945
-0.05,7.843860078,8.869226172
-0.0496875,7.841468208,8.869226172
-0.049375,7.839873629,8.868429533
-0.0490625,7.83668447,8.867632894
-0.04875,7.8342926,8.867632894
-0.0484375,7.831900731,8.866836255
-0.048125,7.829508861,8.866836255
-0.0478125,7.826319702,8.866039616
-0.0475,7.823130543,8.862853059
-0.0471875,7.821535963,8.864446338
-0.046875,7.820738673,8.862853059
-0.0465625,7.816752224,8.862853059
-0.04625,7.815954934,8.863649698
-0.0459375,7.813563065,8.863649698
-0.045625,7.810373906,8.86205642
-0.0453125,7.807982036,8.862853059
-0.045,7.804792877,8.861259781
-0.0446875,7.803995587,8.862853059
-0.044375,7.802401007,8.862853059
-0.0440625,7.800009138,8.863649698
-0.04375,7.799211848,8.863649698
-0.0434375,7.797617269,8.865242977
-0.043125,7.793630819,8.864446338
-0.0428125,7.79044166,8.862853059
-0.0425,7.785657921,8.860463142
-0.0421875,7.783266052,8.859666503
-0.041875,7.780874182,8.859666503
-0.0415625,7.780076893,8.859666503
-0.04125,7.779279603,8.861259781
-0.0409375,7.778482313,8.86205642
-0.040625,7.775293154,8.861259781
-0.0403125,7.772103994,8.859666503
-0.04,7.770509415,8.860463142
-0.0396875,7.768914835,8.860463142
-0.039375,7.764131096,8.860463142
-0.0390625,7.762536517,8.860463142
-0.03875,7.760941937,8.860463142
-0.0384375,7.757752778,8.86205642
-0.038125,7.756955488,8.863649698
-0.0378125,7.752969039,8.864446338
-0.0375,7.752969039,8.865242977
-0.0371875,7.74977988,8.864446338
-0.036875,7.74898259,8.865242977
-0.0365625,7.7481853,8.867632894
-0.03625,7.74579343,8.866836255
-0.0359375,7.744198851,8.870022811
-0.035625,7.744996141,8.871616089
-0.0353125,7.74977988,8.872412728
-0.035,7.742604271,8.874006006
-0.0346875,7.739415112,8.874802645
-0.034375,7.739415112,8.874006006
-0.0340625,7.752171749,8.871616089
-0.03375,7.771306705,8.867632894
-0.0334375,7.766522966,8.865242977
-0.033125,7.782468762,8.859666503
-0.0328125,7.772901284,8.858869864
-0.0325,7.804792877,8.854886669
-0.0321875,7.841468208,8.851700113
-0.031875,7.903656814,8.847716918
-0.0315625,7.837481759,8.852496752
-0.03125,7.805590167,8.853293391
-0.0309375,7.781671472,8.85409003
-0.030625,7.737023243,8.854886669
-0.0303125,7.786455211,8.851700113
-0.03,7.729050344,8.853293391
-0.0296875,7.709915389,8.85409003
-0.029375,7.70513165,8.85409003
-0.0290625,7.691577723,8.854886669
-0.02875,7.691577723,8.85409003
-0.0284375,7.688388564,8.854886669
-0.028125,7.690780433,8.854886669
-0.0278125,7.690780433,8.854886669
-0.0275,7.689185854,8.854886669
-0.0271875,7.688388564,8.854886669
-0.026875,7.688388564,8.854886669
-0.0265625,7.689185854,8.856479947
-0.02625,7.685199404,8.85409003
-0.0259375,7.683604825,8.852496752
-0.025625,7.683604825,8.852496752
-0.0253125,7.684402115,8.853293391
-0.025,7.682807535,8.853293391
-0.0246875,7.685199404,8.85409003
-0.024375,7.682807535,8.854886669
-0.0240625,7.683604825,8.85409003
-0.02375,7.683604825,8.856479947
-0.0234375,7.686793984,8.857276586
-0.023125,7.683604825,8.858073225
-0.0228125,7.684402115,8.856479947
-0.0225,7.682010245,8.855683308
-0.0221875,7.682010245,8.856479947
-0.021875,7.683604825,8.858073225
-0.0215625,7.682010245,8.856479947
-0.02125,7.681212955,8.858073225
-0.0209375,7.680415666,8.858073225
-0.020625,7.680415666,8.857276586
-0.0203125,7.679618376,8.858073225
-0.02,7.682807535,8.856479947
-0.0196875,7.680415666,8.859666503
-0.019375,7.682010245,8.857276586
-0.0190625,7.682807535,8.860463142
-0.01875,7.686793984,8.863649698
-0.0184375,7.689185854,8.865242977
-0.018125,7.689983143,8.865242977
-0.0178125,7.688388564,8.864446338
-0.0175,7.688388564,8.865242977
-0.0171875,7.688388564,8.866039616
-0.016875,7.688388564,8.865242977
-0.0165625,7.688388564,8.864446338
-0.01625,7.685996694,8.862853059
-0.0159375,7.686793984,8.861259781
-0.015625,7.685199404,8.86205642
-0.0153125,7.687591274,8.860463142
-0.015,7.683604825,8.860463142
-0.0146875,7.683604825,8.858073225
-0.014375,7.682010245,8.858869864
-0.0140625,7.682010245,8.859666503
-0.01375,7.684402115,8.859666503
-0.0134375,7.681212955,8.858073225
-0.013125,7.682807535,8.859666503
-0.0128125,7.681212955,8.858869864
-0.0125,7.682807535,8.858073225
-0.0121875,7.679618376,8.858073225
-0.011875,7.682807535,8.858073225
-0.0115625,7.679618376,8.857276586
-0.01125,7.682807535,8.858073225
-0.0109375,7.680415666,8.858869864
-0.010625,7.682010245,8.858073225
-0.0103125,7.680415666,8.857276586
-0.01,7.681212955,8.858869864
-0.0096875,7.680415666,8.858869864
-0.009375,7.678023796,8.856479947
-0.0090625,7.678023796,8.856479947
-0.00875,7.679618376,8.855683308
-0.0084375,7.678023796,8.856479947
-0.008125,7.676429216,8.855683308
-0.0078125,7.678821086,8.855683308
-0.0075,7.681212955,8.858869864
-0.0071875,7.682807535,8.856479947
-0.006875,7.678821086,8.858073225
-0.0065625,7.680415666,8.858073225
-0.00625,7.680415666,8.859666503
-0.0059375,7.680415666,8.858869864
-0.005625,7.682010245,8.858869864
-0.0053125,7.678821086,8.858869864
-0.005,7.678821086,8.858073225
-0.0046875,7.678821086,8.858869864
-0.004375,7.678821086,8.858073225
-0.0040625,7.680415666,8.858073225
-0.00375,7.678023796,8.856479947
-0.0034375,7.679618376,8.856479947
-0.003125,7.679618376,8.858073225
-0.0028125,7.680415666,8.858869864
-0.0025,7.680415666,8.859666503
-0.0021875,7.686793984,8.862853059
-0.001875,7.685199404,8.866039616
-0.0015625,7.686793984,8.866039616
-0.00125,7.686793984,8.866836255
-0.0009375,7.683604825,8.866039616
-0.000625,7.686793984,8.865242977
-0.0003125,7.684402115,8.864446338
0,7.684402115,8.865242977
0.0003125,7.682010245,8.865242977
0.000625,7.682807535,8.863649698
0.0009375,7.681212955,8.86205642
0.00125,7.679618376,8.861259781
0.0015625,7.678023796,8.861259781
0.001875,7.678023796,8.86205642
0.0021875,7.679618376,8.860463142
0.0025,7.674037347,8.859666503
0.0028125,7.674834637,8.858869864
0.003125,7.672442767,8.857276586
0.0034375,7.671645478,8.856479947
0.00375,7.673240057,8.856479947
0.0040625,7.670848188,8.856479947
0.004375,7.670050898,8.854886669
0.0046875,7.670848188,8.855683308
0.005,7.670848188,8.856479947
0.0053125,7.672442767,8.855683308
0.005625,7.670848188,8.855683308
0.0059375,7.670848188,8.855683308
0.00625,7.672442767,8.856479947
0.0065625,7.670848188,8.856479947
0.006875,7.670848188,8.855683308
0.0071875,7.666064449,8.85409003
0.0075,7.663672579,8.851700113
0.0078125,7.663672579,8.852496752
0.008125,7.663672579,8.851700113
0.0084375,7.665267159,8.851700113
0.00875,7.66287529,8.850903474
0.0090625,7.66048342,8.850903474
0.009375,7.65888884,8.850903474
0.0096875,7.663672579,8.850903474
0.01,7.65968613,8.852496752
0.0103125,7.66128071,8.85409003
0.010625,7.657294261,8.853293391
0.0109375,7.655699681,8.851700113
0.01125,7.65968613,8.852496752
0.0115625,7.656496971,8.850106835
0.011875,7.655699681,8.850903474
0.0121875,7.654902391,8.851700113
0.0125,7.655699681,8.852496752
0.0128125,7.653307812,8.850903474
0.013125,7.656496971,8.849310196
0.0134375,7.653307812,8.849310196
0.01375,7.653307812,8.850903474
0.0140625,7.652510522,8.853293391
0.014375,7.654902391,8.854886669
0.0146875,7.655699681,8.855683308
0.015,7.658091551,8.85409003
0.0153125,7.65888884,8.855683308
0.015625,7.658091551,8.858869864
0.0159375,7.66048342,8.860463142
0.01625,7.657294261,8.859666503
0.0165625,7.65968613,8.856479947
0.016875,7.65968613,8.854886669
0.0171875,7.65888884,8.856479947
0.0175,7.656496971,8.856479947
0.0178125,7.651713232,8.855683308
0.018125,7.652510522,8.855683308
0.0184375,7.653307812,8.854886669
0.01875,7.653307812,8.85409003
0.0190625,7.652510522,8.854886669
0.019375,7.652510522,8.85409003
0.0196875,7.650118652,8.854886669
0.02,7.650118652,8.854886669
0.0203125,7.651713232,8.85409003
0.020625,7.649321363,8.851700113
0.0209375,7.650118652,8.852496752
0.02125,7.648524073,8.852496752
0.0215625,7.647726783,8.853293391
0.021875,7.646132203,8.85409003
0.0221875,7.647726783,8.853293391
0.0225,7.649321363,8.85409003
0.0228125,7.647726783,8.853293391
0.023125,7.646929493,8.855683308
0.0234375,7.647726783,8.855683308
0.02375,7.646132203,8.856479947
0.0240625,7.645334914,8.852496752
0.024375,7.641348464,8.851700113
0.0246875,7.642145754,8.851700113
0.025,7.640551175,8.852496752
0.0253125,7.640551175,8.852496752
0.025625,7.642943044,8.854886669
0.0259375,7.640551175,8.854886669
0.02625,7.645334914,8.854886669
0.0265625,7.643740334,8.855683308
0.026875,7.643740334,8.856479947
0.0271875,7.642943044,8.856479947
0.0275,7.643740334,8.856479947
0.0278125,7.642145754,8.855683308
0.028125,7.640551175,8.854886669
0.0284375,7.638956595,8.854886669
0.02875,7.637362015,8.854886669
0.0290625,7.638159305,8.855683308
0.029375,7.638956595,8.856479947
0.0296875,7.642943044,8.856479947
0.03,7.636564726,8.856479947
0.0303125,7.638956595,8.856479947
0.030625,7.637362015,8.856479947
0.0309375,7.638956595,8.858869864
0.03125,7.643740334,8.863649698
0.0315625,7.644537624,8.862853059
0.031875,7.642145754,8.863649698
0.0321875,7.641348464,8.864446338
0.0325,7.641348464,8.864446338
0.0328125,7.638159305,8.864446338
0.033125,7.643740334,8.862853059
0.0334375,7.634970146,8.862853059
0.03375,7.638159305,8.863649698
0.0340625,7.633375566,8.861259781
0.034375,7.635767436,8.861259781
0.0346875,7.633375566,8.859666503
0.035,7.634172856,8.858869864
0.0353125,7.631780987,8.858869864
0.035625,7.630186407,8.858073225
0.0359375,7.628591827,8.858073225
0.03625,7.628591827,8.858073225
0.0365625,7.624605378,8.854886669
0.036875,7.622213509,8.853293391
0.0371875,7.623808089,8.85409003
0.0375,7.623010799,8.853293391
0.0378125,7.623010799,8.853293391
0.038125,7.619821639,8.853293391
0.0384375,7.620618929,8.854886669
0.03875,7.622213509,8.85409003
0.0390625,7.622213509,8.855683308
0.039375,7.623808089,8.854886669
0.0396875,7.619821639,8.85409003
0.04,7.619821639,8.854886669
0.0403125,7.61742977,8.85409003
0.040625,7.620618929,8.852496752
0.0409375,7.61663248,8.850106835
0.04125,7.61583519,8.850106835
0.0415625,7.613443321,8.850903474
0.041875,7.614240611,8.850903474
0.0421875,7.61663248,8.851700113
0.0425,7.619821639,8.850106835
0.0428125,7.615037901,8.851700113
0.043125,7.615037901,8.852496752
0.0434375,7.615037901,8.854886669
0.04375,7.61663248,8.853293391
0.0440625,7.621416219,8.851700113
0.044375,7.61742977,8.854886669
0.0446875,7.61583519,8.854886669
0.045,7.614240611,8.855683308
0.0453125,7.61902435,8.855683308
0.045625,7.61663248,8.855683308
0.0459375,7.626997248,8.851700113
0.04625,7.632578277,8.850903474
0.0465625,7.624605378,8.852496752
0.046875,7.61742977,8.85409003
0.0471875,7.611848741,8.856479947
0.0475,7.633375566,8.85409003
0.0478125,7.627794538,8.855683308
0.048125,7.647726783,8.854886669
0.0484375,7.635767436,8.855683308
0.04875,7.646132203,8.855683308
0.0490625,7.634970146,8.857276586
0.049375,7.644537624,8.858073225
0.0496875,7.637362015,8.858073225
0.05,7.645334914,8.854886669
0.0503125,7.646132203,8.85409003
0.050625,7.627794538,8.854886669
0.0509375,7.633375566,8.85409003
0.05125,7.632578277,8.852496752
0.0515625,7.635767436,8.852496752
0.051875,7.627794538,8.852496752
0.0521875,7.626997248,8.853293391
0.0525,7.625402668,8.850903474
0.0528125,7.611051451,8.855683308
0.053125,7.628591827,8.850106835
0.0534375,7.622213509,8.848513557
0.05375,7.623808089,8.848513557
0.0540625,7.61663248,8.847716918
0.054375,7.598294814,8.85409003
0.0546875,7.598294814,8.853293391
0.055,7.601483974,8.852496752
0.0553125,7.61663248,8.847716918
0.055625,7.611848741,8.849310196
0.0559375,7.604673133,8.850106835
0.05625,7.599092104,8.85409003
0.0565625,7.599092104,8.855683308
0.056875,7.61583519,8.851700113
0.0571875,7.603875843,8.849310196
0.0575,7.603875843,8.846920279
0.0578125,7.597497525,8.850903474
0.058125,7.594308365,8.853293391
0.0584375,7.595902945,8.851700113
0.05875,7.600686684,8.849310196
0.0590625,7.599092104,8.850903474
0.059375,7.595105655,8.850903474
0.0596875,7.591916496,8.852496752
0.06,7.594308365,8.85409003
0.0603125,7.595105655,8.853293391
0.060625,7.595902945,8.850903474
0.0609375,7.594308365,8.852496752
0.06125,7.592713786,8.852496752
0.0615625,7.595105655,8.854886669
0.061875,7.595902945,8.854886669
0.0621875,7.597497525,8.85409003
0.0625,7.595902945,8.85409003
0.0628125,7.593511075,8.853293391
0.063125,7.593511075,8.85409003
0.0634375,7.594308365,8.855683308
0.06375,7.596700235,8.855683308
0.0640625,7.597497525,8.855683308
0.064375,7.599092104,8.858073225
0.0646875,7.599092104,8.860463142
0.065,7.601483974,8.860463142
0.0653125,7.601483974,8.861259781
0.065625,7.603875843,8.861259781
0.0659375,7.600686684,8.861259781
0.06625,7.599092104,8.86205642
0.0665625,7.596700235,8.860463142
0.066875,7.599092104,8.861259781
0.0671875,7.598294814,8.860463142
0.0675,7.599092104,8.859666503
0.0678125,7.595105655,8.859666503
0.068125,7.595105655,8.858073225
0.0684375,7.594308365,8.857276586
0.06875,7.595105655,8.858869864
0.0690625,7.591916496,8.856479947
0.069375,7.594308365,8.855683308
0.0696875,7.588727337,8.85409003
0.07,7.587132757,8.853293391
0.0703125,7.589524626,8.852496752
0.070625,7.587930047,8.85409003
0.0709375,7.587132757,8.853293391
0.07125,7.588727337,8.851700113
0.0715625,7.588727337,8.850106835
0.071875,7.586335467,8.852496752
0.0721875,7.585538177,8.850903474
0.0725,7.587930047,8.853293391
0.0728125,7.591916496,8.849310196
0.073125,7.589524626,8.853293391
0.0734375,7.593511075,8.85409003
0.07375,7.597497525,8.850903474
0.0740625,7.583943598,8.852496752
0.074375,7.584740888,8.850106835
0.0746875,7.590321916,8.847716918
0.075,7.587930047,8.848513557
0.0753125,7.586335467,8.850903474
0.075625,7.593511075,8.848513557
0.0759375,7.583943598,8.853293391
0.07625,7.592713786,8.850903474
0.0765625,7.591119206,8.852496752
0.076875,7.596700235,8.851700113
0.0771875,7.593511075,8.853293391
0.0775,7.601483974,8.850903474
0.0778125,7.596700235,8.850903474
0.078125,7.596700235,8.851700113
0.0784375,7.590321916,8.85409003
0.07875,7.591119206,8.852496752
0.0790625,7.594308365,8.853293391
0.079375,7.594308365,8.851700113
0.0796875,7.582349018,8.85409003
0.08,7.590321916,8.851700113
0.0803125,7.587132757,8.851700113
0.080625,7.585538177,8.854886669
0.0809375,7.587930047,8.855683308
0.08125,7.591916496,8.858869864
0.0815625,7.585538177,8.861259781
0.081875,7.589524626,8.86205642
0.0821875,7.587930047,8.86205642
0.0825,7.591916496,8.86205642
0.0828125,7.586335467,8.860463142
0.083125,7.586335467,8.860463142
0.0834375,7.587930047,8.86205642
0.08375,7.583146308,8.859666503
0.0840625,7.583943598,8.858073225
0.084375,7.580754438,8.857276586
0.0846875,7.583943598,8.858073225
0.085,7.580754438,8.858073225
0.0853125,7.584740888,8.857276586
0.085625,7.578362569,8.855683308
0.0859375,7.582349018,8.854886669
0.08625,7.577565279,8.854886669
0.0865625,7.580754438,8.854886669
0.086875,7.582349018,8.85409003
0.0871875,7.580754438,8.851700113
0.0875,7.57517341,8.850903474
0.0878125,7.576767989,8.850903474
0.088125,7.578362569,8.851700113
0.0884375,7.5759707,8.850903474
0.08875,7.57517341,8.851700113
0.0890625,7.57437612,8.850106835
0.089375,7.5759707,8.850903474
0.0896875,7.57357883,8.852496752
0.09,7.581551728,8.853293391
0.0903125,7.5759707,8.852496752
0.090625,7.5759707,8.849310196
0.0909375,7.569592381,8.846920279
0.09125,7.576767989,8.847716918
0.0915625,7.569592381,8.847716918
0.091875,7.57357883,8.849310196
0.0921875,7.571186961,8.849310196
0.0925,7.578362569,8.850106835
0.0928125,7.577565279,8.851700113
0.093125,7.57357883,8.849310196
0.0934375,7.57517341,8.851700113
0.09375,7.57517341,8.85409003
0.0940625,7.579159859,8.85409003
0.094375,7.580754438,8.85409003
0.0946875,7.578362569,8.85409003
0.095,7.57278154,8.853293391
0.0953125,7.579957149,8.85409003
0.095625,7.57357883,8.85409003
0.0959375,7.580754438,8.85409003
0.09625,7.578362569,8.85409003
0.0965625,7.580754438,8.854886669
0.096875,7.579957149,8.854886669
0.0971875,7.582349018,8.855683308
0.0975,7.577565279,8.85409003
0.0978125,7.583943598,8.856479947
0.098125,7.584740888,8.859666503
0.0984375,7.587132757,8.860463142
0.09875,7.583943598,8.859666503
0.0990625,7.585538177,8.859666503
0.099375,7.587132757,8.860463142
0.0996875,7.587132757,8.859666503
0.1,7.588727337,8.86205642
0.1003125,7.591916496,8.860463142
0.100625,7.585538177,8.858073225
0.1009375,7.577565279,8.856479947
0.10125,7.585538177,8.858073225
0.1015625,7.583146308,8.857276586
0.101875,7.584740888,8.858073225
0.1021875,7.583943598,8.856479947
0.1025,7.580754438,8.854886669
0.1028125,7.579957149,8.854886669
0.103125,7.582349018,8.855683308
0.1034375,7.582349018,8.855683308
0.10375,7.581551728,8.853293391
0.1040625,7.577565279,8.853293391
0.104375,7.579159859,8.851700113
0.1046875,7.577565279,8.850903474
0.105,7.57517341,8.850106835
0.1053125,7.576767989,8.851700113
0.105625,7.578362569,8.851700113
0.1059375,7.57517341,8.850903474
0.10625,7.577565279,8.852496752
0.1065625,7.579159859,8.853293391
0.106875,7.581551728,8.853293391
0.1071875,7.57357883,8.850903474
0.1075,7.57517341,8.849310196
0.1078125,7.57357883,8.849310196
0.108125,7.57437612,8.849310196
0.1084375,7.57357883,8.850903474
0.10875,7.580754438,8.850106835
0.1090625,7.57517341,8.849310196
0.109375,7.577565279,8.850106835
0.1096875,7.576767989,8.850903474
0.11,7.580754438,8.853293391
0.1103125,7.5759707,8.851700113
0.110625,7.579957149,8.853293391
0.1109375,7.57517341,8.850903474
0.11125,7.57517341,8.850903474
0.1115625,7.57437612,8.850903474
0.111875,7.578362569,8.851700113
0.1121875,7.57517341,8.851700113
0.1125,7.57278154,8.851700113
0.1128125,7.5759707,8.851700113
0.113125,7.57278154,8.851700113
0.1134375,7.5759707,8.852496752
0.11375,7.57278154,8.851700113
0.1140625,7.576767989,8.85409003
0.114375,7.57437612,8.85409003
0.1146875,7.582349018,8.858073225
0.115,7.580754438,8.859666503
0.1153125,7.582349018,8.859666503
0.115625,7.579159859,8.859666503
0.1159375,7.583943598,8.859666503
0.11625,7.579159859,8.858869864
0.1165625,7.583943598,8.859666503
0.116875,7.581551728,8.858869864
0.1171875,7.581551728,8.857276586
0.1175,7.578362569,8.857276586
0.1178125,7.581551728,8.858073225
0.118125,7.577565279,8.858869864
0.1184375,7.584740888,8.858073225
0.11875,7.57357883,8.855683308
0.1190625,7.577565279,8.854886669
0.119375,7.57517341,8.85409003
0.1196875,7.576767989,8.85409003
0.12,7.5759707,8.854886669
0.1203125,7.57517341,8.852496752
0.120625,7.57357883,8.851700113
0.1209375,7.57517341,8.851700113
0.12125,7.571186961,8.851700113
0.1215625,7.57278154,8.851700113
0.121875,7.571186961,8.850903474
0.1221875,7.569592381,8.850903474
0.1225,7.570389671,8.850903474
0.1228125,7.57198425,8.851700113
0.123125,7.57437612,8.853293391
0.1234375,7.57357883,8.851700113
0.12375,7.57278154,8.850903474
0.1240625,7.567200512,8.846920279
0.124375,7.567997801,8.846920279
0.1246875,7.568795091,8.848513557
0.125,7.57198425,8.849310196
0.1253125,7.569592381,8.850106835
0.125625,7.567997801,8.849310196
0.1259375,7.571186961,8.850903474
0.12625,7.571186961,8.851700113
0.1265625,7.570389671,8.850903474
0.126875,7.57278154,8.850903474
0.1271875,7.57198425,8.851700113
0.1275,7.57198425,8.850903474
0.1278125,7.570389671,8.853293391
0.128125,7.576767989,8.852496752
0.1284375,7.570389671,8.85409003
0.12875,7.57517341,8.853293391
0.1290625,7.571186961,8.851700113
0.129375,7.57198425,8.852496752
0.1296875,7.57357883,8.853293391
0.13,7.57517341,8.852496752
0.1303125,7.57278154,8.853293391
0.130625,7.5759707,8.853293391
0.1309375,7.57517341,8.856479947
0.13125,7.582349018,8.858869864
0.1315625,7.579159859,8.859666503
0.131875,7.583943598,8.860463142
0.1321875,7.581551728,8.860463142
0.1325,7.580754438,8.859666503
0.1328125,7.582349018,8.861259781
0.133125,7.583943598,8.857276586
0.1334375,7.581551728,8.858869864
0.13375,7.582349018,8.857276586
0.1340625,7.578362569,8.855683308
0.134375,7.579159859,8.855683308
0.1346875,7.576767989,8.85409003
0.135,7.577565279,8.854886669
0.1353125,7.577565279,8.854886669
0.135625,7.577565279,8.85409003
0.1359375,7.57437612,8.853293391
0.13625,7.577565279,8.852496752
0.1365625,7.57278154,8.852496752
0.136875,7.576767989,8.850903474
0.1371875,7.57517341,8.850106835
0.1375,7.57357883,8.849310196
0.1378125,7.576767989,8.850106835
0.138125,7.57198425,8.848513557
0.1384375,7.5759707,8.850903474
0.13875,7.577565279,8.850106835
0.1390625,7.57357883,8.850106835
0.139375,7.578362569,8.850903474
0.1396875,7.57517341,8.850106835
0.14,7.579957149,8.851700113
0.1403125,7.577565279,8.850903474
0.140625,7.576767989,8.848513557
0.1409375,7.57437612,8.84612364
0.14125,7.577565279,8.847716918
0.1415625,7.57198425,8.847716918
0.141875,7.579957149,8.849310196
0.1421875,7.576767989,8.849310196
0.1425,7.581551728,8.850106835
0.1428125,7.579957149,8.849310196
0.143125,7.580754438,8.848513557
0.1434375,7.580754438,8.850106835
0.14375,7.583943598,8.850903474
0.1440625,7.582349018,8.850106835
0.144375,7.583146308,8.849310196
0.1446875,7.583943598,8.850106835
0.145,7.586335467,8.850106835
0.1453125,7.583943598,8.850106835
0.145625,7.586335467,8.850106835
0.1459375,7.589524626,8.850106835
0.14625,7.591916496,8.850903474
0.1465625,7.588727337,8.851700113
0.146875,7.593511075,8.852496752
0.1471875,7.590321916,8.85409003
0.1475,7.595105655,8.85409003
0.1478125,7.595902945,8.856479947
0.148125,7.600686684,8.858073225
0.1484375,7.602281263,8.859666503
0.14875,7.603875843,8.860463142
0.1490625,7.604673133,8.858869864
0.149375,7.603875843,8.858869864
0.1496875,7.605470423,8.859666503
0.15,7.604673133,8.858073225
0.1503125,7.604673133,8.856479947
0.150625,7.603078553,8.855683308
0.1509375,7.603078553,8.854886669
0.15125,7.600686684,8.854886669
0.1515625,7.605470423,8.85409003
0.151875,7.604673133,8.855683308
0.1521875,7.606267713,8.854886669
0.1525,7.600686684,8.853293391
0.1528125,7.607065002,8.852496752
0.153125,7.603078553,8.852496752
0.1534375,7.606267713,8.851700113
0.15375,7.605470423,8.853293391
0.1540625,7.603078553,8.848513557
0.154375,7.605470423,8.850106835
0.1546875,7.607065002,8.847716918
0.155,7.608659582,8.850106835
0.1553125,7.610254162,8.850903474
0.155625,7.613443321,8.851700113
0.1559375,7.611848741,8.850106835
0.15625,7.610254162,8.849310196
0.1565625,7.613443321,8.850106835
0.156875,7.614240611,8.850903474
0.1571875,7.61583519,8.848513557
0.1575,7.609456872,8.84612364
0.1578125,7.613443321,8.846920279
0.158125,7.615037901,8.847716918
0.1584375,7.614240611,8.847716918
0.15875,7.61742977,8.847716918
0.1590625,7.61583519,8.848513557
0.159375,7.61822706,8.849310196
0.1596875,7.61902435,8.848513557
0.16,7.620618929,8.847716918
0.1603125,7.623010799,8.848513557
0.160625,7.623808089,8.848513557
0.1609375,7.624605378,8.850903474
0.16125,7.623808089,8.848513557
0.1615625,7.624605378,8.850106835
0.161875,7.626199958,8.848513557
0.1621875,7.624605378,8.848513557
0.1625,7.628591827,8.849310196
0.1628125,7.627794538,8.849310196
0.163125,7.630983697,8.850106835
0.1634375,7.630186407,8.848513557
0.16375,7.633375566,8.848513557
0.1640625,7.633375566,8.849310196
0.164375,7.640551175,8.852496752
0.1646875,7.642145754,8.855683308
0.165,7.645334914,8.855683308
0.1653125,7.649321363,8.856479947
0.165625,7.645334914,8.855683308
0.1659375,7.649321363,8.858073225
0.16625,7.650118652,8.858073225
0.1665625,7.650118652,8.854886669
0.166875,7.652510522,8.855683308
0.1671875,7.652510522,8.853293391
0.1675,7.653307812,8.853293391
0.1678125,7.655699681,8.85409003
0.168125,7.653307812,8.85409003
0.1684375,7.658091551,8.853293391
0.16875,7.654105102,8.853293391
0.1690625,7.654902391,8.851700113
0.169375,7.655699681,8.850903474
0.1696875,7.652510522,8.850106835
0.17,7.65888884,8.850903474
0.1703125,7.656496971,8.850106835
0.170625,7.65968613,8.850106835
0.1709375,7.66048342,8.850106835
0.17125,7.66048342,8.847716918
0.1715625,7.66287529,8.849310196
0.171875,7.662078,8.847716918
0.1721875,7.66287529,8.848513557
0.1725,7.666861739,8.848513557
0.1728125,7.66287529,8.846920279
0.173125,7.669253608,8.850106835
0.1734375,7.669253608,8.848513557
0.17375,7.670050898,8.847716918
0.1740625,7.668456318,8.84612364
0.174375,7.666064449,8.845327
0.1746875,7.670848188,8.84612364
0.175,7.670848188,8.845327
0.1753125,7.675631927,8.846920279
0.175625,7.677226506,8.847716918
0.1759375,7.678023796,8.845327
0.17625,7.678821086,8.846920279
0.1765625,7.684402115,8.847716918
0.176875,7.685199404,8.849310196
0.1771875,7.687591274,8.850903474
0.1775,7.685199404,8.847716918
0.1778125,7.689185854,8.850903474
0.178125,7.693172303,8.850106835
0.1784375,7.690780433,8.850903474
0.17875,7.692375013,8.850903474
0.1790625,7.689983143,8.850106835
0.179375,7.696361462,8.851700113
0.1796875,7.700347911,8.850106835
0.18,7.701145201,8.851700113
0.1803125,7.701942491,8.851700113
0.180625,7.70273978,8.850903474
0.1809375,7.70513165,8.853293391
0.18125,7.714699128,8.856479947
0.1815625,7.714699128,8.857276586
0.181875,7.714699128,8.855683308
0.1821875,7.717888287,8.854886669
0.1825,7.718685577,8.855683308
0.1828125,7.725063895,8.856479947
0.183125,7.724266605,8.858073225
0.1834375,7.725063895,8.854886669
0.18375,7.722672026,8.853293391
0.1840625,7.727455765,8.85409003
0.184375,7.732239504,8.85409003
0.1846875,7.730644924,8.85409003
0.185,7.730644924,8.853293391
0.1853125,7.731442214,8.851700113
0.185625,7.730644924,8.851700113
0.1859375,7.733834083,8.852496752
0.18625,7.740212402,8.851700113
0.1865625,7.734631373,8.850106835
0.186875,7.737820532,8.849310196
0.1871875,7.739415112,8.850106835
0.1875,7.742604271,8.849310196
0.1878125,7.741806981,8.846920279
0.188125,7.739415112,8.845327
0.1884375,7.743401561,8.84612364
0.18875,7.74579343,8.847716918
0.1890625,7.74977988,8.848513557
0.189375,7.752969039,8.850106835
0.1896875,7.752171749,8.848513557
0.19,7.756158198,8.850106835
0.1903125,7.758550068,8.851700113
0.190625,7.760144647,8.850106835
0.1909375,7.760144647,8.846920279
0.19125,7.756955488,8.843733722
0.1915625,7.760144647,8.845327
0.191875,7.763333806,8.84612364
0.1921875,7.764928386,8.847716918
0.1925,7.773698574,8.846920279
0.1928125,7.770509415,8.847716918
0.193125,7.776090444,8.847716918
0.1934375,7.776887733,8.847716918
0.19375,7.780874182,8.850106835
0.1940625,7.785657921,8.848513557
0.194375,7.779279603,8.847716918
0.1946875,7.784063342,8.846920279
0.195,7.788847081,8.848513557
0.1953125,7.79283353,8.850106835
0.195625,7.79283353,8.848513557
0.1959375,7.794428109,8.850106835
0.19625,7.794428109,8.850106835
0.1965625,7.799211848,8.850106835
0.196875,7.803198297,8.850903474
0.1971875,7.803198297,8.850106835
0.1975,7.804792877,8.850903474
0.1978125,7.811968485,8.85409003
0.198125,7.817549514,8.854886669
0.1984375,7.817549514,8.857276586
0.19875,7.821535963,8.855683308
0.1990625,7.822333253,8.854886669
0.199375,7.827116992,8.857276586
0.1996875,7.830306151,8.857276586
0.2,7.830306151,8.856479947
0.2003125,7.831103441,8.855683308
0.200625,7.830306151,8.854886669
0.2009375,7.83668447,8.854886669
0.20125,7.838279049,8.85409003
0.2015625,7.839873629,8.854886669
0.201875,7.843860078,8.854886669
0.2021875,7.843860078,8.853293391
0.2025,7.844657368,8.851700113
0.2028125,7.848643817,8.853293391
0.203125,7.848643817,8.852496752
0.2034375,7.850238396,8.851700113
0.20375,7.854224846,8.848513557
0.2040625,7.855819425,8.850106835
0.204375,7.857414005,8.848513557
0.2046875,7.856616715,8.846920279
0.205,7.862197744,8.847716918
0.2053125,7.862197744,8.848513557
0.205625,7.866184193,8.849310196
0.2059375,7.867778772,8.849310196
0.20625,7.870967932,8.848513557
0.2065625,7.874954381,8.850903474
0.206875,7.87814354,8.850106835
0.2071875,7.87814354,8.849310196
0.2075,7.87814354,8.84612364
0.2078125,7.882129989,8.84612364
0.208125,7.883724569,8.848513557
0.2084375,7.886116438,8.847716918
0.20875,7.886913728,8.847716918
0.2090625,7.890102887,8.846920279
0.209375,7.894089336,8.847716918
0.2096875,7.898075785,8.849310196
0.21,7.902062235,8.849310196
0.2103125,7.902062235,8.849310196
0.210625,7.904454104,8.847716918
0.2109375,7.907643263,8.849310196
0.21125,7.913224292,8.850903474
0.2115625,7.918008031,8.850903474
0.211875,7.918805321,8.850106835
0.2121875,7.9203999,8.849310196
0.2125,7.92279177,8.848513557
0.2128125,7.926778219,8.850903474
0.213125,7.929967378,8.850903474
0.2134375,7.929967378,8.850106835
0.21375,7.933953827,8.850106835
0.2140625,7.938737566,8.852496752
0.214375,7.942724015,8.855683308
0.2146875,7.950696913,8.856479947
0.215,7.949102334,8.856479947
0.2153125,7.953886073,8.858073225
0.215625,7.954683362,8.857276586
0.2159375,7.957872522,8.859666503
0.21625,7.962656261,8.858073225
0.2165625,7.96504813,8.856479947
0.216875,7.96664271,8.856479947
0.2171875,7.968237289,8.855683308
0.2175,7.971426449,8.856479947
0.2178125,7.973818318,8.855683308
0.218125,7.969034579,8.85409003
0.2184375,7.975412898,8.85409003
0.21875,7.975412898,8.853293391
0.2190625,7.977804767,8.850903474
0.219375,7.979399347,8.851700113
0.2196875,7.984183086,8.850106835
0.22,7.983385796,8.850106835
0.2203125,7.985777665,8.849310196
0.220625,7.986574955,8.848513557
0.2209375,7.987372245,8.849310196
0.22125,7.995345143,8.850106835
0.2215625,7.992953274,8.848513557
0.221875,7.999331592,8.849310196
0.2221875,8.000926172,8.849310196
0.2225,8.000128882,8.847716918
0.2228125,8.006507201,8.850106835
0.223125,8.00730449,8.850106835
0.2234375,8.014480099,8.850903474
0.22375,8.012088229,8.849310196
0.2240625,8.012088229,8.847716918
0.224375,8.015277389,8.847716918
0.2246875,8.017669258,8.847716918
0.225,8.018466548,8.846920279
0.2253125,8.019263838,8.846920279
0.225625,8.027236736,8.848513557
0.2259375,8.028831315,8.849310196
0.22625,8.036804214,8.850106835
0.2265625,8.036804214,8.850106835
0.226875,8.040790663,8.851700113
0.2271875,8.044777112,8.851700113
0.2275,8.046371691,8.853293391
0.2278125,8.049560851,8.851700113
0.228125,8.049560851,8.851700113
0.2284375,8.05434459,8.851700113
0.22875,8.057533749,8.853293391
0.2290625,8.060722908,8.85409003
0.229375,8.062317488,8.85409003
0.2296875,8.066303937,8.853293391
0.23,8.067101227,8.85409003
0.2303125,8.067898516,8.853293391
0.230625,8.074276835,8.85409003
0.2309375,8.077465994,8.855683308
0.23125,8.085438892,8.858869864
0.2315625,8.087830762,8.858869864
0.231875,8.090222631,8.859666503
0.2321875,8.092614501,8.858869864
0.2325,8.09420908,8.858869864
0.2328125,8.100587399,8.861259781
0.233125,8.100587399,8.858869864
0.2334375,8.102181979,8.859666503
0.23375,8.102979268,8.858869864
0.2340625,8.105371138,8.858869864
0.234375,8.109357587,8.858073225
0.2346875,8.106965717,8.856479947
0.235,8.111749456,8.855683308
0.2353125,8.113344036,8.854886669
0.235625,8.116533195,8.854886669
0.2359375,8.119722355,8.853293391
0.23625,8.118925065,8.853293391
0.2365625,8.122114224,8.852496752
0.236875,8.122911514,8.851700113
0.2371875,8.126100673,8.853293391
0.2375,8.129289832,8.850106835
0.2378125,8.130087122,8.850106835
0.238125,8.131681702,8.849310196
0.2384375,8.134870861,8.850106835
0.23875,8.13806002,8.850106835
0.2390625,8.13885731,8.850106835
0.239375,8.142843759,8.850106835
0.2396875,8.145235629,8.850106835
0.24,8.149222078,8.850903474
0.2403125,8.150816657,8.851700113
0.240625,8.151613947,8.848513557
0.2409375,8.150816657,8.847716918
0.24125,8.153208527,8.847716918
0.2415625,8.156397686,8.846920279
0.241875,8.157992266,8.849310196
0.2421875,8.165167874,8.848513557
0.2425,8.164370584,8.850106835
0.2428125,8.169154323,8.850903474
0.243125,8.170748903,8.850903474
0.2434375,8.173938062,8.852496752
0.24375,8.176329932,8.851700113
0.2440625,8.177924511,8.853293391
0.244375,8.18191096,8.852496752
0.2446875,8.18510012,8.853293391
0.245,8.185897409,8.851700113
0.2453125,8.191478438,8.852496752
0.245625,8.190681148,8.852496752
0.2459375,8.193073018,8.851700113
0.24625,8.194667597,8.852496752
0.2465625,8.201045916,8.853293391
0.246875,8.203437785,8.85409003
0.2471875,8.206626945,8.854886669
0.2475,8.208221524,8.856479947
0.2478125,8.211410683,8.858073225
0.248125,8.219383582,8.859666503
0.2484375,8.219383582,8.860463142
0.24875,8.223370031,8.861259781
0.2490625,8.22496461,8.861259781
0.249375,8.22815377,8.861259781
0.2496875,8.230545639,8.859666503
0.25,8.229748349,8.859666503
0.2503125,8.230545639,8.858869864
0.250625,8.232937509,8.858869864
0.2509375,8.236126668,8.857276586
0.25125,8.236126668,8.856479947
0.2515625,8.239315827,8.858073225
0.251875,8.241707696,8.857276586
0.2521875,8.242504986,8.858073225
0.2525,8.244896856,8.855683308
0.2528125,8.242504986,8.855683308
0.253125,8.247288725,8.85409003
0.2534375,8.244896856,8.852496752
0.25375,8.249680595,8.853293391
0.2540625,8.253667044,8.852496752
0.254375,8.245694146,8.851700113
0.2546875,8.249680595,8.850903474
0.255,8.251275174,8.850903474
0.2553125,8.255261623,8.853293391
0.255625,8.258450783,8.852496752
0.2559375,8.257653493,8.851700113
0.25625,8.261639942,8.851700113
0.2565625,8.260842652,8.85409003
0.256875,8.266423681,8.85409003
0.2571875,8.267220971,8.851700113
0.2575,8.264829101,8.850106835
0.2578125,8.265626391,8.849310196
0.258125,8.26881555,8.850903474
0.2584375,8.27200471,8.850106835
0.25875,8.274396579,8.851700113
0.2590625,8.275991159,8.848513557
0.259375,8.274396579,8.849310196
0.2596875,8.278383028,8.853293391
0.26,8.281572187,8.85409003
0.2603125,8.285558636,8.850903474
0.260625,8.284761347,8.852496752
0.2609375,8.286355926,8.851700113
0.26125,8.291139665,8.853293391
0.2615625,8.290342375,8.853293391
0.261875,8.297517984,8.85409003
0.2621875,8.299909853,8.854886669
0.2625,8.303099012,8.854886669
0.2628125,8.303896302,8.853293391
0.263125,8.305490882,8.85409003
0.2634375,8.310274621,8.854886669
0.26375,8.31505836,8.854886669
0.2640625,8.311071911,8.854886669
0.264375,8.318247519,8.857276586
0.2646875,8.323828548,8.859666503
0.265,8.331004156,8.86205642
0.2653125,8.334193315,8.863649698
0.265625,8.333396025,8.861259781
0.2659375,8.338977054,8.862853059
0.26625,8.336585185,8.86205642
0.2665625,8.339774344,8.86205642
0.266875,8.341368924,8.861259781
0.2671875,8.347747242,8.860463142
0.2675,8.344558083,8.858869864
0.2678125,8.346949952,8.858869864
0.268125,8.347747242,8.858073225
0.2684375,8.350139112,8.857276586
0.26875,8.353328271,8.858869864
0.2690625,8.35492285,8.856479947
0.269375,8.351733691,8.855683308
0.2696875,8.35572014,8.854886669
0.27,8.354125561,8.853293391
0.2703125,8.35811201,8.85409003
0.270625,8.35811201,8.85409003
0.2709375,8.35811201,8.852496752
0.27125,8.361301169,8.853293391
0.2715625,8.363693038,8.853293391
0.271875,8.364490328,8.853293391
0.2721875,8.366084908,8.85409003
0.2725,8.367679488,8.851700113
0.2728125,8.367679488,8.851700113
0.273125,8.373260516,8.852496752
0.2734375,8.374057806,8.85409003
0.27375,8.373260516,8.85409003
0.2740625,8.373260516,8.850903474
0.274375,8.377246965,8.850106835
0.2746875,8.379638835,8.850903474
0.275,8.378044255,8.850903474
0.2753125,8.379638835,8.852496752
0.275625,8.383625284,8.853293391
0.2759375,8.390003602,8.85409003
0.27625,8.391598182,8.854886669
0.2765625,8.391598182,8.85409003
0.276875,8.392395472,8.853293391
0.2771875,8.397179211,8.854886669
0.2775,8.39877379,8.855683308
0.2778125,8.39957108,8.855683308
0.278125,8.397976501,8.854886669
0.2784375,8.402760239,8.854886669
0.27875,8.407543978,8.855683308
0.2790625,8.409935848,8.855683308
0.279375,8.408341268,8.85409003
0.2796875,8.406746689,8.854886669
0.28,8.409138558,8.85409003
0.2803125,8.415516877,8.854886669
0.280625,8.419503326,8.858073225
0.2809375,8.418706036,8.857276586
0.28125,8.420300615,8.859666503
0.2815625,8.426678934,8.861259781
0.281875,8.432259963,8.863649698
0.2821875,8.432259963,8.863649698
0.2825,8.432259963,8.862853059
0.2828125,8.436246412,8.86205642
0.283125,8.439435571,8.862853059
0.2834375,8.439435571,8.862853059
0.28375,8.44182744,8.86205642
0.2840625,8.438638281,8.859666503
0.284375,8.440232861,8.858073225
0.2846875,8.44182744,8.858869864
0.285,8.44421931,8.857276586
0.2853125,8.44342202,8.858073225
0.285625,8.44421931,8.855683308
0.2859375,8.44262473,8.85409003
0.28625,8.446611179,8.856479947
0.2865625,8.44581389,8.856479947
0.286875,8.44342202,8.85409003
0.2871875,8.44581389,8.853293391
0.2875,8.451394918,8.851700113
0.2878125,8.454584078,8.853293391
0.288125,8.451394918,8.852496752
0.2884375,8.451394918,8.853293391
0.28875,8.456178657,8.853293391
0.2890625,8.457773237,8.852496752
0.289375,8.460962396,8.85409003
0.2896875,8.460165106,8.852496752
0.29,8.464151555,8.85409003
0.2903125,8.466543425,8.85409003
0.290625,8.466543425,8.853293391
0.2909375,8.464151555,8.850106835
0.29125,8.464151555,8.850903474
0.2915625,8.468935294,8.852496752
0.291875,8.467340715,8.851700113
0.2921875,8.473719033,8.853293391
0.2925,8.473719033,8.85409003
0.2928125,8.472921743,8.85409003
0.293125,8.476908192,8.853293391
0.2934375,8.476110903,8.85409003
0.29375,8.482489221,8.855683308
0.2940625,8.481691931,8.854886669
0.294375,8.484083801,8.855683308
0.2946875,8.484881091,8.853293391
0.295,8.490462119,8.854886669
0.2953125,8.490462119,8.854886669
0.295625,8.484083801,8.853293391
0.2959375,8.48807025,8.85409003
0.29625,8.491259409,8.853293391
0.2965625,8.492853989,8.85409003
0.296875,8.496043148,8.854886669
0.2971875,8.496840438,8.856479947
0.2975,8.497637728,8.855683308
0.2978125,8.504016046,8.858869864
0.298125,8.510394365,8.860463142
0.2984375,8.510394365,8.862853059
0.29875,8.511988944,8.86205642
0.2990625,8.511191655,8.861259781
0.299375,8.519961843,8.86205642
0.2996875,8.519961843,8.86205642
0.3,8.518367263,8.86205642
0.3003125,8.518367263,8.859666503
0.300625,8.515178104,8.860463142
0.3009375,8.524745581,8.859666503
0.30125,8.523151002,8.859666503
0.3015625,8.521556422,8.858869864
0.301875,8.523151002,8.858073225
0.3021875,8.523151002,8.857276586
0.3025,8.525542871,8.855683308
0.3028125,8.527934741,8.855683308
0.303125,8.525542871,8.85409003
0.3034375,8.521556422,8.852496752
0.30375,8.526340161,8.853293391
0.3040625,8.53192119,8.854886669
0.304375,8.528732031,8.853293391
0.3046875,8.528732031,8.851700113
0.305,8.52952932,8.850903474
0.3053125,8.533515769,8.850903474
0.305625,8.535907639,8.852496752
0.3059375,8.538299508,8.851700113
0.30625,8.535907639,8.852496752
0.3065625,8.541488668,8.852496752
0.306875,8.543083247,8.853293391
0.3071875,8.543083247,8.853293391
0.3075,8.542285957,8.850903474
0.3078125,8.540691378,8.850903474
0.308125,8.544677827,8.850903474
0.3084375,8.546272406,8.851700113
0.30875,8.550258856,8.852496752
0.3090625,8.551056145,8.851700113
0.309375,8.551056145,8.850903474
0.3096875,8.554245305,8.850903474
0.31,8.556637174,8.852496752
0.3103125,8.556637174,8.851700113
0.310625,8.555839884,8.850903474
0.3109375,8.559029044,8.851700113
0.31125,8.560623623,8.852496752
0.3115625,8.562218203,8.853293391
0.311875,8.563812782,8.851700113
0.3121875,8.560623623,8.851700113
0.3125,8.563812782,8.851700113
0.3128125,8.566204652,8.852496752
0.313125,8.567001942,8.852496752
0.3134375,8.565407362,8.850903474
0.31375,8.568596521,8.853293391
0.3140625,8.570191101,8.853293391
0.314375,8.57577213,8.855683308
0.3146875,8.577366709,8.858073225
0.315,8.581353158,8.858073225
0.3153125,8.580555869,8.858869864
0.315625,8.585339608,8.859666503
0.3159375,8.586136897,8.859666503
0.31625,8.582150448,8.858073225
0.3165625,8.587731477,8.858073225
0.316875,8.590123346,8.857276586
0.3171875,8.589326057,8.858073225
0.3175,8.589326057,8.857276586
0.3178125,8.586136897,8.854886669
0.318125,8.589326057,8.854886669
0.3184375,8.587731477,8.854886669
0.31875,8.596501665,8.855683308
0.3190625,8.592515216,8.85409003
0.319375,8.589326057,8.851700113
0.3196875,8.590920636,8.852496752
0.32,8.591717926,8.853293391
0.3203125,8.594109795,8.852496752
0.320625,8.589326057,8.851700113
0.3209375,8.594109795,8.849310196
0.32125,8.592515216,8.850903474
0.3215625,8.599690824,8.851700113
0.321875,8.602082694,8.850903474
0.3221875,8.595704375,8.849310196
0.3225,8.598893534,8.850106835
0.3228125,8.600488114,8.851700113
0.323125,8.606069143,8.853293391
0.3234375,8.606069143,8.850903474
0.32375,8.604474563,8.849310196
0.3240625,8.601285404,8.846920279
0.324375,8.602879983,8.84612364
0.3246875,8.607663722,8.848513557
0.325,8.607663722,8.847716918
0.3253125,8.603677273,8.84612364
0.325625,8.606069143,8.847716918
0.3259375,8.611650171,8.849310196
0.32625,8.614839331,8.850106835
0.3265625,8.614839331,8.850903474
0.326875,8.611650171,8.847716918
0.3271875,8.614042041,8.850106835
0.3275,8.6172312,8.850903474
0.3278125,8.620420359,8.851700113
0.328125,8.61962307,8.851700113
0.3284375,8.61643391,8.850106835
0.32875,8.622014939,8.852496752
0.3290625,8.621217649,8.852496752
0.329375,8.622014939,8.851700113
0.3296875,8.623609519,8.851700113
0.33,8.626001388,8.850903474
0.3303125,8.624406809,8.851700113
0.330625,8.629190547,8.85409003
0.3309375,8.628393258,8.85409003
0.33125,8.630785127,8.855683308
0.3315625,8.636366156,8.857276586
0.331875,8.637960735,8.858869864
0.3321875,8.639555315,8.858869864
0.3325,8.638758025,8.857276586
0.3328125,8.639555315,8.857276586
0.333125,8.640352605,8.857276586
0.3334375,8.642744474,8.858869864
0.33375,8.642744474,8.858073225
0.3340625,8.641149895,8.856479947
0.334375,8.641149895,8.855683308
0.3346875,8.642744474,8.857276586
0.335,8.645136344,8.856479947
0.3353125,8.645136344,8.855683308
0.335625,8.639555315,8.851700113
0.3359375,8.637960735,8.850903474
0.33625,8.640352605,8.851700113
0.3365625,8.645933634,8.853293391
0.336875,8.645933634,8.852496752
0.3371875,8.640352605,8.849310196
0.3375,8.642744474,8.850106835
0.3378125,8.641947184,8.850903474
0.338125,8.641947184,8.848513557
0.3384375,8.641947184,8.849310196
0.33875,8.645136344,8.848513557
0.3390625,8.645136344,8.849310196
0.339375,8.649920083,8.850903474
0.3396875,8.652311952,8.850903474
0.34,8.648325503,8.850903474
0.3403125,8.649920083,8.851700113
0.340625,8.649122793,8.848513557
0.3409375,8.649122793,8.846920279
0.34125,8.648325503,8.848513557
0.3415625,8.646730923,8.845327
0.341875,8.650717372,8.846920279
0.3421875,8.652311952,8.84612364
0.3425,8.657095691,8.850106835
0.3428125,8.656298401,8.850106835
0.343125,8.655501111,8.846920279
0.3434375,8.656298401,8.849310196
0.34375,8.65948756,8.851700113
0.3440625,8.66108214,8.851700113
0.344375,8.65948756,8.850903474
0.3446875,8.66187943,8.848513557
0.345,8.66187943,8.849310196
0.3453125,8.66347401,8.850903474
0.345625,8.664271299,8.851700113
0.3459375,8.664271299,8.848513557
0.34625,8.66347401,8.849310196
0.3465625,8.66347401,8.850903474
0.346875,8.666663169,8.85409003
0.3471875,8.668257748,8.85409003
0.3475,8.669852328,8.850903474
0.3478125,8.673041487,8.852496752
0.348125,8.675433357,8.857276586
0.3484375,8.677027936,8.859666503
0.34875,8.680217096,8.860463142
0.3490625,8.680217096,8.856479947
0.349375,8.677027936,8.858073225
0.3496875,8.680217096,8.858869864
0.35,8.681014386,8.859666503
0.3503125,8.680217096,8.858073225
0.350625,8.680217096,8.852496752
0.3509375,8.679419806,8.852496752
0.35125,8.677027936,8.854886669
0.3515625,8.677825226,8.855683308
0.351875,8.677027936,8.853293391
0.3521875,8.677825226,8.850106835
0.3525,8.677825226,8.851700113
0.3528125,8.680217096,8.85409003
0.353125,8.680217096,8.85409003
0.3534375,8.677825226,8.849310196
0.35375,8.677825226,8.846920279
0.3540625,8.675433357,8.850106835
0.354375,8.679419806,8.850903474
0.3546875,8.677027936,8.850106835
0.355,8.677027936,8.846920279
0.3553125,8.677825226,8.847716918
0.355625,8.680217096,8.848513557
0.3559375,8.681811675,8.850106835
0.35625,8.679419806,8.849310196
0.3565625,8.680217096,8.84612364
0.356875,8.679419806,8.848513557
0.3571875,8.681811675,8.849310196
0.3575,8.682608965,8.848513557
0.3578125,8.681014386,8.845327
0.358125,8.681014386,8.842140444
0.3584375,8.680217096,8.845327
0.35875,8.685000835,8.848513557
0.3590625,8.684203545,8.847716918
0.359375,8.684203545,8.84612364
0.3596875,8.684203545,8.842140444
0.36,8.681811675,8.845327
0.3603125,8.688189994,8.850903474
0.360625,8.691379153,8.850106835
0.3609375,8.689784573,8.84612364
0.36125,8.690581863,8.845327
0.3615625,8.692176443,8.849310196
0.361875,8.694568312,8.852496752
0.3621875,8.694568312,8.850106835
0.3625,8.691379153,8.846920279
0.3628125,8.692973733,8.84612364
0.363125,8.692973733,8.850106835
0.3634375,8.701743921,8.853293391
0.36375,8.700149341,8.851700113
0.3640625,8.697757472,8.850106835
0.364375,8.699352051,8.850903474
0.3646875,8.70573037,8.858073225
0.365,8.708919529,8.859666503
0.3653125,8.708122239,8.860463142
0.365625,8.708919529,8.855683308
0.3659375,8.70652766,8.856479947
0.36625,8.711311399,8.860463142
0.3665625,8.713703268,8.862853059
0.366875,8.709716819,8.856479947
0.3671875,8.70652766,8.85409003
0.3675,8.707324949,8.855683308
0.3678125,8.708919529,8.855683308
0.368125,8.708122239,8.857276586
0.3684375,8.708122239,8.85409003
0.36875,8.708919529,8.851700113
0.3690625,8.70573037,8.853293391
0.369375,8.70573037,8.85409003
0.3696875,8.70652766,8.85409003
0.37,8.70652766,8.850106835
0.3703125,8.707324949,8.849310196
0.370625,8.70573037,8.850903474
0.3709375,8.70652766,8.850903474
0.37125,8.70573037,8.850903474
0.3715625,8.707324949,8.847716918
0.371875,8.707324949,8.847716918
0.3721875,8.708122239,8.850106835
0.3725,8.711311399,8.851700113
0.3728125,8.707324949,8.849310196
0.373125,8.709716819,8.847716918
0.3734375,8.708122239,8.849310196
0.37375,8.707324949,8.851700113
0.3740625,8.70573037,8.849310196
0.374375,8.7033385,8.84612364
0.3746875,8.708919529,8.846920279
0.375,8.70573037,8.84612364
0.3753125,8.708919529,8.849310196
0.375625,8.711311399,8.849310196
0.3759375,8.710514109,8.846920279
0.37625,8.709716819,8.847716918
0.3765625,8.710514109,8.848513557
0.376875,8.712108688,8.850106835
0.3771875,8.712108688,8.853293391
0.3775,8.713703268,8.850106835
0.3778125,8.715297848,8.850903474
0.378125,8.714500558,8.850903474
0.3784375,8.713703268,8.851700113
0.37875,8.715297848,8.851700113
0.3790625,8.714500558,8.849310196
0.379375,8.716095137,8.850106835
0.3796875,8.714500558,8.850106835
0.38,8.712905978,8.850903474
0.3803125,8.714500558,8.850903474
0.380625,8.716892427,8.846920279
0.3809375,8.716892427,8.851700113
0.38125,8.720081587,8.855683308
0.3815625,8.723270746,8.857276586
0.381875,8.721676166,8.855683308
0.3821875,8.722473456,8.85409003
0.3825,8.720081587,8.856479947
0.3828125,8.722473456,8.858869864
0.383125,8.724865325,8.858869864
0.3834375,8.723270746,8.857276586
0.38375,8.728054485,8.856479947
0.3840625,8.724865325,8.858869864
0.384375,8.724865325,8.858073225
0.3846875,8.725662615,8.858869864
0.385,8.723270746,8.853293391
0.3853125,8.722473456,8.853293391
0.385625,8.722473456,8.856479947
0.3859375,8.721676166,8.854886669
0.38625,8.719284297,8.854886669
0.3865625,8.720878876,8.851700113
0.386875,8.720081587,8.850106835
0.3871875,8.719284297,8.851700113
0.3875,8.721676166,8.850903474
0.3878125,8.717689717,8.850903474
0.388125,8.719284297,8.846920279
0.3884375,8.717689717,8.847716918
0.38875,8.718487007,8.851700113
0.3890625,8.722473456,8.852496752
0.389375,8.719284297,8.851700113
0.3896875,8.723270746,8.848513557
0.39,8.720878876,8.850903474
0.3903125,8.721676166,8.85409003
0.390625,8.722473456,8.852496752
0.3909375,8.717689717,8.848513557
0.39125,8.719284297,8.84612364
0.3915625,8.716892427,8.847716918
0.391875,8.717689717,8.850903474
0.3921875,8.721676166,8.850106835
0.3925,8.717689717,8.850903474
0.3928125,8.721676166,8.846920279
0.393125,8.717689717,8.848513557
0.3934375,8.720878876,8.851700113
0.39375,8.722473456,8.852496752
0.3940625,8.722473456,8.849310196
0.394375,8.723270746,8.850106835
0.3946875,8.720878876,8.852496752
0.395,8.724068036,8.853293391
0.3953125,8.725662615,8.85409003
0.395625,8.725662615,8.852496752
0.3959375,8.726459905,8.851700113
0.39625,8.721676166,8.851700113
0.3965625,8.724865325,8.85409003
0.396875,8.726459905,8.853293391
0.3971875,8.728054485,8.851700113
0.3975,8.728054485,8.853293391
0.3978125,8.728851775,8.856479947
0.398125,8.728851775,8.858869864
0.3984375,8.729649064,8.859666503
0.39875,8.734432803,8.857276586
0.3990625,8.733635513,8.858869864
0.399375,8.732838224,8.861259781
0.3996875,8.734432803,8.86205642
0.4,8.734432803,8.861259781
0.4003125,8.736824673,8.858073225
0.400625,8.733635513,8.858073225
0.4009375,8.730446354,8.857276586
0.40125,8.730446354,8.858073225
0.4015625,8.729649064,8.856479947
0.401875,8.730446354,8.85409003
0.4021875,8.727257195,8.855683308
0.4025,8.729649064,8.855683308
0.4028125,8.728054485,8.855683308
0.403125,8.731243644,8.854886669
0.4034375,8.729649064,8.85409003
0.40375,8.724865325,8.852496752
0.4040625,8.726459905,8.853293391
0.404375,8.727257195,8.853293391
0.4046875,8.727257195,8.850903474
0.405,8.727257195,8.850903474
0.4053125,8.723270746,8.850903474
0.405625,8.724068036,8.852496752
0.4059375,8.727257195,8.853293391
0.40625,8.728054485,8.850106835
0.4065625,8.728054485,8.852496752
0.406875,8.728851775,8.85409003
0.4071875,8.726459905,8.852496752
0.4075,8.724068036,8.850106835
0.4078125,8.727257195,8.848513557
0.408125,8.728054485,8.849310196
0.4084375,8.722473456,8.849310196
0.40875,8.723270746,8.850903474
0.4090625,8.724068036,8.850903474
0.409375,8.726459905,8.850106835
0.4096875,8.725662615,8.850106835
0.41,8.725662615,8.850903474
0.4103125,8.727257195,8.852496752
0.410625,8.727257195,8.85409003
0.4109375,8.731243644,8.852496752
0.41125,8.729649064,8.853293391
0.4115625,8.727257195,8.853293391
0.411875,8.728054485,8.855683308
0.4121875,8.729649064,8.855683308
0.4125,8.728054485,8.852496752
0.4128125,8.728851775,8.853293391
0.413125,8.728851775,8.854886669
0.4134375,8.728054485,8.855683308
0.41375,8.728054485,8.855683308
0.4140625,8.735230093,8.854886669
0.414375,8.730446354,8.854886669
0.4146875,8.732040934,8.858869864
0.415,8.733635513,8.861259781
0.4153125,8.736027383,8.86205642
0.415625,8.738419252,8.861259781
0.4159375,8.735230093,8.861259781
0.41625,8.736027383,8.861259781
0.4165625,8.736027383,8.862853059
0.416875,8.740013832,8.861259781
0.4171875,8.740013832,8.860463142
0.4175,8.732838224,8.858869864
0.4178125,8.733635513,8.860463142
0.418125,8.732040934,8.860463142
0.4184375,8.731243644,8.858869864
0.41875,8.732838224,8.858073225
0.4190625,8.728054485,8.856479947
0.419375,8.729649064,8.856479947
0.4196875,8.731243644,8.857276586
0.42,8.731243644,8.857276586
0.4203125,8.732040934,8.854886669
0.420625,8.725662615,8.85409003
0.4209375,8.725662615,8.854886669
0.42125,8.724068036,8.854886669
0.4215625,8.728851775,8.853293391
0.421875,8.726459905,8.853293391
0.4221875,8.722473456,8.851700113
0.4225,8.724865325,8.853293391
0.4228125,8.724865325,8.855683308
0.423125,8.730446354,8.85409003
0.4234375,8.727257195,8.85409003
0.42375,8.724068036,8.852496752
0.4240625,8.723270746,8.850903474
0.424375,8.720878876,8.850106835
0.4246875,8.724068036,8.849310196
0.425,8.722473456,8.848513557
0.4253125,8.721676166,8.850903474
0.425625,8.721676166,8.852496752
0.4259375,8.724068036,8.85409003
0.42625,8.728054485,8.853293391
0.4265625,8.728054485,8.853293391
0.426875,8.722473456,8.853293391
0.4271875,8.724865325,8.854886669
0.4275,8.724068036,8.85409003
0.4278125,8.724068036,8.850903474
0.428125,8.720878876,8.850106835
0.4284375,8.720878876,8.850106835
0.42875,8.721676166,8.851700113
0.4290625,8.720081587,8.852496752
0.429375,8.728054485,8.851700113
0.4296875,8.719284297,8.850903474
0.43,8.720081587,8.850903474
0.4303125,8.719284297,8.853293391
0.430625,8.723270746,8.85409003
0.4309375,8.724068036,8.852496752
0.43125,8.725662615,8.855683308
0.4315625,8.727257195,8.858869864
0.431875,8.728054485,8.860463142
0.4321875,8.729649064,8.859666503
0.4325,8.734432803,8.86205642
0.4328125,8.727257195,8.858869864
0.433125,8.724865325,8.858869864
0.4334375,8.726459905,8.859666503
0.43375,8.726459905,8.858869864
0.4340625,8.728851775,8.856479947
0.434375,8.724068036,8.856479947
0.4346875,8.724068036,8.858073225
0.435,8.724068036,8.858073225
0.4353125,8.725662615,8.855683308
0.435625,8.729649064,8.855683308
0.4359375,8.720081587,8.852496752
0.43625,8.720081587,8.85409003
0.4365625,8.720878876,8.854886669
0.436875,8.723270746,8.852496752
0.4371875,8.719284297,8.850903474
0.4375,8.716095137,8.849310196
0.4378125,8.716095137,8.850903474
0.438125,8.716095137,8.851700113
0.4384375,8.717689717,8.850903474
0.43875,8.720081587,8.850903474
0.4390625,8.714500558,8.849310196
0.439375,8.716095137,8.850106835
0.4396875,8.715297848,8.851700113
0.44,8.720878876,8.852496752
0.4403125,8.719284297,8.851700113
0.440625,8.711311399,8.848513557
0.4409375,8.712108688,8.846920279
0.44125,8.710514109,8.847716918
0.4415625,8.714500558,8.846920279
0.441875,8.716095137,8.847716918
0.4421875,8.708122239,8.846920279
0.4425,8.712905978,8.850106835
0.4428125,8.714500558,8.851700113
0.443125,8.716892427,8.850903474
0.4434375,8.716095137,8.850106835
0.44375,8.713703268,8.850903474
0.4440625,8.714500558,8.851700113
0.444375,8.713703268,8.851700113
0.4446875,8.718487007,8.850903474
0.445,8.719284297,8.852496752
0.4453125,8.712108688,8.850903474
0.445625,8.714500558,8.853293391
0.4459375,8.714500558,8.853293391
0.44625,8.717689717,8.853293391
0.4465625,8.713703268,8.852496752
0.446875,8.712108688,8.851700113
0.4471875,8.711311399,8.852496752
0.4475,8.713703268,8.853293391
0.4478125,8.718487007,8.855683308
0.448125,8.722473456,8.858073225
0.4484375,8.717689717,8.857276586
0.44875,8.718487007,8.859666503
0.4490625,8.716095137,8.858869864
0.449375,8.723270746,8.859666503
0.4496875,8.720081587,8.858073225
0.45,8.715297848,8.858869864
0.4503125,8.717689717,8.859666503
0.450625,8.716095137,8.856479947
0.4509375,8.716892427,8.856479947
0.45125,8.717689717,8.856479947
0.4515625,8.711311399,8.855683308
0.451875,8.712108688,8.856479947
0.4521875,8.712905978,8.855683308
0.4525,8.712905978,8.85409003
0.4528125,8.710514109,8.852496752
0.453125,8.708122239,8.85409003
0.4534375,8.707324949,8.854886669
0.45375,8.708122239,8.85409003
0.4540625,8.710514109,8.853293391
0.454375,8.708122239,8.850903474
0.4546875,8.700946631,8.849310196
0.455,8.70413579,8.851700113
0.4553125,8.7033385,8.851700113
0.455625,8.707324949,8.850903474
0.4559375,8.70413579,8.850903474
0.45625,8.700946631,8.851700113
0.4565625,8.7033385,8.852496752
0.456875,8.7033385,8.852496752
0.4571875,8.707324949,8.851700113
0.4575,8.700149341,8.848513557
0.4578125,8.696162892,8.848513557
0.458125,8.697757472,8.850106835
0.4584375,8.698554761,8.848513557
0.45875,8.697757472,8.847716918
0.4590625,8.698554761,8.848513557
0.459375,8.696960182,8.850106835
0.4596875,8.696960182,8.850903474
0.46,8.699352051,8.850903474
0.4603125,8.701743921,8.851700113
0.460625,8.700946631,8.850903474
0.4609375,8.696162892,8.851700113
0.46125,8.697757472,8.851700113
0.4615625,8.696162892,8.850903474
0.461875,8.700149341,8.850903474
0.4621875,8.694568312,8.850106835
0.4625,8.695365602,8.851700113
0.4628125,8.695365602,8.852496752
0.463125,8.696162892,8.853293391
0.4634375,8.701743921,8.85409003
0.46375,8.700149341,8.851700113
0.4640625,8.694568312,8.852496752
0.464375,8.698554761,8.855683308
0.4646875,8.701743921,8.857276586
0.465,8.702541211,8.85409003
0.4653125,8.701743921,8.856479947
0.465625,8.697757472,8.857276586
0.4659375,8.701743921,8.858073225
0.46625,8.698554761,8.858869864
0.4665625,8.70573037,8.859666503
0.466875,8.699352051,8.858073225
0.4671875,8.696162892,8.856479947
0.4675,8.695365602,8.857276586
0.4678125,8.694568312,8.855683308
0.468125,8.697757472,8.855683308
0.4684375,8.696162892,8.855683308
0.46875,8.693771023,8.856479947
0.4690625,8.694568312,8.855683308
0.469375,8.690581863,8.85409003
0.4696875,8.696162892,8.854886669
0.47,8.692176443,8.851700113
0.4703125,8.687392704,8.850903474
0.470625,8.688189994,8.851700113
0.4709375,8.685798124,8.851700113
0.47125,8.688987284,8.850106835
0.4715625,8.685000835,8.849310196
0.471875,8.684203545,8.850106835
0.4721875,8.684203545,8.850903474
0.4725,8.682608965,8.850106835
0.4728125,8.688987284,8.851700113
0.473125,8.688987284,8.851700113
0.4734375,8.684203545,8.851700113
0.47375,8.684203545,8.852496752
0.4740625,8.681014386,8.848513557
0.474375,8.682608965,8.84612364
0.4746875,8.680217096,8.847716918
0.475,8.677825226,8.847716918
0.4753125,8.681014386,8.849310196
0.475625,8.676230647,8.848513557
0.4759375,8.679419806,8.848513557
0.47625,8.681014386,8.848513557
0.4765625,8.677825226,8.849310196
0.476875,8.677027936,8.850106835
0.4771875,8.679419806,8.850903474
0.4775,8.682608965,8.850106835
0.4778125,8.679419806,8.850106835
0.478125,8.676230647,8.851700113
0.4784375,8.680217096,8.852496752
0.47875,8.677825226,8.851700113
0.4790625,8.681014386,8.850106835
0.479375,8.682608965,8.852496752
0.4796875,8.677825226,8.850903474
0.48,8.679419806,8.853293391
0.4803125,8.677825226,8.854886669
0.480625,8.681811675,8.853293391
0.4809375,8.677825226,8.852496752
0.48125,8.679419806,8.856479947
0.4815625,8.681014386,8.858869864
0.481875,8.681811675,8.859666503
0.4821875,8.686595414,8.858869864
0.4825,8.685798124,8.859666503
0.4828125,8.682608965,8.859666503
0.483125,8.681811675,8.860463142
0.4834375,8.681014386,8.860463142
0.48375,8.683406255,8.856479947
0.4840625,8.681014386,8.856479947
0.484375,8.677027936,8.856479947
0.4846875,8.673041487,8.857276586
0.485,8.670649618,8.854886669
0.4853125,8.675433357,8.851700113
0.485625,8.674636067,8.852496752
0.4859375,8.669055038,8.850106835
0.48625,8.667460459,8.853293391
0.4865625,8.668257748,8.852496752
0.486875,8.671446908,8.849310196
0.4871875,8.670649618,8.850903474
0.4875,8.664271299,8.850903474
0.4878125,8.665068589,8.850903474
0.488125,8.664271299,8.850106835
0.4884375,8.668257748,8.848513557
0.48875,8.668257748,8.848513557
0.4890625,8.66347401,8.847716918
0.489375,8.66267672,8.849310196
0.4896875,8.66187943,8.850106835
0.49,8.668257748,8.849310196
0.4903125,8.668257748,8.850903474
0.490625,8.657892981,8.847716918
0.4909375,8.657892981,8.84612364
0.49125,8.653906532,8.84612364
0.4915625,8.658690271,8.844530361
0.491875,8.66108214,8.845327
0.4921875,8.653906532,8.846920279
0.4925,8.657095691,8.847716918
0.4928125,8.655501111,8.849310196
0.493125,8.65948756,8.847716918
0.4934375,8.66028485,8.849310196
0.49375,8.654703822,8.849310196
0.4940625,8.654703822,8.850903474
0.494375,8.653906532,8.849310196
0.4946875,8.657095691,8.847716918
0.495,8.66187943,8.850106835
0.4953125,8.654703822,8.849310196
0.495625,8.654703822,8.850903474
0.4959375,8.653109242,8.850903474
0.49625,8.657892981,8.847716918
0.4965625,8.657095691,8.846920279
0.496875,8.652311952,8.849310196
0.4971875,8.650717372,8.852496752
0.4975,8.650717372,8.851700113
0.4978125,8.657095691,8.850903474
0.498125,8.66108214,8.851700113
0.4984375,8.66187943,8.85409003
0.49875,8.656298401,8.858073225
0.4990625,8.657095691,8.857276586
0.499375,8.66028485,8.854886669
0.4996875,8.66028485,8.85409003
0.5,8.658690271,8.856479947
0.5003125,8.656298401,8.858073225
0.500625,8.654703822,8.857276586
0.5009375,8.656298401,8.85409003
0.50125,8.658690271,8.852496752
0.5015625,8.653109242,8.853293391
0.501875,8.653906532,8.85409003
0.5021875,8.652311952,8.854886669
0.5025,8.651514662,8.850903474
0.5028125,8.651514662,8.850903474
0.503125,8.648325503,8.850903474
0.5034375,8.643541764,8.850106835
0.50375,8.643541764,8.850903474
0.5040625,8.641947184,8.848513557
0.504375,8.646730923,8.847716918
0.5046875,8.642744474,8.847716918
0.505,8.641947184,8.848513557
0.5053125,8.641149895,8.850903474
0.505625,8.641947184,8.848513557
0.5059375,8.645136344,8.84612364
0.50625,8.641149895,8.849310196
0.5065625,8.642744474,8.850903474
0.506875,8.639555315,8.851700113
0.5071875,8.639555315,8.850106835
0.5075,8.641947184,8.845327
0.5078125,8.637163446,8.845327
0.508125,8.634771576,8.844530361
0.5084375,8.630785127,8.846920279
0.50875,8.633176997,8.846920279
0.5090625,8.636366156,8.84612364
0.509375,8.634771576,8.847716918
0.5096875,8.633176997,8.848513557
0.51,8.632379707,8.850106835
0.5103125,8.632379707,8.850106835
0.510625,8.638758025,8.846920279
0.5109375,8.636366156,8.848513557
0.51125,8.630785127,8.849310196
0.5115625,8.633974286,8.850903474
0.511875,8.632379707,8.850903474
0.5121875,8.633974286,8.847716918
0.5125,8.632379707,8.846920279
0.5128125,8.631582417,8.850106835
0.513125,8.630785127,8.849310196
0.5134375,8.628393258,8.848513557
0.51375,8.632379707,8.846920279
0.5140625,8.632379707,8.847716918
0.514375,8.631582417,8.850106835
0.5146875,8.633974286,8.854886669
0.515,8.633974286,8.857276586
0.5153125,8.636366156,8.853293391
0.515625,8.636366156,8.853293391
0.5159375,8.633176997,8.858073225
0.51625,8.636366156,8.858869864
0.5165625,8.631582417,8.858073225
0.516875,8.634771576,8.853293391
0.5171875,8.634771576,8.850903474
0.5175,8.630785127,8.852496752
0.5178125,8.627595968,8.85409003
0.518125,8.628393258,8.852496752
0.5184375,8.628393258,8.847716918
0.51875,8.626798678,8.845327
0.5190625,8.623609519,8.848513557
0.519375,8.622014939,8.850903474
0.5196875,8.623609519,8.849310196
0.52,8.622014939,8.845327
0.5203125,8.623609519,8.843733722
0.520625,8.61882578,8.845327
0.5209375,8.6172312,8.848513557
0.52125,8.6172312,8.846920279
0.5215625,8.614839331,8.844530361
0.521875,8.61802849,8.842140444
0.5221875,8.6172312,8.844530361
0.5225,8.615636621,8.846920279
0.5228125,8.61643391,8.847716918
0.523125,8.61643391,8.845327
0.5234375,8.61802849,8.843733722
0.52375,8.614042041,8.844530361
0.5240625,8.612447461,8.845327
0.524375,8.610055592,8.84612364
0.5246875,8.614839331,8.842140444
0.525,8.613244751,8.841343805
0.5253125,8.611650171,8.843733722
0.525625,8.610055592,8.84612364
0.5259375,8.609258302,8.848513557
0.52625,8.611650171,8.848513557
0.5265625,8.614839331,8.843733722
0.526875,8.610852882,8.844530361
0.5271875,8.610852882,8.846920279
0.5275,8.610852882,8.849310196
0.5278125,8.610055592,8.848513557
0.528125,8.613244751,8.842937083
0.5284375,8.608461012,8.84612364
0.52875,8.606866433,8.846920279
0.5290625,8.605271853,8.848513557
0.529375,8.606866433,8.846920279
0.5296875,8.609258302,8.842937083
0.53,8.609258302,8.842140444
0.5303125,8.605271853,8.84612364
0.530625,8.606069143,8.849310196
0.5309375,8.606069143,8.850106835
0.53125,8.612447461,8.850903474
0.5315625,8.613244751,8.849310196
0.531875,8.610852882,8.853293391
0.5321875,8.610852882,8.85409003
0.5325,8.611650171,8.854886669
0.5328125,8.614839331,8.85409003
0.533125,8.611650171,8.852496752
0.5334375,8.610852882,8.85409003
0.53375,8.605271853,8.856479947
0.5340625,8.604474563,8.855683308
0.534375,8.605271853,8.850106835
0.5346875,8.606069143,8.850903474
0.535,8.602879983,8.849310196
0.5353125,8.600488114,8.851700113
0.535625,8.599690824,8.850903474
0.5359375,8.597298955,8.84612364
0.53625,8.598893534,8.846920279
0.5365625,8.596501665,8.846920279
0.536875,8.593312506,8.846920279
0.5371875,8.592515216,8.846920279
0.5375,8.590920636,8.845327
0.5378125,8.590920636,8.843733722
0.538125,8.590920636,8.846920279
0.5384375,8.591717926,8.849310196
0.53875,8.590123346,8.847716918
0.5390625,8.590920636,8.846920279
0.539375,8.587731477,8.84612364
0.5396875,8.586934187,8.846920279
0.54,8.586934187,8.849310196
0.5403125,8.587731477,8.847716918
0.540625,8.581353158,8.844530361
0.5409375,8.578163999,8.842937083
0.54125,8.578163999,8.842140444
0.5415625,8.577366709,8.844530361
0.541875,8.578961289,8.844530361
0.5421875,8.577366709,8.844530361
0.5425,8.57656942,8.844530361
0.5428125,8.57656942,8.845327
0.543125,8.577366709,8.84612364
0.5434375,8.580555869,8.849310196
0.54375,8.578961289,8.848513557
0.5440625,8.578961289,8.846920279
0.544375,8.57577213,8.847716918
0.5446875,8.57577213,8.848513557
0.545,8.57497484,8.846920279
0.5453125,8.57497484,8.846920279
0.545625,8.57577213,8.846920279
0.5459375,8.57258297,8.846920279
0.54625,8.57338026,8.84612364
0.5465625,8.57338026,8.846920279
0.546875,8.571785681,8.846920279
0.5471875,8.57258297,8.846920279
0.5475,8.57577213,8.849310196
0.5478125,8.57338026,8.850903474
0.548125,8.57656942,8.853293391
0.5484375,8.57577213,8.852496752
0.54875,8.57577213,8.852496752
0.5490625,8.57656942,8.853293391
0.549375,8.57656942,8.854886669
0.5496875,8.578163999,8.854886669
0.55,8.57577213,8.853293391
0.5503125,8.57258297,8.852496752
0.550625,8.57258297,8.853293391
0.5509375,8.57258297,8.853293391
0.55125,8.57258297,8.851700113
0.5515625,8.569393811,8.852496752
0.551875,8.568596521,8.850903474
0.5521875,8.568596521,8.849310196
0.5525,8.565407362,8.848513557
0.5528125,8.566204652,8.849310196
0.553125,8.566204652,8.848513557
0.5534375,8.563015493,8.846920279
0.55375,8.562218203,8.84612364
0.5540625,8.562218203,8.84612364
0.554375,8.559826333,8.846920279
0.5546875,8.563812782,8.846920279
0.555,8.558231754,8.84612364
0.5553125,8.561420913,8.84612364
0.555625,8.561420913,8.846920279
0.5559375,8.561420913,8.847716918
0.55625,8.559826333,8.846920279
0.5565625,8.562218203,8.847716918
0.556875,8.559029044,8.847716918
0.5571875,8.559826333,8.846920279
0.5575,8.555042594,8.844530361
0.5578125,8.553448015,8.845327
0.558125,8.553448015,8.845327
0.5584375,8.555839884,8.844530361
0.55875,8.554245305,8.845327
0.5590625,8.552650725,8.845327
0.559375,8.553448015,8.846920279
0.5596875,8.555042594,8.847716918
0.56,8.556637174,8.846920279
0.5603125,8.552650725,8.846920279
0.560625,8.554245305,8.848513557
0.5609375,8.552650725,8.848513557
0.56125,8.553448015,8.849310196
0.5615625,8.551853435,8.847716918
0.561875,8.554245305,8.846920279
0.5621875,8.550258856,8.847716918
0.5625,8.551853435,8.847716918
0.5628125,8.551056145,8.850106835
0.563125,8.551853435,8.849310196
0.5634375,8.551853435,8.849310196
0.56375,8.551853435,8.850106835
0.5640625,8.550258856,8.850106835
0.564375,8.551056145,8.852496752
0.5646875,8.556637174,8.856479947
0.565,8.555839884,8.854886669
0.5653125,8.554245305,8.854886669
0.565625,8.551853435,8.85409003
0.5659375,8.553448015,8.855683308
0.56625,8.553448015,8.857276586
0.5665625,8.555839884,8.854886669
0.566875,8.551056145,8.855683308
0.5671875,8.551056145,8.85409003
0.5675,8.547866986,8.854886669
0.5678125,8.547069696,8.85409003
0.568125,8.547866986,8.853293391
0.5684375,8.547866986,8.851700113
0.56875,8.545475117,8.852496752
0.5690625,8.546272406,8.852496752
0.569375,8.543083247,8.852496752
0.5696875,8.543083247,8.850903474
0.57,8.543880537,8.851700113
0.5703125,8.541488668,8.850903474
0.570625,8.539096798,8.850903474
0.5709375,8.540691378,8.850903474
0.57125,8.538299508,8.850106835
0.5715625,8.539894088,8.847716918
0.571875,8.536704929,8.849310196
0.5721875,8.536704929,8.850106835
0.5725,8.533515769,8.850106835
0.5728125,8.535907639,8.850903474
0.573125,8.535907639,8.850106835
0.5734375,8.537502218,8.850903474
0.57375,8.53271848,8.850106835
0.5740625,8.5311239,8.849310196
0.574375,8.528732031,8.848513557
0.5746875,8.53032661,8.848513557
0.575,8.527137451,8.847716918
0.5753125,8.525542871,8.847716918
0.575625,8.526340161,8.849310196
0.5759375,8.525542871,8.849310196
0.57625,8.53032661,8.850106835
0.5765625,8.528732031,8.850903474
0.576875,8.526340161,8.850106835
0.5771875,8.524745581,8.851700113
0.5775,8.527137451,8.851700113
0.5778125,8.528732031,8.852496752
0.578125,8.5311239,8.853293391
0.5784375,8.525542871,8.851700113
0.57875,8.524745581,8.851700113
0.5790625,8.521556422,8.851700113
0.579375,8.527934741,8.852496752
0.5796875,8.525542871,8.853293391
0.58,8.527137451,8.853293391
0.5803125,8.520759132,8.851700113
0.580625,8.523151002,8.854886669
0.5809375,8.524745581,8.85409003
0.58125,8.527934741,8.857276586
0.5815625,8.528732031,8.858869864
0.581875,8.53032661,8.859666503
0.5821875,8.527934741,8.859666503
0.5825,8.52952932,8.858869864
0.5828125,8.527934741,8.860463142
0.583125,8.528732031,8.861259781
0.5834375,8.526340161,8.859666503
0.58375,8.523948292,8.858869864
0.5840625,8.523948292,8.858073225
0.584375,8.521556422,8.857276586
0.5846875,8.523151002,8.857276586
0.585,8.518367263,8.855683308
0.5853125,8.519164553,8.856479947
0.585625,8.515975393,8.854886669
0.5859375,8.518367263,8.853293391
0.58625,8.514380814,8.85409003
0.5865625,8.516772683,8.85409003
0.586875,8.511191655,8.854886669
0.5871875,8.513583524,8.853293391
0.5875,8.512786234,8.853293391
0.5878125,8.512786234,8.853293391
0.588125,8.509597075,8.85409003
0.5884375,8.511988944,8.852496752
0.58875,8.508002495,8.851700113
0.5890625,8.512786234,8.852496752
0.589375,8.510394365,8.853293391
0.5896875,8.511988944,8.853293391
0.59,8.507205205,8.853293391
0.5903125,8.510394365,8.85409003
0.590625,8.507205205,8.851700113
0.5909375,8.505610626,8.849310196
0.59125,8.505610626,8.848513557
0.5915625,8.501624177,8.847716918
0.591875,8.501624177,8.849310196
0.5921875,8.504016046,8.851700113
0.5925,8.504016046,8.851700113
0.5928125,8.506407916,8.853293391
0.593125,8.503218756,8.853293391
0.5934375,8.502421467,8.85409003
0.59375,8.504016046,8.85409003
0.5940625,8.503218756,8.854886669
0.594375,8.504016046,8.854886669
0.5946875,8.501624177,8.85409003
0.595,8.502421467,8.85409003
0.5953125,8.501624177,8.85409003
0.595625,8.502421467,8.855683308
0.5959375,8.503218756,8.854886669
0.59625,8.500029597,8.85409003
0.5965625,8.498435017,8.85409003
0.596875,8.499232307,8.85409003
0.5971875,8.500029597,8.855683308
0.5975,8.502421467,8.855683308
0.5978125,8.500029597,8.855683308
0.598125,8.504813336,8.859666503
0.5984375,8.504016046,8.860463142
0.59875,8.506407916,8.862853059
0.5990625,8.504813336,8.861259781
0.599375,8.504813336,8.86205642
0.5996875,8.503218756,8.86205642
0.6,8.502421467,8.86205642
0.6003125,8.501624177,8.860463142
0.600625,8.500826887,8.859666503
0.6009375,8.498435017,8.859666503
0.60125,8.496840438,8.858869864
0.6015625,8.496840438,8.858869864
0.601875,8.496840438,8.856479947
0.6021875,8.494448568,8.857276586
0.6025,8.493651279,8.855683308
0.6028125,8.493651279,8.856479947
0.603125,8.493651279,8.857276586
0.6034375,8.492853989,8.854886669
0.60375,8.489664829,8.85409003
0.6040625,8.48886754,8.853293391
0.604375,8.48727296,8.853293391
0.6046875,8.489664829,8.851700113
0.605,8.483286511,8.850903474
0.6053125,8.484083801,8.850903474
0.605625,8.48567838,8.853293391
0.6059375,8.48727296,8.85409003
0.60625,8.484083801,8.853293391
0.6065625,8.484083801,8.85409003
0.606875,8.483286511,8.85409003
0.6071875,8.484083801,8.85409003
0.6075,8.479300062,8.850903474
0.6078125,8.480097352,8.850903474
0.608125,8.475313613,8.850903474
0.6084375,8.477705482,8.850903474
0.60875,8.475313613,8.851700113
0.6090625,8.477705482,8.851700113
0.609375,8.475313613,8.852496752
0.6096875,8.476908192,8.851700113
0.61,8.474516323,8.853293391
0.6103125,8.478502772,8.85409003
0.610625,8.475313613,8.85409003
0.6109375,8.475313613,8.854886669
0.61125,8.474516323,8.85409003
0.6115625,8.472124454,8.85409003
0.611875,8.474516323,8.853293391
0.6121875,8.470529874,8.85409003
0.6125,8.472921743,8.853293391
0.6128125,8.470529874,8.853293391
0.613125,8.470529874,8.85409003
0.6134375,8.471327164,8.85409003
0.61375,8.469732584,8.85409003
0.6140625,8.469732584,8.854886669
0.614375,8.471327164,8.855683308
0.6146875,8.475313613,8.858869864
0.615,8.471327164,8.858869864
0.6153125,8.472124454,8.858869864
0.615625,8.472921743,8.858869864
0.6159375,8.473719033,8.859666503
0.61625,8.473719033,8.859666503
0.6165625,8.469732584,8.858869864
0.616875,8.471327164,8.858869864
0.6171875,8.469732584,8.858073225
0.6175,8.472921743,8.858869864
0.6178125,8.471327164,8.858073225
0.618125,8.466543425,8.856479947
0.6184375,8.465746135,8.856479947
0.61875,8.467340715,8.857276586
0.6190625,8.466543425,8.856479947
0.619375,8.464151555,8.854886669
0.6196875,8.462556976,8.855683308
0.62,8.463354266,8.856479947
0.6203125,8.463354266,8.855683308
0.620625,8.460962396,8.854886669
0.6209375,8.459367816,8.85409003
0.62125,8.458570527,8.854886669
0.6215625,8.456178657,8.853293391
0.621875,8.460165106,8.853293391
0.6221875,8.457773237,8.85409003
0.6225,8.458570527,8.85409003
0.6228125,8.456178657,8.85409003
0.623125,8.454584078,8.85409003
0.6234375,8.459367816,8.854886669
0.62375,8.456975947,8.854886669
0.6240625,8.456178657,8.852496752
0.624375,8.452192208,8.851700113
0.6246875,8.454584078,8.851700113
0.625,8.451394918,8.851700113
0.6253125,8.452192208,8.850903474
0.625625,8.452192208,8.851700113
0.6259375,8.454584078,8.85409003
0.62625,8.452192208,8.852496752
0.6265625,8.452192208,8.853293391
0.626875,8.452989498,8.85409003
0.6271875,8.454584078,8.85409003
0.6275,8.452989498,8.854886669
0.6278125,8.452192208,8.854886669
0.628125,8.449800339,8.854886669
0.6284375,8.452192208,8.855683308
0.62875,8.451394918,8.854886669
0.6290625,8.452192208,8.85409003
0.629375,8.449003049,8.854886669
0.6296875,8.448205759,8.85409003
0.63,8.448205759,8.85409003
0.6303125,8.449800339,8.854886669
0.630625,8.450597628,8.855683308
0.6309375,8.448205759,8.854886669
0.63125,8.449003049,8.857276586
0.6315625,8.452989498,8.859666503
0.631875,8.456178657,8.860463142
0.6321875,8.452989498,8.861259781
0.6325,8.453786788,8.86205642
0.6328125,8.455381367,8.861259781
0.633125,8.454584078,8.86205642
0.6334375,8.453786788,8.862853059
0.63375,8.452989498,8.861259781
0.6340625,8.451394918,8.860463142
0.634375,8.449003049,8.859666503
0.6346875,8.449800339,8.859666503
0.635,8.446611179,8.858073225
0.6353125,8.446611179,8.858073225
0.635625,8.44581389,8.856479947
0.6359375,8.44581389,8.854886669
0.63625,8.449800339,8.850106835
0.6365625,8.441030151,8.854886669
0.636875,8.44342202,8.854886669
0.6371875,8.44421931,8.855683308
0.6375,8.44262473,8.854886669
0.6378125,8.438638281,8.853293391
0.638125,8.439435571,8.853293391
0.6384375,8.438638281,8.852496752
0.63875,8.44182744,8.854886669
0.6390625,8.440232861,8.85409003
0.639375,8.437043702,8.85409003
0.6396875,8.437043702,8.854886669
0.64,8.440232861,8.855683308
0.6403125,8.439435571,8.855683308
0.640625,8.437840991,8.852496752
0.6409375,8.429868093,8.850903474
0.64125,8.431462673,8.850106835
0.6415625,8.431462673,8.850903474
0.641875,8.434651832,8.852496752
0.6421875,8.432259963,8.850903474
0.6425,8.429868093,8.851700113
0.6428125,8.430665383,8.850903474
0.643125,8.433057253,8.853293391
0.6434375,8.436246412,8.855683308
0.64375,8.434651832,8.854886669
0.6440625,8.430665383,8.85409003
0.644375,8.430665383,8.85409003
0.6446875,8.433854542,8.855683308
0.645,8.437043702,8.854886669
0.6453125,8.432259963,8.854886669
0.645625,8.433854542,8.85409003
0.6459375,8.430665383,8.849310196
0.64625,8.425881644,8.851700113
0.6465625,8.434651832,8.854886669
0.646875,8.430665383,8.855683308
0.6471875,8.429868093,8.85409003
0.6475,8.429868093,8.856479947
0.6478125,8.434651832,8.858869864
0.648125,8.437840991,8.86205642
0.6484375,8.437840991,8.861259781
0.64875,8.436246412,8.86205642
0.6490625,8.436246412,8.86205642
0.649375,8.437043702,8.864446338
0.6496875,8.440232861,8.863649698
0.65,8.435449122,8.862853059
0.6503125,8.435449122,8.861259781
0.650625,8.431462673,8.861259781
0.6509375,8.435449122,8.86205642
0.65125,8.433854542,8.860463142
0.6515625,8.433057253,8.858869864
0.651875,8.430665383,8.858073225
0.6521875,8.429070803,8.857276586
0.6525,8.425881644,8.856479947
0.6528125,8.429070803,8.856479947
0.653125,8.426678934,8.855683308
0.6534375,8.427476224,8.855683308
0.65375,8.424287065,8.856479947
0.6540625,8.425084354,8.857276586
0.654375,8.427476224,8.855683308
0.6546875,8.423489775,8.854886669
0.655,8.424287065,8.85409003
0.6553125,8.423489775,8.85409003
0.655625,8.422692485,8.85409003
0.6559375,8.424287065,8.855683308
0.65625,8.422692485,8.854886669
0.6565625,8.425084354,8.855683308
0.656875,8.423489775,8.854886669
0.6571875,8.420300615,8.855683308
0.6575,8.417908746,8.852496752
0.6578125,8.417908746,8.851700113
0.658125,8.416314166,8.850106835
0.6584375,8.417908746,8.851700113
0.65875,8.414719587,8.851700113
0.6590625,8.417111456,8.851700113
0.659375,8.417111456,8.853293391
0.6596875,8.418706036,8.853293391
0.66,8.417908746,8.853293391
0.6603125,8.413922297,8.85409003
0.660625,8.415516877,8.854886669
0.6609375,8.418706036,8.85409003
0.66125,8.417111456,8.853293391
0.6615625,8.417908746,8.85409003
0.661875,8.415516877,8.853293391
0.6621875,8.416314166,8.853293391
0.6625,8.414719587,8.85409003
0.6628125,8.415516877,8.855683308
0.663125,8.415516877,8.85409003
0.6634375,8.413125007,8.853293391
0.66375,8.413125007,8.855683308
0.6640625,8.419503326,8.856479947
0.664375,8.416314166,8.856479947
0.6646875,8.421895195,8.860463142
0.665,8.421895195,8.86205642
0.6653125,8.421097905,8.86205642
0.665625,8.419503326,8.859666503
0.6659375,8.421895195,8.86205642
0.66625,8.421097905,8.860463142
0.6665625,8.420300615,8.859666503
0.666875,8.419503326,8.86205642
0.6671875,8.420300615,8.86205642
0.6675,8.419503326,8.860463142
0.6678125,8.419503326,8.859666503
0.668125,8.418706036,8.858869864
0.6684375,8.415516877,8.857276586
0.66875,8.415516877,8.858073225
0.6690625,8.417111456,8.856479947
0.669375,8.412327717,8.858073225
0.6696875,8.414719587,8.857276586
0.67,8.408341268,8.854886669
0.6703125,8.408341268,8.852496752
0.670625,8.409935848,8.853293391
0.6709375,8.409138558,8.854886669
0.67125,8.409138558,8.85409003
0.6715625,8.406746689,8.851700113
0.671875,8.407543978,8.851700113
0.6721875,8.405949399,8.852496752
0.6725,8.408341268,8.853293391
0.6728125,8.407543978,8.85409003
0.673125,8.405152109,8.85409003
0.6734375,8.402760239,8.853293391
0.67375,8.405152109,8.85409003
0.6740625,8.404354819,8.853293391
0.674375,8.404354819,8.851700113
0.6746875,8.40116566,8.850903474
0.675,8.40036837,8.846920279
0.6753125,8.39957108,8.850106835
0.675625,8.397976501,8.850106835
0.6759375,8.40116566,8.851700113
0.67625,8.402760239,8.85409003
0.6765625,8.397976501,8.851700113
0.676875,8.39877379,8.852496752
0.6771875,8.40196295,8.854886669
0.6775,8.404354819,8.854886669
0.6778125,8.40196295,8.85409003
0.678125,8.39877379,8.851700113
0.6784375,8.397976501,8.850903474
0.67875,8.39877379,8.852496752
0.6790625,8.40196295,8.853293391
0.679375,8.40036837,8.852496752
0.6796875,8.396381921,8.852496752
0.68,8.395584631,8.852496752
0.6803125,8.39877379,8.85409003
0.680625,8.40116566,8.855683308
0.6809375,8.40196295,8.855683308
0.68125,8.403557529,8.858073225
0.6815625,8.404354819,8.859666503
0.681875,8.405152109,8.861259781
0.6821875,8.405152109,8.861259781
0.6825,8.409138558,8.862853059
0.6828125,8.407543978,8.86205642
0.683125,8.405152109,8.86205642
0.6834375,8.405949399,8.861259781
0.68375,8.405152109,8.861259781
0.6840625,8.404354819,8.859666503
0.684375,8.403557529,8.859666503
0.6846875,8.402760239,8.858073225
0.685,8.40116566,8.856479947
0.6853125,8.39957108,8.856479947
0.685625,8.39957108,8.854886669
0.6859375,8.40036837,8.85409003
0.68625,8.397976501,8.853293391
0.6865625,8.396381921,8.85409003
0.686875,8.396381921,8.853293391
0.6871875,8.396381921,8.853293391
0.6875,8.39877379,8.85409003
0.6878125,8.397976501,8.85409003
0.688125,8.396381921,8.852496752
0.6884375,8.394787341,8.852496752
0.68875,8.395584631,8.852496752
0.6890625,8.396381921,8.852496752
0.689375,8.394787341,8.852496752
0.6896875,8.395584631,8.853293391
0.69,8.395584631,8.853293391
0.6903125,8.394787341,8.85409003
0.690625,8.393990051,8.851700113
0.6909375,8.389206313,8.850106835
0.69125,8.391598182,8.850903474
0.6915625,8.389206313,8.850106835
0.691875,8.390003602,8.850903474
0.6921875,8.390003602,8.850106835
0.6925,8.391598182,8.852496752
0.6928125,8.392395472,8.853293391
0.693125,8.393192762,8.85409003
0.6934375,8.390003602,8.852496752
0.69375,8.392395472,8.85409003
0.6940625,8.391598182,8.853293391
0.694375,8.390003602,8.852496752
0.6946875,8.388409023,8.851700113
0.695,8.390003602,8.853293391
0.6953125,8.390003602,8.852496752
0.695625,8.390003602,8.853293391
0.6959375,8.389206313,8.852496752
0.69625,8.388409023,8.853293391
0.6965625,8.389206313,8.853293391
0.696875,8.390800892,8.853293391
0.6971875,8.390003602,8.854886669
0.6975,8.390003602,8.854886669
0.6978125,8.392395472,8.857276586
0.698125,8.394787341,8.859666503
0.6984375,8.397179211,8.860463142
0.69875,8.396381921,8.86205642
0.6990625,8.396381921,8.86205642
0.699375,8.393990051,8.86205642
0.6996875,8.395584631,8.862853059
0.7,8.397179211,8.862853059
0.7003125,8.395584631,8.860463142
0.700625,8.392395472,8.859666503
0.7009375,8.391598182,8.858869864
0.70125,8.390800892,8.858869864
0.7015625,8.391598182,8.858869864
0.701875,8.390800892,8.858869864
0.7021875,8.389206313,8.856479947
0.7025,8.387611733,8.856479947
0.7028125,8.388409023,8.856479947
0.703125,8.387611733,8.854886669
0.7034375,8.386814443,8.855683308
0.70375,8.388409023,8.85409003
0.7040625,8.383625284,8.853293391
0.704375,8.382827994,8.853293391
0.7046875,8.382030704,8.851700113
0.705,8.381233414,8.851700113
0.7053125,8.383625284,8.853293391
0.705625,8.383625284,8.851700113
0.7059375,8.383625284,8.852496752
0.70625,8.381233414,8.850903474
0.7065625,8.381233414,8.852496752
0.706875,8.382827994,8.85409003
0.7071875,8.382827994,8.852496752
0.7075,8.380436125,8.850106835
0.7078125,8.377246965,8.850106835
0.708125,8.378841545,8.850903474
0.7084375,8.377246965,8.851700113
0.70875,8.379638835,8.851700113
0.7090625,8.381233414,8.852496752
0.709375,8.378044255,8.851700113
0.7096875,8.378044255,8.852496752
0.71,8.380436125,8.853293391
0.7103125,8.378841545,8.851700113
0.710625,8.379638835,8.853293391
0.7109375,8.377246965,8.851700113
0.71125,8.376449676,8.850903474
0.7115625,8.378841545,8.85409003
0.711875,8.380436125,8.85409003
0.7121875,8.379638835,8.853293391
0.7125,8.380436125,8.85409003
0.7128125,8.380436125,8.852496752
0.713125,8.377246965,8.853293391
0.7134375,8.379638835,8.85409003
0.71375,8.378841545,8.854886669
0.7140625,8.379638835,8.855683308
0.714375,8.378044255,8.856479947
0.7146875,8.383625284,8.858869864
0.715,8.379638835,8.859666503
0.7153125,8.382030704,8.859666503
0.715625,8.382827994,8.859666503
0.7159375,8.382827994,8.860463142
0.71625,8.382827994,8.861259781
0.7165625,8.382030704,8.859666503
0.716875,8.382827994,8.860463142
0.7171875,8.380436125,8.858073225
0.7175,8.379638835,8.858869864
0.7178125,8.381233414,8.858073225
0.718125,8.380436125,8.858869864
0.7184375,8.377246965,8.856479947
0.71875,8.375652386,8.854886669
0.7190625,8.370071357,8.853293391
0.719375,8.374057806,8.853293391
0.7196875,8.372463226,8.854886669
0.72,8.371665937,8.853293391
0.7203125,8.371665937,8.851700113
0.720625,8.368476777,8.851700113
0.7209375,8.369274067,8.850903474
0.72125,8.367679488,8.851700113
0.7215625,8.366084908,8.850903474
0.721875,8.370071357,8.851700113
0.7221875,8.370868647,8.850106835
0.7225,8.366882198,8.851700113
0.7228125,8.366084908,8.850903474
0.723125,8.366882198,8.852496752
0.7234375,8.370071357,8.851700113
0.72375,8.366882198,8.850106835
0.7240625,8.369274067,8.848513557
0.724375,8.361301169,8.846920279
0.7246875,8.360503879,8.848513557
0.725,8.362098459,8.847716918
0.7253125,8.367679488,8.846920279
0.725625,8.360503879,8.84612364
0.7259375,8.361301169,8.847716918
0.72625,8.360503879,8.84612364
0.7265625,8.362895749,8.850106835
0.726875,8.369274067,8.850106835
0.7271875,8.367679488,8.850106835
0.7275,8.365287618,8.849310196
0.7278125,8.362895749,8.850106835
0.728125,8.366882198,8.850903474
0.7284375,8.366084908,8.850903474
0.72875,8.369274067,8.849310196
0.7290625,8.360503879,8.851700113
0.729375,8.361301169,8.850106835
0.7296875,8.361301169,8.851700113
0.73,8.368476777,8.853293391
0.7303125,8.366882198,8.853293391
0.730625,8.368476777,8.853293391
0.7309375,8.365287618,8.851700113
0.73125,8.366084908,8.855683308
0.7315625,8.372463226,8.859666503
0.731875,8.379638835,8.858073225
0.7321875,8.370071357,8.858869864
0.7325,8.369274067,8.860463142
0.7328125,8.370071357,8.861259781
0.733125,8.374057806,8.859666503
0.7334375,8.378044255,8.858869864
0.73375,8.370868647,8.858869864
0.7340625,8.366084908,8.858869864
0.734375,8.365287618,8.858869864
0.7346875,8.362098459,8.857276586
0.735,8.370868647,8.854886669
0.7353125,8.362895749,8.856479947
0.735625,8.361301169,8.855683308
0.7359375,8.35811201,8.85409003
0.73625,8.362098459,8.854886669
0.7365625,8.366882198,8.852496752
0.736875,8.3589093,8.851700113
0.7371875,8.360503879,8.850903474
0.7375,8.353328271,8.851700113
0.7378125,8.35731472,8.853293391
0.738125,8.362895749,8.849310196
0.7384375,8.359706589,8.849310196
0.73875,8.35572014,8.850903474
0.7390625,8.35731472,8.851700113
0.739375,8.352530981,8.85409003
0.7396875,8.362895749,8.850106835
0.74,8.360503879,8.850903474
0.7403125,8.35572014,8.853293391
0.740625,8.35492285,8.851700113
0.7409375,8.352530981,8.851700113
0.74125,8.353328271,8.849310196
0.7415625,8.353328271,8.847716918
0.741875,8.350139112,8.848513557
0.7421875,8.350139112,8.849310196
0.7425,8.350936401,8.851700113
0.7428125,8.353328271,8.850903474
0.743125,8.35731472,8.847716918
0.7434375,8.35492285,8.849310196
0.74375,8.351733691,8.852496752
0.7440625,8.354125561,8.853293391
0.744375,8.350139112,8.853293391
0.7446875,8.352530981,8.851700113
0.745,8.350139112,8.852496752
0.7453125,8.353328271,8.85409003
0.745625,8.35492285,8.85409003
0.7459375,8.350936401,8.853293391
0.74625,8.361301169,8.850903474
0.7465625,8.350936401,8.851700113
0.746875,8.350936401,8.85409003
0.7471875,8.35572014,8.855683308
0.7475,8.35572014,8.856479947
0.7478125,8.368476777,8.850903474
0.748125,8.369274067,8.853293391
0.7484375,8.3589093,8.859666503
0.74875,8.361301169,8.86205642
0.7490625,8.35811201,8.86205642
0.749375,8.361301169,8.86205642
0.7496875,8.362098459,8.858869864
0.75,8.362098459,8.859666503
0.7503125,8.362895749,8.860463142
0.750625,8.3589093,8.859666503
0.7509375,8.35651743,8.856479947
0.75125,8.359706589,8.858073225
0.7515625,8.35811201,8.858073225
0.751875,8.359706589,8.857276586
0.7521875,8.352530981,8.854886669
0.7525,8.360503879,8.850903474
0.7528125,8.362098459,8.850106835
0.753125,8.360503879,8.848513557
0.7534375,8.35731472,8.850903474
0.75375,8.348544532,8.852496752
0.7540625,8.350139112,8.853293391
0.754375,8.348544532,8.851700113
0.7546875,8.349341822,8.852496752
0.755,8.349341822,8.851700113
0.7553125,8.350139112,8.851700113
0.755625,8.350936401,8.851700113
0.7559375,8.350936401,8.851700113
0.75625,8.352530981,8.853293391
0.7565625,8.35572014,8.854886669
0.756875,8.352530981,8.854886669
0.7571875,8.352530981,8.853293391
0.7575,8.346152662,8.850903474
0.7578125,8.352530981,8.850903474
0.758125,8.351733691,8.850106835
0.7584375,8.350936401,8.850106835
0.75875,8.351733691,8.851700113
0.7590625,8.353328271,8.850106835
0.759375,8.347747242,8.850903474
0.7596875,8.35492285,8.852496752
0.76,8.353328271,8.852496752
0.7603125,8.352530981,8.851700113
0.760625,8.350936401,8.851700113
0.7609375,8.354125561,8.853293391
0.76125,8.35651743,8.853293391
0.7615625,8.353328271,8.853293391
0.761875,8.35492285,8.853293391
0.7621875,8.353328271,8.852496752
0.7625,8.35572014,8.853293391
0.7628125,8.35651743,8.853293391
0.763125,8.35492285,8.853293391
0.7634375,8.354125561,8.853293391
0.76375,8.35731472,8.853293391
0.7640625,8.35651743,8.854886669
0.764375,8.35811201,8.854886669
0.7646875,8.361301169,8.856479947
0.765,8.362895749,8.858073225
0.7653125,8.361301169,8.858869864
0.765625,8.362895749,8.860463142
0.7659375,8.362895749,8.859666503
0.76625,8.364490328,8.859666503
0.7665625,8.363693038,8.858869864
0.766875,8.362895749,8.859666503
0.7671875,8.360503879,8.858869864
0.7675,8.363693038,8.858869864
0.7678125,8.363693038,8.856479947
0.768125,8.361301169,8.857276586
0.7684375,8.362098459,8.856479947
0.76875,8.35811201,8.855683308
0.7690625,8.360503879,8.85409003
0.769375,8.359706589,8.854886669
0.7696875,8.362098459,8.85409003
0.77,8.35731472,8.853293391
0.7703125,8.360503879,8.85409003
0.770625,8.360503879,8.853293391
0.7709375,8.3589093,8.85409003
0.77125,8.35811201,8.85409003
0.7715625,8.35811201,8.851700113
0.771875,8.354125561,8.850903474
0.7721875,8.361301169,8.851700113
0.7725,8.3589093,8.853293391
0.7728125,8.360503879,8.853293391
0.773125,8.360503879,8.853293391
0.7734375,8.360503879,8.855683308
0.77375,8.364490328,8.85409003
0.7740625,8.35811201,8.852496752
0.774375,8.3589093,8.850903474
0.7746875,8.35572014,8.850106835
0.775,8.35572014,8.851700113
0.7753125,8.35731472,8.849310196
0.775625,8.35651743,8.850903474
0.7759375,8.35811201,8.851700113
0.77625,8.360503879,8.851700113
0.7765625,8.35572014,8.852496752
0.776875,8.361301169,8.853293391
0.7771875,8.361301169,8.853293391
0.7775,8.362895749,8.853293391
0.7778125,8.362098459,8.85409003
0.778125,8.361301169,8.852496752
0.7784375,8.360503879,8.850903474
0.77875,8.362895749,8.852496752
0.7790625,8.363693038,8.853293391
0.779375,8.362895749,8.853293391
0.7796875,8.360503879,8.852496752
0.78,8.363693038,8.853293391
0.7803125,8.362895749,8.851700113
0.780625,8.363693038,8.85409003
0.7809375,8.364490328,8.85409003
0.78125,8.366882198,8.857276586
0.7815625,8.368476777,8.858073225
0.781875,8.366882198,8.858073225
0.7821875,8.373260516,8.860463142
0.7825,8.371665937,8.860463142
0.7828125,8.374057806,8.86205642
0.783125,8.371665937,8.859666503
0.7834375,8.373260516,8.860463142
0.78375,8.372463226,8.859666503
0.7840625,8.373260516,8.859666503
0.784375,8.372463226,8.859666503
0.7846875,8.370868647,8.858073225
0.785,8.369274067,8.858073225
0.7853125,8.370868647,8.857276586
0.785625,8.370071357,8.857276586
0.7859375,8.370071357,8.854886669
0.78625,8.366084908,8.853293391
0.7865625,8.368476777,8.854886669
0.786875,8.368476777,8.854886669
0.7871875,8.368476777,8.85409003
0.7875,8.366882198,8.852496752
0.7878125,8.364490328,8.849310196
0.788125,8.364490328,8.850903474
0.7884375,8.363693038,8.850903474
0.78875,8.366084908,8.851700113
0.7890625,8.366084908,8.853293391
0.789375,8.366084908,8.851700113
0.7896875,8.364490328,8.852496752
0.79,8.367679488,8.85409003
0.7903125,8.368476777,8.85409003
0.790625,8.370071357,8.851700113
0.7909375,8.360503879,8.849310196
0.79125,8.362895749,8.848513557
0.7915625,8.364490328,8.849310196
0.791875,8.366882198,8.850903474
0.7921875,8.368476777,8.850903474
0.7925,8.362895749,8.850903474
0.7928125,8.366084908,8.850903474
0.793125,8.366882198,8.850903474
0.7934375,8.370071357,8.853293391
0.79375,8.370071357,8.853293391
0.7940625,8.366882198,8.851700113
0.794375,8.367679488,8.852496752
0.7946875,8.370071357,8.852496752
0.795,8.370868647,8.85409003
0.7953125,8.372463226,8.85409003
0.795625,8.368476777,8.853293391
0.7959375,8.371665937,8.853293391
0.79625,8.372463226,8.854886669
0.7965625,8.374855096,8.855683308
0.796875,8.372463226,8.854886669
0.7971875,8.370868647,8.854886669
0.7975,8.370071357,8.85409003
0.7978125,8.374855096,8.856479947
0.798125,8.378044255,8.860463142
0.7984375,8.380436125,8.860463142
0.79875,8.376449676,8.859666503
0.7990625,8.378841545,8.859666503
0.799375,8.380436125,8.861259781
0.7996875,8.384422574,8.862853059
0.8,8.382827994,8.86205642
0.8003125,8.380436125,8.86205642
0.800625,8.381233414,8.860463142
0.8009375,8.379638835,8.860463142
0.80125,8.382827994,8.859666503
0.8015625,8.380436125,8.857276586
0.801875,8.380436125,8.858073225
0.8021875,8.378841545,8.857276586
0.8025,8.380436125,8.857276586
0.8028125,8.380436125,8.856479947
0.803125,8.381233414,8.854886669
0.8034375,8.378044255,8.855683308
0.80375,8.377246965,8.854886669
0.8040625,8.376449676,8.854886669
0.804375,8.378841545,8.85409003
0.8046875,8.377246965,8.85409003
0.805,8.374057806,8.852496752
0.8053125,8.375652386,8.853293391
0.805625,8.378044255,8.854886669
0.8059375,8.381233414,8.853293391
0.80625,8.378044255,8.855683308
0.8065625,8.380436125,8.856479947
0.806875,8.377246965,8.854886669
0.8071875,8.381233414,8.855683308
0.8075,8.381233414,8.852496752
0.8078125,8.378044255,8.850106835
0.808125,8.376449676,8.850106835
0.8084375,8.379638835,8.852496752
0.80875,8.380436125,8.853293391
0.8090625,8.382030704,8.850903474
0.809375,8.381233414,8.851700113
0.8096875,8.381233414,8.852496752
0.81,8.381233414,8.853293391
0.8103125,8.382030704,8.85409003
0.810625,8.384422574,8.853293391
0.8109375,8.383625284,8.852496752
0.81125,8.384422574,8.853293391
0.8115625,8.382030704,8.85409003
0.811875,8.384422574,8.854886669
0.8121875,8.383625284,8.853293391
0.8125,8.385219864,8.85409003
0.8128125,8.383625284,8.853293391
0.813125,8.384422574,8.853293391
0.8134375,8.385219864,8.85409003
0.81375,8.386814443,8.85409003
0.8140625,8.388409023,8.855683308
0.814375,8.388409023,8.855683308
0.8146875,8.390003602,8.858869864
0.815,8.393990051,8.860463142
0.8153125,8.39877379,8.861259781
0.815625,8.397179211,8.862853059
0.8159375,8.39877379,8.86205642
0.81625,8.393990051,8.861259781
0.8165625,8.395584631,8.860463142
0.816875,8.397976501,8.860463142
0.8171875,8.397976501,8.858869864
0.8175,8.394787341,8.858869864
0.8178125,8.395584631,8.858869864
0.818125,8.39877379,8.858073225
0.8184375,8.395584631,8.857276586
0.81875,8.395584631,8.858073225
0.8190625,8.396381921,8.856479947
0.819375,8.391598182,8.854886669
0.8196875,8.394787341,8.85409003
0.82,8.392395472,8.85409003
0.8203125,8.390800892,8.853293391
0.820625,8.393990051,8.853293391
0.8209375,8.390800892,8.852496752
0.82125,8.392395472,8.853293391
0.8215625,8.392395472,8.851700113
0.821875,8.390800892,8.850106835
0.8221875,8.390800892,8.851700113
0.8225,8.392395472,8.852496752
0.8228125,8.391598182,8.852496752
0.823125,8.396381921,8.851700113
0.8234375,8.394787341,8.85409003
0.82375,8.395584631,8.85409003
0.8240625,8.390003602,8.853293391
0.824375,8.393990051,8.850106835
0.8246875,8.391598182,8.850903474
0.825,8.392395472,8.850106835
0.8253125,8.393192762,8.850106835
0.825625,8.392395472,8.851700113
0.8259375,8.393990051,8.850106835
0.82625,8.393990051,8.851700113
0.8265625,8.395584631,8.851700113
0.826875,8.396381921,8.852496752
0.8271875,8.397976501,8.853293391
0.8275,8.39957108,8.853293391
0.8278125,8.396381921,8.853293391
0.828125,8.395584631,8.852496752
0.8284375,8.39877379,8.852496752
0.82875,8.396381921,8.853293391
0.8290625,8.40116566,8.852496752
0.829375,8.397179211,8.851700113
0.8296875,8.40036837,8.852496752
0.83,8.40116566,8.85409003
0.8303125,8.403557529,8.855683308
0.830625,8.403557529,8.854886669
0.8309375,8.40036837,8.854886669
0.83125,8.405949399,8.856479947
0.8315625,8.407543978,8.858869864
0.831875,8.409935848,8.861259781
0.8321875,8.413125007,8.860463142
0.8325,8.408341268,8.859666503
0.8328125,8.409935848,8.859666503
0.833125,8.410733138,8.858869864
0.8334375,8.409935848,8.861259781
0.83375,8.415516877,8.860463142
0.8340625,8.409138558,8.861259781
0.834375,8.409935848,8.859666503
0.8346875,8.409138558,8.858869864
0.835,8.410733138,8.858073225
0.8353125,8.413125007,8.856479947
0.835625,8.408341268,8.856479947
0.8359375,8.407543978,8.855683308
0.83625,8.406746689,8.854886669
0.8365625,8.407543978,8.856479947
0.836875,8.409138558,8.85409003
0.8371875,8.405152109,8.85409003
0.8375,8.402760239,8.853293391
0.8378125,8.405152109,8.85409003
0.838125,8.402760239,8.852496752
0.8384375,8.408341268,8.850903474
0.83875,8.40116566,8.850903474
0.8390625,8.406746689,8.851700113
0.839375,8.404354819,8.852496752
0.8396875,8.409138558,8.85409003
0.84,8.409138558,8.853293391
0.8403125,8.405949399,8.853293391
0.840625,8.405949399,8.852496752
0.8409375,8.402760239,8.850106835
0.84125,8.404354819,8.850903474
0.8415625,8.405949399,8.850106835
0.841875,8.40196295,8.850106835
0.8421875,8.405152109,8.850106835
0.8425,8.408341268,8.850903474
0.8428125,8.409935848,8.854886669
0.843125,8.413922297,8.853293391
0.8434375,8.406746689,8.854886669
0.84375,8.413922297,8.855683308
0.8440625,8.410733138,8.854886669
0.844375,8.413922297,8.856479947
0.8446875,8.414719587,8.852496752
0.845,8.413125007,8.854886669
0.8453125,8.409935848,8.853293391
0.845625,8.414719587,8.855683308
0.8459375,8.416314166,8.856479947
0.84625,8.416314166,8.855683308
0.8465625,8.413922297,8.85409003
0.846875,8.414719587,8.854886669
0.8471875,8.411530427,8.855683308
0.8475,8.420300615,8.85409003
0.8478125,8.431462673,8.852496752
0.848125,8.416314166,8.859666503
0.8484375,8.423489775,8.86205642
0.84875,8.423489775,8.86205642
0.8490625,8.426678934,8.863649698
0.849375,8.425881644,8.86205642
0.8496875,8.421097905,8.861259781
0.85,8.423489775,8.861259781
0.8503125,8.422692485,8.860463142
0.850625,8.421895195,8.86205642
0.8509375,8.425881644,8.859666503
0.85125,8.418706036,8.858869864
0.8515625,8.422692485,8.858073225
0.851875,8.421097905,8.857276586
0.8521875,8.418706036,8.854886669
0.8525,8.417908746,8.853293391
0.8528125,8.415516877,8.85409003
0.853125,8.418706036,8.854886669
0.8534375,8.417908746,8.85409003
0.85375,8.421895195,8.85409003
0.8540625,8.419503326,8.852496752
0.854375,8.415516877,8.852496752
0.8546875,8.414719587,8.852496752
0.855,8.418706036,8.851700113
0.8553125,8.419503326,8.85409003
0.855625,8.421895195,8.854886669
0.8559375,8.419503326,8.853293391
0.85625,8.419503326,8.85409003
0.8565625,8.421097905,8.85409003
0.856875,8.425881644,8.851700113
0.8571875,8.423489775,8.853293391
0.8575,8.417908746,8.852496752
0.8578125,8.419503326,8.850903474
0.858125,8.419503326,8.850903474
0.8584375,8.421097905,8.850903474
0.85875,8.419503326,8.850106835
0.8590625,8.419503326,8.852496752
0.859375,8.422692485,8.853293391
0.8596875,8.422692485,8.85409003
0.86,8.425084354,8.852496752
0.8603125,8.426678934,8.852496752
0.860625,8.423489775,8.85409003
0.8609375,8.425881644,8.855683308
0.86125,8.426678934,8.855683308
0.8615625,8.425084354,8.853293391
0.861875,8.432259963,8.850106835
0.8621875,8.424287065,8.853293391
0.8625,8.428273514,8.854886669
0.8628125,8.427476224,8.854886669
0.863125,8.432259963,8.853293391
0.8634375,8.428273514,8.853293391
0.86375,8.428273514,8.855683308
0.8640625,8.429070803,8.856479947
0.864375,8.431462673,8.856479947
0.8646875,8.437043702,8.858869864
0.865,8.436246412,8.859666503
0.8653125,8.438638281,8.861259781
0.865625,8.440232861,8.86205642
0.8659375,8.440232861,8.863649698
0.86625,8.440232861,8.86205642
0.8665625,8.44421931,8.86205642
0.866875,8.438638281,8.860463142
0.8671875,8.441030151,8.861259781
0.8675,8.44262473,8.861259781
0.8678125,8.440232861,8.859666503
0.868125,8.437043702,8.856479947
0.8684375,8.437840991,8.858073225
0.86875,8.438638281,8.858869864
0.8690625,8.437043702,8.857276586
0.869375,8.441030151,8.854886669
0.8696875,8.433854542,8.85409003
0.87,8.433854542,8.85409003
0.8703125,8.434651832,8.854886669
0.870625,8.434651832,8.854886669
0.8709375,8.437043702,8.851700113
0.87125,8.439435571,8.852496752
0.8715625,8.433854542,8.853293391
0.871875,8.435449122,8.853293391
0.8721875,8.435449122,8.85409003
0.8725,8.44182744,8.851700113
0.8728125,8.435449122,8.849310196
0.873125,8.435449122,8.851700113
0.8734375,8.437840991,8.85409003
0.87375,8.439435571,8.854886669
0.8740625,8.44581389,8.848513557
0.874375,8.433057253,8.850106835
0.8746875,8.433057253,8.849310196
0.875,8.435449122,8.850106835
0.8753125,8.434651832,8.850903474
0.875625,8.44262473,8.850106835
0.8759375,8.439435571,8.850903474
0.87625,8.438638281,8.850903474
0.8765625,8.440232861,8.853293391
0.876875,8.44262473,8.85409003
0.8771875,8.449003049,8.850903474
0.8775,8.44262473,8.85409003
0.8778125,8.440232861,8.85409003
0.878125,8.441030151,8.85409003
0.8784375,8.44262473,8.855683308
0.87875,8.449800339,8.853293391
0.8790625,8.44421931,8.853293391
0.879375,8.44342202,8.853293391
0.8796875,8.44421931,8.855683308
0.88,8.452192208,8.854886669
0.8803125,8.452989498,8.853293391
0.880625,8.454584078,8.853293391
0.8809375,8.448205759,8.857276586
0.88125,8.450597628,8.858869864
0.8815625,8.452192208,8.860463142
0.881875,8.460962396,8.857276586
0.8821875,8.456975947,8.858869864
0.8825,8.451394918,8.859666503
0.8828125,8.454584078,8.861259781
0.883125,8.456178657,8.861259781
0.8834375,8.465746135,8.857276586
0.88375,8.456178657,8.859666503
0.8840625,8.456975947,8.860463142
0.884375,8.454584078,8.861259781
0.8846875,8.460962396,8.859666503
0.885,8.457773237,8.858869864
0.8853125,8.457773237,8.857276586
0.885625,8.453786788,8.858073225
0.8859375,8.454584078,8.857276586
0.88625,8.453786788,8.85409003
0.8865625,8.453786788,8.853293391
0.886875,8.452192208,8.85409003
0.8871875,8.450597628,8.85409003
0.8875,8.451394918,8.855683308
0.8878125,8.452192208,8.851700113
0.888125,8.456178657,8.848513557
0.8884375,8.451394918,8.851700113
0.88875,8.452192208,8.851700113
0.8890625,8.452192208,8.85409003
0.889375,8.457773237,8.851700113
0.8896875,8.457773237,8.852496752
0.89,8.456178657,8.850903474
0.8903125,8.452192208,8.851700113
0.890625,8.451394918,8.852496752
0.8909375,8.452192208,8.849310196
0.89125,8.456178657,8.847716918
0.8915625,8.456178657,8.848513557
0.891875,8.453786788,8.849310196
0.8921875,8.454584078,8.850903474
0.8925,8.459367816,8.849310196
0.8928125,8.462556976,8.850106835
0.893125,8.455381367,8.851700113
0.8934375,8.456975947,8.852496752
0.89375,8.457773237,8.853293391
0.8940625,8.461759686,8.853293391
0.894375,8.464151555,8.852496752
0.8946875,8.461759686,8.851700113
0.895,8.461759686,8.853293391
0.8953125,8.459367816,8.85409003
0.895625,8.464948845,8.852496752
0.8959375,8.463354266,8.851700113
0.89625,8.462556976,8.852496752
0.8965625,8.461759686,8.853293391
0.896875,8.463354266,8.853293391
0.8971875,8.466543425,8.854886669
0.8975,8.468138004,8.85409003
0.8978125,8.468935294,8.856479947
0.898125,8.468935294,8.860463142
0.8984375,8.472921743,8.861259781
0.89875,8.474516323,8.860463142
0.8990625,8.473719033,8.860463142
0.899375,8.474516323,8.860463142
0.8996875,8.479300062,8.86205642
0.9,8.475313613,8.86205642
0.9003125,8.478502772,8.859666503
0.900625,8.477705482,8.859666503
0.9009375,8.478502772,8.859666503
0.90125,8.478502772,8.858869864
0.9015625,8.476110903,8.858869864
0.901875,8.480097352,8.858073225
0.9021875,8.477705482,8.858073225
0.9025,8.477705482,8.856479947
0.9028125,8.476110903,8.855683308
0.903125,8.479300062,8.856479947
0.9034375,8.481691931,8.856479947
0.90375,8.481691931,8.855683308
0.9040625,8.479300062,8.854886669
0.904375,8.479300062,8.854886669
0.9046875,8.476908192,8.853293391
0.905,8.481691931,8.851700113
0.9053125,8.480894642,8.853293391
0.905625,8.481691931,8.853293391
0.9059375,8.480894642,8.853293391
0.90625,8.481691931,8.85409003
0.9065625,8.48567838,8.853293391
0.906875,8.483286511,8.854886669
0.9071875,8.484881091,8.85409003
0.9075,8.477705482,8.852496752
0.9078125,8.480894642,8.851700113
0.908125,8.484083801,8.853293391
0.9084375,8.484881091,8.851700113
0.90875,8.482489221,8.850903474
0.9090625,8.480097352,8.851700113
0.909375,8.484881091,8.852496752
0.9096875,8.491259409,8.85409003
0.91,8.492056699,8.855683308
0.9103125,8.490462119,8.85409003
0.910625,8.490462119,8.855683308
0.9109375,8.492853989,8.855683308
0.91125,8.492056699,8.854886669
0.9115625,8.48886754,8.854886669
0.911875,8.494448568,8.854886669
0.9121875,8.492056699,8.854886669
0.9125,8.496043148,8.854886669
0.9128125,8.495245858,8.85409003
0.913125,8.494448568,8.85409003
0.9134375,8.496043148,8.855683308
0.91375,8.497637728,8.856479947
0.9140625,8.498435017,8.856479947
0.914375,8.498435017,8.856479947
0.9146875,8.501624177,8.860463142
0.915,8.505610626,8.863649698
0.9153125,8.506407916,8.865242977
0.915625,8.510394365,8.862853059
0.9159375,8.505610626,8.863649698
0.91625,8.508002495,8.863649698
0.9165625,8.508002495,8.86205642
0.916875,8.508799785,8.862853059
0.9171875,8.509597075,8.862853059
0.9175,8.508799785,8.861259781
0.9178125,8.507205205,8.860463142
0.918125,8.505610626,8.859666503
0.9184375,8.507205205,8.858869864
0.91875,8.508799785,8.859666503
0.9190625,8.506407916,8.858073225
0.919375,8.506407916,8.856479947
0.9196875,8.504813336,8.857276586
0.92,8.504813336,8.854886669
0.9203125,8.506407916,8.855683308
0.920625,8.504813336,8.85409003
0.9209375,8.507205205,8.853293391
0.92125,8.506407916,8.853293391
0.9215625,8.506407916,8.853293391
0.921875,8.507205205,8.853293391
0.9221875,8.507205205,8.85409003
0.9225,8.509597075,8.854886669
0.9228125,8.511988944,8.85409003
0.923125,8.507205205,8.85409003
0.9234375,8.510394365,8.854886669
0.92375,8.512786234,8.856479947
0.9240625,8.511988944,8.854886669
0.924375,8.511191655,8.852496752
0.9246875,8.510394365,8.851700113
0.925,8.510394365,8.851700113
0.9253125,8.511191655,8.853293391
0.925625,8.513583524,8.853293391
0.9259375,8.513583524,8.854886669
0.92625,8.515975393,8.85409003
0.9265625,8.511988944,8.853293391
0.926875,8.512786234,8.853293391
0.9271875,8.513583524,8.853293391
0.9275,8.515975393,8.854886669
0.9278125,8.517569973,8.856479947
0.928125,8.518367263,8.854886669
0.9284375,8.514380814,8.85409003
0.92875,8.515975393,8.854886669
0.9290625,8.519164553,8.855683308
0.929375,8.519164553,8.855683308
0.9296875,8.518367263,8.854886669
0.93,8.518367263,8.85409003
0.9303125,8.519164553,8.85409003
0.930625,8.520759132,8.854886669
0.9309375,8.519961843,8.854886669
0.93125,8.523151002,8.858869864
0.9315625,8.526340161,8.860463142
0.931875,8.527934741,8.860463142
0.9321875,8.52952932,8.861259781
0.9325,8.53032661,8.861259781
0.9328125,8.53192119,8.862853059
0.933125,8.53271848,8.86205642
0.9334375,8.535110349,8.861259781
0.93375,8.53192119,8.861259781
0.9340625,8.53271848,8.859666503
0.934375,8.53032661,8.858073225
0.9346875,8.53032661,8.858073225
0.935,8.528732031,8.857276586
0.9353125,8.528732031,8.856479947
0.935625,8.527934741,8.855683308
0.9359375,8.526340161,8.855683308
0.93625,8.525542871,8.85409003
0.9365625,8.526340161,8.854886669
0.936875,8.53032661,8.853293391
0.9371875,8.526340161,8.853293391
0.9375,8.527137451,8.852496752
0.9378125,8.525542871,8.851700113
0.938125,8.526340161,8.851700113
0.9384375,8.527137451,8.853293391
0.93875,8.52952932,8.852496752
0.9390625,8.527137451,8.852496752
0.939375,8.53032661,8.854886669
0.9396875,8.53192119,8.85409003
0.94,8.535110349,8.857276586
0.9403125,8.535110349,8.855683308
0.940625,8.53032661,8.85409003
0.9409375,8.528732031,8.850903474
0.94125,8.53032661,8.850903474
0.9415625,8.53192119,8.851700113
0.941875,8.53192119,8.852496752
0.9421875,8.533515769,8.853293391
0.9425,8.5311239,8.851700113
0.9428125,8.53271848,8.852496752
0.943125,8.53192119,8.853293391
0.9434375,8.533515769,8.853293391
0.94375,8.534313059,8.851700113
0.9440625,8.533515769,8.852496752
0.944375,8.535110349,8.852496752
0.9446875,8.534313059,8.851700113
0.945,8.537502218,8.85409003
0.9453125,8.538299508,8.85409003
0.945625,8.537502218,8.851700113
0.9459375,8.539096798,8.85409003
0.94625,8.539894088,8.853293391
0.9465625,8.539894088,8.853293391
0.946875,8.539096798,8.853293391
0.9471875,8.539096798,8.853293391
0.9475,8.540691378,8.852496752
0.9478125,8.543880537,8.85409003
0.948125,8.546272406,8.856479947
0.9484375,8.543880537,8.857276586
0.94875,8.548664276,8.859666503
0.9490625,8.548664276,8.858073225
0.949375,8.550258856,8.859666503
0.9496875,8.548664276,8.859666503
0.95,8.547866986,8.858073225
0.9503125,8.548664276,8.859666503
0.950625,8.550258856,8.859666503
0.9509375,8.552650725,8.858869864
0.95125,8.548664276,8.858073225
0.9515625,8.546272406,8.857276586
0.951875,8.548664276,8.856479947
0.9521875,8.549461566,8.857276586
0.9525,8.548664276,8.855683308
0.9528125,8.543083247,8.852496752
0.953125,8.543083247,8.853293391
0.9534375,8.545475117,8.853293391
0.95375,8.545475117,8.853293391
0.9540625,8.544677827,8.853293391
0.954375,8.545475117,8.851700113
0.9546875,8.539894088,8.850106835
0.955,8.544677827,8.851700113
0.9553125,8.546272406,8.853293391
0.955625,8.547866986,8.853293391
0.9559375,8.544677827,8.851700113
0.95625,8.541488668,8.850903474
0.9565625,8.542285957,8.852496752
0.956875,8.546272406,8.853293391
0.9571875,8.547866986,8.85409003
0.9575,8.543880537,8.852496752
0.9578125,8.542285957,8.850903474
0.958125,8.544677827,8.850106835
0.9584375,8.544677827,8.850903474
0.95875,8.547069696,8.851700113
0.9590625,8.547866986,8.850903474
0.959375,8.544677827,8.849310196
0.9596875,8.545475117,8.850903474
0.96,8.549461566,8.850903474
0.9603125,8.550258856,8.852496752
0.960625,8.551056145,8.85409003
0.9609375,8.550258856,8.853293391
0.96125,8.551056145,8.85409003
0.9615625,8.552650725,8.854886669
0.961875,8.553448015,8.85409003
0.9621875,8.553448015,8.85409003
0.9625,8.550258856,8.85409003
0.9628125,8.555839884,8.85409003
0.963125,8.555042594,8.854886669
0.9634375,8.555042594,8.854886669
0.96375,8.551056145,8.85409003
0.9640625,8.553448015,8.855683308
0.964375,8.559826333,8.854886669
0.9646875,8.559029044,8.858073225
0.965,8.561420913,8.860463142
0.9653125,8.561420913,8.860463142
0.965625,8.559826333,8.858869864
0.9659375,8.564610072,8.860463142
0.96625,8.564610072,8.860463142
0.9665625,8.566204652,8.860463142
0.966875,8.563812782,8.859666503
0.9671875,8.563015493,8.858869864
0.9675,8.564610072,8.858869864
0.9678125,8.564610072,8.858073225
0.968125,8.563015493,8.858073225
0.9684375,8.560623623,8.855683308
0.96875,8.559029044,8.85409003
0.9690625,8.561420913,8.858073225
0.969375,8.563015493,8.856479947
0.9696875,8.559826333,8.85409003
0.97,8.557434464,8.853293391
0.9703125,8.556637174,8.851700113
0.970625,8.559029044,8.852496752
0.9709375,8.560623623,8.853293391
0.97125,8.559029044,8.850903474
0.9715625,8.556637174,8.850903474
0.971875,8.555839884,8.850903474
0.9721875,8.557434464,8.850106835
0.9725,8.560623623,8.853293391
0.9728125,8.560623623,8.851700113
0.973125,8.555042594,8.851700113
0.9734375,8.557434464,8.852496752
0.97375,8.561420913,8.854886669
0.9740625,8.559826333,8.852496752
0.974375,8.557434464,8.849310196
0.9746875,8.555042594,8.848513557
0.975,8.554245305,8.847716918
0.9753125,8.556637174,8.849310196
0.975625,8.559826333,8.850106835
0.9759375,8.559029044,8.850903474
0.97625,8.559029044,8.850106835
0.9765625,8.559826333,8.851700113
0.976875,8.563015493,8.852496752
0.9771875,8.561420913,8.853293391
0.9775,8.562218203,8.853293391
0.9778125,8.561420913,8.851700113
0.978125,8.557434464,8.850903474
0.9784375,8.559826333,8.850903474
0.97875,8.562218203,8.851700113
0.9790625,8.564610072,8.852496752
0.979375,8.561420913,8.850903474
0.9796875,8.563812782,8.851700113
0.98,8.563015493,8.851700113
0.9803125,8.564610072,8.852496752
0.980625,8.564610072,8.853293391
0.9809375,8.563015493,8.85409003
0.98125,8.566204652,8.854886669
0.9815625,8.570191101,8.857276586
0.981875,8.570988391,8.858073225
0.9821875,8.570988391,8.859666503
0.9825,8.570191101,8.860463142
0.9828125,8.57258297,8.861259781
0.983125,8.571785681,8.859666503
0.9834375,8.57258297,8.859666503
0.98375,8.571785681,8.859666503
0.9840625,8.569393811,8.858869864
0.984375,8.571785681,8.858073225
0.9846875,8.569393811,8.856479947
0.985,8.570191101,8.855683308
0.9853125,8.570191101,8.855683308
0.985625,8.567799232,8.855683308
0.9859375,8.568596521,8.854886669
0.98625,8.567001942,8.854886669
0.9865625,8.567799232,8.85409003
0.986875,8.567001942,8.853293391
0.9871875,8.566204652,8.852496752
0.9875,8.563812782,8.851700113
0.9878125,8.567799232,8.852496752
0.988125,8.566204652,8.851700113
0.9884375,8.564610072,8.850903474
0.98875,8.564610072,8.852496752
0.9890625,8.567001942,8.85409003
0.989375,8.568596521,8.852496752
0.9896875,8.567799232,8.852496752
0.99,8.568596521,8.853293391
0.9903125,8.566204652,8.854886669
0.990625,8.566204652,8.85409003
0.9909375,8.567799232,8.850106835
0.99125,8.563812782,8.850106835
0.9915625,8.564610072,8.850106835
0.991875,8.563015493,8.850106835
0.9921875,8.564610072,8.851700113
0.9925,8.567799232,8.851700113
0.9928125,8.570191101,8.851700113
0.993125,8.569393811,8.851700113
0.9934375,8.566204652,8.851700113
0.99375,8.568596521,8.853293391
0.9940625,8.569393811,8.853293391
0.994375,8.570191101,8.851700113
0.9946875,8.567799232,8.851700113
0.995,8.566204652,8.850903474
0.9953125,8.567799232,8.852496752
0.995625,8.571785681,8.853293391
0.9959375,8.570988391,8.85409003
0.99625,8.570191101,8.853293391
0.9965625,8.569393811,8.85409003
0.996875,8.570191101,8.854886669
0.9971875,8.57258297,8.856479947
0.9975,8.57656942,8.856479947
0.9978125,8.57338026,8.855683308
0.998125,8.57338026,8.856479947
0.9984375,8.57656942,8.858073225
0.99875,8.578961289,8.860463142
0.9990625,8.582947738,8.859666503
0.999375,8.578961289,8.86205642
0.9996875,8.57656942,8.860463142
1,8.578163999,8.859666503
1.0003125,8.580555869,8.860463142
1.000625,8.578961289,8.859666503
1.0009375,8.578163999,8.858073225
1.00125,8.57656942,8.858869864
1.0015625,8.578163999,8.858073225
1.001875,8.579758579,8.858073225
1.0021875,8.581353158,8.857276586
1.0025,8.57656942,8.855683308
1.0028125,8.57338026,8.854886669
1.003125,8.57417755,8.85409003
1.0034375,8.57497484,8.854886669
1.00375,8.57577213,8.854886669
1.0040625,8.57656942,8.854886669
1.004375,8.571785681,8.853293391
1.0046875,8.57338026,8.853293391
1.005,8.57497484,8.853293391
1.0053125,8.57656942,8.854886669
1.005625,8.57656942,8.853293391
1.0059375,8.57338026,8.85409003
1.00625,8.57417755,8.853293391
1.0065625,8.577366709,8.85409003
1.006875,8.577366709,8.854886669
1.0071875,8.577366709,8.853293391
1.0075,8.571785681,8.851700113
1.0078125,8.570988391,8.848513557
1.008125,8.571785681,8.849310196
1.0084375,8.57338026,8.850106835
1.00875,8.57258297,8.849310196
1.0090625,8.570191101,8.850106835
1.009375,8.570988391,8.850903474
1.0096875,8.57497484,8.851700113
1.01,8.57577213,8.852496752
1.0103125,8.57656942,8.851700113
1.010625,8.57338026,8.852496752
1.0109375,8.57577213,8.852496752
1.01125,8.57656942,8.852496752
1.0115625,8.577366709,8.853293391
1.011875,8.577366709,8.851700113
1.0121875,8.57258297,8.850903474
1.0125,8.57338026,8.850903474
1.0128125,8.57577213,8.850903474
1.013125,8.578163999,8.85409003
1.0134375,8.57656942,8.855683308
1.01375,8.578163999,8.85409003
1.0140625,8.577366709,8.854886669
1.014375,8.580555869,8.854886669
1.0146875,8.583745028,8.858869864
1.015,8.586136897,8.859666503
1.0153125,8.582947738,8.860463142
1.015625,8.586136897,8.86205642
1.0159375,8.587731477,8.86205642
1.01625,8.588528767,8.862853059
1.0165625,8.589326057,8.861259781
1.016875,8.582947738,8.860463142
1.0171875,8.585339608,8.858869864
1.0175,8.584542318,8.858869864
1.0178125,8.585339608,8.858869864
1.018125,8.582150448,8.858869864
1.0184375,8.582150448,8.856479947
1.01875,8.580555869,8.857276586
1.0190625,8.581353158,8.855683308
1.019375,8.580555869,8.854886669
1.0196875,8.580555869,8.854886669
1.02,8.580555869,8.855683308
1.0203125,8.580555869,8.854886669
1.020625,8.581353158,8.854886669
1.0209375,8.582150448,8.855683308
1.02125,8.581353158,8.855683308
1.0215625,8.577366709,8.85409003
1.021875,8.578163999,8.852496752
1.0221875,8.579758579,8.85409003
1.0225,8.580555869,8.85409003
1.0228125,8.580555869,8.85409003
1.023125,8.578961289,8.853293391
1.0234375,8.578961289,8.855683308
1.02375,8.581353158,8.854886669
1.0240625,8.578163999,8.850903474
1.024375,8.579758579,8.851700113
1.0246875,8.57497484,8.850106835
1.025,8.57577213,8.850903474
1.0253125,8.577366709,8.850106835
1.025625,8.57656942,8.850903474
1.0259375,8.579758579,8.851700113
1.02625,8.57577213,8.851700113
1.0265625,8.577366709,8.851700113
1.026875,8.578163999,8.852496752
1.0271875,8.579758579,8.853293391
1.0275,8.580555869,8.85409003
1.0278125,8.577366709,8.850903474
1.028125,8.578163999,8.852496752
1.0284375,8.580555869,8.852496752
1.02875,8.581353158,8.85409003
1.0290625,8.580555869,8.852496752
1.029375,8.578163999,8.851700113
1.0296875,8.578961289,8.852496752
1.03,8.578961289,8.851700113
1.0303125,8.580555869,8.853293391
1.030625,8.580555869,8.85409003
1.0309375,8.577366709,8.852496752
1.03125,8.582947738,8.855683308
1.0315625,8.585339608,8.858073225
1.031875,8.589326057,8.860463142
1.0321875,8.587731477,8.860463142
1.0325,8.585339608,8.858869864
1.0328125,8.586934187,8.860463142
1.033125,8.589326057,8.860463142
1.0334375,8.589326057,8.861259781
1.03375,8.590123346,8.860463142
1.0340625,8.586136897,8.858073225
1.034375,8.585339608,8.857276586
1.0346875,8.586136897,8.856479947
1.035,8.586136897,8.856479947
1.0353125,8.584542318,8.856479947
1.035625,8.584542318,8.855683308
1.0359375,8.582150448,8.854886669
1.03625,8.582150448,8.854886669
1.0365625,8.582150448,8.85409003
1.036875,8.579758579,8.85409003
1.0371875,8.578163999,8.850903474
1.0375,8.57656942,8.850903474
1.0378125,8.578961289,8.850106835
1.038125,8.578961289,8.850903474
1.0384375,8.582150448,8.851700113
1.03875,8.577366709,8.852496752
1.0390625,8.581353158,8.853293391
1.039375,8.581353158,8.852496752
1.0396875,8.581353158,8.852496752
1.04,8.582947738,8.852496752
1.0403125,8.57656942,8.852496752
1.040625,8.579758579,8.853293391
1.0409375,8.578163999,8.850903474
1.04125,8.579758579,8.851700113
1.0415625,8.577366709,8.850903474
1.041875,8.578163999,8.848513557
1.0421875,8.57577213,8.850106835
1.0425,8.577366709,8.850106835
1.0428125,8.578961289,8.851700113
1.043125,8.580555869,8.850106835
1.0434375,8.57577213,8.851700113
1.04375,8.578163999,8.852496752
1.0440625,8.580555869,8.852496752
1.044375,8.582150448,8.85409003
1.0446875,8.584542318,8.85409003
1.045,8.57656942,8.853293391
1.0453125,8.578163999,8.852496752
1.045625,8.579758579,8.85409003
1.0459375,8.580555869,8.85409003
1.04625,8.580555869,8.853293391
1.0465625,8.577366709,8.851700113
1.046875,8.578163999,8.853293391
1.0471875,8.581353158,8.85409003
1.0475,8.583745028,8.856479947
1.0478125,8.582947738,8.854886669
1.048125,8.582150448,8.858073225
1.0484375,8.586934187,8.859666503
1.04875,8.586934187,8.859666503
1.0490625,8.587731477,8.858869864
1.049375,8.588528767,8.859666503
1.0496875,8.585339608,8.858869864
1.05,8.586136897,8.859666503
1.0503125,8.586136897,8.859666503
1.050625,8.587731477,8.858869864
1.0509375,8.583745028,8.855683308
1.05125,8.582150448,8.855683308
1.0515625,8.581353158,8.855683308
1.051875,8.584542318,8.855683308
1.0521875,8.584542318,8.855683308
1.0525,8.581353158,8.85409003
1.0528125,8.577366709,8.852496752
1.053125,8.578961289,8.853293391
1.0534375,8.580555869,8.854886669
1.05375,8.582150448,8.85409003
1.0540625,8.578961289,8.851700113
1.054375,8.577366709,8.851700113
1.0546875,8.578163999,8.851700113
1.055,8.578163999,8.851700113
1.0553125,8.579758579,8.850903474
1.055625,8.57577213,8.852496752
1.0559375,8.577366709,8.852496752
1.05625,8.57656942,8.853293391
1.0565625,8.580555869,8.854886669
1.056875,8.582150448,8.85409003
1.0571875,8.57656942,8.852496752
1.0575,8.57258297,8.850903474
1.0578125,8.57417755,8.850106835
1.058125,8.57577213,8.850903474
1.0584375,8.577366709,8.850903474
1.05875,8.57417755,8.850106835
1.0590625,8.57258297,8.850903474
1.059375,8.57417755,8.851700113
1.0596875,8.577366709,8.853293391
1.06,8.578163999,8.851700113
1.0603125,8.57577213,8.851700113
1.060625,8.57417755,8.851700113
1.0609375,8.57417755,8.851700113
1.06125,8.578163999,8.853293391
1.0615625,8.578163999,8.853293391
1.061875,8.578163999,8.853293391
1.0621875,8.57497484,8.852496752
1.0625,8.577366709,8.853293391
1.0628125,8.580555869,8.85409003
1.063125,8.579758579,8.853293391
1.0634375,8.578163999,8.853293391
1.06375,8.57656942,8.853293391
1.0640625,8.578163999,8.85409003
1.064375,8.578961289,8.855683308
1.0646875,8.583745028,8.856479947
1.065,8.583745028,8.858869864
1.0653125,8.582947738,8.858869864
1.065625,8.584542318,8.860463142
1.0659375,8.587731477,8.859666503
1.06625,8.584542318,8.858869864
1.0665625,8.584542318,8.858869864
1.066875,8.582947738,8.860463142
1.0671875,8.586136897,8.860463142
1.0675,8.586136897,8.858869864
1.0678125,8.584542318,8.858073225
1.068125,8.582150448,8.856479947
1.0684375,8.578163999,8.855683308
1.06875,8.579758579,8.855683308
1.0690625,8.580555869,8.854886669
1.069375,8.578961289,8.854886669
1.0696875,8.577366709,8.853293391
1.07,8.577366709,8.853293391
1.0703125,8.57577213,8.85409003
1.070625,8.578961289,8.852496752
1.0709375,8.57497484,8.850903474
1.07125,8.57656942,8.850903474
1.0715625,8.57258297,8.850903474
1.071875,8.57656942,8.850903474
1.0721875,8.57338026,8.850903474
1.0725,8.57656942,8.851700113
1.0728125,8.57497484,8.850903474
1.073125,8.57258297,8.851700113
1.0734375,8.577366709,8.852496752
1.07375,8.57497484,8.852496752
1.0740625,8.57417755,8.850903474
1.074375,8.57258297,8.849310196
1.0746875,8.571785681,8.849310196
1.075,8.571785681,8.847716918
1.0753125,8.570191101,8.847716918
1.075625,8.570191101,8.849310196
1.0759375,8.571785681,8.850106835
1.07625,8.568596521,8.851700113
1.0765625,8.57258297,8.850903474
1.076875,8.571785681,8.852496752
1.0771875,8.57338026,8.851700113
1.0775,8.57338026,8.851700113
1.0778125,8.57338026,8.852496752
1.078125,8.57338026,8.852496752
1.0784375,8.57417755,8.852496752
1.07875,8.57417755,8.852496752
1.0790625,8.57497484,8.85409003
1.079375,8.57258297,8.852496752
1.0796875,8.571785681,8.852496752
1.08,8.57258297,8.852496752
1.0803125,8.57338026,8.852496752
1.080625,8.57417755,8.851700113
1.0809375,8.570988391,8.852496752
1.08125,8.57656942,8.85409003
1.0815625,8.57656942,8.856479947
1.081875,8.581353158,8.858073225
1.0821875,8.581353158,8.860463142
1.0825,8.581353158,8.858869864
1.0828125,8.578163999,8.860463142
1.083125,8.581353158,8.859666503
1.0834375,8.580555869,8.858869864
1.08375,8.580555869,8.860463142
1.0840625,8.578961289,8.859666503
1.084375,8.57577213,8.857276586
1.0846875,8.57497484,8.855683308
1.085,8.57577213,8.855683308
1.0853125,8.57497484,8.854886669
1.085625,8.57258297,8.854886669
1.0859375,8.571785681,8.854886669
1.08625,8.570988391,8.855683308
1.0865625,8.57258297,8.85409003
1.086875,8.57258297,8.85409003
1.0871875,8.570988391,8.851700113
1.0875,8.565407362,8.850106835
1.0878125,8.569393811,8.850903474
1.088125,8.569393811,8.850903474
1.0884375,8.570191101,8.851700113
1.08875,8.569393811,8.850903474
1.0890625,8.567799232,8.851700113
1.089375,8.569393811,8.851700113
1.0896875,8.569393811,8.851700113
1.09,8.57338026,8.85409003
1.0903125,8.570191101,8.852496752
1.090625,8.567799232,8.850903474
1.0909375,8.566204652,8.849310196
1.09125,8.567799232,8.848513557
1.0915625,8.567001942,8.850106835
1.091875,8.567001942,8.848513557
1.0921875,8.563812782,8.849310196
1.0925,8.566204652,8.849310196
1.0928125,8.567799232,8.851700113
1.093125,8.571785681,8.852496752
1.0934375,8.567799232,8.850903474
1.09375,8.567799232,8.851700113
1.0940625,8.568596521,8.851700113
1.094375,8.570988391,8.853293391
1.0946875,8.570988391,8.852496752
1.095,8.567799232,8.850903474
1.0953125,8.567001942,8.852496752
1.095625,8.569393811,8.853293391
1.0959375,8.571785681,8.853293391
1.09625,8.570191101,8.85409003
1.0965625,8.57258297,8.853293391
1.096875,8.566204652,8.851700113
1.0971875,8.568596521,8.853293391
1.0975,8.570988391,8.855683308
1.0978125,8.57656942,8.857276586
1.098125,8.57258297,8.858869864
1.0984375,8.57577213,8.860463142
1.09875,8.577366709,8.861259781
1.0990625,8.578163999,8.86205642
1.099375,8.579758579,8.86205642
1.0996875,8.579758579,8.860463142
1.1,8.57656942,8.861259781
1.1003125,8.57577213,8.860463142
1.100625,8.578961289,8.861259781
1.1009375,8.578961289,8.858869864
1.10125,8.57577213,8.858073225
1.1015625,8.571785681,8.858073225
1.101875,8.57417755,8.856479947
1.1021875,8.57417755,8.856479947
1.1025,8.57577213,8.854886669
1.1028125,8.567799232,8.853293391
1.103125,8.569393811,8.85409003
1.1034375,8.570191101,8.85409003
1.10375,8.570988391,8.85409003
1.1040625,8.57258297,8.851700113
1.104375,8.567001942,8.850106835
1.1046875,8.564610072,8.850903474
1.105,8.567001942,8.850106835
1.1053125,8.569393811,8.851700113
1.105625,8.569393811,8.850903474
1.1059375,8.567001942,8.850106835
1.10625,8.564610072,8.850106835
1.1065625,8.567799232,8.851700113
1.106875,8.569393811,8.852496752
1.1071875,8.570191101,8.851700113
1.1075,8.563812782,8.849310196
1.1078125,8.563015493,8.848513557
1.108125,8.563812782,8.849310196
1.1084375,8.567799232,8.850106835
1.10875,8.567799232,8.850106835
1.1090625,8.565407362,8.849310196
1.109375,8.563812782,8.850106835
1.1096875,8.566204652,8.851700113
1.11,8.568596521,8.851700113
1.1103125,8.569393811,8.851700113
1.110625,8.567799232,8.853293391
1.1109375,8.566204652,8.853293391
1.11125,8.567001942,8.853293391
1.1115625,8.569393811,8.852496752
1.111875,8.567799232,8.852496752
1.1121875,8.566204652,8.853293391
1.1125,8.565407362,8.851700113
1.1128125,8.566204652,8.853293391
1.113125,8.568596521,8.853293391
1.1134375,8.568596521,8.852496752
1.11375,8.567799232,8.853293391
1.1140625,8.566204652,8.85409003
1.114375,8.570191101,8.855683308
1.1146875,8.57577213,8.858073225
1.115,8.57656942,8.859666503
1.1153125,8.57656942,8.860463142
1.115625,8.57258297,8.858869864
1.1159375,8.57497484,8.859666503
1.11625,8.578961289,8.860463142
1.1165625,8.57497484,8.859666503
1.116875,8.57577213,8.859666503
1.1171875,8.57417755,8.858869864
1.1175,8.57258297,8.858073225
1.1178125,8.57656942,8.857276586
1.118125,8.570988391,8.856479947
1.1184375,8.57258297,8.855683308
1.11875,8.567799232,8.855683308
1.1190625,8.569393811,8.854886669
1.119375,8.568596521,8.852496752
1.1196875,8.569393811,8.853293391
1.12,8.567001942,8.853293391
1.1203125,8.564610072,8.853293391
1.120625,8.566204652,8.853293391
1.1209375,8.566204652,8.851700113
1.12125,8.565407362,8.850903474
1.1215625,8.563015493,8.849310196
1.121875,8.561420913,8.848513557
1.1221875,8.564610072,8.851700113
1.1225,8.564610072,8.850903474
1.1228125,8.563015493,8.850903474
1.123125,8.563015493,8.850106835
1.1234375,8.560623623,8.851700113
1.12375,8.563812782,8.852496752
1.1240625,8.563015493,8.850106835
1.124375,8.561420913,8.849310196
1.1246875,8.560623623,8.848513557
1.125,8.559029044,8.847716918
1.1253125,8.560623623,8.850106835
1.125625,8.563015493,8.850106835
1.1259375,8.561420913,8.850106835
1.12625,8.561420913,8.849310196
1.1265625,8.559826333,8.850903474
1.126875,8.563015493,8.853293391
1.1271875,8.562218203,8.851700113
1.1275,8.563015493,8.852496752
1.1278125,8.563812782,8.852496752
1.128125,8.563015493,8.854886669
1.1284375,8.563812782,8.85409003
1.12875,8.561420913,8.850903474
1.1290625,8.563015493,8.851700113
1.129375,8.560623623,8.850903474
1.1296875,8.559029044,8.851700113
1.13,8.560623623,8.852496752
1.1303125,8.561420913,8.852496752
1.130625,8.561420913,8.852496752
1.1309375,8.563812782,8.854886669
1.13125,8.563015493,8.854886669
1.1315625,8.568596521,8.859666503
1.131875,8.568596521,8.858869864
1.1321875,8.567799232,8.858869864
1.1325,8.569393811,8.858869864
1.1328125,8.566204652,8.859666503
1.133125,8.568596521,8.860463142
1.1334375,8.568596521,8.859666503
1.13375,8.568596521,8.858869864
1.1340625,8.567001942,8.858073225
1.134375,8.564610072,8.858073225
1.1346875,8.563015493,8.858073225
1.135,8.566204652,8.858073225
1.1353125,8.564610072,8.857276586
1.135625,8.565407362,8.855683308
1.1359375,8.562218203,8.855683308
1.13625,8.563015493,8.855683308
1.1365625,8.563015493,8.85409003
1.136875,8.563015493,8.853293391
1.1371875,8.562218203,8.852496752
1.1375,8.559826333,8.851700113
1.1378125,8.560623623,8.851700113
1.138125,8.559029044,8.849310196
1.1384375,8.559029044,8.849310196
1.13875,8.560623623,8.851700113
1.1390625,8.559826333,8.851700113
1.139375,8.559029044,8.851700113
1.1396875,8.563015493,8.852496752
1.14,8.560623623,8.85409003
1.1403125,8.563015493,8.85409003
1.140625,8.560623623,8.853293391
1.1409375,8.557434464,8.850903474
1.14125,8.556637174,8.850106835
1.1415625,8.557434464,8.850106835
1.141875,8.556637174,8.850106835
1.1421875,8.555042594,8.849310196
1.1425,8.555839884,8.850106835
1.1428125,8.555839884,8.850106835
1.143125,8.557434464,8.852496752
1.1434375,8.558231754,8.851700113
1.14375,8.555839884,8.850903474
1.1440625,8.555839884,8.85409003
1.144375,8.559029044,8.853293391
1.1446875,8.555839884,8.853293391
1.145,8.557434464,8.853293391
1.1453125,8.554245305,8.851700113
1.145625,8.555042594,8.853293391
1.1459375,8.557434464,8.852496752
1.14625,8.555042594,8.853293391
1.1465625,8.555839884,8.852496752
1.146875,8.555042594,8.851700113
1.1471875,8.554245305,8.853293391
1.1475,8.556637174,8.853293391
1.1478125,8.556637174,8.853293391
1.148125,8.559826333,8.856479947
1.1484375,8.560623623,8.858073225
1.14875,8.559826333,8.859666503
1.1490625,8.563812782,8.860463142
1.149375,8.563015493,8.860463142
1.1496875,8.563812782,8.861259781
1.15,8.562218203,8.860463142
1.1503125,8.562218203,8.860463142
1.150625,8.560623623,8.859666503
1.1509375,8.563015493,8.858073225
1.15125,8.559826333,8.858073225
1.1515625,8.559029044,8.856479947
1.151875,8.555042594,8.856479947
1.1521875,8.560623623,8.858073225
1.1525,8.555839884,8.855683308
1.1528125,8.556637174,8.85409003
1.153125,8.555042594,8.853293391
1.1534375,8.552650725,8.853293391
1.15375,8.551853435,8.851700113
1.1540625,8.549461566,8.850903474
1.154375,8.551056145,8.850903474
1.1546875,8.550258856,8.850903474
1.155,8.547866986,8.850106835
1.1553125,8.548664276,8.851700113
1.155625,8.551853435,8.851700113
1.1559375,8.551056145,8.852496752
1.15625,8.551853435,8.851700113
1.1565625,8.548664276,8.851700113
1.156875,8.549461566,8.851700113
1.1571875,8.550258856,8.853293391
1.1575,8.551056145,8.850903474
1.1578125,8.547866986,8.848513557
1.158125,8.545475117,8.848513557
1.1584375,8.547069696,8.850106835
1.15875,8.550258856,8.850903474
1.1590625,8.550258856,8.851700113
1.159375,8.548664276,8.851700113
1.1596875,8.548664276,8.852496752
1.16,8.548664276,8.851700113
1.1603125,8.547866986,8.850903474
1.160625,8.548664276,8.852496752
1.1609375,8.550258856,8.852496752
1.16125,8.545475117,8.852496752
1.1615625,8.546272406,8.852496752
1.161875,8.549461566,8.851700113
1.1621875,8.547866986,8.852496752
1.1625,8.547866986,8.850903474
1.1628125,8.547069696,8.852496752
1.163125,8.546272406,8.85409003
1.1634375,8.548664276,8.853293391
1.16375,8.547866986,8.852496752
1.1640625,8.548664276,8.852496752
1.164375,8.547866986,8.853293391
1.1646875,8.551056145,8.856479947
1.165,8.554245305,8.857276586
1.1653125,8.555839884,8.857276586
1.165625,8.556637174,8.858869864
1.1659375,8.555042594,8.858869864
1.16625,8.555839884,8.860463142
1.1665625,8.557434464,8.861259781
1.166875,8.556637174,8.860463142
1.1671875,8.556637174,8.859666503
1.1675,8.553448015,8.858869864
1.1678125,8.551056145,8.858869864
1.168125,8.551056145,8.858073225
1.1684375,8.552650725,8.857276586
1.16875,8.551853435,8.856479947
1.1690625,8.549461566,8.855683308
1.169375,8.547866986,8.85409003
1.1696875,8.547866986,8.854886669
1.17,8.551056145,8.854886669
1.1703125,8.550258856,8.854886669
1.170625,8.546272406,8.85409003
1.1709375,8.543880537,8.85409003
1.17125,8.547069696,8.85409003
1.1715625,8.547866986,8.85409003
1.171875,8.543880537,8.853293391
1.1721875,8.545475117,8.85409003
1.1725,8.542285957,8.853293391
1.1728125,8.544677827,8.853293391
1.173125,8.546272406,8.853293391
1.1734375,8.544677827,8.85409003
1.17375,8.547069696,8.855683308
1.1740625,8.542285957,8.853293391
1.174375,8.540691378,8.852496752
1.1746875,8.542285957,8.850903474
1.175,8.543083247,8.850106835
1.1753125,8.540691378,8.850106835
1.175625,8.538299508,8.849310196
1.1759375,8.541488668,8.850106835
1.17625,8.544677827,8.851700113
1.1765625,8.543880537,8.851700113
1.176875,8.543880537,8.851700113
1.1771875,8.542285957,8.852496752
1.1775,8.543083247,8.853293391
1.1778125,8.544677827,8.853293391
1.178125,8.546272406,8.853293391
1.1784375,8.543083247,8.85409003
1.17875,8.542285957,8.85409003
1.1790625,8.543083247,8.85409003
1.179375,8.544677827,8.85409003
1.1796875,8.546272406,8.85409003
1.18,8.543083247,8.852496752
1.1803125,8.539894088,8.853293391
1.180625,8.542285957,8.85409003
1.1809375,8.543880537,8.856479947
1.18125,8.549461566,8.856479947
1.1815625,8.549461566,8.861259781
1.181875,8.548664276,8.86205642
1.1821875,8.548664276,8.860463142
1.1825,8.550258856,8.861259781
1.1828125,8.553448015,8.86205642
1.183125,8.551853435,8.86205642
1.1834375,8.548664276,8.861259781
1.18375,8.547069696,8.859666503
1.1840625,8.549461566,8.860463142
1.184375,8.552650725,8.859666503
1.1846875,8.547866986,8.858869864
1.185,8.545475117,8.857276586
1.1853125,8.543880537,8.857276586
1.185625,8.544677827,8.858073225
1.1859375,8.544677827,8.857276586
1.18625,8.544677827,8.854886669
1.1865625,8.539894088,8.855683308
1.186875,8.538299508,8.854886669
1.1871875,8.539096798,8.853293391
1.1875,8.539096798,8.854886669
1.1878125,8.539096798,8.852496752
1.188125,8.536704929,8.852496752
1.1884375,8.534313059,8.851700113
1.18875,8.536704929,8.853293391
1.1890625,8.538299508,8.854886669
1.189375,8.540691378,8.853293391
1.1896875,8.533515769,8.853293391
1.19,8.535110349,8.854886669
1.1903125,8.536704929,8.854886669
1.190625,8.537502218,8.855683308
1.1909375,8.535110349,8.853293391
1.19125,8.53192119,8.850106835
1.1915625,8.528732031,8.850106835
1.191875,8.53032661,8.850903474
1.1921875,8.53192119,8.851700113
1.1925,8.53192119,8.853293391
1.1928125,8.53192119,8.85409003
1.193125,8.53032661,8.85409003
1.1934375,8.534313059,8.855683308
1.19375,8.536704929,8.856479947
1.1940625,8.537502218,8.856479947
1.194375,8.536704929,8.854886669
1.1946875,8.53271848,8.853293391
1.195,8.53192119,8.85409003
1.1953125,8.535110349,8.854886669
1.195625,8.537502218,8.854886669
1.1959375,8.537502218,8.854886669
1.19625,8.534313059,8.856479947
1.1965625,8.533515769,8.854886669
1.196875,8.535110349,8.855683308
1.1971875,8.535907639,8.856479947
1.1975,8.539894088,8.858073225
1.1978125,8.533515769,8.856479947
1.198125,8.539894088,8.858869864
1.1984375,8.541488668,8.860463142
1.19875,8.543083247,8.862853059
1.1990625,8.542285957,8.86205642
1.199375,8.539894088,8.861259781
1.1996875,8.537502218,8.859666503
1.2,8.540691378,8.861259781
1.2003125,8.541488668,8.859666503
1.200625,8.540691378,8.860463142
1.2009375,8.538299508,8.856479947
1.20125,8.535110349,8.856479947
1.2015625,8.535907639,8.858073225
1.201875,8.537502218,8.858073225
1.2021875,8.538299508,8.859666503
1.2025,8.535110349,8.858869864
1.2028125,8.53192119,8.856479947
1.203125,8.535110349,8.857276586
1.2034375,8.535907639,8.856479947
1.20375,8.533515769,8.855683308
1.2040625,8.5311239,8.855683308
1.204375,8.527137451,8.853293391
1.2046875,8.527137451,8.85409003
1.205,8.52952932,8.853293391
1.2053125,8.5311239,8.85409003
1.205625,8.528732031,8.85409003
1.2059375,8.52952932,8.853293391
1.20625,8.527934741,8.854886669
1.2065625,8.528732031,8.853293391
1.206875,8.52952932,8.85409003
1.2071875,8.528732031,8.854886669
1.2075,8.526340161,8.853293391
1.2078125,8.525542871,8.851700113
1.208125,8.523948292,8.850106835
1.2084375,8.525542871,8.850903474
1.20875,8.520759132,8.850903474
1.2090625,8.521556422,8.850903474
1.209375,8.523151002,8.850903474
1.2096875,8.524745581,8.851700113
1.21,8.526340161,8.853293391
1.2103125,8.525542871,8.85409003
1.210625,8.523948292,8.853293391
1.2109375,8.527934741,8.854886669
1.21125,8.523948292,8.85409003
1.2115625,8.525542871,8.85409003
1.211875,8.523151002,8.85409003
1.2121875,8.523151002,8.854886669
1.2125,8.527934741,8.854886669
1.2128125,8.523948292,8.85409003
1.213125,8.525542871,8.85409003
1.2134375,8.525542871,8.85409003
1.21375,8.524745581,8.853293391
1.2140625,8.527137451,8.855683308
1.214375,8.52952932,8.856479947
1.2146875,8.53271848,8.859666503
1.215,8.533515769,8.861259781
1.2153125,8.5311239,8.861259781
1.215625,8.533515769,8.862853059
1.2159375,8.536704929,8.862853059
1.21625,8.535110349,8.86205642
1.2165625,8.534313059,8.861259781
1.216875,8.5311239,8.858869864
1.2171875,8.53032661,8.861259781
1.2175,8.53192119,8.860463142
1.2178125,8.534313059,8.859666503
1.218125,8.52952932,8.858073225
1.2184375,8.527137451,8.854886669
1.21875,8.524745581,8.856479947
1.2190625,8.52952932,8.860463142
1.219375,8.5311239,8.858869864
1.2196875,8.526340161,8.860463142
1.22,8.523151002,8.855683308
1.2203125,8.520759132,8.854886669
1.220625,8.521556422,8.856479947
1.2209375,8.524745581,8.856479947
1.22125,8.521556422,8.854886669
1.2215625,8.517569973,8.853293391
1.221875,8.517569973,8.853293391
1.2221875,8.521556422,8.855683308
1.2225,8.522353712,8.856479947
1.2228125,8.523151002,8.855683308
1.223125,8.519961843,8.85409003
1.2234375,8.516772683,8.85409003
1.22375,8.516772683,8.854886669
1.2240625,8.520759132,8.855683308
1.224375,8.515975393,8.852496752
1.2246875,8.514380814,8.850903474
1.225,8.513583524,8.850903474
1.2253125,8.516772683,8.852496752
1.225625,8.519164553,8.85409003
1.2259375,8.520759132,8.856479947
1.22625,8.518367263,8.85409003
1.2265625,8.514380814,8.853293391
1.226875,8.518367263,8.855683308
1.2271875,8.519164553,8.855683308
1.2275,8.520759132,8.858073225
1.2278125,8.518367263,8.85409003
1.228125,8.511988944,8.853293391
1.2284375,8.516772683,8.857276586
1.22875,8.518367263,8.855683308
1.2290625,8.519961843,8.857276586
1.229375,8.519164553,8.857276586
1.2296875,8.517569973,8.85409003
1.23,8.512786234,8.85409003
1.2303125,8.517569973,8.855683308
1.230625,8.519961843,8.858073225
1.2309375,8.519961843,8.859666503
1.23125,8.521556422,8.858869864
1.2315625,8.522353712,8.863649698
1.231875,8.525542871,8.863649698
1.2321875,8.527934741,8.863649698
1.2325,8.526340161,8.863649698
1.2328125,8.525542871,8.86205642
1.233125,8.523948292,8.861259781
1.2334375,8.526340161,8.863649698
1.23375,8.526340161,8.86205642
1.2340625,8.522353712,8.861259781
1.234375,8.519961843,8.859666503
1.2346875,8.522353712,8.858869864
1.235,8.519164553,8.859666503
1.2353125,8.519961843,8.858869864
1.235625,8.519164553,8.858073225
1.2359375,8.515975393,8.854886669
1.23625,8.511988944,8.85409003
1.2365625,8.515975393,8.856479947
1.236875,8.515975393,8.856479947
1.2371875,8.513583524,8.856479947
1.2375,8.511191655,8.85409003
1.2378125,8.511191655,8.855683308
1.238125,8.517569973,8.855683308
1.2384375,8.511191655,8.854886669
1.23875,8.512786234,8.854886669
1.2390625,8.508799785,8.85409003
1.239375,8.506407916,8.853293391
1.2396875,8.511191655,8.854886669
1.24,8.512786234,8.854886669
1.2403125,8.512786234,8.856479947
1.240625,8.509597075,8.854886669
1.2409375,8.510394365,8.85409003
1.24125,8.508799785,8.851700113
1.2415625,8.511988944,8.851700113
1.241875,8.508002495,8.853293391
1.2421875,8.506407916,8.850903474
1.2425,8.506407916,8.850903474
1.2428125,8.508799785,8.85409003
1.243125,8.511191655,8.85409003
1.2434375,8.511988944,8.85409003
1.24375,8.508799785,8.85409003
1.2440625,8.508799785,8.853293391
1.244375,8.510394365,8.85409003
1.2446875,8.511988944,8.854886669
1.245,8.514380814,8.85409003
1.2453125,8.509597075,8.854886669
1.245625,8.508799785,8.854886669
1.2459375,8.510394365,8.855683308
1.24625,8.511988944,8.857276586
1.2465625,8.511988944,8.858073225
1.246875,8.509597075,8.855683308
1.2471875,8.507205205,8.855683308
1.2475,8.510394365,8.857276586
1.2478125,8.512786234,8.858073225
1.248125,8.516772683,8.861259781
1.2484375,8.518367263,8.861259781
1.24875,8.514380814,8.86205642
1.2490625,8.515975393,8.862853059
1.249375,8.518367263,8.863649698
1.2496875,8.518367263,8.863649698
1.25,8.514380814,8.862853059
1.2503125,8.515975393,8.860463142
1.250625,8.515178104,8.861259781
1.2509375,8.515178104,8.860463142
1.25125,8.515178104,8.859666503
1.2515625,8.515178104,8.861259781
1.251875,8.514380814,8.859666503
1.2521875,8.511988944,8.860463142
1.2525,8.512786234,8.858869864
1.2528125,8.511988944,8.858073225
1.253125,8.509597075,8.858073225
1.2534375,8.508002495,8.858073225
1.25375,8.507205205,8.856479947
1.2540625,8.508002495,8.856479947
1.254375,8.507205205,8.855683308
1.2546875,8.507205205,8.856479947
1.255,8.505610626,8.856479947
1.2553125,8.507205205,8.856479947
1.255625,8.506407916,8.855683308
1.2559375,8.508002495,8.855683308
1.25625,8.508002495,8.855683308
1.2565625,8.505610626,8.855683308
1.256875,8.508002495,8.856479947
1.2571875,8.508002495,8.856479947
1.2575,8.504813336,8.85409003
1.2578125,8.504016046,8.851700113
1.258125,8.500826887,8.850903474
1.2584375,8.502421467,8.851700113
1.25875,8.503218756,8.850903474
1.2590625,8.503218756,8.850903474
1.259375,8.504016046,8.853293391
1.2596875,8.503218756,8.853293391
1.26,8.504813336,8.854886669
1.2603125,8.507205205,8.855683308
1.260625,8.507205205,8.856479947
1.2609375,8.506407916,8.856479947
1.26125,8.505610626,8.855683308
1.2615625,8.504813336,8.855683308
1.261875,8.507205205,8.857276586
1.2621875,8.506407916,8.856479947
1.2625,8.508002495,8.855683308
1.2628125,8.504813336,8.856479947
1.263125,8.505610626,8.856479947
1.2634375,8.505610626,8.857276586
1.26375,8.508002495,8.857276586
1.2640625,8.504813336,8.855683308
1.264375,8.505610626,8.858073225
1.2646875,8.508002495,8.859666503
1.265,8.510394365,8.861259781
1.2653125,8.511988944,8.862853059
1.265625,8.511988944,8.862853059
1.2659375,8.512786234,8.862853059
1.26625,8.512786234,8.863649698
1.2665625,8.511988944,8.863649698
1.266875,8.512786234,8.862853059
1.2671875,8.511988944,8.863649698
1.2675,8.509597075,8.860463142
1.2678125,8.508002495,8.859666503
1.268125,8.508002495,8.859666503
1.2684375,8.507205205,8.859666503
1.26875,8.507205205,8.858869864
1.2690625,8.504813336,8.856479947
1.269375,8.504813336,8.855683308
1.2696875,8.502421467,8.854886669
1.27,8.504016046,8.855683308
1.2703125,8.503218756,8.855683308
1.270625,8.506407916,8.857276586
1.2709375,8.503218756,8.85409003
1.27125,8.501624177,8.854886669
1.2715625,8.501624177,8.85409003
1.271875,8.501624177,8.854886669
1.2721875,8.501624177,8.854886669
1.2725,8.503218756,8.854886669
1.2728125,8.499232307,8.852496752
1.273125,8.500029597,8.853293391
1.2734375,8.500826887,8.853293391
1.27375,8.500826887,8.854886669
1.2740625,8.500029597,8.85409003
1.274375,8.499232307,8.852496752
1.2746875,8.495245858,8.850106835
1.275,8.496840438,8.850903474
1.2753125,8.498435017,8.852496752
1.275625,8.496840438,8.853293391
1.2759375,8.500029597,8.852496752
1.27625,8.497637728,8.852496752
1.2765625,8.499232307,8.85409003
1.276875,8.498435017,8.853293391
1.2771875,8.496840438,8.853293391
1.2775,8.498435017,8.85409003
1.2778125,8.500029597,8.851700113
1.278125,8.497637728,8.854886669
1.2784375,8.499232307,8.855683308
1.27875,8.497637728,8.854886669
1.2790625,8.499232307,8.856479947
1.279375,8.497637728,8.855683308
1.2796875,8.500029597,8.854886669
1.28,8.499232307,8.855683308
1.2803125,8.498435017,8.855683308
1.280625,8.499232307,8.856479947
1.2809375,8.500029597,8.856479947
1.28125,8.503218756,8.856479947
1.2815625,8.503218756,8.859666503
1.281875,8.504016046,8.861259781
1.2821875,8.504813336,8.86205642
1.2825,8.505610626,8.86205642
1.2828125,8.506407916,8.862853059
1.283125,8.507205205,8.86205642
1.2834375,8.504016046,8.86205642
1.28375,8.504016046,8.86205642
1.2840625,8.504813336,8.862853059
1.284375,8.504813336,8.862853059
1.2846875,8.505610626,8.862853059
1.285,8.501624177,8.861259781
1.2853125,8.500029597,8.860463142
1.285625,8.500826887,8.859666503
1.2859375,8.499232307,8.858073225
1.28625,8.497637728,8.858073225
1.2865625,8.499232307,8.856479947
1.286875,8.494448568,8.856479947
1.2871875,8.496043148,8.855683308
1.2875,8.496043148,8.854886669
1.2878125,8.496043148,8.854886669
1.288125,8.494448568,8.854886669
1.2884375,8.493651279,8.85409003
1.28875,8.493651279,8.853293391
1.2890625,8.496043148,8.855683308
1.289375,8.496043148,8.854886669
1.2896875,8.495245858,8.855683308
1.29,8.494448568,8.855683308
1.2903125,8.496840438,8.856479947
1.290625,8.494448568,8.85409003
1.2909375,8.493651279,8.853293391
1.29125,8.491259409,8.852496752
1.2915625,8.490462119,8.851700113
1.291875,8.494448568,8.852496752
1.2921875,8.490462119,8.85409003
1.2925,8.492853989,8.854886669
1.2928125,8.493651279,8.855683308
1.293125,8.494448568,8.855683308
1.2934375,8.494448568,8.856479947
1.29375,8.496840438,8.854886669
1.2940625,8.494448568,8.855683308
1.294375,8.492853989,8.855683308
1.2946875,8.492056699,8.855683308
1.295,8.494448568,8.856479947
1.2953125,8.494448568,8.857276586
1.295625,8.496840438,8.856479947
1.2959375,8.496043148,8.857276586
1.29625,8.494448568,8.855683308
1.2965625,8.494448568,8.855683308
1.296875,8.495245858,8.856479947
1.2971875,8.496840438,8.855683308
1.2975,8.492853989,8.857276586
1.2978125,8.496043148,8.858869864
1.298125,8.499232307,8.861259781
1.2984375,8.501624177,8.86205642
1.29875,8.500826887,8.862853059
1.2990625,8.500826887,8.861259781
1.299375,8.500826887,8.862853059
1.2996875,8.500826887,8.86205642
1.3,8.500029597,8.862853059
1.3003125,8.501624177,8.863649698
1.300625,8.503218756,8.863649698
1.3009375,8.498435017,8.860463142
1.30125,8.496840438,8.859666503
1.3015625,8.496043148,8.858869864
1.301875,8.496043148,8.858869864
1.3021875,8.496840438,8.859666503
1.3025,8.497637728,8.857276586
1.3028125,8.492853989,8.857276586
1.303125,8.495245858,8.858869864
1.3034375,8.492056699,8.857276586
1.30375,8.494448568,8.857276586
1.3040625,8.492056699,8.856479947
1.304375,8.48886754,8.853293391
1.3046875,8.489664829,8.854886669
1.305,8.489664829,8.854886669
1.3053125,8.490462119,8.854886669
1.305625,8.489664829,8.855683308
1.3059375,8.492853989,8.856479947
1.30625,8.48727296,8.85409003
1.3065625,8.490462119,8.855683308
1.306875,8.490462119,8.854886669
1.3071875,8.491259409,8.855683308
1.3075,8.48886754,8.855683308
1.3078125,8.490462119,8.85409003
1.308125,8.48567838,8.851700113
1.3084375,8.48647567,8.852496752
1.30875,8.48807025,8.853293391
1.3090625,8.48807025,8.854886669
1.309375,8.48807025,8.854886669
1.3096875,8.489664829,8.85409003
1.31,8.490462119,8.854886669
1.3103125,8.491259409,8.854886669
1.310625,8.490462119,8.856479947
1.3109375,8.491259409,8.857276586
1.31125,8.491259409,8.857276586
1.3115625,8.492853989,8.856479947
1.311875,8.490462119,8.855683308
1.3121875,8.48807025,8.855683308
1.3125,8.48886754,8.855683308
1.3128125,8.48886754,8.855683308
1.313125,8.489664829,8.856479947
1.3134375,8.490462119,8.854886669
1.31375,8.48727296,8.854886669
1.3140625,8.48807025,8.854886669
1.314375,8.490462119,8.857276586
1.3146875,8.491259409,8.859666503
1.315,8.496840438,8.860463142
1.3153125,8.494448568,8.86205642
1.315625,8.496043148,8.862853059
1.3159375,8.495245858,8.86205642
1.31625,8.496043148,8.862853059
1.3165625,8.496840438,8.862853059
1.316875,8.496043148,8.862853059
1.3171875,8.494448568,8.861259781
1.3175,8.492056699,8.860463142
1.3178125,8.494448568,8.860463142
1.318125,8.493651279,8.86205642
1.3184375,8.492056699,8.860463142
1.31875,8.494448568,8.860463142
1.3190625,8.490462119,8.858869864
1.319375,8.489664829,8.858073225
1.3196875,8.48886754,8.858869864
1.32,8.489664829,8.859666503
1.3203125,8.48727296,8.858869864
1.320625,8.48886754,8.856479947
1.3209375,8.48647567,8.856479947
1.32125,8.48567838,8.854886669
1.3215625,8.484083801,8.853293391
1.321875,8.484881091,8.85409003
1.3221875,8.48647567,8.853293391
1.3225,8.483286511,8.85409003
1.3228125,8.480894642,8.85409003
1.323125,8.482489221,8.853293391
1.3234375,8.481691931,8.85409003
1.32375,8.484083801,8.855683308
1.3240625,8.484083801,8.854886669
1.324375,8.480894642,8.851700113
1.3246875,8.479300062,8.850903474
1.325,8.477705482,8.851700113
1.3253125,8.479300062,8.851700113
1.325625,8.481691931,8.853293391
1.3259375,8.480894642,8.85409003
1.32625,8.482489221,8.853293391
1.3265625,8.483286511,8.853293391
1.326875,8.481691931,8.855683308
1.3271875,8.484881091,8.857276586
1.3275,8.484881091,8.856479947
1.3278125,8.48567838,8.855683308
1.328125,8.484083801,8.855683308
1.3284375,8.483286511,8.855683308
1.32875,8.482489221,8.855683308
1.3290625,8.48647567,8.857276586
1.329375,8.483286511,8.856479947
1.3296875,8.484083801,8.856479947
1.33,8.484083801,8.856479947
1.3303125,8.481691931,8.855683308
1.330625,8.483286511,8.857276586
1.3309375,8.484881091,8.858869864
1.33125,8.48886754,8.858869864
1.3315625,8.48807025,8.862853059
1.331875,8.489664829,8.862853059
1.3321875,8.48647567,8.863649698
1.3325,8.490462119,8.863649698
1.3328125,8.493651279,8.864446338
1.333125,8.492853989,8.863649698
1.3334375,8.489664829,8.864446338
1.33375,8.490462119,8.863649698
1.3340625,8.48807025,8.862853059
1.334375,8.490462119,8.86205642
1.3346875,8.48886754,8.861259781
1.335,8.48727296,8.860463142
1.3353125,8.48727296,8.861259781
1.335625,8.48647567,8.860463142
1.3359375,8.48567838,8.858869864
1.33625,8.484881091,8.858869864
1.3365625,8.48567838,8.858073225
1.336875,8.479300062,8.856479947
1.3371875,8.478502772,8.855683308
1.3375,8.483286511,8.855683308
1.3378125,8.480894642,8.854886669
1.338125,8.477705482,8.855683308
1.3384375,8.480097352,8.855683308
1.33875,8.478502772,8.854886669
1.3390625,8.480097352,8.854886669
1.339375,8.482489221,8.857276586
1.3396875,8.481691931,8.857276586
1.34,8.480894642,8.858073225
1.3403125,8.484881091,8.858073225
1.340625,8.483286511,8.858869864
1.3409375,8.478502772,8.855683308
1.34125,8.476908192,8.85409003
1.3415625,8.473719033,8.853293391
1.341875,8.475313613,8.85409003
1.3421875,8.479300062,8.853293391
1.3425,8.475313613,8.85409003
1.3428125,8.476908192,8.855683308
1.343125,8.478502772,8.854886669
1.3434375,8.476110903,8.856479947
1.34375,8.480894642,8.856479947
1.3440625,8.479300062,8.854886669
1.344375,8.480097352,8.856479947
1.3446875,8.477705482,8.857276586
1.345,8.481691931,8.857276586
1.3453125,8.480097352,8.858869864
1.345625,8.478502772,8.857276586
1.3459375,8.480097352,8.856479947
1.34625,8.479300062,8.856479947
1.3465625,8.477705482,8.855683308
1.346875,8.480894642,8.856479947
1.3471875,8.479300062,8.858073225
1.3475,8.483286511,8.858073225
1.3478125,8.480894642,8.858869864
1.348125,8.483286511,8.860463142
1.3484375,8.48567838,8.862853059
1.34875,8.484083801,8.862853059
1.3490625,8.48647567,8.864446338
1.349375,8.48807025,8.863649698
1.3496875,8.483286511,8.86205642
1.35,8.484083801,8.862853059
1.3503125,8.482489221,8.862853059
1.350625,8.484083801,8.862853059
1.3509375,8.484881091,8.86205642
1.35125,8.480097352,8.860463142
1.3515625,8.480894642,8.860463142
1.351875,8.481691931,8.858073225
1.3521875,8.477705482,8.858073225
1.3525,8.478502772,8.858869864
1.3528125,8.477705482,8.856479947
1.353125,8.479300062,8.856479947
1.3534375,8.477705482,8.856479947
1.35375,8.476110903,8.856479947
1.3540625,8.474516323,8.856479947
1.354375,8.474516323,8.855683308
1.3546875,8.476908192,8.856479947
1.355,8.473719033,8.853293391
1.3553125,8.470529874,8.853293391
1.355625,8.472124454,8.853293391
1.3559375,8.470529874,8.853293391
1.35625,8.472921743,8.852496752
1.3565625,8.475313613,8.853293391
1.356875,8.472124454,8.85409003
1.3571875,8.472921743,8.854886669
1.3575,8.473719033,8.85409003
1.3578125,8.469732584,8.851700113
1.358125,8.472124454,8.852496752
1.3584375,8.471327164,8.851700113
1.35875,8.468935294,8.850903474
1.3590625,8.468138004,8.851700113
1.359375,8.470529874,8.853293391
1.3596875,8.472124454,8.852496752
1.36,8.471327164,8.854886669
1.3603125,8.471327164,8.85409003
1.360625,8.472124454,8.854886669
1.3609375,8.470529874,8.854886669
1.36125,8.471327164,8.85409003
1.3615625,8.470529874,8.854886669
1.361875,8.471327164,8.854886669
1.3621875,8.473719033,8.855683308
1.3625,8.469732584,8.854886669
1.3628125,8.471327164,8.854886669
1.363125,8.471327164,8.855683308
1.3634375,8.472124454,8.856479947
1.36375,8.472124454,8.85409003
1.3640625,8.471327164,8.857276586
1.364375,8.474516323,8.856479947
1.3646875,8.475313613,8.857276586
1.365,8.477705482,8.860463142
1.3653125,8.476110903,8.861259781
1.365625,8.478502772,8.862853059
1.3659375,8.480097352,8.86205642
1.36625,8.477705482,8.862853059
1.3665625,8.480097352,8.86205642
1.366875,8.478502772,8.863649698
1.3671875,8.479300062,8.862853059
1.3675,8.473719033,8.860463142
1.3678125,8.476908192,8.858869864
1.368125,8.476110903,8.861259781
1.3684375,8.476110903,8.861259781
1.36875,8.476110903,8.860463142
1.3690625,8.470529874,8.858073225
1.369375,8.472921743,8.856479947
1.3696875,8.471327164,8.855683308
1.37,8.468138004,8.856479947
1.3703125,8.468138004,8.857276586
1.370625,8.471327164,8.856479947
1.3709375,8.472124454,8.854886669
1.37125,8.469732584,8.85409003
1.3715625,8.466543425,8.853293391
1.371875,8.465746135,8.85409003
1.3721875,8.468935294,8.855683308
1.3725,8.468935294,8.852496752
1.3728125,8.467340715,8.853293391
1.373125,8.468935294,8.851700113
1.3734375,8.464151555,8.853293391
1.37375,8.468138004,8.85409003
1.3740625,8.471327164,8.852496752
1.374375,8.464151555,8.851700113
1.3746875,8.460962396,8.850106835
1.375,8.458570527,8.850106835
1.3753125,8.462556976,8.849310196
1.375625,8.463354266,8.850106835
1.3759375,8.466543425,8.848513557
1.37625,8.460165106,8.848513557
1.3765625,8.460962396,8.850903474
1.376875,8.461759686,8.851700113
1.3771875,8.468138004,8.850903474
1.3775,8.468138004,8.853293391
1.3778125,8.460962396,8.852496752
1.378125,8.462556976,8.853293391
1.3784375,8.462556976,8.853293391
1.37875,8.467340715,8.854886669
1.3790625,8.465746135,8.85409003
1.379375,8.462556976,8.853293391
1.3796875,8.460165106,8.853293391
1.38,8.462556976,8.85409003
1.3803125,8.467340715,8.85409003
1.380625,8.470529874,8.855683308
1.3809375,8.466543425,8.854886669
1.38125,8.464151555,8.857276586
1.3815625,8.465746135,8.858869864
1.381875,8.471327164,8.858869864
1.3821875,8.473719033,8.86205642
1.3825,8.472124454,8.858869864
1.3828125,8.468935294,8.858869864
1.383125,8.470529874,8.859666503
1.3834375,8.475313613,8.861259781
1.38375,8.474516323,8.859666503
1.3840625,8.473719033,8.859666503
1.384375,8.466543425,8.859666503
1.3846875,8.466543425,8.859666503
1.385,8.467340715,8.859666503
1.3853125,8.472124454,8.858073225
1.385625,8.472124454,8.856479947
1.3859375,8.464948845,8.855683308
1.38625,8.461759686,8.855683308
1.3865625,8.466543425,8.854886669
1.386875,8.467340715,8.854886669
1.3871875,8.465746135,8.852496752
1.3875,8.462556976,8.850903474
1.3878125,8.462556976,8.850903474
1.388125,8.464151555,8.850903474
1.3884375,8.468138004,8.850903474
1.38875,8.463354266,8.852496752
1.3890625,8.461759686,8.850106835
1.389375,8.459367816,8.852496752
1.3896875,8.464151555,8.851700113
1.39,8.465746135,8.853293391
1.3903125,8.465746135,8.851700113
1.390625,8.461759686,8.853293391
1.3909375,8.459367816,8.850106835
1.39125,8.460165106,8.848513557
1.3915625,8.456975947,8.848513557
1.391875,8.463354266,8.850106835
1.3921875,8.461759686,8.849310196
1.3925,8.459367816,8.852496752
1.3928125,8.460165106,8.850903474
1.393125,8.466543425,8.850106835
1.3934375,8.464948845,8.853293391
1.39375,8.460962396,8.853293391
1.3940625,8.456975947,8.851700113
1.394375,8.464151555,8.853293391
1.3946875,8.465746135,8.852496752
1.395,8.464948845,8.853293391
1.3953125,8.460962396,8.854886669
1.395625,8.460165106,8.853293391
1.3959375,8.464151555,8.854886669
1.39625,8.468935294,8.853293391
1.3965625,8.464948845,8.853293391
1.396875,8.464948845,8.853293391
1.3971875,8.461759686,8.85409003
1.3975,8.462556976,8.855683308
1.3978125,8.467340715,8.854886669
1.398125,8.467340715,8.859666503
1.3984375,8.468935294,8.860463142
1.39875,8.468935294,8.861259781
1.3990625,8.472124454,8.859666503
1.399375,8.472124454,8.861259781
1.3996875,8.473719033,8.859666503
1.4,8.470529874,8.86205642
1.4003125,8.471327164,8.858869864
1.400625,8.468138004,8.860463142
1.4009375,8.477705482,8.858073225
1.40125,8.473719033,8.858869864
1.4015625,8.470529874,8.857276586
1.401875,8.464948845,8.858073225
1.4021875,8.465746135,8.855683308
1.4025,8.472124454,8.853293391
1.4028125,8.468935294,8.85409003
1.403125,8.466543425,8.853293391
1.4034375,8.460165106,8.853293391
1.40375,8.465746135,8.850106835
1.4040625,8.466543425,8.850903474
1.404375,8.470529874,8.850903474
1.4046875,8.464948845,8.850106835
1.405,8.458570527,8.850106835
1.4053125,8.459367816,8.850106835
1.405625,8.466543425,8.850106835
1.4059375,8.463354266,8.851700113
1.40625,8.466543425,8.850106835
1.4065625,8.460962396,8.850903474
1.406875,8.463354266,8.852496752
1.4071875,8.466543425,8.852496752
1.4075,8.464948845,8.850903474
1.4078125,8.462556976,8.846920279
1.408125,8.454584078,8.849310196
1.4084375,8.460165106,8.847716918
1.40875,8.460962396,8.848513557
1.4090625,8.463354266,8.847716918
1.409375,8.464151555,8.849310196
1.4096875,8.457773237,8.850903474
1.41,8.457773237,8.850903474
1.4103125,8.468138004,8.850903474
1.410625,8.461759686,8.853293391
1.4109375,8.472124454,8.851700113
1.41125,8.460962396,8.85409003
1.4115625,8.464151555,8.854886669
1.411875,8.469732584,8.850903474
1.4121875,8.468138004,8.851700113
1.4125,8.464948845,8.851700113
1.4128125,8.462556976,8.853293391
1.413125,8.466543425,8.85409003
1.4134375,8.468935294,8.853293391
1.41375,8.470529874,8.852496752
1.4140625,8.472921743,8.855683308
1.414375,8.464948845,8.854886669
1.4146875,8.465746135,8.856479947
1.415,8.474516323,8.858073225
1.4153125,8.474516323,8.859666503
1.415625,8.476110903,8.857276586
1.4159375,8.472921743,8.861259781
1.41625,8.473719033,8.859666503
1.4165625,8.474516323,8.86205642
1.416875,8.482489221,8.861259781
1.4171875,8.476110903,8.859666503
1.4175,8.468935294,8.858073225
1.4178125,8.468935294,8.858869864
1.418125,8.476908192,8.857276586
1.4184375,8.475313613,8.857276586
1.41875,8.473719033,8.856479947
1.4190625,8.466543425,8.855683308
1.419375,8.461759686,8.856479947
1.4196875,8.472921743,8.855683308
1.42,8.467340715,8.858869864
1.4203125,8.472921743,8.854886669
1.420625,8.464948845,8.855683308
1.4209375,8.464948845,8.854886669
1.42125,8.464948845,8.853293391
1.4215625,8.470529874,8.852496752
1.421875,8.464948845,8.853293391
1.4221875,8.463354266,8.851700113
1.4225,8.460962396,8.851700113
1.4228125,8.465746135,8.850903474
1.423125,8.472921743,8.851700113
1.4234375,8.467340715,8.851700113
1.42375,8.464151555,8.853293391
1.4240625,8.463354266,8.853293391
1.424375,8.464948845,8.850106835
1.4246875,8.462556976,8.851700113
1.425,8.462556976,8.849310196
1.4253125,8.460962396,8.850903474
1.425625,8.460165106,8.849310196
1.4259375,8.462556976,8.848513557
1.42625,8.467340715,8.850106835
1.4265625,8.465746135,8.851700113
1.426875,8.463354266,8.852496752
1.4271875,8.464948845,8.853293391
1.4275,8.471327164,8.853293391
1.4278125,8.470529874,8.85409003
1.428125,8.470529874,8.851700113
1.4284375,8.465746135,8.85409003
1.42875,8.464948845,8.85409003
1.4290625,8.469732584,8.850903474
1.429375,8.469732584,8.85409003
1.4296875,8.468935294,8.852496752
1.43,8.465746135,8.853293391
1.4303125,8.464948845,8.85409003
1.430625,8.472921743,8.85409003
1.4309375,8.478502772,8.85409003
1.43125,8.471327164,8.858869864
1.4315625,8.473719033,8.861259781
1.431875,8.472921743,8.861259781
1.4321875,8.474516323,8.860463142
1.4325,8.482489221,8.858869864
1.4328125,8.476110903,8.859666503
1.433125,8.475313613,8.86205642
1.4334375,8.474516323,8.86205642
1.43375,8.476908192,8.859666503
1.4340625,8.476110903,8.861259781
1.434375,8.475313613,8.858869864
1.4346875,8.469732584,8.858073225
1.435,8.472124454,8.858869864
1.4353125,8.471327164,8.857276586
1.435625,8.480097352,8.85409003
1.4359375,8.470529874,8.854886669
1.43625,8.469732584,8.855683308
1.4365625,8.470529874,8.856479947
1.436875,8.473719033,8.85409003
1.4371875,8.470529874,8.851700113
1.4375,8.472921743,8.852496752
1.4378125,8.465746135,8.85409003
1.438125,8.464151555,8.853293391
1.4384375,8.472124454,8.852496752
1.43875,8.472124454,8.852496752
1.4390625,8.470529874,8.851700113
1.439375,8.464948845,8.852496752
1.4396875,8.469732584,8.85409003
1.44,8.468935294,8.85409003
1.4403125,8.480894642,8.852496752
1.440625,8.471327164,8.851700113
1.4409375,8.467340715,8.850106835
1.44125,8.462556976,8.848513557
1.4415625,8.467340715,8.848513557
1.441875,8.473719033,8.847716918
1.4421875,8.472124454,8.847716918
1.4425,8.466543425,8.850106835
1.4428125,8.468138004,8.850903474
1.443125,8.473719033,8.850106835
1.4434375,8.472124454,8.850106835
1.44375,8.474516323,8.850106835
1.4440625,8.472124454,8.850903474
1.444375,8.471327164,8.853293391
1.4446875,8.474516323,8.853293391
1.445,8.479300062,8.852496752
1.4453125,8.474516323,8.852496752
1.445625,8.473719033,8.85409003
1.4459375,8.473719033,8.85409003
1.44625,8.478502772,8.851700113
1.4465625,8.477705482,8.85409003
1.446875,8.479300062,8.851700113
1.4471875,8.473719033,8.85409003
1.4475,8.473719033,8.854886669
1.4478125,8.479300062,8.854886669
1.448125,8.48567838,8.858073225
1.4484375,8.48567838,8.858869864
1.44875,8.479300062,8.859666503
1.4490625,8.483286511,8.860463142
1.449375,8.48567838,8.859666503
1.4496875,8.491259409,8.859666503
1.45,8.484083801,8.858869864
1.4503125,8.480097352,8.858073225
1.450625,8.482489221,8.857276586
1.4509375,8.480894642,8.858073225
1.45125,8.484881091,8.858073225
1.4515625,8.48647567,8.857276586
1.451875,8.477705482,8.856479947
1.4521875,8.479300062,8.856479947
1.4525,8.480097352,8.85409003
1.4528125,8.478502772,8.854886669
1.453125,8.478502772,8.855683308
1.4534375,8.477705482,8.85409003
1.45375,8.477705482,8.85409003
1.4540625,8.480097352,8.853293391
1.454375,8.484083801,8.85409003
1.4546875,8.480097352,8.853293391
1.455,8.474516323,8.850903474
1.4553125,8.475313613,8.853293391
1.455625,8.481691931,8.850903474
1.4559375,8.481691931,8.851700113
1.45625,8.480097352,8.853293391
1.4565625,8.476110903,8.853293391
1.456875,8.476110903,8.853293391
1.4571875,8.481691931,8.853293391
1.4575,8.482489221,8.853293391
1.4578125,8.480894642,8.849310196
1.458125,8.478502772,8.850106835
1.4584375,8.472124454,8.848513557
1.45875,8.478502772,8.847716918
1.4590625,8.484083801,8.850903474
1.459375,8.480097352,8.852496752
1.4596875,8.480894642,8.851700113
1.46,8.478502772,8.852496752
1.4603125,8.481691931,8.853293391
1.460625,8.484083801,8.851700113
1.4609375,8.480097352,8.851700113
1.46125,8.483286511,8.85409003
1.4615625,8.480097352,8.853293391
1.461875,8.481691931,8.851700113
1.4621875,8.482489221,8.851700113
1.4625,8.484881091,8.852496752
1.4628125,8.483286511,8.854886669
1.463125,8.48647567,8.852496752
1.4634375,8.481691931,8.851700113
1.46375,8.48727296,8.851700113
1.4640625,8.484881091,8.85409003
1.464375,8.48727296,8.854886669
1.4646875,8.48727296,8.855683308
1.465,8.495245858,8.856479947
1.4653125,8.494448568,8.859666503
1.465625,8.492853989,8.858869864
1.4659375,8.492853989,8.859666503
1.46625,8.492853989,8.86205642
1.4665625,8.498435017,8.859666503
1.466875,8.496043148,8.859666503
1.4671875,8.496840438,8.860463142
1.4675,8.496043148,8.858869864
1.4678125,8.492853989,8.858073225
1.468125,8.492853989,8.856479947
1.4684375,8.496043148,8.854886669
1.46875,8.494448568,8.856479947
1.4690625,8.493651279,8.856479947
1.469375,8.492853989,8.85409003
1.4696875,8.492853989,8.85409003
1.47,8.493651279,8.85409003
1.4703125,8.492056699,8.853293391
1.470625,8.48807025,8.852496752
1.4709375,8.48886754,8.851700113
1.47125,8.491259409,8.850903474
1.4715625,8.492853989,8.852496752
1.471875,8.494448568,8.851700113
1.4721875,8.490462119,8.851700113
1.4725,8.492853989,8.851700113
1.4728125,8.495245858,8.852496752
1.473125,8.496043148,8.853293391
1.4734375,8.496840438,8.85409003
1.47375,8.493651279,8.853293391
1.4740625,8.493651279,8.851700113
1.474375,8.492056699,8.850903474
1.4746875,8.492056699,8.850106835
1.475,8.492056699,8.851700113
1.4753125,8.494448568,8.850106835
1.475625,8.490462119,8.851700113
1.4759375,8.496840438,8.850903474
1.47625,8.496840438,8.851700113
1.4765625,8.496840438,8.852496752
1.476875,8.496840438,8.853293391
1.4771875,8.503218756,8.853293391
1.4775,8.500029597,8.854886669
1.4778125,8.500029597,8.85409003
1.478125,8.500826887,8.85409003
1.4784375,8.499232307,8.854886669
1.47875,8.500826887,8.854886669
1.4790625,8.504813336,8.854886669
1.479375,8.502421467,8.85409003
1.4796875,8.503218756,8.854886669
1.48,8.503218756,8.855683308
1.4803125,8.503218756,8.855683308
1.480625,8.508002495,8.856479947
1.4809375,8.506407916,8.855683308
1.48125,8.506407916,8.855683308
1.4815625,8.509597075,8.858869864
1.481875,8.511191655,8.860463142
1.4821875,8.515178104,8.86205642
1.4825,8.515178104,8.862853059
1.4828125,8.515178104,8.862853059
1.483125,8.511191655,8.862853059
1.4834375,8.511988944,8.86205642
1.48375,8.514380814,8.86205642
1.4840625,8.514380814,8.86205642
1.484375,8.515975393,8.861259781
1.4846875,8.513583524,8.860463142
1.485,8.509597075,8.858073225
1.4853125,8.514380814,8.857276586
1.485625,8.513583524,8.858073225
1.4859375,8.512786234,8.857276586
1.48625,8.509597075,8.855683308
1.4865625,8.509597075,8.856479947
1.486875,8.511988944,8.855683308
1.4871875,8.508002495,8.855683308
1.4875,8.511191655,8.855683308
1.4878125,8.508799785,8.855683308
1.488125,8.509597075,8.85409003
1.4884375,8.511191655,8.853293391
1.48875,8.512786234,8.853293391
1.4890625,8.511988944,8.853293391
1.489375,8.510394365,8.85409003
1.4896875,8.512786234,8.854886669
1.49,8.517569973,8.854886669
1.4903125,8.514380814,8.856479947
1.490625,8.515975393,8.854886669
1.4909375,8.509597075,8.851700113
1.49125,8.510394365,8.851700113
1.4915625,8.513583524,8.852496752
1.491875,8.511988944,8.853293391
1.4921875,8.512786234,8.851700113
1.4925,8.511191655,8.850903474
1.4928125,8.511988944,8.850106835
1.493125,8.515975393,8.853293391
1.4934375,8.515178104,8.851700113
1.49375,8.515975393,8.85409003
1.4940625,8.518367263,8.854886669
1.494375,8.519164553,8.854886669
1.4946875,8.520759132,8.854886669
1.495,8.520759132,8.856479947
1.4953125,8.522353712,8.855683308
1.495625,8.518367263,8.855683308
1.4959375,8.518367263,8.85409003
1.49625,8.517569973,8.853293391
1.4965625,8.519961843,8.854886669
1.496875,8.521556422,8.854886669
1.4971875,8.523948292,8.855683308
1.4975,8.522353712,8.856479947
1.4978125,8.526340161,8.858073225
1.498125,8.526340161,8.858869864
1.4984375,8.53192119,8.860463142
1.49875,8.533515769,8.861259781
1.4990625,8.5311239,8.860463142
1.499375,8.53192119,8.860463142
1.4996875,8.533515769,8.861259781
1.5,8.534313059,8.86205642
1.5003125,8.535110349,8.861259781
1.500625,8.535907639,8.859666503
1.5009375,8.53271848,8.860463142
1.50125,8.533515769,8.861259781
1.5015625,8.53192119,8.859666503
1.501875,8.533515769,8.859666503
1.5021875,8.534313059,8.860463142
1.5025,8.534313059,8.858073225
1.5028125,8.53032661,8.858073225
1.503125,8.53271848,8.857276586
1.5034375,8.5311239,8.856479947
1.50375,8.53271848,8.857276586
1.5040625,8.527934741,8.85409003
1.504375,8.52952932,8.852496752
1.5046875,8.527934741,8.852496752
1.505,8.528732031,8.853293391
1.5053125,8.527137451,8.851700113
1.505625,8.528732031,8.85409003
1.5059375,8.52952932,8.853293391
1.50625,8.5311239,8.852496752
1.5065625,8.5311239,8.852496752
1.506875,8.53271848,8.853293391
1.5071875,8.533515769,8.854886669
1.5075,8.53192119,8.853293391
1.5078125,8.53271848,8.850903474
1.508125,8.52952932,8.850903474
1.5084375,8.52952932,8.850106835
1.50875,8.53032661,8.850903474
1.5090625,8.53032661,8.851700113
1.509375,8.5311239,8.851700113
1.5096875,8.535110349,8.851700113
1.51,8.533515769,8.852496752
1.5103125,8.535110349,8.853293391
1.510625,8.534313059,8.853293391
1.5109375,8.537502218,8.85409003
1.51125,8.537502218,8.85409003
1.5115625,8.536704929,8.853293391
1.511875,8.537502218,8.85409003
1.5121875,8.539096798,8.853293391
1.5125,8.539096798,8.853293391
1.5128125,8.539894088,8.854886669
1.513125,8.539894088,8.85409003
1.5134375,8.537502218,8.853293391
1.51375,8.539096798,8.85409003
1.5140625,8.540691378,8.855683308
1.514375,8.543083247,8.856479947
1.5146875,8.543880537,8.857276586
1.515,8.547069696,8.858869864
1.5153125,8.550258856,8.860463142
1.515625,8.550258856,8.859666503
1.5159375,8.549461566,8.859666503
1.51625,8.550258856,8.860463142
1.5165625,8.552650725,8.859666503
1.516875,8.550258856,8.859666503
1.5171875,8.551056145,8.859666503
1.5175,8.551853435,8.858869864
1.5178125,8.550258856,8.858073225
1.518125,8.549461566,8.858073225
1.5184375,8.547866986,8.857276586
1.51875,8.546272406,8.856479947
1.5190625,8.545475117,8.855683308
1.519375,8.543880537,8.854886669
1.5196875,8.543083247,8.853293391
1.52,8.543880537,8.85409003
1.5203125,8.544677827,8.85409003
1.520625,8.543880537,8.852496752
1.5209375,8.543083247,8.853293391
1.52125,8.540691378,8.851700113
1.5215625,8.543083247,8.851700113
1.521875,8.542285957,8.850903474
1.5221875,8.544677827,8.852496752
1.5225,8.542285957,8.850903474
1.5228125,8.542285957,8.850903474
1.523125,8.544677827,8.85409003
1.5234375,8.547069696,8.85409003
1.52375,8.544677827,8.852496752
1.5240625,8.543083247,8.850903474
1.524375,8.539894088,8.848513557
1.5246875,8.539894088,8.847716918
1.525,8.540691378,8.848513557
1.5253125,8.542285957,8.848513557
1.525625,8.539894088,8.849310196
1.5259375,8.539894088,8.849310196
1.52625,8.542285957,8.849310196
1.5265625,8.546272406,8.851700113
1.526875,8.547866986,8.852496752
1.5271875,8.546272406,8.852496752
1.5275,8.545475117,8.852496752
1.5278125,8.544677827,8.851700113
1.528125,8.543880537,8.851700113
1.5284375,8.546272406,8.853293391
1.52875,8.548664276,8.851700113
1.5290625,8.544677827,8.851700113
1.529375,8.547069696,8.851700113
1.5296875,8.547069696,8.850903474
1.53,8.547069696,8.850903474
1.5303125,8.546272406,8.851700113
1.530625,8.548664276,8.852496752
1.5309375,8.548664276,8.853293391
1.53125,8.550258856,8.85409003
1.5315625,8.553448015,8.857276586
1.531875,8.555839884,8.859666503
1.5321875,8.559029044,8.858869864
1.5325,8.555042594,8.858869864
1.5328125,8.557434464,8.859666503
1.533125,8.559826333,8.859666503
1.5334375,8.559029044,8.860463142
1.53375,8.559029044,8.859666503
1.5340625,8.558231754,8.858869864
1.534375,8.557434464,8.859666503
1.5346875,8.555839884,8.858073225
1.535,8.555839884,8.857276586
1.5353125,8.553448015,8.857276586
1.535625,8.557434464,8.856479947
1.5359375,8.554245305,8.855683308
1.53625,8.555042594,8.854886669
1.5365625,8.552650725,8.85409003
1.536875,8.551056145,8.85409003
1.5371875,8.551056145,8.853293391
1.5375,8.552650725,8.852496752
1.5378125,8.551056145,8.851700113
1.538125,8.550258856,8.850903474
1.5384375,8.549461566,8.850903474
1.53875,8.551056145,8.851700113
1.5390625,8.553448015,8.850903474
1.539375,8.550258856,8.850106835
1.5396875,8.550258856,8.850106835
1.54,8.550258856,8.850903474
1.5403125,8.552650725,8.851700113
1.540625,8.553448015,8.851700113
1.5409375,8.551056145,8.847716918
1.54125,8.547069696,8.846920279
1.5415625,8.545475117,8.846920279
1.541875,8.546272406,8.84612364
1.5421875,8.550258856,8.848513557
1.5425,8.551056145,8.847716918
1.5428125,8.550258856,8.848513557
1.543125,8.551056145,8.848513557
1.5434375,8.551853435,8.849310196
1.54375,8.553448015,8.850903474
1.5440625,8.555042594,8.851700113
1.544375,8.552650725,8.850106835
1.5446875,8.551056145,8.850106835
1.545,8.552650725,8.851700113
1.5453125,8.554245305,8.850903474
1.545625,8.556637174,8.852496752
1.5459375,8.554245305,8.852496752
1.54625,8.552650725,8.850106835
1.5465625,8.552650725,8.850903474
1.546875,8.555042594,8.851700113
1.5471875,8.555839884,8.851700113
1.5475,8.559029044,8.853293391
1.5478125,8.555042594,8.852496752
1.548125,8.559029044,8.856479947
1.5484375,8.563812782,8.858073225
1.54875,8.563812782,8.858073225
1.5490625,8.560623623,8.856479947
1.549375,8.560623623,8.857276586
1.5496875,8.563812782,8.857276586
1.55,8.560623623,8.857276586
1.5503125,8.561420913,8.856479947
1.550625,8.560623623,8.856479947
1.5509375,8.559826333,8.855683308
1.55125,8.562218203,8.855683308
1.5515625,8.562218203,8.854886669
1.551875,8.563015493,8.855683308
1.5521875,8.560623623,8.854886669
1.5525,8.559826333,8.855683308
1.5528125,8.559826333,8.853293391
1.553125,8.562218203,8.852496752
1.5534375,8.560623623,8.853293391
1.55375,8.559029044,8.851700113
1.5540625,8.556637174,8.851700113
1.554375,8.558231754,8.851700113
1.5546875,8.560623623,8.850106835
1.555,8.556637174,8.849310196
1.5553125,8.555042594,8.849310196
1.555625,8.551853435,8.847716918
1.5559375,8.555042594,8.850106835
1.55625,8.558231754,8.850106835
1.5565625,8.558231754,8.849310196
1.556875,8.555042594,8.848513557
1.5571875,8.554245305,8.848513557
1.5575,8.556637174,8.849310196
1.5578125,8.557434464,8.847716918
1.558125,8.555839884,8.84612364
1.5584375,8.553448015,8.847716918
1.55875,8.551853435,8.84612364
1.5590625,8.555042594,8.848513557
1.559375,8.557434464,8.849310196
1.5596875,8.559029044,8.850903474
1.56,8.556637174,8.850106835
1.5603125,8.555839884,8.850106835
1.560625,8.556637174,8.851700113
1.5609375,8.560623623,8.850903474
1.56125,8.559826333,8.851700113
1.5615625,8.556637174,8.850106835
1.561875,8.553448015,8.849310196
1.5621875,8.558231754,8.850903474
1.5625,8.559029044,8.850903474
1.5628125,8.559826333,8.851700113
1.563125,8.556637174,8.850106835
1.5634375,8.556637174,8.849310196
1.56375,8.556637174,8.850903474
1.5640625,8.561420913,8.852496752
1.564375,8.563812782,8.85409003
1.5646875,8.563015493,8.855683308
1.565,8.563812782,8.855683308
1.5653125,8.564610072,8.856479947
1.565625,8.568596521,8.858073225
1.5659375,8.570191101,8.858869864
1.56625,8.569393811,8.858869864
1.5665625,8.567799232,8.858869864
1.566875,8.569393811,8.859666503
1.5671875,8.570191101,8.859666503
1.5675,8.569393811,8.858869864
1.5678125,8.565407362,8.855683308
1.568125,8.563015493,8.855683308
1.5684375,8.565407362,8.855683308
1.56875,8.566204652,8.855683308
1.5690625,8.565407362,8.855683308
1.569375,8.561420913,8.853293391
1.5696875,8.561420913,8.852496752
1.57,8.563015493,8.853293391
1.5703125,8.563812782,8.852496752
1.570625,8.563812782,8.852496752
1.5709375,8.561420913,8.851700113
1.57125,8.559826333,8.850903474
1.5715625,8.563015493,8.852496752
1.571875,8.564610072,8.851700113
1.5721875,8.563015493,8.851700113
1.5725,8.561420913,8.851700113
1.5728125,8.559826333,8.850903474
1.573125,8.562218203,8.853293391
1.5734375,8.567001942,8.852496752
1.57375,8.563812782,8.852496752
1.5740625,8.563015493,8.851700113
1.574375,8.559029044,8.849310196
1.5746875,8.559826333,8.848513557
1.575,8.561420913,8.847716918
1.5753125,8.561420913,8.847716918
1.575625,8.559826333,8.848513557
1.5759375,8.558231754,8.847716918
1.57625,8.562218203,8.849310196
1.5765625,8.563812782,8.850903474
1.576875,8.565407362,8.851700113
1.5771875,8.560623623,8.850106835
1.5775,8.559029044,8.850106835
1.5778125,8.563015493,8.850106835
1.578125,8.563812782,8.851700113
1.5784375,8.566204652,8.850903474
1.57875,8.562218203,8.850106835
1.5790625,8.560623623,8.848513557
1.579375,8.563015493,8.850903474
1.5796875,8.565407362,8.850903474
1.58,8.567001942,8.852496752
1.5803125,8.565407362,8.851700113
1.580625,8.564610072,8.851700113
1.5809375,8.567799232,8.852496752
1.58125,8.570191101,8.85409003
1.5815625,8.57258297,8.857276586
1.581875,8.57417755,8.858073225
1.5821875,8.569393811,8.858073225
1.5825,8.57258297,8.859666503
1.5828125,8.57497484,8.859666503
1.583125,8.57656942,8.860463142
1.5834375,8.57258297,8.858073225
1.58375,8.57258297,8.857276586
1.5840625,8.57497484,8.858869864
1.584375,8.57497484,8.858073225
1.5846875,8.57417755,8.856479947
1.585,8.57338026,8.858073225
1.5853125,8.570191101,8.854886669
1.585625,8.570988391,8.85409003
1.5859375,8.569393811,8.853293391
1.58625,8.569393811,8.853293391
1.5865625,8.564610072,8.852496752
1.586875,8.563812782,8.851700113
1.5871875,8.565407362,8.851700113
1.5875,8.567001942,8.851700113
1.5878125,8.565407362,8.851700113
1.588125,8.563812782,8.850903474
1.5884375,8.562218203,8.850903474
1.58875,8.564610072,8.850903474
1.5890625,8.565407362,8.850903474
1.589375,8.566204652,8.850106835
1.5896875,8.564610072,8.850106835
1.59,8.564610072,8.852496752
1.5903125,8.569393811,8.850106835
1.590625,8.565407362,8.850106835
1.5909375,8.563812782,8.846920279
1.59125,8.563015493,8.847716918
1.5915625,8.560623623,8.847716918
1.591875,8.565407362,8.847716918
1.5921875,8.563812782,8.848513557
1.5925,8.567001942,8.850106835
1.5928125,8.565407362,8.850106835
1.593125,8.567001942,8.851700113
1.5934375,8.568596521,8.851700113
1.59375,8.569393811,8.850903474
1.5940625,8.569393811,8.851700113
1.594375,8.568596521,8.851700113
1.5946875,8.567001942,8.851700113
1.595,8.567799232,8.852496752
1.5953125,8.570988391,8.850903474
1.595625,8.567799232,8.851700113
1.5959375,8.564610072,8.850903474
1.59625,8.560623623,8.847716918
1.5965625,8.566204652,8.850903474
1.596875,8.568596521,8.851700113
1.5971875,8.566204652,8.850903474
1.5975,8.567001942,8.853293391
1.5978125,8.565407362,8.851700113
1.598125,8.569393811,8.854886669
1.5984375,8.57417755,8.857276586
1.59875,8.57577213,8.858869864
1.5990625,8.57338026,8.858869864
1.599375,8.57338026,8.858869864
1.5996875,8.57577213,8.858869864
1.6,8.577366709,8.859666503
1.6003125,8.578961289,8.859666503
1.600625,8.57338026,8.858869864
1.6009375,8.571785681,8.857276586
1.60125,8.57338026,8.857276586
1.6015625,8.57417755,8.856479947
1.601875,8.57497484,8.856479947
1.6021875,8.570988391,8.856479947
1.6025,8.569393811,8.854886669
1.6028125,8.569393811,8.853293391
1.603125,8.570191101,8.853293391
1.6034375,8.571785681,8.853293391
1.60375,8.570988391,8.852496752
1.6040625,8.567799232,8.850903474
1.604375,8.569393811,8.851700113
1.6046875,8.568596521,8.850903474
1.605,8.570191101,8.851700113
1.6053125,8.568596521,8.850903474
1.605625,8.565407362,8.850106835
1.6059375,8.569393811,8.851700113
1.60625,8.569393811,8.850903474
1.6065625,8.571785681,8.853293391
1.606875,8.571785681,8.852496752
1.6071875,8.566204652,8.851700113
1.6075,8.567799232,8.851700113
1.6078125,8.567001942,8.849310196
1.608125,8.567001942,8.848513557
1.6084375,8.566204652,8.849310196
1.60875,8.564610072,8.847716918
1.6090625,8.567001942,8.849310196
1.609375,8.566204652,8.847716918
1.6096875,8.566204652,8.848513557
1.61,8.565407362,8.850106835
1.6103125,8.566204652,8.849310196
1.610625,8.564610072,8.850903474
1.6109375,8.568596521,8.850903474
1.61125,8.567001942,8.850106835
1.6115625,8.567001942,8.850903474
1.611875,8.566204652,8.850903474
1.6121875,8.568596521,8.850106835
1.6125,8.566204652,8.850106835
1.6128125,8.568596521,8.850106835
1.613125,8.567799232,8.850106835
1.6134375,8.566204652,8.851700113
1.61375,8.570191101,8.851700113
1.6140625,8.569393811,8.851700113
1.614375,8.569393811,8.852496752
1.6146875,8.570191101,8.85409003
1.615,8.571785681,8.858073225
1.6153125,8.57417755,8.858869864
1.615625,8.57497484,8.859666503
1.6159375,8.57497484,8.858869864
1.61625,8.57577213,8.859666503
1.6165625,8.57258297,8.859666503
1.616875,8.57656942,8.859666503
1.6171875,8.57417755,8.859666503
1.6175,8.57417755,8.858073225
1.6178125,8.571785681,8.857276586
1.618125,8.569393811,8.858073225
1.6184375,8.57417755,8.857276586
1.61875,8.571785681,8.855683308
1.6190625,8.57258297,8.85409003
1.619375,8.568596521,8.853293391
1.6196875,8.567799232,8.852496752
1.62,8.568596521,8.851700113
1.6203125,8.569393811,8.850903474
1.620625,8.570191101,8.853293391
1.6209375,8.567001942,8.850903474
1.62125,8.565407362,8.850903474
1.6215625,8.565407362,8.850903474
1.621875,8.568596521,8.850903474
1.6221875,8.564610072,8.850903474
1.6225,8.564610072,8.850903474
1.6228125,8.563812782,8.850903474
1.623125,8.565407362,8.851700113
1.6234375,8.567001942,8.852496752
1.62375,8.567799232,8.851700113
1.6240625,8.564610072,8.851700113
1.624375,8.559826333,8.849310196
1.6246875,8.560623623,8.847716918
1.625,8.562218203,8.849310196
1.6253125,8.564610072,8.848513557
1.625625,8.561420913,8.849310196
1.6259375,8.559029044,8.849310196
1.62625,8.560623623,8.849310196
1.6265625,8.563812782,8.850903474
1.626875,8.565407362,8.850903474
1.6271875,8.563015493,8.851700113
1.6275,8.561420913,8.851700113
1.6278125,8.563812782,8.850903474
1.628125,8.566204652,8.851700113
1.6284375,8.567799232,8.851700113
1.62875,8.563015493,8.850903474
1.6290625,8.560623623,8.850903474
1.629375,8.562218203,8.850903474
1.6296875,8.566204652,8.851700113
1.63,8.569393811,8.853293391
1.6303125,8.565407362,8.853293391
1.630625,8.563812782,8.853293391
1.6309375,8.565407362,8.853293391
1.63125,8.566204652,8.85409003
1.6315625,8.57258297,8.858073225
1.631875,8.57258297,8.858073225
1.6321875,8.570191101,8.858073225
1.6325,8.571785681,8.858869864
1.6328125,8.57338026,8.858869864
1.633125,8.57417755,8.860463142
1.6334375,8.57417755,8.857276586
1.63375,8.567799232,8.857276586
1.6340625,8.570191101,8.857276586
1.634375,8.570988391,8.856479947
1.6346875,8.571785681,8.857276586
1.635,8.570191101,8.855683308
1.6353125,8.567001942,8.854886669
1.635625,8.565407362,8.854886669
1.6359375,8.565407362,8.85409003
1.63625,8.566204652,8.853293391
1.6365625,8.566204652,8.853293391
1.636875,8.563015493,8.851700113
1.6371875,8.563015493,8.851700113
1.6375,8.563812782,8.850106835
1.6378125,8.564610072,8.850106835
1.638125,8.564610072,8.850106835
1.6384375,8.562218203,8.849310196
1.63875,8.562218203,8.850106835
1.6390625,8.563812782,8.849310196
1.639375,8.564610072,8.850106835
1.6396875,8.564610072,8.850903474
1.64,8.563812782,8.851700113
1.6403125,8.563015493,8.852496752
1.640625,8.564610072,8.852496752
1.6409375,8.560623623,8.849310196
1.64125,8.560623623,8.849310196
1.6415625,8.555839884,8.84612364
1.641875,8.555839884,8.847716918
1.6421875,8.557434464,8.847716918
1.6425,8.557434464,8.847716918
1.6428125,8.557434464,8.849310196
1.643125,8.555839884,8.850106835
1.6434375,8.556637174,8.848513557
1.64375,8.559826333,8.850903474
1.6440625,8.561420913,8.850903474
1.644375,8.560623623,8.850903474
1.6446875,8.557434464,8.851700113
1.645,8.559029044,8.850106835
1.6453125,8.556637174,8.851700113
1.645625,8.559029044,8.852496752
1.6459375,8.559826333,8.852496752
1.64625,8.558231754,8.852496752
1.6465625,8.559029044,8.850903474
1.646875,8.558231754,8.850903474
1.6471875,8.560623623,8.851700113
1.6475,8.561420913,8.853293391
1.6478125,8.558231754,8.852496752
1.648125,8.562218203,8.854886669
1.6484375,8.566204652,8.857276586
1.64875,8.567799232,8.859666503
1.6490625,8.569393811,8.859666503
1.649375,8.567799232,8.860463142
1.6496875,8.567799232,8.861259781
1.65,8.570988391,8.860463142
1.6503125,8.567001942,8.860463142
1.650625,8.568596521,8.860463142
1.6509375,8.563812782,8.860463142
1.65125,8.564610072,8.860463142
1.6515625,8.567001942,8.858869864
1.651875,8.564610072,8.858869864
1.6521875,8.564610072,8.857276586
1.6525,8.559029044,8.855683308
1.6528125,8.556637174,8.852496752
1.653125,8.560623623,8.85409003
1.6534375,8.560623623,8.853293391
1.65375,8.558231754,8.853293391
1.6540625,8.555839884,8.852496752
1.654375,8.555839884,8.851700113
1.6546875,8.555839884,8.852496752
1.655,8.559029044,8.850106835
1.6553125,8.554245305,8.850903474
1.655625,8.551853435,8.850106835
1.6559375,8.553448015,8.850106835
1.65625,8.555042594,8.851700113
1.6565625,8.559029044,8.851700113
1.656875,8.555839884,8.852496752
1.6571875,8.555839884,8.852496752
1.6575,8.554245305,8.850903474
1.6578125,8.551853435,8.847716918
1.658125,8.555042594,8.848513557
1.6584375,8.554245305,8.846920279
1.65875,8.552650725,8.847716918
1.6590625,8.551056145,8.847716918
1.659375,8.552650725,8.848513557
1.6596875,8.555839884,8.850903474
1.66,8.559029044,8.850903474
1.6603125,8.554245305,8.851700113
1.660625,8.555839884,8.851700113
1.6609375,8.556637174,8.851700113
1.66125,8.560623623,8.85409003
1.6615625,8.561420913,8.852496752
1.661875,8.555839884,8.852496752
1.6621875,8.553448015,8.850106835
1.6625,8.558231754,8.853293391
1.6628125,8.558231754,8.851700113
1.663125,8.559826333,8.853293391
1.6634375,8.557434464,8.851700113
1.66375,8.554245305,8.850903474
1.6640625,8.558231754,8.853293391
1.664375,8.560623623,8.853293391
1.6646875,8.561420913,8.854886669
1.665,8.565407362,8.856479947
1.6653125,8.562218203,8.858073225
1.665625,8.566204652,8.859666503
1.6659375,8.567001942,8.858073225
1.66625,8.568596521,8.860463142
1.6665625,8.568596521,8.859666503
1.666875,8.563015493,8.858073225
1.6671875,8.564610072,8.858869864
1.6675,8.566204652,8.858073225
1.6678125,8.566204652,8.858073225
1.668125,8.564610072,8.857276586
1.6684375,8.561420913,8.856479947
1.66875,8.561420913,8.856479947
1.6690625,8.562218203,8.855683308
1.669375,8.559826333,8.85409003
1.6696875,8.559029044,8.85409003
1.67,8.560623623,8.85409003
1.6703125,8.556637174,8.853293391
1.670625,8.558231754,8.852496752
1.6709375,8.559826333,8.852496752
1.67125,8.555839884,8.851700113
1.6715625,8.556637174,8.851700113
1.671875,8.554245305,8.850106835
1.6721875,8.556637174,8.851700113
1.6725,8.558231754,8.851700113
1.6728125,8.556637174,8.851700113
1.673125,8.553448015,8.850106835
1.6734375,8.554245305,8.850106835
1.67375,8.555839884,8.850903474
1.6740625,8.555839884,8.850903474
1.674375,8.553448015,8.850106835
1.6746875,8.551853435,8.850106835
1.675,8.557434464,8.850903474
1.6753125,8.554245305,8.851700113
1.675625,8.556637174,8.850903474
1.6759375,8.555042594,8.850106835
1.67625,8.553448015,8.851700113
1.6765625,8.555839884,8.851700113
1.676875,8.556637174,8.850903474
1.6771875,8.556637174,8.851700113
1.6775,8.556637174,8.852496752
1.6778125,8.555839884,8.85409003
1.678125,8.556637174,8.854886669
1.6784375,8.556637174,8.85409003
1.67875,8.555042594,8.852496752
1.6790625,8.555042594,8.853293391
1.679375,8.553448015,8.853293391
1.6796875,8.555839884,8.854886669
1.68,8.559029044,8.853293391
1.6803125,8.555839884,8.85409003
1.680625,8.555839884,8.85409003
1.6809375,8.555042594,8.855683308
1.68125,8.557434464,8.855683308
1.6815625,8.563015493,8.858869864
1.681875,8.565407362,8.860463142
1.6821875,8.564610072,8.86205642
1.6825,8.563015493,8.860463142
1.6828125,8.564610072,8.86205642
1.683125,8.565407362,8.862853059
1.6834375,8.566204652,8.860463142
1.68375,8.564610072,8.86205642
1.6840625,8.561420913,8.859666503
1.684375,8.562218203,8.860463142
1.6846875,8.563812782,8.860463142
1.685,8.565407362,8.858869864
1.6853125,8.561420913,8.858869864
1.685625,8.560623623,8.858073225
1.6859375,8.559029044,8.856479947
1.68625,8.560623623,8.856479947
1.6865625,8.560623623,8.855683308
1.686875,8.559826333,8.85409003
1.6871875,8.555839884,8.85409003
1.6875,8.556637174,8.85409003
1.6878125,8.558231754,8.853293391
1.688125,8.557434464,8.853293391
1.6884375,8.557434464,8.851700113
1.68875,8.552650725,8.850903474
1.6890625,8.554245305,8.851700113
1.689375,8.556637174,8.851700113
1.6896875,8.558231754,8.85409003
1.69,8.560623623,8.85409003
1.6903125,8.553448015,8.853293391
1.690625,8.555042594,8.852496752
1.6909375,8.552650725,8.850903474
1.69125,8.551853435,8.850106835
1.6915625,8.550258856,8.849310196
1.691875,8.547866986,8.849310196
1.6921875,8.547866986,8.847716918
1.6925,8.549461566,8.849310196
1.6928125,8.551853435,8.850106835
1.693125,8.551853435,8.851700113
1.6934375,8.550258856,8.850903474
1.69375,8.548664276,8.850903474
1.6940625,8.551853435,8.851700113
1.694375,8.553448015,8.853293391
1.6946875,8.552650725,8.852496752
1.695,8.551853435,8.851700113
1.6953125,8.547866986,8.851700113
1.695625,8.548664276,8.852496752
1.6959375,8.552650725,8.853293391
1.69625,8.554245305,8.854886669
1.6965625,8.551853435,8.854886669
1.696875,8.550258856,8.85409003
1.6971875,8.549461566,8.853293391
1.6975,8.550258856,8.853293391
1.6978125,8.551056145,8.85409003
1.698125,8.550258856,8.856479947
1.6984375,8.550258856,8.855683308
1.69875,8.554245305,8.858073225
1.6990625,8.556637174,8.858869864
1.699375,8.557434464,8.858869864
1.6996875,8.555042594,8.859666503
1.7,8.553448015,8.855683308
1.7003125,8.553448015,8.859666503
1.700625,8.555839884,8.858869864
1.7009375,8.555042594,8.858073225
1.70125,8.553448015,8.857276586
1.7015625,8.551853435,8.85409003
1.701875,8.547866986,8.85409003
1.7021875,8.551056145,8.854886669
1.7025,8.552650725,8.854886669
1.7028125,8.548664276,8.853293391
1.703125,8.546272406,8.852496752
1.7034375,8.551056145,8.852496752
1.70375,8.548664276,8.851700113
1.7040625,8.548664276,8.850903474
1.704375,8.546272406,8.850106835
1.7046875,8.544677827,8.849310196
1.705,8.545475117,8.849310196
1.7053125,8.547069696,8.850903474
1.705625,8.547866986,8.850903474
1.7059375,8.546272406,8.850903474
1.70625,8.543880537,8.850106835
1.7065625,8.545475117,8.851700113
1.706875,8.548664276,8.851700113
1.7071875,8.547866986,8.851700113
1.7075,8.545475117,8.851700113
1.7078125,8.539894088,8.847716918
1.708125,8.541488668,8.847716918
1.7084375,8.543880537,8.847716918
1.70875,8.543880537,8.847716918
1.7090625,8.540691378,8.847716918
1.709375,8.539096798,8.847716918
1.7096875,8.543083247,8.849310196
1.71,8.547069696,8.850106835
1.7103125,8.545475117,8.850106835
1.710625,8.545475117,8.850106835
1.7109375,8.542285957,8.849310196
1.71125,8.541488668,8.850106835
1.7115625,8.546272406,8.853293391
1.711875,8.547069696,8.851700113
1.7121875,8.544677827,8.853293391
1.7125,8.543880537,8.851700113
1.7128125,8.543880537,8.852496752
1.713125,8.546272406,8.853293391
1.7134375,8.548664276,8.853293391
1.71375,8.543880537,8.852496752
1.7140625,8.543880537,8.851700113
1.714375,8.540691378,8.851700113
1.7146875,8.547866986,8.854886669
1.715,8.551853435,8.857276586
1.7153125,8.552650725,8.858869864
1.715625,8.547866986,8.858073225
1.7159375,8.548664276,8.858073225
1.71625,8.551853435,8.859666503
1.7165625,8.555839884,8.861259781
1.716875,8.555042594,8.859666503
1.7171875,8.547069696,8.858073225
1.7175,8.546272406,8.857276586
1.7178125,8.550258856,8.856479947
1.718125,8.549461566,8.856479947
1.7184375,8.548664276,8.855683308
1.71875,8.544677827,8.85409003
1.7190625,8.543083247,8.854886669
1.719375,8.543880537,8.85409003
1.7196875,8.544677827,8.854886669
1.72,8.544677827,8.854886669
1.7203125,8.543083247,8.853293391
1.720625,8.538299508,8.850903474
1.7209375,8.539894088,8.852496752
1.72125,8.540691378,8.851700113
1.7215625,8.542285957,8.85409003
1.721875,8.535907639,8.850106835
1.7221875,8.534313059,8.850106835
1.7225,8.539096798,8.851700113
1.7228125,8.541488668,8.852496752
1.723125,8.541488668,8.853293391
1.7234375,8.539894088,8.853293391
1.72375,8.537502218,8.851700113
1.7240625,8.539096798,8.853293391
1.724375,8.539096798,8.851700113
1.7246875,8.537502218,8.850903474
1.725,8.535907639,8.850903474
1.7253125,8.533515769,8.84612364
1.725625,8.534313059,8.850106835
1.7259375,8.537502218,8.850903474
1.72625,8.537502218,8.851700113
1.7265625,8.536704929,8.851700113
1.726875,8.535907639,8.850903474
1.7271875,8.536704929,8.851700113
1.7275,8.537502218,8.852496752
1.7278125,8.539096798,8.85409003
1.728125,8.535907639,8.853293391
1.7284375,8.53192119,8.851700113
1.72875,8.534313059,8.851700113
1.7290625,8.535110349,8.853293391
1.729375,8.539894088,8.853293391
1.7296875,8.537502218,8.852496752
1.73,8.536704929,8.850106835
1.7303125,8.536704929,8.851700113
1.730625,8.538299508,8.853293391
1.7309375,8.540691378,8.853293391
1.73125,8.537502218,8.851700113
1.7315625,8.539894088,8.854886669
1.731875,8.544677827,8.857276586
1.7321875,8.548664276,8.860463142
1.7325,8.546272406,8.859666503
1.7328125,8.545475117,8.859666503
1.733125,8.545475117,8.858073225
1.7334375,8.543083247,8.858073225
1.73375,8.547866986,8.858869864
1.7340625,8.543880537,8.858869864
1.734375,8.543880537,8.859666503
1.7346875,8.539894088,8.858869864
1.735,8.541488668,8.857276586
1.7353125,8.542285957,8.858073225
1.735625,8.544677827,8.858869864
1.7359375,8.539894088,8.855683308
1.73625,8.535907639,8.85409003
1.7365625,8.536704929,8.85409003
1.736875,8.538299508,8.854886669
1.7371875,8.539894088,8.85409003
1.7375,8.535110349,8.852496752
1.7378125,8.53271848,8.850903474
1.738125,8.53032661,8.851700113
1.7384375,8.53271848,8.852496752
1.73875,8.534313059,8.85409003
1.7390625,8.535110349,8.853293391
1.739375,8.5311239,8.851700113
1.7396875,8.52952932,8.851700113
1.74,8.53271848,8.853293391
1.7403125,8.537502218,8.855683308
1.740625,8.535110349,8.854886669
1.7409375,8.53032661,8.850903474
1.74125,8.528732031,8.850903474
1.7415625,8.5311239,8.851700113
1.741875,8.53271848,8.853293391
1.7421875,8.5311239,8.851700113
1.7425,8.53032661,8.849310196
1.7428125,8.526340161,8.850106835
1.743125,8.5311239,8.851700113
1.7434375,8.533515769,8.853293391
1.74375,8.535110349,8.854886669
1.7440625,8.53032661,8.853293391
1.744375,8.5311239,8.852496752
1.7446875,8.53271848,8.853293391
1.745,8.533515769,8.85409003
1.7453125,8.533515769,8.85409003
1.745625,8.5311239,8.850903474
1.7459375,8.527934741,8.850903474
1.74625,8.53032661,8.852496752
1.7465625,8.533515769,8.85409003
1.746875,8.534313059,8.85409003
1.7471875,8.527934741,8.852496752
1.7475,8.52952932,8.854886669
1.7478125,8.53271848,8.854886669
1.748125,8.535110349,8.857276586
1.7484375,8.537502218,8.858869864
1.74875,8.535907639,8.858869864
1.7490625,8.536704929,8.858869864
1.749375,8.535907639,8.858869864
1.7496875,8.539894088,8.861259781
1.75,8.539096798,8.859666503
1.7503125,8.534313059,8.858073225
1.750625,8.538299508,8.860463142
1.7509375,8.538299508,8.859666503
1.75125,8.537502218,8.858869864
1.7515625,8.534313059,8.857276586
1.751875,8.5311239,8.854886669
1.7521875,8.53032661,8.854886669
1.7525,8.534313059,8.858073225
1.7528125,8.534313059,8.855683308
1.753125,8.5311239,8.855683308
1.7534375,8.528732031,8.854886669
1.75375,8.526340161,8.85409003
1.7540625,8.52952932,8.854886669
1.754375,8.528732031,8.854886669
1.7546875,8.52952932,8.853293391
1.755,8.525542871,8.852496752
1.7553125,8.524745581,8.850903474
1.755625,8.523948292,8.852496752
1.7559375,8.528732031,8.853293391
1.75625,8.528732031,8.851700113
1.7565625,8.524745581,8.852496752
1.756875,8.524745581,8.85409003
1.7571875,8.527934741,8.854886669
1.7575,8.526340161,8.85409003
1.7578125,8.526340161,8.853293391
1.758125,8.522353712,8.850903474
1.7584375,8.519961843,8.850903474
1.75875,8.519961843,8.850106835
1.7590625,8.522353712,8.851700113
1.759375,8.524745581,8.853293391
1.7596875,8.523151002,8.852496752
1.76,8.521556422,8.852496752
1.7603125,8.523151002,8.85409003
1.760625,8.523948292,8.853293391
1.7609375,8.526340161,8.855683308
1.76125,8.527934741,8.854886669
1.7615625,8.522353712,8.853293391
1.761875,8.523948292,8.85409003
1.7621875,8.525542871,8.85409003
1.7625,8.527137451,8.854886669
1.7628125,8.525542871,8.854886669
1.763125,8.524745581,8.85409003
1.7634375,8.522353712,8.853293391
1.76375,8.523948292,8.85409003
1.7640625,8.526340161,8.855683308
1.764375,8.527137451,8.855683308
1.7646875,8.527137451,8.85409003
1.765,8.526340161,8.857276586
1.7653125,8.5311239,8.858869864
1.765625,8.533515769,8.859666503
1.7659375,8.53271848,8.859666503
1.76625,8.53192119,8.860463142
1.7665625,8.535110349,8.860463142
1.766875,8.5311239,8.859666503
1.7671875,8.53271848,8.859666503
1.7675,8.52952932,8.858869864
1.7678125,8.528732031,8.859666503
1.768125,8.527934741,8.857276586
1.7684375,8.527934741,8.857276586
1.76875,8.527137451,8.856479947
1.7690625,8.526340161,8.855683308
1.769375,8.522353712,8.854886669
1.7696875,8.523948292,8.856479947
1.77,8.527137451,8.855683308
1.7703125,8.524745581,8.855683308
1.770625,8.523948292,8.854886669
1.7709375,8.521556422,8.853293391
1.77125,8.522353712,8.854886669
1.7715625,8.522353712,8.85409003
1.771875,8.525542871,8.85409003
1.7721875,8.524745581,8.85409003
1.7725,8.521556422,8.853293391
1.7728125,8.520759132,8.853293391
1.773125,8.522353712,8.85409003
1.7734375,8.523948292,8.852496752
1.77375,8.522353712,8.854886669
1.7740625,8.521556422,8.85409003
1.774375,8.519164553,8.852496752
1.7746875,8.519164553,8.851700113
1.775,8.521556422,8.850903474
1.7753125,8.521556422,8.851700113
1.775625,8.518367263,8.851700113
1.7759375,8.518367263,8.850903474
1.77625,8.521556422,8.853293391
1.7765625,8.523151002,8.855683308
1.776875,8.524745581,8.854886669
1.7771875,8.520759132,8.854886669
1.7775,8.521556422,8.85409003
1.7778125,8.520759132,8.85409003
1.778125,8.525542871,8.855683308
1.7784375,8.525542871,8.856479947
1.77875,8.524745581,8.855683308
1.7790625,8.523151002,8.854886669
1.779375,8.523151002,8.854886669
1.7796875,8.525542871,8.854886669
1.78,8.524745581,8.855683308
1.7803125,8.525542871,8.856479947
1.780625,8.522353712,8.856479947
1.7809375,8.524745581,8.857276586
1.78125,8.524745581,8.855683308
1.7815625,8.527934741,8.858869864
1.781875,8.53032661,8.860463142
1.7821875,8.528732031,8.859666503
1.7825,8.53032661,8.860463142
1.7828125,8.5311239,8.860463142
1.783125,8.53192119,8.861259781
1.7834375,8.533515769,8.86205642
1.78375,8.53192119,8.861259781
1.7840625,8.53032661,8.860463142
1.784375,8.53032661,8.860463142
1.7846875,8.52952932,8.859666503
1.785,8.528732031,8.859666503
1.7853125,8.527137451,8.858869864
1.785625,8.526340161,8.856479947
1.7859375,8.524745581,8.857276586
1.78625,8.524745581,8.854886669
1.7865625,8.522353712,8.854886669
1.786875,8.523151002,8.855683308
1.7871875,8.520759132,8.854886669
1.7875,8.523151002,8.853293391
1.7878125,8.522353712,8.853293391
1.788125,8.519164553,8.853293391
1.7884375,8.517569973,8.852496752
1.78875,8.519961843,8.85409003
1.7890625,8.520759132,8.853293391
1.789375,8.519961843,8.853293391
1.7896875,8.519961843,8.852496752
1.79,8.519164553,8.85409003
1.7903125,8.519961843,8.855683308
1.790625,8.522353712,8.855683308
1.7909375,8.519961843,8.851700113
1.79125,8.516772683,8.850903474
1.7915625,8.517569973,8.850903474
1.791875,8.516772683,8.850903474
1.7921875,8.518367263,8.852496752
1.7925,8.519164553,8.851700113
1.7928125,8.517569973,8.85409003
1.793125,8.516772683,8.853293391
1.7934375,8.518367263,8.854886669
1.79375,8.518367263,8.853293391
1.7940625,8.519961843,8.855683308
1.794375,8.519961843,8.853293391
1.7946875,8.516772683,8.853293391
1.795,8.517569973,8.85409003
1.7953125,8.518367263,8.85409003
1.795625,8.519961843,8.854886669
1.7959375,8.519961843,8.85409003
1.79625,8.518367263,8.854886669
1.7965625,8.517569973,8.854886669
1.796875,8.518367263,8.853293391
1.7971875,8.519164553,8.855683308
1.7975,8.523948292,8.858869864
1.7978125,8.519164553,8.855683308
1.798125,8.521556422,8.858073225
1.7984375,8.525542871,8.860463142
1.79875,8.527934741,8.86205642
1.7990625,8.527934741,8.862853059
1.799375,8.527137451,8.861259781
1.7996875,8.527137451,8.861259781
1.8,8.526340161,8.861259781
1.8003125,8.527137451,8.860463142
1.800625,8.527137451,8.86205642
1.8009375,8.527934741,8.860463142
1.80125,8.523151002,8.859666503
1.8015625,8.524745581,8.859666503
1.801875,8.524745581,8.859666503
1.8021875,8.523151002,8.857276586
1.8025,8.523151002,8.858073225
1.8028125,8.523151002,8.857276586
1.803125,8.519164553,8.856479947
1.8034375,8.519961843,8.854886669
1.80375,8.518367263,8.855683308
1.8040625,8.517569973,8.854886669
1.804375,8.518367263,8.854886669
1.8046875,8.516772683,8.854886669
1.805,8.516772683,8.85409003
1.8053125,8.518367263,8.853293391
1.805625,8.516772683,8.854886669
1.8059375,8.515975393,8.854886669
1.80625,8.519961843,8.854886669
1.8065625,8.514380814,8.854886669
1.806875,8.518367263,8.854886669
1.8071875,8.516772683,8.855683308
1.8075,8.515975393,8.854886669
1.8078125,8.512786234,8.852496752
1.808125,8.514380814,8.851700113
1.8084375,8.512786234,8.851700113
1.80875,8.512786234,8.850903474
1.8090625,8.512786234,8.851700113
1.809375,8.514380814,8.853293391
1.8096875,8.515975393,8.850903474
1.81,8.514380814,8.853293391
1.8103125,8.515178104,8.852496752
1.810625,8.513583524,8.853293391
1.8109375,8.514380814,8.85409003
1.81125,8.515975393,8.85409003
1.8115625,8.516772683,8.85409003
1.811875,8.515975393,8.854886669
1.8121875,8.515178104,8.85409003
1.8125,8.515178104,8.855683308
1.8128125,8.517569973,8.856479947
1.813125,8.517569973,8.855683308
1.8134375,8.517569973,8.855683308
1.81375,8.515178104,8.856479947
1.8140625,8.515975393,8.856479947
1.814375,8.516772683,8.857276586
1.8146875,8.518367263,8.858073225
1.815,8.521556422,8.860463142
1.8153125,8.520759132,8.861259781
1.815625,8.520759132,8.86205642
1.8159375,8.521556422,8.861259781
1.81625,8.523948292,8.862853059
1.8165625,8.526340161,8.86205642
1.816875,8.522353712,8.860463142
1.8171875,8.522353712,8.861259781
1.8175,8.521556422,8.858869864
1.8178125,8.521556422,8.860463142
1.818125,8.519961843,8.859666503
1.8184375,8.520759132,8.858073225
1.81875,8.518367263,8.859666503
1.8190625,8.519164553,8.858073225
1.819375,8.518367263,8.856479947
1.8196875,8.516772683,8.855683308
1.82,8.515975393,8.855683308
1.8203125,8.515178104,8.85409003
1.820625,8.512786234,8.853293391
1.8209375,8.511191655,8.851700113
1.82125,8.510394365,8.851700113
1.8215625,8.509597075,8.852496752
1.821875,8.512786234,8.851700113
1.8221875,8.509597075,8.853293391
1.8225,8.511988944,8.853293391
1.8228125,8.512786234,8.853293391
1.823125,8.511191655,8.85409003
1.8234375,8.512786234,8.85409003
1.82375,8.511988944,8.854886669
1.8240625,8.511988944,8.85409003
1.824375,8.508799785,8.852496752
1.8246875,8.507205205,8.851700113
1.825,8.507205205,8.852496752
1.8253125,8.508002495,8.851700113
1.825625,8.510394365,8.850903474
1.8259375,8.509597075,8.850903474
1.82625,8.510394365,8.852496752
1.8265625,8.510394365,8.853293391
1.826875,8.511988944,8.85409003
1.8271875,8.513583524,8.85409003
1.8275,8.511191655,8.85409003
1.8278125,8.513583524,8.854886669
1.828125,8.510394365,8.85409003
1.8284375,8.511191655,8.856479947
1.82875,8.511191655,8.854886669
1.8290625,8.511191655,8.85409003
1.829375,8.510394365,8.854886669
1.8296875,8.510394365,8.854886669
1.83,8.511191655,8.854886669
1.8303125,8.511191655,8.855683308
1.830625,8.511988944,8.854886669
1.8309375,8.510394365,8.855683308
1.83125,8.511191655,8.856479947
1.8315625,8.514380814,8.858869864
1.831875,8.516772683,8.861259781
1.8321875,8.518367263,8.86205642
1.8325,8.519961843,8.862853059
1.8328125,8.516772683,8.862853059
1.833125,8.518367263,8.863649698
1.8334375,8.518367263,8.862853059
1.83375,8.518367263,8.863649698
1.8340625,8.518367263,8.86205642
1.834375,8.513583524,8.860463142
1.8346875,8.513583524,8.859666503
1.835,8.514380814,8.859666503
1.8353125,8.514380814,8.859666503
1.835625,8.513583524,8.860463142
1.8359375,8.513583524,8.857276586
1.83625,8.510394365,8.858073225
1.8365625,8.511191655,8.856479947
1.836875,8.510394365,8.856479947
1.8371875,8.510394365,8.856479947
1.8375,8.510394365,8.857276586
1.8378125,8.508002495,8.854886669
1.838125,8.506407916,8.852496752
1.8384375,8.508002495,8.853293391
1.83875,8.507205205,8.853293391
1.8390625,8.506407916,8.853293391
1.839375,8.508799785,8.85409003
1.8396875,8.505610626,8.853293391
1.84,8.507205205,8.85409003
1.8403125,8.508799785,8.856479947
1.840625,8.507205205,8.855683308
1.8409375,8.506407916,8.856479947
1.84125,8.506407916,8.851700113
1.8415625,8.501624177,8.852496752
1.841875,8.504016046,8.851700113
1.8421875,8.502421467,8.853293391
1.8425,8.502421467,8.85409003
1.8428125,8.501624177,8.852496752
1.843125,8.504016046,8.852496752
1.8434375,8.504016046,8.853293391
1.84375,8.504813336,8.854886669
1.8440625,8.504813336,8.854886669
1.844375,8.505610626,8.855683308
1.8446875,8.508799785,8.855683308
1.845,8.508002495,8.855683308
1.8453125,8.505610626,8.854886669
1.845625,8.505610626,8.855683308
1.8459375,8.505610626,8.854886669
1.84625,8.507205205,8.856479947
1.8465625,8.509597075,8.857276586
1.846875,8.507205205,8.856479947
1.8471875,8.505610626,8.854886669
1.8475,8.505610626,8.856479947
1.8478125,8.508799785,8.858073225
1.848125,8.510394365,8.860463142
1.8484375,8.514380814,8.86205642
1.84875,8.509597075,8.860463142
1.8490625,8.511988944,8.861259781
1.849375,8.511191655,8.860463142
1.8496875,8.513583524,8.863649698
1.85,8.512786234,8.863649698
1.8503125,8.511988944,8.86205642
1.850625,8.512786234,8.862853059
1.8509375,8.511988944,8.86205642
1.85125,8.510394365,8.860463142
1.8515625,8.510394365,8.861259781
1.851875,8.507205205,8.861259781
1.8521875,8.508799785,8.858869864
1.8525,8.506407916,8.858073225
1.8528125,8.505610626,8.858073225
1.853125,8.505610626,8.857276586
1.8534375,8.505610626,8.858073225
1.85375,8.507205205,8.856479947
1.8540625,8.503218756,8.855683308
1.854375,8.503218756,8.854886669
1.8546875,8.503218756,8.854886669
1.855,8.503218756,8.854886669
1.8553125,8.503218756,8.85409003
1.855625,8.503218756,8.85409003
1.8559375,8.503218756,8.854886669
1.85625,8.502421467,8.85409003
1.8565625,8.502421467,8.855683308
1.856875,8.501624177,8.855683308
1.8571875,8.505610626,8.855683308
1.8575,8.502421467,8.855683308
1.8578125,8.501624177,8.85409003
1.858125,8.500029597,8.853293391
1.8584375,8.498435017,8.852496752
1.85875,8.498435017,8.853293391
1.8590625,8.501624177,8.852496752
1.859375,8.499232307,8.853293391
1.8596875,8.500029597,8.853293391
1.86,8.500029597,8.85409003
1.8603125,8.500826887,8.85409003
1.860625,8.500826887,8.855683308
1.8609375,8.504016046,8.856479947
1.86125,8.500826887,8.856479947
1.8615625,8.501624177,8.855683308
1.861875,8.503218756,8.855683308
1.8621875,8.501624177,8.856479947
1.8625,8.501624177,8.855683308
1.8628125,8.504016046,8.855683308
1.863125,8.501624177,8.855683308
1.8634375,8.501624177,8.854886669
1.86375,8.503218756,8.855683308
1.8640625,8.504813336,8.856479947
1.864375,8.503218756,8.858073225
1.8646875,8.505610626,8.858869864
1.865,8.507205205,8.860463142
1.8653125,8.509597075,8.862853059
1.865625,8.510394365,8.862853059
1.8659375,8.511191655,8.864446338
1.86625,8.511988944,8.863649698
1.8665625,8.508799785,8.863649698
1.866875,8.510394365,8.86205642
1.8671875,8.509597075,8.861259781
1.8675,8.508799785,8.86205642
1.8678125,8.508799785,8.86205642
1.868125,8.507205205,8.860463142
1.8684375,8.505610626,8.859666503
1.86875,8.506407916,8.859666503
1.8690625,8.505610626,8.858869864
1.869375,8.503218756,8.857276586
1.8696875,8.505610626,8.856479947
1.87,8.504016046,8.858073225
1.8703125,8.503218756,8.858073225
1.870625,8.501624177,8.856479947
1.8709375,8.500029597,8.856479947
1.87125,8.500826887,8.856479947
1.8715625,8.499232307,8.854886669
1.871875,8.500826887,8.854886669
1.8721875,8.498435017,8.85409003
1.8725,8.499232307,8.856479947
1.8728125,8.500826887,8.856479947
1.873125,8.499232307,8.855683308
1.8734375,8.502421467,8.855683308
1.87375,8.499232307,8.856479947
1.8740625,8.500029597,8.856479947
1.874375,8.497637728,8.854886669
1.8746875,8.495245858,8.853293391
1.875,8.496043148,8.852496752
1.8753125,8.496840438,8.851700113
1.875625,8.496840438,8.853293391
1.8759375,8.498435017,8.853293391
1.87625,8.498435017,8.85409003
1.8765625,8.500826887,8.856479947
1.876875,8.500826887,8.855683308
1.8771875,8.497637728,8.855683308
1.8775,8.498435017,8.855683308
1.8778125,8.500029597,8.857276586
1.878125,8.496043148,8.855683308
1.8784375,8.499232307,8.855683308
1.87875,8.499232307,8.855683308
1.8790625,8.500029597,8.854886669
1.879375,8.500029597,8.855683308
1.8796875,8.497637728,8.855683308
1.88,8.499232307,8.856479947
1.8803125,8.499232307,8.856479947
1.880625,8.500826887,8.856479947
1.8809375,8.498435017,8.857276586
1.88125,8.498435017,8.856479947
1.8815625,8.503218756,8.860463142
1.881875,8.504813336,8.86205642
1.8821875,8.504016046,8.86205642
1.8825,8.504016046,8.861259781
1.8828125,8.504016046,8.862853059
1.883125,8.505610626,8.862853059
1.8834375,8.504016046,8.86205642
1.88375,8.506407916,8.863649698
1.8840625,8.504016046,8.86205642
1.884375,8.504016046,8.860463142
1.8846875,8.501624177,8.858869864
1.885,8.499232307,8.858073225
1.8853125,8.500029597,8.858073225
1.885625,8.498435017,8.858073225
1.8859375,8.500029597,8.858073225
1.88625,8.497637728,8.855683308
1.8865625,8.496840438,8.856479947
1.886875,8.495245858,8.856479947
1.8871875,8.496043148,8.856479947
1.8875,8.493651279,8.855683308
1.8878125,8.496840438,8.854886669
1.888125,8.492056699,8.85409003
1.8884375,8.492853989,8.854886669
1.88875,8.494448568,8.854886669
1.8890625,8.492853989,8.854886669
1.889375,8.493651279,8.856479947
1.8896875,8.496840438,8.856479947
1.89,8.492853989,8.855683308
1.8903125,8.491259409,8.855683308
1.890625,8.494448568,8.854886669
1.8909375,8.491259409,8.855683308
1.89125,8.492853989,8.85409003
1.8915625,8.490462119,8.853293391
1.891875,8.491259409,8.853293391
1.8921875,8.48807025,8.851700113
1.8925,8.48727296,8.850903474
1.8928125,8.489664829,8.852496752
1.893125,8.490462119,8.853293391
1.8934375,8.492853989,8.853293391
1.89375,8.491259409,8.85409003
1.8940625,8.490462119,8.853293391
1.894375,8.492853989,8.85409003
1.8946875,8.492853989,8.85409003
1.895,8.492853989,8.85409003
1.8953125,8.490462119,8.854886669
1.895625,8.492853989,8.854886669
1.8959375,8.492853989,8.856479947
1.89625,8.493651279,8.856479947
1.8965625,8.494448568,8.856479947
1.896875,8.490462119,8.855683308
1.8971875,8.494448568,8.855683308
1.8975,8.492056699,8.855683308
1.8978125,8.495245858,8.856479947
1.898125,8.495245858,8.858869864
1.8984375,8.498435017,8.862853059
1.89875,8.500029597,8.862853059
1.8990625,8.500826887,8.863649698
1.899375,8.500826887,8.863649698
1.8996875,8.500029597,8.864446338
1.9,8.498435017,8.864446338
1.9003125,8.499232307,8.864446338
1.900625,8.500029597,8.863649698
1.9009375,8.498435017,8.860463142
1.90125,8.496840438,8.859666503
1.9015625,8.495245858,8.859666503
1.901875,8.496043148,8.859666503
1.9021875,8.498435017,8.861259781
1.9025,8.497637728,8.858869864
1.9028125,8.493651279,8.858073225
1.903125,8.493651279,8.856479947
1.9034375,8.491259409,8.856479947
1.90375,8.492853989,8.857276586
1.9040625,8.494448568,8.856479947
1.904375,8.490462119,8.855683308
1.9046875,8.489664829,8.854886669
1.905,8.490462119,8.854886669
1.9053125,8.48727296,8.853293391
1.905625,8.490462119,8.854886669
1.9059375,8.492056699,8.854886669
1.90625,8.48807025,8.85409003
1.9065625,8.48567838,8.85409003
1.906875,8.48727296,8.855683308
1.9071875,8.491259409,8.855683308
1.9075,8.490462119,8.855683308
1.9078125,8.48886754,8.852496752
1.908125,8.484083801,8.851700113
1.9084375,8.484083801,8.850903474
1.90875,8.48727296,8.851700113
1.9090625,8.48727296,8.853293391
1.909375,8.48727296,8.854886669
1.9096875,8.48727296,8.85409003
1.91,8.48567838,8.855683308
1.9103125,8.490462119,8.855683308
1.910625,8.491259409,8.855683308
1.9109375,8.491259409,8.856479947
1.91125,8.490462119,8.855683308
1.9115625,8.490462119,8.854886669
1.911875,8.491259409,8.855683308
1.9121875,8.48886754,8.854886669
1.9125,8.48807025,8.854886669
1.9128125,8.48807025,8.854886669
1.913125,8.48567838,8.854886669
1.9134375,8.48807025,8.853293391
1.91375,8.504813336,8.230321658
1.9140625,7.743401561,5.979019718
1.914375,5.887310868,4.490101343
1.9146875,5.843459928,4.398487853
1.915,5.507800915,4.256686103
1.9153125,4.113341025,3.547677353
1.915625,4.822131673,3.923690982
1.9159375,5.83389245,4.549052632
1.91625,5.780474032,4.382555072
1.9165625,5.456774367,4.196938175
1.916875,4.246488425,3.67593624
1.9171875,4.673038477,3.868722888
1.9175,5.380234544,4.549849272
1.9178125,5.386612863,4.500457651
1.918125,5.112345166,4.169055808
1.9184375,4.196259166,3.663190015
1.91875,4.693768012,3.926877539
1.9190625,5.263830231,4.574545082
1.919375,5.26861397,4.396894575
1.9196875,5.250276304,4.313247475
1.92,4.275190858,3.695852216
1.9203125,4.291136655,3.699038772
1.920625,5.113142456,4.266245772
1.9209375,5.186493119,4.482134953
1.92125,5.158587975,4.243143239
1.9215625,4.209015803,3.685495908
1.921875,4.320636378,3.687885825
1.9221875,5.134669281,4.235176849
1.9225,5.13865573,4.322807144
1.9228125,5.13865573,4.322010505
1.923125,4.563809772,3.841637161
1.9234375,4.196259166,3.663986654
1.92375,4.938535986,3.996185135
1.9240625,5.106764137,4.194548258
1.924375,5.101980398,4.285365109
1.9246875,4.504013036,3.829687575
1.925,4.085435882,3.602645447
1.9253125,4.649917072,3.840840522
1.925625,5.04856198,4.10930788
1.9259375,5.04856198,4.209684399
1.92625,4.83169915,4.024864141
1.9265625,4.089422331,3.612205116
1.926875,4.316649929,3.703021967
1.9271875,4.681808665,3.848010273
1.9275,5.026237866,4.087001987
1.9278125,4.806983166,3.957946461
1.928125,4.079854853,3.612205116
1.9284375,4.296717683,3.682309352
1.92875,4.908238973,3.964319574
1.9290625,4.991157114,4.141970081
1.929375,4.976805897,4.160292779
1.9296875,4.169151313,3.644070678
1.93,4.18190795,3.654426985
1.9303125,4.838077469,3.922097704
1.930625,4.971224868,4.102934767
1.9309375,4.968832999,4.141173442
1.93125,4.189083558,3.678326157
1.9315625,4.157191965,3.622561424
1.931875,4.338176754,3.72532786
1.9321875,4.866779902,3.937233846
1.9325,4.950495333,4.098154933
1.9328125,4.476107892,3.794635457
1.933125,4.056733448,3.606628643
1.9334375,4.291933944,3.684699269
1.93375,4.228948049,3.673546322
1.9340625,4.2249616,3.657613541
1.934375,4.04955784,3.598662252
1.9346875,4.016071668,3.568389968
1.935,3.998531292,3.569983247
1.9353125,4.020855407,3.569983247
1.935625,4.008896059,3.574763081
1.9359375,4.016868958,3.569186608
1.93625,4.028031015,3.579542915
1.9365625,3.988166524,3.556440383
1.936875,4.00730148,3.567593329
1.9371875,4.034409334,3.577152998
1.9375,3.991355684,3.562016856
1.9378125,3.984180075,3.554050466
1.938125,3.985774655,3.556440383
1.9384375,3.96185596,3.546084075
1.93875,3.984180075,3.554050466
1.9390625,4.016868958,3.572373164
1.939375,3.988166524,3.557237022
1.9396875,3.999328582,3.564406773
1.94,3.973018018,3.547677353
1.9403125,3.975409887,3.555643744
1.940625,3.979396336,3.549270631
1.9409375,3.983382785,3.559626939
1.94125,3.952288482,3.536524407
1.9415625,3.96424783,3.55086391
1.941875,3.969828858,3.542897519
1.9421875,3.980193626,3.560423578
1.9425,3.944315584,3.532541211
1.9428125,3.983382785,3.561220217
1.943125,4.197853746,3.639290843
1.9434375,4.578160989,3.811364877
1.94375,4.721673156,3.961929657
1.9440625,4.7025382,4.012914555
1.944375,3.951491193,3.55006727
1.9446875,4.030422885,3.582729471
1.945,4.17871879,3.632121092
1.9453125,4.079057563,3.605832004
1.945625,4.045571391,3.576356359
1.9459375,3.977004467,3.562016856
1.94625,3.932356237,3.526964738
1.9465625,3.946707454,3.546880714
1.946875,3.933950817,3.526168099
1.9471875,3.940329135,3.545287436
1.9475,3.944315584,3.531744572
1.9478125,3.905248383,3.530151294
1.948125,3.901261934,3.515015153
1.9484375,3.929167078,3.54210088
1.94875,3.958666801,3.539710963
1.9490625,3.965842409,3.560423578
1.949375,3.934748107,3.531744572
1.9496875,3.954680352,3.554050466
1.95,3.907640253,3.518998348
1.9503125,3.902856514,3.531744572
1.950625,3.901261934,3.515015153
1.9509375,3.941923715,3.546880714
1.95125,3.890897167,3.511828596
1.9515625,3.925977919,3.538914324
1.951875,3.905248383,3.516608431
1.9521875,3.913221281,3.534931129
1.9525,3.888505297,3.511031957
1.9528125,3.930761657,3.539710963
1.953125,3.883721558,3.50864204
1.9534375,3.911626702,3.530947933
1.95375,3.900464644,3.513421874
1.9540625,3.927572498,3.538117685
1.954375,3.883721558,3.509438679
1.9546875,3.901261934,3.524574821
1.955,3.866978472,3.50067565
1.9553125,3.883721558,3.515015153
1.955625,3.869370342,3.501472289
1.9559375,3.894086326,3.519794987
1.95625,3.894883616,3.515811792
1.9565625,3.891694456,3.51740507
1.956875,3.890099877,3.513421874
1.9571875,3.894086326,3.518998348
1.9575,3.886910718,3.514218513
1.9578125,3.824722112,3.486336147
1.958125,3.873356791,3.506252123
1.9584375,3.866978472,3.503065567
1.95875,3.888505297,3.515015153
1.9590625,3.888505297,3.511828596
1.959375,3.896478195,3.522184904
1.9596875,3.885316138,3.511031957
1.96,3.857410994,3.505455484
1.9603125,3.837478749,3.490319342
1.960625,3.862194733,3.50864204
1.9609375,3.867775762,3.501472289
1.96125,3.847843517,3.505455484
1.9615625,3.866978472,3.499879011
1.961875,3.841465198,3.503065567
1.9621875,3.851829966,3.49191262
1.9625,3.847843517,3.509438679
1.9628125,3.856613704,3.492709259
1.963125,3.896478195,3.529354655
1.9634375,3.83428959,3.483149591
1.96375,3.845451647,3.509438679
1.9640625,3.8334923,3.479963035
1.964375,3.894883616,3.534931129
1.9646875,3.809573605,3.468810088
1.965,3.860600154,3.519794987
1.9653125,3.837478749,3.48394623
1.965625,3.852627255,3.516608431
1.9659375,3.824722112,3.479963035
1.96625,3.881329689,3.527761377
1.9665625,3.837478749,3.487929425
1.966875,3.864586603,3.518201709
1.9671875,3.828708561,3.484742869
1.9675,3.851829966,3.511031957
1.9678125,3.855816415,3.497489094
1.968125,3.715493407,3.45048739
1.9684375,3.839073329,3.489522703
1.96875,3.845451647,3.502268928
1.9690625,3.813560054,3.482352952
1.969375,3.829505851,3.495099176
1.9696875,3.845451647,3.497489094
1.97,3.835884169,3.492709259
1.9703125,3.835086879,3.493505898
1.970625,3.813560054,3.483149591
1.9709375,3.798411548,3.480759674
1.97125,3.819141083,3.481556313
1.9715625,3.79043865,3.479166395
1.971875,3.816749214,3.478369756
1.9721875,3.815951924,3.491115981
1.9725,3.797614258,3.46721681
1.9728125,3.822330242,3.497489094
1.973125,3.801600707,3.46721681
1.9734375,3.839870618,3.507048762
1.97375,3.785654911,3.459250419
1.9740625,3.825519402,3.503862206
1.974375,3.79123594,3.461640337
1.9746875,3.827911271,3.503065567
1.975,3.709115088,3.428978136
1.9753125,3.821532953,3.492709259
1.975625,3.783263041,3.460843697
1.9759375,3.78804678,3.479963035
1.97625,3.780073882,3.462436976
1.9765625,3.818343793,3.489522703
1.976875,3.793627809,3.471200005
1.9771875,3.806384446,3.481556313
1.9775,3.765722665,3.461640337
1.9778125,3.774492853,3.466420171
1.978125,3.792033229,3.477573117
1.9784375,3.719479856,3.440131082
1.97875,3.708317799,3.44172436
1.9790625,3.785654911,3.464030254
1.979375,3.763330796,3.471200005
1.9796875,3.757749767,3.448097473
1.98,3.818343793,3.499082372
1.9803125,3.74499313,3.440131082
1.980625,3.796019678,3.489522703
1.9809375,3.768114535,3.452877307
1.98125,3.781668462,3.483149591
1.9815625,3.748182289,3.445707556
1.981875,3.807181736,3.49191262
1.9821875,3.706723219,3.434554609
1.9825,3.798411548,3.485539508
1.9828125,3.734628363,3.448894112
1.983125,3.780871172,3.476776478
1.9834375,3.769709114,3.46721681
1.98375,3.760938926,3.464030254
1.9840625,3.758547057,3.463233615
1.984375,3.772100984,3.465623532
1.9846875,3.761736216,3.468013449
1.985,3.754560608,3.452877307
1.9853125,3.792033229,3.487132786
1.985625,3.640548164,3.399502491
1.9859375,3.784060331,3.481556313
1.98625,3.741803971,3.440131082
1.9865625,3.768911825,3.476776478
1.986875,3.729844624,3.437741165
1.9871875,3.776884723,3.476776478
1.9875,3.760141637,3.452080668
1.9878125,3.768114535,3.468013449
1.988125,3.737020232,3.445707556
1.9884375,3.749776869,3.457657141
1.98875,3.74499313,3.452877307
1.9890625,3.627791527,3.401892408
1.989375,3.640548164,3.40906216
1.9896875,3.750574159,3.448097473
1.99,3.741006681,3.45845378
1.9903125,3.724263595,3.434554609
1.990625,3.774492853,3.479963035
1.9909375,3.704331349,3.423401662
1.99125,3.733033783,3.457657141
1.9915625,3.710709668,3.426588219
1.991875,3.752168739,3.464826893
1.9921875,3.705128639,3.427384858
1.9925,3.750574159,3.460047058
1.9928125,3.600683673,3.387552905
1.993125,3.734628363,3.449690751
1.9934375,3.723466305,3.443317638
1.99375,3.719479856,3.44172436
1.9940625,3.737020232,3.453673946
1.994375,3.737020232,3.443317638
1.9946875,3.651710222,3.421808384
1.995,3.716290697,3.428978136
1.9953125,3.729047334,3.459250419
1.995625,3.997734002,3.598662252
1.9959375,3.811965475,3.511828596
1.99625,3.583143297,3.377993237
1.9965625,3.666061438,3.423401662
1.996875,3.718682566,3.435351248
1.9971875,3.717087987,3.444910917
1.9975,3.712304248,3.437741165
1.9978125,3.734628363,3.447300834
1.998125,3.705128639,3.442520999
1.9984375,3.730641913,3.44172436
1.99875,3.717087987,3.451284029
1.9990625,3.693169292,3.422605023
1.999375,3.742601261,3.468810088
1.9996875,3.723466305,3.435351248
2,3.410131407,3.324618421
2.0003125,3.713101537,3.429774775
2.000625,3.725060885,3.453673946
2.0009375,3.682804524,3.42499494
2.00125,3.721074436,3.448097473
2.0015625,3.729047334,3.449690751
2.001875,3.566400211,3.377196598
2.0021875,3.713898827,3.443317638
2.0025,3.704331349,3.427384858
2.0028125,3.715493407,3.451284029
2.003125,3.689980133,3.417825189
2.0034375,3.65888583,3.431368053
2.00375,3.517765532,3.345331036
2.0040625,3.710709668,3.444910917
2.004375,3.673237047,3.415435272
2.0046875,3.70114219,3.436944526
2.005,3.692372002,3.428181497
2.0053125,3.65808854,3.414638633
2.005625,3.524941141,3.362857095
2.0059375,3.691574712,3.420215106
2.00625,3.690777423,3.436944526
2.0065625,3.662074989,3.404282325
2.006875,3.730641913,3.460843697
2.0071875,3.464347115,3.32541506
2.0075,3.584737877,3.387552905
2.0078125,3.663669569,3.409858799
2.008125,3.683601814,3.428181497
2.0084375,3.670047887,3.41702855
2.00875,3.7003449,3.428978136
2.0090625,3.644534613,3.413045355
2.009375,3.650912932,3.401892408
2.0096875,3.688385553,3.436147887
2.01,3.66048041,3.403485686
2.0103125,3.696358451,3.442520999
2.010625,3.681209945,3.416231911
2.0109375,3.327213266,3.28319319
2.01125,3.61344031,3.386756266
2.0115625,3.679615365,3.42499494
2.011875,3.662872279,3.418621828
2.0121875,3.669250598,3.416231911
2.0125,3.695561162,3.439334443
2.0128125,3.545670676,3.358077261
2.013125,3.578359558,3.389942822
2.0134375,3.650912932,3.401095769
2.01375,3.674831626,3.431368053
2.0140625,3.651710222,3.405875603
2.014375,3.687588263,3.432164692
2.0146875,3.348740091,3.28319319
2.015,3.666061438,3.415435272
2.0153125,3.677223496,3.428978136
2.015625,3.664466859,3.413841994
2.0159375,3.685196394,3.44172436
2.01625,3.678818075,3.414638633
2.0165625,3.362294018,3.307889001
2.016875,3.61344031,3.388349544
2.0171875,3.708317799,3.495895815
2.0175,3.737020232,3.741260641
2.0178125,3.734628363,3.9260809
2.018125,3.723466305,3.643274039
2.0184375,3.141444739,3.199546091
2.01875,3.717087987,3.656816902
2.0190625,3.718682566,3.828094297
2.019375,3.717087987,3.954759905
2.0196875,3.713101537,3.997778414
2.02,3.705925929,3.704615245
2.0203125,3.292929804,3.269650327
2.020625,3.662872279,3.46721681
2.0209375,3.699547611,3.769939647
2.02125,3.697953031,3.948386793
2.0215625,3.697155741,4.007338082
2.021875,3.678818075,3.549270631
2.0221875,3.127093522,3.206715842
2.0225,3.681209945,3.678326157
2.0228125,3.685196394,3.874299362
2.023125,3.684399104,3.982642272
2.0234375,3.682007235,4.022474224
2.02375,3.65808854,3.661596737
2.0240625,3.136661,3.194766257
2.024375,3.591116196,3.536524407
2.0246875,3.662074989,3.778702676
2.025,3.66048041,3.891825421
2.0253125,3.66048041,3.953166627
2.025625,3.642142744,3.613001755
2.0259375,3.09201277,3.181223393
2.02625,3.640548164,3.594679057
2.0265625,3.645331903,3.812161516
2.026875,3.644534613,3.943606959
2.0271875,3.645331903,4.001761609
2.0275,3.638156295,3.702225328
2.0278125,3.040188932,3.17485028
2.028125,3.532914039,3.507048762
2.0284375,3.632575266,3.781889232
2.02875,3.631777976,3.883062391
2.0290625,3.629386107,3.969896047
2.029375,3.609453861,3.643274039
2.0296875,2.956473501,3.115102352
2.03,3.543278807,3.530947933
2.0303125,3.608656571,3.752413588
2.030625,3.608656571,3.852790107
2.0309375,3.607859282,3.910148119
2.03125,3.607859282,3.762769895
2.0315625,3.280970457,3.280006634
2.031875,3.402158509,3.374010042
2.0321875,3.601480963,3.687089186
2.0325,3.600683673,3.823314463
2.0328125,3.600683673,3.946793515
2.033125,3.596697224,3.680716074
2.0334375,3.18210652,3.231411653
2.03375,3.313659339,3.365247012
2.0340625,3.579954138,3.742853919
2.034375,3.580751428,3.856773303
2.0346875,3.579156848,3.938827124
2.035,3.577562269,3.845620356
2.0353125,3.312862049,3.300719249
2.035625,3.077661554,3.178833476
2.0359375,3.561616472,3.616188311
2.03625,3.557630023,3.743650558
2.0365625,3.556832733,3.8424338
2.036875,3.554440864,3.806585043
2.0371875,3.337578034,3.334974728
2.0375,3.073675104,3.192376339
2.0378125,3.538495068,3.654426985
2.038125,3.536103198,3.769939647
2.0384375,3.533711329,3.882265752
2.03875,3.531319459,3.88385903
2.0390625,3.420496175,3.440131082
2.039375,2.837677319,3.080846873
2.0396875,3.513779083,3.539710963
2.04,3.518562822,3.709395079
2.0403125,3.518562822,3.811364877
2.040625,3.516170953,3.874299362
2.0409375,3.421293465,3.445707556
2.04125,2.721273005,3.00835272
2.0415625,3.462752535,3.512625235
2.041875,3.477103752,3.665579932
2.0421875,3.474711882,3.764363173
2.0425,3.474711882,3.811364877
2.0428125,3.474711882,3.6424774
2.043125,3.076864264,3.181223393
2.0434375,3.26821382,3.303109167
2.04375,3.466738984,3.585916027
2.0440625,3.462752535,3.719751387
2.044375,3.461157955,3.844027078
2.0446875,3.456374216,3.604238726
2.045,3.036999773,3.161307417
2.0453125,3.084837162,3.23380157
2.045625,3.438036551,3.629731175
2.0459375,3.435644681,3.746040475
2.04625,3.435644681,3.834467409
2.0465625,3.434847391,3.794635457
2.046875,3.241105966,3.296736054
2.0471875,2.817745073,3.054557785
2.0475,3.419698885,3.473589922
2.0478125,3.423685334,3.620968145
2.048125,3.421293465,3.731700973
2.0484375,3.422090754,3.769939647
2.04875,3.328010556,3.386756266
2.0490625,2.749178149,3.029065335
2.049375,3.403753089,3.509438679
2.0496875,3.405347668,3.65044379
2.05,3.401361219,3.764363173
2.0503125,3.400563929,3.822517824
2.050625,3.393388321,3.582729471
2.0509375,2.78904264,3.064117453
2.05125,3.128688102,3.252920907
2.0515625,3.385415423,3.574763081
2.051875,3.383023553,3.673546322
2.0521875,3.379037104,3.772329564
2.0525,3.379037104,3.632121092
2.0528125,2.812164045,3.060134258
2.053125,2.926973778,3.139798162
2.0534375,3.324024107,3.527761377
2.05375,3.323226817,3.619374867
2.0540625,3.317645788,3.703818606
2.054375,3.316051209,3.707801801
2.0546875,3.232335778,3.360467178
2.055,2.769110394,3.031455252
2.0553125,3.287348775,3.373213403
2.055625,3.304889151,3.530947933
2.0559375,3.302497282,3.670359766
2.05625,3.301699992,3.746837115
2.0565625,3.238714097,3.357280622
2.056875,2.636760285,2.986046827
2.0571875,3.155795956,3.30868564
2.0575,3.276984008,3.562016856
2.0578125,3.272997559,3.66717321
2.058125,3.26741653,3.742853919
2.0584375,3.26741653,3.644070678
2.05875,2.973216588,3.137408245
2.0590625,2.705327209,3.002776247
2.059375,3.253065313,3.406672242
2.0596875,3.254659893,3.532541211
2.06,3.254659893,3.634511009
2.0603125,3.250673444,3.660003459
2.060625,3.133471841,3.276023439
2.0609375,2.5729771,2.944621597
2.06125,3.227552039,3.409858799
2.0615625,3.229146619,3.54210088
2.061875,3.227552039,3.654426985
2.0621875,3.22436288,3.71736147
2.0625,3.22356559,3.514218513
2.0628125,2.671043747,3.005962803
2.063125,2.854420405,3.103152766
2.0634375,3.210011663,3.457657141
2.06375,3.210808953,3.558033661
2.0640625,3.209214373,3.658410181
2.064375,3.207619794,3.60901856
2.0646875,2.846447507,3.085626707
2.065,2.532315319,2.931078733
2.0653125,3.150214927,3.408265521
2.065625,3.154201376,3.502268928
2.0659375,3.154998666,3.593882418
2.06625,3.154998666,3.628137897
2.0665625,3.141444739,3.427384858
2.066875,2.698151601,3.016319111
2.0671875,2.949297893,3.150951109
2.0675,3.141444739,3.40029913
2.0678125,3.139052869,3.522981543
2.068125,3.136661,3.645663956
2.0684375,3.13506642,3.488726064
2.06875,2.827312551,3.063320814
2.0690625,2.543477376,2.952587987
2.069375,3.102377538,3.403485686
2.0696875,3.103174828,3.522981543
2.07,3.100782958,3.615391672
2.0703125,3.099985668,3.644867317
2.070625,3.044972671,3.335771367
2.0709375,2.494842698,2.909569479
2.07125,2.842461058,3.104746044
2.0715625,3.082445292,3.364450373
2.071875,3.081648003,3.4751832
2.0721875,3.080053423,3.562016856
2.0725,3.078458843,3.479963035
2.0728125,2.709313658,3.031455252
2.073125,2.588922896,2.968520768
2.0734375,3.0505537,3.369230207
2.07375,3.05135099,3.475979839
2.0740625,3.0505537,3.584322749
2.074375,3.046567251,3.611408477
2.0746875,2.995540702,3.30868564
2.075,2.345749502,2.860974497
2.0753125,2.826515261,3.111915796
2.075625,3.028229585,3.37560332
2.0759375,3.028229585,3.471996644
2.07625,3.027432295,3.568389968
2.0765625,3.025837715,3.480759674
2.076875,2.583341867,2.960554377
2.0771875,2.390397732,2.869737526
2.0775,2.96045995,3.311872196
2.0778125,2.9644464,3.399502491
2.078125,2.9644464,3.491115981
2.0784375,2.96285182,3.52537146
2.07875,2.953284342,3.346924314
2.0790625,2.535504478,2.942231679
2.079375,2.692570572,3.01711575
2.0796875,2.949297893,3.289566303
2.08,2.949297893,3.403485686
2.0803125,2.947703313,3.530947933
2.080625,2.946108734,3.457657141
2.0809375,2.749178149,3.031455252
2.08125,2.22296687,2.801226568
2.0815625,2.914217141,3.264073853
2.081875,2.921392749,3.401892408
2.0821875,2.92059546,3.50067565
2.0825,2.91979817,3.554050466
2.0828125,2.91900088,3.394722657
2.083125,2.52912616,2.93346865
2.0834375,2.403154369,2.872127443
2.08375,2.900663214,3.228225096
2.0840625,2.903055084,3.340551202
2.084375,2.902257794,3.44172436
2.0846875,2.899865924,3.479166395
2.085,2.794623669,3.140594802
2.0853125,2.155197236,2.767767729
2.085625,2.838474609,3.17485028
2.0859375,2.866379752,3.328601616
2.08625,2.864785172,3.432164692
2.0865625,2.862393303,3.515015153
2.086875,2.860798723,3.451284029
2.0871875,2.606463272,2.997199773
2.0875,2.149616207,2.76697109
2.0878125,2.83369087,3.189189783
2.088125,2.839271898,3.321431865
2.0884375,2.837677319,3.413045355
2.08875,2.835285449,3.49191262
2.0890625,2.78983993,3.229818375
2.089375,2.060319747,2.719969386
2.0896875,2.529923449,2.976487158
2.09,2.763529366,3.240174682
2.0903125,2.765921235,3.327008338
2.090625,2.767515815,3.406672242
2.0909375,2.766718525,3.418621828
2.09125,2.723664875,3.174053641
2.0915625,2.279574447,2.819549266
2.091875,2.590517476,2.985250188
2.0921875,2.7451917,3.197156174
2.0925,2.748380859,3.315855391
2.0928125,2.748380859,3.431368053
2.093125,2.7451917,3.330194894
2.0934375,2.530720739,2.928688816
2.09375,2.038792922,2.715986191
2.0940625,2.711705528,3.164493973
2.094375,2.717286556,3.295142776
2.0946875,2.717286556,3.387552905
2.095,2.716489267,3.444114278
2.0953125,2.715691977,3.323025143
2.095625,2.393586891,2.874517361
2.0959375,2.125697512,2.747055113
2.09625,2.696557021,3.100762849
2.0965625,2.698948891,3.217868789
2.096875,2.70054347,3.319838587
2.0971875,2.698948891,3.377196598
2.0975,2.65669253,3.140594802
2.0978125,2.044373951,2.72474922
2.098125,2.499626436,2.962147655
2.0984375,2.672638327,3.199546091
2.09875,2.675030196,3.297532693
2.0990625,2.675827486,3.395519296
2.099375,2.674232906,3.401892408
2.0996875,2.596098504,3.084830068
2.1,1.975807027,2.698460132
2.1003125,2.473315872,2.942231679
2.100625,2.654300661,3.172460363
2.1009375,2.65669253,3.266463771
2.10125,2.65589524,3.354890705
2.1015625,2.651908791,3.329398255
2.101875,2.345749502,2.872127443
2.1021875,1.818740933,2.602863446
2.1025,2.565801491,3.069693927
2.1028125,2.567396071,3.163697334
2.103125,2.567396071,3.256107463
2.1034375,2.567396071,3.315058752
2.10375,2.565004201,3.279209995
2.1040625,2.422289324,2.932672011
2.104375,2.039590212,2.704036605
2.1046875,2.536301768,2.997199773
2.105,2.549855695,3.118288908
2.1053125,2.548261115,3.240174682
2.105625,2.551450275,3.337364646
2.1059375,2.537896348,3.128645216
2.10625,2.201440045,2.783700509
2.1065625,1.987766374,2.695273576
2.106875,2.517166812,3.081643512
2.1071875,2.518761392,3.194766257
2.1075,2.520355972,3.288769664
2.1078125,2.517166812,3.336568006
2.108125,2.513180363,3.185206588
2.1084375,2.139251439,2.755021504
2.10875,1.955874781,2.66659457
2.1090625,2.498031857,2.994809856
2.109375,2.498829147,3.101559488
2.1096875,2.498829147,3.203529286
2.11,2.499626436,3.268057049
2.1103125,2.468532134,3.067304009
2.110625,1.908834682,2.664204653
2.1109375,2.217385841,2.809989598
2.11125,2.469329423,3.06650737
2.1115625,2.469329423,3.162104056
2.111875,2.469329423,3.264870492
2.1121875,2.470126713,3.299125971
2.1125,2.446208019,3.080846873
2.1128125,1.908834682,2.664204653
2.113125,2.062711617,2.725545859
2.1134375,2.450194468,3.02508214
2.11375,2.450991758,3.123865382
2.1140625,2.450991758,3.215478872
2.114375,2.451789047,3.276820078
2.1146875,2.346546792,2.954181265
2.115,1.609053711,2.515233151
2.1153125,2.238912666,2.836278686
2.115625,2.403951658,3.029861974
2.1159375,2.403951658,3.115898991
2.11625,2.403951658,3.199546091
2.1165625,2.403154369,3.222648623
2.116875,2.383222123,3.045794755
2.1171875,1.991752823,2.699256771
2.1175,2.077860123,2.722359303
2.1178125,2.387208572,2.963740934
2.118125,2.387208572,3.064117453
2.1184375,2.383222123,3.186003227
2.11875,2.383222123,3.228225096
2.1190625,2.278777157,2.876110639
2.119375,1.761336066,2.589320583
2.1196875,2.120116484,2.769361007
2.12,2.349735951,3.009149359
2.1203125,2.350533241,3.112712435
2.120625,2.346546792,3.20034273
2.1209375,2.345749502,3.230615014
2.12125,2.30987146,3.003572886
2.1215625,1.853024395,2.623576062
2.121875,1.884118698,2.63313573
2.1221875,2.326614546,2.903196366
2.1225,2.328209126,3.005166164
2.1228125,2.327411836,3.106339323
2.123125,2.325019967,3.166087251
2.1234375,2.276385288,2.949401431
2.12375,1.688782693,2.561438216
2.1240625,2.062711617,2.730325693
2.124375,2.294722954,2.962944295
2.1246875,2.291533794,3.055354424
2.125,2.289939215,3.154934304
2.1253125,2.289939215,3.196359535
2.125625,2.283560896,3.028268696
2.1259375,1.818740933,2.618796227
2.12625,1.755755037,2.575777719
2.1265625,2.276385288,2.895229976
2.126875,2.278777157,2.998793052
2.1271875,2.277182578,3.088813264
2.1275,2.274790708,3.166087251
2.1278125,2.242899115,2.975690519
2.128125,1.593107915,2.509656678
2.1284375,1.777281862,2.580557553
2.12875,2.234128927,2.89204342
2.1290625,2.235723507,2.971707324
2.129375,2.234926217,3.062524175
2.1296875,2.232534348,3.111119157
2.13,2.230939768,3.063320814
2.1303125,2.013279648,2.725545859
2.130625,1.664066708,2.535945767
2.1309375,2.191075277,2.788480344
2.13125,2.220575001,2.900806449
2.1315625,2.22216958,3.016319111
2.131875,2.22376416,3.119882186
2.1321875,2.22296687,3.022692223
2.1325,1.944712724,2.668187848
2.1328125,1.442420139,2.445128915
2.133125,2.201440045,2.826719018
2.1334375,2.212602102,2.947808153
2.13375,2.211007523,3.042608199
2.1340625,2.209412943,3.119882186
2.134375,2.207021074,3.115898991
2.1346875,2.061914327,2.794853456
2.135,1.587526886,2.502486927
2.1353125,1.866578322,2.62516934
2.135625,2.194264437,2.817955988
2.1359375,2.186291538,2.920722425
2.13625,2.183899669,3.012335915
2.1365625,2.1815078,3.060134258
2.136875,2.082643862,2.815566071
2.1371875,1.461555095,2.454688584
2.1375,1.96065852,2.665001292
2.1378125,2.169548452,2.860177858
2.138125,2.166359293,2.951791348
2.1384375,2.163967424,3.04977795
2.13875,2.162372844,3.091203181
2.1390625,2.156791815,2.951791348
2.139375,1.683998954,2.556658382
2.1396875,1.497433137,2.461061696
2.14,2.144035178,2.772547563
2.1403125,2.148021627,2.879297195
2.140625,2.146427048,2.96692749
2.1409375,2.143237888,3.048981311
2.14125,2.13765686,2.967724129
2.1415625,1.652904651,2.539928962
2.141875,1.320434797,2.363871733
2.1421875,2.096995079,2.753428226
2.1425,2.105765267,2.835482047
2.1428125,2.102576108,2.925502259
2.143125,2.101778818,2.9916233
2.1434375,2.100981528,2.996403134
2.14375,2.000523011,2.772547563
2.1440625,1.550054265,2.488944063
2.144375,1.758146907,2.561438216
2.1446875,2.096995079,2.749445031
2.145,2.09061676,2.845838355
2.1453125,2.086630311,2.961351016
2.145625,2.085833022,3.018709028
2.1459375,1.967834129,2.735105528
2.14625,1.495041267,2.462654974
2.1465625,1.588324176,2.49133398
2.146875,2.081049283,2.766174451
2.1471875,2.076265544,2.86655097
2.1475,2.073873674,2.957367821
2.1478125,2.073076384,3.017912389
2.148125,2.073873674,2.964537573
2.1484375,1.754160458,2.594897056
2.14875,1.350731811,2.39095746
2.1490625,1.819538223,2.604456724
2.149375,2.069089935,2.734308889
2.1496875,2.066698066,2.834685408
2.15,2.061914327,2.921519064
2.1503125,2.060319747,2.954181265
2.150625,1.896078045,2.692883658
2.1509375,1.261435351,2.35829526
2.15125,1.838673178,2.598083612
2.1515625,2.04995498,2.760597977
2.151875,2.044373951,2.84982155
2.1521875,2.037198343,2.946214875
2.1525,2.036401053,2.9916233
2.1528125,2.030820024,2.880093834
2.153125,1.548459685,2.492130619
2.1534375,1.260638061,2.354312064
2.15375,1.956672071,2.650661789
2.1540625,2.045968531,2.755021504
2.154375,2.038792922,2.84185516
2.1546875,2.032414604,2.928688816
2.155,2.030820024,2.931875372
2.1553125,1.680012505,2.559844938
2.155625,0.842060907,2.231629652
2.1559375,1.783660181,2.579760914
2.15625,1.986969084,2.712002995
2.1565625,1.980590766,2.794056817
2.156875,1.977401606,2.873720722
2.1571875,1.975009737,2.903993005
2.1575,1.967834129,2.818752627
2.1578125,1.557229873,2.500893649
2.158125,1.303691711,2.363075094
2.1584375,1.817943643,2.594100417
2.15875,1.957469361,2.690493741
2.1590625,1.958266651,2.793260178
2.159375,1.953482912,2.891246781
2.1596875,1.955077492,2.854601384
2.16,1.616229319,2.51682643
2.1603125,0.934546526,2.269071687
2.160625,1.707917648,2.538335684
2.1609375,1.939928985,2.694476936
2.16125,1.936739826,2.786887066
2.1615625,1.931158797,2.868940887
2.161875,1.928766928,2.915145952
2.1621875,1.91919945,2.805209764
2.1625,1.44002827,2.437959164
2.1628125,1.164165993,2.301733887
2.163125,1.672039607,2.531165932
2.1634375,1.893686176,2.633932369
2.16375,1.922388609,2.731918972
2.1640625,1.920794029,2.812379515
2.164375,1.91919945,2.842651799
2.1646875,1.695958301,2.582150831
2.165,0.867574182,2.253138906
2.1653125,1.567594641,2.485757507
2.165625,1.896078045,2.655441623
2.1659375,1.894483466,2.740682001
2.16625,1.891294306,2.830702213
2.1665625,1.888902437,2.886466946
2.166875,1.888902437,2.817955988
2.1671875,1.479095471,2.45787514
2.1675,1.062910187,2.26588513
2.1678125,1.621810348,2.500893649
2.168125,1.893686176,2.631542452
2.1684375,1.933550667,2.715986191
2.16875,1.927172348,2.798040012
2.1690625,1.921591319,2.854601384
2.169375,1.708714938,2.604456724
2.1696875,0.878736239,2.226053178
2.17,1.055734578,2.319259946
2.1703125,1.771700834,2.57498108
2.170625,1.851429815,2.649068511
2.1709375,1.845051497,2.730325693
2.17125,1.841862338,2.784497149
2.1715625,1.839470468,2.781310592
2.171875,1.648120912,2.570201246
2.1721875,1.194463006,2.321649864
2.1725,1.293326944,2.350328869
2.1728125,1.667255868,2.531962571
2.173125,1.815551774,2.619592866
2.1734375,1.821132802,2.723952581
2.17375,1.820335513,2.798836651
2.1740625,1.753363168,2.661814736
2.174375,1.315651059,2.373431401
2.1746875,0.606063122,2.158338859
2.175,1.608256421,2.49133398
2.1753125,1.777281862,2.600473529
2.175625,1.775687283,2.688103824
2.1759375,1.774889993,2.765377811
2.17625,1.774092703,2.79963329
2.1765625,1.736620082,2.67456096
2.176875,1.213597962,2.331209532
2.1771875,1.001518871,2.218086788
2.1775,1.454379487,2.430789413
2.1778125,1.672836896,2.525589459
2.178125,1.818740933,2.620389505
2.1784375,1.816349063,2.699256771
2.17875,1.814754484,2.736698806
2.1790625,1.577959408,2.517623069
2.179375,0.78625062,2.196577534
2.1796875,1.085234302,2.31607339
2.18,1.652107361,2.523199542
2.1803125,1.757349617,2.604456724
2.180625,1.754160458,2.692883658
2.1809375,1.752565878,2.760597977
2.18125,1.751768588,2.746258474
2.1815625,1.48387921,2.473807921
2.181875,0.914614281,2.219680066
2.1821875,0.907438672,2.269071687
2.1825,1.585932306,2.488147424
2.1828125,1.748579429,2.57498108
2.183125,1.828308411,2.654644984
2.1834375,1.821132802,2.728732415
2.18375,1.794822238,2.69129038
2.1840625,1.209611513,2.334396088
2.184375,0.354916829,2.06592873
2.1846875,1.361893868,2.395737295
2.185,1.605067262,2.497707092
2.1853125,1.727849894,2.57498108
2.185625,1.726255314,2.649068511
2.1859375,1.723066155,2.684917268
2.18625,1.720674285,2.653051706
2.1865625,1.302097132,2.38299107
2.186875,0.835682589,2.194187616
2.1871875,1.043775231,2.298547331
2.1875,1.460757805,2.440349081
2.1878125,1.666458578,2.52479282
2.188125,1.758146907,2.621186144
2.1884375,1.751768588,2.686510546
2.18875,1.573972959,2.519216347
2.1890625,1.113936735,2.277038077
2.189375,0.3963759,2.080268233
2.1896875,1.379434244,2.386177626
2.19,1.585932306,2.487350785
2.1903125,1.683998954,2.572591163
2.190625,1.683201664,2.649068511
2.1909375,1.680809795,2.688103824
2.19125,1.645729043,2.602066807
2.1915625,1.087626171,2.268275048
2.191875,0.577360688,2.120896824
2.1921875,0.972816437,2.271461604
2.1925,1.385015273,2.3917541
2.1928125,1.56998651,2.480181033
2.193125,1.716687836,2.561438216
2.1934375,1.747782139,2.617202949
2.19375,1.598688944,2.520012986
2.1940625,0.950492323,2.237206125
2.194375,0.423483754,2.077878316
2.1946875,1.344353492,2.371838123
2.195,1.492649398,2.453891945
2.1953125,1.653701941,2.535149128
2.195625,1.660080259,2.615609671
2.1959375,1.65848568,2.649068511
2.19625,1.607459132,2.557455021
2.1965625,1.015870087,2.229239734
2.196875,0.383619263,2.073895121
2.1971875,1.028626725,2.280224633
2.1975,1.393785461,2.398127212
2.1978125,1.539689497,2.477791116
2.198125,1.694363722,2.555861743
2.1984375,1.69994475,2.621186144
2.19875,1.530919309,2.506470122
2.1990625,0.782264171,2.170288445
2.199375,0.255255602,2.011757275
2.1996875,1.212800672,2.322446503
2.2,1.380231534,2.394144017
2.2003125,1.538892207,2.469028087
2.200625,1.627391377,2.539132323
2.2009375,1.622607638,2.574184441
2.20125,1.607459132,2.54152224
2.2015625,1.108355706,2.290580941
2.201875,0.554239284,2.114523712
2.2021875,0.621211628,2.187814504
2.2025,1.210408803,2.323243142
2.2028125,1.387407142,2.397330573
2.203125,1.585932306,2.488944063
2.2034375,1.70233662,2.560641577
2.20375,1.515770803,2.471418004
2.2040625,0.987964944,2.211713675
2.204375,0.294322803,1.995824494
2.2046875,0.826912401,2.227646456
2.205,1.273394698,2.339972562
2.2053125,1.416906865,2.417246549
2.205625,1.590716045,2.496910453
2.2059375,1.624999507,2.559048299
2.20625,1.624202218,2.551878547
2.2065625,1.168152442,2.307310361
2.206875,0.30867402,2.073098482
2.2071875,0.301498412,2.06592873
2.2075,0.586130876,2.218086788
2.2078125,1.185692818,2.302530526
2.208125,1.343556202,2.379804514
2.2084375,1.502216876,2.452298667
2.20875,1.598688944,2.495317175
2.2090625,1.166557863,2.304920444
2.209375,0.44102413,2.030876612
2.2096875,0.366876177,2.096201014
2.21,0.982383915,2.266681769
2.2103125,1.262232641,2.342362479
2.210625,1.444812009,2.421229744
2.2109375,1.598688944,2.499300371
2.21125,1.644134463,2.523199542
2.2115625,1.409731257,2.414059993
2.211875,0.460956375,2.103370765
2.2121875,0.205026344,1.987061465
2.2125,0.475307592,2.177458196
2.2128125,0.87554708,2.254732184
2.213125,1.236719367,2.333599449
2.2134375,1.419298735,2.409280158
2.21375,1.565202771,2.480181033
2.2140625,1.388204432,2.414856632
2.214375,0.468929273,2.096201014
2.2146875,0.129283811,1.900227809
2.215,0.463348244,2.17427164
2.2153125,0.560617602,2.220476705
2.215625,1.127490662,2.294564136
2.2159375,1.30847545,2.369448206
2.21625,1.442420139,2.426009578
2.2165625,1.475906312,2.442738998
2.216875,1.129882531,2.29137758
2.2171875,0.341362903,2.07469176
2.2175,0.244890835,2.022910222
2.2178125,0.446605158,2.169491806
2.218125,0.522347691,2.204543924
2.2184375,0.944114004,2.269071687
2.21875,1.286151335,2.353515425
2.2190625,1.385812562,2.404500324
2.219375,0.979992046,2.230833012
2.2196875,0.253661023,2.034063168
2.22,0.165161853,1.936873205
2.2203125,0.418700015,2.153559025
2.220625,0.498428996,2.191797699
2.2209375,0.717683696,2.235612847
2.22125,1.217584411,2.317666668
2.2215625,1.357110129,2.381397792
2.221875,1.334786014,2.38299107
2.2221875,0.661873409,2.150372469
2.2225,0.189080548,1.967942128
2.2228125,0.224161299,2.004587524
2.223125,0.365281597,2.128066576
2.2234375,0.43942955,2.164711972
2.22375,0.517563952,2.201357368
2.2240625,0.837277169,2.249155711
2.224375,1.204827774,2.312090195
2.2246875,0.908235962,2.198967451
2.225,0.184296809,1.959975737
2.2253125,0.193066997,1.967942128
2.225625,0.371659916,2.130456493
2.2259375,0.429862072,2.160728777
2.22625,0.510388344,2.196577534
2.2265625,0.871560631,2.251545628
2.226875,1.194463006,2.317666668
2.2271875,1.212800672,2.31607339
2.2275,0.48328049,2.085048067
2.2278125,0.146026897,1.918550507
2.228125,0.232134198,2.012553914
2.2284375,0.355714119,2.123286741
2.22875,0.412321696,2.153559025
2.2290625,0.478496751,2.183831309
2.229375,0.578157978,2.220476705
2.2296875,1.125098792,2.28261455
2.23,0.65708967,2.141609439
2.2303125,0.13327026,1.889871501
2.230625,0.159580824,1.927313536
2.2309375,0.30867402,2.092217819
2.23125,0.356511409,2.125676659
2.2315625,0.417105435,2.15754222
2.231875,0.479294041,2.187814504
2.2321875,0.539090777,2.212510314
2.2325,0.552644704,2.21649351
2.2328125,0.330200845,2.096201014
2.233125,0.198648025,1.975111879
2.2334375,0.18031036,1.955195903
2.23375,0.289539064,2.080268233
2.2340625,0.332592715,2.112133795
2.234375,0.389997581,2.145592635
2.2346875,0.453780767,2.175068279
2.235,0.495239837,2.194187616
2.2353125,0.311863179,2.08265815
2.235625,0.201039895,1.978298435
2.2359375,0.094203059,1.839683242
2.23625,0.260039341,2.052385866
2.2365625,0.306282151,2.093014458
2.236875,0.349335801,2.123286741
2.2371875,0.401956929,2.151169108
2.2375,0.463348244,2.177458196
2.2378125,0.488064229,2.188611143
2.238125,0.328606265,2.089827902
2.2384375,0.165959143,1.944042956
2.23875,0.098189508,1.861989135
2.2390625,0.212999242,2.002994246
2.239375,0.256052892,2.052385866
2.2396875,0.300701122,2.089031263
2.24,0.342160192,2.117710268
2.2403125,0.385213842,2.142406079
2.240625,0.370065336,2.125676659
2.2409375,0.22256672,2.004587524
2.24125,0.070284365,1.803834485
2.2415625,0.193864286,1.979095074
2.241875,0.253661023,2.04919931
2.2421875,0.286349905,2.079471594
2.2425,0.334984584,2.111337156
2.2428125,0.383619263,2.1408128
2.243125,0.417902725,2.155948942
2.2434375,0.376443654,2.128066576
2.24375,0.17951307,1.958382459
2.2440625,0.079851843,1.838089963
2.244375,0.157986245,1.937669844
2.2446875,0.232931487,2.0245035
2.245,0.26721495,2.062742174
2.2453125,0.303092991,2.09142118
2.245625,0.350133091,2.121693463
2.2459375,0.385213842,2.142406079
2.24625,0.255255602,2.035656447
2.2465625,0.107756986,1.860395857
2.246875,0.075865394,1.787901704
2.2471875,0.197053446,1.985468187
2.2475,0.224161299,2.014943831
2.2478125,0.255255602,2.052385866
2.248125,0.292728224,2.084251428
2.2484375,0.329403555,2.110540517
2.24875,0.35172767,2.122490102
2.2490625,0.288741775,2.068318647
2.249375,0.167553722,1.943246317
2.2496875,0.082243712,1.838886602
2.25,0.173932041,1.955195903
2.2503125,0.209012793,1.997417772
2.250625,0.232931487,2.0245035
2.2509375,0.268809529,2.064335452
2.25125,0.30787673,2.094607736
2.2515625,0.299106542,2.083454789
2.251875,0.17791849,1.955992542
2.2521875,0.096594929,1.823750461
2.2525,0.096594929,1.826937017
2.2528125,0.18031036,1.967942128
2.253125,0.202634474,1.993434577
2.2534375,0.228945038,2.020520305
2.25375,0.259242051,2.055572423
2.2540625,0.296714673,2.085844706
2.254375,0.30707944,2.092217819
2.2546875,0.212201952,1.994231216
2.255,0.098189508,1.859599218
2.2553125,0.043176511,1.779138674
2.255625,0.13566213,1.911380756
2.2559375,0.162769984,1.94961943
2.25625,0.188283258,1.979095074
2.2565625,0.212999242,2.003790885
2.256875,0.236917937,2.029283334
2.2571875,0.252066443,2.046012754
2.2575,0.165161853,1.942449678
2.2578125,0.071878944,1.783121869
2.258125,0.079851843,1.804631124
2.2584375,0.149216057,1.932093371
2.25875,0.168351012,1.958382459
2.2590625,0.193066997,1.985468187
2.259375,0.22176943,2.014147192
2.2596875,0.247282704,2.043622837
2.26,0.260039341,2.056369062
2.2603125,0.18031036,1.960772376
2.260625,0.074270814,1.830123573
2.2609375,0.039987352,1.746476473
2.26125,0.126094652,1.897041253
2.2615625,0.153999796,1.937669844
2.261875,0.172337461,1.961569015
2.2621875,0.194661576,1.986264826
2.2625,0.22176943,2.011757275
2.2628125,0.236120647,2.028486695
2.263125,0.13566213,1.908990838
2.2634375,0.04796025,1.724967219
2.26375,0.050352119,1.709831077
2.2640625,0.117324464,1.885091667
2.264375,0.138851289,1.915363951
2.2646875,0.159580824,1.943246317
2.265,0.181904939,1.969535406
2.2653125,0.201837185,1.990248021
2.265625,0.212999242,2.002197607
2.2659375,0.185094098,1.967145489
2.26625,0.094203059,1.853226105
2.2665625,0.044771091,1.746476473
2.266875,0.075068104,1.814987431
2.2671875,0.121310913,1.886684945
2.2675,0.143635028,1.912974034
2.2678125,0.168351012,1.944042956
2.268125,0.185891388,1.968738767
2.2684375,0.194661576,1.98307827
2.26875,0.122905493,1.892261418
2.2690625,0.060716887,1.80781768
2.269375,0.036798193,1.604674723
2.2696875,0.130081101,1.818970626
2.27,0.22097214,1.86597233
2.2703125,0.272795978,1.893058058
2.270625,0.293525514,1.91616059
2.2709375,0.291930934,1.9408564
2.27125,0.261633921,1.958382459
2.2715625,0.211404662,1.955195903
2.271875,0.107756986,1.836496685
2.2721875,0.077459973,1.730543692
2.2725,0.105365117,1.676372237
2.2728125,0.215391111,1.795071455
2.273125,0.242498965,1.830123573
2.2734375,0.263228501,1.859599218
2.27375,0.279971587,1.885091667
2.2740625,0.292728224,1.90739756
2.274375,0.286349905,1.914567312
2.2746875,0.213796532,1.819767265
2.275,0.13406755,1.681948711
2.2753125,0.099784088,1.63255709
2.275625,0.212999242,1.794274816
2.2759375,0.231336908,1.818970626
2.27625,0.248079994,1.84127652
2.2765625,0.268012239,1.867565608
2.276875,0.283160746,1.891464779
2.2771875,0.289539064,1.905007643
2.2775,0.262431211,1.877921916
2.2778125,0.167553722,1.74886639
2.278125,0.098189508,1.638930202
2.2784375,0.138851289,1.701864687
2.27875,0.206620924,1.779935313
2.2790625,0.225755879,1.804631124
2.279375,0.242498965,1.826140378
2.2796875,0.259242051,1.850836188
2.28,0.274390558,1.873142081
2.2803125,0.258444762,1.859599218
2.280625,0.164364563,1.740103361
2.2809375,0.067892495,1.51545115
2.28125,0.095000349,1.628573895
2.2815625,0.174729331,1.752052947
2.281875,0.198648025,1.781528591
2.2821875,0.219377561,1.804631124
2.2825,0.238512516,1.826937017
2.2828125,0.252863733,1.844463076
2.283125,0.26402579,1.856412661
2.2834375,0.242498965,1.830920212
2.28375,0.167553722,1.739306722
2.2840625,0.102973247,1.646099954
2.284375,0.122108203,1.677168876
2.2846875,0.17791849,1.746476473
2.285,0.193864286,1.767985728
2.2853125,0.214593822,1.791884899
2.285625,0.234526067,1.81578407
2.2859375,0.247282704,1.833310129
2.28625,0.210607373,1.795868094
2.2865625,0.143635028,1.710627716
2.286875,0.077459973,1.53218057
2.2871875,0.067892495,1.560062937
2.2875,0.148418767,1.71620419
2.2878125,0.166756433,1.745679834
2.288125,0.182702229,1.768782367
2.2884375,0.201837185,1.790291621
2.28875,0.22256672,1.811004236
2.2890625,0.234526067,1.8245471
2.289375,0.213796532,1.800647928
2.2896875,0.125297362,1.69071174
2.29,0.074270814,1.602284806
2.2903125,0.062311467,1.579182274
2.290625,0.126094652,1.688321823
2.2909375,0.151607926,1.719390746
2.29125,0.166756433,1.743289917
2.2915625,0.181107649,1.763205893
2.291875,0.197053446,1.78232523
2.2921875,0.202634474,1.789494982
2.2925,0.141243159,1.713814272
2.2928125,0.085432871,1.604674723
2.293125,0.035203613,1.431007412
2.2934375,0.110148856,1.673185681
2.29375,0.142040448,1.712220994
2.2940625,0.159580824,1.738510083
2.294375,0.1771212,1.764002532
2.2946875,0.196256156,1.784715147
2.295,0.209012793,1.797461372
2.2953125,0.210607373,1.796664733
2.295625,0.127689232,1.694694935
2.2959375,0.074270814,1.610251197
2.29625,0.038392772,1.48278895
2.2965625,0.095797639,1.651676427
2.296875,0.132472971,1.700271409
2.2971875,0.151607926,1.72417058
2.2975,0.166756433,1.747273112
2.2978125,0.185094098,1.771172284
2.298125,0.199445315,1.787901704
2.2984375,0.164364563,1.7409
2.29875,0.09181119,1.637336924
2.2990625,0.045568381,1.309918277
2.299375,0.040784642,1.366479649
2.2996875,0.083838292,1.630963812
2.3,0.121310913,1.684338628
2.3003125,0.139648579,1.709831077
2.300625,0.156391665,1.731340331
2.3009375,0.168351012,1.750459669
2.30125,0.1771212,1.760815976
2.3015625,0.164364563,1.741696639
2.301875,0.099784088,1.655659622
2.3021875,0.060716887,1.55767302
2.3025,0.040784642,1.479602393
2.3028125,0.082243712,1.630963812
2.303125,0.107756986,1.667609208
2.3034375,0.126094652,1.693898296
2.30375,0.146026897,1.720187385
2.3040625,0.159580824,1.740103361
2.304375,0.160378114,1.741696639
2.3046875,0.09340577,1.651676427
2.305,0.061514177,1.577588996
2.3053125,0.033609033,1.224677899
2.305625,0.030419874,1.325851058
2.3059375,0.055135858,1.583165469
2.30625,0.09021661,1.653269705
2.3065625,0.112540725,1.679558794
2.306875,0.131675681,1.705847882
2.3071875,0.148418767,1.726560497
2.3075,0.155594375,1.736916805
2.3078125,0.123702783,1.693898296
2.308125,0.058325018,1.583165469
2.3084375,0.034406323,1.430210773
2.30875,0.028028005,1.279645993
2.3090625,0.028825294,1.400735128
2.309375,0.054338569,1.581572191
2.3096875,0.083838292,1.643710037
2.31,0.105365117,1.670795764
2.3103125,0.122108203,1.694694935
2.310625,0.13486484,1.710627716
2.3109375,0.0910139,1.646896593
2.31125,0.054338569,1.556079742
2.3115625,0.034406323,1.198388811
2.311875,0.034406323,1.196795532
2.3121875,0.032014454,1.394362016
2.3125,0.058325018,1.59113186
2.3128125,0.084635582,1.647693232
2.313125,0.109351566,1.675575598
2.3134375,0.124500072,1.697881492
2.31375,0.13327026,1.709034438
2.3140625,0.111743435,1.677965515
2.314375,0.051149409,1.543333517
2.3146875,0.035203613,1.350546868
2.315,0.040784642,1.113945072
2.3153125,0.043973801,1.131471131
2.315625,0.040784642,1.267696407
2.3159375,0.044771091,1.486772145
2.31625,0.072676234,1.618217587
2.3165625,0.095797639,1.658846178
2.316875,0.113338015,1.677965515
2.3171875,0.087824741,1.628573895
2.3175,0.04716296,1.483585589
2.3178125,0.041581931,1.069333285
2.318125,0.031217164,-0.134388311
2.3184375,0.025636135,-1.430520037
2.31875,0.025636135,-1.428926759
2.3190625,0.025636135,-1.37794186
2.319375,0.026433425,-1.34448302
2.3196875,0.024838845,-1.343686381
2.32,0.023244266,-1.354839328
2.3203125,0.021649686,-1.381128416
2.320625,0.019257817,-1.438486427
2.3209375,0.015271367,-1.441672984
2.32125,0.010487629,-1.437689788
2.3215625,0.011284918,-1.397857836
2.321875,0.012879498,-1.351652771
2.3221875,0.012879498,-1.329346878
2.3225,0.012879498,-1.322973766
2.3228125,0.013676788,-1.335719991
2.323125,0.012082208,-1.36121244
2.3234375,0.010487629,-1.408214144
2.32375,0.008095759,-1.44485954
2.3240625,0.00331202,-1.428926759
2.324375,-0.003066298,-1.416180534
2.3246875,-0.003863588,-1.393874641
2.325,0.000122861,-1.357229245
2.3253125,0.001717441,-1.326956961
2.325625,0.001717441,-1.310227541
2.3259375,0.00251473,-1.306244346
2.32625,0.00251473,-1.308634263
2.3265625,0.00331202,-1.315804014
2.326875,0.001717441,-1.321380488
2.3271875,-0.002269008,-1.326956961
2.3275,-0.011039196,-1.31978721
2.3278125,-0.023795834,-1.312617458
2.328125,-0.022201254,-1.304651068
2.3284375,-0.013431066,-1.290311565
2.32875,-0.006255458,-1.26959895
2.3290625,-0.002269008,-1.262429198
2.329375,-0.000674429,-1.267209033
2.3296875,0.000122861,-1.273582145
2.33,-0.002269008,-1.284735092
2.3303125,-0.007052747,-1.289514926
2.330625,-0.010241907,-1.279158618
2.3309375,-0.010241907,-1.268802311
2.33125,-0.004660878,-1.260039281
2.3315625,0.001717441,-1.2441065
2.331875,0.008893049,-1.233750193
2.3321875,0.012879498,-1.23614011
2.3325,0.015271367,-1.247293057
2.3328125,0.014474078,-1.263225837
2.333125,0.014474078,-1.273582145
2.3334375,0.012082208,-1.279158618
2.33375,0.00650118,-1.276768701
2.3340625,-0.003066298,-1.266412394
2.334375,-0.013431066,-1.259242642
2.3346875,-0.009444617,-1.255259447
2.335,-0.000674429,-1.244903139
2.3353125,0.00570389,-1.236936749
2.335625,0.009690339,-1.242513222
2.3359375,0.010487629,-1.25286953
2.33625,0.009690339,-1.268005672
2.3365625,0.007298469,-1.284735092
2.336875,0.000920151,-1.290311565
2.3371875,-0.008647327,-1.281548536
2.3375,-0.019809384,-1.271988867
2.3378125,-0.016620225,-1.264022477
2.338125,-0.008647327,-1.253666169
2.3384375,-0.001471719,-1.240123305
2.33875,0.00251473,-1.236936749
2.3390625,0.007298469,-1.243309861
2.339375,0.008095759,-1.252072891
2.3396875,0.008893049,-1.255259447
2.34,0.007298469,-1.255259447
2.3403125,0.0049066,-1.250479613
2.340625,-0.000674429,-1.240123305
2.3409375,-0.013431066,-1.232156915
2.34125,-0.013431066,-1.232156915
2.3415625,-0.007850037,-1.229766998
2.341875,-0.002269008,-1.223393885
2.3421875,0.00410931,-1.229766998
2.3425,0.008893049,-1.247293057
2.3428125,0.008095759,-1.264819116
2.343125,0.00650118,-1.283938453
2.3434375,0.000920151,-1.285531731
2.34375,-0.007850037,-1.272785506
2.3440625,-0.020606674,-1.263225837
2.344375,-0.022201254,-1.25286953
2.3446875,-0.014228356,-1.246496418
2.345,-0.003863588,-1.232953554
2.3453125,0.00251473,-1.226580441
2.345625,0.007298469,-1.228970359
2.3459375,0.010487629,-1.23614011
2.34625,0.012082208,-1.240123305
2.3465625,0.011284918,-1.238530027
2.346875,0.00650118,-1.232953554
2.3471875,-0.005458168,-1.223393885
2.3475,-0.029376862,-1.214630856
2.3478125,-0.046119948,-1.206664465
2.348125,-0.042133499,-1.201884631
2.3484375,-0.022998544,-1.20268127
2.34875,-0.003066298,-1.197104797
2.3490625,0.008893049,-1.196308158
2.349375,0.012879498,-1.200291353
2.3496875,0.015271367,-1.203477909
2.35,0.012879498,-1.204274548
2.3503125,0.008095759,-1.195511519
2.350625,-0.003066298,-1.186748489
2.3509375,-0.013431066,-1.181172016
2.35125,-0.011039196,-1.179578738
2.3515625,-0.003066298,-1.181172016
2.351875,0.0049066,-1.178782099
2.3521875,0.010487629,-1.183561933
2.3525,0.012082208,-1.19471488
2.3528125,0.012879498,-1.205867826
2.353125,0.012082208,-1.2114443
2.3534375,0.009690339,-1.206664465
2.35375,0.00410931,-1.197901436
2.3540625,-0.012633776,-1.190731684
2.354375,-0.036552471,-1.186748489
2.3546875,-0.03974163,-1.182765294
2.355,-0.028579572,-1.185155211
2.3553125,-0.011039196,-1.191528323
2.355625,0.000920151,-1.192324963
2.3559375,0.00570389,-1.199494714
2.35625,0.008095759,-1.209851022
2.3565625,0.009690339,-1.216224134
2.356875,0.007298469,-1.216224134
2.3571875,-0.001471719,-1.204274548
2.3575,-0.020606674,-1.197104797
2.3578125,-0.034957891,-1.192324963
2.358125,-0.032566022,-1.189935045
2.3584375,-0.020606674,-1.189935045
2.35875,-0.007850037,-1.189138406
2.3590625,0.000920151,-1.187545128
2.359375,0.00410931,-1.191528323
2.3596875,0.00650118,-1.193121602
2.36,0.007298469,-1.191528323
2.3603125,0.00650118,-1.184358572
2.360625,0.00251473,-1.173205625
2.3609375,-0.010241907,-1.165239235
2.36125,-0.027782283,-1.159662762
2.3615625,-0.028579572,-1.157272845
2.361875,-0.017417515,-1.16125604
2.3621875,-0.004660878,-1.170019069
2.3625,0.00570389,-1.177188821
2.3628125,0.008893049,-1.191528323
2.363125,0.010487629,-1.204274548
2.3634375,0.010487629,-1.210647661
2.36375,0.0049066,-1.205071187
2.3640625,-0.006255458,-1.19471488
2.364375,-0.028579572,-1.187545128
2.3646875,-0.042930789,-1.179578738
2.365,-0.03814705,-1.171612347
2.3653125,-0.022201254,-1.168425791
2.365625,-0.004660878,-1.168425791
2.3659375,0.008095759,-1.165239235
2.36625,0.013676788,-1.164442596
2.3665625,0.016865947,-1.162849318
2.366875,0.017663237,-1.158866123
2.3671875,0.015271367,-1.149306454
2.3675,0.008095759,-1.138950147
2.3678125,-0.013431066,-1.134966951
2.368125,-0.044525369,-1.131780395
2.3684375,-0.060471165,-1.1277972
2.36875,-0.058079296,-1.126203922
2.3690625,-0.03814705,-1.130187117
2.369375,-0.014228356,-1.138950147
2.3696875,0.000920151,-1.14452662
2.37,0.007298469,-1.142136703
2.3703125,0.009690339,-1.138950147
2.370625,0.00650118,-1.1277972
2.3709375,-0.003066298,-1.119830809
2.37125,-0.019809384,-1.115050975
2.3715625,-0.03814705,-1.11106778
2.371875,-0.042133499,-1.110271141
2.3721875,-0.033363311,-1.11106778
2.3725,-0.019012095,-1.113457697
2.3728125,-0.004660878,-1.123017366
2.373125,0.00410931,-1.130983756
2.3734375,0.008893049,-1.134170312
2.37375,0.010487629,-1.129390478
2.3740625,0.009690339,-1.119830809
2.374375,0.001717441,-1.110271141
2.3746875,-0.013431066,-1.107084585
2.375,-0.041336209,-1.10310139
2.3753125,-0.058876585,-1.099118194
2.375625,-0.059673875,-1.097524916
2.3759375,-0.044525369,-1.101508111
2.37625,-0.022998544,-1.110271141
2.3765625,-0.005458168,-1.119830809
2.376875,0.00410931,-1.126203922
2.3771875,0.008893049,-1.125407283
2.3775,0.008095759,-1.116644253
2.3778125,0.00331202,-1.106287946
2.378125,-0.010241907,-1.100711472
2.3784375,-0.032566022,-1.097524916
2.37875,-0.050106397,-1.092745082
2.3790625,-0.051700977,-1.088761887
2.379375,-0.042133499,-1.087965248
2.3796875,-0.026187703,-1.091151804
2.38,-0.011039196,-1.095931638
2.3803125,-0.001471719,-1.098321555
2.380625,0.00410931,-1.095931638
2.3809375,0.007298469,-1.087168609
2.38125,0.00570389,-1.076015662
2.3815625,0.000122861,-1.066455993
2.381875,-0.013431066,-1.06087952
2.3821875,-0.036552471,-1.057692964
2.3825,-0.047714528,-1.054506408
2.3828125,-0.044525369,-1.05291313
2.383125,-0.027782283,-1.056896325
2.3834375,-0.008647327,-1.066455993
2.38375,0.00570389,-1.081592135
2.3840625,0.013676788,-1.091948443
2.384375,0.016068657,-1.087965248
2.3846875,0.012879498,-1.076812301
2.385,0.00331202,-1.06964255
2.3853125,-0.016620225,-1.066455993
2.385625,-0.04053892,-1.064066076
2.3859375,-0.050903687,-1.06087952
2.38625,-0.048511818,-1.060082881
2.3865625,-0.034957891,-1.063269437
2.386875,-0.018214805,-1.068049272
2.3871875,-0.005458168,-1.074422384
2.3875,0.000920151,-1.078405579
2.3878125,0.00410931,-1.076015662
2.388125,0.00410931,-1.068845911
2.3884375,0.000920151,-1.059286242
2.38875,-0.010241907,-1.054506408
2.3890625,-0.031768732,-1.052116491
2.389375,-0.057282006,-1.048929934
2.3896875,-0.073227802,-1.045743378
2.39,-0.076416961,-1.043353461
2.3903125,-0.063660324,-1.042556822
2.390625,-0.042133499,-1.048929934
2.3909375,-0.021403964,-1.051319852
2.39125,-0.011836486,-1.053709769
2.3915625,-0.008647327,-1.052116491
2.391875,-0.008647327,-1.044946739
2.3921875,-0.015822935,-1.038573627
2.3925,-0.030971442,-1.035387071
2.3928125,-0.051700977,-1.031403875
2.393125,-0.066849484,-1.028217319
2.3934375,-0.068444063,-1.025827402
2.39375,-0.060471165,-1.024234124
2.3940625,-0.045322659,-1.025030763
2.394375,-0.026984993,-1.029810597
2.3946875,-0.013431066,-1.032997154
2.395,-0.007052747,-1.029013958
2.3953125,-0.006255458,-1.023437485
2.395625,-0.009444617,-1.015471095
2.3959375,-0.019809384,-1.011487899
2.39625,-0.03974163,-1.009097982
2.3965625,-0.062065745,-1.005114787
2.396875,-0.078011541,-1.003521509
2.3971875,-0.08438986,-1.00272487
2.3975,-0.076416961,-1.001131592
2.3978125,-0.057282006,-1.00272487
2.398125,-0.034957891,-1.007504704
2.3984375,-0.015822935,-1.005911426
2.39875,-0.005458168,-1.001928231
2.3990625,-0.002269008,-0.996351758
2.399375,-0.007052747,-0.989978645
2.3996875,-0.019012095,-0.988385367
2.4,-0.03814705,-0.98599545
2.4003125,-0.057282006,-0.983605533
2.400625,-0.066849484,-0.982808894
2.4009375,-0.068444063,-0.982012255
2.40125,-0.062065745,-0.981215616
2.4015625,-0.049309108,-0.982808894
2.401875,-0.033363311,-0.983605533
2.4021875,-0.023795834,-0.982808894
2.4025,-0.019809384,-0.978825699
2.4028125,-0.020606674,-0.976435781
2.403125,-0.028579572,-0.974045864
2.4034375,-0.042133499,-0.971655947
2.40375,-0.060471165,-0.96926603
2.4040625,-0.077214251,-0.96926603
2.404375,-0.088376309,-0.968469391
2.4046875,-0.089970888,-0.968469391
2.405,-0.078808831,-0.970859308
2.4053125,-0.058079296,-0.975639142
2.405625,-0.036552471,-0.978825699
2.4059375,-0.022998544,-0.979622338
2.40625,-0.016620225,-0.976435781
2.4065625,-0.019012095,-0.971655947
2.406875,-0.028579572,-0.967672752
2.4071875,-0.044525369,-0.965282835
2.4075,-0.062065745,-0.962892918
2.4078125,-0.077214251,-0.963689557
2.408125,-0.08359257,-0.964486196
2.4084375,-0.0812007,-0.963689557
2.40875,-0.069241353,-0.963689557
2.4090625,-0.052498267,-0.965282835
2.409375,-0.03814705,-0.965282835
2.4096875,-0.028579572,-0.962892918
2.41,-0.024593123,-0.958909722
2.4103125,-0.026187703,-0.954926527
2.410625,-0.034160601,-0.951739971
2.4109375,-0.047714528,-0.948553415
2.41125,-0.064457614,-0.946960137
2.4115625,-0.080403411,-0.946163498
2.411875,-0.092362758,-0.945366859
2.4121875,-0.098741076,-0.94457022
2.4125,-0.097146497,-0.94457022
2.4128125,-0.08359257,-0.946163498
2.413125,-0.066849484,-0.946163498
2.4134375,-0.052498267,-0.946163498
2.41375,-0.045322659,-0.942976942
2.4140625,-0.043728079,-0.940587024
2.414375,-0.050903687,-0.937400468
2.4146875,-0.062065745,-0.935010551
2.415,-0.072430512,-0.931823995
2.4153125,-0.0812007,-0.928637439
2.415625,-0.086781729,-0.927044161
2.4159375,-0.085187149,-0.927044161
2.41625,-0.077214251,-0.927044161
2.4165625,-0.062863035,-0.926247522
2.416875,-0.046917238,-0.929434078
2.4171875,-0.033363311,-0.9278408
2.4175,-0.029376862,-0.925450883
2.4178125,-0.030971442,-0.923060965
2.418125,-0.03814705,-0.922264326
2.4184375,-0.051700977,-0.921467687
2.41875,-0.066849484,-0.920671048
2.4190625,-0.080403411,-0.919874409
2.419375,-0.092362758,-0.919874409
2.4196875,-0.100335656,-0.920671048
2.42,-0.099538366,-0.921467687
2.4203125,-0.088376309,-0.923857604
2.420625,-0.071633223,-0.924654244
2.4209375,-0.057282006,-0.925450883
2.42125,-0.048511818,-0.924654244
2.4215625,-0.047714528,-0.923060965
2.421875,-0.054092847,-0.920671048
2.4221875,-0.065254904,-0.918281131
2.4225,-0.077214251,-0.917484492
2.4228125,-0.089173598,-0.916687853
2.423125,-0.102727525,-0.915891214
2.4234375,-0.109903134,-0.915094575
2.42375,-0.111497713,-0.914297936
2.4240625,-0.109903134,-0.913501297
2.424375,-0.103524815,-0.915094575
2.4246875,-0.096349207,-0.917484492
2.425,-0.088376309,-0.916687853
2.4253125,-0.085984439,-0.915891214
2.425625,-0.089173598,-0.914297936
2.4259375,-0.096349207,-0.913501297
2.42625,-0.106713974,-0.91111138
2.4265625,-0.117078742,-0.909518102
2.426875,-0.12664622,-0.909518102
2.4271875,-0.133821828,-0.908721463
2.4275,-0.138605567,-0.908721463
2.4278125,-0.139402857,-0.908721463
2.428125,-0.133821828,-0.909518102
2.4284375,-0.120267901,-0.910314741
2.42875,-0.098741076,-0.909518102
2.4290625,-0.085187149,-0.908721463
2.429375,-0.08438986,-0.907924824
2.4296875,-0.089970888,-0.906331545
2.43,-0.099538366,-0.905534906
2.4303125,-0.109903134,-0.904738267
2.430625,-0.121065191,-0.903941628
2.4309375,-0.1282408,-0.90234835
2.43125,-0.132227249,-0.90234835
2.4315625,-0.132227249,-0.900755072
2.431875,-0.12664622,-0.898365155
2.4321875,-0.119470612,-0.897568516
2.4325,-0.109105844,-0.896771877
2.4328125,-0.098741076,-0.896771877
2.433125,-0.093957337,-0.895178599
2.4334375,-0.097943786,-0.89438196
2.43375,-0.105119395,-0.893585321
2.4340625,-0.115484162,-0.893585321
2.434375,-0.12584893,-0.891992043
2.4346875,-0.135416408,-0.892788682
2.435,-0.144186596,-0.893585321
2.4353125,-0.151362204,-0.89438196
2.435625,-0.155348653,-0.895178599
2.4359375,-0.158537813,-0.895975238
2.43625,-0.162524262,-0.896771877
2.4365625,-0.164916131,-0.898365155
2.436875,-0.164916131,-0.896771877
2.4371875,-0.167308001,-0.896771877
2.4375,-0.17129445,-0.898365155
2.4378125,-0.176875478,-0.897568516
2.438125,-0.182456507,-0.896771877
2.4384375,-0.188834826,-0.896771877
2.43875,-0.194415854,-0.896771877
2.4390625,-0.199199593,-0.895975238
2.439375,-0.201591463,-0.896771877
2.4396875,-0.203983332,-0.895975238
2.44,-0.205577912,-0.896771877
2.4403125,-0.206375202,-0.896771877
2.440625,-0.207969781,-0.896771877
2.4409375,-0.210361651,-0.895975238
2.44125,-0.215942679,-0.896771877
2.4415625,-0.220726418,-0.896771877
2.441875,-0.224712867,-0.895975238
2.4421875,-0.227902027,-0.895975238
2.4425,-0.231888476,-0.89438196
2.4428125,-0.234280345,-0.893585321
2.443125,-0.235077635,-0.893585321
2.4434375,-0.236672215,-0.893585321
2.44375,-0.237469504,-0.893585321
2.4440625,-0.237469504,-0.892788682
2.444375,-0.238266794,-0.893585321
2.4446875,-0.239861374,-0.893585321
2.445,-0.240658664,-0.893585321
2.4453125,-0.242253243,-0.891992043
2.445625,-0.243847823,-0.891992043
2.4459375,-0.244645113,-0.891992043
2.44625,-0.245442403,-0.891195404
2.4465625,-0.246239692,-0.889602126
2.446875,-0.247036982,-0.889602126
2.4471875,-0.247036982,-0.889602126
2.4475,-0.247036982,-0.889602126
2.4478125,-0.246239692,-0.888805486
2.448125,-0.245442403,-0.888008847
2.4484375,-0.242253243,-0.88561893
2.44875,-0.240658664,-0.883229013
2.4490625,-0.240658664,-0.883229013
2.449375,-0.239861374,-0.881635735
2.4496875,-0.239064084,-0.881635735
2.45,-0.239861374,-0.880042457
2.4503125,-0.239861374,-0.880042457
2.450625,-0.240658664,-0.879245818
2.4509375,-0.241455953,-0.879245818
2.45125,-0.242253243,-0.880042457
2.4515625,-0.242253243,-0.880839096
2.451875,-0.243050533,-0.881635735
2.4521875,-0.243847823,-0.882432374
2.4525,-0.244645113,-0.883229013
2.4528125,-0.246239692,-0.884822291
2.453125,-0.247036982,-0.88561893
2.4534375,-0.247036982,-0.88561893
2.45375,-0.247834272,-0.884822291
2.4540625,-0.247834272,-0.884822291
2.454375,-0.248631562,-0.884822291
2.4546875,-0.249428852,-0.884822291
2.455,-0.250226141,-0.88561893
2.4553125,-0.251820721,-0.886415569
2.455625,-0.251820721,-0.886415569
2.4559375,-0.250226141,-0.88561893
2.45625,-0.249428852,-0.886415569
2.4565625,-0.250226141,-0.886415569
2.456875,-0.249428852,-0.88561893
2.4571875,-0.248631562,-0.88561893
2.4575,-0.248631562,-0.884025652
2.4578125,-0.251023431,-0.88561893
2.458125,-0.252618011,-0.887212208
2.4584375,-0.252618011,-0.88561893
2.45875,-0.253415301,-0.884822291
2.4590625,-0.252618011,-0.884025652
2.459375,-0.252618011,-0.883229013
2.4596875,-0.251820721,-0.882432374
2.46,-0.251023431,-0.882432374
2.4603125,-0.250226141,-0.881635735
2.460625,-0.249428852,-0.880839096
2.4609375,-0.250226141,-0.881635735
2.46125,-0.249428852,-0.880839096
2.4615625,-0.248631562,-0.880042457
2.461875,-0.249428852,-0.879245818
2.4621875,-0.248631562,-0.878449179
2.4625,-0.248631562,-0.87765254
2.4628125,-0.249428852,-0.87765254
2.463125,-0.248631562,-0.876855901
2.4634375,-0.248631562,-0.876855901
2.46375,-0.249428852,-0.87765254
2.4640625,-0.248631562,-0.87765254
2.464375,-0.247036982,-0.876855901
2.4646875,-0.247036982,-0.876059262
2.465,-0.243847823,-0.872872706
2.4653125,-0.240658664,-0.870482788
2.465625,-0.239861374,-0.86888951
2.4659375,-0.239861374,-0.868092871
2.46625,-0.239064084,-0.867296232
2.4665625,-0.239861374,-0.865702954
2.466875,-0.239861374,-0.865702954
2.4671875,-0.240658664,-0.864906315
2.4675,-0.240658664,-0.865702954
2.4678125,-0.242253243,-0.865702954
2.468125,-0.242253243,-0.866499593
2.4684375,-0.242253243,-0.866499593
2.46875,-0.243847823,-0.868092871
2.4690625,-0.244645113,-0.868092871
2.469375,-0.245442403,-0.868092871
2.4696875,-0.247036982,-0.86888951
2.47,-0.247036982,-0.86888951
2.4703125,-0.247834272,-0.868092871
2.470625,-0.247834272,-0.868092871
2.4709375,-0.249428852,-0.868092871
2.47125,-0.250226141,-0.868092871
2.4715625,-0.251023431,-0.867296232
2.471875,-0.251820721,-0.868092871
2.4721875,-0.251820721,-0.86888951
2.4725,-0.251820721,-0.867296232
2.4728125,-0.251820721,-0.867296232
2.473125,-0.251820721,-0.866499593
2.4734375,-0.251820721,-0.866499593
2.47375,-0.249428852,-0.864109676
2.4740625,-0.250226141,-0.864109676
2.474375,-0.251023431,-0.863313037
2.4746875,-0.254212591,-0.864906315
2.475,-0.25500988,-0.864906315
2.4753125,-0.25500988,-0.864109676
2.475625,-0.254212591,-0.862516398
2.4759375,-0.254212591,-0.862516398
2.47625,-0.254212591,-0.86092312
2.4765625,-0.253415301,-0.86092312
2.476875,-0.253415301,-0.86092312
2.4771875,-0.253415301,-0.86092312
2.4775,-0.251820721,-0.859329842
2.4778125,-0.251820721,-0.859329842
2.478125,-0.251820721,-0.859329842
2.4784375,-0.251023431,-0.857736564
2.47875,-0.251820721,-0.856939925
2.4790625,-0.251820721,-0.856939925
2.479375,-0.251023431,-0.855346647
2.4796875,-0.251820721,-0.854550008
2.48,-0.251023431,-0.853753369
2.4803125,-0.252618011,-0.853753369
2.480625,-0.252618011,-0.853753369
2.4809375,-0.251820721,-0.85216009
2.48125,-0.250226141,-0.851363451
2.4815625,-0.248631562,-0.850566812
2.481875,-0.245442403,-0.847380256
2.4821875,-0.244645113,-0.846583617
2.4825,-0.243847823,-0.8441937
2.4828125,-0.243847823,-0.8441937
2.483125,-0.243050533,-0.842600422
2.4834375,-0.243050533,-0.841007144
2.48375,-0.243847823,-0.841007144
2.4840625,-0.243847823,-0.840210505
2.484375,-0.244645113,-0.840210505
2.4846875,-0.245442403,-0.841007144
2.485,-0.247036982,-0.841007144
2.4853125,-0.247834272,-0.840210505
2.485625,-0.248631562,-0.841007144
2.4859375,-0.249428852,-0.841007144
2.48625,-0.250226141,-0.841007144
2.4865625,-0.251820721,-0.841007144
2.486875,-0.252618011,-0.840210505
2.4871875,-0.252618011,-0.840210505
2.4875,-0.254212591,-0.841007144
2.4878125,-0.254212591,-0.840210505
2.488125,-0.25580717,-0.840210505
2.4884375,-0.25660446,-0.839413866
2.48875,-0.25660446,-0.840210505
2.4890625,-0.25660446,-0.838617227
2.489375,-0.25580717,-0.838617227
2.4896875,-0.25500988,-0.837820588
2.49,-0.25580717,-0.837820588
2.4903125,-0.25500988,-0.83622731
2.490625,-0.254212591,-0.835430671
2.4909375,-0.254212591,-0.835430671
2.49125,-0.25740175,-0.837023949
2.4915625,-0.258996329,-0.837820588
2.491875,-0.259793619,-0.83622731
2.4921875,-0.258996329,-0.835430671
2.4925,-0.258996329,-0.833837392
2.4928125,-0.258996329,-0.833040753
2.493125,-0.25740175,-0.831447475
2.4934375,-0.25740175,-0.831447475
2.49375,-0.25660446,-0.830650836
2.4940625,-0.25580717,-0.829854197
2.494375,-0.25580717,-0.829854197
2.4946875,-0.25580717,-0.829057558
2.495,-0.25500988,-0.829057558
2.4953125,-0.25580717,-0.82746428
2.495625,-0.25580717,-0.826667641
2.4959375,-0.25660446,-0.825871002
2.49625,-0.25580717,-0.825074363
2.4965625,-0.25580717,-0.823481085
2.496875,-0.25580717,-0.822684446
2.4971875,-0.25580717,-0.821887807
2.4975,-0.25580717,-0.821091168
2.4978125,-0.25500988,-0.81949789
2.498125,-0.254212591,-0.818701251
2.4984375,-0.251820721,-0.813921416
2.49875,-0.249428852,-0.811531499
2.4990625,-0.248631562,-0.81073486
2.499375,-0.248631562,-0.809141582
2.4996875,-0.248631562,-0.807548304
2.5,-0.247834272,-0.805955026
2.5003125,-0.249428852,-0.805158387
2.500625,-0.250226141,-0.804361748
2.5009375,-0.251023431,-0.804361748
2.50125,-0.251023431,-0.804361748
2.5015625,-0.251820721,-0.804361748
2.501875,-0.252618011,-0.803565109
2.5021875,-0.253415301,-0.803565109
2.5025,-0.254212591,-0.803565109
2.5028125,-0.25580717,-0.804361748
2.503125,-0.25740175,-0.805158387
2.5034375,-0.25740175,-0.805158387
2.50375,-0.25740175,-0.803565109
2.5040625,-0.25819904,-0.803565109
2.504375,-0.259793619,-0.804361748
2.5046875,-0.258996329,-0.80276847
2.505,-0.259793619,-0.801971831
2.5053125,-0.260590909,-0.801175192
2.505625,-0.259793619,-0.800378553
2.5059375,-0.259793619,-0.799581913
2.50625,-0.259793619,-0.798785274
2.5065625,-0.260590909,-0.798785274
2.506875,-0.258996329,-0.797191996
2.5071875,-0.25819904,-0.796395357
2.5075,-0.25740175,-0.795598718
2.5078125,-0.260590909,-0.797191996
2.508125,-0.262982779,-0.797988635
2.5084375,-0.262982779,-0.797988635
2.50875,-0.262185489,-0.797191996
2.5090625,-0.261388199,-0.796395357
2.509375,-0.260590909,-0.79400544
2.5096875,-0.260590909,-0.792412162
2.51,-0.259793619,-0.790818884
2.5103125,-0.259793619,-0.789225606
2.510625,-0.25819904,-0.787632328
2.5109375,-0.25819904,-0.787632328
2.51125,-0.25740175,-0.78603905
2.5115625,-0.25740175,-0.785242411
2.511875,-0.25740175,-0.785242411
2.5121875,-0.25740175,-0.784445772
2.5125,-0.25819904,-0.783649133
2.5128125,-0.25740175,-0.782055855
2.513125,-0.25740175,-0.782055855
2.5134375,-0.25740175,-0.780462576
2.51375,-0.25660446,-0.779665937
2.5140625,-0.25740175,-0.778869298
2.514375,-0.25580717,-0.77727602
2.5146875,-0.25500988,-0.775682742
2.515,-0.252618011,-0.772496186
2.5153125,-0.248631562,-0.76930963
2.515625,-0.248631562,-0.767716352
2.5159375,-0.247036982,-0.767716352
2.51625,-0.247036982,-0.766919713
2.5165625,-0.247036982,-0.766123074
2.516875,-0.247834272,-0.765326435
2.5171875,-0.247834272,-0.765326435
2.5175,-0.247834272,-0.764529796
2.5178125,-0.248631562,-0.764529796
2.518125,-0.250226141,-0.763733156
2.5184375,-0.250226141,-0.763733156
2.51875,-0.251820721,-0.762936517
2.5190625,-0.251820721,-0.762936517
2.519375,-0.252618011,-0.762139878
2.5196875,-0.254212591,-0.762936517
2.52,-0.253415301,-0.762936517
2.5203125,-0.254212591,-0.762139878
2.520625,-0.25500988,-0.762139878
2.5209375,-0.25580717,-0.762139878
2.52125,-0.25660446,-0.761343239
2.5215625,-0.25580717,-0.761343239
2.521875,-0.25740175,-0.761343239
2.5221875,-0.25740175,-0.761343239
2.5225,-0.25580717,-0.7605466
2.5228125,-0.25660446,-0.758953322
2.523125,-0.25580717,-0.758156683
2.5234375,-0.25580717,-0.756563405
2.52375,-0.25500988,-0.755766766
2.5240625,-0.254212591,-0.754173488
2.524375,-0.25500988,-0.754173488
2.5246875,-0.25819904,-0.754970127
2.525,-0.25819904,-0.754970127
2.5253125,-0.258996329,-0.754173488
2.525625,-0.25819904,-0.753376849
2.5259375,-0.25740175,-0.75258021
2.52625,-0.25660446,-0.750986932
2.5265625,-0.25580717,-0.750190293
2.526875,-0.254212591,-0.748597015
2.5271875,-0.254212591,-0.747800376
2.5275,-0.252618011,-0.745410458
2.5278125,-0.252618011,-0.744613819
2.528125,-0.252618011,-0.74381718
2.5284375,-0.251820721,-0.743020541
2.52875,-0.251820721,-0.742223902
2.5290625,-0.251820721,-0.742223902
2.529375,-0.251820721,-0.740630624
2.5296875,-0.251820721,-0.739833985
2.53,-0.251820721,-0.739037346
2.5303125,-0.251023431,-0.739037346
2.530625,-0.250226141,-0.738240707
2.5309375,-0.249428852,-0.736647429
2.53125,-0.249428852,-0.73585079
2.5315625,-0.247834272,-0.733460873
2.531875,-0.243847823,-0.729477678
2.5321875,-0.243050533,-0.727884399
2.5325,-0.241455953,-0.725494482
2.5328125,-0.241455953,-0.723901204
2.533125,-0.240658664,-0.723104565
2.5334375,-0.239861374,-0.721511287
2.53375,-0.241455953,-0.721511287
2.5340625,-0.241455953,-0.721511287
2.534375,-0.241455953,-0.720714648
2.5346875,-0.243050533,-0.720714648
2.535,-0.243847823,-0.720714648
2.5353125,-0.243847823,-0.720714648
2.535625,-0.245442403,-0.719918009
2.5359375,-0.245442403,-0.71912137
2.53625,-0.246239692,-0.719918009
2.5365625,-0.247834272,-0.71912137
2.536875,-0.247834272,-0.718324731
2.5371875,-0.248631562,-0.718324731
2.5375,-0.248631562,-0.718324731
2.5378125,-0.250226141,-0.717528092
2.538125,-0.250226141,-0.716731453
2.5384375,-0.251023431,-0.716731453
2.53875,-0.251820721,-0.716731453
2.5390625,-0.250226141,-0.715138175
2.539375,-0.249428852,-0.715138175
2.5396875,-0.248631562,-0.713544897
2.54,-0.249428852,-0.711951619
2.5403125,-0.247834272,-0.71115498
2.540625,-0.247834272,-0.709561701
2.5409375,-0.247834272,-0.709561701
2.54125,-0.251023431,-0.71035834
2.5415625,-0.252618011,-0.71035834
2.541875,-0.252618011,-0.709561701
2.5421875,-0.252618011,-0.707968423
2.5425,-0.251820721,-0.707171784
2.5428125,-0.251820721,-0.706375145
2.543125,-0.250226141,-0.705578506
2.5434375,-0.249428852,-0.703188589
2.54375,-0.248631562,-0.70239195
2.5440625,-0.247834272,-0.701595311
2.544375,-0.247036982,-0.700002033
2.5446875,-0.247036982,-0.699205394
2.545,-0.246239692,-0.697612116
2.5453125,-0.247036982,-0.696815477
2.545625,-0.247036982,-0.696018838
2.5459375,-0.246239692,-0.695222199
2.54625,-0.247036982,-0.69442556
2.5465625,-0.246239692,-0.692832282
2.546875,-0.246239692,-0.692035642
2.5471875,-0.245442403,-0.691239003
2.5475,-0.244645113,-0.689645725
2.5478125,-0.243050533,-0.688052447
2.548125,-0.243050533,-0.687255808
2.5484375,-0.238266794,-0.684069252
2.54875,-0.236672215,-0.682475974
2.5490625,-0.235077635,-0.680086057
2.549375,-0.235077635,-0.679289418
2.5496875,-0.235077635,-0.678492779
2.55,-0.233483055,-0.676899501
2.5503125,-0.233483055,-0.676102862
2.550625,-0.234280345,-0.676102862
2.5509375,-0.235077635,-0.675306223
2.55125,-0.235077635,-0.675306223
2.5515625,-0.236672215,-0.675306223
2.551875,-0.236672215,-0.674509583
2.5521875,-0.237469504,-0.674509583
2.5525,-0.237469504,-0.672916305
2.5528125,-0.238266794,-0.672916305
2.553125,-0.239861374,-0.673712944
2.5534375,-0.239861374,-0.673712944
2.55375,-0.239861374,-0.672119666
2.5540625,-0.240658664,-0.672916305
2.554375,-0.242253243,-0.672119666
2.5546875,-0.242253243,-0.672916305
2.555,-0.242253243,-0.671323027
2.5553125,-0.243050533,-0.671323027
2.555625,-0.242253243,-0.670526388
2.5559375,-0.241455953,-0.66893311
2.55625,-0.240658664,-0.668136471
2.5565625,-0.240658664,-0.667339832
2.556875,-0.239861374,-0.664949915
2.5571875,-0.239064084,-0.664153276
2.5575,-0.238266794,-0.663356637
2.5578125,-0.240658664,-0.664153276
2.558125,-0.243050533,-0.664949915
2.5584375,-0.243050533,-0.664949915
2.55875,-0.242253243,-0.664153276
2.5590625,-0.242253243,-0.663356637
2.559375,-0.241455953,-0.661763359
2.5596875,-0.240658664,-0.66096672
