Time (s),Channel 1 (V),Channel 2 (V)
-2.56,0.020852396,-0.059504241
-2.5596875,0.019257817,-0.067470631
-2.559375,0.019257817,-0.074640383
-2.5590625,0.021649686,-0.065877353
-2.55875,0.021649686,-0.053927768
-2.5584375,0.021649686,-0.04357146
-2.558125,0.022446976,-0.036401709
-2.5578125,0.027230715,-0.01887565
-2.5575,0.031217164,-0.00214623
-2.5571875,0.030419874,0.002633605
-2.556875,0.016865947,-0.041978182
-2.5565625,0.014474078,-0.080216856
-2.55625,0.016068657,-0.086589969
-2.5559375,0.016865947,-0.082606773
-2.555625,0.018460527,-0.069860549
-2.5553125,0.020055106,-0.058707602
-2.555,0.022446976,-0.037198348
-2.5546875,0.024838845,-0.01887565
-2.554375,0.028825294,-0.003739508
-2.5540625,0.032811743,0.010599995
-2.55375,0.035203613,0.021752942
-2.5534375,0.035203613,0.027329415
-2.553125,0.035203613,0.029719332
-2.5528125,0.036000903,0.032109249
-2.5525,0.036798193,0.032905888
-2.5521875,0.036798193,0.032905888
-2.551875,0.036798193,0.032905888
-2.5515625,0.036798193,0.032905888
-2.55125,0.036798193,0.032905888
-2.5509375,0.036798193,0.032905888
-2.550625,0.039190062,0.045652113
-2.5503125,0.041581931,0.063178172
-2.55,0.042379221,0.077517675
-2.5496875,0.051149409,0.142842076
-2.549375,0.053541279,0.192233697
-2.5490625,0.051946699,0.219319425
-2.54875,0.051149409,0.224895898
-2.5484375,0.051946699,0.228082454
-2.548125,0.051149409,0.229675732
-2.5478125,0.04955483,0.213742951
-2.5475,0.050352119,0.195420253
-2.5471875,0.04875754,0.169927804
-2.546875,0.04636567,0.147621911
-2.5465625,0.043176511,0.118146266
-2.54625,0.042379221,0.094247095
-2.5459375,0.040784642,0.074331119
-2.545625,0.039987352,0.05680506
-2.5453125,0.036798193,0.034499166
-2.545,0.031217164,0.005023522
-2.5446875,0.028028005,-0.007722703
-2.544375,0.026433425,-0.016485733
-2.5440625,0.022446976,-0.032418513
-2.54375,0.020852396,-0.046758016
-2.5434375,0.020852396,-0.057910963
-2.543125,0.020055106,-0.064284075
-2.5428125,0.018460527,-0.074640383
-2.5425,0.020055106,-0.06906391
-2.5421875,0.020852396,-0.057114324
-2.541875,0.021649686,-0.046758016
-2.5415625,0.022446976,-0.038791626
-2.54125,0.024838845,-0.02684204
-2.5409375,0.030419874,-0.006129425
-2.540625,0.032014454,0.005820161
-2.5403125,0.020852396,-0.023655484
-2.54,0.014474078,-0.071453827
-2.5396875,0.015271367,-0.086589969
-2.539375,0.016068657,-0.084200051
-2.5390625,0.018460527,-0.074640383
-2.53875,0.019257817,-0.062690797
-2.5384375,0.021649686,-0.04357146
-2.538125,0.024041555,-0.025248762
-2.5378125,0.028028005,-0.009315981
-2.5375,0.031217164,0.005820161
-2.5371875,0.034406323,0.018566385
-2.536875,0.035203613,0.026532776
-2.5365625,0.036000903,0.028922693
-2.53625,0.036798193,0.032109249
-2.5359375,0.036798193,0.032905888
-2.535625,0.036000903,0.033702527
-2.5353125,0.036798193,0.033702527
-2.535,0.036798193,0.033702527
-2.5346875,0.036000903,0.032905888
-2.534375,0.036000903,0.032905888
-2.5340625,0.038392772,0.039279001
-2.53375,0.039987352,0.058398338
-2.5334375,0.039987352,0.070347923
-2.533125,0.04796025,0.115756349
-2.5328125,0.053541279,0.177894194
-2.5325,0.051946699,0.210556395
-2.5321875,0.051149409,0.224099259
-2.531875,0.050352119,0.224099259
-2.5315625,0.051946699,0.230472371
-2.53125,0.04955483,0.219319425
-2.5309375,0.04955483,0.198606809
-2.530625,0.04955483,0.181080751
-2.5303125,0.04636567,0.155588301
-2.53,0.043973801,0.126112656
-2.5296875,0.042379221,0.102213485
-2.529375,0.041581931,0.080704231
-2.5290625,0.039987352,0.063178172
-2.52875,0.038392772,0.043262196
-2.5284375,0.032811743,0.012989912
-2.528125,0.029622584,-0.004536147
-2.5278125,0.027230715,-0.012502537
-2.5275,0.024041555,-0.025248762
-2.5271875,0.020852396,-0.04357146
-2.526875,0.020852396,-0.053927768
-2.5265625,0.019257817,-0.061894158
-2.52625,0.017663237,-0.071453827
-2.5259375,0.018460527,-0.073047105
-2.525625,0.020852396,-0.061894158
-2.5253125,0.021649686,-0.050741211
-2.525,0.021649686,-0.041181543
-2.5246875,0.022446976,-0.033215153
-2.524375,0.028028005,-0.011705898
-2.5240625,0.031217164,0.001836965
-2.52375,0.024838845,-0.008519342
-2.5234375,0.015271367,-0.058707602
-2.523125,0.014474078,-0.085793329
-2.5228125,0.016068657,-0.085793329
-2.5225,0.016068657,-0.081013495
-2.5221875,0.017663237,-0.06826727
-2.521875,0.019257817,-0.053131129
-2.5215625,0.022446976,-0.031621874
-2.52125,0.025636135,-0.014095815
-2.5209375,0.030419874,0.001040326
-2.520625,0.033609033,0.013786551
-2.5203125,0.035203613,0.02334622
-2.52,0.035203613,0.027329415
-2.5196875,0.035203613,0.030515971
-2.519375,0.036000903,0.032109249
-2.5190625,0.035203613,0.033702527
-2.51875,0.036000903,0.032905888
-2.5184375,0.036000903,0.032905888
-2.518125,0.036000903,0.033702527
-2.5178125,0.036000903,0.032905888
-2.5175,0.036000903,0.034499166
-2.5171875,0.039987352,0.052025225
-2.516875,0.039987352,0.066364728
-2.5165625,0.043973801,0.091857178
-2.51625,0.051946699,0.160368135
-2.5159375,0.052743989,0.200996727
-2.515625,0.051946699,0.220912703
-2.5153125,0.051149409,0.22330262
-2.515,0.052743989,0.229675732
-2.5146875,0.04955483,0.224895898
-2.514375,0.04955483,0.2065732
-2.5140625,0.050352119,0.186657224
-2.51375,0.04796025,0.164351331
-2.5134375,0.044771091,0.135672325
-2.513125,0.042379221,0.110179876
-2.5128125,0.042379221,0.087077343
-2.5125,0.041581931,0.067958006
-2.5121875,0.039190062,0.050431947
-2.511875,0.036000903,0.024142859
-2.5115625,0.029622584,-0.001349591
-2.51125,0.027230715,-0.010909259
-2.5109375,0.025636135,-0.020468928
-2.510625,0.021649686,-0.037994987
-2.5103125,0.021649686,-0.050741211
-2.51,0.019257817,-0.06030088
-2.5096875,0.018460527,-0.067470631
-2.509375,0.017663237,-0.075437022
-2.5090625,0.019257817,-0.065877353
-2.50875,0.020852396,-0.054724407
-2.5084375,0.020852396,-0.045164738
-2.508125,0.021649686,-0.037198348
-2.5078125,0.026433425,-0.020468928
-2.5075,0.029622584,-0.002942869
-2.5071875,0.029622584,0.002633605
-2.506875,0.016865947,-0.042774821
-2.5065625,0.014474078,-0.081013495
-2.50625,0.014474078,-0.087386608
-2.5059375,0.015271367,-0.082606773
-2.505625,0.016865947,-0.072250466
-2.5053125,0.019257817,-0.058707602
-2.505,0.021649686,-0.038791626
-2.5046875,0.024041555,-0.021265567
-2.504375,0.028028005,-0.003739508
-2.5040625,0.032811743,0.010599995
-2.50375,0.034406323,0.021752942
-2.5034375,0.035203613,0.026532776
-2.503125,0.035203613,0.030515971
-2.5028125,0.035203613,0.03131261
-2.5025,0.035203613,0.032905888
-2.5021875,0.035203613,0.032905888
-2.501875,0.036000903,0.032905888
-2.5015625,0.035203613,0.032109249
-2.50125,0.035203613,0.032109249
-2.5009375,0.035203613,0.03131261
-2.500625,0.038392772,0.044855474
-2.5003125,0.039987352,0.062381533
-2.5,0.041581931,0.075924397
-2.4996875,0.04955483,0.13965552
-2.499375,0.051946699,0.189047141
-2.4990625,0.051149409,0.216132868
-2.49875,0.050352119,0.224099259
-2.4984375,0.051149409,0.226489176
-2.498125,0.051149409,0.228879093
-2.4978125,0.04955483,0.213742951
-2.4975,0.04875754,0.194623614
-2.4971875,0.04796025,0.171521082
-2.496875,0.045568381,0.147621911
-2.4965625,0.043176511,0.118146266
-2.49625,0.042379221,0.095840373
-2.4959375,0.041581931,0.073534479
-2.495625,0.039190062,0.05680506
-2.4953125,0.036798193,0.034499166
-2.495,0.030419874,0.004226883
-2.4946875,0.027230715,-0.007722703
-2.494375,0.025636135,-0.016485733
-2.4940625,0.021649686,-0.032418513
-2.49375,0.019257817,-0.046758016
-2.4934375,0.019257817,-0.057910963
-2.493125,0.018460527,-0.064284075
-2.4928125,0.017663237,-0.074640383
-2.4925,0.019257817,-0.070657188
-2.4921875,0.020055106,-0.058707602
-2.491875,0.020055106,-0.048351294
-2.4915625,0.020852396,-0.039588265
-2.49125,0.023244266,-0.028435318
-2.4909375,0.028028005,-0.007722703
-2.490625,0.031217164,0.004226883
-2.4903125,0.020852396,-0.022858845
-2.49,0.013676788,-0.071453827
-2.4896875,0.014474078,-0.088183247
-2.489375,0.015271367,-0.085793329
-2.4890625,0.016865947,-0.076233661
-2.48875,0.018460527,-0.065080714
-2.4884375,0.020055106,-0.045961377
-2.488125,0.022446976,-0.027638679
-2.4878125,0.025636135,-0.01011262
-2.4875,0.030419874,0.005023522
-2.4871875,0.034406323,0.017769746
-2.486875,0.035203613,0.024142859
-2.4865625,0.035203613,0.028126054
-2.48625,0.036000903,0.030515971
-2.4859375,0.036000903,0.032109249
-2.485625,0.035203613,0.032109249
-2.4853125,0.036000903,0.032905888
-2.485,0.036000903,0.032905888
-2.4846875,0.036000903,0.032109249
-2.484375,0.035203613,0.03131261
-2.4840625,0.036798193,0.038482362
-2.48375,0.039190062,0.057601699
-2.4834375,0.039987352,0.069551284
-2.483125,0.04716296,0.113366432
-2.4828125,0.051946699,0.176300916
-2.4825,0.051149409,0.208963117
-2.4821875,0.051149409,0.224099259
-2.481875,0.04955483,0.224099259
-2.4815625,0.051946699,0.230472371
-2.48125,0.04875754,0.219319425
-2.4809375,0.04955483,0.201793366
-2.480625,0.04875754,0.177894194
-2.4803125,0.04716296,0.157181579
-2.48,0.043973801,0.126909295
-2.4796875,0.042379221,0.103010124
-2.479375,0.041581931,0.080704231
-2.4790625,0.040784642,0.062381533
-2.47875,0.039190062,0.044058835
-2.4784375,0.032811743,0.013786551
-2.478125,0.028825294,-0.004536147
-2.4778125,0.027230715,-0.012502537
-2.4775,0.023244266,-0.026045401
-2.4771875,0.020852396,-0.041978182
-2.476875,0.020055106,-0.053927768
-2.4765625,0.019257817,-0.061894158
-2.47625,0.017663237,-0.071453827
-2.4759375,0.019257817,-0.073843744
-2.475625,0.020852396,-0.061894158
-2.4753125,0.020852396,-0.050741211
-2.475,0.021649686,-0.041181543
-2.4746875,0.023244266,-0.034011792
-2.474375,0.028028005,-0.011705898
-2.4740625,0.031217164,0.002633605
-2.47375,0.025636135,-0.006129425
-2.4734375,0.015271367,-0.056317685
-2.473125,0.014474078,-0.08499669
-2.4728125,0.015271367,-0.085793329
-2.4725,0.016865947,-0.081013495
-2.4721875,0.018460527,-0.066673992
-2.471875,0.020055106,-0.053927768
-2.4715625,0.022446976,-0.032418513
-2.47125,0.024838845,-0.015689094
-2.4709375,0.029622584,0.000243687
-2.470625,0.032811743,0.012989912
-2.4703125,0.035203613,0.02334622
-2.47,0.035203613,0.028126054
-2.4696875,0.035203613,0.03131261
-2.469375,0.035203613,0.032109249
-2.4690625,0.036000903,0.032905888
-2.46875,0.036000903,0.032905888
-2.4684375,0.036798193,0.032905888
-2.468125,0.036000903,0.032905888
-2.4678125,0.035203613,0.032109249
-2.4675,0.036798193,0.034499166
-2.4671875,0.039190062,0.051228586
-2.466875,0.039987352,0.067161367
-2.4665625,0.043973801,0.091060538
-2.46625,0.051946699,0.157978218
-2.4659375,0.052743989,0.200200088
-2.465625,0.051946699,0.221709342
-2.4653125,0.050352119,0.224099259
-2.465,0.052743989,0.230472371
-2.4646875,0.050352119,0.224895898
-2.464375,0.050352119,0.208963117
-2.4640625,0.04955483,0.187453863
-2.46375,0.04796025,0.165944609
-2.4634375,0.044771091,0.138062242
-2.463125,0.043176511,0.110976515
-2.4628125,0.042379221,0.088670621
-2.4625,0.040784642,0.068754645
-2.4621875,0.039987352,0.052821864
-2.461875,0.035203613,0.024939498
-2.4615625,0.030419874,0.000243687
-2.46125,0.028028005,-0.009315981
-2.4609375,0.024838845,-0.020468928
-2.460625,0.021649686,-0.037198348
-2.4603125,0.020852396,-0.049944572
-2.46,0.020055106,-0.06030088
-2.4596875,0.020055106,-0.065877353
-2.459375,0.018460527,-0.075437022
-2.4590625,0.020055106,-0.065877353
-2.45875,0.020852396,-0.053927768
-2.4584375,0.021649686,-0.04357146
-2.458125,0.020852396,-0.037198348
-2.4578125,0.025636135,-0.020468928
-2.4575,0.030419874,-0.00214623
-2.4571875,0.031217164,0.003430244
-2.456875,0.016865947,-0.039588265
-2.4565625,0.014474078,-0.080216856
-2.45625,0.015271367,-0.086589969
-2.4559375,0.016068657,-0.082606773
-2.455625,0.018460527,-0.070657188
-2.4553125,0.019257817,-0.06030088
-2.455,0.020852396,-0.037994987
-2.4546875,0.023244266,-0.020468928
-2.454375,0.027230715,-0.004536147
-2.4540625,0.031217164,0.009006717
-2.45375,0.034406323,0.021752942
-2.4534375,0.034406323,0.027329415
-2.453125,0.035203613,0.030515971
-2.4528125,0.035203613,0.032109249
-2.4525,0.035203613,0.033702527
-2.4521875,0.036000903,0.033702527
-2.451875,0.036000903,0.032905888
-2.4515625,0.036000903,0.033702527
-2.45125,0.036000903,0.032905888
-2.4509375,0.036000903,0.032905888
-2.450625,0.038392772,0.045652113
-2.4503125,0.039987352,0.062381533
-2.45,0.041581931,0.075924397
-2.4496875,0.04955483,0.137265603
-2.449375,0.052743989,0.189047141
-2.4490625,0.050352119,0.216132868
-2.44875,0.050352119,0.224895898
-2.4484375,0.051946699,0.225692537
-2.448125,0.051149409,0.228082454
-2.4478125,0.04875754,0.213742951
-2.4475,0.04955483,0.195420253
-2.4471875,0.04796025,0.169927804
-2.446875,0.045568381,0.14841855
-2.4465625,0.042379221,0.119739544
-2.44625,0.042379221,0.095840373
-2.4459375,0.041581931,0.075127758
-2.445625,0.039987352,0.057601699
-2.4453125,0.037595482,0.036092444
-2.445,0.031217164,0.005820161
-2.4446875,0.028825294,-0.007722703
-2.444375,0.026433425,-0.016485733
-2.4440625,0.022446976,-0.032418513
-2.44375,0.020852396,-0.046758016
-2.4434375,0.019257817,-0.057114324
-2.443125,0.020055106,-0.063487436
-2.4428125,0.017663237,-0.074640383
-2.4425,0.019257817,-0.070657188
-2.4421875,0.021649686,-0.057910963
-2.441875,0.021649686,-0.048351294
-2.4415625,0.021649686,-0.038791626
-2.44125,0.024041555,-0.027638679
-2.4409375,0.028028005,-0.007722703
-2.440625,0.031217164,0.005023522
-2.4403125,0.020055106,-0.021265567
-2.44,0.014474078,-0.070657188
-2.4396875,0.015271367,-0.087386608
-2.439375,0.016068657,-0.08499669
-2.4390625,0.016865947,-0.076233661
-2.43875,0.018460527,-0.065080714
-2.4384375,0.020852396,-0.045961377
-2.438125,0.022446976,-0.026045401
-2.4378125,0.025636135,-0.010909259
-2.4375,0.031217164,0.005023522
-2.4371875,0.033609033,0.017769746
-2.436875,0.034406323,0.024939498
-2.4365625,0.035203613,0.028922693
-2.43625,0.036000903,0.03131261
-2.4359375,0.036000903,0.032905888
-2.435625,0.036000903,0.033702527
-2.4353125,0.036000903,0.033702527
-2.435,0.035203613,0.033702527
-2.4346875,0.036000903,0.032905888
-2.434375,0.035203613,0.032109249
-2.4340625,0.037595482,0.038482362
-2.43375,0.039190062,0.05680506
-2.4334375,0.040784642,0.070347923
-2.433125,0.04796025,0.111773154
-2.4328125,0.052743989,0.174707638
-2.4325,0.051946699,0.208963117
-2.4321875,0.051149409,0.224895898
-2.431875,0.051149409,0.224895898
-2.4315625,0.051946699,0.23126901
-2.43125,0.04955483,0.219319425
-2.4309375,0.04955483,0.204183283
-2.430625,0.04875754,0.179487472
-2.4303125,0.04716296,0.158774857
-2.43,0.043973801,0.128502574
-2.4296875,0.042379221,0.103806763
-2.429375,0.042379221,0.082297509
-2.4290625,0.040784642,0.063974811
-2.42875,0.038392772,0.045652113
-2.4284375,0.032811743,0.01458319
-2.428125,0.028825294,-0.005332786
-2.4278125,0.027230715,-0.012502537
-2.4275,0.024041555,-0.025248762
-2.4271875,0.021649686,-0.041978182
-2.426875,0.020055106,-0.053927768
-2.4265625,0.020055106,-0.062690797
-2.42625,0.019257817,-0.070657188
-2.4259375,0.018460527,-0.073843744
-2.425625,0.020852396,-0.062690797
-2.4253125,0.021649686,-0.050741211
-2.425,0.021649686,-0.041978182
-2.4246875,0.023244266,-0.034011792
-2.424375,0.028028005,-0.013299176
-2.4240625,0.032014454,0.001836965
-2.42375,0.026433425,-0.005332786
-2.4234375,0.015271367,-0.055521046
-2.423125,0.014474078,-0.08499669
-2.4228125,0.016068657,-0.085793329
-2.4225,0.016865947,-0.079420217
-2.4221875,0.017663237,-0.06906391
-2.421875,0.020055106,-0.054724407
-2.4215625,0.021649686,-0.032418513
-2.42125,0.025636135,-0.015689094
-2.4209375,0.029622584,0.000243687
-2.420625,0.032811743,0.012989912
-2.4203125,0.035203613,0.024939498
-2.42,0.036000903,0.028922693
-2.4196875,0.035203613,0.030515971
-2.419375,0.035203613,0.032109249
-2.4190625,0.035203613,0.032905888
-2.41875,0.035203613,0.033702527
-2.4184375,0.034406323,0.032905888
-2.418125,0.034406323,0.032905888
-2.4178125,0.035203613,0.032905888
-2.4175,0.036000903,0.033702527
-2.4171875,0.038392772,0.051228586
-2.416875,0.039190062,0.066364728
-2.4165625,0.043176511,0.08946726
-2.41625,0.050352119,0.15638494
-2.4159375,0.051946699,0.200200088
-2.415625,0.051149409,0.221709342
-2.4153125,0.04955483,0.224895898
-2.415,0.051149409,0.229675732
-2.4146875,0.04955483,0.225692537
-2.414375,0.04875754,0.2065732
-2.4140625,0.04955483,0.188250502
-2.41375,0.04716296,0.166741248
-2.4134375,0.043973801,0.138062242
-2.413125,0.041581931,0.110976515
-2.4128125,0.042379221,0.08946726
-2.4125,0.039987352,0.069551284
-2.4121875,0.039190062,0.052821864
-2.411875,0.035203613,0.024939498
-2.4115625,0.029622584,0.000243687
-2.41125,0.027230715,-0.01011262
-2.4109375,0.024838845,-0.019672289
-2.410625,0.021649686,-0.037198348
-2.4103125,0.020055106,-0.049944572
-2.41,0.018460527,-0.061097519
-2.4096875,0.018460527,-0.067470631
-2.409375,0.017663237,-0.075437022
-2.4090625,0.020055106,-0.066673992
-2.40875,0.020852396,-0.054724407
-2.4084375,0.021649686,-0.044368099
-2.408125,0.021649686,-0.037994987
-2.4078125,0.025636135,-0.020468928
-2.4075,0.029622584,-0.00214623
-2.4071875,0.029622584,0.003430244
-2.406875,0.016865947,-0.037994987
-2.4065625,0.013676788,-0.079420217
-2.40625,0.015271367,-0.086589969
-2.4059375,0.016068657,-0.081810134
-2.405625,0.016865947,-0.073843744
-2.4053125,0.019257817,-0.06030088
-2.405,0.020852396,-0.038791626
-2.4046875,0.024041555,-0.020468928
-2.404375,0.027230715,-0.005332786
-2.4040625,0.032014454,0.009803356
-2.40375,0.034406323,0.020956303
-2.4034375,0.035203613,0.027329415
-2.403125,0.035203613,0.029719332
-2.4028125,0.035203613,0.032109249
-2.4025,0.035203613,0.033702527
-2.4021875,0.035203613,0.033702527
-2.401875,0.035203613,0.032905888
-2.4015625,0.036000903,0.033702527
-2.40125,0.035203613,0.032905888
-2.4009375,0.036000903,0.032905888
-2.400625,0.038392772,0.044855474
-2.4003125,0.039987352,0.062381533
-2.4,0.041581931,0.075127758
-2.3996875,0.04955483,0.134875686
-2.399375,0.052743989,0.187453863
-2.3990625,0.051149409,0.216929508
-2.39875,0.051149409,0.224895898
-2.3984375,0.051946699,0.226489176
-2.398125,0.051149409,0.228082454
-2.3978125,0.04875754,0.213742951
-2.3975,0.04955483,0.195420253
-2.3971875,0.04875754,0.17311436
-2.396875,0.045568381,0.149215189
-2.3965625,0.043176511,0.119739544
-2.39625,0.042379221,0.095840373
-2.3959375,0.040784642,0.075127758
-2.395625,0.039987352,0.058398338
-2.3953125,0.038392772,0.036092444
-2.395,0.032014454,0.0066168
-2.3946875,0.028825294,-0.007722703
-2.394375,0.026433425,-0.016485733
-2.3940625,0.023244266,-0.030825235
-2.39375,0.021649686,-0.045961377
-2.3934375,0.020055106,-0.057114324
-2.393125,0.020852396,-0.064284075
-2.3928125,0.018460527,-0.073843744
-2.3925,0.020055106,-0.070657188
-2.3921875,0.020852396,-0.058707602
-2.391875,0.021649686,-0.048351294
-2.3915625,0.022446976,-0.039588265
-2.39125,0.024041555,-0.029231957
-2.3909375,0.029622584,-0.007722703
-2.390625,0.032014454,0.004226883
-2.3903125,0.022446976,-0.019672289
-2.39,0.015271367,-0.06906391
-2.3896875,0.015271367,-0.086589969
-2.389375,0.016068657,-0.08499669
-2.3890625,0.016865947,-0.075437022
-2.38875,0.017663237,-0.065877353
-2.3884375,0.020852396,-0.046758016
-2.388125,0.023244266,-0.027638679
-2.3878125,0.025636135,-0.011705898
-2.3875,0.031217164,0.004226883
-2.3871875,0.033609033,0.016973107
-2.386875,0.034406323,0.025736137
-2.3865625,0.035203613,0.028922693
-2.38625,0.036000903,0.032109249
-2.3859375,0.035203613,0.033702527
-2.385625,0.035203613,0.033702527
-2.3853125,0.035203613,0.033702527
-2.385,0.036000903,0.033702527
-2.3846875,0.036000903,0.033702527
-2.384375,0.036000903,0.032905888
-2.3840625,0.037595482,0.037685722
-2.38375,0.039190062,0.05680506
-2.3834375,0.039987352,0.069551284
-2.383125,0.04636567,0.110179876
-2.3828125,0.052743989,0.173910999
-2.3825,0.051149409,0.208166478
-2.3821875,0.051149409,0.224895898
-2.381875,0.050352119,0.224895898
-2.3815625,0.051946699,0.230472371
-2.38125,0.04955483,0.220116064
-2.3809375,0.04955483,0.203386644
-2.380625,0.04955483,0.180284111
-2.3803125,0.04716296,0.160368135
-2.38,0.043176511,0.130095852
-2.3796875,0.041581931,0.104603402
-2.379375,0.041581931,0.083094148
-2.3790625,0.039987352,0.06477145
-2.37875,0.038392772,0.046448752
-2.3784375,0.032811743,0.016176468
-2.378125,0.028825294,-0.003739508
-2.3778125,0.027230715,-0.011705898
-2.3775,0.023244266,-0.024452123
-2.3771875,0.020852396,-0.041978182
-2.376875,0.020055106,-0.05233449
-2.3765625,0.020852396,-0.061894158
-2.37625,0.019257817,-0.069860549
-2.3759375,0.019257817,-0.073047105
-2.375625,0.021649686,-0.061894158
-2.3753125,0.021649686,-0.051537851
-2.375,0.021649686,-0.041181543
-2.3746875,0.022446976,-0.034011792
-2.374375,0.028028005,-0.012502537
-2.3740625,0.031217164,0.001836965
-2.37375,0.027230715,-0.003739508
-2.3734375,0.016068657,-0.053927768
-2.373125,0.014474078,-0.084200051
-2.3728125,0.016068657,-0.085793329
-2.3725,0.016865947,-0.081013495
-2.3721875,0.019257817,-0.067470631
-2.371875,0.020852396,-0.054724407
-2.3715625,0.023244266,-0.032418513
-2.37125,0.026433425,-0.015689094
-2.3709375,0.030419874,-0.000552952
-2.370625,0.033609033,0.012193273
-2.3703125,0.034406323,0.02334622
-2.37,0.035203613,0.028126054
-2.3696875,0.036000903,0.029719332
-2.369375,0.036798193,0.032109249
-2.3690625,0.036000903,0.032905888
-2.36875,0.036000903,0.032905888
-2.3684375,0.036798193,0.033702527
-2.368125,0.036000903,0.032905888
-2.3678125,0.036000903,0.032109249
-2.3675,0.036798193,0.033702527
-2.3671875,0.039987352,0.050431947
-2.366875,0.040784642,0.066364728
-2.3665625,0.043973801,0.087077343
-2.36625,0.052743989,0.15638494
-2.3659375,0.053541279,0.198606809
-2.365625,0.051946699,0.220116064
-2.3653125,0.051149409,0.22330262
-2.365,0.052743989,0.228082454
-2.3646875,0.051149409,0.225692537
-2.364375,0.04955483,0.208963117
-2.3640625,0.050352119,0.18984378
-2.36375,0.04796025,0.164351331
-2.3634375,0.045568381,0.140452159
-2.363125,0.043176511,0.112569793
-2.3628125,0.043176511,0.08946726
-2.3625,0.040784642,0.069551284
-2.3621875,0.039987352,0.052821864
-2.361875,0.036000903,0.027329415
-2.3615625,0.030419874,0.001040326
-2.36125,0.028028005,-0.01011262
-2.3609375,0.024838845,-0.019672289
-2.360625,0.021649686,-0.036401709
-2.3603125,0.020055106,-0.049944572
-2.36,0.020055106,-0.059504241
-2.3596875,0.019257817,-0.065877353
-2.359375,0.018460527,-0.075437022
-2.3590625,0.020055106,-0.066673992
-2.35875,0.020852396,-0.054724407
-2.3584375,0.021649686,-0.045164738
-2.358125,0.022446976,-0.037994987
-2.3578125,0.025636135,-0.021265567
-2.3575,0.029622584,-0.002942869
-2.3571875,0.030419874,0.004226883
-2.356875,0.018460527,-0.037198348
-2.3565625,0.014474078,-0.079420217
-2.35625,0.015271367,-0.088183247
-2.3559375,0.016068657,-0.084200051
-2.355625,0.018460527,-0.073047105
-2.3553125,0.019257817,-0.061097519
-2.355,0.021649686,-0.040384904
-2.3546875,0.024041555,-0.022062206
-2.354375,0.027230715,-0.006926064
-2.3540625,0.031217164,0.008210078
-2.35375,0.034406323,0.019363024
-2.3534375,0.035203613,0.026532776
-2.353125,0.035203613,0.028922693
-2.3528125,0.036000903,0.032109249
-2.3525,0.036000903,0.033702527
-2.3521875,0.035203613,0.032905888
-2.351875,0.036000903,0.033702527
-2.3515625,0.036000903,0.033702527
-2.35125,0.036000903,0.032905888
-2.3509375,0.035203613,0.032905888
-2.350625,0.038392772,0.043262196
-2.3503125,0.039987352,0.061584894
-2.35,0.040784642,0.074331119
-2.3496875,0.04875754,0.133282408
-2.349375,0.052743989,0.187453863
-2.3490625,0.051149409,0.215336229
-2.34875,0.050352119,0.224895898
-2.3484375,0.051149409,0.225692537
-2.348125,0.051149409,0.228879093
-2.3478125,0.04955483,0.215336229
-2.3475,0.050352119,0.19781017
-2.3471875,0.04796025,0.171521082
-2.346875,0.04716296,0.150011828
-2.3465625,0.043176511,0.120536183
-2.34625,0.042379221,0.097433651
-2.3459375,0.041581931,0.075924397
-2.345625,0.040784642,0.058398338
-2.3453125,0.038392772,0.036889083
-2.345,0.032014454,0.007413439
-2.3446875,0.028825294,-0.006926064
-2.344375,0.026433425,-0.015689094
-2.3440625,0.022446976,-0.030028596
-2.34375,0.020852396,-0.045961377
-2.3434375,0.020055106,-0.057114324
-2.343125,0.020055106,-0.063487436
-2.3428125,0.017663237,-0.074640383
-2.3425,0.019257817,-0.071453827
-2.3421875,0.021649686,-0.059504241
-2.341875,0.021649686,-0.049147933
-2.3415625,0.021649686,-0.040384904
-2.34125,0.024041555,-0.030028596
-2.3409375,0.028825294,-0.009315981
-2.340625,0.031217164,0.004226883
-2.3403125,0.021649686,-0.01887565
-2.34,0.014474078,-0.06826727
-2.3396875,0.015271367,-0.086589969
-2.339375,0.016068657,-0.08499669
-2.3390625,0.017663237,-0.078623578
-2.33875,0.018460527,-0.064284075
-2.3384375,0.020852396,-0.048351294
-2.338125,0.023244266,-0.027638679
-2.3378125,0.027230715,-0.011705898
-2.3375,0.031217164,0.004226883
-2.3371875,0.034406323,0.016973107
-2.336875,0.035203613,0.024939498
-2.3365625,0.036000903,0.028922693
-2.33625,0.036000903,0.03131261
-2.3359375,0.035203613,0.032905888
-2.335625,0.036000903,0.033702527
-2.3353125,0.036798193,0.034499166
-2.335,0.036000903,0.033702527
-2.3346875,0.035203613,0.033702527
-2.334375,0.036000903,0.032109249
-2.3340625,0.037595482,0.037685722
-2.33375,0.039987352,0.05680506
-2.3334375,0.040784642,0.069551284
-2.333125,0.04716296,0.107789958
-2.3328125,0.052743989,0.172317721
-2.3325,0.051946699,0.207369839
-2.3321875,0.051149409,0.224895898
-2.331875,0.050352119,0.224099259
-2.3315625,0.052743989,0.230472371
-2.33125,0.04955483,0.220116064
-2.3309375,0.050352119,0.203386644
-2.330625,0.050352119,0.181080751
-2.3303125,0.04716296,0.157978218
-2.33,0.044771091,0.130095852
-2.3296875,0.043176511,0.104603402
-2.329375,0.042379221,0.083094148
-2.3290625,0.040784642,0.06477145
-2.32875,0.039190062,0.046448752
-2.3284375,0.034406323,0.016973107
-2.328125,0.028825294,-0.003739508
-2.3278125,0.027230715,-0.012502537
-2.3275,0.024041555,-0.025248762
-2.3271875,0.020852396,-0.041978182
-2.326875,0.020055106,-0.053131129
-2.3265625,0.020055106,-0.061894158
-2.32625,0.018460527,-0.070657188
-2.3259375,0.018460527,-0.075437022
-2.325625,0.020852396,-0.063487436
-2.3253125,0.021649686,-0.05233449
-2.325,0.022446976,-0.041978182
-2.3246875,0.023244266,-0.03560507
-2.324375,0.028028005,-0.014892454
-2.3240625,0.032014454,0.001040326
-2.32375,0.028028005,-0.002942869
-2.3234375,0.016068657,-0.05233449
-2.323125,0.015271367,-0.084200051
-2.3228125,0.016865947,-0.086589969
-2.3225,0.016865947,-0.081810134
-2.3221875,0.019257817,-0.067470631
-2.321875,0.020055106,-0.054724407
-2.3215625,0.022446976,-0.034011792
-2.32125,0.024838845,-0.016485733
-2.3209375,0.029622584,0.000243687
-2.320625,0.034406323,0.012989912
-2.3203125,0.035203613,0.024142859
-2.32,0.036000903,0.028922693
-2.3196875,0.036000903,0.030515971
-2.319375,0.036000903,0.032905888
-2.3190625,0.035203613,0.033702527
-2.31875,0.035203613,0.033702527
-2.3184375,0.036000903,0.033702527
-2.318125,0.036000903,0.033702527
-2.3178125,0.036000903,0.032905888
-2.3175,0.036798193,0.033702527
-2.3171875,0.039987352,0.049635308
-2.316875,0.041581931,0.066364728
-2.3165625,0.043973801,0.086280704
-2.31625,0.051946699,0.153198384
-2.3159375,0.052743989,0.19781017
-2.315625,0.051946699,0.220116064
-2.3153125,0.051149409,0.224099259
-2.315,0.051946699,0.228879093
-2.3146875,0.051149409,0.225692537
-2.314375,0.050352119,0.210556395
-2.3140625,0.04955483,0.18984378
-2.31375,0.04796025,0.165944609
-2.3134375,0.045568381,0.142045437
-2.313125,0.043176511,0.113366432
-2.3128125,0.042379221,0.091060538
-2.3125,0.042379221,0.071144562
-2.3121875,0.039987352,0.054415142
-2.311875,0.036000903,0.028126054
-2.3115625,0.031217164,0.001040326
-2.31125,0.028028005,-0.009315981
-2.3109375,0.025636135,-0.01887565
-2.310625,0.022446976,-0.034808431
-2.3103125,0.021649686,-0.049147933
-2.31,0.020055106,-0.058707602
-2.3096875,0.019257817,-0.065877353
-2.309375,0.018460527,-0.075437022
-2.3090625,0.020055106,-0.067470631
-2.30875,0.021649686,-0.055521046
-2.3084375,0.021649686,-0.045961377
-2.308125,0.022446976,-0.037994987
-2.3078125,0.026433425,-0.022062206
-2.3075,0.030419874,-0.002942869
-2.3071875,0.032014454,0.005023522
-2.306875,0.018460527,-0.034011792
-2.3065625,0.014474078,-0.0770303
-2.30625,0.015271367,-0.086589969
-2.3059375,0.016865947,-0.083403412
-2.305625,0.018460527,-0.073047105
-2.3053125,0.019257817,-0.061097519
-2.305,0.020852396,-0.041181543
-2.3046875,0.024041555,-0.022062206
-2.304375,0.027230715,-0.006129425
-2.3040625,0.032811743,0.008210078
-2.30375,0.035203613,0.020159663
-2.3034375,0.036000903,0.027329415
-2.303125,0.036000903,0.030515971
-2.3028125,0.036798193,0.032905888
-2.3025,0.036798193,0.032905888
-2.3021875,0.036798193,0.032905888
-2.301875,0.036798193,0.033702527
-2.3015625,0.036798193,0.033702527
-2.30125,0.036000903,0.033702527
-2.3009375,0.036798193,0.032905888
-2.300625,0.038392772,0.043262196
-2.3003125,0.040784642,0.061584894
-2.3,0.042379221,0.073534479
-2.2996875,0.050352119,0.129299213
-2.299375,0.053541279,0.184267307
-2.2990625,0.051946699,0.213742951
-2.29875,0.051149409,0.224895898
-2.2984375,0.051946699,0.225692537
-2.298125,0.051946699,0.229675732
-2.2978125,0.04955483,0.215336229
-2.2975,0.050352119,0.199403449
-2.2971875,0.04875754,0.17311436
-2.296875,0.04636567,0.151605106
-2.2965625,0.043176511,0.122129461
-2.29625,0.043176511,0.09823029
-2.2959375,0.041581931,0.076721036
-2.295625,0.040784642,0.059194977
-2.2953125,0.038392772,0.038482362
-2.295,0.032811743,0.007413439
-2.2946875,0.028825294,-0.006926064
-2.294375,0.027230715,-0.014892454
-2.2940625,0.023244266,-0.029231957
-2.29375,0.022446976,-0.044368099
-2.2934375,0.021649686,-0.056317685
-2.293125,0.020055106,-0.063487436
-2.2928125,0.019257817,-0.073843744
-2.2925,0.020055106,-0.071453827
-2.2921875,0.021649686,-0.059504241
-2.291875,0.021649686,-0.048351294
-2.2915625,0.022446976,-0.039588265
-2.29125,0.024041555,-0.030028596
-2.2909375,0.029622584,-0.008519342
-2.290625,0.032811743,0.005023522
-2.2903125,0.024041555,-0.015689094
-2.29,0.015271367,-0.065877353
-2.2896875,0.016068657,-0.086589969
-2.289375,0.016865947,-0.084200051
-2.2890625,0.018460527,-0.077826939
-2.28875,0.019257817,-0.063487436
-2.2884375,0.020852396,-0.048351294
-2.288125,0.023244266,-0.027638679
-2.2878125,0.027230715,-0.011705898
-2.2875,0.032014454,0.003430244
-2.2871875,0.034406323,0.016176468
-2.286875,0.035203613,0.024939498
-2.2865625,0.036000903,0.028126054
-2.28625,0.036000903,0.03131261
-2.2859375,0.036798193,0.032109249
-2.285625,0.036000903,0.032905888
-2.2853125,0.036000903,0.032905888
-2.285,0.036000903,0.032905888
-2.2846875,0.036000903,0.032109249
-2.284375,0.036000903,0.03131261
-2.2840625,0.037595482,0.036092444
-2.28375,0.039987352,0.055211781
-2.2834375,0.039987352,0.067958006
-2.283125,0.045568381,0.104603402
-2.2828125,0.052743989,0.170724443
-2.2825,0.051946699,0.207369839
-2.2821875,0.051946699,0.224099259
-2.281875,0.051946699,0.22330262
-2.2815625,0.052743989,0.230472371
-2.28125,0.050352119,0.220912703
-2.2809375,0.051149409,0.204183283
-2.280625,0.04955483,0.181080751
-2.2803125,0.04796025,0.158774857
-2.28,0.045568381,0.13168913
-2.2796875,0.043176511,0.105400041
-2.279375,0.043176511,0.083890787
-2.2790625,0.040784642,0.065568089
-2.27875,0.039987352,0.04804203
-2.2784375,0.034406323,0.018566385
-2.278125,0.030419874,-0.002942869
-2.2778125,0.028028005,-0.011705898
-2.2775,0.025636135,-0.023655484
-2.2771875,0.022446976,-0.040384904
-2.276875,0.020852396,-0.053131129
-2.2765625,0.020852396,-0.061894158
-2.27625,0.019257817,-0.069860549
-2.2759375,0.019257817,-0.074640383
-2.275625,0.021649686,-0.063487436
-2.2753125,0.021649686,-0.05233449
-2.275,0.022446976,-0.041978182
-2.2746875,0.023244266,-0.03560507
-2.274375,0.028028005,-0.014892454
-2.2740625,0.032014454,0.001040326
-2.27375,0.028825294,-0.00214623
-2.2734375,0.016865947,-0.049944572
-2.273125,0.016068657,-0.083403412
-2.2728125,0.017663237,-0.085793329
-2.2725,0.017663237,-0.081810134
-2.2721875,0.019257817,-0.067470631
-2.271875,0.020852396,-0.054724407
-2.2715625,0.023244266,-0.034011792
-2.27125,0.025636135,-0.017282372
-2.2709375,0.030419874,-0.001349591
-2.270625,0.033609033,0.012193273
-2.2703125,0.036000903,0.024142859
-2.27,0.036000903,0.028126054
-2.2696875,0.036000903,0.03131261
-2.269375,0.036000903,0.032905888
-2.2690625,0.036000903,0.033702527
-2.26875,0.036000903,0.032905888
-2.2684375,0.036000903,0.032905888
-2.268125,0.036000903,0.033702527
-2.2678125,0.035203613,0.032109249
-2.2675,0.036000903,0.032905888
-2.2671875,0.039190062,0.048838669
-2.266875,0.039987352,0.065568089
-2.2665625,0.043973801,0.083890787
-2.26625,0.051149409,0.152401745
-2.2659375,0.052743989,0.196216892
-2.265625,0.051946699,0.220116064
-2.2653125,0.051149409,0.224099259
-2.265,0.052743989,0.228082454
-2.2646875,0.051149409,0.226489176
-2.264375,0.04955483,0.209759756
-2.2640625,0.04955483,0.190640419
-2.26375,0.04796025,0.16514797
-2.2634375,0.045568381,0.142045437
-2.263125,0.043176511,0.112569793
-2.2628125,0.042379221,0.090263899
-2.2625,0.040784642,0.070347923
-2.2621875,0.040784642,0.053618503
-2.261875,0.036798193,0.028922693
-2.2615625,0.031217164,0.001836965
-2.26125,0.028825294,-0.008519342
-2.2609375,0.025636135,-0.01887565
-2.260625,0.022446976,-0.034808431
-2.2603125,0.020852396,-0.048351294
-2.26,0.020055106,-0.058707602
-2.2596875,0.020055106,-0.065080714
-2.259375,0.018460527,-0.074640383
-2.2590625,0.020852396,-0.067470631
-2.25875,0.021649686,-0.055521046
-2.2584375,0.021649686,-0.045164738
-2.258125,0.022446976,-0.037994987
-2.2578125,0.026433425,-0.023655484
-2.2575,0.030419874,-0.003739508
-2.2571875,0.032811743,0.005023522
-2.256875,0.019257817,-0.033215153
-2.2565625,0.014474078,-0.076233661
-2.25625,0.015271367,-0.086589969
-2.2559375,0.016865947,-0.083403412
-2.255625,0.018460527,-0.073047105
-2.2553125,0.019257817,-0.061894158
-2.255,0.021649686,-0.041181543
-2.2546875,0.024041555,-0.022858845
-2.254375,0.028028005,-0.007722703
-2.2540625,0.032811743,0.007413439
-2.25375,0.034406323,0.020159663
-2.2534375,0.035203613,0.026532776
-2.253125,0.036000903,0.028922693
-2.2528125,0.036000903,0.03131261
-2.2525,0.036000903,0.032905888
-2.2521875,0.036000903,0.032905888
-2.251875,0.036798193,0.032905888
-2.2515625,0.036000903,0.032905888
-2.25125,0.036000903,0.032905888
-2.2509375,0.036000903,0.032905888
-2.250625,0.038392772,0.042465557
-2.2503125,0.039987352,0.059991616
-2.25,0.040784642,0.07273784
-2.2496875,0.050352119,0.127705935
-2.249375,0.052743989,0.182674029
-2.2490625,0.052743989,0.212946312
-2.24875,0.051946699,0.224099259
-2.2484375,0.051946699,0.224099259
-2.248125,0.051946699,0.228082454
-2.2478125,0.050352119,0.215336229
-2.2475,0.051149409,0.19781017
-2.2471875,0.04955483,0.17311436
-2.246875,0.04796025,0.151605106
-2.2465625,0.044771091,0.122129461
-2.24625,0.043973801,0.09823029
-2.2459375,0.042379221,0.076721036
-2.245625,0.041581931,0.059194977
-2.2453125,0.038392772,0.039279001
-2.245,0.032811743,0.009006717
-2.2446875,0.029622584,-0.006129425
-2.244375,0.028028005,-0.014095815
-2.2440625,0.024041555,-0.029231957
-2.24375,0.021649686,-0.044368099
-2.2434375,0.020055106,-0.055521046
-2.243125,0.020055106,-0.062690797
-2.2428125,0.019257817,-0.072250466
-2.2425,0.020055106,-0.071453827
-2.2421875,0.020852396,-0.059504241
-2.241875,0.021649686,-0.049147933
-2.2415625,0.022446976,-0.039588265
-2.24125,0.024041555,-0.030825235
-2.2409375,0.029622584,-0.009315981
-2.240625,0.032811743,0.003430244
-2.2403125,0.024041555,-0.014892454
-2.24,0.015271367,-0.065080714
-2.2396875,0.015271367,-0.085793329
-2.239375,0.016865947,-0.084200051
-2.2390625,0.017663237,-0.0770303
-2.23875,0.020055106,-0.065080714
-2.2384375,0.021649686,-0.049944572
-2.238125,0.024041555,-0.029231957
-2.2378125,0.027230715,-0.012502537
-2.2375,0.030419874,0.002633605
-2.2371875,0.034406323,0.015379829
-2.236875,0.035203613,0.024142859
-2.2365625,0.036000903,0.028126054
-2.23625,0.036798193,0.030515971
-2.2359375,0.036798193,0.032109249
-2.235625,0.036798193,0.032905888
-2.2353125,0.036798193,0.032905888
-2.235,0.036798193,0.032109249
-2.2346875,0.036000903,0.032109249
-2.234375,0.036000903,0.03131261
-2.2340625,0.037595482,0.036092444
-2.23375,0.039987352,0.054415142
-2.2334375,0.040784642,0.067958006
-2.233125,0.04636567,0.102213485
-2.2328125,0.053541279,0.167537887
-2.2325,0.052743989,0.204183283
-2.2321875,0.051946699,0.221709342
-2.231875,0.050352119,0.221709342
-2.2315625,0.051946699,0.228879093
-2.23125,0.050352119,0.220116064
-2.2309375,0.050352119,0.203386644
-2.230625,0.04955483,0.181080751
-2.2303125,0.04716296,0.158774857
-2.23,0.044771091,0.13168913
-2.2296875,0.042379221,0.105400041
-2.229375,0.042379221,0.083890787
-2.2290625,0.040784642,0.06477145
-2.22875,0.039190062,0.04804203
-2.2284375,0.035203613,0.018566385
-2.228125,0.029622584,-0.002942869
-2.2278125,0.027230715,-0.011705898
-2.2275,0.024838845,-0.023655484
-2.2271875,0.021649686,-0.041181543
-2.226875,0.021649686,-0.051537851
-2.2265625,0.020852396,-0.06030088
-2.22625,0.018460527,-0.06826727
-2.2259375,0.018460527,-0.073843744
-2.225625,0.020055106,-0.064284075
-2.2253125,0.021649686,-0.053131129
-2.225,0.021649686,-0.042774821
-2.2246875,0.023244266,-0.036401709
-2.224375,0.028028005,-0.015689094
-2.2240625,0.032014454,0.000243687
-2.22375,0.028825294,-0.001349591
-2.2234375,0.016865947,-0.049944572
-2.223125,0.015271367,-0.082606773
-2.2228125,0.016068657,-0.086589969
-2.2225,0.016865947,-0.082606773
-2.2221875,0.019257817,-0.06906391
-2.221875,0.020852396,-0.055521046
-2.2215625,0.022446976,-0.034808431
-2.22125,0.025636135,-0.018079011
-2.2209375,0.029622584,-0.002942869
-2.220625,0.032811743,0.011396634
-2.2203125,0.035203613,0.022549581
-2.22,0.036000903,0.025736137
-2.2196875,0.036000903,0.028922693
-2.219375,0.036000903,0.03131261
-2.2190625,0.036000903,0.032905888
-2.21875,0.036798193,0.034499166
-2.2184375,0.031217164,0.074331119
-2.218125,-0.156943233,-0.559793561
-2.2178125,0.145229608,0.678980153
-2.2175,0.098986798,0.999229049
-2.2171875,0.09021661,1.268493047
-2.216875,0.0910139,1.579978913
-2.2165625,0.096594929,1.891464779
-2.21625,0.095000349,2.189407782
-2.2159375,0.096594929,2.488944063
-2.215625,0.096594929,2.787683705
-2.2153125,0.094203059,3.086423346
-2.215,0.098986798,3.378789876
-2.2146875,0.097392219,3.740464002
-2.214375,0.095797639,3.90935148
-2.2140625,0.095797639,3.914927953
-2.21375,0.095000349,3.914927953
-2.2134375,0.094203059,3.914927953
-2.213125,0.09260848,3.914131314
-2.2128125,0.09181119,3.914131314
-2.2125,0.09021661,3.914131314
-2.2121875,0.09021661,3.913334675
-2.211875,0.088622031,3.914131314
-2.2115625,0.094203059,3.912538036
-2.21125,0.106959696,3.911741397
-2.2109375,0.106162407,3.911741397
-2.210625,0.105365117,3.910944758
-2.2103125,0.103770537,3.910148119
-2.21,0.103770537,3.90935148
-2.2096875,0.102973247,3.910148119
-2.209375,0.101378668,3.908554841
-2.2090625,0.102175958,3.90935148
-2.20875,0.102973247,3.90935148
-2.2084375,0.102175958,3.90935148
-2.208125,0.102175958,3.910148119
-2.2078125,0.102973247,3.910944758
-2.2075,0.103770537,3.910944758
-2.2071875,0.102973247,3.910944758
-2.206875,0.098986798,3.908554841
-2.2065625,0.097392219,3.906164923
-2.20625,0.098189508,3.906961562
-2.2059375,0.098986798,3.907758202
-2.205625,0.145229608,3.904571645
-2.2053125,0.165161853,3.905368284
-2.205,0.142040448,3.906961562
-2.2046875,0.146824187,3.906961562
-2.204375,0.150013347,3.907758202
-2.2040625,0.152405216,3.907758202
-2.20375,0.17871578,3.918114509
-2.2034375,0.198648025,3.924487621
-2.203125,0.195458866,3.920504426
-2.2028125,0.196256156,3.918114509
-2.2025,0.172337461,3.906961562
-2.2021875,0.173134751,3.907758202
-2.201875,0.194661576,3.948386793
-2.2015625,0.331795425,3.972285964
-2.20125,0.188283258,3.90935148
-2.2009375,0.200242605,3.906164923
-2.200625,0.208215503,3.906961562
-2.2003125,0.214593822,3.907758202
-2.2,0.216985691,3.908554841
-2.1996875,0.241701675,3.910148119
-2.199375,0.250471863,3.911741397
-2.1990625,0.254458313,3.912538036
-2.19875,0.256052892,3.912538036
-2.1984375,0.268809529,3.913334675
-2.198125,0.30947131,3.929267456
-2.1978125,0.301498412,3.921301065
-2.1975,0.295917383,3.911741397
-2.1971875,0.289539064,3.912538036
-2.196875,0.291930934,3.911741397
-2.1965625,0.293525514,3.910148119
-2.19625,0.323025237,3.914131314
-2.1959375,0.371659916,3.919707787
-2.195625,0.384416553,3.918114509
-2.1953125,0.385213842,3.926877539
-2.195,0.378835524,3.90935148
-2.1946875,0.387605712,3.911741397
-2.194375,0.475307592,3.9587431
-2.1940625,0.675427336,4.004151526
-2.19375,0.604468542,3.973082603
-2.1934375,0.408335247,3.907758202
-2.193125,0.435443101,3.9260809
-2.1928125,0.489658808,3.912538036
-2.1925,0.513577503,3.91731787
-2.1921875,0.531117879,3.916521231
-2.191875,0.549455545,3.931657373
-2.1915625,0.523144981,3.916521231
-2.19125,0.592509195,3.923690982
-2.1909375,0.496037127,3.904571645
-2.190625,0.495239837,3.906164923
-2.1903125,0.498428996,3.903775006
-2.19,0.501618156,3.901385089
-2.1896875,0.515969372,3.90058845
-2.189375,0.52713143,3.90058845
-2.1890625,0.531117879,3.90058845
-2.18875,0.573374239,3.914131314
-2.1884375,0.641941163,3.910944758
-2.188125,0.676224626,3.915724592
-2.1878125,0.686589393,3.912538036
-2.1875,0.671440887,3.91731787
-2.1871875,0.661076119,3.911741397
-2.186875,0.667454438,3.908554841
-2.1865625,0.688183973,3.907758202
-2.18625,0.695359581,3.906961562
-2.1859375,0.714494537,3.90935148
-2.185625,0.703332479,3.908554841
-2.1853125,1.075666824,3.942810319
-2.185,0.861993153,3.914927953
-2.1846875,0.795818098,3.911741397
-2.184375,0.716089116,3.904571645
-2.1840625,0.840466328,3.91731787
-2.18375,0.91780344,3.938030485
-2.1834375,0.74239968,3.906961562
-2.183125,0.935343816,3.930064095
-2.1828125,0.986370364,3.957149822
-2.1825,1.057329158,3.926877539
-2.1821875,1.130679821,3.961133018
-2.181875,1.095599069,3.932454012
-2.1815625,1.026234855,3.921301065
-2.18125,1.281367596,3.949183432
-2.1809375,1.592310625,3.956353183
-2.180625,1.389001722,3.926877539
-2.1803125,1.472717152,3.930064095
-2.18,1.531716599,3.937233846
-2.1796875,1.697552881,3.97547252
-2.179375,1.65848568,3.992998579
-2.1790625,1.61224287,3.994591857
-2.17875,1.585135017,3.941217041
-2.1784375,1.44002827,3.938030485
-2.178125,1.667255868,3.960336378
-2.1778125,1.65848568,3.97547252
-2.1775,2.019657967,4.079035596
-2.1771875,1.83229486,4.004948165
-2.176875,1.550851555,3.920504426
-2.1765625,1.215989831,3.901385089
-2.17625,1.56998651,4.015304473
-2.1759375,1.534108468,3.945996876
-2.175625,1.880929539,4.008134721
-2.1753125,1.638553434,3.96750613
-2.175,1.542878656,3.91731787
-2.1746875,1.721471575,3.940420402
-2.174375,1.641742594,3.922097704
-2.1740625,1.886510567,3.928470817
-2.17375,1.74459298,3.985032189
-2.1734375,1.845051497,3.91731787
-2.173125,1.892091596,3.935640568
-2.1728125,1.861794583,3.922097704
-2.1725,1.783660181,3.95077671
-2.1721875,1.69994475,3.955556544
-2.171875,1.630580536,3.940420402
-2.1715625,1.704728489,3.966709491
-2.17125,2.010887779,3.997778414
-2.1709375,2.011685069,3.996185135
-2.170625,2.335384734,4.00893136
-2.1703125,1.747782139,3.916521231
-2.17,2.076265544,4.058322981
-2.1696875,1.913618421,3.906164923
-2.169375,1.861794583,3.914927953
-2.1690625,1.717485126,4.001761609
-2.16875,1.450393038,3.910148119
-2.1684375,2.055536009,3.959539739
-2.168125,2.038792922,3.978659077
-2.1678125,1.575567539,3.899791811
-2.1675,1.556432583,3.911741397
-2.1671875,2.072279095,3.91731787
-2.166875,1.895280755,3.901385089
-2.1665625,1.591513335,3.904571645
-2.16625,1.990955533,3.914927953
-2.1659375,2.313857909,3.937233846
-2.165625,1.986969084,3.925284261
-2.1653125,1.792430369,3.910944758
-2.165,1.530919309,3.906961562
-2.1646875,1.784457471,3.904571645
-2.164375,2.112143585,3.986625467
-2.1640625,1.554838004,3.90935148
-2.16375,1.548459685,3.906164923
-2.1634375,1.908037392,3.922097704
-2.163125,1.804389716,3.904571645
-2.1628125,2.088224891,3.908554841
-2.1625,1.877740379,3.904571645
-2.1621875,1.687985403,3.898995172
-2.161875,1.624999507,3.901385089
-2.1615625,1.630580536,3.902978367
-2.16125,1.636958855,3.902978367
-2.1609375,1.739011951,3.903775006
-2.160625,1.727849894,3.902181728
-2.1603125,1.910429262,3.902181728
-2.16,1.849037946,3.901385089
-2.1596875,2.247682854,3.901385089
-2.159375,2.159183685,3.918911148
-2.1590625,1.838673178,3.898198533
-2.15875,1.738214661,3.897401894
-2.1584375,1.747782139,3.899791811
-2.158125,1.755755037,3.899791811
-2.1578125,1.770903544,3.90058845
-2.1575,1.770903544,3.90058845
-2.1571875,1.762930646,3.898995172
-2.156875,1.986969084,3.898995172
-2.1565625,1.913618421,3.895808616
-2.15625,1.809970745,3.895011977
-2.1559375,1.813159904,3.896605255
-2.155625,1.841862338,3.897401894
-2.1553125,1.842659627,3.897401894
-2.155,1.841065048,3.896605255
-2.1546875,1.849037946,3.898995172
-2.154375,1.845848787,3.90058845
-2.1540625,1.82990299,3.901385089
-2.15375,2.026833575,3.907758202
-2.1534375,1.910429262,3.899791811
-2.153125,1.915213001,3.90058845
-2.1528125,1.91840216,3.90058845
-2.1525,1.939928985,3.90058845
-2.1521875,1.942320855,3.898995172
-2.151875,1.939131695,3.898198533
-2.1515625,1.912023841,3.899791811
-2.15125,1.908834682,3.90058845
-2.1509375,1.980590766,3.898198533
-2.150625,1.993347403,3.899791811
-2.1503125,1.989360954,3.90058845
-2.15,1.997333852,3.90058845
-2.1496875,2.014874228,3.904571645
-2.149375,2.019657967,3.906164923
-2.1490625,2.00371217,3.906961562
-2.14875,1.999725721,3.907758202
-2.1484375,2.037198343,3.90935148
-2.148125,2.059522458,3.906961562
-2.1478125,2.069089935,3.906961562
-2.1475,2.061914327,3.907758202
-2.1471875,2.062711617,3.904571645
-2.146875,2.084238442,3.905368284
-2.1465625,2.068292646,3.902978367
-2.14625,2.081049283,3.902978367
-2.1459375,2.151210787,3.902181728
-2.145625,2.158386395,3.901385089
-2.1453125,2.124900223,3.901385089
-2.145,2.144832468,3.898995172
-2.1446875,2.13765686,3.898995172
-2.144375,2.163170134,3.901385089
-2.1440625,2.152008076,3.896605255
-2.14375,2.207818363,3.897401894
-2.1434375,2.195859016,3.897401894
-2.143125,2.195061726,3.896605255
-2.1428125,2.182305089,3.895808616
-2.1425,2.205426494,3.895808616
-2.1421875,2.212602102,3.896605255
-2.141875,2.214993972,3.896605255
-2.1415625,2.232534348,3.895808616
-2.14125,2.175926771,3.901385089
-2.1409375,2.281966316,3.901385089
-2.140625,2.244493695,3.898198533
-2.1403125,2.238115377,3.896605255
-2.14,2.193467147,3.891825421
-2.1396875,2.234128927,3.89262206
-2.139375,2.297114823,3.895011977
-2.1390625,2.261236781,3.894215338
-2.13875,2.201440045,3.898198533
-2.1384375,2.209412943,3.898995172
-2.138125,2.218980421,3.898995172
-2.1378125,2.231737058,3.90058845
-2.1375,2.30827688,3.903775006
-2.1371875,2.282763606,3.897401894
-2.136875,2.283560896,3.90058845
-2.1365625,2.258047622,3.902181728
-2.13625,2.26602052,3.902181728
-2.1359375,2.274790708,3.902978367
-2.135625,2.277979867,3.901385089
-2.1353125,2.289939215,3.901385089
-2.135,2.373654645,3.902978367
-2.1346875,2.401559789,3.901385089
-2.134375,2.30907417,3.901385089
-2.1340625,2.321033517,3.90058845
-2.13375,2.329006416,3.902181728
-2.1334375,2.336182024,3.902978367
-2.133125,2.349735951,3.904571645
-2.1328125,2.360898008,3.907758202
-2.1325,2.368073617,3.90935148
-2.1321875,2.377641094,3.90935148
-2.131875,2.384816703,3.90935148
-2.1315625,2.399965209,3.910148119
-2.13125,2.403951658,3.908554841
-2.1309375,2.418302875,3.908554841
-2.130625,2.425478483,3.90935148
-2.1303125,2.428667643,3.907758202
-2.13,2.44142428,3.906164923
-2.1296875,2.445410729,3.905368284
-2.129375,2.458964656,3.904571645
-2.1290625,2.463748395,3.904571645
-2.12875,2.471721293,3.903775006
-2.1284375,2.481288771,3.902978367
-2.128125,2.48447793,3.902181728
-2.1278125,2.498829147,3.902181728
-2.1275,2.502815596,3.901385089
-2.1271875,2.509193914,3.901385089
-2.126875,2.521950551,3.90058845
-2.1265625,2.525139711,3.90058845
-2.12625,2.539490927,3.90058845
-2.1259375,2.541882797,3.899791811
-2.125625,2.554639434,3.90058845
-2.1253125,2.565004201,3.90058845
-2.125,2.567396071,3.901385089
-2.1246875,2.582544577,3.90058845
-2.124375,2.588922896,3.902181728
-2.1240625,2.600882243,3.902181728
-2.12375,2.608057851,3.901385089
-2.1234375,2.611247011,3.898995172
-2.123125,2.620814489,3.897401894
-2.1228125,2.631179256,3.898198533
-2.1225,2.641544024,3.898198533
-2.1221875,2.651111502,3.898995172
-2.121875,2.6590844,3.899791811
-2.1215625,2.668651878,3.90058845
-2.12125,2.673435616,3.901385089
-2.1209375,2.690975992,3.902978367
-2.120625,2.70134076,3.902978367
-2.1203125,2.705327209,3.902978367
-2.12,2.715691977,3.902978367
-2.1196875,2.724462165,3.902978367
-2.119375,2.735624222,3.902978367
-2.1190625,2.7451917,3.902978367
-2.11875,2.753961888,3.902181728
-2.1184375,2.758745627,3.902181728
-2.118125,2.770704974,3.903775006
-2.1178125,2.780272452,3.903775006
-2.1175,2.78904264,3.904571645
-2.1171875,2.803393857,3.905368284
-2.116875,2.808974885,3.905368284
-2.1165625,2.820136943,3.904571645
-2.11625,2.83369087,3.908554841
-2.1159375,2.845650217,3.908554841
-2.115625,2.860001434,3.908554841
-2.1153125,2.864785172,3.90935148
-2.115,2.87674452,3.90935148
-2.1146875,2.883122838,3.908554841
-2.114375,2.895879475,3.907758202
-2.1140625,2.903055084,3.907758202
-2.11375,2.911825272,3.907758202
-2.1134375,2.91979817,3.907758202
-2.113125,2.926176488,3.906961562
-2.1128125,2.934946676,3.906164923
-2.1125,2.943716864,3.904571645
-2.1121875,2.954878922,3.904571645
-2.111875,2.958865371,3.903775006
-2.1115625,2.968432849,3.902978367
-2.11125,2.976405747,3.903775006
-2.1109375,2.983581355,3.902978367
-2.110625,2.990756964,3.901385089
-2.1103125,3.000324441,3.90058845
-2.11,3.014675658,3.898995172
-2.1096875,3.021053977,3.898995172
-2.109375,3.033013324,3.898995172
-2.1090625,3.038594353,3.899791811
-2.10875,3.044972671,3.90058845
-2.1084375,3.058526598,3.90058845
-2.108125,3.064904916,3.90058845
-2.1078125,3.078458843,3.902978367
-2.1075,3.088823611,3.902978367
-2.1071875,3.096796509,3.902978367
-2.106875,3.096796509,3.899791811
-2.1065625,3.109553146,3.898198533
-2.10625,3.117526044,3.898198533
-2.1059375,3.127890812,3.898198533
-2.105625,3.136661,3.899791811
-2.1053125,3.142242029,3.899791811
-2.105,3.158187825,3.90058845
-2.1046875,3.165363433,3.902181728
-2.104375,3.176525491,3.902181728
-2.1040625,3.185295679,3.902978367
-2.10375,3.195660446,3.903775006
-2.1034375,3.202836055,3.904571645
-2.103125,3.210011663,3.903775006
-2.1028125,3.2227683,3.904571645
-2.1025,3.227552039,3.904571645
-2.1021875,3.239511386,3.904571645
-2.101875,3.250673444,3.906164923
-2.1015625,3.260240922,3.906164923
-2.10125,3.26661924,3.905368284
-2.1009375,3.273794848,3.905368284
-2.100625,3.283362326,3.906164923
-2.1003125,3.294524384,3.906164923
-2.1,3.302497282,3.907758202
-2.0996875,3.315253919,3.910944758
-2.099375,3.324024107,3.912538036
-2.0990625,3.334388875,3.913334675
-2.09875,3.344753642,3.913334675
-2.0984375,3.35511841,3.914131314
-2.098125,3.365483177,3.914927953
-2.0978125,3.371064206,3.913334675
-2.0975,3.378239814,3.913334675
-2.0971875,3.387807292,3.913334675
-2.096875,3.39578019,3.913334675
-2.0965625,3.405347668,3.911741397
-2.09625,3.410131407,3.910944758
-2.0959375,3.418104305,3.910148119
-2.095625,3.426077203,3.910148119
-2.0953125,3.435644681,3.90935148
-2.095,3.443617579,3.908554841
-2.0946875,3.451590478,3.908554841
-2.094375,3.459563376,3.907758202
-2.0940625,3.466738984,3.906961562
-2.09375,3.476306462,3.905368284
-2.0934375,3.481887491,3.906164923
-2.093125,3.490657679,3.905368284
-2.0928125,3.497833287,3.903775006
-2.0925,3.508995344,3.905368284
-2.0921875,3.516968243,3.905368284
-2.091875,3.52653572,3.906164923
-2.0915625,3.533711329,3.906961562
-2.09125,3.544076096,3.906164923
-2.0909375,3.552846284,3.906961562
-2.090625,3.563211052,3.906961562
-2.0903125,3.567994791,3.905368284
-2.09,3.57277853,3.902978367
-2.0896875,3.582346008,3.903775006
-2.089375,3.591913485,3.902978367
-2.0890625,3.599089094,3.903775006
-2.08875,3.607061992,3.902978367
-2.0884375,3.619021339,3.903775006
-2.088125,3.626196947,3.905368284
-2.0878125,3.635764425,3.903775006
-2.0875,3.644534613,3.905368284
-2.0871875,3.654102091,3.905368284
-2.086875,3.662872279,3.905368284
-2.0865625,3.672439757,3.905368284
-2.08625,3.678818075,3.904571645
-2.0859375,3.686790974,3.905368284
-2.085625,3.696358451,3.906961562
-2.0853125,3.70353406,3.906961562
-2.085,3.713898827,3.906164923
-2.0846875,3.718682566,3.905368284
-2.084375,3.729047334,3.905368284
-2.0840625,3.736222942,3.905368284
-2.08375,3.748182289,3.905368284
-2.0834375,3.753763318,3.906164923
-2.083125,3.763330796,3.907758202
-2.0828125,3.776087433,3.911741397
-2.0825,3.785654911,3.912538036
-2.0821875,3.796019678,3.913334675
-2.081875,3.800803417,3.912538036
-2.0815625,3.811168185,3.913334675
-2.08125,3.817546503,3.912538036
-2.0809375,3.827911271,3.912538036
-2.080625,3.835086879,3.910944758
-2.0803125,3.842262488,3.910148119
-2.08,3.849438096,3.90935148
-2.0796875,3.855816415,3.908554841
-2.079375,3.863789313,3.908554841
-2.0790625,3.871762211,3.906961562
-2.07875,3.87814053,3.906961562
-2.0784375,3.883721558,3.905368284
-2.078125,3.890897167,3.906164923
-2.0778125,3.898870065,3.906164923
-2.0775,3.907640253,3.904571645
-2.0771875,3.912423992,3.904571645
-2.076875,3.92119418,3.903775006
-2.0765625,3.927572498,3.903775006
-2.07625,3.934748107,3.902181728
-2.0759375,3.940329135,3.902181728
-2.075625,3.950693903,3.902978367
-2.0753125,3.957072221,3.902978367
-2.075,3.965842409,3.903775006
-2.0746875,3.973815308,3.902978367
-2.074375,3.980990916,3.904571645
-2.0740625,3.989761104,3.904571645
-2.07375,3.989761104,3.903775006
-2.0734375,4.000125872,3.901385089
-2.073125,4.003315031,3.899791811
-2.0728125,4.012085219,3.90058845
-2.0725,4.020855407,3.901385089
-2.0721875,4.022449986,3.899791811
-2.071875,4.033612044,3.901385089
-2.0715625,4.044774101,3.901385089
-2.07125,4.057530738,3.903775006
-2.0709375,4.066300926,3.902978367
-2.070625,4.074273824,3.902978367
-2.0703125,4.083044012,3.903775006
-2.07,4.090219621,3.903775006
-2.0696875,4.096597939,3.903775006
-2.069375,4.106165417,3.903775006
-2.0690625,4.113341025,3.903775006
-2.06875,4.122111213,3.903775006
-2.0684375,4.128489532,3.904571645
-2.068125,4.13725972,3.903775006
-2.0678125,4.142840749,3.904571645
-2.0675,4.155597386,3.903775006
-2.0671875,4.158786545,3.904571645
-2.066875,4.168354023,3.906164923
-2.0665625,4.177124211,3.906164923
-2.06625,4.188286268,3.910148119
-2.0659375,4.197056456,3.910148119
-2.065625,4.202637485,3.910944758
-2.0653125,4.211407673,3.910944758
-2.065,4.218583281,3.911741397
-2.0646875,4.228150759,3.912538036
-2.064375,4.234529078,3.911741397
-2.0640625,4.240907396,3.910944758
-2.06375,4.246488425,3.910148119
-2.0634375,4.254461323,3.90935148
-2.063125,4.256853192,3.908554841
-2.0628125,4.26642067,3.907758202
-2.0625,4.270407119,3.906961562
-2.0621875,4.276785438,3.906961562
-2.061875,4.283961046,3.906164923
-2.0615625,4.289542075,3.905368284
-2.06125,4.295920394,3.904571645
-2.0609375,4.303096002,3.905368284
-2.060625,4.307879741,3.902978367
-2.0603125,4.314258059,3.903775006
-2.06,4.323825537,3.902181728
-2.0596875,4.324622827,3.902978367
-2.059375,4.333393015,3.901385089
-2.0590625,4.337379464,3.901385089
-2.05875,4.347744232,3.902181728
-2.0584375,4.357311709,3.902181728
-2.058125,4.361298158,3.901385089
-2.0578125,4.366081897,3.902978367
-2.0575,4.374054796,3.903775006
-2.0571875,4.384419563,3.902978367
-2.056875,4.386014143,3.901385089
-2.0565625,4.391595172,3.898995172
-2.05625,4.393987041,3.898995172
-2.0559375,4.402757229,3.898995172
-2.055625,4.409932837,3.90058845
-2.0553125,4.417905735,3.899791811
-2.055,4.425081344,3.90058845
-2.0546875,4.433054242,3.90058845
-2.054375,4.436243401,3.902181728
-2.0540625,4.446608169,3.901385089
-2.05375,4.452986487,3.90058845
-2.0534375,4.461756675,3.90058845
-2.053125,4.471324153,3.90058845
-2.0528125,4.476905182,3.90058845
-2.0525,4.482486211,3.899791811
-2.0521875,4.48647266,3.90058845
-2.051875,4.500026587,3.901385089
-2.0515625,4.502418456,3.901385089
-2.05125,4.515175093,3.901385089
-2.0509375,4.517566963,3.90058845
-2.050625,4.52872902,3.902978367
-2.0503125,4.535904628,3.903775006
-2.05,4.547066686,3.902978367
-2.0496875,4.551850425,3.906164923
-2.049375,4.564607062,3.907758202
-2.0490625,4.576566409,3.908554841
-2.04875,4.584539307,3.90935148
-2.0484375,4.593309495,3.910148119
-2.048125,4.600485103,3.910148119
-2.0478125,4.606066132,3.910148119
-2.0475,4.610849871,3.90935148
-2.0471875,4.619620059,3.908554841
-2.046875,4.624403798,3.908554841
-2.0465625,4.630782117,3.906961562
-2.04625,4.635565855,3.907758202
-2.0459375,4.642741464,3.906164923
-2.045625,4.647525203,3.906164923
-2.0453125,4.653903521,3.905368284
-2.045,4.661876419,3.903775006
-2.0446875,4.663470999,3.903775006
-2.044375,4.670646607,3.903775006
-2.0440625,4.677024926,3.902978367
-2.04375,4.683403244,3.901385089
-2.0434375,4.690578853,3.901385089
-2.043125,4.695362592,3.901385089
-2.0428125,4.700146331,3.90058845
-2.0425,4.708119229,3.90058845
-2.0421875,4.713700257,3.90058845
-2.041875,4.723267735,3.901385089
-2.0415625,4.728848764,3.901385089
-2.04125,4.735227083,3.902181728
-2.0409375,4.743199981,3.902978367
-2.040625,4.749578299,3.903775006
-2.0403125,4.754362038,3.901385089
-2.04,4.755956618,3.899791811
-2.0396875,4.761537646,3.899791811
-2.039375,4.769510545,3.899791811
-2.0390625,4.776686153,3.90058845
-2.03875,4.783064472,3.90058845
-2.0384375,4.79183466,3.90058845
-2.038125,4.795023819,3.902978367
-2.0378125,4.803794007,3.902978367
-2.0375,4.809375035,3.902978367
-2.0371875,4.818942513,3.903775006
-2.036875,4.824523542,3.904571645
-2.0365625,4.827712701,3.905368284
-2.03625,4.83169915,3.904571645
-2.0359375,4.838077469,3.904571645
-2.035625,4.845253077,3.904571645
-2.0353125,4.854820555,3.904571645
-2.035,4.859604294,3.904571645
-2.0346875,4.863590743,3.904571645
-2.034375,4.870766351,3.904571645
-2.0340625,4.87873925,3.904571645
-2.03375,4.889104017,3.906164923
-2.0334375,4.889901307,3.905368284
-2.033125,4.899468785,3.906961562
-2.0328125,4.908238973,3.911741397
-2.0325,4.91940103,3.912538036
-2.0321875,4.924982059,3.913334675
-2.031875,4.929765798,3.912538036
-2.0315625,4.935346827,3.913334675
-2.03125,4.941725145,3.913334675
-2.0309375,4.945711594,3.912538036
-2.030625,4.948900753,3.910944758
-2.0303125,4.956076362,3.910944758
-2.03,4.959265521,3.910148119
-2.0296875,4.96484655,3.90935148
-2.029375,4.968832999,3.90935148
-2.0290625,4.972819448,3.907758202
-2.02875,4.977603187,3.907758202
-2.0284375,4.981589636,3.905368284
-2.028125,4.987967954,3.905368284
-2.0278125,4.989562534,3.905368284
-2.0275,4.995143563,3.904571645
-2.0271875,4.999130012,3.904571645
-2.026875,5.002319171,3.903775006
-2.0265625,5.009494779,3.903775006
-2.02625,5.012683939,3.903775006
-2.0259375,5.017467678,3.902181728
-2.025625,5.023048706,3.902978367
-2.0253125,5.027832445,3.903775006
-2.025,5.033413474,3.904571645
-2.0246875,5.038197213,3.904571645
-2.024375,5.044575531,3.904571645
-2.0240625,5.04856198,3.906164923
-2.02375,5.053345719,3.906164923
-2.0234375,5.055737589,3.902181728
-2.023125,5.058129458,3.901385089
-2.0228125,5.063710487,3.901385089
-2.0225,5.066899646,3.901385089
-2.0221875,5.071683385,3.902978367
-2.021875,5.078858994,3.902978367
-2.0215625,5.085237312,3.904571645
-2.02125,5.091615631,3.906164923
-2.0209375,5.09560208,3.906164923
-2.020625,5.100385819,3.906961562
-2.0203125,5.105966847,3.906961562
-2.02,5.109953296,3.906961562
-2.0196875,5.113939745,3.906164923
-2.019375,5.118723484,3.907758202
-2.0190625,5.125101803,3.906164923
-2.01875,5.128290962,3.906164923
-2.0184375,5.132277411,3.906164923
-2.018125,5.142642179,3.905368284
-2.0178125,5.147425918,3.906164923
-2.0175,5.153006946,3.905368284
-2.0171875,5.157790685,3.906961562
-2.016875,5.162574424,3.906961562
-2.0165625,5.168155453,3.908554841
-2.01625,5.178520221,3.910148119
-2.0159375,5.187290409,3.911741397
-2.015625,5.191276858,3.911741397
-2.0153125,5.196857886,3.912538036
-2.015,5.201641625,3.912538036
-2.0146875,5.204830785,3.912538036
-2.014375,5.208817234,3.912538036
-2.0140625,5.215195552,3.912538036
-2.01375,5.217587422,3.912538036
-2.0134375,5.221573871,3.911741397
-2.013125,5.22396574,3.911741397
-2.0128125,5.227952189,3.910944758
-2.0125,5.232735928,3.910148119
-2.0121875,5.237519667,3.910148119
-2.011875,5.239114247,3.908554841
-2.0115625,5.240708826,3.907758202
-2.01125,5.243897986,3.906961562
-2.0109375,5.246289855,3.906961562
-2.010625,5.248681724,3.905368284
-2.0103125,5.251870884,3.905368284
-2.01,5.361099589,3.904571645
-2.0096875,5.448004179,3.902978367
-2.009375,5.523746711,3.902978367
-2.0090625,5.604272983,3.901385089
-2.00875,5.555638304,3.901385089
-2.0084375,5.514179233,3.902978367
-2.008125,5.410531557,3.901385089
-2.0078125,5.404950529,3.90058845
-2.0075,5.562016622,3.901385089
-2.0071875,5.554841014,3.901385089
-2.006875,5.437639411,3.898198533
-2.0065625,5.404153239,3.895808616
-2.00625,5.416112586,3.898995172
-2.0059375,5.333991735,3.901385089
-2.005625,5.333991735,3.902978367
-2.0053125,5.337978184,3.902978367
-2.005,5.341167343,3.903775006
-2.0046875,5.345951082,3.904571645
-2.004375,5.349937531,3.905368284
-2.0040625,5.351532111,3.906164923
-2.00375,5.35551856,3.906961562
-2.0034375,5.358707719,3.906961562
-2.003125,5.361099589,3.906164923
-2.0028125,5.363491458,3.907758202
-2.0025,5.368275197,3.907758202
-2.0021875,5.371464356,3.907758202
-2.001875,5.373856226,3.906961562
-2.0015625,5.375450805,3.907758202
-2.00125,5.378639965,3.907758202
-2.0009375,5.380234544,3.906961562
-2.000625,5.383423704,3.907758202
-2.0003125,5.386612863,3.908554841
-2,5.389802022,3.90935148
-1.9996875,5.396180341,3.911741397
-1.999375,5.401761369,3.914131314
-1.9990625,5.405747818,3.914131314
-1.99875,5.410531557,3.914131314
-1.9984375,5.414518006,3.914131314
-1.998125,5.417707166,3.914927953
-1.9978125,5.419301745,3.914131314
-1.9975,5.421693615,3.914131314
-1.9971875,5.424085484,3.914131314
-1.996875,5.424882774,3.913334675
-1.9965625,5.427274643,3.911741397
-1.99625,5.429666513,3.912538036
-1.9959375,5.429666513,3.911741397
-1.995625,5.433652962,3.911741397
-1.9953125,5.435247542,3.910944758
-1.995,5.437639411,3.90935148
-1.9946875,5.439233991,3.90935148
-1.994375,5.44162586,3.908554841
-1.9940625,5.44322044,3.908554841
-1.99375,5.445612309,3.907758202
-1.9934375,5.446409599,3.906164923
-1.993125,5.448004179,3.906164923
-1.9928125,5.450396048,3.905368284
-1.9925,5.451193338,3.905368284
-1.9921875,5.455179787,3.905368284
-1.991875,5.458368946,3.906164923
-1.9915625,5.462355395,3.906961562
-1.99125,5.463949975,3.907758202
-1.9909375,5.467936424,3.908554841
-1.990625,5.471125583,3.908554841
-1.9903125,5.471125583,3.906961562
-1.99,5.470328294,3.904571645
-1.9896875,5.470328294,3.902978367
-1.989375,5.474314743,3.904571645
-1.9890625,5.476706612,3.904571645
-1.98875,5.481490351,3.905368284
-1.9884375,5.48388222,3.906164923
-1.988125,5.48707138,3.906164923
-1.9878125,5.490260539,3.907758202
-1.9875,5.494246988,3.906961562
-1.9871875,5.495841568,3.907758202
-1.986875,5.498233437,3.906961562
-1.9865625,5.501422596,3.907758202
-1.98625,5.503814466,3.908554841
-1.9859375,5.508598205,3.908554841
-1.985625,5.510192784,3.907758202
-1.9853125,5.514179233,3.907758202
-1.985,5.516571103,3.908554841
-1.9846875,5.518165683,3.907758202
-1.984375,5.519760262,3.906961562
-1.9840625,5.522152132,3.906961562
-1.98375,5.526935871,3.908554841
-1.9834375,5.52773316,3.90935148
-1.983125,5.531719609,3.90935148
-1.9828125,5.538895218,3.914131314
-1.9825,5.543678957,3.914131314
-1.9821875,5.546868116,3.915724592
-1.981875,5.547665406,3.914131314
-1.9815625,5.550854565,3.914927953
-1.98125,5.553246434,3.914927953
-1.9809375,5.554043724,3.913334675
-1.980625,5.555638304,3.914131314
-1.9803125,5.558030173,3.913334675
-1.98,5.558827463,3.913334675
-1.9796875,5.562016622,3.911741397
-1.979375,5.562813912,3.911741397
-1.9790625,5.565205782,3.911741397
-1.97875,5.565205782,3.910944758
-1.9784375,5.566003072,3.90935148
-1.978125,5.566800361,3.908554841
-1.9778125,5.568394941,3.90935148
-1.9775,5.569989521,3.908554841
-1.9771875,5.57078681,3.908554841
-1.976875,5.57397597,3.906961562
-1.9765625,5.575570549,3.906164923
-1.97625,5.577165129,3.906961562
-1.9759375,5.577165129,3.906164923
-1.975625,5.581151578,3.906961562
-1.9753125,5.581948868,3.906961562
-1.975,5.584340737,3.906961562
-1.9746875,5.586732607,3.906164923
-1.974375,5.589921766,3.908554841
-1.9740625,5.593908215,3.908554841
-1.97375,5.594705505,3.908554841
-1.9734375,5.593110925,3.904571645
-1.973125,5.593110925,3.904571645
-1.9728125,5.595502795,3.905368284
-1.9725,5.597097374,3.905368284
-1.9721875,5.599489244,3.906164923
-1.971875,5.601881113,3.906164923
-1.9715625,5.605070273,3.907758202
-1.97125,5.609854011,3.907758202
-1.9709375,5.613043171,3.908554841
-1.970625,5.613840461,3.908554841
-1.9703125,5.61702962,3.90935148
-1.97,5.618624199,3.90935148
-1.9696875,5.619421489,3.908554841
-1.969375,5.621016069,3.908554841
-1.9690625,5.623407938,3.908554841
-1.96875,5.625799808,3.907758202
-1.9684375,5.628988967,3.908554841
-1.968125,5.630583547,3.908554841
-1.9678125,5.630583547,3.907758202
-1.9675,5.632975416,3.908554841
-1.9671875,5.635367286,3.90935148
-1.966875,5.637759155,3.910148119
-1.9665625,5.640948314,3.910944758
-1.96625,5.646529343,3.913334675
-1.9659375,5.651313082,3.915724592
-1.965625,5.653704951,3.916521231
-1.9653125,5.655299531,3.91731787
-1.965,5.656894111,3.915724592
-1.9646875,5.65848869,3.91731787
-1.964375,5.65848869,3.916521231
-1.9640625,5.66088056,3.916521231
-1.96375,5.66167785,3.914927953
-1.9634375,5.664867009,3.914927953
-1.963125,5.664867009,3.914131314
-1.9628125,5.664867009,3.912538036
-1.9625,5.665664299,3.912538036
-1.9621875,5.667258878,3.911741397
-1.961875,5.667258878,3.911741397
-1.9615625,5.666461588,3.910944758
-1.96125,5.669650748,3.910148119
-1.9609375,5.672839907,3.910148119
-1.960625,5.672839907,3.90935148
-1.9603125,5.672839907,3.90935148
-1.96,5.673637197,3.908554841
-1.9596875,5.676029066,3.907758202
-1.959375,5.675231776,3.907758202
-1.9590625,5.677623646,3.908554841
-1.95875,5.680015515,3.908554841
-1.9584375,5.682407385,3.907758202
-1.958125,5.683204675,3.908554841
-1.9578125,5.686393834,3.90935148
-1.9575,5.688785703,3.90935148
-1.9571875,5.690380283,3.910148119
-1.956875,5.687988414,3.906961562
-1.9565625,5.686393834,3.906164923
-1.95625,5.689582993,3.906164923
-1.9559375,5.692772152,3.907758202
-1.955625,5.694366732,3.907758202
-1.9553125,5.695164022,3.907758202
-1.955,5.698353181,3.908554841
-1.9546875,5.70154234,3.907758202
-1.954375,5.70154234,3.908554841
-1.9540625,5.7047315,3.907758202
-1.95375,5.708717949,3.908554841
-1.9534375,5.711907108,3.907758202
-1.953125,5.711907108,3.907758202
-1.9528125,5.712704398,3.907758202
-1.9525,5.714298977,3.908554841
-1.9521875,5.714298977,3.907758202
-1.951875,5.715893557,3.906164923
-1.9515625,5.719082716,3.906961562
-1.95125,5.723069165,3.906961562
-1.9509375,5.723069165,3.906961562
-1.950625,5.724663745,3.907758202
-1.9503125,5.727055615,3.907758202
-1.95,5.727852904,3.908554841
-1.9496875,5.732636643,3.910148119
-1.949375,5.736623092,3.912538036
-1.9490625,5.741406831,3.913334675
-1.94875,5.742204121,3.913334675
-1.9484375,5.742204121,3.913334675
-1.948125,5.744595991,3.914131314
-1.9478125,5.744595991,3.913334675
-1.9475,5.74539328,3.914131314
-1.9471875,5.74619057,3.913334675
-1.946875,5.74858244,3.912538036
-1.9465625,5.74778515,3.911741397
-1.94625,5.74698786,3.910944758
-1.9459375,5.74778515,3.910944758
-1.945625,5.74778515,3.90935148
-1.9453125,5.74858244,3.907758202
-1.945,5.74858244,3.907758202
-1.9446875,5.750974309,3.906961562
-1.944375,5.750974309,3.906961562
-1.9440625,5.752568889,3.907758202
-1.94375,5.750974309,3.906164923
-1.9434375,5.750974309,3.905368284
-1.943125,5.750974309,3.905368284
-1.9428125,5.750974309,3.904571645
-1.9425,5.754163468,3.904571645
-1.9421875,5.755758048,3.904571645
-1.941875,5.757352628,3.905368284
-1.9415625,5.758149917,3.905368284
-1.94125,5.758947207,3.905368284
-1.9409375,5.760541787,3.906961562
-1.940625,5.762136366,3.906961562
-1.9403125,5.764528236,3.906164923
-1.94,5.760541787,3.902978367
-1.9396875,5.761339077,3.902978367
-1.939375,5.763730946,3.903775006
-1.9390625,5.762933656,3.903775006
-1.93875,5.766122816,3.903775006
-1.9384375,5.766920105,3.904571645
-1.938125,5.771703844,3.904571645
-1.9378125,5.773298424,3.905368284
-1.9375,5.773298424,3.905368284
-1.9371875,5.774095714,3.906164923
-1.936875,5.776487583,3.907758202
-1.9365625,5.777284873,3.906961562
-1.93625,5.777284873,3.906961562
-1.9359375,5.779676742,3.906164923
-1.935625,5.781271322,3.907758202
-1.9353125,5.781271322,3.906961562
-1.935,5.782865902,3.907758202
-1.9346875,5.783663192,3.908554841
-1.934375,5.784460481,3.907758202
-1.9340625,5.787649641,3.90935148
-1.93375,5.79004151,3.90935148
-1.9334375,5.78924422,3.910148119
-1.933125,5.7908388,3.910944758
-1.9328125,5.794825249,3.914131314
-1.9325,5.797217118,3.914927953
-1.9321875,5.798811698,3.915724592
-1.931875,5.801203567,3.915724592
-1.9315625,5.802798147,3.915724592
-1.93125,5.802798147,3.916521231
-1.9309375,5.802798147,3.914927953
-1.930625,5.802798147,3.914927953
-1.9303125,5.802798147,3.914131314
-1.93,5.806784596,3.914131314
-1.9296875,5.805190017,3.913334675
-1.929375,5.805190017,3.912538036
-1.9290625,5.804392727,3.911741397
-1.92875,5.804392727,3.910944758
-1.9284375,5.802000857,3.90935148
-1.928125,5.802000857,3.908554841
-1.9278125,5.804392727,3.907758202
-1.9275,5.805190017,3.907758202
-1.9271875,5.804392727,3.906961562
-1.926875,5.803595437,3.906164923
-1.9265625,5.802000857,3.905368284
-1.92625,5.802798147,3.904571645
-1.9259375,5.805190017,3.905368284
-1.925625,5.807581886,3.905368284
-1.9253125,5.807581886,3.906961562
-1.925,5.809176466,3.906164923
-1.9246875,5.809973755,3.906961562
-1.924375,5.809973755,3.907758202
-1.9240625,5.814757494,3.907758202
-1.92375,5.814757494,3.907758202
-1.9234375,5.811568335,3.905368284
-1.923125,5.809176466,3.903775006
-1.9228125,5.810771045,3.904571645
-1.9225,5.811568335,3.904571645
-1.9221875,5.813960205,3.904571645
-1.921875,5.816352074,3.905368284
-1.9215625,5.816352074,3.905368284
-1.92125,5.817946654,3.906961562
-1.9209375,5.817946654,3.906164923
-1.920625,5.817149364,3.906961562
-1.9203125,5.820338523,3.906961562
-1.92,5.822730393,3.907758202
-1.9196875,5.822730393,3.907758202
-1.919375,5.822730393,3.907758202
-1.9190625,5.822730393,3.907758202
-1.91875,5.823527682,3.907758202
-1.9184375,5.825122262,3.907758202
-1.918125,5.826716842,3.906961562
-1.9178125,5.826716842,3.906961562
-1.9175,5.827514131,3.906961562
-1.9171875,5.829108711,3.908554841
-1.916875,5.829108711,3.910148119
-1.9165625,5.83229787,3.910148119
-1.91625,5.837878899,3.913334675
-1.9159375,5.840270769,3.914927953
-1.915625,5.841865348,3.915724592
-1.9153125,5.841865348,3.916521231
-1.915,5.843459928,3.916521231
-1.9146875,5.844257218,3.916521231
-1.914375,5.845054507,3.915724592
-1.9140625,5.845054507,3.915724592
-1.91375,5.843459928,3.914131314
-1.9134375,5.842662638,3.914131314
-1.913125,5.841865348,3.913334675
-1.9128125,5.844257218,3.913334675
-1.9125,5.845054507,3.912538036
-1.9121875,5.843459928,3.911741397
-1.911875,5.841865348,3.910148119
-1.9115625,5.840270769,3.90935148
-1.91125,5.839473479,3.908554841
-1.9109375,5.842662638,3.908554841
-1.910625,5.841865348,3.907758202
-1.9103125,5.841068058,3.907758202
-1.91,5.839473479,3.906164923
-1.9096875,5.839473479,3.906164923
-1.909375,5.838676189,3.906164923
-1.9090625,5.842662638,3.905368284
-1.90875,5.841865348,3.906164923
-1.9084375,5.843459928,3.906164923
-1.908125,5.842662638,3.906164923
-1.9078125,5.841865348,3.906961562
-1.9075,5.845054507,3.907758202
-1.9071875,5.847446377,3.908554841
-1.906875,5.844257218,3.906164923
-1.9065625,5.842662638,3.903775006
-1.90625,5.841068058,3.903775006
-1.9059375,5.841865348,3.903775006
-1.905625,5.845851797,3.905368284
-1.9053125,5.845851797,3.904571645
-1.905,5.845851797,3.905368284
-1.9046875,5.846649087,3.906164923
-1.904375,5.848243667,3.906164923
-1.9040625,5.849040956,3.907758202
-1.90375,5.852230116,3.906961562
-1.9034375,5.852230116,3.907758202
-1.903125,5.850635536,3.906961562
-1.9028125,5.850635536,3.906961562
-1.9025,5.850635536,3.907758202
-1.9021875,5.854621985,3.907758202
-1.901875,5.855419275,3.907758202
-1.9015625,5.855419275,3.907758202
-1.90125,5.853824695,3.907758202
-1.9009375,5.852230116,3.907758202
-1.900625,5.853824695,3.907758202
-1.9003125,5.857013855,3.908554841
-1.9,5.857013855,3.908554841
-1.8996875,5.859405724,3.910944758
-1.899375,5.861797594,3.914131314
-1.8990625,5.861000304,3.914131314
-1.89875,5.864189463,3.914927953
-1.8984375,5.865784043,3.914131314
-1.898125,5.866581332,3.914927953
-1.8978125,5.864986753,3.914131314
-1.8975,5.864986753,3.913334675
-1.8971875,5.863392173,3.913334675
-1.896875,5.866581332,3.913334675
-1.8965625,5.863392173,3.912538036
-1.89625,5.863392173,3.911741397
-1.8959375,5.861797594,3.911741397
-1.895625,5.861797594,3.911741397
-1.8953125,5.864189463,3.910944758
-1.895,5.861797594,3.90935148
-1.8946875,5.860203014,3.908554841
-1.894375,5.859405724,3.908554841
-1.8940625,5.857013855,3.906961562
-1.89375,5.860203014,3.906164923
-1.8934375,5.859405724,3.906164923
-1.893125,5.857811144,3.905368284
-1.8928125,5.857013855,3.905368284
-1.8925,5.857013855,3.905368284
-1.8921875,5.858608434,3.906164923
-1.891875,5.861000304,3.906164923
-1.8915625,5.860203014,3.906164923
-1.89125,5.858608434,3.906164923
-1.8909375,5.860203014,3.907758202
-1.890625,5.861000304,3.907758202
-1.8903125,5.862594883,3.907758202
-1.89,5.858608434,3.904571645
-1.8896875,5.857811144,3.903775006
-1.889375,5.857811144,3.905368284
-1.8890625,5.857811144,3.904571645
-1.88875,5.859405724,3.904571645
-1.8884375,5.861797594,3.905368284
-1.888125,5.861797594,3.906164923
-1.8878125,5.861000304,3.906961562
-1.8875,5.861797594,3.906961562
-1.8871875,5.863392173,3.906961562
-1.886875,5.864189463,3.906961562
-1.8865625,5.863392173,3.907758202
-1.88625,5.862594883,3.906961562
-1.8859375,5.861797594,3.906961562
-1.885625,5.863392173,3.907758202
-1.8853125,5.864189463,3.906961562
-1.885,5.863392173,3.907758202
-1.8846875,5.863392173,3.907758202
-1.884375,5.861000304,3.906164923
-1.8840625,5.863392173,3.906961562
-1.88375,5.866581332,3.907758202
-1.8834375,5.865784043,3.908554841
-1.883125,5.865784043,3.90935148
-1.8828125,5.868973202,3.912538036
-1.8825,5.872162361,3.914131314
-1.8821875,5.873756941,3.914927953
-1.881875,5.873756941,3.914927953
-1.8815625,5.872959651,3.915724592
-1.88125,5.872959651,3.915724592
-1.8809375,5.874554231,3.914927953
-1.880625,5.874554231,3.914131314
-1.8803125,5.871365071,3.913334675
-1.88,5.869770492,3.912538036
-1.8796875,5.868175912,3.911741397
-1.879375,5.869770492,3.912538036
-1.8790625,5.871365071,3.911741397
-1.87875,5.868973202,3.910944758
-1.8784375,5.866581332,3.90935148
-1.878125,5.863392173,3.907758202
-1.8778125,5.866581332,3.908554841
-1.8775,5.866581332,3.907758202
-1.8771875,5.864986753,3.907758202
-1.876875,5.862594883,3.906164923
-1.8765625,5.860203014,3.906164923
-1.87625,5.863392173,3.905368284
-1.8759375,5.864189463,3.905368284
-1.875625,5.863392173,3.905368284
-1.8753125,5.861797594,3.906164923
-1.875,5.861000304,3.905368284
-1.8746875,5.863392173,3.905368284
-1.874375,5.864189463,3.906164923
-1.8740625,5.863392173,3.907758202
-1.87375,5.861000304,3.906961562
-1.8734375,5.859405724,3.904571645
-1.873125,5.860203014,3.903775006
-1.8728125,5.859405724,3.903775006
-1.8725,5.857811144,3.903775006
-1.8721875,5.857013855,3.903775006
-1.871875,5.860203014,3.905368284
-1.8715625,5.861797594,3.906164923
-1.87125,5.860203014,3.905368284
-1.8709375,5.860203014,3.906164923
-1.870625,5.859405724,3.906961562
-1.8703125,5.862594883,3.906164923
-1.87,5.862594883,3.906961562
-1.8696875,5.862594883,3.906164923
-1.869375,5.861000304,3.906961562
-1.8690625,5.858608434,3.906961562
-1.86875,5.861797594,3.906164923
-1.8684375,5.861797594,3.907758202
-1.868125,5.861797594,3.907758202
-1.8678125,5.860203014,3.906961562
-1.8675,5.858608434,3.906961562
-1.8671875,5.862594883,3.907758202
-1.866875,5.862594883,3.908554841
-1.8665625,5.862594883,3.90935148
-1.86625,5.864986753,3.912538036
-1.8659375,5.867378622,3.914131314
-1.865625,5.869770492,3.914927953
-1.8653125,5.868175912,3.914927953
-1.865,5.866581332,3.914927953
-1.8646875,5.866581332,3.914927953
-1.864375,5.868175912,3.914927953
-1.8640625,5.868175912,3.914131314
-1.86375,5.865784043,3.913334675
-1.8634375,5.863392173,3.913334675
-1.863125,5.861797594,3.911741397
-1.8628125,5.863392173,3.910944758
-1.8625,5.861000304,3.910148119
-1.8621875,5.861000304,3.910148119
-1.861875,5.857811144,3.90935148
-1.8615625,5.859405724,3.908554841
-1.86125,5.857811144,3.908554841
-1.8609375,5.856216565,3.908554841
-1.860625,5.853027406,3.906961562
-1.8603125,5.851432826,3.906164923
-1.86,5.854621985,3.906164923
-1.8596875,5.852230116,3.905368284
-1.859375,5.850635536,3.905368284
-1.8590625,5.849838246,3.905368284
-1.85875,5.850635536,3.906164923
-1.8584375,5.853027406,3.906164923
-1.858125,5.850635536,3.907758202
-1.8578125,5.850635536,3.908554841
-1.8575,5.852230116,3.908554841
-1.8571875,5.854621985,3.90935148
-1.856875,5.851432826,3.906961562
-1.8565625,5.847446377,3.904571645
-1.85625,5.845054507,3.903775006
-1.8559375,5.847446377,3.903775006
-1.855625,5.848243667,3.904571645
-1.8553125,5.846649087,3.905368284
-1.855,5.845054507,3.904571645
-1.8546875,5.845054507,3.906164923
-1.854375,5.850635536,3.906164923
-1.8540625,5.848243667,3.907758202
-1.85375,5.847446377,3.907758202
-1.8534375,5.846649087,3.907758202
-1.853125,5.848243667,3.908554841
-1.8528125,5.848243667,3.907758202
-1.8525,5.846649087,3.907758202
-1.8521875,5.844257218,3.907758202
-1.851875,5.845054507,3.907758202
-1.8515625,5.847446377,3.907758202
-1.85125,5.845851797,3.907758202
-1.8509375,5.842662638,3.907758202
-1.850625,5.841865348,3.908554841
-1.8503125,5.846649087,3.90935148
-1.85,5.845851797,3.90935148
-1.8496875,5.846649087,3.911741397
-1.849375,5.848243667,3.913334675
-1.8490625,5.849040956,3.914131314
-1.84875,5.850635536,3.914131314
-1.8484375,5.849040956,3.914131314
-1.848125,5.849040956,3.915724592
-1.8478125,5.848243667,3.914927953
-1.8475,5.850635536,3.914927953
-1.8471875,5.847446377,3.913334675
-1.846875,5.845851797,3.913334675
-1.8465625,5.842662638,3.912538036
-1.84625,5.845054507,3.911741397
-1.8459375,5.843459928,3.912538036
-1.845625,5.841068058,3.910944758
-1.8453125,5.838676189,3.90935148
-1.845,5.838676189,3.90935148
-1.8446875,5.837878899,3.908554841
-1.844375,5.836284319,3.908554841
-1.8440625,5.83309516,3.907758202
-1.84375,5.83389245,3.907758202
-1.8434375,5.83389245,3.907758202
-1.843125,5.831500581,3.905368284
-1.8428125,5.829906001,3.906164923
-1.8425,5.828311421,3.906164923
-1.8421875,5.83229787,3.906961562
-1.841875,5.829906001,3.906961562
-1.8415625,5.828311421,3.906164923
-1.84125,5.828311421,3.906961562
-1.8409375,5.831500581,3.907758202
-1.840625,5.830703291,3.907758202
-1.8403125,5.828311421,3.907758202
-1.84,5.824324972,3.905368284
-1.8396875,5.824324972,3.902978367
-1.839375,5.823527682,3.903775006
-1.8390625,5.821135813,3.904571645
-1.83875,5.821135813,3.904571645
-1.8384375,5.821135813,3.905368284
-1.838125,5.824324972,3.905368284
-1.8378125,5.821135813,3.905368284
-1.8375,5.820338523,3.906961562
-1.8371875,5.821135813,3.907758202
-1.836875,5.823527682,3.907758202
-1.8365625,5.821135813,3.907758202
-1.83625,5.818743943,3.906961562
-1.8359375,5.817946654,3.908554841
-1.835625,5.821933103,3.907758202
-1.8353125,5.818743943,3.908554841
-1.835,5.816352074,3.907758202
-1.8346875,5.816352074,3.907758202
-1.834375,5.819541233,3.907758202
-1.8340625,5.817149364,3.908554841
-1.83375,5.815554784,3.90935148
-1.8334375,5.813960205,3.910148119
-1.833125,5.819541233,3.910148119
-1.8328125,5.821933103,3.913334675
-1.8325,5.821135813,3.915724592
-1.8321875,5.819541233,3.915724592
-1.831875,5.823527682,3.915724592
-1.8315625,5.821933103,3.915724592
-1.83125,5.819541233,3.916521231
-1.8309375,5.817946654,3.915724592
-1.830625,5.820338523,3.914927953
-1.8303125,5.817946654,3.914927953
-1.83,5.814757494,3.914131314
-1.8296875,5.811568335,3.913334675
-1.829375,5.814757494,3.913334675
-1.8290625,5.813162915,3.911741397
-1.82875,5.809176466,3.911741397
-1.8284375,5.805190017,3.910148119
-1.828125,5.807581886,3.90935148
-1.8278125,5.805987306,3.90935148
-1.8275,5.803595437,3.908554841
-1.8271875,5.801203567,3.907758202
-1.826875,5.802798147,3.907758202
-1.8265625,5.802000857,3.907758202
-1.82625,5.798811698,3.906164923
-1.8259375,5.795622539,3.906164923
-1.825625,5.799608988,3.906961562
-1.8253125,5.798811698,3.906164923
-1.825,5.797217118,3.906961562
-1.8246875,5.794825249,3.906961562
-1.824375,5.797217118,3.908554841
-1.8240625,5.798014408,3.908554841
-1.82375,5.794027959,3.907758202
-1.8234375,5.78924422,3.906164923
-1.823125,5.7908388,3.904571645
-1.8228125,5.78924422,3.904571645
-1.8225,5.786055061,3.904571645
-1.8221875,5.785257771,3.904571645
-1.821875,5.78844693,3.905368284
-1.8215625,5.78844693,3.906164923
-1.82125,5.786055061,3.906164923
-1.8209375,5.784460481,3.906164923
-1.820625,5.78844693,3.906164923
-1.8203125,5.786852351,3.906961562
-1.82,5.785257771,3.906961562
-1.8196875,5.784460481,3.906961562
-1.819375,5.786852351,3.907758202
-1.8190625,5.784460481,3.906961562
-1.81875,5.782068612,3.907758202
-1.8184375,5.781271322,3.906961562
-1.818125,5.783663192,3.907758202
-1.8178125,5.780474032,3.906164923
-1.8175,5.778082163,3.907758202
-1.8171875,5.779676742,3.906961562
-1.816875,5.781271322,3.908554841
-1.8165625,5.779676742,3.908554841
-1.81625,5.780474032,3.910944758
-1.8159375,5.782865902,3.913334675
-1.815625,5.785257771,3.914927953
-1.8153125,5.784460481,3.914927953
-1.815,5.781271322,3.914927953
-1.8146875,5.784460481,3.914927953
-1.814375,5.783663192,3.914927953
-1.8140625,5.780474032,3.914927953
-1.81375,5.777284873,3.913334675
-1.8134375,5.779676742,3.913334675
-1.813125,5.777284873,3.911741397
-1.8128125,5.773298424,3.911741397
-1.8125,5.770906554,3.910944758
-1.8121875,5.774893004,3.910148119
-1.811875,5.770906554,3.90935148
-1.8115625,5.766920105,3.90935148
-1.81125,5.766122816,3.908554841
-1.8109375,5.766920105,3.908554841
-1.810625,5.764528236,3.907758202
-1.8103125,5.761339077,3.906961562
-1.81,5.759744497,3.905368284
-1.8096875,5.759744497,3.904571645
-1.809375,5.757352628,3.904571645
-1.8090625,5.754960758,3.905368284
-1.80875,5.758149917,3.904571645
-1.8084375,5.757352628,3.905368284
-1.808125,5.754960758,3.906164923
-1.8078125,5.753366178,3.906164923
-1.8075,5.758149917,3.907758202
-1.8071875,5.756555338,3.907758202
-1.806875,5.751771599,3.906164923
-1.8065625,5.74619057,3.902978367
-1.80625,5.749379729,3.903775006
-1.8059375,5.74539328,3.902978367
-1.805625,5.742204121,3.902978367
-1.8053125,5.74619057,3.904571645
-1.805,5.74619057,3.904571645
-1.8046875,5.743798701,3.905368284
-1.804375,5.742204121,3.905368284
-1.8040625,5.744595991,3.905368284
-1.80375,5.743001411,3.906164923
-1.8034375,5.740609541,3.906164923
-1.803125,5.739812252,3.906164923
-1.8028125,5.743001411,3.906164923
-1.8025,5.740609541,3.906961562
-1.8021875,5.737420382,3.906961562
-1.801875,5.738217672,3.906961562
-1.8015625,5.739014962,3.906961562
-1.80125,5.736623092,3.906164923
-1.8009375,5.735028513,3.906961562
-1.800625,5.737420382,3.907758202
-1.8003125,5.737420382,3.908554841
-1.8,5.734231223,3.908554841
-1.7996875,5.735825803,3.910148119
-1.799375,5.741406831,3.912538036
-1.7990625,5.739014962,3.913334675
-1.79875,5.736623092,3.913334675
-1.7984375,5.739014962,3.914131314
-1.798125,5.739812252,3.914131314
-1.7978125,5.736623092,3.914131314
-1.7975,5.733433933,3.913334675
-1.7971875,5.735028513,3.913334675
-1.796875,5.731839353,3.911741397
-1.7965625,5.728650194,3.911741397
-1.79625,5.727055615,3.911741397
-1.7959375,5.727852904,3.910148119
-1.795625,5.724663745,3.910944758
-1.7953125,5.719082716,3.90935148
-1.795,5.721474586,3.908554841
-1.7946875,5.717488137,3.907758202
-1.794375,5.714298977,3.90935148
-1.7940625,5.712704398,3.908554841
-1.79375,5.715096267,3.907758202
-1.7934375,5.710312528,3.907758202
-1.793125,5.7047315,3.907758202
-1.7928125,5.706326079,3.907758202
-1.7925,5.707123369,3.906164923
-1.7921875,5.705528789,3.907758202
-1.791875,5.700745051,3.908554841
-1.7915625,5.707123369,3.908554841
-1.79125,5.70393421,3.908554841
-1.7909375,5.699947761,3.90935148
-1.790625,5.70233963,3.90935148
-1.7903125,5.700745051,3.90935148
-1.79,5.694366732,3.907758202
-1.7896875,5.689582993,3.906164923
-1.789375,5.693569442,3.906961562
-1.7890625,5.690380283,3.906164923
-1.78875,5.688785703,3.906961562
-1.7884375,5.688785703,3.908554841
-1.788125,5.691974863,3.908554841
-1.7878125,5.688785703,3.90935148
-1.7875,5.686393834,3.910148119
-1.7871875,5.691177573,3.910148119
-1.786875,5.688785703,3.910148119
-1.7865625,5.684799254,3.90935148
-1.78625,5.685596544,3.90935148
-1.7859375,5.686393834,3.90935148
-1.785625,5.683204675,3.90935148
-1.7853125,5.680812805,3.90935148
-1.785,5.683204675,3.910148119
-1.7846875,5.680812805,3.910148119
-1.784375,5.678420936,3.910148119
-1.7840625,5.677623646,3.910148119
-1.78375,5.680015515,3.910148119
-1.7834375,5.676029066,3.910944758
-1.783125,5.675231776,3.912538036
-1.7828125,5.683204675,3.916521231
-1.7825,5.681610095,3.918114509
-1.7821875,5.678420936,3.918114509
-1.781875,5.680015515,3.918114509
-1.7815625,5.680015515,3.918114509
-1.78125,5.677623646,3.918114509
-1.7809375,5.674434487,3.91731787
-1.780625,5.676029066,3.91731787
-1.7803125,5.672839907,3.916521231
-1.78,5.669650748,3.916521231
-1.7796875,5.670448038,3.914927953
-1.779375,5.668853458,3.914927953
-1.7790625,5.665664299,3.914131314
-1.77875,5.663272429,3.914131314
-1.7784375,5.663272429,3.911741397
-1.778125,5.65848869,3.910944758
-1.7778125,5.655299531,3.911741397
-1.7775,5.65848869,3.911741397
-1.7771875,5.654502241,3.910148119
-1.776875,5.649718502,3.90935148
-1.7765625,5.652110372,3.90935148
-1.77625,5.651313082,3.90935148
-1.7759375,5.647326633,3.908554841
-1.775625,5.645732053,3.907758202
-1.7753125,5.648921212,3.90935148
-1.775,5.645732053,3.90935148
-1.7746875,5.643340184,3.908554841
-1.774375,5.645732053,3.90935148
-1.7740625,5.644137474,3.90935148
-1.77375,5.640948314,3.90935148
-1.7734375,5.638556445,3.907758202
-1.773125,5.637759155,3.905368284
-1.7728125,5.634569996,3.906164923
-1.7725,5.629786257,3.905368284
-1.7721875,5.635367286,3.906164923
-1.771875,5.632178126,3.906164923
-1.7715625,5.629786257,3.907758202
-1.77125,5.633772706,3.907758202
-1.7709375,5.632975416,3.908554841
-1.770625,5.628988967,3.908554841
-1.7703125,5.629786257,3.90935148
-1.77,5.632178126,3.90935148
-1.7696875,5.628191677,3.90935148
-1.769375,5.624205228,3.90935148
-1.7690625,5.628191677,3.90935148
-1.76875,5.625799808,3.90935148
-1.7684375,5.622610649,3.90935148
-1.768125,5.623407938,3.90935148
-1.7678125,5.622610649,3.90935148
-1.7675,5.618624199,3.90935148
-1.7671875,5.618624199,3.910148119
-1.766875,5.621016069,3.910944758
-1.7665625,5.61782691,3.911741397
-1.76625,5.618624199,3.914927953
-1.7659375,5.625002518,3.915724592
-1.765625,5.622610649,3.916521231
-1.7653125,5.61702962,3.916521231
-1.765,5.622610649,3.91731787
-1.7646875,5.618624199,3.916521231
-1.764375,5.61543504,3.916521231
-1.7640625,5.61543504,3.914927953
-1.76375,5.613840461,3.914927953
-1.7634375,5.609854011,3.914927953
-1.763125,5.607462142,3.913334675
-1.7628125,5.608259432,3.913334675
-1.7625,5.604272983,3.913334675
-1.7621875,5.601881113,3.913334675
-1.761875,5.603475693,3.911741397
-1.7615625,5.598691954,3.910944758
-1.76125,5.593908215,3.910148119
-1.7609375,5.596300085,3.910148119
-1.760625,5.593110925,3.90935148
-1.7603125,5.588327186,3.907758202
-1.76,5.589124476,3.907758202
-1.7596875,5.587529897,3.906164923
-1.759375,5.583543448,3.906164923
-1.7590625,5.582746158,3.906961562
-1.75875,5.584340737,3.906961562
-1.7584375,5.582746158,3.907758202
-1.758125,5.580354288,3.908554841
-1.7578125,5.584340737,3.908554841
-1.7575,5.581151578,3.908554841
-1.7571875,5.577165129,3.908554841
-1.756875,5.579556998,3.906164923
-1.7565625,5.57317868,3.904571645
-1.75625,5.568394941,3.903775006
-1.7559375,5.57317868,3.904571645
-1.755625,5.5715841,3.905368284
-1.7553125,5.566800361,3.905368284
-1.755,5.568394941,3.905368284
-1.7546875,5.568394941,3.906961562
-1.754375,5.565205782,3.906961562
-1.7540625,5.565205782,3.907758202
-1.75375,5.567597651,3.907758202
-1.7534375,5.564408492,3.908554841
-1.753125,5.562016622,3.908554841
-1.7528125,5.564408492,3.908554841
-1.7525,5.561219333,3.908554841
-1.7521875,5.557232884,3.908554841
-1.751875,5.562016622,3.90935148
-1.7515625,5.558030173,3.90935148
-1.75125,5.554043724,3.908554841
-1.7509375,5.557232884,3.908554841
-1.750625,5.554841014,3.90935148
-1.7503125,5.551651855,3.910148119
-1.75,5.554043724,3.910944758
-1.7496875,5.554841014,3.911741397
-1.749375,5.553246434,3.914927953
-1.7490625,5.555638304,3.915724592
-1.74875,5.554841014,3.914927953
-1.7484375,5.550854565,3.915724592
-1.748125,5.552449145,3.91731787
-1.7478125,5.553246434,3.916521231
-1.7475,5.547665406,3.915724592
-1.7471875,5.546070826,3.915724592
-1.746875,5.547665406,3.914927953
-1.7465625,5.542881667,3.914131314
-1.74625,5.539692508,3.914131314
-1.7459375,5.542084377,3.913334675
-1.745625,5.537300638,3.913334675
-1.7453125,5.533314189,3.912538036
-1.745,5.536503348,3.910944758
-1.7446875,5.53092232,3.910148119
-1.744375,5.526935871,3.90935148
-1.7440625,5.53012503,3.908554841
-1.74375,5.524544001,3.907758202
-1.7434375,5.518962972,3.907758202
-1.743125,5.523746711,3.906961562
-1.7428125,5.518962972,3.906961562
-1.7425,5.514179233,3.906961562
-1.7421875,5.518962972,3.906961562
-1.741875,5.515773813,3.906961562
-1.7415625,5.510192784,3.907758202
-1.74125,5.515773813,3.908554841
-1.7409375,5.514179233,3.90935148
-1.740625,5.509395495,3.90935148
-1.7403125,5.510990074,3.907758202
-1.74,5.505409045,3.905368284
-1.7396875,5.499030727,3.905368284
-1.739375,5.500625307,3.904571645
-1.7390625,5.501422596,3.905368284
-1.73875,5.496638858,3.906164923
-1.7384375,5.499030727,3.906164923
-1.738125,5.498233437,3.906961562
-1.7378125,5.495044278,3.908554841
-1.7375,5.496638858,3.908554841
-1.7371875,5.496638858,3.90935148
-1.736875,5.491855119,3.90935148
-1.7365625,5.492652408,3.908554841
-1.73625,5.491057829,3.908554841
-1.7359375,5.48707138,3.908554841
-1.735625,5.48786867,3.908554841
-1.7353125,5.48786867,3.90935148
-1.735,5.483084931,3.908554841
-1.7346875,5.483084931,3.908554841
-1.734375,5.483084931,3.90935148
-1.7340625,5.479098482,3.908554841
-1.73375,5.480693061,3.90935148
-1.7334375,5.480693061,3.910148119
-1.733125,5.477503902,3.911741397
-1.7328125,5.483084931,3.914131314
-1.7325,5.48388222,3.915724592
-1.7321875,5.479895771,3.915724592
-1.731875,5.480693061,3.915724592
-1.7315625,5.481490351,3.91731787
-1.73125,5.476706612,3.915724592
-1.7309375,5.476706612,3.915724592
-1.730625,5.476706612,3.914927953
-1.7303125,5.471125583,3.914927953
-1.73,5.471125583,3.913334675
-1.7296875,5.469531004,3.913334675
-1.729375,5.463949975,3.911741397
-1.7290625,5.465544555,3.910944758
-1.72875,5.465544555,3.911741397
-1.7284375,5.458368946,3.910148119
-1.728125,5.459166236,3.910148119
-1.7278125,5.457571656,3.908554841
-1.7275,5.452787918,3.908554841
-1.7271875,5.452787918,3.907758202
-1.726875,5.451193338,3.906961562
-1.7265625,5.445612309,3.907758202
-1.72625,5.447206889,3.906164923
-1.7259375,5.446409599,3.906961562
-1.725625,5.44162586,3.906164923
-1.7253125,5.44322044,3.906164923
-1.725,5.44162586,3.907758202
-1.7246875,5.437639411,3.906961562
-1.724375,5.44242315,3.907758202
-1.7240625,5.440031281,3.907758202
-1.72375,5.434450252,3.907758202
-1.7234375,5.436044831,3.905368284
-1.723125,5.429666513,3.903775006
-1.7228125,5.424882774,3.903775006
-1.7225,5.429666513,3.903775006
-1.7221875,5.426477354,3.903775006
-1.721875,5.421693615,3.904571645
-1.7215625,5.428071933,3.905368284
-1.72125,5.424882774,3.907758202
-1.7209375,5.420896325,3.906164923
-1.720625,5.426477354,3.906961562
-1.7203125,5.420896325,3.907758202
-1.72,5.416909876,3.907758202
-1.7196875,5.421693615,3.907758202
-1.719375,5.416112586,3.907758202
-1.7190625,5.414518006,3.907758202
-1.71875,5.416909876,3.906961562
-1.7184375,5.411328847,3.906961562
-1.718125,5.410531557,3.907758202
-1.7178125,5.411328847,3.906961562
-1.7175,5.407342398,3.908554841
-1.7171875,5.407342398,3.908554841
-1.716875,5.408139688,3.908554841
-1.7165625,5.404950529,3.90935148
-1.71625,5.408936978,3.912538036
-1.7159375,5.410531557,3.913334675
-1.715625,5.406545108,3.914131314
-1.7153125,5.408139688,3.914927953
-1.715,5.407342398,3.914927953
-1.7146875,5.403355949,3.915724592
-1.714375,5.405747818,3.914927953
-1.7140625,5.402558659,3.914927953
-1.71375,5.39697763,3.914927953
-1.7134375,5.400964079,3.914927953
-1.713125,5.395383051,3.914131314
-1.7128125,5.391396602,3.913334675
-1.7125,5.394585761,3.913334675
-1.7121875,5.389802022,3.913334675
-1.711875,5.387410153,3.911741397
-1.7115625,5.387410153,3.911741397
-1.71125,5.382626414,3.910944758
-1.7109375,5.381829124,3.910148119
-1.710625,5.381829124,3.910148119
-1.7103125,5.376248095,3.908554841
-1.71,5.377045385,3.907758202
-1.7096875,5.373856226,3.906961562
-1.709375,5.369072487,3.906164923
-1.7090625,5.371464356,3.906164923
-1.70875,5.370667066,3.908554841
-1.7084375,5.365086038,3.907758202
-1.708125,5.369869777,3.907758202
-1.7078125,5.365086038,3.907758202
-1.7075,5.362694168,3.908554841
-1.7071875,5.366680617,3.908554841
-1.706875,5.359505009,3.906164923
-1.7065625,5.35472127,3.904571645
-1.70625,5.35631585,3.903775006
-1.7059375,5.350734821,3.903775006
-1.705625,5.350734821,3.903775006
-1.7053125,5.350734821,3.904571645
-1.705,5.347545662,3.905368284
-1.7046875,5.349937531,3.906164923
-1.704375,5.349937531,3.906961562
-1.7040625,5.345153792,3.906164923
-1.70375,5.349140241,3.906164923
-1.7034375,5.345153792,3.906961562
-1.703125,5.341964633,3.906961562
-1.7028125,5.345153792,3.906961562
-1.7025,5.340370053,3.907758202
-1.7021875,5.339572764,3.907758202
-1.701875,5.340370053,3.907758202
-1.7015625,5.335586315,3.907758202
-1.70125,5.336383604,3.906961562
-1.7009375,5.334789025,3.906961562
-1.700625,5.330802576,3.907758202
-1.7003125,5.333991735,3.907758202
-1.7,5.331599865,3.907758202
-1.6996875,5.329207996,3.910148119
-1.699375,5.337180894,3.913334675
-1.6990625,5.332397155,3.914131314
-1.69875,5.330005286,3.914131314
-1.6984375,5.333991735,3.914131314
-1.698125,5.329207996,3.914927953
-1.6978125,5.327613416,3.914131314
-1.6975,5.327613416,3.914131314
-1.6971875,5.324424257,3.914131314
-1.696875,5.325221547,3.913334675
-1.6965625,5.322032388,3.913334675
-1.69625,5.316451359,3.911741397
-1.6959375,5.319640518,3.910944758
-1.695625,5.314059489,3.910148119
-1.6953125,5.31087033,3.910944758
-1.695,5.31246491,3.910148119
-1.6946875,5.305289301,3.910148119
-1.694375,5.305289301,3.910148119
-1.6940625,5.303694722,3.910148119
-1.69375,5.295721824,3.910148119
-1.6934375,5.298910983,3.90935148
-1.693125,5.295721824,3.910148119
-1.6928125,5.287748926,3.910148119
-1.6925,5.293329954,3.90935148
-1.6921875,5.287748926,3.910148119
-1.691875,5.285357056,3.910944758
-1.6915625,5.288546215,3.910944758
-1.69125,5.282167897,3.912538036
-1.6909375,5.284559766,3.913334675
-1.690625,5.284559766,3.913334675
-1.6903125,5.277384158,3.913334675
-1.69,5.277384158,3.90935148
-1.6896875,5.271803129,3.908554841
-1.689375,5.26861397,3.90935148
-1.6890625,5.272600419,3.90935148
-1.68875,5.2662221,3.90935148
-1.6884375,5.26781668,3.910148119
-1.688125,5.26861397,3.911741397
-1.6878125,5.263830231,3.912538036
-1.6875,5.26861397,3.912538036
-1.6871875,5.263830231,3.913334675
-1.686875,5.261438362,3.914131314
-1.6865625,5.263830231,3.914131314
-1.68625,5.258249202,3.913334675
-1.6859375,5.257451912,3.914131314
-1.685625,5.259046492,3.914131314
-1.6853125,5.253465463,3.914131314
-1.685,5.256654623,3.914131314
-1.6846875,5.253465463,3.913334675
-1.684375,5.249479014,3.913334675
-1.6840625,5.252668174,3.913334675
-1.68375,5.248681724,3.914927953
-1.6834375,5.249479014,3.914927953
-1.683125,5.250276304,3.914927953
-1.6828125,5.248681724,3.918911148
-1.6825,5.254262753,3.919707787
-1.6821875,5.250276304,3.920504426
-1.681875,5.247087145,3.920504426
-1.6815625,5.250276304,3.919707787
-1.68125,5.244695275,3.919707787
-1.6809375,5.243897986,3.919707787
-1.680625,5.243100696,3.918911148
-1.6803125,5.237519667,3.918911148
-1.68,5.239114247,3.91731787
-1.6796875,5.234330508,3.91731787
-1.679375,5.230344059,3.915724592
-1.6790625,5.233533218,3.915724592
-1.67875,5.227952189,3.914927953
-1.6784375,5.227154899,3.914131314
-1.678125,5.22476303,3.911741397
-1.6778125,5.218384711,3.911741397
-1.6775,5.22316845,3.912538036
-1.6771875,5.217587422,3.910944758
-1.676875,5.214398262,3.910944758
-1.6765625,5.216790132,3.910944758
-1.67625,5.208817234,3.910148119
-1.6759375,5.210411813,3.90935148
-1.675625,5.208817234,3.910148119
-1.6753125,5.204033495,3.910148119
-1.675,5.208019944,3.910148119
-1.6746875,5.201641625,3.910148119
-1.674375,5.204033495,3.911741397
-1.6740625,5.204033495,3.911741397
-1.67375,5.196857886,3.911741397
-1.6734375,5.198452466,3.90935148
-1.673125,5.191276858,3.908554841
-1.6728125,5.187290409,3.908554841
-1.6725,5.191276858,3.908554841
-1.6721875,5.184898539,3.908554841
-1.671875,5.187290409,3.90935148
-1.6715625,5.186493119,3.910148119
-1.67125,5.18250667,3.910148119
-1.6709375,5.186493119,3.911741397
-1.670625,5.1801148,3.910944758
-1.6703125,5.18250667,3.911741397
-1.67,5.18170938,3.912538036
-1.6696875,5.175331061,3.911741397
-1.669375,5.18091209,3.911741397
-1.6690625,5.176128351,3.912538036
-1.66875,5.172939192,3.912538036
-1.6684375,5.176128351,3.911741397
-1.668125,5.169750033,3.911741397
-1.6678125,5.171344612,3.911741397
-1.6675,5.169750033,3.911741397
-1.6671875,5.167358163,3.911741397
-1.666875,5.170547322,3.913334675
-1.6665625,5.165763584,3.913334675
-1.66625,5.168952743,3.916521231
-1.6659375,5.169750033,3.918114509
-1.665625,5.164966294,3.918114509
-1.6653125,5.169750033,3.918114509
-1.665,5.164966294,3.918911148
-1.6646875,5.164966294,3.919707787
-1.664375,5.166560873,3.919707787
-1.6640625,5.159385265,3.918114509
-1.66375,5.161777134,3.91731787
-1.6634375,5.155398816,3.916521231
-1.663125,5.153006946,3.914927953
-1.6628125,5.154601526,3.914927953
-1.6625,5.148223208,3.914927953
-1.6621875,5.151412367,3.914131314
-1.661875,5.145831338,3.913334675
-1.6615625,5.140250309,3.912538036
-1.66125,5.143439469,3.912538036
-1.6609375,5.13706115,3.913334675
-1.660625,5.13785844,3.911741397
-1.6603125,5.134669281,3.910944758
-1.66,5.129088252,3.910148119
-1.6596875,5.132277411,3.910148119
-1.659375,5.124304513,3.90935148
-1.6590625,5.127493672,3.90935148
-1.65875,5.125101803,3.910148119
-1.6584375,5.121115354,3.910148119
-1.658125,5.125101803,3.910148119
-1.6578125,5.119520774,3.910944758
-1.6575,5.121115354,3.911741397
-1.6571875,5.120318064,3.911741397
-1.656875,5.113142456,3.910148119
-1.6565625,5.113142456,3.907758202
-1.65625,5.106764137,3.907758202
-1.6559375,5.108358717,3.907758202
-1.655625,5.105966847,3.907758202
-1.6553125,5.101183108,3.908554841
-1.655,5.106764137,3.90935148
-1.6546875,5.100385819,3.910148119
-1.654375,5.101980398,3.910148119
-1.6540625,5.101183108,3.911741397
-1.65375,5.097196659,3.912538036
-1.6534375,5.101183108,3.911741397
-1.653125,5.0940075,3.911741397
-1.6528125,5.097196659,3.911741397
-1.6525,5.0940075,3.911741397
-1.6521875,5.089223761,3.912538036
-1.651875,5.0940075,3.912538036
-1.6515625,5.087629182,3.912538036
-1.65125,5.087629182,3.912538036
-1.6509375,5.086831892,3.912538036
-1.650625,5.081250863,3.910944758
-1.6503125,5.086034602,3.911741397
-1.65,5.079656283,3.912538036
-1.6496875,5.084440022,3.914927953
-1.649375,5.084440022,3.918114509
-1.6490625,5.080453573,3.918114509
-1.64875,5.085237312,3.918911148
-1.6484375,5.078858994,3.918911148
-1.648125,5.081250863,3.919707787
-1.6478125,5.078858994,3.918911148
-1.6475,5.075669834,3.918911148
-1.6471875,5.077264414,3.918911148
-1.646875,5.069291516,3.91731787
-1.6465625,5.072480675,3.916521231
-1.64625,5.067696936,3.914927953
-1.6459375,5.063710487,3.915724592
-1.645625,5.066102356,3.914131314
-1.6453125,5.058129458,3.914131314
-1.645,5.061318618,3.914131314
-1.6446875,5.054940299,3.912538036
-1.644375,5.05254843,3.911741397
-1.6440625,5.053345719,3.910944758
-1.64375,5.044575531,3.910944758
-1.6434375,5.05015656,3.910944758
-1.643125,5.042980952,3.910148119
-1.6428125,5.042183662,3.910148119
-1.6425,5.041386372,3.90935148
-1.6421875,5.034210764,3.908554841
-1.641875,5.039791793,3.910148119
-1.6415625,5.034210764,3.90935148
-1.64125,5.036602633,3.910148119
-1.6409375,5.035008054,3.910944758
-1.640625,5.030224315,3.910944758
-1.6403125,5.034210764,3.910944758
-1.64,5.023845996,3.907758202
-1.6396875,5.025440576,3.906961562
-1.639375,5.023048706,3.906961562
-1.6390625,5.020656837,3.906164923
-1.63875,5.021454127,3.906961562
-1.6384375,5.015075808,3.907758202
-1.638125,5.021454127,3.908554841
-1.6378125,5.015075808,3.908554841
-1.6375,5.015873098,3.90935148
-1.6371875,5.015075808,3.910148119
-1.636875,5.011089359,3.910148119
-1.6365625,5.015873098,3.910944758
-1.63625,5.00710291,3.910148119
-1.6359375,5.011089359,3.910148119
-1.635625,5.00710291,3.910148119
-1.6353125,5.003116461,3.910148119
-1.635,5.00630562,3.910148119
-1.6346875,4.999130012,3.910148119
-1.634375,5.003116461,3.910148119
-1.6340625,4.996738142,3.910148119
-1.63375,4.998332722,3.910944758
-1.6334375,4.998332722,3.911741397
-1.633125,4.992751693,3.914131314
-1.6328125,5.002319171,3.915724592
-1.6325,4.996738142,3.91731787
-1.6321875,4.999927302,3.91731787
-1.631875,4.995940853,3.91731787
-1.6315625,4.991954404,3.916521231
-1.63125,4.995143563,3.91731787
-1.6309375,4.986373375,3.916521231
-1.630625,4.991954404,3.916521231
-1.6303125,4.984778795,3.915724592
-1.63,4.982386926,3.915724592
-1.6296875,4.982386926,3.914131314
-1.629375,4.976008607,3.913334675
-1.6290625,4.979995056,3.913334675
-1.62875,4.972819448,3.912538036
-1.6284375,4.975211317,3.911741397
-1.628125,4.968035709,3.910148119
-1.6278125,4.96564384,3.910148119
-1.6275,4.967238419,3.90935148
-1.6271875,4.959265521,3.90935148
-1.626875,4.96404926,3.908554841
-1.6265625,4.955279072,3.907758202
-1.62625,4.956873652,3.906961562
-1.6259375,4.954481782,3.907758202
-1.625625,4.951292623,3.908554841
-1.6253125,4.954481782,3.908554841
-1.625,4.946508884,3.908554841
-1.6246875,4.952089913,3.90935148
-1.624375,4.945711594,3.908554841
-1.6240625,4.947306174,3.908554841
-1.62375,4.945711594,3.90935148
-1.6234375,4.937738696,3.906961562
-1.623125,4.939333276,3.905368284
-1.6228125,4.930563088,3.905368284
-1.6225,4.936941406,3.906164923
-1.6221875,4.932157667,3.906961562
-1.621875,4.932157667,3.907758202
-1.6215625,4.931360377,3.90935148
-1.62125,4.927373928,3.908554841
-1.6209375,4.932157667,3.90935148
-1.620625,4.924184769,3.90935148
-1.6203125,4.928968508,3.90935148
-1.62,4.922590189,3.90935148
-1.6196875,4.924982059,3.910148119
-1.619375,4.922590189,3.910148119
-1.6190625,4.917806451,3.90935148
-1.61875,4.9217929,3.90935148
-1.6184375,4.914617291,3.90935148
-1.618125,4.91940103,3.910148119
-1.6178125,4.912225422,3.90935148
-1.6175,4.913820001,3.908554841
-1.6171875,4.911428132,3.90935148
-1.616875,4.908238973,3.910944758
-1.6165625,4.912225422,3.910944758
-1.61625,4.907441683,3.912538036
-1.6159375,4.915414581,3.914927953
-1.615625,4.909036263,3.915724592
-1.6153125,4.911428132,3.916521231
-1.615,4.908238973,3.915724592
-1.6146875,4.905049813,3.916521231
-1.614375,4.907441683,3.915724592
-1.6140625,4.899468785,3.914927953
-1.61375,4.904252524,3.914131314
-1.6134375,4.894685046,3.914927953
-1.613125,4.896279626,3.914131314
-1.6128125,4.891495887,3.913334675
-1.6125,4.887509438,3.913334675
-1.6121875,4.889104017,3.912538036
-1.611875,4.881131119,3.912538036
-1.6115625,4.885117568,3.910944758
-1.61125,4.87634738,3.910944758
-1.6109375,4.879536539,3.910944758
-1.610625,4.872360931,3.90935148
-1.6103125,4.870766351,3.908554841
-1.61,4.870766351,3.90935148
-1.6096875,4.864388033,3.907758202
-1.609375,4.867577192,3.908554841
-1.6090625,4.858807004,3.907758202
-1.60875,4.865185323,3.907758202
-1.6084375,4.858009714,3.908554841
-1.608125,4.858009714,3.908554841
-1.6078125,4.856415135,3.908554841
-1.6075,4.854820555,3.90935148
-1.6071875,4.857212424,3.90935148
-1.606875,4.847644947,3.908554841
-1.6065625,4.850036816,3.906164923
-1.60625,4.841266628,3.906164923
-1.6059375,4.844455787,3.906164923
-1.605625,4.841266628,3.906164923
-1.6053125,4.842063918,3.906961562
-1.605,4.839672049,3.907758202
-1.6046875,4.835685599,3.908554841
-1.604375,4.840469338,3.908554841
-1.6040625,4.83169915,3.90935148
-1.60375,4.838874759,3.910148119
-1.6034375,4.83169915,3.90935148
-1.603125,4.83329373,3.90935148
-1.6028125,4.829307281,3.90935148
-1.6025,4.827712701,3.90935148
-1.6021875,4.827712701,3.90935148
-1.601875,4.823726252,3.910148119
-1.6015625,4.826915411,3.90935148
-1.60125,4.818942513,3.90935148
-1.6009375,4.825320832,3.910148119
-1.600625,4.818145223,3.910148119
-1.6003125,4.820537093,3.910148119
-1.6,4.817347934,3.910148119
-1.5996875,4.818145223,3.911741397
-1.599375,4.821334383,3.914927953
-1.5990625,4.816550644,3.916521231
-1.59875,4.820537093,3.915724592
-1.5984375,4.813361485,3.914927953
-1.598125,4.818942513,3.916521231
-1.5978125,4.811766905,3.915724592
-1.5975,4.813361485,3.915724592
-1.5971875,4.808577746,3.914927953
-1.596875,4.806983166,3.915724592
-1.5965625,4.805388586,3.914131314
-1.59625,4.800604847,3.914131314
-1.5959375,4.802996717,3.913334675
-1.595625,4.793429239,3.913334675
-1.5953125,4.800604847,3.912538036
-1.595,4.79024008,3.912538036
-1.5946875,4.79103737,3.910148119
-1.594375,4.786253631,3.910148119
-1.5940625,4.785456341,3.90935148
-1.59375,4.784659051,3.908554841
-1.5934375,4.778280733,3.908554841
-1.593125,4.780672602,3.907758202
-1.5928125,4.772699704,3.907758202
-1.5925,4.778280733,3.908554841
-1.5921875,4.774294284,3.910944758
-1.591875,4.779078022,3.910944758
-1.5915625,4.773496994,3.911741397
-1.59125,4.774294284,3.911741397
-1.5909375,4.771902414,3.912538036
-1.590625,4.771105124,3.911741397
-1.5903125,4.769510545,3.911741397
-1.59,4.763132226,3.910148119
-1.5896875,4.764726806,3.908554841
-1.589375,4.757551197,3.907758202
-1.5890625,4.761537646,3.907758202
-1.58875,4.754362038,3.908554841
-1.5884375,4.759943067,3.908554841
-1.588125,4.755159328,3.90935148
-1.5878125,4.756753908,3.910148119
-1.5875,4.753564748,3.910148119
-1.5871875,4.752767458,3.910944758
-1.586875,4.753564748,3.911741397
-1.5865625,4.74798372,3.911741397
-1.58625,4.751970169,3.911741397
-1.5859375,4.743997271,3.911741397
-1.585625,4.748781009,3.912538036
-1.5853125,4.740010821,3.911741397
-1.585,4.74559185,3.910944758
-1.5846875,4.737618952,3.910944758
-1.584375,4.740010821,3.911741397
-1.5840625,4.736024372,3.911741397
-1.58375,4.736821662,3.911741397
-1.5834375,4.736024372,3.912538036
-1.583125,4.732037923,3.913334675
-1.5828125,4.738416242,3.915724592
-1.5825,4.733632503,3.91731787
-1.5821875,4.739213532,3.918114509
-1.581875,4.730443344,3.918911148
-1.5815625,4.737618952,3.918911148
-1.58125,4.728051474,3.918911148
-1.5809375,4.730443344,3.918114509
-1.580625,4.724862315,3.91731787
-1.5803125,4.725659605,3.916521231
-1.58,4.721673156,3.916521231
-1.5796875,4.717686707,3.915724592
-1.579375,4.718483996,3.914927953
-1.5790625,4.713700257,3.914131314
-1.57875,4.715294837,3.914131314
-1.5784375,4.705727359,3.914131314
-1.578125,4.710511098,3.912538036
-1.5778125,4.70094362,3.912538036
-1.5775,4.706524649,3.912538036
-1.5771875,4.697754461,3.912538036
-1.576875,4.700146331,3.910944758
-1.5765625,4.693768012,3.911741397
-1.57625,4.692970722,3.910148119
-1.5759375,4.689781563,3.910944758
-1.575625,4.688186983,3.910148119
-1.5753125,4.688984273,3.910944758
-1.575,4.683403244,3.911741397
-1.5746875,4.686592404,3.911741397
-1.574375,4.680214085,3.912538036
-1.5740625,4.684200534,3.911741397
-1.57375,4.675430346,3.912538036
-1.5734375,4.680214085,3.910944758
-1.573125,4.669052028,3.907758202
-1.5728125,4.672241187,3.907758202
-1.5725,4.665862868,3.907758202
-1.5721875,4.669052028,3.908554841
-1.571875,4.664268289,3.90935148
-1.5715625,4.665862868,3.90935148
-1.57125,4.663470999,3.910148119
-1.5709375,4.661876419,3.910148119
-1.570625,4.66107913,3.910944758
-1.5703125,4.65868726,3.911741397
-1.57,4.66107913,3.912538036
-1.5696875,4.654700811,3.910944758
-1.569375,4.65788997,3.910944758
-1.5690625,4.649917072,3.911741397
-1.56875,4.65709268,3.912538036
-1.5684375,4.646727913,3.911741397
-1.568125,4.653106231,3.910944758
-1.5678125,4.644336043,3.911741397
-1.5675,4.649917072,3.910944758
-1.5671875,4.642741464,3.911741397
-1.566875,4.645133333,3.912538036
-1.5665625,4.640349594,3.911741397
-1.56625,4.645133333,3.914927953
-1.5659375,4.644336043,3.91731787
-1.565625,4.643538754,3.918114509
-1.5653125,4.643538754,3.918911148
-1.565,4.640349594,3.918114509
-1.5646875,4.641146884,3.918911148
-1.564375,4.635565855,3.918911148
-1.5640625,4.638755015,3.918911148
-1.56375,4.630782117,3.918911148
-1.5634375,4.634768566,3.918114509
-1.563125,4.624403798,3.916521231
-1.5628125,4.631579406,3.916521231
-1.5625,4.621214639,3.914927953
-1.5621875,4.625998378,3.914927953
-1.561875,4.6164309,3.914131314
-1.5615625,4.619620059,3.912538036
-1.56125,4.612444451,3.911741397
-1.5609375,4.61403903,3.911741397
-1.560625,4.607660712,3.910148119
-1.5603125,4.607660712,3.90935148
-1.56,4.604471553,3.90935148
-1.5596875,4.602876973,3.90935148
-1.559375,4.599687814,3.907758202
-1.5590625,4.597295944,3.907758202
-1.55875,4.599687814,3.908554841
-1.5584375,4.594106785,3.908554841
-1.558125,4.595701365,3.908554841
-1.5578125,4.590120336,3.90935148
-1.5575,4.594904075,3.910148119
-1.5571875,4.586133887,3.910148119
-1.556875,4.590917626,3.90935148
-1.5565625,4.578160989,3.906961562
-1.55625,4.583742017,3.906164923
-1.5559375,4.57337725,3.906164923
-1.555625,4.580552858,3.906164923
-1.5553125,4.57098538,3.907758202
-1.555,4.577363699,3.908554841
-1.5546875,4.57018809,3.908554841
-1.554375,4.576566409,3.90935148
-1.5540625,4.566998931,3.908554841
-1.55375,4.568593511,3.907758202
-1.5534375,4.563809772,3.908554841
-1.553125,4.565404352,3.907758202
-1.5528125,4.560620613,3.908554841
-1.5525,4.560620613,3.907758202
-1.5521875,4.558228743,3.907758202
-1.551875,4.557431453,3.907758202
-1.5515625,4.555039584,3.908554841
-1.55125,4.551850425,3.907758202
-1.5509375,4.551850425,3.907758202
-1.550625,4.548661265,3.906961562
-1.5503125,4.550255845,3.908554841
-1.55,4.546269396,3.90935148
-1.5496875,4.550255845,3.910148119
-1.549375,4.547863976,3.913334675
-1.5490625,4.551053135,3.913334675
-1.54875,4.546269396,3.914927953
-1.5484375,4.550255845,3.914131314
-1.548125,4.543877527,3.914927953
-1.5478125,4.547066686,3.914927953
-1.5475,4.539093788,3.914927953
-1.5471875,4.544674816,3.914131314
-1.546875,4.534310049,3.913334675
-1.5465625,4.538296498,3.912538036
-1.54625,4.52793173,3.912538036
-1.5459375,4.533512759,3.911741397
-1.545625,4.523945281,3.910148119
-1.5453125,4.52952631,3.90935148
-1.545,4.518364252,3.907758202
-1.5446875,4.524742571,3.907758202
-1.544375,4.514377803,3.907758202
-1.5440625,4.519161542,3.907758202
-1.54375,4.508796775,3.906164923
-1.5434375,4.514377803,3.905368284
-1.543125,4.505607615,3.905368284
-1.5428125,4.508796775,3.904571645
-1.5425,4.500823876,3.905368284
-1.5421875,4.505607615,3.904571645
-1.541875,4.498432007,3.906164923
-1.5415625,4.501621166,3.906164923
-1.54125,4.495242848,3.907758202
-1.5409375,4.499229297,3.906164923
-1.540625,4.495242848,3.908554841
-1.5403125,4.496040138,3.908554841
-1.54,4.48647266,3.907758202
-1.5396875,4.48647266,3.906164923
-1.539375,4.481688921,3.906961562
-1.5390625,4.481688921,3.906961562
-1.53875,4.477702472,3.907758202
-1.5384375,4.478499762,3.908554841
-1.538125,4.475310602,3.90935148
-1.5378125,4.473716023,3.90935148
-1.5375,4.472918733,3.90935148
-1.5371875,4.472918733,3.910148119
-1.536875,4.472121443,3.910944758
-1.5365625,4.468932284,3.911741397
-1.53625,4.468134994,3.910944758
-1.5359375,4.466540414,3.912538036
-1.535625,4.464945835,3.912538036
-1.5353125,4.462553965,3.912538036
-1.535,4.462553965,3.912538036
-1.5346875,4.460162096,3.912538036
-1.534375,4.458567516,3.911741397
-1.5340625,4.456175647,3.911741397
-1.53375,4.456175647,3.912538036
-1.5334375,4.453783777,3.913334675
-1.533125,4.453783777,3.914131314
-1.5328125,4.455378357,3.918114509
-1.5325,4.456972936,3.918911148
-1.5321875,4.454581067,3.920504426
-1.531875,4.453783777,3.921301065
-1.5315625,4.451391908,3.920504426
-1.53125,4.451391908,3.920504426
-1.5309375,4.447405459,3.919707787
-1.530625,4.446608169,3.920504426
-1.5303125,4.44262172,3.918911148
-1.53,4.44182443,3.918114509
-1.5296875,4.439432561,3.918114509
-1.529375,4.437040691,3.91731787
-1.5290625,4.433054242,3.916521231
-1.52875,4.432256952,3.915724592
-1.5284375,4.429865083,3.914927953
-1.528125,4.426675923,3.914927953
-1.5278125,4.425081344,3.914131314
-1.5275,4.422689474,3.914131314
-1.5271875,4.421094895,3.914131314
-1.526875,4.417905735,3.913334675
-1.5265625,4.417108446,3.912538036
-1.52625,4.413919286,3.912538036
-1.5259375,4.413121997,3.910944758
-1.525625,4.409932837,3.911741397
-1.5253125,4.409135547,3.911741397
-1.525,4.406743678,3.912538036
-1.5246875,4.407540968,3.911741397
-1.524375,4.404351809,3.911741397
-1.5240625,4.405149098,3.913334675
-1.52375,4.401959939,3.913334675
-1.5234375,4.39956807,3.910148119
-1.523125,4.393189751,3.908554841
-1.5228125,4.393189751,3.907758202
-1.5225,4.388406012,3.908554841
-1.5221875,4.391595172,3.908554841
-1.521875,4.386811433,3.90935148
-1.5215625,4.390000592,3.910944758
-1.52125,4.384419563,3.910944758
-1.5209375,4.388406012,3.910944758
-1.520625,4.380433114,3.910944758
-1.5203125,4.383622273,3.911741397
-1.52,4.376446665,3.910148119
-1.5196875,4.382027694,3.911741397
-1.519375,4.374852085,3.911741397
-1.5190625,4.378041245,3.911741397
-1.51875,4.370865636,3.912538036
-1.5184375,4.375649375,3.911741397
-1.518125,4.366081897,3.911741397
-1.5178125,4.372460216,3.912538036
-1.5175,4.361298158,3.911741397
-1.5171875,4.369271057,3.912538036
-1.516875,4.361298158,3.913334675
-1.5165625,4.366879187,3.913334675
-1.51625,4.359703579,3.915724592
-1.5159375,4.370068346,3.918114509
-1.515625,4.359703579,3.91731787
-1.5153125,4.366081897,3.918114509
-1.515,4.357311709,3.918114509
-1.5146875,4.364487318,3.918911148
-1.514375,4.35491984,3.91731787
-1.5140625,4.358906289,3.91731787
-1.51375,4.350136101,3.91731787
-1.5134375,4.35412255,3.91731787
-1.513125,4.347744232,3.916521231
-1.5128125,4.348541521,3.915724592
-1.5125,4.343757783,3.914927953
-1.5121875,4.343757783,3.914131314
-1.511875,4.340568623,3.913334675
-1.5115625,4.337379464,3.912538036
-1.51125,4.334190305,3.912538036
-1.5109375,4.332595725,3.912538036
-1.510625,4.331798435,3.910148119
-1.5103125,4.327014696,3.910148119
-1.51,4.326217407,3.90935148
-1.5096875,4.321433668,3.908554841
-1.509375,4.322230957,3.907758202
-1.5090625,4.315852639,3.907758202
-1.50875,4.318244508,3.908554841
-1.5084375,4.31266348,3.90935148
-1.508125,4.318244508,3.90935148
-1.5078125,4.30947432,3.90935148
-1.5075,4.315852639,3.910148119
-1.5071875,4.306285161,3.910148119
-1.506875,4.313460769,3.910148119
-1.5065625,4.299109553,3.907758202
-1.50625,4.303893292,3.906164923
-1.5059375,4.295123104,3.907758202
-1.505625,4.300704132,3.906164923
-1.5053125,4.293528524,3.907758202
-1.505,4.297514973,3.907758202
-1.5046875,4.291136655,3.907758202
-1.504375,4.294325814,3.908554841
-1.5040625,4.289542075,3.90935148
-1.50375,4.291136655,3.90935148
-1.5034375,4.287947495,3.910148119
-1.503125,4.286352916,3.910148119
-1.5028125,4.285555626,3.910148119
-1.5025,4.281569177,3.910944758
-1.5021875,4.282366467,3.911741397
-1.501875,4.277582728,3.911741397
-1.5015625,4.279974597,3.910944758
-1.50125,4.273596279,3.911741397
-1.5009375,4.277582728,3.912538036
-1.500625,4.26801525,3.911741397
-1.5003125,4.275988148,3.912538036
-1.5,4.26801525,3.913334675
-1.4996875,4.275988148,3.914927953
-1.499375,4.26801525,3.91731787
-1.4990625,4.276785438,3.91731787
-1.49875,4.26801525,3.918114509
-1.4984375,4.272798989,3.918114509
-1.498125,4.26562338,3.918911148
-1.4978125,4.26881254,3.918114509
-1.4975,4.262434221,3.91731787
-1.4971875,4.262434221,3.91731787
-1.496875,4.258447772,3.91731787
-1.4965625,4.256853192,3.916521231
-1.49625,4.255258613,3.915724592
-1.4959375,4.252069454,3.914131314
-1.495625,4.251272164,3.913334675
-1.4953125,4.245691135,3.912538036
-1.495,4.247285715,3.912538036
-1.4946875,4.238515527,3.910944758
-1.494375,4.243299266,3.911741397
-1.4940625,4.233731788,3.910148119
-1.49375,4.240907396,3.910148119
-1.4934375,4.229745339,3.910148119
-1.493125,4.235326367,3.90935148
-1.4928125,4.22575889,3.908554841
-1.4925,4.228150759,3.90935148
-1.4921875,4.22416431,3.90935148
-1.491875,4.2249616,3.90935148
-1.4915625,4.220975151,3.90935148
-1.49125,4.220177861,3.910148119
-1.4909375,4.220975151,3.910944758
-1.490625,4.216988702,3.911741397
-1.4903125,4.218583281,3.910944758
-1.49,4.209015803,3.907758202
-1.4896875,4.212204963,3.906164923
-1.489375,4.203434775,3.906164923
-1.4890625,4.209813093,3.906164923
-1.48875,4.200245616,3.906164923
-1.4884375,4.207421224,3.907758202
-1.488125,4.200245616,3.906961562
-1.4878125,4.205029354,3.908554841
-1.4875,4.198651036,3.908554841
-1.4871875,4.201042905,3.90935148
-1.486875,4.197853746,3.90935148
-1.4865625,4.197056456,3.910148119
-1.48625,4.196259166,3.90935148
-1.4859375,4.191475428,3.90935148
-1.485625,4.194664587,3.90935148
-1.4853125,4.187488978,3.90935148
-1.485,4.193070007,3.90935148
-1.4846875,4.18111066,3.90935148
-1.484375,4.189880848,3.90935148
-1.4840625,4.18111066,3.910148119
-1.48375,4.185894399,3.910148119
-1.4834375,4.17951608,3.910944758
-1.483125,4.18270524,3.911741397
-1.4828125,4.18270524,3.913334675
-1.4825,4.18190795,3.915724592
-1.4821875,4.18190795,3.915724592
-1.481875,4.177921501,3.916521231
-1.4815625,4.18031337,3.915724592
-1.48125,4.173935052,3.91731787
-1.4809375,4.177921501,3.915724592
-1.480625,4.167556733,3.914927953
-1.4803125,4.174732341,3.914927953
-1.48,4.163570284,3.914927953
-1.4796875,4.168354023,3.914131314
-1.479375,4.159583835,3.913334675
-1.4790625,4.161178414,3.912538036
-1.47875,4.157191965,3.912538036
-1.4784375,4.155597386,3.911741397
-1.478125,4.153205516,3.910148119
-1.4778125,4.148421777,3.910148119
-1.4775,4.151610937,3.910148119
-1.4771875,4.142840749,3.90935148
-1.476875,4.146827198,3.90935148
-1.4765625,4.13566514,3.90935148
-1.47625,4.144435328,3.90935148
-1.4759375,4.134070561,3.907758202
-1.475625,4.13805701,3.908554841
-1.4753125,4.132475981,3.910148119
-1.475,4.133273271,3.910148119
-1.4746875,4.131678691,3.90935148
-1.474375,4.130084112,3.910148119
-1.4740625,4.130881401,3.910148119
-1.47375,4.125300373,3.910148119
-1.4734375,4.127692242,3.907758202
-1.473125,4.114138315,3.906164923
-1.4728125,4.121313924,3.906164923
-1.4725,4.112543736,3.905368284
-1.4721875,4.116530185,3.906164923
-1.471875,4.111746446,3.905368284
-1.4715625,4.113341025,3.906961562
-1.47125,4.110949156,3.908554841
-1.4709375,4.108557287,3.908554841
-1.470625,4.110949156,3.90935148
-1.4703125,4.103773548,3.908554841
-1.47,4.109354576,3.908554841
-1.4696875,4.099787099,3.90935148
-1.469375,4.107759997,3.908554841
-1.4690625,4.098989809,3.907758202
-1.46875,4.102178968,3.908554841
-1.4684375,4.097395229,3.90935148
-1.468125,4.09580065,3.908554841
-1.4678125,4.09580065,3.908554841
-1.4675,4.091016911,3.90935148
-1.4671875,4.09500336,3.90935148
-1.466875,4.084638592,3.910148119
-1.4665625,4.09420607,3.910944758
-1.46625,4.086233172,3.913334675
-1.4659375,4.09420607,3.914927953
-1.465625,4.088625041,3.916521231
-1.4653125,4.090219621,3.916521231
-1.465,4.088625041,3.91731787
-1.4646875,4.084638592,3.918114509
-1.464375,4.085435882,3.91731787
-1.4640625,4.075071114,3.918114509
-1.46375,4.083044012,3.915724592
-1.4634375,4.070287375,3.91731787
-1.463125,4.076665694,3.915724592
-1.4628125,4.066300926,3.915724592
-1.4625,4.067098216,3.914131314
-1.4621875,4.065503636,3.914131314
-1.461875,4.060719898,3.913334675
-1.4615625,4.059922608,3.913334675
-1.46125,4.05194971,3.912538036
-1.4609375,4.059125318,3.911741397
-1.460625,4.04876055,3.910944758
-1.4603125,4.05194971,3.910148119
-1.46,4.044774101,3.910944758
-1.4596875,4.046368681,3.910148119
-1.459375,4.042382232,3.90935148
-1.4590625,4.039193073,3.90935148
-1.45875,4.039990362,3.90935148
-1.4584375,4.032814754,3.90935148
-1.458125,4.040787652,3.90935148
-1.4578125,4.029625595,3.908554841
-1.4575,4.037598493,3.910148119
-1.4571875,4.030422885,3.911741397
-1.456875,4.031220174,3.910148119
-1.4565625,4.025639146,3.907758202
-1.45625,4.021652697,3.906961562
-1.4559375,4.023247276,3.907758202
-1.455625,4.014477088,3.907758202
-1.4553125,4.024044566,3.907758202
-1.455,4.013679798,3.90935148
-1.4546875,4.019260827,3.90935148
-1.454375,4.013679798,3.910148119
-1.4540625,4.016071668,3.910944758
-1.45375,4.013679798,3.910944758
-1.4534375,4.009693349,3.910944758
-1.453125,4.012085219,3.910944758
-1.4528125,4.002517741,3.910944758
-1.4525,4.011287929,3.910148119
-1.4521875,4.002517741,3.910148119
-1.451875,4.00650419,3.910148119
-1.4515625,4.000125872,3.910148119
-1.45125,3.998531292,3.910148119
-1.4509375,3.998531292,3.910148119
-1.450625,3.991355684,3.910148119
-1.4503125,3.998531292,3.910944758
-1.45,3.989761104,3.910944758
-1.4496875,3.998531292,3.913334675
-1.449375,3.994544843,3.915724592
-1.4490625,3.996936712,3.91731787
-1.44875,3.995342133,3.918114509
-1.4484375,3.990558394,3.916521231
-1.448125,3.994544843,3.91731787
-1.4478125,3.984977365,3.91731787
-1.4475,3.992152973,3.916521231
-1.4471875,3.982585496,3.91731787
-1.446875,3.984977365,3.916521231
-1.4465625,3.980990916,3.915724592
-1.44625,3.976207177,3.914927953
-1.4459375,3.977004467,3.913334675
-1.445625,3.967436989,3.913334675
-1.4453125,3.975409887,3.911741397
-1.445,3.96424783,3.911741397
-1.4446875,3.967436989,3.911741397
-1.444375,3.96265325,3.912538036
-1.4440625,3.96105867,3.911741397
-1.44375,3.96105867,3.910148119
-1.4434375,3.952288482,3.910148119
-1.443125,3.957869511,3.90935148
-1.4428125,3.948302033,3.90935148
-1.4425,3.953085772,3.907758202
-1.4421875,3.947504744,3.908554841
-1.441875,3.947504744,3.90935148
-1.4415625,3.946707454,3.90935148
-1.44125,3.939531845,3.90935148
-1.4409375,3.949099323,3.910148119
-1.440625,3.938734556,3.90935148
-1.4403125,3.942721005,3.90935148
-1.44,3.933153527,3.906961562
-1.4396875,3.929167078,3.905368284
-1.439375,3.930761657,3.905368284
-1.4390625,3.922788759,3.905368284
-1.43875,3.931558947,3.906164923
-1.4384375,3.92119418,3.905368284
-1.438125,3.927572498,3.906164923
-1.4378125,3.923586049,3.907758202
-1.4375,3.922788759,3.907758202
-1.4371875,3.923586049,3.908554841
-1.436875,3.917207731,3.90935148
-1.4365625,3.924383339,3.90935148
-1.43625,3.914815861,3.90935148
-1.4359375,3.91880231,3.90935148
-1.435625,3.913221281,3.908554841
-1.4353125,3.911626702,3.90935148
-1.435,3.913221281,3.910148119
-1.4346875,3.905248383,3.908554841
-1.434375,3.911626702,3.90935148
-1.4340625,3.902856514,3.907758202
-1.43375,3.908437543,3.90935148
-1.4334375,3.905248383,3.90935148
-1.433125,3.902059224,3.90935148
-1.4328125,3.906842963,3.913334675
-1.4325,3.899667355,3.914131314
-1.4321875,3.910032122,3.914927953
-1.431875,3.901261934,3.915724592
-1.4315625,3.903653804,3.915724592
-1.43125,3.901261934,3.91731787
-1.4309375,3.895680906,3.915724592
-1.430625,3.899667355,3.915724592
-1.4303125,3.889302587,3.914927953
-1.43,3.894883616,3.913334675
-1.4296875,3.886113428,3.913334675
-1.429375,3.886113428,3.912538036
-1.4290625,3.886113428,3.911741397
-1.42875,3.87814053,3.912538036
-1.4284375,3.882126979,3.910944758
-1.428125,3.869370342,3.910944758
-1.4278125,3.87574866,3.90935148
-1.4275,3.869370342,3.910148119
-1.4271875,3.865383892,3.910148119
-1.426875,3.866978472,3.90935148
-1.4265625,3.856613704,3.90935148
-1.42625,3.866978472,3.907758202
-1.4259375,3.855816415,3.908554841
-1.425625,3.858208284,3.908554841
-1.4253125,3.855019125,3.90935148
-1.425,3.850235386,3.910148119
-1.4246875,3.855816415,3.90935148
-1.424375,3.847046227,3.910148119
-1.4240625,3.853424545,3.911741397
-1.42375,3.847046227,3.911741397
-1.4234375,3.843059778,3.90935148
-1.423125,3.843059778,3.907758202
-1.4228125,3.8334923,3.906164923
-1.4225,3.842262488,3.906961562
-1.4221875,3.8334923,3.907758202
-1.421875,3.835884169,3.907758202
-1.4215625,3.835086879,3.907758202
-1.42125,3.830303141,3.90935148
-1.4209375,3.835086879,3.910148119
-1.420625,3.826316691,3.910148119
-1.4203125,3.83269501,3.910148119
-1.42,3.827911271,3.910944758
-1.4196875,3.825519402,3.910944758
-1.419375,3.827911271,3.911741397
-1.4190625,3.818343793,3.910148119
-1.41875,3.827113981,3.910944758
-1.4184375,3.817546503,3.90935148
-1.418125,3.817546503,3.90935148
-1.4178125,3.817546503,3.90935148
-1.4175,3.808776315,3.908554841
-1.4171875,3.817546503,3.90935148
-1.416875,3.810370895,3.910944758
-1.4165625,3.811965475,3.910944758
-1.41625,3.811965475,3.913334675
-1.4159375,3.808776315,3.914927953
-1.415625,3.815951924,3.916521231
-1.4153125,3.807181736,3.91731787
-1.415,3.811965475,3.916521231
-1.4146875,3.807181736,3.91731787
-1.414375,3.803992577,3.916521231
-1.4140625,3.806384446,3.915724592
-1.41375,3.796816968,3.915724592
-1.4134375,3.803195287,3.914927953
-1.413125,3.795222389,3.914131314
-1.4128125,3.794425099,3.913334675
-1.4125,3.794425099,3.912538036
-1.4121875,3.785654911,3.911741397
-1.411875,3.792830519,3.910944758
-1.4115625,3.781668462,3.90935148
-1.41125,3.781668462,3.910148119
-1.4109375,3.781668462,3.910148119
-1.410625,3.772100984,3.910148119
-1.4103125,3.780073882,3.90935148
-1.41,3.769709114,3.908554841
-1.4096875,3.772898274,3.907758202
-1.409375,3.769709114,3.907758202
-1.4090625,3.764128086,3.907758202
-1.40875,3.769709114,3.908554841
-1.4084375,3.760938926,3.908554841
-1.408125,3.764925376,3.907758202
-1.4078125,3.760938926,3.908554841
-1.4075,3.757749767,3.910148119
-1.4071875,3.762533506,3.910148119
-1.406875,3.752168739,3.90935148
-1.4065625,3.755357898,3.906961562
-1.40625,3.748182289,3.905368284
-1.4059375,3.74499313,3.905368284
-1.405625,3.748979579,3.906164923
-1.4053125,3.739412101,3.905368284
-1.405,3.74579042,3.906961562
-1.4046875,3.741803971,3.906961562
-1.404375,3.740209391,3.907758202
-1.4040625,3.742601261,3.907758202
-1.40375,3.733831073,3.907758202
-1.4034375,3.742601261,3.908554841
-1.403125,3.735425652,3.908554841
-1.4028125,3.732236493,3.908554841
-1.4025,3.734628363,3.907758202
-1.4021875,3.725060885,3.908554841
-1.401875,3.733831073,3.90935148
-1.4015625,3.726655464,3.907758202
-1.40125,3.725060885,3.908554841
-1.4009375,3.726655464,3.907758202
-1.400625,3.717885276,3.907758202
-1.4003125,3.726655464,3.90935148
-1.4,3.721074436,3.910944758
-1.3996875,3.718682566,3.912538036
-1.399375,3.725060885,3.913334675
-1.3990625,3.717087987,3.914927953
-1.39875,3.724263595,3.914927953
-1.3984375,3.718682566,3.915724592
-1.398125,3.715493407,3.916521231
-1.3978125,3.719479856,3.915724592
-1.3975,3.709912378,3.914927953
-1.3971875,3.716290697,3.914131314
-1.396875,3.710709668,3.914927953
-1.3965625,3.705128639,3.913334675
-1.39625,3.708317799,3.912538036
-1.3959375,3.699547611,3.912538036
-1.395625,3.70353406,3.911741397
-1.3953125,3.698750321,3.910944758
-1.395,3.692372002,3.910148119
-1.3946875,3.695561162,3.908554841
-1.394375,3.685993684,3.90935148
-1.3940625,3.689980133,3.908554841
-1.39375,3.685993684,3.907758202
-1.3934375,3.678020786,3.908554841
-1.393125,3.685993684,3.906961562
-1.3928125,3.674034336,3.908554841
-1.3925,3.675628916,3.906961562
-1.3921875,3.675628916,3.907758202
-1.391875,3.665264148,3.910148119
-1.3915625,3.675628916,3.907758202
-1.39125,3.665264148,3.910148119
-1.3909375,3.666061438,3.910148119
-1.390625,3.669250598,3.910148119
-1.3903125,3.65888583,3.913334675
-1.39,3.664466859,3.910148119
-1.3896875,3.653304801,3.90935148
-1.389375,3.650115642,3.90935148
-1.3890625,3.654899381,3.90935148
-1.38875,3.644534613,3.908554841
-1.3884375,3.652507511,3.910148119
-1.388125,3.646926483,3.910148119
-1.3878125,3.642940034,3.910944758
-1.3875,3.649318352,3.911741397
-1.3871875,3.641345454,3.912538036
-1.386875,3.645331903,3.913334675
-1.3865625,3.641345454,3.913334675
-1.38625,3.634967135,3.913334675
-1.3859375,3.644534613,3.913334675
-1.385625,3.634967135,3.912538036
-1.3853125,3.635764425,3.913334675
-1.385,3.635764425,3.913334675
-1.3846875,3.626994237,3.912538036
-1.384375,3.635764425,3.912538036
-1.3840625,3.627791527,3.911741397
-1.38375,3.626994237,3.913334675
-1.3834375,3.630980686,3.914927953
-1.383125,3.622210498,3.914927953
-1.3828125,3.630980686,3.916521231
-1.3825,3.628588817,3.918911148
-1.3821875,3.624602368,3.919707787
-1.381875,3.630183397,3.920504426
-1.3815625,3.621413209,3.920504426
-1.38125,3.625399658,3.920504426
-1.3809375,3.623805078,3.919707787
-1.380625,3.6142376,3.918911148
-1.3803125,3.622210498,3.918911148
-1.38,3.61344031,3.918911148
-1.3796875,3.611845731,3.918114509
-1.379375,3.612643021,3.916521231
-1.3790625,3.603872833,3.916521231
-1.37875,3.609453861,3.915724592
-1.3784375,3.602278253,3.914927953
-1.378125,3.596697224,3.914131314
-1.3778125,3.602278253,3.914131314
-1.3775,3.592710775,3.912538036
-1.3771875,3.592710775,3.912538036
-1.376875,3.591116196,3.912538036
-1.3765625,3.582346008,3.911741397
-1.37625,3.591913485,3.911741397
-1.3759375,3.583143297,3.910148119
-1.375625,3.580751428,3.910944758
-1.3753125,3.583940587,3.911741397
-1.375,3.575170399,3.912538036
-1.3746875,3.579954138,3.912538036
-1.374375,3.577562269,3.913334675
-1.3740625,3.57038666,3.913334675
-1.37375,3.578359558,3.913334675
-1.3734375,3.567197501,3.911741397
-1.373125,3.564008342,3.90935148
-1.3728125,3.566400211,3.908554841
-1.3725,3.557630023,3.90935148
-1.3721875,3.563211052,3.90935148
-1.371875,3.559224603,3.910148119
-1.3715625,3.553643574,3.910944758
-1.37125,3.563211052,3.911741397
-1.3709375,3.554440864,3.910148119
-1.370625,3.556035444,3.912538036
-1.3703125,3.556035444,3.912538036
-1.37,3.548062545,3.912538036
-1.3696875,3.556035444,3.911741397
-1.369375,3.550454415,3.912538036
-1.3690625,3.544873386,3.911741397
-1.36875,3.550454415,3.912538036
-1.3684375,3.541684227,3.912538036
-1.368125,3.543278807,3.912538036
-1.3678125,3.544873386,3.912538036
-1.3675,3.536103198,3.912538036
-1.3671875,3.541684227,3.913334675
-1.366875,3.537697778,3.914131314
-1.3665625,3.532914039,3.913334675
-1.36625,3.542481517,3.915724592
-1.3659375,3.536103198,3.91731787
-1.365625,3.536900488,3.918911148
-1.3653125,3.539292357,3.918911148
-1.365,3.530522169,3.918911148
-1.3646875,3.536900488,3.919707787
-1.364375,3.533711329,3.919707787
-1.3640625,3.52733301,3.918911148
-1.36375,3.533711329,3.918114509
-1.3634375,3.524143851,3.91731787
-1.363125,3.520954692,3.91731787
-1.3628125,3.523346561,3.914927953
-1.3625,3.514576373,3.914927953
-1.3621875,3.518562822,3.914131314
-1.361875,3.514576373,3.914927953
-1.3615625,3.504211605,3.912538036
-1.36125,3.514576373,3.913334675
-1.3609375,3.505806185,3.911741397
-1.360625,3.502617026,3.911741397
-1.3603125,3.505806185,3.911741397
-1.36,3.496238707,3.911741397
-1.3596875,3.499427867,3.910944758
-1.359375,3.496238707,3.910148119
-1.3590625,3.488265809,3.908554841
-1.35875,3.495441418,3.90935148
-1.3584375,3.489860389,3.90935148
-1.358125,3.48507665,3.910148119
-1.3578125,3.492252258,3.911741397
-1.3575,3.48507665,3.910944758
-1.3571875,3.48587394,3.911741397
-1.356875,3.48507665,3.910148119
-1.3565625,3.473914592,3.907758202
-1.35625,3.477901042,3.906961562
-1.3559375,3.474711882,3.906961562
-1.355625,3.465941694,3.906961562
-1.3553125,3.476306462,3.907758202
-1.355,3.467536274,3.908554841
-1.3546875,3.465941694,3.908554841
-1.354375,3.472320013,3.90935148
-1.3540625,3.463549825,3.910148119
-1.35375,3.465941694,3.910944758
-1.3534375,3.467536274,3.911741397
-1.353125,3.457171506,3.911741397
-1.3528125,3.464347115,3.910944758
-1.3525,3.460360666,3.911741397
-1.3521875,3.452387767,3.912538036
-1.351875,3.460360666,3.912538036
-1.3515625,3.451590478,3.912538036
-1.35125,3.449995898,3.913334675
-1.3509375,3.454779637,3.913334675
-1.350625,3.446009449,3.913334675
-1.3503125,3.447604029,3.914131314
-1.35,3.447604029,3.914131314
-1.3496875,3.44042842,3.915724592
-1.349375,3.453185057,3.918911148
-1.3490625,3.448401318,3.919707787
-1.34875,3.442023,3.920504426
-1.3484375,3.451590478,3.919707787
-1.348125,3.44282029,3.921301065
-1.3478125,3.43963113,3.920504426
-1.3475,3.444414869,3.920504426
-1.3471875,3.436441971,3.919707787
-1.346875,3.435644681,3.919707787
-1.3465625,3.435644681,3.918911148
-1.34625,3.426874493,3.918114509
-1.3459375,3.430860942,3.916521231
-1.345625,3.428469073,3.91731787
-1.3453125,3.419698885,3.915724592
-1.345,3.426077203,3.915724592
-1.3446875,3.418104305,3.914131314
-1.344375,3.410928697,3.913334675
-1.3440625,3.420496175,3.913334675
-1.34375,3.410131407,3.911741397
-1.3434375,3.406942248,3.910944758
-1.343125,3.410131407,3.910944758
-1.3428125,3.402158509,3.910944758
-1.3425,3.402955799,3.910148119
-1.3421875,3.403753089,3.910148119
-1.341875,3.39737477,3.910944758
-1.3415625,3.400563929,3.911741397
-1.34125,3.39817206,3.911741397
-1.3409375,3.390199162,3.910944758
-1.340625,3.400563929,3.912538036
-1.3403125,3.394982901,3.912538036
-1.34,3.383820843,3.90935148
-1.3396875,3.390996452,3.908554841
-1.339375,3.383023553,3.908554841
-1.3390625,3.378239814,3.908554841
-1.33875,3.386212713,3.90935148
-1.3384375,3.378239814,3.90935148
-1.338125,3.376645235,3.910148119
-1.3378125,3.382226264,3.90935148
-1.3375,3.374253365,3.910148119
-1.3371875,3.375847945,3.910944758
-1.336875,3.377442525,3.910148119
-1.3365625,3.369469626,3.911741397
-1.33625,3.373456076,3.911741397
-1.3359375,3.370266916,3.911741397
-1.335625,3.362294018,3.912538036
-1.3353125,3.370266916,3.912538036
-1.335,3.365483177,3.912538036
-1.3346875,3.357510279,3.912538036
-1.334375,3.367077757,3.911741397
-1.3340625,3.358307569,3.912538036
-1.33375,3.35352383,3.912538036
-1.3334375,3.363091308,3.913334675
-1.333125,3.3559157,3.914131314
-1.3328125,3.356712989,3.91731787
-1.3325,3.363888598,3.918114509
-1.3321875,3.3559157,3.918911148
-1.331875,3.3559157,3.918114509
-1.3315625,3.358307569,3.918114509
-1.33125,3.350334671,3.918114509
-1.3309375,3.351929251,3.918114509
-1.330625,3.351131961,3.91731787
-1.3303125,3.342361773,3.916521231
-1.33,3.347145512,3.916521231
-1.3296875,3.343159063,3.914927953
-1.329375,3.335186164,3.914927953
-1.3290625,3.341564483,3.914131314
-1.32875,3.335983454,3.914927953
-1.3284375,3.326415976,3.913334675
-1.328125,3.335186164,3.912538036
-1.3278125,3.328010556,3.911741397
-1.3275,3.320834948,3.911741397
-1.3271875,3.328010556,3.910944758
-1.326875,3.320037658,3.910148119
-1.3265625,3.312862049,3.90935148
-1.32625,3.321632237,3.90935148
-1.3259375,3.31206476,3.908554841
-1.325625,3.308078311,3.908554841
-1.3253125,3.314456629,3.90935148
-1.325,3.306483731,3.90935148
-1.3246875,3.304091861,3.908554841
-1.324375,3.31047018,3.910148119
-1.3240625,3.302497282,3.910944758
-1.32375,3.304889151,3.910944758
-1.3234375,3.303294572,3.90935148
-1.323125,3.292929804,3.907758202
-1.3228125,3.293727094,3.906164923
-1.3225,3.295321674,3.906961562
-1.3221875,3.288146065,3.906961562
-1.321875,3.289740645,3.907758202
-1.3215625,3.290537935,3.907758202
-1.32125,3.284159616,3.908554841
-1.3209375,3.289740645,3.90935148
-1.320625,3.288146065,3.90935148
-1.3203125,3.280173167,3.910148119
-1.32,3.287348775,3.910944758
-1.3196875,3.283362326,3.910148119
-1.319375,3.274592138,3.910148119
-1.3190625,3.282565036,3.910148119
-1.31875,3.278578587,3.90935148
-1.3184375,3.270605689,3.90935148
-1.318125,3.277781298,3.90935148
-1.3178125,3.272200269,3.910148119
-1.3175,3.26502466,3.910148119
-1.3171875,3.274592138,3.90935148
-1.316875,3.26901111,3.910148119
-1.3165625,3.261835501,3.911741397
-1.31625,3.271402979,3.912538036
-1.3159375,3.26821382,3.914927953
-1.315625,3.261835501,3.916521231
-1.3153125,3.273794848,3.91731787
-1.315,3.26582195,3.918114509
-1.3146875,3.257849052,3.918114509
-1.314375,3.26821382,3.91731787
-1.3140625,3.259443632,3.91731787
-1.31375,3.250673444,3.916521231
-1.3134375,3.261835501,3.915724592
-1.313125,3.252268023,3.914927953
-1.3128125,3.242700546,3.913334675
-1.3125,3.252268023,3.914131314
-1.3121875,3.244295125,3.913334675
-1.311875,3.236322227,3.912538036
-1.3115625,3.245889705,3.912538036
-1.31125,3.237119517,3.910944758
-1.3109375,3.229943909,3.911741397
-1.310625,3.238714097,3.910148119
-1.3103125,3.230741198,3.90935148
-1.31,3.22197101,3.908554841
-1.3096875,3.233133068,3.908554841
-1.309375,3.22436288,3.906961562
-1.3090625,3.216389982,3.907758202
-1.30875,3.225957459,3.907758202
-1.3084375,3.219579141,3.908554841
-1.308125,3.212403533,3.907758202
-1.3078125,3.2227683,3.907758202
-1.3075,3.217187271,3.908554841
-1.3071875,3.209214373,3.907758202
-1.306875,3.217984561,3.907758202
-1.3065625,3.208417083,3.905368284
-1.30625,3.198849606,3.903775006
-1.3059375,3.209214373,3.905368284
-1.305625,3.202836055,3.904571645
-1.3053125,3.196457736,3.904571645
-1.305,3.204430634,3.905368284
-1.3046875,3.199646896,3.906164923
-1.304375,3.193268577,3.906961562
-1.3040625,3.202836055,3.907758202
-1.30375,3.198052316,3.907758202
-1.3034375,3.190079418,3.907758202
-1.303125,3.198052316,3.906961562
-1.3028125,3.193268577,3.907758202
-1.3025,3.184498389,3.906961562
-1.3021875,3.191673997,3.907758202
-1.301875,3.189282128,3.907758202
-1.3015625,3.18051194,3.906961562
-1.30125,3.186890258,3.907758202
-1.3009375,3.183701099,3.906961562
-1.300625,3.175728201,3.906961562
-1.3003125,3.18210652,3.907758202
-1.3,3.18210652,3.907758202
-1.2996875,3.174930911,3.90935148
-1.299375,3.182903809,3.913334675
-1.2990625,3.182903809,3.913334675
-1.29875,3.176525491,3.914131314
-1.2984375,3.17891736,3.914131314
-1.298125,3.18051194,3.914927953
-1.2978125,3.172539042,3.914927953
-1.2975,3.172539042,3.914927953
-1.2971875,3.174133621,3.913334675
-1.296875,3.166160723,3.914131314
-1.2965625,3.164566144,3.913334675
-1.29625,3.167755303,3.911741397
-1.2959375,3.158985115,3.911741397
-1.295625,3.154998666,3.910944758
-1.2953125,3.160579694,3.910148119
-1.295,3.151012217,3.90935148
-1.2946875,3.143836608,3.908554841
-1.294375,3.153404086,3.907758202
-1.2940625,3.144633898,3.907758202
-1.29375,3.13825558,3.906961562
-1.2934375,3.146228478,3.906961562
-1.293125,3.13825558,3.906961562
-1.2928125,3.130282681,3.905368284
-1.2925,3.139850159,3.904571645
-1.2921875,3.134269131,3.905368284
-1.291875,3.127093522,3.905368284
-1.2915625,3.134269131,3.906961562
-1.29125,3.129485392,3.906164923
-1.2909375,3.123107073,3.906164923
-1.290625,3.129485392,3.906961562
-1.2903125,3.127890812,3.906961562
-1.29,3.117526044,3.903775006
-1.2896875,3.119120624,3.902978367
-1.289375,3.117526044,3.902978367
-1.2890625,3.111147726,3.902978367
-1.28875,3.111945016,3.903775006
-1.2884375,3.116728755,3.904571645
-1.288125,3.109553146,3.904571645
-1.2878125,3.107161277,3.905368284
-1.2875,3.114336885,3.905368284
-1.2871875,3.106363987,3.906164923
-1.286875,3.100782958,3.906164923
-1.2865625,3.111945016,3.906164923
-1.28625,3.103972118,3.905368284
-1.2859375,3.096796509,3.906164923
-1.285625,3.106363987,3.906164923
-1.2853125,3.099985668,3.906961562
-1.285,3.09281006,3.906164923
-1.2846875,3.099188379,3.906164923
-1.284375,3.096796509,3.906164923
-1.2840625,3.088823611,3.906164923
-1.28375,3.09201277,3.906961562
-1.2834375,3.09440464,3.907758202
-1.283125,3.087229031,3.907758202
-1.2828125,3.090418191,3.910148119
-1.2825,3.095999219,3.912538036
-1.2821875,3.090418191,3.912538036
-1.281875,3.086431742,3.913334675
-1.2815625,3.09360735,3.914131314
-1.28125,3.086431742,3.913334675
-1.2809375,3.079256133,3.912538036
-1.280625,3.089620901,3.913334675
-1.2803125,3.082445292,3.912538036
-1.28,3.074472394,3.912538036
-1.2796875,3.080053423,3.910944758
-1.279375,3.076066974,3.910148119
-1.2790625,3.067296786,3.910148119
-1.27875,3.070485945,3.90935148
-1.2784375,3.070485945,3.90935148
-1.278125,3.060918467,3.907758202
-1.2778125,3.059323888,3.907758202
-1.2775,3.064107627,3.906961562
-1.2771875,3.056134728,3.907758202
-1.276875,3.047364541,3.906961562
-1.2765625,3.058526598,3.906164923
-1.27625,3.0505537,3.906164923
-1.2759375,3.041783512,3.905368284
-1.275625,3.0505537,3.905368284
-1.2753125,3.046567251,3.906164923
-1.275,3.038594353,3.907758202
-1.2746875,3.044175381,3.906961562
-1.274375,3.044175381,3.906961562
-1.2740625,3.036999773,3.908554841
-1.27375,3.036999773,3.908554841
-1.2734375,3.039391642,3.906961562
-1.273125,3.029026875,3.904571645
-1.2728125,3.022648556,3.903775006
-1.2725,3.033810614,3.904571645
-1.2721875,3.025837715,3.905368284
-1.271875,3.019459397,3.905368284
-1.2715625,3.028229585,3.905368284
-1.27125,3.024243136,3.906961562
-1.2709375,3.017067527,3.906164923
-1.270625,3.021053977,3.907758202
-1.2703125,3.021851266,3.907758202
-1.27,3.015472948,3.907758202
-1.2696875,3.013878368,3.908554841
-1.269375,3.018662107,3.908554841
-1.2690625,3.012283789,3.908554841
-1.26875,3.00590547,3.907758202
-1.2684375,3.017067527,3.907758202
-1.268125,3.009891919,3.90935148
-1.2678125,3.002716311,3.908554841
-1.2675,3.009094629,3.908554841
-1.2671875,3.00670276,3.908554841
-1.266875,2.999527152,3.90935148
-1.2665625,3.001919021,3.90935148
-1.26625,3.00750005,3.911741397
-1.2659375,3.00431089,3.913334675
-1.265625,3.000324441,3.914927953
-1.2653125,3.008297339,3.915724592
-1.265,3.001121731,3.915724592
-1.2646875,2.994743413,3.915724592
-1.264375,3.001919021,3.914927953
-1.2640625,2.998729862,3.914927953
-1.26375,2.991554253,3.914927953
-1.2634375,2.991554253,3.914927953
-1.263125,2.993148833,3.914131314
-1.2628125,2.984378645,3.912538036
-1.2625,2.978000326,3.910944758
-1.2621875,2.988365094,3.910944758
-1.261875,2.980392196,3.910148119
-1.2615625,2.971622008,3.908554841
-1.26125,2.978797616,3.908554841
-1.2609375,2.974013877,3.908554841
-1.260625,2.966040979,3.907758202
-1.2603125,2.966838269,3.907758202
-1.26,2.969230138,3.906164923
-1.2596875,2.96205453,3.906164923
-1.259375,2.954081632,3.905368284
-1.2590625,2.9644464,3.905368284
-1.25875,2.957270791,3.906164923
-1.2584375,2.950095183,3.906164923
-1.258125,2.957270791,3.905368284
-1.2578125,2.955676212,3.905368284
-1.2575,2.950095183,3.906961562
-1.2571875,2.950095183,3.907758202
-1.256875,2.953284342,3.906164923
-1.2565625,2.942919575,3.904571645
-1.25625,2.934149387,3.902978367
-1.2559375,2.945311444,3.903775006
-1.255625,2.938933125,3.903775006
-1.2553125,2.932554807,3.903775006
-1.255,2.936541256,3.904571645
-1.2546875,2.938933125,3.905368284
-1.254375,2.932554807,3.906164923
-1.2540625,2.927771068,3.904571645
-1.25375,2.938933125,3.906164923
-1.2534375,2.932554807,3.906961562
-1.253125,2.925379199,3.906164923
-1.2528125,2.930960227,3.906961562
-1.2525,2.930162937,3.906961562
-1.2521875,2.922190039,3.906164923
-1.251875,2.921392749,3.906164923
-1.2515625,2.927771068,3.906164923
-1.25125,2.921392749,3.906164923
-1.2509375,2.914217141,3.905368284
-1.250625,2.922987329,3.906164923
-1.2503125,2.91979817,3.906961562
-1.25,2.913419851,3.907758202
-1.2496875,2.915014431,3.908554841
-1.249375,2.922987329,3.910944758
-1.2490625,2.9174063,3.912538036
-1.24875,2.911027982,3.913334675
-1.2484375,2.921392749,3.913334675
-1.248125,2.915811721,3.914131314
-1.2478125,2.908636112,3.913334675
-1.2475,2.910230692,3.912538036
-1.2471875,2.912622561,3.913334675
-1.246875,2.903852374,3.910944758
-1.2465625,2.896676765,3.910148119
-1.24625,2.906244243,3.90935148
-1.2459375,2.897474055,3.90935148
-1.245625,2.891095736,3.908554841
-1.2453125,2.893487606,3.906961562
-1.245,2.894284896,3.907758202
-1.2446875,2.886311998,3.906164923
-1.244375,2.879933679,3.906164923
-1.2440625,2.889501157,3.905368284
-1.24375,2.881528259,3.904571645
-1.2434375,2.87435265,3.905368284
-1.243125,2.87594723,3.903775006
-1.2428125,2.878339099,3.903775006
-1.2425,2.870366201,3.903775006
-1.2421875,2.863987883,3.905368284
-1.241875,2.87594723,3.904571645
-1.2415625,2.868771622,3.905368284
-1.24125,2.860001434,3.906164923
-1.2409375,2.863987883,3.905368284
-1.240625,2.868771622,3.906164923
-1.2403125,2.861596013,3.906961562
-1.24,2.851231246,3.907758202
-1.2396875,2.860001434,3.903775006
-1.239375,2.853623115,3.905368284
-1.2390625,2.844852927,3.906961562
-1.23875,2.848042086,3.906164923
-1.2384375,2.851231246,3.906164923
-1.238125,2.844852927,3.907758202
-1.2378125,2.837677319,3.90935148
-1.2375,2.849636666,3.907758202
-1.2371875,2.844055637,3.90935148
-1.236875,2.836880029,3.910944758
-1.2365625,2.838474609,3.910944758
-1.23625,2.844055637,3.910944758
-1.2359375,2.836880029,3.911741397
-1.235625,2.829704421,3.911741397
-1.2353125,2.838474609,3.911741397
-1.235,2.834488159,3.912538036
-1.2346875,2.827312551,3.912538036
-1.234375,2.826515261,3.912538036
-1.2340625,2.83289358,3.912538036
-1.23375,2.827312551,3.912538036
-1.2334375,2.820136943,3.912538036
-1.233125,2.828109841,3.912538036
-1.2328125,2.828907131,3.914927953
-1.2325,2.824920682,3.91731787
-1.2321875,2.820934233,3.918114509
-1.231875,2.83209629,3.918911148
-1.2315625,2.824920682,3.918114509
-1.23125,2.818542363,3.918911148
-1.2309375,2.820934233,3.918911148
-1.230625,2.821731522,3.918911148
-1.2303125,2.814555914,3.91731787
-1.23,2.807380306,3.915724592
-1.2296875,2.816947783,3.914927953
-1.229375,2.811366755,3.914927953
-1.2290625,2.804191146,3.914927953
-1.22875,2.801799277,3.914131314
-1.2284375,2.807380306,3.913334675
-1.228125,2.798610118,3.912538036
-1.2278125,2.792231799,3.911741397
-1.2275,2.797015538,3.911741397
-1.2271875,2.796218248,3.911741397
-1.226875,2.78824535,3.910148119
-1.2265625,2.782664321,3.90935148
-1.22625,2.793029089,3.910148119
-1.2259375,2.785056191,3.908554841
-1.225625,2.778677872,3.907758202
-1.2253125,2.779475162,3.907758202
-1.225,2.785056191,3.90935148
-1.2246875,2.779475162,3.90935148
-1.224375,2.772299554,3.908554841
-1.2240625,2.777880582,3.910148119
-1.22375,2.778677872,3.910944758
-1.2234375,2.769907684,3.90935148
-1.223125,2.760340206,3.906164923
-1.2228125,2.772299554,3.906164923
-1.2225,2.765921235,3.906164923
-1.2221875,2.758745627,3.906164923
-1.221875,2.760340206,3.907758202
-1.2215625,2.765123945,3.906961562
-1.22125,2.759542917,3.908554841
-1.2209375,2.753164598,3.907758202
-1.220625,2.759542917,3.908554841
-1.2203125,2.761137496,3.90935148
-1.22,2.753961888,3.910148119
-1.2196875,2.747583569,3.910148119
-1.219375,2.757948337,3.910148119
-1.2190625,2.752367308,3.910944758
-1.21875,2.74598899,3.910944758
-1.2184375,2.742002541,3.910944758
-1.218125,2.751570019,3.90935148
-1.2178125,2.7451917,3.910148119
-1.2175,2.737218802,3.910148119
-1.2171875,2.738813381,3.911741397
-1.216875,2.74439441,3.912538036
-1.2165625,2.738016092,3.913334675
-1.21625,2.733232353,3.914131314
-1.2159375,2.74439441,3.916521231
-1.215625,2.74359712,3.918114509
-1.2153125,2.737218802,3.918114509
-1.215,2.730840483,3.918114509
-1.2146875,2.742002541,3.918114509
-1.214375,2.735624222,3.91731787
-1.2140625,2.728448614,3.91731787
-1.21375,2.726854034,3.916521231
-1.2134375,2.734029643,3.916521231
-1.213125,2.726854034,3.915724592
-1.2128125,2.718881136,3.914131314
-1.2125,2.720475716,3.914131314
-1.2121875,2.722867585,3.913334675
-1.211875,2.715691977,3.913334675
-1.2115625,2.707719079,3.911741397
-1.21125,2.713300107,3.910944758
-1.2109375,2.713300107,3.910944758
-1.210625,2.706124499,3.910944758
-1.2103125,2.698948891,3.90935148
-1.21,2.706921789,3.90935148
-1.2096875,2.70293534,3.908554841
-1.209375,2.695759731,3.908554841
-1.2090625,2.689381413,3.907758202
-1.20875,2.70293534,3.908554841
-1.2084375,2.696557021,3.908554841
-1.208125,2.690178703,3.907758202
-1.2078125,2.686989543,3.908554841
-1.2075,2.696557021,3.90935148
-1.2071875,2.690178703,3.910148119
-1.206875,2.683003094,3.90935148
-1.2065625,2.679016645,3.906961562
-1.20625,2.684597674,3.906164923
-1.2059375,2.679016645,3.905368284
-1.205625,2.672638327,3.906164923
-1.2053125,2.675827486,3.906961562
-1.205,2.679016645,3.906961562
-1.2046875,2.673435616,3.907758202
-1.204375,2.667854588,3.907758202
-1.2040625,2.673435616,3.908554841
-1.20375,2.674232906,3.908554841
-1.2034375,2.669449167,3.908554841
-1.203125,2.661476269,3.90935148
-1.2028125,2.669449167,3.908554841
-1.2025,2.667057298,3.908554841
-1.2021875,2.661476269,3.908554841
-1.201875,2.654300661,3.908554841
-1.2015625,2.665462718,3.90935148
-1.20125,2.661476269,3.908554841
-1.2009375,2.654300661,3.90935148
-1.200625,2.647922342,3.90935148
-1.2003125,2.661476269,3.90935148
-1.2,2.65589524,3.911741397
-1.1996875,2.649516922,3.913334675
-1.199375,2.649516922,3.916521231
-1.1990625,2.662273559,3.916521231
-1.19875,2.65669253,3.91731787
-1.1984375,2.649516922,3.91731787
-1.198125,2.647125053,3.91731787
-1.1978125,2.65589524,3.915724592
-1.1975,2.647922342,3.916521231
-1.1971875,2.641544024,3.915724592
-1.196875,2.640746734,3.914927953
-1.1965625,2.647125053,3.914927953
-1.19625,2.639152154,3.913334675
-1.1959375,2.631179256,3.913334675
-1.195625,2.631976546,3.914131314
-1.1953125,2.636760285,3.913334675
-1.195,2.629584677,3.912538036
-1.1946875,2.621611778,3.910944758
-1.194375,2.622409068,3.910148119
-1.1940625,2.627990097,3.910944758
-1.19375,2.620814489,3.910148119
-1.1934375,2.61363888,3.90935148
-1.193125,2.61363888,3.908554841
-1.1928125,2.617625329,3.908554841
-1.1925,2.611247011,3.907758202
-1.1921875,2.604868692,3.907758202
-1.191875,2.608057851,3.90935148
-1.1915625,2.61284159,3.90935148
-1.19125,2.605665982,3.908554841
-1.1909375,2.600084953,3.90935148
-1.190625,2.601679533,3.910944758
-1.1903125,2.606463272,3.910148119
-1.19,2.598490374,3.908554841
-1.1896875,2.589720186,3.906961562
-1.189375,2.589720186,3.906961562
-1.1890625,2.596098504,3.906164923
-1.18875,2.590517476,3.906961562
-1.1884375,2.584139157,3.907758202
-1.188125,2.586531026,3.907758202
-1.1878125,2.591314765,3.908554841
-1.1875,2.586531026,3.90935148
-1.1871875,2.580949998,3.90935148
-1.186875,2.581747288,3.910944758
-1.1865625,2.588125606,3.90935148
-1.18625,2.581747288,3.910148119
-1.1859375,2.576166259,3.90935148
-1.185625,2.5729771,3.910148119
-1.1853125,2.581747288,3.910944758
-1.185,2.576166259,3.910148119
-1.1846875,2.56899065,3.910148119
-1.184375,2.565801491,3.90935148
-1.1840625,2.575368969,3.910148119
-1.18375,2.56978794,3.910148119
-1.1834375,2.565801491,3.910944758
-1.183125,2.563409622,3.910944758
-1.1828125,2.575368969,3.914927953
-1.1825,2.57138252,3.91731787
-1.1821875,2.567396071,3.91731787
-1.181875,2.561017752,3.916521231
-1.1815625,2.573774389,3.916521231
-1.18125,2.56899065,3.91731787
-1.1809375,2.561815042,3.916521231
-1.180625,2.555436724,3.915724592
-1.1803125,2.563409622,3.914927953
-1.18,2.559423173,3.914131314
-1.1796875,2.552247564,3.914131314
-1.179375,2.545071956,3.912538036
-1.1790625,2.552247564,3.912538036
-1.17875,2.551450275,3.912538036
-1.1784375,2.544274666,3.911741397
-1.178125,2.536301768,3.910148119
-1.1778125,2.539490927,3.910148119
-1.1775,2.541882797,3.910148119
-1.1771875,2.533909899,3.90935148
-1.176875,2.52673429,3.908554841
-1.1765625,2.52912616,3.908554841
-1.17625,2.533909899,3.907758202
-1.1759375,2.525937,3.906164923
-1.175625,2.520355972,3.906961562
-1.1753125,2.520355972,3.907758202
-1.175,2.52832887,3.908554841
-1.1746875,2.522747841,3.908554841
-1.174375,2.516369523,3.906961562
-1.1740625,2.513180363,3.907758202
-1.17375,2.524342421,3.90935148
-1.1734375,2.516369523,3.906961562
-1.173125,2.508396624,3.904571645
-1.1728125,2.502018306,3.903775006
-1.1725,2.511585784,3.904571645
-1.1721875,2.508396624,3.904571645
-1.171875,2.502815596,3.905368284
-1.1715625,2.498031857,3.905368284
-1.17125,2.504410175,3.906961562
-1.1709375,2.506802045,3.906961562
-1.170625,2.501221016,3.907758202
-1.1703125,2.494842698,3.907758202
-1.17,2.497234567,3.908554841
-1.1696875,2.502018306,3.907758202
-1.169375,2.581747288,3.907758202
-1.1690625,2.689381413,3.906164923
-1.16875,2.846447507,3.903775006
-1.1684375,2.742799831,3.903775006
-1.168125,2.818542363,3.902978367
-1.1678125,2.755556468,3.902181728
-1.1675,2.74598899,3.903775006
-1.1671875,2.801001987,3.903775006
-1.166875,2.825717971,3.904571645
-1.1665625,2.839271898,3.905368284
-1.16625,2.859204144,3.906961562
-1.1659375,2.83209629,3.910148119
-1.165625,2.829704421,3.910148119
-1.1653125,2.836082739,3.910944758
-1.165,2.924581909,3.910944758
-1.1646875,2.828907131,3.912538036
-1.164375,2.895082186,3.911741397
-1.1640625,2.820934233,3.912538036
-1.16375,2.843258347,3.910944758
-1.1634375,2.750772729,3.910148119
-1.163125,2.867974332,3.910148119
-1.1628125,2.765123945,3.907758202
-1.1625,2.811366755,3.907758202
-1.1621875,2.888703867,3.906164923
-1.161875,2.784258901,3.906164923
-1.1615625,2.958865371,3.906961562
-1.16125,2.953284342,3.903775006
-1.1609375,2.946108734,3.903775006
-1.160625,2.922190039,3.903775006
-1.1603125,2.926973778,3.902181728
-1.16,2.800204697,3.902181728
-1.1596875,2.521950551,3.902181728
-1.159375,2.689381413,3.902181728
-1.1590625,2.478896901,3.902181728
-1.15875,2.473315872,3.902978367
-1.1584375,2.467734844,3.903775006
-1.158125,2.478099611,3.902978367
-1.1578125,2.478896901,3.903775006
-1.1575,2.475707742,3.904571645
-1.1571875,2.474910452,3.904571645
-1.156875,2.479694191,3.904571645
-1.1565625,2.480491481,3.901385089
-1.15625,2.471721293,3.899791811
-1.1559375,2.468532134,3.90058845
-1.155625,2.477302322,3.901385089
-1.1553125,2.478896901,3.902181728
-1.155,2.475707742,3.902181728
-1.1546875,2.470924003,3.902978367
-1.154375,2.480491481,3.903775006
-1.1540625,2.479694191,3.904571645
-1.15375,2.472518583,3.904571645
-1.1534375,2.469329423,3.905368284
-1.153125,2.478896901,3.905368284
-1.1528125,2.475707742,3.905368284
-1.1525,2.472518583,3.904571645
-1.1521875,2.468532134,3.903775006
-1.151875,2.481288771,3.903775006
-1.1515625,2.474113162,3.904571645
-1.15125,2.466937554,3.902978367
-1.1509375,2.465342974,3.904571645
-1.150625,2.476505032,3.903775006
-1.1503125,2.471721293,3.905368284
-1.15,2.464545684,3.906164923
-1.1496875,2.467734844,3.906164923
-1.149375,2.476505032,3.90935148
-1.1490625,2.475707742,3.910944758
-1.14875,2.470924003,3.911741397
-1.1484375,2.478896901,3.911741397
-1.148125,2.479694191,3.912538036
-1.1478125,2.476505032,3.912538036
-1.1475,2.471721293,3.911741397
-1.1471875,2.48527522,3.911741397
-1.146875,2.477302322,3.910944758
-1.1465625,2.471721293,3.910148119
-1.14625,2.473315872,3.90935148
-1.1459375,2.48208606,3.90935148
-1.145625,2.480491481,3.908554841
-1.1453125,2.471721293,3.908554841
-1.145,2.476505032,3.907758202
-1.1446875,2.477302322,3.906961562
-1.144375,2.473315872,3.906164923
-1.1440625,2.470924003,3.905368284
-1.14375,2.481288771,3.905368284
-1.1434375,2.475707742,3.904571645
-1.143125,2.470126713,3.903775006
-1.1428125,2.475707742,3.903775006
-1.1425,2.480491481,3.902978367
-1.1421875,2.473315872,3.902978367
-1.141875,2.470126713,3.903775006
-1.1415625,2.48447793,3.904571645
-1.14125,2.48208606,3.904571645
-1.1409375,2.475707742,3.905368284
-1.140625,2.481288771,3.905368284
-1.1403125,2.48527522,3.905368284
-1.14,2.479694191,3.902978367
-1.1396875,2.475707742,3.90058845
-1.139375,2.48527522,3.901385089
-1.1390625,2.481288771,3.90058845
-1.13875,2.477302322,3.90058845
-1.1384375,2.487667089,3.901385089
-1.138125,2.496437277,3.901385089
-1.1378125,2.490058959,3.902978367
-1.1375,2.490856248,3.902978367
-1.1371875,2.495639987,3.904571645
-1.136875,2.492450828,3.904571645
-1.1365625,2.494045408,3.903775006
-1.13625,2.502018306,3.904571645
-1.1359375,2.501221016,3.904571645
-1.135625,2.498031857,3.903775006
-1.1353125,2.506004755,3.904571645
-1.135,2.515572233,3.902978367
-1.1346875,2.505207465,3.902978367
-1.134375,2.504410175,3.902978367
-1.1340625,2.512383073,3.902978367
-1.13375,2.510788494,3.903775006
-1.1334375,2.512383073,3.903775006
-1.133125,2.518761392,3.904571645
-1.1328125,2.521950551,3.907758202
-1.1325,2.522747841,3.910944758
-1.1321875,2.52673429,3.911741397
-1.131875,2.530720739,3.910944758
-1.1315625,2.525937,3.911741397
-1.13125,2.52832887,3.911741397
-1.1309375,2.540288217,3.910944758
-1.130625,2.538693637,3.910148119
-1.1303125,2.531518029,3.90935148
-1.13,2.541085507,3.908554841
-1.1296875,2.537896348,3.908554841
-1.129375,2.532315319,3.907758202
-1.1290625,2.540288217,3.907758202
-1.12875,2.545869246,3.906164923
-1.1284375,2.539490927,3.905368284
-1.128125,2.541085507,3.903775006
-1.1278125,2.542680087,3.903775006
-1.1275,2.535504478,3.904571645
-1.1271875,2.540288217,3.902181728
-1.126875,2.546666536,3.902181728
-1.1265625,2.539490927,3.90058845
-1.12625,2.537896348,3.902181728
-1.1259375,2.548261115,3.90058845
-1.125625,2.545869246,3.901385089
-1.1253125,2.541882797,3.90058845
-1.125,2.549855695,3.901385089
-1.1246875,2.547463825,3.903775006
-1.124375,2.544274666,3.903775006
-1.1240625,2.561017752,3.903775006
-1.12375,2.556234013,3.903775006
-1.1234375,2.545869246,3.901385089
-1.123125,2.553044854,3.899791811
-1.1228125,2.546666536,3.898198533
-1.1225,2.544274666,3.898198533
-1.1221875,2.559423173,3.898198533
-1.121875,2.557031303,3.899791811
-1.1215625,2.549855695,3.90058845
-1.12125,2.561017752,3.90058845
-1.1209375,2.556234013,3.90058845
-1.120625,2.554639434,3.901385089
-1.1203125,2.565801491,3.902181728
-1.12,2.565004201,3.902181728
-1.1196875,2.563409622,3.902978367
-1.119375,2.568193361,3.902978367
-1.1190625,2.566598781,3.902181728
-1.11875,2.561017752,3.902978367
-1.1184375,2.57217981,3.902181728
-1.118125,2.57217981,3.901385089
-1.1178125,2.563409622,3.901385089
-1.1175,2.574571679,3.902181728
-1.1171875,2.57217981,3.902978367
-1.116875,2.57138252,3.902978367
-1.1165625,2.577760838,3.903775006
-1.11625,2.578558128,3.905368284
-1.1159375,2.576963549,3.908554841
-1.115625,2.590517476,3.910148119
-1.1153125,2.588922896,3.90935148
-1.115,2.583341867,3.908554841
-1.1146875,2.595301214,3.908554841
-1.114375,2.587328316,3.90935148
-1.1140625,2.584936447,3.908554841
-1.11375,2.597693084,3.908554841
-1.1134375,2.591314765,3.907758202
-1.113125,2.589720186,3.906961562
-1.1128125,2.596098504,3.905368284
-1.1125,2.592909345,3.904571645
-1.1121875,2.592112055,3.904571645
-1.111875,2.597693084,3.903775006
-1.1115625,2.590517476,3.903775006
-1.11125,2.595301214,3.903775006
-1.1109375,2.597693084,3.902181728
-1.110625,2.592112055,3.902978367
-1.1103125,2.600084953,3.902181728
-1.11,2.600084953,3.902181728
-1.1096875,2.593706635,3.899791811
-1.109375,2.606463272,3.899791811
-1.1090625,2.602476823,3.898995172
-1.10875,2.598490374,3.899791811
-1.1084375,2.609652431,3.901385089
-1.108125,2.602476823,3.90058845
-1.1078125,2.597693084,3.901385089
-1.1075,2.61443617,3.902181728
-1.1071875,2.607260562,3.903775006
-1.106875,2.604071402,3.902181728
-1.1065625,2.608057851,3.899791811
-1.10625,2.596098504,3.898198533
-1.1059375,2.610449721,3.898995172
-1.105625,2.611247011,3.899791811
-1.1053125,2.605665982,3.899791811
-1.105,2.620017199,3.899791811
-1.1046875,2.61363888,3.899791811
-1.104375,2.608855141,3.90058845
-1.1040625,2.619219909,3.901385089
-1.10375,2.612044301,3.90058845
-1.1034375,2.610449721,3.902181728
-1.103125,2.61603075,3.902181728
-1.1028125,2.607260562,3.902181728
-1.1025,2.620017199,3.902181728
-1.1021875,2.616828039,3.902181728
-1.101875,2.612044301,3.902181728
-1.1015625,2.622409068,3.902978367
-1.10125,2.618422619,3.902978367
-1.1009375,2.634368415,3.902978367
-1.100625,2.643138603,3.902978367
-1.1003125,2.635962995,3.904571645
-1.1,2.627192807,3.904571645
-1.0996875,2.628787387,3.904571645
-1.099375,2.624800938,3.906961562
-1.0990625,2.647125053,3.90935148
-1.09875,2.638354865,3.910148119
-1.0984375,2.642341314,3.90935148
-1.098125,2.642341314,3.910148119
-1.0978125,2.634368415,3.90935148
-1.0975,2.677422066,3.908554841
-1.0971875,2.692570572,3.907758202
-1.096875,2.747583569,3.907758202
-1.0965625,2.676624776,3.906961562
-1.09625,2.65669253,3.907758202
-1.0959375,2.732435063,3.906164923
-1.095625,2.87754181,3.905368284
-1.0953125,2.735624222,3.905368284
-1.095,2.730840483,3.904571645
-1.0946875,2.691773282,3.902978367
-1.094375,2.779475162,3.902978367
-1.0940625,2.812164045,3.902978367
-1.09375,2.762732076,3.901385089
-1.0934375,2.763529366,3.901385089
-1.093125,2.737218802,3.901385089
-1.0928125,2.679016645,3.899791811
-1.0925,2.852825825,3.898995172
-1.0921875,2.950095183,3.901385089
-1.091875,2.885514708,3.902181728
-1.0915625,2.859204144,3.901385089
-1.09125,2.730043193,3.902181728
-1.0909375,2.742002541,3.901385089
-1.090625,2.791434509,3.903775006
-1.0903125,2.757151047,3.903775006
-1.09,2.734826932,3.90058845
-1.0896875,2.691773282,3.898198533
-1.089375,2.738813381,3.897401894
-1.0890625,2.725259455,3.898995172
-1.08875,2.698948891,3.899791811
-1.0884375,2.719678426,3.898995172
-1.088125,2.696557021,3.898995172
-1.0878125,2.732435063,3.899791811
-1.0875,2.712502817,3.90058845
-1.0871875,2.74359712,3.902978367
-1.086875,2.698948891,3.901385089
-1.0865625,2.707719079,3.901385089
-1.08625,2.711705528,3.901385089
-1.0859375,2.70373263,3.901385089
-1.085625,2.710110948,3.90058845
-1.0853125,2.70293534,3.901385089
-1.085,2.688584123,3.902181728
-1.0846875,2.697354311,3.901385089
-1.084375,2.688584123,3.903775006
-1.0840625,2.730840483,3.901385089
-1.08375,2.729245904,3.901385089
-1.0834375,2.726056744,3.901385089
-1.083125,2.707719079,3.902181728
-1.0828125,2.70054347,3.905368284
-1.0825,2.716489267,3.907758202
-1.0821875,2.705327209,3.908554841
-1.081875,2.707719079,3.90935148
-1.0815625,2.708516368,3.90935148
-1.08125,2.710908238,3.90935148
-1.0809375,2.720475716,3.90935148
-1.080625,2.714097397,3.90935148
-1.0803125,2.717286556,3.908554841
-1.08,2.718083846,3.908554841
-1.0796875,2.723664875,3.906164923
-1.079375,2.716489267,3.906164923
-1.0790625,2.717286556,3.906164923
-1.07875,2.720475716,3.906164923
-1.0784375,2.718083846,3.906164923
-1.078125,2.732435063,3.904571645
-1.0778125,2.725259455,3.904571645
-1.0775,2.728448614,3.906164923
-1.0771875,2.728448614,3.905368284
-1.076875,2.727651324,3.903775006
-1.0765625,2.738016092,3.903775006
-1.07625,2.726056744,3.903775006
-1.0759375,2.734826932,3.902978367
-1.075625,2.729245904,3.902978367
-1.0753125,2.741205251,3.903775006
-1.075,2.742799831,3.904571645
-1.0746875,2.742799831,3.904571645
-1.074375,2.74598899,3.905368284
-1.0740625,2.754759178,3.906164923
-1.07375,2.761137496,3.906164923
-1.0734375,2.755556468,3.904571645
-1.073125,2.757948337,3.901385089
-1.0728125,2.754759178,3.90058845
-1.0725,2.764326656,3.90058845
-1.0721875,2.757948337,3.901385089
-1.071875,2.756353757,3.901385089
-1.0715625,2.759542917,3.902181728
-1.07125,2.769907684,3.904571645
-1.0709375,2.773894133,3.903775006
-1.070625,2.775488713,3.903775006
-1.0703125,2.779475162,3.904571645
-1.07,2.777880582,3.904571645
-1.0696875,2.791434509,3.904571645
-1.069375,2.791434509,3.905368284
-1.0690625,2.797015538,3.905368284
-1.06875,2.78904264,3.905368284
-1.0684375,2.794623669,3.905368284
-1.068125,2.801799277,3.904571645
-1.0678125,2.801799277,3.904571645
-1.0675,2.806583016,3.903775006
-1.0671875,2.808177595,3.904571645
-1.066875,2.821731522,3.903775006
-1.0665625,2.816947783,3.905368284
-1.06625,2.824920682,3.906164923
-1.0659375,2.828109841,3.90935148
-1.065625,2.840866478,3.90935148
-1.0653125,2.838474609,3.910944758
-1.065,2.838474609,3.910944758
-1.0646875,2.83369087,3.910944758
-1.064375,2.841663768,3.910148119
-1.0640625,2.852028535,3.910148119
-1.06375,2.849636666,3.90935148
-1.0634375,2.851231246,3.90935148
-1.063125,2.853623115,3.908554841
-1.0628125,2.860798723,3.906164923
-1.0625,2.861596013,3.907758202
-1.0621875,2.868771622,3.906164923
-1.061875,2.860798723,3.906164923
-1.0615625,2.867177042,3.903775006
-1.06125,2.858406854,3.903775006
-1.0609375,2.868771622,3.904571645
-1.060625,2.867974332,3.903775006
-1.0603125,2.87754181,3.902181728
-1.06,2.87754181,3.902978367
-1.0596875,2.879933679,3.902181728
-1.059375,2.879136389,3.902181728
-1.0590625,2.891893026,3.901385089
-1.05875,2.890298447,3.901385089
-1.0584375,2.891095736,3.902978367
-1.058125,2.891893026,3.902181728
-1.0578125,2.893487606,3.901385089
-1.0575,2.898271345,3.903775006
-1.0571875,2.907838823,3.903775006
-1.056875,2.907041533,3.902978367
-1.0565625,2.905446953,3.899791811
-1.05625,2.911027982,3.898198533
-1.0559375,2.912622561,3.90058845
-1.055625,2.922190039,3.899791811
-1.0553125,2.92059546,3.90058845
-1.055,2.927771068,3.899791811
-1.0546875,2.921392749,3.90058845
-1.054375,2.926973778,3.901385089
-1.0540625,2.930162937,3.902181728
-1.05375,2.941324995,3.902181728
-1.0534375,2.938135836,3.902978367
-1.053125,2.946906024,3.903775006
-1.0528125,2.945311444,3.902978367
-1.0525,2.958068081,3.902978367
-1.0521875,2.956473501,3.903775006
-1.051875,2.96205453,3.903775006
-1.0515625,2.958068081,3.903775006
-1.05125,2.966838269,3.902978367
-1.0509375,2.958068081,3.902978367
-1.050625,2.9644464,3.902978367
-1.0503125,2.968432849,3.904571645
-1.05,2.981986776,3.905368284
-1.0496875,2.978797616,3.906164923
-1.049375,2.991554253,3.90935148
-1.0490625,2.993946123,3.910944758
-1.04875,3.002716311,3.910944758
-1.0484375,2.999527152,3.910148119
-1.048125,3.008297339,3.911741397
-1.0478125,2.999527152,3.910944758
-1.0475,3.012283789,3.910148119
-1.0471875,3.013081078,3.90935148
-1.046875,3.017864817,3.90935148
-1.0465625,3.016270238,3.90935148
-1.04625,3.025040426,3.907758202
-1.0459375,3.024243136,3.906961562
-1.045625,3.030621454,3.906164923
-1.0453125,3.028229585,3.906961562
-1.045,3.034607903,3.905368284
-1.0446875,3.030621454,3.904571645
-1.044375,3.032216034,3.903775006
-1.0440625,3.034607903,3.902978367
-1.04375,3.040986222,3.902978367
-1.0434375,3.041783512,3.901385089
-1.043125,3.045769961,3.902181728
-1.0428125,3.04816183,3.902181728
-1.0425,3.053742859,3.90058845
-1.0421875,3.056932018,3.901385089
-1.041875,3.057729308,3.901385089
-1.0415625,3.060121178,3.902181728
-1.04125,3.060121178,3.901385089
-1.0409375,3.068094076,3.902978367
-1.040625,3.068094076,3.904571645
-1.0403125,3.076864264,3.904571645
-1.04,3.074472394,3.902181728
-1.0396875,3.077661554,3.898995172
-1.039375,3.077661554,3.899791811
-1.0390625,3.086431742,3.898995172
-1.03875,3.084039872,3.90058845
-1.0384375,3.09201277,3.90058845
-1.038125,3.088026321,3.901385089
-1.0378125,3.099985668,3.903775006
-1.0375,3.097593799,3.903775006
-1.0371875,3.107958567,3.903775006
-1.036875,3.105566697,3.904571645
-1.0365625,3.115134175,3.906164923
-1.03625,3.113539595,3.904571645
-1.0359375,3.123904363,3.904571645
-1.035625,3.119120624,3.903775006
-1.0353125,3.127093522,3.904571645
-1.035,3.126296232,3.904571645
-1.0346875,3.129485392,3.904571645
-1.034375,3.13506642,3.904571645
-1.0340625,3.13825558,3.903775006
-1.03375,3.141444739,3.904571645
-1.0334375,3.143039319,3.905368284
-1.033125,3.151809507,3.905368284
-1.0328125,3.155795956,3.908554841
-1.0325,3.164566144,3.910148119
-1.0321875,3.162174274,3.912538036
-1.031875,3.173336332,3.911741397
-1.0315625,3.166958013,3.911741397
-1.03125,3.172539042,3.911741397
-1.0309375,3.17812007,3.911741397
-1.030625,3.18210652,3.910944758
-1.0303125,3.182903809,3.910944758
-1.03,3.186092969,3.910148119
-1.0296875,3.190876708,3.910148119
-1.029375,3.194065867,3.90935148
-1.0290625,3.194863157,3.907758202
-1.02875,3.190876708,3.907758202
-1.0284375,3.198052316,3.906961562
-1.028125,3.197255026,3.906164923
-1.0278125,3.206822504,3.904571645
-1.0275,3.200444185,3.905368284
-1.0271875,3.210808953,3.905368284
-1.026875,3.208417083,3.904571645
-1.0265625,3.213998112,3.904571645
-1.02625,3.217984561,3.903775006
-1.0259375,3.219579141,3.902978367
-1.025625,3.219579141,3.901385089
-1.0253125,3.217984561,3.901385089
-1.025,3.229943909,3.902978367
-1.0246875,3.229146619,3.903775006
-1.024375,3.237916807,3.902978367
-1.0240625,3.236322227,3.904571645
-1.02375,3.247484285,3.904571645
-1.0234375,3.245889705,3.903775006
-1.023125,3.249078864,3.902978367
-1.0228125,3.247484285,3.899791811
-1.0225,3.248281574,3.901385089
-1.0221875,3.249876154,3.90058845
-1.021875,3.253065313,3.90058845
-1.0215625,3.263430081,3.902978367
-1.02125,3.263430081,3.902978367
-1.0209375,3.271402979,3.902978367
-1.020625,3.26901111,3.903775006
-1.0203125,3.278578587,3.904571645
-1.02,3.279375877,3.904571645
-1.0196875,3.283362326,3.903775006
-1.019375,3.284956906,3.903775006
-1.0190625,3.286551486,3.904571645
-1.01875,3.292132514,3.903775006
-1.0184375,3.289740645,3.904571645
-1.018125,3.304091861,3.905368284
-1.0178125,3.299308123,3.904571645
-1.0175,3.306483731,3.903775006
-1.0171875,3.308078311,3.904571645
-1.016875,3.314456629,3.906164923
-1.0165625,3.312862049,3.907758202
-1.01625,3.318443078,3.907758202
-1.0159375,3.327213266,3.911741397
-1.015625,3.329605136,3.912538036
-1.0153125,3.335186164,3.912538036
-1.015,3.335983454,3.913334675
-1.0146875,3.351131961,3.914131314
-1.014375,3.345550932,3.913334675
-1.0140625,3.347942801,3.912538036
-1.01375,3.351929251,3.912538036
-1.0134375,3.351131961,3.911741397
-1.013125,3.351929251,3.910148119
-1.0128125,3.351131961,3.90935148
-1.0125,3.365483177,3.910148119
-1.0121875,3.361496728,3.90935148
-1.011875,3.362294018,3.907758202
-1.0115625,3.368672337,3.908554841
-1.01125,3.373456076,3.907758202
-1.0109375,3.371861496,3.906961562
-1.010625,3.366280467,3.906164923
-1.0103125,3.378239814,3.905368284
-1.01,3.377442525,3.906164923
-1.0096875,3.384618133,3.904571645
-1.009375,3.384618133,3.904571645
-1.0090625,3.388604582,3.904571645
-1.00875,3.391793741,3.904571645
-1.0084375,3.390996452,3.903775006
-1.008125,3.403753089,3.906164923
-1.0078125,3.39976664,3.906164923
-1.0075,3.39578019,3.904571645
-1.0071875,3.402158509,3.906164923
-1.006875,3.410131407,3.906961562
-1.0065625,3.409334117,3.903775006
-1.00625,3.404550378,3.899791811
-1.0059375,3.421293465,3.901385089
-1.005625,3.418104305,3.901385089
-1.0053125,3.422888044,3.901385089
-1.005,3.423685334,3.902978367
-1.0046875,3.426874493,3.904571645
-1.004375,3.429266363,3.902181728
-1.0040625,3.426077203,3.902181728
-1.00375,3.444414869,3.903775006
-1.0034375,3.44122571,3.905368284
-1.003125,3.443617579,3.904571645
-1.0028125,3.450793188,3.904571645
-1.0025,3.450793188,3.905368284
-1.0021875,3.452387767,3.902978367
-1.001875,3.448401318,3.902978367
-1.0015625,3.459563376,3.905368284
-1.00125,3.461955245,3.905368284
-1.0009375,3.461157955,3.903775006
-1.000625,3.467536274,3.904571645
-1.0003125,3.472320013,3.906164923
-1,3.477901042,3.905368284
-0.9996875,3.477103752,3.906961562
-0.999375,3.491454968,3.910944758
-0.9990625,3.48667123,3.911741397
-0.99875,3.487468519,3.911741397
-0.9984375,3.496238707,3.914131314
-0.998125,3.498630577,3.914131314
-0.9978125,3.507400765,3.912538036
-0.9975,3.503414316,3.913334675
-0.9971875,3.511387214,3.914131314
-0.996875,3.510589924,3.911741397
-0.9965625,3.511387214,3.911741397
-0.99625,3.517765532,3.911741397
-0.9959375,3.511387214,3.911741397
-0.995625,3.512184504,3.90935148
-0.9953125,3.519360112,3.90935148
-0.995,3.524941141,3.910148119
-0.9946875,3.524941141,3.907758202
-0.994375,3.524143851,3.906164923
-0.9940625,3.535305908,3.907758202
-0.99375,3.531319459,3.906164923
-0.9934375,3.52972488,3.903775006
-0.993125,3.532914039,3.904571645
-0.9928125,3.538495068,3.904571645
-0.9925,3.537697778,3.902978367
-0.9921875,3.537697778,3.902978367
-0.991875,3.550454415,3.905368284
-0.9915625,3.550454415,3.905368284
-0.99125,3.554440864,3.903775006
-0.9909375,3.559224603,3.905368284
-0.990625,3.558427313,3.906164923
-0.9903125,3.557630023,3.903775006
-0.99,3.556832733,3.903775006
-0.9896875,3.564805632,3.902978367
-0.989375,3.567994791,3.901385089
-0.9890625,3.565602921,3.901385089
-0.98875,3.577562269,3.903775006
-0.9884375,3.577562269,3.902181728
-0.988125,3.581548718,3.901385089
-0.9878125,3.584737877,3.903775006
-0.9875,3.581548718,3.904571645
-0.9871875,3.587927036,3.902978367
-0.986875,3.589521616,3.904571645
-0.9865625,3.600683673,3.906961562
-0.98625,3.598291804,3.905368284
-0.9859375,3.597494514,3.905368284
-0.985625,3.609453861,3.906164923
-0.9853125,3.605467412,3.906164923
-0.985,3.610251151,3.905368284
-0.9846875,3.611048441,3.905368284
-0.984375,3.607859282,3.906164923
-0.9840625,3.618224049,3.905368284
-0.98375,3.617426759,3.906164923
-0.9834375,3.629386107,3.907758202
-0.983125,3.630183397,3.906164923
-0.9828125,3.631777976,3.907758202
-0.9825,3.646129193,3.910148119
-0.9821875,3.639750874,3.911741397
-0.981875,3.646129193,3.910148119
-0.9815625,3.646129193,3.910944758
-0.98125,3.651710222,3.911741397
-0.9809375,3.65888583,3.910148119
-0.980625,3.65808854,3.910148119
-0.9803125,3.667656018,3.910944758
-0.98,3.664466859,3.90935148
-0.9796875,3.661277699,3.908554841
-0.979375,3.669250598,3.90935148
-0.9790625,3.662872279,3.908554841
-0.97875,3.667656018,3.906164923
-0.9784375,3.672439757,3.906164923
-0.978125,3.670845177,3.906164923
-0.9778125,3.679615365,3.904571645
-0.9775,3.679615365,3.904571645
-0.9771875,3.683601814,3.904571645
-0.976875,3.684399104,3.902181728
-0.9765625,3.678818075,3.901385089
-0.97625,3.686790974,3.902978367
-0.9759375,3.686790974,3.902978367
-0.975625,3.693169292,3.90058845
-0.9753125,3.696358451,3.901385089
-0.975,3.697155741,3.901385089
-0.9746875,3.704331349,3.901385089
-0.974375,3.705128639,3.902978367
-0.9740625,3.706723219,3.902978367
-0.97375,3.714696117,3.902181728
-0.9734375,3.709115088,3.901385089
-0.973125,3.712304248,3.899791811
-0.9728125,3.713101537,3.898995172
-0.9725,3.716290697,3.897401894
-0.9721875,3.721871725,3.898995172
-0.971875,3.721871725,3.899791811
-0.9715625,3.729047334,3.899791811
-0.97125,3.731439203,3.898995172
-0.9709375,3.725060885,3.90058845
-0.970625,3.741006681,3.899791811
-0.9703125,3.737020232,3.901385089
-0.97,3.742601261,3.902978367
-0.9696875,3.748979579,3.902181728
-0.969375,3.741803971,3.902181728
-0.9690625,3.753763318,3.902978367
-0.96875,3.753763318,3.902978367
-0.9684375,3.758547057,3.90058845
-0.968125,3.772100984,3.901385089
-0.9678125,3.763330796,3.90058845
-0.9675,3.769709114,3.901385089
-0.9671875,3.769709114,3.902978367
-0.966875,3.769709114,3.903775006
-0.9665625,3.783263041,3.904571645
-0.96625,3.779276592,3.905368284
-0.9659375,3.78804678,3.908554841
-0.965625,3.799208838,3.90935148
-0.9653125,3.793627809,3.910148119
-0.965,3.807181736,3.90935148
-0.9646875,3.800803417,3.910148119
-0.964375,3.803195287,3.910148119
-0.9640625,3.807979026,3.910148119
-0.96375,3.804789866,3.908554841
-0.9634375,3.813560054,3.908554841
-0.963125,3.814357344,3.907758202
-0.9628125,3.814357344,3.905368284
-0.9625,3.823127532,3.906961562
-0.9621875,3.819141083,3.905368284
-0.961875,3.823127532,3.903775006
-0.9615625,3.821532953,3.903775006
-0.96125,3.820735663,3.902978367
-0.9609375,3.826316691,3.903775006
-0.960625,3.830303141,3.902978367
-0.9603125,3.83110043,3.901385089
-0.96,3.835884169,3.901385089
-0.9596875,3.83110043,3.90058845
-0.959375,3.838276039,3.90058845
-0.9590625,3.841465198,3.90058845
-0.95875,3.8334923,3.90058845
-0.9584375,3.847046227,3.90058845
-0.958125,3.845451647,3.90058845
-0.9578125,3.850235386,3.901385089
-0.9575,3.864586603,3.903775006
-0.9571875,3.861397443,3.903775006
-0.956875,3.868573052,3.902978367
-0.9565625,3.862992023,3.90058845
-0.95625,3.859802864,3.897401894
-0.9559375,3.869370342,3.899791811
-0.955625,3.866978472,3.898995172
-0.9553125,3.872559501,3.899791811
-0.955,3.87814053,3.901385089
-0.9546875,3.883721558,3.902181728
-0.954375,3.888505297,3.902181728
-0.9540625,3.884518848,3.902181728
-0.95375,3.890897167,3.904571645
-0.9534375,3.899667355,3.903775006
-0.953125,3.894883616,3.902978367
-0.9528125,3.902059224,3.904571645
-0.9525,3.906045673,3.904571645
-0.9521875,3.904451093,3.904571645
-0.951875,3.915613151,3.905368284
-0.9515625,3.914018571,3.904571645
-0.95125,3.913221281,3.903775006
-0.9509375,3.9195996,3.905368284
-0.950625,3.917207731,3.905368284
-0.9503125,3.928369788,3.904571645
-0.95,3.928369788,3.906961562
-0.9496875,3.927572498,3.907758202
-0.949375,3.939531845,3.90935148
-0.9490625,3.939531845,3.911741397
-0.94875,3.945910164,3.913334675
-0.9484375,3.949099323,3.912538036
-0.948125,3.946707454,3.910944758
-0.9478125,3.953883062,3.913334675
-0.9475,3.955477642,3.912538036
-0.9471875,3.953883062,3.911741397
-0.946875,3.960261381,3.911741397
-0.9465625,3.957072221,3.911741397
-0.94625,3.957072221,3.90935148
-0.9459375,3.96424783,3.90935148
-0.945625,3.959464091,3.908554841
-0.9453125,3.966639699,3.908554841
-0.945,3.967436989,3.906961562
-0.9446875,3.96504512,3.906961562
-0.944375,3.974612597,3.906164923
-0.9440625,3.969828858,3.906164923
-0.94375,3.972220728,3.905368284
-0.9434375,3.976207177,3.904571645
-0.943125,3.973815308,3.904571645
-0.9428125,3.981788206,3.903775006
-0.9425,3.980990916,3.902978367
-0.9421875,3.979396336,3.903775006
-0.941875,3.988963814,3.904571645
-0.9415625,3.988963814,3.905368284
-0.94125,3.990558394,3.904571645
-0.9409375,3.994544843,3.904571645
-0.940625,3.992950263,3.906164923
-0.9403125,4.000125872,3.906164923
-0.94,4.000923161,3.904571645
-0.9396875,3.997734002,3.902181728
-0.939375,4.0057069,3.902181728
-0.9390625,4.004112321,3.901385089
-0.93875,4.00650419,3.902978367
-0.9384375,4.014477088,3.902978367
-0.938125,4.009693349,3.903775006
-0.9378125,4.019260827,3.903775006
-0.9375,4.020855407,3.905368284
-0.9371875,4.020855407,3.906164923
-0.936875,4.030422885,3.905368284
-0.9365625,4.028031015,3.906164923
-0.93625,4.028031015,3.905368284
-0.9359375,4.035206623,3.905368284
-0.935625,4.034409334,3.905368284
-0.9353125,4.040787652,3.906164923
-0.935,4.042382232,3.904571645
-0.9346875,4.041584942,3.904571645
-0.934375,4.04876055,3.906164923
-0.9340625,4.05035513,3.905368284
-0.93375,4.05194971,3.906164923
-0.9334375,4.059125318,3.906961562
-0.933125,4.058328028,3.907758202
-0.9328125,4.067098216,3.908554841
-0.9325,4.074273824,3.911741397
-0.9321875,4.070287375,3.911741397
-0.931875,4.081449433,3.912538036
-0.9315625,4.081449433,3.911741397
-0.93125,4.081449433,3.912538036
-0.9309375,4.0918142,3.910944758
-0.930625,4.086233172,3.911741397
-0.9303125,4.088625041,3.910148119
-0.93,4.09261149,3.90935148
-0.9296875,4.090219621,3.908554841
-0.929375,4.097395229,3.907758202
-0.9290625,4.09580065,3.907758202
-0.92875,4.09500336,3.906164923
-0.9284375,4.101381678,3.906164923
-0.928125,4.098989809,3.906164923
-0.9278125,4.100584388,3.903775006
-0.9275,4.105368127,3.904571645
-0.9271875,4.101381678,3.902978367
-0.926875,4.106165417,3.902978367
-0.9265625,4.110151866,3.903775006
-0.92625,4.109354576,3.902978367
-0.9259375,4.113341025,3.902181728
-0.925625,4.113341025,3.902181728
-0.9253125,4.115732895,3.902978367
-0.925,4.122111213,3.902978367
-0.9246875,4.120516634,3.902978367
-0.924375,4.125300373,3.904571645
-0.9240625,4.129286822,3.903775006
-0.92375,4.127692242,3.903775006
-0.9234375,4.13566514,3.904571645
-0.923125,4.131678691,3.90058845
-0.9228125,4.126894952,3.899791811
-0.9225,4.13566514,3.90058845
-0.9221875,4.13566514,3.90058845
-0.921875,4.142043459,3.902181728
-0.9215625,4.146029908,3.902181728
-0.92125,4.146029908,3.903775006
-0.9209375,4.151610937,3.903775006
-0.920625,4.154002806,3.903775006
-0.9203125,4.153205516,3.905368284
-0.92,4.164367574,3.903775006
-0.9196875,4.161178414,3.904571645
-0.919375,4.161975704,3.904571645
-0.9190625,4.170745892,3.903775006
-0.91875,4.168354023,3.904571645
-0.9184375,4.173935052,3.904571645
-0.918125,4.177124211,3.904571645
-0.9178125,4.175529631,3.904571645
-0.9175,4.18190795,3.905368284
-0.9171875,4.183502529,3.903775006
-0.916875,4.185894399,3.904571645
-0.9165625,4.193867297,3.906164923
-0.91625,4.193867297,3.906961562
-0.9159375,4.203434775,3.910944758
-0.915625,4.212204963,3.911741397
-0.9153125,4.208218514,3.912538036
-0.915,4.215394122,3.912538036
-0.9146875,4.220177861,3.913334675
-0.914375,4.217785991,3.912538036
-0.9140625,4.228150759,3.910944758
-0.91375,4.22256973,3.910944758
-0.9134375,4.22416431,3.910148119
-0.913125,4.231339918,3.90935148
-0.9128125,4.229745339,3.90935148
-0.9125,4.232934498,3.908554841
-0.9121875,4.236920947,3.907758202
-0.911875,4.234529078,3.907758202
-0.9115625,4.237718237,3.906961562
-0.91125,4.240110106,3.906164923
-0.9109375,4.241704686,3.905368284
-0.910625,4.246488425,3.905368284
-0.9103125,4.244893845,3.905368284
-0.91,4.248083005,3.904571645
-0.9096875,4.252866743,3.904571645
-0.909375,4.252866743,3.902978367
-0.9090625,4.254461323,3.902978367
-0.90875,4.258447772,3.903775006
-0.9084375,4.256853192,3.903775006
-0.908125,4.264028801,3.903775006
-0.9078125,4.26801525,3.903775006
-0.9075,4.264028801,3.904571645
-0.9071875,4.275988148,3.904571645
-0.906875,4.273596279,3.904571645
-0.9065625,4.272001699,3.903775006
-0.90625,4.279974597,3.90058845
-0.9059375,4.273596279,3.90058845
-0.905625,4.278380018,3.90058845
-0.9053125,4.283961046,3.901385089
-0.905,4.282366467,3.901385089
-0.9046875,4.291136655,3.902181728
-0.904375,4.289542075,3.903775006
-0.9040625,4.291136655,3.903775006
-0.90375,4.298312263,3.904571645
-0.9034375,4.297514973,3.904571645
-0.903125,4.301501422,3.905368284
-0.9028125,4.303096002,3.905368284
-0.9025,4.302298712,3.905368284
-0.9021875,4.307082451,3.904571645
-0.901875,4.308677031,3.905368284
-0.9015625,4.308677031,3.904571645
-0.90125,4.313460769,3.904571645
-0.9009375,4.314258059,3.905368284
-0.900625,4.314258059,3.904571645
-0.9003125,4.322230957,3.905368284
-0.9,4.322230957,3.906961562
-0.8996875,4.322230957,3.906961562
-0.899375,4.331001145,3.90935148
-0.8990625,4.329406566,3.911741397
-0.89875,4.335784884,3.911741397
-0.8984375,4.337379464,3.911741397
-0.898125,4.336582174,3.912538036
-0.8978125,4.342163203,3.913334675
-0.8975,4.342960493,3.912538036
-0.8971875,4.342960493,3.912538036
-0.896875,4.346946942,3.911741397
-0.8965625,4.343757783,3.911741397
-0.89625,4.344555072,3.910148119
-0.8959375,4.348541521,3.910148119
-0.895625,4.347744232,3.90935148
-0.8953125,4.35252797,3.908554841
-0.895,4.35252797,3.906961562
-0.8946875,4.433851532,3.906961562
-0.894375,4.65709268,3.903775006
-0.8940625,4.636363145,3.904571645
-0.89375,4.715294837,3.902978367
-0.8934375,4.692970722,3.902978367
-0.893125,4.65948455,3.902978367
-0.8928125,4.774294284,3.902978367
-0.8925,4.65948455,3.902978367
-0.8921875,4.648322493,3.902181728
-0.891875,4.650714362,3.902978367
-0.8915625,4.545472106,3.902181728
-0.89125,4.539891077,3.902978367
-0.8909375,4.499229297,3.902978367
-0.890625,4.578160989,3.902978367
-0.8903125,4.589323046,3.903775006
-0.89,4.775091573,3.902978367
-0.8896875,4.775888863,3.90058845
-0.889375,4.736024372,3.90058845
-0.8890625,4.768713255,3.90058845
-0.88875,4.759943067,3.90058845
-0.8884375,4.70094362,3.90058845
-0.888125,4.727254184,3.902181728
-0.8878125,4.692173432,3.902181728
-0.8875,4.52872902,3.90935148
-0.8871875,4.546269396,3.907758202
-0.886875,4.458567516,3.910148119
-0.8865625,4.421094895,3.910944758
-0.88625,4.416311156,3.90935148
-0.8859375,4.417108446,3.910148119
-0.885625,4.420297605,3.910148119
-0.8853125,4.417108446,3.910148119
-0.885,4.419500315,3.910148119
-0.8846875,4.421892185,3.910944758
-0.884375,4.417905735,3.910148119
-0.8840625,4.422689474,3.910148119
-0.88375,4.422689474,3.910148119
-0.8834375,4.421892185,3.910944758
-0.883125,4.426675923,3.912538036
-0.8828125,4.426675923,3.914131314
-0.8825,4.430662373,3.916521231
-0.8821875,4.434648822,3.91731787
-0.881875,4.430662373,3.91731787
-0.8815625,4.435446111,3.916521231
-0.88125,4.435446111,3.91731787
-0.8809375,4.431459662,3.916521231
-0.880625,4.439432561,3.915724592
-0.8803125,4.434648822,3.915724592
-0.88,4.434648822,3.916521231
-0.8796875,4.438635271,3.915724592
-0.879375,4.433851532,3.914927953
-0.8790625,4.435446111,3.914927953
-0.87875,4.436243401,3.913334675
-0.8784375,4.433054242,3.912538036
-0.878125,4.437040691,3.912538036
-0.8778125,4.433851532,3.910944758
-0.8775,4.432256952,3.910944758
-0.8771875,4.437040691,3.911741397
-0.876875,4.432256952,3.910148119
-0.8765625,4.433851532,3.910148119
-0.87625,4.434648822,3.90935148
-0.8759375,4.429865083,3.90935148
-0.875625,4.435446111,3.908554841
-0.8753125,4.433851532,3.90935148
-0.875,4.432256952,3.910148119
-0.8746875,4.439432561,3.910148119
-0.874375,4.434648822,3.90935148
-0.8740625,4.437837981,3.910944758
-0.87375,4.44022985,3.910944758
-0.8734375,4.435446111,3.910148119
-0.873125,4.437837981,3.907758202
-0.8728125,4.435446111,3.906164923
-0.8725,4.433851532,3.906961562
-0.8721875,4.438635271,3.907758202
-0.871875,4.435446111,3.908554841
-0.8715625,4.438635271,3.908554841
-0.87125,4.44022985,3.908554841
-0.8709375,4.436243401,3.910148119
-0.870625,4.444216299,3.910148119
-0.8703125,4.44022985,3.910148119
-0.87,4.44022985,3.910944758
-0.8696875,4.445810879,3.910944758
-0.869375,4.44102714,3.910944758
-0.8690625,4.444216299,3.910944758
-0.86875,4.444216299,3.910148119
-0.8684375,4.44102714,3.910148119
-0.868125,4.447405459,3.910148119
-0.8678125,4.444216299,3.910944758
-0.8675,4.444216299,3.910944758
-0.8671875,4.447405459,3.910944758
-0.866875,4.444216299,3.912538036
-0.8665625,4.449797328,3.912538036
-0.86625,4.449797328,3.913334675
-0.8659375,4.450594618,3.916521231
-0.865625,4.458567516,3.91731787
-0.8653125,4.455378357,3.918114509
-0.865,4.456175647,3.918114509
-0.8646875,4.459364806,3.918911148
-0.864375,4.455378357,3.918911148
-0.8640625,4.460162096,3.91731787
-0.86375,4.456972936,3.916521231
-0.8634375,4.455378357,3.916521231
-0.863125,4.457770226,3.915724592
-0.8628125,4.452189198,3.914927953
-0.8625,4.456972936,3.914927953
-0.8621875,4.455378357,3.914131314
-0.861875,4.449797328,3.912538036
-0.8615625,4.456972936,3.912538036
-0.86125,4.450594618,3.911741397
-0.8609375,4.452189198,3.911741397
-0.860625,4.453783777,3.910944758
-0.8603125,4.449000038,3.910944758
-0.86,4.452986487,3.910944758
-0.8596875,4.449000038,3.910148119
-0.859375,4.448202749,3.908554841
-0.8590625,4.450594618,3.908554841
-0.85875,4.446608169,3.908554841
-0.8584375,4.452189198,3.90935148
-0.858125,4.450594618,3.90935148
-0.8578125,4.449000038,3.910148119
-0.8575,4.454581067,3.910944758
-0.8571875,4.450594618,3.910944758
-0.856875,4.452986487,3.910148119
-0.8565625,4.449797328,3.908554841
-0.85625,4.445013589,3.906961562
-0.8559375,4.452189198,3.907758202
-0.855625,4.447405459,3.906961562
-0.8553125,4.449797328,3.907758202
-0.855,4.450594618,3.908554841
-0.8546875,4.447405459,3.90935148
-0.854375,4.453783777,3.908554841
-0.8540625,4.449797328,3.90935148
-0.85375,4.449797328,3.90935148
-0.8534375,4.455378357,3.910148119
-0.853125,4.450594618,3.910148119
-0.8528125,4.456972936,3.910148119
-0.8525,4.453783777,3.910944758
-0.8521875,4.452986487,3.910944758
-0.851875,4.455378357,3.911741397
-0.8515625,4.451391908,3.911741397
-0.85125,4.456972936,3.910944758
-0.8509375,4.454581067,3.910944758
-0.850625,4.451391908,3.910944758
-0.8503125,4.457770226,3.910944758
-0.85,4.452986487,3.911741397
-0.8496875,4.456175647,3.911741397
-0.849375,4.459364806,3.914927953
-0.8490625,4.459364806,3.91731787
-0.84875,4.464945835,3.91731787
-0.8484375,4.460162096,3.918114509
-0.848125,4.464148545,3.918114509
-0.8478125,4.464148545,3.918911148
-0.8475,4.459364806,3.918911148
-0.8471875,4.465743124,3.91731787
-0.846875,4.460162096,3.916521231
-0.8465625,4.461756675,3.916521231
-0.84625,4.460162096,3.916521231
-0.8459375,4.455378357,3.914927953
-0.845625,4.460959386,3.913334675
-0.8453125,4.456175647,3.914131314
-0.845,4.457770226,3.912538036
-0.8446875,4.455378357,3.911741397
-0.844375,4.451391908,3.910944758
-0.8440625,4.457770226,3.910148119
-0.84375,4.452986487,3.910944758
-0.8434375,4.453783777,3.910944758
-0.843125,4.453783777,3.910148119
-0.8428125,4.450594618,3.90935148
-0.8425,4.454581067,3.90935148
-0.8421875,4.449000038,3.90935148
-0.841875,4.452986487,3.910148119
-0.8415625,4.451391908,3.90935148
-0.84125,4.449000038,3.910148119
-0.8409375,4.454581067,3.910944758
-0.840625,4.450594618,3.912538036
-0.8403125,4.453783777,3.911741397
-0.84,4.451391908,3.910148119
-0.8396875,4.445810879,3.906164923
-0.839375,4.449000038,3.906961562
-0.8390625,4.444216299,3.906961562
-0.83875,4.449797328,3.906961562
-0.8384375,4.447405459,3.907758202
-0.838125,4.445810879,3.908554841
-0.8378125,4.451391908,3.908554841
-0.8375,4.446608169,3.90935148
-0.8371875,4.452189198,3.910148119
-0.836875,4.448202749,3.910148119
-0.8365625,4.449000038,3.910148119
-0.83625,4.451391908,3.910148119
-0.8359375,4.446608169,3.910944758
-0.835625,4.453783777,3.910148119
-0.8353125,4.449000038,3.910148119
-0.835,4.448202749,3.910148119
-0.8346875,4.450594618,3.910148119
-0.834375,4.446608169,3.910148119
-0.8340625,4.452189198,3.910944758
-0.83375,4.447405459,3.910944758
-0.8334375,4.451391908,3.912538036
-0.833125,4.451391908,3.913334675
-0.8328125,4.449000038,3.913334675
-0.8325,4.459364806,3.916521231
-0.8321875,4.455378357,3.918114509
-0.831875,4.458567516,3.918114509
-0.8315625,4.456972936,3.918114509
-0.83125,4.454581067,3.91731787
-0.8309375,4.458567516,3.918114509
-0.830625,4.452986487,3.91731787
-0.8303125,4.457770226,3.91731787
-0.83,4.452986487,3.916521231
-0.8296875,4.450594618,3.915724592
-0.829375,4.452189198,3.914927953
-0.8290625,4.448202749,3.914131314
-0.82875,4.452986487,3.914131314
-0.8284375,4.447405459,3.913334675
-0.828125,4.446608169,3.911741397
-0.8278125,4.445810879,3.911741397
-0.8275,4.44102714,3.910944758
-0.8271875,4.448202749,3.910944758
-0.826875,4.44022985,3.910148119
-0.8265625,4.44262172,3.90935148
-0.82625,4.44022985,3.908554841
-0.8259375,4.438635271,3.908554841
-0.825625,4.44102714,3.908554841
-0.8253125,4.435446111,3.90935148
-0.825,4.44341901,3.90935148
-0.8246875,4.437837981,3.90935148
-0.824375,4.438635271,3.90935148
-0.8240625,4.44182443,3.910148119
-0.82375,4.437837981,3.910944758
-0.8234375,4.44262172,3.910148119
-0.823125,4.433054242,3.906961562
-0.8228125,4.436243401,3.906164923
-0.8225,4.433851532,3.906961562
-0.8221875,4.431459662,3.906961562
-0.821875,4.436243401,3.906961562
-0.8215625,4.430662373,3.907758202
-0.82125,4.437040691,3.908554841
-0.8209375,4.433054242,3.908554841
-0.820625,4.437040691,3.90935148
-0.8203125,4.437040691,3.910944758
-0.82,4.433054242,3.910148119
-0.8196875,4.437837981,3.910148119
-0.819375,4.432256952,3.90935148
-0.8190625,4.437837981,3.910148119
-0.81875,4.433851532,3.910148119
-0.8184375,4.433851532,3.910148119
-0.818125,4.434648822,3.910148119
-0.8178125,4.429067793,3.910148119
-0.8175,4.437040691,3.910944758
-0.8171875,4.430662373,3.911741397
-0.816875,4.434648822,3.912538036
-0.8165625,4.433851532,3.912538036
-0.81625,4.433851532,3.913334675
-0.8159375,4.44102714,3.91731787
-0.815625,4.434648822,3.91731787
-0.8153125,4.44341901,3.91731787
-0.815,4.437837981,3.918114509
-0.8146875,4.439432561,3.918114509
-0.814375,4.438635271,3.918114509
-0.8140625,4.435446111,3.916521231
-0.81375,4.439432561,3.91731787
-0.8134375,4.432256952,3.916521231
-0.813125,4.437837981,3.914927953
-0.8128125,4.431459662,3.914131314
-0.8125,4.432256952,3.914131314
-0.8121875,4.430662373,3.913334675
-0.811875,4.427473213,3.912538036
-0.8115625,4.431459662,3.912538036
-0.81125,4.422689474,3.911741397
-0.8109375,4.428270503,3.911741397
-0.810625,4.422689474,3.912538036
-0.8103125,4.422689474,3.910944758
-0.81,4.423486764,3.90935148
-0.8096875,4.418703025,3.90935148
-0.809375,4.423486764,3.90935148
-0.8090625,4.416311156,3.90935148
-0.80875,4.422689474,3.90935148
-0.8084375,4.417905735,3.90935148
-0.808125,4.419500315,3.90935148
-0.8078125,4.418703025,3.90935148
-0.8075,4.417108446,3.910148119
-0.8071875,4.421094895,3.911741397
-0.806875,4.414716576,3.910944758
-0.8065625,4.417905735,3.907758202
-0.80625,4.411527417,3.906961562
-0.8059375,4.412324707,3.906961562
-0.805625,4.412324707,3.906961562
-0.8053125,4.410730127,3.907758202
-0.805,4.413919286,3.908554841
-0.8046875,4.408338258,3.908554841
-0.804375,4.415513866,3.908554841
-0.8040625,4.410730127,3.90935148
-0.80375,4.413919286,3.90935148
-0.8034375,4.412324707,3.910148119
-0.803125,4.411527417,3.910148119
-0.8028125,4.412324707,3.910944758
-0.8025,4.406743678,3.910944758
-0.8021875,4.413919286,3.911741397
-0.801875,4.407540968,3.911741397
-0.8015625,4.410730127,3.910148119
-0.80125,4.408338258,3.910944758
-0.8009375,4.408338258,3.910944758
-0.800625,4.408338258,3.910148119
-0.8003125,4.404351809,3.910148119
-0.8,4.409135547,3.910148119
-0.7996875,4.402757229,3.910944758
-0.799375,4.411527417,3.913334675
-0.7990625,4.409135547,3.915724592
-0.79875,4.412324707,3.915724592
-0.7984375,4.410730127,3.91731787
-0.798125,4.408338258,3.91731787
-0.7978125,4.413121997,3.918114509
-0.7975,4.406743678,3.91731787
-0.7971875,4.411527417,3.91731787
-0.796875,4.404351809,3.915724592
-0.7965625,4.409135547,3.914927953
-0.79625,4.405149098,3.914927953
-0.7959375,4.403554519,3.914131314
-0.795625,4.404351809,3.914131314
-0.7953125,4.400365359,3.913334675
-0.795,4.401959939,3.912538036
-0.7946875,4.393189751,3.910944758
-0.794375,4.401162649,3.910944758
-0.7940625,4.395581621,3.911741397
-0.79375,4.39637891,3.910944758
-0.7934375,4.393189751,3.910148119
-0.793125,4.391595172,3.90935148
-0.7928125,4.391595172,3.910148119
-0.7925,4.386811433,3.90935148
-0.7921875,4.392392461,3.908554841
-0.791875,4.386014143,3.90935148
-0.7915625,4.392392461,3.90935148
-0.79125,4.386014143,3.90935148
-0.7909375,4.389203302,3.910148119
-0.790625,4.387608722,3.910148119
-0.7903125,4.386014143,3.910944758
-0.79,4.386014143,3.90935148
-0.7896875,4.378838534,3.906961562
-0.789375,4.382824984,3.906961562
-0.7890625,4.374852085,3.907758202
-0.78875,4.383622273,3.906961562
-0.7884375,4.377243955,3.908554841
-0.788125,4.381230404,3.908554841
-0.7878125,4.378838534,3.90935148
-0.7875,4.378838534,3.90935148
-0.7871875,4.379635824,3.910148119
-0.786875,4.374852085,3.90935148
-0.7865625,4.379635824,3.90935148
-0.78625,4.371662926,3.90935148
-0.7859375,4.378838534,3.910148119
-0.785625,4.371662926,3.90935148
-0.7853125,4.377243955,3.90935148
-0.785,4.372460216,3.90935148
-0.7846875,4.373257506,3.910148119
-0.784375,4.371662926,3.910148119
-0.7840625,4.370068346,3.90935148
-0.78375,4.374054796,3.910944758
-0.7834375,4.367676477,3.910944758
-0.783125,4.374054796,3.910944758
-0.7828125,4.368473767,3.913334675
-0.7825,4.378041245,3.915724592
-0.7821875,4.372460216,3.916521231
-0.781875,4.375649375,3.916521231
-0.7815625,4.373257506,3.915724592
-0.78125,4.374054796,3.916521231
-0.7809375,4.374054796,3.91731787
-0.780625,4.370865636,3.91731787
-0.7803125,4.374054796,3.91731787
-0.78,4.366081897,3.916521231
-0.7796875,4.372460216,3.915724592
-0.779375,4.363690028,3.914927953
-0.7790625,4.367676477,3.914131314
-0.77875,4.362095448,3.914131314
-0.7784375,4.363690028,3.913334675
-0.778125,4.359703579,3.911741397
-0.7778125,4.358906289,3.912538036
-0.7775,4.359703579,3.911741397
-0.7771875,4.35491984,3.910944758
-0.776875,4.357311709,3.910148119
-0.7765625,4.350136101,3.90935148
-0.77625,4.357311709,3.90935148
-0.7759375,4.349338811,3.908554841
-0.775625,4.35332526,3.908554841
-0.7753125,4.348541521,3.908554841
-0.775,4.35252797,3.908554841
-0.7746875,4.349338811,3.908554841
-0.774375,4.348541521,3.908554841
-0.7740625,4.350136101,3.910148119
-0.77375,4.346149652,3.910148119
-0.7734375,4.349338811,3.910944758
-0.773125,4.339771333,3.906961562
-0.7728125,4.345352362,3.905368284
-0.7725,4.336582174,3.906164923
-0.7721875,4.342960493,3.906164923
-0.771875,4.336582174,3.906961562
-0.7715625,4.340568623,3.905368284
-0.77125,4.338176754,3.908554841
-0.7709375,4.338974044,3.908554841
-0.770625,4.338176754,3.908554841
-0.7703125,4.337379464,3.908554841
-0.77,4.339771333,3.90935148
-0.7696875,4.334987595,3.90935148
-0.769375,4.339771333,3.910148119
-0.7690625,4.331798435,3.90935148
-0.76875,4.337379464,3.90935148
-0.7684375,4.330203856,3.910148119
-0.768125,4.337379464,3.910148119
-0.7678125,4.329406566,3.910148119
-0.7675,4.332595725,3.910148119
-0.7671875,4.327811986,3.910148119
-0.766875,4.331001145,3.910148119
-0.7665625,4.328609276,3.910944758
-0.76625,4.328609276,3.911741397
-0.7659375,4.332595725,3.914927953
-0.765625,4.331798435,3.916521231
-0.7653125,4.334190305,3.916521231
-0.765,4.329406566,3.91731787
-0.7646875,4.334190305,3.916521231
-0.764375,4.327014696,3.91731787
-0.7640625,4.332595725,3.916521231
-0.76375,4.324622827,3.916521231
-0.7634375,4.330203856,3.915724592
-0.763125,4.322230957,3.914131314
-0.7628125,4.325420117,3.913334675
-0.7625,4.319839088,3.913334675
-0.7621875,4.320636378,3.912538036
-0.761875,4.318244508,3.912538036
-0.7615625,4.315852639,3.911741397
-0.76125,4.314258059,3.90935148
-0.7609375,4.31186619,3.90935148
-0.760625,4.313460769,3.908554841
-0.7603125,4.307082451,3.908554841
-0.76,4.3110689,3.907758202
-0.7596875,4.303096002,3.906961562
-0.759375,4.30947432,3.906961562
-0.7590625,4.299109553,3.906164923
-0.75875,4.307879741,3.906961562
-0.7584375,4.299906843,3.906961562
-0.758125,4.303893292,3.906961562
-0.7578125,4.299109553,3.907758202
-0.7575,4.303893292,3.90935148
-0.7571875,4.300704132,3.90935148
-0.756875,4.300704132,3.90935148
-0.7565625,4.297514973,3.907758202
-0.75625,4.293528524,3.905368284
-0.7559375,4.292731234,3.906164923
-0.755625,4.290339365,3.906164923
-0.7553125,4.293528524,3.905368284
-0.755,4.287150206,3.906961562
-0.7546875,4.294325814,3.907758202
-0.754375,4.285555626,3.908554841
-0.7540625,4.293528524,3.907758202
-0.75375,4.284758336,3.90935148
-0.7534375,4.292731234,3.90935148
-0.753125,4.283961046,3.910148119
-0.7528125,4.291136655,3.90935148
-0.7525,4.282366467,3.910148119
-0.7521875,4.285555626,3.910148119
-0.751875,4.281569177,3.910148119
-0.7515625,4.285555626,3.910148119
-0.75125,4.279974597,3.910148119
-0.7509375,4.281569177,3.910944758
-0.750625,4.279177307,3.910148119
-0.7503125,4.279177307,3.910944758
-0.75,4.279974597,3.912538036
-0.7496875,4.277582728,3.913334675
-0.749375,4.282366467,3.914927953
-0.7490625,4.280771887,3.91731787
-0.74875,4.284758336,3.91731787
-0.7484375,4.279177307,3.918114509
-0.748125,4.283163756,3.916521231
-0.7478125,4.276785438,3.918114509
-0.7475,4.281569177,3.91731787
-0.7471875,4.272001699,3.918114509
-0.746875,4.278380018,3.91731787
-0.7465625,4.26881254,3.91731787
-0.74625,4.273596279,3.915724592
-0.7459375,4.264826091,3.914927953
-0.745625,4.272001699,3.914927953
-0.7453125,4.262434221,3.914131314
-0.745,4.26721796,3.914131314
-0.7446875,4.258447772,3.912538036
-0.744375,4.262434221,3.912538036
-0.7440625,4.256853192,3.911741397
-0.74375,4.258447772,3.911741397
-0.7434375,4.253664033,3.910944758
-0.743125,4.254461323,3.90935148
-0.7428125,4.251272164,3.90935148
-0.7425,4.249677584,3.908554841
-0.7421875,4.249677584,3.907758202
-0.741875,4.248083005,3.907758202
-0.7415625,4.248880294,3.908554841
-0.74125,4.245691135,3.908554841
-0.7409375,4.247285715,3.90935148
-0.740625,4.244096555,3.90935148
-0.7403125,4.247285715,3.911741397
-0.74,4.240907396,3.908554841
-0.7396875,4.242501976,3.906164923
-0.739375,4.234529078,3.905368284
-0.7390625,4.240110106,3.906164923
-0.73875,4.232934498,3.906164923
-0.7384375,4.238515527,3.906164923
-0.738125,4.232137208,3.906961562
-0.7378125,4.240907396,3.908554841
-0.7375,4.231339918,3.908554841
-0.7371875,4.239312817,3.90935148
-0.736875,4.228948049,3.908554841
-0.7365625,4.236920947,3.90935148
-0.73625,4.228150759,3.90935148
-0.7359375,4.236123657,3.90935148
-0.735625,4.226556179,3.90935148
-0.7353125,4.231339918,3.910148119
-0.735,4.22416431,3.910148119
-0.7346875,4.229745339,3.908554841
-0.734375,4.221772441,3.90935148
-0.7340625,4.227353469,3.90935148
-0.73375,4.220975151,3.910148119
-0.7334375,4.227353469,3.911741397
-0.733125,4.221772441,3.911741397
-0.7328125,4.226556179,3.913334675
-0.7325,4.2249616,3.915724592
-0.7321875,4.228948049,3.91731787
-0.731875,4.2249616,3.918114509
-0.7315625,4.22575889,3.916521231
-0.73125,4.221772441,3.918114509
-0.7309375,4.22416431,3.918114509
-0.730625,4.220177861,3.91731787
-0.7303125,4.221772441,3.918114509
-0.73,4.217785991,3.916521231
-0.7296875,4.217785991,3.915724592
-0.729375,4.213799542,3.914131314
-0.7290625,4.212204963,3.913334675
-0.72875,4.209813093,3.913334675
-0.7284375,4.209015803,3.912538036
-0.728125,4.205029354,3.910944758
-0.7278125,4.205029354,3.910944758
-0.7275,4.202637485,3.90935148
-0.7271875,4.201840195,3.90935148
-0.726875,4.200245616,3.908554841
-0.7265625,4.198651036,3.908554841
-0.72625,4.196259166,3.907758202
-0.7259375,4.194664587,3.906164923
-0.725625,4.193867297,3.906164923
-0.7253125,4.192272717,3.906961562
-0.725,4.193070007,3.906961562
-0.7246875,4.191475428,3.907758202
-0.724375,4.190678138,3.907758202
-0.7240625,4.189083558,3.908554841
-0.72375,4.189880848,3.90935148
-0.7234375,4.188286268,3.908554841
-0.723125,4.183502529,3.906164923
-0.7228125,4.17951608,3.905368284
-0.7225,4.18031337,3.904571645
-0.7221875,4.177921501,3.904571645
-0.721875,4.17951608,3.906164923
-0.7215625,4.177124211,3.906961562
-0.72125,4.17871879,3.906164923
-0.7209375,4.176326921,3.906961562
-0.720625,4.177124211,3.907758202
-0.7203125,4.173935052,3.908554841
-0.72,4.175529631,3.908554841
-0.7196875,4.172340472,3.908554841
-0.719375,4.172340472,3.908554841
-0.7190625,4.169151313,3.907758202
-0.71875,4.169948602,3.908554841
-0.7184375,4.167556733,3.908554841
-0.718125,4.169151313,3.90935148
-0.7178125,4.165962153,3.90935148
-0.7175,4.165962153,3.908554841
-0.7171875,4.165164864,3.908554841
-0.716875,4.163570284,3.90935148
-0.7165625,4.163570284,3.90935148
-0.71625,4.163570284,3.910944758
-0.7159375,4.167556733,3.914131314
-0.715625,4.168354023,3.915724592
-0.7153125,4.166759443,3.91731787
-0.715,4.165164864,3.916521231
-0.7146875,4.165164864,3.916521231
-0.714375,4.162772994,3.916521231
-0.7140625,4.162772994,3.915724592
-0.71375,4.159583835,3.915724592
-0.7134375,4.159583835,3.914131314
-0.713125,4.154002806,3.913334675
-0.7128125,4.154800096,3.913334675
-0.7125,4.150813647,3.912538036
-0.7121875,4.152408226,3.912538036
-0.711875,4.146827198,3.911741397
-0.7115625,4.147624488,3.910944758
-0.71125,4.142043459,3.90935148
-0.7109375,4.143638039,3.90935148
-0.710625,4.13805701,3.90935148
-0.7103125,4.140448879,3.90935148
-0.71,4.133273271,3.907758202
-0.7096875,4.13805701,3.907758202
-0.709375,4.129286822,3.906961562
-0.7090625,4.134070561,3.906961562
-0.70875,4.126097663,3.906961562
-0.7084375,4.133273271,3.907758202
-0.708125,4.125300373,3.908554841
-0.7078125,4.131678691,3.908554841
-0.7075,4.122111213,3.908554841
-0.7071875,4.130881401,3.90935148
-0.706875,4.121313924,3.90935148
-0.7065625,4.125300373,3.906961562
-0.70625,4.114138315,3.905368284
-0.7059375,4.121313924,3.904571645
-0.705625,4.113341025,3.905368284
-0.7053125,4.119719344,3.906164923
-0.705,4.110949156,3.906164923
-0.7046875,4.118922054,3.907758202
-0.704375,4.112543736,3.908554841
-0.7040625,4.116530185,3.908554841
-0.70375,4.110949156,3.908554841
-0.7034375,4.114138315,3.90935148
-0.703125,4.109354576,3.907758202
-0.7028125,4.110949156,3.907758202
-0.7025,4.106165417,3.908554841
-0.7021875,4.108557287,3.908554841
-0.701875,4.105368127,3.908554841
-0.7015625,4.106165417,3.908554841
-0.70125,4.103773548,3.908554841
-0.7009375,4.102178968,3.908554841
-0.700625,4.102178968,3.908554841
-0.7003125,4.101381678,3.910148119
-0.7,4.102178968,3.910148119
-0.6996875,4.098989809,3.910148119
-0.699375,4.104570837,3.913334675
-0.6990625,4.101381678,3.914927953
-0.69875,4.105368127,3.915724592
-0.6984375,4.097395229,3.914927953
-0.698125,4.103773548,3.915724592
-0.6978125,4.096597939,3.915724592
-0.6975,4.102178968,3.915724592
-0.6971875,4.09261149,3.914927953
-0.696875,4.099787099,3.914131314
-0.6965625,4.087827751,3.913334675
-0.69625,4.09420607,3.912538036
-0.6959375,4.083044012,3.913334675
-0.695625,4.090219621,3.912538036
-0.6953125,4.079854853,3.913334675
-0.695,4.084638592,3.911741397
-0.6946875,4.075071114,3.911741397
-0.694375,4.079057563,3.911741397
-0.6940625,4.073476535,3.911741397
-0.69375,4.072679245,3.910944758
-0.6934375,4.068692796,3.910148119
-0.693125,4.067895506,3.910148119
-0.6928125,4.066300926,3.90935148
-0.6925,4.062314477,3.90935148
-0.6921875,4.062314477,3.90935148
-0.691875,4.058328028,3.90935148
-0.6915625,4.063111767,3.90935148
-0.69125,4.057530738,3.910148119
-0.6909375,4.060719898,3.910148119
-0.690625,4.053544289,3.910944758
-0.6903125,4.060719898,3.910148119
-0.69,4.04876055,3.90935148
-0.6896875,4.052746999,3.906961562
-0.689375,4.042382232,3.905368284
-0.6890625,4.04955784,3.906164923
-0.68875,4.042382232,3.906164923
-0.6884375,4.047963261,3.906961562
-0.688125,4.042382232,3.907758202
-0.6878125,4.045571391,3.908554841
-0.6875,4.043179522,3.908554841
-0.6871875,4.043179522,3.90935148
-0.686875,4.041584942,3.910148119
-0.6865625,4.039193073,3.910148119
-0.68625,4.040787652,3.910148119
-0.6859375,4.036003913,3.910944758
-0.685625,4.039193073,3.910148119
-0.6853125,4.032814754,3.910148119
-0.685,4.039193073,3.910148119
-0.6846875,4.029625595,3.910148119
-0.684375,4.036003913,3.910944758
-0.6840625,4.026436435,3.911741397
-0.68375,4.034409334,3.911741397
-0.6834375,4.027233725,3.911741397
-0.683125,4.031220174,3.911741397
-0.6828125,4.027233725,3.913334675
-0.6825,4.032814754,3.915724592
-0.6821875,4.031220174,3.918114509
-0.681875,4.031220174,3.918114509
-0.6815625,4.028828305,3.91731787
-0.68125,4.028828305,3.918114509
-0.6809375,4.028828305,3.918114509
-0.680625,4.023247276,3.918114509
-0.6803125,4.025639146,3.918114509
-0.68,4.017666247,3.91731787
-0.6796875,4.024044566,3.915724592
-0.679375,4.012882509,3.915724592
-0.6790625,4.019260827,3.914927953
-0.67875,4.008896059,3.914927953
-0.6784375,4.016071668,3.914131314
-0.678125,4.00650419,3.913334675
-0.6778125,4.008896059,3.912538036
-0.6775,4.003315031,3.912538036
-0.6771875,4.004112321,3.911741397
-0.676875,4.000923161,3.910148119
-0.6765625,3.998531292,3.90935148
-0.67625,3.998531292,3.910148119
-0.6759375,3.994544843,3.90935148
-0.675625,3.996936712,3.90935148
-0.6753125,3.988963814,3.90935148
-0.675,3.995342133,3.90935148
-0.6746875,3.984977365,3.908554841
-0.674375,3.994544843,3.90935148
-0.6740625,3.984977365,3.910148119
-0.67375,3.990558394,3.911741397
-0.6734375,3.983382785,3.910148119
-0.673125,3.982585496,3.907758202
-0.6728125,3.978599046,3.906961562
-0.6725,3.975409887,3.906164923
-0.6721875,3.975409887,3.906961562
-0.671875,3.972220728,3.906961562
-0.6715625,3.977004467,3.907758202
-0.67125,3.969828858,3.90935148
-0.6709375,3.977801757,3.90935148
-0.670625,3.967436989,3.910148119
-0.6703125,3.976207177,3.910148119
-0.67,3.967436989,3.910148119
-0.6696875,3.972220728,3.910148119
-0.669375,3.966639699,3.910944758
-0.6690625,3.967436989,3.910148119
-0.66875,3.96504512,3.90935148
-0.6684375,3.96345054,3.910148119
-0.668125,3.96345054,3.910148119
-0.6678125,3.957869511,3.910148119
-0.6675,3.96265325,3.90935148
-0.6671875,3.953085772,3.910148119
-0.666875,3.96265325,3.911741397
-0.6665625,3.953883062,3.911741397
-0.66625,3.960261381,3.911741397
-0.6659375,3.957869511,3.914927953
-0.665625,3.960261381,3.91731787
-0.6653125,3.957869511,3.91731787
-0.665,3.957072221,3.91731787
-0.6646875,3.959464091,3.918114509
-0.664375,3.953883062,3.918114509
-0.6640625,3.957072221,3.91731787
-0.66375,3.948302033,3.916521231
-0.6634375,3.955477642,3.916521231
-0.663125,3.945112874,3.914927953
-0.6628125,3.949896613,3.914927953
-0.6625,3.941126425,3.913334675
-0.6621875,3.943518295,3.913334675
-0.661875,3.939531845,3.912538036
-0.6615625,3.936342686,3.912538036
-0.66125,3.936342686,3.910944758
-0.6609375,3.931558947,3.910944758
-0.660625,3.934748107,3.910944758
-0.6603125,3.925180629,3.90935148
-0.66,3.931558947,3.90935148
-0.6596875,3.92119418,3.908554841
-0.659375,3.927572498,3.907758202
-0.6590625,3.9195996,3.907758202
-0.65875,3.922788759,3.907758202
-0.6584375,3.92039689,3.90935148
-0.658125,3.91800502,3.90935148
-0.6578125,3.92039689,3.90935148
-0.6575,3.913221281,3.910148119
-0.6571875,3.9195996,3.910148119
-0.656875,3.910829412,3.910148119
-0.6565625,3.916410441,3.907758202
-0.65625,3.905248383,3.904571645
-0.6559375,3.908437543,3.905368284
-0.655625,3.903653804,3.905368284
-0.6553125,3.903653804,3.904571645
-0.655,3.903653804,3.905368284
-0.6546875,3.901261934,3.906961562
-0.654375,3.904451093,3.906961562
-0.6540625,3.895680906,3.906961562
-0.65375,3.905248383,3.907758202
-0.6534375,3.896478195,3.908554841
-0.653125,3.900464644,3.908554841
-0.6528125,3.894883616,3.908554841
-0.6525,3.895680906,3.907758202
-0.6521875,3.894883616,3.908554841
-0.651875,3.890897167,3.90935148
-0.6515625,3.894086326,3.908554841
-0.65125,3.885316138,3.90935148
-0.6509375,3.894086326,3.908554841
-0.650625,3.883721558,3.90935148
-0.6503125,3.889302587,3.90935148
-0.65,3.882924268,3.910148119
-0.6496875,3.886113428,3.911741397
-0.649375,3.886910718,3.913334675
-0.6490625,3.884518848,3.915724592
-0.64875,3.890897167,3.916521231
-0.6484375,3.879735109,3.91731787
-0.648125,3.890099877,3.916521231
-0.6478125,3.880532399,3.916521231
-0.6475,3.885316138,3.916521231
-0.6471875,3.87814053,3.916521231
-0.646875,3.87814053,3.915724592
-0.6465625,3.87734324,3.914927953
-0.64625,3.870167631,3.914927953
-0.6459375,3.873356791,3.914131314
-0.645625,3.862194733,3.914131314
-0.6453125,3.871762211,3.913334675
-0.645,3.861397443,3.912538036
-0.6446875,3.862992023,3.912538036
-0.644375,3.857410994,3.911741397
-0.6440625,3.855816415,3.911741397
-0.64375,3.856613704,3.910944758
-0.6434375,3.847843517,3.910944758
-0.643125,3.854221835,3.910148119
-0.6428125,3.843857067,3.90935148
-0.6425,3.850235386,3.90935148
-0.6421875,3.843857067,3.90935148
-0.641875,3.845451647,3.910148119
-0.6415625,3.843857067,3.910148119
-0.64125,3.839073329,3.90935148
-0.6409375,3.843857067,3.910148119
-0.640625,3.835086879,3.910944758
-0.6403125,3.843857067,3.911741397
-0.64,3.8334923,3.910148119
-0.6396875,3.835086879,3.907758202
-0.639375,3.829505851,3.906164923
-0.6390625,3.827911271,3.906961562
-0.63875,3.829505851,3.907758202
-0.6384375,3.823127532,3.907758202
-0.638125,3.830303141,3.908554841
-0.6378125,3.821532953,3.908554841
-0.6375,3.827911271,3.90935148
-0.6371875,3.821532953,3.90935148
-0.636875,3.824722112,3.910944758
-0.6365625,3.823924822,3.910148119
-0.63625,3.818343793,3.910148119
-0.6359375,3.823127532,3.910944758
-0.635625,3.812762765,3.910148119
-0.6353125,3.821532953,3.910148119
-0.635,3.812762765,3.910148119
-0.6346875,3.815154634,3.910148119
-0.634375,3.811965475,3.910148119
-0.6340625,3.808776315,3.90935148
-0.63375,3.812762765,3.910148119
-0.6334375,3.803992577,3.910944758
-0.633125,3.812762765,3.911741397
-0.6328125,3.804789866,3.912538036
-0.6325,3.812762765,3.915724592
-0.6321875,3.811168185,3.91731787
-0.631875,3.809573605,3.91731787
-0.6315625,3.810370895,3.91731787
-0.63125,3.803195287,3.918114509
-0.6309375,3.811965475,3.91731787
-0.630625,3.801600707,3.91731787
-0.6303125,3.803992577,3.916521231
-0.63,3.799208838,3.915724592
-0.6296875,3.796019678,3.914927953
-0.629375,3.796816968,3.913334675
-0.6290625,3.78884407,3.913334675
-0.62875,3.796019678,3.912538036
-0.6284375,3.786452201,3.912538036
-0.628125,3.78884407,3.911741397
-0.6278125,3.784060331,3.90935148
-0.6275,3.781668462,3.910148119
-0.6271875,3.783263041,3.910148119
-0.626875,3.772898274,3.908554841
-0.6265625,3.781668462,3.907758202
-0.62625,3.771303694,3.907758202
-0.6259375,3.773695564,3.907758202
-0.625625,3.769709114,3.906961562
-0.6253125,3.766519955,3.906164923
-0.625,3.772100984,3.907758202
-0.6246875,3.761736216,3.907758202
-0.624375,3.770506404,3.907758202
-0.6240625,3.762533506,3.907758202
-0.62375,3.765722665,3.907758202
-0.6234375,3.761736216,3.906961562
-0.623125,3.753763318,3.905368284
-0.6228125,3.757749767,3.904571645
-0.6225,3.748182289,3.904571645
-0.6221875,3.755357898,3.905368284
-0.621875,3.748979579,3.905368284
-0.6215625,3.750574159,3.906164923
-0.62125,3.750574159,3.906961562
-0.6209375,3.74419584,3.906961562
-0.620625,3.752168739,3.907758202
-0.6203125,3.742601261,3.907758202
-0.62,3.748182289,3.90935148
-0.6196875,3.74419584,3.908554841
-0.619375,3.741006681,3.908554841
-0.6190625,3.743398551,3.908554841
-0.61875,3.735425652,3.908554841
-0.6184375,3.743398551,3.908554841
-0.618125,3.734628363,3.908554841
-0.6178125,3.737817522,3.907758202
-0.6175,3.735425652,3.907758202
-0.6171875,3.731439203,3.908554841
-0.616875,3.736222942,3.908554841
-0.6165625,3.727452754,3.910148119
-0.61625,3.735425652,3.910148119
-0.6159375,3.733033783,3.914131314
-0.615625,3.733831073,3.915724592
-0.6153125,3.734628363,3.916521231
-0.615,3.726655464,3.916521231
-0.6146875,3.736222942,3.916521231
-0.614375,3.727452754,3.916521231
-0.6140625,3.729844624,3.915724592
-0.61375,3.725858175,3.914927953
-0.6134375,3.721074436,3.915724592
-0.613125,3.725060885,3.914131314
-0.6128125,3.715493407,3.914131314
-0.6125,3.722669015,3.913334675
-0.6121875,3.714696117,3.912538036
-0.611875,3.713898827,3.911741397
-0.6115625,3.713101537,3.910944758
-0.61125,3.704331349,3.90935148
-0.6109375,3.710709668,3.90935148
-0.610625,3.70193948,3.910148119
-0.6103125,3.705128639,3.90935148
-0.61,3.7003449,3.908554841
-0.6096875,3.696358451,3.907758202
-0.609375,3.699547611,3.906961562
-0.6090625,3.688385553,3.905368284
-0.60875,3.696358451,3.906164923
-0.6084375,3.691574712,3.906164923
-0.608125,3.690777423,3.906961562
-0.6078125,3.691574712,3.907758202
-0.6075,3.682804524,3.907758202
-0.6071875,3.693966582,3.90935148
-0.606875,3.684399104,3.908554841
-0.6065625,3.682007235,3.906961562
-0.60625,3.679615365,3.905368284
-0.6059375,3.671642467,3.906164923
-0.605625,3.680412655,3.905368284
-0.6053125,3.670047887,3.907758202
-0.605,3.675628916,3.906961562
-0.6046875,3.670845177,3.907758202
-0.604375,3.666858728,3.90935148
-0.6040625,3.674831626,3.908554841
-0.60375,3.665264148,3.910148119
-0.6034375,3.670845177,3.910148119
-0.603125,3.664466859,3.911741397
-0.6028125,3.662872279,3.910944758
-0.6025,3.667656018,3.910944758
-0.6021875,3.65649396,3.913334675
-0.601875,3.663669569,3.911741397
-0.6015625,3.655696671,3.912538036
-0.60125,3.655696671,3.911741397
-0.6009375,3.65729125,3.912538036
-0.600625,3.648521062,3.913334675
-0.6003125,3.65649396,3.912538036
-0.6,3.647723773,3.914131314
-0.5996875,3.650115642,3.914131314
-0.599375,3.653304801,3.916521231
-0.5990625,3.647723773,3.918911148
-0.59875,3.65808854,3.918911148
-0.5984375,3.648521062,3.921301065
-0.598125,3.651710222,3.920504426
-0.5978125,3.650115642,3.920504426
-0.5975,3.642940034,3.919707787
-0.5971875,3.649318352,3.919707787
-0.596875,3.638953585,3.918911148
-0.5965625,3.641345454,3.918911148
-0.59625,3.638953585,3.916521231
-0.5959375,3.631777976,3.916521231
-0.595625,3.636561715,3.915724592
-0.5953125,3.628588817,3.914927953
-0.595,3.630183397,3.914131314
-0.5946875,3.626994237,3.913334675
-0.594375,3.621413209,3.912538036
-0.5940625,3.626994237,3.912538036
-0.59375,3.617426759,3.911741397
-0.5934375,3.620615919,3.910944758
-0.593125,3.617426759,3.910148119
-0.5928125,3.611048441,3.910148119
-0.5925,3.61583218,3.910148119
-0.5921875,3.607061992,3.910148119
-0.591875,3.612643021,3.910944758
-0.5915625,3.609453861,3.911741397
-0.59125,3.604670122,3.911741397
-0.5909375,3.610251151,3.911741397
-0.590625,3.602278253,3.912538036
-0.5903125,3.607061992,3.912538036
-0.59,3.602278253,3.911741397
-0.5896875,3.594305355,3.90935148
-0.589375,3.599089094,3.90935148
-0.5890625,3.590318906,3.908554841
-0.58875,3.595899934,3.90935148
-0.5884375,3.592710775,3.910148119
-0.588125,3.587927036,3.910148119
-0.5878125,3.593508065,3.910148119
-0.5875,3.585535167,3.911741397
-0.5871875,3.590318906,3.911741397
-0.586875,3.587927036,3.911741397
-0.5865625,3.582346008,3.912538036
-0.58625,3.587927036,3.910944758
-0.5859375,3.579954138,3.912538036
-0.585625,3.583143297,3.911741397
-0.5853125,3.580751428,3.912538036
-0.585,3.57357582,3.912538036
-0.5846875,3.581548718,3.912538036
-0.584375,3.57198124,3.912538036
-0.5840625,3.574373109,3.912538036
-0.58375,3.574373109,3.913334675
-0.5834375,3.567994791,3.913334675
-0.583125,3.575967689,3.914131314
-0.5828125,3.568792081,3.914927953
-0.5825,3.574373109,3.918114509
-0.5821875,3.575967689,3.918911148
-0.581875,3.567197501,3.920504426
-0.5815625,3.575170399,3.919707787
-0.58125,3.567994791,3.919707787
-0.5809375,3.567197501,3.920504426
-0.580625,3.56958937,3.918911148
-0.5803125,3.560021893,3.918911148
-0.58,3.567197501,3.918114509
-0.5796875,3.559224603,3.91731787
-0.579375,3.554440864,3.916521231
-0.5790625,3.558427313,3.915724592
-0.57875,3.549657125,3.914927953
-0.5784375,3.553643574,3.914927953
-0.578125,3.548062545,3.914131314
-0.5778125,3.540886937,3.912538036
-0.5775,3.548859835,3.913334675
-0.5771875,3.540089647,3.912538036
-0.576875,3.540886937,3.912538036
-0.5765625,3.538495068,3.911741397
-0.57625,3.52972488,3.910944758
-0.5759375,3.538495068,3.910944758
-0.575625,3.530522169,3.910148119
-0.5753125,3.52972488,3.910148119
-0.575,3.531319459,3.910944758
-0.5746875,3.521751981,3.910148119
-0.574375,3.531319459,3.910944758
-0.5740625,3.525738431,3.911741397
-0.57375,3.522549271,3.911741397
-0.5734375,3.52653572,3.911741397
-0.573125,3.513779083,3.90935148
-0.5728125,3.517765532,3.907758202
-0.5725,3.514576373,3.907758202
-0.5721875,3.507400765,3.907758202
-0.571875,3.516968243,3.908554841
-0.5715625,3.508995344,3.908554841
-0.57125,3.510589924,3.90935148
-0.5709375,3.512184504,3.910148119
-0.570625,3.503414316,3.910148119
-0.5703125,3.511387214,3.910944758
-0.57,3.505806185,3.911741397
-0.5696875,3.500225156,3.910944758
-0.569375,3.506603475,3.910944758
-0.5690625,3.498630577,3.911741397
-0.56875,3.501819736,3.911741397
-0.5684375,3.499427867,3.911741397
-0.568125,3.493049548,3.911741397
-0.5678125,3.502617026,3.912538036
-0.5675,3.493049548,3.910944758
-0.5671875,3.493049548,3.912538036
-0.566875,3.495441418,3.913334675
-0.5665625,3.487468519,3.913334675
-0.56625,3.495441418,3.914131314
-0.5659375,3.493846838,3.916521231
-0.565625,3.490657679,3.918114509
-0.5653125,3.497035997,3.918911148
-0.565,3.489063099,3.919707787
-0.5646875,3.492252258,3.918911148
-0.564375,3.493049548,3.919707787
-0.5640625,3.48268478,3.918911148
-0.56375,3.490657679,3.918114509
-0.5634375,3.48268478,3.91731787
-0.563125,3.479495621,3.916521231
-0.5628125,3.48268478,3.915724592
-0.5625,3.473914592,3.916521231
-0.5621875,3.477103752,3.914927953
-0.561875,3.473117303,3.914131314
-0.5615625,3.464347115,3.914927953
-0.56125,3.472320013,3.913334675
-0.5609375,3.462752535,3.913334675
-0.560625,3.461157955,3.914131314
-0.5603125,3.462752535,3.912538036
-0.56,3.451590478,3.911741397
-0.5596875,3.457171506,3.910944758
-0.559375,3.453982347,3.910148119
-0.5590625,3.445212159,3.910148119
-0.55875,3.453982347,3.910148119
-0.5584375,3.444414869,3.910944758
-0.558125,3.444414869,3.912538036
-0.5578125,3.448401318,3.911741397
-0.5575,3.43963113,3.911741397
-0.5571875,3.446806739,3.913334675
-0.556875,3.442023,3.913334675
-0.5565625,3.433252812,3.911741397
-0.55625,3.438833841,3.90935148
-0.5559375,3.430860942,3.90935148
-0.555625,3.428469073,3.90935148
-0.5553125,3.433252812,3.910148119
-0.555,3.424482624,3.910148119
-0.5546875,3.430860942,3.910148119
-0.554375,3.429266363,3.910148119
-0.5540625,3.421293465,3.911741397
-0.55375,3.430063653,3.912538036
-0.5534375,3.422090754,3.912538036
-0.553125,3.420496175,3.912538036
-0.5528125,3.426077203,3.911741397
-0.5525,3.416509726,3.911741397
-0.5521875,3.420496175,3.912538036
-0.551875,3.418104305,3.912538036
-0.5515625,3.409334117,3.911741397
-0.55125,3.418901595,3.912538036
-0.5509375,3.411725987,3.912538036
-0.550625,3.406942248,3.911741397
-0.5503125,3.413320566,3.911741397
-0.55,3.406942248,3.913334675
-0.5496875,3.407739538,3.913334675
-0.549375,3.410928697,3.915724592
-0.5490625,3.405347668,3.91731787
-0.54875,3.413320566,3.918114509
-0.5484375,3.409334117,3.918911148
-0.548125,3.402955799,3.918114509
-0.5478125,3.412523277,3.918911148
-0.5475,3.402955799,3.918911148
-0.5471875,3.401361219,3.918911148
-0.546875,3.402955799,3.918114509
-0.5465625,3.394185611,3.91731787
-0.54625,3.39817206,3.916521231
-0.5459375,3.39578019,3.915724592
-0.545625,3.386212713,3.914927953
-0.5453125,3.392591031,3.913334675
-0.545,3.386212713,3.913334675
-0.5446875,3.379037104,3.910944758
-0.544375,3.387807292,3.912538036
-0.5440625,3.378239814,3.910944758
-0.54375,3.375847945,3.910944758
-0.5434375,3.377442525,3.90935148
-0.543125,3.367875047,3.90935148
-0.5428125,3.371861496,3.90935148
-0.5425,3.369469626,3.908554841
-0.5421875,3.360699438,3.908554841
-0.541875,3.370266916,3.910148119
-0.5415625,3.363888598,3.910148119
-0.54125,3.357510279,3.910944758
-0.5409375,3.367077757,3.910148119
-0.540625,3.359104859,3.910944758
-0.5403125,3.359104859,3.910944758
-0.54,3.359902149,3.910148119
-0.5396875,3.347942801,3.908554841
-0.539375,3.351131961,3.907758202
-0.5390625,3.350334671,3.906961562
-0.53875,3.342361773,3.906961562
-0.5384375,3.350334671,3.907758202
-0.538125,3.345550932,3.907758202
-0.5378125,3.450793188,3.907758202
-0.5375,3.351131961,3.90935148
-0.5371875,3.48427936,3.908554841
-0.536875,3.532914039,3.906164923
-0.5365625,3.498630577,3.90935148
-0.53625,3.717885276,3.904571645
-0.5359375,3.586332457,3.905368284
-0.535625,3.61344031,3.906961562
-0.5353125,3.654102091,3.904571645
-0.535,3.654899381,3.903775006
-0.5346875,3.741006681,3.903775006
-0.534375,3.715493407,3.902978367
-0.5340625,3.667656018,3.905368284
-0.53375,3.624602368,3.903775006
-0.5334375,3.669250598,3.906164923
-0.533125,3.732236493,3.906164923
-0.5328125,3.725060885,3.907758202
-0.5325,3.721871725,3.910944758
-0.5321875,3.630183397,3.910944758
-0.531875,3.66048041,3.911741397
-0.5315625,3.724263595,3.912538036
-0.53125,3.737020232,3.913334675
-0.5309375,3.760938926,3.912538036
-0.530625,3.649318352,3.911741397
-0.5303125,3.673237047,3.911741397
-0.53,3.705128639,3.911741397
-0.5296875,3.732236493,3.910944758
-0.529375,3.750574159,3.910148119
-0.5290625,3.694763872,3.908554841
-0.52875,3.679615365,3.908554841
-0.5284375,3.696358451,3.907758202
-0.528125,3.732236493,3.906961562
-0.5278125,3.767317245,3.906961562
-0.5275,3.733831073,3.906164923
-0.5271875,3.709115088,3.905368284
-0.526875,3.705925929,3.904571645
-0.5265625,3.719479856,3.904571645
-0.52625,3.759344347,3.904571645
-0.5259375,3.741803971,3.903775006
-0.525625,3.74419584,3.902978367
-0.5253125,3.688385553,3.903775006
-0.525,3.689980133,3.903775006
-0.5246875,3.70273677,3.904571645
-0.524375,3.754560608,3.903775006
-0.5240625,3.727452754,3.902978367
-0.52375,3.725060885,3.903775006
-0.5234375,3.663669569,3.904571645
-0.523125,3.611845731,3.90058845
-0.5228125,3.74499313,3.90058845
-0.5225,3.70273677,3.90058845
-0.5221875,3.678818075,3.899791811
-0.521875,3.667656018,3.901385089
-0.5215625,3.662074989,3.899791811
-0.52125,3.722669015,3.902978367
-0.5209375,3.714696117,3.901385089
-0.520625,3.691574712,3.902978367
-0.5203125,3.672439757,3.903775006
-0.52,3.699547611,3.902181728
-0.5196875,3.706723219,3.902978367
-0.519375,3.704331349,3.902181728
-0.5190625,3.704331349,3.902978367
-0.51875,3.623007788,3.904571645
-0.5184375,3.669250598,3.902978367
-0.518125,3.609453861,3.904571645
-0.5178125,3.630980686,3.904571645
-0.5175,3.638953585,3.903775006
-0.5171875,3.583940587,3.905368284
-0.516875,3.582346008,3.904571645
-0.5165625,3.541684227,3.906164923
-0.51625,3.520954692,3.908554841
-0.5159375,3.662074989,3.911741397
-0.515625,3.627791527,3.912538036
-0.5153125,3.559224603,3.912538036
-0.515,3.583940587,3.912538036
-0.5146875,3.496238707,3.913334675
-0.514375,3.557630023,3.914131314
-0.5140625,3.567197501,3.913334675
-0.51375,3.556832733,3.911741397
-0.5134375,3.589521616,3.910944758
-0.513125,3.510589924,3.910148119
-0.5128125,3.553643574,3.90935148
-0.5125,3.558427313,3.910148119
-0.5121875,3.645331903,3.908554841
-0.511875,3.640548164,3.907758202
-0.5115625,3.511387214,3.906961562
-0.51125,3.61344031,3.907758202
-0.5109375,3.592710775,3.907758202
-0.510625,3.642940034,3.905368284
-0.5103125,3.796816968,3.905368284
-0.51,3.557630023,3.903775006
-0.5096875,3.630183397,3.905368284
-0.509375,3.674831626,3.903775006
-0.5090625,3.678818075,3.903775006
-0.50875,3.749776869,3.904571645
-0.5084375,3.643737323,3.904571645
-0.508125,3.653304801,3.905368284
-0.5078125,3.712304248,3.904571645
-0.5075,3.696358451,3.906164923
-0.5071875,3.78804678,3.906164923
-0.506875,3.737020232,3.905368284
-0.5065625,3.592710775,3.903775006
-0.50625,3.727452754,3.901385089
-0.5059375,3.695561162,3.90058845
-0.505625,3.760938926,3.901385089
-0.5053125,3.752168739,3.901385089
-0.505,3.707520509,3.902978367
-0.5046875,3.696358451,3.902978367
-0.504375,3.725858175,3.903775006
-0.5040625,3.782465752,3.904571645
-0.50375,3.78884407,3.904571645
-0.5034375,3.74419584,3.905368284
-0.503125,3.710709668,3.905368284
-0.5028125,3.663669569,3.905368284
-0.5025,3.764128086,3.905368284
-0.5021875,3.799208838,3.905368284
-0.501875,3.762533506,3.904571645
-0.5015625,3.679615365,3.905368284
-0.50125,3.715493407,3.905368284
-0.5009375,3.732236493,3.905368284
-0.500625,3.814357344,3.905368284
-0.5003125,3.742601261,3.905368284
-0.5,3.732236493,3.906164923
-0.4996875,3.743398551,3.906961562
-0.499375,3.70353406,3.907758202
-0.4990625,3.822330242,3.910944758
-0.49875,3.762533506,3.912538036
-0.4984375,3.771303694,3.911741397
-0.498125,3.761736216,3.913334675
-0.4978125,3.70114219,3.912538036
-0.4975,3.78964136,3.912538036
-0.4971875,3.78804678,3.912538036
-0.496875,3.777682013,3.910148119
-0.4965625,3.751371449,3.911741397
-0.49625,3.74419584,3.910148119
-0.4959375,3.752168739,3.90935148
-0.495625,3.770506404,3.910148119
-0.4953125,3.733831073,3.906961562
-0.495,3.772898274,3.907758202
-0.4946875,3.732236493,3.907758202
-0.494375,3.704331349,3.906164923
-0.4940625,3.756155188,3.906164923
-0.49375,3.741006681,3.904571645
-0.4934375,3.78804678,3.903775006
-0.493125,3.772898274,3.905368284
-0.4928125,3.682804524,3.905368284
-0.4925,3.731439203,3.902978367
-0.4921875,3.78884407,3.904571645
-0.491875,3.769709114,3.903775006
-0.4915625,3.771303694,3.905368284
-0.49125,3.707520509,3.906164923
-0.4909375,3.724263595,3.904571645
-0.490625,3.811168185,3.906164923
-0.4903125,3.732236493,3.905368284
-0.49,3.79043865,3.905368284
-0.4896875,3.699547611,3.902978367
-0.489375,3.689182843,3.901385089
-0.4890625,3.815154634,3.902181728
-0.48875,3.74499313,3.901385089
-0.4884375,3.775290143,3.902181728
-0.488125,3.730641913,3.902978367
-0.4878125,3.694763872,3.902978367
-0.4875,3.782465752,3.903775006
-0.4871875,3.757749767,3.904571645
-0.486875,3.818343793,3.903775006
-0.4865625,3.78884407,3.906961562
-0.48625,3.688385553,3.904571645
-0.4859375,3.782465752,3.904571645
-0.485625,3.817546503,3.905368284
-0.4853125,3.78964136,3.903775006
-0.485,3.738614812,3.905368284
-0.4846875,3.680412655,3.904571645
-0.484375,3.732236493,3.905368284
-0.4840625,3.804789866,3.905368284
-0.48375,3.749776869,3.905368284
-0.4834375,3.816749214,3.906164923
-0.483125,3.737020232,3.906164923
-0.4828125,3.773695564,3.906961562
-0.4825,3.836681459,3.912538036
-0.4821875,3.813560054,3.912538036
-0.481875,3.830303141,3.912538036
-0.4815625,3.735425652,3.913334675
-0.48125,3.704331349,3.912538036
-0.4809375,3.842262488,3.913334675
-0.480625,3.785654911,3.913334675
-0.4803125,3.777682013,3.911741397
-0.48,3.792033229,3.911741397
-0.4796875,3.742601261,3.910148119
-0.479375,3.816749214,3.90935148
-0.4790625,3.815154634,3.910148119
-0.47875,3.798411548,3.90935148
-0.4784375,3.822330242,3.907758202
-0.478125,3.770506404,3.907758202
-0.4778125,3.783263041,3.905368284
-0.4775,3.868573052,3.907758202
-0.4771875,3.773695564,3.905368284
-0.476875,3.817546503,3.904571645
-0.4765625,3.796019678,3.905368284
-0.47625,3.725060885,3.904571645
-0.4759375,3.842262488,3.904571645
-0.475625,3.764128086,3.902978367
-0.4753125,3.755357898,3.903775006
-0.475,3.816749214,3.904571645
-0.4746875,3.727452754,3.904571645
-0.474375,3.83189772,3.906164923
-0.4740625,3.804789866,3.905368284
-0.47375,3.826316691,3.906164923
-0.4734375,3.794425099,3.906164923
-0.473125,3.761736216,3.902978367
-0.4728125,3.783263041,3.902181728
-0.4725,3.830303141,3.902181728
-0.4721875,3.759344347,3.901385089
-0.471875,3.794425099,3.902978367
-0.4715625,3.799208838,3.902978367
-0.47125,3.806384446,3.903775006
-0.4709375,3.807979026,3.904571645
-0.470625,3.808776315,3.904571645
-0.4703125,3.78724949,3.906164923
-0.47,3.79043865,3.906164923
-0.4696875,3.740209391,3.906164923
-0.469375,3.817546503,3.906164923
-0.4690625,3.83428959,3.906164923
-0.46875,3.782465752,3.906164923
-0.4684375,3.815154634,3.906164923
-0.468125,3.728250044,3.906961562
-0.4678125,3.79123594,3.906961562
-0.4675,3.872559501,3.906164923
-0.4671875,3.8334923,3.905368284
-0.466875,3.786452201,3.906961562
-0.4665625,3.796816968,3.908554841
-0.46625,3.792830519,3.908554841
-0.4659375,3.882924268,3.912538036
-0.465625,3.842262488,3.912538036
-0.4653125,3.801600707,3.914131314
-0.465,3.808776315,3.914131314
-0.4646875,3.803992577,3.914131314
-0.464375,3.847046227,3.914927953
-0.4640625,3.882126979,3.912538036
-0.46375,3.725060885,3.913334675
-0.4634375,3.805587156,3.913334675
-0.463125,3.756155188,3.911741397
-0.4628125,3.837478749,3.911741397
-0.4625,3.851829966,3.912538036
-0.4621875,3.733033783,3.910944758
-0.461875,3.823127532,3.910944758
-0.4615625,3.768911825,3.908554841
-0.46125,3.824722112,3.907758202
-0.4609375,3.860600154,3.907758202
-0.460625,3.768911825,3.906961562
-0.4603125,3.749776869,3.907758202
-0.46,3.796816968,3.906164923
-0.4596875,3.799208838,3.906164923
-0.459375,3.864586603,3.905368284
-0.4590625,3.757749767,3.904571645
-0.45875,3.721074436,3.906164923
-0.4584375,3.813560054,3.904571645
-0.458125,3.779276592,3.906164923
-0.4578125,3.870964921,3.906164923
-0.4575,3.83269501,3.905368284
-0.4571875,3.712304248,3.907758202
-0.456875,3.809573605,3.906961562
-0.4565625,3.78804678,3.905368284
-0.45625,3.854221835,3.902978367
-0.4559375,3.839870618,3.902978367
-0.455625,3.669250598,3.902978367
-0.4553125,3.78964136,3.903775006
-0.455,3.797614258,3.903775006
-0.4546875,3.802397997,3.904571645
-0.454375,3.880532399,3.905368284
-0.4540625,3.639750874,3.905368284
-0.45375,3.770506404,3.906164923
-0.4534375,3.776884723,3.906961562
-0.453125,3.842262488,3.907758202
-0.4528125,3.879735109,3.907758202
-0.4525,3.685993684,3.906961562
-0.4521875,3.769709114,3.907758202
-0.451875,3.842262488,3.906961562
-0.4515625,3.798411548,3.906961562
-0.45125,3.87574866,3.908554841
-0.4509375,3.70193948,3.906164923
-0.450625,3.731439203,3.907758202
-0.4503125,3.796019678,3.906961562
-0.45,3.782465752,3.90935148
-0.4496875,3.897275485,3.90935148
-0.449375,3.681209945,3.910148119
-0.4490625,3.732236493,3.913334675
-0.44875,3.837478749,3.914131314
-0.4484375,3.780871172,3.913334675
-0.448125,3.882126979,3.913334675
-0.4478125,3.760141637,3.913334675
-0.4475,3.708317799,3.914131314
-0.4471875,3.786452201,3.914131314
-0.446875,3.79043865,3.913334675
-0.4465625,3.829505851,3.913334675
-0.44625,3.763330796,3.910944758
-0.4459375,3.684399104,3.910148119
-0.445625,3.756155188,3.910148119
-0.4453125,3.755357898,3.910148119
-0.445,3.811965475,3.910148119
-0.4446875,3.780073882,3.907758202
-0.444375,3.70193948,3.907758202
-0.4440625,3.776884723,3.907758202
-0.44375,3.772100984,3.907758202
-0.4434375,3.805587156,3.906164923
-0.443125,3.839073329,3.906164923
-0.4428125,3.690777423,3.906164923
-0.4425,3.747385,3.906164923
-0.4421875,3.771303694,3.906164923
-0.441875,3.785654911,3.906164923
-0.4415625,3.839870618,3.905368284
-0.44125,3.654899381,3.905368284
-0.4409375,3.764128086,3.906164923
-0.440625,3.783263041,3.907758202
-0.4403125,3.769709114,3.906164923
-0.44,3.87495137,3.905368284
-0.4396875,3.676426206,3.902978367
-0.439375,3.731439203,3.902978367
-0.4390625,3.798411548,3.903775006
-0.43875,3.74579042,3.902978367
-0.4384375,3.881329689,3.903775006
-0.438125,3.682804524,3.902978367
-0.4378125,3.736222942,3.904571645
-0.4375,3.796019678,3.905368284
-0.4371875,3.756952477,3.904571645
-0.436875,3.850235386,3.905368284
-0.4365625,3.685196394,3.905368284
-0.43625,3.74579042,3.906164923
-0.4359375,3.800803417,3.906164923
-0.435625,3.796816968,3.905368284
-0.4353125,3.858208284,3.906164923
-0.435,3.726655464,3.905368284
-0.4346875,3.756952477,3.906164923
-0.434375,3.773695564,3.906164923
-0.4340625,3.770506404,3.905368284
-0.43375,3.839073329,3.906164923
-0.4334375,3.70353406,3.906961562
-0.433125,3.705128639,3.908554841
-0.4328125,3.74579042,3.908554841
-0.4325,3.74499313,3.911741397
-0.4321875,3.898870065,3.913334675
-0.431875,3.70114219,3.913334675
-0.4315625,3.721871725,3.913334675
-0.43125,3.756952477,3.914131314
-0.4309375,3.775290143,3.914131314
-0.430625,3.847843517,3.912538036
-0.4303125,3.724263595,3.912538036
-0.43,3.733831073,3.912538036
-0.4296875,3.752966028,3.911741397
-0.429375,3.760141637,3.910148119
-0.4290625,3.827911271,3.910148119
-0.42875,3.736222942,3.90935148
-0.4284375,3.755357898,3.90935148
-0.428125,3.734628363,3.907758202
-0.4278125,3.784060331,3.907758202
-0.4275,3.83189772,3.906961562
-0.4271875,3.756155188,3.906164923
-0.426875,3.739412101,3.905368284
-0.4265625,3.772898274,3.903775006
-0.42625,3.760141637,3.904571645
-0.4259375,3.83428959,3.903775006
-0.425625,3.697953031,3.903775006
-0.4253125,3.697953031,3.906164923
-0.425,3.74658771,3.905368284
-0.4246875,3.737020232,3.905368284
-0.424375,3.814357344,3.905368284
-0.4240625,3.716290697,3.906164923
-0.42375,3.724263595,3.907758202
-0.4234375,3.74658771,3.906164923
-0.423125,3.768911825,3.904571645
-0.4228125,3.8334923,3.903775006
-0.4225,3.754560608,3.902978367
-0.4221875,3.708317799,3.903775006
-0.421875,3.770506404,3.903775006
-0.4215625,3.741803971,3.904571645
-0.42125,3.852627255,3.904571645
-0.4209375,3.710709668,3.905368284
-0.420625,3.689182843,3.905368284
-0.4203125,3.783263041,3.905368284
-0.42,3.758547057,3.906961562
-0.4196875,3.862992023,3.906164923
-0.419375,3.747385,3.906961562
-0.4190625,3.764925376,3.906961562
-0.41875,3.766519955,3.906961562
-0.4184375,3.750574159,3.907758202
-0.418125,3.867775762,3.906164923
-0.4178125,3.707520509,3.906961562
-0.4175,3.691574712,3.906164923
-0.4171875,3.779276592,3.907758202
-0.416875,3.770506404,3.908554841
-0.4165625,3.835086879,3.90935148
-0.41625,3.704331349,3.90935148
-0.4159375,3.731439203,3.911741397
-0.415625,3.734628363,3.914131314
-0.4153125,3.769709114,3.914131314
-0.415,3.850235386,3.914131314
-0.4146875,3.742601261,3.914131314
-0.414375,3.717885276,3.914131314
-0.4140625,3.800803417,3.914131314
-0.41375,3.773695564,3.914131314
-0.4134375,3.848640806,3.913334675
-0.413125,3.726655464,3.913334675
-0.4128125,3.717087987,3.910944758
-0.4125,3.751371449,3.912538036
-0.4121875,3.755357898,3.911741397
-0.411875,3.862992023,3.910148119
-0.4115625,3.718682566,3.910148119
-0.41125,3.737020232,3.907758202
-0.4109375,3.807181736,3.907758202
-0.410625,3.780871172,3.908554841
-0.4103125,3.855019125,3.907758202
-0.41,3.7003449,3.906164923
-0.4096875,3.729047334,3.906164923
-0.409375,3.748182289,3.906164923
-0.4090625,3.774492853,3.904571645
-0.40875,3.823924822,3.904571645
-0.4084375,3.709912378,3.905368284
-0.408125,3.704331349,3.905368284
-0.4078125,3.756155188,3.906961562
-0.4075,3.732236493,3.906164923
-0.4071875,3.799208838,3.907758202
-0.406875,3.740209391,3.907758202
-0.4065625,3.733033783,3.905368284
-0.40625,3.792033229,3.903775006
-0.4059375,3.792033229,3.902978367
-0.405625,3.837478749,3.902978367
-0.4053125,3.684399104,3.902181728
-0.405,3.758547057,3.902978367
-0.4046875,3.763330796,3.904571645
-0.404375,3.772898274,3.905368284
-0.4040625,3.760938926,3.906164923
-0.40375,3.706723219,3.906164923
-0.4034375,3.726655464,3.906961562
-0.403125,3.78724949,3.907758202
-0.4028125,3.798411548,3.906961562
-0.4025,3.803992577,3.907758202
-0.4021875,3.740209391,3.906164923
-0.401875,3.74419584,3.906961562
-0.4015625,3.783263041,3.907758202
-0.40125,3.796019678,3.906961562
-0.4009375,3.803992577,3.907758202
-0.400625,3.714696117,3.906961562
-0.4003125,3.748182289,3.907758202
-0.4,3.768911825,3.908554841
-0.3996875,3.79043865,3.910148119
-0.399375,3.741006681,3.910944758
-0.3990625,3.74579042,3.913334675
-0.39875,3.773695564,3.914927953
-0.3984375,3.820735663,3.915724592
-0.398125,3.842262488,3.914927953
-0.3978125,3.758547057,3.915724592
-0.3975,3.764925376,3.915724592
-0.3971875,3.769709114,3.914927953
-0.396875,3.812762765,3.914131314
-0.3965625,3.809573605,3.914131314
-0.39625,3.736222942,3.912538036
-0.3959375,3.735425652,3.911741397
-0.395625,3.760938926,3.911741397
-0.3953125,3.770506404,3.911741397
-0.395,3.801600707,3.910944758
-0.3946875,3.733033783,3.908554841
-0.394375,3.757749767,3.908554841
-0.3940625,3.800006128,3.908554841
-0.39375,3.78724949,3.907758202
-0.3934375,3.802397997,3.908554841
-0.393125,3.74658771,3.906164923
-0.3928125,3.739412101,3.906164923
-0.3925,3.767317245,3.905368284
-0.3921875,3.761736216,3.906164923
-0.391875,3.756155188,3.906164923
-0.3915625,3.754560608,3.906164923
-0.39125,3.755357898,3.906961562
-0.3909375,3.802397997,3.906164923
-0.390625,3.792830519,3.907758202
-0.3903125,3.78964136,3.907758202
-0.39,3.748182289,3.906164923
-0.3896875,3.758547057,3.904571645
-0.389375,3.766519955,3.902978367
-0.3890625,3.797614258,3.904571645
-0.38875,3.767317245,3.904571645
-0.3884375,3.798411548,3.904571645
-0.388125,3.761736216,3.904571645
-0.3878125,3.780871172,3.906164923
-0.3875,3.780073882,3.907758202
-0.3871875,3.782465752,3.907758202
-0.386875,3.764925376,3.907758202
-0.3865625,3.729047334,3.907758202
-0.38625,3.768114535,3.908554841
-0.3859375,3.786452201,3.907758202
-0.385625,3.734628363,3.906961562
-0.3853125,3.78724949,3.907758202
-0.385,3.757749767,3.907758202
-0.3846875,3.843857067,3.907758202
-0.384375,3.83269501,3.907758202
-0.3840625,3.753763318,3.906961562
-0.38375,3.769709114,3.907758202
-0.3834375,3.749776869,3.90935148
-0.383125,3.857410994,3.90935148
-0.3828125,3.778479302,3.910148119
-0.3825,3.758547057,3.911741397
-0.3821875,3.770506404,3.914131314
-0.381875,3.79123594,3.914131314
-0.3815625,3.860600154,3.914131314
-0.38125,3.760141637,3.914927953
-0.3809375,3.74658771,3.914131314
-0.380625,3.809573605,3.914131314
-0.3803125,3.782465752,3.914927953
-0.38,3.78884407,3.913334675
-0.3796875,3.776884723,3.912538036
-0.379375,3.811965475,3.910944758
-0.3790625,3.79123594,3.911741397
-0.37875,3.786452201,3.90935148
-0.3784375,3.779276592,3.910148119
-0.378125,3.796816968,3.908554841
-0.3778125,3.779276592,3.906961562
-0.3775,3.786452201,3.908554841
-0.3771875,3.731439203,3.907758202
-0.376875,3.795222389,3.907758202
-0.3765625,3.783263041,3.906961562
-0.37625,3.764128086,3.904571645
-0.3759375,3.777682013,3.906164923
-0.375625,3.794425099,3.904571645
-0.3753125,3.768114535,3.905368284
-0.375,3.757749767,3.905368284
-0.3746875,3.771303694,3.906164923
-0.374375,3.796816968,3.906164923
-0.3740625,3.804789866,3.906961562
-0.37375,3.826316691,3.907758202
-0.3734375,3.780871172,3.906164923
-0.373125,3.775290143,3.905368284
-0.3728125,3.728250044,3.902978367
-0.3725,3.804789866,3.903775006
-0.3721875,3.78964136,3.903775006
-0.371875,3.783263041,3.903775006
-0.3715625,3.768114535,3.905368284
-0.37125,3.805587156,3.905368284
-0.3709375,3.810370895,3.906164923
-0.370625,3.809573605,3.906961562
-0.3703125,3.739412101,3.906164923
-0.37,3.78724949,3.907758202
-0.3696875,3.765722665,3.906164923
-0.369375,3.824722112,3.906961562
-0.3690625,3.759344347,3.906961562
-0.36875,3.741006681,3.906961562
-0.3684375,3.770506404,3.907758202
-0.368125,3.755357898,3.906961562
-0.3678125,3.819141083,3.907758202
-0.3675,3.796019678,3.906164923
-0.3671875,3.793627809,3.907758202
-0.366875,3.799208838,3.908554841
-0.3665625,3.781668462,3.908554841
-0.36625,3.798411548,3.90935148
-0.3659375,3.772898274,3.911741397
-0.365625,3.796019678,3.913334675
-0.3653125,3.807181736,3.914131314
-0.365,3.847843517,3.914927953
-0.3646875,3.855816415,3.914131314
-0.364375,3.780871172,3.914927953
-0.3640625,3.780073882,3.914131314
-0.36375,3.818343793,3.912538036
-0.3634375,3.817546503,3.912538036
-0.363125,3.807181736,3.911741397
-0.3628125,3.826316691,3.911741397
-0.3625,3.813560054,3.910148119
-0.3621875,3.737020232,3.910148119
-0.361875,3.824722112,3.90935148
-0.3615625,3.796816968,3.908554841
-0.36125,3.780871172,3.908554841
-0.3609375,3.767317245,3.906164923
-0.360625,3.769709114,3.905368284
-0.3603125,3.83269501,3.905368284
-0.36,3.83110043,3.904571645
-0.3596875,3.814357344,3.904571645
-0.359375,3.870964921,3.902978367
-0.3590625,3.817546503,3.903775006
-0.35875,3.813560054,3.903775006
-0.3584375,3.800803417,3.904571645
-0.358125,3.78804678,3.904571645
-0.3578125,3.800803417,3.903775006
-0.3575,3.799208838,3.905368284
-0.3571875,3.792830519,3.905368284
-0.356875,3.752168739,3.906961562
-0.3565625,3.800006128,3.904571645
-0.35625,3.804789866,3.901385089
-0.3559375,3.818343793,3.901385089
-0.355625,3.871762211,3.90058845
-0.3553125,3.813560054,3.902978367
-0.355,3.829505851,3.901385089
-0.3546875,3.764925376,3.905368284
-0.354375,3.792830519,3.904571645
-0.3540625,3.801600707,3.905368284
-0.35375,3.811965475,3.907758202
-0.3534375,3.765722665,3.905368284
-0.353125,3.776884723,3.907758202
-0.3528125,3.822330242,3.906164923
-0.3525,3.807181736,3.905368284
-0.3521875,3.815154634,3.906961562
-0.351875,3.842262488,3.904571645
-0.3515625,3.823127532,3.905368284
-0.35125,3.889302587,3.904571645
-0.3509375,3.778479302,3.906961562
-0.350625,3.885316138,3.905368284
-0.3503125,3.869370342,3.905368284
-0.35,3.83110043,3.908554841
-0.3496875,3.842262488,3.907758202
-0.349375,3.773695564,3.910148119
-0.3490625,3.855816415,3.910944758
-0.34875,3.782465752,3.913334675
-0.3484375,3.889302587,3.911741397
-0.348125,3.865383892,3.912538036
-0.3478125,3.845451647,3.914927953
-0.3475,3.932356237,3.912538036
-0.3471875,3.83269501,3.911741397
-0.346875,3.929167078,3.912538036
-0.3465625,3.899667355,3.910944758
-0.34625,3.892491746,3.911741397
-0.3459375,3.927572498,3.908554841
-0.345625,3.800006128,3.908554841
-0.3453125,3.930761657,3.90935148
-0.345,3.840667908,3.907758202
-0.3446875,3.914018571,3.906961562
-0.344375,3.937937266,3.905368284
-0.3440625,3.933153527,3.905368284
-0.34375,3.973815308,3.904571645
-0.3434375,3.959464091,3.902978367
-0.343125,3.937139976,3.904571645
-0.3428125,3.955477642,3.902978367
-0.3425,3.947504744,3.903775006
-0.3421875,3.835086879,3.902978367
-0.341875,3.887708007,3.904571645
-0.3415625,3.864586603,3.904571645
-0.34125,3.933153527,3.903775006
-0.3409375,3.863789313,3.905368284
-0.340625,3.925180629,3.905368284
-0.3403125,3.975409887,3.906164923
-0.34,3.931558947,3.903775006
-0.3396875,3.96424783,3.902181728
-0.339375,3.87814053,3.901385089
-0.3390625,3.957869511,3.90058845
-0.33875,3.945910164,3.902181728
-0.3384375,3.83269501,3.902181728
-0.338125,3.941923715,3.904571645
-0.3378125,3.829505851,3.903775006
-0.3375,3.956274932,3.904571645
-0.3371875,3.885316138,3.905368284
-0.336875,3.900464644,3.905368284
-0.3365625,3.930761657,3.906164923
-0.33625,3.917207731,3.906164923
-0.3359375,4.031220174,3.906961562
-0.335625,3.939531845,3.905368284
-0.3353125,3.933153527,3.906164923
-0.335,3.882126979,3.906164923
-0.3346875,3.951491193,3.905368284
-0.334375,3.953883062,3.906961562
-0.3340625,3.898870065,3.905368284
-0.33375,3.96504512,3.906961562
-0.3334375,3.87574866,3.907758202
-0.333125,3.980990916,3.907758202
-0.3328125,3.939531845,3.90935148
-0.3325,3.979396336,3.911741397
-0.3321875,3.949896613,3.913334675
-0.331875,3.91880231,3.913334675
-0.3315625,4.04955784,3.914131314
-0.33125,3.996139422,3.914131314
-0.3309375,4.011287929,3.914927953
-0.330625,3.951491193,3.913334675
-0.3303125,4.000125872,3.913334675
-0.33,4.045571391,3.913334675
-0.3296875,4.016868958,3.912538036
-0.329375,4.000125872,3.912538036
-0.3290625,3.953883062,3.910148119
-0.32875,4.036801203,3.910944758
-0.3284375,4.034409334,3.910148119
-0.328125,3.999328582,3.90935148
-0.3278125,3.980193626,3.908554841
-0.3275,3.974612597,3.907758202
-0.3271875,4.035206623,3.907758202
-0.326875,4.033612044,3.906961562
-0.3265625,3.976207177,3.906961562
-0.32625,3.96265325,3.906961562
-0.3259375,4.00809877,3.904571645
-0.325625,4.030422885,3.904571645
-0.3253125,4.0057069,3.905368284
-0.325,3.957072221,3.906164923
-0.3246875,3.945910164,3.906164923
-0.324375,4.015274378,3.906164923
-0.3240625,4.030422885,3.906961562
-0.32375,3.981788206,3.906164923
-0.3234375,3.966639699,3.907758202
-0.323125,3.969031569,3.904571645
-0.3228125,4.020058117,3.903775006
-0.3225,4.020058117,3.902978367
-0.3221875,3.946707454,3.902978367
-0.321875,3.965842409,3.904571645
-0.3215625,3.972220728,3.902978367
-0.32125,4.014477088,3.904571645
-0.3209375,3.971423438,3.904571645
-0.320625,3.928369788,3.906164923
-0.3203125,3.960261381,3.906961562
-0.32,3.974612597,3.906164923
-0.3196875,4.014477088,3.906164923
-0.319375,3.935545396,3.905368284
-0.3190625,3.945910164,3.906961562
-0.31875,3.983382785,3.906961562
-0.3184375,3.969828858,3.905368284
-0.318125,3.992950263,3.906164923
-0.3178125,3.909234832,3.905368284
-0.3175,3.923586049,3.907758202
-0.3171875,3.987369234,3.906961562
-0.316875,3.936342686,3.906961562
-0.3165625,3.957072221,3.907758202
-0.31625,3.913221281,3.907758202
-0.3159375,3.967436989,3.911741397
-0.315625,3.980990916,3.913334675
-0.3153125,3.991355684,3.913334675
-0.315,3.929964368,3.912538036
-0.3146875,3.927572498,3.914131314
-0.314375,3.992152973,3.914927953
-0.3140625,3.969031569,3.914131314
-0.31375,3.979396336,3.912538036
-0.3134375,3.914018571,3.911741397
-0.313125,3.927572498,3.911741397
-0.3128125,3.988963814,3.910148119
-0.3125,3.96265325,3.910944758
-0.3121875,3.953085772,3.90935148
-0.311875,3.912423992,3.908554841
-0.3115625,3.968234279,3.90935148
-0.31125,3.984977365,3.908554841
-0.3109375,3.947504744,3.906961562
-0.310625,3.937139976,3.906961562
-0.3103125,3.910829412,3.906164923
-0.31,3.996139422,3.905368284
-0.3096875,3.971423438,3.905368284
-0.309375,3.928369788,3.904571645
-0.3090625,3.924383339,3.903775006
-0.30875,3.9195996,3.904571645
-0.3084375,3.953085772,3.904571645
-0.308125,3.968234279,3.906164923
-0.3078125,3.9195996,3.903775006
-0.3075,3.902059224,3.903775006
-0.3071875,3.949099323,3.905368284
-0.306875,3.974612597,3.905368284
-0.3065625,3.949896613,3.905368284
-0.30625,3.897275485,3.901385089
-0.3059375,3.895680906,3.901385089
-0.305625,3.982585496,3.902181728
-0.3053125,3.96424783,3.902978367
-0.305,3.935545396,3.903775006
-0.3046875,3.87495137,3.902978367
-0.304375,3.947504744,3.903775006
-0.3040625,3.979396336,3.903775006
-0.30375,3.956274932,3.905368284
-0.3034375,3.925977919,3.905368284
-0.303125,3.907640253,3.904571645
-0.3028125,3.980990916,3.906164923
-0.3025,3.969828858,3.906164923
-0.3021875,3.898072775,3.907758202
-0.301875,3.896478195,3.906164923
-0.3015625,3.87495137,3.906164923
-0.30125,3.981788206,3.906164923
-0.3009375,3.968234279,3.904571645
-0.300625,3.887708007,3.906164923
-0.3003125,3.882924268,3.905368284
-0.3,3.972220728,3.906164923
-0.2996875,3.977004467,3.906164923
-0.299375,3.889302587,3.907758202
-0.2990625,3.906045673,3.911741397
-0.29875,3.886113428,3.912538036
-0.2984375,3.988166524,3.912538036
-0.298125,3.969828858,3.912538036
-0.2978125,3.905248383,3.914131314
-0.2975,3.912423992,3.913334675
-0.2971875,3.933950817,3.912538036
-0.296875,3.967436989,3.911741397
-0.2965625,3.911626702,3.910944758
-0.29625,3.886910718,3.910944758
-0.2959375,3.904451093,3.910148119
-0.295625,3.923586049,3.90935148
-0.2953125,3.975409887,3.908554841
-0.295,3.87654595,3.908554841
-0.2946875,3.925180629,3.906961562
-0.294375,3.929167078,3.906164923
-0.2940625,3.937139976,3.905368284
-0.29375,3.954680352,3.905368284
-0.2934375,3.898870065,3.906164923
-0.293125,3.892491746,3.904571645
-0.2928125,3.870964921,3.906164923
-0.2925,3.936342686,3.904571645
-0.2921875,3.92039689,3.902978367
-0.291875,3.916410441,3.904571645
-0.2915625,3.890897167,3.904571645
-0.29125,3.925180629,3.906164923
-0.2909375,3.943518295,3.903775006
-0.290625,3.861397443,3.906961562
-0.2903125,3.911626702,3.905368284
-0.29,3.903653804,3.906961562
-0.2896875,3.939531845,3.902978367
-0.289375,3.945112874,3.901385089
-0.2890625,3.914815861,3.901385089
-0.28875,3.883721558,3.901385089
-0.2884375,3.959464091,3.903775006
-0.288125,3.904451093,3.903775006
-0.2878125,3.897275485,3.902978367
-0.2875,3.904451093,3.903775006
-0.2871875,3.914018571,3.904571645
-0.286875,3.958666801,3.906164923
-0.2865625,3.92039689,3.905368284
-0.28625,3.87574866,3.906961562
-0.2859375,3.898072775,3.905368284
-0.285625,3.930761657,3.906164923
-0.2853125,3.960261381,3.906164923
-0.285,3.879735109,3.905368284
-0.2846875,3.910829412,3.905368284
-0.284375,3.895680906,3.905368284
-0.2840625,3.940329135,3.906164923
-0.28375,3.949099323,3.906164923
-0.2834375,3.79123594,3.907758202
-0.283125,3.891694456,3.906961562
-0.2828125,3.925977919,3.908554841
-0.2825,3.912423992,3.913334675
-0.2821875,3.927572498,3.912538036
-0.281875,3.884518848,3.912538036
-0.2815625,3.889302587,3.912538036
-0.28125,3.950693903,3.913334675
-0.2809375,3.959464091,3.914131314
-0.280625,3.912423992,3.913334675
-0.2803125,3.900464644,3.912538036
-0.28,3.883721558,3.911741397
-0.2796875,3.96345054,3.911741397
-0.279375,3.948302033,3.910944758
-0.2790625,3.886910718,3.911741397
-0.27875,3.890099877,3.90935148
-0.2784375,3.899667355,3.910148119
-0.278125,3.957072221,3.908554841
-0.2778125,3.867775762,3.906961562
-0.2775,3.883721558,3.906961562
-0.2771875,3.870964921,3.907758202
-0.276875,3.952288482,3.906164923
-0.2765625,3.939531845,3.905368284
-0.27625,3.893289036,3.904571645
-0.2759375,3.878937819,3.903775006
-0.275625,3.866181182,3.903775006
-0.2753125,3.946707454,3.903775006
-0.275,3.928369788,3.904571645
-0.2746875,3.902059224,3.905368284
-0.274375,3.852627255,3.904571645
-0.2740625,3.908437543,3.906164923
-0.27375,3.946707454,3.906164923
-0.2734375,3.890897167,3.906164923
-0.273125,3.854221835,3.904571645
-0.2728125,3.846248937,3.90058845
-0.2725,3.922788759,3.902181728
-0.2721875,3.9195996,3.901385089
-0.271875,3.910829412,3.902978367
-0.2715625,3.862992023,3.902978367
-0.27125,3.871762211,3.902978367
-0.2709375,3.939531845,3.904571645
-0.270625,3.929964368,3.904571645
-0.2703125,3.890099877,3.905368284
-0.27,3.860600154,3.905368284
-0.2696875,3.910829412,3.906164923
-0.269375,3.936342686,3.905368284
-0.2690625,3.894883616,3.906164923
-0.26875,3.882126979,3.906164923
-0.2684375,3.841465198,3.906961562
-0.268125,3.926775208,3.906164923
-0.2678125,3.926775208,3.906164923
-0.2675,3.895680906,3.906961562
-0.2671875,3.87495137,3.906961562
-0.266875,3.895680906,3.907758202
-0.2665625,3.938734556,3.906961562
-0.26625,3.91880231,3.907758202
-0.2659375,3.87415408,3.911741397
-0.265625,3.864586603,3.912538036
-0.2653125,3.880532399,3.914131314
-0.265,3.934748107,3.913334675
-0.2646875,3.905248383,3.914131314
-0.264375,3.886113428,3.913334675
-0.2640625,3.870964921,3.913334675
-0.26375,3.92119418,3.911741397
-0.2634375,3.927572498,3.910944758
-0.263125,3.899667355,3.911741397
-0.2628125,3.87574866,3.910148119
-0.2625,3.910032122,3.912538036
-0.2621875,3.914018571,3.90935148
-0.261875,3.902856514,3.90935148
-0.2615625,3.869370342,3.90935148
-0.26125,3.870167631,3.906961562
-0.2609375,3.890897167,3.907758202
-0.260625,3.902059224,3.906164923
-0.2603125,3.882924268,3.906164923
-0.26,3.860600154,3.904571645
-0.2596875,3.899667355,3.904571645
-0.259375,3.937139976,3.904571645
-0.2590625,3.861397443,3.903775006
-0.25875,3.862992023,3.906164923
-0.2584375,3.843857067,3.904571645
-0.258125,3.936342686,3.905368284
-0.2578125,3.909234832,3.906164923
-0.2575,3.83269501,3.906164923
-0.2571875,3.864586603,3.906164923
-0.256875,3.873356791,3.906961562
-0.2565625,3.939531845,3.905368284
-0.25625,3.905248383,3.903775006
-0.2559375,3.87574866,3.902181728
-0.255625,3.847843517,3.901385089
-0.2553125,3.864586603,3.902181728
-0.255,3.922788759,3.902978367
-0.2546875,3.869370342,3.903775006
-0.254375,3.868573052,3.903775006
-0.2540625,3.843059778,3.903775006
-0.25375,3.935545396,3.905368284
-0.2534375,3.923586049,3.904571645
-0.253125,3.860600154,3.906164923
-0.2528125,3.861397443,3.905368284
-0.2525,3.879735109,3.904571645
-0.2521875,3.932356237,3.905368284
-0.251875,3.911626702,3.905368284
-0.2515625,3.865383892,3.906164923
-0.25125,3.851032676,3.905368284
-0.2509375,3.914018571,3.906961562
-0.250625,3.922788759,3.906164923
-0.2503125,3.880532399,3.906961562
-0.25,3.852627255,3.906164923
-0.2496875,3.856613704,3.906961562
-0.249375,3.941126425,3.908554841
-0.2490625,3.925180629,3.911741397
-0.24875,3.883721558,3.913334675
-0.2484375,3.835086879,3.912538036
-0.248125,3.892491746,3.913334675
-0.2478125,3.939531845,3.913334675
-0.2475,3.924383339,3.912538036
-0.2471875,3.890897167,3.913334675
-0.246875,3.821532953,3.911741397
-0.2465625,3.927572498,3.912538036
-0.24625,3.923586049,3.910944758
-0.2459375,3.851032676,3.910944758
-0.245625,3.864586603,3.910148119
-0.2453125,3.839073329,3.908554841
-0.245,3.907640253,3.908554841
-0.2446875,3.917207731,3.906164923
-0.244375,3.87734324,3.906961562
-0.2440625,3.825519402,3.906961562
-0.24375,3.886113428,3.905368284
-0.2434375,3.929167078,3.905368284
-0.243125,3.906842963,3.904571645
-0.2428125,3.854221835,3.903775006
-0.2425,3.819141083,3.903775006
-0.2421875,3.925180629,3.902978367
-0.241875,3.92119418,3.904571645
-0.2415625,3.898072775,3.904571645
-0.24125,3.862992023,3.905368284
-0.2409375,3.853424545,3.904571645
-0.240625,3.929964368,3.905368284
-0.2403125,3.906045673,3.906164923
-0.24,3.863789313,3.905368284
-0.2396875,3.845451647,3.902978367
-0.239375,3.890897167,3.902181728
-0.2390625,3.907640253,3.901385089
-0.23875,3.903653804,3.902181728
-0.2384375,3.863789313,3.902978367
-0.238125,3.842262488,3.903775006
-0.2378125,3.900464644,3.903775006
-0.2375,3.908437543,3.904571645
-0.2371875,3.891694456,3.906164923
-0.236875,3.841465198,3.906164923
-0.2365625,3.882126979,3.906961562
-0.23625,3.891694456,3.905368284
-0.2359375,3.913221281,3.906164923
-0.235625,3.847046227,3.905368284
-0.2353125,3.839870618,3.905368284
-0.235,3.922788759,3.906961562
-0.2346875,3.882924268,3.906164923
-0.234375,3.908437543,3.906961562
-0.2340625,3.855816415,3.905368284
-0.23375,3.862992023,3.906961562
-0.2334375,3.928369788,3.907758202
-0.233125,3.886910718,3.906961562
-0.2328125,3.873356791,3.90935148
-0.2325,3.839870618,3.910148119
-0.2321875,3.897275485,3.913334675
-0.231875,3.911626702,3.914131314
-0.2315625,3.916410441,3.913334675
-0.23125,3.870964921,3.913334675
-0.2309375,3.845451647,3.913334675
-0.230625,3.933153527,3.914131314
-0.2303125,3.902856514,3.913334675
-0.23,3.905248383,3.912538036
-0.2296875,3.847843517,3.911741397
-0.229375,3.87415408,3.910944758
-0.2290625,3.937139976,3.911741397
-0.22875,3.879735109,3.90935148
-0.2284375,3.889302587,3.908554841
-0.228125,3.83428959,3.906961562
-0.2278125,3.897275485,3.906961562
-0.2275,3.913221281,3.906961562
-0.2271875,3.885316138,3.906164923
-0.226875,3.863789313,3.905368284
-0.2265625,3.842262488,3.905368284
-0.22625,3.92039689,3.902978367
-0.2259375,3.904451093,3.903775006
-0.225625,3.865383892,3.903775006
-0.2253125,3.835884169,3.902978367
-0.225,3.865383892,3.903775006
-0.2246875,3.917207731,3.903775006
-0.224375,3.906842963,3.904571645
-0.2240625,3.847046227,3.903775006
-0.22375,3.825519402,3.906164923
-0.2234375,3.910829412,3.906164923
-0.223125,3.903653804,3.903775006
-0.2228125,3.904451093,3.902181728
-0.2225,3.820735663,3.90058845
-0.2221875,3.838276039,3.901385089
-0.221875,3.91800502,3.902181728
-0.2215625,3.903653804,3.902978367
-0.22125,3.882924268,3.903775006
-0.2209375,3.818343793,3.902181728
-0.220625,3.87814053,3.903775006
-0.2203125,3.910032122,3.904571645
-0.22,3.910032122,3.906164923
-0.2196875,3.851829966,3.906164923
-0.219375,3.824722112,3.904571645
-0.2190625,3.914018571,3.905368284
-0.21875,3.908437543,3.904571645
-0.2184375,3.902856514,3.905368284
-0.218125,3.824722112,3.904571645
-0.2178125,3.855019125,3.905368284
-0.2175,3.9195996,3.904571645
-0.2171875,3.898870065,3.905368284
-0.216875,3.87654595,3.905368284
-0.2165625,3.812762765,3.906164923
-0.21625,3.894883616,3.907758202
-0.2159375,3.917207731,3.90935148
-0.215625,3.909234832,3.912538036
-0.2153125,3.870167631,3.911741397
-0.215,3.811168185,3.912538036
-0.2146875,3.932356237,3.912538036
-0.214375,3.914815861,3.911741397
-0.2140625,3.910032122,3.912538036
-0.21375,3.842262488,3.912538036
-0.2134375,3.847046227,3.911741397
-0.213125,3.924383339,3.910944758
-0.2128125,3.902856514,3.910148119
-0.2125,3.859802864,3.90935148
-0.2121875,3.843059778,3.910148119
-0.211875,3.850235386,3.90935148
-0.2115625,3.912423992,3.908554841
-0.21125,3.902856514,3.907758202
-0.2109375,3.826316691,3.906164923
-0.210625,3.851032676,3.907758202
-0.2103125,3.897275485,3.905368284
-0.21,3.910032122,3.905368284
-0.2096875,3.886910718,3.904571645
-0.209375,3.827113981,3.903775006
-0.2090625,3.857410994,3.903775006
-0.20875,3.894086326,3.902978367
-0.2084375,3.906842963,3.903775006
-0.208125,3.855019125,3.903775006
-0.2078125,3.827113981,3.904571645
-0.2075,3.886910718,3.905368284
-0.2071875,3.898870065,3.905368284
-0.206875,3.901261934,3.906961562
-0.2065625,3.839073329,3.904571645
-0.20625,3.839073329,3.902978367
-0.2059375,3.885316138,3.90058845
-0.205625,3.895680906,3.901385089
-0.2053125,3.872559501,3.902181728
-0.205,3.823924822,3.902181728
-0.2046875,3.87734324,3.903775006
-0.204375,3.853424545,3.903775006
-0.2040625,3.908437543,3.905368284
-0.20375,3.847843517,3.904571645
-0.2034375,3.828708561,3.905368284
-0.203125,3.914018571,3.906164923
-0.2028125,3.880532399,3.905368284
-0.2025,3.904451093,3.905368284
-0.2021875,3.836681459,3.905368284
-0.201875,3.847046227,3.906164923
-0.2015625,3.914018571,3.906164923
-0.20125,3.87814053,3.905368284
-0.2009375,3.886910718,3.905368284
-0.200625,3.823924822,3.905368284
-0.2003125,3.873356791,3.907758202
-0.2,3.909234832,3.907758202
-0.1996875,3.87654595,3.907758202
-0.199375,3.854221835,3.908554841
-0.1990625,3.845451647,3.911741397
-0.19875,3.92039689,3.912538036
-0.1984375,3.911626702,3.914131314
-0.198125,3.87814053,3.913334675
-0.1978125,3.835086879,3.913334675
-0.1975,3.87574866,3.913334675
-0.1971875,3.914018571,3.913334675
-0.196875,3.906045673,3.913334675
-0.1965625,3.855019125,3.911741397
-0.19625,3.8334923,3.910944758
-0.1959375,3.906045673,3.910148119
-0.195625,3.906045673,3.910944758
-0.1953125,3.881329689,3.910148119
-0.195,3.851829966,3.908554841
-0.1946875,3.845451647,3.907758202
-0.194375,3.909234832,3.905368284
-0.1940625,3.898870065,3.906164923
-0.19375,3.851829966,3.905368284
-0.1934375,3.827113981,3.905368284
-0.193125,3.872559501,3.904571645
-0.1928125,3.902856514,3.903775006
-0.1925,3.903653804,3.904571645
-0.1921875,3.83110043,3.902181728
-0.191875,3.819938373,3.903775006
-0.1915625,3.906842963,3.902978367
-0.19125,3.907640253,3.903775006
-0.1909375,3.889302587,3.905368284
-0.190625,3.809573605,3.904571645
-0.1903125,3.858208284,3.906961562
-0.19,3.909234832,3.906164923
-0.1896875,3.894086326,3.903775006
-0.189375,3.862194733,3.902181728
-0.1890625,3.812762765,3.90058845
-0.18875,3.881329689,3.901385089
-0.1884375,3.883721558,3.902181728
-0.188125,3.898072775,3.903775006
-0.1878125,3.83110043,3.903775006
-0.1875,3.817546503,3.904571645
-0.1871875,3.911626702,3.904571645
-0.186875,3.905248383,3.905368284
-0.1865625,3.884518848,3.905368284
-0.18625,3.83189772,3.904571645
-0.1859375,3.83428959,3.905368284
-0.185625,3.907640253,3.906164923
-0.1853125,3.878937819,3.906164923
-0.185,3.863789313,3.906164923
-0.1846875,3.817546503,3.906961562
-0.184375,3.883721558,3.906164923
-0.1840625,3.897275485,3.906164923
-0.18375,3.905248383,3.906961562
-0.1834375,3.846248937,3.907758202
-0.183125,3.826316691,3.908554841
-0.1828125,3.909234832,3.908554841
-0.1825,3.902059224,3.911741397
-0.1821875,3.878937819,3.913334675
-0.181875,3.823924822,3.913334675
-0.1815625,3.851829966,3.913334675
-0.18125,3.916410441,3.912538036
-0.1809375,3.9195996,3.913334675
-0.180625,3.856613704,3.913334675
-0.1803125,3.836681459,3.914131314
-0.18,3.885316138,3.913334675
-0.1796875,3.905248383,3.911741397
-0.179375,3.910829412,3.910944758
-0.1790625,3.8334923,3.910148119
-0.17875,3.851829966,3.910148119
-0.1784375,3.889302587,3.907758202
-0.178125,3.898072775,3.907758202
-0.1778125,3.87814053,3.906164923
-0.1775,3.822330242,3.906164923
-0.1771875,3.884518848,3.906961562
-0.176875,3.872559501,3.905368284
-0.1765625,3.907640253,3.905368284
-0.17625,3.853424545,3.904571645
-0.1759375,3.822330242,3.904571645
-0.175625,3.914815861,3.904571645
-0.1753125,3.866978472,3.903775006
-0.175,3.899667355,3.904571645
-0.1746875,3.826316691,3.903775006
-0.174375,3.851829966,3.904571645
-0.1740625,3.902856514,3.905368284
-0.17375,3.880532399,3.906164923
-0.1734375,3.879735109,3.905368284
-0.173125,3.823924822,3.902978367
-0.1728125,3.887708007,3.901385089
-0.1725,3.880532399,3.901385089
-0.1721875,3.887708007,3.90058845
-0.171875,3.838276039,3.901385089
-0.1715625,3.840667908,3.902978367
-0.17125,3.905248383,3.903775006
-0.1709375,3.866978472,3.904571645
-0.170625,3.87415408,3.903775006
-0.1703125,3.830303141,3.904571645
-0.17,3.870167631,3.905368284
-0.1696875,3.902856514,3.905368284
-0.169375,3.851829966,3.905368284
-0.1690625,3.847843517,3.904571645
-0.16875,3.817546503,3.904571645
-0.1684375,3.902059224,3.905368284
-0.168125,3.899667355,3.906164923
-0.1678125,3.873356791,3.904571645
-0.1675,3.820735663,3.903775006
-0.1671875,3.856613704,3.904571645
-0.166875,3.906842963,3.906164923
-0.1665625,3.895680906,3.906961562
-0.16625,3.839870618,3.906164923
-0.1659375,3.83269501,3.908554841
-0.165625,3.892491746,3.911741397
-0.1653125,3.909234832,3.913334675
-0.165,3.915613151,3.914131314
-0.1646875,3.8334923,3.911741397
-0.164375,3.839870618,3.913334675
-0.1640625,3.9195996,3.912538036
-0.16375,3.910032122,3.911741397
-0.1634375,3.902059224,3.911741397
-0.163125,3.800803417,3.910148119
-0.1628125,3.859802864,3.90935148
-0.1625,3.910032122,3.908554841
-0.1621875,3.906045673,3.90935148
-0.161875,3.860600154,3.90935148
-0.1615625,3.802397997,3.907758202
-0.16125,3.886113428,3.906164923
-0.1609375,3.898870065,3.906164923
-0.160625,3.907640253,3.906961562
-0.1603125,3.822330242,3.906164923
-0.16,3.823924822,3.904571645
-0.1596875,3.908437543,3.903775006
-0.159375,3.897275485,3.903775006
-0.1590625,3.884518848,3.903775006
-0.15875,3.795222389,3.903775006
-0.1584375,3.857410994,3.903775006
-0.158125,3.895680906,3.903775006
-0.1578125,3.902059224,3.903775006
-0.1575,3.862194733,3.905368284
-0.1571875,3.804789866,3.906164923
-0.156875,3.903653804,3.906164923
-0.1565625,3.894086326,3.904571645
-0.15625,3.901261934,3.902181728
-0.1559375,3.83110043,3.901385089
-0.155625,3.803195287,3.901385089
-0.1553125,3.905248383,3.902978367
-0.155,3.887708007,3.902978367
-0.1546875,3.868573052,3.903775006
-0.154375,3.828708561,3.903775006
-0.1540625,3.855019125,3.904571645
-0.15375,3.900464644,3.905368284
-0.1534375,3.904451093,3.906164923
-0.153125,3.860600154,3.905368284
-0.1528125,3.827113981,3.906164923
-0.1525,3.882924268,3.904571645
-0.1521875,3.888505297,3.904571645
-0.151875,3.866181182,3.906164923
-0.1515625,3.830303141,3.906164923
-0.15125,3.861397443,3.906961562
-0.1509375,3.870964921,3.905368284
-0.150625,3.905248383,3.906164923
-0.1503125,3.871762211,3.905368284
-0.15,3.815154634,3.906961562
-0.1496875,3.888505297,3.907758202
-0.149375,3.882126979,3.907758202
-0.1490625,3.91800502,3.912538036
-0.14875,3.837478749,3.911741397
-0.1484375,3.849438096,3.913334675
-0.148125,3.894883616,3.912538036
-0.1478125,3.898072775,3.912538036
-0.1475,3.856613704,3.914131314
-0.1471875,3.823924822,3.912538036
-0.146875,3.87574866,3.913334675
-0.1465625,3.884518848,3.911741397
-0.14625,3.915613151,3.912538036
-0.1459375,3.857410994,3.910944758
-0.145625,3.822330242,3.910148119
-0.1453125,3.911626702,3.910148119
-0.145,3.87734324,3.908554841
-0.1446875,3.902856514,3.908554841
-0.144375,3.835086879,3.906961562
-0.1440625,3.850235386,3.906961562
-0.14375,3.907640253,3.906164923
-0.1434375,3.870167631,3.905368284
-0.143125,3.865383892,3.904571645
-0.1428125,3.819938373,3.904571645
-0.1425,3.87415408,3.904571645
-0.1421875,3.896478195,3.903775006
-0.141875,3.87415408,3.903775006
-0.1415625,3.850235386,3.904571645
-0.14125,3.827911271,3.905368284
-0.1409375,3.914815861,3.905368284
-0.140625,3.882924268,3.906164923
-0.1403125,3.864586603,3.906164923
-0.14,3.839073329,3.906164923
-0.1396875,3.851032676,3.903775006
-0.139375,3.902856514,3.902181728
-0.1390625,3.901261934,3.902978367
-0.13875,3.835086879,3.902181728
-0.1384375,3.821532953,3.903775006
-0.138125,3.885316138,3.903775006
-0.1378125,3.896478195,3.904571645
-0.1375,3.893289036,3.905368284
-0.1371875,3.816749214,3.904571645
-0.136875,3.840667908,3.905368284
-0.1365625,3.906045673,3.905368284
-0.13625,3.895680906,3.906961562
-0.1359375,3.852627255,3.906164923
-0.135625,3.811168185,3.905368284
-0.1353125,3.866978472,3.905368284
-0.135,3.901261934,3.905368284
-0.1346875,3.906842963,3.906164923
-0.134375,3.83428959,3.904571645
-0.1340625,3.828708561,3.905368284
-0.13375,3.890099877,3.906164923
-0.1334375,3.898072775,3.906961562
-0.133125,3.903653804,3.908554841
-0.1328125,3.815154634,3.906961562
-0.1325,3.839073329,3.910944758
-0.1321875,3.910829412,3.911741397
-0.131875,3.903653804,3.913334675
-0.1315625,3.885316138,3.914131314
-0.13125,3.811168185,3.913334675
-0.1309375,3.890099877,3.913334675
-0.130625,3.903653804,3.912538036
-0.1303125,3.916410441,3.913334675
-0.13,3.846248937,3.912538036
-0.1296875,3.813560054,3.911741397
-0.129375,3.902059224,3.910148119
-0.1290625,3.899667355,3.90935148
-0.12875,3.898072775,3.90935148
-0.1284375,3.83428959,3.90935148
-0.128125,3.830303141,3.907758202
-0.1278125,3.898870065,3.906164923
-0.1275,3.898870065,3.906164923
-0.1271875,3.87814053,3.906164923
-0.126875,3.824722112,3.905368284
-0.1265625,3.869370342,3.905368284
-0.12625,3.898870065,3.904571645
-0.1259375,3.897275485,3.903775006
-0.125625,3.841465198,3.902978367
-0.1253125,3.8334923,3.904571645
-0.125,3.889302587,3.903775006
-0.1246875,3.893289036,3.904571645
-0.124375,3.869370342,3.903775006
-0.1240625,3.819938373,3.905368284
-0.12375,3.846248937,3.908554841
-0.1234375,3.898072775,3.906164923
-0.123125,3.901261934,3.903775006
-0.1228125,3.842262488,3.901385089
-0.1225,3.812762765,3.902181728
-0.1221875,3.87814053,3.902181728
-0.121875,3.897275485,3.901385089
-0.1215625,3.894086326,3.902978367
-0.12125,3.815154634,3.902978367
-0.1209375,3.849438096,3.905368284
-0.120625,3.879735109,3.903775006
-0.1203125,3.894086326,3.904571645
-0.12,3.869370342,3.904571645
-0.1196875,3.817546503,3.905368284
-0.119375,3.887708007,3.905368284
-0.1190625,3.870167631,3.905368284
-0.11875,3.898072775,3.905368284
-0.1184375,3.840667908,3.904571645
-0.118125,3.83189772,3.906164923
-0.1178125,3.894086326,3.905368284
-0.1175,3.881329689,3.905368284
-0.1171875,3.883721558,3.905368284
-0.116875,3.830303141,3.905368284
-0.1165625,3.855816415,3.907758202
-0.11625,3.906045673,3.907758202
-0.1159375,3.87495137,3.90935148
-0.115625,3.870964921,3.911741397
-0.1153125,3.827113981,3.911741397
-0.115,3.917207731,3.913334675
-0.1146875,3.910032122,3.913334675
-0.114375,3.879735109,3.912538036
-0.1140625,3.841465198,3.912538036
-0.11375,3.853424545,3.913334675
-0.1134375,3.91880231,3.911741397
-0.113125,3.889302587,3.912538036
-0.1128125,3.838276039,3.910148119
-0.1125,3.819938373,3.910148119
-0.1121875,3.871762211,3.90935148
-0.111875,3.906045673,3.908554841
-0.1115625,3.886113428,3.908554841
-0.11125,3.846248937,3.906164923
-0.1109375,3.823127532,3.906164923
-0.110625,3.903653804,3.906164923
-0.1103125,3.901261934,3.906164923
-0.11,3.863789313,3.904571645
-0.1096875,3.821532953,3.903775006
-0.109375,3.83428959,3.903775006
-0.1090625,3.900464644,3.902978367
-0.10875,3.893289036,3.903775006
-0.1084375,3.847843517,3.902181728
-0.108125,3.820735663,3.903775006
-0.1078125,3.892491746,3.903775006
-0.1075,3.898870065,3.904571645
-0.1071875,3.897275485,3.906164923
-0.106875,3.818343793,3.906164923
-0.1065625,3.829505851,3.905368284
-0.10625,3.905248383,3.902181728
-0.1059375,3.897275485,3.902181728
-0.105625,3.880532399,3.903775006
-0.1053125,3.806384446,3.902181728
-0.105,3.853424545,3.902978367
-0.1046875,3.87814053,3.904571645
-0.104375,3.896478195,3.905368284
-0.1040625,3.855019125,3.905368284
-0.10375,3.793627809,3.905368284
-0.1034375,3.898870065,3.905368284
-0.103125,3.894883616,3.906164923
-0.1028125,3.896478195,3.906164923
-0.1025,3.824722112,3.906164923
-0.1021875,3.815154634,3.906164923
-0.101875,3.906842963,3.906164923
-0.1015625,3.890897167,3.905368284
-0.10125,3.844654357,3.906164923
-0.1009375,3.808776315,3.906164923
-0.100625,3.866181182,3.905368284
-0.1003125,3.897275485,3.905368284
-0.1,3.901261934,3.907758202
-0.0996875,3.856613704,3.907758202
-0.099375,3.810370895,3.90935148
-0.0990625,3.910032122,3.911741397
-0.09875,3.906842963,3.912538036
-0.0984375,3.898870065,3.914131314
-0.098125,3.83110043,3.914131314
-0.0978125,3.848640806,3.914131314
-0.0975,3.912423992,3.912538036
-0.0971875,3.902059224,3.914131314
-0.096875,3.87734324,3.913334675
-0.0965625,3.827113981,3.912538036
-0.09625,3.87654595,3.911741397
-0.0959375,3.902059224,3.910944758
-0.095625,3.901261934,3.90935148
-0.0953125,3.847843517,3.90935148
-0.095,3.846248937,3.910148119
-0.0946875,3.888505297,3.908554841
-0.094375,3.904451093,3.907758202
-0.0940625,3.881329689,3.906961562
-0.09375,3.823127532,3.906961562
-0.0934375,3.866978472,3.906164923
-0.093125,3.870964921,3.904571645
-0.0928125,3.903653804,3.904571645
-0.0925,3.829505851,3.903775006
-0.0921875,3.823924822,3.903775006
-0.091875,3.901261934,3.904571645
-0.0915625,3.863789313,3.904571645
-0.09125,3.890099877,3.904571645
-0.0909375,3.835884169,3.904571645
-0.090625,3.845451647,3.905368284
-0.0903125,3.906842963,3.906164923
-0.09,3.867775762,3.905368284
-0.0896875,3.866978472,3.902978367
-0.089375,3.810370895,3.90058845
-0.0890625,3.871762211,3.902978367
-0.08875,3.881329689,3.902978367
-0.0884375,3.887708007,3.902978367
-0.088125,3.83110043,3.902978367
-0.0878125,3.823924822,3.904571645
-0.0875,3.912423992,3.905368284
-0.0871875,3.853424545,3.905368284
-0.086875,3.895680906,3.904571645
-0.0865625,3.826316691,3.905368284
-0.08625,3.855019125,3.906164923
-0.0859375,3.901261934,3.906164923
-0.085625,3.87495137,3.906164923
-0.0853125,3.852627255,3.905368284
-0.085,3.823924822,3.906164923
-0.0846875,3.892491746,3.906961562
-0.084375,3.895680906,3.907758202
-0.0840625,3.87574866,3.906961562
-0.08375,3.843059778,3.906961562
-0.0834375,3.841465198,3.907758202
-0.083125,3.910829412,3.907758202
-0.0828125,3.903653804,3.908554841
-0.0825,3.847843517,3.910944758
-0.0821875,3.83428959,3.913334675
-0.081875,3.884518848,3.914131314
-0.0815625,3.903653804,3.914131314
-0.08125,3.914018571,3.914927953
-0.0809375,3.809573605,3.913334675
-0.080625,3.83428959,3.914131314
-0.0803125,3.917207731,3.914131314
-0.08,3.905248383,3.913334675
-0.0796875,3.905248383,3.913334675
-0.079375,3.804789866,3.911741397
-0.0790625,3.867775762,3.911741397
-0.07875,3.910032122,3.90935148
-0.0784375,3.870964921,3.90935148
-0.078125,3.859802864,3.90935148
-0.0778125,3.802397997,3.906961562
-0.0775,3.886910718,3.907758202
-0.0771875,3.903653804,3.906961562
-0.076875,3.898072775,3.906961562
-0.0765625,3.822330242,3.905368284
-0.07625,3.823127532,3.905368284
-0.0759375,3.904451093,3.904571645
-0.075625,3.901261934,3.904571645
-0.0753125,3.882126979,3.904571645
-0.075,3.800803417,3.904571645
-0.0746875,3.869370342,3.905368284
-0.074375,3.895680906,3.905368284
-0.0740625,3.893289036,3.906164923
-0.07375,3.851032676,3.906961562
-0.0734375,3.806384446,3.906961562
-0.073125,3.892491746,3.905368284
-0.0728125,3.870964921,3.902181728
-0.0725,3.887708007,3.902978367
-0.0721875,3.817546503,3.902181728
-0.071875,3.827911271,3.902978367
-0.0715625,3.899667355,3.902181728
-0.07125,3.894883616,3.903775006
-0.0709375,3.862992023,3.903775006
-0.070625,3.820735663,3.905368284
-0.0703125,3.855816415,3.905368284
-0.07,3.902856514,3.906164923
-0.0696875,3.881329689,3.906961562
-0.069375,3.842262488,3.906961562
-0.0690625,3.83269501,3.907758202
-0.06875,3.880532399,3.906164923
-0.0684375,3.896478195,3.906164923
-0.068125,3.894086326,3.906164923
-0.0678125,3.824722112,3.906164923
-0.0675,3.860600154,3.907758202
-0.0671875,3.870964921,3.905368284
-0.066875,3.896478195,3.906961562
-0.0665625,3.859802864,3.907758202
-0.06625,3.817546503,3.908554841
-0.0659375,3.894086326,3.910148119
-0.065625,3.886113428,3.911741397
-0.0653125,3.905248383,3.914131314
-0.065,3.835884169,3.913334675
-0.0646875,3.854221835,3.914131314
-0.064375,3.899667355,3.914131314
-0.0640625,3.902856514,3.912538036
-0.06375,3.889302587,3.913334675
-0.0634375,3.825519402,3.910944758
-0.063125,3.87814053,3.912538036
-0.0628125,3.883721558,3.910944758
-0.0625,3.902059224,3.910148119
-0.0621875,3.851032676,3.908554841
-0.061875,3.830303141,3.90935148
-0.0615625,3.911626702,3.908554841
-0.06125,3.87495137,3.906961562
-0.0609375,3.894086326,3.906961562
-0.060625,3.836681459,3.906961562
-0.0603125,3.855816415,3.906961562
-0.06,3.906045673,3.906164923
-0.0596875,3.87814053,3.905368284
-0.059375,3.862992023,3.903775006
-0.0590625,3.822330242,3.903775006
-0.05875,3.886113428,3.903775006
-0.0584375,3.895680906,3.904571645
-0.058125,3.87814053,3.904571645
-0.0578125,3.840667908,3.903775006
-0.0575,3.83428959,3.903775006
-0.0571875,3.905248383,3.905368284
-0.056875,3.898072775,3.906164923
-0.0565625,3.846248937,3.903775006
-0.05625,3.818343793,3.90058845
-0.0559375,3.862194733,3.90058845
-0.055625,3.896478195,3.901385089
-0.0553125,3.895680906,3.902978367
-0.055,3.813560054,3.902978367
-0.0546875,3.821532953,3.902978367
-0.054375,3.894883616,3.903775006
-0.0540625,3.894086326,3.904571645
-0.05375,3.879735109,3.905368284
-0.0534375,3.820735663,3.904571645
-0.053125,3.851829966,3.905368284
-0.0528125,3.901261934,3.905368284
-0.0525,3.899667355,3.906164923
-0.0521875,3.849438096,3.906164923
-0.051875,3.829505851,3.904571645
-0.0515625,3.886910718,3.905368284
-0.05125,3.890897167,3.905368284
-0.0509375,3.894883616,3.905368284
-0.050625,3.812762765,3.905368284
-0.0503125,3.825519402,3.905368284
-0.05,3.906842963,3.906961562
-0.0496875,3.901261934,3.907758202
-0.049375,3.888505297,3.908554841
-0.0490625,3.815154634,3.910944758
-0.04875,3.870964921,3.912538036
-0.0484375,3.902856514,3.911741397
-0.048125,3.911626702,3.912538036
-0.0478125,3.851829966,3.913334675
-0.0475,3.806384446,3.912538036
-0.0471875,3.901261934,3.911741397
-0.046875,3.903653804,3.911741397
-0.0465625,3.886113428,3.910944758
-0.04625,3.847843517,3.910148119
-0.0459375,3.825519402,3.908554841
-0.045625,3.910829412,3.908554841
-0.0453125,3.909234832,3.908554841
-0.045,3.87415408,3.907758202
-0.0446875,3.828708561,3.906164923
-0.044375,3.854221835,3.905368284
-0.0440625,3.902059224,3.906164923
-0.04375,3.894086326,3.906164923
-0.0434375,3.836681459,3.904571645
-0.043125,3.825519402,3.904571645
-0.0428125,3.871762211,3.903775006
-0.0425,3.890897167,3.903775006
-0.0421875,3.890099877,3.902181728
-0.041875,3.830303141,3.902978367
-0.0415625,3.848640806,3.905368284
-0.04125,3.882924268,3.903775006
-0.0409375,3.900464644,3.904571645
-0.040625,3.848640806,3.904571645
-0.0403125,3.815154634,3.905368284
-0.04,3.866181182,3.906164923
-0.0396875,3.890099877,3.902181728
-0.039375,3.889302587,3.902181728
-0.0390625,3.835884169,3.90058845
-0.03875,3.830303141,3.902181728
-0.0384375,3.882126979,3.901385089
-0.038125,3.898072775,3.902978367
-0.0378125,3.878937819,3.903775006
-0.0375,3.827911271,3.903775006
-0.0371875,3.87814053,3.905368284
-0.036875,3.87574866,3.904571645
-0.0365625,3.906045673,3.906164923
-0.03625,3.844654357,3.904571645
-0.0359375,3.805587156,3.904571645
-0.035625,3.87734324,3.906164923
-0.0353125,3.866978472,3.905368284
-0.035,3.878937819,3.905368284
-0.0346875,3.835884169,3.905368284
-0.034375,3.858208284,3.906164923
-0.0340625,3.902059224,3.906164923
-0.03375,3.87654595,3.905368284
-0.0334375,3.865383892,3.906164923
-0.033125,3.826316691,3.906164923
-0.0328125,3.87574866,3.906961562
-0.0325,3.902856514,3.910148119
-0.0321875,3.871762211,3.911741397
-0.031875,3.845451647,3.913334675
-0.0315625,3.843059778,3.913334675
-0.03125,3.9195996,3.912538036
-0.0309375,3.911626702,3.913334675
-0.030625,3.860600154,3.912538036
-0.0303125,3.837478749,3.912538036
-0.03,3.87734324,3.912538036
-0.0296875,3.906842963,3.910944758
-0.029375,3.899667355,3.910148119
-0.0290625,3.837478749,3.907758202
-0.02875,3.821532953,3.906961562
-0.0284375,3.886910718,3.908554841
-0.028125,3.898870065,3.906961562
-0.0278125,3.867775762,3.906164923
-0.0275,3.823924822,3.904571645
-0.0271875,3.847046227,3.906961562
-0.026875,3.907640253,3.905368284
-0.0265625,3.902856514,3.905368284
-0.02625,3.843059778,3.904571645
-0.0259375,3.816749214,3.903775006
-0.025625,3.888505297,3.902978367
-0.0253125,3.898072775,3.902978367
-0.025,3.898072775,3.905368284
-0.0246875,3.823924822,3.904571645
-0.024375,3.816749214,3.905368284
-0.0240625,3.907640253,3.905368284
-0.02375,3.899667355,3.906164923
-0.0234375,3.865383892,3.906961562
-0.023125,3.803195287,3.903775006
-0.0228125,3.859005574,3.902181728
-0.0225,3.897275485,3.901385089
-0.0221875,3.896478195,3.902181728
-0.021875,3.851032676,3.902978367
-0.0215625,3.803992577,3.901385089
-0.02125,3.894883616,3.902978367
-0.0209375,3.892491746,3.903775006
-0.020625,3.890099877,3.904571645
-0.0203125,3.824722112,3.903775006
-0.02,3.807979026,3.904571645
-0.0196875,3.903653804,3.904571645
-0.019375,3.903653804,3.904571645
-0.0190625,3.866978472,3.904571645
-0.01875,3.824722112,3.906164923
-0.0184375,3.851032676,3.904571645
-0.018125,3.896478195,3.905368284
-0.0178125,3.905248383,3.904571645
-0.0175,3.83189772,3.905368284
-0.0171875,3.815154634,3.906164923
-0.016875,3.886910718,3.905368284
-0.0165625,3.895680906,3.906164923
-0.01625,3.862992023,3.906961562
-0.0159375,3.825519402,3.908554841
-0.015625,3.846248937,3.912538036
-0.0153125,3.907640253,3.911741397
-0.015,3.911626702,3.912538036
-0.0146875,3.856613704,3.912538036
-0.014375,3.835086879,3.913334675
-0.0140625,3.870964921,3.912538036
-0.01375,3.903653804,3.911741397
-0.0134375,3.906842963,3.910944758
-0.013125,3.840667908,3.910148119
-0.0128125,3.838276039,3.910944758
-0.0125,3.890897167,3.908554841
-0.0121875,3.902059224,3.908554841
-0.011875,3.867775762,3.907758202
-0.0115625,3.8334923,3.907758202
-0.01125,3.872559501,3.906164923
-0.0109375,3.872559501,3.905368284
-0.010625,3.905248383,3.905368284
-0.0103125,3.844654357,3.905368284
-0.01,3.830303141,3.904571645
-0.0096875,3.908437543,3.904571645
-0.009375,3.865383892,3.902978367
-0.0090625,3.867775762,3.902978367
-0.00875,3.823127532,3.903775006
-0.0084375,3.851829966,3.903775006
-0.008125,3.907640253,3.904571645
-0.0078125,3.867775762,3.905368284
-0.0075,3.859005574,3.904571645
-0.0071875,3.821532953,3.905368284
-0.006875,3.892491746,3.906164923
-0.0065625,3.897275485,3.905368284
-0.00625,3.867775762,3.902181728
-0.0059375,3.83428959,3.901385089
-0.005625,3.841465198,3.901385089
-0.0053125,3.904451093,3.902181728
-0.005,3.878937819,3.902181728
-0.0046875,3.856613704,3.902181728
-0.004375,3.811168185,3.902978367
-0.0040625,3.850235386,3.903775006
-0.00375,3.898870065,3.905368284
-0.0034375,3.885316138,3.905368284
-0.003125,3.847046227,3.904571645
-0.0028125,3.823924822,3.906164923
-0.0025,3.906842963,3.905368284
-0.0021875,3.895680906,3.906164923
-0.001875,3.861397443,3.906164923
-0.0015625,3.829505851,3.905368284
-0.00125,3.849438096,3.906164923
-0.0009375,3.899667355,3.906164923
-0.000625,3.898072775,3.906164923
-0.0003125,3.8334923,3.905368284
0,3.824722112,3.906961562
0.0003125,3.890897167,3.907758202
0.000625,3.906842963,3.908554841
0.0009375,3.902856514,3.912538036
0.00125,3.826316691,3.912538036
0.0015625,3.847046227,3.914131314
0.001875,3.917207731,3.913334675
0.0021875,3.907640253,3.914131314
0.0025,3.863789313,3.914131314
0.0028125,3.808776315,3.912538036
0.003125,3.873356791,3.912538036
0.0034375,3.906842963,3.911741397
0.00375,3.915613151,3.912538036
0.0040625,3.858208284,3.910148119
0.004375,3.800803417,3.910148119
0.0046875,3.903653804,3.90935148
0.005,3.906045673,3.90935148
0.0053125,3.861397443,3.908554841
0.005625,3.83269501,3.906961562
0.0059375,3.815951924,3.905368284
0.00625,3.904451093,3.905368284
0.0065625,3.894086326,3.905368284
0.006875,3.866978472,3.904571645
0.0071875,3.807979026,3.904571645
0.0075,3.870167631,3.902978367
0.0078125,3.891694456,3.902978367
0.008125,3.899667355,3.902978367
0.0084375,3.838276039,3.903775006
0.00875,3.811965475,3.905368284
0.0090625,3.907640253,3.903775006
0.009375,3.901261934,3.906164923
0.0096875,3.87814053,3.906164923
0.01,3.843059778,3.906164923
0.0103125,3.83110043,3.903775006
0.010625,3.905248383,3.90058845
0.0109375,3.892491746,3.901385089
0.01125,3.828708561,3.902181728
0.0115625,3.796019678,3.903775006
0.011875,3.866978472,3.902978367
0.0121875,3.894883616,3.903775006
0.0125,3.896478195,3.904571645
0.0128125,3.8334923,3.905368284
0.013125,3.820735663,3.905368284
0.0134375,3.87814053,3.906961562
0.01375,3.892491746,3.906961562
0.0140625,3.871762211,3.906164923
0.014375,3.812762765,3.905368284
0.0146875,3.882924268,3.906961562
0.015,3.87734324,3.906164923
0.0153125,3.907640253,3.906961562
0.015625,3.847046227,3.906164923
0.0159375,3.821532953,3.906961562
0.01625,3.910829412,3.907758202
0.0165625,3.866978472,3.907758202
0.016875,3.898870065,3.907758202
0.0171875,3.829505851,3.907758202
0.0175,3.870964921,3.911741397
0.0178125,3.912423992,3.913334675
0.018125,3.87654595,3.912538036
0.0184375,3.862992023,3.914131314
0.01875,3.838276039,3.913334675
0.0190625,3.909234832,3.914927953
0.019375,3.890897167,3.913334675
0.0196875,3.87415408,3.913334675
0.02,3.849438096,3.911741397
0.0203125,3.853424545,3.911741397
0.020625,3.917207731,3.911741397
0.0209375,3.882924268,3.910944758
0.02125,3.885316138,3.910148119
0.0215625,3.8334923,3.908554841
0.021875,3.87654595,3.908554841
0.0221875,3.899667355,3.906961562
0.0225,3.873356791,3.907758202
0.0228125,3.849438096,3.906961562
0.023125,3.827113981,3.906164923
0.0234375,3.910829412,3.905368284
0.02375,3.897275485,3.906164923
0.0240625,3.856613704,3.903775006
0.024375,3.823127532,3.903775006
0.0246875,3.857410994,3.904571645
0.025,3.902059224,3.904571645
0.0253125,3.892491746,3.904571645
0.025625,3.819141083,3.904571645
0.0259375,3.803992577,3.903775006
0.02625,3.889302587,3.905368284
0.0265625,3.896478195,3.905368284
0.026875,3.899667355,3.903775006
0.0271875,3.819141083,3.901385089
0.0275,3.8334923,3.902181728
0.0278125,3.902856514,3.901385089
0.028125,3.895680906,3.902978367
0.0284375,3.87814053,3.902978367
0.02875,3.793627809,3.902181728
0.0290625,3.868573052,3.904571645
0.029375,3.898072775,3.904571645
0.0296875,3.896478195,3.906164923
0.03,3.849438096,3.905368284
0.0303125,3.78964136,3.906164923
0.030625,3.906045673,3.905368284
0.0309375,3.899667355,3.906164923
0.03125,3.868573052,3.906164923
0.0315625,3.821532953,3.906164923
0.031875,3.842262488,3.905368284
0.0321875,3.902856514,3.906164923
0.0325,3.901261934,3.905368284
0.0328125,3.862194733,3.906164923
0.033125,3.792830519,3.905368284
0.0334375,3.87814053,3.906961562
0.03375,3.897275485,3.906961562
0.0340625,3.904451093,3.90935148
0.034375,3.852627255,3.912538036
0.0346875,3.815951924,3.912538036
0.035,3.911626702,3.912538036
0.0353125,3.914815861,3.913334675
0.035625,3.880532399,3.913334675
0.0359375,3.83110043,3.914131314
0.03625,3.861397443,3.913334675
0.0365625,3.905248383,3.911741397
0.036875,3.906045673,3.911741397
0.0371875,3.855816415,3.910944758
0.0375,3.838276039,3.910944758
0.0378125,3.895680906,3.90935148
0.038125,3.902059224,3.90935148
0.0384375,3.896478195,3.908554841
0.03875,3.828708561,3.906961562
0.0390625,3.862992023,3.907758202
0.039375,3.87734324,3.906164923
0.0396875,3.906045673,3.906164923
0.04,3.87415408,3.905368284
0.0403125,3.827911271,3.904571645
0.040625,3.895680906,3.904571645
0.0409375,3.863789313,3.903775006
0.04125,3.892491746,3.903775006
0.0415625,3.851829966,3.903775006
0.041875,3.830303141,3.904571645
0.0421875,3.897275485,3.904571645
0.0425,3.869370342,3.904571645
0.0428125,3.883721558,3.905368284
0.043125,3.823924822,3.906164923
0.0434375,3.873356791,3.906164923
0.04375,3.886113428,3.902978367
0.0440625,3.890897167,3.901385089
0.044375,3.855816415,3.901385089
0.0446875,3.805587156,3.901385089
0.045,3.898870065,3.902978367
0.0453125,3.866978472,3.902978367
0.045625,3.882126979,3.902978367
0.0459375,3.8334923,3.903775006
0.04625,3.823924822,3.904571645
0.0465625,3.905248383,3.904571645
0.046875,3.872559501,3.905368284
0.0471875,3.870167631,3.905368284
0.0475,3.813560054,3.904571645
0.0478125,3.883721558,3.905368284
0.048125,3.896478195,3.906164923
0.0484375,3.867775762,3.905368284
0.04875,3.83110043,3.904571645
0.0490625,3.820735663,3.904571645
0.049375,3.906842963,3.905368284
0.0496875,3.894883616,3.905368284
0.05,3.853424545,3.906164923
0.0503125,3.835884169,3.906961562
0.050625,3.870964921,3.908554841
0.0509375,3.905248383,3.910944758
0.05125,3.917207731,3.913334675
0.0515625,3.818343793,3.913334675
0.051875,3.821532953,3.912538036
0.0521875,3.902856514,3.913334675
0.0525,3.908437543,3.914131314
0.0528125,3.912423992,3.913334675
0.053125,3.823127532,3.911741397
0.0534375,3.856613704,3.911741397
0.05375,3.915613151,3.910148119
0.0540625,3.901261934,3.910148119
0.054375,3.87415408,3.910148119
0.0546875,3.809573605,3.908554841
0.055,3.887708007,3.90935148
0.0553125,3.902059224,3.908554841
0.055625,3.902059224,3.906961562
0.0559375,3.83269501,3.906164923
0.05625,3.806384446,3.904571645
0.0565625,3.907640253,3.904571645
0.056875,3.896478195,3.906164923
0.0571875,3.87734324,3.905368284
0.0575,3.799208838,3.903775006
0.0578125,3.855816415,3.903775006
0.058125,3.905248383,3.903775006
0.0584375,3.896478195,3.904571645
0.05875,3.851032676,3.904571645
0.0590625,3.807181736,3.904571645
0.059375,3.900464644,3.905368284
0.0596875,3.896478195,3.905368284
0.06,3.884518848,3.906164923
0.0603125,3.839870618,3.902978367
0.060625,3.815951924,3.901385089
0.0609375,3.901261934,3.901385089
0.06125,3.896478195,3.902978367
0.0615625,3.836681459,3.903775006
0.061875,3.827113981,3.903775006
0.0621875,3.858208284,3.903775006
0.0625,3.885316138,3.903775006
0.0628125,3.896478195,3.905368284
0.063125,3.843857067,3.905368284
0.0634375,3.842262488,3.905368284
0.06375,3.882924268,3.906164923
0.0640625,3.892491746,3.906164923
0.064375,3.873356791,3.906961562
0.0646875,3.815951924,3.906164923
0.065,3.865383892,3.906164923
0.0653125,3.871762211,3.904571645
0.065625,3.903653804,3.906164923
0.0659375,3.863789313,3.904571645
0.06625,3.83189772,3.905368284
0.0665625,3.898870065,3.906961562
0.066875,3.883721558,3.906164923
0.0671875,3.890099877,3.907758202
0.0675,3.839073329,3.90935148
0.0678125,3.843059778,3.913334675
0.068125,3.893289036,3.913334675
0.0684375,3.898072775,3.912538036
0.06875,3.898870065,3.914927953
0.0690625,3.827911271,3.914131314
0.069375,3.889302587,3.914927953
0.0696875,3.880532399,3.912538036
0.07,3.907640253,3.912538036
0.0703125,3.845451647,3.910944758
0.070625,3.828708561,3.910148119
0.0709375,3.914815861,3.910148119
0.07125,3.873356791,3.90935148
0.0715625,3.87734324,3.90935148
0.071875,3.820735663,3.908554841
0.0721875,3.855816415,3.907758202
0.0725,3.910032122,3.907758202
0.0728125,3.87734324,3.906961562
0.073125,3.859005574,3.905368284
0.0734375,3.816749214,3.904571645
0.07375,3.894883616,3.904571645
0.0740625,3.890099877,3.904571645
0.074375,3.872559501,3.903775006
0.0746875,3.838276039,3.903775006
0.075,3.825519402,3.904571645
0.0753125,3.906842963,3.905368284
0.075625,3.895680906,3.905368284
0.0759375,3.850235386,3.905368284
0.07625,3.8334923,3.905368284
0.0765625,3.881329689,3.906164923
0.076875,3.897275485,3.903775006
0.0771875,3.901261934,3.902978367
0.0775,3.813560054,3.90058845
0.0778125,3.813560054,3.901385089
0.078125,3.905248383,3.901385089
0.0784375,3.890897167,3.902181728
0.07875,3.870167631,3.903775006
0.0790625,3.808776315,3.902181728
0.079375,3.851032676,3.904571645
0.0796875,3.896478195,3.903775006
0.08,3.900464644,3.906164923
0.0803125,3.850235386,3.905368284
0.080625,3.810370895,3.904571645
0.0809375,3.890897167,3.906164923
0.08125,3.898072775,3.905368284
0.0815625,3.898072775,3.906164923
0.081875,3.813560054,3.905368284
0.0821875,3.841465198,3.906164923
0.0825,3.910032122,3.905368284
0.0828125,3.890897167,3.905368284
0.083125,3.872559501,3.906164923
0.0834375,3.803992577,3.906164923
0.08375,3.873356791,3.906961562
0.0840625,3.906045673,3.90935148
0.084375,3.900464644,3.912538036
0.0846875,3.849438096,3.913334675
0.085,3.808776315,3.913334675
0.0853125,3.907640253,3.913334675
0.085625,3.902856514,3.914131314
0.0859375,3.899667355,3.914927953
0.08625,3.835884169,3.914131314
0.0865625,3.851829966,3.913334675
0.086875,3.908437543,3.911741397
0.0871875,3.898870065,3.910944758
0.0875,3.852627255,3.90935148
0.0878125,3.824722112,3.90935148
0.088125,3.87415408,3.90935148
0.0884375,3.906045673,3.908554841
0.08875,3.894086326,3.906961562
0.0890625,3.846248937,3.906164923
0.089375,3.850235386,3.907758202
0.0896875,3.87574866,3.905368284
0.09,3.896478195,3.905368284
0.0903125,3.870964921,3.904571645
0.090625,3.830303141,3.904571645
0.0909375,3.870167631,3.905368284
0.09125,3.880532399,3.902181728
0.0915625,3.901261934,3.903775006
0.091875,3.843857067,3.903775006
0.0921875,3.819141083,3.905368284
0.0925,3.882924268,3.906164923
0.0928125,3.891694456,3.905368284
0.093125,3.87814053,3.907758202
0.0934375,3.821532953,3.906164923
0.09375,3.853424545,3.904571645
0.0940625,3.871762211,3.90058845
0.094375,3.893289036,3.902181728
0.0946875,3.861397443,3.902181728
0.095,3.806384446,3.902978367
0.0953125,3.889302587,3.904571645
0.095625,3.873356791,3.904571645
0.0959375,3.892491746,3.904571645
0.09625,3.835086879,3.904571645
0.0965625,3.83269501,3.906164923
0.096875,3.907640253,3.906961562
0.0971875,3.872559501,3.906164923
0.0975,3.889302587,3.906164923
0.0978125,3.83110043,3.906164923
0.098125,3.865383892,3.906961562
0.0984375,3.897275485,3.906164923
0.09875,3.850235386,3.906164923
0.0990625,3.847046227,3.906164923
0.099375,3.819141083,3.906164923
0.0996875,3.906842963,3.906164923
0.1,3.906045673,3.908554841
0.1003125,3.872559501,3.906961562
0.100625,3.847843517,3.908554841
0.1009375,3.858208284,3.913334675
0.10125,3.914815861,3.913334675
0.1015625,3.914018571,3.914927953
0.101875,3.851032676,3.913334675
0.1021875,3.829505851,3.913334675
0.1025,3.902059224,3.914131314
0.1028125,3.905248383,3.914131314
0.103125,3.893289036,3.914927953
0.1034375,3.816749214,3.913334675
0.10375,3.843857067,3.913334675
0.1040625,3.910829412,3.911741397
0.104375,3.905248383,3.910148119
0.1046875,3.856613704,3.910148119
0.105,3.838276039,3.908554841
0.1053125,3.884518848,3.908554841
0.105625,3.899667355,3.906961562
0.1059375,3.893289036,3.907758202
0.10625,3.803195287,3.906961562
0.1065625,3.823924822,3.906164923
0.106875,3.912423992,3.906164923
0.1071875,3.897275485,3.904571645
0.1075,3.885316138,3.904571645
0.1078125,3.802397997,3.902978367
0.108125,3.847843517,3.904571645
0.1084375,3.905248383,3.904571645
0.10875,3.896478195,3.904571645
0.1090625,3.870167631,3.905368284
0.109375,3.800803417,3.905368284
0.1096875,3.895680906,3.906961562
0.11,3.895680906,3.906961562
0.1103125,3.890099877,3.903775006
0.110625,3.828708561,3.902978367
0.1109375,3.798411548,3.902181728
0.11125,3.905248383,3.901385089
0.1115625,3.894086326,3.902181728
0.111875,3.87734324,3.903775006
0.1121875,3.824722112,3.903775006
0.1125,3.849438096,3.904571645
0.1128125,3.904451093,3.905368284
0.113125,3.898072775,3.905368284
0.1134375,3.850235386,3.906164923
0.11375,3.823924822,3.906164923
0.1140625,3.87814053,3.905368284
0.114375,3.897275485,3.906164923
0.1146875,3.886910718,3.906164923
0.115,3.818343793,3.906164923
0.1153125,3.838276039,3.906164923
0.115625,3.901261934,3.906164923
0.1159375,3.893289036,3.906164923
0.11625,3.853424545,3.905368284
0.1165625,3.820735663,3.906164923
0.116875,3.866181182,3.906961562
0.1171875,3.897275485,3.906164923
0.1175,3.893289036,3.911741397
0.1178125,3.854221835,3.913334675
0.118125,3.83110043,3.914131314
0.1184375,3.899667355,3.914131314
0.11875,3.902856514,3.914131314
0.1190625,3.878937819,3.914927953
0.119375,3.839870618,3.914131314
0.1196875,3.885316138,3.914131314
0.12,3.884518848,3.912538036
0.1203125,3.908437543,3.912538036
0.120625,3.826316691,3.910944758
0.1209375,3.823924822,3.910148119
0.12125,3.901261934,3.910148119
0.1215625,3.87574866,3.90935148
0.121875,3.894086326,3.908554841
0.1221875,3.847046227,3.906961562
0.1225,3.848640806,3.906961562
0.1228125,3.905248383,3.907758202
0.123125,3.87415408,3.906164923
0.1234375,3.870964921,3.905368284
0.12375,3.827113981,3.904571645
0.1240625,3.894883616,3.904571645
0.124375,3.901261934,3.903775006
0.1246875,3.865383892,3.903775006
0.125,3.847843517,3.904571645
0.1253125,3.826316691,3.905368284
0.125625,3.906045673,3.905368284
0.1259375,3.889302587,3.906164923
0.12625,3.827911271,3.906961562
0.1265625,3.820735663,3.906164923
0.126875,3.870167631,3.904571645
0.1271875,3.896478195,3.902978367
0.1275,3.883721558,3.902978367
0.1278125,3.841465198,3.90058845
0.128125,3.810370895,3.902978367
0.1284375,3.902059224,3.902978367
0.12875,3.891694456,3.903775006
0.1290625,3.858208284,3.904571645
0.129375,3.8334923,3.904571645
0.1296875,3.851829966,3.905368284
0.13,3.898072775,3.904571645
0.1303125,3.897275485,3.905368284
0.130625,3.839073329,3.904571645
0.1309375,3.811965475,3.903775006
0.13125,3.887708007,3.904571645
0.1315625,3.894883616,3.905368284
0.131875,3.896478195,3.906164923
0.1321875,3.823127532,3.904571645
0.1325,3.83428959,3.906164923
0.1328125,3.915613151,3.906164923
0.133125,3.891694456,3.906164923
0.1334375,3.879735109,3.908554841
0.13375,3.805587156,3.907758202
0.1340625,3.866978472,3.910148119
0.134375,3.906842963,3.911741397
0.1346875,3.906045673,3.914131314
0.135,3.859802864,3.914131314
0.1353125,3.811965475,3.913334675
0.135625,3.91800502,3.914131314
0.1359375,3.907640253,3.913334675
0.13625,3.894086326,3.912538036
0.1365625,3.845451647,3.912538036
0.136875,3.824722112,3.910944758
0.1371875,3.914815861,3.910148119
0.1375,3.904451093,3.910148119
0.1378125,3.871762211,3.910148119
0.138125,3.83269501,3.90935148
0.1384375,3.870167631,3.90935148
0.13875,3.901261934,3.906961562
0.1390625,3.897275485,3.906961562
0.139375,3.847843517,3.907758202
0.1396875,3.823127532,3.907758202
0.14,3.896478195,3.904571645
0.1403125,3.889302587,3.904571645
0.140625,3.868573052,3.904571645
0.1409375,3.815154634,3.904571645
0.14125,3.835884169,3.903775006
0.1415625,3.901261934,3.903775006
0.141875,3.902059224,3.905368284
0.1421875,3.855816415,3.904571645
0.1425,3.822330242,3.905368284
0.1428125,3.871762211,3.906164923
0.143125,3.894086326,3.905368284
0.1434375,3.87495137,3.904571645
0.14375,3.83269501,3.902181728
0.1440625,3.8334923,3.902181728
0.144375,3.873356791,3.90058845
0.1446875,3.887708007,3.901385089
0.145,3.866181182,3.903775006
0.1453125,3.818343793,3.902978367
0.145625,3.87814053,3.903775006
0.1459375,3.87734324,3.904571645
0.14625,3.896478195,3.904571645
0.1465625,3.846248937,3.905368284
0.146875,3.823924822,3.906961562
0.1471875,3.907640253,3.907758202
0.1475,3.870964921,3.906164923
0.1478125,3.879735109,3.906164923
0.148125,3.812762765,3.905368284
0.1484375,3.858208284,3.906961562
0.14875,3.905248383,3.906164923
0.1490625,3.864586603,3.905368284
0.149375,3.853424545,3.905368284
0.1496875,3.822330242,3.905368284
0.15,3.901261934,3.906961562
0.1503125,3.892491746,3.907758202
0.150625,3.866978472,3.906961562
0.1509375,3.835086879,3.910944758
0.15125,3.858208284,3.911741397
0.1515625,3.913221281,3.913334675
0.151875,3.886113428,3.913334675
0.1521875,3.866181182,3.912538036
0.1525,3.83428959,3.912538036
0.1528125,3.902856514,3.912538036
0.153125,3.910032122,3.912538036
0.1534375,3.87654595,3.912538036
0.15375,3.842262488,3.910148119
0.1540625,3.83269501,3.90935148
0.154375,3.9195996,3.90935148
0.1546875,3.902856514,3.90935148
0.155,3.859005574,3.908554841
0.1553125,3.819938373,3.906961562
0.155625,3.872559501,3.906164923
0.1559375,3.898870065,3.906164923
0.15625,3.888505297,3.906164923
0.1565625,3.83269501,3.904571645
0.156875,3.816749214,3.904571645
0.1571875,3.894883616,3.903775006
0.1575,3.895680906,3.903775006
0.1578125,3.882924268,3.904571645
0.158125,3.812762765,3.903775006
0.1584375,3.851829966,3.904571645
0.15875,3.907640253,3.904571645
0.1590625,3.893289036,3.903775006
0.159375,3.862992023,3.904571645
0.1596875,3.793627809,3.904571645
0.16,3.883721558,3.906164923
0.1603125,3.892491746,3.902978367
0.160625,3.887708007,3.901385089
0.1609375,3.854221835,3.902181728
0.16125,3.78804678,3.902181728
0.1615625,3.903653804,3.903775006
0.161875,3.893289036,3.902978367
0.1621875,3.866978472,3.903775006
0.1625,3.811168185,3.905368284
0.1628125,3.847046227,3.905368284
0.163125,3.896478195,3.905368284
0.1634375,3.898072775,3.906961562
0.16375,3.851032676,3.906164923
0.1640625,3.800803417,3.906961562
0.164375,3.860600154,3.906164923
0.1646875,3.894086326,3.906164923
0.165,3.892491746,3.906961562
0.1653125,3.828708561,3.906164923
0.165625,3.829505851,3.907758202
0.1659375,3.904451093,3.906164923
0.16625,3.902059224,3.906961562
0.1665625,3.87574866,3.907758202
0.166875,3.822330242,3.906961562
0.1671875,3.855019125,3.908554841
0.1675,3.897275485,3.910944758
0.1678125,3.903653804,3.913334675
0.168125,3.851829966,3.914131314
0.1684375,3.838276039,3.915724592
0.16875,3.892491746,3.914131314
0.1690625,3.906842963,3.914927953
0.169375,3.894883616,3.914927953
0.1696875,3.838276039,3.914131314
0.17,3.872559501,3.914131314
0.1703125,3.890099877,3.912538036
0.170625,3.900464644,3.910944758
0.1709375,3.863789313,3.910148119
0.17125,3.817546503,3.910148119
0.1715625,3.900464644,3.910148119
0.171875,3.868573052,3.908554841
0.1721875,3.894883616,3.907758202
0.1725,3.839073329,3.906961562
0.1728125,3.846248937,3.907758202
0.173125,3.910829412,3.906164923
0.1734375,3.861397443,3.905368284
0.17375,3.851032676,3.905368284
0.1740625,3.820735663,3.904571645
0.174375,3.890099877,3.904571645
0.1746875,3.891694456,3.904571645
0.175,3.865383892,3.904571645
0.1753125,3.853424545,3.904571645
0.175625,3.823127532,3.905368284
0.1759375,3.902856514,3.906164923
0.17625,3.87734324,3.906961562
0.1765625,3.872559501,3.906164923
0.176875,3.837478749,3.903775006
0.1771875,3.859802864,3.902181728
0.1775,3.893289036,3.901385089
0.1778125,3.869370342,3.901385089
0.178125,3.851032676,3.902181728
0.1784375,3.800803417,3.902978367
0.17875,3.902059224,3.903775006
0.1790625,3.886113428,3.904571645
0.179375,3.853424545,3.903775006
0.1796875,3.836681459,3.905368284
0.18,3.842262488,3.905368284
0.1803125,3.900464644,3.906164923
0.180625,3.898870065,3.906961562
0.1809375,3.846248937,3.905368284
0.18125,3.823924822,3.905368284
0.1815625,3.886910718,3.905368284
0.181875,3.899667355,3.905368284
0.1821875,3.898870065,3.906164923
0.1825,3.827113981,3.904571645
0.1828125,3.820735663,3.905368284
0.183125,3.910829412,3.905368284
0.1834375,3.895680906,3.906961562
0.18375,3.87814053,3.908554841
0.1840625,3.796816968,3.908554841
0.184375,3.872559501,3.912538036
0.1846875,3.905248383,3.914131314
0.185,3.907640253,3.914131314
0.1853125,3.870964921,3.914131314
0.185625,3.803195287,3.914131314
0.1859375,3.910032122,3.914131314
0.18625,3.905248383,3.913334675
0.1865625,3.891694456,3.913334675
0.186875,3.83110043,3.911741397
0.1871875,3.830303141,3.910148119
0.1875,3.908437543,3.90935148
0.1878125,3.899667355,3.90935148
0.188125,3.873356791,3.90935148
0.1884375,3.816749214,3.90935148
0.18875,3.87814053,3.906164923
0.1890625,3.899667355,3.906164923
0.189375,3.892491746,3.906164923
0.1896875,3.83428959,3.905368284
0.19,3.796019678,3.904571645
0.1903125,3.906045673,3.902978367
0.190625,3.892491746,3.902978367
0.1909375,3.879735109,3.903775006
0.19125,3.810370895,3.903775006
0.1915625,3.843059778,3.904571645
0.191875,3.898072775,3.903775006
0.1921875,3.893289036,3.903775006
0.1925,3.856613704,3.904571645
0.1928125,3.823924822,3.905368284
0.193125,3.871762211,3.905368284
0.1934375,3.901261934,3.906164923
0.19375,3.890897167,3.903775006
0.1940625,3.821532953,3.901385089
0.194375,3.830303141,3.902181728
0.1946875,3.87734324,3.902181728
0.195,3.887708007,3.903775006
0.1953125,3.866181182,3.902978367
0.195625,3.83110043,3.903775006
0.1959375,3.883721558,3.905368284
0.19625,3.870167631,3.905368284
0.1965625,3.895680906,3.906961562
0.196875,3.844654357,3.906961562
0.1971875,3.83269501,3.906961562
0.1975,3.910032122,3.906164923
0.1978125,3.857410994,3.906961562
0.198125,3.87814053,3.906164923
0.1984375,3.823127532,3.906164923
0.19875,3.862992023,3.906961562
0.1990625,3.894086326,3.906164923
0.199375,3.87654595,3.906164923
0.1996875,3.855019125,3.906164923
0.2,3.825519402,3.906961562
0.2003125,3.879735109,3.908554841
0.200625,3.883721558,3.90935148
0.2009375,3.890897167,3.910944758
0.20125,3.843857067,3.912538036
0.2015625,3.858208284,3.913334675
0.201875,3.910829412,3.914131314
0.2021875,3.87415408,3.914927953
0.2025,3.87734324,3.914131314
0.2028125,3.843857067,3.914131314
0.203125,3.889302587,3.914131314
0.2034375,3.907640253,3.914131314
0.20375,3.87415408,3.913334675
0.2040625,3.854221835,3.911741397
0.204375,3.836681459,3.910944758
0.2046875,3.915613151,3.910944758
0.205,3.898072775,3.910944758
0.2053125,3.863789313,3.908554841
0.205625,3.828708561,3.907758202
0.2059375,3.866181182,3.907758202
0.20625,3.901261934,3.906961562
0.2065625,3.894086326,3.907758202
0.206875,3.827113981,3.906164923
0.2071875,3.819141083,3.905368284
0.2075,3.891694456,3.905368284
0.2078125,3.890099877,3.904571645
0.208125,3.892491746,3.905368284
0.2084375,3.804789866,3.904571645
0.20875,3.843059778,3.905368284
0.2090625,3.906842963,3.904571645
0.209375,3.890099877,3.905368284
0.2096875,3.866181182,3.906164923
0.21,3.78724949,3.905368284
0.2103125,3.87654595,3.903775006
0.210625,3.887708007,3.901385089
0.2109375,3.894086326,3.902181728
0.21125,3.816749214,3.902181728
0.2115625,3.807181736,3.902181728
0.211875,3.899667355,3.902978367
0.2121875,3.892491746,3.904571645
0.2125,3.879735109,3.905368284
0.2128125,3.808776315,3.905368284
0.213125,3.843857067,3.905368284
0.2134375,3.902059224,3.905368284
0.21375,3.894086326,3.905368284
0.2140625,3.858208284,3.906164923
0.214375,3.796019678,3.905368284
0.2146875,3.895680906,3.905368284
0.215,3.871762211,3.905368284
0.2153125,3.894883616,3.906164923
0.215625,3.836681459,3.906164923
0.2159375,3.819938373,3.906164923
0.21625,3.902856514,3.905368284
0.2165625,3.895680906,3.905368284
0.216875,3.872559501,3.906961562
0.2171875,3.810370895,3.907758202
0.2175,3.855019125,3.90935148
0.2178125,3.902856514,3.910944758
0.218125,3.908437543,3.912538036
0.2184375,3.855816415,3.912538036
0.21875,3.825519402,3.912538036
0.2190625,3.894883616,3.913334675
0.219375,3.900464644,3.913334675
0.2196875,3.894883616,3.912538036
0.22,3.826316691,3.911741397
0.2203125,3.880532399,3.912538036
0.220625,3.87734324,3.910148119
0.2209375,3.894086326,3.910148119
0.22125,3.870964921,3.90935148
0.2215625,3.819938373,3.90935148
0.221875,3.903653804,3.90935148
0.2221875,3.871762211,3.906164923
0.2225,3.888505297,3.906961562
0.2228125,3.83110043,3.906164923
0.223125,3.843857067,3.906961562
0.2234375,3.894883616,3.905368284
0.22375,3.882126979,3.904571645
0.2240625,3.870964921,3.904571645
0.224375,3.820735663,3.903775006
0.2246875,3.87574866,3.905368284
0.225,3.870167631,3.905368284
0.2253125,3.882924268,3.903775006
0.225625,3.843857067,3.904571645
0.2259375,3.827911271,3.905368284
0.22625,3.903653804,3.906961562
0.2265625,3.869370342,3.907758202
0.226875,3.882924268,3.905368284
0.2271875,3.817546503,3.902978367
0.2275,3.862992023,3.901385089
0.2278125,3.898072775,3.902978367
0.228125,3.864586603,3.902978367
0.2284375,3.852627255,3.902978367
0.22875,3.810370895,3.903775006
0.2290625,3.901261934,3.904571645
0.229375,3.894086326,3.905368284
0.2296875,3.866181182,3.905368284
0.23,3.8334923,3.905368284
0.2303125,3.843059778,3.906961562
0.230625,3.899667355,3.906164923
0.2309375,3.895680906,3.907758202
0.23125,3.841465198,3.906961562
0.2315625,3.822330242,3.906164923
0.231875,3.888505297,3.907758202
0.2321875,3.896478195,3.906961562
0.2325,3.899667355,3.907758202
0.2328125,3.816749214,3.906164923
0.233125,3.822330242,3.906961562
0.2334375,3.913221281,3.906961562
0.23375,3.893289036,3.908554841
0.2340625,3.890099877,3.910148119
0.234375,3.801600707,3.911741397
0.2346875,3.873356791,3.913334675
0.235,3.905248383,3.913334675
0.2353125,3.914018571,3.914131314
0.235625,3.858208284,3.914927953
0.2359375,3.812762765,3.913334675
0.23625,3.898870065,3.914131314
0.2365625,3.899667355,3.913334675
0.236875,3.890099877,3.911741397
0.2371875,3.815951924,3.911741397
0.2375,3.843857067,3.910148119
0.2378125,3.914018571,3.910148119
0.238125,3.902059224,3.910148119
0.2384375,3.873356791,3.90935148
0.23875,3.804789866,3.907758202
0.2390625,3.890099877,3.907758202
0.239375,3.895680906,3.907758202
0.2396875,3.899667355,3.906961562
0.24,3.829505851,3.906164923
0.2403125,3.799208838,3.906164923
0.240625,3.909234832,3.905368284
0.2409375,3.887708007,3.904571645
0.24125,3.87734324,3.903775006
0.2415625,3.824722112,3.903775006
0.241875,3.851829966,3.905368284
0.2421875,3.894086326,3.904571645
0.2425,3.898072775,3.904571645
0.2428125,3.851829966,3.905368284
0.243125,3.815154634,3.906164923
0.2434375,3.87734324,3.905368284
0.24375,3.886910718,3.902181728
0.2440625,3.879735109,3.901385089
0.244375,3.830303141,3.901385089
0.2446875,3.849438096,3.903775006
0.245,3.865383892,3.902978367
0.2453125,3.886910718,3.902978367
0.245625,3.870964921,3.903775006
0.2459375,3.815951924,3.905368284
0.24625,3.891694456,3.906164923
0.2465625,3.860600154,3.904571645
0.246875,3.895680906,3.905368284
0.2471875,3.840667908,3.905368284
0.2475,3.829505851,3.906164923
0.2478125,3.905248383,3.905368284
0.248125,3.873356791,3.905368284
0.2484375,3.87734324,3.905368284
0.24875,3.825519402,3.905368284
0.2490625,3.865383892,3.906164923
0.249375,3.87654595,3.907758202
0.2496875,3.893289036,3.906164923
0.25,3.848640806,3.905368284
0.2503125,3.830303141,3.906961562
0.250625,3.906842963,3.907758202
0.2509375,3.87814053,3.910148119
0.25125,3.898072775,3.912538036
0.2515625,3.838276039,3.912538036
0.251875,3.849438096,3.912538036
0.2521875,3.914018571,3.913334675
0.2525,3.87814053,3.913334675
0.2528125,3.87734324,3.912538036
0.253125,3.830303141,3.912538036
0.2534375,3.897275485,3.912538036
0.25375,3.910829412,3.911741397
0.2540625,3.880532399,3.910944758
0.254375,3.836681459,3.90935148
0.2546875,3.827113981,3.90935148
0.255,3.909234832,3.908554841
0.2553125,3.891694456,3.907758202
0.255625,3.848640806,3.906164923
0.2559375,3.823127532,3.905368284
0.25625,3.868573052,3.906164923
0.2565625,3.894086326,3.906164923
0.256875,3.900464644,3.906164923
0.2571875,3.79043865,3.904571645
0.2575,3.824722112,3.904571645
0.2578125,3.902856514,3.904571645
0.258125,3.892491746,3.903775006
0.2584375,3.886910718,3.904571645
0.25875,3.792830519,3.903775006
0.2590625,3.83428959,3.904571645
0.259375,3.898870065,3.905368284
0.2596875,3.894086326,3.906164923
0.26,3.860600154,3.906961562
0.2603125,3.809573605,3.903775006
0.260625,3.854221835,3.902978367
0.2609375,3.887708007,3.901385089
0.26125,3.894883616,3.902181728
0.2615625,3.818343793,3.902181728
0.261875,3.827911271,3.902978367
0.2621875,3.901261934,3.902181728
0.2625,3.894086326,3.904571645
0.2628125,3.878937819,3.905368284
0.263125,3.796019678,3.904571645
0.2634375,3.860600154,3.905368284
0.26375,3.897275485,3.905368284
0.2640625,3.898870065,3.906164923
0.264375,3.858208284,3.906164923
0.2646875,3.800803417,3.905368284
0.265,3.897275485,3.907758202
0.2653125,3.892491746,3.906164923
0.265625,3.886113428,3.906164923
0.2659375,3.843857067,3.905368284
0.26625,3.83189772,3.905368284
0.2665625,3.907640253,3.906164923
0.266875,3.891694456,3.907758202
0.2671875,3.870167631,3.907758202
0.2675,3.827113981,3.90935148
0.2678125,3.870964921,3.911741397
0.268125,3.902059224,3.911741397
0.2684375,3.897275485,3.913334675
0.26875,3.850235386,3.913334675
0.2690625,3.843857067,3.914927953
0.269375,3.885316138,3.912538036
0.2696875,3.908437543,3.913334675
0.27,3.884518848,3.911741397
0.2703125,3.827113981,3.910944758
0.270625,3.87814053,3.910148119
0.2709375,3.879735109,3.908554841
0.27125,3.896478195,3.90935148
0.2715625,3.851829966,3.908554841
0.271875,3.824722112,3.908554841
0.2721875,3.883721558,3.906961562
0.2725,3.889302587,3.906164923
0.2728125,3.855816415,3.906164923
0.273125,3.840667908,3.905368284
0.2734375,3.862992023,3.906164923
0.27375,3.879735109,3.903775006
0.2740625,3.891694456,3.903775006
0.274375,3.859802864,3.902978367
0.2746875,3.813560054,3.902978367
0.275,3.881329689,3.904571645
0.2753125,3.864586603,3.904571645
0.275625,3.870964921,3.904571645
0.2759375,3.830303141,3.904571645
0.27625,3.837478749,3.906164923
0.2765625,3.903653804,3.906961562
0.276875,3.871762211,3.904571645
0.2771875,3.883721558,3.902181728
0.2775,3.816749214,3.901385089
0.2778125,3.87495137,3.902978367
0.278125,3.894883616,3.902978367
0.2784375,3.865383892,3.902978367
0.27875,3.849438096,3.902978367
0.2790625,3.805587156,3.903775006
0.279375,3.902059224,3.904571645
0.2796875,3.895680906,3.904571645
0.28,3.863789313,3.904571645
0.2803125,3.835086879,3.905368284
0.280625,3.862194733,3.906961562
0.2809375,3.906842963,3.906164923
0.28125,3.903653804,3.906164923
0.2815625,3.839870618,3.905368284
0.281875,3.816749214,3.905368284
0.2821875,3.882126979,3.905368284
0.2825,3.892491746,3.906164923
0.2828125,3.894086326,3.906961562
0.283125,3.824722112,3.905368284
0.2834375,3.835086879,3.907758202
0.28375,3.912423992,3.906961562
0.2840625,3.898870065,3.90935148
0.284375,3.871762211,3.912538036
0.2846875,3.822330242,3.911741397
0.285,3.87574866,3.913334675
0.2853125,3.908437543,3.912538036
0.285625,3.906045673,3.914131314
0.2859375,3.842262488,3.914131314
0.28625,3.820735663,3.912538036
0.2865625,3.906842963,3.912538036
0.286875,3.898870065,3.911741397
0.2871875,3.899667355,3.912538036
0.2875,3.820735663,3.90935148
0.2878125,3.856613704,3.910148119
0.288125,3.906842963,3.90935148
0.2884375,3.906842963,3.90935148
0.28875,3.849438096,3.908554841
0.2890625,3.793627809,3.906961562
0.289375,3.892491746,3.906164923
0.2896875,3.891694456,3.905368284
0.29,3.888505297,3.905368284
0.2903125,3.843857067,3.905368284
0.290625,3.810370895,3.904571645
0.2909375,3.912423992,3.902978367
0.29125,3.897275485,3.903775006
0.2915625,3.843857067,3.904571645
0.291875,3.822330242,3.904571645
0.2921875,3.850235386,3.903775006
0.2925,3.898870065,3.904571645
0.2928125,3.896478195,3.904571645
0.293125,3.849438096,3.905368284
0.2934375,3.823127532,3.905368284
0.29375,3.872559501,3.902181728
0.2940625,3.887708007,3.901385089
0.294375,3.884518848,3.901385089
0.2946875,3.824722112,3.902181728
0.295,3.849438096,3.902978367
0.2953125,3.87415408,3.902181728
0.295625,3.898870065,3.903775006
0.2959375,3.859802864,3.904571645
0.29625,3.819938373,3.905368284
0.2965625,3.87654595,3.906164923
0.296875,3.894086326,3.906164923
0.2971875,3.886113428,3.906164923
0.2975,3.837478749,3.905368284
0.2978125,3.83110043,3.906164923
0.298125,3.885316138,3.905368284
0.2984375,3.897275485,3.905368284
0.29875,3.870964921,3.905368284
0.2990625,3.825519402,3.905368284
0.299375,3.845451647,3.907758202
0.2996875,3.87415408,3.907758202
0.3,3.912423992,3.908554841
0.3003125,3.840667908,3.907758202
0.300625,3.821532953,3.908554841
0.3009375,3.908437543,3.913334675
0.30125,3.87415408,3.913334675
0.3015625,3.887708007,3.914131314
0.301875,3.83428959,3.912538036
0.3021875,3.866978472,3.915724592
0.3025,3.911626702,3.914131314
0.3028125,3.881329689,3.913334675
0.303125,3.865383892,3.913334675
0.3034375,3.824722112,3.912538036
0.30375,3.898072775,3.912538036
0.3040625,3.905248383,3.911741397
0.304375,3.87654595,3.910944758
0.3046875,3.838276039,3.910148119
0.305,3.827911271,3.910148119
0.3053125,3.910032122,3.908554841
0.305625,3.900464644,3.907758202
0.3059375,3.851829966,3.907758202
0.30625,3.822330242,3.906961562
0.3065625,3.881329689,3.907758202
0.306875,3.897275485,3.906961562
0.3071875,3.903653804,3.906164923
0.3075,3.830303141,3.905368284
0.3078125,3.819938373,3.905368284
0.308125,3.903653804,3.905368284
0.3084375,3.87415408,3.906164923
0.30875,3.87654595,3.906961562
0.3090625,3.816749214,3.905368284
0.309375,3.844654357,3.906164923
0.3096875,3.896478195,3.906961562
0.31,3.898870065,3.906961562
0.3103125,3.840667908,3.904571645
0.310625,3.800803417,3.901385089
0.3109375,3.87814053,3.901385089
0.31125,3.891694456,3.901385089
0.3115625,3.886910718,3.902978367
0.311875,3.83110043,3.902978367
0.3121875,3.839073329,3.902978367
0.3125,3.910032122,3.903775006
0.3128125,3.893289036,3.904571645
0.313125,3.867775762,3.906164923
0.3134375,3.803195287,3.905368284
0.31375,3.87654595,3.906164923
0.3140625,3.906045673,3.905368284
0.314375,3.897275485,3.906164923
0.3146875,3.844654357,3.906164923
0.315,3.800006128,3.906164923
0.3153125,3.906045673,3.905368284
0.315625,3.901261934,3.905368284
0.3159375,3.886113428,3.906164923
0.31625,3.843059778,3.906164923
0.3165625,3.839073329,3.906164923
0.316875,3.905248383,3.907758202
0.3171875,3.893289036,3.907758202
0.3175,3.859802864,3.910148119
0.3178125,3.83110043,3.913334675
0.318125,3.868573052,3.913334675
0.3184375,3.906045673,3.914927953
0.31875,3.898072775,3.914131314
0.3190625,3.847843517,3.914927953
0.319375,3.849438096,3.914927953
0.3196875,3.894086326,3.914131314
0.32,3.902856514,3.912538036
0.3203125,3.882126979,3.911741397
0.320625,3.826316691,3.910148119
0.3209375,3.862194733,3.910944758
0.32125,3.897275485,3.908554841
0.3215625,3.897275485,3.908554841
0.321875,3.854221835,3.908554841
0.3221875,3.824722112,3.907758202
0.3225,3.882126979,3.906164923
0.3228125,3.897275485,3.906961562
0.323125,3.878937819,3.906164923
0.3234375,3.827911271,3.905368284
0.32375,3.845451647,3.905368284
0.3240625,3.87574866,3.905368284
0.324375,3.886910718,3.904571645
0.3246875,3.851829966,3.904571645
0.325,3.806384446,3.904571645
0.3253125,3.896478195,3.905368284
0.325625,3.862992023,3.904571645
0.3259375,3.890099877,3.905368284
0.32625,3.830303141,3.906164923
0.3265625,3.841465198,3.907758202
0.326875,3.907640253,3.906164923
0.3271875,3.87495137,3.902978367
0.3275,3.868573052,3.902181728
0.3278125,3.818343793,3.901385089
0.328125,3.866978472,3.902181728
0.3284375,3.901261934,3.903775006
0.32875,3.866978472,3.902978367
0.3290625,3.847843517,3.904571645
0.329375,3.815951924,3.906164923
0.3296875,3.910032122,3.906164923
0.33,3.900464644,3.907758202
0.3303125,3.854221835,3.906961562
0.330625,3.822330242,3.906961562
0.3309375,3.866978472,3.907758202
0.33125,3.908437543,3.906961562
0.3315625,3.897275485,3.907758202
0.331875,3.847843517,3.906961562
0.3321875,3.813560054,3.906164923
0.3325,3.899667355,3.906961562
0.3328125,3.894883616,3.906961562
0.333125,3.872559501,3.907758202
0.3334375,3.823924822,3.906961562
0.33375,3.836681459,3.908554841
0.3340625,3.899667355,3.90935148
0.334375,3.899667355,3.912538036
0.3346875,3.850235386,3.913334675
0.335,3.83189772,3.913334675
0.3353125,3.899667355,3.914131314
0.335625,3.909234832,3.914927953
0.3359375,3.903653804,3.914927953
0.33625,3.8334923,3.914131314
0.3365625,3.829505851,3.913334675
0.336875,3.923586049,3.913334675
0.3371875,3.895680906,3.912538036
0.3375,3.882126979,3.912538036
0.3378125,3.824722112,3.910148119
0.338125,3.862194733,3.910148119
0.3384375,3.903653804,3.910148119
0.33875,3.909234832,3.910148119
0.3390625,3.856613704,3.908554841
0.339375,3.796019678,3.907758202
0.3396875,3.898072775,3.907758202
0.34,3.892491746,3.906164923
0.3403125,3.87814053,3.905368284
0.340625,3.843857067,3.904571645
0.3409375,3.813560054,3.903775006
0.34125,3.902059224,3.903775006
0.3415625,3.898072775,3.904571645
0.341875,3.866181182,3.905368284
0.3421875,3.823127532,3.905368284
0.3425,3.855019125,3.905368284
0.3428125,3.898072775,3.906961562
0.343125,3.892491746,3.906961562
0.3434375,3.820735663,3.906961562
0.34375,3.823127532,3.905368284
0.3440625,3.883721558,3.902181728
0.344375,3.887708007,3.902181728
0.3446875,3.873356791,3.902978367
0.345,3.825519402,3.902978367
0.3453125,3.851032676,3.905368284
0.345625,3.898072775,3.904571645
0.3459375,3.897275485,3.905368284
0.34625,3.859005574,3.906164923
0.3465625,3.821532953,3.906164923
0.346875,3.87814053,3.906164923
0.3471875,3.895680906,3.905368284
0.3475,3.883721558,3.906164923
0.3478125,3.83110043,3.905368284
0.348125,3.839073329,3.906961562
0.3484375,3.879735109,3.906164923
0.34875,3.892491746,3.905368284
0.3490625,3.862992023,3.906164923
0.349375,3.816749214,3.905368284
0.3496875,3.884518848,3.906961562
0.35,3.868573052,3.905368284
0.3503125,3.910032122,3.907758202
0.350625,3.856613704,3.907758202
0.3509375,3.823924822,3.911741397
0.35125,3.914018571,3.914131314
0.3515625,3.87415408,3.913334675
0.351875,3.885316138,3.914131314
0.3521875,3.835884169,3.914927953
0.3525,3.870964921,3.914927953
0.3528125,3.906842963,3.914131314
0.353125,3.87734324,3.913334675
0.3534375,3.869370342,3.912538036
0.35375,3.827113981,3.912538036
0.3540625,3.908437543,3.911741397
0.354375,3.904451093,3.911741397
0.3546875,3.847046227,3.910944758
0.355,3.839870618,3.90935148
0.3553125,3.837478749,3.908554841
0.355625,3.905248383,3.90935148
0.3559375,3.892491746,3.908554841
0.35625,3.845451647,3.906961562
0.3565625,3.815154634,3.906164923
0.356875,3.87734324,3.904571645
0.3571875,3.897275485,3.905368284
0.3575,3.866978472,3.904571645
0.3578125,3.850235386,3.902978367
0.358125,3.830303141,3.905368284
0.3584375,3.910829412,3.905368284
0.35875,3.889302587,3.905368284
0.3590625,3.855019125,3.905368284
0.359375,3.827911271,3.905368284
0.3596875,3.871762211,3.906961562
0.36,3.900464644,3.907758202
0.3603125,3.895680906,3.904571645
0.360625,3.815154634,3.902181728
0.3609375,3.817546503,3.902181728
0.36125,3.892491746,3.902181728
0.3615625,3.894086326,3.902978367
0.361875,3.87734324,3.903775006
0.3621875,3.812762765,3.902978367
0.3625,3.851829966,3.904571645
0.3628125,3.905248383,3.904571645
0.363125,3.887708007,3.904571645
0.3634375,3.857410994,3.905368284
0.36375,3.798411548,3.904571645
0.3640625,3.881329689,3.905368284
0.364375,3.892491746,3.905368284
0.3646875,3.897275485,3.906164923
0.365,3.825519402,3.906164923
0.3653125,3.815951924,3.905368284
0.365625,3.909234832,3.906164923
0.3659375,3.901261934,3.905368284
0.36625,3.878937819,3.906164923
0.3665625,3.83428959,3.906961562
0.366875,3.839870618,3.907758202
0.3671875,3.904451093,3.908554841
0.3675,3.904451093,3.910148119
0.3678125,3.861397443,3.911741397
0.368125,3.828708561,3.913334675
0.3684375,3.887708007,3.913334675
0.36875,3.898870065,3.913334675
0.3690625,3.894883616,3.914131314
0.369375,3.839073329,3.914131314
0.3696875,3.839870618,3.913334675
0.37,3.910032122,3.912538036
0.3703125,3.899667355,3.912538036
0.370625,3.870964921,3.911741397
0.3709375,3.814357344,3.910944758
0.37125,3.872559501,3.910944758
0.3715625,3.902059224,3.90935148
0.371875,3.890099877,3.90935148
0.3721875,3.843857067,3.907758202
0.3725,3.829505851,3.907758202
0.3728125,3.885316138,3.906961562
0.373125,3.892491746,3.906164923
0.3734375,3.878937819,3.906164923
0.37375,3.816749214,3.903775006
0.3740625,3.862992023,3.905368284
0.374375,3.870167631,3.903775006
0.3746875,3.892491746,3.904571645
0.375,3.855019125,3.903775006
0.3753125,3.823924822,3.905368284
0.375625,3.894086326,3.906164923
0.3759375,3.866181182,3.905368284
0.37625,3.884518848,3.906164923
0.3765625,3.828708561,3.905368284
0.376875,3.843857067,3.905368284
0.3771875,3.898870065,3.903775006
0.3775,3.863789313,3.902181728
0.3778125,3.864586603,3.902181728
0.378125,3.815154634,3.902978367
0.3784375,3.882126979,3.903775006
0.37875,3.899667355,3.903775006
0.3790625,3.863789313,3.904571645
0.379375,3.83428959,3.905368284
0.3796875,3.828708561,3.905368284
0.38,3.910829412,3.906164923
0.3803125,3.892491746,3.907758202
0.380625,3.825519402,3.906961562
0.3809375,3.817546503,3.906164923
0.38125,3.87415408,3.906164923
0.3815625,3.897275485,3.906961562
0.381875,3.871762211,3.906961562
0.3821875,3.839073329,3.905368284
0.3825,3.819141083,3.906164923
0.3828125,3.91880231,3.905368284
0.383125,3.894086326,3.906961562
0.3834375,3.859802864,3.906961562
0.38375,3.8334923,3.907758202
0.3840625,3.856613704,3.90935148
0.384375,3.912423992,3.911741397
0.3846875,3.906842963,3.914131314
0.385,3.853424545,3.914131314
0.3853125,3.824722112,3.913334675
0.385625,3.905248383,3.914131314
0.3859375,3.905248383,3.913334675
0.38625,3.897275485,3.913334675
0.3865625,3.820735663,3.912538036
0.386875,3.8334923,3.912538036
0.3871875,3.915613151,3.910944758
0.3875,3.902856514,3.911741397
0.3878125,3.879735109,3.910944758
0.388125,3.816749214,3.90935148
0.3884375,3.882126979,3.908554841
0.38875,3.902059224,3.908554841
0.3890625,3.894883616,3.907758202
0.389375,3.826316691,3.907758202
0.3896875,3.792830519,3.906961562
0.39,3.902059224,3.906961562
0.3903125,3.890099877,3.906164923
0.390625,3.882924268,3.906164923
0.3909375,3.839870618,3.905368284
0.39125,3.827911271,3.904571645
0.3915625,3.884518848,3.904571645
0.391875,3.898072775,3.906164923
0.3921875,3.869370342,3.905368284
0.3925,3.816749214,3.906164923
0.3928125,3.869370342,3.905368284
0.393125,3.894883616,3.907758202
0.3934375,3.882126979,3.906961562
0.39375,3.842262488,3.903775006
0.3940625,3.799208838,3.902978367
0.394375,3.895680906,3.902181728
0.3946875,3.887708007,3.902978367
0.395,3.862992023,3.902978367
0.3953125,3.818343793,3.902978367
0.395625,3.855816415,3.904571645
0.3959375,3.894086326,3.904571645
0.39625,3.898870065,3.905368284
0.3965625,3.857410994,3.904571645
0.396875,3.816749214,3.905368284
0.3971875,3.87814053,3.905368284
0.3975,3.888505297,3.905368284
0.3978125,3.883721558,3.905368284
0.398125,3.818343793,3.905368284
0.3984375,3.862992023,3.906961562
0.39875,3.87415408,3.905368284
0.3990625,3.894086326,3.905368284
0.399375,3.857410994,3.906164923
0.3996875,3.826316691,3.906961562
0.4,3.892491746,3.907758202
0.4003125,3.87415408,3.907758202
0.400625,3.898870065,3.908554841
0.4009375,3.835086879,3.911741397
0.40125,3.847843517,3.914131314
0.4015625,3.917207731,3.914131314
0.401875,3.87574866,3.914131314
0.4021875,3.87734324,3.914927953
0.4025,3.838276039,3.914927953
0.4028125,3.886910718,3.915724592
0.403125,3.91880231,3.914131314
0.4034375,3.869370342,3.912538036
0.40375,3.852627255,3.911741397
0.4040625,3.83428959,3.911741397
0.404375,3.911626702,3.910944758
0.4046875,3.890099877,3.910944758
0.405,3.866978472,3.910148119
0.4053125,3.835884169,3.90935148
0.405625,3.866978472,3.908554841
0.4059375,3.886910718,3.907758202
0.40625,3.884518848,3.907758202
0.4065625,3.863789313,3.906164923
0.406875,3.823924822,3.905368284
0.4071875,3.889302587,3.906164923
0.4075,3.894883616,3.906961562
0.4078125,3.863789313,3.904571645
0.408125,3.829505851,3.904571645
0.4084375,3.836681459,3.906164923
0.40875,3.909234832,3.906164923
0.4090625,3.888505297,3.907758202
0.409375,3.844654357,3.906164923
0.4096875,3.803195287,3.907758202
0.41,3.886910718,3.907758202
0.4103125,3.894086326,3.904571645
0.410625,3.894883616,3.903775006
0.4109375,3.820735663,3.902978367
0.41125,3.824722112,3.902978367
0.4115625,3.907640253,3.903775006
0.411875,3.898870065,3.903775006
0.4121875,3.867775762,3.905368284
0.4125,3.804789866,3.904571645
0.4128125,3.855816415,3.906164923
0.413125,3.899667355,3.906164923
0.4134375,3.898870065,3.906164923
0.41375,3.843857067,3.907758202
0.4140625,3.802397997,3.906961562
0.414375,3.892491746,3.907758202
0.4146875,3.902059224,3.907758202
0.415,3.886113428,3.906961562
0.4153125,3.837478749,3.907758202
0.415625,3.811965475,3.906164923
0.4159375,3.910032122,3.906164923
0.41625,3.891694456,3.906164923
0.4165625,3.866978472,3.906164923
0.416875,3.812762765,3.907758202
0.4171875,3.857410994,3.907758202
0.4175,3.901261934,3.910148119
0.4178125,3.902059224,3.912538036
0.418125,3.848640806,3.914131314
0.4184375,3.819141083,3.914927953
0.41875,3.913221281,3.914131314
0.4190625,3.896478195,3.914131314
0.419375,3.893289036,3.914131314
0.4196875,3.839073329,3.913334675
0.42,3.840667908,3.913334675
0.4203125,3.905248383,3.913334675
0.420625,3.900464644,3.912538036
0.4209375,3.866978472,3.911741397
0.42125,3.828708561,3.910944758
0.4215625,3.887708007,3.90935148
0.421875,3.898870065,3.90935148
0.4221875,3.894883616,3.907758202
0.4225,3.835884169,3.906961562
0.4228125,3.839870618,3.908554841
0.423125,3.878937819,3.905368284
0.4234375,3.890099877,3.906164923
0.42375,3.87654595,3.906164923
0.4240625,3.819938373,3.904571645
0.424375,3.87574866,3.905368284
0.4246875,3.873356791,3.904571645
0.425,3.890897167,3.904571645
0.4253125,3.850235386,3.905368284
0.425625,3.825519402,3.906164923
0.4259375,3.906842963,3.906164923
0.42625,3.871762211,3.906164923
0.4265625,3.882924268,3.906961562
0.426875,3.824722112,3.906164923
0.4271875,3.866978472,3.903775006
0.4275,3.905248383,3.902978367
0.4278125,3.855019125,3.902181728
0.428125,3.852627255,3.902181728
0.4284375,3.813560054,3.903775006
0.42875,3.894086326,3.904571645
0.4290625,3.884518848,3.905368284
0.429375,3.870167631,3.905368284
0.4296875,3.825519402,3.905368284
0.43,3.850235386,3.906164923
0.4303125,3.899667355,3.906961562
0.430625,3.886910718,3.908554841
0.4309375,3.861397443,3.906164923
0.43125,3.818343793,3.906164923
0.4315625,3.885316138,3.906961562
0.431875,3.893289036,3.906164923
0.4321875,3.864586603,3.906164923
0.4325,3.855816415,3.906164923
0.4328125,3.83269501,3.906164923
0.433125,3.911626702,3.906164923
0.4334375,3.895680906,3.907758202
0.43375,3.860600154,3.908554841
0.4340625,3.836681459,3.90935148
0.434375,3.879735109,3.913334675
0.4346875,3.910829412,3.914131314
0.435,3.905248383,3.915724592
0.4353125,3.83269501,3.914131314
0.435625,3.822330242,3.913334675
0.4359375,3.915613151,3.914927953
0.43625,3.900464644,3.914927953
0.4365625,3.897275485,3.914131314
0.436875,3.819938373,3.912538036
0.4371875,3.856613704,3.912538036
0.4375,3.910829412,3.910148119
0.4378125,3.899667355,3.910148119
0.438125,3.87495137,3.90935148
0.4384375,3.800803417,3.90935148
0.43875,3.885316138,3.908554841
0.4390625,3.902856514,3.907758202
0.439375,3.887708007,3.907758202
0.4396875,3.842262488,3.907758202
0.44,3.793627809,3.906164923
0.4403125,3.914018571,3.905368284
0.440625,3.894086326,3.905368284
0.4409375,3.887708007,3.905368284
0.44125,3.83189772,3.904571645
0.4415625,3.846248937,3.903775006
0.441875,3.904451093,3.904571645
0.4421875,3.900464644,3.903775006
0.4425,3.851032676,3.905368284
0.4428125,3.800006128,3.906164923
0.443125,3.883721558,3.906164923
0.4434375,3.893289036,3.906164923
0.44375,3.879735109,3.904571645
0.4440625,3.83110043,3.901385089
0.444375,3.820735663,3.901385089
0.4446875,3.894883616,3.901385089
0.445,3.892491746,3.903775006
0.4453125,3.865383892,3.903775006
0.445625,3.83189772,3.905368284
0.4459375,3.860600154,3.905368284
0.44625,3.897275485,3.905368284
0.4465625,3.892491746,3.906164923
0.446875,3.840667908,3.905368284
0.4471875,3.823127532,3.906961562
0.4475,3.869370342,3.907758202
0.4478125,3.893289036,3.906961562
0.448125,3.886113428,3.906164923
0.4484375,3.821532953,3.906164923
0.44875,3.866181182,3.906961562
0.4490625,3.87495137,3.906164923
0.449375,3.898072775,3.906164923
0.4496875,3.847843517,3.905368284
0.45,3.813560054,3.907758202
0.4503125,3.914815861,3.908554841
0.450625,3.870167631,3.908554841
0.4509375,3.869370342,3.912538036
0.45125,3.850235386,3.912538036
0.4515625,3.870964921,3.914131314
0.451875,3.925977919,3.91731787
0.4521875,3.873356791,3.913334675
0.4525,3.87574866,3.914131314
0.4528125,3.83428959,3.913334675
0.453125,3.896478195,3.913334675
0.4534375,3.899667355,3.913334675
0.45375,3.87415408,3.910944758
0.4540625,3.849438096,3.910148119
0.454375,3.8334923,3.910148119
0.4546875,3.91800502,3.90935148
0.455,3.878937819,3.910148119
0.4553125,3.867775762,3.907758202
0.455625,3.83189772,3.906961562
0.4559375,3.862992023,3.907758202
0.45625,3.906045673,3.907758202
0.4565625,3.87415408,3.907758202
0.456875,3.83269501,3.906164923
0.4571875,3.816749214,3.906164923
0.4575,3.912423992,3.904571645
0.4578125,3.893289036,3.904571645
0.458125,3.856613704,3.904571645
0.4584375,3.827113981,3.905368284
0.45875,3.842262488,3.906164923
0.4590625,3.896478195,3.906164923
0.459375,3.891694456,3.906961562
0.4596875,3.847843517,3.906164923
0.46,3.820735663,3.906961562
0.4603125,3.886910718,3.904571645
0.460625,3.889302587,3.902978367
0.4609375,3.890099877,3.903775006
0.46125,3.811168185,3.902181728
0.4615625,3.823924822,3.902978367
0.461875,3.909234832,3.903775006
0.4621875,3.888505297,3.905368284
0.4625,3.87574866,3.906164923
0.4628125,3.799208838,3.904571645
0.463125,3.862194733,3.904571645
0.4634375,3.905248383,3.906164923
0.46375,3.899667355,3.906164923
0.4640625,3.844654357,3.906164923
0.464375,3.79123594,3.906164923
0.4646875,3.900464644,3.906164923
0.465,3.894086326,3.906961562
0.4653125,3.894086326,3.906961562
0.465625,3.811965475,3.907758202
0.4659375,3.816749214,3.906164923
0.46625,3.905248383,3.905368284
0.4665625,3.892491746,3.906961562
0.466875,3.87734324,3.908554841
0.4671875,3.814357344,3.908554841
0.4675,3.883721558,3.90935148
0.4678125,3.905248383,3.913334675
0.468125,3.900464644,3.914927953
0.4684375,3.854221835,3.914927953
0.46875,3.819938373,3.914131314
0.4690625,3.921991469,3.914131314
0.469375,3.905248383,3.914131314
0.4696875,3.887708007,3.914131314
0.47,3.827911271,3.914131314
0.4703125,3.851829966,3.913334675
0.470625,3.905248383,3.912538036
0.4709375,3.899667355,3.911741397
0.47125,3.835086879,3.910148119
0.4715625,3.811168185,3.910148119
0.471875,3.888505297,3.90935148
0.4721875,3.898072775,3.907758202
0.4725,3.893289036,3.908554841
0.4728125,3.827113981,3.907758202
0.473125,3.861397443,3.907758202
0.4734375,3.880532399,3.905368284
0.47375,3.886910718,3.905368284
0.4740625,3.871762211,3.906164923
0.474375,3.819938373,3.905368284
0.4746875,3.896478195,3.905368284
0.475,3.869370342,3.905368284
0.4753125,3.886113428,3.905368284
0.475625,3.847046227,3.905368284
0.4759375,3.83428959,3.906961562
0.47625,3.910032122,3.907758202
0.4765625,3.867775762,3.907758202
0.476875,3.855019125,3.907758202
0.4771875,3.819141083,3.903775006
0.4775,3.884518848,3.903775006
0.4778125,3.891694456,3.904571645
0.478125,3.866181182,3.903775006
0.4784375,3.847843517,3.904571645
0.47875,3.813560054,3.905368284
0.4790625,3.904451093,3.905368284
0.479375,3.872559501,3.906164923
0.4796875,3.87415408,3.905368284
0.48,3.821532953,3.906164923
0.4803125,3.857410994,3.907758202
0.480625,3.900464644,3.906961562
0.4809375,3.871762211,3.906961562
0.48125,3.863789313,3.907758202
0.4815625,3.797614258,3.906961562
0.481875,3.888505297,3.906164923
0.4821875,3.902856514,3.906961562
0.4825,3.866978472,3.906961562
0.4828125,3.846248937,3.906164923
0.483125,3.839870618,3.907758202
0.4834375,3.906045673,3.907758202
0.48375,3.902059224,3.90935148
0.4840625,3.855816415,3.90935148
0.484375,3.83189772,3.912538036
0.4846875,3.882924268,3.913334675
0.485,3.906842963,3.913334675
0.4853125,3.898870065,3.914131314
0.485625,3.837478749,3.914131314
0.4859375,3.816749214,3.914927953
0.48625,3.903653804,3.914131314
0.4865625,3.899667355,3.913334675
0.486875,3.894883616,3.913334675
0.4871875,3.822330242,3.911741397
0.4875,3.855816415,3.910944758
0.4878125,3.906045673,3.910148119
0.488125,3.914815861,3.910148119
0.4884375,3.862992023,3.910944758
0.48875,3.78884407,3.907758202
0.4890625,3.883721558,3.908554841
0.489375,3.894883616,3.907758202
0.4896875,3.894086326,3.906961562
0.49,3.843059778,3.906164923
0.4903125,3.807181736,3.906164923
0.490625,3.908437543,3.906164923
0.4909375,3.890897167,3.905368284
0.49125,3.87415408,3.905368284
0.4915625,3.805587156,3.905368284
0.491875,3.863789313,3.905368284
0.4921875,3.890099877,3.905368284
0.4925,3.898870065,3.906164923
0.4928125,3.854221835,3.906164923
0.493125,3.793627809,3.906961562
0.4934375,3.902856514,3.906961562
0.49375,3.890897167,3.903775006
0.4940625,3.890099877,3.902181728
0.494375,3.798411548,3.902978367
0.4946875,3.836681459,3.902181728
0.495,3.902856514,3.903775006
0.4953125,3.894086326,3.903775006
0.495625,3.869370342,3.904571645
0.4959375,3.819141083,3.905368284
0.49625,3.873356791,3.905368284
0.4965625,3.893289036,3.906164923
0.496875,3.887708007,3.906961562
0.4971875,3.839870618,3.906164923
0.4975,3.837478749,3.907758202
0.4978125,3.881329689,3.906961562
0.498125,3.894086326,3.907758202
0.4984375,3.879735109,3.906961562
0.49875,3.827911271,3.906961562
0.4990625,3.87814053,3.907758202
0.499375,3.870167631,3.906164923
0.4996875,3.904451093,3.906164923
0.5,3.846248937,3.906961562
0.5003125,3.830303141,3.90935148
0.500625,3.917207731,3.90935148
0.5009375,3.865383892,3.910944758
0.50125,3.887708007,3.913334675
0.5015625,3.8334923,3.914131314
0.501875,3.865383892,3.914131314
0.5021875,3.910032122,3.914927953
0.5025,3.884518848,3.914131314
0.5028125,3.865383892,3.914131314
0.503125,3.826316691,3.913334675
0.5034375,3.905248383,3.913334675
0.50375,3.881329689,3.912538036
0.5040625,3.891694456,3.911741397
0.504375,3.83189772,3.911741397
0.5046875,3.835086879,3.910944758
0.505,3.911626702,3.911741397
0.5053125,3.872559501,3.910148119
0.505625,3.878937819,3.90935148
0.5059375,3.806384446,3.908554841
0.50625,3.879735109,3.908554841
0.5065625,3.898870065,3.907758202
0.506875,3.871762211,3.906961562
0.5071875,3.847843517,3.906164923
0.5075,3.819938373,3.905368284
0.5078125,3.911626702,3.905368284
0.508125,3.890897167,3.905368284
0.5084375,3.856613704,3.905368284
0.50875,3.825519402,3.905368284
0.5090625,3.850235386,3.906164923
0.509375,3.893289036,3.906164923
0.5096875,3.898072775,3.907758202
0.51,3.827911271,3.906164923
0.5103125,3.816749214,3.904571645
0.510625,3.888505297,3.903775006
0.5109375,3.889302587,3.902978367
0.51125,3.891694456,3.904571645
0.5115625,3.808776315,3.903775006
0.511875,3.825519402,3.904571645
0.5121875,3.902856514,3.904571645
0.5125,3.892491746,3.906164923
0.5128125,3.859802864,3.906961562
0.513125,3.79043865,3.906164923
0.5134375,3.87734324,3.907758202
0.51375,3.902059224,3.906164923
0.5140625,3.906842963,3.906961562
0.514375,3.852627255,3.906164923
0.5146875,3.803195287,3.906961562
0.515,3.897275485,3.905368284
0.5153125,3.897275485,3.906164923
0.515625,3.887708007,3.906961562
0.5159375,3.815951924,3.906961562
0.51625,3.839073329,3.906164923
0.5165625,3.902059224,3.906961562
0.516875,3.894883616,3.908554841
0.5171875,3.871762211,3.908554841
0.5175,3.802397997,3.910148119
0.5178125,3.899667355,3.913334675
0.518125,3.898072775,3.914131314
0.5184375,3.899667355,3.914927953
0.51875,3.857410994,3.914927953
0.5190625,3.825519402,3.914927953
0.519375,3.913221281,3.914927953
0.5196875,3.898072775,3.913334675
0.52,3.880532399,3.912538036
0.5203125,3.83189772,3.912538036
0.520625,3.862194733,3.912538036
0.5209375,3.901261934,3.910944758
0.52125,3.905248383,3.910944758
0.5215625,3.856613704,3.910148119
0.521875,3.830303141,3.910944758
0.5221875,3.885316138,3.908554841
0.5225,3.897275485,3.907758202
0.5228125,3.883721558,3.906961562
0.523125,3.828708561,3.906164923
0.5234375,3.838276039,3.907758202
0.52375,3.873356791,3.905368284
0.5240625,3.859802864,3.905368284
0.524375,3.869370342,3.905368284
0.5246875,3.817546503,3.903775006
0.525,3.890897167,3.905368284
0.5253125,3.861397443,3.904571645
0.525625,3.892491746,3.905368284
0.5259375,3.83428959,3.904571645
0.52625,3.850235386,3.906164923
0.5265625,3.903653804,3.905368284
0.526875,3.869370342,3.904571645
0.5271875,3.87654595,3.902978367
0.5275,3.810370895,3.902181728
0.5278125,3.872559501,3.903775006
0.528125,3.87734324,3.903775006
0.5284375,3.886910718,3.902978367
0.52875,3.840667908,3.902978367
0.5290625,3.827113981,3.905368284
0.529375,3.905248383,3.905368284
0.5296875,3.873356791,3.906164923
0.53,3.880532399,3.906164923
0.5303125,3.813560054,3.907758202
0.530625,3.870964921,3.906961562
0.5309375,3.897275485,3.906961562
0.53125,3.866978472,3.906164923
0.5315625,3.856613704,3.906164923
0.531875,3.815154634,3.906961562
0.5321875,3.886113428,3.906164923
0.5325,3.894883616,3.906961562
0.5328125,3.872559501,3.906164923
0.533125,3.83189772,3.906164923
0.5334375,3.836681459,3.907758202
0.53375,3.902059224,3.907758202
0.5340625,3.901261934,3.910148119
0.534375,3.854221835,3.913334675
0.5346875,3.820735663,3.914927953
0.535,3.879735109,3.914927953
0.5353125,3.911626702,3.914927953
0.535625,3.905248383,3.915724592
0.5359375,3.835086879,3.914131314
0.53625,3.83269501,3.914131314
0.5365625,3.917207731,3.914131314
0.536875,3.903653804,3.913334675
0.5371875,3.903653804,3.912538036
0.5375,3.806384446,3.910944758
0.5378125,3.871762211,3.910944758
0.538125,3.909234832,3.910148119
0.5384375,3.907640253,3.911741397
0.53875,3.864586603,3.910148119
0.5390625,3.798411548,3.908554841
0.539375,3.884518848,3.908554841
0.5396875,3.87814053,3.908554841
0.54,3.901261934,3.908554841
0.5403125,3.815154634,3.906961562
0.540625,3.821532953,3.905368284
0.5409375,3.912423992,3.905368284
0.54125,3.894086326,3.905368284
0.5415625,3.870964921,3.905368284
0.541875,3.796019678,3.906164923
0.5421875,3.879735109,3.906164923
0.5425,3.898072775,3.905368284
0.5428125,3.890099877,3.906961562
0.543125,3.853424545,3.907758202
0.5434375,3.800803417,3.907758202
0.54375,3.907640253,3.904571645
0.5440625,3.888505297,3.902978367
0.544375,3.889302587,3.903775006
0.5446875,3.841465198,3.902978367
0.545,3.83110043,3.903775006
0.5453125,3.898870065,3.903775006
0.545625,3.897275485,3.905368284
0.5459375,3.859005574,3.905368284
0.54625,3.823127532,3.906164923
0.5465625,3.870167631,3.906164923
0.546875,3.891694456,3.906961562
0.5471875,3.894883616,3.906961562
0.5475,3.838276039,3.906164923
0.5478125,3.846248937,3.907758202
0.548125,3.87495137,3.906164923
0.5484375,3.897275485,3.908554841
0.54875,3.87654595,3.906961562
0.5490625,3.817546503,3.906961562
0.549375,3.894086326,3.908554841
0.5496875,3.866978472,3.907758202
0.55,3.898870065,3.908554841
0.5503125,3.847843517,3.907758202
0.550625,3.823127532,3.90935148
0.5509375,3.906045673,3.912538036
0.55125,3.879735109,3.914131314
0.5515625,3.898072775,3.914927953
0.551875,3.843857067,3.914927953
0.5521875,3.859802864,3.915724592
0.5525,3.893289036,3.916521231
0.5528125,3.903653804,3.914131314
0.553125,3.870167631,3.914131314
0.5534375,3.8334923,3.913334675
0.55375,3.895680906,3.914131314
0.5540625,3.87734324,3.911741397
0.554375,3.891694456,3.911741397
0.5546875,3.836681459,3.910148119
0.555,3.83189772,3.910148119
0.5553125,3.906045673,3.910148119
0.555625,3.866978472,3.908554841
0.5559375,3.879735109,3.907758202
0.55625,3.813560054,3.908554841
0.5565625,3.87574866,3.907758202
0.556875,3.901261934,3.907758202
0.5571875,3.842262488,3.906164923
0.5575,3.840667908,3.905368284
0.5578125,3.813560054,3.905368284
0.558125,3.87734324,3.905368284
0.5584375,3.888505297,3.906961562
0.55875,3.861397443,3.906164923
0.5590625,3.825519402,3.906164923
0.559375,3.858208284,3.907758202
0.5596875,3.898072775,3.908554841
0.56,3.909234832,3.910148119
0.5603125,3.838276039,3.905368284
0.560625,3.827113981,3.902978367
0.5609375,3.886113428,3.902978367
0.56125,3.897275485,3.903775006
0.5615625,3.898870065,3.904571645
0.561875,3.807181736,3.903775006
0.5621875,3.827113981,3.906164923
0.5625,3.908437543,3.905368284
0.5628125,3.901261934,3.906961562
0.563125,3.87574866,3.907758202
0.5634375,3.806384446,3.906961562
0.56375,3.870964921,3.908554841
0.5640625,3.897275485,3.907758202
0.564375,3.911626702,3.90935148
0.5646875,3.83428959,3.907758202
0.565,3.818343793,3.906164923
0.5653125,3.913221281,3.906164923
0.565625,3.889302587,3.906164923
0.5659375,3.880532399,3.908554841
0.56625,3.811965475,3.906961562
0.5665625,3.855816415,3.907758202
0.566875,3.906045673,3.908554841
0.5671875,3.899667355,3.90935148
0.5675,3.864586603,3.911741397
0.5678125,3.802397997,3.913334675
0.568125,3.890099877,3.914927953
0.5684375,3.907640253,3.914131314
0.56875,3.907640253,3.914131314
0.5690625,3.842262488,3.914927953
0.569375,3.828708561,3.914131314
0.5696875,3.915613151,3.913334675
0.57,3.898870065,3.913334675
0.5703125,3.867775762,3.913334675
0.570625,3.838276039,3.911741397
0.5709375,3.849438096,3.911741397
0.57125,3.904451093,3.910944758
0.5715625,3.904451093,3.910148119
0.571875,3.847843517,3.90935148
0.5721875,3.835086879,3.908554841
0.5725,3.880532399,3.906961562
0.5728125,3.895680906,3.906961562
0.573125,3.889302587,3.907758202
0.5734375,3.827911271,3.906164923
0.57375,3.862194733,3.906961562
0.5740625,3.87574866,3.905368284
0.574375,3.898072775,3.905368284
0.5746875,3.87415408,3.905368284
0.575,3.818343793,3.905368284
0.5753125,3.871762211,3.906164923
0.575625,3.87495137,3.905368284
0.5759375,3.894883616,3.906164923
0.57625,3.846248937,3.906164923
0.5765625,3.829505851,3.907758202
0.576875,3.890897167,3.906164923
0.5771875,3.879735109,3.902978367
0.5775,3.864586603,3.902181728
0.5778125,3.816749214,3.902181728
0.578125,3.865383892,3.902181728
0.5784375,3.872559501,3.902978367
0.57875,3.889302587,3.903775006
0.5790625,3.855019125,3.903775006
0.579375,3.816749214,3.905368284
0.5796875,3.904451093,3.906164923
0.58,3.87734324,3.906164923
0.5803125,3.887708007,3.906164923
0.580625,3.821532953,3.905368284
0.5809375,3.845451647,3.906164923
0.58125,3.904451093,3.905368284
0.5815625,3.867775762,3.906164923
0.581875,3.87415408,3.906164923
0.5821875,3.823924822,3.906164923
0.5825,3.894086326,3.906164923
0.5828125,3.895680906,3.906164923
0.583125,3.865383892,3.906961562
0.5834375,3.846248937,3.907758202
0.58375,3.840667908,3.908554841
0.5840625,3.908437543,3.908554841
0.584375,3.905248383,3.912538036
0.5846875,3.860600154,3.914131314
0.585,3.8334923,3.914131314
0.5853125,3.870167631,3.914131314
0.585625,3.907640253,3.914927953
0.5859375,3.910829412,3.914927953
0.58625,3.83269501,3.913334675
0.5865625,3.83269501,3.913334675
0.586875,3.916410441,3.912538036
0.5871875,3.896478195,3.912538036
0.5875,3.890099877,3.911741397
0.5878125,3.818343793,3.90935148
0.588125,3.863789313,3.910148119
0.5884375,3.914018571,3.908554841
0.58875,3.896478195,3.908554841
0.5890625,3.845451647,3.908554841
0.589375,3.814357344,3.907758202
0.5896875,3.900464644,3.907758202
0.59,3.895680906,3.906961562
0.5903125,3.890099877,3.906961562
0.590625,3.822330242,3.905368284
0.5909375,3.815154634,3.905368284
0.59125,3.906842963,3.904571645
0.5915625,3.898072775,3.905368284
0.591875,3.87495137,3.906164923
0.5921875,3.815951924,3.904571645
0.5925,3.87415408,3.905368284
0.5928125,3.902059224,3.905368284
0.593125,3.889302587,3.906164923
0.5934375,3.849438096,3.906961562
0.59375,3.797614258,3.903775006
0.5940625,3.898870065,3.902181728
0.594375,3.890897167,3.902978367
0.5946875,3.87654595,3.902978367
0.595,3.828708561,3.902978367
0.5953125,3.8334923,3.903775006
0.595625,3.899667355,3.903775006
0.5959375,3.894086326,3.904571645
0.59625,3.855816415,3.904571645
0.5965625,3.810370895,3.905368284
0.596875,3.859802864,3.906164923
0.5971875,3.87574866,3.905368284
0.5975,3.885316138,3.906164923
0.5978125,3.840667908,3.906164923
0.598125,3.843857067,3.906961562
0.5984375,3.883721558,3.906164923
0.59875,3.894086326,3.906164923
0.5990625,3.87734324,3.905368284
0.599375,3.826316691,3.905368284
0.5996875,3.87574866,3.906164923
0.6,3.881329689,3.905368284
0.6003125,3.895680906,3.907758202
0.600625,3.850235386,3.907758202
0.6009375,3.816749214,3.912538036
0.60125,3.901261934,3.914131314
0.6015625,3.893289036,3.913334675
0.601875,3.901261934,3.914131314
0.6021875,3.83428959,3.913334675
0.6025,3.869370342,3.914927953
0.6028125,3.882126979,3.914131314
0.603125,3.910032122,3.914131314
0.6034375,3.868573052,3.912538036
0.60375,3.818343793,3.912538036
0.6040625,3.891694456,3.912538036
0.604375,3.87574866,3.910944758
0.6046875,3.894883616,3.910148119
0.605,3.849438096,3.910148119
0.6053125,3.840667908,3.90935148
0.605625,3.903653804,3.908554841
0.6059375,3.872559501,3.906961562
0.60625,3.888505297,3.907758202
0.6065625,3.826316691,3.906164923
0.606875,3.873356791,3.906164923
0.6071875,3.895680906,3.905368284
0.6075,3.869370342,3.903775006
0.6078125,3.844654357,3.902978367
0.608125,3.819141083,3.903775006
0.6084375,3.904451093,3.904571645
0.60875,3.894883616,3.905368284
0.6090625,3.862992023,3.904571645
0.609375,3.83189772,3.905368284
0.6096875,3.851032676,3.907758202
0.61,3.906045673,3.906164923
0.6103125,3.899667355,3.905368284
0.610625,3.811965475,3.901385089
0.6109375,3.819938373,3.902181728
0.61125,3.897275485,3.902181728
0.6115625,3.890099877,3.902978367
0.611875,3.880532399,3.904571645
0.6121875,3.810370895,3.903775006
0.6125,3.835086879,3.905368284
0.6128125,3.898870065,3.905368284
0.613125,3.893289036,3.906164923
0.6134375,3.865383892,3.906961562
0.61375,3.812762765,3.905368284
0.6140625,3.871762211,3.905368284
0.614375,3.894883616,3.906164923
0.6146875,3.905248383,3.907758202
0.615,3.828708561,3.907758202
0.6153125,3.817546503,3.907758202
0.615625,3.909234832,3.907758202
0.6159375,3.891694456,3.906961562
0.61625,3.873356791,3.906164923
0.6165625,3.810370895,3.906961562
0.616875,3.851829966,3.907758202
0.6171875,3.898870065,3.908554841
0.6175,3.910032122,3.910944758
0.6178125,3.859802864,3.912538036
0.618125,3.807979026,3.913334675
0.6184375,3.896478195,3.914131314
0.61875,3.906045673,3.913334675
0.6190625,3.901261934,3.914131314
0.619375,3.846248937,3.913334675
0.6196875,3.815951924,3.912538036
0.62,3.910032122,3.912538036
0.6203125,3.899667355,3.912538036
0.620625,3.87814053,3.910944758
0.6209375,3.83269501,3.910148119
0.62125,3.855019125,3.90935148
0.6215625,3.903653804,3.908554841
0.621875,3.906842963,3.908554841
0.6221875,3.851032676,3.907758202
0.6225,3.826316691,3.907758202
0.6228125,3.880532399,3.908554841
0.623125,3.890099877,3.906961562
0.6234375,3.87734324,3.906961562
0.62375,3.823924822,3.905368284
0.6240625,3.855019125,3.905368284
0.624375,3.87415408,3.904571645
0.6246875,3.892491746,3.904571645
0.625,3.835086879,3.905368284
0.6253125,3.803992577,3.906164923
0.625625,3.880532399,3.906164923
0.6259375,3.882126979,3.904571645
0.62625,3.902856514,3.906164923
0.6265625,3.841465198,3.906164923
0.626875,3.830303141,3.906164923
0.6271875,3.87814053,3.902978367
0.6275,3.882126979,3.90058845
0.6278125,3.868573052,3.902181728
0.628125,3.816749214,3.901385089
0.6284375,3.861397443,3.902978367
0.62875,3.872559501,3.903775006
0.6290625,3.898072775,3.904571645
0.629375,3.843059778,3.904571645
0.6296875,3.819938373,3.904571645
0.63,3.906045673,3.906164923
0.6303125,3.869370342,3.905368284
0.630625,3.888505297,3.906164923
0.6309375,3.818343793,3.906164923
0.63125,3.839870618,3.905368284
0.6315625,3.897275485,3.905368284
0.631875,3.871762211,3.906164923
0.6321875,3.865383892,3.906164923
0.6325,3.816749214,3.905368284
0.6328125,3.890897167,3.906164923
0.633125,3.898072775,3.906164923
0.6334375,3.873356791,3.906961562
0.63375,3.843857067,3.907758202
0.6340625,3.844654357,3.907758202
0.634375,3.92039689,3.910944758
0.6346875,3.902856514,3.913334675
0.635,3.859802864,3.912538036
0.6353125,3.839073329,3.913334675
0.635625,3.882924268,3.914131314
0.6359375,3.908437543,3.913334675
0.63625,3.910032122,3.914131314
0.6365625,3.829505851,3.912538036
0.636875,3.827911271,3.912538036
0.6371875,3.9195996,3.911741397
0.6375,3.902856514,3.911741397
0.6378125,3.883721558,3.910944758
0.638125,3.822330242,3.90935148
0.6384375,3.861397443,3.90935148
0.63875,3.906045673,3.90935148
0.6390625,3.888505297,3.908554841
0.639375,3.829505851,3.90935148
0.6396875,3.818343793,3.907758202
0.64,3.886910718,3.907758202
0.6403125,3.892491746,3.906164923
0.640625,3.892491746,3.906961562
0.6409375,3.823924822,3.904571645
0.64125,3.83110043,3.904571645
0.6415625,3.908437543,3.904571645
0.641875,3.894086326,3.905368284
0.6421875,3.854221835,3.905368284
0.6425,3.78804678,3.904571645
0.6428125,3.864586603,3.906164923
0.643125,3.898072775,3.906961562
0.6434375,3.898870065,3.906961562
0.64375,3.840667908,3.903775006
0.6440625,3.792033229,3.902181728
0.644375,3.898870065,3.901385089
0.6446875,3.886113428,3.902978367
0.645,3.87654595,3.903775006
0.6453125,3.792830519,3.904571645
0.645625,3.836681459,3.904571645
0.6459375,3.899667355,3.905368284
0.64625,3.889302587,3.905368284
0.6465625,3.860600154,3.905368284
0.646875,3.815951924,3.906961562
0.6471875,3.858208284,3.906164923
0.6475,3.894086326,3.906164923
0.6478125,3.895680906,3.906164923
0.648125,3.827113981,3.906164923
0.6484375,3.843857067,3.907758202
0.64875,3.870964921,3.905368284
0.6490625,3.899667355,3.906164923
0.649375,3.87814053,3.906164923
0.6496875,3.822330242,3.906164923
0.65,3.856613704,3.906961562
0.6503125,3.878937819,3.906164923
0.650625,3.897275485,3.907758202
0.6509375,3.859005574,3.910944758
0.65125,3.8334923,3.914131314
0.6515625,3.884518848,3.914131314
0.651875,3.900464644,3.913334675
0.6521875,3.906842963,3.914131314
0.6525,3.845451647,3.914131314
0.6528125,3.870167631,3.914927953
0.653125,3.882924268,3.913334675
0.6534375,3.906045673,3.913334675
0.65375,3.865383892,3.911741397
0.6540625,3.816749214,3.910148119
0.654375,3.898072775,3.910944758
0.6546875,3.868573052,3.90935148
0.655,3.899667355,3.90935148
0.6553125,3.837478749,3.908554841
0.655625,3.839870618,3.908554841
0.6559375,3.884518848,3.908554841
0.65625,3.87734324,3.907758202
0.6565625,3.87654595,3.906164923
0.656875,3.826316691,3.905368284
0.6571875,3.873356791,3.905368284
0.6575,3.895680906,3.905368284
0.6578125,3.871762211,3.903775006
0.658125,3.814357344,3.903775006
0.6584375,3.822330242,3.904571645
0.65875,3.887708007,3.905368284
0.6590625,3.897275485,3.906961562
0.659375,3.861397443,3.905368284
0.6596875,3.8334923,3.906164923
0.66,3.851032676,3.906961562
0.6603125,3.898072775,3.904571645
0.660625,3.899667355,3.903775006
0.6609375,3.829505851,3.902181728
0.66125,3.815951924,3.902978367
0.6615625,3.886113428,3.902978367
0.661875,3.889302587,3.902978367
0.6621875,3.87814053,3.904571645
0.6625,3.811168185,3.904571645
0.6628125,3.83189772,3.905368284
0.663125,3.902856514,3.905368284
0.6634375,3.898870065,3.906961562
0.66375,3.847843517,3.907758202
0.6640625,3.824722112,3.906164923
0.664375,3.87654595,3.906961562
0.6646875,3.899667355,3.906164923
0.665,3.902856514,3.906961562
0.6653125,3.830303141,3.906164923
0.665625,3.825519402,3.906961562
0.6659375,3.907640253,3.906164923
0.66625,3.897275485,3.906961562
0.6665625,3.886113428,3.907758202
0.666875,3.814357344,3.906961562
0.6671875,3.854221835,3.907758202
0.6675,3.914018571,3.910148119
0.6678125,3.910032122,3.914131314
0.668125,3.866978472,3.914927953
0.6684375,3.810370895,3.914131314
0.66875,3.901261934,3.914927953
0.6690625,3.905248383,3.915724592
0.669375,3.902856514,3.915724592
0.6696875,3.851829966,3.916521231
0.67,3.818343793,3.914131314
0.6703125,3.9195996,3.913334675
0.670625,3.907640253,3.913334675
0.6709375,3.890897167,3.911741397
0.67125,3.839073329,3.912538036
0.6715625,3.859005574,3.910148119
0.671875,3.903653804,3.90935148
0.6721875,3.906045673,3.908554841
0.6725,3.851829966,3.907758202
0.6728125,3.825519402,3.908554841
0.673125,3.871762211,3.906961562
0.6734375,3.893289036,3.906164923
0.67375,3.891694456,3.906164923
0.6740625,3.826316691,3.905368284
0.674375,3.839870618,3.904571645
0.6746875,3.890099877,3.903775006
0.675,3.898870065,3.905368284
0.6753125,3.860600154,3.905368284
0.675625,3.820735663,3.906164923
0.6759375,3.869370342,3.906164923
0.67625,3.890099877,3.906961562
0.6765625,3.900464644,3.907758202
0.676875,3.847046227,3.906164923
0.6771875,3.823127532,3.904571645
0.6775,3.87654595,3.901385089
0.6778125,3.892491746,3.903775006
0.678125,3.872559501,3.902978367
0.6784375,3.822330242,3.902978367
0.67875,3.864586603,3.904571645
0.6790625,3.865383892,3.904571645
0.679375,3.897275485,3.904571645
0.6796875,3.839073329,3.905368284
0.68,3.824722112,3.906164923
0.6803125,3.908437543,3.906961562
0.680625,3.862992023,3.906164923
0.6809375,3.886910718,3.906961562
0.68125,3.819141083,3.905368284
0.6815625,3.862992023,3.907758202
0.681875,3.895680906,3.907758202
0.6821875,3.87654595,3.906164923
0.6825,3.851032676,3.906164923
0.6828125,3.819938373,3.905368284
0.683125,3.887708007,3.906164923
0.6834375,3.901261934,3.907758202
0.68375,3.869370342,3.907758202
0.6840625,3.83110043,3.907758202
0.684375,3.847046227,3.911741397
0.6846875,3.915613151,3.913334675
0.685,3.902059224,3.914927953
0.6853125,3.843059778,3.914131314
0.685625,3.830303141,3.914131314
0.6859375,3.885316138,3.914131314
0.68625,3.901261934,3.914131314
0.6865625,3.903653804,3.914927953
0.686875,3.843059778,3.912538036
0.6871875,3.829505851,3.912538036
0.6875,3.911626702,3.911741397
0.6878125,3.905248383,3.911741397
0.688125,3.868573052,3.910944758
0.6884375,3.826316691,3.908554841
0.68875,3.852627255,3.90935148
0.6890625,3.882126979,3.908554841
0.689375,3.902059224,3.90935148
0.6896875,3.846248937,3.907758202
0.69,3.822330242,3.906961562
0.6903125,3.890099877,3.906961562
0.690625,3.895680906,3.905368284
0.6909375,3.898870065,3.906961562
0.69125,3.821532953,3.904571645
0.6915625,3.842262488,3.905368284
0.691875,3.907640253,3.905368284
0.6921875,3.890897167,3.906164923
0.6925,3.882924268,3.906961562
0.6928125,3.797614258,3.906164923
0.693125,3.87574866,3.907758202
0.6934375,3.902856514,3.906961562
0.69375,3.900464644,3.905368284
0.6940625,3.839870618,3.902978367
0.694375,3.796019678,3.902978367
0.6946875,3.898072775,3.902978367
0.695,3.893289036,3.903775006
0.6953125,3.881329689,3.903775006
0.695625,3.83189772,3.905368284
0.6959375,3.815154634,3.905368284
0.69625,3.902059224,3.905368284
0.6965625,3.898072775,3.906164923
0.696875,3.870964921,3.906164923
0.6971875,3.828708561,3.906961562
0.6975,3.855019125,3.906164923
0.6978125,3.898072775,3.906164923
0.698125,3.901261934,3.906961562
0.6984375,3.827911271,3.906164923
0.69875,3.83269501,3.906961562
0.6990625,3.892491746,3.906164923
0.699375,3.898870065,3.906961562
0.6996875,3.881329689,3.907758202
0.7,3.820735663,3.908554841
0.7003125,3.843857067,3.910148119
0.700625,3.890099877,3.907758202
0.7009375,3.909234832,3.910944758
0.70125,3.850235386,3.911741397
0.7015625,3.825519402,3.914131314
0.701875,3.886113428,3.914131314
0.7021875,3.902856514,3.914131314
0.7025,3.897275485,3.914927953
0.7028125,3.83110043,3.914131314
0.703125,3.873356791,3.914927953
0.7034375,3.882924268,3.912538036
0.70375,3.895680906,3.913334675
0.7040625,3.854221835,3.911741397
0.704375,3.824722112,3.911741397
0.7046875,3.898870065,3.911741397
0.705,3.87734324,3.910148119
0.7053125,3.897275485,3.908554841
0.705625,3.840667908,3.906961562
0.7059375,3.845451647,3.907758202
0.70625,3.906045673,3.907758202
0.7065625,3.872559501,3.906961562
0.706875,3.867775762,3.906164923
0.7071875,3.814357344,3.905368284
0.7075,3.87814053,3.906961562
0.7078125,3.894883616,3.906164923
0.708125,3.864586603,3.904571645
0.7084375,3.837478749,3.905368284
0.70875,3.816749214,3.905368284
0.7090625,3.905248383,3.906164923
0.709375,3.902059224,3.906961562
0.7096875,3.859802864,3.906961562
0.71,3.822330242,3.906961562
0.7103125,3.859005574,3.905368284
0.710625,3.894883616,3.902978367
0.7109375,3.890897167,3.902978367
0.71125,3.83269501,3.902181728
0.7115625,3.815951924,3.902978367
0.711875,3.888505297,3.903775006
0.7121875,3.892491746,3.904571645
0.7125,3.87495137,3.906164923
0.7128125,3.810370895,3.904571645
0.713125,3.843059778,3.906961562
0.7134375,3.906045673,3.906164923
0.71375,3.899667355,3.907758202
0.7140625,3.842262488,3.906961562
0.714375,3.817546503,3.906961562
0.7146875,3.87814053,3.906961562
0.715,3.895680906,3.906961562
0.7153125,3.895680906,3.908554841
0.715625,3.815951924,3.907758202
0.7159375,3.825519402,3.908554841
0.71625,3.907640253,3.907758202
0.7165625,3.898072775,3.907758202
0.716875,3.883721558,3.90935148
0.7171875,3.796019678,3.908554841
0.7175,3.862992023,3.910148119
0.7178125,3.908437543,3.912538036
0.718125,3.910829412,3.914131314
0.7184375,3.862194733,3.914927953
0.71875,3.807979026,3.913334675
0.7190625,3.898072775,3.914927953
0.719375,3.902059224,3.914131314
0.7196875,3.897275485,3.914131314
0.72,3.843059778,3.914927953
0.7203125,3.827113981,3.915724592
0.720625,3.914815861,3.914131314
0.7209375,3.906842963,3.914927953
0.72125,3.87734324,3.914131314
0.7215625,3.843059778,3.913334675
0.721875,3.853424545,3.911741397
0.7221875,3.909234832,3.911741397
0.7225,3.903653804,3.911741397
0.7228125,3.846248937,3.911741397
0.723125,3.827911271,3.911741397
0.7234375,3.886910718,3.90935148
0.72375,3.903653804,3.90935148
0.7240625,3.885316138,3.907758202
0.724375,3.839870618,3.907758202
0.7246875,3.839073329,3.908554841
0.725,3.897275485,3.907758202
0.7253125,3.906842963,3.908554841
0.725625,3.865383892,3.90935148
0.7259375,3.824722112,3.90935148
0.72625,3.879735109,3.910148119
0.7265625,3.896478195,3.910148119
0.726875,3.864586603,3.910148119
0.7271875,3.83189772,3.906961562
0.7275,3.840667908,3.906164923
0.7278125,3.879735109,3.906164923
0.728125,3.898072775,3.906961562
0.7284375,3.864586603,3.907758202
0.72875,3.827113981,3.907758202
0.7290625,3.884518848,3.908554841
0.729375,3.873356791,3.908554841
0.7296875,3.906045673,3.90935148
0.73,3.846248937,3.908554841
0.7303125,3.830303141,3.910148119
0.730625,3.914018571,3.910148119
0.7309375,3.871762211,3.910148119
0.73125,3.886113428,3.90935148
0.7315625,3.83428959,3.90935148
0.731875,3.858208284,3.910944758
0.7321875,3.914018571,3.910944758
0.7325,3.882126979,3.910148119
0.7328125,3.862194733,3.90935148
0.733125,3.823127532,3.90935148
0.7334375,3.908437543,3.910944758
0.73375,3.914815861,3.912538036
0.7340625,3.864586603,3.912538036
0.734375,3.826316691,3.914927953
0.7346875,3.853424545,3.916521231
0.735,3.92119418,3.91731787
0.7353125,3.912423992,3.91731787
0.735625,3.854221835,3.918114509
0.7359375,3.838276039,3.918911148
0.73625,3.886113428,3.918114509
0.7365625,3.909234832,3.918911148
0.736875,3.894086326,3.91731787
0.7371875,3.843059778,3.914927953
0.7375,3.83428959,3.915724592
0.7378125,3.914815861,3.914927953
0.738125,3.902059224,3.914131314
0.7384375,3.862194733,3.914131314
0.73875,3.839073329,3.912538036
0.7390625,3.865383892,3.911741397
0.739375,3.906045673,3.911741397
0.7396875,3.907640253,3.911741397
0.74,3.835884169,3.910148119
0.7403125,3.820735663,3.90935148
0.740625,3.905248383,3.90935148
0.7409375,3.899667355,3.908554841
0.74125,3.900464644,3.908554841
0.7415625,3.818343793,3.906961562
0.741875,3.841465198,3.90935148
0.7421875,3.907640253,3.908554841
0.7425,3.894086326,3.90935148
0.7428125,3.872559501,3.910148119
0.743125,3.78964136,3.910944758
0.7434375,3.886113428,3.910148119
0.74375,3.898870065,3.904571645
0.7440625,3.892491746,3.902978367
0.744375,3.8334923,3.902978367
0.7446875,3.804789866,3.902978367
0.745,3.906045673,3.902978367
0.7453125,3.892491746,3.903775006
0.745625,3.881329689,3.905368284
0.7459375,3.821532953,3.905368284
0.74625,3.829505851,3.904571645
0.7465625,3.898870065,3.906164923
0.746875,3.902059224,3.906164923
0.7471875,3.846248937,3.907758202
0.7475,3.822330242,3.906164923
0.7478125,3.868573052,3.906164923
0.748125,3.897275485,3.906961562
0.7484375,3.892491746,3.906961562
0.74875,3.835884169,3.906961562
0.7490625,3.838276039,3.907758202
0.749375,3.893289036,3.905368284
0.7496875,3.895680906,3.906961562
0.75,3.862992023,3.907758202
0.7503125,3.823924822,3.908554841
0.750625,3.864586603,3.908554841
0.7509375,3.910829412,3.910148119
0.75125,3.903653804,3.912538036
0.7515625,3.854221835,3.913334675
0.751875,3.840667908,3.914131314
0.7521875,3.886113428,3.913334675
0.7525,3.907640253,3.914927953
0.7528125,3.894086326,3.914131314
0.753125,3.835086879,3.913334675
0.7534375,3.886113428,3.914131314
0.75375,3.882126979,3.912538036
0.7540625,3.899667355,3.911741397
0.754375,3.856613704,3.911741397
0.7546875,3.826316691,3.910148119
0.755,3.907640253,3.910944758
0.7553125,3.879735109,3.907758202
0.755625,3.892491746,3.908554841
0.7559375,3.838276039,3.907758202
0.75625,3.859802864,3.907758202
0.7565625,3.902059224,3.907758202
0.756875,3.872559501,3.905368284
0.7571875,3.865383892,3.904571645
0.7575,3.818343793,3.904571645
0.7578125,3.884518848,3.903775006
0.758125,3.898870065,3.904571645
0.7584375,3.869370342,3.904571645
0.75875,3.835086879,3.905368284
0.7590625,3.83189772,3.906164923
0.759375,3.906842963,3.906164923
0.7596875,3.896478195,3.907758202
0.76,3.850235386,3.906961562
0.7603125,3.819141083,3.906164923
0.760625,3.873356791,3.903775006
0.7609375,3.894883616,3.902978367
0.76125,3.87814053,3.903775006
0.7615625,3.844654357,3.901385089
0.761875,3.811168185,3.904571645
0.7621875,3.902059224,3.904571645
0.7625,3.890099877,3.905368284
0.7628125,3.869370342,3.905368284
0.763125,3.820735663,3.904571645
0.7634375,3.860600154,3.906961562
0.76375,3.906842963,3.907758202
0.7640625,3.899667355,3.907758202
0.764375,3.844654357,3.906961562
0.7646875,3.819938373,3.906164923
0.765,3.87814053,3.907758202
0.7653125,3.898072775,3.906961562
0.765625,3.893289036,3.907758202
0.7659375,3.814357344,3.906164923
0.76625,3.8334923,3.907758202
0.7665625,3.906842963,3.906961562
0.766875,3.892491746,3.907758202
0.7671875,3.866181182,3.90935148
0.7675,3.801600707,3.910148119
0.7678125,3.884518848,3.913334675
0.768125,3.906842963,3.914131314
0.7684375,3.907640253,3.914131314
0.76875,3.856613704,3.913334675
0.7690625,3.804789866,3.914131314
0.769375,3.907640253,3.914131314
0.7696875,3.902856514,3.913334675
0.77,3.890099877,3.913334675
0.7703125,3.823127532,3.913334675
0.770625,3.83428959,3.911741397
0.7709375,3.909234832,3.911741397
0.77125,3.903653804,3.911741397
0.7715625,3.870167631,3.910148119
0.771875,3.826316691,3.910148119
0.7721875,3.870964921,3.908554841
0.7725,3.892491746,3.907758202
0.7728125,3.889302587,3.907758202
0.773125,3.835086879,3.906961562
0.7734375,3.823127532,3.906164923
0.77375,3.894086326,3.905368284
0.7740625,3.897275485,3.905368284
0.774375,3.868573052,3.904571645
0.7746875,3.822330242,3.905368284
0.775,3.851032676,3.906164923
0.7753125,3.894086326,3.905368284
0.775625,3.906045673,3.907758202
0.7759375,3.837478749,3.906164923
0.77625,3.83110043,3.907758202
0.7765625,3.87734324,3.906961562
0.776875,3.87415408,3.906961562
0.7771875,3.872559501,3.904571645
0.7775,3.800803417,3.903775006
0.7778125,3.856613704,3.903775006
0.778125,3.873356791,3.902978367
0.7784375,3.901261934,3.904571645
0.77875,3.835086879,3.905368284
0.7790625,3.828708561,3.906164923
0.779375,3.899667355,3.906164923
0.7796875,3.873356791,3.906164923
0.78,3.897275485,3.906961562
0.7803125,3.823924822,3.906961562
0.780625,3.837478749,3.908554841
0.7809375,3.906842963,3.907758202
0.78125,3.87415408,3.906961562
0.7815625,3.846248937,3.906961562
0.781875,3.817546503,3.906164923
0.7821875,3.889302587,3.906961562
0.7825,3.899667355,3.906164923
0.7828125,3.848640806,3.906961562
0.783125,3.827911271,3.906164923
0.7834375,3.826316691,3.907758202
0.78375,3.904451093,3.907758202
0.7840625,3.900464644,3.908554841
0.784375,3.866181182,3.910944758
0.7846875,3.822330242,3.912538036
0.785,3.862194733,3.914131314
0.7853125,3.914018571,3.914927953
0.785625,3.908437543,3.914927953
0.7859375,3.853424545,3.913334675
0.78625,3.844654357,3.913334675
0.7865625,3.909234832,3.913334675
0.786875,3.907640253,3.912538036
0.7871875,3.886113428,3.913334675
0.7875,3.843059778,3.910148119
0.7878125,3.839870618,3.90935148
0.788125,3.910032122,3.90935148
0.7884375,3.899667355,3.90935148
0.78875,3.850235386,3.907758202
0.7890625,3.823127532,3.907758202
0.789375,3.885316138,3.907758202
0.7896875,3.895680906,3.906961562
0.79,3.901261934,3.906961562
0.7903125,3.818343793,3.905368284
0.790625,3.828708561,3.905368284
0.7909375,3.905248383,3.903775006
0.79125,3.905248383,3.904571645
0.7915625,3.87814053,3.904571645
0.791875,3.793627809,3.904571645
0.7921875,3.811168185,3.904571645
0.7925,3.564008342,3.481556313
0.7928125,3.520954692,2.464248253
0.793125,3.518562822,1.810207597
0.7934375,2.455775497,1.31549475
0.79375,0.660278829,0.950634068
0.7940625,0.040784642,0.694912934
0.794375,0.032014454,0.494956534
0.7946875,0.034406323,0.289423661
0.795,0.010487629,0.029719332
0.7953125,-0.231888476,-0.443484261
0.795625,-0.282915024,-0.514385135
0.7959375,-0.286104183,-0.520758248
0.79625,-0.290887922,-0.525538082
0.7965625,-0.285306893,-0.521554887
0.796875,-0.282915024,-0.520758248
0.7971875,-0.282915024,-0.519961609
0.7975,-0.283712314,-0.519961609
0.7978125,-0.283712314,-0.519961609
0.798125,-0.284509604,-0.519961609
0.7984375,-0.283712314,-0.519961609
0.79875,-0.285306893,-0.519961609
0.7990625,-0.284509604,-0.520758248
0.799375,-0.285306893,-0.520758248
0.7996875,-0.290090632,-0.523944804
0.8,-0.290887922,-0.524741443
0.8003125,-0.292482502,-0.526334721
0.800625,-0.286901473,-0.521554887
0.8009375,-0.282117734,-0.517571692
0.80125,-0.279725865,-0.514385135
0.8015625,-0.277333995,-0.513588496
0.801875,-0.278131285,-0.513588496
0.8021875,-0.278131285,-0.512791857
0.8025,-0.277333995,-0.512791857
0.8028125,-0.277333995,-0.513588496
0.803125,-0.278928575,-0.515181775
0.8034375,-0.285306893,-0.519961609
0.80375,-0.287698763,-0.522351526
0.8040625,-0.291685212,-0.524741443
0.804375,-0.283712314,-0.519961609
0.8046875,-0.282915024,-0.51916497
0.805,-0.282117734,-0.51916497
0.8053125,-0.282915024,-0.520758248
0.805625,-0.282915024,-0.521554887
0.8059375,-0.283712314,-0.521554887
0.80625,-0.283712314,-0.521554887
0.8065625,-0.283712314,-0.522351526
0.806875,-0.284509604,-0.523148165
0.8071875,-0.284509604,-0.523944804
0.8075,-0.29806353,-0.795598718
0.8078125,-0.391346439,-1.860705121
0.808125,-0.376995222,-2.550594534
0.8084375,-0.354671107,-2.682836615
0.80875,-0.348292789,-2.69558284
0.8090625,-0.34430634,-2.670887029
0.809375,-0.34430634,-2.603172711
0.8096875,-0.34191447,-2.551391173
0.81,-0.340319891,-2.527492001
0.8103125,-0.340319891,-2.498812996
0.810625,-0.34271176,-2.425522204
0.8109375,-0.34350905,-2.415962535
0.81125,-0.34191447,-2.388080169
0.8115625,-0.341117181,-2.397639837
0.811875,-0.339522601,-2.381707056
0.8121875,-0.337928021,-2.359401163
0.8125,-0.337928021,-2.337891909
0.8128125,-0.337130731,-2.318772572
0.813125,-0.335536152,-2.300449874
0.8134375,-0.334738862,-2.283720454
0.81375,-0.333144282,-2.267787673
0.8140625,-0.332346993,-2.250261614
0.814375,-0.333941572,-2.233532194
0.8146875,-0.333144282,-2.218396052
0.815,-0.332346993,-2.204056549
0.8153125,-0.330752413,-2.189717046
0.815625,-0.330752413,-2.175377544
0.8159375,-0.329955123,-2.162631319
0.81625,-0.329955123,-2.149088455
0.8165625,-0.330752413,-2.134748952
0.816875,-0.329157833,-2.119612811
0.8171875,-0.327563254,-2.107663225
0.8175,-0.325968674,-2.096510278
0.8178125,-0.321184935,-2.082967414
0.818125,-0.318793066,-2.071017829
0.8184375,-0.317995776,-2.059068243
0.81875,-0.319590356,-2.048711936
0.8190625,-0.321184935,-2.03676235
0.819375,-0.323576805,-2.027202681
0.8196875,-0.323576805,-2.017643013
0.82,-0.322779515,-2.008879983
0.8203125,-0.324374094,-2.000116954
0.820625,-0.324374094,-1.992947202
0.8209375,-0.324374094,-1.983387534
0.82125,-0.324374094,-1.974624504
0.8215625,-0.324374094,-1.967454753
0.821875,-0.324374094,-1.959488363
0.8221875,-0.325171384,-1.95311525
0.8225,-0.325968674,-1.945945499
0.8228125,-0.327563254,-1.937979108
0.823125,-0.328360544,-1.930809357
0.8234375,-0.328360544,-1.923639606
0.82375,-0.329157833,-1.916469854
0.8240625,-0.329157833,-1.910096742
0.824375,-0.329157833,-1.90292699
0.8246875,-0.329157833,-1.897350517
0.825,-0.329157833,-1.890180766
0.8253125,-0.328360544,-1.883011014
0.825625,-0.328360544,-1.877434541
0.8259375,-0.327563254,-1.87026479
0.82625,-0.325968674,-1.864688316
0.8265625,-0.325171384,-1.856721926
0.826875,-0.325171384,-1.850348813
0.8271875,-0.328360544,-1.846365618
0.8275,-0.329955123,-1.842382423
0.8278125,-0.329955123,-1.835212672
0.828125,-0.330752413,-1.828839559
0.8284375,-0.329955123,-1.821669808
0.82875,-0.329157833,-1.816889974
0.8290625,-0.328360544,-1.810516861
0.829375,-0.326765964,-1.805737027
0.8296875,-0.325171384,-1.800160554
0.83,-0.324374094,-1.793787441
0.8303125,-0.323576805,-1.789007607
0.830625,-0.323576805,-1.783431134
0.8309375,-0.323576805,-1.778651299
0.83125,-0.323576805,-1.772278187
0.8315625,-0.322779515,-1.765905075
0.831875,-0.322779515,-1.761921879
0.8321875,-0.321982225,-1.757142045
0.8325,-0.321982225,-1.752362211
0.8328125,-0.321982225,-1.746785738
0.833125,-0.321982225,-1.742802542
0.8334375,-0.321982225,-1.73642943
0.83375,-0.321184935,-1.730852957
0.8340625,-0.321184935,-1.726869762
0.834375,-0.316401196,-1.718106732
0.8346875,-0.314009327,-1.71173362
0.835,-0.313212037,-1.707750424
0.8353125,-0.311617457,-1.70297059
0.835625,-0.311617457,-1.698190756
0.8359375,-0.310820168,-1.693410922
0.83625,-0.310022878,-1.689427726
0.8365625,-0.310820168,-1.685444531
0.836875,-0.311617457,-1.682257975
0.8371875,-0.312414747,-1.67827478
0.8375,-0.313212037,-1.675088224
0.8378125,-0.313212037,-1.671105028
0.838125,-0.313212037,-1.667918472
0.8384375,-0.313212037,-1.664731916
0.83875,-0.314009327,-1.660748721
0.8390625,-0.315603906,-1.658358804
0.839375,-0.315603906,-1.653578969
0.8396875,-0.315603906,-1.650392413
0.84,-0.316401196,-1.646409218
0.8403125,-0.316401196,-1.644019301
0.840625,-0.316401196,-1.640036106
0.8409375,-0.317198486,-1.635256271
0.84125,-0.318793066,-1.631273076
0.8415625,-0.317995776,-1.626493242
0.841875,-0.317995776,-1.621713408
0.8421875,-0.317995776,-1.617730212
0.8425,-0.316401196,-1.614543656
0.8428125,-0.316401196,-1.610560461
0.843125,-0.314806617,-1.605780627
0.8434375,-0.314806617,-1.602594071
0.84375,-0.317995776,-1.601000792
0.8440625,-0.319590356,-1.599407514
0.844375,-0.318793066,-1.595424319
0.8446875,-0.318793066,-1.591441124
0.845,-0.317995776,-1.58666129
0.8453125,-0.317995776,-1.582678094
0.845625,-0.316401196,-1.578694899
0.8459375,-0.315603906,-1.573915065
0.84625,-0.314806617,-1.570728509
0.8465625,-0.314009327,-1.566745314
0.846875,-0.314009327,-1.562762118
0.8471875,-0.312414747,-1.560372201
0.8475,-0.312414747,-1.555592367
0.8478125,-0.312414747,-1.55320245
0.848125,-0.311617457,-1.549219255
0.8484375,-0.312414747,-1.545236059
0.84875,-0.312414747,-1.542846142
0.8490625,-0.311617457,-1.539659586
0.849375,-0.311617457,-1.535676391
0.8496875,-0.311617457,-1.532489835
0.85,-0.311617457,-1.52771
0.8503125,-0.310022878,-1.523726805
0.850625,-0.310022878,-1.520540249
0.8509375,-0.307631008,-1.515760415
0.85125,-0.303644559,-1.510183941
0.8515625,-0.302847269,-1.506200746
0.851875,-0.30204998,-1.503810829
0.8521875,-0.30125269,-1.500624273
0.8525,-0.3004554,-1.496641078
0.8528125,-0.3004554,-1.493454521
0.853125,-0.3004554,-1.490267965
0.8534375,-0.30125269,-1.487878048
0.85375,-0.302847269,-1.485488131
0.8540625,-0.302847269,-1.483098214
0.854375,-0.304441849,-1.480708297
0.8546875,-0.305239139,-1.477521741
0.855,-0.305239139,-1.475131823
0.8553125,-0.305239139,-1.473538545
0.855625,-0.306833718,-1.471945267
0.8559375,-0.307631008,-1.467962072
0.85625,-0.307631008,-1.465572155
0.8565625,-0.307631008,-1.463978877
0.856875,-0.308428298,-1.462385599
0.8571875,-0.308428298,-1.459995682
0.8575,-0.309225588,-1.457605764
0.8578125,-0.309225588,-1.454419208
0.858125,-0.309225588,-1.452029291
0.8584375,-0.309225588,-1.448046096
0.85875,-0.308428298,-1.445656179
0.8590625,-0.307631008,-1.441672984
0.859375,-0.307631008,-1.439283066
0.8596875,-0.306833718,-1.434503232
0.86,-0.306833718,-1.432113315
0.8603125,-0.308428298,-1.428926759
0.860625,-0.311617457,-1.428926759
0.8609375,-0.312414747,-1.427333481
0.86125,-0.312414747,-1.423350285
0.8615625,-0.312414747,-1.420163729
0.861875,-0.310820168,-1.416180534
0.8621875,-0.310022878,-1.413790617
0.8625,-0.310022878,-1.409807422
0.8628125,-0.308428298,-1.407417505
0.863125,-0.307631008,-1.405027587
0.8634375,-0.306833718,-1.401841031
0.86375,-0.306036429,-1.398654475
0.8640625,-0.306036429,-1.396264558
0.864375,-0.306036429,-1.393078002
0.8646875,-0.305239139,-1.391484724
0.865,-0.304441849,-1.389094807
0.8653125,-0.304441849,-1.38590825
0.865625,-0.305239139,-1.384314972
0.8659375,-0.304441849,-1.381128416
0.86625,-0.303644559,-1.378738499
0.8665625,-0.303644559,-1.375551943
0.866875,-0.302847269,-1.372365387
0.8671875,-0.30125269,-1.36917883
0.8675,-0.29965811,-1.365992274
0.8678125,-0.296468951,-1.360415801
0.868125,-0.294874371,-1.356432606
0.8684375,-0.294077081,-1.354042689
0.86875,-0.293279792,-1.351652771
0.8690625,-0.292482502,-1.348466215
0.869375,-0.292482502,-1.346076298
0.8696875,-0.293279792,-1.343686381
0.87,-0.293279792,-1.342093103
0.8703125,-0.294077081,-1.340499825
0.870625,-0.294874371,-1.338109908
0.8709375,-0.295671661,-1.33651663
0.87125,-0.296468951,-1.334923352
0.8715625,-0.297266241,-1.332533434
0.871875,-0.29806353,-1.330143517
0.8721875,-0.29886082,-1.328550239
0.8725,-0.30125269,-1.3277536
0.8728125,-0.3004554,-1.323770405
0.873125,-0.30204998,-1.322973766
0.8734375,-0.302847269,-1.321380488
0.87375,-0.303644559,-1.31978721
0.8740625,-0.304441849,-1.317397293
0.874375,-0.304441849,-1.315804014
0.8746875,-0.304441849,-1.313414097
0.875,-0.304441849,-1.311820819
0.8753125,-0.302847269,-1.307837624
0.875625,-0.302847269,-1.305447707
0.8759375,-0.30204998,-1.303854429
0.87625,-0.30125269,-1.300667873
0.8765625,-0.29965811,-1.298277955
0.876875,-0.30125269,-1.295888038
0.8771875,-0.303644559,-1.295888038
0.8775,-0.305239139,-1.295091399
0.8778125,-0.304441849,-1.293498121
0.878125,-0.304441849,-1.290311565
0.8784375,-0.303644559,-1.287921648
0.87875,-0.303644559,-1.285531731
0.8790625,-0.30204998,-1.282345175
0.879375,-0.30204998,-1.279158618
0.8796875,-0.3004554,-1.275972062
0.88,-0.29965811,-1.273582145
0.8803125,-0.29886082,-1.270395589
0.880625,-0.29886082,-1.268802311
0.8809375,-0.29886082,-1.266412394
0.88125,-0.29806353,-1.264819116
0.8815625,-0.29806353,-1.262429198
0.881875,-0.297266241,-1.260039281
0.8821875,-0.29806353,-1.257649364
0.8825,-0.297266241,-1.256056086
0.8828125,-0.297266241,-1.253666169
0.883125,-0.296468951,-1.252072891
0.8834375,-0.294874371,-1.248886335
0.88375,-0.294874371,-1.246496418
0.8840625,-0.294077081,-1.243309861
0.884375,-0.290887922,-1.237733388
0.8846875,-0.290090632,-1.233750193
0.885,-0.289293342,-1.230563637
0.8853125,-0.289293342,-1.228970359
0.885625,-0.289293342,-1.225783802
0.8859375,-0.290090632,-1.222597246
0.88625,-0.290887922,-1.221003968
0.8865625,-0.290887922,-1.21941069
0.886875,-0.293279792,-1.217817412
0.8871875,-0.294077081,-1.215427495
0.8875,-0.294874371,-1.213834217
0.8878125,-0.294874371,-1.212240939
0.888125,-0.296468951,-1.2114443
0.8884375,-0.297266241,-1.209851022
0.88875,-0.29806353,-1.208257743
0.8890625,-0.29886082,-1.207461104
0.889375,-0.29965811,-1.205867826
0.8896875,-0.29965811,-1.204274548
0.89,-0.3004554,-1.201884631
0.8903125,-0.30125269,-1.201087992
0.890625,-0.30204998,-1.199494714
0.8909375,-0.30204998,-1.198698075
0.89125,-0.30204998,-1.196308158
0.8915625,-0.30125269,-1.193918241
0.891875,-0.3004554,-1.191528323
0.8921875,-0.29965811,-1.189935045
0.8925,-0.29965811,-1.187545128
0.8928125,-0.29886082,-1.18595185
0.893125,-0.29806353,-1.182765294
0.8934375,-0.29806353,-1.181172016
0.89375,-0.3004554,-1.181172016
0.8940625,-0.302847269,-1.181172016
0.894375,-0.303644559,-1.179578738
0.8946875,-0.303644559,-1.177188821
0.895,-0.302847269,-1.174798904
0.8953125,-0.30204998,-1.173205625
0.895625,-0.30125269,-1.170019069
0.8959375,-0.3004554,-1.166832513
0.89625,-0.29886082,-1.165239235
0.8965625,-0.29886082,-1.162052679
0.896875,-0.29806353,-1.160459401
0.8971875,-0.297266241,-1.158069484
0.8975,-0.297266241,-1.156476206
0.8978125,-0.296468951,-1.154086288
0.898125,-0.296468951,-1.15249301
0.8984375,-0.296468951,-1.150103093
0.89875,-0.296468951,-1.148509815
0.8990625,-0.294874371,-1.146119898
0.899375,-0.295671661,-1.14452662
0.8996875,-0.295671661,-1.142933342
0.9,-0.294874371,-1.140543425
0.9003125,-0.293279792,-1.137356868
0.900625,-0.292482502,-1.13576359
0.9009375,-0.290090632,-1.130187117
0.90125,-0.287698763,-1.126203922
0.9015625,-0.286901473,-1.123017366
0.901875,-0.286901473,-1.121424088
0.9021875,-0.286104183,-1.119830809
0.9025,-0.286104183,-1.116644253
0.9028125,-0.286901473,-1.115847614
0.903125,-0.286901473,-1.115050975
0.9034375,-0.287698763,-1.113457697
0.90375,-0.287698763,-1.111864419
0.9040625,-0.289293342,-1.110271141
0.904375,-0.289293342,-1.109474502
0.9046875,-0.289293342,-1.108677863
0.905,-0.290090632,-1.107084585
0.9053125,-0.290887922,-1.105491307
0.905625,-0.293279792,-1.105491307
0.9059375,-0.293279792,-1.104694668
0.90625,-0.292482502,-1.10230475
0.9065625,-0.293279792,-1.101508111
0.906875,-0.294077081,-1.100711472
0.9071875,-0.294874371,-1.099118194
0.9075,-0.294874371,-1.098321555
0.9078125,-0.295671661,-1.096728277
0.908125,-0.295671661,-1.095134999
0.9084375,-0.294874371,-1.093541721
0.90875,-0.294077081,-1.091151804
0.9090625,-0.292482502,-1.088761887
0.909375,-0.293279792,-1.08637197
0.9096875,-0.290887922,-1.083982052
0.91,-0.290887922,-1.081592135
0.9103125,-0.292482502,-1.081592135
0.910625,-0.294874371,-1.082388774
0.9109375,-0.295671661,-1.081592135
0.91125,-0.295671661,-1.079998857
0.9115625,-0.294874371,-1.07760894
0.911875,-0.294077081,-1.075219023
0.9121875,-0.293279792,-1.072829106
0.9125,-0.291685212,-1.070439189
0.9128125,-0.291685212,-1.068049272
0.913125,-0.290887922,-1.065659354
0.9134375,-0.290887922,-1.063269437
0.91375,-0.290090632,-1.062472798
0.9140625,-0.290090632,-1.060082881
0.914375,-0.290090632,-1.058489603
0.9146875,-0.290090632,-1.056099686
0.915,-0.290090632,-1.055303047
0.9153125,-0.289293342,-1.05291313
0.915625,-0.289293342,-1.051319852
0.9159375,-0.288496053,-1.049726574
0.91625,-0.289293342,-1.048929934
0.9165625,-0.288496053,-1.046540017
0.916875,-0.287698763,-1.0441501
0.9171875,-0.286104183,-1.041760183
0.9175,-0.284509604,-1.038573627
0.9178125,-0.281320444,-1.033793793
0.918125,-0.280523155,-1.030607236
0.9184375,-0.280523155,-1.028217319
0.91875,-0.280523155,-1.026624041
0.9190625,-0.278928575,-1.025030763
0.919375,-0.278928575,-1.023437485
0.9196875,-0.280523155,-1.021844207
0.92,-0.281320444,-1.021047568
0.9203125,-0.281320444,-1.01945429
0.920625,-0.282117734,-1.018657651
0.9209375,-0.283712314,-1.017861012
0.92125,-0.283712314,-1.017064373
0.9215625,-0.283712314,-1.016267734
0.921875,-0.284509604,-1.015471095
0.9221875,-0.285306893,-1.014674456
0.9225,-0.286104183,-1.014674456
0.9228125,-0.286901473,-1.012284538
0.923125,-0.287698763,-1.011487899
0.9234375,-0.288496053,-1.009894621
0.92375,-0.288496053,-1.008301343
0.9240625,-0.289293342,-1.006708065
0.924375,-0.290090632,-1.005911426
0.9246875,-0.290090632,-1.005911426
0.925,-0.288496053,-1.003521509
0.9253125,-0.287698763,-1.001131592
0.925625,-0.287698763,-0.998741675
0.9259375,-0.286901473,-0.997945036
0.92625,-0.286901473,-0.996351758
0.9265625,-0.286104183,-0.99396184
0.926875,-0.285306893,-0.992368562
0.9271875,-0.288496053,-0.993165201
0.9275,-0.290090632,-0.993165201
0.9278125,-0.290090632,-0.991571923
0.928125,-0.289293342,-0.989978645
0.9284375,-0.288496053,-0.988385367
0.92875,-0.287698763,-0.98599545
0.9290625,-0.286104183,-0.983605533
0.929375,-0.286104183,-0.982012255
0.9296875,-0.284509604,-0.980418977
0.93,-0.284509604,-0.97802906
0.9303125,-0.283712314,-0.976435781
0.930625,-0.283712314,-0.974842503
0.9309375,-0.282915024,-0.973249225
0.93125,-0.283712314,-0.971655947
0.9315625,-0.282915024,-0.970062669
0.931875,-0.282915024,-0.968469391
0.9321875,-0.282915024,-0.967672752
0.9325,-0.282915024,-0.966079474
0.9328125,-0.282915024,-0.964486196
0.933125,-0.282117734,-0.963689557
0.9334375,-0.281320444,-0.96129964
0.93375,-0.279725865,-0.958909722
0.9340625,-0.278928575,-0.956519805
0.934375,-0.275739416,-0.951739971
0.9346875,-0.273347546,-0.949350054
0.935,-0.271752967,-0.946960137
0.9353125,-0.271752967,-0.946163498
0.935625,-0.270955677,-0.943773581
0.9359375,-0.271752967,-0.942976942
0.93625,-0.272550256,-0.942180302
0.9365625,-0.271752967,-0.941383663
0.936875,-0.272550256,-0.939790385
0.9371875,-0.272550256,-0.938993746
0.9375,-0.274144836,-0.938197107
0.9378125,-0.274144836,-0.937400468
0.938125,-0.274144836,-0.936603829
0.9384375,-0.274942126,-0.935010551
0.93875,-0.275739416,-0.934213912
0.9390625,-0.278131285,-0.934213912
0.939375,-0.277333995,-0.933417273
0.9396875,-0.277333995,-0.931823995
0.94,-0.278928575,-0.931823995
0.9403125,-0.278928575,-0.930230717
0.940625,-0.278928575,-0.929434078
0.9409375,-0.279725865,-0.929434078
0.94125,-0.280523155,-0.9278408
0.9415625,-0.279725865,-0.926247522
0.941875,-0.278928575,-0.923857604
0.9421875,-0.279725865,-0.922264326
0.9425,-0.278928575,-0.920671048
0.9428125,-0.278928575,-0.919874409
0.943125,-0.278131285,-0.916687853
0.9434375,-0.278131285,-0.915094575
0.94375,-0.280523155,-0.915891214
0.9440625,-0.282117734,-0.917484492
0.944375,-0.282117734,-0.915891214
0.9446875,-0.282915024,-0.913501297
0.945,-0.282117734,-0.911908019
0.9453125,-0.282117734,-0.910314741
0.945625,-0.281320444,-0.908721463
0.9459375,-0.280523155,-0.907128185
0.94625,-0.278928575,-0.904738267
0.9465625,-0.278928575,-0.903144989
0.946875,-0.278928575,-0.90234835
0.9471875,-0.278131285,-0.900755072
0.9475,-0.278131285,-0.899161794
0.9478125,-0.277333995,-0.898365155
0.948125,-0.276536705,-0.895975238
0.9484375,-0.277333995,-0.895178599
0.94875,-0.277333995,-0.893585321
0.9490625,-0.276536705,-0.893585321
0.949375,-0.276536705,-0.891195404
0.9496875,-0.276536705,-0.890398765
0.95,-0.274942126,-0.888008847
0.9503125,-0.273347546,-0.88561893
0.950625,-0.273347546,-0.884025652
0.9509375,-0.270955677,-0.880839096
0.95125,-0.267766517,-0.876855901
0.9515625,-0.266171938,-0.874465984
0.951875,-0.266171938,-0.872872706
0.9521875,-0.266171938,-0.871279428
0.9525,-0.265374648,-0.869686149
0.9528125,-0.265374648,-0.86888951
0.953125,-0.265374648,-0.868092871
0.9534375,-0.265374648,-0.867296232
0.95375,-0.266171938,-0.867296232
0.9540625,-0.266969228,-0.867296232
0.954375,-0.268563807,-0.865702954
0.9546875,-0.268563807,-0.865702954
0.955,-0.268563807,-0.864109676
0.9553125,-0.269361097,-0.862516398
0.955625,-0.270158387,-0.864109676
0.9559375,-0.270955677,-0.863313037
0.95625,-0.270955677,-0.861719759
0.9565625,-0.272550256,-0.86092312
0.956875,-0.273347546,-0.86092312
0.9571875,-0.273347546,-0.860126481
0.9575,-0.273347546,-0.859329842
0.9578125,-0.273347546,-0.858533203
0.958125,-0.273347546,-0.856939925
0.9584375,-0.272550256,-0.855346647
0.95875,-0.272550256,-0.853753369
0.9590625,-0.271752967,-0.85216009
0.959375,-0.272550256,-0.850566812
0.9596875,-0.270158387,-0.849770173
0.96,-0.269361097,-0.848176895
0.9603125,-0.270955677,-0.847380256
0.960625,-0.273347546,-0.848973534
0.9609375,-0.274144836,-0.848973534
0.96125,-0.274144836,-0.848176895
0.9615625,-0.273347546,-0.846583617
0.961875,-0.272550256,-0.8441937
0.9621875,-0.271752967,-0.842600422
0.9625,-0.270158387,-0.841007144
0.9628125,-0.269361097,-0.839413866
0.963125,-0.269361097,-0.837820588
0.9634375,-0.268563807,-0.83622731
0.96375,-0.267766517,-0.834634031
0.9640625,-0.267766517,-0.833040753
0.964375,-0.267766517,-0.832244114
0.9646875,-0.266969228,-0.830650836
0.965,-0.266969228,-0.829057558
0.9653125,-0.266969228,-0.828260919
0.965625,-0.266969228,-0.82746428
0.9659375,-0.266969228,-0.825871002
0.96625,-0.266171938,-0.825074363
0.9665625,-0.266171938,-0.822684446
0.966875,-0.266171938,-0.820294529
0.9671875,-0.265374648,-0.818701251
0.9675,-0.264577358,-0.816311333
0.9678125,-0.261388199,-0.811531499
0.968125,-0.259793619,-0.809141582
0.9684375,-0.258996329,-0.807548304
0.96875,-0.258996329,-0.805955026
0.9690625,-0.258996329,-0.804361748
0.969375,-0.258996329,-0.803565109
0.9696875,-0.258996329,-0.801971831
0.97,-0.258996329,-0.801971831
0.9703125,-0.259793619,-0.801175192
0.970625,-0.261388199,-0.801175192
0.9709375,-0.261388199,-0.800378553
0.97125,-0.261388199,-0.799581913
0.9715625,-0.262185489,-0.799581913
0.971875,-0.263780068,-0.798785274
0.9721875,-0.264577358,-0.798785274
0.9725,-0.266171938,-0.797988635
0.9728125,-0.265374648,-0.797191996
0.973125,-0.265374648,-0.795598718
0.9734375,-0.266171938,-0.795598718
0.97375,-0.266969228,-0.795598718
0.9740625,-0.266969228,-0.794802079
0.974375,-0.267766517,-0.794802079
0.9746875,-0.267766517,-0.79400544
0.975,-0.266969228,-0.791615523
0.9753125,-0.266969228,-0.790022245
0.975625,-0.266171938,-0.789225606
0.9759375,-0.266171938,-0.788428967
0.97625,-0.264577358,-0.786835689
0.9765625,-0.263780068,-0.785242411
0.976875,-0.263780068,-0.783649133
0.9771875,-0.266969228,-0.785242411
0.9775,-0.268563807,-0.785242411
0.9778125,-0.268563807,-0.784445772
0.978125,-0.267766517,-0.782852494
0.9784375,-0.266969228,-0.781259215
0.97875,-0.266969228,-0.779665937
0.9790625,-0.265374648,-0.778072659
0.979375,-0.264577358,-0.776479381
0.9796875,-0.263780068,-0.774886103
0.98,-0.262982779,-0.773292825
0.9803125,-0.263780068,-0.771699547
0.980625,-0.262185489,-0.770902908
0.9809375,-0.262185489,-0.768512991
0.98125,-0.262185489,-0.767716352
0.9815625,-0.262185489,-0.766123074
0.981875,-0.262185489,-0.766123074
0.9821875,-0.262185489,-0.765326435
0.9825,-0.262185489,-0.764529796
0.9828125,-0.261388199,-0.762936517
0.983125,-0.261388199,-0.762139878
0.9834375,-0.260590909,-0.761343239
0.98375,-0.258996329,-0.758156683
0.9840625,-0.258996329,-0.757360044
0.984375,-0.254212591,-0.754173488
0.9846875,-0.251820721,-0.751783571
0.985,-0.251023431,-0.749393654
0.9853125,-0.251023431,-0.748597015
0.985625,-0.250226141,-0.747800376
0.9859375,-0.248631562,-0.746207097
0.98625,-0.250226141,-0.744613819
0.9865625,-0.250226141,-0.745410458
0.986875,-0.251023431,-0.744613819
0.9871875,-0.251023431,-0.744613819
0.9875,-0.251820721,-0.744613819
0.9878125,-0.252618011,-0.74381718
0.988125,-0.253415301,-0.74381718
0.9884375,-0.253415301,-0.742223902
0.98875,-0.25500988,-0.743020541
0.9890625,-0.25580717,-0.742223902
0.989375,-0.25580717,-0.742223902
0.9896875,-0.25580717,-0.741427263
0.99,-0.25660446,-0.741427263
0.9903125,-0.25740175,-0.740630624
0.990625,-0.25740175,-0.741427263
0.9909375,-0.25740175,-0.739833985
0.99125,-0.25819904,-0.739833985
0.9915625,-0.25819904,-0.738240707
0.991875,-0.25740175,-0.737444068
0.9921875,-0.25660446,-0.73585079
0.9925,-0.25500988,-0.734257512
0.9928125,-0.25580717,-0.732664234
0.993125,-0.254212591,-0.731070956
0.9934375,-0.253415301,-0.730274317
0.99375,-0.25580717,-0.731070956
0.9940625,-0.25819904,-0.731867595
0.994375,-0.25819904,-0.731070956
0.9946875,-0.25819904,-0.730274317
0.995,-0.25740175,-0.728681039
0.9953125,-0.25740175,-0.72708776
0.995625,-0.25660446,-0.725494482
0.9959375,-0.25580717,-0.723104565
0.99625,-0.25500988,-0.722307926
0.9965625,-0.254212591,-0.719918009
0.996875,-0.253415301,-0.71912137
0.9971875,-0.252618011,-0.718324731
0.9975,-0.252618011,-0.716731453
0.9978125,-0.252618011,-0.715934814
0.998125,-0.251820721,-0.714341536
0.9984375,-0.252618011,-0.713544897
0.99875,-0.252618011,-0.712748258
0.9990625,-0.251820721,-0.711951619
0.999375,-0.252618011,-0.71115498
0.9996875,-0.252618011,-0.71035834
1,-0.251820721,-0.708765062
1.0003125,-0.251023431,-0.706375145
1.000625,-0.249428852,-0.705578506
1.0009375,-0.246239692,-0.70239195
1.00125,-0.243050533,-0.699205394
1.0015625,-0.242253243,-0.696815477
1.001875,-0.241455953,-0.695222199
1.0021875,-0.241455953,-0.69442556
1.0025,-0.240658664,-0.692832282
1.0028125,-0.240658664,-0.692832282
1.003125,-0.241455953,-0.692035642
1.0034375,-0.243050533,-0.692035642
1.00375,-0.243050533,-0.692035642
1.0040625,-0.244645113,-0.692035642
1.004375,-0.244645113,-0.692035642
1.0046875,-0.244645113,-0.690442364
1.005,-0.244645113,-0.691239003
1.0053125,-0.244645113,-0.690442364
1.005625,-0.247036982,-0.691239003
1.0059375,-0.247834272,-0.690442364
1.00625,-0.247036982,-0.688849086
1.0065625,-0.247834272,-0.688849086
1.006875,-0.248631562,-0.688849086
1.0071875,-0.248631562,-0.688849086
1.0075,-0.249428852,-0.688052447
1.0078125,-0.249428852,-0.688052447
1.008125,-0.249428852,-0.688052447
1.0084375,-0.248631562,-0.68566253
1.00875,-0.247834272,-0.684069252
1.0090625,-0.247036982,-0.683272613
1.009375,-0.247036982,-0.682475974
1.0096875,-0.245442403,-0.680882696
1.01,-0.244645113,-0.679289418
1.0103125,-0.245442403,-0.679289418
1.010625,-0.248631562,-0.681679335
1.0109375,-0.249428852,-0.681679335
1.01125,-0.249428852,-0.680086057
1.0115625,-0.248631562,-0.678492779
1.011875,-0.247834272,-0.67769614
1.0121875,-0.247834272,-0.676102862
1.0125,-0.246239692,-0.673712944
1.0128125,-0.245442403,-0.672916305
1.013125,-0.244645113,-0.672119666
1.0134375,-0.243050533,-0.670526388
1.01375,-0.243050533,-0.669729749
1.0140625,-0.243050533,-0.668136471
1.014375,-0.242253243,-0.668136471
1.0146875,-0.242253243,-0.667339832
1.015,-0.242253243,-0.665746554
1.0153125,-0.241455953,-0.664949915
1.015625,-0.241455953,-0.664153276
1.0159375,-0.241455953,-0.663356637
1.01625,-0.240658664,-0.661763359
1.0165625,-0.239861374,-0.66096672
1.016875,-0.239064084,-0.658576803
1.0171875,-0.238266794,-0.657780164
1.0175,-0.236672215,-0.655390246
1.0178125,-0.232685766,-0.651407051
1.018125,-0.231091186,-0.649017134
1.0184375,-0.230293896,-0.647423856
1.01875,-0.229496606,-0.646627217
1.0190625,-0.227902027,-0.645830578
1.019375,-0.228699316,-0.645033939
1.0196875,-0.229496606,-0.645033939
1.02,-0.229496606,-0.6442373
1.0203125,-0.229496606,-0.6442373
1.020625,-0.231091186,-0.6442373
1.0209375,-0.231091186,-0.643440661
1.02125,-0.231888476,-0.6442373
1.0215625,-0.231888476,-0.643440661
1.021875,-0.232685766,-0.642644022
1.0221875,-0.234280345,-0.643440661
1.0225,-0.234280345,-0.643440661
1.0228125,-0.235077635,-0.642644022
1.023125,-0.235077635,-0.641847383
1.0234375,-0.235874925,-0.642644022
1.02375,-0.235874925,-0.642644022
1.0240625,-0.236672215,-0.641847383
1.024375,-0.236672215,-0.641847383
1.0246875,-0.237469504,-0.641847383
1.025,-0.236672215,-0.640254105
1.0253125,-0.235874925,-0.638660826
1.025625,-0.235077635,-0.637864187
1.0259375,-0.235077635,-0.637067548
1.02625,-0.233483055,-0.63547427
1.0265625,-0.232685766,-0.633880992
1.026875,-0.232685766,-0.633084353
1.0271875,-0.236672215,-0.63547427
1.0275,-0.237469504,-0.636270909
1.0278125,-0.235874925,-0.634677631
1.028125,-0.236672215,-0.633880992
1.0284375,-0.235077635,-0.633880992
1.02875,-0.235077635,-0.632287714
1.0290625,-0.233483055,-0.629897797
1.029375,-0.232685766,-0.629101158
1.0296875,-0.231888476,-0.62750788
1.03,-0.231888476,-0.625914602
1.0303125,-0.231091186,-0.625117963
1.030625,-0.230293896,-0.624321324
1.0309375,-0.230293896,-0.622728046
1.03125,-0.229496606,-0.623524685
1.0315625,-0.229496606,-0.621931407
1.031875,-0.229496606,-0.620338128
1.0321875,-0.229496606,-0.620338128
1.0325,-0.229496606,-0.619541489
1.0328125,-0.229496606,-0.619541489
1.033125,-0.229496606,-0.617948211
1.0334375,-0.227902027,-0.616354933
1.03375,-0.227104737,-0.613965016
1.0340625,-0.226307447,-0.613965016
1.034375,-0.222320998,-0.609981821
1.0346875,-0.219929128,-0.606795265
1.035,-0.219929128,-0.605998626
1.0353125,-0.219131839,-0.604405348
1.035625,-0.219131839,-0.603608709
1.0359375,-0.218334549,-0.60201543
1.03625,-0.218334549,-0.601218791
1.0365625,-0.218334549,-0.601218791
1.036875,-0.219929128,-0.601218791
1.0371875,-0.219929128,-0.600422152
1.0375,-0.219929128,-0.60201543
1.0378125,-0.221523708,-0.601218791
1.038125,-0.222320998,-0.601218791
1.0384375,-0.222320998,-0.601218791
1.03875,-0.223118288,-0.601218791
1.0390625,-0.223915578,-0.600422152
1.039375,-0.223915578,-0.600422152
1.0396875,-0.223915578,-0.599625513
1.04,-0.224712867,-0.600422152
1.0403125,-0.225510157,-0.599625513
1.040625,-0.226307447,-0.599625513
1.0409375,-0.225510157,-0.598828874
1.04125,-0.227104737,-0.598828874
1.0415625,-0.226307447,-0.598032235
1.041875,-0.224712867,-0.596438957
1.0421875,-0.223915578,-0.595642318
1.0425,-0.223915578,-0.594845679
1.0428125,-0.223118288,-0.593252401
1.043125,-0.221523708,-0.591659123
1.0434375,-0.220726418,-0.590862484
1.04375,-0.223118288,-0.592455762
1.0440625,-0.226307447,-0.59404904
1.044375,-0.226307447,-0.59404904
1.0446875,-0.224712867,-0.593252401
1.045,-0.223915578,-0.591659123
1.0453125,-0.223118288,-0.590065845
1.045625,-0.222320998,-0.589269206
1.0459375,-0.220726418,-0.587675928
1.04625,-0.220726418,-0.586879289
1.0465625,-0.219131839,-0.58528601
1.046875,-0.219131839,-0.58528601
1.0471875,-0.216739969,-0.583692732
1.0475,-0.216739969,-0.582896093
1.0478125,-0.215942679,-0.582099454
1.048125,-0.215942679,-0.581302815
1.0484375,-0.21514539,-0.580506176
1.04875,-0.21514539,-0.579709537
1.0490625,-0.21514539,-0.578912898
1.049375,-0.2143481,-0.578116259
1.0496875,-0.2143481,-0.57731962
1.05,-0.21355081,-0.576522981
1.0503125,-0.21115894,-0.574929703
1.050625,-0.21115894,-0.574133064
1.0509375,-0.207969781,-0.571743147
1.05125,-0.203186042,-0.567759951
1.0515625,-0.200794173,-0.566963312
1.051875,-0.200794173,-0.566166673
1.0521875,-0.200794173,-0.565370034
1.0525,-0.199199593,-0.563776756
1.0528125,-0.199996883,-0.563776756
1.053125,-0.200794173,-0.562980117
1.0534375,-0.200794173,-0.563776756
1.05375,-0.201591463,-0.563776756
1.0540625,-0.202388752,-0.563776756
1.054375,-0.202388752,-0.563776756
1.0546875,-0.202388752,-0.563776756
1.055,-0.203186042,-0.563776756
1.0553125,-0.203983332,-0.563776756
1.055625,-0.204780622,-0.564573395
1.0559375,-0.205577912,-0.563776756
1.05625,-0.204780622,-0.563776756
1.0565625,-0.205577912,-0.562980117
1.056875,-0.206375202,-0.562980117
1.0571875,-0.206375202,-0.562980117
1.0575,-0.206375202,-0.562980117
1.0578125,-0.207172491,-0.562980117
1.058125,-0.207969781,-0.561386839
1.0584375,-0.206375202,-0.559793561
1.05875,-0.205577912,-0.559793561
1.0590625,-0.204780622,-0.558996922
1.059375,-0.203186042,-0.558200283
1.0596875,-0.201591463,-0.556607005
1.06,-0.201591463,-0.555013727
1.0603125,-0.201591463,-0.555013727
1.060625,-0.204780622,-0.557403644
1.0609375,-0.206375202,-0.557403644
1.06125,-0.205577912,-0.556607005
1.0615625,-0.204780622,-0.555810366
1.061875,-0.203983332,-0.554217088
1.0621875,-0.201591463,-0.553420449
1.0625,-0.199996883,-0.551827171
1.0628125,-0.199199593,-0.551827171
1.063125,-0.198402303,-0.551030532
1.0634375,-0.197605014,-0.548640614
1.06375,-0.196010434,-0.547843975
1.0640625,-0.196010434,-0.547047336
1.064375,-0.195213144,-0.547047336
1.0646875,-0.194415854,-0.547047336
1.065,-0.194415854,-0.547047336
1.0653125,-0.193618564,-0.546250697
1.065625,-0.193618564,-0.546250697
1.0659375,-0.192821275,-0.544657419
1.06625,-0.191226695,-0.54386078
1.0665625,-0.191226695,-0.543064141
1.066875,-0.188834826,-0.541470863
1.0671875,-0.187240246,-0.539877585
1.0675,-0.184848377,-0.539080946
1.0678125,-0.180064638,-0.534301112
1.068125,-0.178470058,-0.531911194
1.0684375,-0.176078189,-0.531114555
1.06875,-0.176875478,-0.530317916
1.0690625,-0.175280899,-0.529521277
1.069375,-0.175280899,-0.528724638
1.0696875,-0.175280899,-0.528724638
1.07,-0.175280899,-0.529521277
1.0703125,-0.176078189,-0.529521277
1.070625,-0.176078189,-0.529521277
1.0709375,-0.176875478,-0.528724638
1.07125,-0.177672768,-0.530317916
1.0715625,-0.176875478,-0.528724638
1.071875,-0.177672768,-0.529521277
1.0721875,-0.179267348,-0.529521277
1.0725,-0.180064638,-0.529521277
1.0728125,-0.179267348,-0.528724638
1.073125,-0.179267348,-0.529521277
1.0734375,-0.179267348,-0.529521277
1.07375,-0.180064638,-0.528724638
1.0740625,-0.180064638,-0.529521277
1.074375,-0.179267348,-0.528724638
1.0746875,-0.179267348,-0.529521277
1.075,-0.178470058,-0.52713136
1.0753125,-0.176875478,-0.526334721
1.075625,-0.175280899,-0.525538082
1.0759375,-0.175280899,-0.524741443
1.07625,-0.173686319,-0.523148165
1.0765625,-0.17129445,-0.521554887
1.076875,-0.17129445,-0.520758248
1.0771875,-0.174483609,-0.523944804
1.0775,-0.176078189,-0.525538082
1.0778125,-0.174483609,-0.523148165
1.078125,-0.173686319,-0.523148165
1.0784375,-0.172091739,-0.521554887
1.07875,-0.17129445,-0.520758248
1.0790625,-0.16969987,-0.517571692
1.079375,-0.16810529,-0.515978414
1.0796875,-0.166510711,-0.514385135
1.08,-0.164916131,-0.512791857
1.0803125,-0.163321551,-0.512791857
1.080625,-0.163321551,-0.511995218
1.0809375,-0.161726972,-0.511198579
1.08125,-0.161726972,-0.51040194
1.0815625,-0.160132392,-0.509605301
1.081875,-0.159335102,-0.508808662
1.0821875,-0.158537813,-0.508012023
1.0825,-0.156943233,-0.507215384
1.0828125,-0.156145943,-0.506418745
1.083125,-0.155348653,-0.505622106
1.0834375,-0.152956784,-0.503232189
1.08375,-0.150564914,-0.501638911
1.0840625,-0.149767625,-0.501638911
1.084375,-0.143389306,-0.495265798
1.0846875,-0.140200147,-0.492079242
1.085,-0.137808277,-0.491282603
1.0853125,-0.137010987,-0.490485964
1.085625,-0.135416408,-0.489689325
1.0859375,-0.133024538,-0.489689325
1.08625,-0.133024538,-0.489689325
1.0865625,-0.132227249,-0.488892686
1.086875,-0.133024538,-0.489689325
1.0871875,-0.133024538,-0.489689325
1.0875,-0.133024538,-0.490485964
1.0878125,-0.133024538,-0.490485964
1.088125,-0.133024538,-0.490485964
1.0884375,-0.132227249,-0.491282603
1.08875,-0.131429959,-0.492079242
1.0890625,-0.132227249,-0.492875881
1.089375,-0.131429959,-0.491282603
1.0896875,-0.130632669,-0.491282603
1.09,-0.129835379,-0.492079242
1.0903125,-0.129835379,-0.492079242
1.090625,-0.129038089,-0.491282603
1.0909375,-0.1282408,-0.491282603
1.09125,-0.1282408,-0.491282603
1.0915625,-0.12584893,-0.489689325
1.091875,-0.122659771,-0.488892686
1.0921875,-0.120267901,-0.488096047
1.0925,-0.118673322,-0.486502769
1.0928125,-0.115484162,-0.48570613
1.093125,-0.111497713,-0.483316213
1.0934375,-0.110700424,-0.481722935
1.09375,-0.113092293,-0.484909491
1.0940625,-0.117078742,-0.488096047
1.094375,-0.114686873,-0.487299408
1.0946875,-0.112295003,-0.48570613
1.095,-0.109903134,-0.484112852
1.0953125,-0.106713974,-0.482519574
1.095625,-0.103524815,-0.480926296
1.0959375,-0.101132946,-0.480129657
1.09625,-0.097943786,-0.478536378
1.0965625,-0.095551917,-0.4769431
1.096875,-0.093160048,-0.476146461
1.0971875,-0.091565468,-0.475349822
1.0975,-0.089173598,-0.474553183
1.0978125,-0.088376309,-0.473756544
1.098125,-0.087579019,-0.472959905
1.0984375,-0.085984439,-0.472959905
1.09875,-0.08438986,-0.472163266
1.0990625,-0.08279528,-0.471366627
1.099375,-0.08199799,-0.470569988
1.0996875,-0.0812007,-0.470569988
1.1,-0.078011541,-0.468180071
1.1003125,-0.074822382,-0.464993515
1.100625,-0.073227802,-0.464196876
1.1009375,-0.068444063,-0.458620402
1.10125,-0.061268455,-0.45224729
1.1015625,-0.058876585,-0.451450651
1.101875,-0.056484716,-0.449857373
1.1021875,-0.056484716,-0.451450651
1.1025,-0.054092847,-0.448264095
1.1028125,-0.054890136,-0.449060734
1.103125,-0.054092847,-0.449857373
1.1034375,-0.054890136,-0.451450651
1.10375,-0.054092847,-0.451450651
1.1040625,-0.055687426,-0.453043929
1.104375,-0.055687426,-0.453840568
1.1046875,-0.056484716,-0.453840568
1.105,-0.055687426,-0.454637207
1.1053125,-0.057282006,-0.455433846
1.105625,-0.058079296,-0.457027124
1.1059375,-0.057282006,-0.457027124
1.10625,-0.055687426,-0.456230485
1.1065625,-0.056484716,-0.457027124
1.106875,-0.056484716,-0.457823763
1.1071875,-0.057282006,-0.457823763
1.1075,-0.056484716,-0.457823763
1.1078125,-0.056484716,-0.457823763
1.108125,-0.055687426,-0.457027124
1.1084375,-0.053295557,-0.454637207
1.10875,-0.050903687,-0.453043929
1.1090625,-0.050106397,-0.45224729
1.109375,-0.048511818,-0.451450651
1.1096875,-0.045322659,-0.447467456
1.11,-0.043728079,-0.446670817
1.1103125,-0.045322659,-0.448264095
1.110625,-0.050106397,-0.454637207
1.1109375,-0.050903687,-0.455433846
1.11125,-0.049309108,-0.453043929
1.1115625,-0.046917238,-0.450654012
1.111875,-0.045322659,-0.449060734
1.1121875,-0.042930789,-0.446670817
1.1125,-0.04053892,-0.4442809
1.1128125,-0.03814705,-0.441890982
1.113125,-0.035755181,-0.440297704
1.1134375,-0.034160601,-0.437111148
1.11375,-0.033363311,-0.43551787
1.1140625,-0.032566022,-0.43551787
1.114375,-0.031768732,-0.434721231
1.1146875,-0.030174152,-0.434721231
1.115,-0.030174152,-0.432331314
1.1153125,-0.029376862,-0.431534675
1.115625,-0.028579572,-0.431534675
1.1159375,-0.027782283,-0.430738036
1.11625,-0.026984993,-0.430738036
1.1165625,-0.026187703,-0.428348119
1.116875,-0.023795834,-0.424364923
1.1171875,-0.022201254,-0.421178367
1.1175,-0.020606674,-0.415601894
1.1178125,-0.016620225,-0.39409264
1.118125,-0.015025646,-0.390109445
1.1184375,-0.013431066,-0.388516166
1.11875,-0.013431066,-0.390109445
1.1190625,-0.012633776,-0.387719527
1.119375,-0.012633776,-0.387719527
1.1196875,-0.013431066,-0.393296001
1.12,-0.012633776,-0.396482557
1.1203125,-0.013431066,-0.399669113
1.120625,-0.013431066,-0.403652308
1.1209375,-0.015025646,-0.406838864
1.12125,-0.015025646,-0.408432143
1.1215625,-0.015025646,-0.409228782
1.121875,-0.015822935,-0.410025421
1.1221875,-0.016620225,-0.414008616
1.1225,-0.016620225,-0.417195172
1.1228125,-0.016620225,-0.414008616
1.123125,-0.015822935,-0.414805255
1.1234375,-0.017417515,-0.417991811
1.12375,-0.016620225,-0.417991811
1.1240625,-0.016620225,-0.41878845
1.124375,-0.016620225,-0.417991811
1.1246875,-0.017417515,-0.41878845
1.125,-0.016620225,-0.414805255
1.1253125,-0.016620225,-0.41082206
1.125625,-0.015822935,-0.407635504
1.1259375,-0.015025646,-0.406042225
1.12625,-0.015025646,-0.400465752
1.1265625,-0.013431066,-0.394889279
1.126875,-0.013431066,-0.393296001
1.1271875,-0.015822935,-0.410025421
1.1275,-0.016620225,-0.417195172
1.1278125,-0.015822935,-0.414008616
1.128125,-0.015822935,-0.410025421
1.1284375,-0.015822935,-0.405245586
1.12875,-0.015822935,-0.400465752
1.1290625,-0.014228356,-0.392499362
1.129375,-0.013431066,-0.388516166
1.1296875,-0.011836486,-0.383736332
1.13,-0.010241907,-0.378956498
1.1303125,-0.008647327,-0.374973303
1.130625,-0.008647327,-0.374176664
1.1309375,-0.007850037,-0.371786746
1.13125,-0.006255458,-0.370990107
1.1315625,-0.007052747,-0.370193468
1.131875,-0.006255458,-0.367006912
1.1321875,-0.005458168,-0.365413634
1.1325,-0.006255458,-0.363820356
1.1328125,-0.004660878,-0.362227078
1.133125,-0.005458168,-0.361430439
1.1334375,-0.003066298,-0.352667409
1.13375,-0.001471719,-0.340717824
1.1340625,0.000122861,-0.333548072
1.134375,0.00650118,-0.295309398
1.1346875,0.009690339,-0.253087529
1.135,0.011284918,-0.229188358
1.1353125,0.011284918,-0.214848855
1.135625,0.010487629,-0.21006902
1.1359375,0.010487629,-0.199712713
1.13625,0.009690339,-0.203695908
1.1365625,0.010487629,-0.211662299
1.136875,0.008893049,-0.227595079
1.1371875,0.008095759,-0.240341304
1.1375,0.00650118,-0.261053919
1.1378125,0.0049066,-0.275393422
1.138125,0.00410931,-0.287343008
1.1384375,0.00331202,-0.298495954
1.13875,0.00251473,-0.31044554
1.1390625,0.001717441,-0.329564877
1.139375,0.000920151,-0.336734629
1.1396875,0.000122861,-0.338327907
1.14,-0.000674429,-0.34390438
1.1403125,-0.001471719,-0.351074131
1.140625,-0.002269008,-0.354260688
1.1409375,-0.002269008,-0.355853966
1.14125,-0.002269008,-0.359040522
1.1415625,-0.002269008,-0.355853966
1.141875,-0.000674429,-0.345497658
1.1421875,0.000122861,-0.337531268
1.1425,0.001717441,-0.330361516
1.1428125,0.001717441,-0.323988404
1.143125,0.00251473,-0.305665706
1.1434375,0.00331202,-0.292919481
1.14375,0.000920151,-0.303275789
1.1440625,-0.003863588,-0.340717824
1.144375,-0.003863588,-0.353464048
1.1446875,-0.003066298,-0.349480853
1.145,-0.002269008,-0.34390438
1.1453125,0.000122861,-0.331158155
1.145625,0.001717441,-0.31920857
1.1459375,0.00251473,-0.300089232
1.14625,0.00331202,-0.284953091
1.1465625,0.0049066,-0.272206866
1.146875,0.00570389,-0.259460641
1.1471875,0.00650118,-0.248307695
1.1475,0.007298469,-0.241137943
1.1478125,0.008095759,-0.234764831
1.148125,0.008893049,-0.229984997
1.1484375,0.009690339,-0.226001801
1.14875,0.008893049,-0.222018606
1.1490625,0.009690339,-0.219628689
1.149375,0.008893049,-0.215645494
1.1496875,0.008893049,-0.214052216
1.15,0.008893049,-0.206882464
1.1503125,0.010487629,-0.189356405
1.150625,0.012879498,-0.175016902
1.1509375,0.017663237,-0.147931175
1.15125,0.022446976,-0.088979886
1.1515625,0.024838845,-0.053131129
1.151875,0.025636135,-0.032418513
1.1521875,0.025636135,-0.025248762
1.1525,0.028028005,-0.013299176
1.1528125,0.027230715,-0.014892454
1.153125,0.025636135,-0.023655484
1.1534375,0.022446976,-0.037198348
1.15375,0.020852396,-0.053131129
1.1540625,0.018460527,-0.073843744
1.154375,0.018460527,-0.09375972
1.1546875,0.019257817,-0.109692501
1.155,0.016865947,-0.125625282
1.1553125,0.014474078,-0.136778228
1.155625,0.012879498,-0.158287483
1.1559375,0.011284918,-0.176610181
1.15625,0.011284918,-0.182983293
1.1565625,0.010487629,-0.192542961
1.156875,0.009690339,-0.206085825
1.1571875,0.010487629,-0.21883205
1.1575,0.009690339,-0.227595079
1.1578125,0.008893049,-0.234764831
1.158125,0.008893049,-0.241137943
1.1584375,0.010487629,-0.233171553
1.15875,0.011284918,-0.223611884
1.1590625,0.011284918,-0.212458938
1.159375,0.010487629,-0.204492547
1.1596875,0.012082208,-0.18537321
1.16,0.014474078,-0.16864379
1.1603125,0.012082208,-0.163863956
1.160625,0.00650118,-0.201305991
1.1609375,0.00650118,-0.231578275
1.16125,0.00650118,-0.237951387
1.1615625,0.008095759,-0.23556147
1.161875,0.009690339,-0.223611884
1.1621875,0.009690339,-0.21006902
1.1625,0.010487629,-0.190153044
1.1628125,0.011284918,-0.172626985
1.163125,0.013676788,-0.155100926
1.1634375,0.014474078,-0.139168145
1.16375,0.016865947,-0.126421921
1.1640625,0.016865947,-0.11845553
1.164375,0.016865947,-0.113675696
1.1646875,0.016068657,-0.108895862
1.165,0.016068657,-0.104912667
1.1653125,0.016865947,-0.10172611
1.165625,0.016068657,-0.099336193
1.1659375,0.016068657,-0.096946276
1.16625,0.016068657,-0.096149637
1.1665625,0.016865947,-0.09375972
1.166875,0.018460527,-0.079420217
1.1671875,0.020055106,-0.063487436
1.1675,0.022446976,-0.048351294
1.1678125,0.037595482,0.009006717
1.168125,0.042379221,0.049635308
1.1684375,0.043973801,0.07273784
1.16875,0.043973801,0.082297509
1.1690625,0.044771091,0.086280704
1.169375,0.043973801,0.091060538
1.1696875,0.043176511,0.079110953
1.17,0.041581931,0.067958006
1.1703125,0.039987352,0.048838669
1.170625,0.036798193,0.028922693
1.1709375,0.033609033,0.007413439
1.17125,0.028825294,-0.01011262
1.1715625,0.024838845,-0.027638679
1.171875,0.022446976,-0.041181543
1.1721875,0.020852396,-0.059504241
1.1725,0.017663237,-0.086589969
1.1728125,0.018460527,-0.096149637
1.173125,0.019257817,-0.104116027
1.1734375,0.017663237,-0.117658891
1.17375,0.016865947,-0.129608477
1.1740625,0.015271367,-0.139168145
1.174375,0.014474078,-0.145541258
1.1746875,0.013676788,-0.155897565
1.175,0.013676788,-0.15191437
1.1753125,0.016068657,-0.140761424
1.175625,0.016865947,-0.131998394
1.1759375,0.017663237,-0.124828643
1.17625,0.019257817,-0.112082418
1.1765625,0.018460527,-0.091369803
1.176875,0.019257817,-0.078623578
1.1771875,0.013676788,-0.108099223
1.1775,0.010487629,-0.147931175
1.1778125,0.011284918,-0.1606774
1.178125,0.012082208,-0.1606774
1.1784375,0.013676788,-0.152711009
1.17875,0.014474078,-0.140761424
1.1790625,0.017663237,-0.123235365
1.179375,0.017663237,-0.104116027
1.1796875,0.017663237,-0.087386608
1.18,0.018460527,-0.071453827
1.1803125,0.019257817,-0.058707602
1.180625,0.020055106,-0.049944572
1.1809375,0.019257817,-0.045164738
1.18125,0.020852396,-0.041181543
1.1815625,0.020852396,-0.037994987
1.181875,0.021649686,-0.036401709
1.1821875,0.020852396,-0.034808431
1.1825,0.020852396,-0.034011792
1.1828125,0.020852396,-0.032418513
1.183125,0.020852396,-0.032418513
1.1834375,0.024041555,-0.024452123
1.18375,0.028825294,-0.006926064
1.1840625,0.031217164,0.004226883
1.184375,0.043176511,0.046448752
1.1846875,0.04636567,0.099823568
1.185,0.04796025,0.127705935
1.1853125,0.04796025,0.13965552
1.185625,0.04796025,0.141248798
1.1859375,0.04875754,0.14841855
1.18625,0.04716296,0.138858881
1.1865625,0.045568381,0.126909295
1.186875,0.043176511,0.107789958
1.1871875,0.043176511,0.088670621
1.1875,0.039987352,0.065568089
1.1878125,0.039190062,0.045652113
1.188125,0.038392772,0.028126054
1.1884375,0.035203613,0.012989912
1.18875,0.030419874,-0.002942869
1.1890625,0.023244266,-0.030028596
1.189375,0.021649686,-0.045164738
1.1896875,0.021649686,-0.05233449
1.19,0.020055106,-0.065080714
1.1903125,0.018460527,-0.079420217
1.190625,0.017663237,-0.090573164
1.1909375,0.017663237,-0.098539554
1.19125,0.016865947,-0.108895862
1.1915625,0.017663237,-0.111285779
1.191875,0.019257817,-0.099336193
1.1921875,0.018460527,-0.088979886
1.1925,0.019257817,-0.078623578
1.1928125,0.020055106,-0.071453827
1.193125,0.022446976,-0.050741211
1.1934375,0.023244266,-0.036401709
1.19375,0.019257817,-0.045164738
1.1940625,0.013676788,-0.092166442
1.194375,0.014474078,-0.11845553
1.1946875,0.016068657,-0.120845447
1.195,0.016865947,-0.116065613
1.1953125,0.017663237,-0.10172611
1.195625,0.018460527,-0.086589969
1.1959375,0.020055106,-0.065877353
1.19625,0.020852396,-0.049944572
1.1965625,0.023244266,-0.034011792
1.196875,0.024041555,-0.021265567
1.1971875,0.026433425,-0.010909259
1.1975,0.027230715,-0.006926064
1.1978125,0.028028005,-0.003739508
1.198125,0.028825294,-0.001349591
1.1984375,0.029622584,0.000243687
1.19875,0.029622584,0.000243687
1.1990625,0.029622584,0.001040326
1.199375,0.029622584,0.001836965
1.1996875,0.029622584,0.001836965
1.2,0.031217164,0.005023522
1.2003125,0.036000903,0.020159663
1.200625,0.038392772,0.033702527
1.2009375,0.043176511,0.057601699
1.20125,0.04875754,0.118942905
1.2015625,0.051149409,0.153198384
1.201875,0.051946699,0.169927804
1.2021875,0.051149409,0.171521082
1.2025,0.052743989,0.177097555
1.2028125,0.050352119,0.17311436
1.203125,0.04955483,0.159571496
1.2034375,0.04796025,0.144435354
1.20375,0.044771091,0.124519378
1.2040625,0.043176511,0.101416846
1.204375,0.042379221,0.079110953
1.2046875,0.040784642,0.061584894
1.205,0.039987352,0.044058835
1.2053125,0.038392772,0.029719332
1.205625,0.031217164,0.005820161
1.2059375,0.026433425,-0.016485733
1.20625,0.025636135,-0.024452123
1.2065625,0.023244266,-0.034011792
1.206875,0.020055106,-0.049944572
1.2071875,0.020852396,-0.061097519
1.2075,0.019257817,-0.070657188
1.2078125,0.017663237,-0.078623578
1.208125,0.017663237,-0.086589969
1.2084375,0.019257817,-0.077826939
1.20875,0.020852396,-0.066673992
1.2090625,0.021649686,-0.056317685
1.209375,0.021649686,-0.049944572
1.2096875,0.024041555,-0.033215153
1.21,0.027230715,-0.014892454
1.2103125,0.027230715,-0.010909259
1.210625,0.016865947,-0.050741211
1.2109375,0.014474078,-0.088183247
1.21125,0.015271367,-0.096946276
1.2115625,0.015271367,-0.095352998
1.211875,0.017663237,-0.082606773
1.2121875,0.018460527,-0.069860549
1.2125,0.020852396,-0.050741211
1.2128125,0.022446976,-0.033215153
1.213125,0.025636135,-0.016485733
1.2134375,0.028825294,-0.002942869
1.21375,0.032014454,0.008210078
1.2140625,0.032811743,0.013786551
1.214375,0.033609033,0.016176468
1.2146875,0.034406323,0.018566385
1.215,0.034406323,0.020159663
1.2153125,0.033609033,0.020956303
1.215625,0.035203613,0.021752942
1.2159375,0.034406323,0.020956303
1.21625,0.034406323,0.020956303
1.2165625,0.034406323,0.020956303
1.216875,0.037595482,0.032905888
1.2171875,0.039987352,0.049635308
1.2175,0.040784642,0.062381533
1.2178125,0.04875754,0.118942905
1.218125,0.051149409,0.161164774
1.2184375,0.052743989,0.184267307
1.21875,0.051946699,0.191437058
1.2190625,0.052743989,0.193826975
1.219375,0.051946699,0.196216892
1.2196875,0.051149409,0.182674029
1.22,0.04955483,0.168334526
1.2203125,0.04716296,0.147621911
1.220625,0.044771091,0.126909295
1.2209375,0.043176511,0.103806763
1.22125,0.043176511,0.083094148
1.2215625,0.040784642,0.06477145
1.221875,0.039987352,0.049635308
1.2221875,0.036798193,0.029719332
1.2225,0.031217164,0.003430244
1.2228125,0.029622584,-0.008519342
1.223125,0.027230715,-0.017282372
1.2234375,0.022446976,-0.031621874
1.22375,0.021649686,-0.044368099
1.2240625,0.020852396,-0.055521046
1.224375,0.020055106,-0.061894158
1.2246875,0.018460527,-0.072250466
1.225,0.020852396,-0.069860549
1.2253125,0.021649686,-0.057910963
1.225625,0.022446976,-0.048351294
1.2259375,0.022446976,-0.039588265
1.22625,0.024838845,-0.028435318
1.2265625,0.029622584,-0.008519342
1.226875,0.032014454,0.002633605
1.2271875,0.021649686,-0.022062206
1.2275,0.016068657,-0.066673992
1.2278125,0.016068657,-0.083403412
1.228125,0.016865947,-0.084200051
1.2284375,0.017663237,-0.0770303
1.22875,0.019257817,-0.062690797
1.2290625,0.021649686,-0.045961377
1.229375,0.023244266,-0.02684204
1.2296875,0.026433425,-0.010909259
1.23,0.031217164,0.003430244
1.2303125,0.034406323,0.016176468
1.230625,0.035203613,0.02334622
1.2309375,0.036000903,0.026532776
1.23125,0.036000903,0.028922693
1.2315625,0.036000903,0.029719332
1.231875,0.036000903,0.03131261
1.2321875,0.036798193,0.03131261
1.2325,0.036798193,0.03131261
1.2328125,0.036798193,0.030515971
1.233125,0.036000903,0.030515971
1.2334375,0.038392772,0.036889083
1.23375,0.039987352,0.053618503
1.2340625,0.041581931,0.06477145
1.234375,0.04716296,0.103010124
1.2346875,0.051946699,0.158774857
1.235,0.053541279,0.186657224
1.2353125,0.052743989,0.200996727
1.235625,0.052743989,0.199403449
1.2359375,0.052743989,0.2065732
1.23625,0.051946699,0.196216892
1.2365625,0.051149409,0.181080751
1.236875,0.04875754,0.163554692
1.2371875,0.04716296,0.142842076
1.2375,0.044771091,0.117349627
1.2378125,0.043176511,0.095043734
1.238125,0.043176511,0.076721036
1.2384375,0.040784642,0.059991616
1.23875,0.039987352,0.043262196
1.2390625,0.034406323,0.015379829
1.239375,0.030419874,-0.001349591
1.2396875,0.028825294,-0.008519342
1.24,0.025636135,-0.020468928
1.2403125,0.022446976,-0.03560507
1.240625,0.020055106,-0.046758016
1.2409375,0.020055106,-0.056317685
1.24125,0.019257817,-0.065080714
1.2415625,0.020055106,-0.06826727
1.241875,0.021649686,-0.057910963
1.2421875,0.021649686,-0.046758016
1.2425,0.021649686,-0.037198348
1.2428125,0.023244266,-0.030028596
1.243125,0.028825294,-0.01011262
1.2434375,0.032014454,0.003430244
1.24375,0.027230715,-0.003739508
1.2440625,0.016068657,-0.049147933
1.244375,0.016068657,-0.076233661
1.2446875,0.016865947,-0.079420217
1.245,0.017663237,-0.076233661
1.2453125,0.019257817,-0.063487436
1.245625,0.020852396,-0.049944572
1.2459375,0.023244266,-0.030028596
1.24625,0.025636135,-0.014892454
1.2465625,0.029622584,0.000243687
1.246875,0.032811743,0.013786551
1.2471875,0.035203613,0.022549581
1.2475,0.036000903,0.027329415
1.2478125,0.036000903,0.029719332
1.248125,0.036798193,0.032109249
1.2484375,0.036798193,0.032109249
1.24875,0.036798193,0.032109249
1.2490625,0.036798193,0.032109249
1.249375,0.036798193,0.032109249
1.2496875,0.036000903,0.030515971
1.25,0.036798193,0.032905888
1.2503125,0.039987352,0.04804203
1.250625,0.040784642,0.063178172
1.2509375,0.044771091,0.084687426
1.25125,0.051149409,0.145231993
1.2515625,0.053541279,0.180284111
1.251875,0.053541279,0.199403449
1.2521875,0.051946699,0.200996727
1.2525,0.053541279,0.2065732
1.2528125,0.051946699,0.202590005
1.253125,0.051946699,0.187453863
1.2534375,0.04955483,0.170724443
1.25375,0.04796025,0.150808467
1.2540625,0.043973801,0.127705935
1.254375,0.043176511,0.103806763
1.2546875,0.042379221,0.083094148
1.255,0.040784642,0.065568089
1.2553125,0.039987352,0.051228586
1.255625,0.036000903,0.025736137
1.2559375,0.031217164,0.003430244
1.25625,0.029622584,-0.005332786
1.2565625,0.026433425,-0.014892454
1.256875,0.022446976,-0.030825235
1.2571875,0.021649686,-0.041978182
1.2575,0.020852396,-0.05233449
1.2578125,0.019257817,-0.06030088
1.258125,0.019257817,-0.06826727
1.2584375,0.020852396,-0.061097519
1.25875,0.020852396,-0.049944572
1.2590625,0.021649686,-0.040384904
1.259375,0.022446976,-0.033215153
1.2596875,0.027230715,-0.017282372
1.26,0.031217164,0.000243687
1.2603125,0.032014454,0.005820161
1.260625,0.019257817,-0.033215153
1.2609375,0.016068657,-0.069860549
1.26125,0.016865947,-0.080216856
1.2615625,0.016865947,-0.079420217
1.261875,0.019257817,-0.06826727
1.2621875,0.019257817,-0.057114324
1.2625,0.021649686,-0.037198348
1.2628125,0.024041555,-0.019672289
1.263125,0.028028005,-0.004536147
1.2634375,0.032014454,0.009006717
1.26375,0.034406323,0.020159663
1.2640625,0.035203613,0.024939498
1.264375,0.035203613,0.028126054
1.2646875,0.036000903,0.030515971
1.265,0.036000903,0.03131261
1.2653125,0.036798193,0.03131261
1.265625,0.036000903,0.032109249
1.2659375,0.036000903,0.032109249
1.26625,0.036000903,0.03131261
1.2665625,0.035203613,0.03131261
1.266875,0.037595482,0.042465557
1.2671875,0.039190062,0.058398338
1.2675,0.040784642,0.070347923
1.2678125,0.04875754,0.126112656
1.268125,0.051946699,0.169131165
1.2684375,0.051946699,0.192233697
1.26875,0.051149409,0.200996727
1.2690625,0.051946699,0.203386644
1.269375,0.051149409,0.204979922
1.2696875,0.051149409,0.191437058
1.27,0.051149409,0.177894194
1.2703125,0.04796025,0.15638494
1.270625,0.045568381,0.136468964
1.2709375,0.043176511,0.110179876
1.27125,0.043176511,0.08946726
1.2715625,0.042379221,0.071941201
1.271875,0.039987352,0.05680506
1.2721875,0.037595482,0.037685722
1.2725,0.032811743,0.009803356
1.2728125,0.030419874,-0.00214623
1.273125,0.028825294,-0.009315981
1.2734375,0.024041555,-0.024452123
1.27375,0.021649686,-0.037994987
1.2740625,0.020852396,-0.049147933
1.274375,0.020852396,-0.057114324
1.2746875,0.019257817,-0.067470631
1.275,0.020055106,-0.064284075
1.2753125,0.021649686,-0.05233449
1.275625,0.022446976,-0.04357146
1.2759375,0.022446976,-0.034808431
1.27625,0.025636135,-0.024452123
1.2765625,0.030419874,-0.005332786
1.276875,0.032811743,0.007413439
1.2771875,0.022446976,-0.015689094
1.2775,0.015271367,-0.06030088
1.2778125,0.016068657,-0.077826939
1.278125,0.016865947,-0.078623578
1.2784375,0.017663237,-0.073047105
1.27875,0.019257817,-0.06030088
1.2790625,0.021649686,-0.044368099
1.279375,0.024041555,-0.025248762
1.2796875,0.026433425,-0.01011262
1.28,0.031217164,0.004226883
1.2803125,0.034406323,0.016176468
1.280625,0.035203613,0.02334622
1.2809375,0.036000903,0.026532776
1.28125,0.036000903,0.028922693
1.2815625,0.036000903,0.030515971
1.281875,0.036798193,0.03131261
1.2821875,0.036000903,0.03131261
1.2825,0.036798193,0.03131261
1.2828125,0.036798193,0.03131261
1.283125,0.036798193,0.030515971
1.2834375,0.038392772,0.036092444
1.28375,0.039987352,0.052821864
1.2840625,0.040784642,0.06477145
1.284375,0.04716296,0.100620207
1.2846875,0.051946699,0.15638494
1.285,0.053541279,0.187453863
1.2853125,0.052743989,0.201793366
1.285625,0.051946699,0.200200088
1.2859375,0.052743989,0.207369839
1.28625,0.051946699,0.197013531
1.2865625,0.051149409,0.18187739
1.286875,0.04796025,0.162758052
1.2871875,0.04716296,0.144435354
1.2875,0.043176511,0.118942905
1.2878125,0.043176511,0.095840373
1.288125,0.041581931,0.078314314
1.2884375,0.039987352,0.061584894
1.28875,0.039190062,0.045652113
1.2890625,0.034406323,0.018566385
1.289375,0.030419874,0.000243687
1.2896875,0.028825294,-0.006926064
1.29,0.025636135,-0.018079011
1.2903125,0.021649686,-0.034011792
1.290625,0.020852396,-0.045164738
1.2909375,0.020055106,-0.054724407
1.29125,0.019257817,-0.062690797
1.2915625,0.019257817,-0.066673992
1.291875,0.020055106,-0.057114324
1.2921875,0.020852396,-0.046758016
1.2925,0.023244266,-0.037198348
1.2928125,0.024041555,-0.030028596
1.293125,0.028028005,-0.010909259
1.2934375,0.032811743,0.004226883
1.29375,0.028028005,-0.001349591
1.2940625,0.016865947,-0.045961377
1.294375,0.015271367,-0.074640383
1.2946875,0.016865947,-0.078623578
1.295,0.017663237,-0.075437022
1.2953125,0.019257817,-0.064284075
1.295625,0.020055106,-0.051537851
1.2959375,0.023244266,-0.030825235
1.29625,0.025636135,-0.014095815
1.2965625,0.029622584,0.000243687
1.296875,0.033609033,0.013786551
1.2971875,0.035203613,0.022549581
1.2975,0.036000903,0.027329415
1.2978125,0.035203613,0.029719332
1.298125,0.036000903,0.032109249
1.2984375,0.036000903,0.032109249
1.29875,0.036798193,0.032905888
1.2990625,0.036798193,0.032905888
1.299375,0.036000903,0.032905888
1.2996875,0.035203613,0.032109249
1.3,0.036798193,0.032905888
1.3003125,0.039190062,0.047245391
1.300625,0.039987352,0.062381533
1.3009375,0.043176511,0.08150087
1.30125,0.051149409,0.142842076
1.3015625,0.053541279,0.177894194
1.301875,0.053541279,0.197013531
1.3021875,0.052743989,0.200996727
1.3025,0.052743989,0.205776561
1.3028125,0.051946699,0.202590005
1.303125,0.051946699,0.188250502
1.3034375,0.04955483,0.169927804
1.30375,0.04796025,0.150808467
1.3040625,0.044771091,0.127705935
1.304375,0.043176511,0.103806763
1.3046875,0.043176511,0.083890787
1.305,0.042379221,0.067161367
1.3053125,0.039987352,0.052025225
1.305625,0.036798193,0.028126054
1.3059375,0.032014454,0.004226883
1.30625,0.029622584,-0.005332786
1.3065625,0.026433425,-0.014095815
1.306875,0.023244266,-0.029231957
1.3071875,0.020852396,-0.041978182
1.3075,0.020055106,-0.051537851
1.3078125,0.019257817,-0.059504241
1.308125,0.019257817,-0.067470631
1.3084375,0.020852396,-0.061097519
1.30875,0.021649686,-0.049944572
1.3090625,0.022446976,-0.039588265
1.309375,0.022446976,-0.032418513
1.3096875,0.027230715,-0.018079011
1.31,0.031217164,0.001040326
1.3103125,0.032014454,0.0066168
1.310625,0.018460527,-0.030825235
1.3109375,0.016068657,-0.06826727
1.31125,0.016865947,-0.077826939
1.3115625,0.017663237,-0.0770303
1.311875,0.019257817,-0.067470631
1.3121875,0.020055106,-0.056317685
1.3125,0.022446976,-0.036401709
1.3128125,0.024838845,-0.019672289
1.313125,0.028825294,-0.003739508
1.3134375,0.032014454,0.009006717
1.31375,0.035203613,0.020956303
1.3140625,0.035203613,0.026532776
1.314375,0.035203613,0.028922693
1.3146875,0.036000903,0.03131261
1.315,0.036000903,0.032905888
1.3153125,0.036000903,0.032905888
1.315625,0.036000903,0.032905888
1.3159375,0.036000903,0.032905888
1.31625,0.036000903,0.032109249
1.3165625,0.036000903,0.030515971
1.316875,0.038392772,0.041668918
1.3171875,0.039987352,0.058398338
1.3175,0.040784642,0.070347923
1.3178125,0.04875754,0.122129461
1.318125,0.051946699,0.166741248
1.3184375,0.053541279,0.191437058
1.31875,0.051946699,0.201793366
1.3190625,0.052743989,0.203386644
1.319375,0.051946699,0.204183283
1.3196875,0.051946699,0.192233697
1.32,0.050352119,0.174707638
1.3203125,0.04875754,0.158774857
1.320625,0.04636567,0.136468964
1.3209375,0.043176511,0.111773154
1.32125,0.043176511,0.091060538
1.3215625,0.040784642,0.071941201
1.321875,0.040784642,0.05680506
1.3221875,0.037595482,0.038482362
1.3225,0.032811743,0.010599995
1.3228125,0.029622584,-0.00214623
1.323125,0.027230715,-0.009315981
1.3234375,0.024041555,-0.023655484
1.32375,0.021649686,-0.037198348
1.3240625,0.020055106,-0.048351294
1.324375,0.020055106,-0.056317685
1.3246875,0.018460527,-0.065877353
1.325,0.019257817,-0.063487436
1.3253125,0.020852396,-0.05233449
1.325625,0.020852396,-0.04357146
1.3259375,0.021649686,-0.034808431
1.32625,0.024041555,-0.025248762
1.3265625,0.028825294,-0.005332786
1.326875,0.032014454,0.0066168
1.3271875,0.022446976,-0.014892454
1.3275,0.015271367,-0.058707602
1.3278125,0.015271367,-0.0770303
1.328125,0.016068657,-0.077826939
1.3284375,0.017663237,-0.072250466
1.32875,0.018460527,-0.062690797
1.3290625,0.020852396,-0.04357146
1.329375,0.023244266,-0.025248762
1.3296875,0.026433425,-0.01011262
1.33,0.031217164,0.005023522
1.3303125,0.034406323,0.016176468
1.330625,0.035203613,0.024142859
1.3309375,0.035203613,0.027329415
1.33125,0.036000903,0.029719332
1.3315625,0.036000903,0.032109249
1.331875,0.036000903,0.032109249
1.3321875,0.035203613,0.03131261
1.3325,0.035203613,0.032905888
1.3328125,0.035203613,0.03131261
1.333125,0.035203613,0.03131261
1.3334375,0.036798193,0.035295805
1.33375,0.039987352,0.052821864
1.3340625,0.039987352,0.063974811
1.334375,0.04636567,0.09823029
1.3346875,0.051946699,0.155588301
1.335,0.052743989,0.185063946
1.3353125,0.051946699,0.200200088
1.335625,0.051946699,0.200200088
1.3359375,0.051946699,0.2065732
1.33625,0.051946699,0.19781017
1.3365625,0.051946699,0.180284111
1.336875,0.04875754,0.16514797
1.3371875,0.04716296,0.144435354
1.3375,0.043973801,0.119739544
1.3378125,0.043176511,0.097433651
1.338125,0.042379221,0.079110953
1.3384375,0.040784642,0.062381533
1.33875,0.039987352,0.045652113
1.3390625,0.035203613,0.019363024
1.339375,0.032014454,0.001836965
1.3396875,0.029622584,-0.005332786
1.34,0.026433425,-0.016485733
1.3403125,0.022446976,-0.033215153
1.340625,0.021649686,-0.04357146
1.3409375,0.021649686,-0.053131129
1.34125,0.020055106,-0.061894158
1.3415625,0.020055106,-0.066673992
1.341875,0.021649686,-0.056317685
1.3421875,0.021649686,-0.046758016
1.3425,0.022446976,-0.037198348
1.3428125,0.023244266,-0.030028596
1.343125,0.028825294,-0.010909259
1.3434375,0.031217164,0.002633605
1.34375,0.028825294,0.000243687
1.3440625,0.017663237,-0.045164738
1.344375,0.016068657,-0.074640383
1.3446875,0.016865947,-0.079420217
1.345,0.017663237,-0.076233661
1.3453125,0.019257817,-0.063487436
1.345625,0.020055106,-0.051537851
1.3459375,0.022446976,-0.030825235
1.34625,0.025636135,-0.014892454
1.3465625,0.029622584,-0.000552952
1.346875,0.032811743,0.011396634
1.3471875,0.035203613,0.022549581
1.3475,0.035203613,0.026532776
1.3478125,0.035203613,0.028922693
1.348125,0.036000903,0.030515971
1.3484375,0.036000903,0.03131261
1.34875,0.036000903,0.03131261
1.3490625,0.035203613,0.032109249
1.349375,0.036000903,0.032109249
1.3496875,0.035203613,0.03131261
1.35,0.036798193,0.032109249
1.3503125,0.038392772,0.046448752
1.350625,0.039190062,0.060788255
1.3509375,0.043176511,0.079110953
1.35125,0.050352119,0.138858881
1.3515625,0.052743989,0.176300916
1.351875,0.052743989,0.195420253
1.3521875,0.051149409,0.199403449
1.3525,0.051946699,0.204183283
1.3528125,0.051149409,0.200996727
1.353125,0.051149409,0.186657224
1.3534375,0.04955483,0.170724443
1.35375,0.04716296,0.150011828
1.3540625,0.043973801,0.128502574
1.354375,0.043176511,0.104603402
1.3546875,0.043176511,0.084687426
1.355,0.041581931,0.067161367
1.3553125,0.039987352,0.052025225
1.355625,0.036798193,0.028922693
1.3559375,0.032014454,0.005820161
1.35625,0.030419874,-0.003739508
1.3565625,0.027230715,-0.012502537
1.356875,0.023244266,-0.027638679
1.3571875,0.021649686,-0.041181543
1.3575,0.020852396,-0.050741211
1.3578125,0.020055106,-0.057910963
1.358125,0.019257817,-0.06826727
1.3584375,0.020852396,-0.06030088
1.35875,0.022446976,-0.049944572
1.3590625,0.022446976,-0.040384904
1.359375,0.023244266,-0.032418513
1.3596875,0.028028005,-0.018079011
1.36,0.032014454,0.000243687
1.3603125,0.032014454,0.007413439
1.360625,0.020055106,-0.028435318
1.3609375,0.016068657,-0.06826727
1.36125,0.016865947,-0.077826939
1.3615625,0.016865947,-0.077826939
1.361875,0.018460527,-0.06826727
1.3621875,0.019257817,-0.057910963
1.3625,0.021649686,-0.037198348
1.3628125,0.024838845,-0.020468928
1.363125,0.028028005,-0.006129425
1.3634375,0.032811743,0.007413439
1.36375,0.034406323,0.019363024
1.3640625,0.035203613,0.024939498
1.364375,0.035203613,0.027329415
1.3646875,0.036000903,0.030515971
1.365,0.036000903,0.03131261
1.3653125,0.036000903,0.03131261
1.365625,0.036000903,0.03131261
1.3659375,0.035203613,0.030515971
1.36625,0.036000903,0.030515971
1.3665625,0.036000903,0.029719332
1.366875,0.038392772,0.04007564
1.3671875,0.039987352,0.05680506
1.3675,0.040784642,0.067161367
1.3678125,0.04955483,0.118942905
1.368125,0.051946699,0.16514797
1.3684375,0.053541279,0.190640419
1.36875,0.052743989,0.200200088
1.3690625,0.051946699,0.200996727
1.369375,0.051946699,0.205776561
1.3696875,0.051946699,0.192233697
1.37,0.050352119,0.177097555
1.3703125,0.04796025,0.155588301
1.370625,0.045568381,0.136468964
1.3709375,0.043176511,0.111773154
1.37125,0.043176511,0.090263899
1.3715625,0.042379221,0.071941201
1.371875,0.040784642,0.05680506
1.3721875,0.038392772,0.037685722
1.3725,0.032811743,0.011396634
1.3728125,0.029622584,-0.00214623
1.373125,0.028028005,-0.009315981
1.3734375,0.024041555,-0.023655484
1.37375,0.021649686,-0.037198348
1.3740625,0.020852396,-0.048351294
1.374375,0.020055106,-0.056317685
1.3746875,0.018460527,-0.065877353
1.375,0.020055106,-0.065080714
1.3753125,0.021649686,-0.053131129
1.375625,0.021649686,-0.04357146
1.3759375,0.023244266,-0.034808431
1.37625,0.024838845,-0.025248762
1.3765625,0.030419874,-0.006129425
1.376875,0.032811743,0.0066168
1.3771875,0.024041555,-0.012502537
1.3775,0.015271367,-0.057114324
1.3778125,0.015271367,-0.077826939
1.378125,0.016865947,-0.079420217
1.3784375,0.017663237,-0.073047105
1.37875,0.019257817,-0.061097519
1.3790625,0.020852396,-0.045961377
1.379375,0.023244266,-0.027638679
1.3796875,0.026433425,-0.012502537
1.38,0.030419874,0.002633605
1.3803125,0.033609033,0.01458319
1.380625,0.035203613,0.02334622
1.3809375,0.035203613,0.026532776
1.38125,0.036000903,0.028922693
1.3815625,0.035203613,0.030515971
1.381875,0.035203613,0.030515971
1.3821875,0.035203613,0.032109249
1.3825,0.036000903,0.032109249
1.3828125,0.036000903,0.032109249
1.383125,0.036000903,0.030515971
1.3834375,0.037595482,0.035295805
1.38375,0.039190062,0.051228586
1.3840625,0.039987352,0.063178172
1.384375,0.045568381,0.094247095
1.3846875,0.051149409,0.151605106
1.385,0.052743989,0.182674029
1.3853125,0.052743989,0.198606809
1.385625,0.052743989,0.199403449
1.3859375,0.051946699,0.204979922
1.38625,0.051946699,0.19781017
1.3865625,0.051149409,0.182674029
1.386875,0.04955483,0.164351331
1.3871875,0.04716296,0.142842076
1.3875,0.043973801,0.119739544
1.3878125,0.043176511,0.097433651
1.388125,0.042379221,0.079110953
1.3884375,0.039987352,0.061584894
1.38875,0.039190062,0.047245391
1.3890625,0.034406323,0.020159663
1.389375,0.031217164,0.001040326
1.3896875,0.028825294,-0.006129425
1.39,0.024838845,-0.017282372
1.3903125,0.022446976,-0.032418513
1.390625,0.020852396,-0.044368099
1.3909375,0.020055106,-0.053927768
1.39125,0.018460527,-0.061894158
1.3915625,0.018460527,-0.067470631
1.391875,0.020055106,-0.057114324
1.3921875,0.020852396,-0.046758016
1.3925,0.020852396,-0.037198348
1.3928125,0.022446976,-0.030825235
1.393125,0.027230715,-0.012502537
1.3934375,0.031217164,0.002633605
1.39375,0.028028005,0.001040326
1.3940625,0.016068657,-0.04357146
1.394375,0.014474078,-0.073843744
1.3946875,0.016068657,-0.079420217
1.395,0.016865947,-0.076233661
1.3953125,0.019257817,-0.065080714
1.395625,0.019257817,-0.05233449
1.3959375,0.021649686,-0.032418513
1.39625,0.025636135,-0.015689094
1.3965625,0.029622584,-0.001349591
1.396875,0.032014454,0.011396634
1.3971875,0.034406323,0.021752942
1.3975,0.035203613,0.024939498
1.3978125,0.036000903,0.028126054
1.398125,0.036000903,0.029719332
1.3984375,0.036000903,0.030515971
1.39875,0.035203613,0.030515971
1.3990625,0.035203613,0.03131261
1.399375,0.036000903,0.030515971
1.3996875,0.036000903,0.030515971
1.4,0.036798193,0.03131261
1.4003125,0.039190062,0.044058835
1.400625,0.039987352,0.059194977
1.4009375,0.043176511,0.076721036
1.40125,0.051149409,0.136468964
1.4015625,0.053541279,0.174707638
1.401875,0.053541279,0.196216892
1.4021875,0.051946699,0.200200088
1.4025,0.052743989,0.204183283
1.4028125,0.051946699,0.201793366
1.403125,0.051946699,0.187453863
1.4034375,0.04955483,0.171521082
1.40375,0.04796025,0.150011828
1.4040625,0.044771091,0.129299213
1.404375,0.042379221,0.104603402
1.4046875,0.042379221,0.084687426
1.405,0.040784642,0.067958006
1.4053125,0.039987352,0.053618503
1.405625,0.036000903,0.030515971
1.4059375,0.031217164,0.0066168
1.40625,0.029622584,-0.003739508
1.4065625,0.026433425,-0.013299176
1.406875,0.023244266,-0.027638679
1.4071875,0.020852396,-0.040384904
1.4075,0.020055106,-0.050741211
1.4078125,0.019257817,-0.057114324
1.408125,0.019257817,-0.066673992
1.4084375,0.020055106,-0.06030088
1.40875,0.020852396,-0.049944572
1.4090625,0.021649686,-0.041181543
1.409375,0.022446976,-0.033215153
1.4096875,0.026433425,-0.01887565
1.41,0.030419874,-0.001349591
1.4103125,0.032811743,0.0066168
1.410625,0.019257817,-0.027638679
1.4109375,0.015271367,-0.067470631
1.41125,0.016068657,-0.078623578
1.4115625,0.016068657,-0.077826939
1.411875,0.018460527,-0.069860549
1.4121875,0.019257817,-0.057910963
1.4125,0.020852396,-0.038791626
1.4128125,0.023244266,-0.021265567
1.413125,0.027230715,-0.006926064
1.4134375,0.031217164,0.007413439
1.41375,0.034406323,0.018566385
1.4140625,0.035203613,0.02334622
1.414375,0.035203613,0.026532776
1.4146875,0.035203613,0.028922693
1.415,0.035203613,0.030515971
1.4153125,0.036000903,0.03131261
1.415625,0.035203613,0.030515971
1.4159375,0.036000903,0.030515971
1.41625,0.036000903,0.030515971
1.4165625,0.036000903,0.029719332
1.416875,0.038392772,0.039279001
1.4171875,0.039987352,0.055211781
1.4175,0.040784642,0.066364728
1.4178125,0.04955483,0.116552988
1.418125,0.051946699,0.163554692
1.4184375,0.053541279,0.18984378
1.41875,0.051946699,0.200200088
1.4190625,0.052743989,0.200996727
1.419375,0.052743989,0.204979922
1.4196875,0.051946699,0.191437058
1.42,0.051149409,0.177894194
1.4203125,0.04796025,0.157181579
1.420625,0.045568381,0.136468964
1.4209375,0.042379221,0.112569793
1.42125,0.042379221,0.091857178
1.4215625,0.042379221,0.073534479
1.421875,0.040784642,0.057601699
1.4221875,0.037595482,0.039279001
1.4225,0.032811743,0.012193273
1.4228125,0.029622584,-0.00214623
1.423125,0.027230715,-0.009315981
1.4234375,0.024041555,-0.022062206
1.42375,0.021649686,-0.037198348
1.4240625,0.020852396,-0.048351294
1.424375,0.020055106,-0.055521046
1.4246875,0.019257817,-0.065877353
1.425,0.019257817,-0.065080714
1.4253125,0.020852396,-0.053927768
1.425625,0.020852396,-0.044368099
1.4259375,0.022446976,-0.034808431
1.42625,0.024041555,-0.027638679
1.4265625,0.028825294,-0.006926064
1.426875,0.032014454,0.005820161
1.4271875,0.023244266,-0.011705898
1.4275,0.015271367,-0.056317685
1.4278125,0.015271367,-0.077826939
1.428125,0.016068657,-0.079420217
1.4284375,0.016865947,-0.074640383
1.42875,0.017663237,-0.061894158
1.4290625,0.020055106,-0.045961377
1.429375,0.021649686,-0.028435318
1.4296875,0.025636135,-0.012502537
1.43,0.029622584,0.001836965
1.4303125,0.033609033,0.013786551
1.430625,0.035203613,0.022549581
1.4309375,0.035203613,0.025736137
1.43125,0.035203613,0.028126054
1.4315625,0.035203613,0.030515971
1.431875,0.035203613,0.03131261
1.4321875,0.036000903,0.03131261
1.4325,0.035203613,0.030515971
1.4328125,0.036000903,0.030515971
1.433125,0.036000903,0.028922693
1.4334375,0.037595482,0.033702527
1.43375,0.039987352,0.049635308
1.4340625,0.039987352,0.062381533
1.434375,0.045568381,0.091857178
1.4346875,0.051946699,0.150808467
1.435,0.053541279,0.18187739
1.4353125,0.053541279,0.19781017
1.435625,0.051946699,0.19781017
1.4359375,0.053541279,0.2065732
1.43625,0.052743989,0.198606809
1.4365625,0.051946699,0.183470668
1.436875,0.04955483,0.16514797
1.4371875,0.04716296,0.144435354
1.4375,0.044771091,0.120536183
1.4378125,0.043973801,0.099823568
1.438125,0.043176511,0.079907592
1.4384375,0.041581931,0.06477145
1.43875,0.039987352,0.048838669
1.4390625,0.035203613,0.021752942
1.439375,0.031217164,0.001836965
1.4396875,0.029622584,-0.005332786
1.44,0.025636135,-0.015689094
1.4403125,0.022446976,-0.031621874
1.440625,0.020852396,-0.04357146
1.4409375,0.020852396,-0.05233449
1.44125,0.018460527,-0.059504241
1.4415625,0.019257817,-0.065877353
1.441875,0.020055106,-0.057114324
1.4421875,0.021649686,-0.047554655
1.4425,0.022446976,-0.037198348
1.4428125,0.023244266,-0.030825235
1.443125,0.028028005,-0.012502537
1.4434375,0.032014454,0.002633605
1.44375,0.028825294,0.001040326
1.4440625,0.016865947,-0.041978182
1.444375,0.014474078,-0.073843744
1.4446875,0.015271367,-0.078623578
1.445,0.016865947,-0.076233661
1.4453125,0.018460527,-0.065877353
1.445625,0.019257817,-0.05233449
1.4459375,0.022446976,-0.034011792
1.44625,0.024838845,-0.017282372
1.4465625,0.028825294,-0.002942869
1.446875,0.032811743,0.010599995
1.4471875,0.034406323,0.020159663
1.4475,0.035203613,0.024142859
1.4478125,0.035203613,0.027329415
1.448125,0.035203613,0.028922693
1.4484375,0.036000903,0.03131261
1.44875,0.036000903,0.030515971
1.4490625,0.036798193,0.030515971
1.449375,0.036000903,0.030515971
1.4496875,0.036000903,0.029719332
1.45,0.036000903,0.03131261
1.4503125,0.039190062,0.043262196
1.450625,0.040784642,0.059194977
1.4509375,0.043176511,0.075127758
1.45125,0.051149409,0.134079047
1.4515625,0.053541279,0.17311436
1.451875,0.054338569,0.193826975
1.4521875,0.053541279,0.201793366
1.4525,0.054338569,0.204979922
1.4528125,0.053541279,0.204183283
1.453125,0.052743989,0.18984378
1.4534375,0.051946699,0.173910999
1.45375,0.04875754,0.152401745
1.4540625,0.04716296,0.130892491
1.454375,0.043973801,0.109383236
1.4546875,0.043176511,0.087873982
1.455,0.042379221,0.070347923
1.4553125,0.040784642,0.055211781
1.455625,0.037595482,0.032905888
1.4559375,0.032811743,0.008210078
1.45625,0.030419874,-0.001349591
1.4565625,0.027230715,-0.01011262
1.456875,0.023244266,-0.025248762
1.4571875,0.020852396,-0.038791626
1.4575,0.020055106,-0.049147933
1.4578125,0.018460527,-0.055521046
1.458125,0.017663237,-0.065877353
1.4584375,0.020055106,-0.06030088
1.45875,0.020055106,-0.049944572
1.4590625,0.020852396,-0.040384904
1.459375,0.021649686,-0.033215153
1.4596875,0.025636135,-0.020468928
1.46,0.029622584,-0.00214623
1.4603125,0.031217164,0.007413439
1.460625,0.019257817,-0.026045401
1.4609375,0.013676788,-0.066673992
1.46125,0.013676788,-0.078623578
1.4615625,0.015271367,-0.079420217
1.461875,0.016068657,-0.070657188
1.4621875,0.017663237,-0.057910963
1.4625,0.019257817,-0.040384904
1.4628125,0.022446976,-0.023655484
1.463125,0.026433425,-0.007722703
1.4634375,0.030419874,0.005820161
1.46375,0.033609033,0.016973107
1.4640625,0.034406323,0.02334622
1.464375,0.034406323,0.026532776
1.4646875,0.036000903,0.028922693
1.465,0.035203613,0.029719332
1.4653125,0.036000903,0.029719332
1.465625,0.035203613,0.030515971
1.4659375,0.036000903,0.030515971
1.46625,0.036000903,0.030515971
1.4665625,0.036000903,0.029719332
1.466875,0.037595482,0.037685722
1.4671875,0.039987352,0.054415142
1.4675,0.040784642,0.065568089
1.4678125,0.04955483,0.111773154
1.468125,0.052743989,0.161961413
1.4684375,0.055135858,0.188250502
1.46875,0.054338569,0.199403449
1.4690625,0.054338569,0.200996727
1.469375,0.055135858,0.205776561
1.4696875,0.054338569,0.194623614
1.47,0.052743989,0.180284111
1.4703125,0.050352119,0.160368135
1.470625,0.04796025,0.13965552
1.4709375,0.044771091,0.11495971
1.47125,0.044771091,0.095043734
1.4715625,0.043176511,0.075924397
1.471875,0.041581931,0.059194977
1.4721875,0.039190062,0.041668918
1.4725,0.034406323,0.015379829
1.4728125,0.030419874,0.000243687
1.473125,0.028825294,-0.006129425
1.4734375,0.024838845,-0.020468928
1.47375,0.021649686,-0.03560507
1.4740625,0.020852396,-0.045961377
1.474375,0.019257817,-0.053131129
1.4746875,0.017663237,-0.063487436
1.475,0.019257817,-0.063487436
1.4753125,0.020055106,-0.053927768
1.475625,0.020852396,-0.044368099
1.4759375,0.021649686,-0.03560507
1.47625,0.023244266,-0.02684204
1.4765625,0.028028005,-0.006926064
1.476875,0.032014454,0.005820161
1.4771875,0.023244266,-0.009315981
1.4775,0.014474078,-0.054724407
1.4778125,0.013676788,-0.078623578
1.478125,0.014474078,-0.080216856
1.4784375,0.016068657,-0.076233661
1.47875,0.017663237,-0.062690797
1.4790625,0.019257817,-0.048351294
1.479375,0.021649686,-0.030825235
1.4796875,0.024838845,-0.014892454
1.48,0.029622584,0.000243687
1.4803125,0.032811743,0.012193273
1.480625,0.035203613,0.021752942
1.4809375,0.035203613,0.024939498
1.48125,0.035203613,0.028126054
1.4815625,0.036000903,0.028922693
1.481875,0.035203613,0.030515971
1.4821875,0.036000903,0.029719332
1.4825,0.036000903,0.029719332
1.4828125,0.036798193,0.028922693
1.483125,0.036798193,0.028126054
1.4834375,0.037595482,0.032109249
1.48375,0.040784642,0.04804203
1.4840625,0.040784642,0.059991616
1.484375,0.04716296,0.087873982
1.4846875,0.052743989,0.147621911
1.485,0.055135858,0.181080751
1.4853125,0.055135858,0.199403449
1.485625,0.055135858,0.200200088
1.4859375,0.056730438,0.207369839
1.48625,0.055135858,0.200200088
1.4865625,0.054338569,0.185063946
1.486875,0.051946699,0.168334526
1.4871875,0.04955483,0.147621911
1.4875,0.04716296,0.124519378
1.4878125,0.045568381,0.102213485
1.488125,0.043973801,0.083094148
1.4884375,0.042379221,0.065568089
1.48875,0.040784642,0.050431947
1.4890625,0.036000903,0.024939498
1.489375,0.032014454,0.004226883
1.4896875,0.030419874,-0.003739508
1.49,0.026433425,-0.014892454
1.4903125,0.023244266,-0.029231957
1.490625,0.020852396,-0.041978182
1.4909375,0.019257817,-0.051537851
1.49125,0.018460527,-0.059504241
1.4915625,0.018460527,-0.065877353
1.491875,0.020055106,-0.057114324
1.4921875,0.020852396,-0.046758016
1.4925,0.021649686,-0.037198348
1.4928125,0.022446976,-0.030825235
1.493125,0.026433425,-0.012502537
1.4934375,0.031217164,0.002633605
1.49375,0.028825294,0.001836965
1.4940625,0.016865947,-0.040384904
1.494375,0.014474078,-0.073047105
1.4946875,0.015271367,-0.079420217
1.495,0.016068657,-0.077826939
1.4953125,0.016865947,-0.066673992
1.495625,0.018460527,-0.053927768
1.4959375,0.020852396,-0.03560507
1.49625,0.024041555,-0.019672289
1.4965625,0.028028005,-0.004536147
1.496875,0.032014454,0.009006717
1.4971875,0.034406323,0.020159663
1.4975,0.034406323,0.024142859
1.4978125,0.036000903,0.027329415
1.498125,0.036000903,0.028126054
1.4984375,0.036000903,0.029719332
1.49875,0.035203613,0.030515971
1.4990625,0.035203613,0.029719332
1.499375,0.035203613,0.030515971
1.4996875,0.036000903,0.029719332
1.5,0.036798193,0.030515971
1.5003125,0.039190062,0.043262196
1.500625,0.040784642,0.058398338
1.5009375,0.043176511,0.073534479
1.50125,0.051149409,0.13168913
1.5015625,0.053541279,0.170724443
1.501875,0.054338569,0.194623614
1.5021875,0.053541279,0.200996727
1.5025,0.054338569,0.204183283
1.5028125,0.054338569,0.204183283
1.503125,0.055135858,0.18984378
1.5034375,0.052743989,0.174707638
1.50375,0.050352119,0.153995023
1.5040625,0.04796025,0.133282408
1.504375,0.044771091,0.110179876
1.5046875,0.044771091,0.088670621
1.505,0.042379221,0.071144562
1.5053125,0.041581931,0.05600842
1.505625,0.038392772,0.034499166
1.5059375,0.033609033,0.009803356
1.50625,0.031217164,-0.001349591
1.5065625,0.028028005,-0.01011262
1.506875,0.024041555,-0.024452123
1.5071875,0.021649686,-0.037994987
1.5075,0.019257817,-0.048351294
1.5078125,0.019257817,-0.054724407
1.508125,0.017663237,-0.065080714
1.5084375,0.019257817,-0.059504241
1.50875,0.020055106,-0.049147933
1.5090625,0.020852396,-0.040384904
1.509375,0.021649686,-0.032418513
1.5096875,0.024838845,-0.020468928
1.51,0.030419874,-0.002942869
1.5103125,0.032014454,0.005820161
1.510625,0.019257817,-0.026045401
1.5109375,0.015271367,-0.065877353
1.51125,0.016068657,-0.079420217
1.5115625,0.015271367,-0.080216856
1.511875,0.016865947,-0.072250466
1.5121875,0.018460527,-0.06030088
1.5125,0.020055106,-0.041978182
1.5128125,0.023244266,-0.024452123
1.513125,0.026433425,-0.01011262
1.5134375,0.031217164,0.004226883
1.51375,0.034406323,0.016176468
1.5140625,0.034406323,0.022549581
1.514375,0.036000903,0.025736137
1.5146875,0.036798193,0.028126054
1.515,0.036000903,0.029719332
1.5153125,0.036000903,0.029719332
1.515625,0.036000903,0.029719332
1.5159375,0.036798193,0.030515971
1.51625,0.036000903,0.030515971
1.5165625,0.036000903,0.028922693
1.516875,0.038392772,0.036889083
1.5171875,0.041581931,0.053618503
1.5175,0.041581931,0.06477145
1.5178125,0.04875754,0.110179876
1.518125,0.052743989,0.161164774
1.5184375,0.055135858,0.188250502
1.51875,0.055135858,0.200200088
1.5190625,0.054338569,0.201793366
1.519375,0.054338569,0.2065732
1.5196875,0.054338569,0.196216892
1.52,0.053541279,0.181080751
1.5203125,0.051149409,0.161164774
1.520625,0.04875754,0.140452159
1.5209375,0.04636567,0.118146266
1.52125,0.044771091,0.097433651
1.5215625,0.043176511,0.076721036
1.521875,0.042379221,0.061584894
1.5221875,0.039987352,0.044855474
1.5225,0.034406323,0.016973107
1.5228125,0.032014454,0.001836965
1.523125,0.029622584,-0.005332786
1.5234375,0.025636135,-0.018079011
1.52375,0.022446976,-0.033215153
1.5240625,0.020852396,-0.044368099
1.524375,0.020055106,-0.05233449
1.5246875,0.018460527,-0.061894158
1.525,0.019257817,-0.063487436
1.5253125,0.020055106,-0.053131129
1.525625,0.021649686,-0.041978182
1.5259375,0.022446976,-0.034011792
1.52625,0.024041555,-0.026045401
1.5265625,0.029622584,-0.006926064
1.526875,0.032811743,0.005820161
1.5271875,0.025636135,-0.007722703
1.5275,0.015271367,-0.053131129
1.5278125,0.014474078,-0.0770303
1.528125,0.014474078,-0.079420217
1.5284375,0.016068657,-0.075437022
1.52875,0.018460527,-0.062690797
1.5290625,0.019257817,-0.049147933
1.529375,0.021649686,-0.030028596
1.5296875,0.025636135,-0.014095815
1.53,0.029622584,0.000243687
1.5303125,0.033609033,0.012193273
1.530625,0.034406323,0.021752942
1.5309375,0.035203613,0.024142859
1.53125,0.035203613,0.027329415
1.5315625,0.036000903,0.028922693
1.531875,0.036000903,0.030515971
1.5321875,0.036000903,0.030515971
1.5325,0.036000903,0.030515971
1.5328125,0.036000903,0.030515971
1.533125,0.036000903,0.028922693
1.5334375,0.036798193,0.032905888
1.53375,0.039987352,0.048838669
1.5340625,0.040784642,0.061584894
1.534375,0.045568381,0.087077343
1.5346875,0.052743989,0.146825272
1.535,0.054338569,0.181080751
1.5353125,0.055135858,0.199403449
1.535625,0.053541279,0.199403449
1.5359375,0.055135858,0.2065732
1.53625,0.054338569,0.200200088
1.5365625,0.053541279,0.185860585
1.536875,0.051946699,0.169131165
1.5371875,0.04955483,0.14841855
1.5375,0.04636567,0.125316017
1.5378125,0.044771091,0.102213485
1.538125,0.043973801,0.083094148
1.5384375,0.043176511,0.066364728
1.53875,0.041581931,0.051228586
1.5390625,0.036798193,0.026532776
1.539375,0.032811743,0.005023522
1.5396875,0.030419874,-0.002942869
1.54,0.026433425,-0.013299176
1.5403125,0.022446976,-0.028435318
1.540625,0.020852396,-0.040384904
1.5409375,0.020055106,-0.049944572
1.54125,0.018460527,-0.057910963
1.5415625,0.017663237,-0.065080714
1.541875,0.019257817,-0.057114324
1.5421875,0.020852396,-0.046758016
1.5425,0.021649686,-0.037198348
1.5428125,0.022446976,-0.030825235
1.543125,0.027230715,-0.014095815
1.5434375,0.031217164,0.001836965
1.54375,0.030419874,0.002633605
1.5440625,0.017663237,-0.038791626
1.544375,0.015271367,-0.072250466
1.5446875,0.016068657,-0.079420217
1.545,0.016068657,-0.078623578
1.5453125,0.017663237,-0.067470631
1.545625,0.019257817,-0.053927768
1.5459375,0.021649686,-0.03560507
1.54625,0.024041555,-0.020468928
1.5465625,0.028028005,-0.005332786
1.546875,0.032811743,0.008210078
1.5471875,0.035203613,0.018566385
1.5475,0.035203613,0.024142859
1.5478125,0.035203613,0.026532776
1.548125,0.036000903,0.028922693
1.5484375,0.036000903,0.029719332
1.54875,0.036000903,0.030515971
1.5490625,0.036000903,0.030515971
1.549375,0.036798193,0.030515971
1.5496875,0.036000903,0.029719332
1.55,0.036798193,0.030515971
1.5503125,0.039190062,0.041668918
1.550625,0.040784642,0.057601699
1.5509375,0.043973801,0.071941201
1.55125,0.051149409,0.130095852
1.5515625,0.054338569,0.170724443
1.551875,0.055933148,0.193826975
1.5521875,0.054338569,0.201793366
1.5525,0.055933148,0.204979922
1.5528125,0.054338569,0.204979922
1.553125,0.055135858,0.191437058
1.5534375,0.053541279,0.177097555
1.55375,0.051149409,0.154791662
1.5540625,0.04796025,0.134875686
1.554375,0.044771091,0.110976515
1.5546875,0.044771091,0.08946726
1.555,0.043176511,0.07273784
1.5553125,0.041581931,0.057601699
1.555625,0.038392772,0.036889083
1.5559375,0.033609033,0.010599995
1.55625,0.030419874,0.000243687
1.5565625,0.028028005,-0.009315981
1.556875,0.024041555,-0.022858845
1.5571875,0.021649686,-0.037198348
1.5575,0.019257817,-0.047554655
1.5578125,0.019257817,-0.054724407
1.558125,0.018460527,-0.063487436
1.5584375,0.020055106,-0.06030088
1.55875,0.020852396,-0.050741211
1.5590625,0.020852396,-0.040384904
1.559375,0.022446976,-0.032418513
1.5596875,0.025636135,-0.020468928
1.56,0.030419874,-0.002942869
1.5603125,0.032811743,0.007413439
1.560625,0.020852396,-0.022062206
1.5609375,0.014474078,-0.064284075
1.56125,0.014474078,-0.079420217
1.5615625,0.016068657,-0.078623578
1.561875,0.016865947,-0.071453827
1.5621875,0.018460527,-0.059504241
1.5625,0.020852396,-0.042774821
1.5628125,0.023244266,-0.024452123
1.563125,0.026433425,-0.01011262
1.5634375,0.031217164,0.004226883
1.56375,0.033609033,0.016176468
1.5640625,0.035203613,0.022549581
1.564375,0.036000903,0.026532776
1.5646875,0.036000903,0.028922693
1.565,0.036798193,0.029719332
1.5653125,0.036000903,0.030515971
1.565625,0.036000903,0.030515971
1.5659375,0.036798193,0.030515971
1.56625,0.036798193,0.030515971
1.5665625,0.036798193,0.028922693
1.566875,0.039190062,0.036889083
1.5671875,0.041581931,0.052821864
1.5675,0.042379221,0.063974811
1.5678125,0.04955483,0.106993319
1.568125,0.053541279,0.159571496
1.5684375,0.055933148,0.187453863
1.56875,0.055135858,0.200996727
1.5690625,0.055135858,0.200996727
1.569375,0.055135858,0.2065732
1.5696875,0.054338569,0.196216892
1.57,0.054338569,0.18187739
1.5703125,0.051149409,0.161961413
1.570625,0.04955483,0.142045437
1.5709375,0.045568381,0.117349627
1.57125,0.044771091,0.096637012
1.5715625,0.043973801,0.078314314
1.571875,0.042379221,0.061584894
1.5721875,0.039987352,0.045652113
1.5725,0.035203613,0.017769746
1.5728125,0.032014454,0.002633605
1.573125,0.030419874,-0.004536147
1.5734375,0.025636135,-0.017282372
1.57375,0.022446976,-0.032418513
1.5740625,0.020852396,-0.04357146
1.574375,0.019257817,-0.050741211
1.5746875,0.018460527,-0.059504241
1.575,0.019257817,-0.062690797
1.5753125,0.020852396,-0.053131129
1.575625,0.021649686,-0.044368099
1.5759375,0.023244266,-0.034808431
1.57625,0.024838845,-0.02684204
1.5765625,0.028825294,-0.008519342
1.576875,0.032014454,0.004226883
1.5771875,0.025636135,-0.006129425
1.5775,0.016068657,-0.051537851
1.5778125,0.015271367,-0.076233661
1.578125,0.016068657,-0.079420217
1.5784375,0.016865947,-0.076233661
1.57875,0.018460527,-0.063487436
1.5790625,0.020055106,-0.049944572
1.579375,0.022446976,-0.030825235
1.5796875,0.025636135,-0.014892454
1.58,0.030419874,0.000243687
1.5803125,0.032811743,0.011396634
1.580625,0.035203613,0.021752942
1.5809375,0.034406323,0.024939498
1.58125,0.036000903,0.028126054
1.5815625,0.036000903,0.029719332
1.581875,0.035203613,0.030515971
1.5821875,0.036798193,0.030515971
1.5825,0.036000903,0.029719332
1.5828125,0.036000903,0.030515971
1.583125,0.036000903,0.029719332
1.5834375,0.037595482,0.032109249
1.58375,0.039987352,0.04804203
1.5840625,0.040784642,0.059991616
1.584375,0.04636567,0.084687426
1.5846875,0.053541279,0.145231993
1.585,0.055933148,0.179487472
1.5853125,0.055933148,0.198606809
1.585625,0.054338569,0.200996727
1.5859375,0.055933148,0.208166478
1.58625,0.054338569,0.202590005
1.5865625,0.054338569,0.187453863
1.586875,0.051946699,0.170724443
1.5871875,0.050352119,0.150011828
1.5875,0.04716296,0.127705935
1.5878125,0.044771091,0.104603402
1.588125,0.043973801,0.084687426
1.5884375,0.042379221,0.067958006
1.58875,0.040784642,0.052821864
1.5890625,0.036798193,0.027329415
1.589375,0.032811743,0.0066168
1.5896875,0.031217164,-0.00214623
1.59,0.027230715,-0.012502537
1.5903125,0.023244266,-0.027638679
1.590625,0.020852396,-0.038791626
1.5909375,0.019257817,-0.049147933
1.59125,0.018460527,-0.057114324
1.5915625,0.018460527,-0.065080714
1.591875,0.020055106,-0.056317685
1.5921875,0.020852396,-0.045961377
1.5925,0.020852396,-0.037198348
1.5928125,0.021649686,-0.031621874
1.593125,0.025636135,-0.014892454
1.5934375,0.030419874,0.001836965
1.59375,0.029622584,0.003430244
1.5940625,0.017663237,-0.037198348
1.594375,0.014474078,-0.072250466
1.5946875,0.014474078,-0.080216856
1.595,0.015271367,-0.078623578
1.5953125,0.017663237,-0.06826727
1.595625,0.019257817,-0.055521046
1.5959375,0.022446976,-0.037198348
1.59625,0.024838845,-0.020468928
1.5965625,0.028028005,-0.006129425
1.596875,0.031217164,0.007413439
1.5971875,0.034406323,0.017769746
1.5975,0.035203613,0.02334622
1.5978125,0.035203613,0.026532776
1.598125,0.036000903,0.028126054
1.5984375,0.036000903,0.028922693
1.59875,0.036000903,0.028922693
1.5990625,0.036000903,0.028922693
1.599375,0.036000903,0.029719332
1.5996875,0.036000903,0.029719332
1.6,0.036000903,0.028922693
1.6003125,0.039190062,0.04007564
1.600625,0.040784642,0.05600842
1.6009375,0.043176511,0.068754645
1.60125,0.050352119,0.126909295
1.6015625,0.053541279,0.169927804
1.601875,0.055933148,0.193030336
1.6021875,0.054338569,0.200200088
1.6025,0.055933148,0.203386644
1.6028125,0.054338569,0.204979922
1.603125,0.054338569,0.191437058
1.6034375,0.053541279,0.177097555
1.60375,0.051149409,0.15638494
1.6040625,0.04875754,0.134875686
1.604375,0.044771091,0.110179876
1.6046875,0.044771091,0.090263899
1.605,0.043176511,0.071941201
1.6053125,0.041581931,0.05680506
1.605625,0.039190062,0.036889083
1.6059375,0.033609033,0.010599995
1.60625,0.030419874,-0.000552952
1.6065625,0.028028005,-0.008519342
1.606875,0.024041555,-0.022858845
1.6071875,0.021649686,-0.036401709
1.6075,0.020055106,-0.046758016
1.6078125,0.018460527,-0.054724407
1.608125,0.017663237,-0.065080714
1.6084375,0.018460527,-0.061097519
1.60875,0.020055106,-0.050741211
1.6090625,0.020852396,-0.041181543
1.609375,0.021649686,-0.034011792
1.6096875,0.024838845,-0.023655484
1.61,0.029622584,-0.003739508
1.6103125,0.032811743,0.0066168
1.610625,0.020852396,-0.022062206
1.6109375,0.014474078,-0.064284075
1.61125,0.015271367,-0.078623578
1.6115625,0.015271367,-0.080216856
1.611875,0.017663237,-0.072250466
1.6121875,0.019257817,-0.06030088
1.6125,0.021649686,-0.04357146
1.6128125,0.024041555,-0.025248762
1.613125,0.027230715,-0.01011262
1.6134375,0.030419874,0.002633605
1.61375,0.034406323,0.015379829
1.6140625,0.035203613,0.021752942
1.614375,0.036000903,0.024939498
1.6146875,0.036000903,0.027329415
1.615,0.036000903,0.028922693
1.6153125,0.036000903,0.028922693
1.615625,0.036000903,0.029719332
1.6159375,0.036000903,0.029719332
1.61625,0.036000903,0.028922693
1.6165625,0.036000903,0.028922693
1.616875,0.037595482,0.035295805
1.6171875,0.040784642,0.052025225
1.6175,0.040784642,0.063178172
1.6178125,0.04875754,0.104603402
1.618125,0.053541279,0.157978218
1.6184375,0.055933148,0.186657224
1.61875,0.055135858,0.200200088
1.6190625,0.055135858,0.200200088
1.619375,0.055933148,0.2065732
1.6196875,0.054338569,0.197013531
1.62,0.053541279,0.182674029
1.6203125,0.051149409,0.162758052
1.620625,0.050352119,0.143638715
1.6209375,0.045568381,0.118146266
1.62125,0.044771091,0.097433651
1.6215625,0.043973801,0.079110953
1.621875,0.042379221,0.063178172
1.6221875,0.039190062,0.045652113
1.6225,0.035203613,0.018566385
1.6228125,0.031217164,0.001836965
1.623125,0.029622584,-0.006129425
1.6234375,0.025636135,-0.017282372
1.62375,0.021649686,-0.032418513
1.6240625,0.020055106,-0.044368099
1.624375,0.019257817,-0.053131129
1.6246875,0.018460527,-0.061097519
1.625,0.018460527,-0.064284075
1.6253125,0.019257817,-0.055521046
1.625625,0.020852396,-0.044368099
1.6259375,0.021649686,-0.03560507
1.62625,0.022446976,-0.028435318
1.6265625,0.028028005,-0.009315981
1.626875,0.032014454,0.003430244
1.6271875,0.024838845,-0.006129425
1.6275,0.015271367,-0.050741211
1.6278125,0.014474078,-0.0770303
1.628125,0.014474078,-0.080216856
1.6284375,0.015271367,-0.0770303
1.62875,0.017663237,-0.065080714
1.6290625,0.019257817,-0.051537851
1.629375,0.021649686,-0.032418513
1.6296875,0.024041555,-0.016485733
1.63,0.028028005,-0.001349591
1.6303125,0.032014454,0.010599995
1.630625,0.033609033,0.019363024
1.6309375,0.034406323,0.02334622
1.63125,0.035203613,0.026532776
1.6315625,0.036000903,0.028126054
1.631875,0.036000903,0.029719332
1.6321875,0.036000903,0.029719332
1.6325,0.036000903,0.029719332
1.6328125,0.036000903,0.028922693
1.633125,0.036000903,0.028126054
1.6334375,0.037595482,0.03131261
1.63375,0.039987352,0.046448752
1.6340625,0.040784642,0.059991616
1.634375,0.045568381,0.083094148
1.6346875,0.052743989,0.143638715
1.635,0.055135858,0.179487472
1.6353125,0.055933148,0.19781017
1.635625,0.054338569,0.200200088
1.6359375,0.054338569,0.2065732
1.63625,0.054338569,0.202590005
1.6365625,0.053541279,0.187453863
1.636875,0.051946699,0.169927804
1.6371875,0.04955483,0.150011828
1.6375,0.04716296,0.129299213
1.6378125,0.043973801,0.103806763
1.638125,0.043973801,0.084687426
1.6384375,0.043176511,0.068754645
1.63875,0.041581931,0.053618503
1.6390625,0.036798193,0.028922693
1.639375,0.032014454,0.0066168
1.6396875,0.030419874,-0.002942869
1.64,0.026433425,-0.012502537
1.6403125,0.023244266,-0.027638679
1.640625,0.020852396,-0.039588265
1.6409375,0.019257817,-0.049944572
1.64125,0.018460527,-0.057114324
1.6415625,0.018460527,-0.065080714
1.641875,0.020055106,-0.057910963
1.6421875,0.020055106,-0.048351294
1.6425,0.021649686,-0.037994987
1.6428125,0.021649686,-0.031621874
1.643125,0.027230715,-0.014892454
1.6434375,0.030419874,0.000243687
1.64375,0.029622584,0.003430244
1.6440625,0.016865947,-0.036401709
1.644375,0.013676788,-0.071453827
1.6446875,0.014474078,-0.080216856
1.645,0.015271367,-0.078623578
1.6453125,0.016865947,-0.06826727
1.645625,0.018460527,-0.057114324
1.6459375,0.020852396,-0.037994987
1.64625,0.023244266,-0.020468928
1.6465625,0.027230715,-0.006129425
1.646875,0.031217164,0.0066168
1.6471875,0.034406323,0.017769746
1.6475,0.034406323,0.022549581
1.6478125,0.035203613,0.024939498
1.648125,0.036000903,0.027329415
1.6484375,0.036000903,0.028922693
1.64875,0.036000903,0.028922693
1.6490625,0.035203613,0.028922693
1.649375,0.036000903,0.029719332
1.6496875,0.036000903,0.028922693
1.65,0.035203613,0.028922693
1.6503125,0.039190062,0.04007564
1.650625,0.039987352,0.055211781
1.6509375,0.042379221,0.068754645
1.65125,0.051149409,0.124519378
1.6515625,0.054338569,0.168334526
1.651875,0.055933148,0.192233697
1.6521875,0.055135858,0.200996727
1.6525,0.055933148,0.203386644
1.6528125,0.055135858,0.204979922
1.653125,0.054338569,0.192233697
1.6534375,0.053541279,0.177894194
1.65375,0.051149409,0.157181579
1.6540625,0.04875754,0.138062242
1.654375,0.044771091,0.111773154
1.6546875,0.043973801,0.091060538
1.655,0.043176511,0.073534479
1.6553125,0.042379221,0.059194977
1.655625,0.039190062,0.039279001
1.6559375,0.034406323,0.012193273
1.65625,0.031217164,0.001040326
1.6565625,0.028825294,-0.006926064
1.656875,0.024041555,-0.022062206
1.6571875,0.021649686,-0.03560507
1.6575,0.019257817,-0.045961377
1.6578125,0.019257817,-0.053131129
1.658125,0.017663237,-0.063487436
1.6584375,0.018460527,-0.061097519
1.65875,0.020055106,-0.050741211
1.6590625,0.020852396,-0.041181543
1.659375,0.021649686,-0.032418513
1.6596875,0.024041555,-0.022858845
1.66,0.029622584,-0.003739508
1.6603125,0.031217164,0.0066168
1.660625,0.020055106,-0.01887565
1.6609375,0.013676788,-0.061894158
1.66125,0.012879498,-0.078623578
1.6615625,0.012879498,-0.079420217
1.661875,0.015271367,-0.073047105
1.6621875,0.016865947,-0.061097519
1.6625,0.018460527,-0.045164738
1.6628125,0.021649686,-0.02684204
1.663125,0.025636135,-0.010909259
1.6634375,0.029622584,0.002633605
1.66375,0.032811743,0.013786551
1.6640625,0.034406323,0.021752942
1.664375,0.035203613,0.024939498
1.6646875,0.036000903,0.027329415
1.665,0.036000903,0.028922693
1.6653125,0.036000903,0.029719332
1.665625,0.036000903,0.029719332
1.6659375,0.036798193,0.029719332
1.66625,0.036000903,0.028922693
1.6665625,0.036000903,0.028126054
1.666875,0.038392772,0.034499166
1.6671875,0.039987352,0.051228586
1.6675,0.040784642,0.063178172
1.6678125,0.04875754,0.101416846
1.668125,0.053541279,0.15638494
1.6684375,0.055933148,0.187453863
1.66875,0.055933148,0.200996727
1.6690625,0.055933148,0.200200088
1.669375,0.055933148,0.207369839
1.6696875,0.055135858,0.198606809
1.67,0.055135858,0.183470668
1.6703125,0.051946699,0.164351331
1.670625,0.04955483,0.145231993
1.6709375,0.04716296,0.121332822
1.67125,0.045568381,0.099026929
1.6715625,0.043973801,0.079907592
1.671875,0.043176511,0.063974811
1.6721875,0.040784642,0.04804203
1.6725,0.035203613,0.021752942
1.6728125,0.032811743,0.005023522
1.673125,0.030419874,-0.002942869
1.6734375,0.025636135,-0.015689094
1.67375,0.022446976,-0.030825235
1.6740625,0.020055106,-0.041978182
1.674375,0.018460527,-0.050741211
1.6746875,0.017663237,-0.06030088
1.675,0.018460527,-0.063487436
1.6753125,0.019257817,-0.053927768
1.675625,0.020055106,-0.044368099
1.6759375,0.021649686,-0.03560507
1.67625,0.022446976,-0.029231957
1.6765625,0.027230715,-0.01011262
1.676875,0.031217164,0.004226883
1.6771875,0.026433425,-0.004536147
1.6775,0.014474078,-0.049944572
1.6778125,0.012879498,-0.0770303
1.678125,0.014474078,-0.080216856
1.6784375,0.014474078,-0.0770303
1.67875,0.016865947,-0.064284075
1.6790625,0.018460527,-0.05233449
1.679375,0.020852396,-0.032418513
1.6796875,0.024041555,-0.016485733
1.68,0.028028005,-0.00214623
1.6803125,0.032014454,0.009803356
1.680625,0.034406323,0.019363024
1.6809375,0.034406323,0.02334622
1.68125,0.035203613,0.026532776
1.6815625,0.035203613,0.028126054
1.681875,0.035203613,0.028922693
1.6821875,0.036000903,0.028922693
1.6825,0.036000903,0.028922693
1.6828125,0.036000903,0.028922693
1.683125,0.035203613,0.028922693
1.6834375,0.036000903,0.030515971
1.68375,0.039190062,0.044855474
1.6840625,0.040784642,0.058398338
1.684375,0.045568381,0.079907592
1.6846875,0.052743989,0.142045437
1.685,0.055933148,0.177097555
1.6853125,0.055933148,0.196216892
1.685625,0.055135858,0.199403449
1.6859375,0.055933148,0.204979922
1.68625,0.055135858,0.200996727
1.6865625,0.054338569,0.186657224
1.686875,0.052743989,0.170724443
1.6871875,0.050352119,0.151605106
1.6875,0.04716296,0.129299213
1.6878125,0.044771091,0.105400041
1.688125,0.045568381,0.086280704
1.6884375,0.043176511,0.068754645
1.68875,0.041581931,0.053618503
1.6890625,0.036798193,0.029719332
1.689375,0.032014454,0.0066168
1.6896875,0.030419874,-0.001349591
1.69,0.027230715,-0.011705898
1.6903125,0.023244266,-0.026045401
1.690625,0.020055106,-0.038791626
1.6909375,0.018460527,-0.049147933
1.69125,0.018460527,-0.056317685
1.6915625,0.018460527,-0.065080714
1.691875,0.019257817,-0.058707602
1.6921875,0.020852396,-0.047554655
1.6925,0.021649686,-0.037994987
1.6928125,0.021649686,-0.031621874
1.693125,0.027230715,-0.016485733
1.6934375,0.031217164,0.000243687
1.69375,0.030419874,0.003430244
1.6940625,0.017663237,-0.034808431
1.694375,0.013676788,-0.071453827
1.6946875,0.014474078,-0.080216856
1.695,0.014474078,-0.080216856
1.6953125,0.016865947,-0.06906391
1.695625,0.017663237,-0.057910963
1.6959375,0.020055106,-0.038791626
1.69625,0.023244266,-0.022062206
1.6965625,0.027230715,-0.007722703
1.696875,0.031217164,0.005820161
1.6971875,0.035203613,0.016973107
1.6975,0.035203613,0.021752942
1.6978125,0.035203613,0.024142859
1.698125,0.036798193,0.026532776
1.6984375,0.037595482,0.028126054
1.69875,0.036798193,0.028922693
1.6990625,0.036000903,0.028922693
1.699375,0.036798193,0.028126054
1.6996875,0.036000903,0.028126054
1.7,0.036798193,0.028126054
1.7003125,0.039190062,0.039279001
1.700625,0.041581931,0.05600842
1.7009375,0.043176511,0.067958006
1.70125,0.051149409,0.122129461
1.7015625,0.055135858,0.166741248
1.701875,0.057527728,0.192233697
1.7021875,0.055933148,0.201793366
1.7025,0.056730438,0.202590005
1.7028125,0.055135858,0.205776561
1.703125,0.055135858,0.193826975
1.7034375,0.054338569,0.178690833
1.70375,0.051149409,0.157978218
1.7040625,0.04875754,0.137265603
1.704375,0.044771091,0.113366432
1.7046875,0.044771091,0.092653817
1.705,0.043973801,0.074331119
1.7053125,0.043176511,0.059194977
1.705625,0.039190062,0.04007564
1.7059375,0.032811743,0.012989912
1.70625,0.030419874,0.000243687
1.7065625,0.028028005,-0.006926064
1.706875,0.023244266,-0.021265567
1.7071875,0.021649686,-0.034808431
1.7075,0.019257817,-0.045961377
1.7078125,0.018460527,-0.053927768
1.708125,0.017663237,-0.062690797
1.7084375,0.017663237,-0.061894158
1.70875,0.019257817,-0.051537851
1.7090625,0.020055106,-0.041181543
1.709375,0.021649686,-0.033215153
1.7096875,0.024041555,-0.023655484
1.71,0.028825294,-0.005332786
1.7103125,0.032014454,0.0066168
1.710625,0.020852396,-0.017282372
1.7109375,0.013676788,-0.061097519
1.71125,0.013676788,-0.079420217
1.7115625,0.013676788,-0.080216856
1.711875,0.015271367,-0.073843744
1.7121875,0.017663237,-0.06030088
1.7125,0.019257817,-0.045164738
1.7128125,0.021649686,-0.027638679
1.713125,0.025636135,-0.011705898
1.7134375,0.030419874,0.001836965
1.71375,0.033609033,0.013786551
1.7140625,0.035203613,0.020956303
1.714375,0.034406323,0.024939498
1.7146875,0.035203613,0.027329415
1.715,0.036000903,0.028922693
1.7153125,0.036000903,0.028922693
1.715625,0.036000903,0.028922693
1.7159375,0.036000903,0.028922693
1.71625,0.036000903,0.029719332
1.7165625,0.036798193,0.028922693
1.716875,0.038392772,0.034499166
1.7171875,0.040784642,0.050431947
1.7175,0.040784642,0.061584894
1.7178125,0.04796025,0.097433651
1.718125,0.053541279,0.154791662
1.7184375,0.055933148,0.185063946
1.71875,0.055933148,0.200200088
1.7190625,0.055135858,0.200996727
1.719375,0.055933148,0.207369839
1.7196875,0.055135858,0.198606809
1.72,0.054338569,0.184267307
1.7203125,0.051946699,0.16514797
1.720625,0.04955483,0.145231993
1.7209375,0.04716296,0.120536183
1.72125,0.045568381,0.099823568
1.7215625,0.043973801,0.08150087
1.721875,0.042379221,0.06477145
1.7221875,0.040784642,0.048838669
1.7225,0.035203613,0.022549581
1.7228125,0.031217164,0.003430244
1.723125,0.029622584,-0.002942869
1.7234375,0.026433425,-0.014892454
1.72375,0.022446976,-0.030825235
1.7240625,0.019257817,-0.041181543
1.724375,0.019257817,-0.049944572
1.7246875,0.017663237,-0.058707602
1.725,0.017663237,-0.063487436
1.7253125,0.018460527,-0.054724407
1.725625,0.019257817,-0.044368099
1.7259375,0.021649686,-0.034808431
1.72625,0.021649686,-0.029231957
1.7265625,0.027230715,-0.01011262
1.726875,0.031217164,0.002633605
1.7271875,0.026433425,-0.002942869
1.7275,0.015271367,-0.048351294
1.7278125,0.013676788,-0.076233661
1.728125,0.014474078,-0.079420217
1.7284375,0.014474078,-0.076233661
1.72875,0.017663237,-0.064284075
1.7290625,0.018460527,-0.05233449
1.729375,0.020852396,-0.033215153
1.7296875,0.024041555,-0.017282372
1.73,0.028028005,-0.002942869
1.7303125,0.032014454,0.009006717
1.730625,0.034406323,0.019363024
1.7309375,0.035203613,0.02334622
1.73125,0.035203613,0.026532776
1.7315625,0.036000903,0.028126054
1.731875,0.036000903,0.028922693
1.7321875,0.036000903,0.028922693
1.7325,0.037595482,0.029719332
1.7328125,0.036000903,0.028922693
1.733125,0.036000903,0.028126054
1.7334375,0.036798193,0.030515971
1.73375,0.039987352,0.044855474
1.7340625,0.041581931,0.059194977
1.734375,0.044771091,0.078314314
1.7346875,0.052743989,0.138858881
1.735,0.055933148,0.177097555
1.7353125,0.056730438,0.197013531
1.735625,0.055135858,0.200996727
1.7359375,0.056730438,0.2065732
1.73625,0.055933148,0.202590005
1.7365625,0.055135858,0.188250502
1.736875,0.053541279,0.172317721
1.7371875,0.051149409,0.152401745
1.7375,0.04796025,0.130892491
1.7378125,0.045568381,0.106993319
1.738125,0.045568381,0.087077343
1.7384375,0.043176511,0.069551284
1.73875,0.041581931,0.054415142
1.7390625,0.036798193,0.03131261
1.739375,0.032014454,0.008210078
1.7396875,0.030419874,-0.00214623
1.74,0.027230715,-0.01011262
1.7403125,0.023244266,-0.025248762
1.740625,0.020852396,-0.037994987
1.7409375,0.019257817,-0.048351294
1.74125,0.018460527,-0.055521046
1.7415625,0.017663237,-0.064284075
1.741875,0.019257817,-0.057910963
1.7421875,0.020055106,-0.046758016
1.7425,0.020852396,-0.038791626
1.7428125,0.021649686,-0.032418513
1.743125,0.025636135,-0.018079011
1.7434375,0.030419874,-0.001349591
1.74375,0.031217164,0.004226883
1.7440625,0.017663237,-0.033215153
1.744375,0.013676788,-0.070657188
1.7446875,0.014474078,-0.079420217
1.745,0.014474078,-0.079420217
1.7453125,0.016865947,-0.070657188
1.745625,0.017663237,-0.057910963
1.7459375,0.020055106,-0.041181543
1.74625,0.022446976,-0.024452123
1.7465625,0.026433425,-0.009315981
1.746875,0.031217164,0.005023522
1.7471875,0.032811743,0.015379829
1.7475,0.034406323,0.021752942
1.7478125,0.035203613,0.024939498
1.748125,0.036000903,0.026532776
1.7484375,0.036000903,0.028126054
1.74875,0.036000903,0.027329415
1.7490625,0.036000903,0.027329415
1.749375,0.036000903,0.028922693
1.7496875,0.036000903,0.028126054
1.75,0.036000903,0.028126054
1.7503125,0.039190062,0.038482362
1.750625,0.040784642,0.055211781
1.7509375,0.041581931,0.066364728
1.75125,0.051149409,0.118942905
1.7515625,0.054338569,0.165944609
1.751875,0.055933148,0.190640419
1.7521875,0.055135858,0.200996727
1.7525,0.055933148,0.200996727
1.7528125,0.055933148,0.204979922
1.753125,0.055135858,0.193030336
1.7534375,0.053541279,0.178690833
1.75375,0.051149409,0.157978218
1.7540625,0.04875754,0.136468964
1.754375,0.045568381,0.11495971
1.7546875,0.044771091,0.093450456
1.755,0.043176511,0.075127758
1.7553125,0.041581931,0.059991616
1.755625,0.038392772,0.040872279
1.7559375,0.033609033,0.013786551
1.75625,0.031217164,0.001040326
1.7565625,0.028825294,-0.006926064
1.756875,0.024041555,-0.020468928
1.7571875,0.020852396,-0.034808431
1.7575,0.019257817,-0.045961377
1.7578125,0.018460527,-0.053131129
1.758125,0.016068657,-0.063487436
1.7584375,0.017663237,-0.061894158
1.75875,0.020055106,-0.05233449
1.7590625,0.020055106,-0.041978182
1.759375,0.020852396,-0.034011792
1.7596875,0.023244266,-0.025248762
1.76,0.028825294,-0.006129425
1.7603125,0.031217164,0.0066168
1.760625,0.020852396,-0.017282372
1.7609375,0.012879498,-0.06030088
1.76125,0.012879498,-0.079420217
1.7615625,0.013676788,-0.080216856
1.761875,0.015271367,-0.074640383
1.7621875,0.016865947,-0.062690797
1.7625,0.018460527,-0.046758016
1.7628125,0.020852396,-0.029231957
1.763125,0.024041555,-0.014095815
1.7634375,0.028028005,0.000243687
1.76375,0.032014454,0.012193273
1.7640625,0.033609033,0.020159663
1.764375,0.034406323,0.022549581
1.7646875,0.035203613,0.026532776
1.765,0.035203613,0.028126054
1.7653125,0.035203613,0.028922693
1.765625,0.035203613,0.028126054
1.7659375,0.035203613,0.028922693
1.76625,0.035203613,0.028922693
1.7665625,0.036000903,0.028126054
1.766875,0.037595482,0.032905888
1.7671875,0.039987352,0.049635308
1.7675,0.040784642,0.062381533
1.7678125,0.04716296,0.095043734
1.768125,0.053541279,0.153198384
1.7684375,0.056730438,0.184267307
1.76875,0.055933148,0.198606809
1.7690625,0.055135858,0.198606809
1.769375,0.055933148,0.2065732
1.7696875,0.054338569,0.198606809
1.77,0.054338569,0.183470668
1.7703125,0.051946699,0.165944609
1.770625,0.050352119,0.144435354
1.7709375,0.04716296,0.1229261
1.77125,0.045568381,0.101416846
1.7715625,0.043973801,0.08150087
1.771875,0.042379221,0.065568089
1.7721875,0.039987352,0.049635308
1.7725,0.036000903,0.02334622
1.7728125,0.031217164,0.003430244
1.773125,0.028825294,-0.003739508
1.7734375,0.025636135,-0.014892454
1.77375,0.021649686,-0.029231957
1.7740625,0.019257817,-0.041978182
1.774375,0.017663237,-0.049944572
1.7746875,0.016865947,-0.057910963
1.775,0.017663237,-0.062690797
1.7753125,0.018460527,-0.053927768
1.775625,0.019257817,-0.044368099
1.7759375,0.020055106,-0.03560507
1.77625,0.020852396,-0.029231957
1.7765625,0.026433425,-0.011705898
1.776875,0.030419874,0.002633605
1.7771875,0.025636135,-0.002942869
1.7775,0.013676788,-0.048351294
1.7778125,0.012879498,-0.075437022
1.778125,0.012879498,-0.080216856
1.7784375,0.013676788,-0.0770303
1.77875,0.016068657,-0.065877353
1.7790625,0.016865947,-0.053131129
1.779375,0.020055106,-0.03560507
1.7796875,0.024041555,-0.018079011
1.78,0.027230715,-0.002942869
1.7803125,0.031217164,0.009006717
1.780625,0.033609033,0.018566385
1.7809375,0.034406323,0.022549581
1.78125,0.035203613,0.024939498
1.7815625,0.035203613,0.027329415
1.781875,0.036000903,0.028126054
1.7821875,0.036000903,0.028126054
1.7825,0.036000903,0.028126054
1.7828125,0.036000903,0.028126054
1.783125,0.035203613,0.027329415
1.7834375,0.036000903,0.028922693
1.78375,0.039190062,0.043262196
1.7840625,0.040784642,0.057601699
1.784375,0.044771091,0.075127758
1.7846875,0.052743989,0.135672325
1.785,0.055933148,0.173910999
1.7853125,0.055933148,0.194623614
1.785625,0.055135858,0.200200088
1.7859375,0.055135858,0.205776561
1.78625,0.054338569,0.202590005
1.7865625,0.054338569,0.188250502
1.786875,0.052743989,0.172317721
1.7871875,0.050352119,0.151605106
1.7875,0.04716296,0.130095852
1.7878125,0.044771091,0.106993319
1.788125,0.043973801,0.087873982
1.7884375,0.043176511,0.069551284
1.78875,0.040784642,0.055211781
1.7890625,0.036798193,0.032905888
1.789375,0.032014454,0.009006717
1.7896875,0.029622584,-0.001349591
1.79,0.027230715,-0.01011262
1.7903125,0.022446976,-0.025248762
1.790625,0.020055106,-0.037994987
1.7909375,0.019257817,-0.048351294
1.79125,0.017663237,-0.055521046
1.7915625,0.016865947,-0.064284075
1.791875,0.018460527,-0.058707602
1.7921875,0.019257817,-0.048351294
1.7925,0.020852396,-0.039588265
1.7928125,0.020852396,-0.033215153
1.793125,0.024041555,-0.01887565
1.7934375,0.028825294,-0.001349591
1.79375,0.030419874,0.005023522
1.7940625,0.016865947,-0.032418513
1.794375,0.013676788,-0.070657188
1.7946875,0.014474078,-0.079420217
1.795,0.013676788,-0.080216856
1.7953125,0.016865947,-0.069860549
1.795625,0.018460527,-0.057910963
1.7959375,0.020055106,-0.041181543
1.79625,0.023244266,-0.024452123
1.7965625,0.027230715,-0.008519342
1.796875,0.030419874,0.004226883
1.7971875,0.034406323,0.016176468
1.7975,0.034406323,0.020956303
1.7978125,0.035203613,0.024142859
1.798125,0.035203613,0.025736137
1.7984375,0.036000903,0.027329415
1.79875,0.035203613,0.028126054
1.7990625,0.036000903,0.028126054
1.799375,0.036000903,0.028922693
1.7996875,0.036000903,0.028126054
1.8,0.036000903,0.028126054
1.8003125,0.038392772,0.037685722
1.800625,0.039987352,0.052821864
1.8009375,0.042379221,0.06477145
1.80125,0.050352119,0.11495971
1.8015625,0.054338569,0.162758052
1.801875,0.056730438,0.18984378
1.8021875,0.055933148,0.200200088
1.8025,0.056730438,0.200996727
1.8028125,0.055933148,0.205776561
1.803125,0.055933148,0.193030336
1.8034375,0.054338569,0.178690833
1.80375,0.051946699,0.157978218
1.8040625,0.04955483,0.138062242
1.804375,0.045568381,0.114163071
1.8046875,0.045568381,0.094247095
1.805,0.043973801,0.075924397
1.8053125,0.043176511,0.060788255
1.805625,0.039987352,0.041668918
1.8059375,0.033609033,0.01458319
1.80625,0.030419874,0.001040326
1.8065625,0.028825294,-0.006129425
1.806875,0.024041555,-0.019672289
1.8071875,0.020852396,-0.034808431
1.8075,0.020055106,-0.045164738
1.8078125,0.017663237,-0.05233449
1.808125,0.016865947,-0.061894158
1.8084375,0.017663237,-0.061894158
1.80875,0.018460527,-0.05233449
1.8090625,0.020055106,-0.042774821
1.809375,0.020852396,-0.034808431
1.8096875,0.022446976,-0.026045401
1.81,0.028028005,-0.007722703
1.8103125,0.031217164,0.005820161
1.810625,0.021649686,-0.014892454
1.8109375,0.012879498,-0.057910963
1.81125,0.012879498,-0.078623578
1.8115625,0.014474078,-0.079420217
1.811875,0.015271367,-0.074640383
1.8121875,0.016865947,-0.062690797
1.8125,0.018460527,-0.047554655
1.8128125,0.020852396,-0.029231957
1.813125,0.024041555,-0.014095815
1.8134375,0.029622584,0.000243687
1.81375,0.032014454,0.010599995
1.8140625,0.034406323,0.020159663
1.814375,0.034406323,0.02334622
1.8146875,0.035203613,0.025736137
1.815,0.036000903,0.026532776
1.8153125,0.036000903,0.028126054
1.815625,0.036000903,0.027329415
1.8159375,0.036000903,0.028126054
1.81625,0.036000903,0.028126054
1.8165625,0.036000903,0.027329415
1.816875,0.037595482,0.032109249
1.8171875,0.039987352,0.04804203
1.8175,0.040784642,0.059991616
1.8178125,0.04716296,0.092653817
1.818125,0.053541279,0.150011828
1.8184375,0.056730438,0.182674029
1.81875,0.056730438,0.199403449
1.8190625,0.055933148,0.198606809
1.819375,0.056730438,0.207369839
1.8196875,0.055135858,0.198606809
1.82,0.055135858,0.184267307
1.8203125,0.051946699,0.165944609
1.820625,0.050352119,0.146028633
1.8209375,0.04636567,0.1229261
1.82125,0.044771091,0.100620207
1.8215625,0.044771091,0.08150087
1.821875,0.042379221,0.065568089
1.8221875,0.039987352,0.049635308
1.8225,0.035203613,0.02334622
1.8228125,0.031217164,0.003430244
1.823125,0.029622584,-0.003739508
1.8234375,0.025636135,-0.014095815
1.82375,0.021649686,-0.030028596
1.8240625,0.020055106,-0.041978182
1.824375,0.018460527,-0.050741211
1.8246875,0.017663237,-0.058707602
1.825,0.017663237,-0.064284075
1.8253125,0.019257817,-0.055521046
1.825625,0.020055106,-0.045961377
1.8259375,0.020852396,-0.037198348
1.82625,0.021649686,-0.030825235
1.8265625,0.026433425,-0.012502537
1.826875,0.030419874,0.001836965
1.8271875,0.026433425,-0.002942869
1.8275,0.014474078,-0.045961377
1.8278125,0.012879498,-0.074640383
1.828125,0.013676788,-0.080216856
1.8284375,0.014474078,-0.077826939
1.82875,0.016865947,-0.066673992
1.8290625,0.018460527,-0.054724407
1.829375,0.020055106,-0.036401709
1.8296875,0.023244266,-0.019672289
1.83,0.028028005,-0.005332786
1.8303125,0.030419874,0.007413439
1.830625,0.033609033,0.017769746
1.8309375,0.034406323,0.022549581
1.83125,0.034406323,0.024939498
1.8315625,0.035203613,0.026532776
1.831875,0.036000903,0.028126054
1.8321875,0.036000903,0.028126054
1.8325,0.036000903,0.028126054
1.8328125,0.036000903,0.028126054
1.833125,0.036000903,0.027329415
1.8334375,0.036798193,0.028922693
1.83375,0.039987352,0.043262196
1.8340625,0.041581931,0.057601699
1.834375,0.044771091,0.075127758
1.8346875,0.052743989,0.134079047
1.835,0.055135858,0.172317721
1.8353125,0.056730438,0.194623614
1.835625,0.054338569,0.199403449
1.8359375,0.055933148,0.204183283
1.83625,0.054338569,0.202590005
1.8365625,0.054338569,0.187453863
1.836875,0.052743989,0.171521082
1.8371875,0.050352119,0.152401745
1.8375,0.04796025,0.132485769
1.8378125,0.043973801,0.108586597
1.838125,0.044771091,0.087873982
1.8384375,0.042379221,0.069551284
1.83875,0.041581931,0.05600842
1.8390625,0.036798193,0.032905888
1.839375,0.032014454,0.008210078
1.8396875,0.030419874,-0.001349591
1.84,0.026433425,-0.01011262
1.8403125,0.022446976,-0.024452123
1.840625,0.020055106,-0.037994987
1.8409375,0.018460527,-0.048351294
1.84125,0.017663237,-0.055521046
1.8415625,0.016068657,-0.065080714
1.841875,0.017663237,-0.059504241
1.8421875,0.019257817,-0.049147933
1.8425,0.020055106,-0.040384904
1.8428125,0.020055106,-0.033215153
1.843125,0.024041555,-0.020468928
1.8434375,0.028825294,-0.00214623
1.84375,0.030419874,0.005023522
1.8440625,0.016865947,-0.030825235
1.844375,0.012082208,-0.069860549
1.8446875,0.012879498,-0.080216856
1.845,0.013676788,-0.079420217
1.8453125,0.014474078,-0.072250466
1.845625,0.016865947,-0.061097519
1.8459375,0.019257817,-0.041181543
1.84625,0.021649686,-0.024452123
1.8465625,0.025636135,-0.01011262
1.846875,0.029622584,0.003430244
1.8471875,0.032811743,0.01458319
1.8475,0.033609033,0.020956303
1.8478125,0.034406323,0.02334622
1.848125,0.035203613,0.025736137
1.8484375,0.034406323,0.027329415
1.84875,0.034406323,0.028126054
1.8490625,0.035203613,0.028126054
1.849375,0.035203613,0.028126054
1.8496875,0.035203613,0.028126054
1.85,0.035203613,0.027329415
1.8503125,0.036798193,0.036092444
1.850625,0.039190062,0.052025225
1.8509375,0.040784642,0.063974811
1.85125,0.04955483,0.113366432
1.8515625,0.054338569,0.162758052
1.851875,0.055933148,0.188250502
1.8521875,0.054338569,0.199403449
1.8525,0.055135858,0.200996727
1.8528125,0.055135858,0.2065732
1.853125,0.055135858,0.194623614
1.8534375,0.053541279,0.178690833
1.85375,0.050352119,0.159571496
1.8540625,0.04875754,0.140452159
1.854375,0.045568381,0.11495971
1.8546875,0.044771091,0.094247095
1.855,0.042379221,0.075924397
1.8553125,0.041581931,0.060788255
1.855625,0.039190062,0.042465557
1.8559375,0.033609033,0.015379829
1.85625,0.030419874,0.001040326
1.8565625,0.028028005,-0.006129425
1.856875,0.023244266,-0.019672289
1.8571875,0.020852396,-0.034011792
1.8575,0.019257817,-0.045164738
1.8578125,0.018460527,-0.05233449
1.858125,0.016865947,-0.062690797
1.8584375,0.017663237,-0.062690797
1.85875,0.019257817,-0.05233449
1.8590625,0.019257817,-0.041978182
1.859375,0.020055106,-0.034808431
1.8596875,0.022446976,-0.02684204
1.86,0.028028005,-0.007722703
1.8603125,0.032014454,0.005023522
1.860625,0.021649686,-0.014095815
1.8609375,0.012879498,-0.058707602
1.86125,0.012879498,-0.078623578
1.8615625,0.013676788,-0.080216856
1.861875,0.014474078,-0.074640383
1.8621875,0.015271367,-0.065080714
1.8625,0.017663237,-0.049147933
1.8628125,0.021649686,-0.030028596
1.863125,0.024838845,-0.014095815
1.8634375,0.028825294,-0.000552952
1.86375,0.032811743,0.011396634
1.8640625,0.034406323,0.019363024
1.864375,0.034406323,0.022549581
1.8646875,0.034406323,0.026532776
1.865,0.035203613,0.027329415
1.8653125,0.035203613,0.027329415
1.865625,0.036000903,0.028126054
1.8659375,0.035203613,0.028126054
1.86625,0.036000903,0.028126054
1.8665625,0.035203613,0.026532776
1.866875,0.036798193,0.032109249
1.8671875,0.039987352,0.04804203
1.8675,0.040784642,0.060788255
1.8678125,0.04716296,0.090263899
1.868125,0.053541279,0.149215189
1.8684375,0.055135858,0.18187739
1.86875,0.055933148,0.198606809
1.8690625,0.054338569,0.198606809
1.869375,0.055933148,0.2065732
1.8696875,0.055135858,0.198606809
1.87,0.054338569,0.185063946
1.8703125,0.051946699,0.167537887
1.870625,0.04955483,0.14841855
1.8709375,0.04716296,0.123722739
1.87125,0.043973801,0.101416846
1.8715625,0.043973801,0.083094148
1.871875,0.043176511,0.066364728
1.8721875,0.040784642,0.050431947
1.8725,0.035203613,0.024939498
1.8728125,0.030419874,0.005023522
1.873125,0.029622584,-0.00214623
1.8734375,0.025636135,-0.014095815
1.87375,0.021649686,-0.028435318
1.8740625,0.019257817,-0.040384904
1.874375,0.019257817,-0.049944572
1.8746875,0.016865947,-0.057910963
1.875,0.016865947,-0.064284075
1.8753125,0.018460527,-0.056317685
1.875625,0.019257817,-0.045961377
1.8759375,0.020852396,-0.037198348
1.87625,0.020852396,-0.030825235
1.8765625,0.026433425,-0.013299176
1.876875,0.031217164,0.001836965
1.8771875,0.028028005,-0.000552952
1.8775,0.015271367,-0.04357146
1.8778125,0.012879498,-0.074640383
1.878125,0.013676788,-0.080216856
1.8784375,0.013676788,-0.078623578
1.87875,0.016068657,-0.066673992
1.8790625,0.017663237,-0.054724407
1.879375,0.020852396,-0.036401709
1.8796875,0.023244266,-0.020468928
1.88,0.027230715,-0.005332786
1.8803125,0.031217164,0.0066168
1.880625,0.033609033,0.017769746
1.8809375,0.034406323,0.021752942
1.88125,0.035203613,0.025736137
1.8815625,0.034406323,0.026532776
1.881875,0.035203613,0.028922693
1.8821875,0.035203613,0.028922693
1.8825,0.036000903,0.028922693
1.8828125,0.036000903,0.028126054
1.883125,0.035203613,0.027329415
1.8834375,0.035203613,0.027329415
1.88375,0.038392772,0.041668918
1.8840625,0.039987352,0.05600842
1.884375,0.043176511,0.07273784
1.8846875,0.051946699,0.132485769
1.885,0.054338569,0.172317721
1.8853125,0.055933148,0.193826975
1.885625,0.055135858,0.200200088
1.8859375,0.055933148,0.203386644
1.88625,0.055135858,0.202590005
1.8865625,0.053541279,0.189047141
1.886875,0.052743989,0.173910999
1.8871875,0.050352119,0.152401745
1.8875,0.04796025,0.133282408
1.8878125,0.045568381,0.108586597
1.888125,0.044771091,0.088670621
1.8884375,0.042379221,0.071144562
1.88875,0.040784642,0.05680506
1.8890625,0.037595482,0.035295805
1.889375,0.032014454,0.009803356
1.8896875,0.029622584,-0.000552952
1.89,0.027230715,-0.009315981
1.8903125,0.022446976,-0.023655484
1.890625,0.020055106,-0.037198348
1.8909375,0.018460527,-0.048351294
1.89125,0.018460527,-0.054724407
1.8915625,0.016865947,-0.064284075
1.891875,0.017663237,-0.059504241
1.8921875,0.019257817,-0.049944572
1.8925,0.020055106,-0.040384904
1.8928125,0.020852396,-0.034011792
1.893125,0.024838845,-0.020468928
1.8934375,0.028825294,-0.002942869
1.89375,0.030419874,0.004226883
1.8940625,0.017663237,-0.028435318
1.894375,0.012879498,-0.06826727
1.8946875,0.012879498,-0.080216856
1.895,0.013676788,-0.079420217
1.8953125,0.015271367,-0.070657188
1.895625,0.017663237,-0.058707602
1.8959375,0.020055106,-0.041978182
1.89625,0.022446976,-0.023655484
1.8965625,0.024838845,-0.01011262
1.896875,0.029622584,0.003430244
1.8971875,0.032811743,0.01458319
1.8975,0.033609033,0.020956303
1.8978125,0.034406323,0.02334622
1.898125,0.035203613,0.025736137
1.8984375,0.035203613,0.027329415
1.89875,0.035203613,0.027329415
1.8990625,0.035203613,0.028126054
1.899375,0.036000903,0.027329415
1.8996875,0.036000903,0.028126054
1.9,0.036000903,0.027329415
1.9003125,0.038392772,0.035295805
1.900625,0.039987352,0.052025225
1.9009375,0.041581931,0.062381533
1.90125,0.050352119,0.110179876
1.9015625,0.054338569,0.160368135
1.901875,0.056730438,0.188250502
1.9021875,0.056730438,0.200200088
1.9025,0.056730438,0.201793366
1.9028125,0.055933148,0.205776561
1.903125,0.055135858,0.194623614
1.9034375,0.055135858,0.179487472
1.90375,0.051149409,0.158774857
1.9040625,0.04955483,0.141248798
1.904375,0.045568381,0.11495971
1.9046875,0.045568381,0.095043734
1.905,0.043973801,0.076721036
1.9053125,0.042379221,0.061584894
1.905625,0.039987352,0.043262196
1.9059375,0.035203613,0.016176468
1.90625,0.031217164,0.001836965
1.9065625,0.028825294,-0.006926064
1.906875,0.024041555,-0.01887565
1.9071875,0.020852396,-0.033215153
1.9075,0.019257817,-0.04357146
1.9078125,0.018460527,-0.051537851
1.908125,0.016865947,-0.061894158
1.9084375,0.017663237,-0.061894158
1.90875,0.019257817,-0.05233449
1.9090625,0.020055106,-0.042774821
1.909375,0.020852396,-0.034011792
1.9096875,0.023244266,-0.02684204
1.91,0.028825294,-0.007722703
1.9103125,0.031217164,0.005023522
1.910625,0.023244266,-0.012502537
1.9109375,0.014474078,-0.057114324
1.91125,0.013676788,-0.077826939
1.9115625,0.014474078,-0.079420217
1.911875,0.015271367,-0.075437022
1.9121875,0.016068657,-0.063487436
1.9125,0.019257817,-0.049147933
1.9128125,0.021649686,-0.030028596
1.913125,0.024041555,-0.014892454
1.9134375,0.028028005,-0.001349591
1.91375,0.031217164,0.010599995
1.9140625,0.033609033,0.019363024
1.914375,0.033609033,0.022549581
1.9146875,0.035203613,0.025736137
1.915,0.035203613,0.028126054
1.9153125,0.035203613,0.028126054
1.915625,0.035203613,0.028922693
1.9159375,0.035203613,0.028126054
1.91625,0.035203613,0.028126054
1.9165625,0.035203613,0.026532776
1.916875,0.036798193,0.030515971
1.9171875,0.039987352,0.046448752
1.9175,0.040784642,0.059194977
1.9178125,0.04636567,0.087077343
1.918125,0.053541279,0.146825272
1.9184375,0.055933148,0.179487472
1.91875,0.055933148,0.197013531
1.9190625,0.055933148,0.199403449
1.919375,0.055933148,0.2065732
1.9196875,0.055135858,0.199403449
1.92,0.054338569,0.182674029
1.9203125,0.052743989,0.169131165
1.920625,0.050352119,0.149215189
1.9209375,0.04716296,0.125316017
1.92125,0.044771091,0.102213485
1.9215625,0.043973801,0.083890787
1.921875,0.042379221,0.067161367
1.9221875,0.040784642,0.052025225
1.9225,0.035203613,0.025736137
1.9228125,0.030419874,0.005023522
1.923125,0.029622584,-0.00214623
1.9234375,0.024838845,-0.012502537
1.92375,0.021649686,-0.028435318
1.9240625,0.020055106,-0.040384904
1.924375,0.018460527,-0.049944572
1.9246875,0.016865947,-0.057910963
1.925,0.016865947,-0.065080714
1.9253125,0.018460527,-0.055521046
1.925625,0.019257817,-0.046758016
1.9259375,0.020055106,-0.037198348
1.92625,0.021649686,-0.030028596
1.9265625,0.025636135,-0.014095815
1.926875,0.029622584,0.001040326
1.9271875,0.027230715,-0.000552952
1.9275,0.014474078,-0.042774821
1.9278125,0.012879498,-0.074640383
1.928125,0.013676788,-0.080216856
1.9284375,0.014474078,-0.077826939
1.92875,0.016865947,-0.066673992
1.9290625,0.017663237,-0.054724407
1.929375,0.020055106,-0.03560507
1.9296875,0.023244266,-0.019672289
1.93,0.026433425,-0.006129425
1.9303125,0.030419874,0.0066168
1.930625,0.033609033,0.016973107
1.9309375,0.034406323,0.021752942
1.93125,0.035203613,0.024939498
1.9315625,0.035203613,0.026532776
1.931875,0.035203613,0.028126054
1.9321875,0.036000903,0.028126054
1.9325,0.036000903,0.028126054
1.9328125,0.036798193,0.028126054
1.933125,0.036000903,0.027329415
1.9334375,0.036000903,0.028126054
1.93375,0.038392772,0.040872279
1.9340625,0.040784642,0.05600842
1.934375,0.043973801,0.071941201
1.9346875,0.051946699,0.130095852
1.935,0.055933148,0.171521082
1.9353125,0.056730438,0.194623614
1.935625,0.055135858,0.200200088
1.9359375,0.055933148,0.204183283
1.93625,0.055933148,0.204183283
1.9365625,0.054338569,0.190640419
1.936875,0.054338569,0.176300916
1.9371875,0.051149409,0.154791662
1.9375,0.04875754,0.134875686
1.9378125,0.045568381,0.109383236
1.938125,0.045568381,0.08946726
1.9384375,0.043176511,0.071941201
1.93875,0.041581931,0.057601699
1.9390625,0.039190062,0.036092444
1.939375,0.033609033,0.010599995
1.9396875,0.030419874,0.001040326
1.94,0.028028005,-0.008519342
1.9403125,0.023244266,-0.022858845
1.940625,0.020852396,-0.03560507
1.9409375,0.020055106,-0.045961377
1.94125,0.018460527,-0.053927768
1.9415625,0.017663237,-0.063487436
1.941875,0.018460527,-0.059504241
1.9421875,0.019257817,-0.048351294
1.9425,0.020055106,-0.040384904
1.9428125,0.020852396,-0.032418513
1.943125,0.024041555,-0.020468928
1.9434375,0.029622584,-0.002942869
1.94375,0.031217164,0.005820161
1.9440625,0.018460527,-0.027638679
1.944375,0.013676788,-0.065877353
1.9446875,0.013676788,-0.079420217
1.945,0.013676788,-0.079420217
1.9453125,0.016068657,-0.070657188
1.945625,0.017663237,-0.059504241
1.9459375,0.020055106,-0.041978182
1.94625,0.022446976,-0.024452123
1.9465625,0.025636135,-0.01011262
1.946875,0.030419874,0.003430244
1.9471875,0.032811743,0.01458319
1.9475,0.034406323,0.020159663
1.9478125,0.035203613,0.024142859
1.948125,0.036000903,0.026532776
1.9484375,0.036000903,0.028126054
1.94875,0.036000903,0.028126054
1.9490625,0.036000903,0.028922693
1.949375,0.036000903,0.028126054
1.9496875,0.036000903,0.028922693
1.95,0.036000903,0.027329415
1.9503125,0.038392772,0.035295805
1.950625,0.040784642,0.052025225
1.9509375,0.041581931,0.062381533
1.95125,0.050352119,0.108586597
1.9515625,0.054338569,0.159571496
1.951875,0.056730438,0.187453863
1.9521875,0.055933148,0.200200088
1.9525,0.055933148,0.200200088
1.9528125,0.055933148,0.2065732
1.953125,0.055135858,0.195420253
1.9534375,0.055135858,0.181080751
1.95375,0.051149409,0.160368135
1.9540625,0.04955483,0.142842076
1.954375,0.045568381,0.116552988
1.9546875,0.044771091,0.095840373
1.955,0.043973801,0.077517675
1.9553125,0.042379221,0.061584894
1.955625,0.039987352,0.044855474
1.9559375,0.034406323,0.017769746
1.95625,0.031217164,0.001836965
1.9565625,0.028825294,-0.005332786
1.956875,0.024838845,-0.018079011
1.9571875,0.020852396,-0.033215153
1.9575,0.019257817,-0.04357146
1.9578125,0.018460527,-0.050741211
1.958125,0.016865947,-0.061097519
1.9584375,0.017663237,-0.062690797
1.95875,0.018460527,-0.053131129
1.9590625,0.020055106,-0.04357146
1.959375,0.020852396,-0.034808431
1.9596875,0.023244266,-0.027638679
1.96,0.028028005,-0.007722703
1.9603125,0.031217164,0.004226883
1.960625,0.024041555,-0.010909259
1.9609375,0.014474078,-0.054724407
1.96125,0.013676788,-0.077826939
1.9615625,0.014474078,-0.079420217
1.961875,0.015271367,-0.074640383
1.9621875,0.016068657,-0.065080714
1.9625,0.018460527,-0.049944572
1.9628125,0.020852396,-0.030825235
1.963125,0.024838845,-0.015689094
1.9634375,0.028028005,-0.001349591
1.96375,0.032014454,0.011396634
1.9640625,0.034406323,0.019363024
1.964375,0.036000903,0.02334622
1.9646875,0.036000903,0.025736137
1.965,0.036000903,0.028126054
1.9653125,0.036000903,0.028922693
1.965625,0.036000903,0.028922693
1.9659375,0.036000903,0.028922693
1.96625,0.035203613,0.028126054
1.9665625,0.036000903,0.027329415
1.966875,0.036798193,0.030515971
1.9671875,0.039987352,0.045652113
1.9675,0.039987352,0.058398338
1.9678125,0.04716296,0.087077343
1.968125,0.053541279,0.146028633
1.9684375,0.055933148,0.178690833
1.96875,0.056730438,0.198606809
1.9690625,0.055135858,0.200996727
1.969375,0.055933148,0.2065732
1.9696875,0.055933148,0.199403449
1.97,0.055933148,0.185860585
1.9703125,0.052743989,0.167537887
1.970625,0.050352119,0.150808467
1.9709375,0.04716296,0.126112656
1.97125,0.045568381,0.103010124
1.9715625,0.044771091,0.084687426
1.971875,0.042379221,0.067958006
1.9721875,0.040784642,0.053618503
1.9725,0.036798193,0.027329415
1.9728125,0.031217164,0.005820161
1.973125,0.029622584,-0.002942869
1.9734375,0.025636135,-0.012502537
1.97375,0.021649686,-0.027638679
1.9740625,0.020055106,-0.039588265
1.974375,0.018460527,-0.049147933
1.9746875,0.017663237,-0.056317685
1.975,0.016865947,-0.063487436
1.9753125,0.019257817,-0.056317685
1.975625,0.019257817,-0.045961377
1.9759375,0.020055106,-0.037198348
1.97625,0.021649686,-0.030825235
1.9765625,0.026433425,-0.014095815
1.976875,0.030419874,0.001836965
1.9771875,0.028028005,0.001836965
1.9775,0.015271367,-0.039588265
1.9778125,0.012082208,-0.073047105
1.978125,0.014474078,-0.078623578
1.9784375,0.014474078,-0.076233661
1.97875,0.015271367,-0.069860549
1.9790625,0.016865947,-0.055521046
1.979375,0.020055106,-0.03560507
1.9796875,0.023244266,-0.019672289
1.98,0.026433425,-0.006129425
1.9803125,0.031217164,0.007413439
1.980625,0.033609033,0.017769746
1.9809375,0.034406323,0.022549581
1.98125,0.035203613,0.024939498
1.9815625,0.035203613,0.026532776
1.981875,0.035203613,0.028126054
1.9821875,0.035203613,0.028126054
1.9825,0.036000903,0.028922693
1.9828125,0.036000903,0.028922693
1.983125,0.036000903,0.028126054
1.9834375,0.036000903,0.028126054
1.98375,0.039987352,0.041668918
1.9840625,0.041581931,0.05680506
1.984375,0.043176511,0.071941201
1.9846875,0.051149409,0.128502574
1.985,0.054338569,0.169927804
1.9853125,0.056730438,0.193030336
1.985625,0.055135858,0.200200088
1.9859375,0.056730438,0.204183283
1.98625,0.055135858,0.204183283
1.9865625,0.055135858,0.190640419
1.986875,0.053541279,0.174707638
1.9871875,0.051149409,0.154791662
1.9875,0.04875754,0.136468964
1.9878125,0.045568381,0.111773154
1.988125,0.044771091,0.091060538
1.9884375,0.042379221,0.07273784
1.98875,0.042379221,0.057601699
1.9890625,0.038392772,0.036889083
1.989375,0.032811743,0.011396634
1.9896875,0.031217164,0.000243687
1.99,0.028825294,-0.006926064
1.9903125,0.024041555,-0.022062206
1.990625,0.020852396,-0.034808431
1.9909375,0.019257817,-0.045164738
1.99125,0.018460527,-0.053131129
1.9915625,0.017663237,-0.062690797
1.991875,0.018460527,-0.059504241
1.9921875,0.019257817,-0.049147933
1.9925,0.020055106,-0.040384904
1.9928125,0.021649686,-0.032418513
1.993125,0.024041555,-0.022062206
1.9934375,0.028825294,-0.002942869
1.99375,0.030419874,0.0066168
1.9940625,0.018460527,-0.023655484
1.994375,0.012879498,-0.064284075
1.9946875,0.012879498,-0.079420217
1.995,0.013676788,-0.079420217
1.9953125,0.015271367,-0.071453827
1.995625,0.016865947,-0.058707602
1.9959375,0.019257817,-0.042774821
1.99625,0.022446976,-0.025248762
1.9965625,0.024838845,-0.010909259
1.996875,0.029622584,0.002633605
1.9971875,0.032811743,0.01458319
1.9975,0.033609033,0.021752942
1.9978125,0.034406323,0.024939498
1.998125,0.035203613,0.027329415
1.9984375,0.036000903,0.028922693
1.99875,0.036000903,0.028922693
1.9990625,0.035203613,0.028126054
1.999375,0.035203613,0.028922693
1.9996875,0.035203613,0.028922693
2,0.035203613,0.028126054
2.0003125,0.037595482,0.035295805
2.000625,0.039987352,0.052025225
2.0009375,0.040784642,0.062381533
2.00125,0.04875754,0.10619668
2.0015625,0.053541279,0.159571496
2.001875,0.055933148,0.186657224
2.0021875,0.055933148,0.200200088
2.0025,0.055135858,0.200996727
2.0028125,0.055135858,0.207369839
2.003125,0.055135858,0.196216892
2.0034375,0.054338569,0.182674029
2.00375,0.051149409,0.162758052
2.0040625,0.04875754,0.144435354
2.004375,0.04636567,0.120536183
2.0046875,0.044771091,0.099026929
2.005,0.043973801,0.080704231
2.0053125,0.041581931,0.063178172
2.005625,0.039987352,0.046448752
2.0059375,0.035203613,0.019363024
2.00625,0.031217164,0.003430244
2.0065625,0.029622584,-0.003739508
2.006875,0.024838845,-0.015689094
2.0071875,0.020852396,-0.030825235
2.0075,0.018460527,-0.041978182
2.0078125,0.017663237,-0.049944572
2.008125,0.016865947,-0.058707602
2.0084375,0.017663237,-0.061894158
2.00875,0.018460527,-0.05233449
2.0090625,0.020055106,-0.041978182
2.009375,0.020852396,-0.034011792
2.0096875,0.021649686,-0.02684204
2.01,0.027230715,-0.007722703
2.0103125,0.032014454,0.005023522
2.010625,0.024838845,-0.006926064
2.0109375,0.014474078,-0.051537851
2.01125,0.012879498,-0.076233661
2.0115625,0.013676788,-0.078623578
2.011875,0.015271367,-0.073843744
2.0121875,0.016865947,-0.062690797
2.0125,0.017663237,-0.049147933
2.0128125,0.020852396,-0.030028596
2.013125,0.024041555,-0.014892454
2.0134375,0.028028005,-0.001349591
2.01375,0.031217164,0.010599995
2.0140625,0.033609033,0.020159663
2.014375,0.034406323,0.024142859
2.0146875,0.035203613,0.025736137
2.015,0.036000903,0.028126054
2.0153125,0.036000903,0.028922693
2.015625,0.036000903,0.028922693
2.0159375,0.035203613,0.028922693
2.01625,0.035203613,0.028922693
2.0165625,0.035203613,0.028126054
2.016875,0.036798193,0.03131261
2.0171875,0.039190062,0.045652113
2.0175,0.040784642,0.059991616
2.0178125,0.045568381,0.084687426
2.018125,0.052743989,0.146028633
2.0184375,0.055933148,0.180284111
2.01875,0.055933148,0.198606809
2.0190625,0.055135858,0.200200088
2.019375,0.055933148,0.205776561
2.0196875,0.055135858,0.201793366
2.02,0.054338569,0.187453863
2.0203125,0.052743989,0.170724443
2.020625,0.051149409,0.150011828
2.0209375,0.04796025,0.128502574
2.02125,0.044771091,0.104603402
2.0215625,0.044771091,0.086280704
2.021875,0.043176511,0.068754645
2.0221875,0.040784642,0.054415142
2.0225,0.036798193,0.029719332
2.0228125,0.032014454,0.008210078
2.023125,0.029622584,-0.000552952
2.0234375,0.027230715,-0.01011262
2.02375,0.023244266,-0.026045401
2.0240625,0.020852396,-0.037994987
2.024375,0.019257817,-0.047554655
2.0246875,0.017663237,-0.055521046
2.025,0.016865947,-0.063487436
2.0253125,0.018460527,-0.055521046
2.025625,0.019257817,-0.045164738
2.0259375,0.020852396,-0.036401709
2.02625,0.020852396,-0.031621874
2.0265625,0.025636135,-0.014892454
2.026875,0.030419874,0.001836965
2.0271875,0.029622584,0.003430244
2.0275,0.016865947,-0.037198348
2.0278125,0.012879498,-0.070657188
2.028125,0.013676788,-0.078623578
2.0284375,0.013676788,-0.0770303
2.02875,0.016068657,-0.065877353
2.0290625,0.017663237,-0.055521046
2.029375,0.020055106,-0.03560507
2.0296875,0.023244266,-0.019672289
2.03,0.026433425,-0.006129425
2.0303125,0.031217164,0.007413439
2.030625,0.032811743,0.016973107
2.0309375,0.033609033,0.02334622
2.03125,0.034406323,0.024939498
2.0315625,0.035203613,0.027329415
2.031875,0.035203613,0.028126054
2.0321875,0.035203613,0.028126054
2.0325,0.036000903,0.028126054
2.0328125,0.035203613,0.028126054
2.033125,0.035203613,0.028126054
2.0334375,0.035203613,0.027329415
2.03375,0.039190062,0.039279001
2.0340625,0.040784642,0.055211781
2.034375,0.043176511,0.067958006
2.0346875,0.051946699,0.126112656
2.035,0.054338569,0.167537887
2.0353125,0.055933148,0.191437058
2.035625,0.055135858,0.200200088
2.0359375,0.055135858,0.203386644
2.03625,0.055135858,0.204979922
2.0365625,0.054338569,0.192233697
2.036875,0.054338569,0.177894194
2.0371875,0.051149409,0.15638494
2.0375,0.04875754,0.136468964
2.0378125,0.045568381,0.110976515
2.038125,0.044771091,0.091060538
2.0384375,0.042379221,0.073534479
2.03875,0.041581931,0.059194977
2.0390625,0.039190062,0.039279001
2.039375,0.032811743,0.012989912
2.0396875,0.031217164,0.001836965
2.04,0.028028005,-0.006129425
2.0403125,0.024041555,-0.019672289
2.040625,0.020852396,-0.034011792
2.0409375,0.018460527,-0.045164738
2.04125,0.017663237,-0.051537851
2.0415625,0.016865947,-0.062690797
2.041875,0.017663237,-0.058707602
2.0421875,0.019257817,-0.048351294
2.0425,0.020055106,-0.039588265
2.0428125,0.021649686,-0.031621874
2.043125,0.024041555,-0.021265567
2.0434375,0.028825294,-0.002942869
2.04375,0.031217164,0.007413439
2.0440625,0.019257817,-0.019672289
2.044375,0.012879498,-0.062690797
2.0446875,0.013676788,-0.0770303
2.045,0.014474078,-0.0770303
2.0453125,0.015271367,-0.069860549
2.045625,0.016865947,-0.058707602
2.0459375,0.019257817,-0.042774821
2.04625,0.022446976,-0.024452123
2.0465625,0.025636135,-0.01011262
2.046875,0.029622584,0.003430244
2.0471875,0.033609033,0.015379829
2.0475,0.035203613,0.021752942
2.0478125,0.035203613,0.024939498
2.048125,0.035203613,0.027329415
2.0484375,0.036000903,0.028922693
2.04875,0.036000903,0.028922693
2.0490625,0.036000903,0.028126054
2.049375,0.036000903,0.028922693
2.0496875,0.036000903,0.028126054
2.05,0.036000903,0.028126054
2.0503125,0.038392772,0.033702527
2.050625,0.040784642,0.051228586
2.0509375,0.041581931,0.061584894
2.05125,0.04955483,0.103806763
2.0515625,0.054338569,0.157181579
2.051875,0.056730438,0.185860585
2.0521875,0.055933148,0.200200088
2.0525,0.055933148,0.200200088
2.0528125,0.055933148,0.207369839
2.053125,0.054338569,0.196216892
2.0534375,0.055135858,0.182674029
2.05375,0.051149409,0.162758052
2.0540625,0.04955483,0.144435354
2.054375,0.045568381,0.118942905
2.0546875,0.044771091,0.09823029
2.055,0.043973801,0.080704231
2.0553125,0.043176511,0.06477145
2.055625,0.039987352,0.048838669
2.0559375,0.035203613,0.021752942
2.05625,0.031217164,0.004226883
2.0565625,0.028825294,-0.002942869
2.056875,0.025636135,-0.014892454
2.0571875,0.022446976,-0.030825235
2.0575,0.020055106,-0.041978182
2.0578125,0.018460527,-0.049944572
2.058125,0.016865947,-0.059504241
2.0584375,0.018460527,-0.062690797
2.05875,0.018460527,-0.053131129
2.0590625,0.020055106,-0.042774821
2.059375,0.020852396,-0.034011792
2.0596875,0.022446976,-0.027638679
2.06,0.027230715,-0.009315981
2.0603125,0.031217164,0.004226883
2.060625,0.025636135,-0.005332786
2.0609375,0.014474078,-0.050741211
2.06125,0.012879498,-0.075437022
2.0615625,0.013676788,-0.078623578
2.061875,0.014474078,-0.074640383
2.0621875,0.016865947,-0.062690797
2.0625,0.018460527,-0.049944572
2.0628125,0.021649686,-0.030825235
2.063125,0.024041555,-0.014892454
2.0634375,0.028028005,-0.001349591
2.06375,0.032014454,0.010599995
2.0640625,0.034406323,0.019363024
2.064375,0.035203613,0.024142859
2.0646875,0.035203613,0.025736137
2.065,0.036000903,0.027329415
2.0653125,0.036798193,0.028922693
2.065625,0.036000903,0.028922693
2.0659375,0.036000903,0.028922693
2.06625,0.035203613,0.028126054
2.0665625,0.036000903,0.028126054
2.066875,0.036798193,0.030515971
2.0671875,0.040784642,0.044855474
2.0675,0.042379221,0.058398338
2.0678125,0.04636567,0.082297509
2.068125,0.054338569,0.142045437
2.0684375,0.056730438,0.177097555
2.06875,0.057527728,0.196216892
2.0690625,0.056730438,0.199403449
2.069375,0.057527728,0.204979922
2.0696875,0.055933148,0.200996727
2.07,0.055933148,0.186657224
2.0703125,0.053541279,0.170724443
2.070625,0.051149409,0.150011828
2.0709375,0.04796025,0.127705935
2.07125,0.044771091,0.103806763
2.0715625,0.044771091,0.084687426
2.071875,0.043176511,0.067958006
2.0721875,0.041581931,0.053618503
2.0725,0.036798193,0.028922693
2.0728125,0.032014454,0.0066168
2.073125,0.030419874,-0.001349591
2.0734375,0.027230715,-0.010909259
2.07375,0.022446976,-0.025248762
2.0740625,0.020852396,-0.037198348
2.074375,0.018460527,-0.047554655
2.0746875,0.018460527,-0.054724407
2.075,0.017663237,-0.063487436
2.0753125,0.019257817,-0.057114324
2.075625,0.019257817,-0.046758016
2.0759375,0.020055106,-0.037994987
2.07625,0.020852396,-0.030825235
2.0765625,0.025636135,-0.015689094
2.076875,0.030419874,0.000243687
2.0771875,0.028825294,0.002633605
2.0775,0.016865947,-0.036401709
2.0778125,0.012879498,-0.070657188
2.078125,0.012879498,-0.079420217
2.0784375,0.014474078,-0.077826939
2.07875,0.016068657,-0.067470631
2.0790625,0.017663237,-0.055521046
2.079375,0.020055106,-0.037994987
2.0796875,0.023244266,-0.022062206
2.08,0.027230715,-0.006926064
2.0803125,0.031217164,0.0066168
2.080625,0.034406323,0.016973107
2.0809375,0.034406323,0.020956303
2.08125,0.035203613,0.024142859
2.0815625,0.035203613,0.027329415
2.081875,0.035203613,0.028126054
2.0821875,0.035203613,0.028922693
2.0825,0.035203613,0.028922693
2.0828125,0.035203613,0.028126054
2.083125,0.035203613,0.028126054
2.0834375,0.036000903,0.028126054
2.08375,0.039190062,0.04007564
2.0840625,0.040784642,0.055211781
2.084375,0.043176511,0.067161367
2.0846875,0.051946699,0.123722739
2.085,0.054338569,0.166741248
2.0853125,0.056730438,0.191437058
2.085625,0.055135858,0.199403449
2.0859375,0.055933148,0.202590005
2.08625,0.055933148,0.204183283
2.0865625,0.055933148,0.191437058
2.086875,0.054338569,0.177097555
2.0871875,0.051946699,0.155588301
2.0875,0.04955483,0.136468964
2.0878125,0.045568381,0.110976515
2.088125,0.044771091,0.091060538
2.0884375,0.043176511,0.073534479
2.08875,0.042379221,0.058398338
2.0890625,0.038392772,0.038482362
2.089375,0.032811743,0.012193273
2.0896875,0.031217164,0.001040326
2.09,0.028028005,-0.006926064
2.0903125,0.024041555,-0.021265567
2.090625,0.020852396,-0.034808431
2.0909375,0.019257817,-0.045961377
2.09125,0.017663237,-0.05233449
2.0915625,0.016865947,-0.061894158
2.091875,0.018460527,-0.059504241
2.0921875,0.019257817,-0.049147933
2.0925,0.020055106,-0.040384904
2.0928125,0.020852396,-0.032418513
2.093125,0.024041555,-0.022858845
2.0934375,0.029622584,-0.004536147
2.09375,0.032014454,0.0066168
2.0940625,0.019257817,-0.020468928
2.094375,0.012879498,-0.062690797
2.0946875,0.012879498,-0.077826939
2.095,0.013676788,-0.078623578
2.0953125,0.015271367,-0.072250466
2.095625,0.016865947,-0.06030088
2.0959375,0.018460527,-0.044368099
2.09625,0.021649686,-0.02684204
2.0965625,0.024838845,-0.011705898
2.096875,0.028825294,0.001836965
2.0971875,0.032014454,0.012989912
2.0975,0.034406323,0.020159663
2.0978125,0.034406323,0.02334622
2.098125,0.035203613,0.026532776
2.0984375,0.036000903,0.028126054
2.09875,0.035203613,0.028126054
2.0990625,0.036000903,0.028922693
2.099375,0.035203613,0.028126054
2.0996875,0.036000903,0.028922693
2.1,0.035203613,0.027329415
2.1003125,0.037595482,0.032905888
2.100625,0.039987352,0.049635308
2.1009375,0.040784642,0.061584894
2.10125,0.04796025,0.100620207
2.1015625,0.053541279,0.154791662
2.101875,0.055933148,0.184267307
2.1021875,0.055933148,0.199403449
2.1025,0.055933148,0.198606809
2.1028125,0.055933148,0.205776561
2.103125,0.054338569,0.195420253
2.1034375,0.055135858,0.18187739
2.10375,0.051946699,0.163554692
2.1040625,0.04955483,0.144435354
2.104375,0.04636567,0.118942905
2.1046875,0.045568381,0.09823029
2.105,0.043973801,0.079907592
2.1053125,0.042379221,0.063178172
2.105625,0.039987352,0.047245391
2.1059375,0.035203613,0.020159663
2.10625,0.031217164,0.003430244
2.1065625,0.029622584,-0.003739508
2.106875,0.024838845,-0.015689094
2.1071875,0.020852396,-0.030028596
2.1075,0.019257817,-0.041181543
2.1078125,0.018460527,-0.049944572
2.108125,0.016865947,-0.058707602
2.1084375,0.017663237,-0.062690797
2.10875,0.019257817,-0.053131129
2.1090625,0.020055106,-0.04357146
2.109375,0.021649686,-0.034011792
2.1096875,0.022446976,-0.027638679
2.11,0.028028005,-0.009315981
2.1103125,0.031217164,0.004226883
2.110625,0.024838845,-0.005332786
2.1109375,0.015271367,-0.049944572
2.11125,0.013676788,-0.075437022
2.1115625,0.013676788,-0.077826939
2.111875,0.015271367,-0.075437022
2.1121875,0.016865947,-0.062690797
2.1125,0.018460527,-0.049944572
2.1128125,0.021649686,-0.030825235
2.113125,0.024041555,-0.016485733
2.1134375,0.028028005,-0.00214623
2.11375,0.032014454,0.009803356
2.1140625,0.033609033,0.018566385
2.114375,0.034406323,0.022549581
2.1146875,0.035203613,0.025736137
2.115,0.035203613,0.027329415
2.1153125,0.035203613,0.027329415
2.115625,0.036000903,0.027329415
2.1159375,0.036000903,0.028126054
2.11625,0.036000903,0.028126054
2.1165625,0.035203613,0.026532776
2.116875,0.037595482,0.028922693
2.1171875,0.039987352,0.044058835
2.1175,0.041581931,0.058398338
2.1178125,0.045568381,0.079110953
2.118125,0.053541279,0.13965552
2.1184375,0.055135858,0.174707638
2.11875,0.056730438,0.194623614
2.1190625,0.055135858,0.198606809
2.119375,0.056730438,0.203386644
2.1196875,0.055135858,0.200200088
2.12,0.054338569,0.185860585
2.1203125,0.053541279,0.170724443
2.120625,0.051149409,0.150808467
2.1209375,0.04716296,0.128502574
2.12125,0.044771091,0.103806763
2.1215625,0.044771091,0.084687426
2.121875,0.043176511,0.067958006
2.1221875,0.042379221,0.052821864
2.1225,0.036798193,0.029719332
2.1228125,0.032014454,0.0066168
2.123125,0.030419874,-0.00214623
2.1234375,0.027230715,-0.011705898
2.12375,0.022446976,-0.026045401
2.1240625,0.020852396,-0.037994987
2.124375,0.019257817,-0.047554655
2.1246875,0.017663237,-0.054724407
2.125,0.016865947,-0.063487436
2.1253125,0.018460527,-0.056317685
2.125625,0.019257817,-0.046758016
2.1259375,0.020852396,-0.037994987
2.12625,0.021649686,-0.030825235
2.1265625,0.026433425,-0.015689094
2.126875,0.030419874,0.000243687
2.1271875,0.029622584,0.003430244
2.1275,0.016865947,-0.034808431
2.1278125,0.013676788,-0.070657188
2.128125,0.013676788,-0.079420217
2.1284375,0.015271367,-0.077826939
2.12875,0.016865947,-0.067470631
2.1290625,0.017663237,-0.056317685
2.129375,0.020055106,-0.038791626
2.1296875,0.022446976,-0.022062206
2.13,0.026433425,-0.007722703
2.1303125,0.031217164,0.005820161
2.130625,0.033609033,0.016176468
2.1309375,0.034406323,0.021752942
2.13125,0.035203613,0.024142859
2.1315625,0.036000903,0.026532776
2.131875,0.036000903,0.027329415
2.1321875,0.036000903,0.027329415
2.1325,0.036000903,0.027329415
2.1328125,0.035203613,0.027329415
2.133125,0.035203613,0.027329415
2.1334375,0.036000903,0.027329415
2.13375,0.038392772,0.036889083
2.1340625,0.040784642,0.053618503
2.134375,0.042379221,0.065568089
2.1346875,0.051149409,0.119739544
2.135,0.054338569,0.164351331
2.1353125,0.056730438,0.18984378
2.135625,0.055933148,0.198606809
2.1359375,0.055933148,0.200200088
2.13625,0.055933148,0.203386644
2.1365625,0.055135858,0.190640419
2.136875,0.054338569,0.176300916
2.1371875,0.051946699,0.15638494
2.1375,0.04875754,0.137265603
2.1378125,0.045568381,0.112569793
2.138125,0.045568381,0.091060538
2.1384375,0.043973801,0.074331119
2.13875,0.042379221,0.059194977
2.1390625,0.039190062,0.039279001
2.139375,0.032811743,0.012193273
2.1396875,0.031217164,0.000243687
2.14,0.028825294,-0.006926064
2.1403125,0.024041555,-0.019672289
2.140625,0.020852396,-0.034011792
2.1409375,0.019257817,-0.045164738
2.14125,0.019257817,-0.05233449
2.1415625,0.016865947,-0.061894158
2.141875,0.017663237,-0.06030088
2.1421875,0.019257817,-0.049944572
2.1425,0.020852396,-0.040384904
2.1428125,0.021649686,-0.033215153
2.143125,0.024041555,-0.022858845
2.1434375,0.029622584,-0.004536147
2.14375,0.032014454,0.0066168
2.1440625,0.020852396,-0.01887565
2.144375,0.013676788,-0.061097519
2.1446875,0.013676788,-0.078623578
2.145,0.014474078,-0.078623578
2.1453125,0.016068657,-0.071453827
2.145625,0.017663237,-0.061097519
2.1459375,0.020055106,-0.045164738
2.14625,0.022446976,-0.02684204
2.1465625,0.025636135,-0.012502537
2.146875,0.029622584,0.001040326
2.1471875,0.032811743,0.012193273
2.1475,0.035203613,0.020159663
2.1478125,0.034406323,0.02334622
2.148125,0.035203613,0.026532776
2.1484375,0.036000903,0.028126054
2.14875,0.036798193,0.028922693
2.1490625,0.036000903,0.028922693
2.149375,0.036798193,0.028922693
2.1496875,0.036000903,0.027329415
2.15,0.036000903,0.027329415
2.1503125,0.038392772,0.032905888
2.150625,0.040784642,0.048838669
2.1509375,0.041581931,0.060788255
2.15125,0.04796025,0.096637012
2.1515625,0.054338569,0.153198384
2.151875,0.056730438,0.183470668
2.1521875,0.055933148,0.198606809
2.1525,0.055933148,0.198606809
2.1528125,0.055933148,0.204979922
2.153125,0.055933148,0.196216892
2.1534375,0.055135858,0.18187739
2.15375,0.051946699,0.164351331
2.1540625,0.050352119,0.145231993
2.154375,0.04716296,0.121332822
2.1546875,0.045568381,0.09823029
2.155,0.044771091,0.079907592
2.1553125,0.041581931,0.063974811
2.155625,0.039987352,0.04804203
2.1559375,0.036000903,0.021752942
2.15625,0.032014454,0.004226883
2.1565625,0.030419874,-0.002942869
2.156875,0.025636135,-0.014892454
2.1571875,0.022446976,-0.030028596
2.1575,0.020852396,-0.041181543
2.1578125,0.019257817,-0.049944572
2.158125,0.017663237,-0.057114324
2.1584375,0.017663237,-0.061894158
2.15875,0.019257817,-0.05233449
2.1590625,0.020055106,-0.041978182
2.159375,0.021649686,-0.034011792
2.1596875,0.022446976,-0.028435318
2.16,0.027230715,-0.01011262
2.1603125,0.032014454,0.004226883
2.160625,0.026433425,-0.003739508
2.1609375,0.014474078,-0.048351294
2.16125,0.012879498,-0.074640383
2.1615625,0.013676788,-0.077826939
2.161875,0.015271367,-0.073843744
2.1621875,0.015271367,-0.064284075
2.1625,0.018460527,-0.050741211
2.1628125,0.021649686,-0.030825235
2.163125,0.024041555,-0.015689094
2.1634375,0.028028005,-0.002942869
2.16375,0.032014454,0.009803356
2.1640625,0.034406323,0.019363024
2.164375,0.035203613,0.024142859
2.1646875,0.036000903,0.025736137
2.165,0.036000903,0.028126054
2.1653125,0.036798193,0.028922693
2.165625,0.036000903,0.029719332
2.1659375,0.036000903,0.028922693
2.16625,0.036000903,0.030515971
2.1665625,0.036000903,0.028922693
2.166875,0.036798193,0.030515971
2.1671875,0.039987352,0.044058835
2.1675,0.040784642,0.058398338
2.1678125,0.045568381,0.078314314
2.168125,0.052743989,0.138858881
2.1684375,0.055933148,0.175504277
2.16875,0.056730438,0.194623614
2.1690625,0.056730438,0.198606809
2.169375,0.057527728,0.204979922
2.1696875,0.055933148,0.200996727
2.17,0.055135858,0.186657224
2.1703125,0.053541279,0.169927804
2.170625,0.051946699,0.153995023
2.1709375,0.04796025,0.130095852
2.17125,0.045568381,0.10619668
2.1715625,0.045568381,0.086280704
2.171875,0.043973801,0.069551284
2.1721875,0.042379221,0.054415142
2.1725,0.037595482,0.032109249
2.1728125,0.032811743,0.008210078
2.173125,0.031217164,-0.000552952
2.1734375,0.028028005,-0.01011262
2.17375,0.024041555,-0.024452123
2.1740625,0.020852396,-0.036401709
2.174375,0.020055106,-0.046758016
2.1746875,0.019257817,-0.053927768
2.175,0.017663237,-0.061894158
2.1753125,0.018460527,-0.055521046
2.175625,0.020055106,-0.045961377
2.1759375,0.020852396,-0.036401709
2.17625,0.022446976,-0.030825235
2.1765625,0.026433425,-0.016485733
2.176875,0.031217164,0.000243687
2.1771875,0.031217164,0.005023522
2.1775,0.017663237,-0.033215153
2.1778125,0.013676788,-0.06826727
2.178125,0.014474078,-0.0770303
2.1784375,0.015271367,-0.076233661
2.17875,0.016068657,-0.066673992
2.1790625,0.017663237,-0.056317685
2.179375,0.020055106,-0.037198348
2.1796875,0.024041555,-0.020468928
2.18,0.027230715,-0.006926064
2.1803125,0.032014454,0.005820161
2.180625,0.034406323,0.016973107
2.1809375,0.035203613,0.021752942
2.18125,0.036000903,0.024939498
2.1815625,0.036000903,0.027329415
2.181875,0.036000903,0.028922693
2.1821875,0.036000903,0.028922693
2.1825,0.036000903,0.028922693
2.1828125,0.036000903,0.028922693
2.183125,0.036000903,0.028922693
2.1834375,0.036798193,0.027329415
2.18375,0.039190062,0.036889083
2.1840625,0.040784642,0.053618503
2.184375,0.043973801,0.067161367
2.1846875,0.051946699,0.119739544
2.185,0.055933148,0.165944609
2.1853125,0.057527728,0.18984378
2.185625,0.056730438,0.199403449
2.1859375,0.056730438,0.201793366
2.18625,0.056730438,0.205776561
2.1865625,0.056730438,0.191437058
2.186875,0.054338569,0.176300916
2.1871875,0.052743989,0.160368135
2.1875,0.050352119,0.138858881
2.1878125,0.04636567,0.112569793
2.188125,0.045568381,0.093450456
2.1884375,0.043176511,0.075127758
2.18875,0.042379221,0.060788255
2.1890625,0.039190062,0.041668918
2.189375,0.035203613,0.01458319
2.1896875,0.032014454,0.001836965
2.19,0.029622584,-0.005332786
2.1903125,0.024838845,-0.01887565
2.190625,0.021649686,-0.033215153
2.1909375,0.020055106,-0.044368099
2.19125,0.019257817,-0.050741211
2.1915625,0.017663237,-0.061097519
2.191875,0.019257817,-0.058707602
2.1921875,0.020055106,-0.049147933
2.1925,0.020852396,-0.040384904
2.1928125,0.021649686,-0.032418513
2.193125,0.023244266,-0.023655484
2.1934375,0.029622584,-0.004536147
2.19375,0.032014454,0.0066168
2.1940625,0.021649686,-0.015689094
2.194375,0.014474078,-0.059504241
2.1946875,0.013676788,-0.076233661
2.195,0.015271367,-0.076233661
2.1953125,0.016068657,-0.069860549
2.195625,0.016865947,-0.06030088
2.1959375,0.019257817,-0.045164738
2.19625,0.021649686,-0.02684204
2.1965625,0.025636135,-0.010909259
2.196875,0.029622584,0.002633605
2.1971875,0.032811743,0.013786551
2.1975,0.034406323,0.020956303
2.1978125,0.036000903,0.024939498
2.198125,0.036000903,0.027329415
2.1984375,0.035203613,0.028126054
2.19875,0.036000903,0.028922693
2.1990625,0.036000903,0.029719332
2.199375,0.036000903,0.029719332
2.1996875,0.036000903,0.028922693
2.2,0.036000903,0.027329415
2.2003125,0.037595482,0.032905888
2.200625,0.040784642,0.04804203
2.2009375,0.041581931,0.060788255
2.20125,0.04796025,0.095043734
2.2015625,0.054338569,0.153198384
2.201875,0.057527728,0.184267307
2.2021875,0.056730438,0.198606809
2.2025,0.055933148,0.199403449
2.2028125,0.056730438,0.204979922
2.203125,0.055933148,0.19781017
2.2034375,0.055135858,0.183470668
2.20375,0.051946699,0.16514797
2.2040625,0.050352119,0.147621911
2.204375,0.04716296,0.122129461
2.2046875,0.044771091,0.099823568
2.205,0.043973801,0.080704231
2.2053125,0.042379221,0.065568089
2.205625,0.040784642,0.049635308
2.2059375,0.036000903,0.02334622
2.20625,0.032014454,0.005023522
2.2065625,0.029622584,-0.00214623
2.206875,0.025636135,-0.013299176
2.2071875,0.021649686,-0.028435318
2.2075,0.020852396,-0.040384904
2.2078125,0.019257817,-0.048351294
2.208125,0.017663237,-0.056317685
2.2084375,0.016865947,-0.061097519
2.20875,0.018460527,-0.05233449
2.2090625,0.019257817,-0.04357146
2.209375,0.020852396,-0.034011792
2.2096875,0.021649686,-0.028435318
2.21,0.027230715,-0.010909259
2.2103125,0.032014454,0.004226883
2.210625,0.027230715,-0.00214623
2.2109375,0.014474078,-0.046758016
2.21125,0.013676788,-0.074640383
2.2115625,0.013676788,-0.079420217
2.211875,0.015271367,-0.076233661
2.2121875,0.016865947,-0.062690797
2.2125,0.018460527,-0.050741211
2.2128125,0.020852396,-0.033215153
2.213125,0.023244266,-0.017282372
2.2134375,0.028028005,-0.002942869
2.21375,0.032014454,0.009803356
2.2140625,0.035203613,0.020159663
2.214375,0.036000903,0.02334622
2.2146875,0.036000903,0.026532776
2.215,0.036798193,0.028126054
2.2153125,0.036798193,0.028922693
2.215625,0.036798193,0.028922693
2.2159375,0.036000903,0.028126054
2.21625,0.036000903,0.028922693
2.2165625,0.036000903,0.028126054
2.216875,0.036000903,0.028922693
2.2171875,0.039987352,0.043262196
2.2175,0.040784642,0.057601699
2.2178125,0.044771091,0.076721036
2.218125,0.052743989,0.135672325
2.2184375,0.055933148,0.17311436
2.21875,0.055933148,0.195420253
2.2190625,0.055933148,0.199403449
2.219375,0.055933148,0.203386644
2.2196875,0.055135858,0.202590005
2.22,0.055135858,0.188250502
2.2203125,0.053541279,0.172317721
2.220625,0.051149409,0.151605106
2.2209375,0.04796025,0.130892491
2.22125,0.045568381,0.10619668
2.2215625,0.044771091,0.087873982
2.221875,0.043176511,0.070347923
2.2221875,0.041581931,0.055211781
2.2225,0.037595482,0.033702527
2.2228125,0.032811743,0.009006717
2.223125,0.030419874,-0.001349591
2.2234375,0.027230715,-0.01011262
2.22375,0.023244266,-0.023655484
2.2240625,0.020852396,-0.036401709
2.224375,0.018460527,-0.046758016
2.2246875,0.017663237,-0.053927768
2.225,0.016865947,-0.062690797
2.2253125,0.018460527,-0.056317685
2.225625,0.020055106,-0.045961377
2.2259375,0.020852396,-0.037198348
2.22625,0.020852396,-0.031621874
2.2265625,0.026433425,-0.016485733
2.226875,0.030419874,0.000243687
2.2271875,0.030419874,0.005820161
2.2275,0.017663237,-0.030825235
2.2278125,0.012879498,-0.067470631
2.228125,0.013676788,-0.078623578
2.2284375,0.014474078,-0.076233661
2.22875,0.015271367,-0.067470631
2.2290625,0.016865947,-0.056317685
2.229375,0.020055106,-0.038791626
2.2296875,0.023244266,-0.022062206
2.23,0.026433425,-0.008519342
2.2303125,0.030419874,0.005023522
2.230625,0.033609033,0.016176468
2.2309375,0.034406323,0.021752942
2.23125,0.035203613,0.024142859
2.2315625,0.035203613,0.027329415
2.231875,0.036000903,0.028126054
2.2321875,0.035203613,0.028922693
2.2325,0.036000903,0.028126054
2.2328125,0.036000903,0.028126054
2.233125,0.036000903,0.028126054
2.2334375,0.036000903,0.028126054
2.23375,0.038392772,0.036889083
2.2340625,0.039987352,0.052025225
2.234375,0.041581931,0.063974811
2.2346875,0.051149409,0.116552988
2.235,0.055135858,0.162758052
2.2353125,0.056730438,0.188250502
2.235625,0.055933148,0.199403449
2.2359375,0.056730438,0.200200088
2.23625,0.055933148,0.204979922
2.2365625,0.055135858,0.192233697
2.236875,0.053541279,0.177894194
2.2371875,0.051149409,0.158774857
2.2375,0.04955483,0.138858881
2.2378125,0.04636567,0.114163071
2.238125,0.044771091,0.093450456
2.2384375,0.043973801,0.075127758
2.23875,0.042379221,0.059991616
2.2390625,0.039987352,0.043262196
2.239375,0.034406323,0.016176468
2.2396875,0.031217164,0.002633605
2.24,0.029622584,-0.005332786
2.2403125,0.024838845,-0.018079011
2.240625,0.021649686,-0.031621874
2.2409375,0.019257817,-0.041978182
2.24125,0.018460527,-0.050741211
2.2415625,0.016865947,-0.06030088
2.241875,0.019257817,-0.058707602
2.2421875,0.020055106,-0.049147933
2.2425,0.020852396,-0.039588265
2.2428125,0.021649686,-0.032418513
2.243125,0.023244266,-0.024452123
2.2434375,0.028825294,-0.005332786
2.24375,0.032014454,0.007413439
2.2440625,0.021649686,-0.014095815
2.244375,0.013676788,-0.056317685
2.2446875,0.013676788,-0.075437022
2.245,0.014474078,-0.076233661
2.2453125,0.015271367,-0.071453827
2.245625,0.016865947,-0.058707602
2.2459375,0.018460527,-0.04357146
2.24625,0.021649686,-0.026045401
2.2465625,0.024041555,-0.010909259
2.246875,0.029622584,0.002633605
2.2471875,0.032014454,0.013786551
2.2475,0.034406323,0.021752942
2.2478125,0.034406323,0.02334622
2.248125,0.034406323,0.027329415
2.2484375,0.036000903,0.028126054
2.24875,0.035203613,0.028922693
2.2490625,0.035203613,0.028922693
2.249375,0.036000903,0.028922693
2.2496875,0.035203613,0.029719332
2.25,0.035203613,0.028126054
2.2503125,0.037595482,0.032905888
2.250625,0.039987352,0.048838669
2.2509375,0.039190062,0.060788255
2.25125,0.04636567,0.092653817
2.2515625,0.052743989,0.151605106
2.251875,0.055933148,0.182674029
2.2521875,0.055933148,0.199403449
2.2525,0.055135858,0.200200088
2.2528125,0.055933148,0.2065732
2.253125,0.054338569,0.198606809
2.2534375,0.054338569,0.184267307
2.25375,0.051946699,0.166741248
2.2540625,0.04955483,0.146825272
2.254375,0.04636567,0.1229261
2.2546875,0.044771091,0.102213485
2.255,0.043973801,0.08150087
2.2553125,0.042379221,0.065568089
2.255625,0.039987352,0.050431947
2.2559375,0.035203613,0.024939498
2.25625,0.032014454,0.005820161
2.2565625,0.029622584,-0.00214623
2.256875,0.025636135,-0.012502537
2.2571875,0.021649686,-0.028435318
2.2575,0.020055106,-0.039588265
2.2578125,0.019257817,-0.049147933
2.258125,0.017663237,-0.056317685
2.2584375,0.016865947,-0.061894158
2.25875,0.018460527,-0.053927768
2.2590625,0.019257817,-0.04357146
2.259375,0.020852396,-0.034808431
2.2596875,0.021649686,-0.028435318
2.26,0.027230715,-0.010909259
2.2603125,0.030419874,0.002633605
2.260625,0.026433425,-0.00214623
2.2609375,0.014474078,-0.044368099
2.26125,0.012082208,-0.073843744
2.2615625,0.012879498,-0.078623578
2.261875,0.013676788,-0.074640383
2.2621875,0.016068657,-0.063487436
2.2625,0.017663237,-0.050741211
2.2628125,0.020055106,-0.032418513
2.263125,0.023244266,-0.018079011
2.2634375,0.027230715,-0.002942869
2.26375,0.031217164,0.009803356
2.2640625,0.033609033,0.018566385
2.264375,0.035203613,0.02334622
2.2646875,0.035203613,0.026532776
2.265,0.035203613,0.027329415
2.2653125,0.036798193,0.028126054
2.265625,0.036000903,0.028922693
2.2659375,0.036000903,0.028922693
2.26625,0.036000903,0.028922693
2.2665625,0.036000903,0.028126054
2.266875,0.036000903,0.028922693
2.2671875,0.039987352,0.043262196
2.2675,0.040784642,0.05680506
2.2678125,0.043973801,0.074331119
2.268125,0.052743989,0.134875686
2.2684375,0.055933148,0.174707638
2.26875,0.056730438,0.194623614
2.2690625,0.055933148,0.199403449
2.269375,0.056730438,0.204183283
2.2696875,0.055933148,0.203386644
2.27,0.055933148,0.189047141
2.2703125,0.054338569,0.173910999
2.270625,0.051149409,0.152401745
2.2709375,0.04796025,0.130892491
2.27125,0.044771091,0.107789958
2.2715625,0.044771091,0.087873982
2.271875,0.042379221,0.071144562
2.2721875,0.040784642,0.05600842
2.2725,0.037595482,0.034499166
2.2728125,0.032811743,0.009803356
2.273125,0.030419874,0.001040326
2.2734375,0.027230715,-0.007722703
2.27375,0.023244266,-0.022858845
2.2740625,0.020852396,-0.034808431
2.274375,0.018460527,-0.045961377
2.2746875,0.018460527,-0.053131129
2.275,0.016865947,-0.061894158
2.2753125,0.017663237,-0.056317685
2.275625,0.019257817,-0.045961377
2.2759375,0.020055106,-0.037198348
2.27625,0.021649686,-0.030028596
2.2765625,0.024838845,-0.017282372
2.276875,0.029622584,-0.000552952
2.2771875,0.030419874,0.0066168
2.2775,0.017663237,-0.029231957
2.2778125,0.013676788,-0.065877353
2.278125,0.013676788,-0.076233661
2.2784375,0.013676788,-0.075437022
2.27875,0.016068657,-0.066673992
2.2790625,0.017663237,-0.054724407
2.279375,0.019257817,-0.037198348
2.2796875,0.022446976,-0.022062206
2.28,0.027230715,-0.006926064
2.2803125,0.031217164,0.005820161
2.280625,0.034406323,0.016973107
2.2809375,0.035203613,0.022549581
2.28125,0.035203613,0.024939498
2.2815625,0.035203613,0.028126054
2.281875,0.036000903,0.028922693
2.2821875,0.036798193,0.029719332
2.2825,0.036000903,0.029719332
2.2828125,0.036000903,0.029719332
2.283125,0.036798193,0.029719332
2.2834375,0.036000903,0.028126054
2.28375,0.039190062,0.037685722
2.2840625,0.039987352,0.053618503
2.284375,0.042379221,0.06477145
2.2846875,0.051149409,0.114163071
2.285,0.055135858,0.162758052
2.2853125,0.056730438,0.18984378
2.285625,0.055933148,0.200996727
2.2859375,0.056730438,0.200996727
2.28625,0.056730438,0.2065732
2.2865625,0.055933148,0.194623614
2.286875,0.055135858,0.179487472
2.2871875,0.051946699,0.161164774
2.2875,0.04955483,0.140452159
2.2878125,0.04636567,0.115756349
2.288125,0.045568381,0.095840373
2.2884375,0.043973801,0.076721036
2.28875,0.043176511,0.061584894
2.2890625,0.039987352,0.044855474
2.289375,0.035203613,0.016973107
2.2896875,0.032014454,0.002633605
2.29,0.029622584,-0.004536147
2.2903125,0.026433425,-0.017282372
2.290625,0.023244266,-0.031621874
2.2909375,0.020852396,-0.042774821
2.29125,0.020055106,-0.049944572
2.2915625,0.018460527,-0.06030088
2.291875,0.020055106,-0.06030088
2.2921875,0.020852396,-0.049944572
2.2925,0.022446976,-0.041181543
2.2928125,0.023244266,-0.032418513
2.293125,0.024041555,-0.025248762
2.2934375,0.029622584,-0.005332786
2.29375,0.032811743,0.0066168
2.2940625,0.024041555,-0.012502537
2.294375,0.014474078,-0.056317685
2.2946875,0.014474078,-0.075437022
2.295,0.015271367,-0.0770303
2.2953125,0.016068657,-0.072250466
2.295625,0.018460527,-0.059504241
2.2959375,0.018460527,-0.046758016
2.29625,0.022446976,-0.027638679
2.2965625,0.025636135,-0.013299176
2.296875,0.029622584,0.000243687
2.2971875,0.032811743,0.012193273
2.2975,0.034406323,0.020159663
2.2978125,0.035203613,0.024142859
2.298125,0.036000903,0.026532776
2.2984375,0.036000903,0.028126054
2.29875,0.036000903,0.028922693
2.2990625,0.036798193,0.028922693
2.299375,0.036798193,0.028922693
2.2996875,0.036798193,0.028126054
2.3,0.036798193,0.028126054
2.3003125,0.037595482,0.032109249
2.300625,0.041581931,0.04804203
2.3009375,0.042379221,0.060788255
2.30125,0.04796025,0.08946726
2.3015625,0.054338569,0.150011828
2.301875,0.056730438,0.181080751
2.3021875,0.057527728,0.198606809
2.3025,0.055933148,0.199403449
2.3028125,0.056730438,0.2065732
2.303125,0.055933148,0.198606809
2.3034375,0.055933148,0.185063946
2.30375,0.053541279,0.167537887
2.3040625,0.051946699,0.147621911
2.304375,0.04796025,0.123722739
2.3046875,0.045568381,0.101416846
2.305,0.045568381,0.083094148
2.3053125,0.043973801,0.066364728
2.305625,0.042379221,0.051228586
2.3059375,0.038392772,0.025736137
2.30625,0.032811743,0.005820161
2.3065625,0.031217164,-0.00214623
2.306875,0.027230715,-0.013299176
2.3071875,0.022446976,-0.027638679
2.3075,0.020852396,-0.039588265
2.3078125,0.019257817,-0.049147933
2.308125,0.017663237,-0.057114324
2.3084375,0.018460527,-0.062690797
2.30875,0.020055106,-0.053927768
2.3090625,0.020852396,-0.045164738
2.309375,0.021649686,-0.03560507
2.3096875,0.022446976,-0.030028596
2.31,0.028028005,-0.011705898
2.3103125,0.031217164,0.001836965
2.310625,0.028028005,-0.000552952
2.3109375,0.016865947,-0.042774821
2.31125,0.012879498,-0.073047105
2.3115625,0.014474078,-0.077826939
2.311875,0.015271367,-0.075437022
2.3121875,0.016865947,-0.064284075
2.3125,0.019257817,-0.051537851
2.3128125,0.021649686,-0.033215153
2.313125,0.024838845,-0.018079011
2.3134375,0.028825294,-0.004536147
2.31375,0.032811743,0.008210078
2.3140625,0.035203613,0.018566385
2.314375,0.035203613,0.02334622
2.3146875,0.036000903,0.025736137
2.315,0.036798193,0.027329415
2.3153125,0.037595482,0.028126054
2.315625,0.036798193,0.028126054
2.3159375,0.036798193,0.028922693
2.31625,0.037595482,0.028126054
2.3165625,0.036798193,0.027329415
2.316875,0.037595482,0.028126054
2.3171875,0.039987352,0.041668918
2.3175,0.042379221,0.05680506
2.3178125,0.044771091,0.07273784
2.318125,0.053541279,0.133282408
2.3184375,0.055933148,0.171521082
2.31875,0.057527728,0.193826975
2.3190625,0.055933148,0.200996727
2.319375,0.057527728,0.204183283
2.3196875,0.056730438,0.203386644
2.32,0.055933148,0.190640419
2.3203125,0.054338569,0.175504277
2.320625,0.051946699,0.153995023
2.3209375,0.04875754,0.133282408
2.32125,0.045568381,0.109383236
2.3215625,0.044771091,0.08946726
2.321875,0.043973801,0.071941201
2.3221875,0.042379221,0.05680506
2.3225,0.038392772,0.035295805
2.3228125,0.033609033,0.010599995
2.323125,0.031217164,0.001040326
2.3234375,0.028028005,-0.007722703
2.32375,0.023244266,-0.022858845
2.3240625,0.020852396,-0.03560507
2.324375,0.019257817,-0.045961377
2.3246875,0.018460527,-0.053131129
2.325,0.017663237,-0.062690797
2.3253125,0.019257817,-0.057910963
2.325625,0.020055106,-0.046758016
2.3259375,0.021649686,-0.038791626
2.32625,0.021649686,-0.031621874
2.3265625,0.025636135,-0.019672289
2.326875,0.030419874,-0.00214623
2.3271875,0.032014454,0.0066168
2.3275,0.018460527,-0.028435318
2.3278125,0.013676788,-0.066673992
2.328125,0.013676788,-0.078623578
2.3284375,0.014474078,-0.0770303
2.32875,0.016068657,-0.069860549
2.3290625,0.018460527,-0.057114324
2.329375,0.020852396,-0.040384904
2.3296875,0.023244266,-0.022858845
2.33,0.026433425,-0.009315981
2.3303125,0.031217164,0.004226883
2.330625,0.034406323,0.015379829
2.3309375,0.034406323,0.020956303
2.33125,0.036000903,0.024142859
2.3315625,0.036000903,0.026532776
2.331875,0.036798193,0.027329415
2.3321875,0.036798193,0.027329415
2.3325,0.036798193,0.028126054
2.3328125,0.036000903,0.028126054
2.333125,0.036798193,0.028126054
2.3334375,0.036798193,0.027329415
2.33375,0.038392772,0.035295805
2.3340625,0.040784642,0.052025225
2.334375,0.042379221,0.062381533
2.3346875,0.051149409,0.110976515
2.335,0.055135858,0.163554692
2.3353125,0.057527728,0.188250502
2.335625,0.056730438,0.200200088
2.3359375,0.056730438,0.200996727
2.33625,0.056730438,0.2065732
2.3365625,0.055933148,0.195420253
2.336875,0.055135858,0.180284111
2.3371875,0.052743989,0.160368135
2.3375,0.050352119,0.141248798
2.3378125,0.04716296,0.118146266
2.338125,0.045568381,0.096637012
2.3384375,0.044771091,0.077517675
2.33875,0.043176511,0.062381533
2.3390625,0.040784642,0.044058835
2.339375,0.036000903,0.017769746
2.3396875,0.032811743,0.003430244
2.34,0.030419874,-0.004536147
2.3403125,0.026433425,-0.016485733
2.340625,0.022446976,-0.031621874
2.3409375,0.020852396,-0.041978182
2.34125,0.019257817,-0.049147933
2.3415625,0.017663237,-0.059504241
2.341875,0.018460527,-0.06030088
2.3421875,0.020852396,-0.049944572
2.3425,0.021649686,-0.040384904
2.3428125,0.021649686,-0.032418513
2.343125,0.023244266,-0.023655484
2.3434375,0.028825294,-0.006129425
2.34375,0.032811743,0.0066168
2.3440625,0.024041555,-0.010909259
2.344375,0.014474078,-0.055521046
2.3446875,0.014474078,-0.076233661
2.345,0.015271367,-0.0770303
2.3453125,0.016068657,-0.073047105
2.345625,0.016865947,-0.06030088
2.3459375,0.018460527,-0.046758016
2.34625,0.021649686,-0.027638679
2.3465625,0.024838845,-0.013299176
2.346875,0.028825294,0.001040326
2.3471875,0.032811743,0.012193273
2.3475,0.034406323,0.020159663
2.3478125,0.036000903,0.024142859
2.348125,0.035203613,0.025736137
2.3484375,0.036000903,0.028126054
2.34875,0.036000903,0.028922693
2.3490625,0.036798193,0.028922693
2.349375,0.036798193,0.028922693
2.3496875,0.036000903,0.028922693
2.35,0.036000903,0.028126054
2.3503125,0.037595482,0.032109249
2.350625,0.040784642,0.047245391
2.3509375,0.042379221,0.059991616
2.35125,0.04796025,0.088670621
2.3515625,0.054338569,0.147621911
2.351875,0.056730438,0.179487472
2.3521875,0.057527728,0.19781017
2.3525,0.055933148,0.19781017
2.3528125,0.057527728,0.205776561
2.353125,0.055933148,0.199403449
2.3534375,0.056730438,0.185860585
2.35375,0.052743989,0.168334526
2.3540625,0.051149409,0.14841855
2.354375,0.04716296,0.124519378
2.3546875,0.045568381,0.102213485
2.355,0.044771091,0.083094148
2.3553125,0.043176511,0.067161367
2.355625,0.040784642,0.052025225
2.3559375,0.036000903,0.026532776
2.35625,0.032014454,0.005820161
2.3565625,0.031217164,-0.001349591
2.356875,0.027230715,-0.011705898
2.3571875,0.022446976,-0.02684204
2.3575,0.020055106,-0.039588265
2.3578125,0.019257817,-0.047554655
2.358125,0.018460527,-0.055521046
2.3584375,0.017663237,-0.062690797
2.35875,0.019257817,-0.054724407
2.3590625,0.020055106,-0.044368099
2.359375,0.020852396,-0.03560507
2.3596875,0.022446976,-0.030028596
2.36,0.026433425,-0.012502537
2.3603125,0.030419874,0.001836965
2.360625,0.027230715,0.001040326
2.3609375,0.016068657,-0.041181543
2.36125,0.013676788,-0.071453827
2.3615625,0.014474078,-0.078623578
2.361875,0.014474078,-0.075437022
2.3621875,0.017663237,-0.063487436
2.3625,0.017663237,-0.053131129
2.3628125,0.021649686,-0.034011792
2.363125,0.024041555,-0.018079011
2.3634375,0.028028005,-0.003739508
2.36375,0.032014454,0.008210078
2.3640625,0.035203613,0.018566385
2.364375,0.035203613,0.022549581
2.3646875,0.036000903,0.025736137
2.365,0.036000903,0.027329415
2.3653125,0.036798193,0.028922693
2.365625,0.036798193,0.028922693
2.3659375,0.036798193,0.028922693
2.36625,0.036000903,0.028922693
2.3665625,0.036798193,0.028922693
2.366875,0.036798193,0.028126054
2.3671875,0.039987352,0.041668918
2.3675,0.042379221,0.05680506
2.3678125,0.044771091,0.071144562
2.368125,0.052743989,0.130892491
2.3684375,0.055933148,0.169927804
2.36875,0.056730438,0.192233697
2.3690625,0.055135858,0.199403449
2.369375,0.056730438,0.203386644
2.3696875,0.056730438,0.203386644
2.37,0.056730438,0.190640419
2.3703125,0.055135858,0.176300916
2.370625,0.051946699,0.154791662
2.3709375,0.04875754,0.134079047
2.37125,0.04636567,0.110179876
2.3715625,0.045568381,0.090263899
2.371875,0.043973801,0.073534479
2.3721875,0.043176511,0.058398338
2.3725,0.039190062,0.036889083
2.3728125,0.033609033,0.011396634
2.373125,0.032014454,0.001836965
2.3734375,0.028825294,-0.006926064
2.37375,0.024041555,-0.022062206
2.3740625,0.020852396,-0.034808431
2.374375,0.020055106,-0.045164738
2.3746875,0.018460527,-0.053131129
2.375,0.016865947,-0.061894158
2.3753125,0.019257817,-0.057114324
2.375625,0.020055106,-0.046758016
2.3759375,0.020852396,-0.037198348
2.37625,0.021649686,-0.030825235
2.3765625,0.024838845,-0.019672289
2.376875,0.030419874,-0.00214623
2.3771875,0.031217164,0.005820161
2.3775,0.019257817,-0.025248762
2.3778125,0.013676788,-0.065080714
2.378125,0.014474078,-0.077826939
2.3784375,0.014474078,-0.0770303
2.37875,0.016865947,-0.069860549
2.3790625,0.018460527,-0.057114324
2.379375,0.019257817,-0.041181543
2.3796875,0.023244266,-0.023655484
2.38,0.026433425,-0.009315981
2.3803125,0.031217164,0.005023522
2.380625,0.032811743,0.015379829
2.3809375,0.034406323,0.021752942
2.38125,0.035203613,0.024142859
2.3815625,0.036000903,0.026532776
2.381875,0.036798193,0.027329415
2.3821875,0.036798193,0.028922693
2.3825,0.036798193,0.028126054
2.3828125,0.036798193,0.028922693
2.383125,0.036798193,0.028126054
2.3834375,0.036000903,0.027329415
2.38375,0.038392772,0.035295805
2.3840625,0.041581931,0.052025225
2.384375,0.042379221,0.062381533
2.3846875,0.051149409,0.108586597
2.385,0.054338569,0.159571496
2.3853125,0.057527728,0.186657224
2.385625,0.056730438,0.199403449
2.3859375,0.056730438,0.200996727
2.38625,0.056730438,0.2065732
2.3865625,0.055933148,0.195420253
2.386875,0.055933148,0.181080751
2.3871875,0.052743989,0.161164774
2.3875,0.051149409,0.142045437
2.3878125,0.04716296,0.117349627
2.388125,0.045568381,0.095840373
2.3884375,0.044771091,0.078314314
2.38875,0.042379221,0.062381533
2.3890625,0.039987352,0.045652113
2.389375,0.034406323,0.018566385
2.3896875,0.031217164,0.003430244
2.39,0.030419874,-0.002942869
2.3903125,0.025636135,-0.014892454
2.390625,0.021649686,-0.031621874
2.3909375,0.020055106,-0.040384904
2.39125,0.018460527,-0.049147933
2.3915625,0.017663237,-0.057910963
2.391875,0.018460527,-0.06030088
2.3921875,0.019257817,-0.050741211
2.3925,0.020852396,-0.041181543
2.3928125,0.021649686,-0.032418513
2.393125,0.023244266,-0.023655484
2.3934375,0.028825294,-0.005332786
2.39375,0.032014454,0.0066168
2.3940625,0.024041555,-0.007722703
2.394375,0.014474078,-0.05233449
2.3946875,0.013676788,-0.074640383
2.395,0.014474078,-0.076233661
2.3953125,0.014474078,-0.073047105
2.395625,0.016865947,-0.059504241
2.3959375,0.018460527,-0.045961377
2.39625,0.021649686,-0.027638679
2.3965625,0.025636135,-0.012502537
2.396875,0.029622584,0.001040326
2.3971875,0.032811743,0.012193273
2.3975,0.035203613,0.020956303
2.3978125,0.035203613,0.024939498
2.398125,0.036000903,0.027329415
2.3984375,0.036000903,0.028922693
2.39875,0.036000903,0.029719332
2.3990625,0.036798193,0.029719332
2.399375,0.036798193,0.029719332
2.3996875,0.036000903,0.029719332
2.4,0.036798193,0.028126054
2.4003125,0.038392772,0.03131261
2.400625,0.040784642,0.047245391
2.4009375,0.042379221,0.059991616
2.40125,0.04636567,0.085484065
2.4015625,0.053541279,0.146825272
2.401875,0.056730438,0.179487472
2.4021875,0.056730438,0.19781017
2.4025,0.056730438,0.200200088
2.4028125,0.057527728,0.204979922
2.403125,0.056730438,0.200200088
2.4034375,0.056730438,0.185860585
2.40375,0.053541279,0.169131165
2.4040625,0.050352119,0.14841855
2.404375,0.04796025,0.127705935
2.4046875,0.045568381,0.104603402
2.405,0.044771091,0.083890787
2.4053125,0.043176511,0.067958006
2.405625,0.040784642,0.052821864
2.4059375,0.036798193,0.028126054
2.40625,0.032014454,0.007413439
2.4065625,0.030419874,-0.001349591
2.406875,0.027230715,-0.010909259
2.4071875,0.022446976,-0.025248762
2.4075,0.020852396,-0.037994987
2.4078125,0.019257817,-0.047554655
2.408125,0.017663237,-0.053927768
2.4084375,0.017663237,-0.06030088
2.40875,0.019257817,-0.053131129
2.4090625,0.020055106,-0.042774821
2.409375,0.022446976,-0.034011792
2.4096875,0.022446976,-0.027638679
2.41,0.027230715,-0.011705898
2.4103125,0.031217164,0.003430244
2.410625,0.029622584,0.003430244
2.4109375,0.016865947,-0.037198348
2.41125,0.012879498,-0.070657188
2.4115625,0.013676788,-0.076233661
2.411875,0.015271367,-0.074640383
2.4121875,0.016865947,-0.063487436
2.4125,0.018460527,-0.05233449
2.4128125,0.021649686,-0.033215153
2.413125,0.024041555,-0.018079011
2.4134375,0.028028005,-0.003739508
2.41375,0.032014454,0.009006717
2.4140625,0.034406323,0.019363024
2.414375,0.035203613,0.024939498
2.4146875,0.036000903,0.025736137
2.415,0.036000903,0.028126054
2.4153125,0.036798193,0.029719332
2.415625,0.036000903,0.029719332
2.4159375,0.036000903,0.030515971
2.41625,0.036000903,0.030515971
2.4165625,0.036000903,0.029719332
2.416875,0.036798193,0.029719332
2.4171875,0.039190062,0.040872279
2.4175,0.041581931,0.05680506
2.4178125,0.043973801,0.070347923
2.418125,0.052743989,0.128502574
2.4184375,0.055933148,0.169927804
2.41875,0.057527728,0.193030336
2.4190625,0.055933148,0.200200088
2.419375,0.056730438,0.203386644
2.4196875,0.056730438,0.204183283
2.42,0.055933148,0.190640419
2.4203125,0.054338569,0.176300916
2.420625,0.051149409,0.155588301
2.4209375,0.04955483,0.135672325
2.42125,0.04636567,0.110976515
2.4215625,0.045568381,0.091060538
2.421875,0.044771091,0.073534479
2.4221875,0.042379221,0.059194977
2.4225,0.039190062,0.038482362
2.4228125,0.033609033,0.012193273
2.423125,0.032014454,0.001836965
2.4234375,0.029622584,-0.006129425
2.42375,0.024041555,-0.020468928
2.4240625,0.021649686,-0.033215153
2.424375,0.020055106,-0.044368099
2.4246875,0.019257817,-0.050741211
2.425,0.017663237,-0.061097519
2.4253125,0.019257817,-0.057910963
2.425625,0.020055106,-0.046758016
2.4259375,0.020852396,-0.037198348
2.42625,0.021649686,-0.030825235
2.4265625,0.025636135,-0.019672289
2.426875,0.030419874,-0.001349591
2.4271875,0.032014454,0.007413439
2.4275,0.020055106,-0.023655484
2.4278125,0.012879498,-0.063487436
2.428125,0.013676788,-0.0770303
2.4284375,0.013676788,-0.076233661
2.42875,0.016068657,-0.06826727
2.4290625,0.017663237,-0.056317685
2.429375,0.020055106,-0.039588265
2.4296875,0.023244266,-0.022858845
2.43,0.026433425,-0.008519342
2.4303125,0.030419874,0.004226883
2.430625,0.034406323,0.015379829
2.4309375,0.035203613,0.021752942
2.43125,0.035203613,0.024939498
2.4315625,0.036000903,0.027329415
2.431875,0.036798193,0.028922693
2.4321875,0.037595482,0.028922693
2.4325,0.036798193,0.029719332
2.4328125,0.036798193,0.028922693
2.433125,0.036798193,0.028922693
2.4334375,0.036798193,0.028126054
2.43375,0.038392772,0.036092444
2.4340625,0.040784642,0.052025225
2.434375,0.042379221,0.063178172
2.4346875,0.050352119,0.106993319
2.435,0.055135858,0.159571496
2.4353125,0.056730438,0.187453863
2.435625,0.055933148,0.200200088
2.4359375,0.055933148,0.200200088
2.43625,0.056730438,0.207369839
2.4365625,0.055933148,0.196216892
2.436875,0.055135858,0.182674029
2.4371875,0.051946699,0.162758052
2.4375,0.04955483,0.143638715
2.4378125,0.04636567,0.118942905
2.438125,0.045568381,0.09823029
2.4384375,0.044771091,0.079907592
2.43875,0.043176511,0.063974811
2.4390625,0.040784642,0.047245391
2.439375,0.035203613,0.020956303
2.4396875,0.032014454,0.004226883
2.44,0.030419874,-0.00214623
2.4403125,0.025636135,-0.014892454
2.440625,0.022446976,-0.029231957
2.4409375,0.020055106,-0.041181543
2.44125,0.019257817,-0.048351294
2.4415625,0.017663237,-0.057910963
2.441875,0.018460527,-0.06030088
2.4421875,0.019257817,-0.050741211
2.4425,0.020055106,-0.041181543
2.4428125,0.021649686,-0.033215153
2.443125,0.024041555,-0.025248762
2.4434375,0.028825294,-0.006926064
2.44375,0.032014454,0.0066168
2.4440625,0.025636135,-0.007722703
2.444375,0.014474078,-0.05233449
2.4446875,0.013676788,-0.075437022
2.445,0.015271367,-0.076233661
2.4453125,0.016068657,-0.072250466
2.445625,0.017663237,-0.06030088
2.4459375,0.019257817,-0.046758016
2.44625,0.022446976,-0.029231957
2.4465625,0.024838845,-0.014095815
2.446875,0.029622584,0.000243687
2.4471875,0.032811743,0.011396634
2.4475,0.035203613,0.020956303
2.4478125,0.034406323,0.024142859
2.448125,0.035203613,0.026532776
2.4484375,0.036000903,0.028922693
2.44875,0.035203613,0.028922693
2.4490625,0.036000903,0.028922693
2.449375,0.036000903,0.029719332
2.4496875,0.036000903,0.028922693
2.45,0.036000903,0.028126054
2.4503125,0.036798193,0.03131261
2.450625,0.039190062,0.046448752
2.4509375,0.040784642,0.059991616
2.45125,0.045568381,0.084687426
2.4515625,0.053541279,0.145231993
2.451875,0.056730438,0.178690833
2.4521875,0.056730438,0.196216892
2.4525,0.055933148,0.199403449
2.4528125,0.056730438,0.204979922
2.453125,0.055933148,0.200200088
2.4534375,0.055135858,0.186657224
2.45375,0.052743989,0.169927804
2.4540625,0.051149409,0.149215189
2.454375,0.04796025,0.126909295
2.4546875,0.045568381,0.104603402
2.455,0.044771091,0.084687426
2.4553125,0.043176511,0.068754645
2.455625,0.041581931,0.053618503
2.4559375,0.036798193,0.028922693
2.45625,0.032811743,0.008210078
2.4565625,0.030419874,0.000243687
2.456875,0.027230715,-0.010909259
2.4571875,0.022446976,-0.025248762
2.4575,0.020852396,-0.036401709
2.4578125,0.019257817,-0.045961377
2.458125,0.017663237,-0.053131129
2.4584375,0.018460527,-0.06030088
2.45875,0.020055106,-0.053131129
2.4590625,0.020852396,-0.04357146
2.459375,0.021649686,-0.034808431
2.4596875,0.022446976,-0.029231957
2.46,0.028028005,-0.013299176
2.4603125,0.032014454,0.002633605
2.460625,0.030419874,0.003430244
2.4609375,0.017663237,-0.036401709
2.46125,0.014474078,-0.06906391
2.4615625,0.014474078,-0.075437022
2.461875,0.014474078,-0.074640383
2.4621875,0.016865947,-0.063487436
2.4625,0.017663237,-0.050741211
2.4628125,0.020852396,-0.034011792
2.463125,0.024041555,-0.018079011
2.4634375,0.028825294,-0.003739508
2.46375,0.032014454,0.009006717
2.4640625,0.035203613,0.018566385
2.464375,0.035203613,0.024142859
2.4646875,0.036000903,0.026532776
2.465,0.036000903,0.027329415
2.4653125,0.036000903,0.029719332
2.465625,0.036798193,0.029719332
2.4659375,0.036798193,0.029719332
2.46625,0.036798193,0.029719332
2.4665625,0.036798193,0.029719332
2.466875,0.036798193,0.028922693
2.4671875,0.039190062,0.040872279
2.4675,0.041581931,0.055211781
2.4678125,0.044771091,0.069551284
2.468125,0.052743989,0.124519378
2.4684375,0.056730438,0.168334526
2.46875,0.057527728,0.191437058
2.4690625,0.055933148,0.199403449
2.469375,0.057527728,0.201793366
2.4696875,0.056730438,0.204979922
2.47,0.055933148,0.190640419
2.4703125,0.054338569,0.177097555
2.470625,0.052743989,0.155588301
2.4709375,0.050352119,0.135672325
2.47125,0.04636567,0.110976515
2.4715625,0.045568381,0.091060538
2.471875,0.043973801,0.073534479
2.4721875,0.042379221,0.058398338
2.4725,0.039987352,0.039279001
2.4728125,0.034406323,0.013786551
2.473125,0.032014454,0.001836965
2.4734375,0.028825294,-0.006129425
2.47375,0.024041555,-0.019672289
2.4740625,0.021649686,-0.033215153
2.474375,0.020055106,-0.044368099
2.4746875,0.019257817,-0.049944572
2.475,0.016865947,-0.061097519
2.4753125,0.018460527,-0.057910963
2.475625,0.019257817,-0.047554655
2.4759375,0.021649686,-0.037994987
2.47625,0.022446976,-0.030825235
2.4765625,0.024838845,-0.019672289
2.476875,0.030419874,-0.001349591
2.4771875,0.032014454,0.007413439
2.4775,0.020055106,-0.021265567
2.4778125,0.013676788,-0.061097519
2.478125,0.013676788,-0.076233661
2.4784375,0.013676788,-0.075437022
2.47875,0.016068657,-0.06906391
2.4790625,0.016865947,-0.057114324
2.479375,0.019257817,-0.041181543
2.4796875,0.022446976,-0.023655484
2.48,0.025636135,-0.009315981
2.4803125,0.030419874,0.005023522
2.480625,0.032811743,0.015379829
2.4809375,0.034406323,0.021752942
2.48125,0.034406323,0.024939498
2.4815625,0.035203613,0.027329415
2.481875,0.035203613,0.028922693
2.4821875,0.036000903,0.028922693
2.4825,0.036000903,0.029719332
2.4828125,0.036798193,0.028922693
2.483125,0.036798193,0.029719332
2.4834375,0.036000903,0.028126054
2.48375,0.037595482,0.035295805
2.4840625,0.040784642,0.051228586
2.484375,0.040784642,0.061584894
2.4846875,0.04955483,0.102213485
2.485,0.054338569,0.157181579
2.4853125,0.057527728,0.185860585
2.485625,0.056730438,0.199403449
2.4859375,0.055933148,0.198606809
2.48625,0.056730438,0.205776561
2.4865625,0.055933148,0.195420253
2.486875,0.055135858,0.181080751
2.4871875,0.051946699,0.161961413
2.4875,0.050352119,0.143638715
2.4878125,0.04636567,0.118942905
2.488125,0.045568381,0.09823029
2.4884375,0.044771091,0.079110953
2.48875,0.043176511,0.063178172
2.4890625,0.040784642,0.047245391
2.489375,0.036000903,0.020956303
2.4896875,0.032811743,0.005023522
2.49,0.030419874,-0.002942869
2.4903125,0.026433425,-0.014095815
2.490625,0.021649686,-0.029231957
2.4909375,0.019257817,-0.041181543
2.49125,0.019257817,-0.049147933
2.4915625,0.017663237,-0.057114324
2.491875,0.018460527,-0.061097519
2.4921875,0.020055106,-0.050741211
2.4925,0.020852396,-0.041181543
2.4928125,0.021649686,-0.033215153
2.493125,0.022446976,-0.02684204
2.4934375,0.028028005,-0.007722703
2.49375,0.031217164,0.005023522
2.4940625,0.025636135,-0.006926064
2.494375,0.015271367,-0.049944572
2.4946875,0.013676788,-0.074640383
2.495,0.014474078,-0.0770303
2.4953125,0.015271367,-0.073047105
2.495625,0.017663237,-0.061097519
2.4959375,0.018460527,-0.047554655
2.49625,0.021649686,-0.029231957
2.4965625,0.024041555,-0.013299176
2.496875,0.028028005,0.000243687
2.4971875,0.032014454,0.011396634
2.4975,0.034406323,0.020159663
2.4978125,0.035203613,0.024142859
2.498125,0.036000903,0.025736137
2.4984375,0.036000903,0.027329415
2.49875,0.036000903,0.028922693
2.4990625,0.036000903,0.028922693
2.499375,0.036000903,0.028922693
2.4996875,0.036798193,0.029719332
2.5,0.036798193,0.028922693
2.5003125,0.036798193,0.030515971
2.500625,0.040784642,0.045652113
2.5009375,0.041581931,0.059194977
2.50125,0.045568381,0.082297509
2.5015625,0.053541279,0.142045437
2.501875,0.055933148,0.176300916
2.5021875,0.055933148,0.197013531
2.5025,0.055933148,0.199403449
2.5028125,0.056730438,0.204979922
2.503125,0.055933148,0.199403449
2.5034375,0.055933148,0.185860585
2.50375,0.053541279,0.170724443
2.5040625,0.051149409,0.150011828
2.504375,0.04796025,0.128502574
2.5046875,0.045568381,0.105400041
2.505,0.044771091,0.085484065
2.5053125,0.043176511,0.068754645
2.505625,0.041581931,0.054415142
2.5059375,0.037595482,0.029719332
2.50625,0.032811743,0.008210078
2.5065625,0.032014454,0.000243687
2.506875,0.028028005,-0.009315981
2.5071875,0.023244266,-0.024452123
2.5075,0.020055106,-0.036401709
2.5078125,0.018460527,-0.045961377
2.508125,0.017663237,-0.053131129
2.5084375,0.016865947,-0.061097519
2.50875,0.019257817,-0.053927768
2.5090625,0.019257817,-0.04357146
2.509375,0.020852396,-0.034808431
2.5096875,0.021649686,-0.028435318
2.51,0.025636135,-0.013299176
2.5103125,0.030419874,0.002633605
2.510625,0.029622584,0.004226883
2.5109375,0.016068657,-0.034808431
2.51125,0.012879498,-0.06906391
2.5115625,0.013676788,-0.0770303
2.511875,0.014474078,-0.074640383
2.5121875,0.015271367,-0.065877353
2.5125,0.017663237,-0.053131129
2.5128125,0.020852396,-0.034808431
2.513125,0.023244266,-0.01887565
2.5134375,0.027230715,-0.004536147
2.51375,0.031217164,0.007413439
2.5140625,0.033609033,0.017769746
2.514375,0.034406323,0.02334622
2.5146875,0.035203613,0.025736137
2.515,0.035203613,0.027329415
2.5153125,0.035203613,0.028922693
2.515625,0.036000903,0.028922693
2.5159375,0.036000903,0.028922693
2.51625,0.036000903,0.028922693
2.5165625,0.035203613,0.028126054
2.516875,0.036000903,0.028126054
2.5171875,0.039190062,0.038482362
2.5175,0.040784642,0.054415142
2.5178125,0.043973801,0.067958006
2.518125,0.051946699,0.123722739
2.5184375,0.055135858,0.166741248
2.51875,0.056730438,0.191437058
2.5190625,0.055933148,0.199403449
2.519375,0.056730438,0.201793366
2.5196875,0.055933148,0.204979922
2.52,0.055135858,0.192233697
2.5203125,0.054338569,0.177097555
2.520625,0.051149409,0.15638494
2.5209375,0.04875754,0.136468964
2.52125,0.045568381,0.111773154
2.5215625,0.044771091,0.091060538
2.521875,0.043176511,0.073534479
2.5221875,0.040784642,0.058398338
2.5225,0.038392772,0.039279001
2.5228125,0.033609033,0.012989912
2.523125,0.031217164,0.001836965
2.5234375,0.028825294,-0.006129425
2.52375,0.024041555,-0.021265567
2.5240625,0.021649686,-0.034011792
2.524375,0.020055106,-0.04357146
2.5246875,0.019257817,-0.049944572
2.525,0.017663237,-0.059504241
2.5253125,0.018460527,-0.057114324
2.525625,0.020055106,-0.047554655
2.5259375,0.020852396,-0.038791626
2.52625,0.021649686,-0.031621874
2.5265625,0.024041555,-0.022062206
2.526875,0.028825294,-0.003739508
2.5271875,0.032014454,0.007413439
2.5275,0.019257817,-0.020468928
2.5278125,0.013676788,-0.061894158
2.528125,0.012879498,-0.0770303
2.5284375,0.014474078,-0.0770303
2.52875,0.016068657,-0.06906391
2.5290625,0.016865947,-0.058707602
2.529375,0.020055106,-0.042774821
2.5296875,0.022446976,-0.025248762
2.53,0.025636135,-0.010909259
2.5303125,0.029622584,0.001836965
2.530625,0.033609033,0.012989912
2.5309375,0.035203613,0.020159663
2.53125,0.035203613,0.02334622
2.5315625,0.035203613,0.025736137
2.531875,0.036000903,0.027329415
2.5321875,0.036000903,0.028126054
2.5325,0.036000903,0.028126054
2.5328125,0.036798193,0.028922693
2.533125,0.036798193,0.028922693
2.5334375,0.036000903,0.028126054
2.53375,0.037595482,0.033702527
2.5340625,0.040784642,0.049635308
2.534375,0.040784642,0.060788255
2.5346875,0.04875754,0.099823568
2.535,0.054338569,0.154791662
2.5353125,0.056730438,0.183470668
2.535625,0.056730438,0.198606809
2.5359375,0.055933148,0.19781017
2.53625,0.056730438,0.204979922
2.5365625,0.055135858,0.195420253
2.536875,0.055135858,0.181080751
2.5371875,0.052743989,0.162758052
2.5375,0.050352119,0.143638715
2.5378125,0.04636567,0.119739544
2.538125,0.045568381,0.097433651
2.5384375,0.044771091,0.079110953
2.53875,0.042379221,0.063974811
2.5390625,0.040784642,0.047245391
2.539375,0.036000903,0.021752942
2.5396875,0.032811743,0.005023522
2.54,0.030419874,-0.002942869
2.5403125,0.026433425,-0.014095815
2.540625,0.022446976,-0.029231957
2.5409375,0.020055106,-0.040384904
2.54125,0.019257817,-0.049147933
2.5415625,0.017663237,-0.057114324
2.541875,0.017663237,-0.061097519
2.5421875,0.019257817,-0.051537851
2.5425,0.019257817,-0.042774821
2.5428125,0.021649686,-0.033215153
2.543125,0.023244266,-0.02684204
2.5434375,0.028028005,-0.009315981
2.54375,0.031217164,0.003430244
2.5440625,0.025636135,-0.006129425
2.544375,0.015271367,-0.049147933
2.5446875,0.013676788,-0.073843744
2.545,0.014474078,-0.0770303
2.5453125,0.015271367,-0.073047105
2.545625,0.016068657,-0.061097519
2.5459375,0.018460527,-0.048351294
2.54625,0.020852396,-0.030028596
2.5465625,0.024041555,-0.014892454
2.546875,0.028028005,-0.001349591
2.5471875,0.032014454,0.010599995
2.5475,0.034406323,0.020159663
2.5478125,0.035203613,0.02334622
2.548125,0.036000903,0.025736137
2.5484375,0.036000903,0.028922693
2.54875,0.036000903,0.029719332
2.5490625,0.036798193,0.029719332
2.549375,0.036798193,0.028922693
2.5496875,0.036000903,0.028922693
2.55,0.036798193,0.028126054
2.5503125,0.037595482,0.030515971
2.550625,0.040784642,0.044855474
2.5509375,0.042379221,0.058398338
2.55125,0.04636567,0.079110953
2.5515625,0.053541279,0.13965552
2.551875,0.056730438,0.173910999
2.5521875,0.057527728,0.195420253
2.5525,0.055933148,0.19781017
2.5528125,0.055933148,0.204183283
2.553125,0.055933148,0.200200088
2.5534375,0.055135858,0.185860585
2.55375,0.053541279,0.169927804
2.5540625,0.051149409,0.149215189
2.554375,0.04796025,0.128502574
2.5546875,0.045568381,0.104603402
2.555,0.045568381,0.086280704
2.5553125,0.043973801,0.068754645
2.555625,0.041581931,0.053618503
2.5559375,0.037595482,0.03131261
2.55625,0.032811743,0.008210078
2.5565625,0.031217164,0.000243687
2.556875,0.027230715,-0.009315981
2.5571875,0.023244266,-0.023655484
2.5575,0.020852396,-0.03560507
2.5578125,0.019257817,-0.046758016
2.558125,0.018460527,-0.053131129
2.5584375,0.017663237,-0.061097519
2.55875,0.019257817,-0.053927768
2.5590625,0.020852396,-0.044368099
2.559375,0.021649686,-0.03560507
2.5596875,0.022446976,-0.029231957
