Time (s),Channel 1 (V),Channel 2 (V)
-2.56,0.036000903,0.03131261
-2.5596875,0.036000903,0.034499166
-2.559375,0.036000903,0.036889083
-2.5590625,0.036000903,0.037685722
-2.55875,0.036798193,0.037685722
-2.5584375,0.036798193,0.038482362
-2.558125,0.036000903,0.037685722
-2.5578125,0.036798193,0.036889083
-2.5575,0.037595482,0.043262196
-2.5571875,0.039987352,0.06477145
-2.556875,0.040784642,0.079907592
-2.5565625,0.04716296,0.123722739
-2.55625,0.051946699,0.200996727
-2.5559375,0.053541279,0.244015235
-2.555625,0.053541279,0.266321128
-2.5553125,0.052743989,0.267117767
-2.555,0.054338569,0.275084158
-2.5546875,0.051946699,0.262337933
-2.554375,0.051149409,0.242421957
-2.5540625,0.04875754,0.217726147
-2.55375,0.04875754,0.186657224
-2.5534375,0.04636567,0.152401745
-2.553125,0.043973801,0.1229261
-2.5528125,0.043176511,0.096637012
-2.5525,0.042379221,0.071941201
-2.5521875,0.040784642,0.050431947
-2.551875,0.035203613,0.015379829
-2.5515625,0.029622584,-0.01011262
-2.55125,0.027230715,-0.020468928
-2.5509375,0.024041555,-0.036401709
-2.550625,0.021649686,-0.054724407
-2.5503125,0.020852396,-0.06826727
-2.55,0.019257817,-0.078623578
-2.5496875,0.018460527,-0.087386608
-2.549375,0.018460527,-0.091369803
-2.5490625,0.020055106,-0.0770303
-2.54875,0.020852396,-0.065080714
-2.5484375,0.021649686,-0.054724407
-2.548125,0.022446976,-0.046758016
-2.5478125,0.026433425,-0.023655484
-2.5475,0.030419874,-0.004536147
-2.5471875,0.026433425,-0.009315981
-2.546875,0.015271367,-0.067470631
-2.5465625,0.015271367,-0.104912667
-2.54625,0.016068657,-0.104912667
-2.5459375,0.016865947,-0.098539554
-2.545625,0.017663237,-0.081810134
-2.5453125,0.019257817,-0.066673992
-2.545,0.021649686,-0.04357146
-2.5446875,0.023244266,-0.023655484
-2.544375,0.028028005,-0.006129425
-2.5440625,0.032811743,0.009803356
-2.54375,0.035203613,0.024142859
-2.5434375,0.036000903,0.029719332
-2.543125,0.036000903,0.033702527
-2.5428125,0.036000903,0.036092444
-2.5425,0.036000903,0.037685722
-2.5421875,0.036000903,0.037685722
-2.541875,0.036000903,0.037685722
-2.5415625,0.036798193,0.038482362
-2.54125,0.036798193,0.036889083
-2.5409375,0.036798193,0.038482362
-2.540625,0.039987352,0.05680506
-2.5403125,0.041581931,0.075924397
-2.54,0.043973801,0.09823029
-2.5396875,0.052743989,0.178690833
-2.539375,0.051946699,0.230472371
-2.5390625,0.053541279,0.259151377
-2.53875,0.052743989,0.266321128
-2.5384375,0.054338569,0.272694241
-2.538125,0.052743989,0.268711045
-2.5378125,0.051149409,0.24799843
-2.5375,0.04955483,0.228082454
-2.5371875,0.04875754,0.196216892
-2.536875,0.04636567,0.16514797
-2.5365625,0.045568381,0.133282408
-2.53625,0.043176511,0.10619668
-2.5359375,0.043176511,0.079110953
-2.535625,0.040784642,0.058398338
-2.5353125,0.037595482,0.028922693
-2.535,0.029622584,-0.005332786
-2.5346875,0.027230715,-0.018079011
-2.534375,0.024838845,-0.030028596
-2.5340625,0.022446976,-0.048351294
-2.53375,0.020852396,-0.063487436
-2.5334375,0.019257817,-0.076233661
-2.533125,0.019257817,-0.082606773
-2.5328125,0.018460527,-0.09375972
-2.5325,0.019257817,-0.083403412
-2.5321875,0.020852396,-0.069860549
-2.531875,0.022446976,-0.057910963
-2.5315625,0.022446976,-0.049944572
-2.53125,0.024041555,-0.034808431
-2.5309375,0.028028005,-0.010909259
-2.530625,0.030419874,0.000243687
-2.5303125,0.018460527,-0.045164738
-2.53,0.015271367,-0.096946276
-2.5296875,0.016865947,-0.104912667
-2.529375,0.016865947,-0.10172611
-2.5290625,0.018460527,-0.088183247
-2.52875,0.019257817,-0.072250466
-2.5284375,0.020852396,-0.051537851
-2.528125,0.023244266,-0.032418513
-2.5278125,0.026433425,-0.013299176
-2.5275,0.031217164,0.003430244
-2.5271875,0.035203613,0.019363024
-2.526875,0.036000903,0.027329415
-2.5265625,0.036798193,0.03131261
-2.52625,0.036798193,0.034499166
-2.5259375,0.037595482,0.036889083
-2.525625,0.037595482,0.036889083
-2.5253125,0.036798193,0.036889083
-2.525,0.037595482,0.037685722
-2.5246875,0.037595482,0.037685722
-2.524375,0.037595482,0.036889083
-2.5240625,0.039190062,0.048838669
-2.52375,0.040784642,0.070347923
-2.5234375,0.041581931,0.083094148
-2.523125,0.050352119,0.146825272
-2.5228125,0.052743989,0.216929508
-2.5225,0.053541279,0.251184986
-2.5221875,0.052743989,0.266321128
-2.521875,0.053541279,0.267117767
-2.5215625,0.054338569,0.27349088
-2.52125,0.051149409,0.255964821
-2.5209375,0.050352119,0.237642123
-2.520625,0.04875754,0.208166478
-2.5203125,0.04796025,0.179487472
-2.52,0.044771091,0.143638715
-2.5196875,0.043176511,0.115756349
-2.519375,0.043176511,0.08946726
-2.5190625,0.040784642,0.067161367
-2.51875,0.039190062,0.042465557
-2.5184375,0.032811743,0.0066168
-2.518125,0.028028005,-0.014095815
-2.5178125,0.026433425,-0.023655484
-2.5175,0.023244266,-0.041181543
-2.5171875,0.021649686,-0.058707602
-2.516875,0.020852396,-0.072250466
-2.5165625,0.019257817,-0.080216856
-2.51625,0.018460527,-0.091369803
-2.5159375,0.019257817,-0.089776525
-2.515625,0.020852396,-0.075437022
-2.5153125,0.022446976,-0.062690797
-2.515,0.021649686,-0.053131129
-2.5146875,0.023244266,-0.044368099
-2.514375,0.027230715,-0.018079011
-2.5140625,0.031217164,-0.00214623
-2.51375,0.022446976,-0.022858845
-2.5134375,0.015271367,-0.082606773
-2.513125,0.016865947,-0.105709306
-2.5128125,0.017663237,-0.102522749
-2.5125,0.017663237,-0.094556359
-2.5121875,0.018460527,-0.078623578
-2.511875,0.020055106,-0.061097519
-2.5115625,0.022446976,-0.037994987
-2.51125,0.024838845,-0.01887565
-2.5109375,0.029622584,-0.000552952
-2.510625,0.032811743,0.01458319
-2.5103125,0.036000903,0.026532776
-2.51,0.036000903,0.030515971
-2.5096875,0.036000903,0.035295805
-2.509375,0.036000903,0.036889083
-2.5090625,0.036798193,0.038482362
-2.50875,0.035203613,0.037685722
-2.5084375,0.036000903,0.037685722
-2.508125,0.036798193,0.037685722
-2.5078125,0.036000903,0.036092444
-2.5075,0.037595482,0.041668918
-2.5071875,0.039987352,0.063178172
-2.506875,0.040784642,0.079907592
-2.5065625,0.045568381,0.115756349
-2.50625,0.052743989,0.196216892
-2.5059375,0.052743989,0.24003204
-2.505625,0.053541279,0.26472785
-2.5053125,0.052743989,0.265524489
-2.505,0.055135858,0.27349088
-2.5046875,0.052743989,0.263931211
-2.504375,0.051946699,0.243218596
-2.5040625,0.04875754,0.218522786
-2.50375,0.04955483,0.188250502
-2.5034375,0.04716296,0.155588301
-2.503125,0.043973801,0.126112656
-2.5028125,0.043176511,0.099026929
-2.5025,0.042379221,0.073534479
-2.5021875,0.039987352,0.053618503
-2.501875,0.034406323,0.018566385
-2.5015625,0.028825294,-0.009315981
-2.50125,0.026433425,-0.020468928
-2.5009375,0.024041555,-0.034808431
-2.500625,0.022446976,-0.053927768
-2.5003125,0.020852396,-0.067470631
-2.5,0.020055106,-0.077826939
-2.4996875,0.019257817,-0.086589969
-2.499375,0.019257817,-0.092963081
-2.4990625,0.020055106,-0.080216856
-2.49875,0.021649686,-0.067470631
-2.4984375,0.021649686,-0.055521046
-2.498125,0.022446976,-0.049147933
-2.4978125,0.025636135,-0.02684204
-2.4975,0.029622584,-0.006129425
-2.4971875,0.028028005,-0.006926064
-2.496875,0.016068657,-0.063487436
-2.4965625,0.015271367,-0.103319388
-2.49625,0.017663237,-0.103319388
-2.4959375,0.016865947,-0.099336193
-2.495625,0.018460527,-0.083403412
-2.4953125,0.020055106,-0.06906391
-2.495,0.021649686,-0.045961377
-2.4946875,0.024041555,-0.02684204
-2.494375,0.027230715,-0.007722703
-2.4940625,0.032811743,0.009006717
-2.49375,0.036000903,0.022549581
-2.4934375,0.036000903,0.028922693
-2.493125,0.036798193,0.032905888
-2.4928125,0.036798193,0.036092444
-2.4925,0.036798193,0.037685722
-2.4921875,0.036000903,0.038482362
-2.491875,0.036798193,0.037685722
-2.4915625,0.036000903,0.038482362
-2.49125,0.036798193,0.037685722
-2.4909375,0.036000903,0.038482362
-2.490625,0.039190062,0.055211781
-2.4903125,0.040784642,0.075127758
-2.49,0.043176511,0.093450456
-2.4896875,0.051946699,0.171521082
-2.489375,0.051946699,0.227285815
-2.4890625,0.053541279,0.259151377
-2.48875,0.052743989,0.267117767
-2.4884375,0.054338569,0.271100963
-2.488125,0.054338569,0.271100963
-2.4878125,0.051946699,0.251981625
-2.4875,0.050352119,0.230472371
-2.4871875,0.04875754,0.200996727
-2.486875,0.04796025,0.168334526
-2.4865625,0.04636567,0.136468964
-2.48625,0.043176511,0.110179876
-2.4859375,0.042379221,0.083094148
-2.485625,0.040784642,0.061584894
-2.4853125,0.037595482,0.032905888
-2.485,0.030419874,-0.001349591
-2.4846875,0.027230715,-0.016485733
-2.484375,0.024041555,-0.028435318
-2.4840625,0.021649686,-0.046758016
-2.48375,0.020852396,-0.061894158
-2.4834375,0.020055106,-0.075437022
-2.483125,0.019257817,-0.081013495
-2.4828125,0.018460527,-0.092166442
-2.4825,0.019257817,-0.08499669
-2.4821875,0.020852396,-0.070657188
-2.481875,0.020852396,-0.059504241
-2.4815625,0.021649686,-0.050741211
-2.48125,0.024041555,-0.036401709
-2.4809375,0.028028005,-0.011705898
-2.480625,0.031217164,0.001040326
-2.4803125,0.018460527,-0.038791626
-2.48,0.014474078,-0.092963081
-2.4796875,0.016865947,-0.105709306
-2.479375,0.016865947,-0.100929471
-2.4790625,0.017663237,-0.089776525
-2.47875,0.018460527,-0.075437022
-2.4784375,0.020852396,-0.054724407
-2.478125,0.022446976,-0.032418513
-2.4778125,0.026433425,-0.014095815
-2.4775,0.031217164,0.003430244
-2.4771875,0.034406323,0.018566385
-2.476875,0.035203613,0.028126054
-2.4765625,0.036000903,0.032109249
-2.47625,0.036798193,0.036092444
-2.4759375,0.036000903,0.037685722
-2.475625,0.036000903,0.037685722
-2.4753125,0.036000903,0.037685722
-2.475,0.036000903,0.038482362
-2.4746875,0.036000903,0.037685722
-2.474375,0.036000903,0.037685722
-2.4740625,0.037595482,0.047245391
-2.47375,0.039987352,0.068754645
-2.4734375,0.041581931,0.082297509
-2.473125,0.04875754,0.138858881
-2.4728125,0.052743989,0.212149673
-2.4725,0.053541279,0.250388347
-2.4721875,0.053541279,0.267914406
-2.471875,0.053541279,0.267914406
-2.4715625,0.055135858,0.275084158
-2.47125,0.052743989,0.259948016
-2.4709375,0.051149409,0.239235401
-2.470625,0.04875754,0.211353034
-2.4703125,0.04875754,0.184267307
-2.47,0.04636567,0.147621911
-2.4696875,0.043973801,0.118942905
-2.469375,0.043176511,0.092653817
-2.4690625,0.041581931,0.069551284
-2.46875,0.039190062,0.047245391
-2.4684375,0.032811743,0.009803356
-2.468125,0.028028005,-0.012502537
-2.4678125,0.026433425,-0.022858845
-2.4675,0.023244266,-0.037994987
-2.4671875,0.021649686,-0.056317685
-2.466875,0.020852396,-0.070657188
-2.4665625,0.019257817,-0.078623578
-2.46625,0.017663237,-0.088979886
-2.4659375,0.019257817,-0.089776525
-2.465625,0.020055106,-0.075437022
-2.4653125,0.021649686,-0.063487436
-2.465,0.021649686,-0.053131129
-2.4646875,0.022446976,-0.044368099
-2.464375,0.026433425,-0.020468928
-2.4640625,0.029622584,-0.00214623
-2.46375,0.024041555,-0.016485733
-2.4634375,0.015271367,-0.0770303
-2.463125,0.016068657,-0.104912667
-2.4628125,0.016865947,-0.103319388
-2.4625,0.016865947,-0.095352998
-2.4621875,0.018460527,-0.079420217
-2.461875,0.020852396,-0.062690797
-2.4615625,0.021649686,-0.040384904
-2.46125,0.024041555,-0.021265567
-2.4609375,0.029622584,-0.00214623
-2.460625,0.033609033,0.012989912
-2.4603125,0.036000903,0.025736137
-2.46,0.036000903,0.03131261
-2.4596875,0.036000903,0.033702527
-2.459375,0.036798193,0.036889083
-2.4590625,0.036000903,0.036889083
-2.45875,0.036798193,0.037685722
-2.4584375,0.036798193,0.037685722
-2.458125,0.036798193,0.038482362
-2.4578125,0.036000903,0.036889083
-2.4575,0.037595482,0.04007564
-2.4571875,0.039987352,0.059194977
-2.456875,0.041581931,0.078314314
-2.4565625,0.045568381,0.108586597
-2.45625,0.052743989,0.18984378
-2.4559375,0.051946699,0.237642123
-2.455625,0.053541279,0.263931211
-2.4553125,0.052743989,0.266321128
-2.455,0.054338569,0.275084158
-2.4546875,0.052743989,0.267117767
-2.454375,0.051149409,0.246405152
-2.4540625,0.04875754,0.22330262
-2.45375,0.04875754,0.193826975
-2.4534375,0.045568381,0.160368135
-2.453125,0.044771091,0.129299213
-2.4528125,0.042379221,0.101416846
-2.4525,0.042379221,0.075924397
-2.4521875,0.040784642,0.05600842
-2.451875,0.036000903,0.02334622
-2.4515625,0.029622584,-0.007722703
-2.45125,0.026433425,-0.019672289
-2.4509375,0.024838845,-0.033215153
-2.450625,0.021649686,-0.051537851
-2.4503125,0.021649686,-0.066673992
-2.45,0.020055106,-0.077826939
-2.4496875,0.019257817,-0.084200051
-2.449375,0.018460527,-0.092963081
-2.4490625,0.020055106,-0.080216856
-2.44875,0.021649686,-0.067470631
-2.4484375,0.022446976,-0.056317685
-2.448125,0.022446976,-0.049147933
-2.4478125,0.025636135,-0.029231957
-2.4475,0.030419874,-0.007722703
-2.4471875,0.029622584,-0.002942869
-2.446875,0.016865947,-0.057114324
-2.4465625,0.014474078,-0.10172611
-2.44625,0.016068657,-0.104912667
-2.4459375,0.016068657,-0.100132832
-2.445625,0.017663237,-0.08499669
-2.4453125,0.018460527,-0.071453827
-2.445,0.020852396,-0.047554655
-2.4446875,0.023244266,-0.027638679
-2.444375,0.026433425,-0.01011262
-2.4440625,0.031217164,0.0066168
-2.44375,0.035203613,0.021752942
-2.4434375,0.035203613,0.028126054
-2.443125,0.036000903,0.032109249
-2.4428125,0.036000903,0.034499166
-2.4425,0.036000903,0.036889083
-2.4421875,0.036000903,0.036889083
-2.441875,0.036000903,0.036889083
-2.4415625,0.036000903,0.036889083
-2.44125,0.036000903,0.036092444
-2.4409375,0.036798193,0.036092444
-2.440625,0.039190062,0.051228586
-2.4403125,0.040784642,0.07273784
-2.44,0.042379221,0.087873982
-2.4396875,0.051149409,0.161961413
-2.439375,0.051149409,0.22330262
-2.4390625,0.053541279,0.255168182
-2.43875,0.052743989,0.267117767
-2.4384375,0.053541279,0.269507684
-2.438125,0.054338569,0.272694241
-2.4378125,0.051946699,0.253574904
-2.4375,0.050352119,0.232862288
-2.4371875,0.04875754,0.204183283
-2.436875,0.04716296,0.174707638
-2.4365625,0.044771091,0.13965552
-2.43625,0.042379221,0.110976515
-2.4359375,0.042379221,0.085484065
-2.435625,0.040784642,0.063974811
-2.4353125,0.037595482,0.036889083
-2.435,0.031217164,0.001040326
-2.4346875,0.027230715,-0.016485733
-2.434375,0.024838845,-0.027638679
-2.4340625,0.022446976,-0.045164738
-2.43375,0.021649686,-0.061097519
-2.4334375,0.020055106,-0.074640383
-2.433125,0.019257817,-0.081013495
-2.4328125,0.016865947,-0.092963081
-2.4325,0.018460527,-0.086589969
-2.4321875,0.020852396,-0.072250466
-2.431875,0.020852396,-0.061097519
-2.4315625,0.021649686,-0.050741211
-2.43125,0.023244266,-0.039588265
-2.4309375,0.028028005,-0.014095815
-2.430625,0.031217164,0.000243687
-2.4303125,0.020852396,-0.033215153
-2.43,0.015271367,-0.089776525
-2.4296875,0.016865947,-0.105709306
-2.429375,0.016865947,-0.102522749
-2.4290625,0.016865947,-0.091369803
-2.42875,0.016865947,-0.079420217
-2.4284375,0.020852396,-0.057114324
-2.428125,0.021649686,-0.034808431
-2.4278125,0.025636135,-0.016485733
-2.4275,0.030419874,0.001040326
-2.4271875,0.032811743,0.015379829
-2.426875,0.035203613,0.026532776
-2.4265625,0.035203613,0.03131261
-2.42625,0.036000903,0.034499166
-2.4259375,0.035203613,0.036092444
-2.425625,0.035203613,0.037685722
-2.4253125,0.036000903,0.038482362
-2.425,0.036000903,0.037685722
-2.4246875,0.036000903,0.037685722
-2.424375,0.036000903,0.036092444
-2.4240625,0.037595482,0.044058835
-2.42375,0.039987352,0.065568089
-2.4234375,0.040784642,0.080704231
-2.423125,0.04716296,0.128502574
-2.4228125,0.051946699,0.205776561
-2.4225,0.052743989,0.247201791
-2.4221875,0.053541279,0.266321128
-2.421875,0.052743989,0.267914406
-2.4215625,0.054338569,0.275084158
-2.42125,0.051946699,0.261541294
-2.4209375,0.051149409,0.24003204
-2.420625,0.04875754,0.216132868
-2.4203125,0.04955483,0.187453863
-2.42,0.04636567,0.150011828
-2.4196875,0.043973801,0.120536183
-2.419375,0.043176511,0.095043734
-2.4190625,0.043176511,0.071144562
-2.41875,0.040784642,0.048838669
-2.4184375,0.035203613,0.012989912
-2.418125,0.028825294,-0.012502537
-2.4178125,0.027230715,-0.022062206
-2.4175,0.024041555,-0.037198348
-2.4171875,0.021649686,-0.056317685
-2.416875,0.020852396,-0.06906391
-2.4165625,0.019257817,-0.078623578
-2.41625,0.018460527,-0.088183247
-2.4159375,0.018460527,-0.091369803
-2.415625,0.020055106,-0.0770303
-2.4153125,0.021649686,-0.065877353
-2.415,0.021649686,-0.054724407
-2.4146875,0.022446976,-0.045961377
-2.414375,0.025636135,-0.022858845
-2.4140625,0.030419874,-0.004536147
-2.41375,0.025636135,-0.012502537
-2.4134375,0.016068657,-0.071453827
-2.413125,0.016068657,-0.104912667
-2.4128125,0.016865947,-0.103319388
-2.4125,0.016865947,-0.096946276
-2.4121875,0.017663237,-0.082606773
-2.411875,0.019257817,-0.066673992
-2.4115625,0.021649686,-0.041978182
-2.41125,0.024041555,-0.023655484
-2.4109375,0.028825294,-0.004536147
-2.410625,0.032811743,0.011396634
-2.4103125,0.034406323,0.024142859
-2.41,0.035203613,0.03131261
-2.4096875,0.035203613,0.033702527
-2.409375,0.036000903,0.036889083
-2.4090625,0.036000903,0.037685722
-2.40875,0.035203613,0.037685722
-2.4084375,0.035203613,0.037685722
-2.408125,0.035203613,0.037685722
-2.4078125,0.035203613,0.036889083
-2.4075,0.036000903,0.04007564
-2.4071875,0.038392772,0.058398338
-2.406875,0.039987352,0.075924397
-2.4065625,0.043973801,0.102213485
-2.40625,0.051149409,0.183470668
-2.4059375,0.051946699,0.234455567
-2.405625,0.052743989,0.262337933
-2.4053125,0.052743989,0.266321128
-2.405,0.054338569,0.27349088
-2.4046875,0.053541279,0.267914406
-2.404375,0.051149409,0.24799843
-2.4040625,0.04875754,0.224099259
-2.40375,0.04955483,0.197013531
-2.4034375,0.04716296,0.162758052
-2.403125,0.044771091,0.130095852
-2.4028125,0.043176511,0.103806763
-2.4025,0.042379221,0.079110953
-2.4021875,0.040784642,0.058398338
-2.401875,0.036000903,0.026532776
-2.4015625,0.029622584,-0.005332786
-2.40125,0.027230715,-0.019672289
-2.4009375,0.025636135,-0.031621874
-2.400625,0.022446976,-0.049147933
-2.4003125,0.021649686,-0.065080714
-2.4,0.020055106,-0.0770303
-2.3996875,0.019257817,-0.083403412
-2.399375,0.017663237,-0.092166442
-2.3990625,0.020055106,-0.082606773
-2.39875,0.021649686,-0.06906391
-2.3984375,0.022446976,-0.057910963
-2.398125,0.021649686,-0.050741211
-2.3978125,0.024838845,-0.033215153
-2.3975,0.028825294,-0.01011262
-2.3971875,0.029622584,-0.00214623
-2.396875,0.017663237,-0.049944572
-2.3965625,0.015271367,-0.099336193
-2.39625,0.017663237,-0.105709306
-2.3959375,0.016865947,-0.100929471
-2.395625,0.017663237,-0.086589969
-2.3953125,0.018460527,-0.073047105
-2.395,0.020852396,-0.050741211
-2.3946875,0.022446976,-0.030028596
-2.394375,0.026433425,-0.011705898
-2.3940625,0.031217164,0.005023522
-2.39375,0.035203613,0.020159663
-2.3934375,0.036000903,0.027329415
-2.393125,0.036000903,0.032109249
-2.3928125,0.036000903,0.035295805
-2.3925,0.036000903,0.036889083
-2.3921875,0.036798193,0.037685722
-2.391875,0.036000903,0.037685722
-2.3915625,0.036798193,0.037685722
-2.39125,0.036000903,0.037685722
-2.3909375,0.036798193,0.037685722
-2.390625,0.038392772,0.050431947
-2.3903125,0.039987352,0.071144562
-2.39,0.041581931,0.085484065
-2.3896875,0.04955483,0.153995023
-2.389375,0.051946699,0.219319425
-2.3890625,0.053541279,0.254371543
-2.38875,0.052743989,0.267914406
-2.3884375,0.053541279,0.268711045
-2.388125,0.053541279,0.272694241
-2.3878125,0.051946699,0.25676146
-2.3875,0.050352119,0.236048845
-2.3871875,0.04796025,0.2065732
-2.386875,0.04875754,0.178690833
-2.3865625,0.045568381,0.142045437
-2.38625,0.043176511,0.114163071
-2.3859375,0.042379221,0.087077343
-2.385625,0.041581931,0.065568089
-2.3853125,0.039190062,0.04007564
-2.385,0.032014454,0.003430244
-2.3846875,0.028028005,-0.015689094
-2.384375,0.026433425,-0.025248762
-2.3840625,0.023244266,-0.042774821
-2.38375,0.021649686,-0.06030088
-2.3834375,0.020852396,-0.073047105
-2.383125,0.019257817,-0.080216856
-2.3828125,0.018460527,-0.091369803
-2.3825,0.019257817,-0.088183247
-2.3821875,0.020852396,-0.073843744
-2.381875,0.022446976,-0.061894158
-2.3815625,0.022446976,-0.053131129
-2.38125,0.023244266,-0.041978182
-2.3809375,0.028028005,-0.016485733
-2.380625,0.031217164,-0.001349591
-2.3803125,0.022446976,-0.02684204
-2.38,0.014474078,-0.085793329
-2.3796875,0.015271367,-0.106505945
-2.379375,0.016865947,-0.103319388
-2.3790625,0.016865947,-0.094556359
-2.37875,0.018460527,-0.077826939
-2.3784375,0.020055106,-0.06030088
-2.378125,0.022446976,-0.037994987
-2.3778125,0.025636135,-0.019672289
-2.3775,0.029622584,-0.000552952
-2.3771875,0.034406323,0.01458319
-2.376875,0.035203613,0.025736137
-2.3765625,0.035203613,0.030515971
-2.37625,0.036000903,0.034499166
-2.3759375,0.036798193,0.036889083
-2.375625,0.036000903,0.037685722
-2.3753125,0.036798193,0.037685722
-2.375,0.036798193,0.037685722
-2.3746875,0.036798193,0.036889083
-2.374375,0.036000903,0.036889083
-2.3740625,0.037595482,0.041668918
-2.37375,0.039987352,0.063974811
-2.3734375,0.040784642,0.079907592
-2.373125,0.04716296,0.122129461
-2.3728125,0.051946699,0.201793366
-2.3725,0.052743989,0.243218596
-2.3721875,0.053541279,0.26472785
-2.371875,0.054338569,0.267117767
-2.3715625,0.055135858,0.275084158
-2.37125,0.052743989,0.262337933
-2.3709375,0.051946699,0.243218596
-2.370625,0.04875754,0.217726147
-2.3703125,0.04955483,0.188250502
-2.37,0.04636567,0.153995023
-2.3696875,0.044771091,0.124519378
-2.369375,0.043176511,0.09823029
-2.3690625,0.042379221,0.07273784
-2.36875,0.041581931,0.052025225
-2.3684375,0.035203613,0.016176468
-2.368125,0.028825294,-0.01011262
-2.3678125,0.027230715,-0.021265567
-2.3675,0.024041555,-0.03560507
-2.3671875,0.022446976,-0.054724407
-2.366875,0.021649686,-0.06826727
-2.3665625,0.020055106,-0.078623578
-2.36625,0.018460527,-0.087386608
-2.3659375,0.018460527,-0.092963081
-2.365625,0.020852396,-0.078623578
-2.3653125,0.021649686,-0.066673992
-2.365,0.021649686,-0.055521046
-2.3646875,0.021649686,-0.048351294
-2.364375,0.025636135,-0.024452123
-2.3640625,0.028825294,-0.006129425
-2.36375,0.027230715,-0.009315981
-2.3634375,0.016068657,-0.06826727
-2.363125,0.015271367,-0.104912667
-2.3628125,0.016865947,-0.104116027
-2.3625,0.016068657,-0.098539554
-2.3621875,0.017663237,-0.084200051
-2.361875,0.018460527,-0.069860549
-2.3615625,0.020852396,-0.044368099
-2.36125,0.023244266,-0.025248762
-2.3609375,0.027230715,-0.006926064
-2.360625,0.032014454,0.009006717
-2.3603125,0.035203613,0.022549581
-2.36,0.035203613,0.028922693
-2.3596875,0.036000903,0.032905888
-2.359375,0.036000903,0.035295805
-2.3590625,0.036000903,0.036889083
-2.35875,0.036000903,0.036889083
-2.3584375,0.036798193,0.037685722
-2.358125,0.036798193,0.037685722
-2.3578125,0.036798193,0.036889083
-2.3575,0.036798193,0.037685722
-2.3571875,0.039190062,0.055211781
-2.356875,0.040784642,0.075127758
-2.3565625,0.042379221,0.095840373
-2.35625,0.051946699,0.177894194
-2.3559375,0.051946699,0.230472371
-2.355625,0.053541279,0.259151377
-2.3553125,0.052743989,0.267117767
-2.355,0.054338569,0.271897602
-2.3546875,0.052743989,0.269507684
-2.354375,0.051149409,0.250388347
-2.3540625,0.04875754,0.228879093
-2.35375,0.04796025,0.199403449
-2.3534375,0.04716296,0.168334526
-2.353125,0.043973801,0.134079047
-2.3528125,0.042379221,0.106993319
-2.3525,0.042379221,0.079907592
-2.3521875,0.040784642,0.059991616
-2.351875,0.036798193,0.030515971
-2.3515625,0.029622584,-0.003739508
-2.35125,0.026433425,-0.018079011
-2.3509375,0.024838845,-0.029231957
-2.350625,0.022446976,-0.048351294
-2.3503125,0.021649686,-0.063487436
-2.35,0.019257817,-0.0770303
-2.3496875,0.019257817,-0.082606773
-2.349375,0.018460527,-0.094556359
-2.3490625,0.019257817,-0.084200051
-2.34875,0.021649686,-0.070657188
-2.3484375,0.021649686,-0.059504241
-2.348125,0.021649686,-0.049944572
-2.3478125,0.024041555,-0.034808431
-2.3475,0.028028005,-0.011705898
-2.3471875,0.030419874,-0.000552952
-2.346875,0.017663237,-0.04357146
-2.3465625,0.015271367,-0.096149637
-2.34625,0.016865947,-0.105709306
-2.3459375,0.016865947,-0.100929471
-2.345625,0.017663237,-0.088183247
-2.3453125,0.019257817,-0.073843744
-2.345,0.020852396,-0.053927768
-2.3446875,0.022446976,-0.032418513
-2.344375,0.025636135,-0.014095815
-2.3440625,0.031217164,0.003430244
-2.34375,0.034406323,0.018566385
-2.3434375,0.036000903,0.028126054
-2.343125,0.036000903,0.03131261
-2.3428125,0.036000903,0.034499166
-2.3425,0.036000903,0.036092444
-2.3421875,0.036000903,0.037685722
-2.341875,0.036000903,0.036889083
-2.3415625,0.036798193,0.037685722
-2.34125,0.036798193,0.037685722
-2.3409375,0.036000903,0.036889083
-2.340625,0.038392772,0.04804203
-2.3403125,0.039987352,0.068754645
-2.34,0.041581931,0.083094148
-2.3396875,0.04955483,0.144435354
-2.339375,0.051946699,0.216132868
-2.3390625,0.053541279,0.251184986
-2.33875,0.052743989,0.266321128
-2.3384375,0.053541279,0.268711045
-2.338125,0.053541279,0.275084158
-2.3378125,0.051946699,0.259151377
-2.3375,0.051149409,0.239235401
-2.3371875,0.04875754,0.209759756
-2.336875,0.04875754,0.18187739
-2.3365625,0.045568381,0.146825272
-2.33625,0.043973801,0.118146266
-2.3359375,0.043176511,0.091060538
-2.335625,0.042379221,0.068754645
-2.3353125,0.039190062,0.044855474
-2.335,0.033609033,0.008210078
-2.3346875,0.028028005,-0.014095815
-2.334375,0.026433425,-0.022858845
-2.3340625,0.024041555,-0.039588265
-2.33375,0.022446976,-0.057910963
-2.3334375,0.021649686,-0.071453827
-2.333125,0.020055106,-0.079420217
-2.3328125,0.018460527,-0.088979886
-2.3325,0.019257817,-0.088979886
-2.3321875,0.020852396,-0.075437022
-2.331875,0.021649686,-0.063487436
-2.3315625,0.022446976,-0.053131129
-2.33125,0.023244266,-0.04357146
-2.3309375,0.028028005,-0.01887565
-2.330625,0.032014454,-0.001349591
-2.3303125,0.024041555,-0.020468928
-2.33,0.015271367,-0.081013495
-2.3296875,0.016865947,-0.105709306
-2.329375,0.017663237,-0.103319388
-2.3290625,0.017663237,-0.095352998
-2.32875,0.019257817,-0.078623578
-2.3284375,0.021649686,-0.061894158
-2.328125,0.022446976,-0.038791626
-2.3278125,0.024838845,-0.019672289
-2.3275,0.029622584,-0.001349591
-2.3271875,0.033609033,0.01458319
-2.326875,0.034406323,0.025736137
-2.3265625,0.036000903,0.030515971
-2.32625,0.036000903,0.034499166
-2.3259375,0.036000903,0.036889083
-2.325625,0.036000903,0.036889083
-2.3253125,0.036798193,0.036889083
-2.325,0.036798193,0.037685722
-2.3246875,0.036798193,0.036889083
-2.324375,0.036000903,0.036889083
-2.3240625,0.036798193,0.040872279
-2.32375,0.039987352,0.061584894
-2.3234375,0.040784642,0.078314314
-2.323125,0.045568381,0.112569793
-2.3228125,0.051946699,0.195420253
-2.3225,0.051946699,0.24003204
-2.3221875,0.053541279,0.263931211
-2.321875,0.052743989,0.265524489
-2.3215625,0.054338569,0.275084158
-2.32125,0.051946699,0.26472785
-2.3209375,0.051149409,0.244811874
-2.320625,0.04875754,0.220912703
-2.3203125,0.04875754,0.190640419
-2.32,0.04636567,0.157181579
-2.3196875,0.044771091,0.125316017
-2.319375,0.043973801,0.099823568
-2.3190625,0.043176511,0.075127758
-2.31875,0.041581931,0.054415142
-2.3184375,0.036000903,0.019363024
-2.318125,0.029622584,-0.008519342
-2.3178125,0.027230715,-0.021265567
-2.3175,0.024041555,-0.034808431
-2.3171875,0.022446976,-0.05233449
-2.316875,0.020852396,-0.067470631
-2.3165625,0.020055106,-0.078623578
-2.31625,0.018460527,-0.086589969
-2.3159375,0.018460527,-0.09375972
-2.315625,0.020055106,-0.080216856
-2.3153125,0.020852396,-0.067470631
-2.315,0.021649686,-0.056317685
-2.3146875,0.022446976,-0.049147933
-2.314375,0.025636135,-0.028435318
-2.3140625,0.029622584,-0.006926064
-2.31375,0.028028005,-0.006129425
-2.3134375,0.016865947,-0.06030088
-2.313125,0.016068657,-0.102522749
-2.3128125,0.016865947,-0.105709306
-2.3125,0.016865947,-0.100132832
-2.3121875,0.017663237,-0.083403412
-2.311875,0.019257817,-0.069860549
-2.3115625,0.021649686,-0.046758016
-2.31125,0.024041555,-0.02684204
-2.3109375,0.027230715,-0.009315981
-2.310625,0.032014454,0.009006717
-2.3103125,0.034406323,0.022549581
-2.31,0.035203613,0.028922693
-2.3096875,0.036000903,0.032905888
-2.309375,0.036000903,0.035295805
-2.3090625,0.036000903,0.036889083
-2.30875,0.036798193,0.037685722
-2.3084375,0.036000903,0.037685722
-2.308125,0.036798193,0.037685722
-2.3078125,0.036798193,0.037685722
-2.3075,0.036798193,0.036889083
-2.3071875,0.039190062,0.054415142
-2.306875,0.040784642,0.074331119
-2.3065625,0.042379221,0.093450456
-2.30625,0.051149409,0.169131165
-2.3059375,0.051946699,0.226489176
-2.305625,0.052743989,0.258354738
-2.3053125,0.052743989,0.268711045
-2.305,0.054338569,0.271100963
-2.3046875,0.053541279,0.272694241
-2.304375,0.051946699,0.252778265
-2.3040625,0.04955483,0.230472371
-2.30375,0.04875754,0.201793366
-2.3034375,0.04716296,0.171521082
-2.303125,0.044771091,0.136468964
-2.3028125,0.043176511,0.110179876
-2.3025,0.043176511,0.083890787
-2.3021875,0.041581931,0.062381533
-2.301875,0.038392772,0.034499166
-2.3015625,0.031217164,-0.000552952
-2.30125,0.028028005,-0.016485733
-2.3009375,0.025636135,-0.027638679
-2.300625,0.023244266,-0.044368099
-2.3003125,0.021649686,-0.061894158
-2.3,0.020055106,-0.074640383
-2.2996875,0.020055106,-0.080216856
-2.299375,0.018460527,-0.092963081
-2.2990625,0.020055106,-0.08499669
-2.29875,0.021649686,-0.071453827
-2.2984375,0.022446976,-0.059504241
-2.298125,0.022446976,-0.050741211
-2.2978125,0.024838845,-0.037198348
-2.2975,0.028825294,-0.012502537
-2.2971875,0.032014454,0.001040326
-2.296875,0.020852396,-0.036401709
-2.2965625,0.015271367,-0.092166442
-2.29625,0.016865947,-0.105709306
-2.2959375,0.017663237,-0.100929471
-2.295625,0.017663237,-0.088979886
-2.2953125,0.018460527,-0.0770303
-2.295,0.020852396,-0.054724407
-2.2946875,0.021649686,-0.033215153
-2.294375,0.026433425,-0.014095815
-2.2940625,0.030419874,0.002633605
-2.29375,0.034406323,0.018566385
-2.2934375,0.035203613,0.027329415
-2.293125,0.036000903,0.032109249
-2.2928125,0.036000903,0.035295805
-2.2925,0.036798193,0.037685722
-2.2921875,0.036798193,0.038482362
-2.291875,0.036798193,0.038482362
-2.2915625,0.036000903,0.037685722
-2.29125,0.036000903,0.038482362
-2.2909375,0.036000903,0.037685722
-2.290625,0.037595482,0.046448752
-2.2903125,0.039987352,0.067161367
-2.29,0.040784642,0.08150087
-2.2896875,0.04796025,0.136468964
-2.289375,0.051946699,0.210556395
-2.2890625,0.053541279,0.249591708
-2.28875,0.053541279,0.267914406
-2.2884375,0.052743989,0.267914406
-2.288125,0.054338569,0.275880797
-2.2878125,0.052743989,0.259948016
-2.2875,0.051946699,0.241625318
-2.2871875,0.04875754,0.212946312
-2.286875,0.04955483,0.185860585
-2.2865625,0.045568381,0.150011828
-2.28625,0.043973801,0.121332822
-2.2859375,0.043176511,0.093450456
-2.285625,0.042379221,0.070347923
-2.2853125,0.039987352,0.04804203
-2.285,0.032811743,0.011396634
-2.2846875,0.028825294,-0.011705898
-2.284375,0.025636135,-0.022062206
-2.2840625,0.023244266,-0.037198348
-2.28375,0.021649686,-0.056317685
-2.2834375,0.020852396,-0.06906391
-2.283125,0.019257817,-0.078623578
-2.2828125,0.018460527,-0.088979886
-2.2825,0.019257817,-0.089776525
-2.2821875,0.020055106,-0.0770303
-2.281875,0.022446976,-0.063487436
-2.2815625,0.021649686,-0.053131129
-2.28125,0.023244266,-0.044368099
-2.2809375,0.027230715,-0.020468928
-2.280625,0.031217164,-0.002942869
-2.2803125,0.025636135,-0.014095815
-2.28,0.016068657,-0.074640383
-2.2796875,0.016865947,-0.104912667
-2.279375,0.016865947,-0.102522749
-2.2790625,0.016865947,-0.095352998
-2.27875,0.018460527,-0.079420217
-2.2784375,0.020852396,-0.063487436
-2.278125,0.021649686,-0.040384904
-2.2778125,0.024041555,-0.021265567
-2.2775,0.029622584,-0.002942869
-2.2771875,0.033609033,0.012193273
-2.276875,0.036000903,0.025736137
-2.2765625,0.036000903,0.03131261
-2.27625,0.036000903,0.035295805
-2.2759375,0.036000903,0.037685722
-2.275625,0.036798193,0.039279001
-2.2753125,0.037595482,0.039279001
-2.275,0.036798193,0.039279001
-2.2746875,0.036000903,0.039279001
-2.274375,0.036000903,0.037685722
-2.2740625,0.037595482,0.040872279
-2.27375,0.039987352,0.060788255
-2.2734375,0.040784642,0.078314314
-2.273125,0.043973801,0.10619668
-2.2728125,0.051946699,0.18984378
-2.2725,0.051946699,0.238438762
-2.2721875,0.053541279,0.263931211
-2.271875,0.051946699,0.266321128
-2.2715625,0.054338569,0.275084158
-2.27125,0.051946699,0.268711045
-2.2709375,0.050352119,0.248795069
-2.270625,0.04875754,0.224895898
-2.2703125,0.04955483,0.196216892
-2.27,0.04716296,0.162758052
-2.2696875,0.043973801,0.130892491
-2.269375,0.042379221,0.103806763
-2.2690625,0.041581931,0.078314314
-2.26875,0.040784642,0.058398338
-2.2684375,0.036000903,0.025736137
-2.268125,0.028825294,-0.006926064
-2.2678125,0.026433425,-0.01887565
-2.2675,0.023244266,-0.030825235
-2.2671875,0.021649686,-0.049944572
-2.266875,0.020852396,-0.065080714
-2.2665625,0.020055106,-0.0770303
-2.26625,0.018460527,-0.082606773
-2.2659375,0.018460527,-0.09375972
-2.265625,0.019257817,-0.081013495
-2.2653125,0.021649686,-0.06826727
-2.265,0.022446976,-0.057114324
-2.2646875,0.022446976,-0.049147933
-2.264375,0.025636135,-0.030028596
-2.2640625,0.029622584,-0.008519342
-2.26375,0.028825294,-0.00214623
-2.2634375,0.017663237,-0.053131129
-2.263125,0.015271367,-0.100132832
-2.2628125,0.016865947,-0.104912667
-2.2625,0.017663237,-0.100132832
-2.2621875,0.017663237,-0.085793329
-2.261875,0.018460527,-0.070657188
-2.2615625,0.020852396,-0.049147933
-2.26125,0.022446976,-0.027638679
-2.2609375,0.026433425,-0.010909259
-2.260625,0.032014454,0.0066168
-2.2603125,0.034406323,0.020956303
-2.26,0.035203613,0.028126054
-2.2596875,0.036000903,0.032109249
-2.259375,0.036000903,0.036092444
-2.2590625,0.036000903,0.036889083
-2.25875,0.036000903,0.037685722
-2.2584375,0.036000903,0.038482362
-2.258125,0.036000903,0.038482362
-2.2578125,0.036000903,0.038482362
-2.2575,0.036000903,0.037685722
-2.2571875,0.039190062,0.052025225
-2.256875,0.040784642,0.07273784
-2.2565625,0.041581931,0.088670621
-2.25625,0.050352119,0.160368135
-2.2559375,0.051946699,0.222505981
-2.255625,0.053541279,0.255964821
-2.2553125,0.052743989,0.268711045
-2.255,0.054338569,0.271100963
-2.2546875,0.054338569,0.27349088
-2.254375,0.051946699,0.254371543
-2.2540625,0.04955483,0.234455567
-2.25375,0.04875754,0.204979922
-2.2534375,0.04796025,0.175504277
-2.253125,0.045568381,0.140452159
-2.2528125,0.043176511,0.112569793
-2.2525,0.042379221,0.087077343
-2.2521875,0.042379221,0.065568089
-2.251875,0.038392772,0.038482362
-2.2515625,0.032014454,0.003430244
-2.25125,0.027230715,-0.014892454
-2.2509375,0.025636135,-0.024452123
-2.250625,0.022446976,-0.04357146
-2.2503125,0.021649686,-0.059504241
-2.25,0.020055106,-0.073047105
-2.2496875,0.019257817,-0.079420217
-2.249375,0.018460527,-0.091369803
-2.2490625,0.019257817,-0.086589969
-2.24875,0.021649686,-0.071453827
-2.2484375,0.022446976,-0.06030088
-2.248125,0.022446976,-0.051537851
-2.2478125,0.024041555,-0.039588265
-2.2475,0.027230715,-0.014892454
-2.2471875,0.031217164,0.000243687
-2.246875,0.020055106,-0.030825235
-2.2465625,0.015271367,-0.087386608
-2.24625,0.016865947,-0.106505945
-2.2459375,0.016865947,-0.10172611
-2.245625,0.017663237,-0.092963081
-2.2453125,0.018460527,-0.0770303
-2.245,0.020852396,-0.057910963
-2.2446875,0.022446976,-0.03560507
-2.244375,0.025636135,-0.015689094
-2.2440625,0.029622584,0.001836965
-2.24375,0.033609033,0.016973107
-2.2434375,0.035203613,0.027329415
-2.243125,0.035203613,0.032109249
-2.2428125,0.036000903,0.035295805
-2.2425,0.036000903,0.037685722
-2.2421875,0.036798193,0.038482362
-2.241875,0.036000903,0.038482362
-2.2415625,0.036798193,0.038482362
-2.24125,0.036798193,0.039279001
-2.2409375,0.036000903,0.037685722
-2.240625,0.037595482,0.044855474
-2.2403125,0.039190062,0.065568089
-2.24,0.040784642,0.08150087
-2.2396875,0.04716296,0.127705935
-2.239375,0.051946699,0.204979922
-2.2390625,0.051946699,0.244811874
-2.23875,0.052743989,0.266321128
-2.2384375,0.051946699,0.267117767
-2.238125,0.053541279,0.274287519
-2.2378125,0.051946699,0.260744655
-2.2375,0.051149409,0.241625318
-2.2371875,0.04796025,0.216132868
-2.236875,0.04875754,0.187453863
-2.2365625,0.045568381,0.151605106
-2.23625,0.043176511,0.122129461
-2.2359375,0.042379221,0.095043734
-2.235625,0.041581931,0.071941201
-2.2353125,0.040784642,0.050431947
-2.235,0.033609033,0.01458319
-2.2346875,0.027230715,-0.010909259
-2.234375,0.026433425,-0.020468928
-2.2340625,0.024041555,-0.03560507
-2.23375,0.021649686,-0.054724407
-2.2334375,0.020055106,-0.06826727
-2.233125,0.020055106,-0.078623578
-2.2328125,0.017663237,-0.087386608
-2.2325,0.018460527,-0.091369803
-2.2321875,0.020055106,-0.077826939
-2.231875,0.020852396,-0.066673992
-2.2315625,0.021649686,-0.054724407
-2.23125,0.021649686,-0.047554655
-2.2309375,0.026433425,-0.023655484
-2.230625,0.029622584,-0.005332786
-2.2303125,0.026433425,-0.011705898
-2.23,0.016068657,-0.06906391
-2.2296875,0.016068657,-0.104912667
-2.229375,0.016865947,-0.104116027
-2.2290625,0.016865947,-0.096946276
-2.22875,0.018460527,-0.081810134
-2.2284375,0.019257817,-0.066673992
-2.228125,0.021649686,-0.042774821
-2.2278125,0.023244266,-0.023655484
-2.2275,0.028028005,-0.005332786
-2.2271875,0.032811743,0.010599995
-2.226875,0.034406323,0.024142859
-2.2265625,0.035203613,0.029719332
-2.22625,0.036000903,0.033702527
-2.2259375,0.036000903,0.036889083
-2.225625,0.036000903,0.037685722
-2.2253125,0.036000903,0.037685722
-2.225,0.036798193,0.038482362
-2.2246875,0.035203613,0.038482362
-2.224375,0.036000903,0.036889083
-2.2240625,0.036798193,0.039279001
-2.22375,0.039190062,0.057601699
-2.2234375,0.040784642,0.075924397
-2.223125,0.043973801,0.100620207
-2.2228125,0.051149409,0.181080751
-2.2225,0.051946699,0.232065649
-2.2221875,0.053541279,0.260744655
-2.221875,0.052743989,0.265524489
-2.2215625,0.054338569,0.271897602
-2.22125,0.052743989,0.267914406
-2.2209375,0.051149409,0.249591708
-2.220625,0.04955483,0.226489176
-2.2203125,0.04955483,0.196216892
-2.22,0.04796025,0.16514797
-2.2196875,0.045568381,0.132485769
-2.219375,0.043176511,0.104603402
-2.2190625,0.042379221,0.079110953
-2.21875,0.040784642,0.059194977
-2.2184375,0.036000903,0.027329415
-2.218125,0.029622584,-0.005332786
-2.2178125,0.027230715,-0.018079011
-2.2175,0.024041555,-0.030028596
-2.2171875,0.021649686,-0.049147933
-2.216875,0.021649686,-0.064284075
-2.2165625,0.020055106,-0.076233661
-2.21625,0.019257817,-0.082606773
-2.2159375,0.017663237,-0.09375972
-2.215625,0.020055106,-0.083403412
-2.2153125,0.020852396,-0.069860549
-2.215,0.021649686,-0.057114324
-2.2146875,0.021649686,-0.049944572
-2.214375,0.024838845,-0.032418513
-2.2140625,0.028028005,-0.010909259
-2.21375,0.029622584,-0.001349591
-2.2134375,0.017663237,-0.048351294
-2.213125,0.014474078,-0.097742915
-2.2128125,0.016865947,-0.105709306
-2.2125,0.016865947,-0.10172611
-2.2121875,0.017663237,-0.088183247
-2.211875,0.018460527,-0.072250466
-2.2115625,0.020852396,-0.051537851
-2.21125,0.023244266,-0.030825235
-2.2109375,0.026433425,-0.012502537
-2.210625,0.032014454,0.005023522
-2.2103125,0.035203613,0.020159663
-2.21,0.035203613,0.028126054
-2.2096875,0.036000903,0.03131261
-2.209375,0.036798193,0.035295805
-2.2090625,0.036798193,0.036092444
-2.20875,0.036798193,0.036889083
-2.2084375,0.036798193,0.036092444
-2.208125,0.036798193,0.036889083
-2.2078125,0.036798193,0.036092444
-2.2075,0.036798193,0.036092444
-2.2071875,0.038392772,0.04804203
-2.206875,0.039987352,0.069551284
-2.2065625,0.040784642,0.082297509
-2.20625,0.04875754,0.150011828
-2.2059375,0.051946699,0.215336229
-2.205625,0.052743989,0.249591708
-2.2053125,0.053541279,0.263931211
-2.205,0.053541279,0.265524489
-2.2046875,0.052743989,0.270304324
-2.204375,0.051149409,0.252778265
-2.2040625,0.051149409,0.234455567
-2.20375,0.04875754,0.203386644
-2.2034375,0.04796025,0.176300916
-2.203125,0.044771091,0.141248798
-2.2028125,0.042379221,0.113366432
-2.2025,0.042379221,0.086280704
-2.2021875,0.041581931,0.06477145
-2.201875,0.038392772,0.04007564
-2.2015625,0.032014454,0.004226883
-2.20125,0.027230715,-0.015689094
-2.2009375,0.025636135,-0.024452123
-2.200625,0.023244266,-0.041978182
-2.2003125,0.021649686,-0.059504241
-2.2,0.020852396,-0.072250466
-2.1996875,0.019257817,-0.081013495
-2.199375,0.017663237,-0.091369803
-2.1990625,0.018460527,-0.088183247
-2.19875,0.020852396,-0.073843744
-2.1984375,0.021649686,-0.062690797
-2.198125,0.022446976,-0.05233449
-2.1978125,0.023244266,-0.041978182
-2.1975,0.027230715,-0.018079011
-2.1971875,0.031217164,-0.001349591
-2.196875,0.022446976,-0.024452123
-2.1965625,0.014474078,-0.083403412
-2.19625,0.016068657,-0.105709306
-2.1959375,0.016865947,-0.103319388
-2.195625,0.017663237,-0.09375972
-2.1953125,0.017663237,-0.077826939
-2.195,0.020055106,-0.059504241
-2.1946875,0.021649686,-0.037198348
-2.194375,0.024838845,-0.01887565
-2.1940625,0.029622584,-0.001349591
-2.19375,0.033609033,0.01458319
-2.1934375,0.035203613,0.024939498
-2.193125,0.036000903,0.029719332
-2.1928125,0.035203613,0.033702527
-2.1925,0.036000903,0.036092444
-2.1921875,0.036000903,0.036889083
-2.191875,0.036000903,0.036889083
-2.1915625,0.036000903,0.036889083
-2.19125,0.036798193,0.037685722
-2.1909375,0.036798193,0.035295805
-2.190625,0.037595482,0.040872279
-2.1903125,0.039987352,0.062381533
-2.19,0.040784642,0.077517675
-2.1896875,0.045568381,0.116552988
-2.189375,0.051946699,0.196216892
-2.1890625,0.051946699,0.239235401
-2.18875,0.052743989,0.260744655
-2.1884375,0.051946699,0.261541294
-2.188125,0.053541279,0.270304324
-2.1878125,0.051946699,0.259948016
-2.1875,0.051149409,0.241625318
-2.1871875,0.04955483,0.216132868
-2.186875,0.04955483,0.186657224
-2.1865625,0.04636567,0.153995023
-2.18625,0.044771091,0.1229261
-2.1859375,0.043973801,0.096637012
-2.185625,0.042379221,0.073534479
-2.1853125,0.039987352,0.052025225
-2.185,0.035203613,0.018566385
-2.1846875,0.028028005,-0.009315981
-2.184375,0.026433425,-0.020468928
-2.1840625,0.024041555,-0.034011792
-2.18375,0.022446976,-0.053131129
-2.1834375,0.021649686,-0.067470631
-2.183125,0.020055106,-0.0770303
-2.1828125,0.018460527,-0.084200051
-2.1825,0.018460527,-0.091369803
-2.1821875,0.020055106,-0.078623578
-2.181875,0.022446976,-0.065877353
-2.1815625,0.022446976,-0.054724407
-2.18125,0.021649686,-0.047554655
-2.1809375,0.025636135,-0.026045401
-2.180625,0.030419874,-0.006129425
-2.1803125,0.028028005,-0.006926064
-2.18,0.016865947,-0.063487436
-2.1796875,0.016068657,-0.103319388
-2.179375,0.016865947,-0.104116027
-2.1790625,0.016865947,-0.099336193
-2.17875,0.018460527,-0.082606773
-2.1784375,0.019257817,-0.067470631
-2.178125,0.021649686,-0.045164738
-2.1778125,0.023244266,-0.025248762
-2.1775,0.028028005,-0.006926064
-2.1771875,0.032014454,0.009803356
-2.176875,0.034406323,0.02334622
-2.1765625,0.035203613,0.028922693
-2.17625,0.035203613,0.032109249
-2.1759375,0.036000903,0.035295805
-2.175625,0.036000903,0.036889083
-2.1753125,0.036000903,0.036889083
-2.175,0.036798193,0.036889083
-2.1746875,0.036798193,0.037685722
-2.174375,0.036798193,0.036889083
-2.1740625,0.038392772,0.037685722
-2.17375,0.039987352,0.053618503
-2.1734375,0.040784642,0.074331119
-2.173125,0.043176511,0.093450456
-2.1728125,0.052743989,0.170724443
-2.1725,0.051946699,0.226489176
-2.1721875,0.053541279,0.254371543
-2.171875,0.052743989,0.263931211
-2.1715625,0.054338569,0.267914406
-2.17125,0.053541279,0.267117767
-2.1709375,0.051946699,0.247201791
-2.170625,0.04955483,0.226489176
-2.1703125,0.04955483,0.196216892
-2.17,0.04875754,0.166741248
-2.1696875,0.044771091,0.133282408
-2.169375,0.043176511,0.105400041
-2.1690625,0.043176511,0.079907592
-2.16875,0.041581931,0.059194977
-2.1684375,0.038392772,0.03131261
-2.168125,0.030419874,-0.002942869
-2.1678125,0.027230715,-0.018079011
-2.1675,0.025636135,-0.028435318
-2.1671875,0.022446976,-0.046758016
-2.166875,0.021649686,-0.061894158
-2.1665625,0.020852396,-0.074640383
-2.16625,0.020055106,-0.081013495
-2.1659375,0.018460527,-0.092166442
-2.165625,0.019257817,-0.084200051
-2.1653125,0.021649686,-0.069860549
-2.165,0.021649686,-0.059504241
-2.1646875,0.021649686,-0.049944572
-2.164375,0.024041555,-0.03560507
-2.1640625,0.028825294,-0.011705898
-2.16375,0.031217164,-0.000552952
-2.1634375,0.019257817,-0.041978182
-2.163125,0.015271367,-0.09375972
-2.1628125,0.016068657,-0.106505945
-2.1625,0.016865947,-0.100929471
-2.1621875,0.017663237,-0.091369803
-2.161875,0.019257817,-0.074640383
-2.1615625,0.021649686,-0.053927768
-2.16125,0.022446976,-0.032418513
-2.1609375,0.026433425,-0.014095815
-2.160625,0.031217164,0.002633605
-2.1603125,0.035203613,0.018566385
-2.16,0.036000903,0.026532776
-2.1596875,0.036798193,0.03131261
-2.159375,0.036798193,0.034499166
-2.1590625,0.036798193,0.035295805
-2.15875,0.037595482,0.036889083
-2.1584375,0.036798193,0.036889083
-2.158125,0.037595482,0.036889083
-2.1578125,0.036798193,0.036092444
-2.1575,0.036798193,0.035295805
-2.1571875,0.039190062,0.045652113
-2.156875,0.040784642,0.067161367
-2.1565625,0.042379221,0.080704231
-2.15625,0.050352119,0.138858881
-2.1559375,0.052743989,0.209759756
-2.155625,0.053541279,0.244811874
-2.1553125,0.053541279,0.262337933
-2.155,0.053541279,0.262337933
-2.1546875,0.054338569,0.268711045
-2.154375,0.051946699,0.253574904
-2.1540625,0.051149409,0.235252206
-2.15375,0.04955483,0.2065732
-2.1534375,0.04955483,0.178690833
-2.153125,0.045568381,0.143638715
-2.1528125,0.043176511,0.11495971
-2.1525,0.043176511,0.08946726
-2.1521875,0.041581931,0.067161367
-2.151875,0.039987352,0.044058835
-2.1515625,0.033609033,0.007413439
-2.15125,0.028825294,-0.014095815
-2.1509375,0.027230715,-0.022858845
-2.150625,0.023244266,-0.039588265
-2.1503125,0.020852396,-0.057114324
-2.15,0.020852396,-0.070657188
-2.1496875,0.020852396,-0.079420217
-2.149375,0.018460527,-0.088979886
-2.1490625,0.019257817,-0.089776525
-2.14875,0.020852396,-0.075437022
-2.1484375,0.021649686,-0.063487436
-2.148125,0.021649686,-0.053131129
-2.1478125,0.022446976,-0.044368099
-2.1475,0.026433425,-0.019672289
-2.1471875,0.030419874,-0.003739508
-2.146875,0.023244266,-0.01887565
-2.1465625,0.015271367,-0.078623578
-2.14625,0.015271367,-0.104912667
-2.1459375,0.016068657,-0.102522749
-2.145625,0.016068657,-0.096149637
-2.1453125,0.017663237,-0.079420217
-2.145,0.019257817,-0.062690797
-2.1446875,0.020852396,-0.040384904
-2.144375,0.024041555,-0.020468928
-2.1440625,0.028028005,-0.002942869
-2.14375,0.032811743,0.012193273
-2.1434375,0.034406323,0.024142859
-2.143125,0.035203613,0.028922693
-2.1428125,0.035203613,0.032905888
-2.1425,0.036000903,0.035295805
-2.1421875,0.036000903,0.036092444
-2.141875,0.036000903,0.036889083
-2.1415625,0.036000903,0.036889083
-2.14125,0.036000903,0.036889083
-2.1409375,0.036798193,0.036092444
-2.140625,0.038392772,0.04007564
-2.1403125,0.039987352,0.060788255
-2.14,0.040784642,0.076721036
-2.1396875,0.045568381,0.108586597
-2.139375,0.052743989,0.188250502
-2.1390625,0.051946699,0.234455567
-2.13875,0.053541279,0.259151377
-2.1384375,0.052743989,0.262337933
-2.138125,0.054338569,0.269507684
-2.1378125,0.052743989,0.261541294
-2.1375,0.050352119,0.242421957
-2.1371875,0.04796025,0.217726147
-2.136875,0.04955483,0.187453863
-2.1365625,0.04636567,0.15638494
-2.13625,0.043973801,0.126112656
-2.1359375,0.042379221,0.099026929
-2.135625,0.042379221,0.075127758
-2.1353125,0.039987352,0.054415142
-2.135,0.036000903,0.021752942
-2.1346875,0.028825294,-0.007722703
-2.134375,0.027230715,-0.01887565
-2.1340625,0.024838845,-0.032418513
-2.13375,0.021649686,-0.050741211
-2.1334375,0.020852396,-0.065080714
-2.133125,0.020055106,-0.075437022
-2.1328125,0.018460527,-0.083403412
-2.1325,0.018460527,-0.091369803
-2.1321875,0.020055106,-0.079420217
-2.131875,0.021649686,-0.066673992
-2.1315625,0.021649686,-0.054724407
-2.13125,0.022446976,-0.048351294
-2.1309375,0.025636135,-0.028435318
-2.130625,0.029622584,-0.006926064
-2.1303125,0.028028005,-0.003739508
-2.13,0.016865947,-0.057114324
-2.1296875,0.015271367,-0.099336193
-2.129375,0.016068657,-0.102522749
-2.1290625,0.016068657,-0.097742915
-2.12875,0.017663237,-0.083403412
-2.1284375,0.019257817,-0.06826727
-2.128125,0.020852396,-0.045961377
-2.1278125,0.022446976,-0.02684204
-2.1275,0.027230715,-0.009315981
-2.1271875,0.032014454,0.007413439
-2.126875,0.034406323,0.021752942
-2.1265625,0.036000903,0.028922693
-2.12625,0.036000903,0.032905888
-2.1259375,0.036000903,0.035295805
-2.125625,0.036798193,0.036092444
-2.1253125,0.036000903,0.036092444
-2.125,0.036798193,0.036889083
-2.1246875,0.036000903,0.036889083
-2.124375,0.036000903,0.036092444
-2.1240625,0.036798193,0.036092444
-2.12375,0.039190062,0.050431947
-2.1234375,0.039987352,0.071144562
-2.123125,0.042379221,0.087077343
-2.1228125,0.051149409,0.160368135
-2.1225,0.051946699,0.219319425
-2.1221875,0.053541279,0.249591708
-2.121875,0.052743989,0.259948016
-2.1215625,0.053541279,0.263134572
-2.12125,0.053541279,0.26472785
-2.1209375,0.051149409,0.246405152
-2.120625,0.04955483,0.226489176
-2.1203125,0.04875754,0.195420253
-2.12,0.04716296,0.168334526
-2.1196875,0.044771091,0.134079047
-2.119375,0.043176511,0.107789958
-2.1190625,0.043973801,0.082297509
-2.11875,0.041581931,0.060788255
-2.1184375,0.038392772,0.033702527
-2.118125,0.030419874,0.000243687
-2.1178125,0.027230715,-0.015689094
-2.1175,0.025636135,-0.026045401
-2.1171875,0.022446976,-0.04357146
-2.116875,0.021649686,-0.059504241
-2.1165625,0.020055106,-0.072250466
-2.11625,0.019257817,-0.079420217
-2.1159375,0.017663237,-0.090573164
-2.115625,0.019257817,-0.084200051
-2.1153125,0.020852396,-0.070657188
-2.115,0.021649686,-0.058707602
-2.1146875,0.021649686,-0.049944572
-2.114375,0.024041555,-0.037994987
-2.1140625,0.028028005,-0.014095815
-2.11375,0.032014454,0.000243687
-2.1134375,0.020055106,-0.033215153
-2.113125,0.015271367,-0.088183247
-2.1128125,0.016865947,-0.104912667
-2.1125,0.016865947,-0.100132832
-2.1121875,0.017663237,-0.089776525
-2.111875,0.018460527,-0.073843744
-2.1115625,0.020055106,-0.054724407
-2.11125,0.021649686,-0.033215153
-2.1109375,0.024838845,-0.015689094
-2.110625,0.029622584,0.001040326
-2.1103125,0.033609033,0.015379829
-2.11,0.035203613,0.025736137
-2.1096875,0.035203613,0.030515971
-2.109375,0.036000903,0.033702527
-2.1090625,0.036000903,0.036092444
-2.10875,0.036798193,0.036889083
-2.1084375,0.036798193,0.036889083
-2.108125,0.036798193,0.036092444
-2.1078125,0.036798193,0.036092444
-2.1075,0.036798193,0.035295805
-2.1071875,0.038392772,0.044058835
-2.106875,0.039987352,0.065568089
-2.1065625,0.041581931,0.078314314
-2.10625,0.04796025,0.128502574
-2.1059375,0.051149409,0.202590005
-2.105625,0.052743989,0.240828679
-2.1053125,0.053541279,0.258354738
-2.105,0.052743989,0.257558099
-2.1046875,0.053541279,0.267117767
-2.104375,0.051946699,0.253574904
-2.1040625,0.04955483,0.235252206
-2.10375,0.04875754,0.2065732
-2.1034375,0.04875754,0.179487472
-2.103125,0.045568381,0.146028633
-2.1028125,0.043973801,0.118942905
-2.1025,0.042379221,0.091857178
-2.1021875,0.041581931,0.069551284
-2.101875,0.039987352,0.04804203
-2.1015625,0.033609033,0.011396634
-2.10125,0.028028005,-0.011705898
-2.1009375,0.026433425,-0.021265567
-2.100625,0.023244266,-0.03560507
-2.1003125,0.021649686,-0.054724407
-2.1,0.020852396,-0.067470631
-2.0996875,0.020055106,-0.076233661
-2.099375,0.018460527,-0.08499669
-2.0990625,0.018460527,-0.087386608
-2.09875,0.020055106,-0.073843744
-2.0984375,0.021649686,-0.062690797
-2.098125,0.021649686,-0.053131129
-2.0978125,0.022446976,-0.045164738
-2.0975,0.026433425,-0.022062206
-2.0971875,0.029622584,-0.004536147
-2.096875,0.025636135,-0.014095815
-2.0965625,0.015271367,-0.071453827
-2.09625,0.015271367,-0.102522749
-2.0959375,0.016068657,-0.102522749
-2.095625,0.016865947,-0.096149637
-2.0953125,0.018460527,-0.079420217
-2.095,0.020055106,-0.063487436
-2.0946875,0.021649686,-0.041181543
-2.094375,0.024838845,-0.022858845
-2.0940625,0.029622584,-0.004536147
-2.09375,0.033609033,0.011396634
-2.0934375,0.035203613,0.024142859
-2.093125,0.036000903,0.029719332
-2.0928125,0.036000903,0.032905888
-2.0925,0.036798193,0.035295805
-2.0921875,0.036000903,0.036889083
-2.091875,0.036000903,0.036889083
-2.0915625,0.036000903,0.036889083
-2.09125,0.036000903,0.037685722
-2.0909375,0.036000903,0.035295805
-2.090625,0.036798193,0.037685722
-2.0903125,0.039987352,0.057601699
-2.09,0.041581931,0.075924397
-2.0896875,0.044771091,0.101416846
-2.089375,0.051946699,0.179487472
-2.0890625,0.051946699,0.228879093
-2.08875,0.052743989,0.255168182
-2.0884375,0.051946699,0.259151377
-2.088125,0.053541279,0.265524489
-2.0878125,0.051946699,0.260744655
-2.0875,0.051946699,0.241625318
-2.0871875,0.04875754,0.219319425
-2.086875,0.04875754,0.190640419
-2.0865625,0.04636567,0.157978218
-2.08625,0.043973801,0.127705935
-2.0859375,0.043176511,0.101416846
-2.085625,0.042379221,0.077517675
-2.0853125,0.041581931,0.057601699
-2.085,0.036000903,0.025736137
-2.0846875,0.029622584,-0.004536147
-2.084375,0.027230715,-0.017282372
-2.0840625,0.024838845,-0.028435318
-2.08375,0.021649686,-0.047554655
-2.0834375,0.020852396,-0.062690797
-2.083125,0.019257817,-0.073843744
-2.0828125,0.018460527,-0.081013495
-2.0825,0.017663237,-0.089776525
-2.0821875,0.019257817,-0.079420217
-2.081875,0.020852396,-0.067470631
-2.0815625,0.021649686,-0.055521046
-2.08125,0.021649686,-0.049147933
-2.0809375,0.024838845,-0.030825235
-2.080625,0.028028005,-0.009315981
-2.0803125,0.029622584,-0.00214623
-2.08,0.016865947,-0.050741211
-2.0796875,0.014474078,-0.097742915
-2.079375,0.016865947,-0.103319388
-2.0790625,0.016068657,-0.099336193
-2.07875,0.016865947,-0.085793329
-2.0784375,0.019257817,-0.070657188
-2.078125,0.020852396,-0.048351294
-2.0778125,0.022446976,-0.030028596
-2.0775,0.026433425,-0.010909259
-2.0771875,0.030419874,0.005820161
-2.076875,0.033609033,0.020159663
-2.0765625,0.034406323,0.028126054
-2.07625,0.034406323,0.032109249
-2.0759375,0.036000903,0.034499166
-2.075625,0.036000903,0.036092444
-2.0753125,0.036000903,0.036889083
-2.075,0.036000903,0.036889083
-2.0746875,0.036000903,0.036889083
-2.074375,0.035203613,0.036889083
-2.0740625,0.036000903,0.036092444
-2.07375,0.038392772,0.049635308
-2.0734375,0.039987352,0.070347923
-2.073125,0.040784642,0.083890787
-2.0728125,0.04955483,0.153198384
-2.0725,0.050352119,0.21453959
-2.0721875,0.052743989,0.24799843
-2.071875,0.051149409,0.259948016
-2.0715625,0.052743989,0.262337933
-2.07125,0.052743989,0.267117767
-2.0709375,0.051149409,0.249591708
-2.070625,0.04955483,0.229675732
-2.0703125,0.04796025,0.200200088
-2.07,0.04796025,0.172317721
-2.0696875,0.044771091,0.138858881
-2.069375,0.042379221,0.110976515
-2.0690625,0.042379221,0.085484065
-2.06875,0.040784642,0.06477145
-2.0684375,0.038392772,0.04007564
-2.068125,0.031217164,0.003430244
-2.0678125,0.027230715,-0.014095815
-2.0675,0.025636135,-0.023655484
-2.0671875,0.022446976,-0.041181543
-2.066875,0.020852396,-0.058707602
-2.0665625,0.019257817,-0.071453827
-2.06625,0.019257817,-0.078623578
-2.0659375,0.018460527,-0.089776525
-2.065625,0.019257817,-0.085793329
-2.0653125,0.020852396,-0.072250466
-2.065,0.020852396,-0.06030088
-2.0646875,0.021649686,-0.050741211
-2.064375,0.023244266,-0.040384904
-2.0640625,0.027230715,-0.015689094
-2.06375,0.031217164,-0.001349591
-2.0634375,0.021649686,-0.02684204
-2.063125,0.014474078,-0.084200051
-2.0628125,0.016068657,-0.104116027
-2.0625,0.016865947,-0.100929471
-2.0621875,0.016865947,-0.092166442
-2.061875,0.018460527,-0.075437022
-2.0615625,0.020055106,-0.057910963
-2.06125,0.021649686,-0.036401709
-2.0609375,0.024041555,-0.017282372
-2.060625,0.029622584,0.000243687
-2.0603125,0.033609033,0.015379829
-2.06,0.034406323,0.026532776
-2.0596875,0.035203613,0.030515971
-2.059375,0.036000903,0.034499166
-2.0590625,0.036000903,0.036092444
-2.05875,0.040784642,0.067958006
-2.0584375,0.016068657,0.019363024
-2.058125,-0.105916685,-0.188559766
-2.0578125,0.18031036,0.801662566
-2.0575,0.095797639,1.009585357
-2.0571875,0.09340577,1.282832549
-2.056875,0.096594929,1.578385635
-2.0565625,0.115729884,1.865175691
-2.05625,0.116527174,2.14957583
-2.0559375,0.118121754,2.437162525
-2.055625,0.13327026,2.722359303
-2.0553125,0.13406755,3.00835272
-2.055,0.13645942,3.287176386
-2.0546875,0.141243159,3.635307648
-2.054375,0.140445869,3.654426985
-2.0540625,0.139648579,3.656020263
-2.05375,0.138851289,3.656020263
-2.0534375,0.138053999,3.656020263
-2.053125,0.137256709,3.656020263
-2.0528125,0.13566213,3.656020263
-2.0525,0.13566213,3.655223624
-2.0521875,0.13486484,3.655223624
-2.051875,0.13406755,3.654426985
-2.0515625,0.132472971,3.653630346
-2.05125,0.131675681,3.652833707
-2.0509375,0.13486484,3.652833707
-2.050625,0.148418767,3.652037068
-2.0503125,0.147621477,3.652037068
-2.05,0.146824187,3.651240429
-2.0496875,0.146026897,3.65044379
-2.049375,0.145229608,3.65044379
-2.0490625,0.144432318,3.65044379
-2.04875,0.144432318,3.65044379
-2.0484375,0.145229608,3.65044379
-2.048125,0.144432318,3.651240429
-2.0478125,0.144432318,3.651240429
-2.0475,0.144432318,3.651240429
-2.0471875,0.145229608,3.652833707
-2.046875,0.143635028,3.652037068
-2.0465625,0.140445869,3.648850512
-2.04625,0.138851289,3.647257234
-2.0459375,0.156391665,3.648053873
-2.045625,0.157188955,3.648053873
-2.0453125,0.157188955,3.648850512
-2.045,0.157188955,3.648053873
-2.0446875,0.157986245,3.649647151
-2.044375,0.191472417,3.648053873
-2.0440625,0.207418213,3.648053873
-2.04375,0.18031036,3.648053873
-2.0434375,0.184296809,3.648850512
-2.043125,0.186688678,3.647257234
-2.0428125,0.186688678,3.647257234
-2.0425,0.190675127,3.648053873
-2.0421875,0.210607373,3.654426985
-2.041875,0.225755879,3.663986654
-2.0415625,0.263228501,3.684699269
-2.04125,0.283160746,3.688682464
-2.0409375,0.226553169,3.647257234
-2.040625,0.234526067,3.651240429
-2.0403125,0.236917937,3.65044379
-2.04,0.240904386,3.647257234
-2.0396875,0.252863733,3.648053873
-2.039375,0.261633921,3.651240429
-2.0390625,0.26721495,3.652037068
-2.03875,0.272795978,3.652833707
-2.0384375,0.277579717,3.652833707
-2.038125,0.283160746,3.653630346
-2.0378125,0.286349905,3.654426985
-2.0375,0.290336354,3.654426985
-2.0371875,0.326214396,3.658410181
-2.036875,0.358105989,3.671953044
-2.0365625,0.360497858,3.670359766
-2.03625,0.387605712,3.665579932
-2.0359375,0.362889728,3.652037068
-2.035625,0.410727117,3.662393376
-2.0353125,0.448997028,3.652037068
-2.035,0.359700568,3.65044379
-2.0346875,0.417902725,3.656020263
-2.034375,0.429862072,3.665579932
-2.0340625,0.444213289,3.656020263
-2.03375,0.463348244,3.660800098
-2.0334375,0.435443101,3.652833707
-2.033125,0.448997028,3.648053873
-2.0328125,0.450591607,3.6424774
-2.0325,0.460956375,3.640087483
-2.0321875,0.500820866,3.648850512
-2.031875,0.52473956,3.648850512
-2.0315625,0.758345477,3.688682464
-2.03125,0.519955821,3.654426985
-2.0309375,0.494442547,3.644867317
-2.030625,0.576563398,3.721344665
-2.0303125,0.590117325,3.666376571
-2.03,0.629184526,3.65920682
-2.0296875,0.721670145,3.661596737
-2.029375,0.665062568,3.664783293
-2.0290625,0.65549509,3.660003459
-2.02875,0.634765555,3.651240429
-2.0284375,0.625995367,3.647257234
-2.028125,0.651508641,3.647257234
-2.0278125,0.653900511,3.649647151
-2.0275,0.684197524,3.648850512
-2.0271875,0.651508641,3.649647151
-2.026875,0.629981816,3.647257234
-2.0265625,0.813358474,3.655223624
-2.02625,1.060518317,3.670359766
-2.0259375,0.933749236,3.671953044
-2.025625,0.826115111,3.654426985
-2.0253125,0.850033806,3.648053873
-2.025,0.82930427,3.677529518
-2.0246875,0.83169614,3.660003459
-2.024375,1.022248406,3.653630346
-2.0240625,1.386609852,3.661596737
-2.02375,1.335583304,3.664783293
-2.0234375,1.216787121,3.656020263
-2.023125,1.390596301,3.68390263
-2.0228125,1.365880317,3.694258938
-2.0225,1.324421247,3.679919435
-2.0221875,1.212003382,3.731700973
-2.021875,1.084437012,3.710191718
-2.0215625,1.417704155,3.757990061
-2.02125,1.189679268,3.682309352
-2.0209375,1.383420693,3.689479103
-2.020625,1.0932072,3.709395079
-2.0203125,1.562810902,3.75082031
-2.02,1.412123126,3.66717321
-2.0196875,1.561216322,3.736480807
-2.019375,1.739809241,3.730904334
-2.0190625,1.284556756,3.695852216
-2.01875,1.329204985,3.681512713
-2.0184375,1.216787121,3.676732879
-2.018125,1.414514996,3.662393376
-2.0178125,1.495838557,3.66717321
-2.0175,1.708714938,3.685495908
-2.0171875,1.824321962,3.695055577
-2.016875,1.413717706,3.663190015
-2.0165625,1.346745361,3.644867317
-2.01625,1.829105701,3.743650558
-2.0159375,1.953482912,3.746040475
-2.015625,1.881726828,3.744447197
-2.0153125,1.655296521,3.669563127
-2.015,1.958266651,3.808178321
-2.0146875,1.498230427,3.67593624
-2.014375,1.793227659,3.757990061
-2.0140625,1.882524118,3.720548026
-2.01375,1.238313946,3.641680761
-2.0134375,1.549256975,3.640087483
-2.013125,1.798011398,3.661596737
-2.0128125,1.850632526,3.684699269
-2.0125,1.91840216,3.666376571
-2.0121875,1.596297074,3.637697565
-2.011875,1.750174009,3.660800098
-2.0115625,1.583540437,3.639290843
-2.01125,1.845848787,3.68390263
-2.0109375,1.998928432,3.644867317
-2.010625,2.072279095,3.677529518
-2.0103125,2.170345742,3.663190015
-2.01,1.490257528,3.644867317
-2.0096875,1.31086732,3.639290843
-2.009375,1.7429984,3.648053873
-2.0090625,1.968631418,3.670359766
-2.00875,1.782862891,3.647257234
-2.0084375,1.730241763,3.653630346
-2.008125,1.974212447,3.753210227
-2.0078125,2.150413497,3.688682464
-2.0075,1.904050943,3.641680761
-2.0071875,1.755755037,3.676732879
-2.006875,1.908037392,3.721344665
-2.0065625,1.711106808,3.648053873
-2.00625,1.887307857,3.653630346
-2.0059375,1.723863445,3.645663956
-2.005625,1.486271079,3.646460595
-2.0053125,1.583540437,3.646460595
-2.005,1.999725721,3.646460595
-2.0046875,1.739011951,3.645663956
-2.004375,1.56918922,3.647257234
-2.0040625,1.775687283,3.652833707
-2.00375,2.023644416,3.671953044
-2.0034375,1.959063941,3.665579932
-2.003125,1.900861784,3.714971553
-2.0028125,1.590716045,3.645663956
-2.0025,1.573175669,3.643274039
-2.0021875,1.633769695,3.6424774
-2.001875,1.621810348,3.641680761
-2.0015625,1.583540437,3.6424774
-2.00125,1.785254761,3.640087483
-2.0009375,2.067495356,3.663190015
-2.000625,1.799605977,3.639290843
-2.0003125,1.639350724,3.640087483
-2,1.800403267,3.638494204
-1.9996875,1.900861784,3.691072381
-1.999375,1.678417925,3.640884122
-1.9990625,1.665661288,3.639290843
-1.99875,1.689579983,3.636900926
-1.9984375,1.674431476,3.636104287
-1.998125,1.705525779,3.638494204
-1.9978125,1.713498677,3.638494204
-1.9975,1.722268865,3.636900926
-1.9971875,1.798808688,3.638494204
-1.996875,1.738214661,3.639290843
-1.9965625,1.741403821,3.638494204
-1.99625,1.798808688,3.635307648
-1.9959375,1.806781586,3.63371437
-1.995625,1.78605205,3.635307648
-1.9953125,1.778876442,3.635307648
-1.995,1.78684934,3.636104287
-1.9946875,1.797214108,3.637697565
-1.994375,1.803592426,3.637697565
-1.9940625,1.817146353,3.637697565
-1.99375,1.821930092,3.639290843
-1.9934375,1.845051497,3.641680761
-1.993125,1.871362061,3.640087483
-1.9928125,1.931158797,3.638494204
-1.9925,1.927172348,3.639290843
-1.9921875,1.900064494,3.640087483
-1.991875,1.921591319,3.638494204
-1.9915625,1.939131695,3.640087483
-1.99125,1.935942536,3.639290843
-1.9909375,1.913618421,3.639290843
-1.990625,1.91919945,3.640884122
-1.9903125,1.977401606,3.639290843
-1.99,2.042779371,3.640087483
-1.9896875,2.071481805,3.640087483
-1.989375,2.061117037,3.645663956
-1.9890625,2.061117037,3.647257234
-1.98875,2.071481805,3.646460595
-1.9884375,2.083441152,3.648053873
-1.988125,2.013279648,3.646460595
-1.9878125,2.002914881,3.647257234
-1.9875,2.035603763,3.647257234
-1.9871875,2.09300863,3.646460595
-1.986875,2.151210787,3.646460595
-1.9865625,2.161575554,3.645663956
-1.98625,2.116130035,3.644070678
-1.9859375,2.167156583,3.645663956
-1.985625,2.13606228,3.644070678
-1.9853125,2.146427048,3.644070678
-1.985,2.122508353,3.641680761
-1.9846875,2.171940322,3.641680761
-1.984375,2.170345742,3.641680761
-1.9840625,2.149616207,3.640087483
-1.98375,2.231737058,3.640087483
-1.9834375,2.220575001,3.639290843
-1.983125,2.207818363,3.636900926
-1.9828125,2.246088275,3.639290843
-1.9825,2.143237888,3.636900926
-1.9821875,2.108157136,3.640087483
-1.981875,2.099386948,3.644070678
-1.9815625,2.098589659,3.644070678
-1.98125,2.075468254,3.640884122
-1.9809375,2.085833022,3.6424774
-1.980625,2.085833022,3.6424774
-1.9803125,2.219777711,3.640087483
-1.98,2.227750609,3.637697565
-1.9796875,2.102576108,3.638494204
-1.979375,2.104170687,3.637697565
-1.9790625,2.123305643,3.638494204
-1.97875,2.122508353,3.639290843
-1.9784375,2.13765686,3.637697565
-1.978125,2.145629758,3.640087483
-1.9778125,2.159980974,3.644070678
-1.9775,2.241304536,3.638494204
-1.9771875,2.170345742,3.6424774
-1.976875,2.165562003,3.641680761
-1.9765625,2.173534901,3.6424774
-1.97625,2.188683408,3.644070678
-1.9759375,2.185494249,3.643274039
-1.975625,2.198250886,3.643274039
-1.9753125,2.212602102,3.643274039
-1.975,2.212602102,3.644070678
-1.9746875,2.22376416,3.644070678
-1.974375,2.227750609,3.644070678
-1.9740625,2.233331638,3.643274039
-1.97375,2.246088275,3.644070678
-1.9734375,2.253263883,3.645663956
-1.973125,2.259642202,3.644867317
-1.9728125,2.269209679,3.646460595
-1.9725,2.280371737,3.649647151
-1.9721875,2.285952766,3.65044379
-1.971875,2.301101272,3.65044379
-1.9715625,2.30827688,3.65044379
-1.97125,2.313060619,3.651240429
-1.9709375,2.315452489,3.65044379
-1.970625,2.329803705,3.65044379
-1.9703125,2.336979314,3.649647151
-1.97,2.341763053,3.649647151
-1.9696875,2.350533241,3.649647151
-1.969375,2.358506139,3.648053873
-1.9690625,2.362492588,3.648053873
-1.96875,2.369668196,3.647257234
-1.9684375,2.379235674,3.646460595
-1.968125,2.377641094,3.644867317
-1.9678125,2.391992311,3.644867317
-1.9675,2.39677605,3.644867317
-1.9671875,2.406343528,3.644867317
-1.966875,2.417505585,3.6424774
-1.9665625,2.421492034,3.6424774
-1.96625,2.425478483,3.640884122
-1.9659375,2.436640541,3.640087483
-1.965625,2.445410729,3.641680761
-1.9653125,2.451789047,3.641680761
-1.965,2.466140264,3.6424774
-1.9646875,2.469329423,3.6424774
-1.964375,2.478099611,3.6424774
-1.9640625,2.48527522,3.643274039
-1.96375,2.490058959,3.643274039
-1.9634375,2.505207465,3.640884122
-1.963125,2.505207465,3.639290843
-1.9628125,2.510788494,3.638494204
-1.9625,2.524342421,3.638494204
-1.9621875,2.530720739,3.638494204
-1.961875,2.541882797,3.638494204
-1.9615625,2.542680087,3.640087483
-1.96125,2.552247564,3.640884122
-1.9609375,2.568193361,3.641680761
-1.960625,2.57217981,3.6424774
-1.9603125,2.582544577,3.6424774
-1.96,2.592112055,3.6424774
-1.9596875,2.596098504,3.6424774
-1.959375,2.606463272,3.6424774
-1.9590625,2.609652431,3.641680761
-1.95875,2.620017199,3.643274039
-1.9584375,2.638354865,3.6424774
-1.958125,2.640746734,3.6424774
-1.9578125,2.648719632,3.643274039
-1.9575,2.65669253,3.643274039
-1.9571875,2.660678979,3.644070678
-1.956875,2.677422066,3.644070678
-1.9565625,2.682205804,3.644070678
-1.95625,2.688584123,3.646460595
-1.9559375,2.705327209,3.65044379
-1.955625,2.712502817,3.651240429
-1.9553125,2.725259455,3.652037068
-1.955,2.727651324,3.651240429
-1.9546875,2.734826932,3.651240429
-1.954375,2.750772729,3.652037068
-1.9540625,2.755556468,3.651240429
-1.95375,2.761137496,3.649647151
-1.9534375,2.769907684,3.649647151
-1.953125,2.772299554,3.649647151
-1.9528125,2.78665077,3.648053873
-1.9525,2.795420958,3.648053873
-1.9521875,2.797812828,3.648053873
-1.951875,2.807380306,3.646460595
-1.9515625,2.813758624,3.645663956
-1.95125,2.824123392,3.644070678
-1.9509375,2.831299,3.644070678
-1.950625,2.83209629,3.6424774
-1.9503125,2.844852927,3.6424774
-1.95,2.852028535,3.641680761
-1.9496875,2.864785172,3.640884122
-1.949375,2.870366201,3.640087483
-1.9490625,2.87514994,3.640087483
-1.94875,2.883920128,3.640087483
-1.9484375,2.891893026,3.641680761
-1.948125,2.904649663,3.641680761
-1.9478125,2.909433402,3.641680761
-1.9475,2.915811721,3.6424774
-1.9471875,2.926973778,3.643274039
-1.946875,2.935743966,3.6424774
-1.9465625,2.942122285,3.638494204
-1.94625,2.942919575,3.637697565
-1.9459375,2.952487052,3.637697565
-1.945625,2.96285182,3.638494204
-1.9453125,2.973216588,3.639290843
-1.945,2.982784065,3.638494204
-1.9446875,2.989162384,3.640087483
-1.944375,2.995540702,3.640087483
-1.9440625,3.036999773,3.640884122
-1.94375,3.013878368,3.641680761
-1.9434375,3.043378091,3.641680761
-1.943125,3.033013324,3.641680761
-1.9428125,3.078458843,3.6424774
-1.9425,3.070485945,3.641680761
-1.9421875,3.079256133,3.640884122
-1.941875,3.064904916,3.6424774
-1.9415625,3.071283235,3.643274039
-1.94125,3.079256133,3.6424774
-1.9409375,3.086431742,3.6424774
-1.940625,3.097593799,3.641680761
-1.9403125,3.102377538,3.643274039
-1.94,3.112742305,3.644867317
-1.9396875,3.119917914,3.644867317
-1.939375,3.130282681,3.649647151
-1.9390625,3.141444739,3.649647151
-1.93875,3.151809507,3.65044379
-1.9384375,3.159782405,3.65044379
-1.938125,3.167755303,3.649647151
-1.9378125,3.175728201,3.652037068
-1.9375,3.186092969,3.65044379
-1.9371875,3.190079418,3.651240429
-1.936875,3.201241475,3.651240429
-1.9365625,3.206025214,3.65044379
-1.93625,3.211606243,3.65044379
-1.9359375,3.22197101,3.648850512
-1.935625,3.22516017,3.649647151
-1.9353125,3.237916807,3.648053873
-1.935,3.243497835,3.647257234
-1.9346875,3.249876154,3.647257234
-1.934375,3.257051762,3.646460595
-1.9340625,3.261038211,3.646460595
-1.93375,3.270605689,3.645663956
-1.9334375,3.278578587,3.644070678
-1.933125,3.284956906,3.644070678
-1.9328125,3.292929804,3.644867317
-1.9325,3.298510833,3.644070678
-1.9321875,3.306483731,3.644070678
-1.931875,3.315253919,3.644070678
-1.9315625,3.326415976,3.645663956
-1.93125,3.332794295,3.644867317
-1.9309375,3.339172613,3.644867317
-1.930625,3.348740091,3.645663956
-1.9303125,3.35432112,3.646460595
-1.93,3.361496728,3.644070678
-1.9296875,3.367875047,3.641680761
-1.929375,3.375050655,3.640884122
-1.9290625,3.382226264,3.6424774
-1.92875,3.390199162,3.6424774
-1.9284375,3.39817206,3.643274039
-1.928125,3.407739538,3.644070678
-1.9278125,3.418901595,3.645663956
-1.9275,3.425279914,3.644867317
-1.9271875,3.432455522,3.644867317
-1.926875,3.43963113,3.645663956
-1.9265625,3.450793188,3.645663956
-1.92625,3.458766086,3.645663956
-1.9259375,3.465941694,3.645663956
-1.925625,3.472320013,3.644867317
-1.9253125,3.480292911,3.644867317
-1.925,3.487468519,3.646460595
-1.9246875,3.493846838,3.646460595
-1.924375,3.505008895,3.645663956
-1.9240625,3.507400765,3.645663956
-1.92375,3.517765532,3.646460595
-1.9234375,3.521751981,3.647257234
-1.923125,3.530522169,3.648053873
-1.9228125,3.539292357,3.65044379
-1.9225,3.553643574,3.651240429
-1.9221875,3.563211052,3.652833707
-1.921875,3.57118395,3.653630346
-1.9215625,3.576764979,3.652833707
-1.92125,3.585535167,3.655223624
-1.9209375,3.591913485,3.654426985
-1.920625,3.602278253,3.653630346
-1.9203125,3.606264702,3.652833707
-1.92,3.61344031,3.652833707
-1.9196875,3.619021339,3.651240429
-1.919375,3.625399658,3.65044379
-1.9190625,3.631777976,3.65044379
-1.91875,3.641345454,3.648850512
-1.9184375,3.649318352,3.648053873
-1.918125,3.652507511,3.644867317
-1.9178125,3.65968312,3.644867317
-1.9175,3.666858728,3.644867317
-1.9171875,3.672439757,3.643274039
-1.916875,3.678020786,3.643274039
-1.9165625,3.685993684,3.6424774
-1.91625,3.691574712,3.6424774
-1.9159375,3.697155741,3.6424774
-1.915625,3.704331349,3.640884122
-1.9153125,3.710709668,3.6424774
-1.915,3.717087987,3.6424774
-1.9146875,3.726655464,3.6424774
-1.914375,3.732236493,3.641680761
-1.9140625,3.742601261,3.643274039
-1.91375,3.74658771,3.644070678
-1.9134375,3.753763318,3.6424774
-1.913125,3.756952477,3.640087483
-1.9128125,3.764128086,3.639290843
-1.9125,3.771303694,3.640087483
-1.9121875,3.777682013,3.640087483
-1.911875,3.782465752,3.640884122
-1.9115625,3.79043865,3.640884122
-1.91125,3.797614258,3.6424774
-1.9109375,3.805587156,3.6424774
-1.910625,3.813560054,3.643274039
-1.9103125,3.817546503,3.644070678
-1.91,3.824722112,3.644070678
-1.9096875,3.83110043,3.644070678
-1.909375,3.839073329,3.6424774
-1.9090625,3.843857067,3.643274039
-1.90875,3.852627255,3.6424774
-1.9084375,3.859802864,3.643274039
-1.908125,3.864586603,3.643274039
-1.9078125,3.87574866,3.643274039
-1.9075,3.880532399,3.6424774
-1.9071875,3.885316138,3.643274039
-1.906875,3.894086326,3.644867317
-1.9065625,3.901261934,3.645663956
-1.90625,3.904451093,3.646460595
-1.9059375,3.916410441,3.648850512
-1.905625,3.924383339,3.65044379
-1.9053125,3.931558947,3.651240429
-1.905,3.941126425,3.651240429
-1.9046875,3.941923715,3.651240429
-1.904375,3.945910164,3.651240429
-1.9040625,3.953085772,3.65044379
-1.90375,3.960261381,3.65044379
-1.9034375,3.965842409,3.649647151
-1.903125,3.969828858,3.649647151
-1.9028125,3.975409887,3.647257234
-1.9025,3.982585496,3.648053873
-1.9021875,3.989761104,3.647257234
-1.901875,3.992950263,3.646460595
-1.9015625,3.997734002,3.645663956
-1.90125,4.001720451,3.644070678
-1.9009375,4.008896059,3.645663956
-1.900625,4.017666247,3.644867317
-1.9003125,4.020058117,3.6424774
-1.9,4.025639146,3.641680761
-1.8996875,4.031220174,3.641680761
-1.899375,4.038395783,3.641680761
-1.8990625,4.047963261,3.639290843
-1.89875,4.05194971,3.640087483
-1.8984375,4.065503636,3.640087483
-1.898125,4.069490086,3.640884122
-1.8978125,4.076665694,3.640884122
-1.8975,4.081449433,3.640884122
-1.8971875,4.089422331,3.641680761
-1.896875,4.09580065,3.641680761
-1.8965625,4.103773548,3.639290843
-1.89625,4.109354576,3.637697565
-1.8959375,4.115732895,3.638494204
-1.895625,4.122908503,3.637697565
-1.8953125,4.128489532,3.638494204
-1.895,4.134070561,3.639290843
-1.8946875,4.144435328,3.640087483
-1.894375,4.150813647,3.640884122
-1.8940625,4.159583835,3.640087483
-1.89375,4.165962153,3.640087483
-1.8934375,4.170745892,3.640087483
-1.893125,4.17871879,3.640884122
-1.8928125,4.18270524,3.641680761
-1.8925,4.192272717,3.641680761
-1.8921875,4.197853746,3.641680761
-1.891875,4.203434775,3.641680761
-1.8915625,4.208218514,3.641680761
-1.89125,4.213799542,3.6424774
-1.8909375,4.219380571,3.6424774
-1.890625,4.227353469,3.6424774
-1.8903125,4.234529078,3.6424774
-1.89,4.240907396,3.643274039
-1.8896875,4.248083005,3.643274039
-1.889375,4.255258613,3.646460595
-1.8890625,4.263231511,3.648053873
-1.88875,4.272798989,3.648053873
-1.8884375,4.275988148,3.648850512
-1.888125,4.286352916,3.649647151
-1.8878125,4.290339365,3.649647151
-1.8875,4.296717683,3.648850512
-1.8871875,4.300704132,3.648850512
-1.886875,4.306285161,3.648053873
-1.8865625,4.30947432,3.647257234
-1.88625,4.317447219,3.646460595
-1.8859375,4.321433668,3.646460595
-1.885625,4.325420117,3.646460595
-1.8853125,4.333393015,3.645663956
-1.885,4.331001145,3.645663956
-1.8846875,4.335784884,3.643274039
-1.884375,4.342960493,3.643274039
-1.8840625,4.348541521,3.6424774
-1.88375,4.35412255,3.6424774
-1.8834375,4.359703579,3.640884122
-1.883125,4.362892738,3.640884122
-1.8828125,4.362892738,3.640087483
-1.8825,4.367676477,3.640087483
-1.8821875,4.375649375,3.640087483
-1.881875,4.384419563,3.640087483
-1.8815625,4.389203302,3.640087483
-1.88125,4.393987041,3.640884122
-1.8809375,4.39637891,3.641680761
-1.880625,4.404351809,3.6424774
-1.8803125,4.413121997,3.6424774
-1.88,4.419500315,3.641680761
-1.8796875,4.422689474,3.639290843
-1.879375,4.428270503,3.639290843
-1.8790625,4.432256952,3.639290843
-1.87875,4.434648822,3.639290843
-1.8784375,4.444216299,3.640087483
-1.878125,4.449000038,3.639290843
-1.8778125,4.461756675,3.639290843
-1.8775,4.466540414,3.639290843
-1.8771875,4.471324153,3.638494204
-1.876875,4.477702472,3.640087483
-1.8765625,4.48408079,3.640884122
-1.87625,4.489661819,3.640884122
-1.8759375,4.498432007,3.641680761
-1.875625,4.502418456,3.640087483
-1.8753125,4.507202195,3.641680761
-1.875,4.510391354,3.640884122
-1.8746875,4.514377803,3.640087483
-1.874375,4.519958832,3.640884122
-1.8740625,4.525539861,3.640884122
-1.87375,4.52872902,3.640884122
-1.8734375,4.535904628,3.641680761
-1.873125,4.541485657,3.643274039
-1.8728125,4.547066686,3.644867317
-1.8725,4.553445004,3.648053873
-1.8721875,4.559026033,3.647257234
-1.871875,4.568593511,3.648850512
-1.8715625,4.57417454,3.648850512
-1.87125,4.580552858,3.648850512
-1.8709375,4.581350148,3.649647151
-1.870625,4.586931177,3.648053873
-1.8703125,4.590120336,3.648053873
-1.87,4.597295944,3.648053873
-1.8696875,4.602876973,3.647257234
-1.869375,4.603674263,3.648053873
-1.8690625,4.608458002,3.646460595
-1.86875,4.611647161,3.645663956
-1.8684375,4.6164309,3.646460595
-1.868125,4.622809218,3.644867317
-1.8678125,4.622011929,3.644070678
-1.8675,4.629984827,3.644070678
-1.8671875,4.633173986,3.643274039
-1.866875,4.635565855,3.643274039
-1.8665625,4.637957725,3.643274039
-1.86625,4.644336043,3.6424774
-1.8659375,4.648322493,3.641680761
-1.865625,4.653106231,3.6424774
-1.8653125,4.655498101,3.641680761
-1.865,4.65948455,3.643274039
-1.8646875,4.665065579,3.6424774
-1.864375,4.667457448,3.643274039
-1.8640625,4.674633056,3.643274039
-1.86375,4.679416795,3.643274039
-1.8634375,4.684200534,3.643274039
-1.863125,4.686592404,3.640087483
-1.8628125,4.687389694,3.638494204
-1.8625,4.692173432,3.638494204
-1.8621875,4.696957171,3.638494204
-1.861875,4.70413278,3.640087483
-1.8615625,4.712902968,3.639290843
-1.86125,4.718483996,3.640087483
-1.8609375,4.720875866,3.640087483
-1.860625,4.727254184,3.640884122
-1.8603125,4.732037923,3.641680761
-1.86,4.741605401,3.6424774
-1.8596875,4.743997271,3.643274039
-1.859375,4.751172879,3.643274039
-1.8590625,4.754362038,3.6424774
-1.85875,4.758348487,3.643274039
-1.8584375,4.762334936,3.6424774
-1.858125,4.765524096,3.643274039
-1.8578125,4.772699704,3.6424774
-1.8575,4.776686153,3.643274039
-1.8571875,4.779875312,3.643274039
-1.856875,4.783861761,3.644070678
-1.8565625,4.78944279,3.644070678
-1.85625,4.793429239,3.645663956
-1.8559375,4.802199427,3.648053873
-1.855625,4.809375035,3.65044379
-1.8553125,4.813361485,3.651240429
-1.855,4.818145223,3.65044379
-1.8546875,4.820537093,3.651240429
-1.854375,4.823726252,3.65044379
-1.8540625,4.826915411,3.65044379
-1.85375,4.830901861,3.649647151
-1.8534375,4.835685599,3.649647151
-1.853125,4.836482889,3.648850512
-1.8528125,4.895482336,3.648850512
-1.8525,5.04856198,3.648053873
-1.8521875,5.227952189,3.647257234
-1.851875,5.140250309,3.647257234
-1.8515625,5.200047046,3.647257234
-1.85125,5.156196106,3.645663956
-1.8509375,5.054143009,3.644867317
-1.850625,4.996738142,3.644070678
-1.8503125,4.943319725,3.643274039
-1.85,5.097993949,3.6424774
-1.8496875,5.153006946,3.6424774
-1.849375,5.220776581,3.6424774
-1.8490625,5.22635761,3.641680761
-1.84875,5.125899093,3.6424774
-1.8484375,4.916211871,3.644070678
-1.848125,4.915414581,3.644867317
-1.8478125,4.91860374,3.645663956
-1.8475,4.9217929,3.645663956
-1.8471875,4.924982059,3.646460595
-1.846875,4.924982059,3.646460595
-1.8465625,4.924982059,3.644070678
-1.84625,4.925779349,3.6424774
-1.8459375,4.931360377,3.6424774
-1.845625,4.933752247,3.644070678
-1.8453125,4.936144116,3.644070678
-1.845,4.938535986,3.644070678
-1.8446875,4.940927855,3.645663956
-1.844375,4.944914304,3.645663956
-1.8440625,4.950495333,3.647257234
-1.84375,4.952887202,3.646460595
-1.8434375,4.956076362,3.647257234
-1.843125,4.958468231,3.647257234
-1.8428125,4.959265521,3.647257234
-1.8425,4.960860101,3.648053873
-1.8421875,4.967238419,3.647257234
-1.841875,4.968832999,3.648053873
-1.8415625,4.971224868,3.648053873
-1.84125,4.972819448,3.648053873
-1.8409375,4.974414028,3.648053873
-1.840625,4.977603187,3.648053873
-1.8403125,4.981589636,3.648053873
-1.84,4.984778795,3.648053873
-1.8396875,4.987170665,3.649647151
-1.839375,4.993548983,3.651240429
-1.8390625,4.998332722,3.652833707
-1.83875,5.000724591,3.654426985
-1.8384375,5.0079002,3.653630346
-1.838125,5.009494779,3.654426985
-1.8378125,5.011089359,3.654426985
-1.8375,5.012683939,3.653630346
-1.8371875,5.014278518,3.654426985
-1.836875,5.016670388,3.652833707
-1.8365625,5.019859547,3.652833707
-1.83625,5.021454127,3.652037068
-1.8359375,5.022251417,3.652037068
-1.835625,5.023048706,3.651240429
-1.8353125,5.025440576,3.651240429
-1.835,5.026237866,3.649647151
-1.8346875,5.030224315,3.648850512
-1.834375,5.031021605,3.648850512
-1.8340625,5.032616184,3.648850512
-1.83375,5.033413474,3.648850512
-1.8334375,5.033413474,3.648053873
-1.833125,5.037399923,3.648053873
-1.8328125,5.040589082,3.648053873
-1.8325,5.040589082,3.646460595
-1.8321875,5.041386372,3.645663956
-1.831875,5.043778242,3.645663956
-1.8315625,5.046967401,3.647257234
-1.83125,5.05015656,3.647257234
-1.8309375,5.054143009,3.646460595
-1.830625,5.055737589,3.648053873
-1.8303125,5.058129458,3.648850512
-1.83,5.058129458,3.646460595
-1.8296875,5.056534879,3.644070678
-1.829375,5.061318618,3.644867317
-1.8290625,5.062913197,3.645663956
-1.82875,5.063710487,3.644070678
-1.8284375,5.066102356,3.645663956
-1.828125,5.067696936,3.646460595
-1.8278125,5.071683385,3.646460595
-1.8275,5.076467124,3.647257234
-1.8271875,5.078061704,3.647257234
-1.826875,5.079656283,3.648053873
-1.8265625,5.082048153,3.649647151
-1.82625,5.082845443,3.648850512
-1.8259375,5.088426471,3.649647151
-1.825625,5.090818341,3.648850512
-1.8253125,5.091615631,3.648053873
-1.825,5.09321021,3.648850512
-1.8246875,5.0940075,3.648053873
-1.824375,5.097993949,3.648053873
-1.8240625,5.101980398,3.647257234
-1.82375,5.104372268,3.648053873
-1.8234375,5.105966847,3.648850512
-1.823125,5.108358717,3.648850512
-1.8228125,5.111547876,3.651240429
-1.8225,5.119520774,3.652833707
-1.8221875,5.121912644,3.654426985
-1.821875,5.123507223,3.654426985
-1.8215625,5.125899093,3.654426985
-1.82125,5.126696383,3.655223624
-1.8209375,5.130682832,3.655223624
-1.820625,5.133871991,3.654426985
-1.8203125,5.134669281,3.653630346
-1.82,5.135466571,3.654426985
-1.8196875,5.135466571,3.653630346
-1.819375,5.13706115,3.652833707
-1.8190625,5.13945302,3.652037068
-1.81875,5.140250309,3.651240429
-1.8184375,5.141047599,3.651240429
-1.818125,5.141047599,3.649647151
-1.8178125,5.141844889,3.648850512
-1.8175,5.144236759,3.648053873
-1.8171875,5.145831338,3.648053873
-1.816875,5.145831338,3.648053873
-1.8165625,5.146628628,3.647257234
-1.81625,5.145831338,3.646460595
-1.8159375,5.149020497,3.646460595
-1.815625,5.152209657,3.645663956
-1.8153125,5.153006946,3.645663956
-1.815,5.155398816,3.646460595
-1.8146875,5.156196106,3.645663956
-1.814375,5.157790685,3.645663956
-1.8140625,5.163371714,3.647257234
-1.81375,5.163371714,3.648053873
-1.8134375,5.164169004,3.647257234
-1.813125,5.161777134,3.644070678
-1.8128125,5.160979845,3.643274039
-1.8125,5.166560873,3.643274039
-1.8121875,5.166560873,3.643274039
-1.811875,5.167358163,3.644070678
-1.8115625,5.170547322,3.644070678
-1.81125,5.171344612,3.644867317
-1.8109375,5.176925641,3.645663956
-1.810625,5.177722931,3.646460595
-1.8103125,5.17931751,3.646460595
-1.81,5.18091209,3.645663956
-1.8096875,5.18170938,3.647257234
-1.809375,5.186493119,3.647257234
-1.8090625,5.188087698,3.647257234
-1.80875,5.188884988,3.647257234
-1.8084375,5.190479568,3.647257234
-1.808125,5.190479568,3.648053873
-1.8078125,5.195263307,3.647257234
-1.8075,5.196857886,3.647257234
-1.8071875,5.198452466,3.648053873
-1.806875,5.200844335,3.648850512
-1.8065625,5.200844335,3.649647151
-1.80625,5.205628074,3.65044379
-1.8059375,5.211209103,3.652833707
-1.805625,5.213600973,3.653630346
-1.8053125,5.215992842,3.655223624
-1.805,5.215992842,3.655223624
-1.8046875,5.221573871,3.655223624
-1.804375,5.22316845,3.656020263
-1.8040625,5.22316845,3.655223624
-1.80375,5.22396574,3.655223624
-1.8034375,5.22316845,3.655223624
-1.803125,5.22635761,3.654426985
-1.8028125,5.22635761,3.653630346
-1.8025,5.227154899,3.652833707
-1.8021875,5.227154899,3.652833707
-1.801875,5.227154899,3.652037068
-1.8015625,5.230344059,3.652037068
-1.80125,5.230344059,3.651240429
-1.8009375,5.230344059,3.65044379
-1.800625,5.230344059,3.649647151
-1.8003125,5.229546769,3.649647151
-1.8,5.233533218,3.649647151
-1.7996875,5.232735928,3.648850512
-1.799375,5.233533218,3.648850512
-1.7990625,5.233533218,3.647257234
-1.79875,5.233533218,3.647257234
-1.7984375,5.237519667,3.647257234
-1.798125,5.239911537,3.648850512
-1.7978125,5.239911537,3.648850512
-1.7975,5.241506116,3.648850512
-1.7971875,5.241506116,3.649647151
-1.796875,5.247087145,3.649647151
-1.7965625,5.244695275,3.648053873
-1.79625,5.243100696,3.645663956
-1.7959375,5.243100696,3.644867317
-1.795625,5.243897986,3.645663956
-1.7953125,5.247884435,3.645663956
-1.795,5.248681724,3.646460595
-1.7946875,5.250276304,3.647257234
-1.794375,5.251870884,3.648053873
-1.7940625,5.255060043,3.648850512
-1.79375,5.258249202,3.648850512
-1.7934375,5.259046492,3.649647151
-1.793125,5.259843782,3.649647151
-1.7928125,5.260641072,3.648850512
-1.7925,5.263032941,3.649647151
-1.7921875,5.2662221,3.649647151
-1.791875,5.2662221,3.648850512
-1.7915625,5.265424811,3.648053873
-1.79125,5.2662221,3.648850512
-1.7909375,5.27020855,3.648850512
-1.790625,5.271005839,3.648850512
-1.7903125,5.271005839,3.649647151
-1.79,5.271803129,3.65044379
-1.7896875,5.274992288,3.651240429
-1.789375,5.280573317,3.653630346
-1.7890625,5.283762476,3.655223624
-1.78875,5.283762476,3.656020263
-1.7884375,5.284559766,3.656020263
-1.788125,5.290140795,3.656020263
-1.7878125,5.291735375,3.656020263
-1.7875,5.291735375,3.655223624
-1.7871875,5.290938085,3.654426985
-1.786875,5.290938085,3.655223624
-1.7865625,5.294924534,3.652833707
-1.78625,5.294127244,3.652833707
-1.7859375,5.293329954,3.652037068
-1.785625,5.293329954,3.652037068
-1.7853125,5.295721824,3.652037068
-1.785,5.298910983,3.649647151
-1.7846875,5.295721824,3.648850512
-1.784375,5.295721824,3.648850512
-1.7840625,5.295721824,3.648850512
-1.78375,5.298113693,3.648053873
-1.7834375,5.298910983,3.646460595
-1.783125,5.297316403,3.646460595
-1.7828125,5.297316403,3.646460595
-1.7825,5.298113693,3.645663956
-1.7821875,5.302100142,3.644867317
-1.781875,5.302100142,3.644070678
-1.7815625,5.302100142,3.644070678
-1.78125,5.301302852,3.644070678
-1.7809375,5.306883881,3.643274039
-1.780625,5.308478461,3.644070678
-1.7803125,5.309275751,3.644070678
-1.78,5.308478461,3.643274039
-1.7796875,5.305289301,3.641680761
-1.779375,5.307681171,3.639290843
-1.7790625,5.306883881,3.640087483
-1.77875,5.306883881,3.640884122
-1.7784375,5.307681171,3.640884122
-1.778125,5.3132622,3.640884122
-1.7778125,5.314059489,3.640884122
-1.7775,5.314059489,3.6424774
-1.7771875,5.314856779,3.6424774
-1.776875,5.318843228,3.6424774
-1.7765625,5.321235098,3.6424774
-1.77625,5.320437808,3.6424774
-1.7759375,5.319640518,3.6424774
-1.775625,5.319640518,3.6424774
-1.7753125,5.324424257,3.6424774
-1.775,5.324424257,3.643274039
-1.7746875,5.323626967,3.6424774
-1.774375,5.323626967,3.6424774
-1.7740625,5.326018837,3.643274039
-1.77375,5.328410706,3.643274039
-1.7734375,5.329207996,3.644070678
-1.773125,5.328410706,3.644867317
-1.7728125,5.332397155,3.645663956
-1.7725,5.337978184,3.649647151
-1.7721875,5.338775474,3.649647151
-1.771875,5.339572764,3.651240429
-1.7715625,5.339572764,3.651240429
-1.77125,5.344356503,3.651240429
-1.7709375,5.343559213,3.651240429
-1.770625,5.341964633,3.651240429
-1.7703125,5.342761923,3.651240429
-1.77,5.344356503,3.649647151
-1.7696875,5.345951082,3.649647151
-1.769375,5.344356503,3.648850512
-1.7690625,5.341964633,3.648053873
-1.76875,5.343559213,3.648053873
-1.7684375,5.346748372,3.648053873
-1.768125,5.344356503,3.646460595
-1.7678125,5.342761923,3.644867317
-1.7675,5.341167343,3.644867317
-1.7671875,5.345951082,3.644070678
-1.766875,5.344356503,3.643274039
-1.7665625,5.342761923,3.6424774
-1.76625,5.341964633,3.6424774
-1.7659375,5.344356503,3.643274039
-1.765625,5.345951082,3.641680761
-1.7653125,5.344356503,3.641680761
-1.765,5.344356503,3.6424774
-1.7646875,5.346748372,3.641680761
-1.764375,5.347545662,3.6424774
-1.7640625,5.347545662,3.6424774
-1.76375,5.348342952,3.643274039
-1.7634375,5.348342952,3.643274039
-1.763125,5.349937531,3.641680761
-1.7628125,5.346748372,3.640087483
-1.7625,5.345951082,3.640087483
-1.7621875,5.346748372,3.640087483
-1.761875,5.350734821,3.640884122
-1.7615625,5.349140241,3.640087483
-1.76125,5.349937531,3.641680761
-1.7609375,5.349937531,3.6424774
-1.760625,5.35551856,3.6424774
-1.7603125,5.35551856,3.644070678
-1.76,5.35472127,3.643274039
-1.7596875,5.35472127,3.643274039
-1.759375,5.358707719,3.643274039
-1.7590625,5.359505009,3.643274039
-1.75875,5.358707719,3.643274039
-1.7584375,5.357910429,3.643274039
-1.758125,5.360302299,3.643274039
-1.7578125,5.361896878,3.644867317
-1.7575,5.361099589,3.644070678
-1.7571875,5.360302299,3.644070678
-1.756875,5.363491458,3.644070678
-1.7565625,5.366680617,3.645663956
-1.75625,5.364288748,3.645663956
-1.7559375,5.367477907,3.648850512
-1.755625,5.372261646,3.65044379
-1.7553125,5.374653516,3.651240429
-1.755,5.374653516,3.651240429
-1.7546875,5.372261646,3.652037068
-1.754375,5.373856226,3.652037068
-1.7540625,5.377045385,3.652037068
-1.75375,5.376248095,3.651240429
-1.7534375,5.373856226,3.65044379
-1.753125,5.374653516,3.65044379
-1.7528125,5.376248095,3.648850512
-1.7525,5.375450805,3.648850512
-1.7521875,5.374653516,3.648850512
-1.751875,5.373058936,3.648850512
-1.7515625,5.376248095,3.647257234
-1.75125,5.373058936,3.646460595
-1.7509375,5.371464356,3.646460595
-1.750625,5.372261646,3.645663956
-1.7503125,5.373856226,3.645663956
-1.75,5.372261646,3.644070678
-1.7496875,5.369869777,3.643274039
-1.749375,5.369869777,3.643274039
-1.7490625,5.372261646,3.6424774
-1.74875,5.369869777,3.6424774
-1.7484375,5.369072487,3.643274039
-1.748125,5.371464356,3.643274039
-1.7478125,5.373058936,3.644070678
-1.7475,5.373058936,3.643274039
-1.7471875,5.373856226,3.644867317
-1.746875,5.373856226,3.644867317
-1.7465625,5.375450805,3.643274039
-1.74625,5.371464356,3.641680761
-1.7459375,5.369072487,3.640087483
-1.745625,5.370667066,3.640087483
-1.7453125,5.373058936,3.640884122
-1.745,5.372261646,3.641680761
-1.7446875,5.373058936,3.641680761
-1.744375,5.373856226,3.643274039
-1.7440625,5.377045385,3.644070678
-1.74375,5.375450805,3.643274039
-1.7434375,5.374653516,3.644070678
-1.743125,5.377842675,3.644867317
-1.7428125,5.377842675,3.644867317
-1.7425,5.376248095,3.644070678
-1.7421875,5.376248095,3.644867317
-1.741875,5.378639965,3.644867317
-1.7415625,5.381031834,3.645663956
-1.74125,5.377842675,3.645663956
-1.7409375,5.376248095,3.645663956
-1.740625,5.381031834,3.645663956
-1.7403125,5.381031834,3.646460595
-1.74,5.380234544,3.647257234
-1.7396875,5.380234544,3.647257234
-1.739375,5.384220993,3.649647151
-1.7390625,5.387410153,3.652037068
-1.73875,5.386612863,3.651240429
-1.7384375,5.385815573,3.652037068
-1.738125,5.390599312,3.652037068
-1.7378125,5.389004732,3.652833707
-1.7375,5.387410153,3.652833707
-1.7371875,5.388207442,3.652037068
-1.736875,5.391396602,3.652833707
-1.7365625,5.389004732,3.652037068
-1.73625,5.386612863,3.652037068
-1.7359375,5.386612863,3.651240429
-1.735625,5.388207442,3.649647151
-1.7353125,5.385815573,3.649647151
-1.735,5.382626414,3.648850512
-1.7346875,5.385018283,3.648053873
-1.734375,5.385018283,3.647257234
-1.7340625,5.383423704,3.647257234
-1.73375,5.381031834,3.646460595
-1.7334375,5.383423704,3.645663956
-1.733125,5.382626414,3.644867317
-1.7328125,5.380234544,3.644070678
-1.7325,5.377842675,3.644070678
-1.7321875,5.382626414,3.643274039
-1.731875,5.381829124,3.644070678
-1.7315625,5.379437254,3.644070678
-1.73125,5.381031834,3.644070678
-1.7309375,5.382626414,3.645663956
-1.730625,5.382626414,3.645663956
-1.7303125,5.381031834,3.645663956
-1.73,5.381829124,3.645663956
-1.7296875,5.381031834,3.643274039
-1.729375,5.377842675,3.6424774
-1.7290625,5.375450805,3.641680761
-1.72875,5.380234544,3.641680761
-1.7284375,5.380234544,3.6424774
-1.728125,5.377842675,3.6424774
-1.7278125,5.377842675,3.6424774
-1.7275,5.381031834,3.643274039
-1.7271875,5.381031834,3.643274039
-1.726875,5.380234544,3.644867317
-1.7265625,5.381031834,3.645663956
-1.72625,5.383423704,3.644070678
-1.7259375,5.380234544,3.644070678
-1.725625,5.379437254,3.644867317
-1.7253125,5.383423704,3.644867317
-1.725,5.383423704,3.645663956
-1.7246875,5.381031834,3.645663956
-1.724375,5.380234544,3.644867317
-1.7240625,5.383423704,3.644867317
-1.72375,5.381829124,3.644867317
-1.7234375,5.381031834,3.644867317
-1.723125,5.381031834,3.644867317
-1.7228125,5.384220993,3.645663956
-1.7225,5.385018283,3.649647151
-1.7221875,5.385018283,3.65044379
-1.721875,5.390599312,3.651240429
-1.7215625,5.389802022,3.651240429
-1.72125,5.388207442,3.652037068
-1.7209375,5.389004732,3.652037068
-1.720625,5.390599312,3.652037068
-1.7203125,5.388207442,3.651240429
-1.72,5.385815573,3.651240429
-1.7196875,5.387410153,3.65044379
-1.719375,5.386612863,3.65044379
-1.7190625,5.385018283,3.648850512
-1.71875,5.382626414,3.648053873
-1.7184375,5.385815573,3.648053873
-1.718125,5.382626414,3.647257234
-1.7178125,5.379437254,3.645663956
-1.7175,5.380234544,3.645663956
-1.7171875,5.381829124,3.644867317
-1.716875,5.379437254,3.644867317
-1.7165625,5.377045385,3.644070678
-1.71625,5.378639965,3.644070678
-1.7159375,5.378639965,3.643274039
-1.715625,5.376248095,3.6424774
-1.7153125,5.373856226,3.643274039
-1.715,5.378639965,3.643274039
-1.7146875,5.377045385,3.643274039
-1.714375,5.374653516,3.643274039
-1.7140625,5.377842675,3.644867317
-1.71375,5.378639965,3.646460595
-1.7134375,5.376248095,3.645663956
-1.713125,5.373058936,3.6424774
-1.7128125,5.375450805,3.640884122
-1.7125,5.372261646,3.640884122
-1.7121875,5.369869777,3.640087483
-1.711875,5.371464356,3.640087483
-1.7115625,5.373856226,3.641680761
-1.71125,5.371464356,3.641680761
-1.7109375,5.371464356,3.643274039
-1.710625,5.376248095,3.643274039
-1.7103125,5.374653516,3.644070678
-1.71,5.371464356,3.644070678
-1.7096875,5.374653516,3.644867317
-1.709375,5.374653516,3.644867317
-1.7090625,5.372261646,3.644867317
-1.70875,5.370667066,3.644070678
-1.7084375,5.374653516,3.644070678
-1.708125,5.372261646,3.644070678
-1.7078125,5.369869777,3.644070678
-1.7075,5.373058936,3.644070678
-1.7071875,5.372261646,3.644867317
-1.706875,5.370667066,3.644867317
-1.7065625,5.370667066,3.645663956
-1.70625,5.375450805,3.645663956
-1.7059375,5.375450805,3.648053873
-1.705625,5.374653516,3.65044379
-1.7053125,5.380234544,3.652037068
-1.705,5.379437254,3.652037068
-1.7046875,5.377842675,3.652037068
-1.704375,5.377842675,3.652037068
-1.7040625,5.380234544,3.652037068
-1.70375,5.377045385,3.652037068
-1.7034375,5.373856226,3.651240429
-1.703125,5.377045385,3.651240429
-1.7028125,5.376248095,3.65044379
-1.7025,5.373058936,3.648850512
-1.7021875,5.372261646,3.649647151
-1.701875,5.373856226,3.649647151
-1.7015625,5.369869777,3.648053873
-1.70125,5.365883328,3.646460595
-1.7009375,5.369869777,3.645663956
-1.700625,5.368275197,3.646460595
-1.7003125,5.364288748,3.645663956
-1.7,5.365086038,3.644070678
-1.6996875,5.363491458,3.643274039
-1.699375,5.361099589,3.6424774
-1.6990625,5.359505009,3.6424774
-1.69875,5.363491458,3.6424774
-1.6984375,5.361099589,3.6424774
-1.698125,5.358707719,3.643274039
-1.6978125,5.362694168,3.644070678
-1.6975,5.361896878,3.6424774
-1.6971875,5.360302299,3.644070678
-1.696875,5.361896878,3.645663956
-1.6965625,5.361896878,3.643274039
-1.69625,5.35551856,3.640087483
-1.6959375,5.352329401,3.640087483
-1.695625,5.35711314,3.640884122
-1.6953125,5.35472127,3.640884122
-1.695,5.351532111,3.641680761
-1.6946875,5.35631585,3.641680761
-1.694375,5.35551856,3.6424774
-1.6940625,5.35312669,3.6424774
-1.69375,5.35472127,3.6424774
-1.6934375,5.35551856,3.6424774
-1.693125,5.35312669,3.643274039
-1.6928125,5.352329401,3.644070678
-1.6925,5.35551856,3.643274039
-1.6921875,5.35392398,3.643274039
-1.691875,5.350734821,3.643274039
-1.6915625,5.35392398,3.643274039
-1.69125,5.352329401,3.643274039
-1.6909375,5.349937531,3.643274039
-1.690625,5.350734821,3.644070678
-1.6903125,5.352329401,3.644070678
-1.69,5.350734821,3.644070678
-1.6896875,5.348342952,3.645663956
-1.689375,5.35472127,3.646460595
-1.6890625,5.35472127,3.649647151
-1.68875,5.352329401,3.65044379
-1.6884375,5.358707719,3.651240429
-1.688125,5.35631585,3.651240429
-1.6878125,5.35392398,3.651240429
-1.6875,5.35551856,3.651240429
-1.6871875,5.35551856,3.651240429
-1.686875,5.351532111,3.65044379
-1.6865625,5.352329401,3.65044379
-1.68625,5.35312669,3.65044379
-1.6859375,5.349140241,3.648850512
-1.685625,5.345951082,3.648053873
-1.6853125,5.349140241,3.647257234
-1.685,5.346748372,3.647257234
-1.6846875,5.341964633,3.646460595
-1.684375,5.343559213,3.645663956
-1.6840625,5.342761923,3.645663956
-1.68375,5.337978184,3.644867317
-1.6834375,5.337978184,3.644070678
-1.683125,5.338775474,3.643274039
-1.6828125,5.334789025,3.643274039
-1.6825,5.333991735,3.6424774
-1.6821875,5.337180894,3.6424774
-1.681875,5.333991735,3.6424774
-1.6815625,5.331599865,3.6424774
-1.68125,5.336383604,3.643274039
-1.6809375,5.333194445,3.644070678
-1.680625,5.330802576,3.644070678
-1.6803125,5.334789025,3.644070678
-1.68,5.333194445,3.644070678
-1.6796875,5.326018837,3.641680761
-1.679375,5.328410706,3.640087483
-1.6790625,5.326816127,3.640087483
-1.67875,5.322032388,3.640087483
-1.6784375,5.325221547,3.640884122
-1.678125,5.326018837,3.641680761
-1.6778125,5.323626967,3.6424774
-1.6775,5.324424257,3.6424774
-1.6771875,5.326816127,3.643274039
-1.676875,5.323626967,3.643274039
-1.6765625,5.323626967,3.643274039
-1.67625,5.326018837,3.643274039
-1.6759375,5.323626967,3.6424774
-1.675625,5.321235098,3.643274039
-1.6753125,5.325221547,3.643274039
-1.675,5.323626967,3.644070678
-1.6746875,5.319640518,3.643274039
-1.674375,5.322032388,3.643274039
-1.6740625,5.321235098,3.644070678
-1.67375,5.317248649,3.644070678
-1.6734375,5.319640518,3.644070678
-1.673125,5.320437808,3.644867317
-1.6728125,5.317248649,3.645663956
-1.6725,5.322032388,3.648053873
-1.6721875,5.324424257,3.649647151
-1.671875,5.322829677,3.65044379
-1.6715625,5.322032388,3.65044379
-1.67125,5.325221547,3.65044379
-1.6709375,5.321235098,3.65044379
-1.670625,5.318045939,3.65044379
-1.6703125,5.322032388,3.649647151
-1.67,5.318045939,3.65044379
-1.6696875,5.314059489,3.65044379
-1.669375,5.317248649,3.648053873
-1.6690625,5.31246491,3.648850512
-1.66875,5.308478461,3.648850512
-1.6684375,5.314059489,3.647257234
-1.668125,5.308478461,3.647257234
-1.6678125,5.302897432,3.647257234
-1.6675,5.309275751,3.646460595
-1.6671875,5.302897432,3.646460595
-1.666875,5.297316403,3.647257234
-1.6665625,5.302100142,3.644867317
-1.66625,5.298113693,3.645663956
-1.6659375,5.293329954,3.646460595
-1.665625,5.296519114,3.645663956
-1.6653125,5.294924534,3.645663956
-1.665,5.290938085,3.647257234
-1.6646875,5.295721824,3.646460595
-1.664375,5.294127244,3.646460595
-1.6640625,5.289343505,3.648053873
-1.66375,5.294127244,3.648053873
-1.6634375,5.293329954,3.648053873
-1.663125,5.285357056,3.647257234
-1.6628125,5.285357056,3.645663956
-1.6625,5.285357056,3.645663956
-1.6621875,5.281370607,3.647257234
-1.661875,5.283762476,3.646460595
-1.6615625,5.284559766,3.646460595
-1.66125,5.281370607,3.647257234
-1.6609375,5.282167897,3.648053873
-1.660625,5.282965187,3.648053873
-1.6603125,5.279776027,3.649647151
-1.66,5.281370607,3.648850512
-1.6596875,5.283762476,3.649647151
-1.659375,5.279776027,3.649647151
-1.6590625,5.278181448,3.649647151
-1.65875,5.282167897,3.65044379
-1.6584375,5.278181448,3.65044379
-1.658125,5.277384158,3.65044379
-1.6578125,5.278181448,3.65044379
-1.6575,5.274992288,3.65044379
-1.6571875,5.274194999,3.65044379
-1.656875,5.277384158,3.651240429
-1.6565625,5.273397709,3.651240429
-1.65625,5.272600419,3.651240429
-1.6559375,5.278181448,3.653630346
-1.655625,5.276586868,3.655223624
-1.6553125,5.274992288,3.656020263
-1.655,5.278978738,3.656816902
-1.6546875,5.274992288,3.656816902
-1.654375,5.274194999,3.657613541
-1.6540625,5.276586868,3.657613541
-1.65375,5.272600419,3.656816902
-1.6534375,5.271005839,3.656816902
-1.653125,5.272600419,3.656020263
-1.6528125,5.26781668,3.655223624
-1.6525,5.26701939,3.654426985
-1.6521875,5.26861397,3.654426985
-1.651875,5.264627521,3.653630346
-1.6515625,5.263032941,3.652037068
-1.65125,5.263032941,3.652037068
-1.6509375,5.258249202,3.651240429
-1.650625,5.257451912,3.65044379
-1.6503125,5.258249202,3.651240429
-1.65,5.252668174,3.649647151
-1.6496875,5.253465463,3.648850512
-1.649375,5.252668174,3.648850512
-1.6490625,5.247884435,3.648053873
-1.64875,5.251073594,3.648053873
-1.6484375,5.251073594,3.648850512
-1.648125,5.247087145,3.648850512
-1.6478125,5.248681724,3.648850512
-1.6475,5.247884435,3.648850512
-1.6471875,5.244695275,3.649647151
-1.646875,5.247884435,3.649647151
-1.6465625,5.246289855,3.649647151
-1.64625,5.239114247,3.646460595
-1.6459375,5.241506116,3.645663956
-1.645625,5.238316957,3.645663956
-1.6453125,5.235127798,3.645663956
-1.645,5.239114247,3.647257234
-1.6446875,5.237519667,3.647257234
-1.644375,5.233533218,3.647257234
-1.6440625,5.239911537,3.648053873
-1.64375,5.237519667,3.649647151
-1.6434375,5.232735928,3.649647151
-1.643125,5.238316957,3.65044379
-1.6428125,5.234330508,3.649647151
-1.6425,5.230344059,3.648850512
-1.6421875,5.235127798,3.648850512
-1.641875,5.231141349,3.648850512
-1.6415625,5.22635761,3.648053873
-1.64125,5.231938638,3.648850512
-1.6409375,5.227154899,3.648850512
-1.640625,5.22476303,3.648053873
-1.6403125,5.228749479,3.648850512
-1.64,5.22556032,3.648850512
-1.6396875,5.22396574,3.649647151
-1.639375,5.229546769,3.651240429
-1.6390625,5.227952189,3.653630346
-1.63875,5.227952189,3.655223624
-1.6384375,5.231141349,3.656020263
-1.638125,5.22556032,3.655223624
-1.6378125,5.227154899,3.656020263
-1.6375,5.227952189,3.656020263
-1.6371875,5.22316845,3.654426985
-1.636875,5.22476303,3.654426985
-1.6365625,5.222371161,3.654426985
-1.63625,5.219182001,3.654426985
-1.6359375,5.221573871,3.653630346
-1.635625,5.218384711,3.652833707
-1.6353125,5.214398262,3.652833707
-1.635,5.217587422,3.652037068
-1.6346875,5.212006393,3.65044379
-1.634375,5.208019944,3.649647151
-1.6340625,5.212006393,3.65044379
-1.63375,5.205628074,3.649647151
-1.6334375,5.204830785,3.648053873
-1.633125,5.205628074,3.648053873
-1.6328125,5.200047046,3.648053873
-1.6325,5.200844335,3.647257234
-1.6321875,5.199249756,3.646460595
-1.631875,5.195263307,3.647257234
-1.6315625,5.197655176,3.646460595
-1.63125,5.195263307,3.647257234
-1.6309375,5.190479568,3.648053873
-1.630625,5.196857886,3.648053873
-1.6303125,5.192871437,3.648850512
-1.63,5.188087698,3.648053873
-1.6296875,5.192074148,3.646460595
-1.629375,5.186493119,3.645663956
-1.6290625,5.18250667,3.646460595
-1.62875,5.187290409,3.645663956
-1.6284375,5.18250667,3.646460595
-1.628125,5.18170938,3.646460595
-1.6278125,5.185695829,3.647257234
-1.6275,5.18091209,3.648053873
-1.6271875,5.18091209,3.647257234
-1.626875,5.18170938,3.648053873
-1.6265625,5.178520221,3.648053873
-1.62625,5.18091209,3.648053873
-1.6259375,5.17931751,3.648053873
-1.625625,5.174533772,3.647257234
-1.6253125,5.1801148,3.649647151
-1.625,5.175331061,3.648053873
-1.6246875,5.173736482,3.648053873
-1.624375,5.176128351,3.648053873
-1.6240625,5.171344612,3.648053873
-1.62375,5.170547322,3.648053873
-1.6234375,5.173736482,3.648850512
-1.623125,5.167358163,3.649647151
-1.6228125,5.172141902,3.65044379
-1.6225,5.172939192,3.652833707
-1.6221875,5.169750033,3.653630346
-1.621875,5.176128351,3.654426985
-1.6215625,5.172141902,3.654426985
-1.62125,5.168952743,3.655223624
-1.6209375,5.173736482,3.656020263
-1.620625,5.168952743,3.654426985
-1.6203125,5.168155453,3.654426985
-1.62,5.168952743,3.654426985
-1.6196875,5.163371714,3.652833707
-1.619375,5.164169004,3.652833707
-1.6190625,5.161777134,3.652037068
-1.61875,5.156196106,3.651240429
-1.6184375,5.160182555,3.651240429
-1.618125,5.154601526,3.649647151
-1.6178125,5.150615077,3.648053873
-1.6175,5.153804236,3.648053873
-1.6171875,5.149020497,3.648053873
-1.616875,5.149020497,3.647257234
-1.6165625,5.151412367,3.649647151
-1.61625,5.145034048,3.648850512
-1.6159375,5.147425918,3.648053873
-1.615625,5.143439469,3.648053873
-1.6153125,5.13865573,3.648053873
-1.615,5.145831338,3.648053873
-1.6146875,5.141047599,3.648053873
-1.614375,5.13865573,3.648053873
-1.6140625,5.141844889,3.648053873
-1.61375,5.13706115,3.649647151
-1.6134375,5.13785844,3.649647151
-1.613125,5.13626386,3.647257234
-1.6128125,5.128290962,3.645663956
-1.6125,5.132277411,3.646460595
-1.6121875,5.129088252,3.646460595
-1.611875,5.125899093,3.646460595
-1.6115625,5.129088252,3.645663956
-1.61125,5.124304513,3.646460595
-1.6109375,5.125899093,3.646460595
-1.610625,5.126696383,3.647257234
-1.6103125,5.121115354,3.648850512
-1.61,5.125899093,3.648850512
-1.6096875,5.123507223,3.648850512
-1.609375,5.118723484,3.648053873
-1.6090625,5.125101803,3.648053873
-1.60875,5.118723484,3.648053873
-1.6084375,5.117926195,3.648053873
-1.608125,5.119520774,3.648850512
-1.6078125,5.113939745,3.648850512
-1.6075,5.117128905,3.649647151
-1.6071875,5.114737035,3.649647151
-1.606875,5.109953296,3.649647151
-1.6065625,5.117128905,3.651240429
-1.60625,5.110750586,3.65044379
-1.6059375,5.113142456,3.651240429
-1.605625,5.117128905,3.654426985
-1.6053125,5.112345166,3.656020263
-1.605,5.116331615,3.656020263
-1.6046875,5.113142456,3.656020263
-1.604375,5.108358717,3.657613541
-1.6040625,5.113939745,3.656020263
-1.60375,5.107561427,3.656816902
-1.6034375,5.106764137,3.656020263
-1.603125,5.107561427,3.655223624
-1.6028125,5.100385819,3.655223624
-1.6025,5.105169557,3.654426985
-1.6021875,5.099588529,3.654426985
-1.601875,5.09480479,3.654426985
-1.6015625,5.097993949,3.653630346
-1.60125,5.090818341,3.652833707
-1.6009375,5.091615631,3.651240429
-1.600625,5.091615631,3.652037068
-1.6003125,5.084440022,3.651240429
-1.6,5.090021051,3.65044379
-1.5996875,5.083642732,3.65044379
-1.599375,5.079656283,3.65044379
-1.5990625,5.082845443,3.649647151
-1.59875,5.076467124,3.649647151
-1.5984375,5.078858994,3.65044379
-1.598125,5.078061704,3.648850512
-1.5978125,5.072480675,3.649647151
-1.5975,5.077264414,3.649647151
-1.5971875,5.073277965,3.649647151
-1.596875,5.074075255,3.65044379
-1.5965625,5.073277965,3.649647151
-1.59625,5.064507777,3.646460595
-1.5959375,5.067696936,3.646460595
-1.595625,5.065305067,3.647257234
-1.5953125,5.060521328,3.646460595
-1.595,5.066102356,3.647257234
-1.5946875,5.062115907,3.648053873
-1.594375,5.061318618,3.648053873
-1.5940625,5.062115907,3.648850512
-1.59375,5.057332168,3.648850512
-1.5934375,5.061318618,3.648850512
-1.593125,5.057332168,3.648850512
-1.5928125,5.055737589,3.648850512
-1.5925,5.057332168,3.648850512
-1.5921875,5.05095385,3.649647151
-1.591875,5.055737589,3.649647151
-1.5915625,5.05175114,3.649647151
-1.59125,5.047764691,3.649647151
-1.5909375,5.05254843,3.65044379
-1.590625,5.046170111,3.651240429
-1.5903125,5.04856198,3.65044379
-1.59,5.047764691,3.651240429
-1.5896875,5.044575531,3.652833707
-1.589375,5.04935927,3.652833707
-1.5890625,5.046967401,3.655223624
-1.58875,5.04935927,3.656020263
-1.5884375,5.04935927,3.656816902
-1.588125,5.042980952,3.656816902
-1.5878125,5.04935927,3.657613541
-1.5875,5.042980952,3.656816902
-1.5871875,5.042183662,3.657613541
-1.586875,5.042183662,3.656816902
-1.5865625,5.036602633,3.656020263
-1.58625,5.040589082,3.656020263
-1.5859375,5.034210764,3.655223624
-1.585625,5.031818894,3.653630346
-1.5853125,5.033413474,3.653630346
-1.585,5.026237866,3.652833707
-1.5846875,5.029427025,3.651240429
-1.584375,5.025440576,3.65044379
-1.5840625,5.023048706,3.651240429
-1.58375,5.025440576,3.651240429
-1.5834375,5.018264967,3.649647151
-1.583125,5.020656837,3.649647151
-1.5828125,5.016670388,3.648850512
-1.5825,5.012683939,3.648053873
-1.5821875,5.015075808,3.648053873
-1.581875,5.010292069,3.648053873
-1.5815625,5.012683939,3.648053873
-1.58125,5.010292069,3.648053873
-1.5809375,5.003913751,3.648053873
-1.580625,5.010292069,3.648053873
-1.5803125,5.004711041,3.649647151
-1.58,5.00630562,3.649647151
-1.5796875,5.001521881,3.646460595
-1.579375,4.994346273,3.644867317
-1.5790625,4.998332722,3.644867317
-1.57875,4.991954404,3.645663956
-1.5784375,4.994346273,3.645663956
-1.578125,4.994346273,3.645663956
-1.5778125,4.989562534,3.648053873
-1.5775,4.997535432,3.648053873
-1.5771875,4.988765244,3.648053873
-1.576875,4.990359824,3.648850512
-1.5765625,4.991954404,3.649647151
-1.57625,4.985576085,3.65044379
-1.5759375,4.990359824,3.649647151
-1.575625,4.983981505,3.649647151
-1.5753125,4.985576085,3.65044379
-1.575,4.983981505,3.649647151
-1.5746875,4.977603187,3.649647151
-1.574375,4.983981505,3.649647151
-1.5740625,4.976805897,3.65044379
-1.57375,4.978400477,3.65044379
-1.5734375,4.977603187,3.65044379
-1.573125,4.973616738,3.651240429
-1.5728125,4.978400477,3.652037068
-1.5725,4.974414028,3.654426985
-1.5721875,4.978400477,3.656020263
-1.571875,4.978400477,3.657613541
-1.5715625,4.974414028,3.657613541
-1.57125,4.979197766,3.657613541
-1.5709375,4.973616738,3.658410181
-1.570625,4.975211317,3.658410181
-1.5703125,4.972819448,3.657613541
-1.57,4.968832999,3.656816902
-1.5696875,4.970427578,3.656020263
-1.569375,4.96245468,3.654426985
-1.5690625,4.966441129,3.654426985
-1.56875,4.96245468,3.654426985
-1.5684375,4.959265521,3.653630346
-1.568125,4.960860101,3.652833707
-1.5678125,4.952887202,3.651240429
-1.5675,4.956873652,3.651240429
-1.5671875,4.950495333,3.65044379
-1.566875,4.949698043,3.649647151
-1.5665625,4.949698043,3.649647151
-1.56625,4.943319725,3.648850512
-1.5659375,4.948103464,3.648053873
-1.565625,4.940130565,3.648053873
-1.5653125,4.940927855,3.648053873
-1.565,4.940927855,3.648850512
-1.5646875,4.936941406,3.649647151
-1.564375,4.940927855,3.649647151
-1.5640625,4.932954957,3.648850512
-1.56375,4.937738696,3.65044379
-1.5634375,4.935346827,3.65044379
-1.563125,4.928968508,3.648053873
-1.5628125,4.929765798,3.645663956
-1.5625,4.922590189,3.645663956
-1.5621875,4.926576639,3.645663956
-1.561875,4.922590189,3.646460595
-1.5615625,4.9217929,3.645663956
-1.56125,4.924184769,3.647257234
-1.5609375,4.917806451,3.647257234
-1.560625,4.924184769,3.647257234
-1.5603125,4.917806451,3.647257234
-1.56,4.91860374,3.648053873
-1.5596875,4.91940103,3.648850512
-1.559375,4.914617291,3.649647151
-1.5590625,4.91860374,3.648850512
-1.55875,4.911428132,3.648850512
-1.5584375,4.915414581,3.648850512
-1.558125,4.910630842,3.648053873
-1.5578125,4.907441683,3.648053873
-1.5575,4.910630842,3.648850512
-1.5571875,4.902657944,3.648053873
-1.556875,4.908238973,3.648053873
-1.5565625,4.903455234,3.649647151
-1.55625,4.905049813,3.649647151
-1.5559375,4.904252524,3.652037068
-1.555625,4.902657944,3.655223624
-1.5553125,4.909036263,3.655223624
-1.555,4.902657944,3.656020263
-1.5546875,4.905049813,3.656020263
-1.554375,4.901860654,3.657613541
-1.5540625,4.899468785,3.656020263
-1.55375,4.901063364,3.656020263
-1.5534375,4.893090466,3.656816902
-1.553125,4.898671495,3.655223624
-1.5528125,4.889901307,3.655223624
-1.5525,4.889104017,3.653630346
-1.5521875,4.885914858,3.652833707
-1.551875,4.882725699,3.653630346
-1.5515625,4.885117568,3.652833707
-1.55125,4.87555009,3.652037068
-1.5509375,4.881131119,3.651240429
-1.550625,4.87555009,3.651240429
-1.5503125,4.873158221,3.651240429
-1.55,4.872360931,3.65044379
-1.5496875,4.865185323,3.649647151
-1.549375,4.869969062,3.649647151
-1.5490625,4.861198874,3.648850512
-1.54875,4.865185323,3.648053873
-1.5484375,4.861996163,3.649647151
-1.548125,4.859604294,3.648850512
-1.5478125,4.861996163,3.649647151
-1.5475,4.854820555,3.648850512
-1.5471875,4.861996163,3.65044379
-1.546875,4.855617845,3.65044379
-1.5465625,4.856415135,3.649647151
-1.54625,4.850834106,3.646460595
-1.5459375,4.846050367,3.646460595
-1.545625,4.849239526,3.645663956
-1.5453125,4.841266628,3.646460595
-1.545,4.847644947,3.646460595
-1.5446875,4.840469338,3.647257234
-1.544375,4.843658498,3.648850512
-1.5440625,4.842861208,3.648053873
-1.54375,4.837280179,3.648053873
-1.5434375,4.842063918,3.648850512
-1.543125,4.83409102,3.648850512
-1.5428125,4.839672049,3.648850512
-1.5425,4.83329373,3.648850512
-1.5421875,4.83409102,3.648850512
-1.541875,4.83409102,3.649647151
-1.5415625,4.829307281,3.649647151
-1.54125,4.83329373,3.649647151
-1.5409375,4.825320832,3.648850512
-1.540625,4.830104571,3.648850512
-1.5403125,4.824523542,3.648053873
-1.54,4.826915411,3.649647151
-1.5396875,4.824523542,3.65044379
-1.539375,4.822131673,3.651240429
-1.5390625,4.827712701,3.654426985
-1.53875,4.822131673,3.655223624
-1.5384375,4.828509991,3.656020263
-1.538125,4.821334383,3.656020263
-1.5378125,4.825320832,3.656816902
-1.5375,4.822131673,3.656816902
-1.5371875,4.818942513,3.656816902
-1.536875,4.820537093,3.656020263
-1.5365625,4.813361485,3.654426985
-1.53625,4.817347934,3.654426985
-1.5359375,4.809375035,3.652833707
-1.535625,4.812564195,3.652833707
-1.5353125,4.807780456,3.652037068
-1.535,4.805388586,3.652037068
-1.5346875,4.805388586,3.651240429
-1.534375,4.799010268,3.649647151
-1.5340625,4.802199427,3.649647151
-1.53375,4.792631949,3.649647151
-1.5334375,4.799010268,3.648850512
-1.533125,4.79183466,3.648053873
-1.5328125,4.79103737,3.648053873
-1.5325,4.78944279,3.647257234
-1.5321875,4.783861761,3.646460595
-1.531875,4.787050921,3.646460595
-1.5315625,4.779875312,3.647257234
-1.53125,4.787050921,3.647257234
-1.5309375,4.779875312,3.648053873
-1.530625,4.780672602,3.648053873
-1.5303125,4.779078022,3.648053873
-1.53,4.777483443,3.648053873
-1.5296875,4.775091573,3.646460595
-1.529375,4.767915965,3.644867317
-1.5290625,4.771902414,3.644070678
-1.52875,4.764726806,3.644070678
-1.5284375,4.770307834,3.644867317
-1.528125,4.763929516,3.644867317
-1.5278125,4.766321385,3.645663956
-1.5275,4.764726806,3.647257234
-1.5271875,4.762334936,3.647257234
-1.526875,4.763132226,3.647257234
-1.5265625,4.758348487,3.647257234
-1.52625,4.762334936,3.647257234
-1.5259375,4.754362038,3.646460595
-1.525625,4.758348487,3.646460595
-1.5253125,4.753564748,3.647257234
-1.525,4.753564748,3.647257234
-1.5246875,4.752767458,3.646460595
-1.524375,4.749578299,3.647257234
-1.5240625,4.751970169,3.646460595
-1.52375,4.74479456,3.647257234
-1.5234375,4.751970169,3.647257234
-1.523125,4.74479456,3.648053873
-1.5228125,4.748781009,3.648850512
-1.5225,4.74559185,3.65044379
-1.5221875,4.748781009,3.652037068
-1.521875,4.74798372,3.654426985
-1.5215625,4.74479456,3.654426985
-1.52125,4.74718643,3.654426985
-1.5209375,4.740808111,3.653630346
-1.520625,4.74559185,3.652833707
-1.5203125,4.736821662,3.653630346
-1.52,4.740808111,3.652037068
-1.5196875,4.734429793,3.652037068
-1.519375,4.733632503,3.651240429
-1.5190625,4.731240633,3.65044379
-1.51875,4.729646054,3.651240429
-1.5184375,4.728848764,3.65044379
-1.518125,4.722470445,3.65044379
-1.5178125,4.726456895,3.649647151
-1.5175,4.716889417,3.649647151
-1.5171875,4.722470445,3.648850512
-1.516875,4.713700257,3.648053873
-1.5165625,4.716889417,3.646460595
-1.51625,4.710511098,3.646460595
-1.5159375,4.709713808,3.645663956
-1.515625,4.708916519,3.645663956
-1.5153125,4.70413278,3.644867317
-1.515,4.707321939,3.646460595
-1.5146875,4.699349041,3.647257234
-1.514375,4.706524649,3.646460595
-1.5140625,4.696957171,3.647257234
-1.51375,4.7025382,3.647257234
-1.5134375,4.696957171,3.648053873
-1.513125,4.696957171,3.646460595
-1.5128125,4.692173432,3.645663956
-1.5125,4.687389694,3.644867317
-1.5121875,4.688984273,3.644867317
-1.511875,4.682605955,3.645663956
-1.5115625,4.688186983,3.646460595
-1.51125,4.680214085,3.647257234
-1.5109375,4.687389694,3.647257234
-1.510625,4.680214085,3.648053873
-1.5103125,4.683403244,3.648850512
-1.51,4.678619506,3.648850512
-1.5096875,4.680214085,3.649647151
-1.509375,4.677822216,3.648850512
-1.5090625,4.674633056,3.648850512
-1.50875,4.676227636,3.648850512
-1.5084375,4.669849318,3.648850512
-1.508125,4.675430346,3.648850512
-1.5078125,4.665862868,3.649647151
-1.5075,4.673038477,3.649647151
-1.5071875,4.664268289,3.648850512
-1.506875,4.668254738,3.649647151
-1.5065625,4.664268289,3.649647151
-1.50625,4.666660158,3.65044379
-1.5059375,4.664268289,3.651240429
-1.505625,4.665862868,3.654426985
-1.5053125,4.667457448,3.655223624
-1.505,4.664268289,3.656020263
-1.5046875,4.665862868,3.656020263
-1.504375,4.65868726,3.656020263
-1.5040625,4.664268289,3.656020263
-1.50375,4.655498101,3.655223624
-1.5034375,4.66107913,3.654426985
-1.503125,4.652308942,3.653630346
-1.5028125,4.655498101,3.652833707
-1.5025,4.648322493,3.652037068
-1.5021875,4.649119782,3.652037068
-1.501875,4.645930623,3.651240429
-1.5015625,4.643538754,3.65044379
-1.50125,4.641944174,3.649647151
-1.5009375,4.635565855,3.648850512
-1.500625,4.639552305,3.648850512
-1.5003125,4.631579406,3.648053873
-1.5,4.635565855,3.648053873
-1.4996875,4.625201088,3.646460595
-1.499375,4.631579406,3.647257234
-1.4990625,4.622011929,3.646460595
-1.49875,4.625998378,3.646460595
-1.4984375,4.619620059,3.646460595
-1.498125,4.622809218,3.646460595
-1.4978125,4.619620059,3.646460595
-1.4975,4.618822769,3.646460595
-1.4971875,4.618025479,3.647257234
-1.496875,4.6164309,3.647257234
-1.4965625,4.61722819,3.648053873
-1.49625,4.609255291,3.645663956
-1.4959375,4.610849871,3.643274039
-1.495625,4.602876973,3.643274039
-1.4953125,4.609255291,3.644070678
-1.495,4.600485103,3.644070678
-1.4946875,4.606863422,3.644070678
-1.494375,4.598890524,3.644070678
-1.4940625,4.603674263,3.645663956
-1.49375,4.598890524,3.645663956
-1.4934375,4.601282393,3.646460595
-1.493125,4.598093234,3.647257234
-1.4928125,4.595701365,3.646460595
-1.4925,4.594904075,3.646460595
-1.4921875,4.593309495,3.646460595
-1.491875,4.594106785,3.646460595
-1.4915625,4.586931177,3.647257234
-1.49125,4.591714916,3.646460595
-1.4909375,4.583742017,3.646460595
-1.490625,4.589323046,3.646460595
-1.4903125,4.578958278,3.647257234
-1.49,4.587728466,3.647257234
-1.4896875,4.578958278,3.649647151
-1.489375,4.582944728,3.648850512
-1.4890625,4.580552858,3.652833707
-1.48875,4.586133887,3.654426985
-1.4884375,4.579755568,3.654426985
-1.488125,4.581350148,3.655223624
-1.4878125,4.579755568,3.655223624
-1.4875,4.578958278,3.655223624
-1.4871875,4.576566409,3.655223624
-1.486875,4.57257996,3.654426985
-1.4865625,4.57337725,3.654426985
-1.48625,4.566998931,3.652833707
-1.4859375,4.567796221,3.652037068
-1.485625,4.562215192,3.652037068
-1.4853125,4.565404352,3.652037068
-1.485,4.556634164,3.651240429
-1.4846875,4.560620613,3.65044379
-1.484375,4.551053135,3.648850512
-1.4840625,4.557431453,3.648053873
-1.48375,4.547066686,3.647257234
-1.4834375,4.551850425,3.647257234
-1.483125,4.543080237,3.646460595
-1.4828125,4.547863976,3.645663956
-1.4825,4.539891077,3.644867317
-1.4821875,4.541485657,3.645663956
-1.481875,4.536701918,3.645663956
-1.4815625,4.539093788,3.645663956
-1.48125,4.535904628,3.646460595
-1.4809375,4.535107339,3.646460595
-1.480625,4.533512759,3.645663956
-1.4803125,4.533512759,3.646460595
-1.48,4.531120889,3.646460595
-1.4796875,4.525539861,3.644867317
-1.479375,4.523945281,3.6424774
-1.4790625,4.520756122,3.641680761
-1.47875,4.522350701,3.6424774
-1.4784375,4.515972383,3.6424774
-1.478125,4.520756122,3.643274039
-1.4778125,4.513580513,3.643274039
-1.4775,4.519161542,3.643274039
-1.4771875,4.511188644,3.644070678
-1.476875,4.518364252,3.644070678
-1.4765625,4.508796775,3.644867317
-1.47625,4.515175093,3.644867317
-1.4759375,4.505607615,3.644867317
-1.475625,4.512783224,3.644867317
-1.4753125,4.504810325,3.645663956
-1.475,4.508796775,3.646460595
-1.4746875,4.502418456,3.646460595
-1.474375,4.505607615,3.645663956
-1.4740625,4.499229297,3.646460595
-1.47375,4.500823876,3.645663956
-1.4734375,4.496040138,3.646460595
-1.473125,4.499229297,3.646460595
-1.4728125,4.496040138,3.648053873
-1.4725,4.498432007,3.649647151
-1.4721875,4.499229297,3.651240429
-1.471875,4.498432007,3.652037068
-1.4715625,4.496837427,3.653630346
-1.47125,4.494445558,3.653630346
-1.4709375,4.495242848,3.655223624
-1.470625,4.492053688,3.655223624
-1.4703125,4.492053688,3.655223624
-1.47,4.48567537,3.655223624
-1.4696875,4.48647266,3.654426985
-1.469375,4.480094341,3.655223624
-1.4690625,4.480891631,3.654426985
-1.46875,4.472918733,3.654426985
-1.4684375,4.477702472,3.652833707
-1.468125,4.468134994,3.653630346
-1.4678125,4.471324153,3.652037068
-1.4675,4.462553965,3.652037068
-1.4671875,4.467337704,3.651240429
-1.466875,4.457770226,3.651240429
-1.4665625,4.462553965,3.652037068
-1.46625,4.452986487,3.651240429
-1.4659375,4.458567516,3.649647151
-1.465625,4.447405459,3.648850512
-1.4653125,4.453783777,3.648850512
-1.465,4.444216299,3.649647151
-1.4646875,4.452986487,3.649647151
-1.464375,4.44182443,3.649647151
-1.4640625,4.449000038,3.65044379
-1.46375,4.44022985,3.651240429
-1.4634375,4.448202749,3.651240429
-1.463125,4.437040691,3.65044379
-1.4628125,4.44022985,3.648053873
-1.4625,4.430662373,3.648053873
-1.4621875,4.437040691,3.647257234
-1.461875,4.426675923,3.648053873
-1.4615625,4.432256952,3.648053873
-1.46125,4.425081344,3.648850512
-1.4609375,4.431459662,3.65044379
-1.460625,4.423486764,3.651240429
-1.4603125,4.429067793,3.651240429
-1.46,4.421094895,3.651240429
-1.4596875,4.427473213,3.652037068
-1.459375,4.420297605,3.651240429
-1.4590625,4.423486764,3.651240429
-1.45875,4.417905735,3.652833707
-1.4584375,4.421892185,3.651240429
-1.458125,4.414716576,3.651240429
-1.4578125,4.417905735,3.651240429
-1.4575,4.410730127,3.651240429
-1.4571875,4.413919286,3.651240429
-1.456875,4.408338258,3.651240429
-1.4565625,4.412324707,3.652037068
-1.45625,4.407540968,3.653630346
-1.4559375,4.410730127,3.654426985
-1.455625,4.408338258,3.656816902
-1.4553125,4.410730127,3.658410181
-1.455,4.406743678,3.658410181
-1.4546875,4.409932837,3.657613541
-1.454375,4.405149098,3.65920682
-1.4540625,4.406743678,3.65920682
-1.45375,4.401162649,3.658410181
-1.4534375,4.403554519,3.656816902
-1.453125,4.3971762,3.657613541
-1.4528125,4.39877078,3.656020263
-1.4525,4.393189751,3.656020263
-1.4521875,4.394784331,3.655223624
-1.451875,4.387608722,3.655223624
-1.4515625,4.389203302,3.654426985
-1.45125,4.381230404,3.653630346
-1.4509375,4.385216853,3.652833707
-1.450625,4.378838534,3.652833707
-1.4503125,4.380433114,3.652833707
-1.45,4.373257506,3.652037068
-1.4496875,4.376446665,3.651240429
-1.449375,4.368473767,3.651240429
-1.4490625,4.371662926,3.65044379
-1.44875,4.365284608,3.649647151
-1.4484375,4.369271057,3.649647151
-1.448125,4.362892738,3.651240429
-1.4478125,4.366081897,3.65044379
-1.4475,4.358108999,3.649647151
-1.4471875,4.363690028,3.65044379
-1.446875,4.357311709,3.651240429
-1.4465625,4.360500869,3.651240429
-1.44625,4.350136101,3.647257234
-1.4459375,4.35332526,3.645663956
-1.445625,4.345352362,3.646460595
-1.4453125,4.350136101,3.646460595
-1.445,4.341365913,3.647257234
-1.4446875,4.349338811,3.648053873
-1.444375,4.340568623,3.648053873
-1.4440625,4.346149652,3.648053873
-1.44375,4.337379464,3.648850512
-1.4434375,4.345352362,3.649647151
-1.443125,4.335784884,3.65044379
-1.4428125,4.342163203,3.65044379
-1.4425,4.332595725,3.65044379
-1.4421875,4.339771333,3.649647151
-1.441875,4.331001145,3.649647151
-1.4415625,4.336582174,3.65044379
-1.44125,4.327014696,3.649647151
-1.4409375,4.332595725,3.65044379
-1.440625,4.325420117,3.649647151
-1.4403125,4.327811986,3.649647151
-1.44,4.322230957,3.65044379
-1.4396875,4.325420117,3.651240429
-1.439375,4.321433668,3.651240429
-1.4390625,4.326217407,3.653630346
-1.43875,4.323028247,3.656020263
-1.4384375,4.324622827,3.656816902
-1.438125,4.322230957,3.656020263
-1.4378125,4.323028247,3.657613541
-1.4375,4.319839088,3.657613541
-1.4371875,4.319041798,3.656816902
-1.436875,4.316649929,3.656020263
-1.4365625,4.313460769,3.656020263
-1.43625,4.31266348,3.655223624
-1.4359375,4.308677031,3.653630346
-1.435625,4.308677031,3.653630346
-1.4353125,4.303096002,3.652833707
-1.435,4.303893292,3.652833707
-1.4346875,4.296717683,3.651240429
-1.434375,4.299109553,3.65044379
-1.4340625,4.291933944,3.651240429
-1.43375,4.295123104,3.65044379
-1.4334375,4.284758336,3.649647151
-1.433125,4.290339365,3.648053873
-1.4328125,4.280771887,3.649647151
-1.4325,4.286352916,3.648053873
-1.4321875,4.275190858,3.648850512
-1.431875,4.283163756,3.648053873
-1.4315625,4.272798989,3.649647151
-1.43125,4.279974597,3.649647151
-1.4309375,4.26881254,3.65044379
-1.430625,4.276785438,3.65044379
-1.4303125,4.26801525,3.651240429
-1.43,4.273596279,3.651240429
-1.4296875,4.263231511,3.649647151
-1.429375,4.26642067,3.648053873
-1.4290625,4.259245062,3.647257234
-1.42875,4.259245062,3.648053873
-1.4284375,4.256055903,3.648053873
-1.428125,4.256853192,3.648053873
-1.4278125,4.254461323,3.648850512
-1.4275,4.254461323,3.648850512
-1.4271875,4.254461323,3.649647151
-1.426875,4.252069454,3.65044379
-1.4265625,4.253664033,3.649647151
-1.42625,4.248880294,3.649647151
-1.4259375,4.251272164,3.649647151
-1.425625,4.244893845,3.649647151
-1.4253125,4.250474874,3.65044379
-1.425,4.240907396,3.649647151
-1.4246875,4.247285715,3.65044379
-1.424375,4.236123657,3.649647151
-1.4240625,4.244096555,3.649647151
-1.42375,4.234529078,3.648850512
-1.4234375,4.240907396,3.65044379
-1.423125,4.232934498,3.651240429
-1.4228125,4.238515527,3.651240429
-1.4225,4.233731788,3.652833707
-1.4221875,4.239312817,3.656020263
-1.421875,4.233731788,3.656816902
-1.4215625,4.236123657,3.657613541
-1.42125,4.233731788,3.656816902
-1.4209375,4.232137208,3.658410181
-1.420625,4.232137208,3.657613541
-1.4203125,4.227353469,3.656816902
-1.42,4.229745339,3.657613541
-1.4196875,4.221772441,3.656816902
-1.419375,4.2249616,3.656020263
-1.4190625,4.215394122,3.655223624
-1.41875,4.22256973,3.655223624
-1.4184375,4.212204963,3.654426985
-1.418125,4.216988702,3.652833707
-1.4178125,4.207421224,3.652037068
-1.4175,4.212204963,3.652037068
-1.4171875,4.204232065,3.651240429
-1.416875,4.206623934,3.649647151
-1.4165625,4.200245616,3.649647151
-1.41625,4.201840195,3.649647151
-1.4159375,4.198651036,3.648053873
-1.415625,4.195461877,3.647257234
-1.4153125,4.193867297,3.648053873
-1.415,4.190678138,3.648850512
-1.4146875,4.193070007,3.648053873
-1.414375,4.186691689,3.648850512
-1.4140625,4.190678138,3.648053873
-1.41375,4.18190795,3.648850512
-1.4134375,4.190678138,3.648850512
-1.413125,4.17871879,3.649647151
-1.4128125,4.183502529,3.646460595
-1.4125,4.171543182,3.646460595
-1.4121875,4.177921501,3.645663956
-1.411875,4.170745892,3.646460595
-1.4115625,4.174732341,3.647257234
-1.41125,4.169151313,3.648850512
-1.4109375,4.171543182,3.648053873
-1.410625,4.168354023,3.648850512
-1.4103125,4.165962153,3.648850512
-1.41,4.165962153,3.648850512
-1.4096875,4.161178414,3.649647151
-1.409375,4.165962153,3.649647151
-1.4090625,4.158786545,3.651240429
-1.40875,4.163570284,3.65044379
-1.4084375,4.154002806,3.651240429
-1.408125,4.161975704,3.65044379
-1.4078125,4.151610937,3.649647151
-1.4075,4.155597386,3.65044379
-1.4071875,4.150016357,3.65044379
-1.406875,4.152408226,3.649647151
-1.4065625,4.148421777,3.649647151
-1.40625,4.149219067,3.651240429
-1.4059375,4.148421777,3.652037068
-1.405625,4.148421777,3.654426985
-1.4053125,4.151610937,3.656020263
-1.405,4.144435328,3.656816902
-1.4046875,4.150016357,3.656020263
-1.404375,4.140448879,3.656816902
-1.4040625,4.149219067,3.656020263
-1.40375,4.139651589,3.656816902
-1.4034375,4.143638039,3.656816902
-1.403125,4.13646243,3.656020263
-1.4028125,4.13725972,3.654426985
-1.4025,4.134070561,3.655223624
-1.4021875,4.130881401,3.654426985
-1.401875,4.129286822,3.653630346
-1.4015625,4.125300373,3.653630346
-1.40125,4.127692242,3.652833707
-1.4009375,4.118124764,3.652037068
-1.400625,4.125300373,3.652037068
-1.4003125,4.113341025,3.65044379
-1.4,4.118922054,3.65044379
-1.3996875,4.110949156,3.649647151
-1.399375,4.113341025,3.649647151
-1.3990625,4.106962707,3.648850512
-1.39875,4.106165417,3.647257234
-1.3984375,4.106165417,3.647257234
-1.398125,4.101381678,3.647257234
-1.3978125,4.104570837,3.648053873
-1.3975,4.09580065,3.647257234
-1.3971875,4.104570837,3.648850512
-1.396875,4.09420607,3.648850512
-1.3965625,4.101381678,3.648053873
-1.39625,4.089422331,3.647257234
-1.3959375,4.090219621,3.645663956
-1.395625,4.085435882,3.645663956
-1.3953125,4.084638592,3.647257234
-1.395,4.083841302,3.647257234
-1.3946875,4.079057563,3.647257234
-1.394375,4.083841302,3.647257234
-1.3940625,4.074273824,3.649647151
-1.39375,4.082246723,3.648850512
-1.3934375,4.070287375,3.65044379
-1.393125,4.081449433,3.649647151
-1.3928125,4.070287375,3.651240429
-1.3925,4.073476535,3.65044379
-1.3921875,4.068692796,3.651240429
-1.391875,4.067895506,3.65044379
-1.3915625,4.067098216,3.651240429
-1.39125,4.062314477,3.652037068
-1.3909375,4.064706347,3.652037068
-1.390625,4.055936159,3.651240429
-1.3903125,4.064706347,3.652037068
-1.39,4.055138869,3.652833707
-1.3896875,4.060719898,3.652833707
-1.389375,4.054341579,3.652833707
-1.3890625,4.060719898,3.656020263
-1.38875,4.059125318,3.657613541
-1.3884375,4.056733448,3.658410181
-1.388125,4.058328028,3.65920682
-1.3878125,4.05035513,3.65920682
-1.3875,4.057530738,3.65920682
-1.3871875,4.047963261,3.660003459
-1.386875,4.054341579,3.660003459
-1.3865625,4.045571391,3.65920682
-1.38625,4.04876055,3.657613541
-1.3859375,4.043179522,3.656816902
-1.385625,4.039990362,3.656020263
-1.3853125,4.040787652,3.656020263
-1.385,4.033612044,3.655223624
-1.3846875,4.038395783,3.654426985
-1.384375,4.026436435,3.653630346
-1.3840625,4.033612044,3.653630346
-1.38375,4.024044566,3.652833707
-1.3834375,4.027233725,3.652037068
-1.383125,4.021652697,3.652037068
-1.3828125,4.018463537,3.65044379
-1.3825,4.017666247,3.65044379
-1.3821875,4.010490639,3.649647151
-1.381875,4.016071668,3.648053873
-1.3815625,4.00650419,3.649647151
-1.38125,4.013679798,3.649647151
-1.3809375,4.0057069,3.65044379
-1.380625,4.008896059,3.65044379
-1.3803125,4.00650419,3.651240429
-1.38,4.004112321,3.651240429
-1.3796875,4.003315031,3.651240429
-1.379375,3.993747553,3.648053873
-1.3790625,4.000125872,3.648850512
-1.37875,3.989761104,3.648053873
-1.3784375,3.996139422,3.648053873
-1.378125,3.988166524,3.648053873
-1.3778125,3.992152973,3.649647151
-1.3775,3.989761104,3.649647151
-1.3771875,3.985774655,3.649647151
-1.376875,3.988963814,3.651240429
-1.3765625,3.979396336,3.651240429
-1.37625,3.988963814,3.651240429
-1.3759375,3.978599046,3.651240429
-1.375625,3.982585496,3.651240429
-1.3753125,3.977801757,3.652037068
-1.375,3.975409887,3.652037068
-1.3746875,3.976207177,3.652037068
-1.374375,3.970626148,3.651240429
-1.3740625,3.974612597,3.65044379
-1.37375,3.965842409,3.652037068
-1.3734375,3.974612597,3.651240429
-1.373125,3.966639699,3.652833707
-1.3728125,3.968234279,3.652833707
-1.3725,3.967436989,3.655223624
-1.3721875,3.967436989,3.656816902
-1.371875,3.970626148,3.658410181
-1.3715625,3.96265325,3.65920682
-1.37125,3.970626148,3.660003459
-1.3709375,3.96105867,3.65920682
-1.370625,3.965842409,3.65920682
-1.3703125,3.959464091,3.65920682
-1.37,3.958666801,3.658410181
-1.3696875,3.957869511,3.657613541
-1.369375,3.950693903,3.656816902
-1.3690625,3.957072221,3.656816902
-1.36875,3.945910164,3.655223624
-1.3684375,3.951491193,3.654426985
-1.368125,3.943518295,3.654426985
-1.3678125,3.942721005,3.653630346
-1.3675,3.941126425,3.652833707
-1.3671875,3.935545396,3.651240429
-1.366875,3.938734556,3.652037068
-1.3665625,3.927572498,3.65044379
-1.36625,3.935545396,3.65044379
-1.3659375,3.925977919,3.648053873
-1.365625,3.926775208,3.648053873
-1.3653125,3.924383339,3.649647151
-1.365,3.9195996,3.65044379
-1.3646875,3.925180629,3.65044379
-1.364375,3.915613151,3.649647151
-1.3640625,3.924383339,3.65044379
-1.36375,3.914815861,3.65044379
-1.3634375,3.91800502,3.651240429
-1.363125,3.915613151,3.65044379
-1.3628125,3.907640253,3.648053873
-1.3625,3.909234832,3.647257234
-1.3621875,3.899667355,3.646460595
-1.361875,3.908437543,3.647257234
-1.3615625,3.900464644,3.647257234
-1.36125,3.903653804,3.648053873
-1.3609375,3.900464644,3.648053873
-1.360625,3.896478195,3.648053873
-1.3603125,3.902059224,3.648850512
-1.36,3.892491746,3.648850512
-1.3596875,3.901261934,3.65044379
-1.359375,3.892491746,3.649647151
-1.3590625,3.894883616,3.648850512
-1.35875,3.893289036,3.648850512
-1.3584375,3.887708007,3.649647151
-1.358125,3.892491746,3.649647151
-1.3578125,3.882126979,3.65044379
-1.3575,3.890897167,3.649647151
-1.3571875,3.882924268,3.649647151
-1.356875,3.882126979,3.65044379
-1.3565625,3.882126979,3.651240429
-1.35625,3.87574866,3.652037068
-1.3559375,3.883721558,3.652037068
-1.355625,3.87574866,3.655223624
-1.3553125,3.883721558,3.656020263
-1.355,3.87734324,3.656816902
-1.3546875,3.87654595,3.657613541
-1.354375,3.87814053,3.657613541
-1.3540625,3.869370342,3.658410181
-1.35375,3.87734324,3.656816902
-1.3534375,3.866181182,3.657613541
-1.353125,3.869370342,3.656816902
-1.3528125,3.864586603,3.656816902
-1.3525,3.859802864,3.656816902
-1.3521875,3.862194733,3.656816902
-1.351875,3.851829966,3.656020263
-1.3515625,3.859802864,3.655223624
-1.35125,3.851032676,3.654426985
-1.3509375,3.850235386,3.653630346
-1.350625,3.848640806,3.653630346
-1.3503125,3.841465198,3.652833707
-1.35,3.847843517,3.652037068
-1.3496875,3.837478749,3.65044379
-1.349375,3.843059778,3.65044379
-1.3490625,3.836681459,3.649647151
-1.34875,3.8334923,3.648850512
-1.3484375,3.836681459,3.65044379
-1.348125,3.827911271,3.649647151
-1.3478125,3.836681459,3.65044379
-1.3475,3.827113981,3.65044379
-1.3471875,3.828708561,3.65044379
-1.346875,3.827911271,3.651240429
-1.3465625,3.822330242,3.651240429
-1.34625,3.824722112,3.648850512
-1.3459375,3.812762765,3.647257234
-1.345625,3.819141083,3.646460595
-1.3453125,3.813560054,3.647257234
-1.345,3.811965475,3.647257234
-1.3446875,3.813560054,3.648053873
-1.344375,3.804789866,3.648053873
-1.3440625,3.815154634,3.649647151
-1.34375,3.807181736,3.65044379
-1.3434375,3.809573605,3.65044379
-1.343125,3.807979026,3.651240429
-1.3428125,3.802397997,3.65044379
-1.3425,3.808776315,3.651240429
-1.3421875,3.799208838,3.65044379
-1.341875,3.803195287,3.65044379
-1.3415625,3.798411548,3.649647151
-1.34125,3.794425099,3.649647151
-1.3409375,3.798411548,3.649647151
-1.340625,3.78964136,3.649647151
-1.3403125,3.797614258,3.65044379
-1.34,3.78964136,3.651240429
-1.3396875,3.79123594,3.651240429
-1.339375,3.79043865,3.65044379
-1.3390625,3.784857621,3.652833707
-1.33875,3.795222389,3.656020263
-1.3384375,3.78724949,3.656020263
-1.338125,3.79043865,3.656816902
-1.3378125,3.78804678,3.656020263
-1.3375,3.784060331,3.656816902
-1.3371875,3.78884407,3.656816902
-1.336875,3.778479302,3.656020263
-1.3365625,3.782465752,3.655223624
-1.33625,3.778479302,3.654426985
-1.3359375,3.772898274,3.654426985
-1.335625,3.776087433,3.653630346
-1.3353125,3.765722665,3.653630346
-1.335,3.771303694,3.652037068
-1.3346875,3.764128086,3.651240429
-1.334375,3.760938926,3.651240429
-1.3340625,3.763330796,3.651240429
-1.33375,3.752966028,3.651240429
-1.3334375,3.760938926,3.649647151
-1.333125,3.752168739,3.649647151
-1.3328125,3.750574159,3.649647151
-1.3325,3.750574159,3.649647151
-1.3321875,3.741006681,3.648053873
-1.331875,3.749776869,3.648053873
-1.3315625,3.741006681,3.647257234
-1.33125,3.742601261,3.647257234
-1.3309375,3.741803971,3.649647151
-1.330625,3.733831073,3.648053873
-1.3303125,3.743398551,3.648850512
-1.33,3.734628363,3.649647151
-1.3296875,3.734628363,3.648053873
-1.329375,3.731439203,3.646460595
-1.3290625,3.721871725,3.644867317
-1.32875,3.731439203,3.645663956
-1.3284375,3.721871725,3.645663956
-1.328125,3.723466305,3.646460595
-1.3278125,3.722669015,3.648053873
-1.3275,3.714696117,3.648053873
-1.3271875,3.725060885,3.648850512
-1.326875,3.716290697,3.648053873
-1.3265625,3.717885276,3.649647151
-1.32625,3.716290697,3.65044379
-1.3259375,3.709115088,3.649647151
-1.325625,3.717885276,3.65044379
-1.3253125,3.709115088,3.65044379
-1.325,3.710709668,3.65044379
-1.3246875,3.709115088,3.65044379
-1.324375,3.70193948,3.65044379
-1.3240625,3.709912378,3.65044379
-1.32375,3.70193948,3.649647151
-1.3234375,3.70353406,3.649647151
-1.323125,3.70193948,3.65044379
-1.3228125,3.696358451,3.651240429
-1.3225,3.705128639,3.652833707
-1.3221875,3.7003449,3.655223624
-1.321875,3.704331349,3.656816902
-1.3215625,3.70193948,3.656816902
-1.32125,3.695561162,3.656816902
-1.3209375,3.704331349,3.657613541
-1.320625,3.695561162,3.656816902
-1.3203125,3.696358451,3.657613541
-1.32,3.693966582,3.656816902
-1.3196875,3.684399104,3.656020263
-1.319375,3.693169292,3.655223624
-1.3190625,3.683601814,3.655223624
-1.31875,3.683601814,3.654426985
-1.3184375,3.681209945,3.654426985
-1.318125,3.670047887,3.655223624
-1.3178125,3.679615365,3.652037068
-1.3175,3.667656018,3.652833707
-1.3171875,3.667656018,3.653630346
-1.316875,3.667656018,3.653630346
-1.3165625,3.65729125,3.654426985
-1.31625,3.666061438,3.652833707
-1.3159375,3.65649396,3.652833707
-1.315625,3.654102091,3.652037068
-1.3153125,3.654899381,3.652037068
-1.315,3.645331903,3.652833707
-1.3146875,3.654102091,3.652833707
-1.314375,3.647723773,3.652833707
-1.3140625,3.643737323,3.653630346
-1.31375,3.648521062,3.654426985
-1.3134375,3.640548164,3.655223624
-1.313125,3.646129193,3.653630346
-1.3128125,3.638953585,3.651240429
-1.3125,3.631777976,3.649647151
-1.3121875,3.637359005,3.649647151
-1.311875,3.630183397,3.649647151
-1.3115625,3.633372556,3.65044379
-1.31125,3.632575266,3.651240429
-1.3109375,3.624602368,3.652037068
-1.310625,3.632575266,3.652037068
-1.3103125,3.624602368,3.652037068
-1.31,3.625399658,3.652833707
-1.3096875,3.626994237,3.652833707
-1.309375,3.619021339,3.653630346
-1.3090625,3.626196947,3.653630346
-1.30875,3.619021339,3.652833707
-1.3084375,3.61583218,3.652833707
-1.308125,3.620615919,3.652037068
-1.3078125,3.611048441,3.652833707
-1.3075,3.61583218,3.652833707
-1.3071875,3.611845731,3.652833707
-1.306875,3.606264702,3.652037068
-1.3065625,3.61503489,3.653630346
-1.30625,3.605467412,3.654426985
-1.3059375,3.607859282,3.654426985
-1.305625,3.610251151,3.658410181
-1.3053125,3.602278253,3.65920682
-1.305,3.61344031,3.65920682
-1.3046875,3.605467412,3.65920682
-1.304375,3.603872833,3.660003459
-1.3040625,3.606264702,3.660800098
-1.30375,3.596697224,3.660003459
-1.3034375,3.603075543,3.660003459
-1.303125,3.599089094,3.65920682
-1.3028125,3.591913485,3.65920682
-1.3025,3.598291804,3.658410181
-1.3021875,3.588724326,3.657613541
-1.301875,3.587927036,3.657613541
-1.3015625,3.588724326,3.656816902
-1.30125,3.578359558,3.656020263
-1.3009375,3.585535167,3.654426985
-1.300625,3.578359558,3.655223624
-1.3003125,3.574373109,3.655223624
-1.3,3.578359558,3.654426985
-1.2996875,3.568792081,3.654426985
-1.299375,3.57118395,3.652833707
-1.2990625,3.567197501,3.652037068
-1.29875,3.558427313,3.651240429
-1.2984375,3.568792081,3.651240429
-1.298125,3.560819182,3.652833707
-1.2978125,3.560021893,3.652833707
-1.2975,3.560819182,3.652833707
-1.2971875,3.552846284,3.653630346
-1.296875,3.560021893,3.653630346
-1.2965625,3.555238154,3.653630346
-1.29625,3.547265256,3.652037068
-1.2959375,3.551251705,3.65044379
-1.295625,3.542481517,3.649647151
-1.2953125,3.544873386,3.65044379
-1.295,3.545670676,3.65044379
-1.2946875,3.536900488,3.65044379
-1.294375,3.545670676,3.651240429
-1.2940625,3.539292357,3.651240429
-1.29375,3.535305908,3.652037068
-1.2934375,3.542481517,3.652037068
-1.293125,3.533711329,3.652037068
-1.2928125,3.536900488,3.652833707
-1.2925,3.535305908,3.652833707
-1.2921875,3.525738431,3.652037068
-1.291875,3.535305908,3.652833707
-1.2915625,3.5281303,3.652833707
-1.29125,3.524143851,3.652833707
-1.2909375,3.52972488,3.653630346
-1.290625,3.520157402,3.652037068
-1.2903125,3.523346561,3.652833707
-1.29,3.524143851,3.652833707
-1.2896875,3.516170953,3.653630346
-1.289375,3.524941141,3.654426985
-1.2890625,3.520157402,3.656816902
-1.28875,3.517765532,3.65920682
-1.2884375,3.524941141,3.660003459
-1.288125,3.516170953,3.65920682
-1.2878125,3.516968243,3.65920682
-1.2875,3.517765532,3.660800098
-1.2871875,3.508995344,3.65920682
-1.286875,3.516968243,3.660003459
-1.2865625,3.511387214,3.65920682
-1.28625,3.505008895,3.65920682
-1.2859375,3.508995344,3.657613541
-1.285625,3.501022446,3.656816902
-1.2853125,3.501022446,3.656816902
-1.285,3.502617026,3.656020263
-1.2846875,3.493049548,3.654426985
-1.284375,3.496238707,3.653630346
-1.2840625,3.491454968,3.652833707
-1.28375,3.48427936,3.652833707
-1.2834375,3.492252258,3.652037068
-1.283125,3.48348207,3.651240429
-1.2828125,3.480292911,3.65044379
-1.2825,3.48427936,3.65044379
-1.2821875,3.473914592,3.65044379
-1.281875,3.477901042,3.65044379
-1.2815625,3.477901042,3.65044379
-1.28125,3.467536274,3.65044379
-1.2809375,3.477103752,3.65044379
-1.280625,3.469928143,3.651240429
-1.2803125,3.465941694,3.652833707
-1.28,3.474711882,3.652037068
-1.2796875,3.464347115,3.652037068
-1.279375,3.459563376,3.649647151
-1.2790625,3.460360666,3.648053873
-1.27875,3.450793188,3.649647151
-1.2784375,3.457171506,3.649647151
-1.278125,3.454779637,3.649647151
-1.2778125,3.446009449,3.651240429
-1.2775,3.456374216,3.651240429
-1.2771875,3.448401318,3.652037068
-1.276875,3.444414869,3.652037068
-1.2765625,3.451590478,3.652833707
-1.27625,3.443617579,3.652833707
-1.2759375,3.443617579,3.654426985
-1.275625,3.444414869,3.654426985
-1.2753125,3.437239261,3.653630346
-1.275,3.44122571,3.653630346
-1.2746875,3.43963113,3.653630346
-1.274375,3.430860942,3.653630346
-1.2740625,3.438833841,3.652833707
-1.27375,3.431658232,3.652833707
-1.2734375,3.427671783,3.652833707
-1.273125,3.435644681,3.654426985
-1.2728125,3.428469073,3.654426985
-1.2725,3.428469073,3.655223624
-1.2721875,3.433252812,3.658410181
-1.271875,3.426874493,3.660003459
-1.2715625,3.430860942,3.660800098
-1.27125,3.429266363,3.660800098
-1.2709375,3.422090754,3.662393376
-1.270625,3.429266363,3.663190015
-1.2703125,3.422888044,3.662393376
-1.27,3.415712436,3.660800098
-1.2696875,3.425279914,3.660003459
-1.269375,3.416509726,3.65920682
-1.2690625,3.412523277,3.65920682
-1.26875,3.415712436,3.658410181
-1.2684375,3.406942248,3.658410181
-1.268125,3.408536827,3.658410181
-1.2678125,3.408536827,3.656020263
-1.2675,3.39896935,3.654426985
-1.2671875,3.403753089,3.654426985
-1.266875,3.39976664,3.654426985
-1.2665625,3.390199162,3.652833707
-1.26625,3.39896935,3.652833707
-1.2659375,3.391793741,3.652037068
-1.265625,3.385415423,3.652037068
-1.2653125,3.391793741,3.651240429
-1.265,3.383023553,3.65044379
-1.2646875,3.381428974,3.65044379
-1.264375,3.387010002,3.651240429
-1.2640625,3.379037104,3.651240429
-1.26375,3.379834394,3.652037068
-1.2634375,3.380631684,3.652037068
-1.263125,3.371064206,3.651240429
-1.2628125,3.373456076,3.65044379
-1.2625,3.371064206,3.648053873
-1.2621875,3.361496728,3.647257234
-1.261875,3.370266916,3.648053873
-1.2615625,3.363888598,3.648053873
-1.26125,3.356712989,3.649647151
-1.2609375,3.367077757,3.648850512
-1.260625,3.359104859,3.65044379
-1.2603125,3.35352383,3.651240429
-1.26,3.362294018,3.651240429
-1.2596875,3.35511841,3.652037068
-1.259375,3.35352383,3.652037068
-1.2590625,3.357510279,3.652833707
-1.25875,3.350334671,3.652833707
-1.2584375,3.351131961,3.652833707
-1.258125,3.351929251,3.652833707
-1.2578125,3.343159063,3.652037068
-1.2575,3.347145512,3.652037068
-1.2571875,3.347145512,3.652037068
-1.256875,3.339172613,3.652037068
-1.2565625,3.344753642,3.653630346
-1.25625,3.341564483,3.653630346
-1.2559375,3.333591585,3.653630346
-1.255625,3.345550932,3.656816902
-1.2553125,3.342361773,3.65920682
-1.255,3.335983454,3.65920682
-1.2546875,3.344753642,3.65920682
-1.254375,3.336780744,3.65920682
-1.2540625,3.331997005,3.660003459
-1.25375,3.340767193,3.660003459
-1.2534375,3.331997005,3.65920682
-1.253125,3.327213266,3.658410181
-1.2528125,3.332794295,3.656816902
-1.2525,3.323226817,3.656816902
-1.2521875,3.321632237,3.656020263
-1.251875,3.325618687,3.656020263
-1.2515625,3.316848499,3.656020263
-1.25125,3.316051209,3.654426985
-1.2509375,3.316051209,3.652833707
-1.250625,3.308078311,3.652833707
-1.2503125,3.30967289,3.652037068
-1.25,3.3088756,3.651240429
-1.2496875,3.300105412,3.65044379
-1.249375,3.304091861,3.65044379
-1.2490625,3.300902702,3.65044379
-1.24875,3.292132514,3.649647151
-1.2484375,3.298510833,3.649647151
-1.248125,3.295321674,3.649647151
-1.2478125,3.288943355,3.65044379
-1.2475,3.294524384,3.651240429
-1.2471875,3.290537935,3.651240429
-1.246875,3.283362326,3.651240429
-1.2465625,3.292132514,3.65044379
-1.24625,3.285754196,3.649647151
-1.2459375,3.275389428,3.648053873
-1.245625,3.284159616,3.647257234
-1.2453125,3.276984008,3.647257234
-1.245,3.269808399,3.646460595
-1.2446875,3.280173167,3.647257234
-1.244375,3.272997559,3.647257234
-1.2440625,3.26582195,3.647257234
-1.24375,3.276984008,3.649647151
-1.2434375,3.26821382,3.649647151
-1.243125,3.262632791,3.649647151
-1.2428125,3.272200269,3.649647151
-1.2425,3.26502466,3.649647151
-1.2421875,3.259443632,3.65044379
-1.241875,3.26661924,3.65044379
-1.2415625,3.257051762,3.651240429
-1.24125,3.253862603,3.65044379
-1.2409375,3.261835501,3.651240429
-1.240625,3.252268023,3.65044379
-1.2403125,3.249876154,3.65044379
-1.24,3.255457183,3.651240429
-1.2396875,3.248281574,3.652037068
-1.239375,3.247484285,3.651240429
-1.2390625,3.255457183,3.653630346
-1.23875,3.249078864,3.655223624
-1.2384375,3.249876154,3.656816902
-1.238125,3.253862603,3.657613541
-1.2378125,3.245092415,3.657613541
-1.2375,3.245889705,3.658410181
-1.2371875,3.249078864,3.656816902
-1.236875,3.241105966,3.656816902
-1.2365625,3.240308676,3.656816902
-1.23625,3.241903256,3.656020263
-1.2359375,3.233133068,3.654426985
-1.235625,3.232335778,3.653630346
-1.2353125,3.235524937,3.653630346
-1.235,3.227552039,3.652833707
-1.2346875,3.225957459,3.652833707
-1.234375,3.228349329,3.652037068
-1.2340625,3.220376431,3.651240429
-1.23375,3.219579141,3.65044379
-1.2334375,3.22356559,3.649647151
-1.233125,3.213998112,3.648850512
-1.2328125,3.212403533,3.647257234
-1.2325,3.213998112,3.647257234
-1.2321875,3.206822504,3.648053873
-1.231875,3.206025214,3.647257234
-1.2315625,3.210808953,3.648053873
-1.23125,3.202836055,3.648053873
-1.2309375,3.199646896,3.648053873
-1.230625,3.205227924,3.648053873
-1.2303125,3.198052316,3.648850512
-1.23,3.196457736,3.649647151
-1.2296875,3.201241475,3.648850512
-1.229375,3.190079418,3.644867317
-1.2290625,3.186890258,3.644867317
-1.22875,3.192471287,3.644867317
-1.2284375,3.184498389,3.644070678
-1.228125,3.18130923,3.644867317
-1.2278125,3.189282128,3.645663956
-1.2275,3.182903809,3.646460595
-1.2271875,3.17812007,3.646460595
-1.226875,3.186092969,3.647257234
-1.2265625,3.17812007,3.646460595
-1.22625,3.171741752,3.647257234
-1.2259375,3.182903809,3.647257234
-1.225625,3.174930911,3.647257234
-1.2253125,3.166958013,3.647257234
-1.225,3.177322781,3.648053873
-1.2246875,3.168552593,3.648053873
-1.224375,3.161376984,3.648053873
-1.2240625,3.173336332,3.648053873
-1.22375,3.166160723,3.648053873
-1.2234375,3.158187825,3.648850512
-1.223125,3.168552593,3.649647151
-1.2228125,3.163768854,3.65044379
-1.2225,3.154998666,3.652037068
-1.2221875,3.167755303,3.653630346
-1.221875,3.164566144,3.655223624
-1.2215625,3.156593245,3.656020263
-1.22125,3.162971564,3.655223624
-1.2209375,3.161376984,3.656020263
-1.220625,3.153404086,3.656020263
-1.2203125,3.158187825,3.655223624
-1.22,3.156593245,3.656020263
-1.2196875,3.147025768,3.655223624
-1.219375,3.149417637,3.655223624
-1.2190625,3.148620347,3.654426985
-1.21875,3.139850159,3.653630346
-1.2184375,3.140647449,3.652037068
-1.218125,3.143836608,3.651240429
-1.2178125,3.134269131,3.649647151
-1.2175,3.130282681,3.649647151
-1.2171875,3.136661,3.65044379
-1.216875,3.128688102,3.649647151
-1.2165625,3.121512493,3.648053873
-1.21625,3.131079971,3.648850512
-1.2159375,3.123107073,3.647257234
-1.215625,3.115931465,3.646460595
-1.2153125,3.123904363,3.647257234
-1.215,3.116728755,3.646460595
-1.2146875,3.109553146,3.646460595
-1.214375,3.119917914,3.648053873
-1.2140625,3.113539595,3.647257234
-1.21375,3.106363987,3.647257234
-1.2134375,3.113539595,3.648053873
-1.213125,3.110350436,3.648053873
-1.2128125,3.099985668,3.645663956
-1.2125,3.102377538,3.644070678
-1.2121875,3.102377538,3.644070678
-1.211875,3.09440464,3.644070678
-1.2115625,3.095999219,3.644867317
-1.21125,3.098391089,3.645663956
-1.2109375,3.09201277,3.645663956
-1.210625,3.090418191,3.646460595
-1.2103125,3.097593799,3.646460595
-1.21,3.089620901,3.646460595
-1.2096875,3.084837162,3.647257234
-1.209375,3.09440464,3.647257234
-1.2090625,3.086431742,3.647257234
-1.20875,3.079256133,3.646460595
-1.2084375,3.089620901,3.647257234
-1.208125,3.083242582,3.646460595
-1.2078125,3.076066974,3.646460595
-1.2075,3.084039872,3.647257234
-1.2071875,3.080053423,3.646460595
-1.206875,3.072877815,3.645663956
-1.2065625,3.076066974,3.646460595
-1.20625,3.077661554,3.647257234
-1.2059375,3.071283235,3.648053873
-1.205625,3.073675104,3.651240429
-1.2053125,3.079256133,3.652833707
-1.205,3.072877815,3.653630346
-1.2046875,3.069688655,3.653630346
-1.204375,3.078458843,3.654426985
-1.2040625,3.071283235,3.654426985
-1.20375,3.063310337,3.654426985
-1.2034375,3.072877815,3.652833707
-1.203125,3.064904916,3.653630346
-1.2028125,3.056932018,3.652833707
-1.2025,3.063310337,3.652037068
-1.2021875,3.060918467,3.651240429
-1.201875,3.05135099,3.652037068
-1.2015625,3.054540149,3.651240429
-1.20125,3.052945569,3.65044379
-1.2009375,3.043378091,3.649647151
-1.200625,3.041783512,3.649647151
-1.2003125,3.04816183,3.649647151
-1.2,3.038594353,3.649647151
-1.1996875,3.030621454,3.648053873
-1.199375,3.040188932,3.648850512
-1.1990625,3.032216034,3.647257234
-1.19875,3.025040426,3.646460595
-1.1984375,3.032216034,3.647257234
-1.198125,3.029026875,3.646460595
-1.1978125,3.021851266,3.647257234
-1.1975,3.025040426,3.647257234
-1.1971875,3.025040426,3.647257234
-1.196875,3.018662107,3.648053873
-1.1965625,3.016270238,3.649647151
-1.19625,3.022648556,3.647257234
-1.1959375,3.012283789,3.644867317
-1.195625,3.00431089,3.644070678
-1.1953125,3.013878368,3.644070678
-1.195,3.00750005,3.644867317
-1.1946875,3.001121731,3.645663956
-1.194375,3.00750005,3.646460595
-1.1940625,3.00750005,3.646460595
-1.19375,3.000324441,3.647257234
-1.1934375,2.999527152,3.647257234
-1.193125,3.00510818,3.647257234
-1.1928125,2.998729862,3.648850512
-1.1925,2.991554253,3.648053873
-1.1921875,3.002716311,3.648850512
-1.191875,2.996337992,3.648850512
-1.1915625,2.989162384,3.647257234
-1.19125,2.995540702,3.648053873
-1.1909375,2.992351543,3.648053873
-1.190625,2.985175935,3.647257234
-1.1903125,2.986770514,3.647257234
-1.19,2.990756964,3.648053873
-1.1896875,2.983581355,3.648053873
-1.189375,2.978797616,3.648850512
-1.1890625,2.989959674,3.65044379
-1.18875,2.985973225,3.652833707
-1.1884375,2.979594906,3.654426985
-1.188125,2.988365094,3.655223624
-1.1878125,2.985175935,3.654426985
-1.1875,2.978000326,3.655223624
-1.1871875,2.978797616,3.655223624
-1.186875,2.981986776,3.655223624
-1.1865625,2.974013877,3.653630346
-1.18625,2.966040979,3.652833707
-1.1859375,2.977203037,3.652037068
-1.185625,2.968432849,3.652037068
-1.1853125,2.96045995,3.652037068
-1.185,2.9644464,3.651240429
-1.1846875,2.96285182,3.65044379
-1.184375,2.953284342,3.65044379
-1.1840625,2.950892473,3.649647151
-1.18375,2.958068081,3.648053873
-1.1834375,2.950095183,3.648850512
-1.183125,2.942122285,3.648053873
-1.1828125,2.951689763,3.648053873
-1.1825,2.943716864,3.646460595
-1.1821875,2.936541256,3.646460595
-1.181875,2.939730415,3.645663956
-1.1815625,2.942122285,3.647257234
-1.18125,2.934946676,3.646460595
-1.1809375,2.930960227,3.646460595
-1.180625,2.938933125,3.646460595
-1.1803125,2.932554807,3.646460595
-1.18,2.926973778,3.648053873
-1.1796875,2.932554807,3.647257234
-1.179375,2.927771068,3.644867317
-1.1790625,2.91900088,3.6424774
-1.17875,2.91820359,3.6424774
-1.1784375,2.922987329,3.643274039
-1.178125,2.9174063,3.644070678
-1.1778125,2.909433402,3.643274039
-1.1775,2.921392749,3.644070678
-1.1771875,2.915811721,3.644070678
-1.176875,2.910230692,3.644867317
-1.1765625,2.912622561,3.645663956
-1.17625,2.915014431,3.645663956
-1.1759375,2.908636112,3.646460595
-1.175625,2.903055084,3.645663956
-1.1753125,2.914217141,3.645663956
-1.175,2.907041533,3.645663956
-1.1746875,2.899865924,3.646460595
-1.174375,2.905446953,3.645663956
-1.1740625,2.903055084,3.645663956
-1.17375,2.895879475,3.646460595
-1.1734375,2.893487606,3.646460595
-1.173125,2.902257794,3.647257234
-1.1728125,2.895879475,3.648053873
-1.1725,2.889501157,3.648053873
-1.1721875,2.899865924,3.65044379
-1.171875,2.899865924,3.652037068
-1.1715625,2.893487606,3.652037068
-1.17125,2.891893026,3.652037068
-1.1709375,2.899865924,3.653630346
-1.170625,2.892690316,3.653630346
-1.1703125,2.884717418,3.652833707
-1.17,2.891095736,3.652833707
-1.1696875,2.887906577,3.653630346
-1.169375,2.880730969,3.652037068
-1.1690625,2.87754181,3.651240429
-1.16875,2.884717418,3.65044379
-1.1684375,2.87674452,3.65044379
-1.168125,2.869568911,3.651240429
-1.1678125,2.87754181,3.649647151
-1.1675,2.870366201,3.648053873
-1.1671875,2.862393303,3.649647151
-1.166875,2.860001434,3.649647151
-1.1665625,2.866379752,3.647257234
-1.16625,2.857609564,3.648053873
-1.1659375,2.848839376,3.649647151
-1.165625,2.855217695,3.648053873
-1.1653125,2.852825825,3.647257234
-1.165,2.844055637,3.65044379
-1.1646875,2.841663768,3.65044379
-1.164375,2.851231246,3.649647151
-1.1640625,2.843258347,3.65044379
-1.16375,2.836082739,3.651240429
-1.1634375,2.844055637,3.652037068
-1.163125,2.841663768,3.652037068
-1.1628125,2.83209629,3.649647151
-1.1625,2.825717971,3.648053873
-1.1621875,2.834488159,3.647257234
-1.161875,2.828109841,3.647257234
-1.1615625,2.821731522,3.648053873
-1.16125,2.825717971,3.648850512
-1.1609375,2.828109841,3.649647151
-1.160625,2.820934233,3.648850512
-1.1603125,2.815353204,3.65044379
-1.16,2.828109841,3.65044379
-1.1596875,2.821731522,3.65044379
-1.159375,2.815353204,3.65044379
-1.1590625,2.815353204,3.651240429
-1.15875,2.820136943,3.652037068
-1.1584375,2.812164045,3.651240429
-1.158125,2.805785726,3.651240429
-1.1578125,2.814555914,3.651240429
-1.1575,2.812164045,3.651240429
-1.1571875,2.804988436,3.651240429
-1.156875,2.802596567,3.651240429
-1.1565625,2.810569465,3.652037068
-1.15625,2.804988436,3.652037068
-1.1559375,2.798610118,3.652833707
-1.155625,2.805785726,3.654426985
-1.1553125,2.808974885,3.656816902
-1.155,2.803393857,3.658410181
-1.1546875,2.797812828,3.657613541
-1.154375,2.808177595,3.658410181
-1.1540625,2.802596567,3.660003459
-1.15375,2.795420958,3.65920682
-1.1534375,2.796218248,3.658410181
-1.153125,2.800204697,3.658410181
-1.1528125,2.793029089,3.657613541
-1.1525,2.785853481,3.656816902
-1.1521875,2.79063722,3.656020263
-1.151875,2.78904264,3.656020263
-1.1515625,2.781867032,3.655223624
-1.15125,2.775488713,3.654426985
-1.1509375,2.785853481,3.652833707
-1.150625,2.779475162,3.652037068
-1.1503125,2.771502264,3.652037068
-1.15,2.769907684,3.651240429
-1.1496875,2.774691423,3.649647151
-1.149375,2.767515815,3.65044379
-1.1490625,2.759542917,3.65044379
-1.14875,2.764326656,3.648053873
-1.1484375,2.765921235,3.648850512
-1.148125,2.757948337,3.648053873
-1.1478125,2.751570019,3.649647151
-1.1475,2.762732076,3.649647151
-1.1471875,2.756353757,3.649647151
-1.146875,2.749975439,3.65044379
-1.1465625,2.748380859,3.65044379
-1.14625,2.756353757,3.649647151
-1.1459375,2.74598899,3.648053873
-1.145625,2.737218802,3.648053873
-1.1453125,2.742799831,3.648053873
-1.145,2.742799831,3.647257234
-1.1446875,2.737218802,3.648850512
-1.144375,2.730840483,3.648053873
-1.1440625,2.742002541,3.648850512
-1.14375,2.738016092,3.649647151
-1.1434375,2.732435063,3.649647151
-1.143125,2.729245904,3.649647151
-1.1428125,2.738016092,3.65044379
-1.1425,2.731637773,3.651240429
-1.1421875,2.726056744,3.651240429
-1.141875,2.726854034,3.651240429
-1.1415625,2.732435063,3.651240429
-1.14125,2.725259455,3.651240429
-1.1409375,2.718083846,3.65044379
-1.140625,2.724462165,3.651240429
-1.1403125,2.724462165,3.65044379
-1.14,2.718083846,3.651240429
-1.1396875,2.712502817,3.651240429
-1.139375,2.724462165,3.652037068
-1.1390625,2.719678426,3.652037068
-1.13875,2.716489267,3.656020263
-1.1384375,2.714097397,3.656816902
-1.138125,2.722867585,3.658410181
-1.1378125,2.717286556,3.657613541
-1.1375,2.710908238,3.657613541
-1.1371875,2.710908238,3.657613541
-1.136875,2.718083846,3.658410181
-1.1365625,2.710908238,3.656816902
-1.13625,2.70373263,3.656816902
-1.1359375,2.706921789,3.656020263
-1.135625,2.706921789,3.655223624
-1.1353125,2.69974618,3.655223624
-1.135,2.691773282,3.654426985
-1.1346875,2.70054347,3.653630346
-1.134375,2.697354311,3.652037068
-1.1340625,2.689381413,3.651240429
-1.13375,2.683003094,3.651240429
-1.1334375,2.691773282,3.651240429
-1.133125,2.685394964,3.649647151
-1.1328125,2.678219355,3.648850512
-1.1325,2.672638327,3.647257234
-1.1321875,2.683800384,3.648850512
-1.131875,2.677422066,3.647257234
-1.1315625,2.671043747,3.648053873
-1.13125,2.670246457,3.648053873
-1.1309375,2.677422066,3.648053873
-1.130625,2.671841037,3.648053873
-1.1303125,2.666260008,3.649647151
-1.13,2.667057298,3.649647151
-1.1296875,2.672638327,3.649647151
-1.129375,2.662273559,3.647257234
-1.1290625,2.653503371,3.646460595
-1.12875,2.653503371,3.645663956
-1.1284375,2.6590844,3.646460595
-1.128125,2.652706081,3.646460595
-1.1278125,2.646327763,3.648053873
-1.1275,2.652706081,3.647257234
-1.1271875,2.65589524,3.647257234
-1.126875,2.648719632,3.647257234
-1.1265625,2.643935893,3.648850512
-1.12625,2.651111502,3.648850512
-1.1259375,2.650314212,3.649647151
-1.125625,2.643138603,3.65044379
-1.1253125,2.636760285,3.65044379
-1.125,2.646327763,3.65044379
-1.1246875,2.643935893,3.649647151
-1.124375,2.636760285,3.649647151
-1.1240625,2.629584677,3.649647151
-1.12375,2.639152154,3.651240429
-1.1234375,2.635962995,3.651240429
-1.123125,2.630381966,3.651240429
-1.1228125,2.625598227,3.652037068
-1.1225,2.635962995,3.652037068
-1.1221875,2.635165705,3.655223624
-1.121875,2.630381966,3.657613541
-1.1215625,2.624800938,3.657613541
-1.12125,2.635165705,3.657613541
-1.1209375,2.631179256,3.658410181
-1.120625,2.624800938,3.658410181
-1.1203125,2.618422619,3.658410181
-1.12,2.631179256,3.65920682
-1.1196875,2.624003648,3.657613541
-1.119375,2.617625329,3.656816902
-1.1190625,2.610449721,3.655223624
-1.11875,2.620814489,3.655223624
-1.1184375,2.61443617,3.654426985
-1.118125,2.607260562,3.654426985
-1.1178125,2.600882243,3.652833707
-1.1175,2.612044301,3.652037068
-1.1171875,2.604868692,3.652037068
-1.116875,2.597693084,3.652037068
-1.1165625,2.591314765,3.652037068
-1.11625,2.601679533,3.65044379
-1.1159375,2.595301214,3.649647151
-1.115625,2.588125606,3.649647151
-1.1153125,2.581747288,3.648053873
-1.115,2.593706635,3.648053873
-1.1146875,2.588125606,3.648053873
-1.114375,2.582544577,3.649647151
-1.1140625,2.576963549,3.648850512
-1.11375,2.587328316,3.649647151
-1.1134375,2.583341867,3.65044379
-1.113125,2.578558128,3.651240429
-1.1128125,2.56978794,3.648053873
-1.1125,2.578558128,3.647257234
-1.1121875,2.574571679,3.647257234
-1.111875,2.568193361,3.645663956
-1.1115625,2.561815042,3.645663956
-1.11125,2.57058523,3.647257234
-1.1109375,2.56899065,3.648053873
-1.110625,2.563409622,3.648850512
-1.1103125,2.557828593,3.648053873
-1.11,2.565004201,3.649647151
-1.1096875,2.565801491,3.649647151
-1.109375,2.560220462,3.649647151
-1.1090625,2.553044854,3.648850512
-1.10875,2.558625883,3.649647151
-1.1084375,2.559423173,3.648850512
-1.108125,2.553044854,3.649647151
-1.1078125,2.546666536,3.65044379
-1.1075,2.549855695,3.649647151
-1.1071875,2.554639434,3.649647151
-1.106875,2.547463825,3.648850512
-1.1065625,2.541882797,3.649647151
-1.10625,2.544274666,3.65044379
-1.1059375,2.549855695,3.651240429
-1.105625,2.545071956,3.652833707
-1.1053125,2.541882797,3.656020263
-1.105,2.541882797,3.657613541
-1.1046875,2.551450275,3.656816902
-1.104375,2.544274666,3.656816902
-1.1040625,2.539490927,3.65920682
-1.10375,2.534707188,3.657613541
-1.1034375,2.544274666,3.658410181
-1.103125,2.537099058,3.657613541
-1.1028125,2.530720739,3.656816902
-1.1025,2.524342421,3.655223624
-1.1021875,2.535504478,3.655223624
-1.101875,2.52912616,3.655223624
-1.1015625,2.522747841,3.653630346
-1.10125,2.516369523,3.652833707
-1.1009375,2.523545131,3.652037068
-1.100625,2.520355972,3.65044379
-1.1003125,2.514774943,3.651240429
-1.1,2.508396624,3.649647151
-1.0996875,2.513977653,3.649647151
-1.099375,2.513977653,3.648850512
-1.0990625,2.507599335,3.648053873
-1.09875,2.502018306,3.648053873
-1.0984375,2.502018306,3.647257234
-1.098125,2.506802045,3.647257234
-1.0978125,2.501221016,3.647257234
-1.0975,2.496437277,3.648053873
-1.0971875,2.492450828,3.648053873
-1.096875,2.504410175,3.648850512
-1.0965625,2.498829147,3.649647151
-1.09625,2.491653538,3.648053873
-1.0959375,2.48288335,3.645663956
-1.095625,2.491653538,3.644867317
-1.0953125,2.487667089,3.645663956
-1.095,2.48208606,3.644867317
-1.0946875,2.476505032,3.645663956
-1.094375,2.48368064,3.645663956
-1.0940625,2.48527522,3.646460595
-1.09375,2.479694191,3.647257234
-1.0934375,2.474910452,3.648053873
-1.093125,2.474113162,3.647257234
-1.0928125,2.481288771,3.648053873
-1.0925,2.474910452,3.647257234
-1.0921875,2.469329423,3.647257234
-1.091875,2.463748395,3.647257234
-1.0915625,2.475707742,3.648053873
-1.09125,2.470924003,3.648053873
-1.0909375,2.464545684,3.648053873
-1.090625,2.457370076,3.648053873
-1.0903125,2.467734844,3.648850512
-1.09,2.465342974,3.647257234
-1.0896875,2.460559235,3.648850512
-1.089375,2.453383627,3.649647151
-1.0890625,2.455775497,3.65044379
-1.08875,2.467734844,3.652833707
-1.0884375,2.462153815,3.654426985
-1.088125,2.457370076,3.656816902
-1.0878125,2.449397178,3.657613541
-1.0875,2.462951105,3.656816902
-1.0871875,2.458964656,3.656816902
-1.086875,2.450991758,3.658410181
-1.0865625,2.443018859,3.658410181
-1.08625,2.450991758,3.656020263
-1.0859375,2.451789047,3.656816902
-1.085625,2.443816149,3.656816902
-1.0853125,2.435843251,3.657613541
-1.085,2.435045961,3.656816902
-1.0846875,2.44222157,3.656020263
-1.084375,2.435045961,3.655223624
-1.0840625,2.427073063,3.654426985
-1.08375,2.420694745,3.654426985
-1.0834375,2.429464933,3.652833707
-1.083125,2.427073063,3.652833707
-1.0828125,2.419897455,3.651240429
-1.0825,2.414316426,3.651240429
-1.0821875,2.414316426,3.65044379
-1.081875,2.418302875,3.649647151
-1.0815625,2.413519136,3.651240429
-1.08125,2.408735397,3.651240429
-1.0809375,2.403154369,3.65044379
-1.080625,2.415113716,3.652037068
-1.0803125,2.411127267,3.652037068
-1.08,2.405546238,3.652833707
-1.0796875,2.399965209,3.652037068
-1.079375,2.39916792,3.649647151
-1.0790625,2.402357079,3.648053873
-1.07875,2.39518147,3.648053873
-1.0784375,2.389600442,3.647257234
-1.078125,2.385613993,3.648053873
-1.0778125,2.39837063,3.647257234
-1.0775,2.393586891,3.648850512
-1.0771875,2.388005862,3.648850512
-1.076875,2.383222123,3.649647151
-1.0765625,2.387208572,3.649647151
-1.07625,2.390397732,3.65044379
-1.0759375,2.385613993,3.65044379
-1.075625,2.380032964,3.651240429
-1.0753125,2.376046515,3.651240429
-1.075,2.387208572,3.65044379
-1.0746875,2.381627544,3.651240429
-1.074375,2.376843805,3.651240429
-1.0740625,2.372060066,3.65044379
-1.07375,2.373654645,3.651240429
-1.0734375,2.377641094,3.65044379
-1.073125,2.372857356,3.651240429
-1.0728125,2.368870906,3.652037068
-1.0725,2.364087168,3.652037068
-1.0721875,2.376843805,3.655223624
-1.071875,2.376843805,3.657613541
-1.0715625,2.372060066,3.658410181
-1.07125,2.366479037,3.657613541
-1.0709375,2.365681747,3.657613541
-1.070625,2.373654645,3.658410181
-1.0703125,2.368870906,3.658410181
-1.07,2.362492588,3.656816902
-1.0696875,2.356114269,3.656020263
-1.069375,2.363289878,3.656020263
-1.0690625,2.363289878,3.656020263
-1.06875,2.356911559,3.654426985
-1.0684375,2.351330531,3.654426985
-1.068125,2.345749502,3.654426985
-1.0678125,2.356911559,3.653630346
-1.0675,2.349735951,3.652037068
-1.0671875,2.343357632,3.652037068
-1.066875,2.337776604,3.652037068
-1.0665625,2.336182024,3.651240429
-1.06625,2.344952212,3.651240429
-1.0659375,2.337776604,3.65044379
-1.065625,2.331398285,3.65044379
-1.0653125,2.345749502,3.65044379
-1.065,2.358506139,3.649647151
-1.0646875,2.450991758,3.649647151
-1.064375,2.541882797,3.648053873
-1.0640625,2.632773836,3.647257234
-1.06375,2.575368969,3.645663956
-1.0634375,2.596098504,3.647257234
-1.063125,2.580152708,3.647257234
-1.0628125,2.57058523,3.646460595
-1.0625,2.584139157,3.645663956
-1.0621875,2.592112055,3.644070678
-1.061875,2.638354865,3.644070678
-1.0615625,2.655097951,3.645663956
-1.06125,2.652706081,3.645663956
-1.0609375,2.734826932,3.645663956
-1.060625,2.605665982,3.644070678
-1.0603125,2.690178703,3.646460595
-1.06,2.749975439,3.648850512
-1.0596875,2.686192254,3.648053873
-1.059375,2.734826932,3.651240429
-1.0590625,2.722070295,3.647257234
-1.05875,2.714097397,3.648850512
-1.0584375,2.669449167,3.648053873
-1.058125,2.610449721,3.648053873
-1.0578125,2.604071402,3.647257234
-1.0575,2.638354865,3.647257234
-1.0571875,2.687786833,3.647257234
-1.056875,2.619219909,3.648053873
-1.0565625,2.734826932,3.647257234
-1.05625,2.690975992,3.648053873
-1.0559375,2.802596567,3.648053873
-1.055625,2.797812828,3.647257234
-1.0553125,2.782664321,3.651240429
-1.055,2.769907684,3.652833707
-1.0546875,2.792231799,3.652037068
-1.054375,2.747583569,3.652833707
-1.0540625,2.462153815,3.654426985
-1.05375,2.360100718,3.654426985
-1.0534375,2.336182024,3.655223624
-1.053125,2.330600995,3.654426985
-1.0528125,2.325817256,3.654426985
-1.0525,2.321033517,3.652833707
-1.0521875,2.330600995,3.652833707
-1.051875,2.329803705,3.651240429
-1.0515625,2.327411836,3.651240429
-1.05125,2.322628097,3.65044379
-1.0509375,2.328209126,3.648850512
-1.050625,2.328209126,3.648053873
-1.0503125,2.324222677,3.648053873
-1.05,2.319438938,3.647257234
-1.0496875,2.318641648,3.647257234
-1.049375,2.331398285,3.646460595
-1.0490625,2.321830807,3.646460595
-1.04875,2.319438938,3.646460595
-1.0484375,2.313060619,3.645663956
-1.048125,2.324222677,3.645663956
-1.0478125,2.321033517,3.645663956
-1.0475,2.31146604,3.646460595
-1.0471875,2.30827688,3.646460595
-1.046875,2.318641648,3.647257234
-1.0465625,2.318641648,3.647257234
-1.04625,2.315452489,3.647257234
-1.0459375,2.302695852,3.644070678
-1.045625,2.31146604,3.643274039
-1.0453125,2.30987146,3.643274039
-1.045,2.305885011,3.644867317
-1.0446875,2.300303982,3.643274039
-1.044375,2.31146604,3.644867317
-1.0440625,2.313060619,3.644867317
-1.04375,2.307479591,3.645663956
-1.0434375,2.302695852,3.647257234
-1.043125,2.30827688,3.648053873
-1.0428125,2.30987146,3.648850512
-1.0425,2.303493142,3.648053873
-1.0421875,2.300303982,3.648053873
-1.041875,2.312263329,3.648053873
-1.0415625,2.31146604,3.648850512
-1.04125,2.30907417,3.648053873
-1.0409375,2.304290431,3.647257234
-1.040625,2.317844358,3.647257234
-1.0403125,2.313857909,3.648053873
-1.04,2.30827688,3.648053873
-1.0396875,2.307479591,3.648053873
-1.039375,2.322628097,3.648850512
-1.0390625,2.318641648,3.648850512
-1.03875,2.318641648,3.652037068
-1.0384375,2.320236228,3.654426985
-1.038125,2.329006416,3.655223624
-1.0378125,2.325817256,3.654426985
-1.0375,2.320236228,3.655223624
-1.0371875,2.327411836,3.655223624
-1.036875,2.332992865,3.656020263
-1.0365625,2.328209126,3.654426985
-1.03625,2.324222677,3.654426985
-1.0359375,2.332195575,3.653630346
-1.035625,2.330600995,3.652037068
-1.0353125,2.325817256,3.652037068
-1.035,2.323425387,3.651240429
-1.0346875,2.337776604,3.651240429
-1.034375,2.330600995,3.649647151
-1.0340625,2.326614546,3.649647151
-1.03375,2.330600995,3.649647151
-1.0334375,2.333790155,3.648053873
-1.033125,2.329803705,3.645663956
-1.0328125,2.322628097,3.644867317
-1.0325,2.336979314,3.6424774
-1.0321875,2.339371183,3.641680761
-1.031875,2.337776604,3.641680761
-1.0315625,2.335384734,3.641680761
-1.03125,2.337776604,3.644070678
-1.0309375,2.335384734,3.6424774
-1.030625,2.333790155,3.6424774
-1.0303125,2.348141371,3.643274039
-1.03,2.350533241,3.643274039
-1.0296875,2.348938661,3.6424774
-1.029375,2.344952212,3.641680761
-1.0290625,2.35212782,3.639290843
-1.02875,2.348938661,3.639290843
-1.0284375,2.345749502,3.640087483
-1.028125,2.357708849,3.640087483
-1.0278125,2.360898008,3.640884122
-1.0275,2.358506139,3.641680761
-1.0271875,2.360898008,3.644070678
-1.026875,2.364884457,3.644070678
-1.0265625,2.364884457,3.644867317
-1.02625,2.358506139,3.644070678
-1.0259375,2.371262776,3.644867317
-1.025625,2.369668196,3.644867317
-1.0253125,2.365681747,3.645663956
-1.025,2.372857356,3.645663956
-1.0246875,2.378438384,3.645663956
-1.024375,2.376843805,3.645663956
-1.0240625,2.376046515,3.645663956
-1.02375,2.381627544,3.646460595
-1.0234375,2.377641094,3.645663956
-1.023125,2.379235674,3.646460595
-1.0228125,2.390397732,3.646460595
-1.0225,2.392789601,3.647257234
-1.0221875,2.393586891,3.65044379
-1.021875,2.399965209,3.652037068
-1.0215625,2.402357079,3.652833707
-1.02125,2.403951658,3.653630346
-1.0209375,2.403951658,3.654426985
-1.020625,2.415911006,3.656816902
-1.0203125,2.408735397,3.655223624
-1.02,2.406343528,3.652833707
-1.0196875,2.419100165,3.652833707
-1.019375,2.415113716,3.652037068
-1.0190625,2.408735397,3.652833707
-1.01875,2.414316426,3.651240429
-1.0184375,2.419897455,3.65044379
-1.018125,2.409532687,3.649647151
-1.0178125,2.414316426,3.648053873
-1.0175,2.418302875,3.647257234
-1.0171875,2.411924557,3.645663956
-1.016875,2.415911006,3.645663956
-1.0165625,2.421492034,3.645663956
-1.01625,2.415113716,3.645663956
-1.0159375,2.415911006,3.645663956
-1.015625,2.428667643,3.645663956
-1.0153125,2.423883904,3.644070678
-1.015,2.417505585,3.643274039
-1.0146875,2.429464933,3.643274039
-1.014375,2.424681194,3.644867317
-1.0140625,2.419100165,3.644070678
-1.01375,2.436640541,3.6424774
-1.0134375,2.431059512,3.644070678
-1.013125,2.427073063,3.644070678
-1.0128125,2.437437831,3.643274039
-1.0125,2.435045961,3.640884122
-1.0121875,2.428667643,3.640884122
-1.011875,2.435843251,3.640087483
-1.0115625,2.435045961,3.640087483
-1.01125,2.431059512,3.6424774
-1.0109375,2.446208019,3.640884122
-1.010625,2.454978207,3.6424774
-1.0103125,2.446208019,3.643274039
-1.01,2.453383627,3.643274039
-1.0096875,2.451789047,3.643274039
-1.009375,2.446208019,3.643274039
-1.0090625,2.459761946,3.643274039
-1.00875,2.462153815,3.6424774
-1.0084375,2.456572786,3.6424774
-1.008125,2.461356525,3.644070678
-1.0078125,2.458964656,3.643274039
-1.0075,2.455775497,3.6424774
-1.0071875,2.465342974,3.643274039
-1.006875,2.469329423,3.643274039
-1.0065625,2.463748395,3.643274039
-1.00625,2.470126713,3.644070678
-1.0059375,2.478099611,3.644867317
-1.005625,2.472518583,3.645663956
-1.0053125,2.48607251,3.648850512
-1.005,2.48607251,3.649647151
-1.0046875,2.481288771,3.65044379
-1.004375,2.494045408,3.65044379
-1.0040625,2.490856248,3.651240429
-1.00375,2.487667089,3.651240429
-1.0034375,2.496437277,3.649647151
-1.003125,2.494842698,3.649647151
-1.0028125,2.487667089,3.648053873
-1.0025,2.502018306,3.648053873
-1.0021875,2.497234567,3.647257234
-1.001875,2.493248118,3.647257234
-1.0015625,2.503612886,3.645663956
-1.00125,2.499626436,3.645663956
-1.0009375,2.497234567,3.644070678
-1.000625,2.506802045,3.644070678
-1.0003125,2.501221016,3.644867317
-1,2.501221016,3.643274039
-0.9996875,2.506802045,3.640884122
-0.999375,2.500423726,3.640884122
-0.9990625,2.505207465,3.640087483
-0.99875,2.507599335,3.6424774
-0.9984375,2.502815596,3.640087483
-0.998125,2.509991204,3.640884122
-0.9978125,2.510788494,3.640087483
-0.9975,2.504410175,3.640884122
-0.9971875,2.518761392,3.6424774
-0.996875,2.516369523,3.641680761
-0.9965625,2.513977653,3.643274039
-0.99625,2.52673429,3.641680761
-0.9959375,2.520355972,3.639290843
-0.995625,2.517964102,3.637697565
-0.9953125,2.525937,3.637697565
-0.995,2.521153261,3.637697565
-0.9946875,2.52673429,3.637697565
-0.994375,2.52912616,3.638494204
-0.9940625,2.521950551,3.639290843
-0.99375,2.533909899,3.640087483
-0.9934375,2.533909899,3.640884122
-0.993125,2.52912616,3.640884122
-0.9928125,2.542680087,3.641680761
-0.9925,2.531518029,3.641680761
-0.9921875,2.533112609,3.641680761
-0.991875,2.549058405,3.641680761
-0.9915625,2.543477376,3.6424774
-0.99125,2.552247564,3.6424774
-0.9909375,2.552247564,3.6424774
-0.990625,2.537099058,3.641680761
-0.9903125,2.558625883,3.643274039
-0.99,2.549855695,3.6424774
-0.9896875,2.549855695,3.643274039
-0.989375,2.555436724,3.643274039
-0.9890625,2.548261115,3.643274039
-0.98875,2.558625883,3.647257234
-0.9884375,2.561815042,3.649647151
-0.988125,2.553842144,3.651240429
-0.9878125,2.574571679,3.65044379
-0.9875,2.56899065,3.65044379
-0.9871875,2.56978794,3.65044379
-0.986875,2.580949998,3.65044379
-0.9865625,2.565801491,3.65044379
-0.98625,2.576166259,3.649647151
-0.9859375,2.57058523,3.649647151
-0.985625,2.563409622,3.647257234
-0.9853125,2.576166259,3.646460595
-0.985,2.56978794,3.646460595
-0.9846875,2.575368969,3.645663956
-0.984375,2.573774389,3.646460595
-0.9840625,2.561017752,3.644867317
-0.98375,2.575368969,3.644070678
-0.9834375,2.575368969,3.644867317
-0.983125,2.576166259,3.643274039
-0.9828125,2.584139157,3.643274039
-0.9825,2.577760838,3.6424774
-0.9821875,2.591314765,3.640884122
-0.981875,2.584139157,3.640884122
-0.9815625,2.578558128,3.640087483
-0.98125,2.586531026,3.640884122
-0.9809375,2.581747288,3.640884122
-0.980625,2.588922896,3.641680761
-0.9803125,2.590517476,3.641680761
-0.98,2.584139157,3.6424774
-0.9796875,2.604071402,3.6424774
-0.979375,2.595301214,3.641680761
-0.9790625,2.598490374,3.639290843
-0.97875,2.600084953,3.639290843
-0.9784375,2.592112055,3.639290843
-0.978125,2.612044301,3.639290843
-0.9778125,2.609652431,3.640087483
-0.9775,2.617625329,3.639290843
-0.9771875,2.61284159,3.640884122
-0.976875,2.609652431,3.640884122
-0.9765625,2.631179256,3.641680761
-0.97625,2.634368415,3.643274039
-0.9759375,2.637557575,3.643274039
-0.975625,2.627990097,3.6424774
-0.9753125,2.626395517,3.644070678
-0.975,2.651111502,3.643274039
-0.9746875,2.697354311,3.643274039
-0.974375,2.769907684,3.6424774
-0.9740625,2.689381413,3.641680761
-0.97375,2.672638327,3.643274039
-0.9734375,2.65669253,3.644070678
-0.973125,2.697354311,3.644070678
-0.9728125,2.690178703,3.646460595
-0.9725,2.666260008,3.645663956
-0.9721875,2.653503371,3.648053873
-0.971875,2.705327209,3.651240429
-0.9715625,2.682205804,3.651240429
-0.97125,2.677422066,3.652833707
-0.9709375,2.707719079,3.652037068
-0.970625,2.841663768,3.652833707
-0.9703125,2.871163491,3.652833707
-0.97,2.769907684,3.65044379
-0.9696875,2.719678426,3.651240429
-0.969375,2.726854034,3.649647151
-0.9690625,2.698151601,3.649647151
-0.96875,2.749975439,3.649647151
-0.9684375,2.706124499,3.648850512
-0.968125,2.726056744,3.647257234
-0.9678125,2.69974618,3.647257234
-0.9675,2.693367862,3.647257234
-0.9671875,2.70213805,3.646460595
-0.966875,2.732435063,3.647257234
-0.9665625,2.716489267,3.644070678
-0.96625,2.723664875,3.644070678
-0.9659375,2.741205251,3.644070678
-0.965625,2.777880582,3.644867317
-0.9653125,2.741205251,3.644070678
-0.965,2.711705528,3.6424774
-0.9646875,2.698151601,3.641680761
-0.964375,2.749178149,3.6424774
-0.9640625,2.737218802,3.644070678
-0.96375,2.710110948,3.6424774
-0.9634375,2.70293534,3.643274039
-0.963125,2.696557021,3.643274039
-0.9628125,2.775488713,3.643274039
-0.9625,2.848839376,3.6424774
-0.9621875,2.762732076,3.639290843
-0.961875,2.709313658,3.639290843
-0.9615625,2.714894687,3.638494204
-0.96125,2.728448614,3.640087483
-0.9609375,2.728448614,3.641680761
-0.960625,2.722070295,3.640884122
-0.9603125,2.709313658,3.6424774
-0.96,2.728448614,3.641680761
-0.9596875,2.722070295,3.643274039
-0.959375,2.726854034,3.644070678
-0.9590625,2.718881136,3.644867317
-0.95875,2.735624222,3.643274039
-0.9584375,2.774691423,3.643274039
-0.958125,2.757151047,3.644070678
-0.9578125,2.742799831,3.645663956
-0.9575,2.721273005,3.645663956
-0.9571875,2.74359712,3.644070678
-0.956875,2.736421512,3.644070678
-0.9565625,2.734826932,3.644867317
-0.95625,2.732435063,3.647257234
-0.9559375,2.735624222,3.647257234
-0.955625,2.741205251,3.648053873
-0.9553125,2.7451917,3.651240429
-0.955,2.763529366,3.65044379
-0.9546875,2.761934786,3.652037068
-0.954375,2.760340206,3.652037068
-0.9540625,2.754759178,3.652833707
-0.95375,2.762732076,3.653630346
-0.9534375,2.759542917,3.653630346
-0.953125,2.762732076,3.652833707
-0.9528125,2.764326656,3.652037068
-0.9525,2.765921235,3.652037068
-0.9521875,2.769907684,3.651240429
-0.951875,2.767515815,3.651240429
-0.9515625,2.773096844,3.65044379
-0.95125,2.769907684,3.648053873
-0.9509375,2.78665077,3.647257234
-0.950625,2.781867032,3.646460595
-0.9503125,2.781069742,3.648053873
-0.95,2.777880582,3.648053873
-0.9496875,2.78665077,3.648053873
-0.949375,2.78824535,3.647257234
-0.9490625,2.785853481,3.647257234
-0.94875,2.78904264,3.645663956
-0.9484375,2.79063722,3.645663956
-0.948125,2.797812828,3.645663956
-0.9478125,2.795420958,3.644070678
-0.9475,2.801001987,3.6424774
-0.9471875,2.797015538,3.644867317
-0.946875,2.810569465,3.644070678
-0.9465625,2.805785726,3.646460595
-0.94625,2.816947783,3.644070678
-0.9459375,2.809772175,3.6424774
-0.945625,2.816947783,3.640884122
-0.9453125,2.815353204,3.641680761
-0.945,2.820136943,3.640884122
-0.9446875,2.821731522,3.641680761
-0.944375,2.828907131,3.641680761
-0.9440625,2.824123392,3.6424774
-0.94375,2.827312551,3.641680761
-0.9434375,2.828109841,3.640884122
-0.943125,2.836880029,3.643274039
-0.9428125,2.844055637,3.643274039
-0.9425,2.844055637,3.644070678
-0.9421875,2.849636666,3.644867317
-0.941875,2.848839376,3.644070678
-0.9415625,2.857609564,3.644070678
-0.94125,2.855217695,3.644070678
-0.9409375,2.864785172,3.643274039
-0.940625,2.852028535,3.644070678
-0.9403125,2.866379752,3.644070678
-0.94,2.863190593,3.644070678
-0.9396875,2.87355536,3.644867317
-0.939375,2.871163491,3.644867317
-0.9390625,2.883122838,3.645663956
-0.93875,2.880730969,3.649647151
-0.9384375,2.893487606,3.651240429
-0.938125,2.888703867,3.652833707
-0.9378125,2.901460504,3.652037068
-0.9375,2.899865924,3.652037068
-0.9371875,2.899068635,3.652833707
-0.936875,2.894284896,3.652037068
-0.9365625,2.906244243,3.652037068
-0.93625,2.907041533,3.652037068
-0.9359375,2.912622561,3.651240429
-0.935625,2.908636112,3.649647151
-0.9353125,2.91820359,3.648850512
-0.935,2.91820359,3.648850512
-0.9346875,2.923784619,3.648850512
-0.934375,2.923784619,3.648053873
-0.9340625,2.928568358,3.646460595
-0.93375,2.91900088,3.646460595
-0.9334375,2.926176488,3.646460595
-0.933125,2.927771068,3.645663956
-0.9328125,2.934149387,3.644867317
-0.9325,2.934149387,3.644867317
-0.9321875,2.941324995,3.644867317
-0.931875,2.938135836,3.644070678
-0.9315625,2.944514154,3.643274039
-0.93125,2.944514154,3.644070678
-0.9309375,2.951689763,3.644867317
-0.930625,2.950892473,3.644070678
-0.9303125,2.951689763,3.644867317
-0.93,2.950095183,3.644070678
-0.9296875,2.96045995,3.644867317
-0.929375,2.958865371,3.644070678
-0.9290625,2.965243689,3.641680761
-0.92875,2.965243689,3.641680761
-0.9284375,2.970027428,3.640884122
-0.928125,2.970027428,3.6424774
-0.9278125,2.978000326,3.643274039
-0.9275,2.973216588,3.644070678
-0.9271875,2.982784065,3.643274039
-0.926875,2.978000326,3.644867317
-0.9265625,2.989162384,3.644867317
-0.92625,2.986770514,3.644867317
-0.9259375,2.998729862,3.645663956
-0.925625,2.998729862,3.646460595
-0.9253125,3.00590547,3.645663956
-0.925,3.001919021,3.644867317
-0.9246875,3.012283789,3.644867317
-0.924375,3.008297339,3.645663956
-0.9240625,3.017067527,3.644867317
-0.92375,3.008297339,3.644867317
-0.9234375,3.014675658,3.645663956
-0.923125,3.020256687,3.645663956
-0.9228125,3.029026875,3.646460595
-0.9225,3.028229585,3.647257234
-0.9221875,3.039391642,3.648053873
-0.921875,3.042580802,3.652037068
-0.9215625,3.04816183,3.652833707
-0.92125,3.0505537,3.652037068
-0.9209375,3.04895912,3.652037068
-0.920625,3.054540149,3.652833707
-0.9203125,3.055337439,3.652037068
-0.92,3.060918467,3.652833707
-0.9196875,3.060918467,3.652037068
-0.919375,3.067296786,3.651240429
-0.9190625,3.068891366,3.651240429
-0.91875,3.076864264,3.649647151
-0.9184375,3.071283235,3.65044379
-0.918125,3.080850713,3.65044379
-0.9178125,3.076066974,3.649647151
-0.9175,3.077661554,3.648850512
-0.9171875,3.072877815,3.647257234
-0.916875,3.088823611,3.647257234
-0.9165625,3.083242582,3.647257234
-0.91625,3.089620901,3.645663956
-0.9159375,3.09201277,3.645663956
-0.915625,3.098391089,3.644867317
-0.9153125,3.099188379,3.644070678
-0.915,3.099985668,3.643274039
-0.9146875,3.103174828,3.644867317
-0.914375,3.102377538,3.645663956
-0.9140625,3.108755856,3.644867317
-0.91375,3.108755856,3.644867317
-0.9134375,3.116728755,3.645663956
-0.913125,3.117526044,3.646460595
-0.9128125,3.123904363,3.645663956
-0.9125,3.120715204,3.644070678
-0.9121875,3.131079971,3.641680761
-0.911875,3.127093522,3.6424774
-0.9115625,3.131877261,3.640884122
-0.91125,3.129485392,3.641680761
-0.9109375,3.13825558,3.6424774
-0.910625,3.139850159,3.643274039
-0.9103125,3.143039319,3.643274039
-0.91,3.149417637,3.644070678
-0.9096875,3.151809507,3.644070678
-0.909375,3.160579694,3.644070678
-0.9090625,3.157390535,3.644867317
-0.90875,3.166160723,3.644867317
-0.9084375,3.158985115,3.644867317
-0.908125,3.166958013,3.645663956
-0.9078125,3.166160723,3.644867317
-0.9075,3.17812007,3.646460595
-0.9071875,3.175728201,3.646460595
-0.906875,3.18210652,3.646460595
-0.9065625,3.183701099,3.646460595
-0.90625,3.192471287,3.648850512
-0.9059375,3.197255026,3.648053873
-0.905625,3.193268577,3.648850512
-0.9053125,3.206822504,3.652833707
-0.905,3.202038765,3.654426985
-0.9046875,3.208417083,3.652833707
-0.904375,3.211606243,3.654426985
-0.9040625,3.2227683,3.655223624
-0.90375,3.219579141,3.653630346
-0.9034375,3.22516017,3.655223624
-0.903125,3.231538488,3.655223624
-0.9028125,3.233930358,3.654426985
-0.9025,3.233930358,3.652037068
-0.9021875,3.225957459,3.652833707
-0.901875,3.241105966,3.651240429
-0.9015625,3.238714097,3.652833707
-0.90125,3.242700546,3.65044379
-0.9009375,3.239511386,3.65044379
-0.900625,3.248281574,3.649647151
-0.9003125,3.248281574,3.649647151
-0.9,3.249078864,3.648053873
-0.8996875,3.255457183,3.648053873
-0.899375,3.253862603,3.647257234
-0.8990625,3.261038211,3.644070678
-0.89875,3.256254472,3.644070678
-0.8984375,3.270605689,3.643274039
-0.898125,3.261835501,3.644867317
-0.8978125,3.26821382,3.644867317
-0.8975,3.270605689,3.645663956
-0.8971875,3.275389428,3.646460595
-0.896875,3.282565036,3.646460595
-0.8965625,3.280970457,3.647257234
-0.89625,3.295321674,3.644867317
-0.8959375,3.284956906,3.643274039
-0.895625,3.288146065,3.640087483
-0.8953125,3.288943355,3.641680761
-0.895,3.297713543,3.641680761
-0.8946875,3.293727094,3.6424774
-0.894375,3.296118963,3.643274039
-0.8940625,3.304889151,3.643274039
-0.89375,3.304091861,3.645663956
-0.8934375,3.313659339,3.644070678
-0.893125,3.31126747,3.643274039
-0.8928125,3.339969903,3.644867317
-0.8925,3.329605136,3.645663956
-0.8921875,3.321632237,3.644867317
-0.891875,3.331997005,3.645663956
-0.8915625,3.328807846,3.647257234
-0.89125,3.331997005,3.645663956
-0.8909375,3.328807846,3.646460595
-0.890625,3.345550932,3.646460595
-0.8903125,3.349537381,3.645663956
-0.89,3.360699438,3.644070678
-0.8896875,3.359104859,3.644070678
-0.889375,3.359902149,3.646460595
-0.8890625,3.362294018,3.646460595
-0.88875,3.359902149,3.648850512
-0.8884375,3.377442525,3.652037068
-0.888125,3.370266916,3.652833707
-0.8878125,3.377442525,3.652037068
-0.8875,3.383820843,3.652037068
-0.8871875,3.402955799,3.654426985
-0.886875,3.403753089,3.651240429
-0.8865625,3.391793741,3.651240429
-0.88625,3.406942248,3.652037068
-0.8859375,3.401361219,3.651240429
-0.885625,3.404550378,3.651240429
-0.8853125,3.39976664,3.649647151
-0.885,3.402955799,3.649647151
-0.8846875,3.408536827,3.647257234
-0.884375,3.410928697,3.647257234
-0.8840625,3.421293465,3.648053873
-0.88375,3.417307015,3.646460595
-0.8834375,3.417307015,3.646460595
-0.883125,3.418104305,3.645663956
-0.8828125,3.419698885,3.645663956
-0.8825,3.422090754,3.644070678
-0.8821875,3.418901595,3.643274039
-0.881875,3.426874493,3.643274039
-0.8815625,3.427671783,3.6424774
-0.88125,3.431658232,3.643274039
-0.8809375,3.435644681,3.644070678
-0.880625,3.437239261,3.644070678
-0.8803125,3.43963113,3.643274039
-0.88,3.435644681,3.644070678
-0.8796875,3.445212159,3.645663956
-0.879375,3.442023,3.644070678
-0.8790625,3.442023,3.640087483
-0.87875,3.446009449,3.640087483
-0.8784375,3.448401318,3.640884122
-0.878125,3.454779637,3.640884122
-0.8778125,3.451590478,3.6424774
-0.8775,3.461157955,3.643274039
-0.8771875,3.456374216,3.643274039
-0.876875,3.461157955,3.643274039
-0.8765625,3.464347115,3.644070678
-0.87625,3.465144404,3.645663956
-0.8759375,3.476306462,3.644867317
-0.875625,3.472320013,3.644867317
-0.8753125,3.481887491,3.645663956
-0.875,3.481887491,3.646460595
-0.8746875,3.48268478,3.646460595
-0.874375,3.489063099,3.645663956
-0.8740625,3.48348207,3.647257234
-0.87375,3.496238707,3.647257234
-0.8734375,3.491454968,3.647257234
-0.873125,3.498630577,3.648053873
-0.8728125,3.509792634,3.648053873
-0.8725,3.512981793,3.649647151
-0.8721875,3.515373663,3.651240429
-0.871875,3.510589924,3.652833707
-0.8715625,3.532914039,3.655223624
-0.87125,3.5281303,3.656816902
-0.8709375,3.52892759,3.656816902
-0.870625,3.537697778,3.656020263
-0.8703125,3.540089647,3.656020263
-0.87,3.548859835,3.656020263
-0.8696875,3.543278807,3.655223624
-0.869375,3.548859835,3.654426985
-0.8690625,3.550454415,3.653630346
-0.86875,3.550454415,3.652833707
-0.8684375,3.556035444,3.652833707
-0.868125,3.556035444,3.652833707
-0.8678125,3.564008342,3.652037068
-0.8675,3.560021893,3.651240429
-0.8671875,3.563211052,3.65044379
-0.866875,3.568792081,3.649647151
-0.8665625,3.565602921,3.648850512
-0.86625,3.57277853,3.648850512
-0.8659375,3.56958937,3.648053873
-0.865625,3.576764979,3.648053873
-0.8653125,3.579156848,3.647257234
-0.865,3.577562269,3.646460595
-0.8646875,3.584737877,3.647257234
-0.864375,3.583143297,3.647257234
-0.8640625,3.590318906,3.648053873
-0.86375,3.590318906,3.647257234
-0.8634375,3.595899934,3.648850512
-0.863125,3.598291804,3.648850512
-0.8628125,3.595899934,3.648850512
-0.8625,3.603075543,3.646460595
-0.8621875,3.599089094,3.644070678
-0.861875,3.604670122,3.644867317
-0.8615625,3.606264702,3.644867317
-0.86125,3.607859282,3.646460595
-0.8609375,3.6142376,3.647257234
-0.860625,3.611845731,3.647257234
-0.8603125,3.622210498,3.647257234
-0.86,3.620615919,3.648850512
-0.8596875,3.623805078,3.648850512
-0.859375,3.630183397,3.649647151
-0.8590625,3.628588817,3.648850512
-0.85875,3.638953585,3.648850512
-0.8584375,3.634967135,3.648850512
-0.858125,3.640548164,3.648053873
-0.8578125,3.643737323,3.648053873
-0.8575,3.643737323,3.647257234
-0.8571875,3.651710222,3.647257234
-0.856875,3.649318352,3.648053873
-0.8565625,3.65649396,3.648053873
-0.85625,3.65808854,3.648053873
-0.8559375,3.662074989,3.648053873
-0.855625,3.666061438,3.648850512
-0.8553125,3.666858728,3.652037068
-0.855,3.680412655,3.652833707
-0.8546875,3.679615365,3.653630346
-0.854375,3.682007235,3.653630346
-0.8540625,3.688385553,3.652833707
-0.85375,3.686790974,3.653630346
-0.8534375,3.693169292,3.654426985
-0.853125,3.693169292,3.654426985
-0.8528125,3.699547611,3.652833707
-0.8525,3.698750321,3.652037068
-0.8521875,3.696358451,3.652037068
-0.851875,3.707520509,3.651240429
-0.8515625,3.704331349,3.651240429
-0.85125,3.707520509,3.65044379
-0.8509375,3.709115088,3.648850512
-0.850625,3.709912378,3.648850512
-0.8503125,3.714696117,3.648053873
-0.85,3.713101537,3.648053873
-0.8496875,3.720277146,3.646460595
-0.849375,3.718682566,3.646460595
-0.8490625,3.718682566,3.645663956
-0.84875,3.725858175,3.644867317
-0.8484375,3.722669015,3.644070678
-0.848125,3.731439203,3.644867317
-0.8478125,3.729844624,3.644867317
-0.8475,3.733033783,3.644867317
-0.8471875,3.739412101,3.644867317
-0.846875,3.736222942,3.645663956
-0.8465625,3.748979579,3.645663956
-0.84625,3.743398551,3.645663956
-0.8459375,3.74658771,3.644070678
-0.845625,3.747385,3.641680761
-0.8453125,3.74499313,3.641680761
-0.845,3.756155188,3.640884122
-0.8446875,3.752168739,3.6424774
-0.844375,3.756155188,3.641680761
-0.8440625,3.760938926,3.643274039
-0.84375,3.760141637,3.644070678
-0.8434375,3.769709114,3.644867317
-0.843125,3.768114535,3.644867317
-0.8428125,3.772898274,3.646460595
-0.8425,3.775290143,3.646460595
-0.8421875,3.773695564,3.645663956
-0.841875,3.785654911,3.646460595
-0.8415625,3.780871172,3.646460595
-0.84125,3.786452201,3.646460595
-0.8409375,3.78884407,3.647257234
-0.840625,3.78884407,3.647257234
-0.8403125,3.797614258,3.647257234
-0.84,3.794425099,3.647257234
-0.8396875,3.801600707,3.648053873
-0.839375,3.802397997,3.648850512
-0.8390625,3.803195287,3.649647151
-0.83875,3.811965475,3.652037068
-0.8384375,3.812762765,3.653630346
-0.838125,3.820735663,3.654426985
-0.8378125,3.820735663,3.654426985
-0.8375,3.821532953,3.655223624
-0.8371875,3.830303141,3.656020263
-0.836875,3.829505851,3.656020263
-0.8365625,3.83269501,3.655223624
-0.83625,3.8334923,3.654426985
-0.8359375,3.836681459,3.654426985
-0.835625,3.839870618,3.654426985
-0.8353125,3.835884169,3.652037068
-0.835,3.848640806,3.651240429
-0.8346875,3.846248937,3.651240429
-0.834375,3.847046227,3.651240429
-0.8340625,3.853424545,3.649647151
-0.83375,3.854221835,3.648850512
-0.8334375,3.857410994,3.648850512
-0.833125,3.857410994,3.647257234
-0.8328125,3.860600154,3.645663956
-0.8325,3.864586603,3.645663956
-0.8321875,3.862194733,3.645663956
-0.831875,3.87415408,3.644070678
-0.8315625,3.870167631,3.644867317
-0.83125,3.873356791,3.645663956
-0.8309375,3.879735109,3.645663956
-0.830625,3.880532399,3.645663956
-0.8303125,3.891694456,3.646460595
-0.83,3.889302587,3.647257234
-0.8296875,3.893289036,3.647257234
-0.829375,3.897275485,3.647257234
-0.8290625,3.893289036,3.644867317
-0.82875,3.903653804,3.643274039
-0.8284375,3.898870065,3.643274039
-0.828125,3.902059224,3.643274039
-0.8278125,3.908437543,3.644070678
-0.8275,3.906842963,3.644070678
-0.8271875,3.916410441,3.644070678
-0.826875,3.915613151,3.644867317
-0.8265625,3.9195996,3.645663956
-0.82625,3.923586049,3.646460595
-0.8259375,3.921991469,3.647257234
-0.825625,3.936342686,3.646460595
-0.8253125,3.932356237,3.646460595
-0.825,3.933950817,3.647257234
-0.8246875,3.941923715,3.647257234
-0.824375,3.938734556,3.646460595
-0.8240625,3.948302033,3.647257234
-0.82375,3.945112874,3.645663956
-0.8234375,3.949099323,3.646460595
-0.823125,3.952288482,3.646460595
-0.8228125,3.950693903,3.648053873
-0.8225,3.96185596,3.648850512
-0.8221875,3.960261381,3.649647151
-0.821875,3.965842409,3.652833707
-0.8215625,3.973018018,3.653630346
-0.82125,3.971423438,3.654426985
-0.8209375,3.978599046,3.655223624
-0.820625,3.980193626,3.656020263
-0.8203125,3.982585496,3.655223624
-0.82,3.986571945,3.654426985
-0.8196875,3.984180075,3.654426985
-0.819375,3.992950263,3.653630346
-0.8190625,3.992152973,3.652833707
-0.81875,3.988963814,3.651240429
-0.8184375,3.995342133,3.651240429
-0.818125,3.992950263,3.651240429
-0.8178125,3.998531292,3.65044379
-0.8175,3.997734002,3.649647151
-0.8171875,3.996139422,3.648053873
-0.816875,4.001720451,3.648850512
-0.8165625,3.998531292,3.648053873
-0.81625,4.00490961,3.646460595
-0.8159375,4.00490961,3.646460595
-0.815625,4.00650419,3.646460595
-0.8153125,4.012085219,3.646460595
-0.815,4.00809877,3.644867317
-0.8146875,4.014477088,3.646460595
-0.814375,4.016071668,3.646460595
-0.8140625,4.014477088,3.645663956
-0.81375,4.019260827,3.645663956
-0.8134375,4.017666247,3.646460595
-0.813125,4.024841856,3.647257234
-0.8128125,4.026436435,3.647257234
-0.8125,4.020058117,3.644070678
-0.8121875,4.028828305,3.643274039
-0.811875,4.025639146,3.643274039
-0.8115625,4.028828305,3.6424774
-0.81125,4.032814754,3.643274039
-0.8109375,4.028031015,3.643274039
-0.810625,4.036003913,3.644070678
-0.8103125,4.034409334,3.644867317
-0.81,4.041584942,3.645663956
-0.8096875,4.043976811,3.646460595
-0.809375,4.043179522,3.646460595
-0.8090625,4.052746999,3.646460595
-0.80875,4.077462984,3.647257234
-0.8084375,4.087030462,3.646460595
-0.808125,4.249677584,3.645663956
-0.8078125,4.298312263,3.645663956
-0.8075,4.48647266,3.643274039
-0.8071875,4.475310602,3.644070678
-0.806875,4.390797882,3.645663956
-0.8065625,4.437040691,3.646460595
-0.80625,4.471324153,3.646460595
-0.8059375,4.323825537,3.647257234
-0.805625,4.331001145,3.647257234
-0.8053125,4.324622827,3.65044379
-0.805,4.233731788,3.651240429
-0.8046875,4.189880848,3.651240429
-0.804375,4.300704132,3.651240429
-0.8040625,4.323825537,3.652037068
-0.80375,4.425081344,3.654426985
-0.8034375,4.493648268,3.654426985
-0.803125,4.516769673,3.654426985
-0.8028125,4.444216299,3.651240429
-0.8025,4.471324153,3.652037068
-0.8021875,4.48647266,3.651240429
-0.801875,4.448202749,3.649647151
-0.8015625,4.417905735,3.649647151
-0.80125,4.26960983,3.651240429
-0.8009375,4.244893845,3.65044379
-0.800625,4.159583835,3.65044379
-0.8003125,4.134070561,3.652037068
-0.8,4.128489532,3.651240429
-0.7996875,4.131678691,3.65044379
-0.799375,4.131678691,3.65044379
-0.7990625,4.127692242,3.649647151
-0.79875,4.134867851,3.648850512
-0.7984375,4.129286822,3.648053873
-0.798125,4.132475981,3.648850512
-0.7978125,4.133273271,3.648850512
-0.7975,4.130881401,3.648850512
-0.7971875,4.13805701,3.649647151
-0.796875,4.134070561,3.648850512
-0.7965625,4.13725972,3.649647151
-0.79625,4.13725972,3.649647151
-0.7959375,4.132475981,3.648053873
-0.795625,4.13805701,3.645663956
-0.7953125,4.133273271,3.645663956
-0.795,4.13566514,3.645663956
-0.7946875,4.13725972,3.645663956
-0.794375,4.134070561,3.645663956
-0.7940625,4.141246169,3.646460595
-0.79375,4.13805701,3.646460595
-0.7934375,4.142840749,3.648053873
-0.793125,4.143638039,3.648053873
-0.7928125,4.139651589,3.648053873
-0.7925,4.147624488,3.648053873
-0.7921875,4.143638039,3.648850512
-0.791875,4.146827198,3.649647151
-0.7915625,4.147624488,3.649647151
-0.79125,4.145232618,3.649647151
-0.7909375,4.150813647,3.649647151
-0.790625,4.146827198,3.649647151
-0.7903125,4.151610937,3.649647151
-0.79,4.150813647,3.649647151
-0.7896875,4.149219067,3.651240429
-0.789375,4.156394676,3.651240429
-0.7890625,4.151610937,3.652037068
-0.78875,4.157989255,3.652833707
-0.7884375,4.158786545,3.655223624
-0.788125,4.160381125,3.656020263
-0.7878125,4.165164864,3.656816902
-0.7875,4.160381125,3.657613541
-0.7871875,4.168354023,3.658410181
-0.786875,4.164367574,3.658410181
-0.7865625,4.163570284,3.657613541
-0.78625,4.167556733,3.656020263
-0.7859375,4.161178414,3.656020263
-0.785625,4.166759443,3.655223624
-0.7853125,4.164367574,3.655223624
-0.785,4.164367574,3.654426985
-0.7846875,4.165962153,3.653630346
-0.784375,4.161178414,3.652833707
-0.7840625,4.167556733,3.652037068
-0.78375,4.161975704,3.651240429
-0.7834375,4.163570284,3.652037068
-0.783125,4.163570284,3.65044379
-0.7828125,4.161178414,3.65044379
-0.7825,4.165962153,3.649647151
-0.7821875,4.160381125,3.649647151
-0.781875,4.163570284,3.648053873
-0.7815625,4.161975704,3.648053873
-0.78125,4.159583835,3.647257234
-0.7809375,4.165962153,3.648053873
-0.780625,4.161178414,3.648053873
-0.7803125,4.167556733,3.648850512
-0.78,4.165164864,3.649647151
-0.7796875,4.166759443,3.649647151
-0.779375,4.168354023,3.648850512
-0.7790625,4.160381125,3.646460595
-0.77875,4.167556733,3.645663956
-0.7784375,4.161975704,3.646460595
-0.778125,4.165164864,3.646460595
-0.7778125,4.165962153,3.646460595
-0.7775,4.164367574,3.646460595
-0.7771875,4.169948602,3.647257234
-0.776875,4.165962153,3.648053873
-0.7765625,4.172340472,3.648053873
-0.77625,4.169151313,3.648850512
-0.7759375,4.170745892,3.65044379
-0.775625,4.173935052,3.649647151
-0.7753125,4.168354023,3.649647151
-0.775,4.176326921,3.648850512
-0.7746875,4.171543182,3.649647151
-0.774375,4.174732341,3.648850512
-0.7740625,4.175529631,3.648850512
-0.77375,4.172340472,3.649647151
-0.7734375,4.17871879,3.648053873
-0.773125,4.173137762,3.649647151
-0.7728125,4.18031337,3.649647151
-0.7725,4.176326921,3.65044379
-0.7721875,4.17871879,3.65044379
-0.771875,4.184299819,3.653630346
-0.7715625,4.18111066,3.655223624
-0.77125,4.189880848,3.656020263
-0.7709375,4.184299819,3.656020263
-0.770625,4.187488978,3.655223624
-0.7703125,4.187488978,3.656020263
-0.77,4.185894399,3.655223624
-0.7696875,4.189083558,3.656020263
-0.769375,4.18190795,3.654426985
-0.7690625,4.190678138,3.654426985
-0.76875,4.184299819,3.653630346
-0.7684375,4.185097109,3.652833707
-0.768125,4.185894399,3.652833707
-0.7678125,4.18190795,3.651240429
-0.7675,4.185894399,3.651240429
-0.7671875,4.17871879,3.65044379
-0.766875,4.185097109,3.649647151
-0.7665625,4.18190795,3.65044379
-0.76625,4.18111066,3.648850512
-0.7659375,4.18190795,3.648850512
-0.765625,4.177921501,3.648053873
-0.7653125,4.183502529,3.647257234
-0.765,4.177124211,3.647257234
-0.7646875,4.183502529,3.647257234
-0.764375,4.18031337,3.648053873
-0.7640625,4.18031337,3.648053873
-0.76375,4.184299819,3.648053873
-0.7634375,4.17951608,3.648850512
-0.763125,4.187488978,3.648850512
-0.7628125,4.18190795,3.648850512
-0.7625,4.184299819,3.645663956
-0.7621875,4.17951608,3.645663956
-0.761875,4.177921501,3.645663956
-0.7615625,4.183502529,3.645663956
-0.76125,4.176326921,3.645663956
-0.7609375,4.185097109,3.645663956
-0.760625,4.17951608,3.645663956
-0.7603125,4.185097109,3.646460595
-0.76,4.18270524,3.647257234
-0.7596875,4.18270524,3.648053873
-0.759375,4.186691689,3.648053873
-0.7590625,4.18190795,3.648053873
-0.75875,4.188286268,3.648053873
-0.7584375,4.18190795,3.648053873
-0.758125,4.188286268,3.648053873
-0.7578125,4.185894399,3.648850512
-0.7575,4.185894399,3.649647151
-0.7571875,4.189083558,3.648850512
-0.756875,4.183502529,3.648053873
-0.7565625,4.190678138,3.648850512
-0.75625,4.184299819,3.649647151
-0.7559375,4.190678138,3.65044379
-0.755625,4.187488978,3.65044379
-0.7553125,4.190678138,3.652037068
-0.755,4.195461877,3.655223624
-0.7546875,4.193867297,3.656020263
-0.754375,4.198651036,3.656020263
-0.7540625,4.191475428,3.656020263
-0.75375,4.200245616,3.656816902
-0.7534375,4.193867297,3.656816902
-0.753125,4.197056456,3.656816902
-0.7528125,4.195461877,3.656020263
-0.7525,4.193867297,3.655223624
-0.7521875,4.196259166,3.653630346
-0.751875,4.189083558,3.652833707
-0.7515625,4.196259166,3.652833707
-0.75125,4.189880848,3.652833707
-0.7509375,4.193070007,3.652037068
-0.750625,4.189880848,3.65044379
-0.7503125,4.188286268,3.649647151
-0.75,4.189083558,3.649647151
-0.7496875,4.183502529,3.648850512
-0.749375,4.190678138,3.648850512
-0.7490625,4.18270524,3.647257234
-0.74875,4.187488978,3.647257234
-0.7484375,4.183502529,3.647257234
-0.748125,4.185097109,3.646460595
-0.7478125,4.185097109,3.647257234
-0.7475,4.18270524,3.647257234
-0.7471875,4.187488978,3.647257234
-0.746875,4.18190795,3.648053873
-0.7465625,4.189880848,3.648053873
-0.74625,4.18190795,3.648053873
-0.7459375,4.185894399,3.646460595
-0.745625,4.18111066,3.645663956
-0.7453125,4.17951608,3.644867317
-0.745,4.18190795,3.644867317
-0.7446875,4.177921501,3.645663956
-0.744375,4.18270524,3.645663956
-0.7440625,4.177921501,3.646460595
-0.74375,4.186691689,3.647257234
-0.7434375,4.18190795,3.648053873
-0.743125,4.185097109,3.648053873
-0.7428125,4.183502529,3.648053873
-0.7425,4.183502529,3.648053873
-0.7421875,4.185097109,3.648053873
-0.741875,4.18031337,3.648850512
-0.7415625,4.186691689,3.648053873
-0.74125,4.17951608,3.648850512
-0.7409375,4.185894399,3.648053873
-0.740625,4.18031337,3.649647151
-0.7403125,4.185097109,3.648053873
-0.74,4.18270524,3.648850512
-0.7396875,4.18190795,3.648053873
-0.739375,4.184299819,3.648850512
-0.7390625,4.18111066,3.649647151
-0.73875,4.189083558,3.651240429
-0.7384375,4.185097109,3.654426985
-0.738125,4.194664587,3.656020263
-0.7378125,4.187488978,3.656020263
-0.7375,4.193070007,3.656020263
-0.7371875,4.189880848,3.656020263
-0.736875,4.190678138,3.656020263
-0.7365625,4.190678138,3.656020263
-0.73625,4.187488978,3.656020263
-0.7359375,4.190678138,3.655223624
-0.735625,4.184299819,3.654426985
-0.7353125,4.190678138,3.654426985
-0.735,4.18270524,3.653630346
-0.7346875,4.189083558,3.652037068
-0.734375,4.183502529,3.652037068
-0.7340625,4.184299819,3.651240429
-0.73375,4.18111066,3.65044379
-0.7334375,4.18031337,3.65044379
-0.733125,4.18190795,3.65044379
-0.7328125,4.174732341,3.648850512
-0.7325,4.18111066,3.648053873
-0.7321875,4.172340472,3.648053873
-0.731875,4.17951608,3.647257234
-0.7315625,4.171543182,3.646460595
-0.73125,4.177124211,3.647257234
-0.7309375,4.173935052,3.647257234
-0.730625,4.174732341,3.648053873
-0.7303125,4.174732341,3.648053873
-0.73,4.174732341,3.648850512
-0.7296875,4.17871879,3.648850512
-0.729375,4.172340472,3.648850512
-0.7290625,4.175529631,3.645663956
-0.72875,4.166759443,3.644867317
-0.7284375,4.173137762,3.645663956
-0.728125,4.167556733,3.645663956
-0.7278125,4.173137762,3.645663956
-0.7275,4.170745892,3.646460595
-0.7271875,4.171543182,3.647257234
-0.726875,4.172340472,3.647257234
-0.7265625,4.169151313,3.647257234
-0.72625,4.171543182,3.647257234
-0.7259375,4.167556733,3.648850512
-0.725625,4.174732341,3.649647151
-0.7253125,4.166759443,3.648850512
-0.725,4.174732341,3.648850512
-0.7246875,4.166759443,3.649647151
-0.724375,4.171543182,3.649647151
-0.7240625,4.167556733,3.649647151
-0.72375,4.169151313,3.648850512
-0.7234375,4.168354023,3.648850512
-0.723125,4.166759443,3.648850512
-0.7228125,4.169948602,3.649647151
-0.7225,4.165962153,3.65044379
-0.7221875,4.171543182,3.65044379
-0.721875,4.169151313,3.654426985
-0.7215625,4.177124211,3.656020263
-0.72125,4.169151313,3.656020263
-0.7209375,4.17871879,3.656020263
-0.720625,4.171543182,3.656020263
-0.7203125,4.176326921,3.656020263
-0.72,4.171543182,3.656020263
-0.7196875,4.173137762,3.655223624
-0.719375,4.170745892,3.654426985
-0.7190625,4.169151313,3.654426985
-0.71875,4.169151313,3.653630346
-0.7184375,4.165962153,3.653630346
-0.718125,4.168354023,3.654426985
-0.7178125,4.161975704,3.652833707
-0.7175,4.167556733,3.652833707
-0.7171875,4.158786545,3.651240429
-0.716875,4.165164864,3.65044379
-0.7165625,4.156394676,3.649647151
-0.71625,4.162772994,3.649647151
-0.7159375,4.155597386,3.649647151
-0.715625,4.157191965,3.648850512
-0.7153125,4.154800096,3.648053873
-0.715,4.154800096,3.647257234
-0.7146875,4.154800096,3.648053873
-0.714375,4.152408226,3.648053873
-0.7140625,4.155597386,3.648053873
-0.71375,4.150813647,3.647257234
-0.7134375,4.155597386,3.648053873
-0.713125,4.149219067,3.649647151
-0.7128125,4.157191965,3.648850512
-0.7125,4.146827198,3.646460595
-0.7121875,4.151610937,3.644867317
-0.711875,4.143638039,3.644867317
-0.7115625,4.150016357,3.645663956
-0.71125,4.145232618,3.644867317
-0.7109375,4.148421777,3.645663956
-0.710625,4.146029908,3.646460595
-0.7103125,4.148421777,3.647257234
-0.71,4.147624488,3.647257234
-0.7096875,4.146029908,3.648053873
-0.709375,4.147624488,3.648850512
-0.7090625,4.145232618,3.648850512
-0.70875,4.148421777,3.649647151
-0.7084375,4.142043459,3.649647151
-0.708125,4.147624488,3.648053873
-0.7078125,4.140448879,3.648053873
-0.7075,4.146827198,3.648850512
-0.7071875,4.1388543,3.648053873
-0.706875,4.146827198,3.648053873
-0.7065625,4.139651589,3.648850512
-0.70625,4.144435328,3.649647151
-0.7059375,4.140448879,3.65044379
-0.705625,4.145232618,3.65044379
-0.7053125,4.143638039,3.652833707
-0.705,4.147624488,3.655223624
-0.7046875,4.146029908,3.655223624
-0.704375,4.146827198,3.656020263
-0.7040625,4.146827198,3.656816902
-0.70375,4.144435328,3.656020263
-0.7034375,4.146827198,3.656816902
-0.703125,4.143638039,3.655223624
-0.7028125,4.146029908,3.655223624
-0.7025,4.139651589,3.654426985
-0.7021875,4.144435328,3.654426985
-0.701875,4.13646243,3.654426985
-0.7015625,4.141246169,3.652833707
-0.70125,4.133273271,3.652037068
-0.7009375,4.140448879,3.652037068
-0.700625,4.130084112,3.651240429
-0.7003125,4.13646243,3.651240429
-0.7,4.129286822,3.65044379
-0.6996875,4.134867851,3.65044379
-0.699375,4.126894952,3.648850512
-0.6990625,4.129286822,3.648850512
-0.69875,4.122908503,3.648053873
-0.6984375,4.126097663,3.647257234
-0.698125,4.123705793,3.646460595
-0.6978125,4.124503083,3.647257234
-0.6975,4.123705793,3.647257234
-0.6971875,4.123705793,3.647257234
-0.696875,4.122908503,3.647257234
-0.6965625,4.122111213,3.648850512
-0.69625,4.124503083,3.648850512
-0.6959375,4.119719344,3.648053873
-0.695625,4.118922054,3.645663956
-0.6953125,4.113341025,3.645663956
-0.695,4.118124764,3.644867317
-0.6946875,4.113341025,3.644070678
-0.694375,4.118124764,3.645663956
-0.6940625,4.111746446,3.645663956
-0.69375,4.120516634,3.646460595
-0.6934375,4.112543736,3.646460595
-0.693125,4.119719344,3.647257234
-0.6928125,4.110949156,3.647257234
-0.6925,4.118922054,3.647257234
-0.6921875,4.110949156,3.648053873
-0.691875,4.116530185,3.648053873
-0.6915625,4.109354576,3.648053873
-0.69125,4.115732895,3.648053873
-0.6909375,4.109354576,3.648053873
-0.690625,4.112543736,3.648053873
-0.6903125,4.107759997,3.648053873
-0.69,4.112543736,3.648053873
-0.6896875,4.108557287,3.648053873
-0.689375,4.110949156,3.648850512
-0.6890625,4.109354576,3.649647151
-0.68875,4.111746446,3.651240429
-0.6884375,4.112543736,3.654426985
-0.688125,4.113341025,3.655223624
-0.6878125,4.113341025,3.655223624
-0.6875,4.112543736,3.656020263
-0.6871875,4.113341025,3.656020263
-0.686875,4.110949156,3.656020263
-0.6865625,4.110949156,3.655223624
-0.68625,4.109354576,3.655223624
-0.6859375,4.110151866,3.654426985
-0.685625,4.105368127,3.654426985
-0.6853125,4.106962707,3.652833707
-0.685,4.102178968,3.652037068
-0.6846875,4.103773548,3.652037068
-0.684375,4.098989809,3.651240429
-0.6840625,4.101381678,3.65044379
-0.68375,4.09580065,3.649647151
-0.6834375,4.098989809,3.649647151
-0.683125,4.0918142,3.648850512
-0.6828125,4.09580065,3.648053873
-0.6825,4.089422331,3.648053873
-0.6821875,4.09340878,3.647257234
-0.681875,4.083841302,3.648053873
-0.6815625,4.091016911,3.646460595
-0.68125,4.083044012,3.647257234
-0.6809375,4.090219621,3.648053873
-0.680625,4.081449433,3.648053873
-0.6803125,4.088625041,3.648053873
-0.68,4.080652143,3.649647151
-0.6796875,4.087827751,3.648850512
-0.679375,4.077462984,3.65044379
-0.6790625,4.083044012,3.646460595
-0.67875,4.071084665,3.645663956
-0.6784375,4.079057563,3.645663956
-0.678125,4.067895506,3.647257234
-0.6778125,4.078260274,3.646460595
-0.6775,4.068692796,3.647257234
-0.6771875,4.077462984,3.647257234
-0.676875,4.066300926,3.648850512
-0.6765625,4.077462984,3.647257234
-0.67625,4.066300926,3.649647151
-0.6759375,4.075868404,3.648850512
-0.675625,4.064706347,3.65044379
-0.6753125,4.074273824,3.648850512
-0.675,4.063909057,3.65044379
-0.6746875,4.072679245,3.649647151
-0.674375,4.062314477,3.65044379
-0.6740625,4.070287375,3.65044379
-0.67375,4.060719898,3.651240429
-0.6734375,4.068692796,3.651240429
-0.673125,4.058328028,3.651240429
-0.6728125,4.068692796,3.651240429
-0.6725,4.059922608,3.652833707
-0.6721875,4.067895506,3.652833707
-0.671875,4.060719898,3.656020263
-0.6715625,4.071881955,3.656816902
-0.67125,4.061517187,3.65920682
-0.6709375,4.070287375,3.658410181
-0.670625,4.059125318,3.65920682
-0.6703125,4.069490086,3.65920682
-0.67,4.059125318,3.65920682
-0.6696875,4.066300926,3.658410181
-0.669375,4.055138869,3.658410181
-0.6690625,4.064706347,3.656816902
-0.66875,4.053544289,3.656020263
-0.6684375,4.059125318,3.655223624
-0.668125,4.04955784,3.654426985
-0.6678125,4.056733448,3.653630346
-0.6675,4.047165971,3.653630346
-0.6671875,4.052746999,3.652037068
-0.666875,4.043976811,3.652037068
-0.6665625,4.05115242,3.652037068
-0.66625,4.040787652,3.651240429
-0.6659375,4.047165971,3.65044379
-0.665625,4.038395783,3.65044379
-0.6653125,4.044774101,3.649647151
-0.665,4.036003913,3.648850512
-0.6646875,4.042382232,3.649647151
-0.664375,4.034409334,3.649647151
-0.6640625,4.039990362,3.65044379
-0.66375,4.033612044,3.648850512
-0.6634375,4.038395783,3.65044379
-0.663125,4.032814754,3.651240429
-0.6628125,4.038395783,3.651240429
-0.6625,4.029625595,3.649647151
-0.6621875,4.032017464,3.648053873
-0.661875,4.025639146,3.647257234
-0.6615625,4.028828305,3.647257234
-0.66125,4.024044566,3.647257234
-0.6609375,4.026436435,3.648053873
-0.660625,4.023247276,3.649647151
-0.6603125,4.025639146,3.649647151
-0.66,4.024044566,3.65044379
-0.6596875,4.024044566,3.65044379
-0.659375,4.022449986,3.651240429
-0.6590625,4.022449986,3.651240429
-0.65875,4.021652697,3.65044379
-0.6584375,4.020058117,3.65044379
-0.658125,4.019260827,3.65044379
-0.6578125,4.017666247,3.65044379
-0.6575,4.019260827,3.65044379
-0.6571875,4.016868958,3.65044379
-0.656875,4.016868958,3.651240429
-0.6565625,4.012882509,3.65044379
-0.65625,4.016868958,3.651240429
-0.6559375,4.012882509,3.652037068
-0.655625,4.016071668,3.652037068
-0.6553125,4.011287929,3.652833707
-0.655,4.020058117,3.656816902
-0.6546875,4.014477088,3.657613541
-0.654375,4.019260827,3.657613541
-0.6540625,4.012882509,3.658410181
-0.65375,4.020058117,3.657613541
-0.6534375,4.010490639,3.658410181
-0.653125,4.016868958,3.658410181
-0.6528125,4.00730148,3.657613541
-0.6525,4.015274378,3.656816902
-0.6521875,4.0057069,3.656816902
-0.651875,4.011287929,3.656020263
-0.6515625,4.002517741,3.655223624
-0.65125,4.00809877,3.655223624
-0.6509375,3.999328582,3.654426985
-0.650625,4.002517741,3.652833707
-0.6503125,3.996139422,3.652037068
-0.65,3.999328582,3.652037068
-0.6496875,3.994544843,3.652037068
-0.649375,3.996139422,3.651240429
-0.6490625,3.990558394,3.65044379
-0.64875,3.992152973,3.65044379
-0.6484375,3.988166524,3.649647151
-0.648125,3.987369234,3.65044379
-0.6478125,3.987369234,3.649647151
-0.6475,3.985774655,3.65044379
-0.6471875,3.986571945,3.65044379
-0.646875,3.983382785,3.65044379
-0.6465625,3.984977365,3.65044379
-0.64625,3.979396336,3.65044379
-0.6459375,3.984180075,3.649647151
-0.645625,3.973815308,3.647257234
-0.6453125,3.978599046,3.646460595
-0.645,3.969031569,3.648053873
-0.6446875,3.978599046,3.647257234
-0.644375,3.968234279,3.648053873
-0.6440625,3.975409887,3.648053873
-0.64375,3.966639699,3.648053873
-0.6434375,3.974612597,3.649647151
-0.643125,3.967436989,3.649647151
-0.6428125,3.972220728,3.65044379
-0.6425,3.967436989,3.651240429
-0.6421875,3.970626148,3.65044379
-0.641875,3.965842409,3.65044379
-0.6415625,3.966639699,3.651240429
-0.64125,3.96424783,3.65044379
-0.6409375,3.96265325,3.65044379
-0.640625,3.96345054,3.651240429
-0.6403125,3.959464091,3.65044379
-0.64,3.96265325,3.651240429
-0.6396875,3.957072221,3.651240429
-0.639375,3.96345054,3.652037068
-0.6390625,3.955477642,3.652037068
-0.63875,3.96345054,3.654426985
-0.6384375,3.957072221,3.656020263
-0.638125,3.967436989,3.658410181
-0.6378125,3.957869511,3.658410181
-0.6375,3.96424783,3.658410181
-0.6371875,3.957072221,3.658410181
-0.636875,3.96185596,3.65920682
-0.6365625,3.957869511,3.658410181
-0.63625,3.958666801,3.657613541
-0.6359375,3.953883062,3.656816902
-0.635625,3.953085772,3.656020263
-0.6353125,3.952288482,3.655223624
-0.635,3.949099323,3.655223624
-0.6346875,3.949896613,3.655223624
-0.634375,3.943518295,3.655223624
-0.6340625,3.946707454,3.653630346
-0.63375,3.937937266,3.652037068
-0.6334375,3.944315584,3.652037068
-0.633125,3.933950817,3.651240429
-0.6328125,3.941126425,3.65044379
-0.6325,3.930761657,3.649647151
-0.6321875,3.936342686,3.648850512
-0.631875,3.928369788,3.649647151
-0.6315625,3.931558947,3.648053873
-0.63125,3.927572498,3.648053873
-0.6309375,3.929964368,3.648850512
-0.630625,3.926775208,3.649647151
-0.6303125,3.926775208,3.648850512
-0.63,3.928369788,3.649647151
-0.6296875,3.924383339,3.651240429
-0.629375,3.926775208,3.65044379
-0.6290625,3.917207731,3.648053873
-0.62875,3.921991469,3.646460595
-0.6284375,3.914018571,3.646460595
-0.628125,3.9195996,3.646460595
-0.6278125,3.910829412,3.646460595
-0.6275,3.91880231,3.647257234
-0.6271875,3.912423992,3.647257234
-0.626875,3.915613151,3.648053873
-0.6265625,3.912423992,3.648850512
-0.62625,3.914018571,3.648850512
-0.6259375,3.914018571,3.649647151
-0.625625,3.912423992,3.65044379
-0.6253125,3.912423992,3.649647151
-0.625,3.906842963,3.65044379
-0.6246875,3.911626702,3.65044379
-0.624375,3.902856514,3.649647151
-0.6240625,3.910032122,3.649647151
-0.62375,3.900464644,3.649647151
-0.6234375,3.907640253,3.648850512
-0.623125,3.900464644,3.648053873
-0.6228125,3.904451093,3.649647151
-0.6225,3.900464644,3.65044379
-0.6221875,3.902059224,3.651240429
-0.621875,3.905248383,3.653630346
-0.6215625,3.903653804,3.655223624
-0.62125,3.905248383,3.656020263
-0.6209375,3.899667355,3.656020263
-0.620625,3.906045673,3.656020263
-0.6203125,3.897275485,3.656816902
-0.62,3.905248383,3.656816902
-0.6196875,3.894883616,3.656020263
-0.619375,3.901261934,3.656020263
-0.6190625,3.894086326,3.654426985
-0.61875,3.894086326,3.654426985
-0.6184375,3.890099877,3.652833707
-0.618125,3.889302587,3.653630346
-0.6178125,3.889302587,3.652833707
-0.6175,3.882126979,3.652833707
-0.6171875,3.885316138,3.65044379
-0.616875,3.87495137,3.651240429
-0.6165625,3.885316138,3.649647151
-0.61625,3.872559501,3.65044379
-0.6159375,3.878937819,3.649647151
-0.615625,3.868573052,3.649647151
-0.6153125,3.871762211,3.648850512
-0.615,3.868573052,3.648053873
-0.6146875,3.866978472,3.648850512
-0.614375,3.867775762,3.649647151
-0.6140625,3.862992023,3.65044379
-0.61375,3.868573052,3.65044379
-0.6134375,3.859005574,3.65044379
-0.613125,3.868573052,3.65044379
-0.6128125,3.858208284,3.651240429
-0.6125,3.863789313,3.649647151
-0.6121875,3.853424545,3.648053873
-0.611875,3.855019125,3.648053873
-0.6115625,3.851829966,3.647257234
-0.61125,3.851829966,3.648053873
-0.6109375,3.852627255,3.648053873
-0.610625,3.848640806,3.648850512
-0.6103125,3.852627255,3.649647151
-0.61,3.843857067,3.649647151
-0.6096875,3.853424545,3.65044379
-0.609375,3.844654357,3.65044379
-0.6090625,3.851032676,3.651240429
-0.60875,3.844654357,3.651240429
-0.6084375,3.846248937,3.65044379
-0.608125,3.843857067,3.65044379
-0.6078125,3.841465198,3.65044379
-0.6075,3.843059778,3.65044379
-0.6071875,3.836681459,3.65044379
-0.606875,3.843857067,3.65044379
-0.6065625,3.835086879,3.65044379
-0.60625,3.842262488,3.651240429
-0.6059375,3.83428959,3.652037068
-0.605625,3.838276039,3.652037068
-0.6053125,3.837478749,3.653630346
-0.605,3.837478749,3.656816902
-0.6046875,3.839870618,3.658410181
-0.604375,3.83428959,3.656020263
-0.6040625,3.840667908,3.656816902
-0.60375,3.83189772,3.657613541
-0.6034375,3.839870618,3.658410181
-0.603125,3.830303141,3.657613541
-0.6028125,3.8334923,3.656816902
-0.6025,3.829505851,3.656816902
-0.6021875,3.827911271,3.656020263
-0.601875,3.827113981,3.655223624
-0.6015625,3.820735663,3.655223624
-0.60125,3.826316691,3.654426985
-0.6009375,3.815951924,3.652833707
-0.600625,3.822330242,3.652037068
-0.6003125,3.813560054,3.651240429
-0.6,3.816749214,3.651240429
-0.5996875,3.812762765,3.651240429
-0.599375,3.809573605,3.649647151
-0.5990625,3.809573605,3.649647151
-0.59875,3.802397997,3.648053873
-0.5984375,3.808776315,3.647257234
-0.598125,3.798411548,3.646460595
-0.5978125,3.805587156,3.647257234
-0.5975,3.798411548,3.647257234
-0.5971875,3.801600707,3.648053873
-0.596875,3.799208838,3.648053873
-0.5965625,3.796816968,3.648850512
-0.59625,3.800006128,3.649647151
-0.5959375,3.79123594,3.648850512
-0.595625,3.796019678,3.646460595
-0.5953125,3.785654911,3.645663956
-0.595,3.79043865,3.645663956
-0.5946875,3.784857621,3.644867317
-0.594375,3.784857621,3.644867317
-0.5940625,3.785654911,3.646460595
-0.59375,3.781668462,3.647257234
-0.5934375,3.78724949,3.648053873
-0.593125,3.776884723,3.647257234
-0.5928125,3.78804678,3.648053873
-0.5925,3.780073882,3.648053873
-0.5921875,3.781668462,3.648053873
-0.591875,3.779276592,3.648850512
-0.5915625,3.776884723,3.648053873
-0.59125,3.780073882,3.648850512
-0.5909375,3.770506404,3.648850512
-0.590625,3.778479302,3.648850512
-0.5903125,3.768114535,3.648850512
-0.59,3.774492853,3.648053873
-0.5896875,3.769709114,3.648850512
-0.589375,3.769709114,3.649647151
-0.5890625,3.769709114,3.649647151
-0.58875,3.764925376,3.65044379
-0.5884375,3.775290143,3.652833707
-0.588125,3.767317245,3.654426985
-0.5878125,3.775290143,3.654426985
-0.5875,3.766519955,3.654426985
-0.5871875,3.770506404,3.655223624
-0.586875,3.768911825,3.654426985
-0.5865625,3.764925376,3.654426985
-0.58625,3.767317245,3.654426985
-0.5859375,3.756952477,3.654426985
-0.585625,3.767317245,3.654426985
-0.5853125,3.756952477,3.653630346
-0.585,3.758547057,3.652833707
-0.5846875,3.754560608,3.652037068
-0.584375,3.751371449,3.652037068
-0.5840625,3.753763318,3.651240429
-0.58375,3.74499313,3.65044379
-0.5834375,3.751371449,3.65044379
-0.583125,3.741006681,3.649647151
-0.5828125,3.74499313,3.648850512
-0.5825,3.740209391,3.648053873
-0.5821875,3.737020232,3.647257234
-0.581875,3.738614812,3.647257234
-0.5815625,3.729844624,3.646460595
-0.58125,3.738614812,3.646460595
-0.5809375,3.730641913,3.646460595
-0.580625,3.735425652,3.647257234
-0.5803125,3.729844624,3.647257234
-0.58,3.727452754,3.647257234
-0.5796875,3.731439203,3.647257234
-0.579375,3.722669015,3.647257234
-0.5790625,3.728250044,3.645663956
-0.57875,3.716290697,3.644070678
-0.5784375,3.719479856,3.644070678
-0.578125,3.717087987,3.644070678
-0.5778125,3.714696117,3.644070678
-0.5775,3.717885276,3.644070678
-0.5771875,3.710709668,3.645663956
-0.576875,3.719479856,3.646460595
-0.5765625,3.710709668,3.646460595
-0.57625,3.713898827,3.646460595
-0.5759375,3.711506958,3.646460595
-0.575625,3.708317799,3.646460595
-0.5753125,3.713898827,3.648053873
-0.575,3.704331349,3.647257234
-0.5746875,3.713101537,3.648053873
-0.574375,3.704331349,3.648053873
-0.5740625,3.705925929,3.648850512
-0.57375,3.705128639,3.648053873
-0.5734375,3.7003449,3.648850512
-0.573125,3.705128639,3.648850512
-0.5728125,3.697953031,3.649647151
-0.5725,3.704331349,3.649647151
-0.5721875,3.699547611,3.649647151
-0.571875,3.7003449,3.652037068
-0.5715625,3.70353406,3.654426985
-0.57125,3.697155741,3.655223624
-0.5709375,3.706723219,3.655223624
-0.570625,3.699547611,3.656020263
-0.5703125,3.70114219,3.655223624
-0.57,3.697953031,3.655223624
-0.5696875,3.694763872,3.656020263
-0.569375,3.699547611,3.654426985
-0.5690625,3.689182843,3.654426985
-0.56875,3.695561162,3.653630346
-0.5684375,3.686790974,3.652833707
-0.568125,3.687588263,3.652037068
-0.5678125,3.686790974,3.652037068
-0.5675,3.678020786,3.652833707
-0.5671875,3.685196394,3.651240429
-0.566875,3.672439757,3.652037068
-0.5665625,3.678818075,3.65044379
-0.56625,3.673237047,3.651240429
-0.5659375,3.667656018,3.652037068
-0.565625,3.670047887,3.65044379
-0.5653125,3.65888583,3.651240429
-0.565,3.668453308,3.648850512
-0.5646875,3.65888583,3.651240429
-0.564375,3.662074989,3.65044379
-0.5640625,3.65888583,3.652037068
-0.56375,3.653304801,3.652833707
-0.5634375,3.661277699,3.652037068
-0.563125,3.651710222,3.653630346
-0.5628125,3.65729125,3.652833707
-0.5625,3.650115642,3.652037068
-0.5621875,3.645331903,3.65044379
-0.561875,3.647723773,3.649647151
-0.5615625,3.638953585,3.649647151
-0.56125,3.646926483,3.65044379
-0.5609375,3.638953585,3.65044379
-0.560625,3.641345454,3.651240429
-0.5603125,3.642142744,3.652037068
-0.56,3.635764425,3.652037068
-0.5596875,3.642940034,3.653630346
-0.559375,3.634169846,3.653630346
-0.5590625,3.638953585,3.652833707
-0.55875,3.637359005,3.652833707
-0.5584375,3.631777976,3.652833707
-0.558125,3.637359005,3.653630346
-0.5578125,3.628588817,3.652833707
-0.5575,3.634967135,3.653630346
-0.5571875,3.629386107,3.653630346
-0.556875,3.627791527,3.653630346
-0.5565625,3.629386107,3.653630346
-0.55625,3.619818629,3.652833707
-0.5559375,3.630183397,3.654426985
-0.555625,3.623805078,3.655223624
-0.5553125,3.623805078,3.656020263
-0.555,3.626994237,3.65920682
-0.5546875,3.620615919,3.660003459
-0.554375,3.630183397,3.660003459
-0.5540625,3.623007788,3.660003459
-0.55375,3.623805078,3.661596737
-0.5534375,3.623805078,3.661596737
-0.553125,3.61583218,3.660800098
-0.5528125,3.623805078,3.660003459
-0.5525,3.6142376,3.65920682
-0.5521875,3.617426759,3.658410181
-0.551875,3.612643021,3.658410181
-0.5515625,3.607061992,3.656816902
-0.55125,3.612643021,3.656816902
-0.5509375,3.603075543,3.656816902
-0.550625,3.605467412,3.655223624
-0.5503125,3.601480963,3.655223624
-0.55,3.597494514,3.655223624
-0.5496875,3.602278253,3.653630346
-0.549375,3.591913485,3.652833707
-0.5490625,3.595899934,3.652833707
-0.54875,3.590318906,3.651240429
-0.5484375,3.586332457,3.651240429
-0.548125,3.591116196,3.651240429
-0.5478125,3.582346008,3.651240429
-0.5475,3.588724326,3.652037068
-0.5471875,3.583940587,3.652037068
-0.546875,3.579954138,3.652037068
-0.5465625,3.585535167,3.652037068
-0.54625,3.576764979,3.652833707
-0.5459375,3.583143297,3.652037068
-0.545625,3.57357582,3.65044379
-0.5453125,3.57038666,3.649647151
-0.545,3.574373109,3.648850512
-0.5446875,3.564805632,3.649647151
-0.544375,3.57198124,3.649647151
-0.5440625,3.566400211,3.65044379
-0.54375,3.564805632,3.651240429
-0.5434375,3.56958937,3.652037068
-0.543125,3.560819182,3.652833707
-0.5428125,3.567994791,3.653630346
-0.5425,3.562413762,3.652833707
-0.5421875,3.560021893,3.653630346
-0.541875,3.564805632,3.652833707
-0.5415625,3.555238154,3.652833707
-0.54125,3.562413762,3.652833707
-0.5409375,3.556035444,3.652833707
-0.540625,3.554440864,3.652833707
-0.5403125,3.557630023,3.652833707
-0.54,3.548062545,3.652833707
-0.5396875,3.555238154,3.653630346
-0.539375,3.550454415,3.654426985
-0.5390625,3.547265256,3.654426985
-0.53875,3.552846284,3.655223624
-0.5384375,3.547265256,3.658410181
-0.538125,3.554440864,3.660003459
-0.5378125,3.551251705,3.660003459
-0.5375,3.547265256,3.660800098
-0.5371875,3.552846284,3.661596737
-0.536875,3.544873386,3.660800098
-0.5365625,3.548859835,3.660800098
-0.53625,3.544873386,3.660003459
-0.5359375,3.538495068,3.658410181
-0.535625,3.544873386,3.658410181
-0.5353125,3.536103198,3.658410181
-0.535,3.540089647,3.657613541
-0.5346875,3.535305908,3.656816902
-0.534375,3.5281303,3.656020263
-0.5340625,3.536103198,3.656020263
-0.53375,3.525738431,3.654426985
-0.5334375,3.52653572,3.655223624
-0.533125,3.524941141,3.654426985
-0.5328125,3.516968243,3.652833707
-0.5325,3.525738431,3.652037068
-0.5321875,3.516170953,3.651240429
-0.531875,3.515373663,3.65044379
-0.5315625,3.515373663,3.65044379
-0.53125,3.506603475,3.651240429
-0.5309375,3.516170953,3.652037068
-0.530625,3.508995344,3.651240429
-0.5303125,3.507400765,3.652037068
-0.53,3.511387214,3.652833707
-0.5296875,3.502617026,3.652037068
-0.529375,3.508995344,3.652037068
-0.5290625,3.502617026,3.649647151
-0.52875,3.495441418,3.648053873
-0.5284375,3.501819736,3.648053873
-0.528125,3.493049548,3.648053873
-0.5278125,3.496238707,3.648053873
-0.5275,3.495441418,3.648053873
-0.5271875,3.489063099,3.648850512
-0.526875,3.497035997,3.648850512
-0.5265625,3.489063099,3.649647151
-0.52625,3.490657679,3.65044379
-0.5259375,3.492252258,3.65044379
-0.525625,3.48507665,3.651240429
-0.5253125,3.491454968,3.65044379
-0.525,3.48507665,3.65044379
-0.5246875,3.481887491,3.65044379
-0.524375,3.487468519,3.65044379
-0.5240625,3.478698331,3.65044379
-0.52375,3.481887491,3.65044379
-0.5234375,3.479495621,3.65044379
-0.523125,3.471522723,3.65044379
-0.5228125,3.481887491,3.651240429
-0.5225,3.474711882,3.652037068
-0.5221875,3.473117303,3.652037068
-0.521875,3.478698331,3.654426985
-0.5215625,3.472320013,3.657613541
-0.52125,3.480292911,3.658410181
-0.5209375,3.476306462,3.658410181
-0.520625,3.471522723,3.658410181
-0.5203125,3.477103752,3.658410181
-0.52,3.467536274,3.658410181
-0.5196875,3.471522723,3.657613541
-0.519375,3.469130854,3.657613541
-0.5190625,3.458766086,3.657613541
-0.51875,3.467536274,3.656020263
-0.5184375,3.457968796,3.656816902
-0.518125,3.456374216,3.656020263
-0.5178125,3.459563376,3.656020263
-0.5175,3.449198608,3.656020263
-0.5171875,3.453982347,3.654426985
-0.516875,3.447604029,3.654426985
-0.5165625,3.44122571,3.652833707
-0.51625,3.448401318,3.652037068
-0.5159375,3.438833841,3.652037068
-0.515625,3.43963113,3.651240429
-0.5153125,3.43963113,3.65044379
-0.515,3.430063653,3.65044379
-0.5146875,3.438833841,3.65044379
-0.514375,3.432455522,3.649647151
-0.5140625,3.429266363,3.65044379
-0.51375,3.434050102,3.65044379
-0.5134375,3.426874493,3.651240429
-0.513125,3.429266363,3.651240429
-0.5128125,3.429266363,3.651240429
-0.5125,3.419698885,3.65044379
-0.5121875,3.426077203,3.648053873
-0.511875,3.416509726,3.647257234
-0.5115625,3.414117856,3.647257234
-0.51125,3.419698885,3.647257234
-0.5109375,3.412523277,3.648053873
-0.510625,3.415712436,3.648850512
-0.5103125,3.415712436,3.65044379
-0.51,3.406942248,3.65044379
-0.5096875,3.418104305,3.651240429
-0.509375,3.410928697,3.651240429
-0.5090625,3.409334117,3.652037068
-0.50875,3.412523277,3.652037068
-0.5084375,3.403753089,3.651240429
-0.508125,3.408536827,3.651240429
-0.5078125,3.406144958,3.651240429
-0.5075,3.39817206,3.652037068
-0.5071875,3.406144958,3.652037068
-0.506875,3.39896935,3.652037068
-0.5065625,3.39657748,3.652037068
-0.50625,3.402158509,3.653630346
-0.5059375,3.39578019,3.652833707
-0.505625,3.39817206,3.652833707
-0.5053125,3.39817206,3.654426985
-0.505,3.392591031,3.656816902
-0.5046875,3.402955799,3.65920682
-0.504375,3.39737477,3.65920682
-0.5040625,3.392591031,3.658410181
-0.50375,3.39976664,3.660003459
-0.5034375,3.390996452,3.658410181
-0.503125,3.391793741,3.65920682
-0.5028125,3.393388321,3.658410181
-0.5025,3.383820843,3.658410181
-0.5021875,3.389401872,3.656816902
-0.501875,3.384618133,3.656816902
-0.5015625,3.377442525,3.656020263
-0.50125,3.386212713,3.655223624
-0.5009375,3.376645235,3.655223624
-0.500625,3.372658786,3.653630346
-0.5003125,3.375050655,3.652833707
-0.5,3.366280467,3.652037068
-0.4996875,3.370266916,3.652037068
-0.499375,3.367875047,3.651240429
-0.4990625,3.357510279,3.651240429
-0.49875,3.365483177,3.65044379
-0.4984375,3.358307569,3.651240429
-0.498125,3.35272654,3.65044379
-0.4978125,3.360699438,3.649647151
-0.4975,3.35272654,3.65044379
-0.4971875,3.351929251,3.65044379
-0.496875,3.35352383,3.65044379
-0.4965625,3.346348222,3.65044379
-0.49625,3.351929251,3.652037068
-0.4959375,3.350334671,3.652037068
-0.495625,3.339172613,3.648850512
-0.4953125,3.345550932,3.648053873
-0.495,3.339969903,3.647257234
-0.4946875,3.335186164,3.648053873
-0.494375,3.343159063,3.648850512
-0.4940625,3.335186164,3.648053873
-0.49375,3.335983454,3.649647151
-0.4934375,3.337578034,3.649647151
-0.493125,3.331199715,3.65044379
-0.4928125,3.335186164,3.65044379
-0.4925,3.334388875,3.65044379
-0.4921875,3.326415976,3.651240429
-0.491875,3.334388875,3.652037068
-0.4915625,3.328010556,3.652037068
-0.49125,3.322429527,3.651240429
-0.4909375,3.330402425,3.652037068
-0.490625,3.322429527,3.651240429
-0.4903125,3.320834948,3.652037068
-0.49,3.324024107,3.652037068
-0.4896875,3.316051209,3.651240429
-0.489375,3.320037658,3.652037068
-0.4890625,3.320037658,3.652037068
-0.48875,3.31206476,3.652037068
-0.4884375,3.322429527,3.655223624
-0.488125,3.320037658,3.656816902
-0.4878125,3.313659339,3.657613541
-0.4875,3.324024107,3.657613541
-0.4871875,3.315253919,3.657613541
-0.486875,3.312862049,3.658410181
-0.4865625,3.318443078,3.65920682
-0.48625,3.3088756,3.657613541
-0.4859375,3.308078311,3.656816902
-0.485625,3.31047018,3.656816902
-0.4853125,3.300902702,3.656020263
-0.485,3.304889151,3.655223624
-0.4846875,3.301699992,3.655223624
-0.484375,3.292929804,3.655223624
-0.4840625,3.301699992,3.653630346
-0.48375,3.294524384,3.652833707
-0.4834375,3.287348775,3.652037068
-0.483125,3.295321674,3.652037068
-0.4828125,3.287348775,3.651240429
-0.4825,3.282565036,3.65044379
-0.4821875,3.288943355,3.651240429
-0.481875,3.280173167,3.649647151
-0.4815625,3.280173167,3.649647151
-0.48125,3.280970457,3.649647151
-0.4809375,3.273794848,3.649647151
-0.480625,3.277781298,3.648850512
-0.4803125,3.277781298,3.649647151
-0.48,3.26821382,3.649647151
-0.4796875,3.274592138,3.65044379
-0.479375,3.272200269,3.651240429
-0.4790625,3.260240922,3.648053873
-0.47875,3.26901111,3.647257234
-0.4784375,3.260240922,3.645663956
-0.478125,3.253862603,3.646460595
-0.4778125,3.264227371,3.647257234
-0.4775,3.255457183,3.647257234
-0.4771875,3.252268023,3.648053873
-0.476875,3.260240922,3.648850512
-0.4765625,3.251470734,3.648053873
-0.47625,3.250673444,3.648850512
-0.4759375,3.255457183,3.649647151
-0.475625,3.248281574,3.65044379
-0.4753125,3.248281574,3.65044379
-0.475,3.250673444,3.65044379
-0.4746875,3.242700546,3.65044379
-0.474375,3.245889705,3.651240429
-0.4740625,3.244295125,3.65044379
-0.47375,3.236322227,3.649647151
-0.4734375,3.243497835,3.649647151
-0.473125,3.240308676,3.649647151
-0.4728125,3.233133068,3.651240429
-0.4725,3.241105966,3.651240429
-0.4721875,3.235524937,3.651240429
-0.471875,3.230741198,3.653630346
-0.4715625,3.244295125,3.656020263
-0.47125,3.237119517,3.656020263
-0.4709375,3.231538488,3.656816902
-0.470625,3.239511386,3.656816902
-0.4703125,3.232335778,3.656816902
-0.47,3.228349329,3.656020263
-0.4696875,3.235524937,3.657613541
-0.469375,3.227552039,3.656020263
-0.4690625,3.22436288,3.656020263
-0.46875,3.228349329,3.654426985
-0.4684375,3.219579141,3.654426985
-0.468125,3.218781851,3.653630346
-0.4678125,3.22197101,3.652833707
-0.4675,3.213998112,3.652037068
-0.4671875,3.212403533,3.651240429
-0.466875,3.213200822,3.65044379
-0.4665625,3.204430634,3.649647151
-0.46625,3.206822504,3.648850512
-0.4659375,3.207619794,3.648053873
-0.465625,3.198849606,3.647257234
-0.4653125,3.202038765,3.646460595
-0.465,3.199646896,3.647257234
-0.4646875,3.191673997,3.646460595
-0.464375,3.198052316,3.647257234
-0.4640625,3.196457736,3.647257234
-0.46375,3.187687548,3.646460595
-0.4634375,3.194065867,3.647257234
-0.463125,3.191673997,3.648053873
-0.4628125,3.183701099,3.646460595
-0.4625,3.191673997,3.646460595
-0.4621875,3.184498389,3.644070678
-0.461875,3.174930911,3.643274039
-0.4615625,3.184498389,3.644070678
-0.46125,3.17812007,3.643274039
-0.4609375,3.170944462,3.644070678
-0.460625,3.18210652,3.644070678
-0.4603125,3.176525491,3.645663956
-0.46,3.168552593,3.645663956
-0.4596875,3.17971465,3.647257234
-0.459375,3.172539042,3.647257234
-0.4590625,3.166160723,3.648053873
-0.45875,3.176525491,3.648053873
-0.4584375,3.168552593,3.648053873
-0.458125,3.162971564,3.648850512
-0.4578125,3.171741752,3.648053873
-0.4575,3.162174274,3.648053873
-0.4571875,3.156593245,3.648053873
-0.456875,3.166958013,3.648053873
-0.4565625,3.158985115,3.648850512
-0.45625,3.154201376,3.649647151
-0.4559375,3.162971564,3.65044379
-0.455625,3.154998666,3.651240429
-0.4553125,3.151012217,3.652037068
-0.455,3.163768854,3.654426985
-0.4546875,3.156593245,3.655223624
-0.454375,3.151809507,3.656816902
-0.4540625,3.160579694,3.655223624
-0.45375,3.152606796,3.657613541
-0.4534375,3.147823057,3.656816902
-0.453125,3.155795956,3.656020263
-0.4528125,3.147823057,3.656020263
-0.4525,3.143836608,3.654426985
-0.4521875,3.149417637,3.654426985
-0.451875,3.141444739,3.654426985
-0.4515625,3.13586371,3.652037068
-0.45125,3.143836608,3.652037068
-0.4509375,3.13506642,3.651240429
-0.450625,3.128688102,3.651240429
-0.4503125,3.13586371,3.65044379
-0.45,3.128688102,3.65044379
-0.4496875,3.123107073,3.649647151
-0.449375,3.131079971,3.649647151
-0.4490625,3.121512493,3.648053873
-0.44875,3.116728755,3.648053873
-0.4484375,3.123904363,3.647257234
-0.448125,3.115134175,3.648053873
-0.4478125,3.108755856,3.648053873
-0.4475,3.119917914,3.647257234
-0.4471875,3.111945016,3.647257234
-0.446875,3.104769407,3.647257234
-0.4465625,3.115931465,3.647257234
-0.44625,3.108755856,3.647257234
-0.4459375,3.100782958,3.647257234
-0.445625,3.109553146,3.644070678
-0.4453125,3.099985668,3.643274039
-0.445,3.09201277,3.643274039
-0.4446875,3.101580248,3.644070678
-0.444375,3.095999219,3.644070678
-0.4440625,3.088026321,3.643274039
-0.44375,3.099188379,3.644070678
-0.4434375,3.09440464,3.645663956
-0.443125,3.087229031,3.645663956
-0.4428125,3.09520193,3.646460595
-0.4425,3.09201277,3.647257234
-0.4421875,3.084837162,3.646460595
-0.441875,3.090418191,3.647257234
-0.4415625,3.088823611,3.647257234
-0.44125,3.098391089,3.646460595
-0.4409375,3.123904363,3.645663956
-0.440625,3.104769407,3.647257234
-0.4403125,3.26502466,3.645663956
-0.44,3.22197101,3.644867317
-0.4396875,3.254659893,3.645663956
-0.439375,3.409334117,3.643274039
-0.4390625,3.347145512,3.644867317
-0.43875,3.404550378,3.645663956
-0.4384375,3.454779637,3.646460595
-0.438125,3.418104305,3.648850512
-0.4378125,3.44282029,3.651240429
-0.4375,3.422090754,3.649647151
-0.4371875,3.402955799,3.65044379
-0.436875,3.459563376,3.65044379
-0.4365625,3.471522723,3.65044379
-0.43625,3.469928143,3.65044379
-0.4359375,3.421293465,3.649647151
-0.435625,3.377442525,3.649647151
-0.4353125,3.384618133,3.648053873
-0.435,3.466738984,3.648053873
-0.4346875,3.472320013,3.648053873
-0.434375,3.452387767,3.648053873
-0.4340625,3.390996452,3.647257234
-0.43375,3.375847945,3.646460595
-0.4334375,3.414117856,3.645663956
-0.433125,3.465144404,3.645663956
-0.4328125,3.48427936,3.646460595
-0.4325,3.489860389,3.645663956
-0.4321875,3.405347668,3.644070678
-0.431875,3.363888598,3.6424774
-0.4315625,3.408536827,3.643274039
-0.43125,3.462752535,3.643274039
-0.4309375,3.475509172,3.644070678
-0.430625,3.495441418,3.644867317
-0.4303125,3.417307015,3.644070678
-0.43,3.432455522,3.644070678
-0.4296875,3.437239261,3.644867317
-0.429375,3.48268478,3.646460595
-0.4290625,3.505806185,3.644070678
-0.42875,3.456374216,3.640884122
-0.4284375,3.465941694,3.640087483
-0.428125,3.43963113,3.640884122
-0.4278125,3.402158509,3.641680761
-0.4275,3.465941694,3.641680761
-0.4271875,3.457171506,3.641680761
-0.426875,3.455576927,3.643274039
-0.4265625,3.434847391,3.6424774
-0.42625,3.429266363,3.644070678
-0.4259375,3.35272654,3.644070678
-0.425625,3.487468519,3.643274039
-0.4253125,3.476306462,3.643274039
-0.425,3.466738984,3.643274039
-0.4246875,3.468333564,3.643274039
-0.424375,3.374253365,3.644070678
-0.4240625,3.448401318,3.643274039
-0.42375,3.465941694,3.644070678
-0.4234375,3.467536274,3.643274039
-0.423125,3.472320013,3.643274039
-0.4228125,3.401361219,3.644070678
-0.4225,3.434050102,3.644070678
-0.4221875,3.425279914,3.646460595
-0.421875,3.375847945,3.647257234
-0.4215625,3.515373663,3.65044379
-0.42125,3.342361773,3.652037068
-0.4209375,3.392591031,3.652037068
-0.420625,3.477901042,3.652833707
-0.4203125,3.369469626,3.651240429
-0.42,3.315253919,3.652833707
-0.4196875,3.457968796,3.652037068
-0.419375,3.331997005,3.652037068
-0.4190625,3.361496728,3.652037068
-0.41875,3.295321674,3.649647151
-0.4184375,3.290537935,3.65044379
-0.418125,3.262632791,3.65044379
-0.4178125,3.344753642,3.648850512
-0.4175,3.333591585,3.648850512
-0.4171875,3.322429527,3.647257234
-0.416875,3.312862049,3.646460595
-0.4165625,3.31047018,3.647257234
-0.41625,3.332794295,3.646460595
-0.4159375,3.374253365,3.644867317
-0.415625,3.369469626,3.644867317
-0.4153125,3.421293465,3.644070678
-0.415,3.278578587,3.644070678
-0.4146875,3.308078311,3.643274039
-0.414375,3.375050655,3.643274039
-0.4140625,3.366280467,3.644070678
-0.41375,3.427671783,3.644867317
-0.4134375,3.408536827,3.644070678
-0.413125,3.319240368,3.644867317
-0.4128125,3.412523277,3.644867317
-0.4125,3.428469073,3.643274039
-0.4121875,3.401361219,3.641680761
-0.411875,3.497833287,3.6424774
-0.4115625,3.407739538,3.641680761
-0.41125,3.347942801,3.640087483
-0.4109375,3.466738984,3.641680761
-0.410625,3.444414869,3.641680761
-0.4103125,3.420496175,3.643274039
-0.41,3.536900488,3.644070678
-0.4096875,3.44122571,3.6424774
-0.409375,3.414117856,3.644070678
-0.4090625,3.512981793,3.644867317
-0.40875,3.453185057,3.644867317
-0.4084375,3.493846838,3.645663956
-0.408125,3.48427936,3.644867317
-0.4078125,3.426874493,3.644070678
-0.4075,3.454779637,3.645663956
-0.4071875,3.466738984,3.644867317
-0.406875,3.505008895,3.644867317
-0.4065625,3.489860389,3.644070678
-0.40625,3.544873386,3.644070678
-0.4059375,3.460360666,3.644867317
-0.405625,3.477901042,3.645663956
-0.4053125,3.475509172,3.646460595
-0.405,3.475509172,3.648850512
-0.4046875,3.535305908,3.651240429
-0.404375,3.547265256,3.651240429
-0.4040625,3.454779637,3.652833707
-0.40375,3.516968243,3.652833707
-0.4034375,3.449995898,3.652833707
-0.403125,3.524143851,3.652037068
-0.4028125,3.564805632,3.651240429
-0.4025,3.505806185,3.65044379
-0.4021875,3.461157955,3.651240429
-0.401875,3.504211605,3.65044379
-0.4015625,3.447604029,3.648850512
-0.40125,3.524143851,3.649647151
-0.4009375,3.581548718,3.649647151
-0.400625,3.499427867,3.647257234
-0.4003125,3.44122571,3.648053873
-0.4,3.477103752,3.646460595
-0.3996875,3.467536274,3.644867317
-0.399375,3.516170953,3.644867317
-0.3990625,3.548062545,3.643274039
-0.39875,3.472320013,3.643274039
-0.3984375,3.394185611,3.643274039
-0.398125,3.497833287,3.641680761
-0.3978125,3.473914592,3.6424774
-0.3975,3.57277853,3.643274039
-0.3971875,3.533711329,3.643274039
-0.396875,3.421293465,3.6424774
-0.3965625,3.457968796,3.644070678
-0.39625,3.494644128,3.644070678
-0.3959375,3.520954692,3.644070678
-0.395625,3.575170399,3.6424774
-0.3953125,3.509792634,3.640087483
-0.395,3.52733301,3.640087483
-0.3946875,3.506603475,3.640087483
-0.394375,3.444414869,3.640087483
-0.3940625,3.506603475,3.641680761
-0.39375,3.522549271,3.641680761
-0.3934375,3.548859835,3.641680761
-0.393125,3.48587394,3.643274039
-0.3928125,3.523346561,3.644070678
-0.3925,3.489063099,3.644070678
-0.3921875,3.519360112,3.645663956
-0.391875,3.568792081,3.644070678
-0.3915625,3.52733301,3.644070678
-0.39125,3.476306462,3.644867317
-0.3909375,3.538495068,3.644867317
-0.390625,3.471522723,3.644867317
-0.3903125,3.554440864,3.643274039
-0.39,3.543278807,3.644070678
-0.3896875,3.510589924,3.644867317
-0.389375,3.48587394,3.645663956
-0.3890625,3.510589924,3.646460595
-0.38875,3.491454968,3.645663956
-0.3884375,3.553643574,3.648850512
-0.388125,3.583940587,3.65044379
-0.3878125,3.465144404,3.652833707
-0.3875,3.52972488,3.652833707
-0.3871875,3.512184504,3.652037068
-0.386875,3.5281303,3.653630346
-0.3865625,3.57277853,3.652833707
-0.38625,3.559224603,3.652037068
-0.3859375,3.506603475,3.652833707
-0.385625,3.512184504,3.651240429
-0.3853125,3.474711882,3.65044379
-0.385,3.581548718,3.649647151
-0.3846875,3.592710775,3.65044379
-0.384375,3.554440864,3.648850512
-0.3840625,3.466738984,3.649647151
-0.38375,3.512981793,3.648053873
-0.3834375,3.542481517,3.647257234
-0.383125,3.555238154,3.647257234
-0.3828125,3.576764979,3.646460595
-0.3825,3.488265809,3.645663956
-0.3821875,3.494644128,3.645663956
-0.381875,3.544076096,3.644867317
-0.3815625,3.540089647,3.644867317
-0.38125,3.524941141,3.645663956
-0.3809375,3.550454415,3.644867317
-0.380625,3.489063099,3.644867317
-0.3803125,3.511387214,3.645663956
-0.38,3.543278807,3.645663956
-0.3796875,3.52733301,3.647257234
-0.379375,3.522549271,3.647257234
-0.3790625,3.549657125,3.644070678
-0.37875,3.457968796,3.643274039
-0.3784375,3.519360112,3.641680761
-0.378125,3.469928143,3.6424774
-0.3778125,3.505806185,3.644070678
-0.3775,3.566400211,3.643274039
-0.3771875,3.520954692,3.644070678
-0.376875,3.494644128,3.644867317
-0.3765625,3.532116749,3.645663956
-0.37625,3.501819736,3.646460595
-0.3759375,3.547265256,3.644867317
-0.375625,3.593508065,3.644867317
-0.3753125,3.455576927,3.645663956
-0.375,3.480292911,3.646460595
-0.3746875,3.544076096,3.647257234
-0.374375,3.432455522,3.646460595
-0.3740625,3.560021893,3.647257234
-0.37375,3.582346008,3.646460595
-0.3734375,3.39737477,3.645663956
-0.373125,3.501022446,3.646460595
-0.3728125,3.532914039,3.646460595
-0.3725,3.518562822,3.648053873
-0.3721875,3.612643021,3.648053873
-0.371875,3.517765532,3.648850512
-0.3715625,3.532914039,3.652037068
-0.37125,3.5281303,3.652037068
-0.3709375,3.52972488,3.652833707
-0.370625,3.581548718,3.652833707
-0.3703125,3.634169846,3.652833707
-0.37,3.420496175,3.653630346
-0.3696875,3.469928143,3.653630346
-0.369375,3.501819736,3.653630346
-0.3690625,3.516170953,3.652037068
-0.36875,3.563211052,3.651240429
-0.3684375,3.532116749,3.65044379
-0.368125,3.39657748,3.648053873
-0.3678125,3.501819736,3.648850512
-0.3675,3.476306462,3.648053873
-0.3671875,3.557630023,3.647257234
-0.366875,3.574373109,3.647257234
-0.3665625,3.443617579,3.646460595
-0.36625,3.455576927,3.646460595
-0.3659375,3.507400765,3.646460595
-0.365625,3.488265809,3.644867317
-0.3653125,3.583143297,3.644867317
-0.365,3.549657125,3.643274039
-0.3646875,3.409334117,3.644070678
-0.364375,3.501819736,3.644867317
-0.3640625,3.514576373,3.644867317
-0.36375,3.52972488,3.644070678
-0.3634375,3.539292357,3.644867317
-0.363125,3.479495621,3.645663956
-0.3628125,3.431658232,3.645663956
-0.3625,3.556035444,3.645663956
-0.3621875,3.504211605,3.643274039
-0.361875,3.538495068,3.641680761
-0.3615625,3.586332457,3.641680761
-0.36125,3.423685334,3.6424774
-0.3609375,3.437239261,3.643274039
-0.360625,3.505008895,3.644070678
-0.3603125,3.537697778,3.644867317
-0.36,3.577562269,3.644070678
-0.3596875,3.512981793,3.644867317
-0.359375,3.431658232,3.645663956
-0.3590625,3.540089647,3.646460595
-0.35875,3.523346561,3.646460595
-0.3584375,3.512184504,3.645663956
-0.358125,3.595102645,3.645663956
-0.3578125,3.44042842,3.646460595
-0.3575,3.475509172,3.646460595
-0.3571875,3.512981793,3.646460595
-0.356875,3.493049548,3.645663956
-0.3565625,3.540886937,3.645663956
-0.35625,3.519360112,3.644867317
-0.3559375,3.469928143,3.646460595
-0.355625,3.515373663,3.647257234
-0.3553125,3.469130854,3.647257234
-0.355,3.540089647,3.651240429
-0.3546875,3.594305355,3.652833707
-0.354375,3.435644681,3.654426985
-0.3540625,3.515373663,3.654426985
-0.35375,3.479495621,3.653630346
-0.3534375,3.532914039,3.653630346
-0.353125,3.593508065,3.654426985
-0.3528125,3.520157402,3.654426985
-0.3525,3.48348207,3.653630346
-0.3521875,3.496238707,3.652833707
-0.351875,3.516968243,3.652037068
-0.3515625,3.461955245,3.651240429
-0.35125,3.561616472,3.65044379
-0.3509375,3.44122571,3.65044379
-0.350625,3.446806739,3.648053873
-0.3503125,3.522549271,3.648053873
-0.35,3.462752535,3.648053873
-0.3496875,3.587927036,3.647257234
-0.349375,3.494644128,3.646460595
-0.3490625,3.407739538,3.645663956
-0.34875,3.512981793,3.645663956
-0.3484375,3.543278807,3.644867317
-0.348125,3.575170399,3.644070678
-0.3478125,3.580751428,3.644070678
-0.3475,3.432455522,3.644070678
-0.3471875,3.434847391,3.644867317
-0.346875,3.5281303,3.644867317
-0.3465625,3.504211605,3.645663956
-0.34625,3.555238154,3.645663956
-0.3459375,3.512184504,3.644867317
-0.345625,3.438036551,3.644070678
-0.3453125,3.523346561,3.6424774
-0.345,3.502617026,3.6424774
-0.3446875,3.52972488,3.643274039
-0.344375,3.505806185,3.6424774
-0.3440625,3.456374216,3.644070678
-0.34375,3.502617026,3.644070678
-0.3434375,3.508198055,3.644070678
-0.343125,3.544076096,3.644867317
-0.3428125,3.552846284,3.645663956
-0.3425,3.498630577,3.645663956
-0.3421875,3.449995898,3.646460595
-0.341875,3.546467966,3.646460595
-0.3415625,3.480292911,3.647257234
-0.34125,3.510589924,3.646460595
-0.3409375,3.520954692,3.645663956
-0.340625,3.472320013,3.646460595
-0.3403125,3.449995898,3.646460595
-0.34,3.553643574,3.647257234
-0.3396875,3.52892759,3.646460595
-0.339375,3.566400211,3.645663956
-0.3390625,3.48507665,3.648053873
-0.33875,3.465941694,3.648053873
-0.3384375,3.518562822,3.651240429
-0.338125,3.520954692,3.653630346
-0.3378125,3.556832733,3.652833707
-0.3375,3.513779083,3.654426985
-0.3371875,3.452387767,3.654426985
-0.336875,3.487468519,3.655223624
-0.3365625,3.521751981,3.655223624
-0.33625,3.493049548,3.653630346
-0.3359375,3.524143851,3.653630346
-0.335625,3.465941694,3.653630346
-0.3353125,3.531319459,3.652037068
-0.335,3.48348207,3.652833707
-0.3346875,3.473117303,3.652037068
-0.334375,3.554440864,3.651240429
-0.3340625,3.472320013,3.65044379
-0.33375,3.477901042,3.649647151
-0.3334375,3.512184504,3.649647151
-0.333125,3.52892759,3.648053873
-0.3328125,3.523346561,3.648053873
-0.3325,3.558427313,3.646460595
-0.3321875,3.458766086,3.645663956
-0.331875,3.471522723,3.646460595
-0.3315625,3.481887491,3.645663956
-0.33125,3.511387214,3.646460595
-0.3309375,3.549657125,3.645663956
-0.330625,3.478698331,3.645663956
-0.3303125,3.468333564,3.646460595
-0.33,3.505008895,3.646460595
-0.3296875,3.505008895,3.647257234
-0.329375,3.548859835,3.647257234
-0.3290625,3.514576373,3.646460595
-0.32875,3.453185057,3.644070678
-0.3284375,3.481090201,3.643274039
-0.328125,3.474711882,3.6424774
-0.3278125,3.57198124,3.6424774
-0.3275,3.521751981,3.643274039
-0.3271875,3.48667123,3.644070678
-0.326875,3.437239261,3.644070678
-0.3265625,3.498630577,3.644867317
-0.32625,3.52972488,3.646460595
-0.3259375,3.550454415,3.647257234
-0.325625,3.467536274,3.647257234
-0.3253125,3.474711882,3.648053873
-0.325,3.512184504,3.647257234
-0.3246875,3.540886937,3.646460595
-0.324375,3.554440864,3.646460595
-0.3240625,3.466738984,3.646460595
-0.32375,3.476306462,3.647257234
-0.3234375,3.453982347,3.646460595
-0.323125,3.507400765,3.647257234
-0.3228125,3.532914039,3.647257234
-0.3225,3.510589924,3.647257234
-0.3221875,3.488265809,3.648053873
-0.321875,3.468333564,3.649647151
-0.3215625,3.478698331,3.652833707
-0.32125,3.522549271,3.654426985
-0.3209375,3.567994791,3.654426985
-0.320625,3.48348207,3.654426985
-0.3203125,3.48587394,3.654426985
-0.32,3.519360112,3.655223624
-0.3196875,3.533711329,3.655223624
-0.319375,3.52892759,3.654426985
-0.3190625,3.48667123,3.654426985
-0.31875,3.522549271,3.652833707
-0.3184375,3.480292911,3.652037068
-0.318125,3.521751981,3.651240429
-0.3178125,3.566400211,3.651240429
-0.3175,3.532914039,3.65044379
-0.3171875,3.465941694,3.649647151
-0.316875,3.512981793,3.648850512
-0.3165625,3.498630577,3.648850512
-0.31625,3.536103198,3.648850512
-0.3159375,3.52972488,3.647257234
-0.315625,3.463549825,3.647257234
-0.3153125,3.503414316,3.647257234
-0.315,3.450793188,3.646460595
-0.3146875,3.537697778,3.646460595
-0.314375,3.505008895,3.646460595
-0.3140625,3.472320013,3.646460595
-0.31375,3.519360112,3.646460595
-0.3134375,3.495441418,3.647257234
-0.313125,3.48507665,3.647257234
-0.3128125,3.57198124,3.648053873
-0.3125,3.473914592,3.647257234
-0.3121875,3.497035997,3.644867317
-0.311875,3.497833287,3.643274039
-0.3115625,3.466738984,3.644070678
-0.31125,3.558427313,3.644867317
-0.3109375,3.493846838,3.645663956
-0.310625,3.5281303,3.644867317
-0.3103125,3.501819736,3.646460595
-0.31,3.548859835,3.645663956
-0.3096875,3.52972488,3.647257234
-0.309375,3.560021893,3.646460595
-0.3090625,3.460360666,3.646460595
-0.30875,3.493846838,3.648053873
-0.3084375,3.48268478,3.647257234
-0.308125,3.537697778,3.648053873
-0.3078125,3.520954692,3.648053873
-0.3075,3.470725433,3.646460595
-0.3071875,3.48427936,3.648053873
-0.306875,3.510589924,3.647257234
-0.3065625,3.553643574,3.647257234
-0.30625,3.57277853,3.648053873
-0.3059375,3.496238707,3.647257234
-0.305625,3.501819736,3.648053873
-0.3053125,3.553643574,3.648053873
-0.305,3.532116749,3.652037068
-0.3046875,3.57198124,3.655223624
-0.304375,3.512981793,3.653630346
-0.3040625,3.489063099,3.656020263
-0.30375,3.522549271,3.656816902
-0.3034375,3.497035997,3.656020263
-0.303125,3.536900488,3.656816902
-0.3028125,3.535305908,3.655223624
-0.3025,3.502617026,3.653630346
-0.3021875,3.531319459,3.655223624
-0.301875,3.508995344,3.652037068
-0.3015625,3.521751981,3.652833707
-0.30125,3.536900488,3.652037068
-0.3009375,3.634169846,3.65044379
-0.300625,3.552846284,3.65044379
-0.3003125,3.591913485,3.647257234
-0.3,3.552048995,3.648850512
-0.2996875,3.557630023,3.648053873
-0.299375,3.630183397,3.645663956
-0.2990625,3.493049548,3.647257234
-0.29875,3.564008342,3.645663956
-0.2984375,3.52972488,3.645663956
-0.298125,3.536900488,3.645663956
-0.2978125,3.521751981,3.644070678
-0.2975,3.518562822,3.646460595
-0.2971875,3.57357582,3.645663956
-0.296875,3.548859835,3.645663956
-0.2965625,3.591913485,3.647257234
-0.29625,3.597494514,3.645663956
-0.2959375,3.494644128,3.644867317
-0.295625,3.540089647,3.644867317
-0.2953125,3.561616472,3.643274039
-0.295,3.547265256,3.643274039
-0.2946875,3.558427313,3.641680761
-0.294375,3.545670676,3.643274039
-0.2940625,3.523346561,3.644070678
-0.29375,3.604670122,3.643274039
-0.2934375,3.548859835,3.644867317
-0.293125,3.563211052,3.644070678
-0.2928125,3.607859282,3.644867317
-0.2925,3.542481517,3.646460595
-0.2921875,3.699547611,3.647257234
-0.291875,3.564805632,3.647257234
-0.2915625,3.585535167,3.646460595
-0.29125,3.670845177,3.644867317
-0.2909375,3.555238154,3.647257234
-0.290625,3.684399104,3.646460595
-0.2903125,3.567197501,3.646460595
-0.29,3.546467966,3.646460595
-0.2896875,3.634169846,3.645663956
-0.289375,3.562413762,3.646460595
-0.2890625,3.682007235,3.646460595
-0.28875,3.65649396,3.647257234
-0.2884375,3.61503489,3.649647151
-0.288125,3.687588263,3.651240429
-0.2878125,3.66048041,3.652037068
-0.2875,3.717885276,3.652833707
-0.2871875,3.728250044,3.653630346
-0.286875,3.635764425,3.655223624
-0.2865625,3.661277699,3.652833707
-0.28625,3.662872279,3.653630346
-0.2859375,3.70114219,3.653630346
-0.285625,3.691574712,3.653630346
-0.2853125,3.676426206,3.652037068
-0.285,3.631777976,3.65044379
-0.2846875,3.637359005,3.651240429
-0.284375,3.70193948,3.651240429
-0.2840625,3.675628916,3.651240429
-0.28375,3.690777423,3.649647151
-0.2834375,3.629386107,3.648053873
-0.283125,3.643737323,3.647257234
-0.2828125,3.70114219,3.647257234
-0.2825,3.666061438,3.646460595
-0.2821875,3.674034336,3.646460595
-0.281875,3.588724326,3.644070678
-0.2815625,3.631777976,3.644070678
-0.28125,3.717087987,3.645663956
-0.2809375,3.609453861,3.645663956
-0.280625,3.681209945,3.645663956
-0.2803125,3.634169846,3.645663956
-0.28,3.649318352,3.644867317
-0.2796875,3.714696117,3.646460595
-0.279375,3.66048041,3.646460595
-0.2790625,3.682007235,3.645663956
-0.27875,3.641345454,3.644070678
-0.2784375,3.568792081,3.6424774
-0.278125,3.735425652,3.643274039
-0.2778125,3.653304801,3.644070678
-0.2775,3.666858728,3.643274039
-0.2771875,3.65808854,3.644070678
-0.276875,3.567197501,3.644070678
-0.2765625,3.722669015,3.645663956
-0.27625,3.682007235,3.645663956
-0.2759375,3.681209945,3.645663956
-0.275625,3.672439757,3.646460595
-0.2753125,3.629386107,3.646460595
-0.275,3.710709668,3.646460595
-0.2746875,3.735425652,3.646460595
-0.274375,3.682804524,3.646460595
-0.2740625,3.678818075,3.646460595
-0.27375,3.670047887,3.645663956
-0.2734375,3.711506958,3.646460595
-0.273125,3.750574159,3.647257234
-0.2728125,3.719479856,3.647257234
-0.2725,3.683601814,3.648053873
-0.2721875,3.682804524,3.648850512
-0.271875,3.730641913,3.65044379
-0.2715625,3.755357898,3.652833707
-0.27125,3.752168739,3.654426985
-0.2709375,3.683601814,3.654426985
-0.270625,3.705128639,3.654426985
-0.2703125,3.752966028,3.655223624
-0.27,3.770506404,3.656020263
-0.2696875,3.760141637,3.655223624
-0.269375,3.677223496,3.654426985
-0.2690625,3.70273677,3.652833707
-0.26875,3.747385,3.653630346
-0.2684375,3.764128086,3.652833707
-0.268125,3.748979579,3.652037068
-0.2678125,3.666858728,3.652833707
-0.2675,3.674831626,3.651240429
-0.2671875,3.729047334,3.651240429
-0.266875,3.74579042,3.649647151
-0.2665625,3.735425652,3.648850512
-0.26625,3.668453308,3.648850512
-0.2659375,3.668453308,3.647257234
-0.265625,3.735425652,3.647257234
-0.2653125,3.74419584,3.647257234
-0.265,3.729844624,3.646460595
-0.2646875,3.650912932,3.646460595
-0.264375,3.654899381,3.645663956
-0.2640625,3.727452754,3.646460595
-0.26375,3.722669015,3.647257234
-0.2634375,3.712304248,3.646460595
-0.263125,3.648521062,3.647257234
-0.2628125,3.642940034,3.647257234
-0.2625,3.719479856,3.647257234
-0.2621875,3.728250044,3.644867317
-0.261875,3.709115088,3.6424774
-0.2615625,3.646129193,3.644070678
-0.26125,3.642142744,3.643274039
-0.2609375,3.714696117,3.644070678
-0.260625,3.725858175,3.644070678
-0.2603125,3.722669015,3.644867317
-0.26,3.638953585,3.645663956
-0.2596875,3.634169846,3.645663956
-0.259375,3.711506958,3.645663956
-0.2590625,3.709115088,3.646460595
-0.25875,3.705925929,3.646460595
-0.2584375,3.638156295,3.646460595
-0.258125,3.624602368,3.646460595
-0.2578125,3.713898827,3.646460595
-0.2575,3.716290697,3.647257234
-0.2571875,3.694763872,3.647257234
-0.256875,3.629386107,3.646460595
-0.2565625,3.630980686,3.646460595
-0.25625,3.710709668,3.646460595
-0.2559375,3.710709668,3.647257234
-0.255625,3.707520509,3.648053873
-0.2553125,3.636561715,3.648053873
-0.255,3.6142376,3.65044379
-0.2546875,3.728250044,3.652037068
-0.254375,3.714696117,3.652833707
-0.2540625,3.705128639,3.653630346
-0.25375,3.644534613,3.652833707
-0.2534375,3.623007788,3.652833707
-0.253125,3.725858175,3.652833707
-0.2528125,3.711506958,3.652833707
-0.2525,3.70193948,3.652037068
-0.2521875,3.641345454,3.652833707
-0.251875,3.622210498,3.652037068
-0.2515625,3.679615365,3.651240429
-0.25125,3.707520509,3.649647151
-0.2509375,3.693169292,3.65044379
-0.250625,3.646129193,3.648850512
-0.2503125,3.623805078,3.648053873
-0.25,3.680412655,3.646460595
-0.2496875,3.704331349,3.646460595
-0.249375,3.675628916,3.648053873
-0.2490625,3.662074989,3.644867317
-0.24875,3.642142744,3.644070678
-0.2484375,3.691574712,3.644070678
-0.248125,3.704331349,3.643274039
-0.2478125,3.689182843,3.644070678
-0.2475,3.65649396,3.644070678
-0.2471875,3.642142744,3.644867317
-0.246875,3.678818075,3.644070678
-0.2465625,3.708317799,3.644867317
-0.24625,3.65808854,3.646460595
-0.2459375,3.65729125,3.645663956
-0.245625,3.644534613,3.644867317
-0.2453125,3.674034336,3.643274039
-0.245,3.70114219,3.641680761
-0.2446875,3.588724326,3.6424774
-0.244375,3.639750874,3.6424774
-0.2440625,3.651710222,3.644070678
-0.24375,3.664466859,3.644070678
-0.2434375,3.695561162,3.644070678
-0.243125,3.623007788,3.645663956
-0.2428125,3.654102091,3.645663956
-0.2425,3.669250598,3.647257234
-0.2421875,3.691574712,3.646460595
-0.241875,3.696358451,3.644867317
-0.2415625,3.672439757,3.645663956
-0.24125,3.650115642,3.645663956
-0.2409375,3.636561715,3.646460595
-0.240625,3.663669569,3.646460595
-0.2403125,3.697155741,3.646460595
-0.24,3.626196947,3.646460595
-0.2396875,3.65649396,3.646460595
-0.239375,3.622210498,3.647257234
-0.2390625,3.685993684,3.647257234
-0.23875,3.694763872,3.648053873
-0.2384375,3.622210498,3.649647151
-0.238125,3.651710222,3.652037068
-0.2378125,3.679615365,3.654426985
-0.2375,3.646129193,3.655223624
-0.2371875,3.705128639,3.653630346
-0.236875,3.61583218,3.656020263
-0.2365625,3.633372556,3.654426985
-0.23625,3.635764425,3.654426985
-0.2359375,3.670047887,3.653630346
-0.235625,3.695561162,3.651240429
-0.2353125,3.621413209,3.652037068
-0.235,3.647723773,3.651240429
-0.2346875,3.653304801,3.651240429
-0.234375,3.698750321,3.65044379
-0.2340625,3.65968312,3.648850512
-0.23375,3.589521616,3.649647151
-0.2334375,3.638953585,3.647257234
-0.233125,3.653304801,3.648053873
-0.2328125,3.709115088,3.648053873
-0.2325,3.632575266,3.646460595
-0.2321875,3.598291804,3.646460595
-0.231875,3.653304801,3.645663956
-0.2315625,3.676426206,3.645663956
-0.23125,3.678818075,3.644867317
-0.2309375,3.628588817,3.644070678
-0.230625,3.604670122,3.645663956
-0.2303125,3.626994237,3.644867317
-0.23,3.604670122,3.646460595
-0.2296875,3.7003449,3.647257234
-0.229375,3.65808854,3.645663956
-0.2290625,3.61344031,3.646460595
-0.22875,3.628588817,3.643274039
-0.2284375,3.632575266,3.643274039
-0.228125,3.697953031,3.643274039
-0.2278125,3.635764425,3.6424774
-0.2275,3.611845731,3.643274039
-0.2271875,3.627791527,3.643274039
-0.226875,3.681209945,3.644070678
-0.2265625,3.697953031,3.645663956
-0.22625,3.626994237,3.645663956
-0.2259375,3.619021339,3.646460595
-0.225625,3.606264702,3.646460595
-0.2253125,3.685993684,3.647257234
-0.225,3.693169292,3.646460595
-0.2246875,3.609453861,3.647257234
-0.224375,3.611845731,3.646460595
-0.2240625,3.617426759,3.646460595
-0.22375,3.683601814,3.647257234
-0.2234375,3.695561162,3.647257234
-0.223125,3.650115642,3.646460595
-0.2228125,3.649318352,3.647257234
-0.2225,3.622210498,3.647257234
-0.2221875,3.636561715,3.648850512
-0.221875,3.697953031,3.65044379
-0.2215625,3.611845731,3.652037068
-0.22125,3.646129193,3.652037068
-0.2209375,3.625399658,3.652833707
-0.220625,3.647723773,3.655223624
-0.2203125,3.708317799,3.654426985
-0.22,3.627791527,3.654426985
-0.2196875,3.630980686,3.654426985
-0.219375,3.622210498,3.653630346
-0.2190625,3.655696671,3.652833707
-0.21875,3.705925929,3.653630346
-0.2184375,3.651710222,3.652833707
-0.218125,3.592710775,3.651240429
-0.2178125,3.634169846,3.65044379
-0.2175,3.61344031,3.65044379
-0.2171875,3.690777423,3.649647151
-0.216875,3.655696671,3.649647151
-0.2165625,3.591913485,3.648850512
-0.21625,3.617426759,3.648053873
-0.2159375,3.595899934,3.648850512
-0.215625,3.684399104,3.646460595
-0.2153125,3.61662947,3.647257234
-0.215,3.587927036,3.644867317
-0.2146875,3.61344031,3.644867317
-0.214375,3.66048041,3.644867317
-0.2140625,3.674034336,3.646460595
-0.21375,3.650912932,3.647257234
-0.2134375,3.591116196,3.646460595
-0.213125,3.621413209,3.646460595
-0.2128125,3.669250598,3.649647151
-0.2125,3.682007235,3.647257234
-0.2121875,3.589521616,3.646460595
-0.211875,3.600683673,3.643274039
-0.2115625,3.603872833,3.6424774
-0.21125,3.644534613,3.644070678
-0.2109375,3.671642467,3.644070678
-0.210625,3.617426759,3.644070678
-0.2103125,3.617426759,3.644070678
-0.21,3.593508065,3.644867317
-0.2096875,3.662074989,3.645663956
-0.209375,3.678818075,3.645663956
-0.2090625,3.619021339,3.647257234
-0.20875,3.603075543,3.644867317
-0.2084375,3.61662947,3.645663956
-0.208125,3.687588263,3.645663956
-0.2078125,3.674034336,3.645663956
-0.2075,3.623805078,3.647257234
-0.2071875,3.607061992,3.645663956
-0.206875,3.623007788,3.647257234
-0.2065625,3.690777423,3.646460595
-0.20625,3.671642467,3.645663956
-0.2059375,3.599089094,3.647257234
-0.205625,3.592710775,3.648053873
-0.2053125,3.625399658,3.648053873
-0.205,3.666858728,3.652037068
-0.2046875,3.677223496,3.652833707
-0.204375,3.617426759,3.655223624
-0.2040625,3.619818629,3.654426985
-0.20375,3.619818629,3.654426985
-0.2034375,3.673237047,3.656020263
-0.203125,3.678020786,3.654426985
-0.2028125,3.653304801,3.655223624
-0.2025,3.630980686,3.653630346
-0.2021875,3.594305355,3.652833707
-0.201875,3.690777423,3.652037068
-0.2015625,3.681209945,3.651240429
-0.20125,3.599089094,3.652037068
-0.2009375,3.637359005,3.65044379
-0.200625,3.560819182,3.648850512
-0.2003125,3.65888583,3.648053873
-0.2,3.667656018,3.648053873
-0.1996875,3.617426759,3.648850512
-0.199375,3.623007788,3.647257234
-0.1990625,3.585535167,3.645663956
-0.19875,3.640548164,3.646460595
-0.1984375,3.662872279,3.644867317
-0.198125,3.597494514,3.646460595
-0.1978125,3.607061992,3.644867317
-0.1975,3.606264702,3.644867317
-0.1971875,3.654102091,3.645663956
-0.196875,3.666061438,3.645663956
-0.1965625,3.630980686,3.645663956
-0.19625,3.620615919,3.645663956
-0.1959375,3.611845731,3.646460595
-0.195625,3.682007235,3.646460595
-0.1953125,3.66048041,3.643274039
-0.195,3.587129746,3.6424774
-0.1946875,3.610251151,3.643274039
-0.194375,3.579156848,3.643274039
-0.1940625,3.677223496,3.643274039
-0.19375,3.663669569,3.643274039
-0.1934375,3.610251151,3.645663956
-0.193125,3.607061992,3.645663956
-0.1928125,3.621413209,3.645663956
-0.1925,3.674034336,3.646460595
-0.1921875,3.66048041,3.645663956
-0.191875,3.626196947,3.647257234
-0.1915625,3.607061992,3.647257234
-0.19125,3.589521616,3.645663956
-0.1909375,3.678020786,3.646460595
-0.190625,3.662872279,3.644867317
-0.1903125,3.592710775,3.647257234
-0.19,3.603872833,3.645663956
-0.1896875,3.564008342,3.646460595
-0.189375,3.669250598,3.646460595
-0.1890625,3.662074989,3.647257234
-0.18875,3.577562269,3.65044379
-0.1884375,3.620615919,3.649647151
-0.188125,3.592710775,3.653630346
-0.1878125,3.677223496,3.652833707
-0.1875,3.665264148,3.652833707
-0.1871875,3.61344031,3.653630346
-0.186875,3.609453861,3.654426985
-0.1865625,3.617426759,3.656020263
-0.18625,3.634967135,3.653630346
-0.1859375,3.641345454,3.652833707
-0.185625,3.629386107,3.652037068
-0.1853125,3.604670122,3.651240429
-0.185,3.669250598,3.651240429
-0.1846875,3.628588817,3.65044379
-0.184375,3.65888583,3.649647151
-0.1840625,3.609453861,3.649647151
-0.18375,3.597494514,3.648053873
-0.1834375,3.648521062,3.648053873
-0.183125,3.640548164,3.645663956
-0.1828125,3.637359005,3.646460595
-0.1825,3.634967135,3.645663956
-0.1821875,3.579954138,3.644867317
-0.181875,3.626994237,3.645663956
-0.1815625,3.648521062,3.643274039
-0.18125,3.637359005,3.643274039
-0.1809375,3.617426759,3.644070678
-0.180625,3.587129746,3.645663956
-0.1803125,3.664466859,3.644867317
-0.18,3.642142744,3.644867317
-0.1796875,3.648521062,3.646460595
-0.179375,3.626196947,3.646460595
-0.1790625,3.575967689,3.645663956
-0.17875,3.641345454,3.644070678
-0.1784375,3.638953585,3.6424774
-0.178125,3.618224049,3.644070678
-0.1778125,3.594305355,3.643274039
-0.1775,3.57198124,3.6424774
-0.1771875,3.669250598,3.644070678
-0.176875,3.630183397,3.643274039
-0.1765625,3.638953585,3.643274039
-0.17625,3.619818629,3.644070678
-0.1759375,3.57277853,3.645663956
-0.175625,3.652507511,3.646460595
-0.1753125,3.636561715,3.646460595
-0.175,3.634967135,3.645663956
-0.1746875,3.61503489,3.645663956
-0.174375,3.580751428,3.646460595
-0.1740625,3.66048041,3.648053873
-0.17375,3.641345454,3.646460595
-0.1734375,3.608656571,3.646460595
-0.173125,3.626994237,3.646460595
-0.1728125,3.583940587,3.645663956
-0.1725,3.650115642,3.647257234
-0.1721875,3.65808854,3.648053873
-0.171875,3.637359005,3.648053873
-0.1715625,3.599089094,3.654426985
-0.17125,3.590318906,3.652833707
-0.1709375,3.681209945,3.654426985
-0.170625,3.669250598,3.653630346
-0.1703125,3.630183397,3.653630346
-0.17,3.622210498,3.652833707
-0.1696875,3.594305355,3.652833707
-0.169375,3.65808854,3.654426985
-0.1690625,3.683601814,3.653630346
-0.16875,3.598291804,3.651240429
-0.1684375,3.611048441,3.651240429
-0.168125,3.603075543,3.649647151
-0.1678125,3.678818075,3.65044379
-0.1675,3.666858728,3.649647151
-0.1671875,3.574373109,3.648850512
-0.166875,3.603075543,3.647257234
-0.1665625,3.577562269,3.648053873
-0.16625,3.652507511,3.648053873
-0.1659375,3.66048041,3.648053873
-0.165625,3.611845731,3.646460595
-0.1653125,3.597494514,3.645663956
-0.165,3.57038666,3.644867317
-0.1646875,3.671642467,3.644867317
-0.164375,3.655696671,3.644070678
-0.1640625,3.561616472,3.645663956
-0.16375,3.589521616,3.645663956
-0.1634375,3.611845731,3.645663956
-0.163125,3.678818075,3.646460595
-0.1628125,3.653304801,3.647257234
-0.1625,3.567197501,3.648053873
-0.1621875,3.598291804,3.645663956
-0.161875,3.584737877,3.644070678
-0.1615625,3.670845177,3.643274039
-0.16125,3.651710222,3.643274039
-0.1609375,3.567197501,3.643274039
-0.160625,3.591116196,3.6424774
-0.1603125,3.611048441,3.644070678
-0.16,3.665264148,3.646460595
-0.1596875,3.649318352,3.645663956
-0.159375,3.580751428,3.645663956
-0.1590625,3.590318906,3.645663956
-0.15875,3.607061992,3.646460595
-0.1584375,3.672439757,3.645663956
-0.158125,3.650115642,3.646460595
-0.1578125,3.564008342,3.647257234
-0.1575,3.601480963,3.646460595
-0.1571875,3.619818629,3.647257234
-0.156875,3.646129193,3.646460595
-0.1565625,3.646129193,3.646460595
-0.15625,3.61662947,3.646460595
-0.1559375,3.575170399,3.646460595
-0.155625,3.591913485,3.648850512
-0.1553125,3.667656018,3.648850512
-0.155,3.651710222,3.65044379
-0.1546875,3.607061992,3.653630346
-0.154375,3.557630023,3.653630346
-0.1540625,3.583143297,3.655223624
-0.15375,3.671642467,3.653630346
-0.1534375,3.661277699,3.655223624
-0.153125,3.635764425,3.654426985
-0.1528125,3.575170399,3.652833707
-0.1525,3.633372556,3.652833707
-0.1521875,3.676426206,3.652037068
-0.151875,3.654899381,3.652037068
-0.1515625,3.617426759,3.652037068
-0.15125,3.564805632,3.65044379
-0.1509375,3.630183397,3.651240429
-0.150625,3.669250598,3.65044379
-0.1503125,3.650115642,3.648850512
-0.15,3.583940587,3.648850512
-0.1496875,3.564805632,3.646460595
-0.149375,3.627791527,3.646460595
-0.1490625,3.662074989,3.645663956
-0.14875,3.642940034,3.645663956
-0.1484375,3.61344031,3.645663956
-0.148125,3.560021893,3.644070678
-0.1478125,3.630183397,3.644867317
-0.1475,3.645331903,3.645663956
-0.1471875,3.647723773,3.645663956
-0.146875,3.617426759,3.646460595
-0.1465625,3.558427313,3.644070678
-0.14625,3.643737323,3.646460595
-0.1459375,3.662872279,3.645663956
-0.145625,3.646926483,3.644070678
-0.1453125,3.594305355,3.643274039
-0.145,3.551251705,3.6424774
-0.1446875,3.644534613,3.643274039
-0.144375,3.647723773,3.643274039
-0.1440625,3.642142744,3.643274039
-0.14375,3.608656571,3.644070678
-0.1434375,3.551251705,3.644867317
-0.143125,3.642142744,3.644867317
-0.1428125,3.661277699,3.645663956
-0.1425,3.621413209,3.645663956
-0.1421875,3.578359558,3.647257234
-0.141875,3.563211052,3.647257234
-0.1415625,3.619021339,3.646460595
-0.14125,3.661277699,3.646460595
-0.1409375,3.642142744,3.645663956
-0.140625,3.583940587,3.647257234
-0.1403125,3.566400211,3.646460595
-0.14,3.638953585,3.646460595
-0.1396875,3.652507511,3.645663956
-0.139375,3.637359005,3.646460595
-0.1390625,3.619021339,3.648053873
-0.13875,3.57198124,3.648850512
-0.1384375,3.637359005,3.648053873
-0.138125,3.664466859,3.651240429
-0.1378125,3.651710222,3.652833707
-0.1375,3.598291804,3.652833707
-0.1371875,3.594305355,3.652833707
-0.136875,3.595899934,3.653630346
-0.1365625,3.65808854,3.653630346
-0.13625,3.650912932,3.652833707
-0.1359375,3.591913485,3.652037068
-0.135625,3.592710775,3.652037068
-0.1353125,3.620615919,3.652037068
-0.135,3.663669569,3.651240429
-0.1346875,3.637359005,3.65044379
-0.134375,3.623805078,3.649647151
-0.1340625,3.583940587,3.649647151
-0.13375,3.623007788,3.648053873
-0.1334375,3.65888583,3.647257234
-0.133125,3.633372556,3.647257234
-0.1328125,3.608656571,3.647257234
-0.1325,3.594305355,3.646460595
-0.1321875,3.642940034,3.645663956
-0.131875,3.649318352,3.644867317
-0.1315625,3.631777976,3.645663956
-0.13125,3.598291804,3.644070678
-0.1309375,3.599886384,3.644070678
-0.130625,3.598291804,3.644867317
-0.1303125,3.647723773,3.644070678
-0.13,3.584737877,3.645663956
-0.1296875,3.588724326,3.645663956
-0.129375,3.593508065,3.646460595
-0.1290625,3.640548164,3.646460595
-0.12875,3.645331903,3.643274039
-0.1284375,3.623805078,3.6424774
-0.128125,3.575967689,3.6424774
-0.1278125,3.588724326,3.644070678
-0.1275,3.632575266,3.644070678
-0.1271875,3.642142744,3.6424774
-0.126875,3.588724326,3.644070678
-0.1265625,3.594305355,3.644070678
-0.12625,3.587927036,3.645663956
-0.1259375,3.650115642,3.646460595
-0.125625,3.632575266,3.645663956
-0.1253125,3.607061992,3.646460595
-0.125,3.579156848,3.644867317
-0.1246875,3.599886384,3.646460595
-0.124375,3.636561715,3.645663956
-0.1240625,3.61662947,3.644867317
-0.12375,3.626196947,3.645663956
-0.1234375,3.598291804,3.644867317
-0.123125,3.603075543,3.645663956
-0.1228125,3.663669569,3.645663956
-0.1225,3.611845731,3.645663956
-0.1221875,3.627791527,3.646460595
-0.121875,3.586332457,3.646460595
-0.1215625,3.619818629,3.65044379
-0.12125,3.644534613,3.652833707
-0.1209375,3.621413209,3.651240429
-0.120625,3.611845731,3.653630346
-0.1203125,3.592710775,3.652833707
-0.12,3.599886384,3.654426985
-0.1196875,3.669250598,3.653630346
-0.119375,3.630183397,3.652833707
-0.1190625,3.622210498,3.652833707
-0.11875,3.583940587,3.652037068
-0.1184375,3.626196947,3.652037068
-0.118125,3.65888583,3.651240429
-0.1178125,3.625399658,3.648850512
-0.1175,3.583143297,3.649647151
-0.1171875,3.580751428,3.648053873
-0.116875,3.608656571,3.647257234
-0.1165625,3.666858728,3.648053873
-0.11625,3.619818629,3.646460595
-0.1159375,3.606264702,3.646460595
-0.115625,3.568792081,3.644867317
-0.1153125,3.626994237,3.644867317
-0.115,3.655696671,3.644070678
-0.1146875,3.595899934,3.643274039
-0.114375,3.603075543,3.644070678
-0.1140625,3.575967689,3.643274039
-0.11375,3.646129193,3.644070678
-0.1134375,3.653304801,3.644070678
-0.113125,3.589521616,3.644867317
-0.1128125,3.606264702,3.646460595
-0.1125,3.560021893,3.645663956
-0.1121875,3.625399658,3.644070678
-0.111875,3.652507511,3.643274039
-0.1115625,3.617426759,3.643274039
-0.11125,3.604670122,3.641680761
-0.1109375,3.548859835,3.6424774
-0.110625,3.646129193,3.6424774
-0.1103125,3.644534613,3.643274039
-0.11,3.595899934,3.644070678
-0.1096875,3.595899934,3.643274039
-0.109375,3.558427313,3.644070678
-0.1090625,3.617426759,3.646460595
-0.10875,3.652507511,3.645663956
-0.1084375,3.61583218,3.646460595
-0.108125,3.589521616,3.644867317
-0.1078125,3.57038666,3.645663956
-0.1075,3.640548164,3.646460595
-0.1071875,3.652507511,3.645663956
-0.106875,3.640548164,3.646460595
-0.1065625,3.575170399,3.645663956
-0.10625,3.560819182,3.645663956
-0.1059375,3.663669569,3.645663956
-0.105625,3.648521062,3.647257234
-0.1053125,3.633372556,3.648053873
-0.105,3.578359558,3.648053873
-0.1046875,3.581548718,3.652037068
-0.104375,3.674831626,3.653630346
-0.1040625,3.65968312,3.652833707
-0.10375,3.620615919,3.653630346
-0.1034375,3.580751428,3.653630346
-0.103125,3.574373109,3.653630346
-0.1028125,3.642940034,3.654426985
-0.1025,3.65649396,3.652037068
-0.1021875,3.625399658,3.652833707
-0.101875,3.556035444,3.65044379
-0.1015625,3.577562269,3.649647151
-0.10125,3.672439757,3.65044379
-0.1009375,3.653304801,3.649647151
-0.100625,3.61583218,3.649647151
-0.1003125,3.534508619,3.647257234
-0.1,3.583940587,3.646460595
-0.0996875,3.65808854,3.646460595
-0.099375,3.648521062,3.645663956
-0.0990625,3.611048441,3.645663956
-0.09875,3.568792081,3.644867317
-0.0984375,3.577562269,3.644070678
-0.098125,3.662872279,3.644070678
-0.0978125,3.642142744,3.643274039
-0.0975,3.618224049,3.644867317
-0.0971875,3.559224603,3.644070678
-0.096875,3.583940587,3.644867317
-0.0965625,3.669250598,3.644070678
-0.09625,3.645331903,3.645663956
-0.0959375,3.583940587,3.646460595
-0.095625,3.564805632,3.644867317
-0.0953125,3.568792081,3.643274039
-0.095,3.653304801,3.640884122
-0.0946875,3.638953585,3.640087483
-0.094375,3.603075543,3.6424774
-0.0940625,3.563211052,3.641680761
-0.09375,3.584737877,3.640884122
-0.0934375,3.65649396,3.643274039
-0.093125,3.634967135,3.643274039
-0.0928125,3.517765532,3.644867317
-0.0925,3.586332457,3.644070678
-0.0921875,3.594305355,3.645663956
-0.091875,3.65729125,3.644867317
-0.0915625,3.639750874,3.644867317
-0.09125,3.603075543,3.645663956
-0.0909375,3.577562269,3.646460595
-0.090625,3.567994791,3.645663956
-0.0903125,3.654899381,3.645663956
-0.09,3.642940034,3.645663956
-0.0896875,3.603075543,3.644867317
-0.089375,3.567994791,3.645663956
-0.0890625,3.610251151,3.646460595
-0.08875,3.662872279,3.646460595
-0.0884375,3.644534613,3.647257234
-0.088125,3.599089094,3.651240429
-0.0878125,3.584737877,3.652037068
-0.0875,3.626196947,3.652037068
-0.0871875,3.666858728,3.652833707
-0.086875,3.643737323,3.654426985
-0.0865625,3.57198124,3.654426985
-0.08625,3.57118395,3.652833707
-0.0859375,3.626994237,3.652833707
-0.085625,3.66048041,3.652037068
-0.0853125,3.622210498,3.651240429
-0.085,3.577562269,3.651240429
-0.0846875,3.578359558,3.65044379
-0.084375,3.626994237,3.649647151
-0.0840625,3.637359005,3.648850512
-0.08375,3.639750874,3.648850512
-0.0834375,3.604670122,3.647257234
-0.083125,3.57198124,3.648053873
-0.0828125,3.6142376,3.647257234
-0.0825,3.654899381,3.646460595
-0.0821875,3.633372556,3.645663956
-0.081875,3.6142376,3.644070678
-0.0815625,3.558427313,3.644867317
-0.08125,3.576764979,3.644867317
-0.0809375,3.644534613,3.644070678
-0.080625,3.581548718,3.644867317
-0.0803125,3.607061992,3.644867317
-0.08,3.567994791,3.644867317
-0.0796875,3.640548164,3.645663956
-0.079375,3.649318352,3.645663956
-0.0790625,3.602278253,3.645663956
-0.07875,3.587129746,3.644070678
-0.0784375,3.57038666,3.6424774
-0.078125,3.627791527,3.641680761
-0.0778125,3.623805078,3.640884122
-0.0775,3.582346008,3.6424774
-0.0771875,3.592710775,3.6424774
-0.076875,3.56958937,3.643274039
-0.0765625,3.646129193,3.644070678
-0.07625,3.6142376,3.643274039
-0.0759375,3.628588817,3.644867317
-0.075625,3.566400211,3.644867317
-0.0753125,3.576764979,3.644867317
-0.075,3.669250598,3.645663956
-0.0746875,3.61583218,3.644867317
-0.074375,3.608656571,3.645663956
-0.0740625,3.583940587,3.645663956
-0.07375,3.593508065,3.646460595
-0.0734375,3.65968312,3.645663956
-0.073125,3.61583218,3.644867317
-0.0728125,3.625399658,3.645663956
-0.0725,3.600683673,3.645663956
-0.0721875,3.591913485,3.645663956
-0.071875,3.662872279,3.646460595
-0.0715625,3.623805078,3.648850512
-0.07125,3.638953585,3.651240429
-0.0709375,3.603075543,3.652833707
-0.070625,3.608656571,3.652833707
-0.0703125,3.643737323,3.653630346
-0.07,3.625399658,3.652833707
-0.0696875,3.630980686,3.652833707
-0.069375,3.601480963,3.652037068
-0.0690625,3.583143297,3.652833707
-0.06875,3.667656018,3.652037068
-0.0684375,3.623007788,3.65044379
-0.068125,3.582346008,3.649647151
-0.0678125,3.584737877,3.649647151
-0.0675,3.556832733,3.648850512
-0.0671875,3.665264148,3.648850512
-0.066875,3.61503489,3.647257234
-0.0665625,3.626196947,3.646460595
-0.06625,3.579954138,3.646460595
-0.0659375,3.627791527,3.647257234
-0.065625,3.627791527,3.645663956
-0.0653125,3.611048441,3.645663956
-0.065,3.584737877,3.644867317
-0.0646875,3.568792081,3.643274039
-0.064375,3.628588817,3.643274039
-0.0640625,3.631777976,3.644867317
-0.06375,3.61344031,3.644070678
-0.0634375,3.579156848,3.644867317
-0.063125,3.563211052,3.644867317
-0.0628125,3.646926483,3.646460595
-0.0625,3.655696671,3.644867317
-0.0621875,3.619021339,3.643274039
-0.061875,3.581548718,3.641680761
-0.0615625,3.56958937,3.640884122
-0.06125,3.622210498,3.6424774
-0.0609375,3.650115642,3.6424774
-0.060625,3.626994237,3.6424774
-0.0603125,3.552846284,3.643274039
-0.06,3.558427313,3.643274039
-0.0596875,3.627791527,3.643274039
-0.059375,3.654102091,3.644070678
-0.0590625,3.611048441,3.644070678
-0.05875,3.579156848,3.644070678
-0.0584375,3.57038666,3.645663956
-0.058125,3.645331903,3.645663956
-0.0578125,3.647723773,3.644070678
-0.0575,3.633372556,3.645663956
-0.0571875,3.556832733,3.645663956
-0.056875,3.568792081,3.645663956
-0.0565625,3.637359005,3.645663956
-0.05625,3.647723773,3.645663956
-0.0559375,3.610251151,3.646460595
-0.055625,3.562413762,3.647257234
-0.0553125,3.575967689,3.647257234
-0.055,3.639750874,3.648053873
-0.0546875,3.65888583,3.651240429
-0.054375,3.591116196,3.652833707
-0.0540625,3.584737877,3.652037068
-0.05375,3.574373109,3.652833707
-0.0534375,3.651710222,3.653630346
-0.053125,3.65649396,3.652833707
-0.0528125,3.618224049,3.652833707
-0.0525,3.575170399,3.652037068
-0.0521875,3.551251705,3.652833707
-0.051875,3.670047887,3.651240429
-0.0515625,3.653304801,3.65044379
-0.05125,3.607859282,3.65044379
-0.0509375,3.566400211,3.65044379
-0.050625,3.558427313,3.65044379
-0.0503125,3.667656018,3.649647151
-0.05,3.646926483,3.648053873
-0.0496875,3.609453861,3.649647151
-0.049375,3.575170399,3.647257234
-0.0490625,3.574373109,3.645663956
-0.04875,3.663669569,3.646460595
-0.0484375,3.646129193,3.645663956
-0.048125,3.620615919,3.645663956
-0.0478125,3.567197501,3.644070678
-0.0475,3.577562269,3.643274039
-0.0471875,3.65649396,3.644070678
-0.046875,3.646129193,3.644070678
-0.0465625,3.601480963,3.645663956
-0.04625,3.584737877,3.644867317
-0.0459375,3.587927036,3.645663956
-0.045625,3.661277699,3.645663956
-0.0453125,3.638953585,3.641680761
-0.045,3.624602368,3.641680761
-0.0446875,3.590318906,3.6424774
-0.044375,3.574373109,3.641680761
-0.0440625,3.661277699,3.641680761
-0.04375,3.632575266,3.641680761
-0.0434375,3.597494514,3.644070678
-0.043125,3.549657125,3.644867317
-0.0428125,3.568792081,3.644070678
-0.0425,3.651710222,3.644867317
-0.0421875,3.645331903,3.645663956
-0.041875,3.608656571,3.645663956
-0.0415625,3.567197501,3.645663956
-0.04125,3.580751428,3.645663956
-0.0409375,3.65729125,3.645663956
-0.040625,3.638953585,3.646460595
-0.0403125,3.574373109,3.646460595
-0.04,3.57277853,3.646460595
-0.0396875,3.61503489,3.646460595
-0.039375,3.65729125,3.645663956
-0.0390625,3.617426759,3.647257234
-0.03875,3.583143297,3.648053873
-0.0384375,3.57118395,3.647257234
-0.038125,3.627791527,3.65044379
-0.0378125,3.634967135,3.652037068
-0.0375,3.646926483,3.653630346
-0.0371875,3.61583218,3.652833707
-0.036875,3.575967689,3.653630346
-0.0365625,3.645331903,3.653630346
-0.03625,3.661277699,3.653630346
-0.0359375,3.644534613,3.653630346
-0.035625,3.621413209,3.652037068
-0.0353125,3.57038666,3.652037068
-0.035,3.564805632,3.65044379
-0.0346875,3.654899381,3.65044379
-0.034375,3.639750874,3.649647151
-0.0340625,3.607061992,3.649647151
-0.03375,3.574373109,3.648053873
-0.0334375,3.61583218,3.647257234
-0.033125,3.650912932,3.645663956
-0.0328125,3.633372556,3.645663956
-0.0325,3.608656571,3.645663956
-0.0321875,3.575170399,3.645663956
-0.031875,3.603872833,3.646460595
-0.0315625,3.628588817,3.643274039
-0.03125,3.627791527,3.643274039
-0.0309375,3.592710775,3.644070678
-0.030625,3.568792081,3.644867317
-0.0303125,3.65888583,3.644867317
-0.03,3.620615919,3.643274039
-0.0296875,3.583940587,3.645663956
-0.029375,3.587927036,3.645663956
-0.0290625,3.576764979,3.646460595
-0.02875,3.670047887,3.644070678
-0.0284375,3.608656571,3.640087483
-0.028125,3.617426759,3.640884122
-0.0278125,3.592710775,3.640884122
-0.0275,3.583940587,3.641680761
-0.0271875,3.619818629,3.644070678
-0.026875,3.6142376,3.643274039
-0.0265625,3.57038666,3.645663956
-0.02625,3.587129746,3.644070678
-0.0259375,3.600683673,3.645663956
-0.025625,3.637359005,3.646460595
-0.0253125,3.61583218,3.645663956
-0.025,3.627791527,3.646460595
-0.0246875,3.603075543,3.644867317
-0.024375,3.598291804,3.645663956
-0.0240625,3.653304801,3.645663956
-0.02375,3.621413209,3.645663956
-0.0234375,3.598291804,3.645663956
-0.023125,3.596697224,3.645663956
-0.0228125,3.609453861,3.646460595
-0.0225,3.65888583,3.647257234
-0.0221875,3.619021339,3.647257234
-0.021875,3.602278253,3.647257234
-0.0215625,3.591913485,3.648850512
-0.02125,3.626994237,3.651240429
-0.0209375,3.674831626,3.652037068
-0.020625,3.626994237,3.652037068
-0.0203125,3.599886384,3.652037068
-0.02,3.591116196,3.652833707
-0.0196875,3.630980686,3.652833707
-0.019375,3.669250598,3.653630346
-0.0190625,3.630980686,3.652037068
-0.01875,3.575967689,3.652833707
-0.0184375,3.590318906,3.65044379
-0.018125,3.621413209,3.652037068
-0.0178125,3.668453308,3.649647151
-0.0175,3.628588817,3.649647151
-0.0171875,3.595102645,3.648850512
-0.016875,3.568792081,3.647257234
-0.0165625,3.596697224,3.647257234
-0.01625,3.662872279,3.647257234
-0.0159375,3.632575266,3.646460595
-0.015625,3.568792081,3.646460595
-0.0153125,3.564805632,3.644867317
-0.015,3.627791527,3.644867317
-0.0146875,3.654899381,3.643274039
-0.014375,3.583940587,3.644867317
-0.0140625,3.580751428,3.644070678
-0.01375,3.574373109,3.644070678
-0.0134375,3.666061438,3.644070678
-0.013125,3.654102091,3.644867317
-0.0128125,3.654899381,3.646460595
-0.0125,3.579156848,3.644867317
-0.0121875,3.575967689,3.643274039
-0.011875,3.65649396,3.641680761
-0.0115625,3.646129193,3.641680761
-0.01125,3.583940587,3.6424774
-0.0109375,3.568792081,3.641680761
-0.010625,3.57038666,3.6424774
-0.0103125,3.634967135,3.643274039
-0.01,3.643737323,3.643274039
-0.0096875,3.624602368,3.644070678
-0.009375,3.56958937,3.644070678
-0.0090625,3.567994791,3.644867317
-0.00875,3.638953585,3.645663956
-0.0084375,3.647723773,3.644867317
-0.008125,3.587927036,3.645663956
-0.0078125,3.567197501,3.644867317
-0.0075,3.541684227,3.645663956
-0.0071875,3.65968312,3.645663956
-0.006875,3.634169846,3.645663956
-0.0065625,3.607859282,3.645663956
-0.00625,3.57277853,3.645663956
-0.0059375,3.591116196,3.645663956
-0.005625,3.642142744,3.646460595
-0.0053125,3.643737323,3.645663956
-0.005,3.605467412,3.648053873
-0.0046875,3.566400211,3.65044379
-0.004375,3.61344031,3.652037068
-0.0040625,3.669250598,3.652833707
-0.00375,3.647723773,3.652833707
-0.0034375,3.603075543,3.654426985
-0.003125,3.575967689,3.652833707
-0.0028125,3.620615919,3.652833707
-0.0025,3.643737323,3.652833707
-0.0021875,3.647723773,3.651240429
-0.001875,3.604670122,3.652037068
-0.0015625,3.57118395,3.65044379
-0.00125,3.590318906,3.65044379
-0.0009375,3.664466859,3.649647151
-0.000625,3.649318352,3.648053873
-0.0003125,3.612643021,3.648053873
0,3.579156848,3.647257234
0.0003125,3.576764979,3.646460595
0.000625,3.66048041,3.645663956
0.0009375,3.643737323,3.645663956
0.00125,3.604670122,3.645663956
0.0015625,3.560819182,3.644867317
0.001875,3.605467412,3.644070678
0.0021875,3.65808854,3.643274039
0.0025,3.638953585,3.644070678
0.0028125,3.584737877,3.644867317
0.003125,3.574373109,3.644867317
0.0034375,3.61583218,3.644867317
0.00375,3.651710222,3.645663956
0.0040625,3.618224049,3.645663956
0.004375,3.580751428,3.646460595
0.0046875,3.560021893,3.644070678
0.005,3.618224049,3.641680761
0.0053125,3.649318352,3.641680761
0.005625,3.591116196,3.641680761
0.0059375,3.599886384,3.641680761
0.00625,3.554440864,3.643274039
0.0065625,3.604670122,3.6424774
0.006875,3.652507511,3.643274039
0.0071875,3.634169846,3.643274039
0.0075,3.611048441,3.644070678
0.0078125,3.575170399,3.644867317
0.008125,3.597494514,3.644867317
0.0084375,3.649318352,3.644867317
0.00875,3.628588817,3.644867317
0.0090625,3.584737877,3.645663956
0.009375,3.578359558,3.645663956
0.0096875,3.634967135,3.645663956
0.01,3.646129193,3.645663956
0.0103125,3.626196947,3.645663956
0.010625,3.603075543,3.645663956
0.0109375,3.591913485,3.646460595
0.01125,3.620615919,3.648053873
0.0115625,3.648521062,3.647257234
0.011875,3.611048441,3.651240429
0.0121875,3.606264702,3.652833707
0.0125,3.61583218,3.654426985
0.0128125,3.645331903,3.654426985
0.013125,3.650115642,3.652833707
0.0134375,3.621413209,3.654426985
0.01375,3.596697224,3.652833707
0.0140625,3.587927036,3.652833707
0.014375,3.654899381,3.652833707
0.0146875,3.650115642,3.651240429
0.015,3.628588817,3.651240429
0.0153125,3.595102645,3.65044379
0.015625,3.597494514,3.651240429
0.0159375,3.662074989,3.65044379
0.01625,3.624602368,3.648850512
0.0165625,3.587129746,3.648053873
0.016875,3.575967689,3.646460595
0.0171875,3.608656571,3.645663956
0.0175,3.661277699,3.645663956
0.0178125,3.610251151,3.644070678
0.018125,3.598291804,3.645663956
0.0184375,3.588724326,3.644070678
0.01875,3.619818629,3.643274039
0.0190625,3.639750874,3.644070678
0.019375,3.611048441,3.643274039
0.0196875,3.545670676,3.644867317
0.02,3.583940587,3.643274039
0.0203125,3.579156848,3.644070678
0.020625,3.661277699,3.646460595
0.0209375,3.618224049,3.644070678
0.02125,3.587927036,3.644070678
0.0215625,3.557630023,3.640884122
0.021875,3.602278253,3.641680761
0.0221875,3.646926483,3.641680761
0.0225,3.610251151,3.641680761
0.0228125,3.588724326,3.6424774
0.023125,3.562413762,3.6424774
0.0234375,3.642142744,3.644070678
0.02375,3.65729125,3.644070678
0.0240625,3.609453861,3.644070678
0.024375,3.575967689,3.644070678
0.0246875,3.564008342,3.644867317
0.025,3.649318352,3.645663956
0.0253125,3.65888583,3.645663956
0.025625,3.6142376,3.644867317
0.0259375,3.608656571,3.644867317
0.02625,3.567197501,3.645663956
0.0265625,3.639750874,3.646460595
0.026875,3.649318352,3.645663956
0.0271875,3.599886384,3.644867317
0.0275,3.584737877,3.646460595
0.0278125,3.57118395,3.647257234
0.028125,3.670845177,3.648053873
0.0284375,3.649318352,3.649647151
0.02875,3.553643574,3.652833707
0.0290625,3.583940587,3.652833707
0.029375,3.582346008,3.652833707
0.0296875,3.667656018,3.652833707
0.03,3.652507511,3.655223624
0.0303125,3.599089094,3.654426985
0.030625,3.598291804,3.652833707
0.0309375,3.591913485,3.652833707
0.03125,3.640548164,3.651240429
0.0315625,3.646129193,3.651240429
0.031875,3.626196947,3.652037068
0.0321875,3.587129746,3.649647151
0.0325,3.575967689,3.65044379
0.0328125,3.61583218,3.65044379
0.033125,3.646129193,3.648053873
0.0334375,3.611845731,3.648850512
0.03375,3.559224603,3.646460595
0.0340625,3.599089094,3.646460595
0.034375,3.65968312,3.645663956
0.0346875,3.640548164,3.644867317
0.035,3.61662947,3.645663956
0.0353125,3.561616472,3.644070678
0.035625,3.579156848,3.644867317
0.0359375,3.663669569,3.644867317
0.03625,3.638156295,3.644867317
0.0365625,3.56958937,3.648053873
0.036875,3.547265256,3.644070678
0.0371875,3.625399658,3.646460595
0.0375,3.65888583,3.646460595
0.0378125,3.61503489,3.645663956
0.038125,3.579954138,3.643274039
0.0384375,3.551251705,3.640884122
0.03875,3.620615919,3.643274039
0.0390625,3.651710222,3.643274039
0.039375,3.640548164,3.6424774
0.0396875,3.605467412,3.644867317
0.04,3.531319459,3.644070678
0.0403125,3.638953585,3.644867317
0.040625,3.654899381,3.644867317
0.0409375,3.619818629,3.644867317
0.04125,3.556832733,3.647257234
0.0415625,3.537697778,3.646460595
0.041875,3.637359005,3.645663956
0.0421875,3.654899381,3.645663956
0.0425,3.61344031,3.645663956
0.0428125,3.620615919,3.645663956
0.043125,3.548859835,3.645663956
0.0434375,3.651710222,3.646460595
0.04375,3.650912932,3.644867317
0.0440625,3.638953585,3.645663956
0.044375,3.589521616,3.646460595
0.0446875,3.544076096,3.648053873
0.045,3.635764425,3.647257234
0.0453125,3.653304801,3.651240429
0.045625,3.611845731,3.652833707
0.0459375,3.607859282,3.653630346
0.04625,3.566400211,3.652833707
0.0465625,3.662074989,3.652037068
0.046875,3.661277699,3.652833707
0.0471875,3.619818629,3.652833707
0.0475,3.61583218,3.652037068
0.0478125,3.591116196,3.652037068
0.048125,3.619021339,3.651240429
0.0484375,3.65968312,3.652037068
0.04875,3.564008342,3.651240429
0.0490625,3.608656571,3.649647151
0.049375,3.591116196,3.649647151
0.0496875,3.608656571,3.648053873
0.05,3.653304801,3.646460595
0.0503125,3.593508065,3.646460595
0.050625,3.590318906,3.646460595
0.0509375,3.597494514,3.646460595
0.05125,3.637359005,3.644070678
0.0515625,3.642940034,3.643274039
0.051875,3.610251151,3.644070678
0.0521875,3.595899934,3.643274039
0.0525,3.56958937,3.644070678
0.0528125,3.634967135,3.644070678
0.053125,3.642142744,3.644070678
0.0534375,3.594305355,3.645663956
0.05375,3.595899934,3.644867317
0.0540625,3.608656571,3.646460595
0.054375,3.631777976,3.645663956
0.0546875,3.638953585,3.643274039
0.055,3.601480963,3.6424774
0.0553125,3.554440864,3.641680761
0.055625,3.598291804,3.6424774
0.0559375,3.629386107,3.641680761
0.05625,3.642142744,3.6424774
0.0565625,3.618224049,3.644070678
0.056875,3.576764979,3.643274039
0.0571875,3.568792081,3.645663956
0.0575,3.623007788,3.644867317
0.0578125,3.642142744,3.644070678
0.058125,3.552846284,3.645663956
0.0584375,3.57118395,3.645663956
0.05875,3.639750874,3.645663956
0.0590625,3.630183397,3.644867317
0.059375,3.634169846,3.644867317
0.0596875,3.609453861,3.645663956
0.06,3.578359558,3.644867317
0.0603125,3.621413209,3.646460595
0.060625,3.634967135,3.645663956
0.0609375,3.605467412,3.645663956
0.06125,3.579954138,3.647257234
0.0615625,3.579954138,3.647257234
0.061875,3.665264148,3.65044379
0.0621875,3.649318352,3.652037068
0.0625,3.603872833,3.652037068
0.0628125,3.61344031,3.652833707
0.063125,3.575967689,3.652833707
0.0634375,3.643737323,3.654426985
0.06375,3.661277699,3.654426985
0.0640625,3.611845731,3.652833707
0.064375,3.611845731,3.652037068
0.0646875,3.582346008,3.651240429
0.065,3.644534613,3.652037068
0.0653125,3.65888583,3.65044379
0.065625,3.601480963,3.649647151
0.0659375,3.609453861,3.649647151
0.06625,3.575967689,3.648053873
0.0665625,3.651710222,3.647257234
0.066875,3.650115642,3.648053873
0.0671875,3.599089094,3.647257234
0.0675,3.579156848,3.645663956
0.0678125,3.582346008,3.644867317
0.068125,3.655696671,3.644867317
0.0684375,3.644534613,3.644070678
0.06875,3.551251705,3.644070678
0.0690625,3.586332457,3.643274039
0.069375,3.589521616,3.644867317
0.0696875,3.638953585,3.645663956
0.07,3.637359005,3.645663956
0.0703125,3.579156848,3.645663956
0.070625,3.584737877,3.646460595
0.0709375,3.57118395,3.646460595
0.07125,3.65729125,3.644070678
0.0715625,3.642142744,3.6424774
0.071875,3.567197501,3.641680761
0.0721875,3.591116196,3.641680761
0.0725,3.609453861,3.643274039
0.0728125,3.65729125,3.643274039
0.073125,3.639750874,3.644070678
0.0734375,3.583143297,3.644070678
0.07375,3.575170399,3.644070678
0.0740625,3.57198124,3.645663956
0.074375,3.637359005,3.645663956
0.0746875,3.640548164,3.646460595
0.075,3.575170399,3.645663956
0.0753125,3.579954138,3.644867317
0.075625,3.591116196,3.646460595
0.0759375,3.65888583,3.645663956
0.07625,3.639750874,3.645663956
0.0765625,3.587927036,3.646460595
0.076875,3.575967689,3.645663956
0.0771875,3.61503489,3.647257234
0.0775,3.631777976,3.647257234
0.0778125,3.634169846,3.648053873
0.078125,3.556035444,3.648053873
0.0784375,3.540886937,3.648850512
0.07875,3.654102091,3.652037068
0.0790625,3.665264148,3.653630346
0.079375,3.641345454,3.653630346
0.0796875,3.621413209,3.654426985
0.08,3.560021893,3.654426985
0.0803125,3.653304801,3.655223624
0.080625,3.66048041,3.652833707
0.0809375,3.641345454,3.652833707
0.08125,3.597494514,3.652833707
0.0815625,3.556035444,3.651240429
0.081875,3.596697224,3.651240429
0.0821875,3.65808854,3.651240429
0.0825,3.623805078,3.65044379
0.0828125,3.617426759,3.65044379
0.083125,3.558427313,3.648053873
0.0834375,3.641345454,3.648850512
0.08375,3.649318352,3.647257234
0.0840625,3.606264702,3.648053873
0.084375,3.591913485,3.646460595
0.0846875,3.560819182,3.645663956
0.085,3.665264148,3.644867317
0.0853125,3.647723773,3.644867317
0.085625,3.554440864,3.644867317
0.0859375,3.603872833,3.644867317
0.08625,3.548062545,3.644867317
0.0865625,3.61503489,3.644867317
0.086875,3.647723773,3.644070678
0.0871875,3.61344031,3.645663956
0.0875,3.568792081,3.646460595
0.0878125,3.493846838,3.646460595
0.088125,3.65649396,3.644070678
0.0884375,3.637359005,3.641680761
0.08875,3.57357582,3.6424774
0.0890625,3.581548718,3.643274039
0.089375,3.586332457,3.6424774
0.0896875,3.633372556,3.644070678
0.09,3.642940034,3.643274039
0.0903125,3.586332457,3.644070678
0.090625,3.584737877,3.644070678
0.0909375,3.567994791,3.645663956
0.09125,3.653304801,3.645663956
0.0915625,3.641345454,3.645663956
0.091875,3.603872833,3.645663956
0.0921875,3.577562269,3.646460595
0.0925,3.605467412,3.647257234
0.0928125,3.646129193,3.644867317
0.093125,3.642940034,3.645663956
0.0934375,3.604670122,3.645663956
0.09375,3.567197501,3.646460595
0.0940625,3.630980686,3.646460595
0.094375,3.639750874,3.646460595
0.0946875,3.641345454,3.647257234
0.095,3.583143297,3.648850512
0.0953125,3.567994791,3.652037068
0.095625,3.65888583,3.652833707
0.0959375,3.638156295,3.652037068
0.09625,3.623007788,3.652833707
0.0965625,3.61503489,3.653630346
0.096875,3.579954138,3.653630346
0.0971875,3.665264148,3.653630346
0.0975,3.634967135,3.652037068
0.0978125,3.643737323,3.652037068
0.098125,3.549657125,3.652037068
0.0984375,3.56958937,3.65044379
0.09875,3.664466859,3.65044379
0.0990625,3.628588817,3.648850512
0.099375,3.618224049,3.649647151
0.0996875,3.587129746,3.648053873
0.1,3.566400211,3.647257234
0.1003125,3.642142744,3.647257234
0.100625,3.623805078,3.645663956
0.1009375,3.634967135,3.646460595
0.10125,3.610251151,3.644867317
0.1015625,3.586332457,3.645663956
0.101875,3.642142744,3.646460595
0.1021875,3.618224049,3.6424774
0.1025,3.604670122,3.644070678
0.1028125,3.598291804,3.644070678
0.103125,3.585535167,3.644070678
0.1034375,3.65888583,3.644867317
0.10375,3.619021339,3.645663956
0.1040625,3.601480963,3.646460595
0.104375,3.605467412,3.646460595
0.1046875,3.594305355,3.643274039
0.105,3.610251151,3.643274039
0.1053125,3.619818629,3.640884122
0.105625,3.622210498,3.640884122
0.1059375,3.565602921,3.641680761
0.10625,3.596697224,3.6424774
0.1065625,3.662074989,3.644070678
0.106875,3.619818629,3.644070678
0.1071875,3.562413762,3.644867317
0.1075,3.586332457,3.644867317
0.1078125,3.61662947,3.645663956
0.108125,3.65808854,3.645663956
0.1084375,3.626196947,3.645663956
0.10875,3.563211052,3.645663956
0.1090625,3.585535167,3.644867317
0.109375,3.587927036,3.645663956
0.1096875,3.662872279,3.645663956
0.11,3.642142744,3.644867317
0.1103125,3.57038666,3.645663956
0.110625,3.581548718,3.645663956
0.1109375,3.630980686,3.645663956
0.11125,3.65808854,3.646460595
0.1115625,3.639750874,3.647257234
0.111875,3.545670676,3.649647151
0.1121875,3.575170399,3.652037068
0.1125,3.611845731,3.652833707
0.1128125,3.666858728,3.653630346
0.113125,3.650115642,3.654426985
0.1134375,3.576764979,3.654426985
0.11375,3.587927036,3.652037068
0.1140625,3.65808854,3.652833707
0.114375,3.663669569,3.652037068
0.1146875,3.620615919,3.652833707
0.115,3.593508065,3.65044379
0.1153125,3.574373109,3.65044379
0.115625,3.640548164,3.651240429
0.1159375,3.662872279,3.65044379
0.11625,3.564008342,3.65044379
0.1165625,3.556832733,3.648850512
0.116875,3.575967689,3.648053873
0.1171875,3.618224049,3.648850512
0.1175,3.646926483,3.647257234
0.1178125,3.632575266,3.647257234
0.118125,3.574373109,3.644867317
0.1184375,3.57357582,3.645663956
0.11875,3.653304801,3.645663956
0.1190625,3.646129193,3.644070678
0.119375,3.594305355,3.645663956
0.1196875,3.57198124,3.644867317
0.12,3.583940587,3.644867317
0.1203125,3.65729125,3.644867317
0.120625,3.643737323,3.645663956
0.1209375,3.601480963,3.646460595
0.12125,3.578359558,3.643274039
0.1215625,3.591116196,3.6424774
0.121875,3.622210498,3.643274039
0.1221875,3.645331903,3.641680761
0.1225,3.617426759,3.641680761
0.1228125,3.57198124,3.6424774
0.123125,3.580751428,3.6424774
0.1234375,3.654899381,3.644070678
0.12375,3.647723773,3.643274039
0.1240625,3.57198124,3.646460595
0.124375,3.581548718,3.645663956
0.1246875,3.565602921,3.644867317
0.125,3.61344031,3.646460595
0.1253125,3.641345454,3.645663956
0.125625,3.582346008,3.646460595
0.1259375,3.563211052,3.645663956
0.12625,3.588724326,3.646460595
0.1265625,3.65808854,3.645663956
0.126875,3.638953585,3.645663956
0.1271875,3.61503489,3.645663956
0.1275,3.580751428,3.645663956
0.1278125,3.588724326,3.645663956
0.128125,3.66048041,3.646460595
0.1284375,3.646129193,3.648053873
0.12875,3.584737877,3.651240429
0.1290625,3.579156848,3.652833707
0.129375,3.611048441,3.652833707
0.1296875,3.66048041,3.652833707
0.13,3.647723773,3.654426985
0.1303125,3.623007788,3.654426985
0.130625,3.585535167,3.653630346
0.1309375,3.603872833,3.652037068
0.13125,3.675628916,3.652037068
0.1315625,3.637359005,3.65044379
0.131875,3.591116196,3.649647151
0.1321875,3.57198124,3.649647151
0.1325,3.604670122,3.649647151
0.1328125,3.65729125,3.648850512
0.133125,3.643737323,3.647257234
0.1334375,3.584737877,3.648053873
0.13375,3.562413762,3.646460595
0.1340625,3.630980686,3.645663956
0.134375,3.645331903,3.644867317
0.1346875,3.608656571,3.644867317
0.135,3.608656571,3.644070678
0.1353125,3.575170399,3.644070678
0.135625,3.627791527,3.644070678
0.1359375,3.644534613,3.643274039
0.13625,3.609453861,3.644070678
0.1365625,3.592710775,3.644867317
0.136875,3.579954138,3.644070678
0.1371875,3.611845731,3.645663956
0.1375,3.645331903,3.644867317
0.1378125,3.622210498,3.644867317
0.138125,3.607061992,3.643274039
0.1384375,3.545670676,3.6424774
0.13875,3.609453861,3.6424774
0.1390625,3.638156295,3.640087483
0.139375,3.61503489,3.643274039
0.1396875,3.563211052,3.6424774
0.14,3.600683673,3.6424774
0.1403125,3.631777976,3.644070678
0.140625,3.623805078,3.6424774
0.1409375,3.604670122,3.644070678
0.14125,3.587129746,3.644070678
0.1415625,3.603872833,3.644867317
0.141875,3.66048041,3.645663956
0.1421875,3.611845731,3.644867317
0.1425,3.618224049,3.644867317
0.1428125,3.595899934,3.644867317
0.143125,3.611048441,3.645663956
0.1434375,3.642142744,3.645663956
0.14375,3.607061992,3.644070678
0.1440625,3.597494514,3.644070678
0.144375,3.585535167,3.645663956
0.1446875,3.594305355,3.646460595
0.145,3.668453308,3.647257234
0.1453125,3.618224049,3.648053873
0.145625,3.597494514,3.652037068
0.1459375,3.575967689,3.651240429
0.14625,3.641345454,3.652037068
0.1465625,3.636561715,3.653630346
0.146875,3.628588817,3.652037068
0.1471875,3.618224049,3.652037068
0.1475,3.567994791,3.652037068
0.1478125,3.581548718,3.652037068
0.148125,3.673237047,3.652037068
0.1484375,3.624602368,3.649647151
0.14875,3.590318906,3.649647151
0.1490625,3.57277853,3.648053873
0.149375,3.65649396,3.648850512
0.1496875,3.654102091,3.647257234
0.15,3.566400211,3.646460595
0.1503125,3.601480963,3.646460595
0.150625,3.561616472,3.646460595
0.1509375,3.654102091,3.646460595
0.15125,3.653304801,3.644070678
0.1515625,3.589521616,3.644070678
0.151875,3.605467412,3.644867317
0.1521875,3.556035444,3.6424774
0.1525,3.65968312,3.6424774
0.1528125,3.647723773,3.644070678
0.153125,3.576764979,3.644867317
0.1534375,3.595102645,3.644070678
0.15375,3.579954138,3.644070678
0.1540625,3.668453308,3.645663956
0.154375,3.647723773,3.645663956
0.1546875,3.561616472,3.643274039
0.155,3.578359558,3.640087483
0.1553125,3.574373109,3.640884122
0.155625,3.653304801,3.640884122
0.1559375,3.634967135,3.640884122
0.15625,3.586332457,3.643274039
0.1565625,3.542481517,3.6424774
0.156875,3.562413762,3.643274039
0.1571875,3.662872279,3.643274039
0.1575,3.642940034,3.643274039
0.1578125,3.626196947,3.644070678
0.158125,3.56958937,3.644070678
0.1584375,3.591913485,3.644867317
0.15875,3.636561715,3.645663956
0.1590625,3.638953585,3.644867317
0.159375,3.593508065,3.646460595
0.1596875,3.565602921,3.644070678
0.16,3.57198124,3.645663956
0.1603125,3.65888583,3.644867317
0.160625,3.638953585,3.644867317
0.1609375,3.588724326,3.645663956
0.16125,3.560021893,3.645663956
0.1615625,3.579954138,3.647257234
0.161875,3.662074989,3.648850512
0.1621875,3.654102091,3.651240429
0.1625,3.617426759,3.652833707
0.1628125,3.556035444,3.652037068
0.163125,3.642940034,3.652833707
0.1634375,3.662872279,3.653630346
0.16375,3.649318352,3.654426985
0.1640625,3.618224049,3.652037068
0.164375,3.57038666,3.651240429
0.1646875,3.591116196,3.651240429
0.165,3.665264148,3.65044379
0.1653125,3.642142744,3.649647151
0.165625,3.589521616,3.649647151
0.1659375,3.560819182,3.648053873
0.16625,3.589521616,3.648850512
0.1665625,3.65968312,3.646460595
0.166875,3.61662947,3.646460595
0.1671875,3.606264702,3.646460595
0.1675,3.537697778,3.645663956
0.1678125,3.624602368,3.646460595
0.168125,3.653304801,3.644867317
0.1684375,3.607859282,3.644867317
0.16875,3.598291804,3.643274039
0.1690625,3.549657125,3.644070678
0.169375,3.651710222,3.643274039
0.1696875,3.654102091,3.643274039
0.17,3.595899934,3.644867317
0.1703125,3.601480963,3.644867317
0.170625,3.556035444,3.646460595
0.1709375,3.652507511,3.645663956
0.17125,3.648521062,3.644070678
0.1715625,3.619021339,3.6424774
0.171875,3.585535167,3.641680761
0.1721875,3.579156848,3.641680761
0.1725,3.604670122,3.6424774
0.1728125,3.642142744,3.6424774
0.173125,3.589521616,3.643274039
0.1734375,3.593508065,3.644867317
0.17375,3.598291804,3.644867317
0.1740625,3.639750874,3.644867317
0.174375,3.654102091,3.644867317
0.1746875,3.627791527,3.645663956
0.175,3.594305355,3.644867317
0.1753125,3.561616472,3.646460595
0.175625,3.612643021,3.645663956
0.1759375,3.646129193,3.644867317
0.17625,3.581548718,3.644867317
0.1765625,3.596697224,3.644867317
0.176875,3.586332457,3.645663956
0.1771875,3.608656571,3.644867317
0.1775,3.642142744,3.644867317
0.1778125,3.617426759,3.646460595
0.178125,3.57277853,3.646460595
0.1784375,3.598291804,3.648850512
0.17875,3.638953585,3.65044379
0.1790625,3.651710222,3.651240429
0.179375,3.600683673,3.654426985
0.1796875,3.593508065,3.652037068
0.18,3.619818629,3.654426985
0.1803125,3.639750874,3.652037068
0.180625,3.651710222,3.652037068
0.1809375,3.578359558,3.652833707
0.18125,3.593508065,3.652037068
0.1815625,3.623805078,3.652037068
0.181875,3.634967135,3.65044379
0.1821875,3.647723773,3.649647151
0.1825,3.591116196,3.649647151
0.1828125,3.574373109,3.648850512
0.183125,3.623007788,3.649647151
0.1834375,3.633372556,3.646460595
0.18375,3.589521616,3.647257234
0.1840625,3.595899934,3.647257234
0.184375,3.568792081,3.644867317
0.1846875,3.605467412,3.645663956
0.185,3.634169846,3.643274039
0.1853125,3.603075543,3.641680761
0.185625,3.593508065,3.6424774
0.1859375,3.567994791,3.643274039
0.18625,3.662074989,3.644070678
0.1865625,3.642142744,3.644070678
0.186875,3.592710775,3.643274039
0.1871875,3.589521616,3.644070678
0.1875,3.578359558,3.643274039
0.1878125,3.637359005,3.643274039
0.188125,3.648521062,3.641680761
0.1884375,3.553643574,3.640087483
0.18875,3.597494514,3.640087483
0.1890625,3.57118395,3.639290843
0.189375,3.642940034,3.641680761
0.1896875,3.646926483,3.640884122
0.19,3.591116196,3.641680761
0.1903125,3.590318906,3.641680761
0.190625,3.550454415,3.6424774
0.1909375,3.661277699,3.643274039
0.19125,3.650115642,3.644867317
0.1915625,3.591913485,3.644070678
0.191875,3.594305355,3.644070678
0.1921875,3.603872833,3.644070678
0.1925,3.635764425,3.644070678
0.1928125,3.641345454,3.644867317
0.193125,3.57198124,3.644867317
0.1934375,3.609453861,3.644070678
0.19375,3.524143851,3.644867317
0.1940625,3.634967135,3.644867317
0.194375,3.641345454,3.645663956
0.1946875,3.552048995,3.646460595
0.195,3.568792081,3.646460595
0.1953125,3.61344031,3.649647151
0.195625,3.669250598,3.651240429
0.1959375,3.652507511,3.652037068
0.19625,3.57038666,3.652037068
0.1965625,3.591913485,3.652037068
0.196875,3.595899934,3.652833707
0.1971875,3.666858728,3.651240429
0.1975,3.65649396,3.652037068
0.1978125,3.577562269,3.651240429
0.198125,3.57357582,3.65044379
0.1984375,3.636561715,3.649647151
0.19875,3.65649396,3.649647151
0.1990625,3.647723773,3.649647151
0.199375,3.57038666,3.648053873
0.1996875,3.575170399,3.646460595
0.2,3.636561715,3.646460595
0.2003125,3.663669569,3.644867317
0.200625,3.638953585,3.645663956
0.2009375,3.586332457,3.645663956
0.20125,3.549657125,3.6424774
0.2015625,3.602278253,3.643274039
0.201875,3.653304801,3.6424774
0.2021875,3.585535167,3.6424774
0.2025,3.596697224,3.6424774
0.2028125,3.541684227,3.641680761
0.203125,3.634967135,3.643274039
0.2034375,3.642142744,3.643274039
0.20375,3.630183397,3.643274039
0.2040625,3.587129746,3.644070678
0.204375,3.547265256,3.643274039
0.2046875,3.61503489,3.643274039
0.205,3.646129193,3.639290843
0.2053125,3.61503489,3.640884122
0.205625,3.591116196,3.640087483
0.2059375,3.525738431,3.640087483
0.20625,3.65808854,3.641680761
0.2065625,3.642940034,3.641680761
0.206875,3.593508065,3.644070678
0.2071875,3.583940587,3.644070678
0.2075,3.567197501,3.643274039
0.2078125,3.663669569,3.644867317
0.208125,3.647723773,3.644867317
0.2084375,3.548859835,3.644867317
0.20875,3.594305355,3.644867317
0.2090625,3.52733301,3.645663956
0.209375,3.673237047,3.644867317
0.2096875,3.644534613,3.644070678
0.21,3.599089094,3.645663956
0.2103125,3.582346008,3.644867317
0.210625,3.587927036,3.644070678
0.2109375,3.663669569,3.645663956
0.21125,3.647723773,3.645663956
0.2115625,3.587129746,3.646460595
0.211875,3.578359558,3.648053873
0.2121875,3.568792081,3.651240429
0.2125,3.667656018,3.652037068
0.2128125,3.655696671,3.651240429
0.213125,3.592710775,3.651240429
0.2134375,3.579954138,3.652037068
0.21375,3.594305355,3.652037068
0.2140625,3.641345454,3.652833707
0.214375,3.636561715,3.651240429
0.2146875,3.590318906,3.652037068
0.215,3.581548718,3.649647151
0.2153125,3.603872833,3.65044379
0.215625,3.65649396,3.649647151
0.2159375,3.648521062,3.648053873
0.21625,3.597494514,3.648053873
0.2165625,3.568792081,3.647257234
0.216875,3.638953585,3.647257234
0.2171875,3.646926483,3.644867317
0.2175,3.640548164,3.645663956
0.2178125,3.577562269,3.644867317
0.218125,3.57118395,3.644070678
0.2184375,3.638953585,3.644070678
0.21875,3.626994237,3.643274039
0.2190625,3.635764425,3.6424774
0.219375,3.606264702,3.6424774
0.2196875,3.579156848,3.643274039
0.22,3.663669569,3.644867317
0.2203125,3.619021339,3.643274039
0.220625,3.607859282,3.645663956
0.2209375,3.589521616,3.644867317
0.22125,3.57198124,3.644070678
0.2215625,3.626196947,3.644070678
0.221875,3.595102645,3.640087483
0.2221875,3.608656571,3.640884122
0.2225,3.586332457,3.640884122
0.2228125,3.57038666,3.641680761
0.223125,3.666061438,3.643274039
0.2234375,3.620615919,3.643274039
0.22375,3.626196947,3.644070678
0.2240625,3.598291804,3.643274039
0.224375,3.576764979,3.644867317
0.2246875,3.640548164,3.646460595
0.225,3.626196947,3.644867317
0.2253125,3.605467412,3.645663956
0.225625,3.584737877,3.645663956
0.2259375,3.549657125,3.646460595
0.22625,3.66048041,3.647257234
0.2265625,3.618224049,3.644867317
0.226875,3.598291804,3.646460595
0.2271875,3.599089094,3.644867317
0.2275,3.577562269,3.646460595
0.2278125,3.654102091,3.646460595
0.228125,3.619021339,3.647257234
0.2284375,3.621413209,3.648053873
0.22875,3.603872833,3.65044379
0.2290625,3.599089094,3.652037068
0.229375,3.674831626,3.652833707
0.2296875,3.626196947,3.652037068
0.23,3.619818629,3.652833707
0.2303125,3.602278253,3.652833707
0.230625,3.598291804,3.653630346
0.2309375,3.674831626,3.653630346
0.23125,3.636561715,3.652037068
0.2315625,3.611048441,3.649647151
0.231875,3.583143297,3.649647151
0.2321875,3.639750874,3.649647151
0.2325,3.666061438,3.648850512
0.2328125,3.636561715,3.648053873
0.233125,3.544873386,3.648053873
0.2334375,3.568792081,3.646460595
0.23375,3.605467412,3.647257234
0.2340625,3.654899381,3.646460595
0.234375,3.6142376,3.644867317
0.2346875,3.561616472,3.644867317
0.235,3.559224603,3.643274039
0.2353125,3.639750874,3.644867317
0.235625,3.65729125,3.643274039
0.2359375,3.6142376,3.644070678
0.23625,3.556832733,3.643274039
0.2365625,3.56958937,3.644070678
0.236875,3.66048041,3.644867317
0.2371875,3.648521062,3.644867317
0.2375,3.603075543,3.645663956
0.2378125,3.581548718,3.644867317
0.238125,3.584737877,3.6424774
0.2384375,3.544873386,3.641680761
0.23875,3.650912932,3.640884122
0.2390625,3.618224049,3.6424774
0.239375,3.544873386,3.6424774
0.2396875,3.567994791,3.6424774
0.24,3.638953585,3.643274039
0.2403125,3.643737323,3.644070678
0.240625,3.585535167,3.644867317
0.2409375,3.581548718,3.643274039
0.24125,3.589521616,3.644867317
0.2415625,3.663669569,3.644070678
0.241875,3.648521062,3.644070678
0.2421875,3.599886384,3.645663956
0.2425,3.580751428,3.644867317
0.2428125,3.57277853,3.645663956
0.243125,3.665264148,3.645663956
0.2434375,3.641345454,3.645663956
0.24375,3.599089094,3.645663956
0.2440625,3.576764979,3.644867317
0.244375,3.61344031,3.646460595
0.2446875,3.638953585,3.646460595
0.245,3.646926483,3.647257234
0.2453125,3.578359558,3.651240429
0.245625,3.568792081,3.651240429
0.2459375,3.605467412,3.651240429
0.24625,3.669250598,3.652037068
0.2465625,3.651710222,3.652037068
0.246875,3.589521616,3.653630346
0.2471875,3.583940587,3.652833707
0.2475,3.599089094,3.652833707
0.2478125,3.666061438,3.652037068
0.248125,3.65649396,3.651240429
0.2484375,3.619021339,3.651240429
0.24875,3.585535167,3.65044379
0.2490625,3.554440864,3.652037068
0.249375,3.661277699,3.649647151
0.2496875,3.645331903,3.648053873
0.25,3.575170399,3.648053873
0.2503125,3.57357582,3.647257234
0.250625,3.61344031,3.646460595
0.2509375,3.661277699,3.645663956
0.25125,3.596697224,3.646460595
0.2515625,3.592710775,3.645663956
0.251875,3.583940587,3.645663956
0.2521875,3.598291804,3.643274039
0.2525,3.647723773,3.643274039
0.2528125,3.629386107,3.643274039
0.253125,3.608656571,3.644070678
0.2534375,3.574373109,3.644070678
0.25375,3.631777976,3.643274039
0.2540625,3.651710222,3.644070678
0.254375,3.583940587,3.645663956
0.2546875,3.593508065,3.643274039
0.255,3.580751428,3.640884122
0.2553125,3.557630023,3.640884122
0.255625,3.640548164,3.640884122
0.2559375,3.61662947,3.640884122
0.25625,3.585535167,3.640884122
0.2565625,3.555238154,3.6424774
0.256875,3.603872833,3.643274039
0.2571875,3.642142744,3.6424774
0.2575,3.574373109,3.644070678
0.2578125,3.592710775,3.644867317
0.258125,3.57198124,3.646460595
0.2584375,3.639750874,3.644867317
0.25875,3.639750874,3.644867317
0.2590625,3.626196947,3.645663956
0.259375,3.602278253,3.645663956
0.2596875,3.597494514,3.645663956
0.26,3.624602368,3.645663956
0.2603125,3.638953585,3.645663956
0.260625,3.609453861,3.644867317
0.2609375,3.556832733,3.645663956
0.26125,3.620615919,3.646460595
0.2615625,3.646926483,3.647257234
0.261875,3.641345454,3.646460595
0.2621875,3.628588817,3.65044379
0.2625,3.591116196,3.651240429
0.2628125,3.600683673,3.652833707
0.263125,3.633372556,3.653630346
0.2634375,3.630980686,3.652037068
0.26375,3.591913485,3.652833707
0.2640625,3.588724326,3.651240429
0.264375,3.634169846,3.652037068
0.2646875,3.671642467,3.651240429
0.265,3.626994237,3.649647151
0.2653125,3.594305355,3.65044379
0.265625,3.590318906,3.649647151
0.2659375,3.619818629,3.649647151
0.26625,3.671642467,3.648850512
0.2665625,3.61583218,3.646460595
0.266875,3.583940587,3.646460595
0.2671875,3.57118395,3.646460595
0.2675,3.630980686,3.646460595
0.2678125,3.652507511,3.644867317
0.268125,3.588724326,3.644070678
0.2684375,3.579156848,3.644070678
0.26875,3.57198124,3.6424774
0.2690625,3.634169846,3.643274039
0.269375,3.648521062,3.6424774
0.2696875,3.611845731,3.643274039
0.27,3.583940587,3.644070678
0.2703125,3.554440864,3.644070678
0.270625,3.634169846,3.646460595
0.2709375,3.655696671,3.646460595
0.27125,3.577562269,3.644070678
0.2715625,3.585535167,3.6424774
0.271875,3.564805632,3.641680761
0.2721875,3.634967135,3.6424774
0.2725,3.645331903,3.641680761
0.2728125,3.564008342,3.640884122
0.273125,3.593508065,3.6424774
0.2734375,3.589521616,3.6424774
0.27375,3.641345454,3.643274039
0.2740625,3.648521062,3.643274039
0.274375,3.575967689,3.644070678
0.2746875,3.591116196,3.644070678
0.275,3.544873386,3.644867317
0.2753125,3.638953585,3.644867317
0.275625,3.644534613,3.644070678
0.2759375,3.543278807,3.647257234
0.27625,3.591913485,3.644867317
0.2765625,3.576764979,3.645663956
0.276875,3.65888583,3.645663956
0.2771875,3.642940034,3.645663956
0.2775,3.560021893,3.646460595
0.2778125,3.564805632,3.644867317
0.278125,3.61583218,3.647257234
0.2784375,3.669250598,3.646460595
0.27875,3.648521062,3.649647151
0.2790625,3.596697224,3.653630346
0.279375,3.564008342,3.652037068
0.2796875,3.61344031,3.652833707
0.28,3.651710222,3.652833707
0.2803125,3.65649396,3.652833707
0.280625,3.625399658,3.653630346
0.2809375,3.559224603,3.652037068
0.28125,3.612643021,3.652833707
0.2815625,3.666061438,3.651240429
0.281875,3.648521062,3.65044379
0.2821875,3.628588817,3.651240429
0.2825,3.548062545,3.648053873
0.2828125,3.612643021,3.649647151
0.283125,3.66048041,3.647257234
0.2834375,3.578359558,3.646460595
0.28375,3.587927036,3.647257234
0.2840625,3.563211052,3.645663956
0.284375,3.579954138,3.646460595
0.2846875,3.632575266,3.644070678
0.285,3.612643021,3.644070678
0.2853125,3.603075543,3.643274039
0.285625,3.551251705,3.643274039
0.2859375,3.608656571,3.644070678
0.28625,3.650912932,3.643274039
0.2865625,3.624602368,3.644070678
0.286875,3.605467412,3.644070678
0.2871875,3.543278807,3.644070678
0.2875,3.662074989,3.644070678
0.2878125,3.651710222,3.644070678
0.288125,3.623805078,3.641680761
0.2884375,3.575170399,3.641680761
0.28875,3.553643574,3.639290843
0.2890625,3.629386107,3.640884122
0.289375,3.645331903,3.643274039
0.2896875,3.626994237,3.6424774
0.29,3.579156848,3.6424774
0.2903125,3.565602921,3.6424774
0.290625,3.661277699,3.644070678
0.2909375,3.639750874,3.643274039
0.29125,3.599089094,3.644867317
0.2915625,3.591913485,3.645663956
0.291875,3.547265256,3.645663956
0.2921875,3.632575266,3.644867317
0.2925,3.640548164,3.644867317
0.2928125,3.626994237,3.644867317
0.293125,3.597494514,3.645663956
0.2934375,3.560021893,3.645663956
0.29375,3.649318352,3.644070678
0.2940625,3.639750874,3.644867317
0.294375,3.601480963,3.645663956
0.2946875,3.561616472,3.647257234
0.295,3.604670122,3.647257234
0.2953125,3.61662947,3.648850512
0.295625,3.645331903,3.651240429
0.2959375,3.600683673,3.652037068
0.29625,3.586332457,3.652037068
0.2965625,3.587927036,3.652833707
0.296875,3.640548164,3.652037068
0.2971875,3.630980686,3.653630346
0.2975,3.61583218,3.652037068
0.2978125,3.589521616,3.652037068
0.298125,3.638156295,3.652037068
0.2984375,3.618224049,3.649647151
0.29875,3.633372556,3.649647151
0.2990625,3.589521616,3.648850512
0.299375,3.568792081,3.648053873
0.2996875,3.625399658,3.649647151
0.3,3.634169846,3.646460595
0.3003125,3.595899934,3.647257234
0.300625,3.564805632,3.646460595
0.3009375,3.562413762,3.645663956
0.30125,3.65808854,3.645663956
0.3015625,3.622210498,3.643274039
0.301875,3.61344031,3.643274039
0.3021875,3.607859282,3.643274039
0.3025,3.574373109,3.6424774
0.3028125,3.625399658,3.643274039
0.303125,3.619818629,3.6424774
0.3034375,3.623805078,3.643274039
0.30375,3.596697224,3.643274039
0.3040625,3.567994791,3.644867317
0.304375,3.663669569,3.645663956
0.3046875,3.622210498,3.643274039
0.305,3.606264702,3.641680761
0.3053125,3.598291804,3.640884122
0.305625,3.583940587,3.640884122
0.3059375,3.631777976,3.6424774
0.30625,3.617426759,3.641680761
0.3065625,3.584737877,3.6424774
0.306875,3.591913485,3.6424774
0.3071875,3.593508065,3.643274039
0.3075,3.65888583,3.643274039
0.3078125,3.626994237,3.644070678
0.308125,3.564805632,3.646460595
0.3084375,3.593508065,3.643274039
0.30875,3.592710775,3.644867317
0.3090625,3.636561715,3.644867317
0.309375,3.634967135,3.645663956
0.3096875,3.583940587,3.644070678
0.31,3.581548718,3.644070678
0.3103125,3.603872833,3.644867317
0.310625,3.662074989,3.645663956
0.3109375,3.653304801,3.645663956
0.31125,3.563211052,3.646460595
0.3115625,3.589521616,3.646460595
0.311875,3.590318906,3.648053873
0.3121875,3.664466859,3.65044379
0.3125,3.66048041,3.651240429
0.3128125,3.56958937,3.652037068
0.313125,3.586332457,3.652037068
0.3134375,3.636561715,3.652833707
0.31375,3.671642467,3.652833707
0.3140625,3.655696671,3.652037068
0.314375,3.552846284,3.651240429
0.3146875,3.580751428,3.651240429
0.315,3.645331903,3.651240429
0.3153125,3.65968312,3.649647151
0.315625,3.61583218,3.648850512
0.3159375,3.586332457,3.648053873
0.31625,3.582346008,3.647257234
0.3165625,3.630980686,3.647257234
0.316875,3.65649396,3.645663956
0.3171875,3.637359005,3.646460595
0.3175,3.588724326,3.645663956
0.3178125,3.561616472,3.644070678
0.318125,3.630980686,3.644867317
0.3184375,3.649318352,3.644070678
0.31875,3.586332457,3.645663956
0.3190625,3.584737877,3.643274039
0.319375,3.57038666,3.643274039
0.3196875,3.638156295,3.643274039
0.32,3.650115642,3.643274039
0.3203125,3.631777976,3.644070678
0.320625,3.590318906,3.644867317
0.3209375,3.581548718,3.644867317
0.32125,3.647723773,3.645663956
0.3215625,3.645331903,3.6424774
0.321875,3.599089094,3.640884122
0.3221875,3.575967689,3.640884122
0.3225,3.582346008,3.640884122
0.3228125,3.636561715,3.640884122
0.323125,3.638953585,3.641680761
0.3234375,3.588724326,3.644070678
0.32375,3.567994791,3.643274039
0.3240625,3.549657125,3.6424774
0.324375,3.655696671,3.644070678
0.3246875,3.642142744,3.644070678
0.325,3.623805078,3.644867317
0.3253125,3.591913485,3.644070678
0.325625,3.579156848,3.644070678
0.3259375,3.662074989,3.644070678
0.32625,3.646129193,3.644070678
0.3265625,3.601480963,3.644070678
0.326875,3.588724326,3.644070678
0.3271875,3.565602921,3.645663956
0.3275,3.665264148,3.644070678
0.3278125,3.646926483,3.644867317
0.328125,3.564805632,3.646460595
0.3284375,3.598291804,3.646460595
0.32875,3.609453861,3.648850512
0.3290625,3.665264148,3.651240429
0.329375,3.651710222,3.651240429
0.3296875,3.575967689,3.652037068
0.33,3.583143297,3.652037068
0.3303125,3.620615919,3.652037068
0.330625,3.673237047,3.65044379
0.3309375,3.654102091,3.651240429
0.33125,3.575170399,3.651240429
0.3315625,3.57038666,3.65044379
0.331875,3.57357582,3.65044379
0.3321875,3.66048041,3.648850512
0.3325,3.593508065,3.649647151
0.3328125,3.56958937,3.648850512
0.333125,3.580751428,3.647257234
0.3334375,3.641345454,3.648053873
0.33375,3.65968312,3.646460595
0.3340625,3.636561715,3.646460595
0.334375,3.587927036,3.646460595
0.3346875,3.576764979,3.646460595
0.335,3.6142376,3.644867317
0.3353125,3.653304801,3.644070678
0.335625,3.596697224,3.644070678
0.3359375,3.581548718,3.643274039
0.33625,3.567197501,3.644070678
0.3365625,3.580751428,3.644070678
0.336875,3.649318352,3.643274039
0.3371875,3.626994237,3.644070678
0.3375,3.596697224,3.644070678
0.3378125,3.586332457,3.644867317
0.338125,3.639750874,3.643274039
0.3384375,3.642142744,3.640087483
0.33875,3.57357582,3.640884122
0.3390625,3.593508065,3.640884122
0.339375,3.591913485,3.6424774
0.3396875,3.646129193,3.643274039
0.34,3.624602368,3.6424774
0.3403125,3.558427313,3.644867317
0.340625,3.586332457,3.643274039
0.3409375,3.57357582,3.644867317
0.34125,3.638953585,3.646460595
0.3415625,3.620615919,3.644070678
0.341875,3.587927036,3.644867317
0.3421875,3.592710775,3.644070678
0.3425,3.590318906,3.645663956
0.3428125,3.666061438,3.644070678
0.343125,3.61503489,3.644070678
0.3434375,3.560819182,3.645663956
0.34375,3.592710775,3.644070678
0.3440625,3.603075543,3.644070678
0.344375,3.662872279,3.644867317
0.3446875,3.610251151,3.644867317
0.345,3.622210498,3.645663956
0.3453125,3.586332457,3.648053873
0.345625,3.558427313,3.65044379
0.3459375,3.664466859,3.652833707
0.34625,3.627791527,3.651240429
0.3465625,3.57277853,3.652833707
0.346875,3.587129746,3.652833707
0.3471875,3.636561715,3.652833707
0.3475,3.666061438,3.653630346
0.3478125,3.618224049,3.652037068
0.348125,3.61503489,3.652037068
0.3484375,3.583143297,3.649647151
0.34875,3.651710222,3.649647151
0.3490625,3.661277699,3.65044379
0.349375,3.601480963,3.648850512
0.3496875,3.57118395,3.647257234
0.35,3.578359558,3.646460595
0.3503125,3.608656571,3.646460595
0.350625,3.654899381,3.646460595
0.3509375,3.595102645,3.645663956
0.35125,3.56958937,3.644867317
0.3515625,3.565602921,3.643274039
0.351875,3.661277699,3.643274039
0.3521875,3.651710222,3.6424774
0.3525,3.584737877,3.6424774
0.3528125,3.599886384,3.643274039
0.353125,3.57198124,3.643274039
0.3534375,3.624602368,3.644070678
0.35375,3.647723773,3.644070678
0.3540625,3.587129746,3.644867317
0.354375,3.57038666,3.644070678
0.3546875,3.579156848,3.643274039
0.355,3.632575266,3.640884122
0.3553125,3.638156295,3.640087483
0.355625,3.6142376,3.640884122
0.3559375,3.56958937,3.639290843
0.35625,3.580751428,3.640884122
0.3565625,3.621413209,3.641680761
0.356875,3.644534613,3.641680761
0.3571875,3.598291804,3.6424774
0.3575,3.549657125,3.6424774
0.3578125,3.592710775,3.644070678
0.358125,3.65808854,3.644070678
0.3584375,3.640548164,3.644867317
0.35875,3.597494514,3.644070678
0.3590625,3.564805632,3.643274039
0.359375,3.566400211,3.644070678
0.3596875,3.665264148,3.644070678
0.36,3.638953585,3.644070678
0.3603125,3.619818629,3.644867317
0.360625,3.557630023,3.643274039
0.3609375,3.583940587,3.643274039
0.36125,3.662872279,3.644070678
0.3615625,3.646129193,3.645663956
0.361875,3.590318906,3.647257234
0.3621875,3.564008342,3.648850512
0.3625,3.635764425,3.651240429
0.3628125,3.662872279,3.652037068
0.363125,3.653304801,3.652037068
0.3634375,3.579156848,3.652833707
0.36375,3.575967689,3.652037068
0.3640625,3.591913485,3.652833707
0.364375,3.670845177,3.651240429
0.3646875,3.647723773,3.65044379
0.365,3.609453861,3.65044379
0.3653125,3.556035444,3.648850512
0.365625,3.620615919,3.649647151
0.3659375,3.664466859,3.648053873
0.36625,3.611048441,3.648053873
0.3665625,3.587927036,3.646460595
0.366875,3.552846284,3.645663956
0.3671875,3.626994237,3.645663956
0.3675,3.65808854,3.644867317
0.3678125,3.591913485,3.645663956
0.368125,3.600683673,3.644070678
0.3684375,3.545670676,3.644070678
0.36875,3.601480963,3.643274039
0.3690625,3.650115642,3.6424774
0.369375,3.628588817,3.643274039
0.3696875,3.605467412,3.643274039
0.37,3.558427313,3.644070678
0.3703125,3.619818629,3.644070678
0.370625,3.651710222,3.644070678
0.3709375,3.602278253,3.644867317
0.37125,3.6142376,3.644867317
0.3715625,3.57118395,3.6424774
0.371875,3.580751428,3.640884122
0.3721875,3.647723773,3.640884122
0.3725,3.623805078,3.640884122
0.3728125,3.595899934,3.6424774
0.373125,3.560021893,3.6424774
0.3734375,3.603872833,3.644070678
0.37375,3.637359005,3.643274039
0.3740625,3.619021339,3.643274039
0.374375,3.556035444,3.644070678
0.3746875,3.599089094,3.646460595
0.375,3.607859282,3.644070678
0.3753125,3.638953585,3.644867317
0.375625,3.565602921,3.645663956
0.3759375,3.583940587,3.644070678
0.37625,3.567994791,3.645663956
0.3765625,3.634169846,3.645663956
0.376875,3.639750874,3.644070678
0.3771875,3.585535167,3.644867317
0.3775,3.584737877,3.644070678
0.3778125,3.625399658,3.646460595
0.378125,3.634967135,3.645663956
0.3784375,3.640548164,3.646460595
0.37875,3.57357582,3.65044379
0.3790625,3.566400211,3.651240429
0.379375,3.639750874,3.652037068
0.3796875,3.642142744,3.652037068
0.38,3.649318352,3.652037068
0.3803125,3.588724326,3.652833707
0.380625,3.594305355,3.652037068
0.3809375,3.626994237,3.652833707
0.38125,3.638156295,3.651240429
0.3815625,3.621413209,3.65044379
0.381875,3.587129746,3.65044379
0.3821875,3.584737877,3.648053873
0.3825,3.653304801,3.649647151
0.3828125,3.634967135,3.647257234
0.383125,3.597494514,3.648053873
0.3834375,3.611845731,3.646460595
0.38375,3.57198124,3.644867317
0.3840625,3.642940034,3.645663956
0.384375,3.635764425,3.644867317
0.3846875,3.583940587,3.644070678
0.385,3.591913485,3.643274039
0.3853125,3.57357582,3.643274039
0.385625,3.630980686,3.643274039
0.3859375,3.635764425,3.643274039
0.38625,3.610251151,3.6424774
0.3865625,3.559224603,3.643274039
0.386875,3.576764979,3.643274039
0.3871875,3.65888583,3.644070678
0.3875,3.643737323,3.644867317
0.3878125,3.595102645,3.644070678
0.388125,3.596697224,3.641680761
0.3884375,3.583940587,3.640087483
0.38875,3.635764425,3.641680761
0.3890625,3.650115642,3.641680761
0.389375,3.561616472,3.640884122
0.3896875,3.587129746,3.640884122
0.39,3.591116196,3.641680761
0.3903125,3.633372556,3.643274039
0.390625,3.644534613,3.644070678
0.3909375,3.566400211,3.643274039
0.39125,3.596697224,3.643274039
0.3915625,3.602278253,3.643274039
0.391875,3.636561715,3.644867317
0.3921875,3.640548164,3.644867317
0.3925,3.567994791,3.644867317
0.3928125,3.584737877,3.644867317
0.393125,3.604670122,3.645663956
0.3934375,3.65888583,3.645663956
0.39375,3.647723773,3.645663956
0.3940625,3.57038666,3.644867317
0.394375,3.57277853,3.645663956
0.3946875,3.576764979,3.646460595
0.395,3.662074989,3.646460595
0.3953125,3.645331903,3.648850512
0.395625,3.549657125,3.652037068
0.3959375,3.574373109,3.652037068
0.39625,3.595102645,3.652833707
0.3965625,3.671642467,3.653630346
0.396875,3.634967135,3.655223624
0.3971875,3.57357582,3.653630346
0.3975,3.586332457,3.652037068
0.3978125,3.607859282,3.652037068
0.398125,3.65888583,3.652037068
0.3984375,3.627791527,3.651240429
0.39875,3.587129746,3.649647151
0.3990625,3.575967689,3.648053873
0.399375,3.631777976,3.647257234
0.3996875,3.65808854,3.648053873
0.4,3.596697224,3.647257234
0.4003125,3.589521616,3.646460595
0.400625,3.557630023,3.644867317
0.4009375,3.661277699,3.644867317
0.40125,3.646926483,3.644867317
0.4015625,3.628588817,3.644867317
0.401875,3.595899934,3.644070678
0.4021875,3.557630023,3.641680761
0.4025,3.638953585,3.643274039
0.4028125,3.642940034,3.644070678
0.403125,3.634967135,3.644070678
0.4034375,3.611845731,3.644867317
0.40375,3.551251705,3.643274039
0.4040625,3.662074989,3.644867317
0.404375,3.647723773,3.644867317
0.4046875,3.605467412,3.644867317
0.405,3.61583218,3.641680761
0.4053125,3.544873386,3.640087483
0.405625,3.608656571,3.640884122
0.4059375,3.641345454,3.640087483
0.40625,3.591116196,3.641680761
0.4065625,3.575967689,3.6424774
0.406875,3.575967689,3.6424774
0.4071875,3.630980686,3.644867317
0.4075,3.639750874,3.644070678
0.4078125,3.578359558,3.644867317
0.408125,3.567994791,3.645663956
0.4084375,3.567197501,3.645663956
0.40875,3.667656018,3.644867317
0.4090625,3.639750874,3.644867317
0.409375,3.620615919,3.645663956
0.4096875,3.593508065,3.645663956
0.41,3.588724326,3.645663956
0.4103125,3.65649396,3.644867317
0.410625,3.650912932,3.644867317
0.4109375,3.57277853,3.644867317
0.41125,3.57118395,3.646460595
0.4115625,3.579954138,3.645663956
0.411875,3.662872279,3.647257234
0.4121875,3.65649396,3.651240429
0.4125,3.61503489,3.651240429
0.4128125,3.57198124,3.652037068
0.413125,3.61503489,3.652833707
0.4134375,3.670845177,3.652833707
0.41375,3.622210498,3.652037068
0.4140625,3.586332457,3.652833707
0.414375,3.592710775,3.651240429
0.4146875,3.61583218,3.652037068
0.415,3.65888583,3.65044379
0.4153125,3.652507511,3.649647151
0.415625,3.587129746,3.648850512
0.4159375,3.57118395,3.648053873
0.41625,3.626196947,3.648053873
0.4165625,3.61662947,3.646460595
0.416875,3.612643021,3.646460595
0.4171875,3.608656571,3.646460595
0.4175,3.567994791,3.646460595
0.4178125,3.631777976,3.645663956
0.418125,3.638953585,3.644070678
0.4184375,3.634967135,3.644070678
0.41875,3.601480963,3.643274039
0.4190625,3.57198124,3.644070678
0.419375,3.618224049,3.644867317
0.4196875,3.623805078,3.643274039
0.42,3.626994237,3.643274039
0.4203125,3.593508065,3.644070678
0.420625,3.581548718,3.644867317
0.4209375,3.642940034,3.646460595
0.42125,3.626994237,3.644070678
0.4215625,3.597494514,3.641680761
0.421875,3.590318906,3.640087483
0.4221875,3.576764979,3.641680761
0.4225,3.610251151,3.6424774
0.4228125,3.612643021,3.640884122
0.423125,3.618224049,3.6424774
0.4234375,3.596697224,3.643274039
0.42375,3.547265256,3.644070678
0.4240625,3.661277699,3.643274039
0.424375,3.61344031,3.643274039
0.4246875,3.578359558,3.646460595
0.425,3.575170399,3.644867317
0.4253125,3.592710775,3.645663956
0.425625,3.662074989,3.644867317
0.4259375,3.61583218,3.644070678
0.42625,3.592710775,3.645663956
0.4265625,3.579156848,3.644867317
0.426875,3.624602368,3.644867317
0.4271875,3.666858728,3.645663956
0.4275,3.590318906,3.644867317
0.4278125,3.583940587,3.645663956
0.428125,3.587129746,3.646460595
0.4284375,3.61503489,3.649647151
0.42875,3.662872279,3.65044379
0.4290625,3.626196947,3.651240429
0.429375,3.587129746,3.652833707
0.4296875,3.588724326,3.652833707
0.43,3.634967135,3.653630346
0.4303125,3.667656018,3.652833707
0.430625,3.606264702,3.653630346
0.4309375,3.608656571,3.652833707
0.43125,3.583143297,3.652037068
0.4315625,3.619818629,3.652037068
0.431875,3.662872279,3.651240429
0.4321875,3.594305355,3.649647151
0.4325,3.575170399,3.65044379
0.4328125,3.575967689,3.649647151
0.433125,3.644534613,3.647257234
0.4334375,3.654899381,3.647257234
0.43375,3.618224049,3.647257234
0.4340625,3.576764979,3.645663956
0.434375,3.567994791,3.645663956
0.4346875,3.666061438,3.645663956
0.435,3.645331903,3.644070678
0.4353125,3.632575266,3.644070678
0.435625,3.57277853,3.6424774
0.4359375,3.56958937,3.643274039
0.43625,3.61344031,3.644070678
0.4365625,3.646926483,3.644070678
0.436875,3.595102645,3.644070678
0.4371875,3.583940587,3.644070678
0.4375,3.579954138,3.645663956
0.4378125,3.637359005,3.646460595
0.438125,3.646129193,3.643274039
0.4384375,3.594305355,3.6424774
0.43875,3.562413762,3.640884122
0.4390625,3.588724326,3.640884122
0.439375,3.655696671,3.641680761
0.4396875,3.638156295,3.6424774
0.44,3.594305355,3.643274039
0.4403125,3.558427313,3.643274039
0.440625,3.577562269,3.644867317
0.4409375,3.634169846,3.644867317
0.44125,3.640548164,3.645663956
0.4415625,3.575170399,3.646460595
0.441875,3.564805632,3.644070678
0.4421875,3.602278253,3.644867317
0.4425,3.65729125,3.645663956
0.4428125,3.637359005,3.644070678
0.443125,3.592710775,3.646460595
0.4434375,3.552846284,3.645663956
0.44375,3.594305355,3.646460595
0.4440625,3.65888583,3.645663956
0.444375,3.645331903,3.645663956
0.4446875,3.607061992,3.647257234
0.445,3.558427313,3.647257234
0.4453125,3.586332457,3.649647151
0.445625,3.664466859,3.651240429
0.4459375,3.626196947,3.653630346
0.44625,3.61583218,3.654426985
0.4465625,3.576764979,3.653630346
0.446875,3.609453861,3.654426985
0.4471875,3.665264148,3.653630346
0.4475,3.651710222,3.653630346
0.4478125,3.611048441,3.654426985
0.448125,3.584737877,3.652037068
0.4484375,3.589521616,3.652037068
0.44875,3.661277699,3.651240429
0.4490625,3.61503489,3.651240429
0.449375,3.609453861,3.65044379
0.4496875,3.585535167,3.649647151
0.45,3.587129746,3.647257234
0.4503125,3.645331903,3.646460595
0.450625,3.579954138,3.648053873
0.4509375,3.595102645,3.645663956
0.45125,3.560819182,3.645663956
0.4515625,3.586332457,3.647257234
0.451875,3.646926483,3.645663956
0.4521875,3.607061992,3.644867317
0.4525,3.562413762,3.643274039
0.4528125,3.587927036,3.644070678
0.453125,3.611845731,3.644070678
0.4534375,3.623007788,3.644867317
0.45375,3.583143297,3.644867317
0.4540625,3.582346008,3.644867317
0.454375,3.602278253,3.645663956
0.4546875,3.629386107,3.644070678
0.455,3.637359005,3.641680761
0.4553125,3.61503489,3.640087483
0.455625,3.581548718,3.640884122
0.4559375,3.57038666,3.6424774
0.45625,3.634169846,3.641680761
0.4565625,3.640548164,3.6424774
0.456875,3.61344031,3.644070678
0.4571875,3.580751428,3.643274039
0.4575,3.617426759,3.644070678
0.4578125,3.606264702,3.644070678
0.458125,3.644534613,3.644070678
0.4584375,3.566400211,3.645663956
0.45875,3.579156848,3.644070678
0.4590625,3.622210498,3.644867317
0.459375,3.634169846,3.644070678
0.4596875,3.640548164,3.644867317
0.46,3.594305355,3.644070678
0.4603125,3.581548718,3.644070678
0.460625,3.611845731,3.646460595
0.4609375,3.648521062,3.645663956
0.46125,3.640548164,3.646460595
0.4615625,3.568792081,3.647257234
0.461875,3.581548718,3.647257234
0.4621875,3.635764425,3.652833707
0.4625,3.65968312,3.652833707
0.4628125,3.623007788,3.652833707
0.463125,3.610251151,3.652833707
0.4634375,3.574373109,3.652833707
0.46375,3.633372556,3.653630346
0.4640625,3.670845177,3.653630346
0.464375,3.602278253,3.652833707
0.4646875,3.61503489,3.652833707
0.465,3.57357582,3.652037068
0.4653125,3.640548164,3.652037068
0.465625,3.662074989,3.651240429
0.4659375,3.589521616,3.649647151
0.46625,3.585535167,3.649647151
0.4665625,3.581548718,3.648053873
0.466875,3.65888583,3.648053873
0.4671875,3.65808854,3.647257234
0.4675,3.585535167,3.646460595
0.4678125,3.598291804,3.645663956
0.468125,3.586332457,3.644070678
0.4684375,3.65649396,3.644867317
0.46875,3.654102091,3.644867317
0.4690625,3.507400765,3.644070678
0.469375,3.595899934,3.644070678
0.4696875,3.590318906,3.644070678
0.47,3.637359005,3.644867317
0.4703125,3.647723773,3.644070678
0.470625,3.599089094,3.645663956
0.4709375,3.592710775,3.645663956
0.47125,3.598291804,3.645663956
0.4715625,3.65729125,3.643274039
0.471875,3.640548164,3.640884122
0.4721875,3.567197501,3.640087483
0.4725,3.590318906,3.640087483
0.4728125,3.544873386,3.6424774
0.473125,3.65888583,3.6424774
0.4734375,3.642940034,3.6424774
0.47375,3.549657125,3.643274039
0.4740625,3.593508065,3.643274039
0.474375,3.593508065,3.644070678
0.4746875,3.663669569,3.644070678
0.475,3.647723773,3.644867317
0.4753125,3.539292357,3.645663956
0.475625,3.575967689,3.644070678
0.4759375,3.599089094,3.644867317
0.47625,3.649318352,3.644070678
0.4765625,3.6142376,3.644867317
0.476875,3.587129746,3.645663956
0.4771875,3.560021893,3.644070678
0.4775,3.594305355,3.645663956
0.4778125,3.662872279,3.644867317
0.478125,3.617426759,3.646460595
0.4784375,3.592710775,3.647257234
0.47875,3.556035444,3.648053873
0.4790625,3.611048441,3.651240429
0.479375,3.638953585,3.651240429
0.4796875,3.606264702,3.652037068
0.48,3.6142376,3.652037068
0.4803125,3.542481517,3.652037068
0.480625,3.628588817,3.652833707
0.4809375,3.663669569,3.652037068
0.48125,3.644534613,3.652037068
0.4815625,3.61344031,3.652037068
0.481875,3.551251705,3.648850512
0.4821875,3.674831626,3.649647151
0.4825,3.661277699,3.648850512
0.4828125,3.631777976,3.649647151
0.483125,3.611845731,3.648053873
0.4834375,3.551251705,3.645663956
0.48375,3.612643021,3.645663956
0.4840625,3.649318352,3.644867317
0.484375,3.607061992,3.645663956
0.4846875,3.577562269,3.644070678
0.485,3.553643574,3.643274039
0.4853125,3.65968312,3.6424774
0.485625,3.639750874,3.6424774
0.4859375,3.632575266,3.643274039
0.48625,3.595102645,3.644070678
0.4865625,3.575170399,3.644070678
0.486875,3.643737323,3.644070678
0.4871875,3.644534613,3.643274039
0.4875,3.532914039,3.645663956
0.4878125,3.589521616,3.645663956
0.488125,3.550454415,3.644070678
0.4884375,3.631777976,3.640884122
0.48875,3.634967135,3.640087483
0.4890625,3.594305355,3.640884122
0.489375,3.581548718,3.640884122
0.4896875,3.592710775,3.641680761
0.49,3.65729125,3.641680761
0.4903125,3.638156295,3.6424774
0.490625,3.57118395,3.644070678
0.4909375,3.575967689,3.643274039
0.49125,3.595102645,3.644867317
0.4915625,3.648521062,3.644070678
0.491875,3.641345454,3.644867317
0.4921875,3.617426759,3.644070678
0.4925,3.578359558,3.644867317
0.4928125,3.626196947,3.645663956
0.493125,3.639750874,3.643274039
0.4934375,3.641345454,3.644867317
0.49375,3.595899934,3.644070678
0.4940625,3.57277853,3.645663956
0.494375,3.654899381,3.644867317
0.4946875,3.626196947,3.644070678
0.495,3.61503489,3.645663956
0.4953125,3.599089094,3.647257234
0.495625,3.567994791,3.649647151
0.4959375,3.637359005,3.651240429
0.49625,3.631777976,3.65044379
0.4965625,3.626994237,3.651240429
0.496875,3.588724326,3.652037068
0.4971875,3.578359558,3.65044379
0.4975,3.651710222,3.652037068
0.4978125,3.627791527,3.65044379
0.498125,3.644534613,3.651240429
0.4984375,3.586332457,3.649647151
0.49875,3.596697224,3.649647151
0.4990625,3.672439757,3.65044379
0.499375,3.626196947,3.647257234
0.4996875,3.608656571,3.648053873
0.5,3.595102645,3.646460595
0.5003125,3.561616472,3.646460595
0.500625,3.674034336,3.646460595
0.5009375,3.593508065,3.644867317
0.50125,3.610251151,3.645663956
0.5015625,3.595102645,3.644070678
0.501875,3.56958937,3.644070678
0.5021875,3.662074989,3.644867317
0.5025,3.61662947,3.643274039
0.5028125,3.602278253,3.644070678
0.503125,3.577562269,3.643274039
0.5034375,3.608656571,3.643274039
0.50375,3.65968312,3.646460595
0.5040625,3.618224049,3.644070678
0.504375,3.589521616,3.644070678
0.5046875,3.588724326,3.643274039
0.505,3.600683673,3.641680761
0.5053125,3.654899381,3.640087483
0.505625,3.61503489,3.640087483
0.5059375,3.562413762,3.640087483
0.50625,3.577562269,3.641680761
0.5065625,3.619818629,3.641680761
0.506875,3.650912932,3.6424774
0.5071875,3.630980686,3.643274039
0.5075,3.56958937,3.643274039
0.5078125,3.587129746,3.643274039
0.508125,3.624602368,3.644070678
0.5084375,3.655696671,3.644070678
0.50875,3.638156295,3.644867317
0.5090625,3.565602921,3.644070678
0.509375,3.584737877,3.643274039
0.5096875,3.642940034,3.645663956
0.51,3.652507511,3.644867317
0.5103125,3.621413209,3.644867317
0.510625,3.533711329,3.644070678
0.5109375,3.579954138,3.644867317
0.51125,3.65729125,3.645663956
0.5115625,3.655696671,3.646460595
0.511875,3.595102645,3.647257234
0.5121875,3.582346008,3.648850512
0.5125,3.57118395,3.651240429
0.5128125,3.646129193,3.652833707
0.513125,3.65968312,3.652037068
0.5134375,3.633372556,3.652833707
0.51375,3.567197501,3.652037068
0.5140625,3.587129746,3.652037068
0.514375,3.604670122,3.652037068
0.5146875,3.652507511,3.651240429
0.515,3.633372556,3.651240429
0.5153125,3.590318906,3.648850512
0.515625,3.579156848,3.648850512
0.5159375,3.61344031,3.648053873
0.51625,3.651710222,3.647257234
0.5165625,3.586332457,3.647257234
0.516875,3.57198124,3.644867317
0.5171875,3.587129746,3.644070678
0.5175,3.609453861,3.645663956
0.5178125,3.649318352,3.644070678
0.518125,3.600683673,3.644070678
0.5184375,3.574373109,3.6424774
0.51875,3.599089094,3.6424774
0.5190625,3.635764425,3.6424774
0.519375,3.641345454,3.643274039
0.5196875,3.596697224,3.644070678
0.52,3.557630023,3.643274039
0.5203125,3.544076096,3.643274039
0.520625,3.605467412,3.644070678
0.5209375,3.638156295,3.644070678
0.52125,3.56958937,3.646460595
0.5215625,3.551251705,3.6424774
0.521875,3.604670122,3.640087483
0.5221875,3.655696671,3.640087483
0.5225,3.612643021,3.641680761
0.5228125,3.583940587,3.6424774
0.523125,3.564008342,3.643274039
0.5234375,3.588724326,3.6424774
0.52375,3.611845731,3.644070678
0.5240625,3.611048441,3.643274039
0.524375,3.61344031,3.644867317
0.5246875,3.57038666,3.644867317
0.525,3.620615919,3.644867317
0.5253125,3.653304801,3.644867317
0.525625,3.591913485,3.644070678
0.5259375,3.598291804,3.644070678
0.52625,3.568792081,3.644867317
0.5265625,3.624602368,3.643274039
0.526875,3.653304801,3.643274039
0.5271875,3.638156295,3.644070678
0.5275,3.606264702,3.644070678
0.5278125,3.581548718,3.644867317
0.528125,3.6142376,3.646460595
0.5284375,3.650115642,3.646460595
0.52875,3.587927036,3.648850512
0.5290625,3.603075543,3.65044379
0.529375,3.579954138,3.652037068
0.5296875,3.642142744,3.651240429
0.53,3.66048041,3.651240429
0.5303125,3.594305355,3.652037068
0.530625,3.579954138,3.65044379
0.5309375,3.579156848,3.651240429
0.53125,3.643737323,3.65044379
0.5315625,3.652507511,3.65044379
0.531875,3.609453861,3.649647151
0.5321875,3.606264702,3.648053873
0.5325,3.568792081,3.647257234
0.5328125,3.640548164,3.648053873
0.533125,3.644534613,3.647257234
0.5334375,3.599089094,3.645663956
0.53375,3.592710775,3.645663956
0.5340625,3.598291804,3.645663956
0.534375,3.604670122,3.644867317
0.5346875,3.640548164,3.643274039
0.535,3.593508065,3.643274039
0.5353125,3.579156848,3.641680761
0.535625,3.61344031,3.644070678
0.5359375,3.61583218,3.643274039
0.53625,3.635764425,3.6424774
0.5365625,3.589521616,3.644070678
0.536875,3.574373109,3.643274039
0.5371875,3.606264702,3.645663956
0.5375,3.642940034,3.644867317
0.5378125,3.635764425,3.644867317
0.538125,3.588724326,3.644070678
0.5384375,3.575170399,3.640884122
0.53875,3.602278253,3.640884122
0.5390625,3.653304801,3.640884122
0.539375,3.6142376,3.640087483
0.5396875,3.558427313,3.641680761
0.54,3.57118395,3.641680761
0.5403125,3.633372556,3.643274039
0.540625,3.650912932,3.643274039
0.5409375,3.607061992,3.643274039
0.54125,3.609453861,3.644070678
0.5415625,3.566400211,3.644070678
0.541875,3.623007788,3.645663956
0.5421875,3.661277699,3.644867317
0.5425,3.540089647,3.644867317
0.5428125,3.603075543,3.646460595
0.543125,3.564008342,3.644070678
0.5434375,3.637359005,3.645663956
0.54375,3.654899381,3.644867317
0.5440625,3.589521616,3.643274039
0.544375,3.579156848,3.644070678
0.5446875,3.567197501,3.644867317
0.545,3.652507511,3.645663956
0.5453125,3.650115642,3.647257234
0.545625,3.606264702,3.65044379
0.5459375,3.611845731,3.65044379
0.54625,3.587129746,3.652037068
0.5465625,3.666858728,3.652037068
0.546875,3.662074989,3.653630346
0.5471875,3.591913485,3.652037068
0.5475,3.617426759,3.652037068
0.5478125,3.598291804,3.651240429
0.548125,3.643737323,3.651240429
0.5484375,3.654899381,3.649647151
0.54875,3.581548718,3.649647151
0.5490625,3.61344031,3.648053873
0.549375,3.586332457,3.648850512
0.5496875,3.65808854,3.648053873
0.55,3.649318352,3.646460595
0.5503125,3.578359558,3.646460595
0.550625,3.555238154,3.646460595
0.5509375,3.598291804,3.645663956
0.55125,3.65888583,3.644070678
0.5515625,3.636561715,3.644070678
0.551875,3.602278253,3.644070678
0.5521875,3.56958937,3.6424774
0.5525,3.575170399,3.643274039
0.5528125,3.650912932,3.6424774
0.553125,3.592710775,3.643274039
0.5534375,3.577562269,3.644070678
0.55375,3.556832733,3.6424774
0.5540625,3.606264702,3.644070678
0.554375,3.661277699,3.644070678
0.5546875,3.639750874,3.644070678
0.555,3.579954138,3.6424774
0.5553125,3.540089647,3.640087483
0.555625,3.636561715,3.640884122
0.5559375,3.651710222,3.640884122
0.55625,3.604670122,3.641680761
0.5565625,3.601480963,3.641680761
0.556875,3.537697778,3.640884122
0.5571875,3.609453861,3.6424774
0.5575,3.642940034,3.6424774
0.5578125,3.607061992,3.644070678
0.558125,3.605467412,3.644070678
0.5584375,3.538495068,3.644070678
0.55875,3.61503489,3.644867317
0.5590625,3.643737323,3.644867317
0.559375,3.630980686,3.644867317
0.5596875,3.594305355,3.644070678
0.56,3.556035444,3.644867317
0.5603125,3.639750874,3.644867317
0.560625,3.642142744,3.644070678
0.5609375,3.581548718,3.644867317
0.56125,3.596697224,3.645663956
0.5615625,3.562413762,3.645663956
0.561875,3.662074989,3.647257234
0.5621875,3.650912932,3.648850512
0.5625,3.61503489,3.651240429
0.5628125,3.595102645,3.651240429
0.563125,3.575967689,3.651240429
0.5634375,3.664466859,3.651240429
0.56375,3.648521062,3.652833707
0.5640625,3.644534613,3.652833707
0.564375,3.596697224,3.653630346
0.5646875,3.578359558,3.651240429
0.565,3.670047887,3.651240429
0.5653125,3.653304801,3.649647151
0.565625,3.593508065,3.65044379
0.5659375,3.565602921,3.649647151
0.56625,3.547265256,3.649647151
0.5665625,3.655696671,3.647257234
0.566875,3.650115642,3.645663956
0.5671875,3.591116196,3.646460595
0.5675,3.580751428,3.646460595
0.5678125,3.594305355,3.646460595
0.568125,3.6142376,3.644070678
0.5684375,3.642142744,3.644070678
0.56875,3.610251151,3.643274039
0.5690625,3.581548718,3.643274039
0.569375,3.632575266,3.644070678
0.5696875,3.604670122,3.644070678
0.57,3.638953585,3.644867317
0.5703125,3.604670122,3.644867317
0.570625,3.564008342,3.644867317
0.5709375,3.648521062,3.645663956
0.57125,3.622210498,3.645663956
0.5715625,3.576764979,3.644070678
0.571875,3.598291804,3.640884122
0.5721875,3.566400211,3.641680761
0.5725,3.61662947,3.6424774
0.5728125,3.617426759,3.641680761
0.573125,3.622210498,3.641680761
0.5734375,3.578359558,3.641680761
0.57375,3.567197501,3.6424774
0.5740625,3.639750874,3.646460595
0.574375,3.617426759,3.644070678
0.5746875,3.57198124,3.644867317
0.575,3.610251151,3.644867317
0.5753125,3.586332457,3.644867317
0.575625,3.623805078,3.648053873
0.5759375,3.61662947,3.644867317
0.57625,3.583143297,3.645663956
0.5765625,3.587129746,3.644867317
0.576875,3.575967689,3.644867317
0.5771875,3.635764425,3.645663956
0.5775,3.61583218,3.644867317
0.5778125,3.591116196,3.645663956
0.578125,3.587927036,3.646460595
0.5784375,3.591116196,3.648053873
0.57875,3.661277699,3.649647151
0.5790625,3.624602368,3.651240429
0.579375,3.636561715,3.653630346
0.5796875,3.591913485,3.652833707
0.58,3.599089094,3.652833707
0.5803125,3.671642467,3.652833707
0.580625,3.633372556,3.652833707
0.5809375,3.593508065,3.652833707
0.58125,3.598291804,3.652037068
0.5815625,3.632575266,3.652037068
0.581875,3.670047887,3.651240429
0.5821875,3.634169846,3.65044379
0.5825,3.560021893,3.648850512
0.5828125,3.590318906,3.648850512
0.583125,3.61662947,3.648053873
0.5834375,3.65649396,3.646460595
0.58375,3.6142376,3.646460595
0.5840625,3.587927036,3.644867317
0.584375,3.56958937,3.645663956
0.5846875,3.622210498,3.646460595
0.585,3.654102091,3.645663956
0.5853125,3.611048441,3.644070678
0.585625,3.548859835,3.644070678
0.5859375,3.567994791,3.6424774
0.58625,3.630980686,3.643274039
0.5865625,3.645331903,3.644070678
0.586875,3.61344031,3.644070678
0.5871875,3.57357582,3.644070678
0.5875,3.560021893,3.644867317
0.5878125,3.634169846,3.645663956
0.588125,3.650115642,3.644070678
0.5884375,3.585535167,3.643274039
0.58875,3.575967689,3.641680761
0.5890625,3.56958937,3.641680761
0.589375,3.623805078,3.641680761
0.5896875,3.641345454,3.6424774
0.59,3.604670122,3.6424774
0.5903125,3.57277853,3.643274039
0.590625,3.584737877,3.643274039
0.5909375,3.65729125,3.643274039
0.59125,3.642940034,3.644867317
0.5915625,3.585535167,3.644867317
0.591875,3.57038666,3.644070678
0.5921875,3.579954138,3.644070678
0.5925,3.641345454,3.645663956
0.5928125,3.641345454,3.644070678
0.593125,3.600683673,3.645663956
0.5934375,3.57277853,3.644070678
0.59375,3.595102645,3.644070678
0.5940625,3.654899381,3.644867317
0.594375,3.645331903,3.644867317
0.5946875,3.597494514,3.646460595
0.595,3.556832733,3.645663956
0.5953125,3.61662947,3.647257234
0.595625,3.668453308,3.65044379
0.5959375,3.655696671,3.651240429
0.59625,3.617426759,3.652037068
0.5965625,3.586332457,3.652833707
0.596875,3.581548718,3.653630346
0.5971875,3.670845177,3.653630346
0.5975,3.648521062,3.652037068
0.5978125,3.61583218,3.652833707
0.598125,3.579156848,3.652037068
0.5984375,3.611048441,3.65044379
0.59875,3.65888583,3.65044379
0.5990625,3.645331903,3.648850512
0.599375,3.587927036,3.649647151
0.5996875,3.588724326,3.648850512
0.6,3.565602921,3.648053873
0.6003125,3.661277699,3.647257234
0.600625,3.598291804,3.646460595
0.6009375,3.606264702,3.644867317
0.60125,3.579954138,3.644070678
0.6015625,3.626994237,3.643274039
0.601875,3.648521062,3.643274039
0.6021875,3.562413762,3.6424774
0.6025,3.601480963,3.6424774
0.6028125,3.567197501,3.643274039
0.603125,3.611048441,3.643274039
0.6034375,3.647723773,3.643274039
0.60375,3.608656571,3.644070678
0.6040625,3.609453861,3.644070678
0.604375,3.585535167,3.644867317
0.6046875,3.618224049,3.644867317
0.605,3.644534613,3.643274039
0.6053125,3.601480963,3.6424774
0.605625,3.588724326,3.641680761
0.6059375,3.589521616,3.6424774
0.60625,3.630183397,3.6424774
0.6065625,3.646129193,3.6424774
0.606875,3.584737877,3.643274039
0.6071875,3.586332457,3.643274039
0.6075,3.605467412,3.643274039
0.6078125,3.635764425,3.644070678
0.608125,3.642142744,3.644867317
0.6084375,3.620615919,3.645663956
0.60875,3.597494514,3.644070678
0.6090625,3.61662947,3.644867317
0.609375,3.633372556,3.644070678
0.6096875,3.641345454,3.644070678
0.61,3.607859282,3.644867317
0.6103125,3.584737877,3.644070678
0.610625,3.596697224,3.645663956
0.6109375,3.637359005,3.645663956
0.61125,3.641345454,3.645663956
0.6115625,3.57038666,3.647257234
0.611875,3.587927036,3.647257234
0.6121875,3.587927036,3.651240429
0.6125,3.650115642,3.652833707
0.6128125,3.640548164,3.652037068
0.613125,3.603075543,3.652037068
0.6134375,3.583143297,3.652037068
0.61375,3.626196947,3.653630346
0.6140625,3.638953585,3.652833707
0.614375,3.600683673,3.652833707
0.6146875,3.608656571,3.652833707
0.615,3.585535167,3.651240429
0.6153125,3.66048041,3.651240429
0.615625,3.666858728,3.65044379
0.6159375,3.543278807,3.65044379
0.61625,3.6142376,3.648850512
0.6165625,3.577562269,3.648053873
0.616875,3.667656018,3.648850512
0.6171875,3.662074989,3.648850512
0.6175,3.583940587,3.647257234
0.6178125,3.578359558,3.646460595
0.618125,3.57038666,3.645663956
0.6184375,3.637359005,3.645663956
0.61875,3.646129193,3.644867317
0.6190625,3.562413762,3.644070678
0.619375,3.604670122,3.643274039
0.6196875,3.584737877,3.644070678
0.62,3.633372556,3.644867317
0.6203125,3.647723773,3.644867317
0.620625,3.574373109,3.644070678
0.6209375,3.598291804,3.644867317
0.62125,3.595899934,3.645663956
0.6215625,3.629386107,3.644070678
0.621875,3.642142744,3.641680761
0.6221875,3.509792634,3.640884122
0.6225,3.575967689,3.640884122
0.6228125,3.585535167,3.641680761
0.623125,3.628588817,3.641680761
0.6234375,3.635764425,3.6424774
0.62375,3.595899934,3.643274039
0.6240625,3.589521616,3.643274039
0.624375,3.6142376,3.644070678
0.6246875,3.65968312,3.644867317
0.625,3.654102091,3.645663956
0.6253125,3.57118395,3.645663956
0.625625,3.575967689,3.645663956
0.6259375,3.583940587,3.645663956
0.62625,3.667656018,3.645663956
0.6265625,3.634169846,3.645663956
0.626875,3.542481517,3.646460595
0.6271875,3.548859835,3.644867317
0.6275,3.560819182,3.646460595
0.6278125,3.65649396,3.646460595
0.628125,3.6142376,3.646460595
0.6284375,3.61583218,3.647257234
0.62875,3.554440864,3.647257234
0.6290625,3.654102091,3.652037068
0.629375,3.650115642,3.652037068
0.6296875,3.640548164,3.652833707
0.63,3.600683673,3.652037068
0.6303125,3.555238154,3.652037068
0.630625,3.654102091,3.652833707
0.6309375,3.667656018,3.652833707
0.63125,3.617426759,3.652037068
0.6315625,3.619021339,3.652037068
0.631875,3.550454415,3.651240429
0.6321875,3.643737323,3.65044379
0.6325,3.66048041,3.649647151
0.6328125,3.592710775,3.649647151
0.633125,3.590318906,3.649647151
0.6334375,3.552048995,3.647257234
0.63375,3.667656018,3.647257234
0.6340625,3.647723773,3.646460595
0.634375,3.619021339,3.646460595
0.6346875,3.601480963,3.645663956
0.635,3.57198124,3.644867317
0.6353125,3.666061438,3.644070678
0.635625,3.646926483,3.644070678
0.6359375,3.625399658,3.643274039
0.63625,3.589521616,3.644070678
0.6365625,3.567994791,3.643274039
0.636875,3.642142744,3.644867317
0.6371875,3.643737323,3.644070678
0.6375,3.602278253,3.644867317
0.6378125,3.596697224,3.645663956
0.638125,3.522549271,3.644867317
0.6384375,3.634169846,3.6424774
0.63875,3.639750874,3.640884122
0.6390625,3.57038666,3.641680761
0.639375,3.592710775,3.641680761
0.6396875,3.540089647,3.6424774
0.64,3.65888583,3.6424774
0.6403125,3.638953585,3.643274039
0.640625,3.591913485,3.644867317
0.6409375,3.580751428,3.645663956
0.64125,3.603075543,3.645663956
0.6415625,3.634169846,3.644070678
0.641875,3.647723773,3.645663956
0.6421875,3.611845731,3.645663956
0.6425,3.564805632,3.645663956
0.6428125,3.619021339,3.647257234
0.643125,3.647723773,3.645663956
0.6434375,3.6142376,3.645663956
0.64375,3.581548718,3.645663956
0.6440625,3.582346008,3.645663956
0.644375,3.598291804,3.646460595
0.6446875,3.630980686,3.645663956
0.645,3.591116196,3.647257234
0.6453125,3.576764979,3.648053873
0.645625,3.57277853,3.65044379
0.6459375,3.587129746,3.654426985
0.64625,3.272200269,3.230615014
0.6465625,3.276984008,2.285801107
0.646875,3.271402979,1.678762155
0.6471875,2.401559789,1.221491343
0.6475,0.631576396,0.88212311
0.6478125,0.051946699,0.639148201
0.648125,0.04636567,0.39856321
0.6484375,0.045568381,0.168334526
0.64875,-0.116281452,-0.261850558
0.6490625,-0.270158387,-0.496859077
0.649375,-0.273347546,-0.508012023
0.6496875,-0.274942126,-0.51040194
0.65,-0.277333995,-0.511995218
0.6503125,-0.280523155,-0.514385135
0.650625,-0.286901473,-0.51916497
0.6509375,-0.295671661,-0.526334721
0.65125,-0.30125269,-0.530317916
0.6515625,-0.294874371,-0.526334721
0.651875,-0.287698763,-0.522351526
0.6521875,-0.286104183,-0.520758248
0.6525,-0.286104183,-0.519961609
0.6528125,-0.284509604,-0.518368331
0.653125,-0.283712314,-0.518368331
0.6534375,-0.283712314,-0.51916497
0.65375,-0.284509604,-0.51916497
0.6540625,-0.283712314,-0.518368331
0.654375,-0.287698763,-0.521554887
0.6546875,-0.29886082,-0.528724638
0.655,-0.307631008,-0.534301112
0.6553125,-0.307631008,-0.534301112
0.655625,-0.296468951,-0.528724638
0.6559375,-0.293279792,-0.526334721
0.65625,-0.290887922,-0.523944804
0.6565625,-0.288496053,-0.523148165
0.656875,-0.286901473,-0.522351526
0.6571875,-0.285306893,-0.521554887
0.6575,-0.284509604,-0.519961609
0.6578125,-0.284509604,-0.519961609
0.658125,-0.286104183,-0.520758248
0.6584375,-0.285306893,-0.520758248
0.65875,-0.289293342,-0.523944804
0.6590625,-0.297266241,-0.529521277
0.659375,-0.304441849,-0.532707834
0.6596875,-0.303644559,-0.533504473
0.66,-0.294077081,-0.52713136
0.6603125,-0.288496053,-0.524741443
0.660625,-0.285306893,-0.522351526
0.6609375,-0.282117734,-0.51916497
0.66125,-0.277333995,-0.516775053
0.6615625,-0.337130731,-1.083185413
0.661875,-0.376995222,-2.049508575
0.6621875,-0.349887369,-2.593613042
0.6625,-0.339522601,-2.669293751
0.6628125,-0.336333442,-2.671683668
0.663125,-0.336333442,-2.627071882
0.6634375,-0.334738862,-2.559357563
0.66375,-0.333144282,-2.529881919
0.6640625,-0.329955123,-2.497219718
0.664375,-0.328360544,-2.467744073
0.6646875,-0.330752413,-2.438268428
0.665,-0.330752413,-2.41197934
0.6653125,-0.330752413,-2.388876808
0.665625,-0.329955123,-2.368960832
0.6659375,-0.329955123,-2.348248216
0.66625,-0.330752413,-2.327535601
0.6665625,-0.330752413,-2.310806181
0.666875,-0.332346993,-2.2948734
0.6671875,-0.331549703,-2.277347341
0.6675,-0.330752413,-2.260617921
0.6678125,-0.332346993,-2.243888502
0.668125,-0.333941572,-2.22875236
0.6684375,-0.333144282,-2.214412857
0.66875,-0.333144282,-2.200073354
0.6690625,-0.333144282,-2.184937212
0.669375,-0.333144282,-2.172190987
0.6696875,-0.331549703,-2.158648124
0.67,-0.332346993,-2.14510526
0.6703125,-0.332346993,-2.131562396
0.670625,-0.330752413,-2.118816171
0.6709375,-0.328360544,-2.105273308
0.67125,-0.328360544,-2.093323722
0.6715625,-0.329157833,-2.083764054
0.671875,-0.331549703,-2.075001024
0.6721875,-0.332346993,-2.064644716
0.6725,-0.331549703,-2.052695131
0.6728125,-0.333941572,-2.040745545
0.673125,-0.334738862,-2.029592598
0.6734375,-0.334738862,-2.019236291
0.67375,-0.333941572,-2.009676622
0.6740625,-0.332346993,-2.000116954
0.674375,-0.331549703,-1.990557285
0.6746875,-0.329955123,-1.980997617
0.675,-0.329955123,-1.971437948
0.6753125,-0.327563254,-1.962674919
0.675625,-0.327563254,-1.955505167
0.6759375,-0.326765964,-1.946742138
0.67625,-0.328360544,-1.938775747
0.6765625,-0.328360544,-1.930012718
0.676875,-0.328360544,-1.921249688
0.6771875,-0.328360544,-1.915673215
0.6775,-0.327563254,-1.907706825
0.6778125,-0.327563254,-1.900537073
0.678125,-0.325968674,-1.891774044
0.6784375,-0.325171384,-1.885400931
0.67875,-0.324374094,-1.877434541
0.6790625,-0.319590356,-1.868671511
0.679375,-0.317198486,-1.860705121
0.6796875,-0.315603906,-1.85353537
0.68,-0.315603906,-1.846365618
0.6803125,-0.314806617,-1.839195867
0.680625,-0.315603906,-1.832822754
0.6809375,-0.317198486,-1.827246281
0.68125,-0.317198486,-1.821669808
0.6815625,-0.317995776,-1.816889974
0.681875,-0.317198486,-1.812110139
0.6821875,-0.317995776,-1.807330305
0.6825,-0.318793066,-1.801753832
0.6828125,-0.318793066,-1.796973997
0.683125,-0.319590356,-1.792194163
0.6834375,-0.319590356,-1.788210968
0.68375,-0.321184935,-1.783431134
0.6840625,-0.321184935,-1.778651299
0.684375,-0.321184935,-1.773074826
0.6846875,-0.321982225,-1.768294992
0.685,-0.322779515,-1.764311797
0.6853125,-0.322779515,-1.760328601
0.685625,-0.322779515,-1.755548767
0.6859375,-0.323576805,-1.750768933
0.68625,-0.322779515,-1.745989099
0.6865625,-0.322779515,-1.741209264
0.686875,-0.322779515,-1.735632791
0.6871875,-0.323576805,-1.730852957
0.6875,-0.321982225,-1.725276483
0.6878125,-0.321982225,-1.71970001
0.688125,-0.321184935,-1.715716815
0.6884375,-0.323576805,-1.713326898
0.68875,-0.325171384,-1.710140342
0.6890625,-0.324374094,-1.706157146
0.689375,-0.324374094,-1.701377312
0.6896875,-0.323576805,-1.695800839
0.69,-0.321982225,-1.691021004
0.6903125,-0.321982225,-1.687037809
0.690625,-0.321184935,-1.682257975
0.6909375,-0.320387645,-1.677478141
0.69125,-0.319590356,-1.672698306
0.6915625,-0.317995776,-1.668715111
0.691875,-0.317995776,-1.663935277
0.6921875,-0.317995776,-1.660748721
0.6925,-0.317995776,-1.656765526
0.6928125,-0.316401196,-1.653578969
0.693125,-0.315603906,-1.648799135
0.6934375,-0.316401196,-1.64481594
0.69375,-0.315603906,-1.640832745
0.6940625,-0.315603906,-1.63605291
0.694375,-0.315603906,-1.632069715
0.6946875,-0.315603906,-1.626493242
0.695,-0.314806617,-1.621713408
0.6953125,-0.314009327,-1.616933573
0.695625,-0.310022878,-1.610560461
0.6959375,-0.307631008,-1.604983988
0.69625,-0.306036429,-1.601000792
0.6965625,-0.306036429,-1.597017597
0.696875,-0.305239139,-1.593831041
0.6971875,-0.305239139,-1.589051207
0.6975,-0.305239139,-1.58666129
0.6978125,-0.305239139,-1.582678094
0.698125,-0.305239139,-1.579491538
0.6984375,-0.306833718,-1.577101621
0.69875,-0.306833718,-1.573915065
0.6990625,-0.306833718,-1.570728509
0.699375,-0.307631008,-1.568338592
0.6996875,-0.308428298,-1.564355396
0.7,-0.309225588,-1.561965479
0.7003125,-0.310022878,-1.559575562
0.700625,-0.310820168,-1.556389006
0.7009375,-0.310022878,-1.55320245
0.70125,-0.310022878,-1.550812533
0.7015625,-0.310022878,-1.547625976
0.701875,-0.311617457,-1.545236059
0.7021875,-0.311617457,-1.542846142
0.7025,-0.312414747,-1.539659586
0.7028125,-0.313212037,-1.535676391
0.703125,-0.312414747,-1.531693196
0.7034375,-0.312414747,-1.52771
0.70375,-0.312414747,-1.523726805
0.7040625,-0.312414747,-1.521336888
0.704375,-0.311617457,-1.516557054
0.7046875,-0.310820168,-1.513370498
0.705,-0.313212037,-1.512573858
0.7053125,-0.315603906,-1.51098058
0.705625,-0.314806617,-1.507794024
0.7059375,-0.314806617,-1.504607468
0.70625,-0.314806617,-1.500624273
0.7065625,-0.314806617,-1.497437717
0.706875,-0.312414747,-1.493454521
0.7071875,-0.312414747,-1.490267965
0.7075,-0.311617457,-1.487081409
0.7078125,-0.310820168,-1.483098214
0.708125,-0.310820168,-1.479115019
0.7084375,-0.310022878,-1.476725101
0.70875,-0.309225588,-1.474335184
0.7090625,-0.310022878,-1.470351989
0.709375,-0.309225588,-1.467165433
0.7096875,-0.308428298,-1.464775516
0.71,-0.307631008,-1.46158896
0.7103125,-0.308428298,-1.459199042
0.710625,-0.307631008,-1.456809125
0.7109375,-0.307631008,-1.453622569
0.71125,-0.306833718,-1.450436013
0.7115625,-0.305239139,-1.447249457
0.711875,-0.305239139,-1.443266262
0.7121875,-0.30204998,-1.437689788
0.7125,-0.29965811,-1.432113315
0.7128125,-0.29886082,-1.42813012
0.713125,-0.29806353,-1.424943564
0.7134375,-0.29886082,-1.421757007
0.71375,-0.29806353,-1.417773812
0.7140625,-0.29806353,-1.415383895
0.714375,-0.297266241,-1.412993978
0.7146875,-0.29886082,-1.410604061
0.715,-0.29965811,-1.409010783
0.7153125,-0.29965811,-1.406620866
0.715625,-0.3004554,-1.405027587
0.7159375,-0.3004554,-1.40263767
0.71625,-0.3004554,-1.401044392
0.7165625,-0.3004554,-1.397857836
0.716875,-0.30125269,-1.397061197
0.7171875,-0.30125269,-1.393874641
0.7175,-0.30125269,-1.392281363
0.7178125,-0.30204998,-1.389891446
0.718125,-0.303644559,-1.387501528
0.7184375,-0.304441849,-1.38590825
0.71875,-0.303644559,-1.384314972
0.7190625,-0.304441849,-1.381128416
0.719375,-0.305239139,-1.379535138
0.7196875,-0.304441849,-1.376348582
0.72,-0.303644559,-1.373958665
0.7203125,-0.304441849,-1.371568748
0.720625,-0.303644559,-1.368382191
0.7209375,-0.302847269,-1.365195635
0.72125,-0.30204998,-1.362805718
0.7215625,-0.303644559,-1.36121244
0.721875,-0.306036429,-1.360415801
0.7221875,-0.306833718,-1.358822523
0.7225,-0.306833718,-1.356432606
0.7228125,-0.306833718,-1.35324605
0.723125,-0.305239139,-1.351652771
0.7234375,-0.304441849,-1.347669576
0.72375,-0.302847269,-1.345279659
0.7240625,-0.303644559,-1.342889742
0.724375,-0.302847269,-1.339703186
0.7246875,-0.30125269,-1.33651663
0.725,-0.30125269,-1.334126712
0.7253125,-0.30204998,-1.332533434
0.725625,-0.30204998,-1.3277536
0.7259375,-0.30204998,-1.325363683
0.72625,-0.302847269,-1.323770405
0.7265625,-0.30204998,-1.321380488
0.726875,-0.302847269,-1.318193932
0.7271875,-0.302847269,-1.315804014
0.7275,-0.302847269,-1.313414097
0.7278125,-0.302847269,-1.31102418
0.728125,-0.3004554,-1.307837624
0.7284375,-0.29965811,-1.304651068
0.72875,-0.29806353,-1.302261151
0.7290625,-0.294077081,-1.297481316
0.729375,-0.292482502,-1.293498121
0.7296875,-0.291685212,-1.291108204
0.73,-0.291685212,-1.287921648
0.7303125,-0.290090632,-1.285531731
0.730625,-0.290090632,-1.283141814
0.7309375,-0.290090632,-1.280751896
0.73125,-0.290887922,-1.278361979
0.7315625,-0.291685212,-1.27756534
0.731875,-0.291685212,-1.275972062
0.7321875,-0.292482502,-1.274378784
0.7325,-0.293279792,-1.271988867
0.7328125,-0.294077081,-1.270395589
0.733125,-0.294077081,-1.26959895
0.7334375,-0.294874371,-1.268802311
0.73375,-0.294874371,-1.267209033
0.7340625,-0.294874371,-1.264819116
0.734375,-0.295671661,-1.263225837
0.7346875,-0.297266241,-1.261632559
0.735,-0.297266241,-1.26083592
0.7353125,-0.29806353,-1.259242642
0.735625,-0.29886082,-1.256852725
0.7359375,-0.29965811,-1.256056086
0.73625,-0.29806353,-1.25286953
0.7365625,-0.296468951,-1.250479613
0.736875,-0.297266241,-1.248886335
0.7371875,-0.296468951,-1.246496418
0.7375,-0.296468951,-1.2441065
0.7378125,-0.294874371,-1.240919944
0.738125,-0.294874371,-1.239326666
0.7384375,-0.29886082,-1.239326666
0.73875,-0.3004554,-1.238530027
0.7390625,-0.3004554,-1.23614011
0.739375,-0.3004554,-1.233750193
0.7396875,-0.30125269,-1.232156915
0.74,-0.3004554,-1.22817372
0.7403125,-0.3004554,-1.224987163
0.740625,-0.30125269,-1.221003968
0.7409375,-0.3004554,-1.21941069
0.74125,-0.3004554,-1.216224134
0.7415625,-0.3004554,-1.213037578
0.741875,-0.3004554,-1.210647661
0.7421875,-0.3004554,-1.208257743
0.7425,-0.30125269,-1.205867826
0.7428125,-0.3004554,-1.204274548
0.743125,-0.29965811,-1.201884631
0.7434375,-0.29965811,-1.200291353
0.74375,-0.29886082,-1.198698075
0.7440625,-0.29806353,-1.195511519
0.744375,-0.29886082,-1.193918241
0.7446875,-0.29806353,-1.191528323
0.745,-0.29806353,-1.189138406
0.7453125,-0.296468951,-1.186748489
0.745625,-0.293279792,-1.181968655
0.7459375,-0.290090632,-1.17798546
0.74625,-0.290887922,-1.175595543
0.7465625,-0.290090632,-1.174002264
0.746875,-0.289293342,-1.171612347
0.7471875,-0.288496053,-1.168425791
0.7475,-0.288496053,-1.166832513
0.7478125,-0.288496053,-1.165239235
0.748125,-0.290090632,-1.164442596
0.7484375,-0.290887922,-1.162849318
0.74875,-0.291685212,-1.162052679
0.7490625,-0.291685212,-1.160459401
0.749375,-0.291685212,-1.158866123
0.7496875,-0.292482502,-1.157272845
0.75,-0.294077081,-1.157272845
0.7503125,-0.294874371,-1.155679566
0.750625,-0.294874371,-1.154882927
0.7509375,-0.294077081,-1.153289649
0.75125,-0.294077081,-1.151696371
0.7515625,-0.295671661,-1.150899732
0.751875,-0.296468951,-1.149306454
0.7521875,-0.295671661,-1.148509815
0.7525,-0.296468951,-1.146916537
0.7528125,-0.296468951,-1.145323259
0.753125,-0.295671661,-1.142136703
0.7534375,-0.295671661,-1.140543425
0.75375,-0.294874371,-1.138153507
0.7540625,-0.294874371,-1.134966951
0.754375,-0.294077081,-1.134170312
0.7546875,-0.293279792,-1.131780395
0.755,-0.294874371,-1.130983756
0.7553125,-0.29806353,-1.131780395
0.755625,-0.29886082,-1.130983756
0.7559375,-0.29806353,-1.1277972
0.75625,-0.29806353,-1.126203922
0.7565625,-0.297266241,-1.123017366
0.756875,-0.296468951,-1.119830809
0.7571875,-0.296468951,-1.118237531
0.7575,-0.295671661,-1.115847614
0.7578125,-0.294874371,-1.113457697
0.758125,-0.294077081,-1.111864419
0.7584375,-0.294874371,-1.108677863
0.75875,-0.294077081,-1.107084585
0.7590625,-0.294077081,-1.104694668
0.759375,-0.294077081,-1.10310139
0.7596875,-0.293279792,-1.101508111
0.76,-0.292482502,-1.099914833
0.7603125,-0.292482502,-1.098321555
0.760625,-0.292482502,-1.096728277
0.7609375,-0.292482502,-1.095134999
0.76125,-0.291685212,-1.093541721
0.7615625,-0.290887922,-1.091151804
0.761875,-0.289293342,-1.087965248
0.7621875,-0.287698763,-1.084778691
0.7625,-0.283712314,-1.079998857
0.7628125,-0.282915024,-1.076812301
0.763125,-0.282117734,-1.076015662
0.7634375,-0.282915024,-1.072829106
0.76375,-0.281320444,-1.070439189
0.7640625,-0.281320444,-1.06964255
0.764375,-0.282117734,-1.067252633
0.7646875,-0.282117734,-1.066455993
0.765,-0.282915024,-1.066455993
0.7653125,-0.283712314,-1.064862715
0.765625,-0.283712314,-1.064066076
0.7659375,-0.284509604,-1.061676159
0.76625,-0.285306893,-1.061676159
0.7665625,-0.286901473,-1.060082881
0.766875,-0.287698763,-1.060082881
0.7671875,-0.287698763,-1.058489603
0.7675,-0.287698763,-1.057692964
0.7678125,-0.288496053,-1.056896325
0.768125,-0.290090632,-1.055303047
0.7684375,-0.290090632,-1.055303047
0.76875,-0.290887922,-1.053709769
0.7690625,-0.290887922,-1.05291313
0.769375,-0.290887922,-1.050523213
0.7696875,-0.290090632,-1.048929934
0.77,-0.289293342,-1.047336656
0.7703125,-0.289293342,-1.045743378
0.770625,-0.288496053,-1.043353461
0.7709375,-0.286901473,-1.040963544
0.77125,-0.286901473,-1.038573627
0.7715625,-0.287698763,-1.037776988
0.771875,-0.290887922,-1.038573627
0.7721875,-0.291685212,-1.037776988
0.7725,-0.290887922,-1.035387071
0.7728125,-0.290887922,-1.034590432
0.773125,-0.290090632,-1.032200515
0.7734375,-0.290090632,-1.029810597
0.77375,-0.288496053,-1.02742068
0.7740625,-0.289293342,-1.025030763
0.774375,-0.289293342,-1.023437485
0.7746875,-0.288496053,-1.021047568
0.775,-0.288496053,-1.018657651
0.7753125,-0.288496053,-1.016267734
0.775625,-0.287698763,-1.014674456
0.7759375,-0.287698763,-1.013081177
0.77625,-0.287698763,-1.011487899
0.7765625,-0.287698763,-1.009894621
0.776875,-0.286901473,-1.007504704
0.7771875,-0.286104183,-1.005911426
0.7775,-0.286901473,-1.004318148
0.7778125,-0.286104183,-1.00272487
0.778125,-0.285306893,-1.000334953
0.7784375,-0.284509604,-0.998741675
0.77875,-0.282117734,-0.995555118
0.7790625,-0.278928575,-0.990775284
0.779375,-0.278131285,-0.988385367
0.7796875,-0.275739416,-0.98599545
0.78,-0.276536705,-0.985198811
0.7803125,-0.274942126,-0.982808894
0.780625,-0.274942126,-0.981215616
0.7809375,-0.276536705,-0.979622338
0.78125,-0.275739416,-0.97802906
0.7815625,-0.276536705,-0.97802906
0.781875,-0.277333995,-0.97723242
0.7821875,-0.278131285,-0.975639142
0.7825,-0.278131285,-0.974842503
0.7828125,-0.278928575,-0.974045864
0.783125,-0.279725865,-0.973249225
0.7834375,-0.279725865,-0.972452586
0.78375,-0.280523155,-0.972452586
0.7840625,-0.280523155,-0.971655947
0.784375,-0.281320444,-0.970062669
0.7846875,-0.282915024,-0.970859308
0.785,-0.282915024,-0.96926603
0.7853125,-0.283712314,-0.968469391
0.785625,-0.284509604,-0.966876113
0.7859375,-0.283712314,-0.965282835
0.78625,-0.284509604,-0.964486196
0.7865625,-0.282915024,-0.962892918
0.786875,-0.283712314,-0.96129964
0.7871875,-0.282915024,-0.959706361
0.7875,-0.282117734,-0.958113083
0.7878125,-0.281320444,-0.955723166
0.788125,-0.280523155,-0.954129888
0.7884375,-0.282915024,-0.954926527
0.78875,-0.285306893,-0.955723166
0.7890625,-0.285306893,-0.953333249
0.789375,-0.284509604,-0.951739971
0.7896875,-0.284509604,-0.950146693
0.79,-0.283712314,-0.949350054
0.7903125,-0.282915024,-0.946960137
0.790625,-0.281320444,-0.945366859
0.7909375,-0.280523155,-0.942976942
0.79125,-0.279725865,-0.941383663
0.7915625,-0.278928575,-0.939790385
0.791875,-0.278928575,-0.937400468
0.7921875,-0.278131285,-0.93580719
0.7925,-0.278131285,-0.935010551
0.7928125,-0.277333995,-0.933417273
0.793125,-0.277333995,-0.932620634
0.7934375,-0.277333995,-0.931027356
0.79375,-0.278131285,-0.929434078
0.7940625,-0.278131285,-0.927044161
0.794375,-0.277333995,-0.925450883
0.7946875,-0.276536705,-0.923857604
0.795,-0.276536705,-0.921467687
0.7953125,-0.276536705,-0.91907777
0.795625,-0.273347546,-0.914297936
0.7959375,-0.270955677,-0.911908019
0.79625,-0.270158387,-0.909518102
0.7965625,-0.270158387,-0.908721463
0.796875,-0.270158387,-0.907128185
0.7971875,-0.269361097,-0.905534906
0.7975,-0.269361097,-0.903941628
0.7978125,-0.269361097,-0.903144989
0.798125,-0.270158387,-0.90234835
0.7984375,-0.270955677,-0.901551711
0.79875,-0.271752967,-0.900755072
0.7990625,-0.271752967,-0.899958433
0.799375,-0.272550256,-0.899161794
0.7996875,-0.272550256,-0.899161794
0.8,-0.273347546,-0.898365155
0.8003125,-0.274942126,-0.898365155
0.800625,-0.274942126,-0.896771877
0.8009375,-0.274942126,-0.895975238
0.80125,-0.275739416,-0.895178599
0.8015625,-0.275739416,-0.895178599
0.801875,-0.276536705,-0.895178599
0.8021875,-0.277333995,-0.89438196
0.8025,-0.278131285,-0.893585321
0.8028125,-0.278131285,-0.891992043
0.803125,-0.277333995,-0.890398765
0.8034375,-0.276536705,-0.888805486
0.80375,-0.276536705,-0.887212208
0.8040625,-0.275739416,-0.88561893
0.804375,-0.274144836,-0.883229013
0.8046875,-0.274144836,-0.882432374
0.805,-0.275739416,-0.882432374
0.8053125,-0.278131285,-0.883229013
0.805625,-0.278131285,-0.883229013
0.8059375,-0.278131285,-0.880839096
0.80625,-0.278928575,-0.880042457
0.8065625,-0.276536705,-0.87765254
0.806875,-0.275739416,-0.875262623
0.8071875,-0.274942126,-0.873669345
0.8075,-0.274144836,-0.872872706
0.8078125,-0.274144836,-0.871279428
0.808125,-0.272550256,-0.86888951
0.8084375,-0.272550256,-0.866499593
0.80875,-0.272550256,-0.865702954
0.8090625,-0.271752967,-0.864109676
0.809375,-0.271752967,-0.862516398
0.8096875,-0.272550256,-0.86092312
0.81,-0.271752967,-0.860126481
0.8103125,-0.271752967,-0.858533203
0.810625,-0.271752967,-0.857736564
0.8109375,-0.271752967,-0.856939925
0.81125,-0.270955677,-0.855346647
0.8115625,-0.269361097,-0.852956729
0.811875,-0.268563807,-0.851363451
0.8121875,-0.266171938,-0.848973534
0.8125,-0.261388199,-0.844990339
0.8128125,-0.260590909,-0.842600422
0.813125,-0.259793619,-0.841007144
0.8134375,-0.259793619,-0.839413866
0.81375,-0.258996329,-0.837820588
0.8140625,-0.258996329,-0.837023949
0.814375,-0.259793619,-0.83622731
0.8146875,-0.258996329,-0.835430671
0.815,-0.260590909,-0.834634031
0.8153125,-0.261388199,-0.834634031
0.815625,-0.261388199,-0.833837392
0.8159375,-0.262185489,-0.833040753
0.81625,-0.262982779,-0.832244114
0.8165625,-0.262982779,-0.831447475
0.816875,-0.264577358,-0.831447475
0.8171875,-0.264577358,-0.831447475
0.8175,-0.264577358,-0.829854197
0.8178125,-0.265374648,-0.829854197
0.818125,-0.266171938,-0.829057558
0.8184375,-0.266969228,-0.829057558
0.81875,-0.266969228,-0.82746428
0.8190625,-0.268563807,-0.82746428
0.819375,-0.268563807,-0.825871002
0.8196875,-0.267766517,-0.825074363
0.82,-0.267766517,-0.822684446
0.8203125,-0.267766517,-0.821887807
0.820625,-0.267766517,-0.81949789
0.8209375,-0.266969228,-0.817904612
0.82125,-0.266171938,-0.815514694
0.8215625,-0.266969228,-0.815514694
0.821875,-0.269361097,-0.816311333
0.8221875,-0.270158387,-0.816311333
0.8225,-0.270158387,-0.814718055
0.8228125,-0.270955677,-0.814718055
0.823125,-0.270158387,-0.811531499
0.8234375,-0.269361097,-0.81073486
0.82375,-0.268563807,-0.808344943
0.8240625,-0.268563807,-0.805955026
0.824375,-0.267766517,-0.804361748
0.8246875,-0.267766517,-0.80276847
0.825,-0.266969228,-0.801175192
0.8253125,-0.267766517,-0.800378553
0.825625,-0.266969228,-0.797988635
0.8259375,-0.266171938,-0.797191996
0.82625,-0.265374648,-0.795598718
0.8265625,-0.265374648,-0.795598718
0.826875,-0.265374648,-0.79400544
0.8271875,-0.265374648,-0.792412162
0.8275,-0.265374648,-0.792412162
0.8278125,-0.264577358,-0.790818884
0.828125,-0.262982779,-0.788428967
0.8284375,-0.262185489,-0.786835689
0.82875,-0.261388199,-0.785242411
0.8290625,-0.25740175,-0.782055855
0.829375,-0.25500988,-0.778869298
0.8296875,-0.253415301,-0.77727602
0.83,-0.253415301,-0.775682742
0.8303125,-0.253415301,-0.774886103
0.830625,-0.252618011,-0.773292825
0.8309375,-0.252618011,-0.772496186
0.83125,-0.253415301,-0.771699547
0.8315625,-0.254212591,-0.771699547
0.831875,-0.25580717,-0.771699547
0.8321875,-0.25500988,-0.770902908
0.8325,-0.25660446,-0.770106269
0.8328125,-0.25660446,-0.770106269
0.833125,-0.25740175,-0.76930963
0.8334375,-0.25819904,-0.76930963
0.83375,-0.258996329,-0.770106269
0.8340625,-0.258996329,-0.768512991
0.834375,-0.259793619,-0.767716352
0.8346875,-0.260590909,-0.767716352
0.835,-0.262185489,-0.766919713
0.8353125,-0.262982779,-0.766123074
0.835625,-0.262982779,-0.766123074
0.8359375,-0.263780068,-0.765326435
0.83625,-0.262185489,-0.763733156
0.8365625,-0.262185489,-0.762139878
0.836875,-0.262185489,-0.761343239
0.8371875,-0.262185489,-0.7605466
0.8375,-0.261388199,-0.758953322
0.8378125,-0.259793619,-0.757360044
0.838125,-0.259793619,-0.756563405
0.8384375,-0.262185489,-0.757360044
0.83875,-0.263780068,-0.758156683
0.8390625,-0.263780068,-0.757360044
0.839375,-0.263780068,-0.755766766
0.8396875,-0.262982779,-0.754970127
0.84,-0.261388199,-0.753376849
0.8403125,-0.260590909,-0.751783571
0.840625,-0.260590909,-0.750190293
0.8409375,-0.258996329,-0.748597015
0.84125,-0.25819904,-0.747003737
0.8415625,-0.25819904,-0.746207097
0.841875,-0.25740175,-0.745410458
0.8421875,-0.25740175,-0.744613819
0.8425,-0.25740175,-0.742223902
0.8428125,-0.25660446,-0.741427263
0.843125,-0.25660446,-0.740630624
0.8434375,-0.25580717,-0.739833985
0.84375,-0.25580717,-0.738240707
0.8440625,-0.25580717,-0.738240707
0.844375,-0.25500988,-0.736647429
0.8446875,-0.25500988,-0.735054151
0.845,-0.252618011,-0.732664234
0.8453125,-0.252618011,-0.731867595
0.845625,-0.249428852,-0.728681039
0.8459375,-0.246239692,-0.725494482
0.84625,-0.244645113,-0.723104565
0.8465625,-0.244645113,-0.720714648
0.846875,-0.243050533,-0.719918009
0.8471875,-0.243050533,-0.718324731
0.8475,-0.243847823,-0.717528092
0.8478125,-0.243847823,-0.716731453
0.848125,-0.244645113,-0.716731453
0.8484375,-0.245442403,-0.715934814
0.84875,-0.245442403,-0.715934814
0.8490625,-0.247036982,-0.715934814
0.849375,-0.247036982,-0.715138175
0.8496875,-0.247834272,-0.715138175
0.85,-0.248631562,-0.715138175
0.8503125,-0.250226141,-0.715138175
0.850625,-0.249428852,-0.714341536
0.8509375,-0.249428852,-0.713544897
0.85125,-0.251023431,-0.714341536
0.8515625,-0.251820721,-0.713544897
0.851875,-0.252618011,-0.714341536
0.8521875,-0.253415301,-0.713544897
0.8525,-0.254212591,-0.712748258
0.8528125,-0.253415301,-0.71115498
0.853125,-0.253415301,-0.71035834
0.8534375,-0.252618011,-0.707968423
0.85375,-0.251820721,-0.707968423
0.8540625,-0.251023431,-0.706375145
0.854375,-0.250226141,-0.703985228
0.8546875,-0.250226141,-0.703188589
0.855,-0.251820721,-0.703188589
0.8553125,-0.25500988,-0.704781867
0.855625,-0.25500988,-0.704781867
0.8559375,-0.25500988,-0.703188589
0.85625,-0.254212591,-0.70239195
0.8565625,-0.253415301,-0.700798672
0.856875,-0.252618011,-0.699205394
0.8571875,-0.251820721,-0.697612116
0.8575,-0.251023431,-0.696815477
0.8578125,-0.250226141,-0.69442556
0.858125,-0.249428852,-0.693628921
0.8584375,-0.247834272,-0.692035642
0.85875,-0.247834272,-0.691239003
0.8590625,-0.247834272,-0.690442364
0.859375,-0.247036982,-0.689645725
0.8596875,-0.246239692,-0.688849086
0.86,-0.247036982,-0.688052447
0.8603125,-0.247834272,-0.687255808
0.860625,-0.247036982,-0.68566253
0.8609375,-0.246239692,-0.684865891
0.86125,-0.245442403,-0.684865891
0.8615625,-0.243847823,-0.681679335
0.861875,-0.242253243,-0.680882696
0.8621875,-0.240658664,-0.678492779
0.8625,-0.236672215,-0.675306223
0.8628125,-0.235077635,-0.672916305
0.863125,-0.234280345,-0.671323027
0.8634375,-0.234280345,-0.669729749
0.86375,-0.232685766,-0.668136471
0.8640625,-0.232685766,-0.668136471
0.864375,-0.232685766,-0.667339832
0.8646875,-0.234280345,-0.667339832
0.865,-0.234280345,-0.666543193
0.8653125,-0.235874925,-0.666543193
0.865625,-0.235874925,-0.666543193
0.8659375,-0.236672215,-0.665746554
0.86625,-0.236672215,-0.666543193
0.8665625,-0.237469504,-0.664949915
0.866875,-0.238266794,-0.664949915
0.8671875,-0.239861374,-0.664949915
0.8675,-0.239861374,-0.665746554
0.8678125,-0.239861374,-0.664949915
0.868125,-0.240658664,-0.665746554
0.8684375,-0.240658664,-0.664153276
0.86875,-0.241455953,-0.664153276
0.8690625,-0.242253243,-0.664153276
0.869375,-0.242253243,-0.663356637
0.8696875,-0.241455953,-0.661763359
0.87,-0.241455953,-0.66096672
0.8703125,-0.240658664,-0.660170081
0.870625,-0.240658664,-0.658576803
0.8709375,-0.239861374,-0.656983524
0.87125,-0.239064084,-0.655390246
0.8715625,-0.239861374,-0.654593607
0.871875,-0.241455953,-0.656983524
0.8721875,-0.243050533,-0.657780164
0.8725,-0.243050533,-0.657780164
0.8728125,-0.243050533,-0.656186885
0.873125,-0.241455953,-0.654593607
0.8734375,-0.240658664,-0.653796968
0.87375,-0.239861374,-0.65220369
0.8740625,-0.238266794,-0.650610412
0.874375,-0.239064084,-0.649813773
0.8746875,-0.236672215,-0.648220495
0.875,-0.236672215,-0.646627217
0.8753125,-0.236672215,-0.645830578
0.875625,-0.235874925,-0.645033939
0.8759375,-0.235874925,-0.6442373
0.87625,-0.235874925,-0.643440661
0.8765625,-0.235874925,-0.642644022
0.876875,-0.235077635,-0.641847383
0.8771875,-0.234280345,-0.641847383
0.8775,-0.234280345,-0.639457466
0.8778125,-0.234280345,-0.639457466
0.878125,-0.232685766,-0.637067548
0.8784375,-0.231091186,-0.63547427
0.87875,-0.230293896,-0.633880992
0.8790625,-0.225510157,-0.629897797
0.879375,-0.223915578,-0.628304519
0.8796875,-0.223118288,-0.626711241
0.88,-0.223118288,-0.625117963
0.8803125,-0.221523708,-0.624321324
0.880625,-0.221523708,-0.624321324
0.8809375,-0.222320998,-0.623524685
0.88125,-0.222320998,-0.623524685
0.8815625,-0.223118288,-0.621931407
0.881875,-0.223118288,-0.622728046
0.8821875,-0.223915578,-0.622728046
0.8825,-0.225510157,-0.621931407
0.8828125,-0.225510157,-0.621931407
0.883125,-0.226307447,-0.621134767
0.8834375,-0.226307447,-0.621134767
0.88375,-0.227902027,-0.621931407
0.8840625,-0.227902027,-0.621134767
0.884375,-0.227902027,-0.621134767
0.8846875,-0.228699316,-0.621134767
0.885,-0.228699316,-0.620338128
0.8853125,-0.230293896,-0.621134767
0.885625,-0.230293896,-0.620338128
0.8859375,-0.231091186,-0.620338128
0.88625,-0.230293896,-0.61874485
0.8865625,-0.230293896,-0.617948211
0.886875,-0.228699316,-0.616354933
0.8871875,-0.229496606,-0.615558294
0.8875,-0.229496606,-0.614761655
0.8878125,-0.227902027,-0.613168377
0.888125,-0.227104737,-0.612371738
0.8884375,-0.229496606,-0.613965016
0.88875,-0.231091186,-0.615558294
0.8890625,-0.231888476,-0.615558294
0.889375,-0.231888476,-0.613168377
0.8896875,-0.231091186,-0.612371738
0.89,-0.231091186,-0.61077846
0.8903125,-0.229496606,-0.608388543
0.890625,-0.227902027,-0.607591904
0.8909375,-0.227104737,-0.605998626
0.89125,-0.227104737,-0.605998626
0.8915625,-0.227104737,-0.604405348
0.891875,-0.226307447,-0.602812069
0.8921875,-0.225510157,-0.60201543
0.8925,-0.225510157,-0.60201543
0.8928125,-0.225510157,-0.601218791
0.893125,-0.225510157,-0.599625513
0.8934375,-0.223915578,-0.598032235
0.89375,-0.223915578,-0.598032235
0.8940625,-0.223118288,-0.597235596
0.894375,-0.223118288,-0.595642318
0.8946875,-0.222320998,-0.594845679
0.895,-0.220726418,-0.59404904
0.8953125,-0.219929128,-0.593252401
0.895625,-0.215942679,-0.590065845
0.8959375,-0.21275352,-0.586879289
0.89625,-0.210361651,-0.58608265
0.8965625,-0.21115894,-0.58528601
0.896875,-0.209564361,-0.583692732
0.8971875,-0.208767071,-0.582099454
0.8975,-0.209564361,-0.582099454
0.8978125,-0.209564361,-0.581302815
0.898125,-0.210361651,-0.581302815
0.8984375,-0.210361651,-0.581302815
0.89875,-0.21195623,-0.582099454
0.8990625,-0.21195623,-0.581302815
0.899375,-0.21195623,-0.581302815
0.8996875,-0.21195623,-0.580506176
0.9,-0.21275352,-0.580506176
0.9003125,-0.2143481,-0.581302815
0.900625,-0.2143481,-0.581302815
0.9009375,-0.2143481,-0.581302815
0.90125,-0.21514539,-0.581302815
0.9015625,-0.216739969,-0.581302815
0.901875,-0.216739969,-0.581302815
0.9021875,-0.217537259,-0.580506176
0.9025,-0.217537259,-0.580506176
0.9028125,-0.216739969,-0.580506176
0.903125,-0.215942679,-0.578116259
0.9034375,-0.21514539,-0.578116259
0.90375,-0.21514539,-0.57731962
0.9040625,-0.21514539,-0.576522981
0.904375,-0.21275352,-0.574929703
0.9046875,-0.21115894,-0.574133064
0.905,-0.21275352,-0.574133064
0.9053125,-0.216739969,-0.575726342
0.905625,-0.216739969,-0.575726342
0.9059375,-0.217537259,-0.575726342
0.90625,-0.216739969,-0.574133064
0.9065625,-0.2143481,-0.574133064
0.906875,-0.21275352,-0.572539786
0.9071875,-0.21195623,-0.570149869
0.9075,-0.21115894,-0.56935323
0.9078125,-0.209564361,-0.568556591
0.908125,-0.208767071,-0.567759951
0.9084375,-0.208767071,-0.566166673
0.90875,-0.207969781,-0.565370034
0.9090625,-0.207172491,-0.565370034
0.909375,-0.206375202,-0.564573395
0.9096875,-0.205577912,-0.564573395
0.91,-0.204780622,-0.563776756
0.9103125,-0.205577912,-0.562980117
0.910625,-0.204780622,-0.562183478
0.9109375,-0.203983332,-0.561386839
0.91125,-0.203186042,-0.5605902
0.9115625,-0.200794173,-0.558996922
0.911875,-0.199996883,-0.556607005
0.9121875,-0.197605014,-0.555013727
0.9125,-0.192821275,-0.551030532
0.9128125,-0.191226695,-0.550233893
0.913125,-0.190429405,-0.548640614
0.9134375,-0.189632115,-0.548640614
0.91375,-0.188037536,-0.547047336
0.9140625,-0.188037536,-0.546250697
0.914375,-0.188834826,-0.546250697
0.9146875,-0.189632115,-0.546250697
0.915,-0.189632115,-0.546250697
0.9153125,-0.190429405,-0.546250697
0.915625,-0.191226695,-0.546250697
0.9159375,-0.192023985,-0.547047336
0.91625,-0.192023985,-0.546250697
0.9165625,-0.192023985,-0.547047336
0.916875,-0.193618564,-0.546250697
0.9171875,-0.195213144,-0.546250697
0.9175,-0.195213144,-0.546250697
0.9178125,-0.195213144,-0.545454058
0.918125,-0.195213144,-0.546250697
0.9184375,-0.196010434,-0.546250697
0.91875,-0.196010434,-0.546250697
0.9190625,-0.197605014,-0.546250697
0.919375,-0.196807724,-0.546250697
0.9196875,-0.196010434,-0.544657419
0.92,-0.194415854,-0.54386078
0.9203125,-0.193618564,-0.54386078
0.920625,-0.193618564,-0.543064141
0.9209375,-0.192023985,-0.541470863
0.92125,-0.190429405,-0.539877585
0.9215625,-0.190429405,-0.540674224
0.921875,-0.193618564,-0.543064141
0.9221875,-0.195213144,-0.543064141
0.9225,-0.194415854,-0.543064141
0.9228125,-0.193618564,-0.541470863
0.923125,-0.192023985,-0.539877585
0.9234375,-0.190429405,-0.539080946
0.92375,-0.188834826,-0.537487668
0.9240625,-0.187240246,-0.536691029
0.924375,-0.186442956,-0.534301112
0.9246875,-0.184051087,-0.533504473
0.925,-0.183253797,-0.531911194
0.9253125,-0.182456507,-0.531911194
0.925625,-0.182456507,-0.531114555
0.9259375,-0.181659217,-0.530317916
0.92625,-0.180861927,-0.529521277
0.9265625,-0.179267348,-0.528724638
0.926875,-0.179267348,-0.527927999
0.9271875,-0.179267348,-0.527927999
0.9275,-0.178470058,-0.52713136
0.9278125,-0.177672768,-0.526334721
0.928125,-0.176078189,-0.524741443
0.9284375,-0.174483609,-0.523944804
0.92875,-0.172889029,-0.521554887
0.9290625,-0.16810529,-0.515978414
0.929375,-0.165713421,-0.512791857
0.9296875,-0.163321551,-0.511995218
0.93,-0.163321551,-0.511198579
0.9303125,-0.162524262,-0.509605301
0.930625,-0.161726972,-0.507215384
0.9309375,-0.161726972,-0.508012023
0.93125,-0.161726972,-0.508808662
0.9315625,-0.162524262,-0.508808662
0.931875,-0.162524262,-0.508808662
0.9321875,-0.162524262,-0.508808662
0.9325,-0.162524262,-0.509605301
0.9328125,-0.162524262,-0.509605301
0.933125,-0.161726972,-0.509605301
0.9334375,-0.163321551,-0.509605301
0.93375,-0.164916131,-0.51040194
0.9340625,-0.164118841,-0.51040194
0.934375,-0.163321551,-0.51040194
0.9346875,-0.163321551,-0.511198579
0.935,-0.164118841,-0.511995218
0.9353125,-0.164118841,-0.51040194
0.935625,-0.163321551,-0.511198579
0.9359375,-0.164118841,-0.511198579
0.93625,-0.163321551,-0.509605301
0.9365625,-0.161726972,-0.508808662
0.936875,-0.159335102,-0.507215384
0.9371875,-0.159335102,-0.507215384
0.9375,-0.156943233,-0.505622106
0.9378125,-0.154551363,-0.503232189
0.938125,-0.153754074,-0.50243555
0.9384375,-0.156145943,-0.505622106
0.93875,-0.157740523,-0.507215384
0.9390625,-0.157740523,-0.507215384
0.939375,-0.156145943,-0.505622106
0.9396875,-0.154551363,-0.504825467
0.94,-0.152956784,-0.503232189
0.9403125,-0.149767625,-0.501638911
0.940625,-0.148970335,-0.499248994
0.9409375,-0.145781175,-0.497655716
0.94125,-0.144186596,-0.496859077
0.9415625,-0.141794726,-0.495265798
0.941875,-0.140200147,-0.494469159
0.9421875,-0.138605567,-0.494469159
0.9425,-0.137010987,-0.492875881
0.9428125,-0.136213698,-0.492079242
0.943125,-0.134619118,-0.492079242
0.9434375,-0.133024538,-0.490485964
0.94375,-0.131429959,-0.490485964
0.9440625,-0.129835379,-0.489689325
0.944375,-0.129038089,-0.488096047
0.9446875,-0.12664622,-0.487299408
0.945,-0.122659771,-0.484909491
0.9453125,-0.121065191,-0.484112852
0.945625,-0.114686873,-0.478536378
0.9459375,-0.107511264,-0.474553183
0.94625,-0.104322105,-0.473756544
0.9465625,-0.101930236,-0.472163266
0.946875,-0.100335656,-0.471366627
0.9471875,-0.097146497,-0.470569988
0.9475,-0.097943786,-0.471366627
0.9478125,-0.097146497,-0.471366627
0.948125,-0.097146497,-0.472163266
0.9484375,-0.097943786,-0.472959905
0.94875,-0.097943786,-0.473756544
0.9490625,-0.097146497,-0.474553183
0.949375,-0.096349207,-0.474553183
0.9496875,-0.096349207,-0.474553183
0.95,-0.096349207,-0.475349822
0.9503125,-0.097146497,-0.476146461
0.950625,-0.097146497,-0.476146461
0.9509375,-0.095551917,-0.476146461
0.95125,-0.094754627,-0.476146461
0.9515625,-0.095551917,-0.4769431
0.951875,-0.095551917,-0.4769431
0.9521875,-0.094754627,-0.477739739
0.9525,-0.093957337,-0.4769431
0.9528125,-0.092362758,-0.476146461
0.953125,-0.089970888,-0.474553183
0.9534375,-0.087579019,-0.473756544
0.95375,-0.085984439,-0.472163266
0.9540625,-0.085187149,-0.471366627
0.954375,-0.080403411,-0.469773349
0.9546875,-0.078011541,-0.467383432
0.955,-0.079606121,-0.469773349
0.9553125,-0.08438986,-0.474553183
0.955625,-0.08438986,-0.474553183
0.9559375,-0.08199799,-0.472959905
0.95625,-0.0812007,-0.472163266
0.9565625,-0.078808831,-0.469773349
0.956875,-0.076416961,-0.468180071
0.9571875,-0.073227802,-0.465790154
0.9575,-0.071633223,-0.464196876
0.9578125,-0.069241353,-0.462603598
0.958125,-0.067646773,-0.46021368
0.9584375,-0.065254904,-0.459417041
0.95875,-0.064457614,-0.457823763
0.9590625,-0.063660324,-0.457027124
0.959375,-0.062065745,-0.457027124
0.9596875,-0.060471165,-0.456230485
0.96,-0.059673875,-0.455433846
0.9603125,-0.058079296,-0.455433846
0.960625,-0.057282006,-0.454637207
0.9609375,-0.056484716,-0.453840568
0.96125,-0.055687426,-0.45224729
0.9615625,-0.052498267,-0.449060734
0.961875,-0.050106397,-0.448264095
0.9621875,-0.046917238,-0.443484261
0.9625,-0.036552471,-0.431534675
0.9628125,-0.034160601,-0.430738036
0.963125,-0.032566022,-0.428348119
0.9634375,-0.032566022,-0.430738036
0.96375,-0.030174152,-0.426754841
0.9640625,-0.029376862,-0.42755148
0.964375,-0.030971442,-0.429941397
0.9646875,-0.030971442,-0.431534675
0.965,-0.031768732,-0.433127953
0.9653125,-0.032566022,-0.43551787
0.965625,-0.032566022,-0.436314509
0.9659375,-0.034160601,-0.436314509
0.96625,-0.034160601,-0.437111148
0.9665625,-0.034160601,-0.437111148
0.966875,-0.035755181,-0.441094343
0.9671875,-0.03734976,-0.441890982
0.9675,-0.036552471,-0.441094343
0.9678125,-0.03734976,-0.441094343
0.968125,-0.03814705,-0.441890982
0.9684375,-0.03734976,-0.442687621
0.96875,-0.03734976,-0.443484261
0.9690625,-0.03734976,-0.443484261
0.969375,-0.03814705,-0.443484261
0.9696875,-0.035755181,-0.440297704
0.97,-0.034160601,-0.437907787
0.9703125,-0.033363311,-0.436314509
0.970625,-0.031768732,-0.43551787
0.9709375,-0.029376862,-0.431534675
0.97125,-0.026984993,-0.428348119
0.9715625,-0.026984993,-0.429941397
0.971875,-0.032566022,-0.440297704
0.9721875,-0.035755181,-0.442687621
0.9725,-0.034160601,-0.438704426
0.9728125,-0.032566022,-0.437111148
0.973125,-0.030971442,-0.433924592
0.9734375,-0.028579572,-0.430738036
0.97375,-0.026187703,-0.425958202
0.9740625,-0.025390413,-0.424364923
0.974375,-0.022998544,-0.421178367
0.9746875,-0.021403964,-0.417991811
0.975,-0.021403964,-0.415601894
0.9753125,-0.020606674,-0.414805255
0.975625,-0.021403964,-0.413211977
0.9759375,-0.020606674,-0.412415338
0.97625,-0.019809384,-0.411618699
0.9765625,-0.019809384,-0.41082206
0.976875,-0.019012095,-0.409228782
0.9771875,-0.019012095,-0.408432143
0.9775,-0.019012095,-0.406838864
0.9778125,-0.017417515,-0.406042225
0.978125,-0.016620225,-0.400465752
0.9784375,-0.015822935,-0.39409264
0.97875,-0.015822935,-0.391702723
0.9790625,-0.007850037,-0.362227078
0.979375,-0.003863588,-0.340717824
0.9796875,-0.002269008,-0.332751433
0.98,-0.002269008,-0.330361516
0.9803125,-0.001471719,-0.331954794
0.980625,0.000122861,-0.327971599
0.9809375,-0.002269008,-0.336734629
0.98125,-0.002269008,-0.343107741
0.9815625,-0.003863588,-0.354260688
0.981875,-0.004660878,-0.361430439
0.9821875,-0.006255458,-0.372583386
0.9825,-0.006255458,-0.375769942
0.9828125,-0.007052747,-0.379753137
0.983125,-0.007052747,-0.381346415
0.9834375,-0.008647327,-0.386126249
0.98375,-0.011039196,-0.39409264
0.9840625,-0.011836486,-0.392499362
0.984375,-0.011039196,-0.390906084
0.9846875,-0.011836486,-0.395685918
0.985,-0.012633776,-0.398075835
0.9853125,-0.012633776,-0.398075835
0.985625,-0.013431066,-0.397279196
0.9859375,-0.014228356,-0.399669113
0.98625,-0.013431066,-0.396482557
0.9865625,-0.011836486,-0.389312805
0.986875,-0.011039196,-0.38532961
0.9871875,-0.010241907,-0.382939693
0.9875,-0.009444617,-0.378956498
0.9878125,-0.007052747,-0.367803551
0.988125,-0.006255458,-0.364616995
0.9884375,-0.009444617,-0.37736322
0.98875,-0.013431066,-0.399669113
0.9890625,-0.014228356,-0.398075835
0.989375,-0.013431066,-0.392499362
0.9896875,-0.011836486,-0.388516166
0.99,-0.011039196,-0.380549776
0.9903125,-0.008647327,-0.371786746
0.990625,-0.007052747,-0.362227078
0.9909375,-0.004660878,-0.355057327
0.99125,-0.004660878,-0.347090936
0.9915625,-0.003066298,-0.339921185
0.991875,-0.002269008,-0.334344711
0.9921875,-0.001471719,-0.331954794
0.9925,-0.000674429,-0.327971599
0.9928125,-0.000674429,-0.326378321
0.993125,0.000122861,-0.322395126
0.9934375,0.000122861,-0.320801848
0.99375,0.000122861,-0.31920857
0.9940625,0.000122861,-0.316818652
0.994375,0.000122861,-0.313632096
0.9946875,0.000920151,-0.307258984
0.995,0.00251473,-0.289732925
0.9953125,0.0049066,-0.275393422
0.995625,0.008893049,-0.249900973
0.9959375,0.014474078,-0.187763127
0.99625,0.016068657,-0.151117731
0.9965625,0.017663237,-0.128811838
0.996875,0.018460527,-0.122438726
0.9971875,0.019257817,-0.108895862
0.9975,0.017663237,-0.109692501
0.9978125,0.017663237,-0.11845553
0.998125,0.016068657,-0.130405116
0.9984375,0.014474078,-0.146337897
0.99875,0.011284918,-0.16864379
0.9990625,0.009690339,-0.186169849
0.999375,0.008893049,-0.202899269
0.9996875,0.010487629,-0.21883205
1,0.008893049,-0.232374914
1.0003125,0.00570389,-0.256274085
1.000625,0.0049066,-0.275393422
1.0009375,0.0049066,-0.280969895
1.00125,0.00410931,-0.289732925
1.0015625,0.00251473,-0.303275789
1.001875,0.00251473,-0.313632096
1.0021875,0.00251473,-0.320005209
1.0025,0.001717441,-0.323988404
1.0028125,0.001717441,-0.327971599
1.003125,0.00251473,-0.317615291
1.0034375,0.00251473,-0.306462345
1.00375,0.00331202,-0.296106037
1.0040625,0.00331202,-0.288936286
1.004375,0.007298469,-0.269816949
1.0046875,0.008095759,-0.251494251
1.005,0.00650118,-0.247511056
1.0053125,0.000122861,-0.28574973
1.005625,-0.000674429,-0.316022013
1.0059375,0.000920151,-0.318411931
1.00625,0.000920151,-0.315225374
1.0065625,0.001717441,-0.303275789
1.006875,0.00331202,-0.287343008
1.0071875,0.00650118,-0.265833754
1.0075,0.00650118,-0.248307695
1.0078125,0.008893049,-0.231578275
1.008125,0.009690339,-0.214848855
1.0084375,0.008893049,-0.200509352
1.00875,0.008893049,-0.190949683
1.0090625,0.008893049,-0.18537321
1.009375,0.009690339,-0.179000098
1.0096875,0.010487629,-0.175813542
1.01,0.010487629,-0.171830346
1.0103125,0.011284918,-0.16864379
1.010625,0.010487629,-0.164660595
1.0109375,0.011284918,-0.163863956
1.01125,0.012082208,-0.1606774
1.0115625,0.014474078,-0.144744619
1.011875,0.016865947,-0.128015199
1.0121875,0.018460527,-0.112879057
1.0125,0.025636135,-0.051537851
1.0128125,0.032014454,-0.007722703
1.013125,0.038392772,0.018566385
1.0134375,0.038392772,0.029719332
1.01375,0.040784642,0.036889083
1.0140625,0.040784642,0.040872279
1.014375,0.038392772,0.029719332
1.0146875,0.036000903,0.018566385
1.015,0.031217164,0.001040326
1.0153125,0.025636135,-0.020468928
1.015625,0.022446976,-0.044368099
1.0159375,0.021649686,-0.061097519
1.01625,0.019257817,-0.078623578
1.0165625,0.019257817,-0.092166442
1.016875,0.018460527,-0.113675696
1.0171875,0.015271367,-0.137574867
1.0175,0.014474078,-0.147931175
1.0178125,0.013676788,-0.155100926
1.018125,0.011284918,-0.169440429
1.0184375,0.010487629,-0.182983293
1.01875,0.008893049,-0.194932879
1.0190625,0.008893049,-0.201305991
1.019375,0.009690339,-0.212458938
1.0196875,0.010487629,-0.209272381
1.02,0.009690339,-0.198119435
1.0203125,0.010487629,-0.186966488
1.020625,0.012082208,-0.17740682
1.0209375,0.014474078,-0.164660595
1.02125,0.016068657,-0.143151341
1.0215625,0.016865947,-0.130405116
1.021875,0.009690339,-0.155897565
1.0221875,0.00650118,-0.198119435
1.0225,0.008095759,-0.211662299
1.0228125,0.008893049,-0.210865659
1.023125,0.009690339,-0.204492547
1.0234375,0.009690339,-0.190949683
1.02375,0.012082208,-0.171033707
1.0240625,0.013676788,-0.15191437
1.024375,0.015271367,-0.13518495
1.0246875,0.016865947,-0.11845553
1.025,0.016865947,-0.104116027
1.0253125,0.016865947,-0.092963081
1.025625,0.016068657,-0.086589969
1.0259375,0.016865947,-0.081013495
1.02625,0.017663237,-0.0770303
1.0265625,0.017663237,-0.074640383
1.026875,0.018460527,-0.071453827
1.0271875,0.018460527,-0.069860549
1.0275,0.018460527,-0.06826727
1.0278125,0.018460527,-0.06826727
1.028125,0.020055106,-0.059504241
1.0284375,0.021649686,-0.041181543
1.02875,0.024041555,-0.028435318
1.0290625,0.037595482,0.012193273
1.029375,0.044771091,0.067958006
1.0296875,0.045568381,0.097433651
1.03,0.045568381,0.114163071
1.0303125,0.044771091,0.115756349
1.030625,0.04716296,0.124519378
1.0309375,0.044771091,0.11495971
1.03125,0.043973801,0.101416846
1.0315625,0.043973801,0.083094148
1.031875,0.040784642,0.06477145
1.0321875,0.038392772,0.037685722
1.0325,0.036000903,0.019363024
1.0328125,0.032014454,0.001836965
1.033125,0.027230715,-0.014095815
1.0334375,0.023244266,-0.030028596
1.03375,0.020055106,-0.057910963
1.0340625,0.020055106,-0.075437022
1.034375,0.018460527,-0.081810134
1.0346875,0.017663237,-0.095352998
1.035,0.017663237,-0.111285779
1.0353125,0.016865947,-0.122438726
1.035625,0.015271367,-0.130405116
1.0359375,0.013676788,-0.139964784
1.03625,0.014474078,-0.143151341
1.0365625,0.016865947,-0.132795033
1.036875,0.017663237,-0.123235365
1.0371875,0.018460527,-0.113675696
1.0375,0.018460527,-0.104912667
1.0378125,0.020055106,-0.082606773
1.038125,0.020852396,-0.067470631
1.0384375,0.016865947,-0.075437022
1.03875,0.012879498,-0.122438726
1.0390625,0.011284918,-0.147134536
1.039375,0.012082208,-0.149524453
1.0396875,0.012879498,-0.145541258
1.04,0.015271367,-0.133591672
1.0403125,0.016865947,-0.119252169
1.040625,0.017663237,-0.096149637
1.0409375,0.018460527,-0.078623578
1.04125,0.020055106,-0.062690797
1.0415625,0.020852396,-0.048351294
1.041875,0.021649686,-0.036401709
1.0421875,0.022446976,-0.030825235
1.0425,0.023244266,-0.02684204
1.0428125,0.024041555,-0.023655484
1.043125,0.024041555,-0.022062206
1.0434375,0.024041555,-0.019672289
1.04375,0.024041555,-0.019672289
1.0440625,0.024838845,-0.018079011
1.044375,0.024838845,-0.01887565
1.0446875,0.025636135,-0.014892454
1.045,0.032014454,0.001040326
1.0453125,0.035203613,0.015379829
1.045625,0.040784642,0.036092444
1.0459375,0.04796025,0.099026929
1.04625,0.050352119,0.136468964
1.0465625,0.050352119,0.155588301
1.046875,0.04955483,0.157978218
1.0471875,0.051946699,0.16514797
1.0475,0.04955483,0.160368135
1.0478125,0.04955483,0.14841855
1.048125,0.04716296,0.134079047
1.0484375,0.044771091,0.11495971
1.04875,0.043973801,0.088670621
1.0490625,0.042379221,0.066364728
1.049375,0.040784642,0.048838669
1.0496875,0.038392772,0.030515971
1.05,0.036798193,0.016176468
1.0503125,0.028028005,-0.007722703
1.050625,0.023244266,-0.032418513
1.0509375,0.023244266,-0.041181543
1.05125,0.021649686,-0.049944572
1.0515625,0.020055106,-0.065080714
1.051875,0.018460527,-0.078623578
1.0521875,0.017663237,-0.088979886
1.0525,0.017663237,-0.095352998
1.0528125,0.017663237,-0.105709306
1.053125,0.018460527,-0.097742915
1.0534375,0.019257817,-0.08499669
1.05375,0.020055106,-0.074640383
1.0540625,0.020852396,-0.067470631
1.054375,0.021649686,-0.050741211
1.0546875,0.024041555,-0.032418513
1.055,0.023244266,-0.027638679
1.0553125,0.015271367,-0.067470631
1.055625,0.013676788,-0.106505945
1.0559375,0.015271367,-0.115268974
1.05625,0.016865947,-0.113675696
1.0565625,0.016068657,-0.103319388
1.056875,0.017663237,-0.087386608
1.0571875,0.019257817,-0.066673992
1.0575,0.020852396,-0.049944572
1.0578125,0.021649686,-0.033215153
1.058125,0.024041555,-0.01887565
1.0584375,0.028028005,-0.006129425
1.05875,0.029622584,0.000243687
1.0590625,0.030419874,0.003430244
1.059375,0.031217164,0.0066168
1.0596875,0.032014454,0.009006717
1.06,0.032014454,0.009803356
1.0603125,0.032014454,0.010599995
1.060625,0.032014454,0.010599995
1.0609375,0.032014454,0.010599995
1.06125,0.032014454,0.011396634
1.0615625,0.036000903,0.021752942
1.061875,0.039190062,0.039279001
1.0621875,0.039987352,0.051228586
1.0625,0.04875754,0.10619668
1.0628125,0.051149409,0.153995023
1.063125,0.052743989,0.177894194
1.0634375,0.052743989,0.186657224
1.06375,0.053541279,0.187453863
1.0640625,0.053541279,0.191437058
1.064375,0.051946699,0.177894194
1.0646875,0.04955483,0.16514797
1.065,0.04796025,0.146825272
1.0653125,0.045568381,0.125316017
1.065625,0.043973801,0.09823029
1.0659375,0.042379221,0.078314314
1.06625,0.040784642,0.059991616
1.0665625,0.039987352,0.043262196
1.066875,0.036798193,0.024142859
1.0671875,0.029622584,-0.003739508
1.0675,0.027230715,-0.015689094
1.0678125,0.025636135,-0.024452123
1.068125,0.021649686,-0.037994987
1.0684375,0.020055106,-0.053131129
1.06875,0.019257817,-0.064284075
1.0690625,0.019257817,-0.069860549
1.069375,0.016865947,-0.082606773
1.0696875,0.018460527,-0.079420217
1.07,0.020852396,-0.06826727
1.0703125,0.020852396,-0.057910963
1.070625,0.020852396,-0.049147933
1.0709375,0.022446976,-0.037994987
1.07125,0.026433425,-0.017282372
1.0715625,0.028825294,-0.004536147
1.071875,0.020852396,-0.02684204
1.0721875,0.013676788,-0.073047105
1.0725,0.014474078,-0.092963081
1.0728125,0.015271367,-0.092963081
1.073125,0.016068657,-0.087386608
1.0734375,0.016865947,-0.074640383
1.07375,0.020055106,-0.055521046
1.0740625,0.021649686,-0.036401709
1.074375,0.023244266,-0.020468928
1.0746875,0.027230715,-0.005332786
1.075,0.031217164,0.008210078
1.0753125,0.033609033,0.016176468
1.075625,0.034406323,0.020159663
1.0759375,0.034406323,0.024142859
1.07625,0.035203613,0.025736137
1.0765625,0.035203613,0.027329415
1.076875,0.034406323,0.027329415
1.0771875,0.035203613,0.026532776
1.0775,0.035203613,0.027329415
1.0778125,0.034406323,0.026532776
1.078125,0.036798193,0.032109249
1.0784375,0.039190062,0.048838669
1.07875,0.039987352,0.061584894
1.0790625,0.045568381,0.095840373
1.079375,0.051946699,0.155588301
1.0796875,0.053541279,0.186657224
1.08,0.053541279,0.200996727
1.0803125,0.051946699,0.200996727
1.080625,0.052743989,0.207369839
1.0809375,0.051149409,0.19781017
1.08125,0.051946699,0.184267307
1.0815625,0.04955483,0.166741248
1.081875,0.04796025,0.146028633
1.0821875,0.044771091,0.118942905
1.0825,0.043973801,0.097433651
1.0828125,0.043176511,0.078314314
1.083125,0.042379221,0.061584894
1.0834375,0.040784642,0.044058835
1.08375,0.035203613,0.016973107
1.0840625,0.031217164,-0.00214623
1.084375,0.028028005,-0.010909259
1.0846875,0.024838845,-0.021265567
1.085,0.021649686,-0.037994987
1.0853125,0.020852396,-0.049944572
1.085625,0.020055106,-0.059504241
1.0859375,0.018460527,-0.06826727
1.08625,0.018460527,-0.073843744
1.0865625,0.019257817,-0.063487436
1.086875,0.020852396,-0.05233449
1.0871875,0.020852396,-0.04357146
1.0875,0.022446976,-0.034808431
1.0878125,0.027230715,-0.014892454
1.088125,0.030419874,0.000243687
1.0884375,0.027230715,-0.002942869
1.08875,0.016865947,-0.049147933
1.0890625,0.014474078,-0.080216856
1.089375,0.015271367,-0.084200051
1.0896875,0.016068657,-0.081810134
1.09,0.016865947,-0.070657188
1.0903125,0.019257817,-0.055521046
1.090625,0.021649686,-0.034808431
1.0909375,0.024041555,-0.01887565
1.09125,0.028028005,-0.002942869
1.0915625,0.032014454,0.010599995
1.091875,0.034406323,0.020956303
1.0921875,0.034406323,0.026532776
1.0925,0.034406323,0.028922693
1.0928125,0.034406323,0.03131261
1.093125,0.035203613,0.032905888
1.0934375,0.035203613,0.032905888
1.09375,0.035203613,0.032905888
1.0940625,0.035203613,0.032905888
1.094375,0.035203613,0.032109249
1.0946875,0.036000903,0.033702527
1.095,0.038392772,0.04804203
1.0953125,0.039190062,0.062381533
1.095625,0.042379221,0.079907592
1.0959375,0.050352119,0.141248798
1.09625,0.052743989,0.18187739
1.0965625,0.052743989,0.202590005
1.096875,0.051149409,0.207369839
1.0971875,0.051946699,0.211353034
1.0975,0.051149409,0.208963117
1.0978125,0.052743989,0.193826975
1.098125,0.051149409,0.178690833
1.0984375,0.04796025,0.157181579
1.09875,0.045568381,0.134079047
1.0990625,0.043176511,0.107789958
1.099375,0.043176511,0.088670621
1.0996875,0.041581931,0.070347923
1.1,0.040784642,0.055211781
1.1003125,0.036798193,0.03131261
1.100625,0.032014454,0.005820161
1.1009375,0.029622584,-0.004536147
1.10125,0.026433425,-0.014095815
1.1015625,0.022446976,-0.030028596
1.101875,0.020852396,-0.04357146
1.1021875,0.019257817,-0.054724407
1.1025,0.018460527,-0.061894158
1.1028125,0.018460527,-0.071453827
1.103125,0.019257817,-0.065080714
1.1034375,0.020852396,-0.053927768
1.10375,0.020852396,-0.04357146
1.1040625,0.022446976,-0.03560507
1.104375,0.025636135,-0.020468928
1.1046875,0.030419874,-0.00214623
1.105,0.031217164,0.005820161
1.1053125,0.019257817,-0.029231957
1.105625,0.014474078,-0.070657188
1.1059375,0.015271367,-0.081810134
1.10625,0.016068657,-0.081810134
1.1065625,0.017663237,-0.073047105
1.106875,0.018460527,-0.06030088
1.1071875,0.020852396,-0.040384904
1.1075,0.024041555,-0.022062206
1.1078125,0.026433425,-0.006926064
1.108125,0.031217164,0.007413439
1.1084375,0.034406323,0.019363024
1.10875,0.034406323,0.025736137
1.1090625,0.035203613,0.028922693
1.109375,0.035203613,0.03131261
1.1096875,0.035203613,0.032905888
1.11,0.036000903,0.032905888
1.1103125,0.036000903,0.032905888
1.110625,0.036000903,0.032905888
1.1109375,0.036000903,0.032109249
1.11125,0.036000903,0.03131261
1.1115625,0.038392772,0.041668918
1.111875,0.039987352,0.058398338
1.1121875,0.039987352,0.068754645
1.1125,0.04875754,0.118146266
1.1128125,0.051946699,0.169131165
1.113125,0.053541279,0.196216892
1.1134375,0.051946699,0.2065732
1.11375,0.052743989,0.2065732
1.1140625,0.051946699,0.211353034
1.114375,0.051946699,0.19781017
1.1146875,0.051149409,0.184267307
1.115,0.04955483,0.164351331
1.1153125,0.04716296,0.142842076
1.115625,0.043176511,0.116552988
1.1159375,0.043176511,0.095043734
1.11625,0.041581931,0.075924397
1.1165625,0.039987352,0.059991616
1.116875,0.039190062,0.041668918
1.1171875,0.032811743,0.012989912
1.1175,0.029622584,-0.00214623
1.1178125,0.027230715,-0.008519342
1.118125,0.024041555,-0.022062206
1.1184375,0.021649686,-0.037198348
1.11875,0.020055106,-0.049147933
1.1190625,0.020055106,-0.057114324
1.119375,0.017663237,-0.067470631
1.1196875,0.019257817,-0.067470631
1.12,0.020055106,-0.057114324
1.1203125,0.020852396,-0.045961377
1.120625,0.021649686,-0.037198348
1.1209375,0.023244266,-0.027638679
1.12125,0.028028005,-0.006926064
1.1215625,0.031217164,0.005820161
1.121875,0.024041555,-0.01011262
1.1221875,0.015271367,-0.057114324
1.1225,0.014474078,-0.079420217
1.1228125,0.016068657,-0.081013495
1.123125,0.016068657,-0.077826939
1.1234375,0.017663237,-0.065080714
1.12375,0.020055106,-0.047554655
1.1240625,0.021649686,-0.028435318
1.124375,0.024838845,-0.012502537
1.1246875,0.029622584,0.002633605
1.125,0.032811743,0.01458319
1.1253125,0.034406323,0.02334622
1.125625,0.033609033,0.028126054
1.1259375,0.035203613,0.030515971
1.12625,0.036000903,0.032109249
1.1265625,0.035203613,0.032109249
1.126875,0.035203613,0.032109249
1.1271875,0.035203613,0.032905888
1.1275,0.035203613,0.032905888
1.1278125,0.035203613,0.032109249
1.128125,0.036798193,0.036092444
1.1284375,0.039987352,0.051228586
1.12875,0.039987352,0.065568089
1.1290625,0.045568381,0.093450456
1.129375,0.051149409,0.154791662
1.1296875,0.053541279,0.187453863
1.13,0.051946699,0.204979922
1.1303125,0.051149409,0.204183283
1.130625,0.052743989,0.211353034
1.1309375,0.051149409,0.202590005
1.13125,0.051946699,0.188250502
1.1315625,0.04955483,0.170724443
1.131875,0.04796025,0.150808467
1.1321875,0.043973801,0.124519378
1.1325,0.043176511,0.103806763
1.1328125,0.042379221,0.083094148
1.133125,0.040784642,0.065568089
1.1334375,0.039190062,0.048838669
1.13375,0.035203613,0.021752942
1.1340625,0.030419874,0.001040326
1.134375,0.028825294,-0.006129425
1.1346875,0.025636135,-0.018079011
1.135,0.021649686,-0.033215153
1.1353125,0.020055106,-0.046758016
1.135625,0.020055106,-0.055521046
1.1359375,0.018460527,-0.063487436
1.13625,0.017663237,-0.070657188
1.1365625,0.020055106,-0.061894158
1.136875,0.020852396,-0.050741211
1.1371875,0.021649686,-0.040384904
1.1375,0.021649686,-0.034011792
1.1378125,0.026433425,-0.014892454
1.138125,0.030419874,0.001040326
1.1384375,0.028825294,0.001836965
1.13875,0.016865947,-0.041181543
1.1390625,0.014474078,-0.074640383
1.139375,0.015271367,-0.081810134
1.1396875,0.015271367,-0.081013495
1.14,0.017663237,-0.070657188
1.1403125,0.019257817,-0.055521046
1.140625,0.020852396,-0.034808431
1.1409375,0.024041555,-0.01887565
1.14125,0.028028005,-0.003739508
1.1415625,0.032014454,0.009803356
1.141875,0.033609033,0.020956303
1.1421875,0.033609033,0.025736137
1.1425,0.035203613,0.028126054
1.1428125,0.035203613,0.030515971
1.143125,0.035203613,0.032109249
1.1434375,0.035203613,0.03131261
1.14375,0.035203613,0.03131261
1.1440625,0.035203613,0.032109249
1.144375,0.035203613,0.03131261
1.1446875,0.035203613,0.032109249
1.145,0.037595482,0.044855474
1.1453125,0.039190062,0.060788255
1.145625,0.042379221,0.075127758
1.1459375,0.04955483,0.134079047
1.14625,0.052743989,0.176300916
1.1465625,0.052743989,0.199403449
1.146875,0.051149409,0.204979922
1.1471875,0.051946699,0.208963117
1.1475,0.051946699,0.208166478
1.1478125,0.051946699,0.193030336
1.148125,0.051149409,0.179487472
1.1484375,0.04796025,0.157978218
1.14875,0.045568381,0.134875686
1.1490625,0.043973801,0.109383236
1.149375,0.044771091,0.08946726
1.1496875,0.041581931,0.071144562
1.15,0.040784642,0.055211781
1.1503125,0.036798193,0.032905888
1.150625,0.032014454,0.0066168
1.1509375,0.029622584,-0.003739508
1.15125,0.026433425,-0.012502537
1.1515625,0.023244266,-0.027638679
1.151875,0.020852396,-0.041978182
1.1521875,0.020055106,-0.053131129
1.1525,0.019257817,-0.059504241
1.1528125,0.018460527,-0.069860549
1.153125,0.020055106,-0.065080714
1.1534375,0.020852396,-0.053131129
1.15375,0.020852396,-0.04357146
1.1540625,0.021649686,-0.03560507
1.154375,0.024838845,-0.022858845
1.1546875,0.029622584,-0.003739508
1.155,0.032014454,0.007413439
1.1553125,0.020852396,-0.023655484
1.155625,0.014474078,-0.066673992
1.1559375,0.015271367,-0.081013495
1.15625,0.015271367,-0.081013495
1.1565625,0.016865947,-0.073843744
1.156875,0.018460527,-0.061894158
1.1571875,0.020852396,-0.041978182
1.1575,0.023244266,-0.024452123
1.1578125,0.026433425,-0.009315981
1.158125,0.031217164,0.005820161
1.1584375,0.034406323,0.017769746
1.15875,0.034406323,0.024142859
1.1590625,0.035203613,0.027329415
1.159375,0.035203613,0.030515971
1.1596875,0.035203613,0.03131261
1.16,0.035203613,0.03131261
1.1603125,0.035203613,0.032109249
1.160625,0.036000903,0.032109249
1.1609375,0.035203613,0.032109249
1.16125,0.035203613,0.03131261
1.1615625,0.037595482,0.039279001
1.161875,0.039190062,0.055211781
1.1621875,0.039987352,0.066364728
1.1625,0.04796025,0.110976515
1.1628125,0.051946699,0.164351331
1.163125,0.052743989,0.192233697
1.1634375,0.051946699,0.204979922
1.16375,0.051946699,0.205776561
1.1640625,0.051149409,0.210556395
1.164375,0.051149409,0.198606809
1.1646875,0.051946699,0.185063946
1.165,0.04875754,0.165944609
1.1653125,0.04716296,0.144435354
1.165625,0.043973801,0.118146266
1.1659375,0.043176511,0.097433651
1.16625,0.042379221,0.077517675
1.1665625,0.040784642,0.061584894
1.166875,0.039190062,0.043262196
1.1671875,0.034406323,0.016176468
1.1675,0.031217164,0.000243687
1.1678125,0.028825294,-0.007722703
1.168125,0.024838845,-0.020468928
1.1684375,0.022446976,-0.036401709
1.16875,0.020852396,-0.047554655
1.1690625,0.020055106,-0.055521046
1.169375,0.018460527,-0.065877353
1.1696875,0.019257817,-0.06826727
1.17,0.020852396,-0.057114324
1.1703125,0.020852396,-0.046758016
1.170625,0.021649686,-0.037198348
1.1709375,0.023244266,-0.029231957
1.17125,0.028028005,-0.009315981
1.1715625,0.032014454,0.004226883
1.171875,0.026433425,-0.006926064
1.1721875,0.015271367,-0.053131129
1.1725,0.014474078,-0.078623578
1.1728125,0.016068657,-0.081013495
1.173125,0.016068657,-0.077826939
1.1734375,0.018460527,-0.065877353
1.17375,0.020055106,-0.050741211
1.1740625,0.022446976,-0.030028596
1.174375,0.024838845,-0.014892454
1.1746875,0.029622584,0.001040326
1.175,0.032811743,0.012989912
1.1753125,0.035203613,0.022549581
1.175625,0.034406323,0.025736137
1.1759375,0.035203613,0.028922693
1.17625,0.035203613,0.030515971
1.1765625,0.036000903,0.032109249
1.176875,0.035203613,0.032109249
1.1771875,0.036000903,0.032109249
1.1775,0.035203613,0.032109249
1.1778125,0.035203613,0.030515971
1.178125,0.036798193,0.032905888
1.1784375,0.039987352,0.048838669
1.17875,0.039987352,0.062381533
1.1790625,0.044771091,0.086280704
1.179375,0.051149409,0.147621911
1.1796875,0.053541279,0.182674029
1.18,0.053541279,0.200996727
1.1803125,0.052743989,0.204183283
1.180625,0.052743989,0.209759756
1.1809375,0.051946699,0.202590005
1.18125,0.052743989,0.188250502
1.1815625,0.050352119,0.172317721
1.181875,0.04875754,0.152401745
1.1821875,0.044771091,0.126909295
1.1825,0.043973801,0.104603402
1.1828125,0.043176511,0.083890787
1.183125,0.042379221,0.066364728
1.1834375,0.040784642,0.051228586
1.18375,0.036798193,0.024939498
1.1840625,0.032014454,0.002633605
1.184375,0.030419874,-0.006129425
1.1846875,0.027230715,-0.014892454
1.185,0.022446976,-0.031621874
1.1853125,0.021649686,-0.045164738
1.185625,0.020055106,-0.054724407
1.1859375,0.018460527,-0.062690797
1.18625,0.019257817,-0.069860549
1.1865625,0.020852396,-0.061097519
1.186875,0.020852396,-0.050741211
1.1871875,0.021649686,-0.040384904
1.1875,0.022446976,-0.034011792
1.1878125,0.026433425,-0.015689094
1.188125,0.031217164,0.000243687
1.1884375,0.030419874,0.004226883
1.18875,0.016865947,-0.036401709
1.1890625,0.014474078,-0.072250466
1.189375,0.015271367,-0.079420217
1.1896875,0.015271367,-0.080216856
1.19,0.016865947,-0.070657188
1.1903125,0.018460527,-0.057114324
1.190625,0.021649686,-0.036401709
1.1909375,0.023244266,-0.019672289
1.19125,0.027230715,-0.004536147
1.1915625,0.031217164,0.009006717
1.191875,0.033609033,0.020159663
1.1921875,0.034406323,0.024939498
1.1925,0.035203613,0.028126054
1.1928125,0.035203613,0.030515971
1.193125,0.035203613,0.03131261
1.1934375,0.035203613,0.032905888
1.19375,0.036000903,0.032905888
1.1940625,0.036000903,0.032905888
1.194375,0.035203613,0.032109249
1.1946875,0.035203613,0.03131261
1.195,0.038392772,0.044058835
1.1953125,0.039190062,0.059194977
1.195625,0.041581931,0.071144562
1.1959375,0.04955483,0.128502574
1.19625,0.052743989,0.172317721
1.1965625,0.052743989,0.197013531
1.196875,0.052743989,0.204183283
1.1971875,0.052743989,0.207369839
1.1975,0.052743989,0.208166478
1.1978125,0.051946699,0.194623614
1.198125,0.051149409,0.179487472
1.1984375,0.04875754,0.159571496
1.19875,0.04636567,0.136468964
1.1990625,0.043973801,0.111773154
1.199375,0.043176511,0.091060538
1.1996875,0.042379221,0.071941201
1.2,0.041581931,0.05680506
1.2003125,0.038392772,0.036092444
1.200625,0.032811743,0.009006717
1.2009375,0.030419874,-0.002942869
1.20125,0.028028005,-0.010909259
1.2015625,0.024041555,-0.024452123
1.201875,0.021649686,-0.037994987
1.2021875,0.020852396,-0.050741211
1.2025,0.020055106,-0.057114324
1.2028125,0.018460527,-0.06826727
1.203125,0.019257817,-0.065080714
1.2034375,0.020852396,-0.053927768
1.20375,0.021649686,-0.04357146
1.2040625,0.022446976,-0.034808431
1.204375,0.024838845,-0.024452123
1.2046875,0.029622584,-0.004536147
1.205,0.032014454,0.0066168
1.2053125,0.021649686,-0.018079011
1.205625,0.015271367,-0.062690797
1.2059375,0.015271367,-0.080216856
1.20625,0.016865947,-0.080216856
1.2065625,0.017663237,-0.074640383
1.206875,0.018460527,-0.061894158
1.2071875,0.020852396,-0.044368099
1.2075,0.023244266,-0.025248762
1.2078125,0.026433425,-0.01011262
1.208125,0.031217164,0.004226883
1.2084375,0.033609033,0.016176468
1.20875,0.035203613,0.02334622
1.2090625,0.034406323,0.027329415
1.209375,0.035203613,0.030515971
1.2096875,0.035203613,0.03131261
1.21,0.036000903,0.032109249
1.2103125,0.035203613,0.032109249
1.210625,0.035203613,0.032109249
1.2109375,0.035203613,0.032109249
1.21125,0.035203613,0.030515971
1.2115625,0.036798193,0.036889083
1.211875,0.039190062,0.054415142
1.2121875,0.040784642,0.065568089
1.2125,0.04716296,0.103806763
1.2128125,0.051946699,0.159571496
1.213125,0.053541279,0.189047141
1.2134375,0.052743989,0.203386644
1.21375,0.052743989,0.204183283
1.2140625,0.052743989,0.209759756
1.214375,0.051946699,0.199403449
1.2146875,0.051946699,0.185860585
1.215,0.04955483,0.166741248
1.2153125,0.04796025,0.146028633
1.215625,0.043973801,0.119739544
1.2159375,0.043176511,0.099026929
1.21625,0.042379221,0.079110953
1.2165625,0.040784642,0.061584894
1.216875,0.039190062,0.045652113
1.2171875,0.034406323,0.018566385
1.2175,0.030419874,0.000243687
1.2178125,0.028825294,-0.006926064
1.218125,0.024838845,-0.019672289
1.2184375,0.021649686,-0.034808431
1.21875,0.020055106,-0.048351294
1.2190625,0.019257817,-0.055521046
1.219375,0.018460527,-0.065080714
1.2196875,0.018460527,-0.06906391
1.22,0.019257817,-0.058707602
1.2203125,0.020852396,-0.047554655
1.220625,0.021649686,-0.038791626
1.2209375,0.023244266,-0.030825235
1.22125,0.027230715,-0.011705898
1.2215625,0.031217164,0.002633605
1.221875,0.026433425,-0.002942869
1.2221875,0.016865947,-0.049147933
1.2225,0.015271367,-0.0770303
1.2228125,0.015271367,-0.081013495
1.223125,0.015271367,-0.079420217
1.2234375,0.017663237,-0.066673992
1.22375,0.019257817,-0.05233449
1.2240625,0.021649686,-0.031621874
1.224375,0.024838845,-0.016485733
1.2246875,0.029622584,-0.001349591
1.225,0.032014454,0.011396634
1.2253125,0.034406323,0.021752942
1.225625,0.035203613,0.026532776
1.2259375,0.035203613,0.028126054
1.22625,0.035203613,0.030515971
1.2265625,0.035203613,0.032109249
1.226875,0.034406323,0.032109249
1.2271875,0.035203613,0.032109249
1.2275,0.035203613,0.032109249
1.2278125,0.035203613,0.030515971
1.228125,0.036000903,0.032109249
1.2284375,0.038392772,0.047245391
1.22875,0.039987352,0.060788255
1.2290625,0.043973801,0.080704231
1.229375,0.051149409,0.142045437
1.2296875,0.052743989,0.179487472
1.23,0.053541279,0.200200088
1.2303125,0.052743989,0.202590005
1.230625,0.052743989,0.207369839
1.2309375,0.051149409,0.202590005
1.23125,0.051946699,0.188250502
1.2315625,0.04955483,0.17311436
1.231875,0.04796025,0.152401745
1.2321875,0.044771091,0.129299213
1.2325,0.043176511,0.105400041
1.2328125,0.043176511,0.084687426
1.233125,0.041581931,0.066364728
1.2334375,0.039987352,0.052025225
1.23375,0.036000903,0.027329415
1.2340625,0.031217164,0.004226883
1.234375,0.028825294,-0.006129425
1.2346875,0.026433425,-0.015689094
1.235,0.022446976,-0.030028596
1.2353125,0.020852396,-0.04357146
1.235625,0.019257817,-0.053927768
1.2359375,0.019257817,-0.06030088
1.23625,0.018460527,-0.069860549
1.2365625,0.020055106,-0.061894158
1.236875,0.020852396,-0.050741211
1.2371875,0.022446976,-0.041181543
1.2375,0.022446976,-0.034011792
1.2378125,0.026433425,-0.019672289
1.238125,0.030419874,-0.001349591
1.2384375,0.031217164,0.005023522
1.23875,0.018460527,-0.031621874
1.2390625,0.014474078,-0.070657188
1.239375,0.015271367,-0.080216856
1.2396875,0.016068657,-0.081013495
1.24,0.017663237,-0.071453827
1.2403125,0.019257817,-0.057910963
1.240625,0.021649686,-0.038791626
1.2409375,0.024041555,-0.022062206
1.24125,0.028028005,-0.006129425
1.2415625,0.032014454,0.0066168
1.241875,0.034406323,0.018566385
1.2421875,0.035203613,0.024939498
1.2425,0.036000903,0.028126054
1.2428125,0.036000903,0.030515971
1.243125,0.036000903,0.03131261
1.2434375,0.036000903,0.03131261
1.24375,0.036000903,0.03131261
1.2440625,0.036000903,0.03131261
1.244375,0.036000903,0.03131261
1.2446875,0.036000903,0.029719332
1.245,0.038392772,0.040872279
1.2453125,0.039987352,0.05680506
1.245625,0.040784642,0.067161367
1.2459375,0.04955483,0.119739544
1.24625,0.053541279,0.168334526
1.2465625,0.054338569,0.193826975
1.246875,0.052743989,0.203386644
1.2471875,0.052743989,0.204979922
1.2475,0.052743989,0.208166478
1.2478125,0.052743989,0.194623614
1.248125,0.051946699,0.179487472
1.2484375,0.04875754,0.159571496
1.24875,0.04716296,0.138062242
1.2490625,0.043973801,0.111773154
1.249375,0.043973801,0.092653817
1.2496875,0.042379221,0.073534479
1.25,0.040784642,0.057601699
1.2503125,0.038392772,0.038482362
1.250625,0.032811743,0.011396634
1.2509375,0.030419874,-0.00214623
1.25125,0.028028005,-0.01011262
1.2515625,0.023244266,-0.024452123
1.251875,0.021649686,-0.037994987
1.2521875,0.020055106,-0.049147933
1.2525,0.020055106,-0.057114324
1.2528125,0.017663237,-0.066673992
1.253125,0.020055106,-0.065877353
1.2534375,0.020852396,-0.054724407
1.25375,0.020852396,-0.044368099
1.2540625,0.021649686,-0.036401709
1.254375,0.024041555,-0.02684204
1.2546875,0.028825294,-0.006926064
1.255,0.032014454,0.005023522
1.2553125,0.022446976,-0.014095815
1.255625,0.015271367,-0.059504241
1.2559375,0.014474078,-0.080216856
1.25625,0.015271367,-0.081013495
1.2565625,0.016865947,-0.076233661
1.256875,0.018460527,-0.064284075
1.2571875,0.020055106,-0.046758016
1.2575,0.022446976,-0.028435318
1.2578125,0.025636135,-0.013299176
1.258125,0.029622584,0.001836965
1.2584375,0.032811743,0.013786551
1.25875,0.035203613,0.021752942
1.2590625,0.035203613,0.024939498
1.259375,0.035203613,0.028126054
1.2596875,0.036000903,0.030515971
1.26,0.036000903,0.03131261
1.2603125,0.036000903,0.030515971
1.260625,0.036000903,0.03131261
1.2609375,0.036000903,0.030515971
1.26125,0.036000903,0.029719332
1.2615625,0.037595482,0.034499166
1.261875,0.039190062,0.051228586
1.2621875,0.039987352,0.063974811
1.2625,0.04636567,0.095840373
1.2628125,0.051946699,0.153995023
1.263125,0.053541279,0.185063946
1.2634375,0.053541279,0.200996727
1.26375,0.052743989,0.201793366
1.2640625,0.053541279,0.208963117
1.264375,0.052743989,0.199403449
1.2646875,0.051946699,0.183470668
1.265,0.04955483,0.166741248
1.2653125,0.04796025,0.146825272
1.265625,0.044771091,0.121332822
1.2659375,0.043176511,0.099026929
1.26625,0.043176511,0.079907592
1.2665625,0.040784642,0.063178172
1.266875,0.039987352,0.04804203
1.2671875,0.035203613,0.020159663
1.2675,0.030419874,0.001040326
1.2678125,0.028028005,-0.007722703
1.268125,0.024838845,-0.01887565
1.2684375,0.021649686,-0.034011792
1.26875,0.020055106,-0.045961377
1.2690625,0.020055106,-0.055521046
1.269375,0.018460527,-0.063487436
1.2696875,0.018460527,-0.069860549
1.27,0.020852396,-0.059504241
1.2703125,0.020852396,-0.049147933
1.270625,0.021649686,-0.039588265
1.2709375,0.022446976,-0.032418513
1.27125,0.027230715,-0.013299176
1.2715625,0.030419874,0.001836965
1.271875,0.028028005,-0.000552952
1.2721875,0.016865947,-0.044368099
1.2725,0.015271367,-0.075437022
1.2728125,0.016068657,-0.081013495
1.273125,0.016068657,-0.079420217
1.2734375,0.018460527,-0.06906391
1.27375,0.020055106,-0.054724407
1.2740625,0.022446976,-0.034011792
1.274375,0.024041555,-0.01887565
1.2746875,0.028825294,-0.002942869
1.275,0.032811743,0.009803356
1.2753125,0.035203613,0.020159663
1.275625,0.035203613,0.024939498
1.2759375,0.035203613,0.028126054
1.27625,0.035203613,0.029719332
1.2765625,0.036798193,0.03131261
1.276875,0.036000903,0.03131261
1.2771875,0.036000903,0.03131261
1.2775,0.035203613,0.030515971
1.2778125,0.036000903,0.030515971
1.278125,0.036000903,0.032109249
1.2784375,0.039190062,0.044855474
1.27875,0.040784642,0.059991616
1.2790625,0.043973801,0.075924397
1.279375,0.051149409,0.136468964
1.2796875,0.052743989,0.176300916
1.28,0.053541279,0.198606809
1.2803125,0.051946699,0.202590005
1.280625,0.053541279,0.207369839
1.2809375,0.052743989,0.205776561
1.28125,0.052743989,0.190640419
1.2815625,0.051149409,0.174707638
1.281875,0.04955483,0.153995023
1.2821875,0.045568381,0.13168913
1.2825,0.044771091,0.106993319
1.2828125,0.043973801,0.087077343
1.283125,0.042379221,0.067958006
1.2834375,0.039987352,0.053618503
1.28375,0.036798193,0.03131261
1.2840625,0.032014454,0.0066168
1.284375,0.030419874,-0.004536147
1.2846875,0.027230715,-0.014095815
1.285,0.022446976,-0.027638679
1.2853125,0.020852396,-0.041181543
1.285625,0.020055106,-0.051537851
1.2859375,0.019257817,-0.058707602
1.28625,0.018460527,-0.06906391
1.2865625,0.020055106,-0.063487436
1.286875,0.020852396,-0.05233449
1.2871875,0.020852396,-0.042774821
1.2875,0.021649686,-0.034011792
1.2878125,0.025636135,-0.020468928
1.288125,0.030419874,-0.00214623
1.2884375,0.031217164,0.005820161
1.28875,0.018460527,-0.02684204
1.2890625,0.013676788,-0.067470631
1.289375,0.014474078,-0.081013495
1.2896875,0.015271367,-0.080216856
1.29,0.017663237,-0.073047105
1.2903125,0.018460527,-0.059504241
1.290625,0.020852396,-0.040384904
1.2909375,0.023244266,-0.023655484
1.29125,0.027230715,-0.008519342
1.2915625,0.031217164,0.005023522
1.291875,0.033609033,0.016973107
1.2921875,0.035203613,0.02334622
1.2925,0.035203613,0.026532776
1.2928125,0.034406323,0.029719332
1.293125,0.035203613,0.030515971
1.2934375,0.034406323,0.03131261
1.29375,0.035203613,0.03131261
1.2940625,0.035203613,0.03131261
1.294375,0.035203613,0.03131261
1.2946875,0.035203613,0.028922693
1.295,0.038392772,0.038482362
1.2953125,0.039190062,0.055211781
1.295625,0.040784642,0.065568089
1.2959375,0.04875754,0.114163071
1.29625,0.052743989,0.163554692
1.2965625,0.053541279,0.191437058
1.296875,0.052743989,0.202590005
1.2971875,0.052743989,0.203386644
1.2975,0.052743989,0.207369839
1.2978125,0.051946699,0.193826975
1.298125,0.051946699,0.181080751
1.2984375,0.04875754,0.161164774
1.29875,0.04716296,0.141248798
1.2990625,0.043973801,0.115756349
1.299375,0.043176511,0.095043734
1.2996875,0.042379221,0.076721036
1.3,0.039987352,0.059194977
1.3003125,0.038392772,0.041668918
1.300625,0.032811743,0.013786551
1.3009375,0.030419874,-0.001349591
1.30125,0.027230715,-0.009315981
1.3015625,0.024041555,-0.022062206
1.301875,0.020852396,-0.036401709
1.3021875,0.020055106,-0.048351294
1.3025,0.019257817,-0.056317685
1.3028125,0.017663237,-0.065877353
1.303125,0.019257817,-0.066673992
1.3034375,0.020852396,-0.056317685
1.30375,0.020852396,-0.045961377
1.3040625,0.021649686,-0.037198348
1.304375,0.023244266,-0.028435318
1.3046875,0.028028005,-0.008519342
1.305,0.031217164,0.004226883
1.3053125,0.024041555,-0.01011262
1.305625,0.015271367,-0.056317685
1.3059375,0.014474078,-0.078623578
1.30625,0.015271367,-0.081013495
1.3065625,0.016865947,-0.077826939
1.306875,0.018460527,-0.065877353
1.3071875,0.019257817,-0.049147933
1.3075,0.023244266,-0.029231957
1.3078125,0.025636135,-0.014892454
1.308125,0.029622584,-0.000552952
1.3084375,0.032811743,0.012193273
1.30875,0.035203613,0.021752942
1.3090625,0.035203613,0.024939498
1.309375,0.035203613,0.028126054
1.3096875,0.035203613,0.029719332
1.31,0.035203613,0.03131261
1.3103125,0.035203613,0.030515971
1.310625,0.035203613,0.030515971
1.3109375,0.035203613,0.030515971
1.31125,0.035203613,0.029719332
1.3115625,0.036798193,0.032905888
1.311875,0.039190062,0.049635308
1.3121875,0.039987352,0.062381533
1.3125,0.045568381,0.08946726
1.3128125,0.051946699,0.149215189
1.313125,0.053541279,0.182674029
1.3134375,0.053541279,0.200200088
1.31375,0.052743989,0.201793366
1.3140625,0.052743989,0.207369839
1.314375,0.051946699,0.200200088
1.3146875,0.051946699,0.186657224
1.315,0.050352119,0.169927804
1.3153125,0.04796025,0.149215189
1.315625,0.043973801,0.124519378
1.3159375,0.043176511,0.101416846
1.31625,0.042379221,0.08150087
1.3165625,0.040784642,0.063974811
1.316875,0.039190062,0.048838669
1.3171875,0.034406323,0.02334622
1.3175,0.031217164,0.002633605
1.3178125,0.028825294,-0.006129425
1.318125,0.025636135,-0.016485733
1.3184375,0.021649686,-0.032418513
1.31875,0.020852396,-0.044368099
1.3190625,0.019257817,-0.053927768
1.319375,0.018460527,-0.061894158
1.3196875,0.017663237,-0.069860549
1.32,0.019257817,-0.06030088
1.3203125,0.020055106,-0.049944572
1.320625,0.020852396,-0.040384904
1.3209375,0.021649686,-0.033215153
1.32125,0.026433425,-0.014892454
1.3215625,0.030419874,0.000243687
1.321875,0.028825294,0.001836965
1.3221875,0.016068657,-0.041181543
1.3225,0.013676788,-0.074640383
1.3228125,0.014474078,-0.081013495
1.323125,0.015271367,-0.081013495
1.3234375,0.016865947,-0.070657188
1.32375,0.018460527,-0.056317685
1.3240625,0.020055106,-0.03560507
1.324375,0.022446976,-0.020468928
1.3246875,0.027230715,-0.004536147
1.325,0.031217164,0.008210078
1.3253125,0.033609033,0.018566385
1.325625,0.034406323,0.024142859
1.3259375,0.034406323,0.026532776
1.32625,0.035203613,0.028126054
1.3265625,0.036000903,0.030515971
1.326875,0.035203613,0.030515971
1.3271875,0.035203613,0.030515971
1.3275,0.036000903,0.030515971
1.3278125,0.035203613,0.030515971
1.328125,0.036000903,0.030515971
1.3284375,0.039190062,0.042465557
1.32875,0.039987352,0.058398338
1.3290625,0.042379221,0.071941201
1.329375,0.050352119,0.130095852
1.3296875,0.053541279,0.17311436
1.33,0.053541279,0.194623614
1.3303125,0.052743989,0.200996727
1.330625,0.053541279,0.205776561
1.3309375,0.052743989,0.205776561
1.33125,0.052743989,0.191437058
1.3315625,0.051946699,0.176300916
1.331875,0.04955483,0.15638494
1.3321875,0.04716296,0.134079047
1.3325,0.043973801,0.107789958
1.3328125,0.043973801,0.088670621
1.333125,0.042379221,0.071144562
1.3334375,0.040784642,0.05600842
1.33375,0.037595482,0.034499166
1.3340625,0.032811743,0.008210078
1.334375,0.028825294,-0.003739508
1.3346875,0.028028005,-0.010909259
1.335,0.022446976,-0.02684204
1.3353125,0.020852396,-0.040384904
1.335625,0.019257817,-0.050741211
1.3359375,0.018460527,-0.057114324
1.33625,0.016865947,-0.06826727
1.3365625,0.019257817,-0.064284075
1.336875,0.020055106,-0.053927768
1.3371875,0.020852396,-0.04357146
1.3375,0.022446976,-0.036401709
1.3378125,0.024838845,-0.023655484
1.338125,0.029622584,-0.004536147
1.3384375,0.032014454,0.005820161
1.33875,0.020055106,-0.023655484
1.3390625,0.013676788,-0.065877353
1.339375,0.014474078,-0.081013495
1.3396875,0.015271367,-0.081013495
1.34,0.016068657,-0.075437022
1.3403125,0.018460527,-0.062690797
1.340625,0.020055106,-0.042774821
1.3409375,0.022446976,-0.025248762
1.34125,0.026433425,-0.010909259
1.3415625,0.030419874,0.003430244
1.341875,0.032811743,0.015379829
1.3421875,0.034406323,0.022549581
1.3425,0.035203613,0.025736137
1.3428125,0.035203613,0.028126054
1.343125,0.036000903,0.029719332
1.3434375,0.036000903,0.030515971
1.34375,0.036000903,0.030515971
1.3440625,0.036000903,0.029719332
1.344375,0.036000903,0.029719332
1.3446875,0.035203613,0.028922693
1.345,0.038392772,0.036092444
1.3453125,0.039987352,0.052821864
1.345625,0.041581931,0.063974811
1.3459375,0.04875754,0.106993319
1.34625,0.053541279,0.160368135
1.3465625,0.055135858,0.188250502
1.346875,0.053541279,0.201793366
1.3471875,0.054338569,0.202590005
1.3475,0.054338569,0.208963117
1.3478125,0.053541279,0.196216892
1.348125,0.052743989,0.182674029
1.3484375,0.050352119,0.164351331
1.34875,0.04796025,0.144435354
1.3490625,0.044771091,0.117349627
1.349375,0.043973801,0.096637012
1.3496875,0.043176511,0.078314314
1.35,0.041581931,0.061584894
1.3503125,0.039987352,0.043262196
1.350625,0.033609033,0.016176468
1.3509375,0.030419874,-0.000552952
1.35125,0.028028005,-0.007722703
1.3515625,0.024041555,-0.019672289
1.351875,0.020852396,-0.03560507
1.3521875,0.020055106,-0.046758016
1.3525,0.018460527,-0.055521046
1.3528125,0.016865947,-0.065080714
1.353125,0.018460527,-0.067470631
1.3534375,0.020055106,-0.057910963
1.35375,0.020852396,-0.046758016
1.3540625,0.020852396,-0.037994987
1.354375,0.022446976,-0.030825235
1.3546875,0.028028005,-0.010909259
1.355,0.031217164,0.002633605
1.3553125,0.024838845,-0.007722703
1.355625,0.014474078,-0.053927768
1.3559375,0.013676788,-0.078623578
1.35625,0.014474078,-0.081810134
1.3565625,0.015271367,-0.079420217
1.356875,0.016865947,-0.06826727
1.3571875,0.018460527,-0.05233449
1.3575,0.020852396,-0.032418513
1.3578125,0.024838845,-0.017282372
1.358125,0.029622584,-0.00214623
1.3584375,0.032811743,0.010599995
1.35875,0.034406323,0.019363024
1.3590625,0.035203613,0.02334622
1.359375,0.035203613,0.026532776
1.3596875,0.036000903,0.028126054
1.36,0.035203613,0.028922693
1.3603125,0.036000903,0.029719332
1.360625,0.036000903,0.029719332
1.3609375,0.036000903,0.028922693
1.36125,0.036798193,0.028922693
1.3615625,0.036798193,0.03131261
1.361875,0.039987352,0.046448752
1.3621875,0.040784642,0.059991616
1.3625,0.044771091,0.083890787
1.3628125,0.052743989,0.143638715
1.363125,0.055933148,0.179487472
1.3634375,0.055135858,0.199403449
1.36375,0.054338569,0.201793366
1.3640625,0.054338569,0.207369839
1.364375,0.054338569,0.201793366
1.3646875,0.053541279,0.188250502
1.365,0.051946699,0.172317721
1.3653125,0.04955483,0.153198384
1.365625,0.04636567,0.128502574
1.3659375,0.044771091,0.105400041
1.36625,0.043973801,0.085484065
1.3665625,0.042379221,0.067161367
1.366875,0.040784642,0.052025225
1.3671875,0.036798193,0.027329415
1.3675,0.032811743,0.005820161
1.3678125,0.030419874,-0.002942869
1.368125,0.026433425,-0.013299176
1.3684375,0.023244266,-0.028435318
1.36875,0.020852396,-0.041181543
1.3690625,0.019257817,-0.051537851
1.369375,0.017663237,-0.059504241
1.3696875,0.017663237,-0.067470631
1.37,0.019257817,-0.061097519
1.3703125,0.019257817,-0.049944572
1.370625,0.020852396,-0.039588265
1.3709375,0.021649686,-0.033215153
1.37125,0.025636135,-0.017282372
1.3715625,0.029622584,-0.000552952
1.371875,0.029622584,0.003430244
1.3721875,0.016068657,-0.037198348
1.3725,0.012879498,-0.072250466
1.3728125,0.012879498,-0.081013495
1.373125,0.013676788,-0.081013495
1.3734375,0.016068657,-0.071453827
1.37375,0.016865947,-0.058707602
1.3740625,0.020055106,-0.038791626
1.374375,0.022446976,-0.022062206
1.3746875,0.026433425,-0.006926064
1.375,0.030419874,0.005820161
1.3753125,0.032811743,0.016973107
1.375625,0.034406323,0.022549581
1.3759375,0.035203613,0.025736137
1.37625,0.035203613,0.027329415
1.3765625,0.035203613,0.028922693
1.376875,0.036000903,0.029719332
1.3771875,0.035203613,0.029719332
1.3775,0.035203613,0.029719332
1.3778125,0.035203613,0.028922693
1.378125,0.036000903,0.028922693
1.3784375,0.038392772,0.04007564
1.37875,0.039190062,0.05600842
1.3790625,0.041581931,0.068754645
1.379375,0.050352119,0.124519378
1.3796875,0.053541279,0.169131165
1.38,0.055135858,0.194623614
1.3803125,0.054338569,0.203386644
1.380625,0.054338569,0.204979922
1.3809375,0.054338569,0.207369839
1.38125,0.053541279,0.193826975
1.3815625,0.053541279,0.179487472
1.381875,0.050352119,0.159571496
1.3821875,0.04796025,0.138858881
1.3825,0.044771091,0.112569793
1.3828125,0.044771091,0.092653817
1.383125,0.042379221,0.074331119
1.3834375,0.041581931,0.058398338
1.38375,0.037595482,0.038482362
1.3840625,0.032811743,0.011396634
1.384375,0.030419874,0.000243687
1.3846875,0.027230715,-0.008519342
1.385,0.022446976,-0.022858845
1.3853125,0.020055106,-0.037198348
1.385625,0.018460527,-0.049147933
1.3859375,0.017663237,-0.056317685
1.38625,0.016865947,-0.066673992
1.3865625,0.018460527,-0.063487436
1.386875,0.019257817,-0.053927768
1.3871875,0.020055106,-0.04357146
1.3875,0.020055106,-0.03560507
1.3878125,0.023244266,-0.025248762
1.388125,0.028028005,-0.006926064
1.3884375,0.030419874,0.005023522
1.38875,0.019257817,-0.020468928
1.3890625,0.012879498,-0.064284075
1.389375,0.012879498,-0.081013495
1.3896875,0.012879498,-0.081810134
1.39,0.014474078,-0.0770303
1.3903125,0.016865947,-0.064284075
1.390625,0.019257817,-0.045961377
1.3909375,0.020852396,-0.028435318
1.39125,0.024041555,-0.014095815
1.3915625,0.028028005,0.000243687
1.391875,0.032014454,0.012989912
1.3921875,0.032811743,0.020956303
1.3925,0.034406323,0.024142859
1.3928125,0.034406323,0.027329415
1.393125,0.035203613,0.028922693
1.3934375,0.034406323,0.029719332
1.39375,0.034406323,0.029719332
1.3940625,0.035203613,0.029719332
1.394375,0.036000903,0.028922693
1.3946875,0.035203613,0.028126054
1.395,0.036798193,0.033702527
1.3953125,0.040784642,0.050431947
1.395625,0.040784642,0.062381533
1.3959375,0.04796025,0.099823568
1.39625,0.053541279,0.157181579
1.3965625,0.055933148,0.186657224
1.396875,0.055135858,0.200996727
1.3971875,0.054338569,0.201793366
1.3975,0.055933148,0.208166478
1.3978125,0.053541279,0.199403449
1.398125,0.054338569,0.185063946
1.3984375,0.051149409,0.166741248
1.39875,0.04955483,0.147621911
1.3990625,0.045568381,0.120536183
1.399375,0.044771091,0.099823568
1.3996875,0.043973801,0.079907592
1.4,0.041581931,0.063974811
1.4003125,0.039190062,0.046448752
1.400625,0.034406323,0.020159663
1.4009375,0.030419874,0.002633605
1.40125,0.028028005,-0.003739508
1.4015625,0.024041555,-0.017282372
1.401875,0.020852396,-0.032418513
1.4021875,0.019257817,-0.044368099
1.4025,0.017663237,-0.053131129
1.4028125,0.016068657,-0.061894158
1.403125,0.016865947,-0.066673992
1.4034375,0.017663237,-0.057910963
1.40375,0.018460527,-0.047554655
1.4040625,0.019257817,-0.037198348
1.404375,0.020852396,-0.030825235
1.4046875,0.026433425,-0.011705898
1.405,0.030419874,0.001836965
1.4053125,0.025636135,-0.004536147
1.405625,0.014474078,-0.049944572
1.4059375,0.012082208,-0.077826939
1.40625,0.012879498,-0.081810134
1.4065625,0.013676788,-0.080216856
1.406875,0.016068657,-0.06826727
1.4071875,0.017663237,-0.053927768
1.4075,0.020852396,-0.034011792
1.4078125,0.023244266,-0.01887565
1.408125,0.028028005,-0.003739508
1.4084375,0.032014454,0.009006717
1.40875,0.033609033,0.018566385
1.4090625,0.035203613,0.02334622
1.409375,0.035203613,0.025736137
1.4096875,0.035203613,0.028126054
1.41,0.036000903,0.028922693
1.4103125,0.035203613,0.030515971
1.410625,0.036000903,0.029719332
1.4109375,0.036000903,0.029719332
1.41125,0.036000903,0.028126054
1.4115625,0.036000903,0.029719332
1.411875,0.039987352,0.044855474
1.4121875,0.040784642,0.059194977
1.4125,0.044771091,0.079907592
1.4128125,0.053541279,0.140452159
1.413125,0.055933148,0.177894194
1.4134375,0.055933148,0.198606809
1.41375,0.055135858,0.201793366
1.4140625,0.055933148,0.208166478
1.414375,0.055135858,0.204979922
1.4146875,0.054338569,0.18984378
1.415,0.052743989,0.174707638
1.4153125,0.050352119,0.154791662
1.415625,0.04716296,0.130892491
1.4159375,0.044771091,0.107789958
1.41625,0.043973801,0.088670621
1.4165625,0.043176511,0.070347923
1.416875,0.040784642,0.054415142
1.4171875,0.036798193,0.032109249
1.4175,0.032014454,0.008210078
1.4178125,0.029622584,-0.001349591
1.418125,0.025636135,-0.011705898
1.4184375,0.021649686,-0.026045401
1.41875,0.020055106,-0.040384904
1.4190625,0.019257817,-0.049944572
1.419375,0.017663237,-0.057114324
1.4196875,0.016865947,-0.066673992
1.42,0.017663237,-0.06030088
1.4203125,0.019257817,-0.050741211
1.420625,0.019257817,-0.041181543
1.4209375,0.020852396,-0.034011792
1.42125,0.025636135,-0.019672289
1.4215625,0.029622584,-0.00214623
1.421875,0.029622584,0.004226883
1.4221875,0.016865947,-0.034011792
1.4225,0.011284918,-0.071453827
1.4228125,0.012879498,-0.081013495
1.423125,0.013676788,-0.081810134
1.4234375,0.015271367,-0.073843744
1.42375,0.016865947,-0.059504241
1.4240625,0.019257817,-0.039588265
1.424375,0.021649686,-0.023655484
1.4246875,0.026433425,-0.009315981
1.425,0.029622584,0.004226883
1.4253125,0.032811743,0.016176468
1.425625,0.033609033,0.021752942
1.4259375,0.034406323,0.024939498
1.42625,0.035203613,0.027329415
1.4265625,0.035203613,0.028922693
1.426875,0.035203613,0.029719332
1.4271875,0.035203613,0.029719332
1.4275,0.035203613,0.030515971
1.4278125,0.035203613,0.029719332
1.428125,0.035203613,0.028922693
1.4284375,0.038392772,0.039279001
1.42875,0.040784642,0.055211781
1.4290625,0.041581931,0.067161367
1.429375,0.051149409,0.118942905
1.4296875,0.055135858,0.166741248
1.43,0.055933148,0.194623614
1.4303125,0.055135858,0.203386644
1.430625,0.055933148,0.204979922
1.4309375,0.055135858,0.207369839
1.43125,0.055135858,0.196216892
1.4315625,0.054338569,0.181080751
1.431875,0.052743989,0.162758052
1.4321875,0.04875754,0.141248798
1.4325,0.045568381,0.11495971
1.4328125,0.044771091,0.095043734
1.433125,0.043973801,0.075924397
1.4334375,0.042379221,0.060788255
1.43375,0.039190062,0.041668918
1.4340625,0.034406323,0.01458319
1.434375,0.031217164,0.000243687
1.4346875,0.029622584,-0.006926064
1.435,0.024041555,-0.021265567
1.4353125,0.020852396,-0.03560507
1.435625,0.019257817,-0.046758016
1.4359375,0.018460527,-0.054724407
1.43625,0.016865947,-0.065080714
1.4365625,0.017663237,-0.064284075
1.436875,0.019257817,-0.053927768
1.4371875,0.020055106,-0.044368099
1.4375,0.020852396,-0.036401709
1.4378125,0.023244266,-0.02684204
1.438125,0.028028005,-0.006926064
1.4384375,0.032014454,0.005023522
1.43875,0.021649686,-0.014892454
1.4390625,0.013676788,-0.06030088
1.439375,0.013676788,-0.080216856
1.4396875,0.013676788,-0.081810134
1.44,0.015271367,-0.0770303
1.4403125,0.016865947,-0.065080714
1.440625,0.018460527,-0.048351294
1.4409375,0.021649686,-0.030028596
1.44125,0.024041555,-0.015689094
1.4415625,0.029622584,0.000243687
1.441875,0.032811743,0.012193273
1.4421875,0.034406323,0.020159663
1.4425,0.035203613,0.024142859
1.4428125,0.036000903,0.025736137
1.443125,0.036000903,0.028126054
1.4434375,0.036000903,0.029719332
1.44375,0.036000903,0.029719332
1.4440625,0.036000903,0.029719332
1.444375,0.036000903,0.029719332
1.4446875,0.035203613,0.028126054
1.445,0.037595482,0.033702527
1.4453125,0.040784642,0.048838669
1.445625,0.041581931,0.061584894
1.4459375,0.04796025,0.095043734
1.44625,0.054338569,0.152401745
1.4465625,0.055933148,0.184267307
1.446875,0.055933148,0.201793366
1.4471875,0.055135858,0.202590005
1.4475,0.056730438,0.209759756
1.4478125,0.055135858,0.200996727
1.448125,0.055135858,0.187453863
1.4484375,0.052743989,0.169927804
1.44875,0.050352119,0.150011828
1.4490625,0.045568381,0.123722739
1.449375,0.044771091,0.102213485
1.4496875,0.043973801,0.083094148
1.45,0.042379221,0.065568089
1.4503125,0.039987352,0.050431947
1.450625,0.036000903,0.024142859
1.4509375,0.030419874,0.004226883
1.45125,0.029622584,-0.003739508
1.4515625,0.025636135,-0.014892454
1.451875,0.021649686,-0.030028596
1.4521875,0.020055106,-0.04357146
1.4525,0.019257817,-0.05233449
1.4528125,0.017663237,-0.061097519
1.453125,0.016865947,-0.066673992
1.4534375,0.018460527,-0.057910963
1.45375,0.020055106,-0.047554655
1.4540625,0.020852396,-0.037994987
1.454375,0.021649686,-0.031621874
1.4546875,0.027230715,-0.012502537
1.455,0.031217164,0.001836965
1.4553125,0.027230715,-0.001349591
1.455625,0.015271367,-0.045164738
1.4559375,0.013676788,-0.076233661
1.45625,0.013676788,-0.081810134
1.4565625,0.013676788,-0.081013495
1.456875,0.015271367,-0.069860549
1.4571875,0.018460527,-0.055521046
1.4575,0.020852396,-0.03560507
1.4578125,0.024041555,-0.020468928
1.458125,0.027230715,-0.005332786
1.4584375,0.032014454,0.007413439
1.45875,0.034406323,0.017769746
1.4590625,0.034406323,0.022549581
1.459375,0.035203613,0.024939498
1.4596875,0.035203613,0.027329415
1.46,0.035203613,0.028922693
1.4603125,0.036000903,0.028922693
1.460625,0.036000903,0.029719332
1.4609375,0.035203613,0.029719332
1.46125,0.036000903,0.028922693
1.4615625,0.036000903,0.028922693
1.461875,0.039190062,0.043262196
1.4621875,0.039987352,0.057601699
1.4625,0.043176511,0.075127758
1.4628125,0.051946699,0.134079047
1.463125,0.055135858,0.173910999
1.4634375,0.055933148,0.197013531
1.46375,0.055135858,0.202590005
1.4640625,0.056730438,0.2065732
1.464375,0.055933148,0.205776561
1.4646875,0.055135858,0.191437058
1.465,0.053541279,0.177097555
1.4653125,0.051149409,0.15638494
1.465625,0.04875754,0.133282408
1.4659375,0.045568381,0.110179876
1.46625,0.044771091,0.08946726
1.4665625,0.043176511,0.071941201
1.466875,0.041581931,0.05600842
1.4671875,0.037595482,0.033702527
1.4675,0.032811743,0.007413439
1.4678125,0.030419874,-0.00214623
1.468125,0.027230715,-0.01011262
1.4684375,0.022446976,-0.025248762
1.46875,0.020055106,-0.038791626
1.4690625,0.018460527,-0.050741211
1.469375,0.017663237,-0.056317685
1.4696875,0.016865947,-0.067470631
1.47,0.018460527,-0.061894158
1.4703125,0.019257817,-0.051537851
1.470625,0.020055106,-0.041181543
1.4709375,0.020852396,-0.034011792
1.47125,0.024838845,-0.020468928
1.4715625,0.029622584,-0.002942869
1.471875,0.030419874,0.005023522
1.4721875,0.017663237,-0.028435318
1.4725,0.012082208,-0.06906391
1.4728125,0.013676788,-0.080216856
1.473125,0.014474078,-0.081810134
1.4734375,0.015271367,-0.074640383
1.47375,0.016865947,-0.061894158
1.4740625,0.019257817,-0.042774821
1.474375,0.021649686,-0.025248762
1.4746875,0.025636135,-0.010909259
1.475,0.030419874,0.003430244
1.4753125,0.032811743,0.01458319
1.475625,0.033609033,0.021752942
1.4759375,0.035203613,0.024142859
1.47625,0.035203613,0.026532776
1.4765625,0.036000903,0.028126054
1.476875,0.036000903,0.028922693
1.4771875,0.036000903,0.028922693
1.4775,0.036000903,0.028922693
1.4778125,0.036000903,0.028126054
1.478125,0.036000903,0.028126054
1.4784375,0.038392772,0.036092444
1.47875,0.041581931,0.053618503
1.4790625,0.041581931,0.06477145
1.479375,0.050352119,0.113366432
1.4796875,0.055135858,0.163554692
1.48,0.056730438,0.191437058
1.4803125,0.055933148,0.202590005
1.480625,0.055933148,0.202590005
1.4809375,0.055933148,0.208963117
1.48125,0.055933148,0.197013531
1.4815625,0.054338569,0.183470668
1.481875,0.051946699,0.163554692
1.4821875,0.04955483,0.143638715
1.4825,0.04636567,0.117349627
1.4828125,0.044771091,0.097433651
1.483125,0.043176511,0.078314314
1.4834375,0.041581931,0.062381533
1.48375,0.039190062,0.044855474
1.4840625,0.034406323,0.016176468
1.484375,0.030419874,0.001040326
1.4846875,0.028825294,-0.006129425
1.485,0.024041555,-0.019672289
1.4853125,0.020852396,-0.034808431
1.485625,0.018460527,-0.045961377
1.4859375,0.017663237,-0.054724407
1.48625,0.015271367,-0.065080714
1.4865625,0.017663237,-0.065877353
1.486875,0.019257817,-0.055521046
1.4871875,0.019257817,-0.045961377
1.4875,0.020852396,-0.037198348
1.4878125,0.022446976,-0.029231957
1.488125,0.026433425,-0.009315981
1.4884375,0.030419874,0.003430244
1.48875,0.022446976,-0.012502537
1.4890625,0.012879498,-0.057910963
1.489375,0.012879498,-0.080216856
1.4896875,0.013676788,-0.082606773
1.49,0.014474078,-0.079420217
1.4903125,0.016865947,-0.067470631
1.490625,0.019257817,-0.051537851
1.4909375,0.020852396,-0.031621874
1.49125,0.024041555,-0.016485733
1.4915625,0.028028005,-0.001349591
1.491875,0.032014454,0.011396634
1.4921875,0.033609033,0.020159663
1.4925,0.034406323,0.02334622
1.4928125,0.035203613,0.026532776
1.493125,0.035203613,0.028126054
1.4934375,0.035203613,0.028922693
1.49375,0.036000903,0.028922693
1.4940625,0.035203613,0.029719332
1.494375,0.035203613,0.028922693
1.4946875,0.035203613,0.028126054
1.495,0.036798193,0.03131261
1.4953125,0.039190062,0.047245391
1.495625,0.040784642,0.060788255
1.4959375,0.04636567,0.087077343
1.49625,0.053541279,0.14841855
1.4965625,0.056730438,0.18187739
1.496875,0.055933148,0.200200088
1.4971875,0.055135858,0.200996727
1.4975,0.055933148,0.208963117
1.4978125,0.054338569,0.201793366
1.498125,0.055135858,0.187453863
1.4984375,0.052743989,0.170724443
1.49875,0.050352119,0.150808467
1.4990625,0.04636567,0.125316017
1.499375,0.043973801,0.103806763
1.4996875,0.043176511,0.084687426
1.5,0.042379221,0.067161367
1.5003125,0.039987352,0.051228586
1.500625,0.035203613,0.025736137
1.5009375,0.031217164,0.004226883
1.50125,0.028028005,-0.003739508
1.5015625,0.025636135,-0.014892454
1.501875,0.020852396,-0.030825235
1.5021875,0.019257817,-0.042774821
1.5025,0.018460527,-0.051537851
1.5028125,0.017663237,-0.059504241
1.503125,0.017663237,-0.067470631
1.5034375,0.018460527,-0.059504241
1.50375,0.019257817,-0.049147933
1.5040625,0.020852396,-0.039588265
1.504375,0.020852396,-0.033215153
1.5046875,0.025636135,-0.015689094
1.505,0.029622584,0.000243687
1.5053125,0.028028005,0.000243687
1.505625,0.015271367,-0.042774821
1.5059375,0.012879498,-0.076233661
1.50625,0.013676788,-0.082606773
1.5065625,0.013676788,-0.081013495
1.506875,0.016068657,-0.072250466
1.5071875,0.017663237,-0.058707602
1.5075,0.020055106,-0.037994987
1.5078125,0.023244266,-0.022062206
1.508125,0.027230715,-0.006926064
1.5084375,0.030419874,0.005820161
1.50875,0.032811743,0.017769746
1.5090625,0.033609033,0.022549581
1.509375,0.035203613,0.024939498
1.5096875,0.035203613,0.028126054
1.51,0.035203613,0.028126054
1.5103125,0.036000903,0.028922693
1.510625,0.036000903,0.029719332
1.5109375,0.036000903,0.028922693
1.51125,0.036000903,0.028126054
1.5115625,0.036000903,0.028922693
1.511875,0.039190062,0.041668918
1.5121875,0.040784642,0.05680506
1.5125,0.043176511,0.071144562
1.5128125,0.051149409,0.129299213
1.513125,0.054338569,0.172317721
1.5134375,0.055933148,0.196216892
1.51375,0.054338569,0.203386644
1.5140625,0.055933148,0.207369839
1.514375,0.054338569,0.2065732
1.5146875,0.055135858,0.193030336
1.515,0.053541279,0.177894194
1.5153125,0.050352119,0.158774857
1.515625,0.04796025,0.137265603
1.5159375,0.044771091,0.110976515
1.51625,0.043973801,0.091060538
1.5165625,0.041581931,0.073534479
1.516875,0.040784642,0.057601699
1.5171875,0.036798193,0.036092444
1.5175,0.032014454,0.010599995
1.5178125,0.030419874,-0.000552952
1.518125,0.026433425,-0.009315981
1.5184375,0.023244266,-0.022858845
1.51875,0.020852396,-0.037198348
1.5190625,0.019257817,-0.049147933
1.519375,0.018460527,-0.055521046
1.5196875,0.016865947,-0.066673992
1.52,0.017663237,-0.062690797
1.5203125,0.019257817,-0.053131129
1.520625,0.020055106,-0.042774821
1.5209375,0.020852396,-0.03560507
1.52125,0.024041555,-0.023655484
1.5215625,0.028825294,-0.005332786
1.521875,0.031217164,0.005023522
1.5221875,0.018460527,-0.025248762
1.5225,0.012082208,-0.067470631
1.5228125,0.013676788,-0.081810134
1.523125,0.014474078,-0.081810134
1.5234375,0.015271367,-0.076233661
1.52375,0.016865947,-0.065080714
1.5240625,0.020055106,-0.044368099
1.524375,0.022446976,-0.027638679
1.5246875,0.025636135,-0.012502537
1.525,0.030419874,0.002633605
1.5253125,0.033609033,0.013786551
1.525625,0.034406323,0.020159663
1.5259375,0.034406323,0.024142859
1.52625,0.034406323,0.026532776
1.5265625,0.034406323,0.028126054
1.526875,0.035203613,0.028922693
1.5271875,0.034406323,0.028922693
1.5275,0.034406323,0.028922693
1.5278125,0.035203613,0.028922693
1.528125,0.035203613,0.028922693
1.5284375,0.037595482,0.035295805
1.52875,0.040784642,0.052025225
1.5290625,0.041581931,0.063178172
1.529375,0.04955483,0.10619668
1.5296875,0.055135858,0.159571496
1.53,0.057527728,0.189047141
1.5303125,0.055135858,0.202590005
1.530625,0.055933148,0.202590005
1.5309375,0.055933148,0.209759756
1.53125,0.055135858,0.19781017
1.5315625,0.055135858,0.184267307
1.531875,0.051946699,0.16514797
1.5321875,0.04955483,0.145231993
1.5325,0.045568381,0.118942905
1.5328125,0.044771091,0.09823029
1.533125,0.043176511,0.079110953
1.5334375,0.042379221,0.063178172
1.53375,0.039190062,0.045652113
1.5340625,0.033609033,0.018566385
1.534375,0.029622584,0.002633605
1.5346875,0.028028005,-0.005332786
1.535,0.024041555,-0.018079011
1.5353125,0.020852396,-0.033215153
1.535625,0.018460527,-0.045164738
1.5359375,0.017663237,-0.053927768
1.53625,0.016068657,-0.063487436
1.5365625,0.016865947,-0.065877353
1.536875,0.017663237,-0.055521046
1.5371875,0.019257817,-0.045961377
1.5375,0.020852396,-0.037198348
1.5378125,0.022446976,-0.029231957
1.538125,0.027230715,-0.010909259
1.5384375,0.030419874,0.003430244
1.53875,0.024041555,-0.007722703
1.5390625,0.013676788,-0.053927768
1.539375,0.012082208,-0.078623578
1.5396875,0.012879498,-0.082606773
1.54,0.014474078,-0.078623578
1.5403125,0.016068657,-0.065877353
1.540625,0.018460527,-0.051537851
1.5409375,0.020852396,-0.032418513
1.54125,0.024041555,-0.016485733
1.5415625,0.028028005,-0.00214623
1.541875,0.031217164,0.009803356
1.5421875,0.034406323,0.019363024
1.5425,0.034406323,0.024142859
1.5428125,0.034406323,0.026532776
1.543125,0.035203613,0.028126054
1.5434375,0.035203613,0.028922693
1.54375,0.036000903,0.029719332
1.5440625,0.036000903,0.029719332
1.544375,0.035203613,0.029719332
1.5446875,0.036000903,0.028126054
1.545,0.036798193,0.03131261
1.5453125,0.039190062,0.046448752
1.545625,0.041581931,0.059991616
1.5459375,0.045568381,0.083890787
1.54625,0.053541279,0.144435354
1.5465625,0.056730438,0.180284111
1.546875,0.056730438,0.200200088
1.5471875,0.055135858,0.202590005
1.5475,0.055933148,0.209759756
1.5478125,0.055135858,0.204183283
1.548125,0.054338569,0.189047141
1.5484375,0.052743989,0.17311436
1.54875,0.050352119,0.153995023
1.5490625,0.04636567,0.129299213
1.549375,0.043973801,0.105400041
1.5496875,0.043973801,0.087077343
1.55,0.040784642,0.068754645
1.5503125,0.039190062,0.053618503
1.550625,0.035203613,0.028922693
1.5509375,0.031217164,0.0066168
1.55125,0.028825294,-0.00214623
1.5515625,0.025636135,-0.011705898
1.551875,0.021649686,-0.027638679
1.5521875,0.018460527,-0.039588265
1.5525,0.016865947,-0.050741211
1.5528125,0.016068657,-0.057910963
1.553125,0.015271367,-0.066673992
1.5534375,0.017663237,-0.059504241
1.55375,0.019257817,-0.049944572
1.5540625,0.020055106,-0.040384904
1.554375,0.020852396,-0.033215153
1.5546875,0.025636135,-0.017282372
1.555,0.029622584,-0.000552952
1.5553125,0.028825294,0.002633605
1.555625,0.014474078,-0.037994987
1.5559375,0.012082208,-0.073843744
1.55625,0.012879498,-0.081810134
1.5565625,0.013676788,-0.081013495
1.556875,0.016068657,-0.071453827
1.5571875,0.016865947,-0.059504241
1.5575,0.020055106,-0.037994987
1.5578125,0.022446976,-0.023655484
1.558125,0.025636135,-0.008519342
1.5584375,0.030419874,0.005023522
1.55875,0.033609033,0.016973107
1.5590625,0.034406323,0.021752942
1.559375,0.034406323,0.024142859
1.5596875,0.035203613,0.027329415
1.56,0.035203613,0.028126054
1.5603125,0.035203613,0.028922693
1.560625,0.035203613,0.028922693
1.5609375,0.036000903,0.029719332
1.56125,0.036000903,0.028126054
1.5615625,0.036000903,0.028126054
1.561875,0.039190062,0.039279001
1.5621875,0.040784642,0.055211781
1.5625,0.042379221,0.068754645
1.5628125,0.051149409,0.123722739
1.563125,0.054338569,0.168334526
1.5634375,0.056730438,0.194623614
1.56375,0.055135858,0.202590005
1.5640625,0.055933148,0.205776561
1.564375,0.055135858,0.207369839
1.5646875,0.055135858,0.193030336
1.565,0.054338569,0.180284111
1.5653125,0.051149409,0.160368135
1.565625,0.04875754,0.138858881
1.5659375,0.044771091,0.113366432
1.56625,0.043973801,0.093450456
1.5665625,0.043176511,0.074331119
1.566875,0.040784642,0.059194977
1.5671875,0.038392772,0.04007564
1.5675,0.032811743,0.012989912
1.5678125,0.030419874,0.001040326
1.568125,0.027230715,-0.007722703
1.5684375,0.022446976,-0.021265567
1.56875,0.020055106,-0.03560507
1.5690625,0.018460527,-0.047554655
1.569375,0.017663237,-0.054724407
1.5696875,0.016068657,-0.065877353
1.57,0.017663237,-0.062690797
1.5703125,0.018460527,-0.053131129
1.570625,0.019257817,-0.04357146
1.5709375,0.020852396,-0.03560507
1.57125,0.023244266,-0.025248762
1.5715625,0.028028005,-0.006129425
1.571875,0.031217164,0.005023522
1.5721875,0.020055106,-0.021265567
1.5725,0.012879498,-0.063487436
1.5728125,0.012879498,-0.079420217
1.573125,0.013676788,-0.081013495
1.5734375,0.014474078,-0.076233661
1.57375,0.016068657,-0.063487436
1.5740625,0.019257817,-0.046758016
1.574375,0.021649686,-0.028435318
1.5746875,0.025636135,-0.013299176
1.575,0.029622584,0.001040326
1.5753125,0.032811743,0.013786551
1.575625,0.034406323,0.020956303
1.5759375,0.035203613,0.024142859
1.57625,0.035203613,0.026532776
1.5765625,0.035203613,0.028126054
1.576875,0.035203613,0.028922693
1.5771875,0.036000903,0.030515971
1.5775,0.036000903,0.029719332
1.5778125,0.036000903,0.028922693
1.578125,0.036000903,0.028126054
1.5784375,0.037595482,0.034499166
1.57875,0.040784642,0.050431947
1.5790625,0.040784642,0.062381533
1.579375,0.04875754,0.100620207
1.5796875,0.055135858,0.155588301
1.58,0.056730438,0.186657224
1.5803125,0.055933148,0.202590005
1.580625,0.055933148,0.202590005
1.5809375,0.056730438,0.208963117
1.58125,0.055933148,0.199403449
1.5815625,0.055135858,0.185063946
1.581875,0.052743989,0.167537887
1.5821875,0.050352119,0.147621911
1.5825,0.045568381,0.121332822
1.5828125,0.044771091,0.099823568
1.583125,0.044771091,0.082297509
1.5834375,0.042379221,0.065568089
1.58375,0.039987352,0.048838669
1.5840625,0.034406323,0.021752942
1.584375,0.031217164,0.003430244
1.5846875,0.028825294,-0.004536147
1.585,0.024838845,-0.015689094
1.5853125,0.020852396,-0.030825235
1.585625,0.019257817,-0.042774821
1.5859375,0.018460527,-0.051537851
1.58625,0.016865947,-0.059504241
1.5865625,0.017663237,-0.065080714
1.586875,0.018460527,-0.055521046
1.5871875,0.019257817,-0.045961377
1.5875,0.020055106,-0.037198348
1.5878125,0.020852396,-0.030825235
1.588125,0.026433425,-0.012502537
1.5884375,0.030419874,0.001836965
1.58875,0.025636135,-0.005332786
1.5890625,0.013676788,-0.050741211
1.589375,0.012082208,-0.0770303
1.5896875,0.013676788,-0.081810134
1.59,0.013676788,-0.079420217
1.5903125,0.016068657,-0.06826727
1.590625,0.017663237,-0.054724407
1.5909375,0.020852396,-0.034011792
1.59125,0.023244266,-0.018079011
1.5915625,0.027230715,-0.004536147
1.591875,0.031217164,0.008210078
1.5921875,0.033609033,0.018566385
1.5925,0.034406323,0.022549581
1.5928125,0.035203613,0.025736137
1.593125,0.035203613,0.027329415
1.5934375,0.036000903,0.028126054
1.59375,0.035203613,0.028922693
1.5940625,0.036000903,0.028922693
1.594375,0.036000903,0.028126054
1.5946875,0.036000903,0.028126054
1.595,0.036000903,0.029719332
1.5953125,0.039987352,0.043262196
1.595625,0.041581931,0.058398338
1.5959375,0.045568381,0.078314314
1.59625,0.053541279,0.138062242
1.5965625,0.056730438,0.176300916
1.596875,0.056730438,0.197013531
1.5971875,0.055135858,0.201793366
1.5975,0.055933148,0.207369839
1.5978125,0.055933148,0.203386644
1.598125,0.055933148,0.18984378
1.5984375,0.052743989,0.174707638
1.59875,0.051149409,0.154791662
1.5990625,0.04716296,0.130892491
1.599375,0.045568381,0.106993319
1.5996875,0.044771091,0.087873982
1.6,0.042379221,0.069551284
1.6003125,0.040784642,0.055211781
1.600625,0.036798193,0.03131261
1.6009375,0.032014454,0.007413439
1.60125,0.028825294,-0.001349591
1.6015625,0.026433425,-0.01011262
1.601875,0.021649686,-0.026045401
1.6021875,0.019257817,-0.038791626
1.6025,0.017663237,-0.049147933
1.6028125,0.016865947,-0.055521046
1.603125,0.015271367,-0.065877353
1.6034375,0.017663237,-0.059504241
1.60375,0.017663237,-0.049147933
1.6040625,0.019257817,-0.039588265
1.604375,0.020055106,-0.033215153
1.6046875,0.024838845,-0.019672289
1.605,0.029622584,-0.00214623
1.6053125,0.028825294,0.003430244
1.605625,0.016068657,-0.034011792
1.6059375,0.012879498,-0.070657188
1.60625,0.012879498,-0.081810134
1.6065625,0.012879498,-0.080216856
1.606875,0.015271367,-0.072250466
1.6071875,0.016865947,-0.059504241
1.6075,0.020055106,-0.040384904
1.6078125,0.021649686,-0.025248762
1.608125,0.025636135,-0.010909259
1.6084375,0.029622584,0.003430244
1.60875,0.032811743,0.01458319
1.6090625,0.033609033,0.020159663
1.609375,0.034406323,0.024142859
1.6096875,0.035203613,0.026532776
1.61,0.034406323,0.027329415
1.6103125,0.035203613,0.028126054
1.610625,0.035203613,0.028126054
1.6109375,0.035203613,0.028126054
1.61125,0.036000903,0.028126054
1.6115625,0.036000903,0.027329415
1.611875,0.038392772,0.036889083
1.6121875,0.040784642,0.052821864
1.6125,0.042379221,0.06477145
1.6128125,0.051149409,0.117349627
1.613125,0.055933148,0.163554692
1.6134375,0.057527728,0.191437058
1.61375,0.055933148,0.200996727
1.6140625,0.056730438,0.202590005
1.614375,0.056730438,0.2065732
1.6146875,0.055933148,0.193826975
1.615,0.054338569,0.180284111
1.6153125,0.051149409,0.161164774
1.615625,0.04875754,0.140452159
1.6159375,0.045568381,0.11495971
1.61625,0.044771091,0.094247095
1.6165625,0.043176511,0.075924397
1.616875,0.041581931,0.059991616
1.6171875,0.039190062,0.041668918
1.6175,0.033609033,0.01458319
1.6178125,0.031217164,0.001040326
1.618125,0.028028005,-0.006926064
1.6184375,0.023244266,-0.019672289
1.61875,0.020055106,-0.034011792
1.6190625,0.018460527,-0.046758016
1.619375,0.018460527,-0.053927768
1.6196875,0.016865947,-0.064284075
1.62,0.017663237,-0.062690797
1.6203125,0.018460527,-0.053131129
1.620625,0.019257817,-0.04357146
1.6209375,0.020055106,-0.036401709
1.62125,0.022446976,-0.02684204
1.6215625,0.027230715,-0.007722703
1.621875,0.031217164,0.004226883
1.6221875,0.020852396,-0.018079011
1.6225,0.013676788,-0.061097519
1.6228125,0.012082208,-0.079420217
1.623125,0.013676788,-0.080216856
1.6234375,0.014474078,-0.0770303
1.62375,0.016865947,-0.065080714
1.6240625,0.019257817,-0.049147933
1.624375,0.021649686,-0.030028596
1.6246875,0.024041555,-0.015689094
1.625,0.029622584,-0.000552952
1.6253125,0.032014454,0.010599995
1.625625,0.034406323,0.018566385
1.6259375,0.034406323,0.022549581
1.62625,0.035203613,0.024939498
1.6265625,0.036000903,0.027329415
1.626875,0.036000903,0.027329415
1.6271875,0.036000903,0.027329415
1.6275,0.035203613,0.028126054
1.6278125,0.036000903,0.028126054
1.628125,0.035203613,0.027329415
1.6284375,0.037595482,0.032109249
1.62875,0.039987352,0.047245391
1.6290625,0.040784642,0.059991616
1.629375,0.04796025,0.092653817
1.6296875,0.053541279,0.151605106
1.63,0.056730438,0.183470668
1.6303125,0.056730438,0.199403449
1.630625,0.056730438,0.200200088
1.6309375,0.056730438,0.207369839
1.63125,0.055933148,0.198606809
1.6315625,0.055135858,0.184267307
1.631875,0.052743989,0.167537887
1.6321875,0.050352119,0.14841855
1.6325,0.045568381,0.1229261
1.6328125,0.043973801,0.101416846
1.633125,0.043176511,0.08150087
1.6334375,0.041581931,0.065568089
1.63375,0.039190062,0.050431947
1.6340625,0.035203613,0.02334622
1.634375,0.031217164,0.003430244
1.6346875,0.028825294,-0.002942869
1.635,0.024838845,-0.014095815
1.6353125,0.020852396,-0.030028596
1.635625,0.019257817,-0.041978182
1.6359375,0.017663237,-0.051537851
1.63625,0.015271367,-0.06030088
1.6365625,0.016068657,-0.065877353
1.636875,0.017663237,-0.057114324
1.6371875,0.018460527,-0.047554655
1.6375,0.019257817,-0.037198348
1.6378125,0.020852396,-0.031621874
1.638125,0.025636135,-0.014095815
1.6384375,0.029622584,0.001040326
1.63875,0.026433425,-0.003739508
1.6390625,0.014474078,-0.047554655
1.639375,0.012879498,-0.0770303
1.6396875,0.013676788,-0.080216856
1.64,0.013676788,-0.080216856
1.6403125,0.015271367,-0.06906391
1.640625,0.017663237,-0.056317685
1.6409375,0.020852396,-0.03560507
1.64125,0.022446976,-0.021265567
1.6415625,0.027230715,-0.006926064
1.641875,0.031217164,0.0066168
1.6421875,0.034406323,0.016973107
1.6425,0.034406323,0.021752942
1.6428125,0.035203613,0.024142859
1.643125,0.035203613,0.027329415
1.6434375,0.035203613,0.028126054
1.64375,0.035203613,0.028126054
1.6440625,0.036000903,0.028922693
1.644375,0.035203613,0.028126054
1.6446875,0.035203613,0.028126054
1.645,0.035203613,0.028126054
1.6453125,0.039190062,0.041668918
1.645625,0.040784642,0.05680506
1.6459375,0.043973801,0.073534479
1.64625,0.051946699,0.132485769
1.6465625,0.055933148,0.172317721
1.646875,0.056730438,0.194623614
1.6471875,0.055933148,0.199403449
1.6475,0.055933148,0.204979922
1.6478125,0.055135858,0.203386644
1.648125,0.055135858,0.18984378
1.6484375,0.053541279,0.175504277
1.64875,0.051149409,0.155588301
1.6490625,0.04796025,0.134079047
1.649375,0.044771091,0.108586597
1.6496875,0.043176511,0.08946726
1.65,0.042379221,0.071144562
1.6503125,0.040784642,0.05680506
1.650625,0.036798193,0.035295805
1.6509375,0.032014454,0.009803356
1.65125,0.029622584,-0.001349591
1.6515625,0.026433425,-0.009315981
1.651875,0.022446976,-0.024452123
1.6521875,0.019257817,-0.037198348
1.6525,0.017663237,-0.049147933
1.6528125,0.017663237,-0.055521046
1.653125,0.015271367,-0.065877353
1.6534375,0.016865947,-0.06030088
1.65375,0.018460527,-0.049944572
1.6540625,0.019257817,-0.040384904
1.654375,0.020055106,-0.033215153
1.6546875,0.024041555,-0.020468928
1.655,0.028825294,-0.002942869
1.6553125,0.029622584,0.003430244
1.655625,0.016865947,-0.030825235
1.6559375,0.011284918,-0.06826727
1.65625,0.013676788,-0.079420217
1.6565625,0.013676788,-0.080216856
1.656875,0.015271367,-0.072250466
1.6571875,0.016865947,-0.06030088
1.6575,0.019257817,-0.042774821
1.6578125,0.021649686,-0.025248762
1.658125,0.025636135,-0.01011262
1.6584375,0.029622584,0.002633605
1.65875,0.032811743,0.01458319
1.6590625,0.034406323,0.020956303
1.659375,0.034406323,0.024142859
1.6596875,0.034406323,0.025736137
1.66,0.035203613,0.027329415
1.6603125,0.035203613,0.028126054
1.660625,0.035203613,0.028126054
1.6609375,0.035203613,0.027329415
1.66125,0.035203613,0.027329415
1.6615625,0.035203613,0.027329415
1.661875,0.037595482,0.035295805
1.6621875,0.039987352,0.051228586
1.6625,0.040784642,0.063178172
1.6628125,0.04955483,0.110976515
1.663125,0.054338569,0.161164774
1.6634375,0.055933148,0.189047141
1.66375,0.055933148,0.200996727
1.6640625,0.055933148,0.201793366
1.664375,0.055933148,0.207369839
1.6646875,0.054338569,0.194623614
1.665,0.054338569,0.181080751
1.6653125,0.050352119,0.161961413
1.665625,0.04875754,0.141248798
1.6659375,0.044771091,0.115756349
1.66625,0.043973801,0.095840373
1.6665625,0.043176511,0.077517675
1.666875,0.041581931,0.062381533
1.6671875,0.038392772,0.044058835
1.6675,0.032811743,0.016176468
1.6678125,0.029622584,0.001836965
1.668125,0.028028005,-0.005332786
1.6684375,0.023244266,-0.01887565
1.66875,0.020852396,-0.032418513
1.6690625,0.018460527,-0.044368099
1.669375,0.017663237,-0.05233449
1.6696875,0.016068657,-0.062690797
1.67,0.016865947,-0.063487436
1.6703125,0.018460527,-0.053927768
1.670625,0.019257817,-0.044368099
1.6709375,0.020055106,-0.03560507
1.67125,0.021649686,-0.027638679
1.6715625,0.027230715,-0.007722703
1.671875,0.031217164,0.004226883
1.6721875,0.021649686,-0.012502537
1.6725,0.012879498,-0.057910963
1.6728125,0.011284918,-0.078623578
1.673125,0.012879498,-0.080216856
1.6734375,0.012879498,-0.0770303
1.67375,0.016068657,-0.065080714
1.6740625,0.017663237,-0.049944572
1.674375,0.020055106,-0.030825235
1.6746875,0.024041555,-0.016485733
1.675,0.028028005,-0.001349591
1.6753125,0.032014454,0.011396634
1.675625,0.034406323,0.019363024
1.6759375,0.034406323,0.022549581
1.67625,0.035203613,0.024939498
1.6765625,0.036000903,0.027329415
1.676875,0.036000903,0.028126054
1.6771875,0.036000903,0.028126054
1.6775,0.036000903,0.028126054
1.6778125,0.035203613,0.028126054
1.678125,0.035203613,0.027329415
1.6784375,0.036798193,0.030515971
1.67875,0.039987352,0.046448752
1.6790625,0.040784642,0.058398338
1.679375,0.04636567,0.087077343
1.6796875,0.053541279,0.146825272
1.68,0.056730438,0.179487472
1.6803125,0.056730438,0.198606809
1.680625,0.055933148,0.199403449
1.6809375,0.056730438,0.2065732
1.68125,0.055933148,0.199403449
1.6815625,0.055135858,0.185860585
1.681875,0.052743989,0.169927804
1.6821875,0.051149409,0.150808467
1.6825,0.04636567,0.125316017
1.6828125,0.044771091,0.103010124
1.683125,0.043973801,0.084687426
1.6834375,0.042379221,0.067161367
1.68375,0.040784642,0.052821864
1.6840625,0.035203613,0.026532776
1.684375,0.032014454,0.0066168
1.6846875,0.028825294,-0.00214623
1.685,0.025636135,-0.011705898
1.6853125,0.021649686,-0.027638679
1.685625,0.019257817,-0.039588265
1.6859375,0.018460527,-0.049944572
1.68625,0.016865947,-0.057114324
1.6865625,0.016068657,-0.065080714
1.686875,0.018460527,-0.057114324
1.6871875,0.018460527,-0.046758016
1.6875,0.020055106,-0.037994987
1.6878125,0.020852396,-0.031621874
1.688125,0.025636135,-0.014892454
1.6884375,0.030419874,0.001040326
1.68875,0.028028005,0.000243687
1.6890625,0.015271367,-0.041181543
1.689375,0.012082208,-0.074640383
1.6896875,0.013676788,-0.080216856
1.69,0.014474078,-0.080216856
1.6903125,0.016865947,-0.069860549
1.690625,0.017663237,-0.056317685
1.6909375,0.020852396,-0.036401709
1.69125,0.023244266,-0.020468928
1.6915625,0.027230715,-0.006129425
1.691875,0.031217164,0.0066168
1.6921875,0.033609033,0.016973107
1.6925,0.034406323,0.021752942
1.6928125,0.034406323,0.024939498
1.693125,0.035203613,0.027329415
1.6934375,0.036000903,0.028126054
1.69375,0.036000903,0.028126054
1.6940625,0.035203613,0.028126054
1.694375,0.035203613,0.028126054
1.6946875,0.035203613,0.028126054
1.695,0.035203613,0.027329415
1.6953125,0.039190062,0.039279001
1.695625,0.039987352,0.054415142
1.6959375,0.043176511,0.069551284
1.69625,0.051946699,0.126909295
1.6965625,0.055135858,0.169131165
1.696875,0.056730438,0.192233697
1.6971875,0.055135858,0.199403449
1.6975,0.055933148,0.203386644
1.6978125,0.055933148,0.204183283
1.698125,0.055135858,0.190640419
1.6984375,0.053541279,0.177097555
1.69875,0.050352119,0.157978218
1.6990625,0.04796025,0.135672325
1.699375,0.044771091,0.110179876
1.6996875,0.044771091,0.091857178
1.7,0.042379221,0.07273784
1.7003125,0.040784642,0.058398338
1.700625,0.038392772,0.036889083
1.7009375,0.032811743,0.011396634
1.70125,0.029622584,0.000243687
1.7015625,0.027230715,-0.008519342
1.701875,0.022446976,-0.022062206
1.7021875,0.019257817,-0.03560507
1.7025,0.018460527,-0.046758016
1.7028125,0.017663237,-0.053927768
1.703125,0.015271367,-0.064284075
1.7034375,0.017663237,-0.06030088
1.70375,0.018460527,-0.050741211
1.7040625,0.020055106,-0.041181543
1.704375,0.020852396,-0.034011792
1.7046875,0.024041555,-0.022062206
1.705,0.028825294,-0.003739508
1.7053125,0.030419874,0.005820161
1.705625,0.018460527,-0.025248762
1.7059375,0.012082208,-0.065877353
1.70625,0.012879498,-0.080216856
1.7065625,0.012879498,-0.080216856
1.706875,0.014474078,-0.073843744
1.7071875,0.016865947,-0.062690797
1.7075,0.019257817,-0.044368099
1.7078125,0.021649686,-0.027638679
1.708125,0.024041555,-0.012502537
1.7084375,0.028825294,0.001836965
1.70875,0.032014454,0.012989912
1.7090625,0.032811743,0.019363024
1.709375,0.033609033,0.02334622
1.7096875,0.034406323,0.025736137
1.71,0.035203613,0.027329415
1.7103125,0.035203613,0.027329415
1.710625,0.036000903,0.028126054
1.7109375,0.035203613,0.027329415
1.71125,0.035203613,0.028126054
1.7115625,0.036798193,0.028126054
1.711875,0.038392772,0.035295805
1.7121875,0.040784642,0.049635308
1.7125,0.041581931,0.061584894
1.7128125,0.04955483,0.104603402
1.713125,0.054338569,0.157181579
1.7134375,0.057527728,0.186657224
1.71375,0.055933148,0.199403449
1.7140625,0.056730438,0.200200088
1.714375,0.056730438,0.207369839
1.7146875,0.055933148,0.197013531
1.715,0.055135858,0.182674029
1.7153125,0.051946699,0.16514797
1.715625,0.04955483,0.144435354
1.7159375,0.045568381,0.118942905
1.71625,0.044771091,0.099026929
1.7165625,0.043176511,0.079907592
1.716875,0.041581931,0.063178172
1.7171875,0.039987352,0.047245391
1.7175,0.033609033,0.019363024
1.7178125,0.031217164,0.003430244
1.718125,0.028825294,-0.003739508
1.7184375,0.024041555,-0.016485733
1.71875,0.020852396,-0.031621874
1.7190625,0.019257817,-0.041978182
1.719375,0.019257817,-0.050741211
1.7196875,0.016865947,-0.061097519
1.72,0.017663237,-0.063487436
1.7203125,0.019257817,-0.053927768
1.720625,0.020852396,-0.04357146
1.7209375,0.021649686,-0.036401709
1.72125,0.022446976,-0.028435318
1.7215625,0.027230715,-0.009315981
1.721875,0.030419874,0.003430244
1.7221875,0.023244266,-0.01011262
1.7225,0.013676788,-0.053927768
1.7228125,0.012082208,-0.078623578
1.723125,0.012879498,-0.081013495
1.7234375,0.013676788,-0.0770303
1.72375,0.016068657,-0.066673992
1.7240625,0.018460527,-0.051537851
1.724375,0.020852396,-0.032418513
1.7246875,0.023244266,-0.017282372
1.725,0.027230715,-0.002942869
1.7253125,0.031217164,0.009006717
1.725625,0.033609033,0.018566385
1.7259375,0.034406323,0.02334622
1.72625,0.035203613,0.024939498
1.7265625,0.035203613,0.027329415
1.726875,0.035203613,0.028126054
1.7271875,0.036000903,0.028126054
1.7275,0.036000903,0.028126054
1.7278125,0.035203613,0.028126054
1.728125,0.035203613,0.026532776
1.7284375,0.036798193,0.029719332
1.72875,0.039987352,0.044855474
1.7290625,0.040784642,0.058398338
1.729375,0.04636567,0.082297509
1.7296875,0.054338569,0.142045437
1.73,0.056730438,0.176300916
1.7303125,0.057527728,0.196216892
1.730625,0.055933148,0.198606809
1.7309375,0.056730438,0.204979922
1.73125,0.055933148,0.201793366
1.7315625,0.055933148,0.187453863
1.731875,0.054338569,0.171521082
1.7321875,0.051946699,0.152401745
1.7325,0.04796025,0.127705935
1.7328125,0.04636567,0.105400041
1.733125,0.044771091,0.087077343
1.7334375,0.043176511,0.068754645
1.73375,0.041581931,0.053618503
1.7340625,0.037595482,0.029719332
1.734375,0.032014454,0.0066168
1.7346875,0.030419874,-0.00214623
1.735,0.026433425,-0.011705898
1.7353125,0.023244266,-0.026045401
1.735625,0.020852396,-0.039588265
1.7359375,0.019257817,-0.049944572
1.73625,0.017663237,-0.055521046
1.7365625,0.016865947,-0.064284075
1.736875,0.019257817,-0.057114324
1.7371875,0.018460527,-0.046758016
1.7375,0.019257817,-0.038791626
1.7378125,0.020055106,-0.033215153
1.738125,0.025636135,-0.016485733
1.7384375,0.029622584,-0.000552952
1.73875,0.028825294,0.001836965
1.7390625,0.015271367,-0.038791626
1.739375,0.012082208,-0.073047105
1.7396875,0.013676788,-0.080216856
1.74,0.012879498,-0.079420217
1.7403125,0.015271367,-0.069860549
1.740625,0.017663237,-0.057114324
1.7409375,0.020055106,-0.037994987
1.74125,0.022446976,-0.022062206
1.7415625,0.026433425,-0.007722703
1.741875,0.030419874,0.005820161
1.7421875,0.032811743,0.016176468
1.7425,0.034406323,0.021752942
1.7428125,0.034406323,0.024939498
1.743125,0.036000903,0.027329415
1.7434375,0.035203613,0.028126054
1.74375,0.035203613,0.028126054
1.7440625,0.035203613,0.028922693
1.744375,0.035203613,0.029719332
1.7446875,0.036000903,0.028126054
1.745,0.036000903,0.028126054
1.7453125,0.038392772,0.039279001
1.745625,0.039987352,0.054415142
1.7459375,0.042379221,0.067161367
1.74625,0.051946699,0.1229261
1.7465625,0.055933148,0.165944609
1.746875,0.057527728,0.191437058
1.7471875,0.056730438,0.200996727
1.7475,0.056730438,0.202590005
1.7478125,0.056730438,0.204979922
1.748125,0.055135858,0.190640419
1.7484375,0.054338569,0.177894194
1.74875,0.051946699,0.159571496
1.7490625,0.04875754,0.137265603
1.749375,0.044771091,0.111773154
1.7496875,0.044771091,0.092653817
1.75,0.043176511,0.074331119
1.7503125,0.041581931,0.060788255
1.750625,0.038392772,0.040872279
1.7509375,0.032014454,0.013786551
1.75125,0.029622584,0.001836965
1.7515625,0.027230715,-0.006129425
1.751875,0.023244266,-0.019672289
1.7521875,0.020055106,-0.034011792
1.7525,0.019257817,-0.044368099
1.7528125,0.017663237,-0.05233449
1.753125,0.016068657,-0.062690797
1.7534375,0.016865947,-0.061097519
1.75375,0.018460527,-0.050741211
1.7540625,0.020055106,-0.041181543
1.754375,0.020852396,-0.032418513
1.7546875,0.023244266,-0.023655484
1.755,0.028028005,-0.005332786
1.7553125,0.031217164,0.005820161
1.755625,0.019257817,-0.020468928
1.7559375,0.012082208,-0.062690797
1.75625,0.012082208,-0.079420217
1.7565625,0.012082208,-0.080216856
1.756875,0.014474078,-0.073843744
1.7571875,0.016068657,-0.063487436
1.7575,0.017663237,-0.045164738
1.7578125,0.021649686,-0.027638679
1.758125,0.024838845,-0.012502537
1.7584375,0.028825294,0.001040326
1.75875,0.032811743,0.013786551
1.7590625,0.033609033,0.019363024
1.759375,0.034406323,0.02334622
1.7596875,0.035203613,0.026532776
1.76,0.035203613,0.028126054
1.7603125,0.036000903,0.028922693
1.760625,0.036000903,0.028922693
1.7609375,0.036000903,0.028922693
1.76125,0.036000903,0.028922693
1.7615625,0.036000903,0.028922693
1.761875,0.038392772,0.034499166
1.7621875,0.041581931,0.050431947
1.7625,0.041581931,0.061584894
1.7628125,0.04955483,0.099026929
1.763125,0.054338569,0.154791662
1.7634375,0.056730438,0.185063946
1.76375,0.056730438,0.201793366
1.7640625,0.056730438,0.201793366
1.764375,0.056730438,0.208166478
1.7646875,0.055933148,0.19781017
1.765,0.055933148,0.185063946
1.7653125,0.052743989,0.167537887
1.765625,0.04955483,0.147621911
1.7659375,0.045568381,0.122129461
1.76625,0.044771091,0.101416846
1.7665625,0.043176511,0.082297509
1.766875,0.041581931,0.065568089
1.7671875,0.039987352,0.049635308
1.7675,0.035203613,0.02334622
1.7678125,0.031217164,0.004226883
1.768125,0.029622584,-0.002942869
1.7684375,0.024838845,-0.014095815
1.76875,0.021649686,-0.029231957
1.7690625,0.018460527,-0.041181543
1.769375,0.017663237,-0.050741211
1.7696875,0.016865947,-0.059504241
1.77,0.016865947,-0.063487436
1.7703125,0.018460527,-0.054724407
1.770625,0.020055106,-0.044368099
1.7709375,0.020055106,-0.03560507
1.77125,0.021649686,-0.029231957
1.7715625,0.026433425,-0.011705898
1.771875,0.030419874,0.002633605
1.7721875,0.025636135,-0.004536147
1.7725,0.013676788,-0.049147933
1.7728125,0.012879498,-0.076233661
1.773125,0.013676788,-0.079420217
1.7734375,0.013676788,-0.077826939
1.77375,0.016068657,-0.065877353
1.7740625,0.017663237,-0.051537851
1.774375,0.020055106,-0.034011792
1.7746875,0.023244266,-0.01887565
1.775,0.028028005,-0.003739508
1.7753125,0.031217164,0.009006717
1.775625,0.032811743,0.018566385
1.7759375,0.034406323,0.022549581
1.77625,0.035203613,0.025736137
1.7765625,0.036000903,0.028126054
1.776875,0.036000903,0.028922693
1.7771875,0.036000903,0.029719332
1.7775,0.036000903,0.029719332
1.7778125,0.036000903,0.029719332
1.778125,0.035203613,0.028922693
1.7784375,0.036000903,0.030515971
1.77875,0.039190062,0.044855474
1.7790625,0.039987352,0.058398338
1.779375,0.045568381,0.079110953
1.7796875,0.052743989,0.138858881
1.78,0.055933148,0.176300916
1.7803125,0.056730438,0.19781017
1.780625,0.055135858,0.201793366
1.7809375,0.055933148,0.207369839
1.78125,0.055135858,0.204183283
1.7815625,0.054338569,0.190640419
1.781875,0.052743989,0.174707638
1.7821875,0.051149409,0.154791662
1.7825,0.04716296,0.130892491
1.7828125,0.044771091,0.108586597
1.783125,0.043973801,0.08946726
1.7834375,0.042379221,0.070347923
1.78375,0.040784642,0.05600842
1.7840625,0.036798193,0.032109249
1.784375,0.032014454,0.008210078
1.7846875,0.030419874,-0.000552952
1.785,0.026433425,-0.01011262
1.7853125,0.021649686,-0.023655484
1.785625,0.019257817,-0.036401709
1.7859375,0.017663237,-0.047554655
1.78625,0.017663237,-0.054724407
1.7865625,0.016865947,-0.063487436
1.786875,0.018460527,-0.057910963
1.7871875,0.019257817,-0.048351294
1.7875,0.020055106,-0.039588265
1.7878125,0.020055106,-0.033215153
1.788125,0.024838845,-0.01887565
1.7884375,0.028825294,-0.001349591
1.78875,0.028825294,0.003430244
1.7890625,0.016068657,-0.034011792
1.789375,0.011284918,-0.070657188
1.7896875,0.012879498,-0.079420217
1.79,0.012879498,-0.079420217
1.7903125,0.014474078,-0.070657188
1.790625,0.016068657,-0.058707602
1.7909375,0.019257817,-0.038791626
1.79125,0.022446976,-0.022858845
1.7915625,0.025636135,-0.009315981
1.791875,0.030419874,0.004226883
1.7921875,0.033609033,0.01458319
1.7925,0.034406323,0.020956303
1.7928125,0.035203613,0.02334622
1.793125,0.035203613,0.026532776
1.7934375,0.036000903,0.027329415
1.79375,0.035203613,0.028126054
1.7940625,0.035203613,0.028126054
1.794375,0.035203613,0.028126054
1.7946875,0.035203613,0.028126054
1.795,0.035203613,0.028126054
1.7953125,0.038392772,0.037685722
1.795625,0.039987352,0.053618503
1.7959375,0.042379221,0.06477145
1.79625,0.050352119,0.116552988
1.7965625,0.055135858,0.163554692
1.796875,0.057527728,0.190640419
1.7971875,0.056730438,0.200200088
1.7975,0.056730438,0.202590005
1.7978125,0.056730438,0.205776561
1.798125,0.055135858,0.193826975
1.7984375,0.054338569,0.180284111
1.79875,0.051946699,0.161164774
1.7990625,0.04955483,0.13965552
1.799375,0.045568381,0.116552988
1.7996875,0.044771091,0.096637012
1.8,0.043973801,0.076721036
1.8003125,0.041581931,0.061584894
1.800625,0.039190062,0.043262196
1.8009375,0.033609033,0.016176468
1.80125,0.031217164,0.001836965
1.8015625,0.028825294,-0.005332786
1.801875,0.024041555,-0.01887565
1.8021875,0.020852396,-0.033215153
1.8025,0.019257817,-0.044368099
1.8028125,0.018460527,-0.05233449
1.803125,0.016865947,-0.062690797
1.8034375,0.017663237,-0.062690797
1.80375,0.020055106,-0.05233449
1.8040625,0.020055106,-0.042774821
1.804375,0.020852396,-0.034808431
1.8046875,0.022446976,-0.026045401
1.805,0.028825294,-0.006926064
1.8053125,0.031217164,0.005023522
1.805625,0.020852396,-0.017282372
1.8059375,0.012879498,-0.06030088
1.80625,0.013676788,-0.077826939
1.8065625,0.014474078,-0.080216856
1.806875,0.015271367,-0.074640383
1.8071875,0.016865947,-0.063487436
1.8075,0.018460527,-0.046758016
1.8078125,0.020852396,-0.029231957
1.808125,0.024838845,-0.014892454
1.8084375,0.029622584,-0.000552952
1.80875,0.032811743,0.012193273
1.8090625,0.034406323,0.019363024
1.809375,0.035203613,0.022549581
1.8096875,0.035203613,0.026532776
1.81,0.036000903,0.027329415
1.8103125,0.036000903,0.028126054
1.810625,0.036000903,0.028922693
1.8109375,0.036000903,0.028922693
1.81125,0.035203613,0.028922693
1.8115625,0.036000903,0.028922693
1.811875,0.037595482,0.032905888
1.8121875,0.039987352,0.049635308
1.8125,0.040784642,0.060788255
1.8128125,0.04716296,0.092653817
1.813125,0.054338569,0.151605106
1.8134375,0.056730438,0.182674029
1.81375,0.056730438,0.199403449
1.8140625,0.055933148,0.200200088
1.814375,0.056730438,0.208963117
1.8146875,0.055135858,0.200200088
1.815,0.055135858,0.185063946
1.8153125,0.052743989,0.168334526
1.815625,0.050352119,0.149215189
1.8159375,0.04636567,0.123722739
1.81625,0.045568381,0.103010124
1.8165625,0.043973801,0.083094148
1.816875,0.042379221,0.067161367
1.8171875,0.039987352,0.051228586
1.8175,0.035203613,0.026532776
1.8178125,0.031217164,0.005820161
1.818125,0.029622584,-0.00214623
1.8184375,0.026433425,-0.012502537
1.81875,0.021649686,-0.028435318
1.8190625,0.019257817,-0.040384904
1.819375,0.018460527,-0.049147933
1.8196875,0.016865947,-0.057910963
1.82,0.017663237,-0.063487436
1.8203125,0.019257817,-0.054724407
1.820625,0.020055106,-0.045164738
1.8209375,0.021649686,-0.036401709
1.82125,0.021649686,-0.030028596
1.8215625,0.027230715,-0.011705898
1.821875,0.030419874,0.001836965
1.8221875,0.027230715,-0.00214623
1.8225,0.015271367,-0.045164738
1.8228125,0.013676788,-0.074640383
1.823125,0.014474078,-0.079420217
1.8234375,0.014474078,-0.078623578
1.82375,0.016865947,-0.067470631
1.8240625,0.018460527,-0.053927768
1.824375,0.020852396,-0.034011792
1.8246875,0.024041555,-0.019672289
1.825,0.027230715,-0.005332786
1.8253125,0.032014454,0.007413439
1.825625,0.034406323,0.017769746
1.8259375,0.035203613,0.022549581
1.82625,0.035203613,0.025736137
1.8265625,0.035203613,0.028126054
1.826875,0.036000903,0.028922693
1.8271875,0.035203613,0.028922693
1.8275,0.035203613,0.029719332
1.8278125,0.035203613,0.029719332
1.828125,0.035203613,0.028922693
1.8284375,0.036000903,0.029719332
1.82875,0.039190062,0.043262196
1.8290625,0.039987352,0.057601699
1.829375,0.043973801,0.074331119
1.8296875,0.052743989,0.134079047
1.83,0.055933148,0.172317721
1.8303125,0.056730438,0.196216892
1.830625,0.055933148,0.201793366
1.8309375,0.056730438,0.207369839
1.83125,0.056730438,0.204979922
1.8315625,0.055933148,0.190640419
1.831875,0.054338569,0.175504277
1.8321875,0.051946699,0.15638494
1.8325,0.04796025,0.134079047
1.8328125,0.04636567,0.110179876
1.833125,0.045568381,0.090263899
1.8334375,0.043176511,0.07273784
1.83375,0.041581931,0.058398338
1.8340625,0.038392772,0.036092444
1.834375,0.032811743,0.011396634
1.8346875,0.030419874,0.001040326
1.835,0.028028005,-0.008519342
1.8353125,0.023244266,-0.022858845
1.835625,0.020055106,-0.036401709
1.8359375,0.018460527,-0.046758016
1.83625,0.017663237,-0.054724407
1.8365625,0.016068657,-0.064284075
1.836875,0.017663237,-0.059504241
1.8371875,0.019257817,-0.048351294
1.8375,0.020055106,-0.039588265
1.8378125,0.020852396,-0.033215153
1.838125,0.024041555,-0.020468928
1.8384375,0.028825294,-0.002942869
1.83875,0.030419874,0.005023522
1.8390625,0.017663237,-0.029231957
1.839375,0.012082208,-0.06906391
1.8396875,0.012879498,-0.079420217
1.84,0.012879498,-0.079420217
1.8403125,0.015271367,-0.072250466
1.840625,0.016865947,-0.06030088
1.8409375,0.019257817,-0.041181543
1.84125,0.021649686,-0.025248762
1.8415625,0.025636135,-0.01011262
1.841875,0.029622584,0.002633605
1.8421875,0.032811743,0.01458319
1.8425,0.034406323,0.021752942
1.8428125,0.034406323,0.024142859
1.843125,0.035203613,0.026532776
1.8434375,0.035203613,0.028126054
1.84375,0.036000903,0.028922693
1.8440625,0.036000903,0.028922693
1.844375,0.036000903,0.028922693
1.8446875,0.036000903,0.028922693
1.845,0.035203613,0.028126054
1.8453125,0.037595482,0.036889083
1.845625,0.039987352,0.053618503
1.8459375,0.040784642,0.063178172
1.84625,0.04955483,0.110976515
1.8465625,0.055135858,0.161164774
1.846875,0.056730438,0.188250502
1.8471875,0.055933148,0.201793366
1.8475,0.055933148,0.203386644
1.8478125,0.055933148,0.208166478
1.848125,0.055135858,0.194623614
1.8484375,0.054338569,0.18187739
1.84875,0.051149409,0.162758052
1.8490625,0.04875754,0.142045437
1.849375,0.045568381,0.118942905
1.8496875,0.043973801,0.09823029
1.85,0.043176511,0.079110953
1.8503125,0.040784642,0.063178172
1.850625,0.039190062,0.045652113
1.8509375,0.033609033,0.018566385
1.85125,0.030419874,0.003430244
1.8515625,0.028028005,-0.003739508
1.851875,0.023244266,-0.017282372
1.8521875,0.020055106,-0.031621874
1.8525,0.018460527,-0.04357146
1.8528125,0.018460527,-0.050741211
1.853125,0.016068657,-0.061097519
1.8534375,0.018460527,-0.061894158
1.85375,0.018460527,-0.05233449
1.8540625,0.020055106,-0.041978182
1.854375,0.020852396,-0.034011792
1.8546875,0.022446976,-0.025248762
1.855,0.028028005,-0.006129425
1.8553125,0.031217164,0.005820161
1.855625,0.022446976,-0.011705898
1.8559375,0.012879498,-0.056317685
1.85625,0.012879498,-0.0770303
1.8565625,0.012879498,-0.079420217
1.856875,0.013676788,-0.075437022
1.8571875,0.016068657,-0.062690797
1.8575,0.018460527,-0.047554655
1.8578125,0.020852396,-0.029231957
1.858125,0.024041555,-0.014892454
1.8584375,0.028028005,-0.000552952
1.85875,0.031217164,0.012193273
1.8590625,0.033609033,0.020956303
1.859375,0.034406323,0.024142859
1.8596875,0.035203613,0.026532776
1.86,0.035203613,0.028126054
1.8603125,0.035203613,0.029719332
1.860625,0.036000903,0.028922693
1.8609375,0.036000903,0.028922693
1.86125,0.036000903,0.028922693
1.8615625,0.036000903,0.028922693
1.861875,0.037595482,0.032905888
1.8621875,0.040784642,0.04804203
1.8625,0.041581931,0.060788255
1.8628125,0.04796025,0.087873982
1.863125,0.054338569,0.147621911
1.8634375,0.056730438,0.180284111
1.86375,0.056730438,0.199403449
1.8640625,0.055933148,0.200996727
1.864375,0.056730438,0.208963117
1.8646875,0.055933148,0.200996727
1.865,0.055933148,0.186657224
1.8653125,0.053541279,0.170724443
1.865625,0.051149409,0.150808467
1.8659375,0.04796025,0.126909295
1.86625,0.045568381,0.105400041
1.8665625,0.043973801,0.085484065
1.866875,0.042379221,0.069551284
1.8671875,0.040784642,0.053618503
1.8675,0.036000903,0.028126054
1.8678125,0.032014454,0.0066168
1.868125,0.029622584,-0.00214623
1.8684375,0.026433425,-0.010909259
1.86875,0.021649686,-0.02684204
1.8690625,0.019257817,-0.038791626
1.869375,0.018460527,-0.048351294
1.8696875,0.016865947,-0.055521046
1.87,0.016865947,-0.064284075
1.8703125,0.018460527,-0.055521046
1.870625,0.020055106,-0.045961377
1.8709375,0.020852396,-0.037198348
1.87125,0.021649686,-0.030028596
1.8715625,0.025636135,-0.013299176
1.871875,0.030419874,0.001040326
1.8721875,0.028028005,0.000243687
1.8725,0.014474078,-0.041978182
1.8728125,0.011284918,-0.073843744
1.873125,0.013676788,-0.079420217
1.8734375,0.013676788,-0.077826939
1.87375,0.015271367,-0.06826727
1.8740625,0.016865947,-0.055521046
1.874375,0.020852396,-0.03560507
1.8746875,0.022446976,-0.020468928
1.875,0.026433425,-0.006129425
1.8753125,0.030419874,0.0066168
1.875625,0.032811743,0.017769746
1.8759375,0.034406323,0.02334622
1.87625,0.035203613,0.026532776
1.8765625,0.035203613,0.028126054
1.876875,0.036000903,0.028922693
1.8771875,0.036000903,0.028922693
1.8775,0.036000903,0.028922693
1.8778125,0.036000903,0.029719332
1.878125,0.036000903,0.028126054
1.8784375,0.036000903,0.028126054
1.87875,0.039190062,0.04007564
1.8790625,0.040784642,0.05600842
1.879375,0.043176511,0.071144562
1.8796875,0.051946699,0.129299213
1.88,0.055933148,0.169131165
1.8803125,0.056730438,0.193826975
1.880625,0.055933148,0.200996727
1.8809375,0.056730438,0.204183283
1.88125,0.055933148,0.204979922
1.8815625,0.055135858,0.191437058
1.881875,0.053541279,0.177894194
1.8821875,0.051946699,0.157978218
1.8825,0.04796025,0.136468964
1.8828125,0.045568381,0.112569793
1.883125,0.043973801,0.091857178
1.8834375,0.042379221,0.073534479
1.88375,0.040784642,0.058398338
1.8840625,0.037595482,0.037685722
1.884375,0.032014454,0.011396634
1.8846875,0.030419874,0.001836965
1.885,0.028028005,-0.006926064
1.8853125,0.022446976,-0.021265567
1.885625,0.020852396,-0.034808431
1.8859375,0.018460527,-0.046758016
1.88625,0.018460527,-0.05233449
1.8865625,0.016068657,-0.063487436
1.886875,0.017663237,-0.059504241
1.8871875,0.019257817,-0.049147933
1.8875,0.020055106,-0.039588265
1.8878125,0.021649686,-0.032418513
1.888125,0.023244266,-0.021265567
1.8884375,0.029622584,-0.002942869
1.88875,0.031217164,0.005820161
1.8890625,0.019257817,-0.024452123
1.889375,0.012879498,-0.065080714
1.8896875,0.013676788,-0.077826939
1.89,0.013676788,-0.077826939
1.8903125,0.015271367,-0.072250466
1.890625,0.016865947,-0.061097519
1.8909375,0.019257817,-0.042774821
1.89125,0.021649686,-0.026045401
1.8915625,0.024838845,-0.010909259
1.891875,0.029622584,0.003430244
1.8921875,0.032014454,0.015379829
1.8925,0.034406323,0.021752942
1.8928125,0.034406323,0.024142859
1.893125,0.035203613,0.026532776
1.8934375,0.036000903,0.028126054
1.89375,0.036000903,0.028922693
1.8940625,0.036000903,0.029719332
1.894375,0.036000903,0.028922693
1.8946875,0.035203613,0.028126054
1.895,0.036000903,0.028126054
1.8953125,0.038392772,0.035295805
1.895625,0.040784642,0.051228586
1.8959375,0.041581931,0.062381533
1.89625,0.04955483,0.105400041
1.8965625,0.055135858,0.158774857
1.896875,0.057527728,0.187453863
1.8971875,0.056730438,0.200996727
1.8975,0.056730438,0.201793366
1.8978125,0.057527728,0.207369839
1.898125,0.056730438,0.197013531
1.8984375,0.055933148,0.183470668
1.89875,0.052743989,0.16514797
1.8990625,0.04955483,0.145231993
1.899375,0.04716296,0.119739544
1.8996875,0.045568381,0.099026929
1.9,0.043973801,0.080704231
1.9003125,0.042379221,0.06477145
1.900625,0.039987352,0.046448752
1.9009375,0.035203613,0.020159663
1.90125,0.031217164,0.003430244
1.9015625,0.028825294,-0.003739508
1.901875,0.024041555,-0.015689094
1.9021875,0.021649686,-0.030825235
1.9025,0.019257817,-0.041978182
1.9028125,0.018460527,-0.051537851
1.903125,0.016865947,-0.061097519
1.9034375,0.017663237,-0.063487436
1.90375,0.019257817,-0.053927768
1.9040625,0.020055106,-0.045164738
1.904375,0.021649686,-0.03560507
1.9046875,0.022446976,-0.028435318
1.905,0.027230715,-0.01011262
1.9053125,0.030419874,0.003430244
1.905625,0.024838845,-0.009315981
1.9059375,0.013676788,-0.05233449
1.90625,0.012879498,-0.0770303
1.9065625,0.013676788,-0.078623578
1.906875,0.014474078,-0.076233661
1.9071875,0.016068657,-0.065080714
1.9075,0.017663237,-0.050741211
1.9078125,0.020852396,-0.032418513
1.908125,0.024041555,-0.018079011
1.9084375,0.027230715,-0.002942869
1.90875,0.032014454,0.009006717
1.9090625,0.034406323,0.017769746
1.909375,0.034406323,0.022549581
1.9096875,0.035203613,0.024939498
1.91,0.036000903,0.028126054
1.9103125,0.036000903,0.028922693
1.910625,0.036000903,0.028126054
1.9109375,0.035203613,0.028126054
1.91125,0.036000903,0.028922693
1.9115625,0.035203613,0.027329415
1.911875,0.036798193,0.029719332
1.9121875,0.039987352,0.044855474
1.9125,0.040784642,0.059194977
1.9128125,0.045568381,0.08150087
1.913125,0.054338569,0.142842076
1.9134375,0.056730438,0.177894194
1.91375,0.056730438,0.19781017
1.9140625,0.055135858,0.199403449
1.914375,0.056730438,0.2065732
1.9146875,0.055933148,0.200996727
1.915,0.055933148,0.187453863
1.9153125,0.053541279,0.171521082
1.915625,0.051149409,0.152401745
1.9159375,0.04796025,0.127705935
1.91625,0.045568381,0.105400041
1.9165625,0.044771091,0.087077343
1.916875,0.042379221,0.068754645
1.9171875,0.040784642,0.053618503
1.9175,0.036798193,0.029719332
1.9178125,0.032014454,0.0066168
1.918125,0.030419874,-0.001349591
1.9184375,0.026433425,-0.010909259
1.91875,0.022446976,-0.02684204
1.9190625,0.019257817,-0.039588265
1.919375,0.018460527,-0.049147933
1.9196875,0.017663237,-0.056317685
1.92,0.016865947,-0.065877353
1.9203125,0.018460527,-0.058707602
1.920625,0.018460527,-0.047554655
1.9209375,0.020055106,-0.038791626
1.92125,0.020055106,-0.031621874
1.9215625,0.024838845,-0.016485733
1.921875,0.029622584,0.000243687
1.9221875,0.028825294,0.002633605
1.9225,0.015271367,-0.037994987
1.9228125,0.012879498,-0.071453827
1.923125,0.012879498,-0.079420217
1.9234375,0.012879498,-0.079420217
1.92375,0.015271367,-0.069860549
1.9240625,0.016865947,-0.057910963
1.924375,0.020055106,-0.037994987
1.9246875,0.023244266,-0.022062206
1.925,0.027230715,-0.007722703
1.9253125,0.030419874,0.005023522
1.925625,0.032811743,0.015379829
1.9259375,0.034406323,0.021752942
1.92625,0.035203613,0.024142859
1.9265625,0.036000903,0.026532776
1.926875,0.036000903,0.027329415
1.9271875,0.036000903,0.028126054
1.9275,0.036798193,0.028922693
1.9278125,0.036000903,0.028922693
1.928125,0.036000903,0.028126054
1.9284375,0.036000903,0.028126054
1.92875,0.039190062,0.039279001
1.9290625,0.040784642,0.055211781
1.929375,0.043176511,0.067958006
1.9296875,0.051149409,0.122129461
1.93,0.055135858,0.166741248
1.9303125,0.057527728,0.192233697
1.930625,0.055933148,0.202590005
1.9309375,0.056730438,0.204183283
1.93125,0.055933148,0.205776561
1.9315625,0.055933148,0.193826975
1.931875,0.054338569,0.179487472
1.9321875,0.051946699,0.158774857
1.9325,0.04875754,0.138858881
1.9328125,0.04636567,0.112569793
1.933125,0.045568381,0.093450456
1.9334375,0.043973801,0.075127758
1.93375,0.042379221,0.059991616
1.9340625,0.039190062,0.040872279
1.934375,0.034406323,0.01458319
1.9346875,0.031217164,0.001836965
1.935,0.028825294,-0.006129425
1.9353125,0.023244266,-0.019672289
1.935625,0.020055106,-0.033215153
1.9359375,0.019257817,-0.044368099
1.93625,0.018460527,-0.051537851
1.9365625,0.016865947,-0.061894158
1.936875,0.018460527,-0.059504241
1.9371875,0.019257817,-0.049944572
1.9375,0.020055106,-0.039588265
1.9378125,0.021649686,-0.032418513
1.938125,0.023244266,-0.022858845
1.9384375,0.029622584,-0.004536147
1.93875,0.032014454,0.0066168
1.9390625,0.020055106,-0.01887565
1.939375,0.013676788,-0.061097519
1.9396875,0.012879498,-0.0770303
1.94,0.014474078,-0.078623578
1.9403125,0.015271367,-0.073843744
1.940625,0.017663237,-0.061097519
1.9409375,0.020055106,-0.044368099
1.94125,0.022446976,-0.02684204
1.9415625,0.025636135,-0.012502537
1.941875,0.030419874,0.001836965
1.9421875,0.034406323,0.012989912
1.9425,0.035203613,0.020159663
1.9428125,0.035203613,0.02334622
1.943125,0.036000903,0.026532776
1.9434375,0.036000903,0.028126054
1.94375,0.036798193,0.028922693
1.9440625,0.036000903,0.028922693
1.944375,0.036000903,0.028922693
1.9446875,0.036000903,0.028922693
1.945,0.036000903,0.028126054
1.9453125,0.038392772,0.032905888
1.945625,0.040784642,0.050431947
1.9459375,0.041581931,0.061584894
1.94625,0.04875754,0.09823029
1.9465625,0.054338569,0.153198384
1.946875,0.056730438,0.184267307
1.9471875,0.056730438,0.200200088
1.9475,0.056730438,0.200996727
1.9478125,0.056730438,0.207369839
1.948125,0.055933148,0.198606809
1.9484375,0.055135858,0.184267307
1.94875,0.053541279,0.165944609
1.9490625,0.050352119,0.146825272
1.949375,0.04716296,0.121332822
1.9496875,0.045568381,0.100620207
1.95,0.044771091,0.082297509
1.9503125,0.043176511,0.066364728
1.950625,0.040784642,0.049635308
1.9509375,0.036000903,0.02334622
1.95125,0.032014454,0.005023522
1.9515625,0.029622584,-0.00214623
1.951875,0.025636135,-0.013299176
1.9521875,0.021649686,-0.029231957
1.9525,0.020055106,-0.041181543
1.9528125,0.019257817,-0.049944572
1.953125,0.017663237,-0.058707602
1.9534375,0.016865947,-0.063487436
1.95375,0.018460527,-0.053927768
1.9540625,0.019257817,-0.044368099
1.954375,0.020852396,-0.03560507
1.9546875,0.022446976,-0.028435318
1.955,0.027230715,-0.010909259
1.9553125,0.031217164,0.003430244
1.955625,0.025636135,-0.004536147
1.9559375,0.014474078,-0.049147933
1.95625,0.012879498,-0.075437022
1.9565625,0.013676788,-0.078623578
1.956875,0.014474078,-0.076233661
1.9571875,0.016068657,-0.065877353
1.9575,0.018460527,-0.050741211
1.9578125,0.020852396,-0.031621874
1.958125,0.023244266,-0.018079011
1.9584375,0.028028005,-0.003739508
1.95875,0.032014454,0.009006717
1.9590625,0.034406323,0.018566385
1.959375,0.035203613,0.022549581
1.9596875,0.034406323,0.024939498
1.96,0.036000903,0.027329415
1.9603125,0.036798193,0.028922693
1.960625,0.036000903,0.028126054
1.9609375,0.036000903,0.028126054
1.96125,0.036000903,0.028922693
1.9615625,0.035203613,0.028922693
1.961875,0.036000903,0.029719332
1.9621875,0.039987352,0.043262196
1.9625,0.041581931,0.057601699
1.9628125,0.045568381,0.077517675
1.963125,0.053541279,0.138062242
1.9634375,0.056730438,0.175504277
1.96375,0.056730438,0.196216892
1.9640625,0.056730438,0.200200088
1.964375,0.056730438,0.207369839
1.9646875,0.056730438,0.203386644
1.965,0.055135858,0.188250502
1.9653125,0.053541279,0.17311436
1.965625,0.051149409,0.153995023
1.9659375,0.04796025,0.13168913
1.96625,0.045568381,0.107789958
1.9665625,0.045568381,0.087873982
1.966875,0.043176511,0.070347923
1.9671875,0.042379221,0.05600842
1.9675,0.036798193,0.032109249
1.9678125,0.032014454,0.008210078
1.968125,0.030419874,-0.000552952
1.9684375,0.026433425,-0.01011262
1.96875,0.022446976,-0.025248762
1.9690625,0.020055106,-0.037198348
1.969375,0.018460527,-0.048351294
1.9696875,0.018460527,-0.054724407
1.97,0.016865947,-0.063487436
1.9703125,0.018460527,-0.057114324
1.970625,0.019257817,-0.048351294
1.9709375,0.020852396,-0.038791626
1.97125,0.021649686,-0.031621874
1.9715625,0.025636135,-0.018079011
1.971875,0.030419874,-0.000552952
1.9721875,0.030419874,0.004226883
1.9725,0.017663237,-0.034011792
1.9728125,0.012879498,-0.069860549
1.973125,0.013676788,-0.079420217
1.9734375,0.014474078,-0.077826939
1.97375,0.015271367,-0.069860549
1.9740625,0.017663237,-0.057114324
1.974375,0.020055106,-0.037994987
1.9746875,0.022446976,-0.023655484
1.975,0.025636135,-0.009315981
1.9753125,0.030419874,0.003430244
1.975625,0.033609033,0.015379829
1.9759375,0.034406323,0.022549581
1.97625,0.034406323,0.024142859
1.9765625,0.036000903,0.026532776
1.976875,0.036000903,0.028126054
1.9771875,0.036000903,0.028922693
1.9775,0.035203613,0.028922693
1.9778125,0.036798193,0.029719332
1.978125,0.036798193,0.028922693
1.9784375,0.036798193,0.028126054
1.97875,0.039190062,0.036889083
1.9790625,0.040784642,0.053618503
1.979375,0.042379221,0.063974811
1.9796875,0.051946699,0.11495971
1.98,0.056730438,0.162758052
1.9803125,0.058325018,0.18984378
1.980625,0.057527728,0.200200088
1.9809375,0.057527728,0.202590005
1.98125,0.056730438,0.205776561
1.9815625,0.055933148,0.193826975
1.981875,0.055135858,0.180284111
1.9821875,0.051946699,0.161164774
1.9825,0.04955483,0.140452159
1.9828125,0.045568381,0.114163071
1.983125,0.044771091,0.095840373
1.9834375,0.043973801,0.077517675
1.98375,0.042379221,0.061584894
1.9840625,0.039987352,0.043262196
1.984375,0.035203613,0.016973107
1.9846875,0.031217164,0.002633605
1.985,0.028825294,-0.004536147
1.9853125,0.024041555,-0.01887565
1.985625,0.020852396,-0.033215153
1.9859375,0.019257817,-0.044368099
1.98625,0.017663237,-0.051537851
1.9865625,0.016068657,-0.061894158
1.986875,0.017663237,-0.061894158
1.9871875,0.018460527,-0.050741211
1.9875,0.019257817,-0.042774821
1.9878125,0.020055106,-0.033215153
1.988125,0.022446976,-0.025248762
1.9884375,0.028028005,-0.006926064
1.98875,0.030419874,0.005023522
1.9890625,0.021649686,-0.015689094
1.989375,0.013676788,-0.059504241
1.9896875,0.012879498,-0.077826939
1.99,0.013676788,-0.079420217
1.9903125,0.014474078,-0.074640383
1.990625,0.016865947,-0.062690797
1.9909375,0.019257817,-0.045961377
1.99125,0.020852396,-0.028435318
1.9915625,0.025636135,-0.014095815
1.991875,0.028825294,0.000243687
1.9921875,0.032014454,0.012193273
1.9925,0.034406323,0.019363024
1.9928125,0.034406323,0.02334622
1.993125,0.035203613,0.025736137
1.9934375,0.036000903,0.027329415
1.99375,0.035203613,0.028922693
1.9940625,0.036000903,0.028922693
1.994375,0.036000903,0.028126054
1.9946875,0.036000903,0.028126054
1.995,0.036000903,0.027329415
1.9953125,0.038392772,0.032109249
1.995625,0.040784642,0.04804203
1.9959375,0.041581931,0.060788255
1.99625,0.04875754,0.092653817
1.9965625,0.055135858,0.150808467
1.996875,0.057527728,0.181080751
1.9971875,0.056730438,0.198606809
1.9975,0.055933148,0.199403449
1.9978125,0.056730438,0.208166478
1.998125,0.056730438,0.199403449
1.9984375,0.055933148,0.185860585
1.99875,0.052743989,0.168334526
1.9990625,0.050352119,0.149215189
1.999375,0.04716296,0.123722739
1.9996875,0.044771091,0.102213485
2,0.043973801,0.083094148
2.0003125,0.043176511,0.066364728
2.000625,0.040784642,0.050431947
2.0009375,0.036798193,0.025736137
2.00125,0.032014454,0.005820161
2.0015625,0.029622584,-0.002942869
2.001875,0.025636135,-0.013299176
2.0021875,0.021649686,-0.028435318
2.0025,0.019257817,-0.041181543
2.0028125,0.018460527,-0.049944572
2.003125,0.016865947,-0.057910963
2.0034375,0.016865947,-0.064284075
2.00375,0.017663237,-0.054724407
2.0040625,0.019257817,-0.045961377
2.004375,0.020852396,-0.037198348
2.0046875,0.021649686,-0.030825235
2.005,0.026433425,-0.013299176
2.0053125,0.030419874,0.001040326
2.005625,0.027230715,-0.00214623
2.0059375,0.014474078,-0.045961377
2.00625,0.012879498,-0.076233661
2.0065625,0.013676788,-0.079420217
2.006875,0.014474078,-0.077826939
2.0071875,0.016068657,-0.067470631
2.0075,0.018460527,-0.053927768
2.0078125,0.020852396,-0.034011792
2.008125,0.023244266,-0.020468928
2.0084375,0.028028005,-0.005332786
2.00875,0.031217164,0.007413439
2.0090625,0.034406323,0.016973107
2.009375,0.035203613,0.021752942
2.0096875,0.035203613,0.024939498
2.01,0.035203613,0.026532776
2.0103125,0.036000903,0.028126054
2.010625,0.035203613,0.028126054
2.0109375,0.035203613,0.027329415
2.01125,0.036000903,0.028126054
2.0115625,0.036000903,0.028126054
2.011875,0.036798193,0.028922693
2.0121875,0.039987352,0.041668918
2.0125,0.040784642,0.057601699
2.0128125,0.043973801,0.073534479
2.013125,0.051946699,0.132485769
2.0134375,0.055933148,0.171521082
2.01375,0.056730438,0.194623614
2.0140625,0.055933148,0.200200088
2.014375,0.056730438,0.204979922
2.0146875,0.055933148,0.204183283
2.015,0.054338569,0.18984378
2.0153125,0.053541279,0.175504277
2.015625,0.051149409,0.155588301
2.0159375,0.04796025,0.133282408
2.01625,0.044771091,0.108586597
2.0165625,0.043973801,0.08946726
2.016875,0.043176511,0.071941201
2.0171875,0.041581931,0.057601699
2.0175,0.037595482,0.035295805
2.0178125,0.032014454,0.009803356
2.018125,0.029622584,0.000243687
2.0184375,0.027230715,-0.008519342
2.01875,0.023244266,-0.022858845
2.0190625,0.020055106,-0.036401709
2.019375,0.018460527,-0.046758016
2.0196875,0.017663237,-0.053927768
2.02,0.016068657,-0.063487436
2.0203125,0.017663237,-0.057910963
2.020625,0.019257817,-0.048351294
2.0209375,0.020852396,-0.038791626
2.02125,0.020852396,-0.032418513
2.0215625,0.024838845,-0.019672289
2.021875,0.029622584,-0.00214623
2.0221875,0.031217164,0.005820161
2.0225,0.018460527,-0.028435318
2.0228125,0.012879498,-0.06826727
2.023125,0.013676788,-0.079420217
2.0234375,0.014474078,-0.078623578
2.02375,0.016068657,-0.070657188
2.0240625,0.017663237,-0.058707602
2.024375,0.020055106,-0.041181543
2.0246875,0.023244266,-0.024452123
2.025,0.026433425,-0.01011262
2.0253125,0.030419874,0.002633605
2.025625,0.032811743,0.01458319
2.0259375,0.034406323,0.020956303
2.02625,0.035203613,0.02334622
2.0265625,0.036000903,0.026532776
2.026875,0.035203613,0.027329415
2.0271875,0.036000903,0.028126054
2.0275,0.036000903,0.028126054
2.0278125,0.036000903,0.028126054
2.028125,0.036000903,0.028126054
2.0284375,0.035203613,0.027329415
2.02875,0.038392772,0.035295805
2.0290625,0.041581931,0.051228586
2.029375,0.041581931,0.062381533
2.0296875,0.050352119,0.109383236
2.03,0.055933148,0.159571496
2.0303125,0.057527728,0.188250502
2.030625,0.056730438,0.199403449
2.0309375,0.056730438,0.200996727
2.03125,0.055933148,0.207369839
2.0315625,0.055135858,0.195420253
2.031875,0.055933148,0.18187739
2.0321875,0.052743989,0.163554692
2.0325,0.050352119,0.143638715
2.0328125,0.04636567,0.118146266
2.033125,0.045568381,0.097433651
2.0334375,0.044771091,0.079110953
2.03375,0.043176511,0.063178172
2.0340625,0.039987352,0.045652113
2.034375,0.034406323,0.018566385
2.0346875,0.032014454,0.002633605
2.035,0.030419874,-0.003739508
2.0353125,0.024838845,-0.016485733
2.035625,0.021649686,-0.031621874
2.0359375,0.019257817,-0.042774821
2.03625,0.018460527,-0.050741211
2.0365625,0.016865947,-0.061097519
2.036875,0.018460527,-0.061097519
2.0371875,0.019257817,-0.051537851
2.0375,0.020055106,-0.042774821
2.0378125,0.020852396,-0.034011792
2.038125,0.022446976,-0.02684204
2.0384375,0.028028005,-0.007722703
2.03875,0.032014454,0.004226883
2.0390625,0.023244266,-0.010909259
2.039375,0.013676788,-0.055521046
2.0396875,0.012879498,-0.077826939
2.04,0.013676788,-0.078623578
2.0403125,0.014474078,-0.074640383
2.040625,0.016068657,-0.063487436
2.0409375,0.018460527,-0.048351294
2.04125,0.020852396,-0.029231957
2.0415625,0.024041555,-0.015689094
2.041875,0.028028005,-0.00214623
2.0421875,0.031217164,0.009803356
2.0425,0.033609033,0.019363024
2.0428125,0.034406323,0.02334622
2.043125,0.034406323,0.025736137
2.0434375,0.035203613,0.027329415
2.04375,0.035203613,0.028922693
2.0440625,0.035203613,0.028922693
2.044375,0.036000903,0.028922693
2.0446875,0.036000903,0.028126054
2.045,0.036000903,0.028126054
2.0453125,0.036798193,0.03131261
2.045625,0.039190062,0.046448752
2.0459375,0.040784642,0.059991616
2.04625,0.045568381,0.086280704
2.0465625,0.054338569,0.146028633
2.046875,0.056730438,0.181080751
2.0471875,0.055933148,0.19781017
2.0475,0.056730438,0.199403449
2.0478125,0.056730438,0.207369839
2.048125,0.055933148,0.200996727
2.0484375,0.055933148,0.186657224
2.04875,0.053541279,0.170724443
2.0490625,0.051149409,0.152401745
2.049375,0.04716296,0.127705935
2.0496875,0.044771091,0.105400041
2.05,0.043973801,0.085484065
2.0503125,0.042379221,0.068754645
2.050625,0.040784642,0.052821864
2.0509375,0.035203613,0.028126054
2.05125,0.032014454,0.0066168
2.0515625,0.029622584,-0.001349591
2.051875,0.025636135,-0.012502537
2.0521875,0.021649686,-0.02684204
2.0525,0.019257817,-0.039588265
2.0528125,0.017663237,-0.049147933
2.053125,0.016865947,-0.056317685
2.0534375,0.016068657,-0.064284075
2.05375,0.018460527,-0.056317685
2.0540625,0.019257817,-0.045961377
2.054375,0.020852396,-0.037198348
2.0546875,0.021649686,-0.030825235
2.055,0.026433425,-0.014892454
2.0553125,0.030419874,0.001040326
2.055625,0.027230715,0.001040326
2.0559375,0.015271367,-0.040384904
2.05625,0.012082208,-0.073047105
2.0565625,0.012879498,-0.078623578
2.056875,0.013676788,-0.0770303
2.0571875,0.016068657,-0.066673992
2.0575,0.017663237,-0.054724407
2.0578125,0.020852396,-0.03560507
2.058125,0.022446976,-0.020468928
2.0584375,0.026433425,-0.006926064
2.05875,0.029622584,0.005820161
2.0590625,0.032811743,0.016973107
2.059375,0.033609033,0.021752942
2.0596875,0.034406323,0.024142859
2.06,0.034406323,0.026532776
2.0603125,0.035203613,0.028126054
2.060625,0.034406323,0.028126054
2.0609375,0.034406323,0.028126054
2.06125,0.035203613,0.028126054
2.0615625,0.036000903,0.028126054
2.061875,0.035203613,0.028126054
2.0621875,0.039190062,0.040872279
2.0625,0.040784642,0.05680506
2.0628125,0.043176511,0.070347923
2.063125,0.052743989,0.126909295
2.0634375,0.055933148,0.169131165
2.06375,0.056730438,0.193826975
2.0640625,0.055933148,0.200996727
2.064375,0.057527728,0.204979922
2.0646875,0.056730438,0.204979922
2.065,0.055933148,0.192233697
2.0653125,0.054338569,0.178690833
2.065625,0.051946699,0.157978218
2.0659375,0.04875754,0.137265603
2.06625,0.045568381,0.111773154
2.0665625,0.044771091,0.092653817
2.066875,0.043973801,0.073534479
2.0671875,0.042379221,0.059194977
2.0675,0.038392772,0.038482362
2.0678125,0.032811743,0.012193273
2.068125,0.030419874,0.000243687
2.0684375,0.027230715,-0.007722703
2.06875,0.024041555,-0.021265567
2.0690625,0.020055106,-0.03560507
2.069375,0.018460527,-0.045961377
2.0696875,0.017663237,-0.053927768
2.07,0.016865947,-0.063487436
2.0703125,0.017663237,-0.059504241
2.070625,0.018460527,-0.049147933
2.0709375,0.020055106,-0.039588265
2.07125,0.021649686,-0.032418513
2.0715625,0.024041555,-0.021265567
2.071875,0.028028005,-0.003739508
2.0721875,0.031217164,0.0066168
2.0725,0.018460527,-0.022858845
2.0728125,0.012879498,-0.065080714
2.073125,0.013676788,-0.077826939
2.0734375,0.012879498,-0.0770303
2.07375,0.014474078,-0.072250466
2.0740625,0.016865947,-0.059504241
2.074375,0.020055106,-0.041978182
2.0746875,0.022446976,-0.025248762
2.075,0.025636135,-0.011705898
2.0753125,0.029622584,0.002633605
2.075625,0.033609033,0.015379829
2.0759375,0.034406323,0.021752942
2.07625,0.034406323,0.024142859
2.0765625,0.035203613,0.027329415
2.076875,0.036000903,0.028922693
2.0771875,0.036000903,0.028922693
2.0775,0.036000903,0.029719332
2.0778125,0.036000903,0.028922693
2.078125,0.036798193,0.028922693
2.0784375,0.036798193,0.028922693
2.07875,0.039190062,0.035295805
2.0790625,0.042379221,0.052025225
2.079375,0.042379221,0.062381533
2.0796875,0.04955483,0.103806763
2.08,0.054338569,0.157181579
2.0803125,0.057527728,0.187453863
2.080625,0.055933148,0.202590005
2.0809375,0.056730438,0.201793366
2.08125,0.056730438,0.208963117
2.0815625,0.055933148,0.19781017
2.081875,0.055933148,0.184267307
2.0821875,0.052743989,0.165944609
2.0825,0.051149409,0.146028633
2.0828125,0.04636567,0.120536183
2.083125,0.045568381,0.099026929
2.0834375,0.043973801,0.080704231
2.08375,0.042379221,0.063974811
2.0840625,0.040784642,0.047245391
2.084375,0.035203613,0.020159663
2.0846875,0.032014454,0.004226883
2.085,0.029622584,-0.002942869
2.0853125,0.024838845,-0.014892454
2.085625,0.021649686,-0.030825235
2.0859375,0.019257817,-0.042774821
2.08625,0.018460527,-0.050741211
2.0865625,0.016068657,-0.059504241
2.086875,0.016865947,-0.062690797
2.0871875,0.018460527,-0.053131129
2.0875,0.020055106,-0.04357146
2.0878125,0.020852396,-0.034808431
2.088125,0.022446976,-0.027638679
2.0884375,0.027230715,-0.009315981
2.08875,0.031217164,0.003430244
2.0890625,0.024838845,-0.006926064
2.089375,0.013676788,-0.050741211
2.0896875,0.012082208,-0.076233661
2.09,0.013676788,-0.078623578
2.0903125,0.014474078,-0.074640383
2.090625,0.016865947,-0.063487436
2.0909375,0.017663237,-0.049944572
2.09125,0.021649686,-0.030825235
2.0915625,0.024041555,-0.015689094
2.091875,0.028825294,-0.00214623
2.0921875,0.032014454,0.009803356
2.0925,0.035203613,0.020159663
2.0928125,0.035203613,0.02334622
2.093125,0.036000903,0.025736137
2.0934375,0.036798193,0.028922693
2.09375,0.036798193,0.028922693
2.0940625,0.036000903,0.029719332
2.094375,0.036000903,0.028922693
2.0946875,0.036000903,0.028922693
2.095,0.036000903,0.028126054
2.0953125,0.036798193,0.030515971
2.095625,0.039987352,0.045652113
2.0959375,0.041581931,0.058398338
2.09625,0.045568381,0.080704231
2.0965625,0.053541279,0.142045437
2.096875,0.055933148,0.177894194
2.0971875,0.056730438,0.19781017
2.0975,0.055933148,0.200996727
2.0978125,0.055933148,0.207369839
2.098125,0.055135858,0.200996727
2.0984375,0.055933148,0.188250502
2.09875,0.053541279,0.17311436
2.0990625,0.051149409,0.153995023
2.099375,0.04716296,0.129299213
2.0996875,0.045568381,0.106993319
2.1,0.043973801,0.087077343
2.1003125,0.042379221,0.070347923
2.100625,0.040784642,0.055211781
2.1009375,0.036798193,0.03131261
2.10125,0.032014454,0.007413439
2.1015625,0.029622584,-0.000552952
2.101875,0.025636135,-0.010909259
2.1021875,0.021649686,-0.024452123
2.1025,0.020055106,-0.037198348
2.1028125,0.018460527,-0.047554655
2.103125,0.017663237,-0.054724407
2.1034375,0.016865947,-0.063487436
2.10375,0.018460527,-0.056317685
2.1040625,0.019257817,-0.045961377
2.104375,0.020852396,-0.037198348
2.1046875,0.020852396,-0.031621874
2.105,0.026433425,-0.014892454
2.1053125,0.030419874,0.001040326
2.105625,0.030419874,0.004226883
2.1059375,0.017663237,-0.034011792
2.10625,0.012879498,-0.069860549
2.1065625,0.013676788,-0.078623578
2.106875,0.014474078,-0.076233661
2.1071875,0.016068657,-0.067470631
2.1075,0.016865947,-0.055521046
2.1078125,0.019257817,-0.03560507
2.108125,0.022446976,-0.021265567
2.1084375,0.026433425,-0.006926064
2.10875,0.030419874,0.005820161
2.1090625,0.033609033,0.016973107
2.109375,0.034406323,0.022549581
2.1096875,0.035203613,0.024939498
2.11,0.036000903,0.026532776
2.1103125,0.036000903,0.028126054
2.110625,0.036000903,0.028922693
2.1109375,0.035203613,0.029719332
2.11125,0.036000903,0.029719332
2.1115625,0.036000903,0.029719332
2.111875,0.036000903,0.028922693
2.1121875,0.039190062,0.039279001
2.1125,0.041581931,0.05600842
2.1128125,0.043176511,0.067958006
2.113125,0.051149409,0.121332822
2.1134375,0.055135858,0.167537887
2.11375,0.056730438,0.193826975
2.1140625,0.055135858,0.202590005
2.114375,0.056730438,0.204183283
2.1146875,0.055933148,0.207369839
2.115,0.055135858,0.193826975
2.1153125,0.054338569,0.179487472
2.115625,0.051946699,0.160368135
2.1159375,0.04875754,0.13965552
2.11625,0.04636567,0.114163071
2.1165625,0.044771091,0.094247095
2.116875,0.043973801,0.075924397
2.1171875,0.041581931,0.060788255
2.1175,0.039190062,0.040872279
2.1178125,0.033609033,0.01458319
2.118125,0.031217164,0.001040326
2.1184375,0.028825294,-0.006129425
2.11875,0.024041555,-0.019672289
2.1190625,0.020852396,-0.034808431
2.119375,0.019257817,-0.045164738
2.1196875,0.017663237,-0.05233449
2.12,0.016068657,-0.062690797
2.1203125,0.017663237,-0.06030088
2.120625,0.019257817,-0.049944572
2.1209375,0.019257817,-0.041181543
2.12125,0.020852396,-0.032418513
2.1215625,0.023244266,-0.023655484
2.121875,0.028028005,-0.004536147
2.1221875,0.031217164,0.0066168
2.1225,0.020055106,-0.017282372
2.1228125,0.012879498,-0.06030088
2.123125,0.012879498,-0.077826939
2.1234375,0.012879498,-0.0770303
2.12375,0.014474078,-0.072250466
2.1240625,0.016068657,-0.06030088
2.124375,0.018460527,-0.04357146
2.1246875,0.021649686,-0.02684204
2.125,0.024041555,-0.012502537
2.1253125,0.029622584,0.002633605
2.125625,0.032811743,0.013786551
2.1259375,0.034406323,0.020956303
2.12625,0.035203613,0.024142859
2.1265625,0.035203613,0.026532776
2.126875,0.036000903,0.028922693
2.1271875,0.036000903,0.029719332
2.1275,0.036000903,0.029719332
2.1278125,0.035203613,0.029719332
2.128125,0.035203613,0.029719332
2.1284375,0.035203613,0.028126054
2.12875,0.037595482,0.033702527
2.1290625,0.039987352,0.049635308
2.129375,0.040784642,0.061584894
2.1296875,0.04875754,0.09823029
2.13,0.055135858,0.154791662
2.1303125,0.056730438,0.185063946
2.130625,0.055933148,0.200996727
2.1309375,0.056730438,0.200200088
2.13125,0.056730438,0.208166478
2.1315625,0.055933148,0.198606809
2.131875,0.055135858,0.185063946
2.1321875,0.052743989,0.168334526
2.1325,0.050352119,0.147621911
2.1328125,0.04716296,0.1229261
2.133125,0.04636567,0.101416846
2.1334375,0.043973801,0.082297509
2.13375,0.042379221,0.065568089
2.1340625,0.040784642,0.050431947
2.134375,0.036000903,0.02334622
2.1346875,0.032811743,0.005023522
2.135,0.030419874,-0.002942869
2.1353125,0.026433425,-0.014095815
2.135625,0.021649686,-0.029231957
2.1359375,0.020055106,-0.040384904
2.13625,0.019257817,-0.049944572
2.1365625,0.017663237,-0.058707602
2.136875,0.016865947,-0.063487436
2.1371875,0.018460527,-0.053927768
2.1375,0.020055106,-0.04357146
2.1378125,0.020852396,-0.034808431
2.138125,0.021649686,-0.029231957
2.1384375,0.027230715,-0.01011262
2.13875,0.030419874,0.003430244
2.1390625,0.026433425,-0.002942869
2.139375,0.013676788,-0.046758016
2.1396875,0.012082208,-0.074640383
2.14,0.012879498,-0.077826939
2.1403125,0.014474078,-0.074640383
2.140625,0.016068657,-0.065080714
2.1409375,0.017663237,-0.050741211
2.14125,0.020852396,-0.031621874
2.1415625,0.022446976,-0.017282372
2.141875,0.027230715,-0.002942869
2.1421875,0.031217164,0.009006717
2.1425,0.033609033,0.018566385
2.1428125,0.034406323,0.022549581
2.143125,0.035203613,0.025736137
2.1434375,0.036000903,0.028126054
2.14375,0.036000903,0.028922693
2.1440625,0.036000903,0.028922693
2.144375,0.035203613,0.028922693
2.1446875,0.036000903,0.028922693
2.145,0.036000903,0.028922693
2.1453125,0.036000903,0.029719332
2.145625,0.039987352,0.044058835
2.1459375,0.041581931,0.058398338
2.14625,0.044771091,0.076721036
2.1465625,0.052743989,0.137265603
2.146875,0.055933148,0.173910999
2.1471875,0.056730438,0.196216892
2.1475,0.055933148,0.200996727
2.1478125,0.055933148,0.205776561
2.148125,0.055135858,0.203386644
2.1484375,0.055135858,0.18984378
2.14875,0.052743989,0.174707638
2.1490625,0.050352119,0.153995023
2.149375,0.04796025,0.13168913
2.1496875,0.044771091,0.107789958
2.15,0.044771091,0.08946726
2.1503125,0.042379221,0.071941201
2.150625,0.040784642,0.05680506
2.1509375,0.037595482,0.033702527
2.15125,0.032811743,0.009803356
2.1515625,0.030419874,0.000243687
2.151875,0.026433425,-0.009315981
2.1521875,0.022446976,-0.023655484
2.1525,0.020852396,-0.036401709
2.1528125,0.018460527,-0.046758016
2.153125,0.017663237,-0.053131129
2.1534375,0.016865947,-0.062690797
2.15375,0.018460527,-0.056317685
2.1540625,0.019257817,-0.046758016
2.154375,0.020055106,-0.037994987
2.1546875,0.020852396,-0.031621874
2.155,0.024838845,-0.017282372
2.1553125,0.029622584,-0.000552952
2.155625,0.029622584,0.005023522
2.1559375,0.016865947,-0.030028596
2.15625,0.012879498,-0.067470631
2.1565625,0.013676788,-0.077826939
2.156875,0.014474078,-0.0770303
2.1571875,0.016068657,-0.06906391
2.1575,0.017663237,-0.057114324
2.1578125,0.020055106,-0.038791626
2.158125,0.022446976,-0.022062206
2.1584375,0.026433425,-0.008519342
2.15875,0.029622584,0.005023522
2.1590625,0.033609033,0.016176468
2.159375,0.034406323,0.022549581
2.1596875,0.035203613,0.025736137
2.16,0.036000903,0.028126054
2.1603125,0.036000903,0.029719332
2.160625,0.036000903,0.030515971
2.1609375,0.036000903,0.029719332
2.16125,0.035203613,0.029719332
2.1615625,0.036000903,0.029719332
2.161875,0.036000903,0.028126054
2.1621875,0.038392772,0.037685722
2.1625,0.039987352,0.053618503
2.1628125,0.042379221,0.06477145
2.163125,0.051149409,0.115756349
2.1634375,0.055135858,0.16514797
2.16375,0.056730438,0.190640419
2.1640625,0.055933148,0.200996727
2.164375,0.055933148,0.202590005
2.1646875,0.056730438,0.207369839
2.165,0.055933148,0.195420253
2.1653125,0.054338569,0.181080751
2.165625,0.051149409,0.161961413
2.1659375,0.04955483,0.142045437
2.16625,0.045568381,0.115756349
2.1665625,0.045568381,0.095043734
2.166875,0.043176511,0.078314314
2.1671875,0.042379221,0.062381533
2.1675,0.039987352,0.044058835
2.1678125,0.034406323,0.016973107
2.168125,0.031217164,0.002633605
2.1684375,0.028825294,-0.004536147
2.16875,0.024838845,-0.018079011
2.1690625,0.020852396,-0.032418513
2.169375,0.019257817,-0.04357146
2.1696875,0.018460527,-0.050741211
2.17,0.016865947,-0.06030088
2.1703125,0.017663237,-0.06030088
2.170625,0.018460527,-0.049944572
2.1709375,0.020055106,-0.040384904
2.17125,0.020852396,-0.032418513
2.1715625,0.022446976,-0.024452123
2.171875,0.028028005,-0.006129425
2.1721875,0.031217164,0.005820161
2.1725,0.021649686,-0.012502537
2.1728125,0.013676788,-0.057114324
2.173125,0.013676788,-0.076233661
2.1734375,0.012879498,-0.077826939
2.17375,0.014474078,-0.073047105
2.1740625,0.016865947,-0.061097519
2.174375,0.019257817,-0.045164738
2.1746875,0.021649686,-0.02684204
2.175,0.024838845,-0.013299176
2.1753125,0.028028005,0.001040326
2.175625,0.032014454,0.012989912
2.1759375,0.033609033,0.020956303
2.17625,0.034406323,0.024142859
2.1765625,0.034406323,0.026532776
2.176875,0.035203613,0.028922693
2.1771875,0.035203613,0.030515971
2.1775,0.036000903,0.030515971
2.1778125,0.036000903,0.029719332
2.178125,0.036000903,0.029719332
2.1784375,0.036000903,0.028922693
2.17875,0.036000903,0.032905888
2.1790625,0.039190062,0.04804203
2.179375,0.039987352,0.060788255
2.1796875,0.04636567,0.091857178
2.18,0.053541279,0.150808467
2.1803125,0.055933148,0.182674029
2.180625,0.055933148,0.199403449
2.1809375,0.055135858,0.200996727
2.18125,0.055933148,0.208166478
2.1815625,0.055135858,0.200200088
2.181875,0.055135858,0.185860585
2.1821875,0.052743989,0.169131165
2.1825,0.050352119,0.150011828
2.1828125,0.04636567,0.124519378
2.183125,0.045568381,0.103010124
2.1834375,0.044771091,0.083890787
2.18375,0.043176511,0.067958006
2.1840625,0.040784642,0.052821864
2.184375,0.035203613,0.026532776
2.1846875,0.031217164,0.0066168
2.185,0.029622584,-0.001349591
2.1853125,0.025636135,-0.011705898
2.185625,0.022446976,-0.02684204
2.1859375,0.020055106,-0.038791626
2.18625,0.018460527,-0.049147933
2.1865625,0.016865947,-0.056317685
2.186875,0.016865947,-0.062690797
2.1871875,0.019257817,-0.053927768
2.1875,0.019257817,-0.044368099
2.1878125,0.020055106,-0.03560507
2.188125,0.021649686,-0.028435318
2.1884375,0.026433425,-0.011705898
2.18875,0.030419874,0.002633605
2.1890625,0.027230715,0.000243687
2.189375,0.015271367,-0.042774821
2.1896875,0.012879498,-0.073047105
2.19,0.013676788,-0.077826939
2.1903125,0.014474078,-0.076233661
2.190625,0.016068657,-0.065080714
2.1909375,0.017663237,-0.05233449
2.19125,0.020055106,-0.033215153
2.1915625,0.023244266,-0.018079011
2.191875,0.028028005,-0.003739508
2.1921875,0.031217164,0.007413439
2.1925,0.034406323,0.019363024
2.1928125,0.034406323,0.024142859
2.193125,0.035203613,0.025736137
2.1934375,0.034406323,0.027329415
2.19375,0.035203613,0.028922693
2.1940625,0.035203613,0.028922693
2.194375,0.036798193,0.029719332
2.1946875,0.035203613,0.029719332
2.195,0.035203613,0.028922693
2.1953125,0.036000903,0.029719332
2.195625,0.039190062,0.042465557
2.1959375,0.040784642,0.057601699
2.19625,0.043973801,0.073534479
2.1965625,0.051946699,0.132485769
2.196875,0.055135858,0.172317721
2.1971875,0.056730438,0.195420253
2.1975,0.055135858,0.200996727
2.1978125,0.055933148,0.204183283
2.198125,0.055135858,0.204183283
2.1984375,0.055135858,0.191437058
2.19875,0.054338569,0.177097555
2.1990625,0.051149409,0.15638494
2.199375,0.04796025,0.134875686
2.1996875,0.044771091,0.110179876
2.2,0.044771091,0.091060538
2.2003125,0.043176511,0.073534479
2.200625,0.041581931,0.058398338
2.2009375,0.037595482,0.036889083
2.20125,0.032811743,0.012193273
2.2015625,0.030419874,0.001040326
2.201875,0.027230715,-0.006926064
2.2021875,0.023244266,-0.022062206
2.2025,0.019257817,-0.03560507
2.2028125,0.019257817,-0.045164738
2.203125,0.017663237,-0.05233449
2.2034375,0.016865947,-0.062690797
2.20375,0.018460527,-0.057910963
2.2040625,0.019257817,-0.047554655
2.204375,0.020055106,-0.037994987
2.2046875,0.020852396,-0.030825235
2.205,0.024041555,-0.01887565
2.2053125,0.028825294,-0.000552952
2.205625,0.030419874,0.007413439
2.2059375,0.017663237,-0.025248762
2.20625,0.012879498,-0.065080714
2.2065625,0.013676788,-0.0770303
2.206875,0.014474078,-0.075437022
2.2071875,0.015271367,-0.06906391
2.2075,0.017663237,-0.057114324
2.2078125,0.019257817,-0.038791626
2.208125,0.021649686,-0.022858845
2.2084375,0.025636135,-0.008519342
2.20875,0.030419874,0.004226883
2.2090625,0.033609033,0.015379829
2.209375,0.033609033,0.021752942
2.2096875,0.035203613,0.025736137
2.21,0.035203613,0.027329415
2.2103125,0.035203613,0.028922693
2.210625,0.035203613,0.028922693
2.2109375,0.034406323,0.028922693
2.21125,0.035203613,0.028922693
2.2115625,0.035203613,0.028922693
2.211875,0.035203613,0.028922693
2.2121875,0.037595482,0.036092444
2.2125,0.039987352,0.052821864
2.2128125,0.040784642,0.063178172
2.213125,0.04955483,0.109383236
2.2134375,0.053541279,0.160368135
2.21375,0.055135858,0.188250502
2.2140625,0.055135858,0.200996727
2.214375,0.055933148,0.200996727
2.2146875,0.055135858,0.2065732
2.215,0.054338569,0.194623614
2.2153125,0.053541279,0.18187739
2.215625,0.051149409,0.163554692
2.2159375,0.04875754,0.143638715
2.21625,0.045568381,0.117349627
2.2165625,0.044771091,0.097433651
2.216875,0.043973801,0.079110953
2.2171875,0.042379221,0.063974811
2.2175,0.039190062,0.046448752
2.2178125,0.034406323,0.019363024
2.218125,0.031217164,0.005023522
2.2184375,0.028825294,-0.002942869
2.21875,0.024838845,-0.015689094
2.2190625,0.020852396,-0.030825235
2.219375,0.019257817,-0.041978182
2.2196875,0.018460527,-0.049944572
2.22,0.016865947,-0.059504241
2.2203125,0.016865947,-0.061097519
2.220625,0.018460527,-0.050741211
2.2209375,0.019257817,-0.041978182
2.22125,0.020852396,-0.033215153
2.2215625,0.022446976,-0.025248762
2.221875,0.028028005,-0.006129425
2.2221875,0.031217164,0.005023522
2.2225,0.023244266,-0.008519342
2.2228125,0.012879498,-0.053131129
2.223125,0.012082208,-0.075437022
2.2234375,0.013676788,-0.076233661
2.22375,0.014474078,-0.073047105
2.2240625,0.016068657,-0.061894158
2.224375,0.018460527,-0.045961377
2.2246875,0.021649686,-0.028435318
2.225,0.024041555,-0.014095815
2.2253125,0.028028005,-0.000552952
2.225625,0.032014454,0.011396634
2.2259375,0.033609033,0.020159663
2.22625,0.034406323,0.024142859
2.2265625,0.035203613,0.026532776
2.226875,0.035203613,0.028922693
2.2271875,0.036000903,0.030515971
2.2275,0.035203613,0.029719332
2.2278125,0.035203613,0.029719332
2.228125,0.036000903,0.028922693
2.2284375,0.036000903,0.028126054
2.22875,0.036798193,0.032109249
2.2290625,0.039190062,0.047245391
2.229375,0.040784642,0.059991616
2.2296875,0.045568381,0.086280704
2.23,0.053541279,0.146825272
2.2303125,0.055933148,0.180284111
2.230625,0.055933148,0.19781017
2.2309375,0.055135858,0.200200088
2.23125,0.055933148,0.204979922
2.2315625,0.054338569,0.200200088
2.231875,0.054338569,0.186657224
2.2321875,0.052743989,0.169927804
2.2325,0.050352119,0.151605106
2.2328125,0.04716296,0.126112656
2.233125,0.044771091,0.104603402
2.2334375,0.043973801,0.085484065
2.23375,0.042379221,0.068754645
2.2340625,0.040784642,0.053618503
2.234375,0.036798193,0.028922693
2.2346875,0.032014454,0.007413439
2.235,0.030419874,-0.001349591
2.2353125,0.025636135,-0.010909259
2.235625,0.022446976,-0.02684204
2.2359375,0.020055106,-0.037994987
2.23625,0.018460527,-0.046758016
2.2365625,0.017663237,-0.055521046
2.236875,0.017663237,-0.062690797
2.2371875,0.019257817,-0.054724407
2.2375,0.019257817,-0.044368099
2.2378125,0.020852396,-0.03560507
2.238125,0.020852396,-0.030028596
2.2384375,0.025636135,-0.012502537
2.23875,0.029622584,0.001836965
2.2390625,0.028028005,0.003430244
2.239375,0.015271367,-0.037198348
2.2396875,0.012082208,-0.069860549
2.24,0.012879498,-0.076233661
2.2403125,0.014474078,-0.075437022
2.240625,0.016068657,-0.065080714
2.2409375,0.017663237,-0.053131129
2.24125,0.020852396,-0.033215153
2.2415625,0.023244266,-0.01887565
2.241875,0.028028005,-0.004536147
2.2421875,0.031217164,0.007413439
2.2425,0.033609033,0.018566385
2.2428125,0.034406323,0.02334622
2.243125,0.034406323,0.026532776
2.2434375,0.035203613,0.028126054
2.24375,0.036000903,0.029719332
2.2440625,0.035203613,0.029719332
2.244375,0.035203613,0.028922693
2.2446875,0.036000903,0.029719332
2.245,0.036000903,0.029719332
2.2453125,0.035203613,0.028922693
2.245625,0.038392772,0.040872279
2.2459375,0.039987352,0.05680506
2.24625,0.043176511,0.070347923
2.2465625,0.051149409,0.126112656
2.246875,0.054338569,0.169131165
2.2471875,0.055933148,0.193826975
2.2475,0.054338569,0.200200088
2.2478125,0.055933148,0.203386644
2.248125,0.054338569,0.204979922
2.2484375,0.054338569,0.191437058
2.24875,0.053541279,0.177894194
2.2490625,0.051149409,0.157978218
2.249375,0.04875754,0.136468964
2.2496875,0.045568381,0.111773154
2.25,0.045568381,0.092653817
2.2503125,0.043176511,0.075127758
2.250625,0.041581931,0.060788255
2.2509375,0.038392772,0.040872279
2.25125,0.034406323,0.01458319
2.2515625,0.031217164,0.001836965
2.251875,0.028825294,-0.006129425
2.2521875,0.024041555,-0.019672289
2.2525,0.020852396,-0.034808431
2.2528125,0.019257817,-0.045164738
2.253125,0.019257817,-0.051537851
2.2534375,0.016865947,-0.061894158
2.25375,0.018460527,-0.058707602
2.2540625,0.019257817,-0.047554655
2.254375,0.020055106,-0.038791626
2.2546875,0.021649686,-0.030825235
2.255,0.024838845,-0.020468928
2.2553125,0.030419874,-0.00214623
2.255625,0.032014454,0.007413439
2.2559375,0.020055106,-0.020468928
2.25625,0.013676788,-0.061894158
2.2565625,0.013676788,-0.075437022
2.256875,0.014474078,-0.075437022
2.2571875,0.016068657,-0.069860549
2.2575,0.016865947,-0.057910963
2.2578125,0.019257817,-0.040384904
2.258125,0.021649686,-0.024452123
2.2584375,0.025636135,-0.01011262
2.25875,0.029622584,0.003430244
2.2590625,0.032811743,0.015379829
2.259375,0.034406323,0.021752942
2.2596875,0.035203613,0.024939498
2.26,0.034406323,0.027329415
2.2603125,0.035203613,0.028922693
2.260625,0.035203613,0.029719332
2.2609375,0.035203613,0.028922693
2.26125,0.036000903,0.029719332
2.2615625,0.036000903,0.029719332
2.261875,0.036000903,0.028922693
2.2621875,0.037595482,0.035295805
2.2625,0.039987352,0.051228586
2.2628125,0.040784642,0.062381533
2.263125,0.04875754,0.102213485
2.2634375,0.053541279,0.15638494
2.26375,0.056730438,0.185860585
2.2640625,0.055933148,0.200200088
2.264375,0.055933148,0.200996727
2.2646875,0.055933148,0.207369839
2.265,0.055933148,0.196216892
2.2653125,0.055933148,0.182674029
2.265625,0.052743989,0.164351331
2.2659375,0.050352119,0.144435354
2.26625,0.04716296,0.119739544
2.2665625,0.045568381,0.099026929
2.266875,0.044771091,0.079907592
2.2671875,0.042379221,0.06477145
2.2675,0.040784642,0.04804203
2.2678125,0.034406323,0.021752942
2.268125,0.031217164,0.004226883
2.2684375,0.029622584,-0.003739508
2.26875,0.025636135,-0.014095815
2.2690625,0.021649686,-0.029231957
2.269375,0.019257817,-0.041978182
2.2696875,0.019257817,-0.049944572
2.27,0.017663237,-0.057910963
2.2703125,0.017663237,-0.061097519
2.270625,0.018460527,-0.051537851
2.2709375,0.019257817,-0.041978182
2.27125,0.020055106,-0.034011792
2.2715625,0.022446976,-0.026045401
2.271875,0.027230715,-0.007722703
2.2721875,0.030419874,0.004226883
2.2725,0.024838845,-0.006129425
2.2728125,0.014474078,-0.049147933
2.273125,0.012879498,-0.075437022
2.2734375,0.013676788,-0.076233661
2.27375,0.015271367,-0.073843744
2.2740625,0.016865947,-0.062690797
2.274375,0.018460527,-0.048351294
2.2746875,0.020852396,-0.029231957
2.275,0.024041555,-0.015689094
2.2753125,0.028028005,-0.001349591
2.275625,0.032014454,0.010599995
2.2759375,0.034406323,0.019363024
2.27625,0.034406323,0.02334622
2.2765625,0.035203613,0.026532776
2.276875,0.036000903,0.028126054
2.2771875,0.036000903,0.028922693
2.2775,0.036000903,0.029719332
2.2778125,0.036000903,0.029719332
2.278125,0.036000903,0.028922693
2.2784375,0.036000903,0.028126054
2.27875,0.038392772,0.03131261
2.2790625,0.039987352,0.044855474
2.279375,0.042379221,0.057601699
2.2796875,0.04636567,0.079907592
2.28,0.053541279,0.13965552
2.2803125,0.055933148,0.176300916
2.280625,0.057527728,0.195420253
2.2809375,0.055933148,0.200200088
2.28125,0.056730438,0.204979922
2.2815625,0.055933148,0.201793366
2.281875,0.055933148,0.187453863
2.2821875,0.053541279,0.172317721
2.2825,0.051149409,0.153198384
2.2828125,0.04796025,0.129299213
2.283125,0.045568381,0.10619668
2.2834375,0.044771091,0.087077343
2.28375,0.042379221,0.070347923
2.2840625,0.041581931,0.055211781
2.284375,0.036798193,0.030515971
2.2846875,0.032811743,0.009006717
2.285,0.030419874,0.000243687
2.2853125,0.028028005,-0.008519342
2.285625,0.022446976,-0.024452123
2.2859375,0.020055106,-0.037198348
2.28625,0.018460527,-0.046758016
2.2865625,0.017663237,-0.053927768
2.286875,0.016865947,-0.062690797
2.2871875,0.018460527,-0.055521046
2.2875,0.019257817,-0.045961377
2.2878125,0.020055106,-0.036401709
2.288125,0.020852396,-0.030825235
2.2884375,0.025636135,-0.015689094
2.28875,0.030419874,0.001040326
2.2890625,0.030419874,0.005023522
2.289375,0.016865947,-0.033215153
2.2896875,0.012879498,-0.06906391
2.29,0.013676788,-0.076233661
2.2903125,0.014474078,-0.075437022
2.290625,0.016068657,-0.065877353
2.2909375,0.016865947,-0.054724407
2.29125,0.019257817,-0.036401709
2.2915625,0.022446976,-0.020468928
2.291875,0.027230715,-0.006129425
2.2921875,0.030419874,0.0066168
2.2925,0.033609033,0.016973107
2.2928125,0.034406323,0.022549581
2.293125,0.034406323,0.024939498
2.2934375,0.035203613,0.028126054
2.29375,0.036000903,0.028922693
2.2940625,0.036000903,0.029719332
2.294375,0.035203613,0.028922693
2.2946875,0.036000903,0.029719332
2.295,0.036000903,0.028922693
2.2953125,0.036000903,0.028126054
2.295625,0.038392772,0.038482362
2.2959375,0.040784642,0.053618503
2.29625,0.042379221,0.065568089
2.2965625,0.051149409,0.119739544
2.296875,0.054338569,0.165944609
2.2971875,0.055933148,0.190640419
2.2975,0.055135858,0.200200088
2.2978125,0.056730438,0.201793366
2.298125,0.056730438,0.2065732
2.2984375,0.055933148,0.192233697
2.29875,0.054338569,0.179487472
2.2990625,0.051946699,0.158774857
2.299375,0.04955483,0.13965552
2.2996875,0.045568381,0.114163071
2.3,0.044771091,0.095043734
2.3003125,0.043176511,0.075924397
2.300625,0.042379221,0.060788255
2.3009375,0.038392772,0.041668918
2.30125,0.034406323,0.015379829
2.3015625,0.030419874,0.001836965
2.301875,0.028028005,-0.005332786
2.3021875,0.024041555,-0.01887565
2.3025,0.021649686,-0.033215153
2.3028125,0.019257817,-0.04357146
2.303125,0.019257817,-0.050741211
2.3034375,0.016865947,-0.061097519
2.30375,0.017663237,-0.059504241
2.3040625,0.019257817,-0.049147933
2.304375,0.020055106,-0.040384904
2.3046875,0.020852396,-0.032418513
2.305,0.023244266,-0.022858845
2.3053125,0.028825294,-0.004536147
2.305625,0.032014454,0.0066168
2.3059375,0.022446976,-0.016485733
2.30625,0.013676788,-0.059504241
2.3065625,0.012879498,-0.076233661
2.306875,0.012879498,-0.0770303
2.3071875,0.015271367,-0.071453827
2.3075,0.016865947,-0.06030088
2.3078125,0.018460527,-0.042774821
2.308125,0.021649686,-0.025248762
2.3084375,0.024041555,-0.011705898
2.30875,0.028825294,0.001836965
2.3090625,0.032014454,0.01458319
2.309375,0.033609033,0.020956303
2.3096875,0.034406323,0.024939498
2.31,0.035203613,0.027329415
2.3103125,0.035203613,0.027329415
2.310625,0.035203613,0.028922693
2.3109375,0.035203613,0.028922693
2.31125,0.035203613,0.028922693
2.3115625,0.035203613,0.028922693
2.311875,0.036000903,0.028126054
2.3121875,0.037595482,0.032905888
2.3125,0.039987352,0.04804203
2.3128125,0.040784642,0.059991616
2.313125,0.04796025,0.095043734
2.3134375,0.054338569,0.150808467
2.31375,0.055933148,0.182674029
2.3140625,0.055933148,0.199403449
2.314375,0.055135858,0.199403449
2.3146875,0.055933148,0.2065732
2.315,0.055135858,0.19781017
2.3153125,0.054338569,0.183470668
2.315625,0.052743989,0.165944609
2.3159375,0.050352119,0.146825272
2.31625,0.04716296,0.122129461
2.3165625,0.044771091,0.100620207
2.316875,0.043973801,0.083094148
2.3171875,0.042379221,0.066364728
2.3175,0.039987352,0.050431947
2.3178125,0.034406323,0.024142859
2.318125,0.031217164,0.005820161
2.3184375,0.030419874,-0.00214623
2.31875,0.025636135,-0.012502537
2.3190625,0.021649686,-0.029231957
2.319375,0.019257817,-0.040384904
2.3196875,0.018460527,-0.048351294
2.32,0.017663237,-0.057114324
2.3203125,0.017663237,-0.062690797
2.320625,0.019257817,-0.053131129
2.3209375,0.019257817,-0.04357146
2.32125,0.020852396,-0.034808431
2.3215625,0.021649686,-0.028435318
2.321875,0.027230715,-0.01011262
2.3221875,0.030419874,0.003430244
2.3225,0.026433425,-0.00214623
2.3228125,0.014474078,-0.045961377
2.323125,0.012879498,-0.074640383
2.3234375,0.013676788,-0.077826939
2.32375,0.014474078,-0.074640383
2.3240625,0.016068657,-0.064284075
2.324375,0.017663237,-0.050741211
2.3246875,0.020055106,-0.031621874
2.325,0.023244266,-0.017282372
2.3253125,0.027230715,-0.002942869
2.325625,0.031217164,0.009006717
2.3259375,0.033609033,0.019363024
2.32625,0.034406323,0.02334622
2.3265625,0.034406323,0.026532776
2.326875,0.034406323,0.027329415
2.3271875,0.035203613,0.028922693
2.3275,0.035203613,0.028922693
2.3278125,0.034406323,0.028922693
2.328125,0.035203613,0.028922693
2.3284375,0.034406323,0.028126054
2.32875,0.035203613,0.029719332
2.3290625,0.038392772,0.043262196
2.329375,0.039987352,0.058398338
2.3296875,0.043973801,0.075924397
2.33,0.051946699,0.136468964
2.3303125,0.055135858,0.17311436
2.330625,0.055933148,0.196216892
2.3309375,0.055135858,0.200200088
2.33125,0.055933148,0.2065732
2.3315625,0.054338569,0.203386644
2.331875,0.054338569,0.189047141
2.3321875,0.052743989,0.174707638
2.3325,0.04955483,0.153995023
2.3328125,0.04636567,0.13168913
2.333125,0.043973801,0.108586597
2.3334375,0.043176511,0.088670621
2.33375,0.042379221,0.071941201
2.3340625,0.039987352,0.057601699
2.334375,0.036000903,0.034499166
2.3346875,0.032014454,0.010599995
2.335,0.030419874,0.000243687
2.3353125,0.026433425,-0.008519342
2.335625,0.022446976,-0.023655484
2.3359375,0.020055106,-0.036401709
2.33625,0.017663237,-0.046758016
2.3365625,0.016865947,-0.05233449
2.336875,0.015271367,-0.061894158
2.3371875,0.017663237,-0.056317685
2.3375,0.018460527,-0.045961377
2.3378125,0.019257817,-0.037198348
2.338125,0.020055106,-0.030825235
2.3384375,0.024041555,-0.016485733
2.33875,0.028028005,-0.001349591
2.3390625,0.029622584,0.0066168
2.339375,0.016865947,-0.029231957
2.3396875,0.011284918,-0.067470631
2.34,0.012879498,-0.076233661
2.3403125,0.013676788,-0.075437022
2.340625,0.014474078,-0.067470631
2.3409375,0.016068657,-0.055521046
2.34125,0.019257817,-0.037198348
2.3415625,0.022446976,-0.022062206
2.341875,0.025636135,-0.007722703
2.3421875,0.029622584,0.005820161
2.3425,0.033609033,0.016973107
2.3428125,0.033609033,0.022549581
2.343125,0.034406323,0.025736137
2.3434375,0.034406323,0.028126054
2.34375,0.035203613,0.028922693
2.3440625,0.035203613,0.029719332
2.344375,0.034406323,0.028922693
2.3446875,0.034406323,0.028922693
2.345,0.035203613,0.028922693
2.3453125,0.036000903,0.028126054
2.345625,0.038392772,0.037685722
2.3459375,0.039987352,0.052821864
2.34625,0.042379221,0.06477145
2.3465625,0.04955483,0.113366432
2.346875,0.053541279,0.161961413
2.3471875,0.055933148,0.189047141
2.3475,0.055135858,0.200996727
2.3478125,0.055135858,0.201793366
2.348125,0.055135858,0.205776561
2.3484375,0.055135858,0.193030336
2.34875,0.054338569,0.179487472
2.3490625,0.051149409,0.161164774
2.349375,0.04955483,0.141248798
2.3496875,0.04636567,0.116552988
2.35,0.044771091,0.096637012
2.3503125,0.043973801,0.077517675
2.350625,0.041581931,0.062381533
2.3509375,0.039190062,0.044058835
2.35125,0.034406323,0.016973107
2.3515625,0.031217164,0.002633605
2.351875,0.028825294,-0.004536147
2.3521875,0.024041555,-0.017282372
2.3525,0.020852396,-0.032418513
2.3528125,0.018460527,-0.04357146
2.353125,0.018460527,-0.050741211
2.3534375,0.016865947,-0.059504241
2.35375,0.017663237,-0.059504241
2.3540625,0.018460527,-0.049147933
2.354375,0.019257817,-0.040384904
2.3546875,0.020852396,-0.032418513
2.355,0.022446976,-0.024452123
2.3553125,0.028028005,-0.005332786
2.355625,0.031217164,0.0066168
2.3559375,0.021649686,-0.012502537
2.35625,0.013676788,-0.055521046
2.3565625,0.012879498,-0.075437022
2.356875,0.012879498,-0.076233661
2.3571875,0.013676788,-0.072250466
2.3575,0.015271367,-0.061097519
2.3578125,0.018460527,-0.045164738
2.358125,0.020852396,-0.02684204
2.3584375,0.023244266,-0.013299176
2.35875,0.028028005,0.000243687
2.3590625,0.032811743,0.012193273
2.359375,0.033609033,0.020159663
2.3596875,0.034406323,0.02334622
2.36,0.035203613,0.026532776
2.3603125,0.034406323,0.028126054
2.360625,0.035203613,0.028922693
2.3609375,0.035203613,0.028922693
2.36125,0.036000903,0.028922693
2.3615625,0.036000903,0.028922693
2.361875,0.035203613,0.028126054
2.3621875,0.036798193,0.032109249
2.3625,0.039987352,0.04804203
2.3628125,0.040784642,0.060788255
2.363125,0.04636567,0.08946726
2.3634375,0.053541279,0.147621911
2.36375,0.056730438,0.181080751
2.3640625,0.056730438,0.19781017
2.364375,0.055933148,0.198606809
2.3646875,0.055933148,0.205776561
2.365,0.055135858,0.199403449
2.3653125,0.055135858,0.185063946
2.365625,0.051946699,0.168334526
2.3659375,0.04955483,0.14841855
2.36625,0.04716296,0.125316017
2.3665625,0.045568381,0.103806763
2.366875,0.043973801,0.084687426
2.3671875,0.042379221,0.067161367
2.3675,0.040784642,0.052821864
2.3678125,0.036000903,0.027329415
2.368125,0.032014454,0.007413439
2.3684375,0.029622584,-0.001349591
2.36875,0.026433425,-0.012502537
2.3690625,0.022446976,-0.02684204
2.369375,0.020055106,-0.038791626
2.3696875,0.019257817,-0.048351294
2.37,0.017663237,-0.055521046
2.3703125,0.016865947,-0.061894158
2.370625,0.019257817,-0.05233449
2.3709375,0.019257817,-0.04357146
2.37125,0.020852396,-0.034808431
2.3715625,0.021649686,-0.029231957
2.371875,0.026433425,-0.011705898
2.3721875,0.031217164,0.002633605
2.3725,0.028028005,0.001040326
2.3728125,0.015271367,-0.041978182
2.373125,0.013676788,-0.071453827
2.3734375,0.014474078,-0.0770303
2.37375,0.014474078,-0.074640383
2.3740625,0.016068657,-0.065080714
2.374375,0.017663237,-0.051537851
2.3746875,0.020852396,-0.031621874
2.375,0.023244266,-0.017282372
2.3753125,0.027230715,-0.003739508
2.375625,0.031217164,0.009006717
2.3759375,0.032811743,0.018566385
2.37625,0.034406323,0.022549581
2.3765625,0.035203613,0.024939498
2.376875,0.036000903,0.027329415
2.3771875,0.036000903,0.028126054
2.3775,0.036000903,0.028922693
2.3778125,0.035203613,0.028922693
2.378125,0.036000903,0.028922693
2.3784375,0.035203613,0.028126054
2.37875,0.036000903,0.028922693
2.3790625,0.038392772,0.040872279
2.379375,0.039987352,0.05600842
2.3796875,0.043176511,0.071144562
2.38,0.051946699,0.130095852
2.3803125,0.055135858,0.169927804
2.380625,0.056730438,0.193030336
2.3809375,0.056730438,0.199403449
2.38125,0.056730438,0.204183283
2.3815625,0.055933148,0.204183283
2.381875,0.055135858,0.18984378
2.3821875,0.053541279,0.174707638
2.3825,0.051946699,0.15638494
2.3828125,0.04875754,0.134875686
2.383125,0.045568381,0.109383236
2.3834375,0.044771091,0.091060538
2.38375,0.043176511,0.07273784
2.3840625,0.041581931,0.057601699
2.384375,0.037595482,0.036889083
2.3846875,0.033609033,0.011396634
2.385,0.030419874,0.000243687
2.3853125,0.028028005,-0.006926064
2.385625,0.024041555,-0.021265567
2.3859375,0.020852396,-0.03560507
2.38625,0.018460527,-0.045961377
2.3865625,0.018460527,-0.05233449
2.386875,0.017663237,-0.062690797
2.3871875,0.018460527,-0.058707602
2.3875,0.019257817,-0.048351294
2.3878125,0.020055106,-0.037994987
2.388125,0.020852396,-0.030825235
2.3884375,0.024041555,-0.019672289
2.38875,0.029622584,-0.001349591
2.3890625,0.031217164,0.0066168
2.389375,0.018460527,-0.026045401
2.3896875,0.012879498,-0.065080714
2.39,0.013676788,-0.076233661
2.3903125,0.013676788,-0.076233661
2.390625,0.015271367,-0.069860549
2.3909375,0.016865947,-0.057910963
2.39125,0.020055106,-0.039588265
2.3915625,0.021649686,-0.023655484
2.391875,0.025636135,-0.01011262
2.3921875,0.029622584,0.004226883
2.3925,0.032811743,0.015379829
2.3928125,0.033609033,0.021752942
2.393125,0.034406323,0.024939498
2.3934375,0.035203613,0.026532776
2.39375,0.036000903,0.028922693
2.3940625,0.036000903,0.029719332
2.394375,0.035203613,0.029719332
2.3946875,0.035203613,0.028922693
2.395,0.035203613,0.028922693
2.3953125,0.035203613,0.028126054
2.395625,0.037595482,0.035295805
2.3959375,0.039987352,0.051228586
2.39625,0.040784642,0.062381533
2.3965625,0.04875754,0.10619668
2.396875,0.054338569,0.157978218
2.3971875,0.055933148,0.186657224
2.3975,0.055933148,0.200200088
2.3978125,0.055933148,0.200200088
2.398125,0.055933148,0.2065732
2.3984375,0.055933148,0.195420253
2.39875,0.055135858,0.18187739
2.3990625,0.051946699,0.163554692
2.399375,0.04955483,0.142842076
2.3996875,0.04716296,0.118146266
2.4,0.045568381,0.096637012
2.4003125,0.043973801,0.079110953
2.400625,0.042379221,0.063178172
2.4009375,0.039190062,0.046448752
2.40125,0.034406323,0.019363024
2.4015625,0.032014454,0.003430244
2.401875,0.029622584,-0.002942869
2.4021875,0.024838845,-0.015689094
2.4025,0.020852396,-0.030825235
2.4028125,0.020055106,-0.041181543
2.403125,0.019257817,-0.049147933
2.4034375,0.016865947,-0.058707602
2.40375,0.017663237,-0.061097519
2.4040625,0.018460527,-0.051537851
2.404375,0.020055106,-0.041181543
2.4046875,0.020852396,-0.032418513
2.405,0.021649686,-0.025248762
2.4053125,0.027230715,-0.006926064
2.405625,0.031217164,0.005820161
2.4059375,0.024041555,-0.007722703
2.40625,0.014474078,-0.05233449
2.4065625,0.013676788,-0.074640383
2.406875,0.013676788,-0.076233661
2.4071875,0.014474078,-0.073843744
2.4075,0.016068657,-0.061894158
2.4078125,0.018460527,-0.047554655
2.408125,0.020852396,-0.029231957
2.4084375,0.023244266,-0.014892454
2.40875,0.028825294,0.000243687
2.4090625,0.032014454,0.011396634
2.409375,0.034406323,0.020159663
2.4096875,0.035203613,0.024142859
2.41,0.036000903,0.026532776
2.4103125,0.036000903,0.028126054
2.410625,0.035203613,0.028922693
2.4109375,0.036000903,0.028922693
2.41125,0.036000903,0.029719332
2.4115625,0.036000903,0.029719332
2.411875,0.036000903,0.028126054
2.4121875,0.036798193,0.03131261
2.4125,0.039190062,0.046448752
2.4128125,0.039987352,0.058398338
2.413125,0.045568381,0.083890787
2.4134375,0.052743989,0.143638715
2.41375,0.055933148,0.178690833
2.4140625,0.056730438,0.198606809
2.414375,0.055135858,0.200200088
2.4146875,0.056730438,0.2065732
2.415,0.055135858,0.200996727
2.4153125,0.055135858,0.186657224
2.415625,0.053541279,0.171521082
2.4159375,0.050352119,0.151605106
2.41625,0.04716296,0.126909295
2.4165625,0.045568381,0.105400041
2.416875,0.044771091,0.086280704
2.4171875,0.043176511,0.069551284
2.4175,0.040784642,0.054415142
2.4178125,0.036000903,0.030515971
2.418125,0.032014454,0.007413439
2.4184375,0.029622584,-0.000552952
2.41875,0.026433425,-0.010909259
2.4190625,0.021649686,-0.026045401
2.419375,0.020852396,-0.037994987
2.4196875,0.019257817,-0.047554655
2.42,0.017663237,-0.054724407
2.4203125,0.016865947,-0.062690797
2.420625,0.018460527,-0.054724407
2.4209375,0.019257817,-0.044368099
2.42125,0.020055106,-0.03560507
2.4215625,0.021649686,-0.029231957
2.421875,0.025636135,-0.013299176
2.4221875,0.030419874,0.001836965
2.4225,0.029622584,0.003430244
2.4228125,0.016068657,-0.037198348
2.423125,0.012879498,-0.070657188
2.4234375,0.013676788,-0.076233661
2.42375,0.013676788,-0.075437022
2.4240625,0.015271367,-0.065080714
2.424375,0.017663237,-0.053927768
2.4246875,0.020055106,-0.034011792
2.425,0.022446976,-0.019672289
2.4253125,0.026433425,-0.006129425
2.425625,0.030419874,0.007413439
2.4259375,0.034406323,0.018566385
2.42625,0.033609033,0.022549581
2.4265625,0.035203613,0.025736137
2.426875,0.035203613,0.028126054
2.4271875,0.036000903,0.029719332
2.4275,0.036000903,0.029719332
2.4278125,0.036000903,0.029719332
2.428125,0.036000903,0.028922693
2.4284375,0.035203613,0.028922693
2.42875,0.035203613,0.028922693
2.4290625,0.038392772,0.04007564
2.429375,0.039987352,0.055211781
2.4296875,0.042379221,0.068754645
2.43,0.051149409,0.1229261
2.4303125,0.055135858,0.168334526
2.430625,0.056730438,0.192233697
2.4309375,0.055135858,0.200200088
2.43125,0.056730438,0.204183283
2.4315625,0.055933148,0.205776561
2.431875,0.055933148,0.192233697
2.4321875,0.054338569,0.177097555
2.4325,0.051149409,0.158774857
2.4328125,0.04796025,0.137265603
2.433125,0.044771091,0.113366432
2.4334375,0.044771091,0.093450456
2.43375,0.043176511,0.075127758
2.4340625,0.041581931,0.060788255
2.434375,0.038392772,0.040872279
2.4346875,0.033609033,0.01458319
2.435,0.031217164,0.001836965
2.4353125,0.028028005,-0.005332786
2.435625,0.023244266,-0.019672289
2.4359375,0.020055106,-0.034011792
2.43625,0.018460527,-0.044368099
2.4365625,0.017663237,-0.050741211
2.436875,0.016068657,-0.061097519
2.4371875,0.017663237,-0.057910963
2.4375,0.018460527,-0.048351294
2.4378125,0.019257817,-0.039588265
2.438125,0.020055106,-0.031621874
2.4384375,0.023244266,-0.022062206
2.43875,0.028028005,-0.003739508
2.4390625,0.031217164,0.0066168
2.439375,0.019257817,-0.020468928
2.4396875,0.012082208,-0.062690797
2.44,0.012082208,-0.077826939
2.4403125,0.013676788,-0.076233661
2.440625,0.014474078,-0.071453827
2.4409375,0.016865947,-0.059504241
2.44125,0.018460527,-0.041978182
2.4415625,0.021649686,-0.025248762
2.441875,0.024041555,-0.011705898
2.4421875,0.028825294,0.001836965
2.4425,0.032811743,0.01458319
2.4428125,0.034406323,0.021752942
2.443125,0.034406323,0.024939498
2.4434375,0.034406323,0.027329415
2.44375,0.035203613,0.028126054
2.4440625,0.035203613,0.028922693
2.444375,0.034406323,0.028126054
2.4446875,0.035203613,0.028922693
2.445,0.036000903,0.028922693
2.4453125,0.035203613,0.028126054
2.445625,0.036798193,0.034499166
2.4459375,0.039190062,0.050431947
2.44625,0.039987352,0.061584894
2.4465625,0.04796025,0.101416846
2.446875,0.054338569,0.15638494
2.4471875,0.056730438,0.186657224
2.4475,0.056730438,0.200200088
2.4478125,0.055933148,0.200200088
2.448125,0.055933148,0.207369839
2.4484375,0.055933148,0.196216892
2.44875,0.055135858,0.183470668
2.4490625,0.052743989,0.165944609
2.449375,0.050352119,0.146028633
2.4496875,0.04636567,0.120536183
2.45,0.044771091,0.100620207
2.4503125,0.043973801,0.080704231
2.450625,0.042379221,0.06477145
2.4509375,0.039987352,0.04804203
2.45125,0.035203613,0.021752942
2.4515625,0.032014454,0.003430244
2.451875,0.030419874,-0.002942869
2.4521875,0.025636135,-0.014892454
2.4525,0.021649686,-0.030028596
2.4528125,0.020055106,-0.041181543
2.453125,0.018460527,-0.049147933
2.4534375,0.016865947,-0.057910963
2.45375,0.017663237,-0.061894158
2.4540625,0.018460527,-0.05233449
2.454375,0.019257817,-0.042774821
2.4546875,0.020852396,-0.034011792
2.455,0.022446976,-0.027638679
2.4553125,0.028028005,-0.008519342
2.455625,0.031217164,0.004226883
2.4559375,0.024838845,-0.004536147
2.45625,0.013676788,-0.049147933
2.4565625,0.012879498,-0.073843744
2.456875,0.013676788,-0.0770303
2.4571875,0.013676788,-0.074640383
2.4575,0.015271367,-0.062690797
2.4578125,0.017663237,-0.049944572
2.458125,0.020055106,-0.030825235
2.4584375,0.023244266,-0.016485733
2.45875,0.028028005,-0.00214623
2.4590625,0.032014454,0.009803356
2.459375,0.034406323,0.019363024
2.4596875,0.034406323,0.022549581
2.46,0.035203613,0.025736137
2.4603125,0.035203613,0.028126054
2.460625,0.035203613,0.028126054
2.4609375,0.036000903,0.028126054
2.46125,0.036000903,0.028922693
2.4615625,0.036000903,0.028922693
2.461875,0.036798193,0.028126054
2.4621875,0.036798193,0.029719332
2.4625,0.039987352,0.044855474
2.4628125,0.040784642,0.059194977
2.463125,0.043973801,0.079110953
2.4634375,0.052743989,0.13965552
2.46375,0.056730438,0.177097555
2.4640625,0.057527728,0.197013531
2.464375,0.055933148,0.200200088
2.4646875,0.056730438,0.2065732
2.465,0.055933148,0.203386644
2.4653125,0.055933148,0.189047141
2.465625,0.053541279,0.17311436
2.4659375,0.051149409,0.153198384
2.46625,0.04796025,0.130892491
2.4665625,0.045568381,0.106993319
2.466875,0.044771091,0.087873982
2.4671875,0.043176511,0.071144562
2.4675,0.042379221,0.05600842
2.4678125,0.038392772,0.032905888
2.468125,0.032014454,0.009006717
2.4684375,0.030419874,0.000243687
2.46875,0.026433425,-0.01011262
2.4690625,0.022446976,-0.024452123
2.469375,0.020055106,-0.036401709
2.4696875,0.018460527,-0.046758016
2.47,0.018460527,-0.054724407
2.4703125,0.016865947,-0.063487436
2.470625,0.018460527,-0.056317685
2.4709375,0.019257817,-0.045961377
2.47125,0.020055106,-0.037198348
2.4715625,0.020852396,-0.030825235
2.471875,0.024838845,-0.015689094
2.4721875,0.030419874,0.001040326
2.4725,0.030419874,0.005023522
2.4728125,0.016865947,-0.034011792
2.473125,0.012082208,-0.069860549
2.4734375,0.013676788,-0.0770303
2.47375,0.014474078,-0.075437022
2.4740625,0.015271367,-0.067470631
2.474375,0.016865947,-0.054724407
2.4746875,0.019257817,-0.036401709
2.475,0.021649686,-0.022062206
2.4753125,0.025636135,-0.006926064
2.475625,0.030419874,0.005820161
2.4759375,0.033609033,0.016973107
2.47625,0.035203613,0.021752942
2.4765625,0.035203613,0.024142859
2.476875,0.035203613,0.027329415
2.4771875,0.035203613,0.028126054
2.4775,0.036000903,0.028922693
2.4778125,0.036000903,0.028922693
2.478125,0.036000903,0.028922693
2.4784375,0.035203613,0.028126054
2.47875,0.036000903,0.027329415
2.4790625,0.038392772,0.037685722
2.479375,0.040784642,0.053618503
2.4796875,0.042379221,0.065568089
2.48,0.051946699,0.118146266
2.4803125,0.055135858,0.164351331
2.480625,0.057527728,0.191437058
2.4809375,0.055933148,0.200200088
2.48125,0.056730438,0.201793366
2.4815625,0.055933148,0.2065732
2.481875,0.055135858,0.193826975
2.4821875,0.053541279,0.179487472
2.4825,0.051149409,0.159571496
2.4828125,0.04955483,0.13965552
2.483125,0.045568381,0.114163071
2.4834375,0.044771091,0.094247095
2.48375,0.043176511,0.075924397
2.4840625,0.042379221,0.060788255
2.484375,0.038392772,0.041668918
2.4846875,0.033609033,0.015379829
2.485,0.031217164,0.001836965
2.4853125,0.028028005,-0.005332786
2.485625,0.023244266,-0.01887565
2.4859375,0.020852396,-0.033215153
2.48625,0.018460527,-0.044368099
2.4865625,0.017663237,-0.050741211
2.486875,0.016068657,-0.061097519
2.4871875,0.016865947,-0.059504241
2.4875,0.018460527,-0.049147933
2.4878125,0.019257817,-0.040384904
2.488125,0.020852396,-0.032418513
2.4884375,0.023244266,-0.023655484
2.48875,0.028028005,-0.005332786
2.4890625,0.031217164,0.005820161
2.489375,0.020852396,-0.015689094
2.4896875,0.012879498,-0.059504241
2.49,0.012879498,-0.0770303
2.4903125,0.012879498,-0.076233661
2.490625,0.013676788,-0.072250466
2.4909375,0.016068657,-0.059504241
2.49125,0.018460527,-0.044368099
2.4915625,0.020852396,-0.02684204
2.491875,0.023244266,-0.013299176
2.4921875,0.028028005,0.001040326
2.4925,0.031217164,0.012193273
2.4928125,0.032811743,0.020159663
2.493125,0.033609033,0.02334622
2.4934375,0.034406323,0.025736137
2.49375,0.035203613,0.027329415
2.4940625,0.035203613,0.028126054
2.494375,0.035203613,0.028922693
2.4946875,0.035203613,0.028922693
2.495,0.036000903,0.028922693
2.4953125,0.035203613,0.028126054
2.495625,0.036000903,0.032109249
2.4959375,0.039987352,0.048838669
2.49625,0.039987352,0.060788255
2.4965625,0.04716296,0.093450456
2.496875,0.053541279,0.151605106
2.4971875,0.055933148,0.182674029
2.4975,0.056730438,0.198606809
2.4978125,0.055933148,0.200200088
2.498125,0.055933148,0.207369839
2.4984375,0.055135858,0.198606809
2.49875,0.054338569,0.185860585
2.4990625,0.052743989,0.168334526
2.499375,0.050352119,0.149215189
2.4996875,0.045568381,0.1229261
2.5,0.044771091,0.101416846
2.5003125,0.043973801,0.083094148
2.500625,0.042379221,0.066364728
2.5009375,0.039987352,0.050431947
2.50125,0.036000903,0.024142859
2.5015625,0.031217164,0.005023522
2.501875,0.029622584,-0.00214623
2.5021875,0.026433425,-0.012502537
2.5025,0.021649686,-0.028435318
2.5028125,0.019257817,-0.040384904
2.503125,0.018460527,-0.048351294
2.5034375,0.017663237,-0.057114324
2.50375,0.016865947,-0.063487436
2.5040625,0.018460527,-0.053131129
2.504375,0.019257817,-0.04357146
2.5046875,0.020055106,-0.034011792
2.505,0.020852396,-0.028435318
2.5053125,0.026433425,-0.010909259
2.505625,0.030419874,0.002633605
2.5059375,0.026433425,-0.00214623
2.50625,0.013676788,-0.045164738
2.5065625,0.011284918,-0.073843744
2.506875,0.012082208,-0.0770303
2.5071875,0.013676788,-0.074640383
2.5075,0.016068657,-0.063487436
2.5078125,0.017663237,-0.050741211
2.508125,0.020852396,-0.032418513
2.5084375,0.023244266,-0.018079011
2.50875,0.027230715,-0.003739508
2.5090625,0.031217164,0.009006717
2.509375,0.033609033,0.018566385
2.5096875,0.034406323,0.022549581
2.51,0.035203613,0.024939498
2.5103125,0.036000903,0.027329415
2.510625,0.035203613,0.028126054
2.5109375,0.035203613,0.028922693
2.51125,0.035203613,0.028126054
2.5115625,0.036000903,0.028922693
2.511875,0.035203613,0.028126054
2.5121875,0.036000903,0.028126054
2.5125,0.039190062,0.042465557
2.5128125,0.040784642,0.057601699
2.513125,0.043973801,0.074331119
2.5134375,0.052743989,0.134079047
2.51375,0.055933148,0.172317721
2.5140625,0.056730438,0.195420253
2.514375,0.055933148,0.200996727
2.5146875,0.056730438,0.205776561
2.515,0.056730438,0.204183283
2.5153125,0.055933148,0.18984378
2.515625,0.053541279,0.174707638
2.5159375,0.051946699,0.155588301
2.51625,0.04875754,0.132485769
2.5165625,0.045568381,0.108586597
2.516875,0.045568381,0.08946726
2.5171875,0.043176511,0.071941201
2.5175,0.041581931,0.05680506
2.5178125,0.038392772,0.035295805
2.518125,0.033609033,0.011396634
2.5184375,0.030419874,0.001040326
2.51875,0.027230715,-0.007722703
2.5190625,0.023244266,-0.022858845
2.519375,0.020055106,-0.036401709
2.5196875,0.019257817,-0.045961377
2.52,0.018460527,-0.053131129
2.5203125,0.017663237,-0.062690797
2.520625,0.018460527,-0.057910963
2.5209375,0.019257817,-0.046758016
2.52125,0.020852396,-0.037198348
2.5215625,0.020055106,-0.031621874
2.521875,0.024838845,-0.01887565
2.5221875,0.028825294,-0.001349591
2.5225,0.030419874,0.005820161
2.5228125,0.017663237,-0.030028596
2.523125,0.012879498,-0.066673992
2.5234375,0.012879498,-0.077826939
2.52375,0.013676788,-0.076233661
2.5240625,0.015271367,-0.06906391
2.524375,0.016865947,-0.055521046
2.5246875,0.020055106,-0.037994987
2.525,0.021649686,-0.022858845
2.5253125,0.026433425,-0.008519342
2.525625,0.029622584,0.005023522
2.5259375,0.032811743,0.015379829
2.52625,0.034406323,0.021752942
2.5265625,0.035203613,0.024939498
2.526875,0.035203613,0.027329415
2.5271875,0.035203613,0.028126054
2.5275,0.035203613,0.028922693
2.5278125,0.036000903,0.029719332
2.528125,0.035203613,0.028922693
2.5284375,0.035203613,0.028126054
2.52875,0.034406323,0.027329415
2.5290625,0.037595482,0.036092444
2.529375,0.039987352,0.052025225
2.5296875,0.040784642,0.063178172
2.53,0.04955483,0.111773154
2.5303125,0.054338569,0.161164774
2.530625,0.056730438,0.189047141
2.5309375,0.055933148,0.200996727
2.53125,0.055933148,0.200996727
2.5315625,0.055933148,0.207369839
2.531875,0.055135858,0.195420253
2.5321875,0.055135858,0.181080751
2.5325,0.051946699,0.161961413
2.5328125,0.04955483,0.142045437
2.533125,0.045568381,0.117349627
2.5334375,0.044771091,0.096637012
2.53375,0.043973801,0.076721036
2.5340625,0.042379221,0.061584894
2.534375,0.039190062,0.044855474
2.5346875,0.034406323,0.016973107
2.535,0.030419874,0.001836965
2.5353125,0.028028005,-0.005332786
2.535625,0.023244266,-0.017282372
2.5359375,0.020055106,-0.032418513
2.53625,0.018460527,-0.042774821
2.5365625,0.017663237,-0.050741211
2.536875,0.016068657,-0.061097519
2.5371875,0.017663237,-0.06030088
2.5375,0.018460527,-0.050741211
2.5378125,0.019257817,-0.040384904
2.538125,0.020055106,-0.033215153
2.5384375,0.022446976,-0.025248762
2.53875,0.027230715,-0.006129425
2.5390625,0.030419874,0.005820161
2.539375,0.021649686,-0.011705898
2.5396875,0.012879498,-0.055521046
2.54,0.012082208,-0.076233661
2.5403125,0.013676788,-0.0770303
2.540625,0.013676788,-0.073047105
2.5409375,0.015271367,-0.061097519
2.54125,0.018460527,-0.045961377
2.5415625,0.020852396,-0.027638679
2.541875,0.024041555,-0.014095815
2.5421875,0.029622584,-0.000552952
2.5425,0.032811743,0.011396634
2.5428125,0.032811743,0.020159663
2.543125,0.034406323,0.02334622
2.5434375,0.034406323,0.025736137
2.54375,0.035203613,0.027329415
2.5440625,0.035203613,0.028922693
2.544375,0.035203613,0.028922693
2.5446875,0.035203613,0.028922693
2.545,0.035203613,0.028922693
2.5453125,0.035203613,0.028126054
2.545625,0.036798193,0.032109249
2.5459375,0.039190062,0.047245391
2.54625,0.040784642,0.059194977
2.5465625,0.04716296,0.088670621
2.546875,0.053541279,0.147621911
2.5471875,0.056730438,0.181080751
2.5475,0.057527728,0.198606809
2.5478125,0.056730438,0.200200088
2.548125,0.056730438,0.207369839
2.5484375,0.055933148,0.200200088
2.54875,0.055135858,0.185860585
2.5490625,0.052743989,0.169927804
2.549375,0.050352119,0.150011828
2.5496875,0.04716296,0.125316017
2.55,0.044771091,0.103010124
2.5503125,0.044771091,0.084687426
2.550625,0.042379221,0.067958006
2.5509375,0.039987352,0.052821864
2.55125,0.036000903,0.027329415
2.5515625,0.031217164,0.005820161
2.551875,0.029622584,-0.001349591
2.5521875,0.025636135,-0.011705898
2.5525,0.021649686,-0.02684204
2.5528125,0.019257817,-0.039588265
2.553125,0.017663237,-0.049147933
2.5534375,0.016865947,-0.056317685
2.55375,0.016865947,-0.062690797
2.5540625,0.018460527,-0.054724407
2.554375,0.019257817,-0.045164738
2.5546875,0.020852396,-0.03560507
2.555,0.021649686,-0.030028596
2.5553125,0.026433425,-0.012502537
2.555625,0.030419874,0.001836965
2.5559375,0.027230715,0.000243687
2.55625,0.014474078,-0.041978182
2.5565625,0.012879498,-0.072250466
2.556875,0.013676788,-0.077826939
2.5571875,0.013676788,-0.076233661
2.5575,0.015271367,-0.065877353
2.5578125,0.017663237,-0.053131129
2.558125,0.020055106,-0.033215153
2.5584375,0.022446976,-0.01887565
2.55875,0.027230715,-0.003739508
2.5590625,0.031217164,0.007413439
2.559375,0.034406323,0.018566385
2.5596875,0.035203613,0.022549581
