Time (s),Channel 1 (V),Channel 2 (V)
-0.00032768,2.062373654,-0.000931598
-0.00032764,2.103832725,-0.002206221
-0.0003276,2.142102636,-0.000533279
-0.00032756,2.190737315,-0.00117059
-0.00032752,2.222628907,-0.000612942
-0.00032748,2.248939471,-0.001090926
-0.00032744,2.288006672,2.44E-05
-0.0003274,2.311128077,-0.00077227
-0.00032736,2.345411539,-0.00077227
-0.00032732,2.377303132,-0.001329918
-0.00032728,2.413978463,-0.001568909
-0.00032724,2.442680897,-0.001250254
-0.0003272,2.480153518,-0.000931598
-0.00032716,2.525599038,-0.000692606
-0.00032712,2.55908521,0.000104033
-0.00032708,2.60054428,-0.001250254
-0.00032704,2.638814192,-0.001807901
-0.000327,2.680273262,-0.000692606
-0.00032696,2.727313361,-0.000453615
-0.00032692,2.753623925,-0.001807901
-0.00032688,2.790299257,-0.001409582
-0.00032684,2.830961037,-0.001090926
-0.0003268,2.866041789,-0.002524876
-0.00032676,2.919460207,-0.001648573
-0.00032672,2.95055451,-0.000214623
-0.00032668,2.99281087,-0.00117059
-0.00032664,3.023107883,-0.001409582
-0.0003266,3.047026578,-0.000851934
-0.00032656,3.08051275,-0.001568909
-0.00032652,3.113998922,-0.000453615
-0.00032648,3.153863413,-0.000214623
-0.00032644,3.184957716,-0.00077227
-0.0003264,3.21206557,0.000502352
-0.00032636,3.251132771,-0.000692606
-0.00032632,3.277443335,-0.000453615
-0.00032628,3.303753899,-0.000692606
-0.00032624,3.34042923,-0.000851934
-0.0003262,3.373118113,-0.001090926
-0.00032616,3.403415126,-0.001648573
-0.00032612,3.437698588,-0.001409582
-0.00032608,3.491914295,-0.00117059
-0.00032604,3.51583299,-0.000851934
-0.000326,3.564467669,-0.00077227
-0.00032596,3.60353487,-0.001250254
-0.00032592,3.64419665,-0.000373951
-0.00032588,3.699209648,-0.000453615
-0.00032584,3.743060588,-0.000612942
-0.0003258,3.77734405,0.000183697
-0.00032576,3.835546206,-0.000931598
-0.00032572,3.871424248,-0.000533279
-0.00032568,3.90809958,-0.000931598
-0.00032564,3.942383042,-0.001250254
-0.0003256,3.985436692,-0.00077227
-0.00032556,4.014936415,-0.000533279
-0.00032552,4.052409037,-0.001489245
-0.00032548,4.113003063,-0.000294287
-0.00032544,4.149678394,-0.001090926
-0.0003254,4.183164567,-0.001568909
-0.00032536,4.223029057,-0.000612942
-0.00032532,4.247745042,-0.000373951
-0.00032528,4.293987851,-0.000373951
-0.00032524,4.347406269,-0.000931598
-0.0003252,4.38487889,-0.000533279
-0.00032516,4.425540671,-0.000134959
-0.00032512,4.466999741,-0.000373951
-0.00032508,4.520418159,-0.000373951
-0.00032504,4.55789078,-0.000851934
-0.000325,4.596160692,-0.000134959
-0.00032496,4.650376399,-0.001329918
-0.00032492,4.679078833,-0.000453615
-0.00032488,4.719740613,-0.000373951
-0.00032484,4.755618655,-0.00077227
-0.0003248,4.797875015,-0.000612942
-0.00032476,4.826577449,-0.00117059
-0.00032472,4.869631099,-0.001090926
-0.00032468,4.911090169,-0.001728237
-0.00032464,4.948562791,-0.000373951
-0.0003246,4.99400831,-0.000373951
-0.00032456,5.029089062,0.000582016
-0.00032452,5.059386075,-0.000931598
-0.00032448,5.109615334,-0.000692606
-0.00032444,5.158250012,-0.001967229
-0.0003244,5.180574127,-0.000851934
-0.00032436,5.231600676,-0.000533279
-0.00032432,5.274654326,0.000582016
-0.00032428,5.320099845,-0.001011262
-0.00032424,5.364748075,2.44E-05
-0.0003242,5.394247798,0.000582016
-0.00032416,5.432517709,0.00066168
-0.00032412,5.484341547,0.000821008
-0.00032408,5.510652111,0.00026336
-0.00032404,5.56008408,0.001458319
-0.000324,5.595962122,0.000104033
-0.00032396,5.627853714,-0.000134959
-0.00032392,5.670907365,-0.000453615
-0.00032388,5.721136623,2.44E-05
-0.00032384,5.756217375,0.001298991
-0.0003238,5.790500837,-0.000294287
-0.00032376,5.825581589,-0.000214623
-0.00032372,5.873418978,-0.000373951
-0.00032368,5.900526832,0.000422688
-0.00032364,5.943580482,0.00066168
-0.0003236,5.990620581,-0.000533279
-0.00032356,6.022512174,0.00066168
-0.00032352,6.071944142,0.000821008
-0.00032348,6.111011343,-0.000294287
-0.00032344,6.157254153,0.000183697
-0.0003234,6.189943035,-0.000453615
-0.00032336,6.232199396,-0.000294287
-0.00032332,6.268874727,0.000343024
-0.00032328,6.29837445,-0.00117059
-0.00032324,6.347009129,-0.001011262
-0.0003232,6.392454649,0.000183697
-0.00032316,6.425143531,0.001059999
-0.00032312,6.461021573,-0.000533279
-0.00032308,6.507264382,0.000741344
-0.00032304,6.548723453,-0.001090926
-0.000323,6.579020466,-0.001489245
-0.00032296,6.601344581,-0.000373951
-0.00032292,6.665925056,0.000900672
-0.00032288,6.704992257,0.000741344
-0.00032284,6.741667588,-0.000851934
-0.0003228,6.774356471,-0.000294287
-0.00032276,6.82059928,0.000422688
-0.00032272,6.862058351,0.000343024
-0.00032268,6.897139103,0.001059999
-0.00032264,6.940990043,0.000821008
-0.0003226,6.967300607,0.000900672
-0.00032256,7.010354257,0.000741344
-0.00032252,7.064569964,0.000422688
-0.00032248,7.097258847,-0.000294287
-0.00032244,7.12755586,0.00026336
-0.0003224,7.161839322,0.001139663
-0.00032236,7.201703813,-0.000373951
-0.00032232,7.243162883,0.000980336
-0.00032228,7.283824664,0.000900672
-0.00032224,7.322891865,0.001298991
-0.0003222,7.355580747,-0.000294287
-0.00032216,7.407404585,0.00066168
-0.00032212,7.444877207,0.00066168
-0.00032208,7.480755249,-0.000294287
-0.00032204,7.51822787,0.001139663
-0.000322,7.558889651,0.000422688
-0.00032196,7.590781243,0.000422688
-0.00032192,7.630645734,-0.000851934
-0.00032188,7.662537327,0.00066168
-0.00032184,7.724725932,0.000502352
-0.0003218,7.758212105,0.000502352
-0.00032176,7.773360611,0.000900672
-0.00032172,7.819603421,2.44E-05
-0.00032168,7.86425165,0.000104033
-0.00032164,7.890562214,0.000104033
-0.0003216,7.922453807,-0.000453615
-0.00032156,7.968696616,0.000422688
-0.00032152,8.012547556,-0.000373951
-0.00032148,8.043641859,0.000183697
-0.00032144,8.08510093,0.00026336
-0.0003214,8.124168131,0.001059999
-0.00032136,8.160843462,0.000104033
-0.00032132,8.206288982,0.000183697
-0.00032128,8.242167023,0.000422688
-0.00032124,8.286017963,0.00066168
-0.0003212,8.325085164,0.000900672
-0.00032116,8.360165916,0.000422688
-0.00032112,8.401624987,-0.000294287
-0.00032108,8.43271929,0.001139663
-0.00032104,8.47577294,0.000422688
-0.000321,8.514840141,0.001298991
-0.00032096,8.546731733,0.000741344
-0.00032092,8.581015196,0.000422688
-0.00032088,8.60573118,0.000183697
-0.00032084,8.653568569,0.00026336
-0.0003208,8.6902439,-0.000214623
-0.00032076,8.729311102,2.44E-05
-0.00032072,8.756418955,-0.000134959
-0.00032068,8.806648214,0.000502352
-0.00032064,8.844120835,0.000741344
-0.0003206,8.891160934,0.000821008
-0.00032056,8.923849817,-0.000453615
-0.00032052,8.95414683,0.00066168
-0.00032048,8.993214031,-0.000373951
-0.00032044,9.033078522,-0.000373951
-0.0003204,9.055402637,0.000422688
-0.00032036,9.097658997,0.000422688
-0.00032032,9.139915357,0.000104033
-0.00032028,9.17100966,0.000422688
-0.00032024,9.201306673,0.000343024
-0.0003202,9.239576584,0.000582016
-0.00032016,9.275454626,0.001219327
-0.00032012,9.315319117,0.001219327
-0.00032008,9.359170057,-0.000533279
-0.00032004,9.385480621,-0.000453615
-0.00032,9.420561373,-0.000134959
-0.00031996,9.452452965,-0.000533279
-0.00031992,9.500290354,0.000502352
-0.00031988,9.540952135,0.000422688
-0.00031984,9.571249148,0.000502352
-0.0003198,9.603140741,0.001298991
-0.00031976,9.638221493,0.000741344
-0.00031972,9.670910375,0.001378655
-0.00031968,9.707585707,0.000741344
-0.00031964,9.763395994,0.001139663
-0.0003196,9.792098427,0.001537983
-0.00031956,9.827179179,0.001139663
-0.00031952,9.847111425,0.000980336
-0.00031948,9.884584046,0.001059999
-0.00031944,9.919664798,-0.000134959
-0.0003194,9.95554284,0.000183697
-0.00031936,9.988231722,0.000900672
-0.00031932,10.01693416,2.44E-05
-0.00031928,10.05520407,0.000741344
-0.00031924,10.07673089,0.000980336
-0.0003192,10.11101435,0.001298991
-0.00031916,10.14450053,0.002015966
-0.00031912,10.17878399,0.000821008
-0.00031908,10.20190539,0.001219327
-0.00031904,10.24735091,0.001458319
-0.000319,10.26489129,0.001458319
-0.00031896,10.30874223,0.001298991
-0.00031892,10.33266092,0.000582016
-0.00031888,10.3661471,0.000502352
-0.00031884,10.39963327,0.001378655
-0.0003188,10.42116009,0.001298991
-0.00031876,10.44667337,0.000183697
-0.00031872,10.46261916,0.000900672
-0.00031868,10.49211889,0.000422688
-0.00031864,10.48892973,0.001458319
-0.0003186,10.52480777,0.000900672
-0.00031856,10.52401048,0.000821008
-0.00031852,10.53278067,0.001537983
-0.00031848,10.53517254,0.000741344
-0.00031844,10.53676712,0.000821008
-0.0003184,10.53915899,0.001697311
-0.00031836,10.54155085,0.000741344
-0.00031832,10.53357796,0.001776975
-0.00031828,10.53437525,0.000821008
-0.00031824,10.53198338,0.001936302
-0.0003182,10.52719964,0.000104033
-0.00031816,10.53756441,0.000821008
-0.00031812,10.53756441,0.00066168
-0.00031808,10.55032104,0.001936302
-0.00031804,10.53915899,0.00066168
-0.000318,10.55590207,0.001298991
-0.00031796,10.55032104,0.001458319
-0.00031792,10.56228039,0.00209563
-0.00031788,10.57105058,0.001298991
-0.00031784,10.58300993,0.001458319
-0.0003178,10.58699637,0.001458319
-0.00031776,10.57663161,0.001378655
-0.00031772,10.58779366,0.000980336
-0.00031768,10.58779366,0.001139663
-0.00031764,10.58300993,0.000741344
-0.0003176,10.57184787,0.000821008
-0.00031756,10.57105058,0.001378655
-0.00031752,10.57105058,0.000900672
-0.00031748,10.55988852,0.001059999
-0.00031744,10.55111833,0.001059999
-0.0003174,10.55191562,0.000741344
-0.00031736,10.53596983,0.001617647
-0.00031732,10.53437525,0.000741344
-0.00031728,10.52480777,0.000741344
-0.00031724,10.52480777,0.001139663
-0.0003172,10.5303888,0.000900672
-0.00031716,10.52719964,0.001298991
-0.00031712,10.52480777,0.001139663
-0.00031708,10.49929449,0.000900672
-0.00031704,10.50328094,0.001537983
-0.000317,10.49769992,0.000980336
-0.00031696,10.49530805,0.001059999
-0.00031692,10.47856496,-0.000134959
-0.00031688,10.45943,0.000821008
-0.00031684,10.44986253,0.000900672
-0.0003168,10.42753841,0.001378655
-0.00031676,10.39245766,0.001139663
-0.00031672,10.36774167,0.001458319
-0.00031668,10.33345821,0.000821008
-0.00031664,10.28641811,0.000343024
-0.0003166,10.23539157,0.000183697
-0.00031656,10.16841922,0.001458319
-0.00031652,10.1150008,0.000502352
-0.00031648,10.05520407,0.000183697
-0.00031644,10.00019107,-0.000453615
-0.0003164,9.939597043,0.000821008
-0.00031636,9.891759654,0.000582016
-0.00031632,9.835949367,0.000821008
-0.00031628,9.792895717,2.44E-05
-0.00031624,9.741071879,0.000821008
-0.0003162,9.690045331,0.001219327
-0.00031616,9.665329346,0.001059999
-0.00031612,9.626262145,0.000422688
-0.00031608,9.589586814,-0.000294287
-0.00031604,9.564870829,0.000104033
-0.000316,9.527398208,0.000502352
-0.00031596,9.497898485,0.00026336
-0.00031592,9.479560819,0.000741344
-0.00031588,9.441290908,0.000104033
-0.00031584,9.407007446,0.000821008
-0.0003158,9.371129404,0.001059999
-0.00031576,9.341629681,0.001059999
-0.00031572,9.291400422,0.000343024
-0.00031568,9.25950883,0.000741344
-0.00031564,9.217252469,0.000900672
-0.0003156,9.173401529,0.000821008
-0.00031556,9.146293676,0.000900672
-0.00031552,9.093672548,0.000980336
-0.00031548,9.044240579,-0.000294287
-0.00031544,9.007565248,0.001856639
-0.0003154,8.969295336,0.000502352
-0.00031536,8.932620005,0.000582016
-0.00031532,8.890363644,0.000741344
-0.00031528,8.856877472,0.00066168
-0.00031524,8.807445504,0.000741344
-0.0003152,8.77954036,0.000821008
-0.00031516,8.742865028,-0.000294287
-0.00031512,8.69423035,0.00066168
-0.00031508,8.656757728,0.00066168
-0.00031504,8.633636324,0.000582016
-0.000315,8.588988094,0.000502352
-0.00031496,8.558691081,0.000422688
-0.00031492,8.51882659,0.00066168
-0.00031488,8.482151258,-0.000373951
-0.00031484,8.431922,-0.000214623
-0.0003148,8.392057509,-0.000453615
-0.00031476,8.368138815,0.000104033
-0.00031472,8.312328527,2.44E-05
-0.00031468,8.284423384,0.000741344
-0.00031464,8.240572444,-0.000453615
-0.0003146,8.185559447,0.000582016
-0.00031456,8.158451593,-0.000134959
-0.00031452,8.12496542,-0.000453615
-0.00031448,8.073938872,0.000900672
-0.00031444,8.043641859,0.000183697
-0.0003144,8.005371948,-0.000134959
-0.00031436,7.955939979,-0.001329918
-0.00031432,7.923251097,0.001298991
-0.00031428,7.896143243,-0.001250254
-0.00031424,7.850697723,-0.000612942
-0.0003142,7.810035943,-0.001011262
-0.00031416,7.776549771,-0.000134959
-0.00031412,7.7350907,0.000343024
-0.00031408,7.69363163,0.001139663
-0.00031404,7.64978069,0.000183697
-0.000314,7.622672836,0.000741344
-0.00031396,7.578821896,0.000741344
-0.00031392,7.537362826,-0.000533279
-0.00031388,7.491120016,0.000343024
-0.00031384,7.448863656,-0.000612942
-0.0003138,7.412188324,0.000422688
-0.00031376,7.367540095,-0.000692606
-0.00031372,7.341229531,0.000980336
-0.00031368,7.310932518,-0.000373951
-0.00031364,7.243162883,0.000422688
-0.0003136,7.204892972,-0.000214623
-0.00031356,7.17060951,-0.000294287
-0.00031352,7.129947729,0.000343024
-0.00031348,7.110812774,0.000582016
-0.00031344,7.065367254,0.001458319
-0.0003134,7.033475661,0.001139663
-0.00031336,6.980854533,0.00066168
-0.00031332,6.958530419,-0.000453615
-0.00031328,6.901922842,0.000422688
-0.00031324,6.878004147,0.000422688
-0.0003132,6.834153207,-0.000214623
-0.00031316,6.795883296,0.000104033
-0.00031312,6.748843197,-0.000692606
-0.00031308,6.705789547,0.000502352
-0.00031304,6.673100664,0.000582016
-0.000313,6.630047014,-0.000134959
-0.00031296,6.594966262,0.000502352
-0.00031292,6.544737004,-0.000692606
-0.00031288,6.500088774,0.000502352
-0.00031284,6.467399891,0.000582016
-0.0003128,6.42833269,0.000183697
-0.00031276,6.374116983,2.44E-05
-0.00031272,6.34302268,0.00066168
-0.00031268,6.304752769,2.44E-05
-0.00031264,6.259307249,-0.000612942
-0.0003126,6.225821077,0.000582016
-0.00031256,6.200307803,-0.000214623
-0.00031252,6.154862283,0.000422688
-0.00031248,6.112605923,-0.001090926
-0.00031244,6.087889939,-0.000533279
-0.0003124,6.047228158,-0.000134959
-0.00031236,6.007363667,0.000980336
-0.00031232,5.958728988,0.00066168
-0.00031228,5.916472628,-0.000931598
-0.00031224,5.867837949,0.00026336
-0.0003122,5.834351777,0.000183697
-0.00031216,5.782527939,0.000821008
-0.00031212,5.751433636,-0.000931598
-0.00031208,5.717150174,-0.000612942
-0.00031204,5.676488393,-0.000453615
-0.000312,5.636623902,-0.000612942
-0.00031196,5.597556701,0.000582016
-0.00031192,5.556097631,-0.000692606
-0.00031188,5.509854822,-0.000851934
-0.00031184,5.485138837,0.000582016
-0.0003118,5.434112289,-0.00077227
-0.00031176,5.404612566,0.000422688
-0.00031172,5.358369756,0.000582016
-0.00031168,5.329667323,0.000183697
-0.00031164,5.285816383,0.000104033
-0.0003116,5.250735631,-0.000612942
-0.00031156,5.200506373,-0.000453615
-0.00031152,5.174195809,0.000104033
-0.00031148,5.12476384,0.00066168
-0.00031144,5.0809129,-0.000373951
-0.0003114,5.027494482,0.000343024
-0.00031136,4.99321102,-0.000533279
-0.00031132,4.958130268,-0.001090926
-0.00031128,4.904711851,-0.001090926
-0.00031124,4.861658201,-0.000373951
-0.0003112,4.817807261,-0.00077227
-0.00031116,4.779537349,-0.000851934
-0.00031112,4.741267438,-0.000692606
-0.00031108,4.710173135,-0.000533279
-0.00031104,4.663930326,-0.000533279
-0.000311,4.638417052,-0.000692606
-0.00031096,4.60094443,-0.000533279
-0.00031092,4.545931433,-0.000214623
-0.00031088,4.51802629,-0.000134959
-0.00031084,4.47337806,-0.001568909
-0.0003108,4.439891888,-0.001409582
-0.00031076,4.395243658,0.000104033
-0.00031072,4.358568326,-0.000294287
-0.00031068,4.306744488,0.000582016
-0.00031064,4.266879997,-0.000692606
-0.0003106,4.237380274,-0.001090926
-0.00031056,4.179178117,-0.000453615
-0.00031052,4.151272974,-0.00117059
-0.00031048,4.111408483,-0.000612942
-0.00031044,4.074733151,-0.001329918
-0.0003104,4.029287632,-0.000294287
-0.00031036,3.99340959,-0.000692606
-0.00031032,3.940788462,-0.001409582
-0.00031028,3.914477898,-0.000373951
-0.00031024,3.868235089,-0.001489245
-0.0003102,3.823586859,-0.000931598
-0.00031016,3.793289846,-0.000612942
-0.00031012,3.749438906,-0.000294287
-0.00031008,3.708777126,-0.000612942
-0.00031004,3.673696374,0.000422688
-0.00031,3.6481831,-0.00117059
-0.00030996,3.593967392,-0.001329918
-0.00030992,3.549319162,-0.000692606
-0.00030988,3.523008598,-0.000214623
-0.00030984,3.478360369,-0.001489245
-0.0003098,3.438495878,-0.000453615
-0.00030976,3.398631387,2.44E-05
-0.00030972,3.362753345,0.000104033
-0.00030968,3.307740348,-0.001807901
-0.00030964,3.268673147,-0.001011262
-0.0003096,3.229605946,-0.00117059
-0.00030956,3.187349585,-0.00117059
-0.00030952,3.145890515,-0.000851934
-0.00030948,3.113201632,-0.001728237
-0.00030944,3.062175084,-0.000214623
-0.0003094,3.023107883,-0.000931598
-0.00030936,2.982446103,-0.000692606
-0.00030932,2.940189742,-0.000134959
-0.00030928,2.903514411,-0.000692606
-0.00030924,2.869230949,-0.000373951
-0.0003092,2.824582719,-0.000692606
-0.00030916,2.779934489,-0.000692606
-0.00030912,2.740069998,-0.000533279
-0.00030908,2.698610928,-0.001329918
-0.00030904,2.657151857,-0.000294287
-0.000309,2.614098207,-0.001329918
-0.00030896,2.571841847,-0.001329918
-0.00030892,2.519220719,-0.001489245
-0.00030888,2.488126416,-0.001887565
-0.00030884,2.433113419,-0.001409582
-0.0003088,2.381289581,-0.001648573
-0.00030876,2.336641351,-0.002365548
-0.00030872,2.293587701,-0.002365548
-0.00030868,2.238574704,-0.002923196
-0.00030864,2.197115633,-0.000692606
-0.0003086,2.150872824,-0.001807901
-0.00030856,2.096657116,-0.001728237
-0.00030852,2.075130291,-0.001011262
-0.00030848,2.019320004,-0.001409582
-0.00030844,1.981847383,-0.001090926
-0.0003084,1.945969341,-0.001967229
-0.00030836,1.901321111,-0.002524876
-0.00030832,1.859862041,-0.002684204
-0.00030828,1.822389419,-0.001967229
-0.00030824,1.770565581,-0.001807901
-0.0003082,1.73149838,-0.001967229
-0.00030816,1.697214918,-0.001967229
-0.00030812,1.656553137,-0.002126557
-0.00030808,1.615891357,-0.002923196
-0.00030804,1.588783503,-0.002046893
-0.000308,1.55609462,-0.002046893
-0.00030796,1.502676203,-0.002445212
-0.00030792,1.474771059,-0.001967229
-0.00030788,1.437298438,-0.002046893
-0.00030784,1.399825816,-0.001489245
-0.0003078,1.364745064,-0.001807901
-0.00030776,1.34242095,-0.001967229
-0.00030772,1.311326647,-0.002445212
-0.00030768,1.283421503,-0.002365548
-0.00030764,1.261894678,-0.001728237
-0.0003076,1.240367853,-0.001648573
-0.00030756,1.213259999,-0.001728237
-0.00030752,1.199706072,-0.001329918
-0.00030748,1.186152145,-0.00117059
-0.00030744,1.172598219,-0.001250254
-0.0003074,1.16701719,-0.001329918
-0.00030736,1.149476814,-0.001409582
-0.00030732,1.139909336,-0.002046893
-0.00030728,1.136720177,-0.002365548
-0.00030724,1.158247002,-0.00077227
-0.0003072,1.16542261,-0.001250254
-0.00030716,1.190935884,-0.001090926
-0.00030712,1.207678971,-0.001329918
-0.00030708,1.245151592,-0.000931598
-0.00030704,1.300164589,-0.000692606
-0.000307,1.34162366,-0.001489245
-0.00030696,1.404609555,-0.000931598
-0.00030692,1.487527696,-0.001967229
-0.00030688,1.548121722,-0.001807901
-0.00030684,1.621472385,-0.002445212
-0.0003068,1.700404077,-0.002365548
-0.00030676,1.761795393,-0.002445212
-0.00030672,1.827970448,-0.00260454
-0.00030668,1.895740082,-0.002285884
-0.00030664,1.957928688,-0.001011262
-0.0003066,2.008955236,-0.000851934
-0.00030656,2.048022437,-0.001090926
-0.00030652,2.107819174,-0.001967229
-0.00030648,2.130940578,-0.000294287
-0.00030644,2.172399649,-0.001329918
-0.0003064,2.214656009,-0.000851934
-0.00030636,2.248142181,-0.001568909
-0.00030632,2.267277137,-0.00077227
-0.00030628,2.307938918,-0.001011262
-0.00030624,2.330263032,-0.000612942
-0.0003062,2.366141074,-0.001011262
-0.00030616,2.403613696,-0.001648573
-0.00030612,2.437099868,-0.001250254
-0.00030608,2.479356228,-0.001568909
-0.00030604,2.507261372,-0.000931598
-0.000306,2.543936703,-0.001489245
-0.00030596,2.594165962,-0.001489245
-0.00030592,2.642800641,-0.001728237
-0.00030588,2.670705784,-0.001250254
-0.00030584,2.709772985,-0.00077227
-0.0003058,2.758407664,-0.000134959
-0.00030576,2.799069445,0.000104033
-0.00030572,2.842123095,-0.000294287
-0.00030568,2.878001137,-0.00077227
-0.00030564,2.90510899,-0.001568909
-0.0003056,2.938595163,-0.001648573
-0.00030556,2.970486755,-0.001329918
-0.00030552,3.007162087,-0.000851934
-0.00030548,3.03666181,-0.000692606
-0.00030544,3.071742562,-0.001648573
-0.0003054,3.108417894,-0.001011262
-0.00030536,3.119579951,-0.000294287
-0.00030532,3.160241732,0.00026336
-0.00030528,3.216849309,-0.000214623
-0.00030524,3.228808656,-0.000931598
-0.0003052,3.258308379,-0.00077227
-0.00030516,3.302956609,-0.000931598
-0.00030512,3.326875303,-0.000931598
-0.00030508,3.375509982,0.000582016
-0.00030504,3.396239517,-0.001250254
-0.000305,3.445671486,-0.000134959
-0.00030496,3.483144107,-0.001011262
-0.00030492,3.533373366,-0.000453615
-0.00030488,3.570845987,-0.000214623
-0.00030484,3.617088797,-0.000134959
-0.0003048,3.656953287,-0.000453615
-0.00030476,3.69123675,-0.000533279
-0.00030472,3.73349311,-0.000294287
-0.00030468,3.774154891,2.44E-05
-0.00030464,3.806046483,0.000104033
-0.0003046,3.849100133,-0.000453615
-0.00030456,3.892951073,-0.000214623
-0.00030452,3.933612854,-0.000692606
-0.00030448,3.963909867,-0.000851934
-0.00030444,4.004571648,2.44E-05
-0.0003044,4.051611747,-0.000134959
-0.00030436,4.092273527,-0.001250254
-0.00030432,4.128151569,-0.00077227
-0.00030428,4.163232321,-0.001090926
-0.00030424,4.20947513,-0.000533279
-0.0003042,4.261298969,-0.000533279
-0.00030416,4.292393271,-0.000851934
-0.00030412,4.325879444,-0.000453615
-0.00030408,4.380095151,-0.000294287
-0.00030404,4.424743381,-0.000692606
-0.000304,4.463810582,-0.002046893
-0.00030396,4.502080493,-0.000931598
-0.00030392,4.549917882,-0.001409582
-0.00030388,4.585795924,-0.000453615
-0.00030384,4.633633313,-0.00077227
-0.0003038,4.667119485,0.000183697
-0.00030376,4.714159584,-0.000373951
-0.00030372,4.741267438,-0.001250254
-0.00030368,4.789104827,-0.00077227
-0.00030364,4.831361188,-0.000373951
-0.0003036,4.86564465,-0.000851934
-0.00030356,4.9086983,2.44E-05
-0.00030352,4.94936008,-0.001887565
-0.00030348,4.982846253,-0.001090926
-0.00030344,5.025102613,-0.000692606
-0.0003034,5.069750843,-0.001011262
-0.00030336,5.100047856,-0.000533279
-0.00030332,5.150277114,-0.000851934
-0.00030328,5.187749736,-0.00077227
-0.00030324,5.226816937,-0.000533279
-0.0003032,5.261897689,-0.000931598
-0.00030316,5.308937788,-0.00077227
-0.00030312,5.332059192,0.000183697
-0.00030308,5.379099292,-0.000533279
-0.00030304,5.42853126,-0.000373951
-0.000303,5.452449955,0.000104033
-0.00030296,5.501084634,-0.000134959
-0.00030292,5.542543704,-0.001250254
-0.00030288,5.579219036,-0.000533279
-0.00030284,5.627056425,-0.000214623
-0.0003028,5.656556148,0.000422688
-0.00030276,5.702001667,-0.001011262
-0.00030272,5.746649897,-0.000373951
-0.00030268,5.77854149,0.000821008
-0.00030264,5.826378879,-0.000214623
-0.0003026,5.859067761,0.000582016
-0.00030256,5.918067208,-0.00117059
-0.00030252,5.938796743,-0.000134959
-0.00030248,5.985039552,0.000582016
-0.00030244,6.016931145,-0.000453615
-0.0003024,6.058390215,-0.00077227
-0.00030236,6.101443866,-0.001329918
-0.00030232,6.144497516,-0.000214623
-0.00030228,6.178780978,-0.001011262
-0.00030224,6.21465902,-0.000373951
-0.0003022,6.253726221,-0.000851934
-0.00030216,6.289604262,2.44E-05
-0.00030212,6.338238941,0.000104033
-0.00030208,6.379698012,-0.000214623
-0.00030204,6.408400445,-0.000373951
-0.000302,6.447467646,0.00026336
-0.00030196,6.503277933,-0.000134959
-0.00030192,6.524007468,-0.000692606
-0.00030188,6.571047568,-0.000214623
-0.00030184,6.609317479,-0.000931598
-0.0003018,6.64758739,-0.000533279
-0.00030176,6.679478983,0.00066168
-0.00030172,6.7328974,-0.000214623
-0.00030168,6.765586283,-0.000612942
-0.00030164,6.807045353,0.000502352
-0.0003016,6.838139656,-0.000294287
-0.00030156,6.880396017,-0.000851934
-0.00030152,6.920260507,0.00066168
-0.00030148,6.960124998,-0.000692606
-0.00030144,7.003178648,0.000422688
-0.0003014,7.03905669,0.00026336
-0.00030136,7.074137442,0.000741344
-0.00030132,7.12596128,0.000422688
-0.00030128,7.149879975,-0.000851934
-0.00030124,7.192136335,0.000422688
-0.0003012,7.234392695,0.00066168
-0.00030116,7.264689708,-0.000134959
-0.00030112,7.322891865,0.00026336
-0.00030108,7.349202429,0.000343024
-0.00030104,7.381891311,-0.000692606
-0.000301,7.43132328,0.000422688
-0.00030096,7.457633844,-0.000931598
-0.00030092,7.498295624,0.000980336
-0.00030088,7.544538434,-0.000373951
-0.00030084,7.584402925,-0.000453615
-0.0003008,7.617091807,0.00066168
-0.00030076,7.657753588,0.000582016
-0.00030072,7.703996397,0.00026336
-0.00030068,7.739874439,-0.000134959
-0.00030064,7.775752481,0.000582016
-0.0003006,7.810833233,0.00066168
-0.00030056,7.839535666,-0.000294287
-0.00030052,7.885778475,0.000422688
-0.00030048,7.925642966,-0.000214623
-0.00030044,7.95354811,2.44E-05
-0.0003004,8.008561107,-0.000134959
-0.00030036,8.046033729,-0.000692606
-0.00030032,8.077128031,-0.000851934
-0.00030028,8.120978971,0.000183697
-0.00030024,8.160843462,-0.000692606
-0.0003002,8.200707953,-0.001250254
-0.00030016,8.220640198,-0.00300286
-0.00030012,8.276450486,0.002971933
-0.00030008,8.304355629,-0.000453615
-0.00030004,8.348206569,0.001219327
-0.0003,8.384881901,0.000104033
-0.00029996,8.424746392,-0.000294287
-0.00029992,8.461421723,0.000422688
-0.00029988,8.494110606,2.44E-05
-0.00029984,8.534772386,-0.000294287
-0.0002998,8.569853138,-0.000134959
-0.00029976,8.608123049,0.000821008
-0.00029972,8.645595671,0.001059999
-0.00029968,8.683865582,0.001059999
-0.00029964,8.731702971,0.00066168
-0.0002996,8.767581013,0.000343024
-0.00029956,8.798675316,0.000502352
-0.00029952,8.839337096,0.000980336
-0.00029948,8.872823269,0.000422688
-0.00029944,8.91189047,0.000821008
-0.0002994,8.95334954,0.000502352
-0.00029936,9.003578798,0.001139663
-0.00029932,9.026700203,2.44E-05
-0.00029928,9.072943013,0.000741344
-0.00029924,9.103240026,0.000502352
-0.0002992,9.133537039,0.000422688
-0.00029916,9.181374428,0.001458319
-0.00029912,9.202901253,0.000104033
-0.00029908,9.233198266,0.00026336
-0.00029904,9.269873597,0.001139663
-0.000299,9.30256248,0.000821008
-0.00029896,9.340035101,0.001219327
-0.00029892,9.376710433,0.001059999
-0.00029888,9.416574924,0.000821008
-0.00029884,9.455642125,0.000741344
-0.0002988,9.481155399,0.000741344
-0.00029876,9.522614469,0.000582016
-0.00029872,9.550519613,0.000980336
-0.00029868,9.599951581,-0.000214623
-0.00029864,9.641410652,0.001298991
-0.0002986,9.662140187,0.00066168
-0.00029856,9.709180286,0.000582016
-0.00029852,9.745058328,0.001298991
-0.00029848,9.78013908,0.000900672
-0.00029844,9.813625252,0.000900672
-0.0002984,9.849503294,0.00066168
-0.00029836,9.884584046,0.001537983
-0.00029832,9.91089461,0.000183697
-0.00029828,9.943583492,0.001458319
-0.00029824,9.981056114,0.000821008
-0.0002982,10.01693416,0.000741344
-0.00029816,10.04962304,0.001059999
-0.00029812,10.08869024,0.000741344
-0.00029808,10.12058183,0.000900672
-0.00029804,10.14768969,0.001059999
-0.000298,10.18516231,-0.000612942
-0.00029796,10.20987829,0.001298991
-0.00029792,10.24575633,0.001856639
-0.00029788,10.28641811,0.00066168
-0.00029784,10.2951883,0.001856639
-0.0002978,10.33026905,0.002175294
-0.00029776,10.36216065,0.001059999
-0.00029772,10.38528205,0.00249395
-0.00029768,10.41478177,0.000900672
-0.00029764,10.43710589,0.001059999
-0.0002976,10.45384898,0.001219327
-0.00029756,10.47138935,0.000821008
-0.00029752,10.50407823,0.002254958
-0.00029748,10.51842945,0.001856639
-0.00029744,10.51922674,0.001378655
-0.0002974,10.52640235,-0.000851934
-0.00029736,10.52401048,-0.000931598
-0.00029732,10.52879422,0.002175294
-0.00029728,10.53517254,0.000821008
-0.00029724,10.53596983,0.000741344
-0.0002972,10.5303888,0.00066168
-0.00029716,10.54155085,0.001856639
-0.00029712,10.53676712,0.000582016
-0.00029708,10.52640235,0.001059999
-0.00029704,10.52959151,0.001856639
-0.000297,10.5383617,0.001139663
-0.00029696,10.52480777,0.000821008
-0.00029692,10.54633459,0.001378655
-0.00029688,10.55111833,0.001139663
-0.00029684,10.54872646,0.001139663
-0.0002968,10.56307768,0.000900672
-0.00029676,10.56786142,0.000104033
-0.00029672,10.58221264,0.000900672
-0.00029668,10.57663161,0.000183697
-0.00029664,10.58141535,-0.000214623
-0.0002966,10.57982077,2.44E-05
-0.00029656,10.58779366,0.000422688
-0.00029652,10.5774289,0.001219327
-0.00029648,10.569456,0.001059999
-0.00029644,10.57583432,0.001059999
-0.0002964,10.56626684,-0.000214623
-0.00029636,10.55032104,0.001617647
-0.00029632,10.54952375,0.000582016
-0.00029628,10.54872646,0.001697311
-0.00029624,10.53437525,0.001776975
-0.0002962,10.54792917,0.001537983
-0.00029616,10.53596983,0.001059999
-0.00029612,10.52640235,0.001936302
-0.00029608,10.52719964,0.001219327
-0.00029604,10.52161861,0.000900672
-0.000296,10.50886197,0.001378655
-0.00029596,10.51683487,0.002254958
-0.00029592,10.50328094,0.001139663
-0.00029588,10.49769992,0.001378655
-0.00029584,10.48813244,0.001219327
-0.0002958,10.47856496,0.001059999
-0.00029576,10.4674029,0.000502352
-0.00029572,10.44188963,0.001139663
-0.00029568,10.43790318,0.001139663
-0.00029564,10.40282243,0.001378655
-0.0002956,10.3812956,-0.000214623
-0.00029556,10.33505279,0.000741344
-0.00029552,10.28562082,-0.000294287
-0.00029548,10.23858072,0.000343024
-0.00029544,10.19313521,0.001298991
-0.0002954,10.13254118,0.000980336
-0.00029536,10.06158239,0.000741344
-0.00029532,10.00816397,0.000343024
-0.00029528,9.946772652,-0.000294287
-0.00029524,9.886178626,0.000502352
-0.0002952,9.847908714,2.44E-05
-0.00029516,9.794490297,0.000502352
-0.00029512,9.753828516,-0.000533279
-0.00029508,9.700410098,0.00026336
-0.00029504,9.672504955,0.000900672
-0.000295,9.643802521,0.000343024
-0.00029496,9.595965132,0.001458319
-0.00029492,9.568857279,0.000741344
-0.00029488,9.536168396,-0.000134959
-0.00029484,9.515438861,0.001617647
-0.0002948,9.485939138,2.44E-05
-0.00029476,9.445277357,0.000821008
-0.00029472,9.420561373,0.000741344
-0.00029468,9.380696882,0.001697311
-0.00029464,9.34641342,-0.000373951
-0.0002946,9.305751639,0.000900672
-0.00029456,9.279441075,0.000741344
-0.00029452,9.232400976,0.000741344
-0.00029448,9.194131065,0.00066168
-0.00029444,9.137523488,2.44E-05
-0.0002944,9.088091519,0.00026336
-0.00029436,9.053808057,0.000104033
-0.00029432,9.016335436,0.000343024
-0.00029428,8.973281785,0.000422688
-0.00029424,8.940592903,0.000582016
-0.0002942,8.896741963,0.000343024
-0.00029416,8.850499154,-0.000692606
-0.00029412,8.804256344,0.00066168
-0.00029408,8.771567462,-0.001329918
-0.00029404,8.746054188,-0.000373951
-0.000294,8.697419509,0.001139663
-0.00029396,8.669514365,0.000104033
-0.00029392,8.625663425,2.44E-05
-0.00029388,8.598555572,0.000502352
-0.00029384,8.56347482,0.001298991
-0.0002938,8.526002198,-0.000214623
-0.00029376,8.494110606,-0.000214623
-0.00029372,8.460624433,-0.000533279
-0.00029368,8.414381624,-0.000533279
-0.00029364,8.367341525,0.000183697
-0.0002936,8.338639091,-0.000453615
-0.00029356,8.285220674,-0.000294287
-0.00029352,8.250139922,0.000104033
-0.00029348,8.21187001,0.00066168
-0.00029344,8.164829911,0.000343024
-0.0002934,8.12656,0.000821008
-0.00029336,8.087492799,0.000183697
-0.00029332,8.053209337,0.000183697
-0.00029328,8.009358397,-0.000214623
-0.00029324,7.963912877,-0.000134959
-0.0002932,7.923251097,0.001059999
-0.00029316,7.887373055,-0.000134959
-0.00029312,7.855481462,0.00026336
-0.00029308,7.82279258,-0.000533279
-0.00029304,7.771766032,-0.000134959
-0.000293,7.739077149,0.00026336
-0.00029296,7.711172006,-0.001648573
-0.00029292,7.664131906,-0.00077227
-0.00029288,7.629848444,-0.000214623
-0.00029284,7.593970402,0.00026336
-0.0002928,7.550916752,-0.000612942
-0.00029276,7.507065812,-0.001329918
-0.00029272,7.467201322,-0.000692606
-0.00029268,7.421755802,0.00026336
-0.00029264,7.38667505,0.000422688
-0.0002926,7.349202429,-0.000373951
-0.00029256,7.297378591,-0.001090926
-0.00029252,7.264689708,0.00026336
-0.00029248,7.228811666,0.000104033
-0.00029244,7.183366147,-0.000533279
-0.0002924,7.140312497,0.000343024
-0.00029236,7.110015484,-0.000373951
-0.00029232,7.062178095,-0.000453615
-0.00029228,7.031083792,0.000183697
-0.00029224,6.976868084,-0.000692606
-0.0002922,6.954543969,-0.000373951
-0.00029216,6.914679479,-0.000294287
-0.00029212,6.861261061,-0.000214623
-0.00029208,6.832558628,-0.00117059
-0.00029204,6.798275165,-0.000533279
-0.000292,6.754424225,-0.000533279
-0.00029196,6.712965155,-0.00077227
-0.00029192,6.670708795,2.44E-05
-0.00029188,6.641209072,-0.000612942
-0.00029184,6.598155421,-0.000692606
-0.0002918,6.553507192,-0.000612942
-0.00029176,6.51922373,-0.00077227
-0.00029172,6.484940267,-0.001090926
-0.00029168,6.443481197,-0.000453615
-0.00029164,6.398832967,-0.001250254
-0.0002916,6.371725113,-0.000134959
-0.00029156,6.319103986,-0.000134959
-0.00029152,6.291996132,0.000183697
-0.00029148,6.244158743,2.44E-05
-0.00029144,6.195524064,-0.000134959
-0.0002914,6.172402659,-0.000134959
-0.00029136,6.129349009,-0.00077227
-0.00029132,6.074336012,-0.000373951
-0.00029128,6.04084984,-0.000692606
-0.00029124,5.99460703,-0.000214623
-0.0002912,5.963512727,-0.001409582
-0.00029116,5.914878048,0.000183697
-0.00029112,5.888567485,-0.001090926
-0.00029108,5.841527385,0.000183697
-0.00029104,5.814419532,0.00026336
-0.000291,5.768974012,-0.00117059
-0.00029096,5.718744754,2.44E-05
-0.00029092,5.701204378,-0.00077227
-0.00029088,5.649380539,-0.000533279
-0.00029084,5.608718759,-0.000453615
-0.0002908,5.555300341,0.00066168
-0.00029076,5.530584357,-0.00117059
-0.00029072,5.483544258,-0.000851934
-0.00029068,5.438098738,-0.000134959
-0.00029064,5.388666769,-0.000612942
-0.0002906,5.352788728,-0.000851934
-0.00029056,5.307343208,-0.000612942
-0.00029052,5.278640775,-0.000612942
-0.00029048,5.243560023,0.000741344
-0.00029044,5.206884691,2.44E-05
-0.0002904,5.174195809,-0.000214623
-0.00029036,5.129547579,-0.001648573
-0.00029032,5.097655986,-0.001011262
-0.00029028,5.060980655,-0.001807901
-0.00029024,5.012345976,-0.001250254
-0.0002902,4.964508587,-0.000612942
-0.00029016,4.927833255,-0.000692606
-0.00029012,4.887171475,-0.00077227
-0.00029008,4.845712404,-0.00117059
-0.00029004,4.810631652,0.00066168
-0.00029,4.769172582,-0.000294287
-0.00028996,4.718943323,-0.000373951
-0.00028992,4.69024089,-0.000294287
-0.00028988,4.642403501,-0.000612942
-0.00028984,4.606525459,-0.000214623
-0.0002898,4.562674519,0.000502352
-0.00028976,4.533174796,-0.001090926
-0.00028972,4.482945538,-0.000134959
-0.00028968,4.453445814,-0.000533279
-0.00028964,4.404013846,-0.001011262
-0.0002896,4.358568326,0.000582016
-0.00028956,4.337041501,-0.000692606
-0.00028952,4.282028504,-0.001090926
-0.00028948,4.238177564,-0.000851934
-0.00028944,4.21266429,-0.000134959
-0.0002894,4.162435031,-0.002285884
-0.00028936,4.12655699,-0.000851934
-0.00028932,4.093070817,-0.000373951
-0.00028928,4.058787355,-0.001329918
-0.00028924,3.99580146,2.44E-05
-0.0002892,3.963909867,-0.00077227
-0.00028916,3.924842666,-0.000851934
-0.00028912,3.890559204,-0.001250254
-0.00028908,3.851492003,-0.000214623
-0.00028904,3.816411251,-0.001648573
-0.000289,3.769371152,-0.001409582
-0.00028896,3.721533763,-0.000931598
-0.00028892,3.696817778,-0.001409582
-0.00028888,3.6481831,-0.001250254
-0.00028884,3.60353487,-0.001807901
-0.0002888,3.561278509,-0.001489245
-0.00028876,3.51663028,-0.001011262
-0.00028872,3.47198205,-0.001409582
-0.00028868,3.431320269,-0.000214623
-0.00028864,3.394644938,-0.001568909
-0.0002886,3.361956055,-0.000931598
-0.00028856,3.314915956,-0.001568909
-0.00028852,3.284618943,-0.001648573
-0.00028848,3.244754452,-0.001090926
-0.00028844,3.194525194,-0.001090926
-0.0002884,3.144295935,-0.001011262
-0.00028836,3.107620604,-0.001409582
-0.00028832,3.072539852,-0.002126557
-0.00028828,3.016729565,-0.00117059
-0.00028824,2.989621711,-0.000214623
-0.0002882,2.95055451,-0.002206221
-0.00028816,2.911487309,-0.000453615
-0.00028812,2.871622818,-0.001011262
-0.00028808,2.833352907,-0.000533279
-0.00028804,2.798272155,-0.001489245
-0.000288,2.746448317,-0.001250254
-0.00028796,2.716948594,-0.000214623
-0.00028792,2.673097654,-0.000931598
-0.00028788,2.626854844,-0.000214623
-0.00028784,2.579017455,-0.00117059
-0.0002878,2.544733993,-0.001090926
-0.00028776,2.486531837,-0.000931598
-0.00028772,2.441086317,-0.000692606
-0.00028768,2.410789304,-0.001011262
-0.00028764,2.353384437,-0.000134959
-0.0002876,2.313519946,-0.000373951
-0.00028756,2.265682557,-0.000612942
-0.00028752,2.225020777,-0.000612942
-0.00028748,2.177980677,-0.000851934
-0.00028744,2.132535158,-0.00117059
-0.0002874,2.07831945,-0.000134959
-0.00028736,2.039252249,-0.001409582
-0.00028732,1.988225701,0.00026336
-0.00028728,1.95075308,-0.001807901
-0.00028724,1.916469618,-0.001011262
-0.0002872,1.870226808,-0.001329918
-0.00028716,1.827173158,-0.002206221
-0.00028712,1.792092406,-0.001489245
-0.00028708,1.745052307,-0.001728237
-0.00028704,1.702795947,-0.003241851
-0.000287,1.669309774,-0.001648573
-0.00028696,1.625458834,-0.002684204
-0.00028692,1.606323879,-0.002046893
-0.00028688,1.550513592,-0.001568909
-0.00028684,1.517824709,-0.001807901
-0.0002868,1.486730406,-0.002285884
-0.00028676,1.460419842,-0.00117059
-0.00028672,1.423744511,-0.002046893
-0.00028668,1.395042077,-0.002684204
-0.00028664,1.359164036,-0.002126557
-0.0002866,1.345610109,-0.001329918
-0.00028656,1.312921226,-0.000931598
-0.00028652,1.280232344,-0.002046893
-0.00028648,1.257908229,-0.001409582
-0.00028644,1.241962433,-0.002206221
-0.0002864,1.234786824,-0.001489245
-0.00028636,1.198111493,-0.002843532
-0.00028632,1.189341305,-0.002524876
-0.00028628,1.174192798,-0.001967229
-0.00028624,1.161436161,-0.002206221
-0.0002862,1.149476814,-0.001887565
-0.00028616,1.143895785,-0.001728237
-0.00028612,1.155057843,-0.001409582
-0.00028608,1.158247002,-0.001967229
-0.00028604,1.189341305,-0.001887565
-0.000286,1.21086813,-0.001807901
-0.00028596,1.237178694,-0.00260454
-0.00028592,1.273854025,-0.002923196
-0.00028588,1.332853472,-0.002684204
-0.00028584,1.393447498,-0.001728237
-0.0002858,1.458027973,-0.001329918
-0.00028576,1.530581346,-0.002206221
-0.00028572,1.60154014,-0.001090926
-0.00028568,1.659742297,-0.001329918
-0.00028564,1.747444176,-0.003162187
-0.0002856,1.81999755,-0.002923196
-0.00028556,1.882186155,-0.003401179
-0.00028552,1.936401863,-0.002206221
-0.00028548,1.99300944,-0.001967229
-0.00028544,2.041644119,-0.000533279
-0.0002854,2.08071132,-0.00077227
-0.00028536,2.129345999,-0.001409582
-0.00028532,2.156453852,-0.000931598
-0.00028528,2.189142735,-0.000931598
-0.00028524,2.224223487,-0.001489245
-0.0002852,2.25372321,-0.001011262
-0.00028516,2.284020223,-0.001967229
-0.00028512,2.321492844,-0.000612942
-0.00028508,2.344614249,-0.001090926
-0.00028504,2.382086871,-0.001568909
-0.000285,2.417964912,-0.001728237
-0.00028496,2.458626693,-0.002046893
-0.00028492,2.494504735,-0.001329918
-0.00028488,2.547923152,-0.001090926
-0.00028484,2.594963252,-0.001887565
-0.0002848,2.621273816,-0.000851934
-0.00028476,2.675489523,-0.001329918
-0.00028472,2.716948594,-0.000851934
-0.00028468,2.748840186,-0.000533279
-0.00028464,2.791893836,-0.001648573
-0.0002846,2.842920385,-0.000851934
-0.00028456,2.86205534,-0.00117059
-0.00028452,2.901122541,-0.000214623
-0.00028448,2.940189742,-0.001568909
-0.00028444,2.962513857,-0.001090926
-0.0002844,3.004770217,-0.000612942
-0.00028436,3.047026578,-0.001090926
-0.00028432,3.061377794,-0.001489245
-0.00028428,3.100444995,-0.000931598
-0.00028424,3.131539298,-0.001807901
-0.0002842,3.16901192,-0.00117059
-0.00028416,3.200106223,-0.001090926
-0.00028412,3.238376134,-0.000931598
-0.00028408,3.268673147,-0.002365548
-0.00028404,3.29976745,-0.001967229
-0.000284,3.33963194,-0.001329918
-0.00028396,3.360361476,-0.001887565
-0.00028392,3.397036807,-0.001967229
-0.00028388,3.443279617,-0.000533279
-0.00028384,3.47118476,-0.000931598
-0.0002838,3.506265512,-0.002126557
-0.00028376,3.55729206,-0.001329918
-0.00028372,3.591575523,-0.001728237
-0.00028368,3.623467115,-0.001011262
-0.00028364,3.673696374,-0.000453615
-0.0002836,3.715952734,-0.000453615
-0.00028356,3.748641616,-0.000533279
-0.00028352,3.799668165,-0.001648573
-0.00028348,3.839532656,-0.001250254
-0.00028344,3.880194436,-0.001329918
-0.0002834,3.916869768,-0.001648573
-0.00028336,3.960720708,-0.000453615
-0.00028332,4.010152676,-0.00077227
-0.00028328,4.050814457,-0.000373951
-0.00028324,4.088287078,-0.001648573
-0.0002832,4.120975961,-0.002285884
-0.00028316,4.155259423,-0.001329918
-0.00028312,4.199907653,-0.00117059
-0.00028308,4.234988405,-0.002206221
-0.00028304,4.279636634,-0.001728237
-0.000283,4.328271313,-0.000214623
-0.00028296,4.368135804,-0.000214623
-0.00028292,4.415175903,-0.00117059
-0.00028288,4.455040394,0.000183697
-0.00028284,4.494904885,-0.000214623
-0.0002828,4.546728723,2.44E-05
-0.00028276,4.582606765,-0.000533279
-0.00028272,4.614498357,-0.000214623
-0.00028268,4.64878182,-0.000851934
-0.00028264,4.702997527,-0.000294287
-0.0002826,4.743659308,0.000741344
-0.00028256,4.77794277,-0.000294287
-0.00028252,4.813820812,2.44E-05
-0.00028248,4.852090723,-0.000453615
-0.00028244,4.900725402,-0.001329918
-0.0002824,4.946170921,0.000104033
-0.00028236,4.983643543,-0.000214623
-0.00028232,5.021116164,-0.000692606
-0.00028228,5.058588785,-0.000453615
-0.00028224,5.091277668,-0.000931598
-0.0002822,5.129547579,-0.00117059
-0.00028216,5.180574127,0.000343024
-0.00028212,5.206884691,-0.000134959
-0.00028208,5.247546472,-0.001090926
-0.00028204,5.286613673,-0.001489245
-0.000282,5.335248352,0.000104033
-0.00028196,5.357572467,-0.000612942
-0.00028192,5.415774623,-0.001409582
-0.00028188,5.456436404,0.00026336
-0.00028184,5.484341547,0.000104033
-0.0002818,5.548124733,-0.00077227
-0.00028176,5.571246137,-0.000294287
-0.00028172,5.597556701,0.00066168
-0.00028168,5.64698867,-0.001090926
-0.00028164,5.702798957,-0.000692606
-0.0002816,5.731501391,-0.000294287
-0.00028156,5.772163171,-0.000692606
-0.00028152,5.811230372,-0.000931598
-0.00028148,5.848702994,-0.001250254
-0.00028144,5.900526832,-0.000851934
-0.0002814,5.929229265,-0.000692606
-0.00028136,5.976269364,-0.000533279
-0.00028132,5.99460703,-0.000294287
-0.00028128,6.047228158,-0.000612942
-0.00028124,6.072741432,-0.000931598
-0.0002812,6.128551719,-0.001409582
-0.00028116,6.165227051,-0.000134959
-0.00028112,6.197118644,0.000183697
-0.00028108,6.233793975,-0.000851934
-0.00028104,6.284820523,-0.000453615
-0.000281,6.315914826,-0.000134959
-0.00028096,6.365346795,-0.000373951
-0.00028092,6.391657359,0.00066168
-0.00028088,6.441089328,0.000183697
-0.00028084,6.482548398,0.00026336
-0.0002808,6.525602048,-0.000692606
-0.00028076,6.566263829,-0.000134959
-0.00028072,6.600547291,0.00066168
-0.00028068,6.657154868,-0.000533279
-0.00028064,6.682668142,-0.000931598
-0.0002806,6.727316372,0.000741344
-0.00028056,6.769572732,0.000183697
-0.00028052,6.809437223,-0.000453615
-0.00028048,6.830964048,-0.000851934
-0.00028044,6.878801437,-0.000692606
-0.0002804,6.922652377,-0.00117059
-0.00028036,6.949760231,-0.000294287
-0.00028032,6.999192199,-0.000453615
-0.00028028,7.035867531,-0.00077227
-0.00028024,7.062178095,-0.001090926
-0.0002802,7.110015484,0.000502352
-0.00028016,7.150677264,-0.000931598
-0.00028012,7.178582408,0.000741344
-0.00028008,7.224825217,-0.000612942
-0.00028004,7.249541202,-0.000373951
-0.00028,7.292594852,-0.000134959
-0.00027996,7.337243082,-0.000533279
-0.00027992,7.373918413,0.000422688
-0.00027988,7.406607296,0.000104033
-0.00027984,7.458431134,0.000104033
-0.0002798,7.504673943,-0.000533279
-0.00027976,7.543741144,2.44E-05
-0.00027972,7.579619186,0.000422688
-0.00027968,7.611510778,0.000422688
-0.00027964,7.64659153,-0.000294287
-0.0002796,7.69044247,0.00026336
-0.00027956,7.744658178,-0.000453615
-0.00027952,7.774955191,0.000104033
-0.00027948,7.811630522,0.000821008
-0.00027944,7.839535666,0.000343024
-0.0002794,7.882589316,-0.000453615
-0.00027936,7.928034836,0.001458319
-0.00027932,7.966304747,-0.000294287
-0.00027928,8.000588209,-0.000134959
-0.00027924,8.025304193,0.00066168
-0.0002792,8.067560554,-0.000294287
-0.00027916,8.12496542,0.000582016
-0.00027912,8.156059723,-0.000373951
-0.00027908,8.191937765,0.000741344
-0.00027904,8.233396836,-0.000294287
-0.000279,8.262099269,0.000502352
-0.00027896,8.309139368,0.00026336
-0.00027892,8.34262554,0.000183697
-0.00027888,8.383287321,0.000502352
-0.00027884,8.426340971,0.00066168
-0.0002788,8.457435274,0.000502352
-0.00027876,8.484543128,0.000741344
-0.00027872,8.528394068,0.000183697
-0.00027868,8.56188024,0.000900672
-0.00027864,8.60493389,0.000741344
-0.0002786,8.636028193,0.000900672
-0.00027856,8.675892684,0.000502352
-0.00027852,8.712568015,0.000900672
-0.00027848,8.756418955,0.000582016
-0.00027844,8.797878026,0.000900672
-0.0002784,8.82259401,0.000980336
-0.00027836,8.870431399,0.000821008
-0.00027832,8.904714861,0.001617647
-0.00027828,8.942984772,0.000900672
-0.00027824,8.983646553,0.001139663
-0.0002782,9.017132725,0.000582016
-0.00027816,9.049821608,0.000582016
-0.00027812,9.077726751,0.000900672
-0.00027808,9.118388532,-0.000214623
-0.00027804,9.154266574,-0.000612942
-0.000278,9.191739195,2.44E-05
-0.00027796,9.229211817,-0.000134959
-0.00027792,9.265887148,0.000582016
-0.00027788,9.295386871,0.000900672
-0.00027784,9.34561613,2.44E-05
-0.0002778,9.371129404,0.000741344
-0.00027776,9.402223707,0.001059999
-0.00027772,9.450061096,0.000183697
-0.00027768,9.483547268,2.44E-05
-0.00027764,9.516236151,0.000821008
-0.0002776,9.56168167,0.000343024
-0.00027756,9.599951581,0.000502352
-0.00027752,9.632640464,-0.000214623
-0.00027748,9.678883273,-0.000214623
-0.00027744,9.704396547,0.000343024
-0.0002774,9.733098981,0.000104033
-0.00027736,9.775355341,-0.000931598
-0.00027732,9.806449644,-0.000453615
-0.00027728,9.843124975,0.000502352
-0.00027724,9.887773205,0.000183697
-0.0002772,9.91248919,2.44E-05
-0.00027716,9.930029566,-0.000294287
-0.00027712,9.967502187,-0.000373951
-0.00027708,10.013745,0.001139663
-0.00027704,10.04085285,0.001458319
-0.000277,10.07673089,0.00066168
-0.00027696,10.10383875,0.001378655
-0.00027692,10.13652763,0.000422688
-0.00027688,10.17878399,0.001219327
-0.00027684,10.20589184,0.000980336
-0.0002768,10.22422951,0.001537983
-0.00027676,10.2561211,0.000104033
-0.00027672,10.30076933,0.000821008
-0.00027668,10.32787718,0.001139663
-0.00027664,10.35498504,2.44E-05
-0.0002766,10.38687663,0.001219327
-0.00027656,10.40601159,-0.000214623
-0.00027652,10.43072757,0.001617647
-0.00027648,10.45943,0.001537983
-0.00027644,10.47776767,0.001697311
-0.0002764,10.49929449,0.001776975
-0.00027636,10.50886197,0.001219327
-0.00027632,10.51603758,0.001219327
-0.00027628,10.52719964,0.002732941
-0.00027624,10.53596983,0.001697311
-0.0002762,10.52879422,0.001617647
-0.00027616,10.53437525,0.001697311
-0.00027612,10.54314543,0.001697311
-0.00027608,10.53517254,0.001458319
-0.00027604,10.53676712,0.001697311
-0.000276,10.53995628,0.002732941
-0.00027596,10.53756441,0.001776975
-0.00027592,10.54394272,0.001219327
-0.00027588,10.54314543,0.001298991
-0.00027584,10.53278067,0.001537983
-0.0002758,10.54234814,0.001617647
-0.00027576,10.55191562,0.001537983
-0.00027572,10.56865871,0.001537983
-0.00027568,10.57105058,0.000741344
-0.00027564,10.56467226,0.000582016
-0.0002756,10.58460451,0.00066168
-0.00027556,10.58061806,0.000900672
-0.00027552,10.58619908,0.001458319
-0.00027548,10.58779366,0.001059999
-0.00027544,10.58859095,0.001219327
-0.0002754,10.59178011,0.001697311
-0.00027536,10.59337469,0.001059999
-0.00027532,10.57503703,0.001537983
-0.00027528,10.57663161,0.001059999
-0.00027524,10.5774289,0.000741344
-0.0002752,10.55749665,0.000900672
-0.00027516,10.54713188,0.001458319
-0.00027512,10.55111833,0.00026336
-0.00027508,10.54075357,0.001458319
-0.00027504,10.54314543,0.000980336
-0.000275,10.54394272,0.001537983
-0.00027496,10.52719964,0.001697311
-0.00027492,10.53118609,0.000900672
-0.00027488,10.53915899,0.001139663
-0.00027484,10.52560506,0.002015966
-0.0002748,10.51842945,0.001219327
-0.00027476,10.52082132,0.001298991
-0.00027472,10.49769992,0.001537983
-0.00027468,10.48972702,0.001298991
-0.00027464,10.48015954,0.001458319
-0.0002746,10.45783542,0.001219327
-0.00027456,10.45065982,0.001537983
-0.00027452,10.4203628,0.001776975
-0.00027448,10.39644411,0.001059999
-0.00027444,10.34701214,0.000582016
-0.0002744,10.31512055,0.000502352
-0.00027436,10.26568858,0.001059999
-0.00027432,10.21545932,2.44E-05
-0.00027428,10.15805445,0.001059999
-0.00027424,10.09586585,0.001378655
-0.0002742,10.03208266,-0.000214623
-0.00027416,9.981853404,0.000582016
-0.00027412,9.918867508,0.000343024
-0.00027408,9.86624638,0.001219327
-0.00027404,9.8255846,-0.000373951
-0.000274,9.770571602,0.000821008
-0.00027396,9.733896271,0.001617647
-0.00027392,9.6924372,0.001697311
-0.00027388,9.658153738,0.001219327
-0.00027384,9.6063299,0.001776975
-0.0002738,9.587992234,0.001617647
-0.00027376,9.559289801,0.001378655
-0.00027372,9.51862802,0.000900672
-0.00027368,9.499493064,0.000343024
-0.00027364,9.458033994,0.001458319
-0.0002736,9.416574924,0.000821008
-0.00027356,9.398237258,0.000821008
-0.00027352,9.349602579,0.000900672
-0.00027348,9.310535378,0.001219327
-0.00027344,9.273860046,0.000821008
-0.0002734,9.233198266,0.000422688
-0.00027336,9.183766297,0.000900672
-0.00027332,9.144699096,0.000422688
-0.00027328,9.096861707,0.001139663
-0.00027324,9.060186375,0.000502352
-0.0002732,9.024308334,0.001219327
-0.00027316,8.982849263,0.000980336
-0.00027312,8.936606454,2.44E-05
-0.00027308,8.899931122,0.000821008
-0.00027304,8.869634109,-0.000294287
-0.000273,8.818607561,0.000502352
-0.00027296,8.790702417,0.000502352
-0.00027292,8.755621665,0.000422688
-0.00027288,8.722932783,0.000422688
-0.00027284,8.679081843,0.000741344
-0.0002728,8.646392961,0.00066168
-0.00027276,8.6041366,0.000104033
-0.00027272,8.571447718,0.001059999
-0.00027268,8.526002198,0.00026336
-0.00027264,8.506069953,-0.000533279
-0.0002726,8.456637984,2.44E-05
-0.00027256,8.416773493,-0.000373951
-0.00027252,8.376909003,0.000502352
-0.00027248,8.337841802,0.00066168
-0.00027244,8.296382731,-0.000533279
-0.0002724,8.25651824,0.000104033
-0.00027236,8.220640198,0.000183697
-0.00027232,8.17041094,-0.000294287
-0.00027228,8.137722058,2.44E-05
-0.00027224,8.091479248,0.00026336
-0.0002722,8.062776815,0.001059999
-0.00027216,8.013344846,0.000343024
-0.00027212,7.971088486,0.000343024
-0.00027208,7.937602314,0.001059999
-0.00027204,7.903318851,0.00026336
-0.000272,7.862657071,0.000183697
-0.00027196,7.819603421,0.000183697
-0.00027192,7.77894164,2.44E-05
-0.00027188,7.745455468,-0.00077227
-0.00027184,7.703199107,-0.000453615
-0.0002718,7.673699384,0.000502352
-0.00027176,7.626659285,-0.000214623
-0.00027172,7.589983953,-0.000453615
-0.00027168,7.558889651,-0.000294287
-0.00027164,7.508660392,-0.000931598
-0.0002716,7.47517422,-0.000214623
-0.00027156,7.441688047,-0.000851934
-0.00027152,7.402620846,-0.000533279
-0.00027148,7.370729254,0.000422688
-0.00027144,7.320499995,-0.000294287
-0.0002714,7.295784011,-0.000294287
-0.00027136,7.249541202,-0.000134959
-0.00027132,7.208879421,0.00026336
-0.00027128,7.162636612,0.000183697
-0.00027124,7.131542309,0.000741344
-0.0002712,7.090083238,-0.000294287
-0.00027116,7.027894633,2.44E-05
-0.00027112,7.006367808,-0.000134959
-0.00027108,6.968097896,2.44E-05
-0.00027104,6.915476768,0.000821008
-0.000271,6.870828539,-0.000533279
-0.00027096,6.844517975,-0.000612942
-0.00027092,6.798275165,-0.000931598
-0.00027088,6.764788993,-0.000612942
-0.00027084,6.719343474,-0.000533279
-0.0002708,6.69143833,-0.000612942
-0.00027076,6.64758739,0.000502352
-0.00027072,6.611709348,2.44E-05
-0.00027068,6.563871959,-0.000533279
-0.00027064,6.524007468,2.44E-05
-0.0002706,6.491318586,0.000183697
-0.00027056,6.453845965,-0.000134959
-0.00027052,6.409995025,0.00026336
-0.00027048,6.378900722,0.000741344
-0.00027044,6.334252492,0.00026336
-0.0002704,6.30076632,0.001139663
-0.00027036,6.25611809,-0.000294287
-0.00027032,6.205888832,-0.000931598
-0.00027028,6.160443312,0.000343024
-0.00027024,6.134132748,0.000104033
-0.0002702,6.0831062,0.000582016
-0.00027016,6.047228158,0.000104033
-0.00027012,6.009755537,-0.00117059
-0.00027008,5.970688336,-0.000453615
-0.00027004,5.933215714,0.000104033
-0.00027,5.898134962,-0.000214623
-0.00026996,5.86544608,-0.000294287
-0.00026992,5.833554487,0.000104033
-0.00026988,5.788906257,0.000980336
-0.00026984,5.746649897,-0.000214623
-0.0002698,5.710771855,0.000343024
-0.00026976,5.667718205,2.44E-05
-0.00026972,5.621475396,0.001219327
-0.00026968,5.583205485,0.000741344
-0.00026964,5.539354545,-0.000134959
-0.0002696,5.504273793,-0.000134959
-0.00026956,5.455639114,-0.000533279
-0.00026952,5.412585464,-0.000294287
-0.00026948,5.375910132,0.000422688
-0.00026944,5.332856482,-0.000214623
-0.0002694,5.280235354,-0.000134959
-0.00026936,5.249141051,-0.00077227
-0.00026932,5.21087114,-0.000373951
-0.00026928,5.172601229,-0.001090926
-0.00026924,5.139912347,-0.00077227
-0.0002692,5.088088509,0.000183697
-0.00026916,5.053805046,-0.000851934
-0.00026912,5.009954106,-0.000294287
-0.00026908,4.983643543,-0.000533279
-0.00026904,4.930225125,-0.000453615
-0.000269,4.895941663,0.000741344
-0.00026896,4.856874462,-0.001090926
-0.00026892,4.806645203,-0.000533279
-0.00026888,4.757213235,-0.000533279
-0.00026884,4.716551454,-0.001090926
-0.0002688,4.685457151,2.44E-05
-0.00026876,4.64798453,0.000104033
-0.00026872,4.605728169,-0.000851934
-0.00026868,4.55868807,-0.000692606
-0.00026864,4.524404608,-0.000612942
-0.0002686,4.494904885,-0.000294287
-0.00026856,4.454243104,0.000183697
-0.00026852,4.410392164,-0.001011262
-0.00026848,4.372122253,-0.001011262
-0.00026844,4.337838791,-0.00117059
-0.0002684,4.30036617,-0.000851934
-0.00026836,4.263690838,-0.00117059
-0.00026832,4.215853449,-0.000373951
-0.00026828,4.172002509,-0.00077227
-0.00026824,4.130543439,-0.001011262
-0.0002682,4.088287078,-0.000294287
-0.00026816,4.053206326,-0.000692606
-0.00026812,4.020517444,-0.000612942
-0.00026808,3.956734259,-0.000134959
-0.00026804,3.916072478,-0.001728237
-0.000268,3.879397146,-0.00077227
-0.00026796,3.831559757,-0.000931598
-0.00026792,3.803654614,-0.000851934
-0.00026788,3.760600964,-0.001250254
-0.00026784,3.716750024,-0.000692606
-0.0002678,3.679277402,-0.000612942
-0.00026776,3.64579123,-0.000214623
-0.00026772,3.60353487,-0.001409582
-0.00026768,3.55888664,-0.000612942
-0.00026764,3.530981496,-0.001090926
-0.0002676,3.483144107,-0.001090926
-0.00026756,3.437698588,-0.001409582
-0.00026752,3.403415126,-0.000931598
-0.00026748,3.353185867,-0.001807901
-0.00026744,3.316510536,-0.001090926
-0.0002674,3.285416233,-0.000851934
-0.00026736,3.240768003,-0.002365548
-0.00026732,3.196119773,-0.001090926
-0.00026728,3.172201079,-0.00077227
-0.00026724,3.121174531,-0.000931598
-0.0002672,3.082904619,-0.000851934
-0.00026716,3.041445549,-0.00117059
-0.00026712,2.99281087,-0.001887565
-0.00026708,2.953743669,-0.001329918
-0.00026704,2.918662917,-0.000931598
-0.000267,2.870825528,-0.002046893
-0.00026696,2.830961037,-0.00117059
-0.00026692,2.796677575,-0.002046893
-0.00026688,2.760799533,-0.001409582
-0.00026684,2.714556724,-0.001329918
-0.0002668,2.677881393,-0.000851934
-0.00026676,2.631638583,-0.000373951
-0.00026672,2.574233716,-0.001250254
-0.00026668,2.541544834,-0.000851934
-0.00026664,2.497693894,-0.001967229
-0.0002666,2.451451085,-0.001568909
-0.00026656,2.411586594,-0.00077227
-0.00026652,2.378100421,-0.001568909
-0.00026648,2.319898265,-0.001409582
-0.00026644,2.271263586,-0.000453615
-0.0002664,2.232993675,-0.001409582
-0.00026636,2.181169837,-0.001648573
-0.00026632,2.138913476,-0.001090926
-0.00026628,2.095859826,-0.002126557
-0.00026624,2.054400756,-0.001568909
-0.0002662,2.003374208,-0.001728237
-0.00026616,1.972279905,-0.001329918
-0.00026612,1.926037095,-0.002285884
-0.00026608,1.873415967,-0.001887565
-0.00026604,1.842321665,-0.002843532
-0.000266,1.805646333,-0.001329918
-0.00026596,1.749836046,-0.002445212
-0.00026592,1.707579686,-0.001728237
-0.00026588,1.678877252,-0.002126557
-0.00026584,1.640607341,-0.001568909
-0.0002658,1.589580793,-0.002763868
-0.00026576,1.561675649,-0.002126557
-0.00026572,1.521013868,-0.001728237
-0.00026568,1.486730406,-0.002126557
-0.00026564,1.456433393,-0.002684204
-0.0002656,1.415771613,-0.001807901
-0.00026556,1.391852918,-0.002206221
-0.00026552,1.363150485,-0.002046893
-0.00026548,1.326475153,-0.00117059
-0.00026544,1.304948328,-0.001568909
-0.0002654,1.278637764,-0.002365548
-0.00026536,1.261894678,-0.003241851
-0.00026532,1.238773273,-0.002763868
-0.00026528,1.218841028,-0.002046893
-0.00026524,1.203692521,-0.002046893
-0.0002652,1.200503362,-0.002126557
-0.00026516,1.16701719,-0.002843532
-0.00026512,1.146287655,-0.001728237
-0.00026508,1.144693075,-0.001728237
-0.00026504,1.148679524,-0.003241851
-0.000265,1.141503916,-0.001807901
-0.00026496,1.156652422,-0.001807901
-0.00026492,1.170206349,-0.001568909
-0.00026488,1.192530464,-0.002923196
-0.00026484,1.233192245,-0.002524876
-0.0002648,1.271462156,-0.003401179
-0.00026476,1.307340198,-0.002046893
-0.00026472,1.373515252,-0.001887565
-0.00026468,1.434906568,-0.002206221
-0.00026464,1.501081623,-0.002365548
-0.0002646,1.569648547,-0.001807901
-0.00026456,1.64459379,-0.003162187
-0.00026452,1.706782396,-0.001728237
-0.00026448,1.786511377,-0.002365548
-0.00026444,1.86384849,-0.003082524
-0.0002644,1.922050646,-0.001489245
-0.00026436,1.971482615,-0.002445212
-0.00026432,2.039252249,-0.002285884
-0.00026428,2.075130291,-0.001011262
-0.00026424,2.12535955,0.000183697
-0.0002642,2.164426751,-0.000692606
-0.00026416,2.200304792,0.000343024
-0.00026412,2.223426197,-0.000851934
-0.00026408,2.256912369,0.000183697
-0.00026404,2.301560599,-0.000692606
-0.000264,2.314317236,-0.000294287
-0.00026396,2.360560045,-0.000453615
-0.00026392,2.374911262,-0.001250254
-0.00026388,2.413181173,-0.000692606
-0.00026384,2.458626693,-0.001728237
-0.0002638,2.487329126,-0.001887565
-0.00026376,2.519220719,-0.000931598
-0.00026372,2.563868949,-0.001329918
-0.00026368,2.607719889,-0.001648573
-0.00026364,2.64678709,-0.001250254
-0.0002636,2.68984074,-0.001728237
-0.00026356,2.724921492,-0.001090926
-0.00026352,2.766380562,-0.002046893
-0.00026348,2.809434212,-0.001568909
-0.00026344,2.850893283,-0.001250254
-0.0002634,2.886771325,-0.002126557
-0.00026336,2.919460207,-0.001728237
-0.00026332,2.95055451,-0.002206221
-0.00026328,2.985635262,-0.000931598
-0.00026324,3.022310593,-0.001250254
-0.0002632,3.064566954,0.00066168
-0.00026316,3.090877518,-0.000373951
-0.00026312,3.12197182,-0.000294287
-0.00026308,3.154660703,-0.000851934
-0.00026304,3.178579397,-0.000692606
-0.000263,3.2096737,-0.001329918
-0.00026296,3.239173424,-0.001409582
-0.00026292,3.285416233,-0.001807901
-0.00026288,3.311726797,-0.000692606
-0.00026284,3.346807549,-0.000851934
-0.0002628,3.380293721,-0.001329918
-0.00026276,3.413779893,-0.001011262
-0.00026272,3.459225413,-0.000851934
-0.00026268,3.493508875,-0.001090926
-0.00026264,3.533373366,-0.000692606
-0.0002626,3.578021596,-0.00117059
-0.00026256,3.623467115,-0.000692606
-0.00026252,3.672899084,-0.001090926
-0.00026248,3.703993387,-0.001728237
-0.00026244,3.740668718,-0.000533279
-0.0002624,3.792492556,0.000422688
-0.00026236,3.840329945,-0.000134959
-0.00026232,3.870626958,-0.000612942
-0.00026228,3.916869768,2.44E-05
-0.00026224,3.962315287,-0.000214623
-0.0002622,4.005368937,-0.001011262
-0.00026216,4.03805782,-0.002445212
-0.00026212,4.109016614,0.002573614
-0.00026208,4.127354279,-0.000373951
-0.00026204,4.172002509,-0.002046893
-0.000262,4.222231768,0.000502352
-0.00026196,4.25412336,-0.00117059
-0.00026192,4.288406822,2.44E-05
-0.00026188,4.329068603,-0.000851934
-0.00026184,4.371324963,2.44E-05
-0.0002618,4.405608425,-0.000134959
-0.00026176,4.446270206,-0.000692606
-0.00026172,4.496499465,-0.000612942
-0.00026168,4.532377506,0.00026336
-0.00026164,4.577025736,0.000183697
-0.0002616,4.608120039,2.44E-05
-0.00026156,4.654362848,-0.000373951
-0.00026152,4.6894436,-0.000533279
-0.00026148,4.741267438,2.44E-05
-0.00026144,4.773159031,0.000183697
-0.0002614,4.804253334,0.000343024
-0.00026136,4.86325278,-0.000134959
-0.00026132,4.895144373,-0.001728237
-0.00026128,4.945373631,0.000104033
-0.00026124,4.974076065,-0.000851934
-0.0002612,5.013940556,-0.000851934
-0.00026116,5.064967104,-0.000453615
-0.00026112,5.093669537,-0.001250254
-0.00026108,5.130344869,-0.000134959
-0.00026104,5.165425621,0.000422688
-0.000261,5.21007385,-0.000373951
-0.00026096,5.238776284,-0.001011262
-0.00026092,5.289005542,-0.000851934
-0.00026088,5.322491715,-0.00077227
-0.00026084,5.367937234,-0.000214623
-0.0002608,5.407004435,-0.000612942
-0.00026076,5.456436404,-0.000134959
-0.00026072,5.487530707,-0.000373951
-0.00026068,5.520219589,-0.000692606
-0.00026064,5.566462399,-0.000294287
-0.0002606,5.607124179,-0.000612942
-0.00026056,5.650177829,-0.001489245
-0.00026052,5.682866712,-0.000453615
-0.00026048,5.714758304,-0.001648573
-0.00026044,5.771365881,-0.000533279
-0.0002604,5.803257474,0.000183697
-0.00026036,5.839135516,-0.001489245
-0.00026032,5.880594586,-0.000612942
-0.00026028,5.929229265,-0.000612942
-0.00026024,5.971485625,-0.000134959
-0.0002602,5.999390769,0.000980336
-0.00026016,6.051214607,-0.00077227
-0.00026012,6.08230891,0.00026336
-0.00026008,6.12456527,-0.000134959
-0.00026004,6.164429761,-0.00077227
-0.00026,6.197915933,0.00026336
-0.00025996,6.233793975,0.001059999
-0.00025992,6.276847625,0.000422688
-0.00025988,6.306347348,0.000422688
-0.00025984,6.349400999,-0.000453615
-0.0002598,6.401224837,0.00026336
-0.00025976,6.420359792,-0.000373951
-0.00025972,6.467399891,-0.000851934
-0.00025968,6.511250831,2.44E-05
-0.00025964,6.555899061,0.000502352
-0.0002596,6.599750001,-0.000453615
-0.00025956,6.631641594,0.001537983
-0.00025952,6.672303374,0.00026336
-0.00025948,6.715357024,-0.001090926
-0.00025944,6.753626936,2.44E-05
-0.0002594,6.787113108,-0.000214623
-0.00025936,6.828572178,-0.000533279
-0.00025932,6.879598727,0.001697311
-0.00025928,6.91069303,-0.001648573
-0.00025924,6.947368361,-0.001887565
-0.0002592,6.992813881,0.000343024
-0.00025916,7.029489212,0.000582016
-0.00025912,7.055002486,-0.00077227
-0.00025908,7.102839875,2.44E-05
-0.00025904,7.141109787,0.000422688
-0.000259,7.178582408,2.44E-05
-0.00025896,7.21127129,0.000980336
-0.00025892,7.254324941,0.000343024
-0.00025888,7.294189431,0.000183697
-0.00025884,7.331662053,0.000582016
-0.0002588,7.375512993,-0.000214623
-0.00025876,7.415377484,-0.000453615
-0.00025872,7.460025713,-0.000692606
-0.00025868,7.491120016,-0.000851934
-0.00025864,7.524606188,-0.00077227
-0.0002586,7.571646288,0.00066168
-0.00025856,7.60592975,2.44E-05
-0.00025852,7.650577979,-0.000533279
-0.00025848,7.69203705,2.44E-05
-0.00025844,7.727117802,-0.000931598
-0.0002584,7.757414815,-0.000533279
-0.00025836,7.807644073,0.00066168
-0.00025832,7.841927535,0.000502352
-0.00025828,7.870629969,-0.000134959
-0.00025824,7.918467358,0.000104033
-0.0002582,7.956737269,-0.000214623
-0.00025816,7.993412601,-0.000294287
-0.00025812,8.023709614,-0.000373951
-0.00025808,8.073141582,-0.000373951
-0.00025804,8.102641306,0.000900672
-0.000258,8.142505796,-0.000214623
-0.00025796,8.187154026,-0.000851934
-0.00025792,8.221437488,-0.000294287
-0.00025788,8.266883008,-0.000134959
-0.00025784,8.30276105,0.00026336
-0.0002578,8.337044512,-0.00077227
-0.00025776,8.374517133,-0.000612942
-0.00025772,8.419165363,-0.000294287
-0.00025768,8.451854245,-0.000692606
-0.00025764,8.485340418,0.00026336
-0.0002576,8.529191358,0.001059999
-0.00025756,8.56028566,-0.000612942
-0.00025752,8.595366412,0.000821008
-0.00025748,8.619285107,0.000502352
-0.00025744,8.669514365,0.000343024
-0.0002574,8.707784276,0.001617647
-0.00025736,8.73409484,0.000502352
-0.00025732,8.783526809,0.000183697
-0.00025728,8.809837373,2.44E-05
-0.00025724,8.844120835,0.001059999
-0.0002572,8.883188036,0.000980336
-0.00025716,8.926241686,0.00066168
-0.00025712,8.955741409,-0.000214623
-0.00025708,9.005970668,0.000422688
-0.00025704,9.045037869,0.000900672
-0.000257,9.08410507,2.44E-05
-0.00025696,9.123969561,0.00066168
-0.00025692,9.147090965,0.000422688
-0.00025688,9.186158166,0.000104033
-0.00025684,9.234792845,0.001059999
-0.0002568,9.271468177,-0.000453615
-0.00025676,9.304157059,0.001537983
-0.00025672,9.348007999,0.000980336
-0.00025668,9.38627791,0.000821008
-0.00025664,9.416574924,0.000582016
-0.0002566,9.447669226,0.000502352
-0.00025656,9.47637166,0.000741344
-0.00025652,9.513844281,-0.000214623
-0.00025648,9.547330453,0.00066168
-0.00025644,9.581613916,0.000422688
-0.0002564,9.613505508,0.000422688
-0.00025636,9.653369999,0.000821008
-0.00025632,9.696423649,0.000502352
-0.00025628,9.717153184,-0.000294287
-0.00025624,9.761801414,0.000104033
-0.0002562,9.795287586,-0.000294287
-0.00025616,9.832760208,-0.000851934
-0.00025612,9.876611148,0.000343024
-0.00025608,9.899732552,-0.000134959
-0.00025604,9.930826855,0.00066168
-0.000256,9.971488636,0.000422688
-0.00025596,9.991420881,0.000741344
-0.00025592,10.02969079,0.00066168
-0.00025588,10.07354173,0.001139663
-0.00025584,10.11181164,-0.00077227
-0.0002558,10.13014931,0.000343024
-0.00025576,10.16363548,0.001059999
-0.00025572,10.20509455,0.00066168
-0.00025568,10.23459428,0.000821008
-0.00025564,10.26808045,0.000980336
-0.0002556,10.29917475,0.001378655
-0.00025556,10.32389073,0.000502352
-0.00025552,10.36136336,0.001298991
-0.00025548,10.3892685,0.001378655
-0.00025544,10.39644411,0.001458319
-0.0002554,10.4363086,0.000980336
-0.00025536,10.46421374,0.001059999
-0.00025532,10.47218664,-0.000214623
-0.00025528,10.49211889,0.000582016
-0.00025524,10.49769992,0.001059999
-0.0002552,10.51524029,-0.000533279
-0.00025516,10.52560506,0.001458319
-0.00025512,10.5383617,0.000582016
-0.00025508,10.52879422,0.001059999
-0.00025504,10.53198338,0.000980336
-0.000255,10.54075357,0.001697311
-0.00025496,10.54075357,-0.000134959
-0.00025492,10.54155085,0.000422688
-0.00025488,10.53278067,0.000821008
-0.00025484,10.52879422,0.000502352
-0.0002548,10.5383617,-0.000533279
-0.00025476,10.53915899,0.000343024
-0.00025472,10.53676712,0.000980336
-0.00025468,10.54633459,0.001298991
-0.00025464,10.54234814,0.001458319
-0.0002546,10.5535102,0.001697311
-0.00025456,10.55829394,0.000343024
-0.00025452,10.56546955,-0.000453615
-0.00025448,10.57025329,-0.000692606
-0.00025444,10.5774289,0.000343024
-0.0002544,10.58779366,-0.001090926
-0.00025436,10.57902348,-0.000373951
-0.00025432,10.57184787,0.000104033
-0.00025428,10.58460451,0.001298991
-0.00025424,10.58221264,0.000900672
-0.0002542,10.57264516,0.001856639
-0.00025416,10.57423974,0.000582016
-0.00025412,10.55271291,0.000980336
-0.00025408,10.54713188,0.001378655
-0.00025404,10.54952375,0.000741344
-0.000254,10.5535102,0.001936302
-0.00025396,10.55590207,0.001537983
-0.00025392,10.53357796,0.000821008
-0.00025388,10.53437525,0.000582016
-0.00025384,10.52879422,0.000900672
-0.0002538,10.5383617,0.001458319
-0.00025376,10.52082132,-0.000612942
-0.00025372,10.52321319,0.000900672
-0.00025368,10.51284842,0.000900672
-0.00025364,10.514443,0.001617647
-0.0002536,10.4984972,0.001139663
-0.00025356,10.49610534,0.001219327
-0.00025352,10.47218664,0.000502352
-0.00025348,10.4674029,0.000741344
-0.00025344,10.44826795,-0.00117059
-0.0002534,10.43152486,0.001298991
-0.00025336,10.38528205,0.00066168
-0.00025332,10.35099859,0.000582016
-0.00025328,10.319107,-0.000373951
-0.00025324,10.26648587,0.000104033
-0.0002532,10.21386474,0.001139663
-0.00025316,10.16762193,0.000502352
-0.00025312,10.10304146,2.44E-05
-0.00025308,10.04005556,0.000104033
-0.00025304,9.981853404,0.000422688
-0.000253,9.922056667,-0.000214623
-0.00025296,9.869435539,0.000821008
-0.00025292,9.820800861,0.000741344
-0.00025288,9.772963472,0.00066168
-0.00025284,9.721139634,2.44E-05
-0.0002528,9.689248041,0.001537983
-0.00025276,9.645397101,0.00066168
-0.00025272,9.611910929,0.000582016
-0.00025268,9.580019336,0.000183697
-0.00025264,9.549722323,0.000741344
-0.0002526,9.51783073,0.000104033
-0.00025256,9.503479514,0.001139663
-0.00025252,9.47397979,-0.000294287
-0.00025248,9.427736981,0.00066168
-0.00025244,9.399034548,0.000422688
-0.0002524,9.370332114,0.000582016
-0.00025236,9.327278464,0.000183697
-0.00025232,9.286616683,-0.000533279
-0.00025228,9.237982005,-0.000453615
-0.00025224,9.205293122,-0.001011262
-0.0002522,9.159847603,0.000422688
-0.00025216,9.113604793,0.000821008
-0.00025212,9.08410507,0.000343024
-0.00025208,9.032281232,0.000343024
-0.00025204,8.987633002,0.00026336
-0.000252,8.958133279,0.000422688
-0.00025196,8.917471498,0.000183697
-0.00025192,8.877607007,0.000821008
-0.00025188,8.835350647,0.000741344
-0.00025184,8.797878026,0.000980336
-0.0002518,8.761999984,0.000821008
-0.00025176,8.729311102,0.000582016
-0.00025172,8.69263577,0.000900672
-0.00025168,8.664730626,2.44E-05
-0.00025164,8.620879686,0.001059999
-0.0002516,8.582609775,0.000422688
-0.00025156,8.547529023,-0.000294287
-0.00025152,8.492516026,-0.000931598
-0.00025148,8.465408172,0.000582016
-0.00025144,8.43351658,-0.000453615
-0.0002514,8.399233117,-0.000214623
-0.00025136,8.350598439,2.44E-05
-0.00025132,8.296382731,-0.00077227
-0.00025128,8.271666747,2.44E-05
-0.00025124,8.210275431,0.000502352
-0.0002512,8.181572997,-0.000931598
-0.00025116,8.137722058,-0.000453615
-0.00025112,8.105033175,-0.001250254
-0.00025108,8.065168684,-0.000134959
-0.00025104,8.033277092,0.000104033
-0.000251,7.983845123,-0.001250254
-0.00025096,7.958331849,-0.000533279
-0.00025092,7.9073053,0.000502352
-0.00025088,7.870629969,0.000422688
-0.00025084,7.837941086,-0.000453615
-0.0002508,7.805252204,-0.000533279
-0.00025076,7.759806684,0.00026336
-0.00025072,7.724725932,-0.00077227
-0.00025068,7.676091254,-0.001489245
-0.00025064,7.627456575,-0.000214623
-0.0002506,7.601943301,-0.001011262
-0.00025056,7.56207881,-0.000612942
-0.00025052,7.51743058,-0.000134959
-0.00025048,7.481552538,-0.000373951
-0.00025044,7.438498888,-0.001329918
-0.0002504,7.393850658,-0.000134959
-0.00025036,7.369931964,-0.000214623
-0.00025032,7.327675604,-0.000931598
-0.00025028,7.277446345,-0.001329918
-0.00025024,7.242365593,-0.000294287
-0.0002502,7.21127129,-0.000533279
-0.00025016,7.158650163,0.000343024
-0.00025012,7.12516399,-0.000134959
-0.00025008,7.090880528,0.000104033
-0.00025004,7.0382594,-0.000134959
-0.00025,7.020719024,0.000502352
-0.00024996,6.973678925,0.000582016
-0.00024992,6.921057797,-0.000612942
-0.00024988,6.893949943,-0.000533279
-0.00024984,6.854882742,-0.000373951
-0.0002498,6.809437223,-0.000533279
-0.00024976,6.772761891,-0.000134959
-0.00024972,6.742464878,-0.000851934
-0.00024968,6.69064104,0.000183697
-0.00024964,6.657952158,-0.000931598
-0.0002496,6.609317479,-0.001250254
-0.00024956,6.573439437,-0.001011262
-0.00024952,6.541547844,-0.000692606
-0.00024948,6.51603457,-0.001250254
-0.00024944,6.450656805,-0.000294287
-0.0002494,6.42992727,-0.00077227
-0.00024936,6.378103432,-0.000294287
-0.00024932,6.339036231,-0.00077227
-0.00024928,6.296779871,-0.000931598
-0.00024924,6.262496409,0.00026336
-0.0002492,6.217050889,-0.000692606
-0.00024916,6.162037892,-0.000294287
-0.00024912,6.130943589,-0.000851934
-0.00024908,6.089484518,2.44E-05
-0.00024904,6.065565824,0.00026336
-0.000249,6.017728435,-0.000533279
-0.00024896,5.982647683,0.000183697
-0.00024892,5.934013004,-0.000692606
-0.00024888,5.904513281,0.000104033
-0.00024884,5.856675892,-0.000692606
-0.0002488,5.818405981,-0.001090926
-0.00024876,5.781730649,2.44E-05
-0.00024872,5.757014665,-0.000373951
-0.00024868,5.699609798,-0.000931598
-0.00024864,5.666123626,0.000502352
-0.0002486,5.625461845,-0.000533279
-0.00024856,5.580016325,0.000343024
-0.00024852,5.547327443,-0.000533279
-0.00024848,5.507462952,-0.000612942
-0.00024844,5.462017433,-0.000373951
-0.0002484,5.426139391,2.44E-05
-0.00024836,5.38707219,-0.001090926
-0.00024832,5.345613119,2.44E-05
-0.00024828,5.303356759,-0.000533279
-0.00024824,5.251532921,-0.000214623
-0.0002482,5.216452169,0.000104033
-0.00024816,5.174993099,-0.001090926
-0.00024812,5.135128608,-0.000373951
-0.00024808,5.099250566,0.00066168
-0.00024804,5.064967104,-0.001250254
-0.000248,5.023508033,-0.00117059
-0.00024796,4.981251673,-0.000931598
-0.00024792,4.938995313,-0.001090926
-0.00024788,4.895144373,-0.000612942
-0.00024784,4.857671751,-0.000134959
-0.0002478,4.817009971,-0.001250254
-0.00024776,4.782726509,-0.000453615
-0.00024772,4.73568641,0.000343024
-0.00024768,4.704592107,0.000582016
-0.00024764,4.657552007,-0.000214623
-0.0002476,4.619282096,-0.000692606
-0.00024756,4.573836577,-0.000931598
-0.00024752,4.540350404,-0.00117059
-0.00024748,4.495702175,-0.002046893
-0.00024744,4.457432263,-0.001090926
-0.0002474,4.414378613,-0.000134959
-0.00024736,4.367338514,-0.001090926
-0.00024732,4.325879444,-0.000931598
-0.00024728,4.294785141,-0.000612942
-0.00024724,4.247745042,-0.000373951
-0.0002472,4.208677841,-0.000373951
-0.00024716,4.171205219,-0.000851934
-0.00024712,4.134529888,-0.00077227
-0.00024708,4.104232875,-0.001011262
-0.00024704,4.057192775,-0.000453615
-0.000247,4.018922864,-0.000692606
-0.00024696,3.970288185,-0.001090926
-0.00024692,3.940788462,-0.000453615
-0.00024688,3.896937522,0.000343024
-0.00024684,3.853086582,-0.001409582
-0.0002468,3.817208541,-0.000533279
-0.00024676,3.767776572,-0.00117059
-0.00024672,3.727912081,-0.000931598
-0.00024668,3.679277402,-0.002046893
-0.00024664,3.648980389,-0.000692606
-0.0002466,3.607521319,-0.001568909
-0.00024656,3.579616175,-0.002126557
-0.00024652,3.529386917,-0.001250254
-0.00024648,3.494306165,-0.002126557
-0.00024644,3.456833543,-0.00117059
-0.0002464,3.411388024,-0.002206221
-0.00024636,3.388266619,-0.001250254
-0.00024632,3.338037361,-0.002206221
-0.00024628,3.293389131,-0.001967229
-0.00024624,3.259902959,-0.001728237
-0.0002462,3.224024917,-0.000931598
-0.00024616,3.176187528,-0.001489245
-0.00024612,3.129147429,-0.000692606
-0.00024608,3.095661257,-0.000612942
-0.00024604,3.047026578,-0.001489245
-0.000246,3.012743116,-0.001568909
-0.00024596,2.965703016,0.000183697
-0.00024592,2.932216844,-0.001329918
-0.00024588,2.887568614,-0.000373951
-0.00024584,2.845312254,-0.00077227
-0.0002458,2.794285706,-0.000453615
-0.00024576,2.755218505,-0.001887565
-0.00024572,2.717745883,-0.001648573
-0.00024568,2.681070552,-0.00117059
-0.00024564,2.64439522,-0.001329918
-0.0002456,2.596557831,-0.001329918
-0.00024556,2.55908521,-0.001967229
-0.00024552,2.498491184,-0.001489245
-0.00024548,2.461018562,-0.002206221
-0.00024544,2.421154072,-0.001329918
-0.0002454,2.378897711,-0.00077227
-0.00024536,2.330263032,-0.000612942
-0.00024532,2.290398542,0.000582016
-0.00024528,2.244155732,-0.001011262
-0.00024524,2.193926474,-0.000851934
-0.0002452,2.158048432,-0.000134959
-0.00024516,2.107819174,-0.002206221
-0.00024512,2.067157393,-0.001250254
-0.00024508,2.019320004,-0.000612942
-0.00024504,1.990617571,0.00026336
-0.000245,1.936401863,-0.001807901
-0.00024496,1.898929242,-0.002445212
-0.00024492,1.851091853,-0.002126557
-0.00024488,1.802457174,-0.00117059
-0.00024484,1.77534932,-0.001887565
-0.0002448,1.724322772,-0.002206221
-0.00024476,1.684458281,-0.002763868
-0.00024472,1.649377529,-0.002524876
-0.00024468,1.611904908,-0.003560507
-0.00024464,1.561675649,-0.002923196
-0.0002446,1.540148824,-0.00260454
-0.00024456,1.502676203,-0.002126557
-0.00024452,1.462811712,-0.001967229
-0.00024448,1.42932554,-0.00260454
-0.00024444,1.414177033,-0.001489245
-0.0002444,1.367136934,-0.001329918
-0.00024436,1.33923179,-0.002126557
-0.00024432,1.320096835,-0.001887565
-0.00024428,1.281029634,-0.001967229
-0.00024424,1.264286547,-0.00117059
-0.0002442,1.240367853,-0.001648573
-0.00024416,1.228408506,-0.003321515
-0.00024412,1.20927355,-0.003082524
-0.00024408,1.194125044,-0.002524876
-0.00024404,1.171003639,-0.002285884
-0.000244,1.174192798,-0.002684204
-0.00024396,1.159841582,-0.001728237
-0.00024392,1.155855132,-0.001329918
-0.00024388,1.145490365,-0.002206221
-0.00024384,1.159841582,-0.000931598
-0.0002438,1.16701719,-0.001807901
-0.00024376,1.202895232,-0.001648573
-0.00024372,1.222030187,-0.001568909
-0.00024368,1.272259446,-0.002206221
-0.00024364,1.308934777,-0.001887565
-0.0002436,1.381488151,-0.000851934
-0.00024356,1.42533909,-0.001489245
-0.00024352,1.501878913,-0.002445212
-0.00024348,1.576824156,-0.001250254
-0.00024344,1.651769398,-0.00260454
-0.0002434,1.721133612,-0.001489245
-0.00024336,1.807240913,-0.001489245
-0.00024332,1.865443069,-0.002285884
-0.00024328,1.924442516,-0.001568909
-0.00024324,1.974671774,-0.001967229
-0.0002432,2.019320004,-0.001011262
-0.00024316,2.058387205,-0.001648573
-0.00024312,2.120575811,-0.001250254
-0.00024308,2.149278244,-0.000373951
-0.00024304,2.179575257,-0.001648573
-0.000243,2.217845168,-0.001568909
-0.00024296,2.244953022,-0.000533279
-0.00024292,2.262493398,-0.000533279
-0.00024288,2.305547048,-0.001090926
-0.00024284,2.326276583,-0.000214623
-0.0002428,2.378897711,-0.000931598
-0.00024276,2.402816406,-0.000453615
-0.00024272,2.437897158,-0.00117059
-0.00024268,2.483342677,-0.000294287
-0.00024264,2.525599038,-0.00117059
-0.0002426,2.575031006,-0.000134959
-0.00024256,2.614098207,-0.000134959
-0.00024252,2.657949147,-0.000294287
-0.00024248,2.702597377,-0.000134959
-0.00024244,2.742461868,-0.000931598
-0.0002424,2.784718228,-0.001250254
-0.00024236,2.816609821,-0.000373951
-0.00024232,2.86125805,-0.00117059
-0.00024228,2.887568614,-0.000373951
-0.00024224,2.939392452,0.000741344
-0.0002422,2.952946379,-0.001090926
-0.00024216,2.986432552,-0.000851934
-0.00024212,3.028688912,-0.000214623
-0.00024208,3.052607606,-0.001090926
-0.00024204,3.07891817,-0.001090926
-0.000242,3.120377241,-0.000931598
-0.00024196,3.148282384,-0.001489245
-0.00024192,3.16741734,-0.001489245
-0.00024188,3.204889961,-0.001250254
-0.00024184,3.235186974,-0.002126557
-0.0002418,3.265483987,-0.00117059
-0.00024176,3.308537638,-0.000533279
-0.00024172,3.334848202,-0.000692606
-0.00024168,3.379496431,-0.001011262
-0.00024164,3.423347371,-0.000373951
-0.0002416,3.450455225,-0.001250254
-0.00024156,3.483941397,-0.000692606
-0.00024152,3.535765235,-0.000851934
-0.00024148,3.582805335,-0.001489245
-0.00024144,3.621872536,-0.001489245
-0.0002414,3.660939737,-0.001011262
-0.00024136,3.708777126,-0.001250254
-0.00024132,3.739074139,-0.000851934
-0.00024128,3.788506107,-0.00117059
-0.00024124,3.81960041,-0.000533279
-0.0002412,3.869032379,-0.001568909
-0.00024116,3.916869768,0.000104033
-0.00024112,3.953545099,-0.000453615
-0.00024108,3.988625851,-0.000533279
-0.00024104,4.031679501,-0.000373951
-0.000241,4.063571094,-0.000851934
-0.00024096,4.111408483,-0.001090926
-0.00024092,4.156854003,0.000502352
-0.00024088,4.201502232,-0.000533279
-0.00024084,4.229407376,-0.00077227
-0.0002408,4.280433924,-0.000294287
-0.00024076,4.321892995,-0.001887565
-0.00024072,4.349798138,-0.001329918
-0.00024068,4.38487889,-0.000612942
-0.00024064,4.443878337,-0.000612942
-0.0002406,4.478959089,-0.000931598
-0.00024056,4.513242551,-0.000134959
-0.00024052,4.56028265,-0.000453615
-0.00024048,4.60174172,-0.000134959
-0.00024044,4.64559266,-0.000612942
-0.0002404,4.687849021,-0.001568909
-0.00024036,4.719740613,-0.001011262
-0.00024032,4.759605104,-0.001489245
-0.00024028,4.797875015,-0.000931598
-0.00024024,4.839334086,-0.000134959
-0.0002402,4.881590446,-0.000453615
-0.00024016,4.931022415,-0.000851934
-0.00024012,4.963711297,-0.000931598
-0.00024008,4.997994759,0.00066168
-0.00024004,5.051413177,-0.000533279
-0.00024,5.087291219,0.000183697
-0.00023996,5.131142159,-0.000533279
-0.00023992,5.164628331,-0.001090926
-0.00023988,5.190141605,-0.000453615
-0.00023984,5.229208806,2.44E-05
-0.0002398,5.291397412,-0.000692606
-0.00023976,5.328072743,-0.000214623
-0.00023972,5.353586017,0.000741344
-0.00023968,5.414977333,2.44E-05
-0.00023964,5.444477057,-0.001090926
-0.0002396,5.487530707,-0.000692606
-0.00023956,5.519422299,-0.000453615
-0.00023952,5.573638007,0.000422688
-0.00023948,5.599948571,0.000104033
-0.00023944,5.636623902,2.44E-05
-0.0002394,5.699609798,0.00026336
-0.00023936,5.721933913,2.44E-05
-0.00023932,5.768176722,0.000422688
-0.00023928,5.807243923,0.000183697
-0.00023924,5.849500283,0.000582016
-0.0002392,5.900526832,-0.000533279
-0.00023916,5.918864498,-0.000612942
-0.00023912,5.967499176,2.44E-05
-0.00023908,6.021714884,0.00066168
-0.00023904,6.051214607,0.000980336
-0.000239,6.08230891,0.000104033
-0.00023896,6.118186952,-0.001090926
-0.00023892,6.173997239,0.000502352
-0.00023888,6.189943035,2.44E-05
-0.00023884,6.238577714,-0.000214623
-0.0002388,6.279239495,0.000582016
-0.00023876,6.315914826,-0.000692606
-0.00023872,6.362157636,0.000502352
-0.00023868,6.391657359,0.000502352
-0.00023864,6.43231914,0.000104033
-0.0002386,6.468994471,0.000422688
-0.00023856,6.522412889,0.000582016
-0.00023852,6.544737004,-0.000612942
-0.00023848,6.591777103,-0.000294287
-0.00023844,6.630844304,0.000422688
-0.0002384,6.672303374,0.000741344
-0.00023836,6.702600387,0.00066168
-0.00023832,6.741667588,0.000183697
-0.00023828,6.793491426,0.000343024
-0.00023824,6.815815541,0.000582016
-0.0002382,6.86524751,-0.000851934
-0.00023816,6.896341813,0.000582016
-0.00023812,6.941787332,-0.000214623
-0.00023808,6.984840983,0.000900672
-0.00023804,7.024705473,0.00026336
-0.000238,7.047826878,0.000741344
-0.00023796,7.096461557,0.00026336
-0.00023792,7.129947729,-0.000692606
-0.00023788,7.16901493,0.00066168
-0.00023784,7.216852319,-0.000134959
-0.0002378,7.254324941,-0.000533279
-0.00023776,7.294189431,2.44E-05
-0.00023772,7.346013269,0.000343024
-0.00023768,7.370729254,0.00026336
-0.00023764,7.426539541,0.000502352
-0.0002376,7.460823003,0.000741344
-0.00023756,7.499890204,-0.000373951
-0.00023752,7.532579087,0.00026336
-0.00023748,7.571646288,-0.000692606
-0.00023744,7.610713489,-0.000692606
-0.0002374,7.650577979,0.001298991
-0.00023736,7.688847891,0.000104033
-0.00023732,7.721536773,0.001219327
-0.00023728,7.766185003,-0.000214623
-0.00023724,7.793292857,0.000502352
-0.0002372,7.829170898,-0.000214623
-0.00023716,7.871427259,0.00026336
-0.00023712,7.90969717,0.000422688
-0.00023708,7.9543454,-0.000134959
-0.00023704,7.991818021,0.00066168
-0.000237,8.023709614,0.000980336
-0.00023696,8.058790366,0.000343024
-0.00023692,8.099452146,0.000422688
-0.00023688,8.133735608,0.000183697
-0.00023684,8.179181128,-0.000214623
-0.0002368,8.21426188,-0.000533279
-0.00023676,8.25651824,0.000343024
-0.00023672,8.288409833,0.000104033
-0.00023668,8.313125817,0.000900672
-0.00023664,8.362557786,0.000502352
-0.0002366,8.392854799,-0.000294287
-0.00023656,8.43032742,0.000502352
-0.00023652,8.47417836,0.001697311
-0.00023648,8.513245561,-0.000373951
-0.00023644,8.550718183,0.000582016
-0.0002364,8.591379963,2.44E-05
-0.00023636,8.621676976,0.001378655
-0.00023632,8.663933337,0.000980336
-0.00023628,8.699014088,0.001219327
-0.00023624,8.739675869,0.000980336
-0.0002362,8.77874307,0.000741344
-0.00023616,8.812229242,2.44E-05
-0.00023612,8.854485603,0.001139663
-0.00023608,8.887971775,0.000900672
-0.00023604,8.925444396,0.000900672
-0.000236,8.961322438,0.000980336
-0.00023596,8.999592349,0.00026336
-0.00023592,9.037064971,0.000502352
-0.00023588,9.089686099,0.00066168
-0.00023584,9.112807503,0.000900672
-0.0002358,9.150280125,-0.000294287
-0.00023576,9.194928354,0.001458319
-0.00023572,9.21565789,-0.000533279
-0.00023568,9.244360323,0.000343024
-0.00023564,9.289805843,0.000821008
-0.0002356,9.342426971,0.000183697
-0.00023556,9.369534824,0.000502352
-0.00023552,9.401426417,-0.000453615
-0.00023548,9.426939691,-0.000533279
-0.00023544,9.469993341,-0.000134959
-0.0002354,9.501087644,0.001298991
-0.00023536,9.539357555,0.00066168
-0.00023532,9.573641017,0.000104033
-0.00023528,9.608721769,0.000900672
-0.00023524,9.646991681,0.000980336
-0.0002352,9.681275143,0.001139663
-0.00023516,9.721139634,0.001219327
-0.00023512,9.758612255,0.000741344
-0.00023508,9.792895717,0.000980336
-0.00023504,9.819206281,0.00026336
-0.000235,9.86624638,0.001378655
-0.00023496,9.902921712,0.00026336
-0.00023492,9.935610594,0.001139663
-0.00023488,9.977069665,0.000821008
-0.00023484,10.00019107,-0.001011262
-0.0002348,10.02331247,0.000502352
-0.00023476,10.06556883,0.000343024
-0.00023472,10.10224417,0.000502352
-0.00023468,10.12855473,0.000422688
-0.00023464,10.16124361,0.000900672
-0.0002346,10.19472978,0.001378655
-0.00023456,10.21147287,0.00026336
-0.00023452,10.25293194,0.000900672
-0.00023448,10.2800398,-0.000612942
-0.00023444,10.30874223,0.00066168
-0.0002344,10.33983653,0.001378655
-0.00023436,10.36216065,0.000741344
-0.00023432,10.39166037,0.000502352
-0.00023428,10.41159261,0.000821008
-0.00023424,10.44268692,0.000502352
-0.0002342,10.46102458,-0.000134959
-0.00023416,10.48813244,0.000900672
-0.00023412,10.50088907,0.000741344
-0.00023408,10.52002403,0.001298991
-0.00023404,10.53278067,0.000980336
-0.000234,10.53357796,0.001139663
-0.00023396,10.53995628,0.001776975
-0.00023392,10.53915899,0.001697311
-0.00023388,10.55111833,0.001059999
-0.00023384,10.53278067,0.001537983
-0.0002338,10.54075357,0.001458319
-0.00023376,10.53357796,0.000821008
-0.00023372,10.53995628,0.00209563
-0.00023368,10.54234814,0.001697311
-0.00023364,10.54474001,0.000980336
-0.0002336,10.54234814,0.001298991
-0.00023356,10.5455373,0.001139663
-0.00023352,10.54792917,0.001856639
-0.00023348,10.54952375,0.000422688
-0.00023344,10.54314543,0.001378655
-0.0002334,10.56706413,0.001458319
-0.00023336,10.57423974,0.000900672
-0.00023332,10.58061806,0.000821008
-0.00023328,10.58460451,0.00026336
-0.00023324,10.57264516,0.001378655
-0.0002332,10.59337469,0.00209563
-0.00023316,10.59975301,0.001697311
-0.00023312,10.57982077,0.000104033
-0.00023308,10.57025329,0.000502352
-0.00023304,10.56786142,0.000821008
-0.000233,10.57105058,0.001298991
-0.00023296,10.56068581,0.001617647
-0.00023292,10.56467226,0.001776975
-0.00023288,10.55271291,0.000980336
-0.00023284,10.5383617,0.001697311
-0.0002328,10.54474001,0.001617647
-0.00023276,10.5455373,0.00249395
-0.00023272,10.54474001,0.001936302
-0.00023268,10.53915899,0.001059999
-0.00023264,10.54314543,0.000582016
-0.0002326,10.52480777,0.001298991
-0.00023256,10.51842945,0.000980336
-0.00023252,10.51683487,0.001059999
-0.00023248,10.50567281,0.000980336
-0.00023244,10.49052431,0.00209563
-0.0002324,10.48892973,0.000502352
-0.00023236,10.46341645,0.000183697
-0.00023232,10.44747066,0.001219327
-0.00023228,10.42753841,0.000183697
-0.00023224,10.39883598,0.000582016
-0.0002322,10.36694439,0.001936302
-0.00023216,10.32389073,0.001298991
-0.00023212,10.27685064,0.000821008
-0.00023208,10.22343222,0.000900672
-0.00023204,10.1779867,0.00249395
-0.000232,10.10941977,-0.000214623
-0.00023196,10.05201491,0.001697311
-0.00023192,10.00098836,0.000900672
-0.00023188,9.937205174,0.000422688
-0.00023184,9.879800307,-0.000214623
-0.0002318,9.827976469,0.000104033
-0.00023176,9.776152631,0.001139663
-0.00023172,9.729909822,0.000502352
-0.00023168,9.69323449,0.000582016
-0.00023164,9.646194391,0.000821008
-0.0002316,9.626262145,0.001856639
-0.00023156,9.595167842,0.000821008
-0.00023152,9.569654568,0.001298991
-0.00023148,9.540952135,0.001458319
-0.00023144,9.502682224,0.00066168
-0.0002314,9.469196051,0.001219327
-0.00023136,9.446074647,0.001298991
-0.00023132,9.415777634,0.001059999
-0.00023128,9.371926694,0.001378655
-0.00023124,9.326481174,0.000343024
-0.0002312,9.296184161,0.000980336
-0.00023116,9.246752193,0.00026336
-0.00023112,9.201306673,0.000343024
-0.00023108,9.174996109,0.000741344
-0.00023104,9.1287533,0.00066168
-0.000231,9.081713201,0.000582016
-0.00023096,9.045835159,-0.000134959
-0.00023092,9.006767958,0.000741344
-0.00023088,8.968498047,0.000422688
-0.00023084,8.926241686,0.000183697
-0.0002308,8.879998877,0.000104033
-0.00023076,8.838539806,-0.000134959
-0.00023072,8.808242793,0.000980336
-0.00023068,8.768378303,-0.000692606
-0.00023064,8.722135493,0.001298991
-0.0002306,8.69263577,0.000502352
-0.00023056,8.660744177,-0.000612942
-0.00023052,8.620082397,0.00066168
-0.00023048,8.582609775,0.001139663
-0.00023044,8.535569676,0.000980336
-0.0002304,8.501286214,0.001059999
-0.00023036,8.469394621,0.000422688
-0.00023032,8.423949102,0.00066168
-0.00023028,8.38647648,-0.000373951
-0.00023024,8.339436381,0.001059999
-0.0002302,8.315517687,-0.000612942
-0.00023016,8.271666747,2.44E-05
-0.00023012,8.238977864,0.000502352
-0.00023008,8.203099822,-0.000214623
-0.00023004,8.160046172,0.000741344
-0.00023,8.118587102,0.000821008
-0.00022996,8.080317191,0.000900672
-0.00022992,8.03965541,2.44E-05
-0.00022988,7.990223441,2.44E-05
-0.00022984,7.969493906,0.000104033
-0.0002298,7.915278199,-0.000134959
-0.00022976,7.877008287,0.000900672
-0.00022972,7.838738376,-0.000214623
-0.00022968,7.801265755,-0.000373951
-0.00022964,7.768576872,0.000183697
-0.0002296,7.73349612,0.000343024
-0.00022956,7.69044247,-0.000533279
-0.00022952,7.641010502,-0.000294287
-0.00022948,7.598754141,0.00066168
-0.00022944,7.565267969,0.000980336
-0.0002294,7.530187217,0.000183697
-0.00022936,7.500687494,0.000343024
-0.00022932,7.452850105,-0.000294287
-0.00022928,7.408201875,-0.000214623
-0.00022924,7.372323833,-0.000931598
-0.0002292,7.338837661,-0.001090926
-0.00022916,7.295784011,-0.001329918
-0.00022912,7.254324941,-0.000294287
-0.00022908,7.21366316,-0.000294287
-0.00022904,7.177785118,-0.000533279
-0.000229,7.138717917,-0.000134959
-0.00022896,7.097258847,-0.000612942
-0.00022892,7.055002486,-0.000612942
-0.00022888,7.007962387,-0.000134959
-0.00022884,6.970489766,0.00066168
-0.0002288,6.940990043,-0.001011262
-0.00022876,6.901922842,0.000502352
-0.00022872,6.855680032,-0.000373951
-0.00022868,6.818207411,0.00066168
-0.00022864,6.769572732,0.000582016
-0.0002286,6.744856748,-0.000134959
-0.00022856,6.701005808,-0.000373951
-0.00022852,6.64918197,0.000343024
-0.00022848,6.620479536,-0.000373951
-0.00022844,6.575034017,-0.000373951
-0.0002284,6.539155975,-0.000373951
-0.00022836,6.510453542,0.000422688
-0.00022832,6.457832414,-0.000214623
-0.00022828,6.42912998,0.000343024
-0.00022824,6.370927824,-0.000214623
-0.0002282,6.338238941,-0.000373951
-0.00022816,6.305550059,-0.000453615
-0.00022812,6.25771267,-0.001250254
-0.00022808,6.217848179,0.000183697
-0.00022804,6.17001079,-0.000294287
-0.000228,6.142105646,0.001139663
-0.00022796,6.104633025,-0.000533279
-0.00022792,6.059187505,0.00026336
-0.00022788,6.026498623,0.00066168
-0.00022784,5.973877495,0.000422688
-0.0002278,5.941985902,0.00026336
-0.00022776,5.902121411,2.44E-05
-0.00022772,5.859865051,-0.001090926
-0.00022768,5.818405981,-0.000294287
-0.00022764,5.785717098,-0.000214623
-0.0002276,5.754622795,-0.001011262
-0.00022756,5.709177276,0.000343024
-0.00022752,5.683664002,-0.000692606
-0.00022748,5.631840164,0.00026336
-0.00022744,5.60393502,0.000821008
-0.0002274,5.564867819,-0.000453615
-0.00022736,5.507462952,0.00026336
-0.00022732,5.467598461,0.00066168
-0.00022728,5.43172042,0.000422688
-0.00022724,5.392653219,0.00026336
-0.0002272,5.34082938,-0.00117059
-0.00022716,5.304951339,-0.000692606
-0.00022712,5.261100399,-0.000294287
-0.00022708,5.224425067,-0.001011262
-0.00022704,5.187749736,-0.000294287
-0.000227,5.152668984,-0.000453615
-0.00022696,5.109615334,-0.000612942
-0.00022692,5.084102059,-0.000453615
-0.00022688,5.046629438,-0.000134959
-0.00022684,4.983643543,-0.00077227
-0.0002268,4.954143819,-0.001329918
-0.00022676,4.916671198,-0.000533279
-0.00022672,4.876009417,-0.000373951
-0.00022668,4.832955767,-0.000453615
-0.00022664,4.793888566,-0.000134959
-0.0002266,4.750834916,-0.000533279
-0.00022656,4.702997527,0.00026336
-0.00022652,4.667916775,-0.000373951
-0.00022648,4.626457705,-0.000612942
-0.00022644,4.580214895,-0.000612942
-0.0002264,4.550715172,-0.001011262
-0.00022636,4.490918436,2.44E-05
-0.00022632,4.469391611,0.000422688
-0.00022628,4.431918989,-0.000453615
-0.00022624,4.38567618,-0.000214623
-0.0002262,4.34341982,-0.000851934
-0.00022616,4.313122807,-0.00077227
-0.00022612,4.266082707,-0.000851934
-0.00022608,4.230204666,-0.00077227
-0.00022604,4.194326624,-0.000851934
-0.000226,4.149678394,-0.001489245
-0.00022596,4.106624744,-0.00077227
-0.00022592,4.066760253,-0.001409582
-0.00022588,4.025301183,-0.001568909
-0.00022584,3.967099026,-0.001728237
-0.0002258,3.947964071,-0.000692606
-0.00022576,3.896937522,-0.001568909
-0.00022572,3.86265406,0.000343024
-0.00022568,3.81880312,-0.000851934
-0.00022564,3.782925079,0.00026336
-0.0002256,3.73269582,-0.00117059
-0.00022556,3.701601517,2.44E-05
-0.00022552,3.662534316,-0.00077227
-0.00022548,3.618683376,-0.001648573
-0.00022544,3.579616175,-0.001329918
-0.0002254,3.544535423,0.000183697
-0.00022536,3.503076353,-0.001409582
-0.00022532,3.462414572,-0.001648573
-0.00022528,3.424144661,-0.000692606
-0.00022524,3.380293721,-0.002046893
-0.0002252,3.344415679,-0.00077227
-0.00022516,3.312524087,-0.000931598
-0.00022512,3.263889408,-0.001967229
-0.00022508,3.2096737,-0.001568909
-0.00022504,3.192133324,-0.000931598
-0.000225,3.135525747,-0.001648573
-0.00022496,3.091674807,-0.000692606
-0.00022492,3.060580505,-0.000692606
-0.00022488,3.007162087,-0.001011262
-0.00022484,2.970486755,-0.00077227
-0.0002248,2.939392452,-0.000453615
-0.00022476,2.897933382,-0.000214623
-0.00022472,2.852487862,-0.000533279
-0.00022468,2.814217951,-0.00117059
-0.00022464,2.761596823,-0.001250254
-0.0002246,2.728110651,-0.00077227
-0.00022456,2.692232609,-0.001409582
-0.00022452,2.640408771,-0.002046893
-0.00022448,2.60213886,-0.001011262
-0.00022444,2.574233716,-0.001887565
-0.0002244,2.507261372,-0.001728237
-0.00022436,2.468194171,-0.001329918
-0.00022432,2.425140521,-0.000453615
-0.00022428,2.38368145,-0.002126557
-0.00022424,2.337438641,-0.00117059
-0.0002242,2.285614803,-0.002843532
-0.00022416,2.260101529,0.001378655
-0.00022412,2.213858719,-0.001728237
-0.00022408,2.173994228,-0.00077227
-0.00022404,2.118183941,-0.001489245
-0.000224,2.07831945,-0.001329918
-0.00022396,2.022509163,-0.001250254
-0.00022392,1.986631121,-0.00077227
-0.00022388,1.94836121,-0.001807901
-0.00022384,1.894942793,-0.001011262
-0.0002238,1.864645779,-0.001568909
-0.00022376,1.816011101,-0.002126557
-0.00022372,1.764984552,-0.002285884
-0.00022368,1.742660438,-0.001887565
-0.00022364,1.683660991,-0.002285884
-0.0002236,1.632634443,-0.001728237
-0.00022356,1.611107618,-0.002524876
-0.00022352,1.562472939,-0.002046893
-0.00022348,1.528986767,-0.001728237
-0.00022344,1.492311435,-0.001807901
-0.0002234,1.450852365,-0.002126557
-0.00022336,1.418960772,-0.001409582
-0.00022332,1.402217686,-0.002206221
-0.00022328,1.360758615,-0.002445212
-0.00022324,1.34002908,-0.001489245
-0.0002232,1.316110386,-0.001648573
-0.00022316,1.289002532,-0.002524876
-0.00022312,1.266678417,-0.002763868
-0.00022308,1.243557012,-0.002046893
-0.00022304,1.234786824,-0.002524876
-0.000223,1.21166542,-0.00260454
-0.00022296,1.203692521,-0.002524876
-0.00022292,1.189341305,-0.001090926
-0.00022288,1.158247002,-0.002126557
-0.00022284,1.161436161,-0.001887565
-0.0002228,1.158247002,-0.001648573
-0.00022276,1.155057843,-0.002684204
-0.00022272,1.162233451,-0.001807901
-0.00022268,1.16462532,-0.00117059
-0.00022264,1.181368407,-0.001489245
-0.0002226,1.223624767,-0.002524876
-0.00022256,1.261097388,-0.001409582
-0.00022252,1.305745618,-0.00077227
-0.00022248,1.353583007,-0.001887565
-0.00022244,1.424541801,-0.001967229
-0.0002224,1.486730406,-0.001887565
-0.00022236,1.55689191,-0.001568909
-0.00022232,1.631039863,-0.001250254
-0.00022228,1.700404077,-0.001887565
-0.00022224,1.778538479,-0.000851934
-0.0002222,1.843118954,-0.000612942
-0.00022216,1.890159054,-0.001329918
-0.00022212,1.961915137,-0.001011262
-0.00022208,2.013738975,-0.001489245
-0.00022204,2.059981785,-0.001728237
-0.000222,2.112602912,-0.000373951
-0.00022196,2.150075534,-0.000453615
-0.00022192,2.182764416,-0.002046893
-0.00022188,2.217047878,-0.000612942
-0.00022184,2.2545205,-0.000692606
-0.0002218,2.271263586,-0.001489245
-0.00022176,2.307938918,-0.001090926
-0.00022172,2.344614249,-0.000294287
-0.00022168,2.375708552,-0.00117059
-0.00022164,2.401221826,-0.00117059
-0.0002216,2.446667346,-0.001409582
-0.00022156,2.475369779,-0.001728237
-0.00022152,2.521612588,-0.001648573
-0.00022148,2.55669334,-0.000373951
-0.00022144,2.604530729,0.001378655
-0.0002214,2.638016902,0.00066168
-0.00022136,2.673894943,-0.001728237
-0.00022132,2.721732332,0.000502352
-0.00022128,2.756015795,-0.002843532
-0.00022124,2.806245053,-0.000294287
-0.0002212,2.834947486,-0.000851934
-0.00022116,2.884379455,-0.001568909
-0.00022112,2.90829815,-0.000453615
-0.00022108,2.9513518,0.00026336
-0.00022104,2.988824421,-0.000134959
-0.000221,3.019121434,-0.000294287
-0.00022096,3.048621157,-0.000533279
-0.00022092,3.07891817,-0.000134959
-0.00022088,3.116390792,-0.000851934
-0.00022084,3.157052572,-0.001329918
-0.0002208,3.174592948,-0.001967229
-0.00022076,3.203295382,-0.001329918
-0.00022072,3.244754452,-0.001807901
-0.00022068,3.280632494,-0.00117059
-0.00022064,3.309334927,-0.00077227
-0.0002206,3.346807549,-0.001887565
-0.00022056,3.372320823,-0.00117059
-0.00022052,3.405806995,-0.001250254
-0.00022048,3.440090457,-0.001728237
-0.00022044,3.483144107,-0.001489245
-0.0002204,3.51423841,-0.002046893
-0.00022036,3.562075799,-0.000931598
-0.00022032,3.589980943,-0.000851934
-0.00022028,3.64579123,-0.001568909
-0.00022024,3.698412358,-0.001011262
-0.0002202,3.727912081,-0.001648573
-0.00022016,3.77495218,-0.000931598
-0.00022012,3.826776018,-0.001011262
-0.00022008,3.86265406,-0.000931598
-0.00022004,3.903315841,-0.000612942
-0.00022,3.959126128,-0.000931598
-0.00021996,3.987828561,-0.000692606
-0.00021992,4.018922864,-0.000453615
-0.00021988,4.066760253,-0.000294287
-0.00021984,4.112205773,-0.001329918
-0.0002198,4.146489235,-0.000294287
-0.00021976,4.189542885,-0.001250254
-0.00021972,4.227015506,-0.001250254
-0.00021968,4.262096258,-0.001250254
-0.00021964,4.314717386,-0.000612942
-0.0002196,4.359365616,-0.001568909
-0.00021956,4.388068049,-0.001329918
-0.00021952,4.43032441,-0.000931598
-0.00021948,4.482945538,-0.000931598
-0.00021944,4.509256102,-0.001329918
-0.0002194,4.561877229,-0.000134959
-0.00021936,4.596957981,-0.000931598
-0.00021932,4.626457705,-0.000692606
-0.00021928,4.670308645,-0.001409582
-0.00021924,4.714159584,-0.001409582
-0.0002192,4.750037626,0.000104033
-0.00021916,4.791496697,-0.001090926
-0.00021912,4.828172028,-0.001090926
-0.00021908,4.872820258,-0.00077227
-0.00021904,4.922252227,-0.001250254
-0.000219,4.955738399,-0.000533279
-0.00021896,4.990819151,-0.000373951
-0.00021892,5.027494482,-0.000373951
-0.00021888,5.071345422,-0.000134959
-0.00021884,5.118385522,-0.001568909
-0.0002188,5.150277114,0.000104033
-0.00021876,5.199709083,-0.000134959
-0.00021872,5.233992545,-0.000214623
-0.00021868,5.277843485,-0.00117059
-0.00021864,5.314518816,0.00066168
-0.0002186,5.364748075,-0.000612942
-0.00021856,5.395045088,0.000422688
-0.00021852,5.419761072,-0.000692606
-0.00021848,5.478760519,-0.000373951
-0.00021844,5.513841271,0.000422688
-0.0002184,5.557692211,0.000502352
-0.00021836,5.599151281,0.000183697
-0.00021832,5.639813062,0.000900672
-0.00021828,5.682866712,0.000183697
-0.00021824,5.724325782,-0.000453615
-0.0002182,5.751433636,0.000104033
-0.00021816,5.784122519,2.44E-05
-0.00021812,5.840730096,0.001537983
-0.00021808,5.879000007,0.000582016
-0.00021804,5.930823845,-0.000294287
-0.000218,5.962715437,2.44E-05
-0.00021796,5.990620581,-0.000851934
-0.00021792,6.036066101,-0.00077227
-0.00021788,6.072741432,0.000183697
-0.00021784,6.111011343,2.44E-05
-0.0002178,6.152470414,0.00026336
-0.00021776,6.195524064,-0.000692606
-0.00021772,6.226618367,-0.000373951
-0.00021768,6.276050335,-0.000134959
-0.00021764,6.315914826,-0.000373951
-0.0002176,6.348603709,0.000582016
-0.00021756,6.394846518,-0.000453615
-0.00021752,6.433913719,-0.000612942
-0.00021748,6.460224283,-0.000612942
-0.00021744,6.495305035,0.000343024
-0.0002174,6.539953265,-0.000931598
-0.00021736,6.579020466,0.000183697
-0.00021732,6.623668696,-0.000373951
-0.00021728,6.655560288,0.00026336
-0.00021724,6.702600387,0.000104033
-0.0002172,6.727316372,-0.000533279
-0.00021716,6.765586283,-0.000612942
-0.00021712,6.807045353,-0.000612942
-0.00021708,6.845315265,-0.00077227
-0.00021704,6.888368915,0.00026336
-0.000217,6.936206304,-0.000692606
-0.00021696,6.979259954,-0.00077227
-0.00021692,7.012746126,2.44E-05
-0.00021688,7.056597066,0.000183697
-0.00021684,7.094069687,0.000900672
-0.0002168,7.137920627,-0.000453615
-0.00021676,7.173001379,-0.001250254
-0.00021672,7.203298392,0.000343024
-0.00021668,7.251933071,-0.000294287
-0.00021664,7.280635505,0.000422688
-0.0002166,7.325283734,-0.00077227
-0.00021656,7.361161776,-0.000931598
-0.00021652,7.391458789,-0.001011262
-0.00021648,7.43052599,0.000821008
-0.00021644,7.478363379,0.000183697
-0.0002164,7.502282074,0.000104033
-0.00021636,7.554105912,0.000582016
-0.00021632,7.594767692,0.00026336
-0.00021628,7.634632183,0.000502352
-0.00021624,7.673699384,0.000183697
-0.0002162,7.713563875,0.001298991
-0.00021616,7.766982293,0.000422688
-0.00021612,7.798076596,0.000183697
-0.00021608,7.828373609,0.000183697
-0.00021604,7.872224549,0.000343024
-0.000216,7.90969717,0.000183697
-0.00021596,7.95115624,0.000582016
-0.00021592,7.99660176,-0.000612942
-0.00021588,8.024506904,2.44E-05
-0.00021584,8.061182235,0.000582016
-0.0002158,8.094668407,0.000422688
-0.00021576,8.136127478,2.44E-05
-0.00021572,8.158451593,0.000422688
-0.00021568,8.208680851,0.000183697
-0.00021564,8.234194125,-0.000373951
-0.0002156,8.278045065,0.000104033
-0.00021556,8.317909556,-0.00077227
-0.00021552,8.346611989,0.000343024
-0.00021548,8.381692741,-0.000692606
-0.00021544,8.435111159,0.00026336
-0.0002154,8.463813593,-0.000612942
-0.00021536,8.501286214,0.001537983
-0.00021532,8.547529023,0.001298991
-0.00021528,8.581812485,0.001458319
-0.00021524,8.60493389,0.001458319
-0.0002152,8.659149598,0.000422688
-0.00021516,8.679081843,0.000821008
-0.00021512,8.726121942,0.00026336
-0.00021508,8.765986433,0.00066168
-0.00021504,8.812229242,0.001059999
-0.000215,8.839337096,0.000183697
-0.00021496,8.874417848,0.001458319
-0.00021492,8.927038976,0.001458319
-0.00021488,8.95494412,-0.000612942
-0.00021484,9.000389639,0.001458319
-0.0002148,9.04105142,0.000104033
-0.00021476,9.076929462,0.001139663
-0.00021472,9.112807503,0.001776975
-0.00021468,9.148685545,0.00066168
-0.00021464,9.168617791,0.000343024
-0.0002146,9.218049759,0.001697311
-0.00021456,9.250738642,0.001458319
-0.00021452,9.291400422,0.001219327
-0.00021448,9.321697435,0.000821008
-0.00021444,9.364751085,0.000343024
-0.0002144,9.39026436,0.000821008
-0.00021436,9.425345112,0.000422688
-0.00021432,9.47477708,0.000980336
-0.00021428,9.501087644,0.001059999
-0.00021424,9.538560265,0.001537983
-0.0002142,9.580019336,0.000183697
-0.00021416,9.620681117,0.00026336
-0.00021412,9.644599811,0.001458319
-0.00021408,9.674896824,0.001298991
-0.00021404,9.723531503,0.001219327
-0.000214,9.751436647,0.002175294
-0.00021396,9.792098427,0.001298991
-0.00021392,9.843124975,0.001697311
-0.00021388,9.86704367,0.001697311
-0.00021384,9.900529842,0.000582016
-0.0002138,9.938002464,0.000422688
-0.00021376,9.958731999,0.000821008
-0.00021372,10.0057721,0.001059999
-0.00021368,10.03846098,0.000900672
-0.00021364,10.06237968,0.001219327
-0.0002136,10.09905501,0.000900672
-0.00021356,10.12536557,0.000422688
-0.00021352,10.14370324,0.00026336
-0.00021348,10.17878399,-0.000214623
-0.00021344,10.21545932,0.000980336
-0.0002134,10.25293194,0.001059999
-0.00021336,10.28322895,0.000900672
-0.00021332,10.31512055,0.000343024
-0.00021328,10.33505279,0.000741344
-0.00021324,10.36455252,0.001219327
-0.0002132,10.40122785,0.000183697
-0.00021316,10.41876822,2.44E-05
-0.00021312,10.44268692,0.00066168
-0.00021308,10.46102458,0.001139663
-0.00021304,10.48175412,0.000582016
-0.000213,10.50328094,0.001537983
-0.00021296,10.514443,0.000980336
-0.00021292,10.53278067,0.001219327
-0.00021288,10.52082132,-0.000453615
-0.00021284,10.5455373,0.001298991
-0.0002128,10.54314543,2.44E-05
-0.00021276,10.54155085,0.001139663
-0.00021272,10.54474001,0.000502352
-0.00021268,10.53915899,0.001298991
-0.00021264,10.53437525,-0.000214623
-0.0002126,10.53118609,-0.000134959
-0.00021256,10.54234814,0.000343024
-0.00021252,10.52879422,0.001697311
-0.00021248,10.54314543,0.00066168
-0.00021244,10.53995628,0.00026336
-0.0002124,10.54792917,0.001776975
-0.00021236,10.55271291,0.000980336
-0.00021232,10.55510478,0.001458319
-0.00021228,10.55988852,0.000900672
-0.00021224,10.57503703,0.001298991
-0.0002122,10.58699637,-0.000692606
-0.00021216,10.58460451,0.000183697
-0.00021212,10.58061806,0.000502352
-0.00021208,10.59656385,0.000502352
-0.00021204,10.58859095,0.000980336
-0.000212,10.57663161,0.000582016
-0.00021196,10.57902348,2.44E-05
-0.00021192,10.56626684,0.001697311
-0.00021188,10.55829394,0.000821008
-0.00021184,10.57184787,0.000741344
-0.0002118,10.54474001,2.44E-05
-0.00021176,10.55271291,0.001936302
-0.00021172,10.54474001,0.001298991
-0.00021168,10.54314543,0.001378655
-0.00021164,10.53357796,0.001936302
-0.0002116,10.53676712,0.001458319
-0.00021156,10.52879422,0.001936302
-0.00021152,10.52640235,0.001776975
-0.00021148,10.52719964,0.001378655
-0.00021144,10.51683487,0.000343024
-0.0002114,10.514443,0.001219327
-0.00021136,10.5064701,0.001856639
-0.00021132,10.49530805,0.001697311
-0.00021128,10.47776767,0.001219327
-0.00021124,10.46501103,0.001856639
-0.0002112,10.46022729,0.00066168
-0.00021116,10.42913299,0.001617647
-0.00021112,10.41557906,0.000183697
-0.00021108,10.38528205,0.001537983
-0.00021104,10.33106634,0.000821008
-0.000211,10.28801269,0.001298991
-0.00021096,10.24256717,0.00066168
-0.00021092,10.18755418,0.001059999
-0.00021088,10.14290595,0.001059999
-0.00021084,10.07194715,0.000741344
-0.0002108,10.01294771,0.001059999
-0.00021076,9.949961811,0.000821008
-0.00021072,9.894948814,0.000582016
-0.00021068,9.846314135,0.000582016
-0.00021064,9.786517398,-0.000453615
-0.0002106,9.751436647,0.001298991
-0.00021056,9.686856171,-0.000612942
-0.00021052,9.660545607,-0.000214623
-0.00021048,9.625464856,-0.000453615
-0.00021044,9.60712719,-0.001250254
-0.0002104,9.556100641,-0.000692606
-0.00021036,9.543344004,2.44E-05
-0.00021032,9.512249702,0.000741344
-0.00021028,9.483547268,-0.000373951
-0.00021024,9.449263806,0.000104033
-0.0002102,9.408602025,-0.001011262
-0.00021016,9.375913143,-0.000214623
-0.00021012,9.34561613,-0.000453615
-0.00021008,9.30335977,0.000502352
-0.00021004,9.254725091,-0.000692606
-0.00021,9.206887702,-0.000453615
-0.00020996,9.166225921,0.000183697
-0.00020992,9.123172271,0.000343024
-0.00020988,9.086496939,-0.000294287
-0.00020984,9.045037869,-0.000294287
-0.0002098,9.005173378,-0.000373951
-0.00020976,8.971687206,0.00026336
-0.00020972,8.916674208,-0.000294287
-0.00020968,8.891160934,0.00026336
-0.00020964,8.846512705,0.00026336
-0.0002096,8.813823822,0.000104033
-0.00020956,8.765189143,0.000343024
-0.00020952,8.738878579,0.000502352
-0.00020948,8.701405958,-0.000612942
-0.00020944,8.655960438,-0.000214623
-0.0002094,8.632041744,0.000900672
-0.00020936,8.601744731,0.00066168
-0.00020932,8.554704632,-0.000134959
-0.00020928,8.5180293,0.000980336
-0.00020924,8.482948548,0.000104033
-0.0002092,8.424746392,-0.000294287
-0.00020916,8.393652089,-0.000294287
-0.00020912,8.362557786,0.000422688
-0.00020908,8.328274324,0.000343024
-0.00020904,8.276450486,0.000741344
-0.000209,8.243761603,0.000582016
-0.00020896,8.194329634,-0.001090926
-0.00020892,8.157654303,-0.000612942
-0.00020888,8.132938319,-0.000692606
-0.00020884,8.075533452,-0.000692606
-0.0002088,8.032479802,-0.000214623
-0.00020876,8.009358397,-0.000453615
-0.00020872,7.962318298,-0.000373951
-0.00020868,7.923251097,-0.000214623
-0.00020864,7.882589316,-0.000851934
-0.0002086,7.848305854,-0.00077227
-0.00020856,7.802860334,0.001059999
-0.00020852,7.78053622,0.001298991
-0.00020848,7.739077149,-0.000612942
-0.00020844,7.688050601,0.000582016
-0.0002084,7.668118355,0.000502352
-0.00020836,7.616294517,2.44E-05
-0.00020832,7.567659839,0.000183697
-0.00020828,7.548524883,-0.000612942
-0.00020824,7.505471233,-0.000931598
-0.0002082,7.478363379,0.000422688
-0.00020816,7.425742251,-0.000453615
-0.00020812,7.38747234,-0.00077227
-0.00020808,7.34282411,-0.000134959
-0.00020804,7.307743358,0.000183697
-0.000208,7.268676157,-0.000692606
-0.00020796,7.229608956,0.000821008
-0.00020792,7.186555306,0.000422688
-0.00020788,7.137123338,-0.000453615
-0.00020784,7.096461557,-0.000373951
-0.0002078,7.062178095,-0.000373951
-0.00020776,7.023908184,0.000183697
-0.00020772,6.979259954,-0.000851934
-0.00020768,6.931422565,0.000183697
-0.00020764,6.913882189,-0.000851934
-0.0002076,6.86684209,0.000502352
-0.00020756,6.832558628,0.000821008
-0.00020752,6.795883296,-0.000453615
-0.00020748,6.756816095,0.000422688
-0.00020744,6.718546184,0.000343024
-0.0002074,6.69143833,0.000422688
-0.00020736,6.653168419,-0.000214623
-0.00020732,6.610912058,-0.000373951
-0.00020728,6.567858408,-0.000373951
-0.00020724,6.527196628,-0.000612942
-0.0002072,6.476170079,-0.000214623
-0.00020716,6.42912998,-0.000214623
-0.00020712,6.392454649,0.000104033
-0.00020708,6.360563056,-0.000692606
-0.00020704,6.312725667,-0.00117059
-0.000207,6.272063886,2.44E-05
-0.00020696,6.228212946,0.000582016
-0.00020692,6.194726774,0.001298991
-0.00020688,6.148483965,-0.000134959
-0.00020684,6.103038445,0.000104033
-0.0002068,6.066363114,0.000343024
-0.00020676,6.032079652,-0.000692606
-0.00020672,5.984242263,-0.000134959
-0.00020668,5.957931699,0.000502352
-0.00020664,5.917269918,0.000183697
-0.0002066,5.872621688,0.000582016
-0.00020656,5.841527385,-0.000294287
-0.00020652,5.798473735,-0.000612942
-0.00020648,5.765784853,-0.000373951
-0.00020644,5.725123072,-0.000134959
-0.0002064,5.682866712,-0.000453615
-0.00020636,5.641407641,-0.001329918
-0.00020632,5.600745861,-0.000612942
-0.00020628,5.557692211,0.000343024
-0.00020624,5.509854822,-0.000612942
-0.0002062,5.478760519,-0.00077227
-0.00020616,5.446868926,-0.000134959
-0.00020612,5.400626117,-0.00077227
-0.00020608,5.363153495,0.000104033
-0.00020604,5.320897135,-0.000533279
-0.000206,5.276248905,-0.001489245
-0.00020596,5.232397965,-0.000612942
-0.00020592,5.199709083,-0.001489245
-0.00020588,5.156655433,-0.000294287
-0.00020584,5.104831595,-0.00077227
-0.0002058,5.075331871,-0.001409582
-0.00020576,5.032278221,-0.000612942
-0.00020572,4.989224571,-0.001011262
-0.00020568,4.956535689,-0.000373951
-0.00020564,4.911887459,-0.001568909
-0.0002056,4.86564465,-0.001489245
-0.00020556,4.832955767,-0.001409582
-0.00020552,4.787510248,-0.001409582
-0.00020548,4.750037626,-0.001728237
-0.00020544,4.722132483,0.000422688
-0.0002054,4.674295094,-0.000612942
-0.00020536,4.636822472,-0.00077227
-0.00020532,4.595363402,-0.00077227
-0.00020528,4.55868807,-0.001329918
-0.00020524,4.521215449,-0.001011262
-0.0002052,4.47258077,-0.001409582
-0.00020516,4.4311217,-0.000692606
-0.00020512,4.393649078,-0.001967229
-0.00020508,4.358568326,-0.001011262
-0.00020504,4.317109256,-0.001011262
-0.000205,4.266082707,-0.000453615
-0.00020496,4.230204666,-0.001250254
-0.00020492,4.191934755,-0.000533279
-0.00020488,4.140110916,-0.00077227
-0.00020484,4.111408483,-0.000931598
-0.0002048,4.069152123,-0.000692606
-0.00020476,4.026098473,-0.00077227
-0.00020472,3.982247533,-0.00117059
-0.00020468,3.955936969,-0.000931598
-0.00020464,3.910491449,-0.001568909
-0.0002046,3.86424864,-0.000373951
-0.00020456,3.830762468,-0.001648573
-0.00020452,3.792492556,-0.00117059
-0.00020448,3.747844327,-0.001489245
-0.00020444,3.714358154,-0.000453615
-0.0002044,3.675290953,-0.001807901
-0.00020436,3.621872536,-0.001887565
-0.00020432,3.593967392,-0.000931598
-0.00020428,3.55888664,-0.001648573
-0.00020424,3.507062802,-0.000453615
-0.0002042,3.47357663,-0.000931598
-0.00020416,3.424144661,-0.001489245
-0.00020412,3.380293721,-0.002684204
-0.00020408,3.34122652,-0.001250254
-0.00020404,3.307740348,-0.002684204
-0.000204,3.257511089,-0.002126557
-0.00020396,3.214457439,-0.00117059
-0.00020392,3.185755006,-0.000294287
-0.00020388,3.142701356,-0.000373951
-0.00020384,3.107620604,-0.000612942
-0.0002038,3.071742562,-0.001489245
-0.00020376,3.031878071,-0.000214623
-0.00020372,2.983243392,-0.000612942
-0.00020368,2.940189742,-0.001329918
-0.00020364,2.910690019,-0.000851934
-0.0002036,2.86205534,-0.000612942
-0.00020356,2.834150197,-0.002046893
-0.00020352,2.793488416,-0.001648573
-0.00020348,2.741664578,-0.002445212
-0.00020344,2.713759434,-0.001011262
-0.0002034,2.669111205,-0.000373951
-0.00020336,2.616490077,0.000582016
-0.00020332,2.574233716,-0.000533279
-0.00020328,2.522409878,-0.000851934
-0.00020324,2.480153518,-0.000612942
-0.0002032,2.437897158,-0.00077227
-0.00020316,2.396438087,-0.001648573
-0.00020312,2.335046771,2.44E-05
-0.00020308,2.29916873,-0.000612942
-0.00020304,2.245750312,-0.000453615
-0.000203,2.221034328,-0.000533279
-0.00020296,2.159643012,-0.001329918
-0.00020292,2.118183941,-0.001409582
-0.00020288,2.075130291,-0.001090926
-0.00020284,2.032076641,-0.001011262
-0.0002028,1.988225701,-0.001648573
-0.00020276,1.961915137,-0.001250254
-0.00020272,1.921253356,-0.002126557
-0.00020268,1.871024098,-0.001329918
-0.00020264,1.825578578,-0.001887565
-0.0002026,1.782524928,-0.001090926
-0.00020256,1.745052307,-0.001329918
-0.00020252,1.705985106,-0.001409582
-0.00020248,1.663728746,-0.001967229
-0.00020244,1.618283226,-0.00300286
-0.0002024,1.572837707,-0.001489245
-0.00020236,1.550513592,-0.00117059
-0.00020232,1.507459942,-0.001329918
-0.00020228,1.461217132,-0.00077227
-0.00020224,1.455636104,-0.001887565
-0.0002022,1.404609555,-0.001568909
-0.00020216,1.371123383,-0.00117059
-0.00020212,1.348799268,-0.000931598
-0.00020208,1.321691414,-0.001011262
-0.00020204,1.300164589,-0.001967229
-0.000202,1.283421503,-0.002445212
-0.00020196,1.260300098,-0.002126557
-0.00020192,1.229205796,-0.001807901
-0.00020188,1.214854579,-0.001728237
-0.00020184,1.187746725,-0.001728237
-0.0002018,1.1662199,-0.003082524
-0.00020176,1.151071394,-0.001489245
-0.00020172,1.141503916,-0.003480843
-0.00020168,1.128747279,-0.001409582
-0.00020164,1.129544568,-0.002763868
-0.0002016,1.142301206,-0.002046893
-0.00020156,1.153463263,-0.001967229
-0.00020152,1.182165696,-0.001887565
-0.00020148,1.214057289,-0.001648573
-0.00020144,1.247543461,-0.001250254
-0.0002014,1.293786271,-0.001090926
-0.00020136,1.352785717,-0.002684204
-0.00020132,1.406204135,-0.001967229
-0.00020128,1.473176479,-0.001807901
-0.00020124,1.549716302,-0.002763868
-0.0002012,1.623864255,-0.002365548
-0.00020116,1.68685015,-0.002843532
-0.00020112,1.761795393,-0.001250254
-0.00020108,1.835146056,-0.001967229
-0.00020104,1.901321111,-0.00260454
-0.000201,1.94995579,-0.001887565
-0.00020096,2.007360657,-0.002206221
-0.00020092,2.044833278,-0.001409582
-0.00020088,2.091873377,-0.000612942
-0.00020084,2.129345999,-0.00077227
-0.0002008,2.160440301,-0.001090926
-0.00020076,2.194723764,-0.001250254
-0.00020072,2.230601805,-0.000851934
-0.00020068,2.256912369,-0.001489245
-0.00020064,2.279236484,-0.001648573
-0.0002006,2.308736207,-0.00117059
-0.00020056,2.343816959,-0.001409582
-0.00020052,2.38447874,-0.001011262
-0.00020048,2.437099868,-0.000373951
-0.00020044,2.462613142,-0.001409582
-0.0002004,2.503274923,-0.001090926
-0.00020036,2.545531283,-0.001011262
-0.00020032,2.593368672,-0.000692606
-0.00020028,2.636422322,-0.000453615
-0.00020024,2.686651581,0.000343024
-0.0002002,2.726516071,-0.000612942
-0.00020016,2.764785983,-0.000612942
-0.00020012,2.812623372,-0.000851934
-0.00020008,2.842123095,-0.000453615
-0.00020004,2.874014687,-0.000134959
-0.0002,2.920257497,-0.001250254
-0.00019996,2.957730118,-0.000373951
-0.00019992,2.974473204,-0.001967229
-0.00019988,3.014337695,-0.000533279
-0.00019984,3.045431998,-0.001090926
-0.0001998,3.063769664,-0.001011262
-0.00019976,3.113201632,-0.000612942
-0.00019972,3.145093225,0.000343024
-0.00019968,3.173795659,-0.000612942
-0.00019964,3.206484541,0.000422688
-0.0001996,3.240768003,-0.00077227
-0.00019956,3.267875857,-0.001090926
-0.00019952,3.306943058,-0.002365548
-0.00019948,3.331659042,-0.001409582
-0.00019944,3.368334374,-0.001250254
-0.0001994,3.408996154,-0.000612942
-0.00019936,3.448063356,-0.001250254
-0.00019932,3.477563079,-0.001090926
-0.00019928,3.520616729,-0.00117059
-0.00019924,3.573237857,-0.000612942
-0.0001992,3.612305058,-0.001090926
-0.00019916,3.643399361,-0.001250254
-0.00019912,3.702398807,-0.000214623
-0.00019908,3.737479559,-0.000931598
-0.00019904,3.77734405,-0.000134959
-0.000199,3.813222092,-0.000294287
-0.00019896,3.857870321,-0.000692606
-0.00019892,3.887370045,-0.000533279
-0.00019888,3.936004723,-0.000851934
-0.00019884,3.979058373,-0.000533279
-0.0001988,4.012544546,0.00026336
-0.00019876,4.067557543,-0.000931598
-0.00019872,4.092273527,-0.000134959
-0.00019868,4.132935308,-0.000692606
-0.00019864,4.189542885,-0.000692606
-0.0001986,4.220637188,-0.001090926
-0.00019856,4.259704389,-0.000851934
-0.00019852,4.303555329,-0.000851934
-0.00019848,4.346608979,-0.000134959
-0.00019844,4.392054499,0.00026336
-0.0001984,4.419959642,-0.000453615
-0.00019836,4.47178348,-0.002046893
-0.00019832,4.510053391,-0.000851934
-0.00019828,4.547526013,-0.00077227
-0.00019824,4.589782373,-0.00117059
-0.0001982,4.634430603,-0.00077227
-0.00019816,4.673497804,-0.000373951
-0.00019812,4.711767715,-0.001409582
-0.00019808,4.752429496,-0.000612942
-0.00019804,4.794685856,-0.00077227
-0.000198,4.840928665,-0.000612942
-0.00019796,4.872022968,-0.000612942
-0.00019792,4.90710372,-0.001250254
-0.00019788,4.947765501,-0.001409582
-0.00019784,4.982048963,-0.001250254
-0.0001978,5.029089062,-0.000453615
-0.00019776,5.068953553,-0.000931598
-0.00019772,5.114399072,-0.001409582
-0.00019768,5.155060853,2.44E-05
-0.00019764,5.187749736,-0.001728237
-0.0001976,5.218046749,-0.000692606
-0.00019756,5.272262456,-0.001011262
-0.00019752,5.319302555,-0.000373951
-0.00019748,5.356775177,-0.000134959
-0.00019744,5.391855929,-0.000533279
-0.0001974,5.422152942,2.44E-05
-0.00019736,5.484341547,-0.000851934
-0.00019732,5.501881923,-0.000294287
-0.00019728,5.552908472,0.000422688
-0.00019724,5.591975673,-0.000692606
-0.0001972,5.628651004,-0.000453615
-0.00019716,5.680474842,-0.001011262
-0.00019712,5.714758304,-0.00077227
-0.00019708,5.740271579,-0.001090926
-0.00019704,5.787311678,-0.00077227
-0.000197,5.831959908,-0.000612942
-0.00019696,5.86624337,-0.000134959
-0.00019692,5.901324122,-0.000453615
-0.00019688,5.940391323,-0.000533279
-0.00019684,5.981053103,0.000343024
-0.0001968,6.031282362,-0.000214623
-0.00019676,6.056795636,0.000183697
-0.00019672,6.102241155,-0.000533279
-0.00019668,6.151673124,0.000821008
-0.00019664,6.189943035,2.44E-05
-0.0001966,6.226618367,-0.000851934
-0.00019656,6.25611809,0.00026336
-0.00019652,6.290401552,-0.000294287
-0.00019648,6.339833521,-0.000373951
-0.00019644,6.375711563,0.001139663
-0.0001964,6.416373343,0.000741344
-0.00019636,6.456237834,0.001219327
-0.00019632,6.502480643,0.000502352
-0.00019628,6.527993918,0.000183697
-0.00019624,6.566263829,0.00066168
-0.0001962,6.60533103,0.000582016
-0.00019616,6.649979259,0.000104033
-0.00019612,6.686654591,0.000183697
-0.00019608,6.730505531,0.000980336
-0.00019604,6.77834292,0.00026336
-0.000196,6.815815541,0.001059999
-0.00019596,6.852490873,0.00026336
-0.00019592,6.883585176,0.001298991
-0.00019588,6.944976492,0.000104033
-0.00019584,6.974476215,0.000900672
-0.0001958,7.014340706,0.00066168
-0.00019576,7.049421458,0.000980336
-0.00019572,7.091677818,0.000422688
-0.00019568,7.123569411,0.000741344
-0.00019564,7.167420351,0.000422688
-0.0001956,7.198514653,-0.000134959
-0.00019556,7.242365593,0.001458319
-0.00019552,7.293392142,0.000422688
-0.00019548,7.307743358,-0.000294287
-0.00019544,7.354783457,0.000582016
-0.0001954,7.401026267,-0.000692606
-0.00019536,7.43052599,-0.000214623
-0.00019532,7.468795901,-0.000294287
-0.00019528,7.511052262,0.000104033
-0.00019524,7.534970956,-0.001090926
-0.0001952,7.576430027,-0.000612942
-0.00019516,7.633037604,0.000183697
-0.00019512,7.659348167,-0.000134959
-0.00019508,7.699212658,0.000183697
-0.00019504,7.749441917,0.00026336
-0.000195,7.782928089,0.000422688
-0.00019496,7.82438716,0.001219327
-0.00019492,7.854684173,-0.000533279
-0.00019488,7.884981186,0.000980336
-0.00019484,7.936007734,2.44E-05
-0.0001948,7.983845123,0.000422688
-0.00019476,8.011750266,0.001139663
-0.00019472,8.050817467,-0.000453615
-0.00019468,8.085898219,0.00026336
-0.00019464,8.132938319,-0.000453615
-0.0001946,8.160843462,-0.000692606
-0.00019456,8.21187001,0.000183697
-0.00019452,8.245356183,0.000343024
-0.00019448,8.287612543,0.000183697
-0.00019444,8.315517687,0.001059999
-0.0001944,8.354584888,-0.000214623
-0.00019436,8.390462929,0.000502352
-0.00019432,8.439097608,0.000183697
-0.00019428,8.462219013,-0.000851934
-0.00019424,8.501286214,-0.001011262
-0.0001942,8.533975096,0.000821008
-0.00019416,8.575434167,0.000741344
-0.00019412,8.613704078,0.001139663
-0.00019408,8.65037941,0.001537983
-0.00019404,8.685460162,0.000980336
-0.000194,8.724527363,0.000343024
-0.00019396,8.771567462,0.00026336
-0.00019392,8.805850924,0.000104033
-0.00019388,8.846512705,0.000741344
-0.00019384,8.886377195,0.001139663
-0.0001938,8.923849817,0.000980336
-0.00019376,8.960525148,-0.000134959
-0.00019372,8.99799777,0.000422688
-0.00019368,9.032281232,0.000502352
-0.00019364,9.069753853,0.000422688
-0.0001936,9.093672548,0.000980336
-0.00019356,9.136726198,0.001059999
-0.00019352,9.17021237,0.000343024
-0.00019348,9.206090412,0.000582016
-0.00019344,9.238779294,0.000502352
-0.0001934,9.283427524,0.00066168
-0.00019336,9.328873044,0.001059999
-0.00019332,9.357575477,0.000422688
-0.00019328,9.391858939,0.00026336
-0.00019324,9.425345112,0.000502352
-0.0001932,9.464412313,-0.000294287
-0.00019316,9.493912036,0.001298991
-0.00019312,9.529790078,0.000104033
-0.00019308,9.572046438,2.44E-05
-0.00019304,9.614302798,0.000741344
-0.000193,9.633437754,0.000821008
-0.00019296,9.682072433,2.44E-05
-0.00019292,9.705991127,2.44E-05
-0.00019288,9.742666459,0.000582016
-0.00019284,9.782530949,0.000104033
-0.0001928,9.82159815,0.001219327
-0.00019276,9.847111425,0.00066168
-0.00019272,9.880597597,0.001378655
-0.00019268,9.922853957,0.000183697
-0.00019264,9.948367231,0.001219327
-0.0001926,9.982650693,0.002254958
-0.00019256,10.00736668,0.000900672
-0.00019252,10.05042033,0.000741344
-0.00019248,10.08709566,-0.000134959
-0.00019244,10.1150008,-0.000612942
-0.0001924,10.14768969,-0.000214623
-0.00019236,10.18277044,2.44E-05
-0.00019232,10.20589184,0.000980336
-0.00019228,10.24735091,0.00066168
-0.00019224,10.27764793,0.000980336
-0.0001922,10.31512055,0.000343024
-0.00019216,10.34462027,0.001219327
-0.00019212,10.36375523,0.001776975
-0.00019208,10.39564682,-0.000134959
-0.00019204,10.42594383,0.001856639
-0.000192,10.44587608,0.000422688
-0.00019196,10.46022729,0.001856639
-0.00019192,10.49371347,0.000502352
-0.00019188,10.49690263,0.001378655
-0.00019184,10.51364571,0.000502352
-0.0001918,10.52799693,0.001298991
-0.00019176,10.52560506,0.001776975
-0.00019172,10.5383617,0.001378655
-0.00019168,10.52480777,0.001617647
-0.00019164,10.54234814,0.001378655
-0.0001916,10.54075357,0.001776975
-0.00019156,10.52959151,0.000422688
-0.00019152,10.5303888,0.00066168
-0.00019148,10.53915899,0.001856639
-0.00019144,10.53915899,0.001139663
-0.0001914,10.53676712,0.001458319
-0.00019136,10.54952375,0.001856639
-0.00019132,10.5535102,0.001298991
-0.00019128,10.55032104,0.001537983
-0.00019124,10.55590207,0.002334622
-0.0001912,10.55590207,0.001856639
-0.00019116,10.56626684,0.001537983
-0.00019112,10.569456,0.001378655
-0.00019108,10.57583432,0.001856639
-0.00019104,10.58221264,0.000502352
-0.000191,10.58300993,0.00026336
-0.00019096,10.58460451,0.000980336
-0.00019092,10.58619908,0.001219327
-0.00019088,10.58938824,0.001139663
-0.00019084,10.57982077,-0.000134959
-0.0001908,10.57105058,0.001298991
-0.00019076,10.57105058,0.001059999
-0.00019072,10.56228039,0.001537983
-0.00019068,10.55111833,0.001776975
-0.00019064,10.54633459,0.002015966
-0.0001906,10.54713188,0.000900672
-0.00019056,10.53756441,0.000900672
-0.00019052,10.53118609,0.001298991
-0.00019048,10.54075357,0.001378655
-0.00019044,10.53118609,0.001537983
-0.0001904,10.53198338,0.001776975
-0.00019036,10.52401048,0.001856639
-0.00019032,10.514443,0.001059999
-0.00019028,10.50726739,0.001617647
-0.00019024,10.49929449,0.001697311
-0.0001902,10.48892973,0.001378655
-0.00019016,10.48494328,0.001617647
-0.00019012,10.47457851,0.000980336
-0.00019008,10.45943,0.00209563
-0.00019004,10.44507879,0.001219327
-0.00019,10.40282243,0.001298991
-0.00018996,10.3812956,0.001458319
-0.00018992,10.34621485,0.00066168
-0.00018988,10.30395849,0.001537983
-0.00018984,10.25771568,0.00066168
-0.0001898,10.20828371,0.001697311
-0.00018976,10.13971679,0.001139663
-0.00018972,10.07912276,0.001219327
-0.00018968,10.0209206,0.001537983
-0.00018964,9.969894056,0.001378655
-0.0001896,9.9116919,0.001458319
-0.00018956,9.830368338,0.001059999
-0.00018952,9.798476746,0.000422688
-0.00018948,9.753031226,0.000900672
-0.00018944,9.709180286,0.000900672
-0.0001894,9.670910375,0.002015966
-0.00018936,9.635829623,0.001537983
-0.00018932,9.597559712,0.000183697
-0.00018928,9.565668119,0.001378655
-0.00018924,9.544141294,0.001298991
-0.0001892,9.516236151,-0.000294287
-0.00018916,9.488331007,0.001219327
-0.00018912,9.460425863,0.000741344
-0.00018908,9.410993895,0.000821008
-0.00018904,9.38787249,0.002573614
-0.000189,9.350399869,0.000502352
-0.00018896,9.312129958,0.00026336
-0.00018892,9.254725091,0.000741344
-0.00018888,9.228414527,0.00066168
-0.00018884,9.186158166,0.000343024
-0.0001888,9.145496386,0.000502352
-0.00018876,9.100848156,0.00066168
-0.00018872,9.067361984,0.000502352
-0.00018868,9.018727305,0.000582016
-0.00018864,8.990822161,0.001059999
-0.0001886,8.938998323,0.001139663
-0.00018856,8.903120282,0.001139663
-0.00018852,8.858472052,0.000343024
-0.00018848,8.830566908,0.000502352
-0.00018844,8.794688866,0.001537983
-0.0001884,8.747648767,0.00066168
-0.00018836,8.714162595,2.44E-05
-0.00018832,8.665527916,0.000582016
-0.00018828,8.632839034,0.000502352
-0.00018824,8.592177253,0.001458319
-0.0001882,8.56267753,0.001059999
-0.00018816,8.523610329,-0.000134959
-0.00018812,8.486137707,-0.000214623
-0.00018808,8.436705739,0.00026336
-0.00018804,8.401624987,0.000422688
-0.000188,8.372125264,2.44E-05
-0.00018796,8.336247222,0.000104033
-0.00018792,8.294788151,0.000900672
-0.00018788,8.248545342,-0.000931598
-0.00018784,8.21346459,0.000343024
-0.0001878,8.182370287,0.000422688
-0.00018776,8.146492245,-0.000214623
-0.00018772,8.092276538,0.001139663
-0.00018768,8.056398496,0.000104033
-0.00018764,8.018128585,2.44E-05
-0.0001876,7.986236992,0.000104033
-0.00018756,7.937602314,0.000422688
-0.00018752,7.897737823,0.000343024
-0.00018748,7.862657071,0.000343024
-0.00018744,7.825981739,0.00066168
-0.0001874,7.782130799,-0.000533279
-0.00018736,7.753428366,-0.000373951
-0.00018732,7.703199107,-0.000453615
-0.00018728,7.655361718,-0.000931598
-0.00018724,7.622672836,-0.001011262
-0.0001872,7.574038157,-0.000294287
-0.00018716,7.545335724,0.000183697
-0.00018712,7.511052262,-0.000533279
-0.00018708,7.47437693,0.00026336
-0.00018704,7.438498888,0.000821008
-0.000187,7.401026267,2.44E-05
-0.00018696,7.357972617,-0.000134959
-0.00018692,7.316513546,0.00066168
-0.00018688,7.275851766,-0.000533279
-0.00018684,7.227217087,0.000343024
-0.0001868,7.199311943,-0.000373951
-0.00018676,7.162636612,-0.000134959
-0.00018672,7.122772121,0.000582016
-0.00018668,7.086096789,-0.000134959
-0.00018664,7.034272951,0.000582016
-0.0001866,6.99600304,0.000183697
-0.00018656,6.957733129,0.000104033
-0.00018652,6.933017144,-0.000533279
-0.00018648,6.873220408,0.00066168
-0.00018644,6.836545077,-0.000453615
-0.0001864,6.799072455,-0.000533279
-0.00018636,6.756018805,0.000422688
-0.00018632,6.711370575,0.000343024
-0.00018628,6.671506085,0.000104033
-0.00018624,6.624465985,-0.001728237
-0.0001862,6.600547291,-0.001090926
-0.00018616,6.563074669,-0.001887565
-0.00018612,6.531980367,0.000980336
-0.00018608,6.480156529,0.001856639
-0.00018604,6.452251385,-0.001489245
-0.000186,6.406805865,-0.000453615
-0.00018596,6.370927824,-0.000453615
-0.00018592,6.327076884,-0.000692606
-0.00018588,6.272063886,-0.001329918
-0.00018584,6.244158743,-0.000612942
-0.0001858,6.201902382,-0.000453615
-0.00018576,6.16761892,-0.001648573
-0.00018572,6.12695714,-0.001329918
-0.00018568,6.101443866,-0.000134959
-0.00018564,6.052809187,-0.000931598
-0.0001856,6.005769088,-0.000692606
-0.00018556,5.977066654,-0.000692606
-0.00018552,5.919661787,-0.000214623
-0.00018548,5.886972905,-0.000134959
-0.00018544,5.847905704,-0.001011262
-0.0001854,5.811230372,-0.000931598
-0.00018536,5.757014665,-0.000931598
-0.00018532,5.726717652,-0.00117059
-0.00018528,5.686055871,-0.000373951
-0.00018524,5.633434743,-0.001090926
-0.0001852,5.60313773,-0.000931598
-0.00018516,5.563273239,-0.00077227
-0.00018512,5.525800618,-0.001011262
-0.00018508,5.478760519,-0.000214623
-0.00018504,5.434909579,-0.000612942
-0.000185,5.391058639,-0.000453615
-0.00018496,5.362356205,-0.000851934
-0.00018492,5.321694425,-0.000931598
-0.00018488,5.281032644,-0.001011262
-0.00018484,5.251532921,0.000104033
-0.0001848,5.205290112,-0.001090926
-0.00018476,5.159844592,-0.001568909
-0.00018472,5.119182811,-0.000214623
-0.00018468,5.0809129,-0.001568909
-0.00018464,5.03626467,-0.001648573
-0.0001846,5.001981208,-0.000692606
-0.00018456,4.975670644,-0.000931598
-0.00018452,4.929427835,-0.000533279
-0.00018448,4.889563344,-0.00077227
-0.00018444,4.861658201,0.000343024
-0.0001844,4.798672305,-0.00077227
-0.00018436,4.760402394,-0.000931598
-0.00018432,4.730105381,0.000422688
-0.00018428,4.68864631,-0.000294287
-0.00018424,4.642403501,0.000821008
-0.0001842,4.60174172,-0.000134959
-0.00018416,4.573039287,0.000582016
-0.00018412,4.528391057,0.000502352
-0.00018408,4.495702175,0.000183697
-0.00018404,4.439891888,-0.000612942
-0.000184,4.401621976,0.000741344
-0.00018396,4.376905992,-0.000294287
-0.00018392,4.335446922,-0.000612942
-0.00018388,4.282028504,-0.000533279
-0.00018384,4.25332607,0.00026336
-0.0001838,4.199907653,0.00066168
-0.00018376,4.172002509,-0.000453615
-0.00018372,4.113800352,2.44E-05
-0.00018368,4.077922311,0.000104033
-0.00018364,4.040449689,-0.001011262
-0.0001836,4.000585199,0.001059999
-0.00018356,3.957531548,-0.001090926
-0.00018352,3.913680608,-0.002445212
-0.00018348,3.869829669,0.001697311
-0.00018344,3.831559757,-0.002285884
-0.0001834,3.796479005,-0.000931598
-0.00018336,3.767776572,0.000502352
-0.00018332,3.715155444,-0.001568909
-0.00018328,3.677682823,-0.000851934
-0.00018324,3.640210201,-0.000373951
-0.0001832,3.60194029,-0.001250254
-0.00018316,3.55729206,2.44E-05
-0.00018312,3.527792337,0.000104033
-0.00018308,3.489522426,-0.000373951
-0.00018304,3.445671486,2.44E-05
-0.000183,3.396239517,-0.000931598
-0.00018296,3.356375027,-0.001568909
-0.00018292,3.302956609,-0.001090926
-0.00018288,3.285416233,-0.002524876
-0.00018284,3.239173424,-0.000692606
-0.0001828,3.195322484,-0.001648573
-0.00018276,3.143498646,-0.001250254
-0.00018272,3.110012473,-0.002285884
-0.00018268,3.060580505,-0.001568909
-0.00018264,3.019918724,-0.001329918
-0.0001826,2.991216291,-0.001648573
-0.00018256,2.94975722,-0.001090926
-0.00018252,2.90829815,2.44E-05
-0.00018248,2.871622818,-0.001250254
-0.00018244,2.830961037,-0.001489245
-0.0001824,2.783123648,-0.001409582
-0.00018236,2.750434766,-0.000692606
-0.00018232,2.702597377,-0.000214623
-0.00018228,2.669908494,-0.00077227
-0.00018224,2.633233163,-0.001011262
-0.0001822,2.588584933,-0.001489245
-0.00018216,2.537558385,-0.000851934
-0.00018212,2.493707445,-0.001568909
-0.00018208,2.442680897,-0.001409582
-0.00018204,2.398829957,-0.000612942
-0.000182,2.360560045,-0.00117059
-0.00018196,2.309533497,2.44E-05
-0.00018192,2.256912369,-0.001728237
-0.00018188,2.21066956,-0.001648573
-0.00018184,2.172399649,-0.002285884
-0.0001818,2.115792072,-0.001568909
-0.00018176,2.07991403,-0.00117059
-0.00018172,2.046427858,-0.002046893
-0.00018168,2.000982338,-0.00260454
-0.00018164,1.956334108,-0.001967229
-0.0001816,1.911685879,-0.00300286
-0.00018156,1.86065933,-0.002445212
-0.00018152,1.826375868,-0.001807901
-0.00018148,1.791295116,-0.001648573
-0.00018144,1.73229567,-0.001967229
-0.0001814,1.705187816,-0.001967229
-0.00018136,1.667715195,-0.001329918
-0.00018132,1.631837153,-0.002763868
-0.00018128,1.597553691,-0.00300286
-0.00018124,1.563270229,-0.001807901
-0.0001812,1.511446391,-0.002763868
-0.00018116,1.488324986,-0.00117059
-0.00018112,1.459622553,-0.001887565
-0.00018108,1.42693367,-0.002285884
-0.00018104,1.390258339,-0.001887565
-0.000181,1.355974876,-0.000931598
-0.00018096,1.334448051,-0.001329918
-0.00018092,1.300164589,-0.001568909
-0.00018088,1.276245895,-0.002684204
-0.00018084,1.240367853,-0.001887565
-0.0001808,1.228408506,-0.001967229
-0.00018076,1.206084391,-0.002365548
-0.00018072,1.189341305,-0.001250254
-0.00018068,1.168611769,-0.001728237
-0.00018064,1.159044292,-0.001250254
-0.0001806,1.147084944,-0.001728237
-0.00018056,1.140706626,-0.001807901
-0.00018052,1.137517467,-0.001568909
-0.00018048,1.143895785,-0.002524876
-0.00018044,1.156652422,-0.002046893
-0.0001804,1.170206349,-0.002046893
-0.00018036,1.20927355,-0.002046893
-0.00018032,1.237975984,-0.002126557
-0.00018028,1.289799822,-0.001887565
-0.00018024,1.344812819,-0.001967229
-0.0001802,1.404609555,-0.001807901
-0.00018016,1.462014422,-0.00117059
-0.00018012,1.534567795,-0.001807901
-0.00018008,1.599148271,-0.001728237
-0.00018004,1.667715195,-0.00260454
-0.00018,1.745052307,-0.002046893
-0.00017996,1.804849043,-0.001967229
-0.00017992,1.872618678,-0.001967229
-0.00017988,1.942780182,-0.002365548
-0.00017984,1.995401309,-0.002206221
-0.0001798,2.040846829,-0.001967229
-0.00017976,2.08071132,-0.000851934
-0.00017972,2.126954129,-0.001409582
-0.00017968,2.16761591,-0.000931598
-0.00017964,2.206683111,-0.00117059
-0.0001796,2.229804516,-0.002285884
-0.00017956,2.249736761,-0.001329918
-0.00017952,2.301560599,-0.001568909
-0.00017948,2.327073873,-0.001648573
-0.00017944,2.362951915,-0.001329918
-0.0001794,2.398032667,-0.00117059
-0.00017936,2.440289027,-0.001807901
-0.00017932,2.474572489,-0.001887565
-0.00017928,2.505666792,-0.002126557
-0.00017924,2.543936703,-0.001409582
-0.0001792,2.591774092,-0.002763868
-0.00017916,2.619679236,-0.002206221
-0.00017912,2.668313915,-0.001648573
-0.00017908,2.686651581,-0.001568909
-0.00017904,2.744853737,-0.001409582
-0.000179,2.77754262,-0.00117059
-0.00017896,2.805447763,-0.001648573
-0.00017892,2.850095993,-0.000214623
-0.00017888,2.90590628,-0.000294287
-0.00017884,2.930622264,0.000183697
-0.0001788,2.961716567,-0.000134959
-0.00017876,3.000783768,-0.000453615
-0.00017872,3.0374591,-0.000373951
-0.00017868,3.067756113,-0.001250254
-0.00017864,3.092472097,-0.001090926
-0.0001786,3.126755559,-0.00117059
-0.00017856,3.176187528,-0.000533279
-0.00017852,3.195322484,-0.00077227
-0.00017848,3.225619497,-0.000692606
-0.00017844,3.271862306,-0.001329918
-0.0001784,3.304551188,0.00026336
-0.00017836,3.34361839,0.000821008
-0.00017832,3.368334374,-0.000373951
-0.00017828,3.410590734,-0.000453615
-0.00017824,3.444076906,2.44E-05
-0.0001782,3.477563079,0.000183697
-0.00017816,3.520616729,0.000104033
-0.00017812,3.542143554,-0.000931598
-0.00017808,3.580413465,-0.000612942
-0.00017804,3.621075246,-0.000214623
-0.000178,3.672101794,-0.00117059
-0.00017796,3.708777126,2.44E-05
-0.00017792,3.748641616,-0.001011262
-0.00017788,3.788506107,0.000422688
-0.00017784,3.835546206,-0.001011262
-0.0001778,3.877802567,0.000104033
-0.00017776,3.925639956,0.000343024
-0.00017772,3.955936969,0.00066168
-0.00017768,4.006963517,-0.000373951
-0.00017764,4.051611747,-0.001329918
-0.0001776,4.097057266,-0.000612942
-0.00017756,4.131340728,-0.000692606
-0.00017752,4.175988958,-0.000612942
-0.00017748,4.203096812,-0.001409582
-0.00017744,4.245353172,-0.000373951
-0.0001774,4.288406822,-0.00077227
-0.00017736,4.336244211,0.000502352
-0.00017732,4.373716833,-0.000134959
-0.00017728,4.414378613,-0.000533279
-0.00017724,4.451851235,-0.000692606
-0.0001772,4.494107595,-0.000851934
-0.00017716,4.532377506,-0.001648573
-0.00017712,4.562674519,-0.001329918
-0.00017708,4.608917329,-0.001011262
-0.00017704,4.657552007,-0.000453615
-0.000177,4.697416498,-0.00077227
-0.00017696,4.73488912,-0.000931598
-0.00017692,4.789902117,-0.00077227
-0.00017688,4.82099642,-0.000214623
-0.00017684,4.86564465,2.44E-05
-0.0001768,4.911090169,-0.00077227
-0.00017676,4.941387182,2.44E-05
-0.00017672,4.983643543,0.000502352
-0.00017668,5.015535135,-0.001329918
-0.00017664,5.051413177,-0.000931598
-0.0001766,5.084899349,-0.000373951
-0.00017656,5.150277114,-0.000134959
-0.00017652,5.179776837,-0.000134959
-0.00017648,5.223627777,-0.000214623
-0.00017644,5.245951892,0.00026336
-0.0001764,5.296181151,0.000422688
-0.00017636,5.345613119,-0.000533279
-0.00017632,5.380693871,-0.000294287
-0.00017628,5.425342101,-0.000931598
-0.00017624,5.452449955,-0.000214623
-0.0001762,5.501881923,0.000741344
-0.00017616,5.542543704,-0.000134959
-0.00017612,5.580813615,-0.000214623
-0.00017608,5.617488947,-0.000612942
-0.00017604,5.650975119,-0.000533279
-0.000176,5.69083961,-0.00117059
-0.00017596,5.729906811,-0.000533279
-0.00017592,5.766582143,-0.00117059
-0.00017588,5.800068315,-0.000453615
-0.00017584,5.839932806,-0.00077227
-0.0001758,5.890959354,-0.000214623
-0.00017576,5.922850947,-0.000373951
-0.00017572,5.977066654,-0.000851934
-0.00017568,6.018525725,-0.00077227
-0.00017564,6.046430868,-0.002126557
-0.0001756,6.097457416,-0.00077227
-0.00017556,6.135727328,-0.00117059
-0.00017552,6.173199949,-0.000453615
-0.00017548,6.21067257,0.000104033
-0.00017544,6.25611809,-0.000453615
-0.0001754,6.293590711,-0.00077227
-0.00017536,6.327874174,-0.000214623
-0.00017532,6.372522403,2.44E-05
-0.00017528,6.406008576,-0.000134959
-0.00017524,6.445075777,-0.000294287
-0.0001752,6.482548398,0.000183697
-0.00017516,6.527196628,-0.000692606
-0.00017512,6.556696351,-0.000533279
-0.00017508,6.607722899,0.00066168
-0.00017504,6.641209072,-0.000294287
-0.000175,6.674695244,2.44E-05
-0.00017496,6.721735343,-0.000373951
-0.00017492,6.756018805,-0.000294287
-0.00017488,6.77914021,-0.000692606
-0.00017484,6.832558628,0.000183697
-0.0001748,6.878801437,2.44E-05
-0.00017476,6.915476768,2.44E-05
-0.00017472,6.956935839,0.00066168
-0.00017468,7.001584069,2.44E-05
-0.00017464,7.04065127,0.00026336
-0.0001746,7.08290763,0.000980336
-0.00017456,7.118785672,0.000104033
-0.00017452,7.151474554,0.001059999
-0.00017448,7.195325494,-0.000134959
-0.00017444,7.242365593,0.000821008
-0.0001744,7.268676157,0.000821008
-0.00017436,7.313324387,0.000343024
-0.00017432,7.356378037,0.000104033
-0.00017428,7.381891311,-0.000294287
-0.00017424,7.416972063,-0.000453615
-0.0001742,7.460025713,-0.000931598
-0.00017416,7.503876653,-0.000373951
-0.00017412,7.539754695,0.000104033
-0.00017408,7.578821896,-0.000134959
-0.00017404,7.617889097,-0.000533279
-0.000174,7.654564429,0.000422688
-0.00017396,7.694428919,-0.000851934
-0.00017392,7.73748257,0.00026336
-0.00017388,7.77894164,0.001298991
-0.00017384,7.815616972,0.000900672
-0.0001738,7.862657071,0.00026336
-0.00017376,7.892954084,2.44E-05
-0.00017372,7.920061938,-0.000294287
-0.00017368,7.959129139,0.00066168
-0.00017364,7.991818021,0.00066168
-0.0001736,8.031682512,0.00066168
-0.00017356,8.074736162,0.000821008
-0.00017352,8.111411494,-0.000294287
-0.00017348,8.146492245,0.000104033
-0.00017344,8.193532345,0.001139663
-0.0001734,8.220640198,-0.000692606
-0.00017336,8.254923661,0.000183697
-0.00017332,8.306747499,-0.000214623
-0.00017328,8.34342283,-0.001090926
-0.00017324,8.383287321,-0.000134959
-0.0001732,8.416773493,-0.000373951
-0.00017316,8.462219013,-0.000373951
-0.00017312,8.494110606,0.000422688
-0.00017308,8.527596778,-0.00077227
-0.00017304,8.56267753,0.000821008
-0.000173,8.60333931,0.000582016
-0.00017296,8.64878483,-0.000214623
-0.00017292,8.674298104,2.44E-05
-0.00017288,8.703000538,0.000183697
-0.00017284,8.754027086,0.000183697
-0.0001728,8.797080736,0.001139663
-0.00017276,8.835350647,-0.000294287
-0.00017272,8.876809718,0.000980336
-0.00017268,8.915079629,0.000741344
-0.00017264,8.942984772,0.000582016
-0.0001726,8.992416741,0.00026336
-0.00017256,9.021119174,0.001298991
-0.00017252,9.052213477,0.001059999
-0.00017248,9.091280678,0.000582016
-0.00017244,9.1287533,0.000343024
-0.0001724,9.155063864,0.001617647
-0.00017236,9.196522934,0.000343024
-0.00017232,9.226022657,0.000422688
-0.00017228,9.254725091,0.000502352
-0.00017224,9.308940798,0.00026336
-0.0001722,9.352791738,0.001059999
-0.00017216,9.383886041,0.000343024
-0.00017212,9.412588474,0.000183697
-0.00017208,9.458831284,0.001856639
-0.00017204,9.471587921,-0.000453615
-0.000172,9.515438861,-0.000214623
-0.00017196,9.556100641,0.001139663
-0.00017192,9.594370553,0.001378655
-0.00017188,9.635829623,0.000900672
-0.00017184,9.669315795,0.000741344
-0.0001718,9.703599258,0.001617647
-0.00017176,9.741071879,0.000741344
-0.00017172,9.771368892,0.001059999
-0.00017168,9.807246934,0.001697311
-0.00017164,9.840733106,0.001298991
-0.0001716,9.872624699,0.000980336
-0.00017156,9.905313581,0.000821008
-0.00017152,9.938002464,0.000422688
-0.00017148,9.978664244,0.000900672
-0.00017144,10.01852874,0.00066168
-0.0001714,10.04723117,0.00066168
-0.00017136,10.07433902,0.001856639
-0.00017132,10.11260893,0.000343024
-0.00017128,10.13413576,0.001856639
-0.00017124,10.17081109,0.000502352
-0.0001712,10.20668913,0.001059999
-0.00017116,10.2329997,0.00026336
-0.00017112,10.26010755,0.000741344
-0.00017108,10.28880998,0.001219327
-0.00017104,10.32309345,-0.000533279
-0.000171,10.35737691,0.001139663
-0.00017096,10.38049831,0.000582016
-0.00017092,10.42514654,0.000980336
-0.00017088,10.42514654,0.000821008
-0.00017084,10.46341645,0.002175294
-0.0001708,10.46979477,0.000582016
-0.00017076,10.50009178,0.001298991
-0.00017072,10.51205113,0.001537983
-0.00017068,10.514443,0.001059999
-0.00017064,10.51842945,0.000741344
-0.0001706,10.52480777,0.000900672
-0.00017056,10.53357796,-0.000134959
-0.00017052,10.53596983,0.001378655
-0.00017048,10.52560506,0.001378655
-0.00017044,10.53357796,0.00066168
-0.0001704,10.52560506,0.001537983
-0.00017036,10.5224159,0.000980336
-0.00017032,10.53118609,0.000183697
-0.00017028,10.53198338,0.000821008
-0.00017024,10.52959151,0.002175294
-0.0001702,10.5455373,0.002015966
-0.00017016,10.5455373,0.001458319
-0.00017012,10.54633459,0.002175294
-0.00017008,10.5455373,0.001139663
-0.00017004,10.56546955,0.001617647
-0.00017,10.56626684,0.001697311
-0.00016996,10.58460451,0.001776975
-0.00016992,10.58300993,0.000821008
-0.00016988,10.58300993,0.000183697
-0.00016984,10.58380722,0.001378655
-0.0001698,10.5925774,0.00209563
-0.00016976,10.57822619,0.001219327
-0.00016972,10.58460451,0.000821008
-0.00016968,10.57822619,0.001458319
-0.00016964,10.57902348,0.000741344
-0.0001696,10.57663161,0.001458319
-0.00016956,10.56467226,0.000980336
-0.00016952,10.56228039,0.001776975
-0.00016948,10.5614831,0.001219327
-0.00016944,10.55271291,0.001139663
-0.0001694,10.5455373,0.001298991
-0.00016936,10.5383617,0.001458319
-0.00016932,10.53278067,0.000741344
-0.00016928,10.53596983,0.001059999
-0.00016924,10.52161861,0.000502352
-0.0001692,10.53357796,0.001697311
-0.00016916,10.50726739,0.000980336
-0.00016912,10.51683487,0.000821008
-0.00016908,10.50886197,0.00026336
-0.00016904,10.48494328,0.000502352
-0.000169,10.4833487,0.000900672
-0.00016896,10.46899748,0.001059999
-0.00016892,10.4442815,0.000900672
-0.00016888,10.42116009,0.000502352
-0.00016884,10.38209289,0.000821008
-0.0001688,10.35099859,0.000183697
-0.00016876,10.30395849,0.001537983
-0.00016872,10.25293194,0.000502352
-0.00016868,10.20429726,0.000980336
-0.00016864,10.14210866,0.000900672
-0.0001686,10.09905501,0.000980336
-0.00016856,10.02650163,0.000104033
-0.00016852,9.969096767,-0.000214623
-0.00016848,9.915678349,0.000502352
-0.00016844,9.861462641,-0.000214623
-0.0001684,9.814422542,0.000104033
-0.00016836,9.767382443,0.000582016
-0.00016832,9.722734213,-0.000453615
-0.00016828,9.678085983,0.001617647
-0.00016824,9.651775419,0.001059999
-0.0001682,9.615100088,0.001776975
-0.00016816,9.589586814,0.001697311
-0.00016812,9.564870829,0.001458319
-0.00016808,9.528195498,0.000821008
-0.00016804,9.492317456,0.000104033
-0.000168,9.466006892,0.001298991
-0.00016796,9.43172343,-0.000214623
-0.00016792,9.394250809,-0.000294287
-0.00016788,9.368737535,0.000183697
-0.00016784,9.324089305,0.00066168
-0.0001678,9.281832945,2.44E-05
-0.00016776,9.239576584,0.000422688
-0.00016772,9.193333775,0.001298991
-0.00016768,9.142307227,2.44E-05
-0.00016764,9.112010214,0.000900672
-0.0001676,9.072145723,-0.000214623
-0.00016756,9.028294783,0.00066168
-0.00016752,8.990024872,-0.00117059
-0.00016748,8.944579352,0.000821008
-0.00016744,8.916674208,-0.001250254
-0.0001674,8.875215138,0.001458319
-0.00016736,8.844120835,0.001617647
-0.00016732,8.795486156,-0.000373951
-0.00016728,8.759608115,0.000980336
-0.00016724,8.724527363,0.000422688
-0.0001672,8.680676423,-0.000134959
-0.00016716,8.642406511,0.000582016
-0.00016712,8.616893237,0.000343024
-0.00016708,8.571447718,0.000741344
-0.00016704,8.51962388,0.000980336
-0.000167,8.490921446,0.000183697
-0.00016696,8.450259666,0.001219327
-0.00016692,8.415976204,-0.000214623
-0.00016688,8.368936104,0.000104033
-0.00016684,8.332260773,-0.000612942
-0.0001668,8.290801702,0.000183697
-0.00016676,8.250139922,-0.000533279
-0.00016672,8.203099822,0.000183697
-0.00016668,8.167221781,-0.000214623
-0.00016664,8.132938319,-0.000373951
-0.0001666,8.097060277,2.44E-05
-0.00016656,8.066763264,0.000343024
-0.00016652,8.024506904,-0.000214623
-0.00016648,7.983845123,0.000502352
-0.00016644,7.939196893,0.000741344
-0.0001664,7.91129175,0.000104033
-0.00016636,7.861062491,-0.000214623
-0.00016632,7.819603421,-0.000612942
-0.00016628,7.787711828,0.00026336
-0.00016624,7.751036496,2.44E-05
-0.0001662,7.706388267,-0.00117059
-0.00016616,7.680077703,2.44E-05
-0.00016612,7.629848444,0.000502352
-0.00016608,7.587592084,-0.001011262
-0.00016604,7.555700491,0.000900672
-0.000166,7.51822787,0.000502352
-0.00016596,7.471985061,0.000582016
-0.00016592,7.440890758,-0.000214623
-0.00016588,7.411391034,-0.000134959
-0.00016584,7.358769907,0.000582016
-0.0001658,7.318108126,-0.000533279
-0.00016576,7.283824664,-0.000373951
-0.00016572,7.243960173,0.000502352
-0.00016568,7.204892972,0.000343024
-0.00016564,7.16901493,0.000980336
-0.0001656,7.12596128,0.000980336
-0.00016556,7.08290763,0.00066168
-0.00016552,7.051016037,-0.000294287
-0.00016548,6.99600304,0.000821008
-0.00016544,6.972881635,0.001458319
-0.0001654,6.934611724,0.000502352
-0.00016536,6.883585176,-0.000453615
-0.00016532,6.826977599,0.000422688
-0.00016528,6.791099557,-0.000453615
-0.00016524,6.769572732,-0.000931598
-0.0001652,6.718546184,-0.000214623
-0.00016516,6.683465432,-0.001409582
-0.00016512,6.638019912,-0.000134959
-0.00016508,6.600547291,-0.00077227
-0.00016504,6.563871959,-0.000612942
-0.000165,6.528791207,0.00026336
-0.00016496,6.486534847,2.44E-05
-0.00016492,6.448264936,-0.000134959
-0.00016488,6.410792314,0.001139663
-0.00016484,6.359765766,0.000582016
-0.0001648,6.327874174,0.000104033
-0.00016476,6.291996132,-0.000692606
-0.00016472,6.239375004,-0.000453615
-0.00016468,6.219442758,0.000183697
-0.00016464,6.1692135,-0.000533279
-0.0001646,6.132538168,0.000422688
-0.00016456,6.095862837,0.000741344
-0.00016452,6.062376665,-0.000453615
-0.00016448,6.018525725,-0.001967229
-0.00016444,5.970688336,-0.00077227
-0.0001644,5.923648236,-0.000533279
-0.00016436,5.882986456,-0.000692606
-0.00016432,5.855878602,0.000183697
-0.00016428,5.824784299,2.44E-05
-0.00016424,5.784122519,-0.001090926
-0.0001642,5.739474289,0.000502352
-0.00016416,5.700407088,0.000422688
-0.00016412,5.661339887,-0.000134959
-0.00016408,5.624664555,2.44E-05
-0.00016404,5.578421746,-0.000214623
-0.000164,5.537759965,0.000821008
-0.00016396,5.493909025,-0.000294287
-0.00016392,5.462017433,2.44E-05
-0.00016388,5.421355652,0.000183697
-0.00016384,5.379896581,0.000343024
-0.0001638,5.336045642,-0.000612942
-0.00016376,5.29937031,2.44E-05
-0.00016372,5.250735631,-0.001329918
-0.00016368,5.216452169,0.00066168
-0.00016364,5.165425621,-0.000134959
-0.0001636,5.12715571,-0.000692606
-0.00016356,5.088088509,-0.000692606
-0.00016352,5.049021307,-0.000851934
-0.00016348,5.013143266,-0.000294287
-0.00016344,4.965305877,-0.001250254
-0.0001634,4.926238676,-0.001090926
-0.00016336,4.889563344,-0.001887565
-0.00016332,4.848901564,-0.000453615
-0.00016328,4.812226232,-0.001568909
-0.00016324,4.767578002,-0.000294287
-0.0001632,4.728510801,-0.001728237
-0.00016316,4.701402947,0.000741344
-0.00016312,4.650376399,-0.000931598
-0.00016308,4.609714618,-0.000533279
-0.00016304,4.578620316,0.000183697
-0.000163,4.533174796,-0.000453615
-0.00016296,4.498094044,-0.000214623
-0.00016292,4.451851235,-0.000373951
-0.00016288,4.411189454,-0.000294287
-0.00016284,4.361757485,0.000183697
-0.0001628,4.325879444,-0.001409582
-0.00016276,4.290798692,-0.00077227
-0.00016272,4.258109809,-0.000214623
-0.00016268,4.204691392,2.44E-05
-0.00016264,4.171205219,-0.000453615
-0.0001626,4.12257054,-0.000612942
-0.00016256,4.093070817,-0.000373951
-0.00016252,4.050017167,-0.000373951
-0.00016248,4.005368937,-0.000373951
-0.00016244,3.959923418,-0.00077227
-0.0001624,3.928031825,-0.000533279
-0.00016236,3.881789016,0.001219327
-0.00016232,3.850694713,0.000821008
-0.00016228,3.798073585,-0.000533279
-0.00016224,3.757411804,2.44E-05
-0.0001622,3.729506661,-0.000612942
-0.00016216,3.683263851,-0.001011262
-0.00016212,3.641804781,-0.000134959
-0.00016208,3.613899637,-0.001090926
-0.00016204,3.580413465,-0.000692606
-0.000162,3.51583299,-0.001728237
-0.00016196,3.478360369,-0.001011262
-0.00016192,3.434509429,-0.000533279
-0.00016188,3.389861199,-0.000134959
-0.00016184,3.33963194,-0.000533279
-0.0001618,3.317307826,-0.000214623
-0.00016176,3.275848755,-0.000134959
-0.00016172,3.235984264,-0.000931598
-0.00016168,3.204092672,-0.000214623
-0.00016164,3.150674254,2.44E-05
-0.0001616,3.104431445,-0.000931598
-0.00016156,3.07891817,-0.001329918
-0.00016152,3.029486202,-0.001648573
-0.00016148,2.997594609,-0.000453615
-0.00016144,2.959324698,-0.001329918
-0.0001614,2.911487309,0.00026336
-0.00016136,2.876406557,-0.000851934
-0.00016132,2.842920385,-0.000453615
-0.00016128,2.791893836,-0.001807901
-0.00016124,2.744853737,-0.001250254
-0.0001612,2.710570275,-0.001090926
-0.00016116,2.670705784,-0.001250254
-0.00016112,2.634827742,-0.001648573
-0.00016108,2.60134157,0.000183697
-0.00016104,2.554301471,-0.001728237
-0.000161,2.498491184,-0.000294287
-0.00016096,2.457032113,0.000422688
-0.00016092,2.419559492,-0.000373951
-0.00016088,2.368532944,-0.000214623
-0.00016084,2.320695555,0.000422688
-0.0001608,2.273655455,-0.001648573
-0.00016076,2.225020777,-0.000692606
-0.00016072,2.183561706,-0.001568909
-0.00016068,2.134927027,-0.001489245
-0.00016064,2.095859826,-0.001887565
-0.0001606,2.054400756,-0.00077227
-0.00016056,2.012941685,-0.000612942
-0.00016052,1.966698876,-0.001250254
-0.00016048,1.921253356,-0.001728237
-0.00016044,1.894145503,-0.001887565
-0.0001604,1.838335216,-0.002365548
-0.00016036,1.806443623,-0.002126557
-0.00016032,1.753025205,-0.001728237
-0.00016028,1.714755294,-0.002445212
-0.00016024,1.671701644,-0.002126557
-0.0001602,1.647782949,-0.001489245
-0.00016016,1.605526589,-0.002126557
-0.00016012,1.568851257,-0.001807901
-0.00016008,1.532175926,-0.001090926
-0.00016004,1.492311435,-0.00117059
-0.00016,1.46919003,-0.001329918
-0.00015996,1.421352641,-0.001011262
-0.00015992,1.391852918,-0.001728237
-0.00015988,1.351191138,-0.001728237
-0.00015984,1.336042631,-0.001489245
-0.0001598,1.301759169,-0.003958826
-0.00015976,1.287407952,-0.001728237
-0.00015972,1.250732621,-0.002206221
-0.00015968,1.227611216,-0.001967229
-0.00015964,1.223624767,-0.001090926
-0.0001596,1.197314203,-0.00260454
-0.00015956,1.186152145,-0.002206221
-0.00015952,1.16462532,-0.002126557
-0.00015948,1.152665973,-0.001090926
-0.00015944,1.143895785,-0.001807901
-0.0001594,1.134328307,-0.001648573
-0.00015936,1.154260553,-0.002843532
-0.00015932,1.157449712,-0.00117059
-0.00015928,1.172598219,-0.002126557
-0.00015924,1.206881681,-0.002524876
-0.0001592,1.238773273,-0.002206221
-0.00015916,1.281029634,-0.002285884
-0.00015912,1.321691414,-0.002126557
-0.00015908,1.395042077,-0.001250254
-0.00015904,1.454041524,-0.001887565
-0.000159,1.51623013,-0.001967229
-0.00015896,1.583202474,-0.001329918
-0.00015892,1.666917905,-0.002843532
-0.00015888,1.736282119,-0.001728237
-0.00015884,1.807240913,-0.00117059
-0.0001588,1.864645779,-0.00077227
-0.00015876,1.925239806,-0.002285884
-0.00015872,1.99141486,-0.001807901
-0.00015868,2.032076641,-0.000373951
-0.00015864,2.067157393,-0.000692606
-0.0001586,2.114197492,-0.001090926
-0.00015856,2.148480954,-0.00077227
-0.00015852,2.170805069,-0.000931598
-0.00015848,2.207480401,-0.000533279
-0.00015844,2.240966573,-0.001329918
-0.0001584,2.271263586,-0.000533279
-0.00015836,2.307938918,2.44E-05
-0.00015832,2.337438641,-0.000453615
-0.00015828,2.38447874,-0.000533279
-0.00015824,2.433910709,-0.00117059
-0.0001582,2.468194171,-0.001250254
-0.00015816,2.517626139,-0.001807901
-0.00015812,2.554301471,-0.001409582
-0.00015808,2.587787643,-0.001728237
-0.00015804,2.622868395,-0.001568909
-0.000158,2.668313915,-0.001887565
-0.00015796,2.705786536,-0.000851934
-0.00015792,2.743259158,-0.000214623
-0.00015788,2.778339909,-0.000612942
-0.00015784,2.829366458,-0.00117059
-0.0001578,2.854879732,-0.000931598
-0.00015776,2.892352353,0.000183697
-0.00015772,2.928230395,-0.001648573
-0.00015768,2.962513857,-0.000214623
-0.00015764,2.99201358,-0.001807901
-0.0001576,3.015134985,-0.001250254
-0.00015756,3.056594055,-0.000612942
-0.00015752,3.087688358,-0.001489245
-0.00015748,3.12516098,-0.001807901
-0.00015744,3.152268834,-0.000214623
-0.0001574,3.180971267,-0.001250254
-0.00015736,3.228011366,-0.001489245
-0.00015732,3.25591651,-0.001887565
-0.00015728,3.279835204,-0.001489245
-0.00015724,3.318902405,-0.000692606
-0.0001572,3.353983157,-0.001807901
-0.00015716,3.393050358,-0.000692606
-0.00015712,3.423347371,-0.000851934
-0.00015708,3.466401021,-0.001967229
-0.00015704,3.511846541,-0.001329918
-0.000157,3.548521872,-0.001250254
-0.00015696,3.585197204,-0.001409582
-0.00015692,3.628250854,-0.000373951
-0.00015688,3.673696374,-0.000294287
-0.00015684,3.712763575,2.44E-05
-0.0001568,3.743857878,-0.000134959
-0.00015676,3.781330499,-0.000453615
-0.00015672,3.82199228,-0.000294287
-0.00015668,3.860262191,-0.000214623
-0.00015664,3.909694159,-0.000453615
-0.0001566,3.963112577,-0.000851934
-0.00015656,3.996598749,-0.001250254
-0.00015652,4.043638849,-0.001329918
-0.00015648,4.075530441,-0.000851934
-0.00015644,4.108219324,-0.000214623
-0.0001564,4.164029611,-0.001329918
-0.00015636,4.202299522,-0.000453615
-0.00015632,4.238974854,-0.00077227
-0.00015628,4.272461026,-0.001967229
-0.00015624,4.319501125,-0.001011262
-0.0001562,4.364149355,-0.000373951
-0.00015616,4.393649078,-0.000134959
-0.00015612,4.438297308,-0.000851934
-0.00015608,4.480553668,-0.000612942
-0.00015604,4.521215449,0.000183697
-0.000156,4.562674519,-0.000373951
-0.00015596,4.60413359,-0.000214623
-0.00015592,4.637619762,-0.000373951
-0.00015588,4.687849021,0.000104033
-0.00015584,4.726916222,-0.000214623
-0.0001558,4.759605104,0.000104033
-0.00015576,4.816212681,0.000582016
-0.00015572,4.839334086,-0.000373951
-0.00015568,4.877603997,0.000502352
-0.00015564,4.923846806,0.00026336
-0.0001556,4.963711297,-0.001250254
-0.00015556,5.000386629,-0.00117059
-0.00015552,5.049818597,0.000582016
-0.00015548,5.089683088,-0.00117059
-0.00015544,5.122371971,-0.001648573
-0.0001554,5.17020936,-0.000453615
-0.00015536,5.204492822,-0.001568909
-0.00015532,5.249141051,-0.000533279
-0.00015528,5.294586571,-0.001250254
-0.00015524,5.336045642,-0.001250254
-0.0001552,5.362356205,0.000502352
-0.00015516,5.417369203,0.000343024
-0.00015512,5.454841824,-0.000692606
-0.00015508,5.487530707,-0.000294287
-0.00015504,5.51703043,-0.000134959
-0.000155,5.564867819,0.00026336
-0.00015496,5.596759412,0.000183697
-0.00015492,5.629448294,-0.000214623
-0.00015488,5.670907365,0.000343024
-0.00015484,5.717150174,-0.000294287
-0.0001548,5.759406534,-0.000612942
-0.00015476,5.802460184,0.000741344
-0.00015472,5.846311124,0.000502352
-0.00015468,5.886175615,-0.000692606
-0.00015464,5.921256367,-0.000214623
-0.0001546,5.969093756,-0.000214623
-0.00015456,6.009755537,-0.000612942
-0.00015452,6.056795636,-0.000294287
-0.00015448,6.085498069,-0.000373951
-0.00015444,6.122173401,2.44E-05
-0.0001544,6.162037892,-0.000851934
-0.00015436,6.207483411,0.000183697
-0.00015432,6.248942482,-0.000134959
-0.00015428,6.278442205,0.00066168
-0.00015424,6.319901275,0.000104033
-0.0001542,6.354982027,-0.000214623
-0.00015416,6.399630257,-0.00077227
-0.00015412,6.435508299,0.00026336
-0.00015408,6.469791761,0.00066168
-0.00015404,6.523210179,-0.000134959
-0.000154,6.566263829,-0.000533279
-0.00015396,6.595763552,0.000343024
-0.00015392,6.651573839,0.000183697
-0.00015388,6.677087113,2.44E-05
-0.00015384,6.710573286,-0.000373951
-0.0001538,6.748843197,-0.00077227
-0.00015376,6.791896847,-0.000453615
-0.00015372,6.842923395,0.00026336
-0.00015368,6.86365293,-0.000134959
-0.00015364,6.90670658,-0.000134959
-0.0001536,6.940192753,-0.000294287
-0.00015356,6.990422011,0.00026336
-0.00015352,7.026300053,-0.000533279
-0.00015348,7.066164544,-0.000294287
-0.00015344,7.102042586,0.001617647
-0.0001534,7.150677264,0.00026336
-0.00015336,7.190541755,0.000343024
-0.00015332,7.235987275,0.00066168
-0.00015328,7.270270737,-0.000533279
-0.00015324,7.30216233,0.00026336
-0.0001532,7.349999719,-0.000453615
-0.00015316,7.38667505,0.000422688
-0.00015312,7.413782904,-0.000214623
-0.00015308,7.468795901,0.000502352
-0.00015304,7.500687494,2.44E-05
-0.000153,7.535768246,0.000183697
-0.00015296,7.585997504,0.000183697
-0.00015292,7.622672836,0.000104033
-0.00015288,7.651375269,0.000582016
-0.00015284,7.697618079,0.00026336
-0.0001528,7.743860888,0.000582016
-0.00015276,7.770171452,0.000582016
-0.00015272,7.802063045,0.00026336
-0.00015268,7.849900434,2.44E-05
-0.00015264,7.879400157,0.000104033
-0.0001526,7.914480909,0.000980336
-0.00015256,7.962318298,0.000900672
-0.00015252,7.991818021,0.000104033
-0.00015248,8.025304193,2.44E-05
-0.00015244,8.074736162,0.000502352
-0.0001524,8.109816914,0.001219327
-0.00015236,8.151275984,0.000741344
-0.00015232,8.193532345,0.000582016
-0.00015228,8.228613097,0.000900672
-0.00015224,8.272464037,0.000183697
-0.0001522,8.293990862,0.000980336
-0.00015216,8.349801149,-0.000692606
-0.00015212,8.372922553,-0.000453615
-0.00015208,8.410395175,-0.000612942
-0.00015204,8.455043405,-0.000134959
-0.000152,8.492516026,0.000502352
-0.00015196,8.526002198,-0.001409582
-0.00015192,8.56188024,-0.000214623
-0.00015188,8.593771833,0.000502352
-0.00015184,8.636825483,0.001219327
-0.0001518,8.679081843,0.000502352
-0.00015176,8.714959885,0.001139663
-0.00015172,8.73648671,0.000741344
-0.00015168,8.785918679,-0.000134959
-0.00015164,8.808242793,0.001219327
-0.0001516,8.861661211,0.00209563
-0.00015156,8.900728412,0.000502352
-0.00015152,8.925444396,0.000582016
-0.00015148,8.967700757,0.001537983
-0.00015144,9.014740856,0.000582016
-0.0001514,9.050618898,0.000582016
-0.00015136,9.08251049,0.001059999
-0.00015132,9.12636143,0.000980336
-0.00015128,9.163834052,0.000582016
-0.00015124,9.202103963,0.000980336
-0.0001512,9.231603686,0.000900672
-0.00015116,9.269076307,0.000582016
-0.00015112,9.3009679,0.00066168
-0.00015108,9.342426971,0.00026336
-0.00015104,9.371129404,0.000343024
-0.000151,9.413385764,0.000343024
-0.00015096,9.442885487,-0.000134959
-0.00015092,9.479560819,0.000821008
-0.00015088,9.505074093,-0.000214623
-0.00015084,9.551316903,0.001219327
-0.0001508,9.585600365,0.000980336
-0.00015076,9.615897378,0.000422688
-0.00015072,9.656559158,0.000900672
-0.00015068,9.69482907,0.000502352
-0.00015064,9.725923372,0.000741344
-0.0001506,9.761801414,0.000980336
-0.00015056,9.811233383,-0.000453615
-0.00015052,9.8255846,0.001617647
-0.00015048,9.871827409,0.000741344
-0.00015044,9.900529842,0.000582016
-0.0001504,9.934016015,0.001059999
-0.00015036,9.975475085,0.001059999
-0.00015032,10.0057721,0.00209563
-0.00015028,10.03447453,0.000741344
-0.00015024,10.07114986,0.000422688
-0.0001502,10.11739267,0.000502352
-0.00015016,10.14051408,0.000821008
-0.00015012,10.17559483,0.000502352
-0.00015008,10.21067558,0.001219327
-0.00015004,10.23618886,0.001219327
-0.00015,10.26568858,0.001139663
-0.00014996,10.30555307,0.000741344
-0.00014992,10.32707989,0.001298991
-0.00014988,10.35339046,0.000502352
-0.00014984,10.38289018,0.001537983
-0.0001498,10.4123899,0.001458319
-0.00014976,10.44747066,0.001537983
-0.00014972,10.45544355,0.001697311
-0.00014968,10.47697038,0.001378655
-0.00014964,10.48733515,0.001059999
-0.0001496,10.51922674,0.001458319
-0.00014956,10.52002403,0.000422688
-0.00014952,10.52799693,0.001059999
-0.00014948,10.53596983,0.002254958
-0.00014944,10.54394272,0.001458319
-0.0001494,10.53676712,0.000183697
-0.00014936,10.54075357,0.001936302
-0.00014932,10.53915899,0.001059999
-0.00014928,10.53676712,0.000980336
-0.00014924,10.5383617,0.001856639
-0.0001492,10.54075357,0.000502352
-0.00014916,10.54314543,0.001378655
-0.00014912,10.53995628,0.00066168
-0.00014908,10.54075357,0.000821008
-0.00014904,10.54633459,0.001139663
-0.000149,10.55510478,0.001537983
-0.00014896,10.55430749,0.00066168
-0.00014892,10.56228039,0.000741344
-0.00014888,10.58380722,0.000900672
-0.00014884,10.58221264,0.000980336
-0.0001488,10.58938824,0.00026336
-0.00014876,10.59337469,0.001059999
-0.00014872,10.59417198,0.000422688
-0.00014868,10.58141535,0.000582016
-0.00014864,10.58380722,0.000821008
-0.0001486,10.58859095,0.001219327
-0.00014856,10.58141535,0.001139663
-0.00014852,10.569456,0.001139663
-0.00014848,10.57902348,0.002015966
-0.00014844,10.56786142,0.001298991
-0.0001484,10.55590207,0.001776975
-0.00014836,10.54633459,0.001219327
-0.00014832,10.54075357,2.44E-05
-0.00014828,10.5383617,0.001059999
-0.00014824,10.53756441,0.000502352
-0.0001482,10.53676712,0.000582016
-0.00014816,10.52480777,0.00026336
-0.00014812,10.53517254,0.003529581
-0.00014808,10.52719964,0.000821008
-0.00014804,10.51524029,-0.000612942
-0.000148,10.51922674,0.001378655
-0.00014796,10.50088907,0.001537983
-0.00014792,10.48015954,0.000582016
-0.00014788,10.47138935,0.001697311
-0.00014784,10.46660561,0.001697311
-0.0001478,10.44268692,0.001697311
-0.00014776,10.41717364,0.001139663
-0.00014772,10.3972414,0.001139663
-0.00014768,10.35976878,0.001378655
-0.00014764,10.32867447,0.002254958
-0.0001476,10.27525606,0.001617647
-0.00014756,10.23060783,0.001298991
-0.00014752,10.1620409,0.001936302
-0.00014748,10.10463604,0.002414286
-0.00014744,10.04723117,0.001298991
-0.0001474,9.988231722,0.001219327
-0.00014736,9.929232276,0.000741344
-0.00014732,9.86544909,0.000821008
-0.00014728,9.82159815,0.001936302
-0.00014724,9.764193284,0.000980336
-0.0001472,9.741869169,0.000900672
-0.00014716,9.690045331,0.001139663
-0.00014712,9.656559158,0.001458319
-0.00014708,9.628654015,0.002015966
-0.00014704,9.590384104,0.001776975
-0.000147,9.559289801,0.001458319
-0.00014696,9.530587367,0.001617647
-0.00014692,9.501087644,0.001537983
-0.00014688,9.464412313,0.000980336
-0.00014684,9.446074647,0.001537983
-0.0001468,9.408602025,0.001378655
-0.00014676,9.368737535,0.001697311
-0.00014672,9.328075754,0.000343024
-0.00014668,9.282630234,0.001537983
-0.00014664,9.242765743,0.001537983
-0.0001466,9.202901253,0.000900672
-0.00014656,9.163036762,-0.000294287
-0.00014652,9.12715872,0.001378655
-0.00014648,9.073740302,-0.000214623
-0.00014644,9.018727305,0.000821008
-0.0001464,8.992416741,0.00066168
-0.00014636,8.950957671,0.001139663
-0.00014632,8.914282339,0.001697311
-0.00014628,8.878404297,0.000502352
-0.00014624,8.847309994,0.001697311
-0.0001462,8.804256344,0.000980336
-0.00014616,8.775553911,0.001856639
-0.00014612,8.732500261,0.000980336
-0.00014608,8.69343306,0.001139663
-0.00014604,8.655163149,0.000582016
-0.000146,8.626460715,-0.000294287
-0.00014596,8.576231457,0.000900672
-0.00014592,8.534772386,0.000502352
-0.00014588,8.512448271,0.001139663
-0.00014584,8.464610882,0.001059999
-0.0001458,8.428732841,0.000980336
-0.00014576,8.391260219,0.001219327
-0.00014572,8.338639091,-0.00260454
-0.00014568,8.308342078,0.00026336
-0.00014564,8.270869457,0.001378655
-0.0001456,8.227815807,-0.001011262
-0.00014556,8.199910663,0.00066168
-0.00014552,8.161640752,0.00066168
-0.00014548,8.117789812,0.000502352
-0.00014544,8.073938872,0.001298991
-0.0001454,8.03806083,0.001458319
-0.00014536,7.998993629,0.001378655
-0.00014532,7.956737269,0.001059999
-0.00014528,7.906508011,0.000582016
-0.00014524,7.878602867,0.001617647
-0.0001452,7.832360058,0.000343024
-0.00014516,7.790900987,0.000980336
-0.00014512,7.753428366,0.00066168
-0.00014508,7.720739483,0.00066168
-0.00014504,7.688847891,0.000502352
-0.000145,7.650577979,-0.000294287
-0.00014496,7.600348721,-0.00077227
-0.00014492,7.566065259,0.000343024
-0.00014488,7.51902516,-0.000851934
-0.00014484,7.479957959,2.44E-05
-0.0001448,7.443282627,0.000422688
-0.00014476,7.414580194,0.000104033
-0.00014472,7.372323833,-0.000453615
-0.00014468,7.329270183,0.000502352
-0.00014464,7.292594852,0.000980336
-0.0001446,7.245554753,0.000104033
-0.00014456,7.210474001,-0.00077227
-0.00014452,7.16981222,-0.000134959
-0.00014448,7.122772121,0.000422688
-0.00014444,7.094069687,0.00066168
-0.0001444,7.047029588,0.000582016
-0.00014436,7.015935285,-0.000692606
-0.00014432,6.972881635,-0.000214623
-0.00014428,6.948165651,-0.000134959
-0.00014424,6.902720131,-0.000533279
-0.0001442,6.852490873,-0.000373951
-0.00014416,6.818207411,-0.000294287
-0.00014412,6.783923949,-0.00077227
-0.00014408,6.732100111,0.000741344
-0.00014404,6.703397677,-0.000692606
-0.000144,6.653168419,-0.000453615
-0.00014396,6.611709348,2.44E-05
-0.00014392,6.577425886,0.000183697
-0.00014388,6.539155975,-0.001568909
-0.00014384,6.486534847,-0.000373951
-0.0001438,6.459426993,-0.000453615
-0.00014376,6.418765213,-0.001329918
-0.00014372,6.384481751,0.00066168
-0.00014368,6.334252492,0.000821008
-0.00014364,6.307941928,-0.000373951
-0.0001436,6.262496409,-0.000214623
-0.00014356,6.224226497,0.000582016
-0.00014352,6.179578268,-0.000453615
-0.00014348,6.135727328,-0.001329918
-0.00014344,6.095862837,-0.000214623
-0.0001434,6.052011897,-0.00117059
-0.00014336,6.023309464,0.00026336
-0.00014332,5.9969989,0.00066168
-0.00014328,5.941985902,-0.000134959
-0.00014324,5.896540383,0.000183697
-0.0001432,5.869432529,-0.000453615
-0.00014316,5.824784299,-0.000214623
-0.00014312,5.788108968,-0.000612942
-0.00014308,5.738676999,0.00066168
-0.00014304,5.704393537,0.000104033
-0.000143,5.663731756,-0.000931598
-0.00014296,5.619083526,-0.000692606
-0.00014292,5.573638007,-0.000692606
-0.00014288,5.532976226,0.000582016
-0.00014284,5.505868372,0.000821008
-0.0001428,5.476368649,0.001378655
-0.00014276,5.426936681,0.000104033
-0.00014272,5.375910132,0.000183697
-0.00014268,5.359167046,-0.000214623
-0.00014264,5.289005542,0.000183697
-0.0001426,5.249141051,-0.000692606
-0.00014256,5.226816937,-0.000453615
-0.00014252,5.191736185,-0.001887565
-0.00014248,5.143101506,0.000343024
-0.00014244,5.101642435,-0.000692606
-0.0001424,5.076129161,-0.001090926
-0.00014236,5.021116164,-0.000692606
-0.00014232,4.986035412,0.000343024
-0.00014228,4.946968211,0.000104033
-0.00014224,4.90550914,-0.00077227
-0.0001422,4.856077172,2.44E-05
-0.00014216,4.806645203,-0.000692606
-0.00014212,4.771564451,-0.000294287
-0.00014208,4.747645757,0.000582016
-0.00014204,4.696619209,0.000422688
-0.000142,4.636822472,2.44E-05
-0.00014196,4.617687517,0.000422688
-0.00014192,4.576228446,2.44E-05
-0.00014188,4.529188347,-0.000851934
-0.00014184,4.507661522,-0.000612942
-0.0001418,4.468594321,-0.001250254
-0.00014176,4.423946091,-0.000373951
-0.00014172,4.379297861,-0.000612942
-0.00014168,4.333055052,-0.000931598
-0.00014164,4.303555329,0.000343024
-0.0001416,4.263690838,0.000821008
-0.00014156,4.224623637,-0.00077227
-0.00014152,4.183961856,-0.000214623
-0.00014148,4.144097366,-0.000453615
-0.00014144,4.106624744,0.000502352
-0.0001414,4.063571094,0.000741344
-0.00014136,4.031679501,0.00026336
-0.00014132,3.978261084,0.001537983
-0.00014128,3.953545099,0.000183697
-0.00014124,3.900923971,2.44E-05
-0.0001412,3.866640509,2.44E-05
-0.00014116,3.8203977,0.000183697
-0.00014112,3.770965731,0.000582016
-0.00014108,3.740668718,0.000582016
-0.00014104,3.696020489,-0.000294287
-0.000141,3.663331606,-0.000692606
-0.00014096,3.623467115,-0.000453615
-0.00014092,3.578021596,-0.000453615
-0.00014088,3.521414019,-0.000533279
-0.00014084,3.483941397,0.000741344
-0.0001408,3.448063356,-0.001090926
-0.00014076,3.410590734,-0.000533279
-0.00014072,3.368334374,-0.000851934
-0.00014068,3.333253622,-0.000851934
-0.00014064,3.291794551,-0.000612942
-0.0001406,3.257511089,-0.00117059
-0.00014056,3.219241178,-0.001250254
-0.00014052,3.16821463,0.00066168
-0.00014048,3.132336588,2.44E-05
-0.00014044,3.096458546,-0.000533279
-0.0001404,3.051013027,-0.00077227
-0.00014036,3.012743116,2.44E-05
-0.00014032,2.972878625,-0.000692606
-0.00014028,2.924243946,-0.000931598
-0.00014024,2.896338802,-0.000533279
-0.0001402,2.842920385,-0.001250254
-0.00014016,2.804650473,-0.002285884
-0.00014012,2.754421215,-0.001329918
-0.00014008,2.711367565,-0.001648573
-0.00014004,2.679475972,-0.001409582
-0.00014,2.64439522,-0.000851934
-0.00013996,2.598152411,-0.001489245
-0.00013992,2.554301471,-0.00077227
-0.00013988,2.503274923,-0.000692606
-0.00013984,2.468194171,-0.000931598
-0.0001398,2.419559492,-0.001568909
-0.00013976,2.374911262,-0.000134959
-0.00013972,2.333452192,-0.000931598
-0.00013968,2.288006672,-0.001090926
-0.00013964,2.247344892,0.000183697
-0.0001396,2.199507503,-0.001489245
-0.00013956,2.141305346,-0.001807901
-0.00013952,2.104630014,-0.001011262
-0.00013948,2.062373654,-0.002206221
-0.00013944,2.015333555,-0.000453615
-0.0001394,1.977063644,-0.001329918
-0.00013936,1.935604573,-0.00260454
-0.00013932,1.893348213,-0.00300286
-0.00013928,1.850294563,-0.002206221
-0.00013924,1.809632782,-0.002046893
-0.0001392,1.768971001,-0.001887565
-0.00013916,1.718741743,-0.003480843
-0.00013912,1.679674542,-0.003162187
-0.00013908,1.641404631,-0.001728237
-0.00013904,1.608715748,-0.001329918
-0.000139,1.563270229,-0.002206221
-0.00013896,1.535365085,-0.001409582
-0.00013892,1.496297884,-0.001807901
-0.00013888,1.463609002,-0.002206221
-0.00013884,1.439690307,-0.002285884
-0.0001388,1.403014976,-0.001807901
-0.00013876,1.371123383,-0.001329918
-0.00013872,1.351988427,-0.001568909
-0.00013868,1.325677863,-0.001887565
-0.00013864,1.29777272,-0.003162187
-0.0001386,1.269867576,-0.001887565
-0.00013856,1.244354302,-0.002445212
-0.00013852,1.222030187,-0.001648573
-0.00013848,1.20847626,-0.002524876
-0.00013844,1.190935884,-0.002046893
-0.0001384,1.16701719,-0.002445212
-0.00013836,1.156652422,-0.00260454
-0.00013832,1.134328307,-0.001329918
-0.00013828,1.127152699,-0.002206221
-0.00013824,1.146287655,-0.001728237
-0.0001382,1.150274104,-0.001807901
-0.00013816,1.16701719,-0.001489245
-0.00013812,1.185354856,-0.00260454
-0.00013808,1.226016636,-0.002684204
-0.00013804,1.267475707,-0.002046893
-0.000138,1.323285994,-0.001090926
-0.00013796,1.370326093,-0.002126557
-0.00013792,1.437298438,-0.001728237
-0.00013788,1.497095174,-0.001250254
-0.00013784,1.574432286,-0.001329918
-0.0001378,1.64539108,-0.001250254
-0.00013776,1.721133612,-0.001967229
-0.00013772,1.791295116,-0.00260454
-0.00013768,1.859064751,-0.001967229
-0.00013764,1.923645226,-0.002046893
-0.0001376,1.982644672,-0.00260454
-0.00013756,2.020117294,-0.001568909
-0.00013752,2.076724871,-0.001011262
-0.00013748,2.114197492,-0.001011262
-0.00013744,2.151670114,-0.000373951
-0.0001374,2.180372547,-0.000931598
-0.00013736,2.217845168,-0.001967229
-0.00013732,2.236980124,-0.001329918
-0.00013728,2.276047325,-0.000612942
-0.00013724,2.294384991,-0.001648573
-0.0001372,2.338235931,-0.00117059
-0.00013716,2.369330233,-0.002445212
-0.00013712,2.402019116,-0.00117059
-0.00013708,2.444275476,-0.002524876
-0.00013704,2.484937257,-0.000692606
-0.000137,2.526396327,-0.001011262
-0.00013696,2.568652688,-0.00117059
-0.00013692,2.612503628,-0.00077227
-0.00013688,2.659543727,-0.001011262
-0.00013684,2.68744887,-0.001728237
-0.0001368,2.741664578,-0.000134959
-0.00013676,2.771961591,-0.001090926
-0.00013672,2.804650473,-0.002046893
-0.00013668,2.846906834,-0.001568909
-0.00013664,2.882784875,-0.001967229
-0.0001366,2.917068338,-0.000453615
-0.00013656,2.944973481,-0.000612942
-0.00013652,2.984837972,-0.00077227
-0.00013648,3.023905173,-0.001011262
-0.00013644,3.060580505,0.000343024
-0.0001364,3.090877518,2.44E-05
-0.00013636,3.112404343,-0.001090926
-0.00013632,3.141904066,-0.000612942
-0.00013628,3.185755006,-0.000851934
-0.00013624,3.21286286,-0.00077227
-0.0001362,3.239173424,-0.000692606
-0.00013616,3.276646045,-0.001489245
-0.00013612,3.319699695,-0.001489245
-0.00013608,3.344415679,-0.000931598
-0.00013604,3.38507746,-0.001011262
-0.000136,3.416969053,-0.000931598
-0.00013596,3.457630833,-0.001409582
-0.00013592,3.495103455,2.44E-05
-0.00013588,3.530184207,-0.000692606
-0.00013584,3.570845987,-0.000692606
-0.0001358,3.614696927,0.00026336
-0.00013576,3.657750577,0.000104033
-0.00013572,3.696020489,-0.001489245
-0.00013568,3.743060588,0.00066168
-0.00013564,3.779735919,-0.000851934
-0.0001356,3.82119499,0.000104033
-0.00013556,3.876207987,-0.000931598
-0.00013552,3.917667058,-0.001489245
-0.00013548,3.945572201,-0.000214623
-0.00013544,3.999787909,0.000502352
-0.0001354,4.030882212,-0.000373951
-0.00013536,4.072341282,-0.001011262
-0.00013532,4.12416512,-0.000612942
-0.00013528,4.164029611,-0.000294287
-0.00013524,4.192732044,-0.000373951
-0.0001352,4.240569433,-0.000533279
-0.00013516,4.287609533,-0.000294287
-0.00013512,4.320298415,-0.00117059
-0.00013508,4.366541224,-0.000453615
-0.00013504,4.408797585,-0.001329918
-0.000135,4.437500018,-0.000851934
-0.00013496,4.475769929,-0.001011262
-0.00013492,4.51483713,0.000183697
-0.00013488,4.56028265,-0.000134959
-0.00013484,4.594566112,-0.000692606
-0.0001348,4.628849574,-0.000214623
-0.00013476,4.675092383,-0.000931598
-0.00013472,4.721335193,-0.000134959
-0.00013468,4.762794263,0.00026336
-0.00013464,4.797875015,0.000183697
-0.0001346,4.835347637,-0.000373951
-0.00013456,4.884779605,0.000104033
-0.00013452,4.928630545,-0.00077227
-0.00013448,4.963711297,-0.000294287
-0.00013444,5.005967657,-0.000931598
-0.0001344,5.042642989,-0.000612942
-0.00013436,5.087291219,-0.001011262
-0.00013432,5.131939448,0.000502352
-0.00013428,5.162236461,0.000104033
-0.00013424,5.198911793,-0.000453615
-0.0001342,5.245154602,0.000502352
-0.00013416,5.292194702,0.000900672
-0.00013412,5.312924237,0.000104033
-0.00013408,5.351194148,-0.000134959
-0.00013404,5.397436957,0.000741344
-0.000134,5.438896028,0.000422688
-0.00013396,5.469193041,0.000422688
-0.00013392,5.51703043,0.000741344
-0.00013388,5.55928679,-0.000214623
-0.00013384,5.598353991,0.000502352
-0.0001338,5.640610352,-0.000294287
-0.00013376,5.676488393,0.001059999
-0.00013372,5.713163725,0.000502352
-0.00013368,5.752230926,-0.000134959
-0.00013364,5.788108968,-0.000373951
-0.0001336,5.834351777,-0.000214623
-0.00013356,5.872621688,-0.000134959
-0.00013352,5.911688889,-0.000294287
-0.00013348,5.960323568,0.000183697
-0.00013344,6.000188059,0.000502352
-0.0001334,6.031282362,0.00026336
-0.00013336,6.0831062,0.001298991
-0.00013332,6.114200503,-0.000692606
-0.00013328,6.148483965,0.000980336
-0.00013324,6.186753876,-0.000294287
-0.0001332,6.222631918,-0.000134959
-0.00013316,6.265685568,-0.000373951
-0.00013312,6.302360899,0.000422688
-0.00013308,6.347806419,-0.000533279
-0.00013304,6.389265489,0.00026336
-0.000133,6.413981474,2.44E-05
-0.00013296,6.469791761,0.000502352
-0.00013292,6.502480643,-0.00077227
-0.00013288,6.546331583,-0.000931598
-0.00013284,6.594168972,-0.000931598
-0.0001328,6.641209072,-0.000373951
-0.00013276,6.680276273,0.000502352
-0.00013272,6.720938053,2.44E-05
-0.00013268,6.755221515,-0.000453615
-0.00013264,6.784721239,0.000741344
-0.0001326,6.815815541,0.000502352
-0.00013256,6.873220408,-0.000453615
-0.00013252,6.903517421,0.000183697
-0.00013248,6.934611724,-0.000453615
-0.00013244,6.978462664,0.000502352
-0.0001324,7.016732575,-0.000692606
-0.00013236,7.058191646,0.000582016
-0.00013232,7.091677818,-0.000134959
-0.00013228,7.12835315,0.000821008
-0.00013224,7.178582408,0.001458319
-0.0001322,7.226419797,0.001219327
-0.00013216,7.249541202,0.001059999
-0.00013212,7.290202982,0.000980336
-0.00013208,7.336445792,-0.000533279
-0.00013204,7.371526544,0.000183697
-0.000132,7.413782904,0.000422688
-0.00013196,7.455241974,0.000821008
-0.00013192,7.485538987,0.000104033
-0.00013188,7.526200768,0.000183697
-0.00013184,7.564470679,0.000502352
-0.0001318,7.600348721,-0.000851934
-0.00013176,7.639415922,0.000422688
-0.00013172,7.680874993,0.000422688
-0.00013168,7.716753034,-0.000134959
-0.00013164,7.745455468,0.000502352
-0.0001316,7.791698277,0.00026336
-0.00013156,7.828373609,0.00026336
-0.00013152,7.869832679,-0.000294287
-0.00013148,7.90810259,-0.000294287
-0.00013144,7.947967081,-0.000533279
-0.0001314,7.972683065,2.44E-05
-0.00013136,8.014939426,0.000343024
-0.00013132,8.050020178,-0.000134959
-0.00013128,8.089884668,0.000104033
-0.00013124,8.149681405,-0.000134959
-0.0001312,8.16881636,-0.00077227
-0.00013116,8.206288982,-0.000612942
-0.00013112,8.25572095,-0.001329918
-0.00013108,8.292396282,0.000422688
-0.00013104,8.317909556,-0.000134959
-0.000131,8.366544235,-0.001250254
-0.00013096,8.403219566,0.000183697
-0.00013092,8.445475927,-0.000214623
-0.00013088,8.471786491,-0.000453615
-0.00013084,8.52042117,-0.000134959
-0.0001308,8.549920893,-0.000533279
-0.00013076,8.579420616,-0.000134959
-0.00013072,8.628852585,0.001059999
-0.00013068,8.655960438,0.00026336
-0.00013064,8.69263577,0.000183697
-0.0001306,8.73409484,0.001219327
-0.00013056,8.776351201,0.001059999
-0.00013052,8.815418402,0.000900672
-0.00013048,8.856877472,0.001219327
-0.00013044,8.883188036,0.000741344
-0.0001304,8.927038976,0.000104033
-0.00013036,8.966106177,0.00026336
-0.00013032,9.005173378,0.000980336
-0.00013028,9.037064971,-0.000214623
-0.00013024,9.076132172,-0.000294287
-0.0001302,9.112010214,0.001298991
-0.00013016,9.133537039,0.000422688
-0.00013012,9.168617791,0.000980336
-0.00013008,9.210076861,0.000343024
-0.00013004,9.245954903,0.001059999
-0.00013,9.294589582,0.000343024
-0.00012996,9.312927247,0.000422688
-0.00012992,9.358372767,0.000821008
-0.00012988,9.400629127,0.001856639
-0.00012984,9.43172343,0.00026336
-0.0001298,9.47557437,0.000900672
-0.00012976,9.508263252,0.001059999
-0.00012972,9.547330453,0.001298991
-0.00012968,9.588789524,0.001059999
-0.00012964,9.632640464,0.001219327
-0.0001296,9.661342897,0.001856639
-0.00012956,9.678085983,0.000741344
-0.00012952,9.724328793,0.002015966
-0.00012948,9.757814965,0.000980336
-0.00012944,9.788909268,0.000821008
-0.0001294,9.836746657,0.000980336
-0.00012936,9.858273482,0.000980336
-0.00012932,9.886178626,0.001537983
-0.00012928,9.924448537,0.000980336
-0.00012924,9.974677795,0.000741344
-0.0001292,9.989029012,0.00026336
-0.00012916,10.02729892,0.001298991
-0.00012912,10.07274444,0.00066168
-0.00012908,10.09267669,0.001856639
-0.00012904,10.11818996,0.001537983
-0.000129,10.15008155,0.000422688
-0.00012896,10.18755418,0.001697311
-0.00012892,10.21227016,0.001617647
-0.00012888,10.25372923,0.001219327
-0.00012884,10.27924251,0.001219327
-0.0001288,10.31591784,0.001139663
-0.00012876,10.34382298,0.001458319
-0.00012872,10.37252541,0.000741344
-0.00012868,10.39644411,0.001856639
-0.00012864,10.42195738,0.001378655
-0.0001286,10.45464626,0.000900672
-0.00012856,10.48414599,0.001298991
-0.00012852,10.49690263,0.00209563
-0.00012848,10.51045655,0.001059999
-0.00012844,10.50726739,0.001617647
-0.0001284,10.52719964,0.001697311
-0.00012836,10.54155085,0.000821008
-0.00012832,10.5303888,0.002334622
-0.00012828,10.53517254,0.002254958
-0.00012824,10.53118609,0.001219327
-0.0001282,10.53437525,0.001378655
-0.00012816,10.54314543,0.000821008
-0.00012812,10.53118609,0.000900672
-0.00012808,10.53596983,0.000582016
-0.00012804,10.53756441,0.001378655
-0.000128,10.5383617,0.001697311
-0.00012796,10.53198338,0.001697311
-0.00012792,10.54713188,0.001856639
-0.00012788,10.55111833,0.001617647
-0.00012784,10.54394272,0.001059999
-0.0001278,10.55111833,0.001378655
-0.00012776,10.56467226,0.000900672
-0.00012772,10.569456,0.001617647
-0.00012768,10.5774289,0.002175294
-0.00012764,10.58061806,0.000343024
-0.0001276,10.58540179,-0.000533279
-0.00012756,10.58300993,0.000343024
-0.00012752,10.58221264,0.000821008
-0.00012748,10.58859095,0.000422688
-0.00012744,10.57423974,0.001298991
-0.0001274,10.57902348,0.001458319
-0.00012736,10.56068581,0.000900672
-0.00012732,10.56546955,0.001458319
-0.00012728,10.5614831,0.001059999
-0.00012724,10.54952375,0.001298991
-0.0001272,10.53596983,0.001617647
-0.00012716,10.53915899,0.001617647
-0.00012712,10.53915899,0.001378655
-0.00012708,10.53198338,0.000821008
-0.00012704,10.53596983,0.001298991
-0.000127,10.53278067,0.001139663
-0.00012696,10.52161861,0.001378655
-0.00012692,10.52879422,0.001776975
-0.00012688,10.51763216,0.002015966
-0.00012684,10.50407823,0.001776975
-0.0001268,10.49291618,0.001537983
-0.00012676,10.49371347,0.000343024
-0.00012672,10.45863271,0.001537983
-0.00012668,10.4442815,0.001219327
-0.00012664,10.41717364,0.000502352
-0.0001266,10.39245766,0.000900672
-0.00012656,10.36694439,0.001537983
-0.00012652,10.31990429,0.001697311
-0.00012648,10.27286419,0.000821008
-0.00012644,10.21545932,0.001219327
-0.0001264,10.17081109,0.000821008
-0.00012636,10.09905501,0.000343024
-0.00012632,10.04882575,0.001059999
-0.00012628,9.989826302,0.000900672
-0.00012624,9.922853957,0.000821008
-0.0001262,9.86704367,0.001458319
-0.00012616,9.810436093,0.000183697
-0.00012612,9.761801414,0.001856639
-0.00012608,9.721936923,0.001856639
-0.00012604,9.6924372,0.000821008
-0.000126,9.658951028,0.000582016
-0.00012596,9.620681117,0.001219327
-0.00012592,9.598357002,0.001537983
-0.00012588,9.564870829,0.001298991
-0.00012584,9.537762976,0.000422688
-0.0001258,9.516236151,0.001298991
-0.00012576,9.481155399,0.001458319
-0.00012572,9.447669226,0.001219327
-0.00012568,9.414980344,0.000422688
-0.00012564,9.381494172,0.001537983
-0.0001256,9.338440521,0.002015966
-0.00012556,9.297778741,0.001139663
-0.00012552,9.265089858,0.000980336
-0.00012548,9.222833498,0.000502352
-0.00012544,9.186955456,0.001697311
-0.0001254,9.12556414,0.000900672
-0.00012536,9.088091519,0.000104033
-0.00012532,9.057794506,2.44E-05
-0.00012528,9.009957117,0.001298991
-0.00012524,8.970092626,0.00026336
-0.0001252,8.940592903,0.000980336
-0.00012516,8.896741963,0.001776975
-0.00012512,8.849701864,0.000980336
-0.00012508,8.820202141,0.001298991
-0.00012504,8.775553911,0.000821008
-0.000125,8.744459608,0.000821008
-0.00012496,8.69343306,0.000821008
-0.00012492,8.659946887,0.001458319
-0.00012488,8.618487817,0.001378655
-0.00012484,8.580217906,0.001697311
-0.0001248,8.533975096,0.000502352
-0.00012476,8.507664532,0.000422688
-0.00012472,8.465408172,0.000343024
-0.00012468,8.427935551,0.001537983
-0.00012464,8.385679191,0.001139663
-0.0001246,8.349801149,0.000502352
-0.00012456,8.305152919,-0.000851934
-0.00012452,8.261301979,0.00026336
-0.00012448,8.234194125,-0.000851934
-0.00012444,8.196721504,0.000104033
-0.0001244,8.147289535,-0.000134959
-0.00012436,8.118587102,0.000183697
-0.00012432,8.08350635,-0.000533279
-0.00012428,8.054803917,-0.000214623
-0.00012424,8.004574658,-0.000134959
-0.0001242,7.968696616,-0.000134959
-0.00012416,7.916075488,-0.00117059
-0.00012412,7.881792026,-0.000294287
-0.00012408,7.847508564,0.000821008
-0.00012404,7.802860334,-0.000612942
-0.000124,7.769374162,0.000582016
-0.00012396,7.743860888,0.001219327
-0.00012392,7.681672282,0.000422688
-0.00012388,7.638618632,0.000741344
-0.00012384,7.597956852,-0.000214623
-0.0001238,7.5628761,-0.000851934
-0.00012376,7.515038711,-0.000294287
-0.00012372,7.482349828,0.000104033
-0.00012368,7.440890758,-0.000134959
-0.00012364,7.410593745,-0.000373951
-0.0001236,7.371526544,-0.000294287
-0.00012356,7.34521598,-0.000533279
-0.00012352,7.305351489,-0.000533279
-0.00012348,7.260703259,0.000343024
-0.00012344,7.205690262,2.44E-05
-0.0001234,7.183366147,0.000502352
-0.00012336,7.143501656,0.000502352
-0.00012332,7.103637165,0.000741344
-0.00012328,7.049421458,2.44E-05
-0.00012324,7.016732575,0.000104033
-0.0001232,6.968895186,-0.000294287
-0.00012316,6.945773781,0.00066168
-0.00012312,6.902720131,0.001059999
-0.00012308,6.859666481,-0.00077227
-0.00012304,6.816612831,0.00066168
-0.000123,6.77674834,0.00026336
-0.00012296,6.740073009,-0.00077227
-0.00012292,6.700208518,-0.000214623
-0.00012288,6.654762998,0.000422688
-0.00012284,6.630844304,-0.000214623
-0.0001228,6.575034017,0.00066168
-0.00012276,6.545534293,-0.000851934
-0.00012272,6.503277933,0.00026336
-0.00012268,6.460224283,0.000582016
-0.00012264,6.415576053,0.000900672
-0.0001226,6.398035677,-0.000692606
-0.00012256,6.351792868,0.000422688
-0.00012252,6.317509406,-0.000294287
-0.00012248,6.268077437,0.00026336
-0.00012244,6.231402106,-0.000214623
-0.0001224,6.190740325,0.000741344
-0.00012236,6.149281255,0.001059999
-0.00012232,6.115795082,-0.00077227
-0.00012228,6.062376665,-0.000373951
-0.00012224,6.03766068,0.000582016
-0.0001222,5.985836842,-0.000214623
-0.00012216,5.957134409,-0.000692606
-0.00012212,5.919661787,0.00066168
-0.00012208,5.875013558,-0.000612942
-0.00012204,5.836743646,0.000422688
-0.000122,5.797676445,-0.000692606
-0.00012196,5.757014665,-0.000453615
-0.00012192,5.701204378,-0.00117059
-0.00012188,5.670110075,-0.000214623
-0.00012184,5.626259135,0.000104033
-0.0001218,5.587191934,2.44E-05
-0.00012176,5.548922023,-0.000931598
-0.00012172,5.511449401,-0.000533279
-0.00012168,5.465206592,-0.001329918
-0.00012164,5.421355652,-0.000134959
-0.0001216,5.38786948,2.44E-05
-0.00012156,5.346410409,-0.000214623
-0.00012152,5.310532367,-0.000533279
-0.00012148,5.278640775,0.000502352
-0.00012144,5.226019647,0.000582016
-0.0001214,5.184560576,0.000104033
-0.00012136,5.152668984,-0.001090926
-0.00012132,5.106426174,2.44E-05
-0.00012128,5.073737292,0.000104033
-0.00012124,5.031480932,-0.001329918
-0.0001212,4.986832702,-0.001011262
-0.00012116,4.945373631,-0.001648573
-0.00012112,4.90790101,-0.001329918
-0.00012108,4.871225678,-0.001250254
-0.00012104,4.817807261,-0.001011262
-0.000121,4.789902117,-0.000931598
-0.00012096,4.741267438,-0.00117059
-0.00012092,4.702997527,-0.001011262
-0.00012088,4.670308645,0.000422688
-0.00012084,4.627254994,-0.000134959
-0.0001208,4.578620316,0.000183697
-0.00012076,4.544336854,-0.000453615
-0.00012072,4.508458812,-0.000931598
-0.00012068,4.453445814,-0.00117059
-0.00012064,4.422351512,-0.001011262
-0.0001206,4.378500572,-0.000134959
-0.00012056,4.347406269,-0.001409582
-0.00012052,4.306744488,-0.000851934
-0.00012048,4.262096258,-0.000533279
-0.00012044,4.223029057,-0.001090926
-0.0001204,4.190340175,-0.00077227
-0.00012036,4.146489235,-0.000692606
-0.00012032,4.116192222,-0.000612942
-0.00012028,4.073138572,-0.000373951
-0.00012024,4.028490342,-0.001409582
-0.0001202,3.984639402,0.000104033
-0.00012016,3.95195052,-0.000612942
-0.00012012,3.916869768,-0.000294287
-0.00012008,3.86504593,-0.000931598
-0.00012004,3.81960041,0.000502352
-0.00012,3.780533209,-0.001250254
-0.00011996,3.742263298,-0.000373951
-0.00011992,3.697615068,-0.000533279
-0.00011988,3.660142447,0.000183697
-0.00011984,3.627453564,-0.000931598
-0.0001198,3.582805335,-0.000851934
-0.00011976,3.534967946,-0.000533279
-0.00011972,3.497495324,-0.001329918
-0.00011968,3.463211862,-0.001568909
-0.00011964,3.43052298,-0.001011262
-0.0001196,3.368334374,-0.001648573
-0.00011956,3.335645491,-0.000612942
-0.00011952,3.305348478,-0.000931598
-0.00011948,3.256713799,-0.001648573
-0.00011944,3.21206557,-0.001090926
-0.0001194,3.180173977,-0.000134959
-0.00011936,3.131539298,-0.001409582
-0.00011932,3.096458546,-0.001090926
-0.00011928,3.060580505,0.000183697
-0.00011924,3.005567507,0.000104033
-0.0001192,2.969689465,-0.002126557
-0.00011916,2.933811424,0.000343024
-0.00011912,2.897933382,-0.000533279
-0.00011908,2.853285152,-0.000134959
-0.00011904,2.811826082,-0.000851934
-0.000119,2.771164301,-0.001011262
-0.00011896,2.724124202,0.000104033
-0.00011892,2.683462421,-0.000612942
-0.00011888,2.642003351,-0.000931598
-0.00011884,2.592571382,-0.001568909
-0.0001188,2.55908521,-0.000453615
-0.00011876,2.521612588,-0.001409582
-0.00011872,2.474572489,-0.001568909
-0.00011868,2.440289027,-0.001011262
-0.00011864,2.398829957,-0.001568909
-0.0001186,2.346208829,-0.000612942
-0.00011856,2.303952469,-0.000851934
-0.00011852,2.2545205,-0.001250254
-0.00011848,2.205088531,-0.001250254
-0.00011844,2.162034881,-0.001090926
-0.0001184,2.130940578,-0.000373951
-0.00011836,2.071941132,-0.001728237
-0.00011832,2.024103743,-0.000931598
-0.00011828,1.984239252,-0.001090926
-0.00011824,1.926834385,-0.001011262
-0.0001182,1.890159054,-0.002524876
-0.00011816,1.848699983,-0.00117059
-0.00011812,1.81999755,-0.001807901
-0.00011808,1.764187263,-0.001489245
-0.00011804,1.73309296,-0.002365548
-0.000118,1.68764744,-0.001728237
-0.00011796,1.638215472,-0.002763868
-0.00011792,1.623864255,-0.001409582
-0.00011788,1.572837707,-0.001090926
-0.00011784,1.532973216,-0.001011262
-0.0001178,1.508257231,-0.001967229
-0.00011776,1.460419842,-0.002365548
-0.00011772,1.42613638,-0.002445212
-0.00011768,1.398231237,-0.001728237
-0.00011764,1.367934224,-0.002206221
-0.0001176,1.335245341,-0.001887565
-0.00011756,1.310529357,-0.001807901
-0.00011752,1.277043185,-0.002445212
-0.00011748,1.256313649,-0.001648573
-0.00011744,1.243557012,-0.000851934
-0.0001174,1.215651869,-0.001887565
-0.00011736,1.205287101,2.44E-05
-0.00011732,1.186949435,-0.001329918
-0.00011728,1.169409059,-0.001329918
-0.00011724,1.154260553,-0.001011262
-0.0001172,1.146287655,-0.000373951
-0.00011716,1.143098495,-0.001648573
-0.00011712,1.141503916,-0.001250254
-0.00011708,1.155057843,-0.00117059
-0.00011704,1.16701719,-0.001807901
-0.000117,1.179773827,-0.002365548
-0.00011696,1.214854579,-0.001807901
-0.00011692,1.261097388,-0.000851934
-0.00011688,1.300961879,-0.002046893
-0.00011684,1.359961326,-0.002524876
-0.0001168,1.422947221,-0.00117059
-0.00011676,1.491514145,-0.001011262
-0.00011672,1.55609462,-0.00077227
-0.00011668,1.631837153,-0.001409582
-0.00011664,1.699606787,-0.001887565
-0.0001166,1.772160161,-0.001648573
-0.00011656,1.848699983,-0.001568909
-0.00011652,1.910888589,-0.002046893
-0.00011648,1.967496166,-0.001568909
-0.00011644,2.012941685,-0.001648573
-0.0001164,2.063170944,-0.00077227
-0.00011636,2.104630014,-0.000453615
-0.00011632,2.142102636,-0.001011262
-0.00011628,2.177183388,-0.001011262
-0.00011624,2.205885821,-0.001329918
-0.0001162,2.237777414,-0.000453615
-0.00011616,2.260101529,-0.001887565
-0.00011612,2.289601252,-0.001648573
-0.00011608,2.324682004,-0.000294287
-0.00011604,2.358965466,-0.001489245
-0.000116,2.402816406,-0.001090926
-0.00011596,2.431518839,-0.001011262
-0.00011592,2.47218062,-0.001728237
-0.00011588,2.512045111,-0.000851934
-0.00011584,2.55669334,-0.001329918
-0.0001158,2.60134157,-0.001967229
-0.00011576,2.639611481,-0.000294287
-0.00011572,2.693029899,-0.000612942
-0.00011568,2.724921492,-0.000294287
-0.00011564,2.771961591,-0.000692606
-0.0001156,2.809434212,-0.000294287
-0.00011556,2.858068891,-0.00117059
-0.00011552,2.886771325,-0.000134959
-0.00011548,2.918662917,-0.000692606
-0.00011544,2.956135539,-0.000612942
-0.0001154,2.984837972,0.000104033
-0.00011536,3.020716014,-0.000294287
-0.00011532,3.053404896,-0.001409582
-0.00011528,3.077323591,-0.000692606
-0.00011524,3.113201632,-0.000612942
-0.0001152,3.131539298,0.000343024
-0.00011516,3.169809209,0.000422688
-0.00011512,3.196119773,0.000104033
-0.00011508,3.237578844,-0.000533279
-0.00011504,3.276646045,-0.001489245
-0.000115,3.305348478,-0.001250254
-0.00011496,3.349199418,-0.00117059
-0.00011492,3.376307272,-0.000931598
-0.00011488,3.408996154,0.000502352
-0.00011484,3.465603731,-0.000931598
-0.0001148,3.491117006,-0.000453615
-0.00011476,3.536562525,-0.001329918
-0.00011472,3.572440567,-0.00077227
-0.00011468,3.609913188,-0.001887565
-0.00011464,3.664128896,-0.00077227
-0.0001146,3.697615068,-0.001568909
-0.00011456,3.741466008,-0.001011262
-0.00011452,3.782127789,-0.000294287
-0.00011448,3.829167888,-0.001090926
-0.00011444,3.869829669,-0.000931598
-0.0001144,3.912086029,0.00066168
-0.00011436,3.95115323,-0.00077227
-0.00011432,3.986233982,0.000343024
-0.00011428,4.019720154,-0.001090926
-0.00011424,4.071543992,0.000582016
-0.0001142,4.102638295,-0.000453615
-0.00011416,4.142502786,-0.000214623
-0.00011412,4.184759146,-0.001329918
-0.00011408,4.222231768,-0.000214623
-0.00011404,4.266879997,-0.000453615
-0.000114,4.309933647,-0.001090926
-0.00011396,4.34341982,-0.00117059
-0.00011392,4.392851788,-0.000851934
-0.00011388,4.436702728,-0.000453615
-0.00011384,4.474972639,-0.000692606
-0.0001138,4.51483713,-0.001728237
-0.00011376,4.553107041,0.000502352
-0.00011372,4.60493088,0.000821008
-0.00011368,4.631241444,-0.000612942
-0.00011364,4.682267992,-0.000134959
-0.0001136,4.726118932,0.00066168
-0.00011356,4.758010524,0.00026336
-0.00011352,4.803456044,0.000502352
-0.00011348,4.824982869,-0.000453615
-0.00011344,4.875212127,-0.001090926
-0.0001134,4.90710372,-0.000373951
-0.00011336,4.947765501,0.000422688
-0.00011332,4.989224571,-0.001329918
-0.00011328,5.026697193,0.000343024
-0.00011324,5.076129161,0.000741344
-0.0001132,5.105628884,-0.000692606
-0.00011316,5.156655433,-0.00077227
-0.00011312,5.199709083,0.000343024
-0.00011308,5.232397965,0.000343024
-0.00011304,5.279438065,-0.001090926
-0.000113,5.321694425,2.44E-05
-0.00011296,5.367139944,-0.000294287
-0.00011292,5.403815276,0.000821008
-0.00011288,5.452449955,-0.00077227
-0.00011284,5.477165939,2.44E-05
-0.0001128,5.509854822,-0.000851934
-0.00011276,5.556894921,0.00026336
-0.00011272,5.587989224,-0.000134959
-0.00011268,5.624664555,0.000104033
-0.00011264,5.678880263,-0.000294287
-0.0001126,5.712366435,-0.000533279
-0.00011256,5.741866158,-0.001090926
-0.00011252,5.789703547,-0.001011262
-0.00011248,5.829568038,-0.00077227
-0.00011244,5.858270471,-0.000931598
-0.0001124,5.90849973,-0.000612942
-0.00011236,5.949161511,-0.000692606
-0.00011232,5.989026001,-0.000294287
-0.00011228,6.032876941,-0.000134959
-0.00011224,6.067957693,-0.000294287
-0.0001122,6.101443866,-0.000692606
-0.00011216,6.150875834,-0.001489245
-0.00011212,6.187551166,0.00066168
-0.00011208,6.223429208,-0.000533279
-0.00011204,6.264090988,-0.000453615
-0.000112,6.307144638,-0.000453615
-0.00011196,6.3414281,0.000343024
-0.00011192,6.379698012,-0.000373951
-0.00011188,6.419562502,-0.000612942
-0.00011184,6.452251385,-0.001568909
-0.0001118,6.492913166,-0.000294287
-0.00011176,6.547128873,-0.001329918
-0.00011172,6.574236727,-0.000214623
-0.00011168,6.618087667,-0.000851934
-0.00011164,6.651573839,-0.001011262
-0.0001116,6.68984375,-0.000134959
-0.00011156,6.726519082,-0.000692606
-0.00011152,6.763991703,0.000104033
-0.00011148,6.807842643,2.44E-05
-0.00011144,6.848504424,-0.000214623
-0.0001114,6.887571625,-0.00077227
-0.00011136,6.932219855,-0.001090926
-0.00011132,6.963314157,-0.000294287
-0.00011128,7.013543416,-0.000373951
-0.00011124,7.056597066,0.000582016
-0.0001112,7.087691369,-0.000134959
-0.00011116,7.136326048,0.000343024
-0.00011112,7.1714068,-0.000214623
-0.00011108,7.208082131,-0.000453615
-0.00011104,7.243162883,0.00066168
-0.000111,7.273459896,2.44E-05
-0.00011096,7.326878314,0.000183697
-0.00011092,7.367540095,0.000104033
-0.00011088,7.401823557,0.001219327
-0.00011084,7.446471786,2.44E-05
-0.0001108,7.47357964,0.000343024
-0.00011076,7.511052262,-0.000214623
-0.00011072,7.543741144,-0.000533279
-0.00011068,7.594767692,0.000741344
-0.00011064,7.629848444,-0.000294287
-0.0001106,7.659348167,0.001298991
-0.00011056,7.707185556,0.000422688
-0.00011052,7.748644627,0.00066168
-0.00011048,7.792495567,0.000104033
-0.00011044,7.818008841,0.001059999
-0.0001104,7.869035389,-0.000134959
-0.00011036,7.904116141,0.001219327
-0.00011032,7.948764371,0.000980336
-0.00011028,7.977466804,-0.000453615
-0.00011024,8.019723165,0.000183697
-0.0001102,8.054803917,2.44E-05
-0.00011016,8.094668407,0.000422688
-0.00011012,8.12496542,0.000343024
-0.00011008,8.175194679,0.001139663
-0.00011004,8.208680851,-0.000453615
-0.00011,8.246153473,-0.00117059
-0.00010996,8.282828804,2.44E-05
-0.00010992,8.329071614,0.000422688
-0.00010988,8.358571337,0.000183697
-0.00010984,8.385679191,-0.000453615
-0.0001098,8.425543681,-0.000214623
-0.00010976,8.469394621,0.00026336
-0.00010972,8.505272663,0.000104033
-0.00010968,8.548326313,0.001458319
-0.00010964,8.571447718,-0.000214623
-0.0001096,8.610514919,0.001059999
-0.00010956,8.656757728,0.00066168
-0.00010952,8.6902439,0.000900672
-0.00010948,8.716554464,0.000741344
-0.00010944,8.769175592,0.000582016
-0.0001094,8.802661765,0.00026336
-0.00010936,8.843323545,0.001856639
-0.00010932,8.871228689,0.000980336
-0.00010928,8.91189047,0.000582016
-0.00010924,8.960525148,0.001059999
-0.0001092,8.999592349,0.000900672
-0.00010916,9.037064971,0.001697311
-0.00010912,9.069753853,0.001139663
-0.00010908,9.112807503,0.000422688
-0.00010904,9.150280125,0.001139663
-0.000109,9.161442182,0.00026336
-0.00010896,9.217252469,0.000900672
-0.00010892,9.246752193,0.000582016
-0.00010888,9.285819394,0.000343024
-0.00010884,9.310535378,0.000821008
-0.0001088,9.355980897,0.000980336
-0.00010876,9.38946707,0.001139663
-0.00010872,9.427736981,0.000582016
-0.00010868,9.461223153,0.000502352
-0.00010864,9.498695775,0.00026336
-0.0001086,9.539357555,0.001697311
-0.00010856,9.572843728,0.001139663
-0.00010852,9.621478406,0.001059999
-0.00010848,9.640613362,0.001378655
-0.00010844,9.684464302,0.000582016
-0.0001084,9.707585707,0.001139663
-0.00010836,9.751436647,0.001139663
-0.00010832,9.795287586,0.001298991
-0.00010828,9.820003571,0.000741344
-0.00010824,9.858273482,0.000741344
-0.0001082,9.898935263,0.000900672
-0.00010816,9.920462088,0.000821008
-0.00010812,9.948367231,0.000821008
-0.00010808,9.989826302,0.001219327
-0.00010804,10.01613687,0.001059999
-0.000108,10.05520407,0.00026336
-0.00010796,10.09108211,0.000422688
-0.00010792,10.12377099,-0.000533279
-0.00010788,10.15087884,0.00066168
-0.00010784,10.18675689,0.001537983
-0.0001078,10.20828371,0.000422688
-0.00010776,10.24416175,0.000741344
-0.00010772,10.28482353,0.001298991
-0.00010768,10.30395849,0.00066168
-0.00010764,10.33345821,0.001378655
-0.0001076,10.36056607,0.001298991
-0.00010756,10.39086308,0.000183697
-0.00010752,10.42275467,0.001856639
-0.00010748,10.44826795,0.000821008
-0.00010744,10.46501103,0.001139663
-0.0001074,10.48733515,0.000582016
-0.00010736,10.50726739,0.001219327
-0.00010732,10.52002403,0.001059999
-0.00010728,10.51284842,0.001219327
-0.00010724,10.53596983,0.001458319
-0.0001072,10.53357796,-0.000373951
-0.00010716,10.5383617,0.000980336
-0.00010712,10.54713188,0.001378655
-0.00010708,10.5383617,0.001378655
-0.00010704,10.52959151,0.000582016
-0.000107,10.52799693,0.001537983
-0.00010696,10.53517254,0.000900672
-0.00010692,10.53278067,0.001298991
-0.00010688,10.5383617,0.001139663
-0.00010684,10.53995628,0.000821008
-0.0001068,10.53995628,0.001298991
-0.00010676,10.55032104,0.001378655
-0.00010672,10.55749665,0.00209563
-0.00010668,10.54952375,0.001697311
-0.00010664,10.56387497,0.001617647
-0.0001066,10.57663161,0.000502352
-0.00010656,10.57423974,-0.000214623
-0.00010652,10.58460451,0.000980336
-0.00010648,10.57583432,0.000821008
-0.00010644,10.57344245,0.001378655
-0.0001064,10.5774289,0.001378655
-0.00010636,10.57902348,0.000422688
-0.00010632,10.57105058,0.000900672
-0.00010628,10.57503703,0.001139663
-0.00010624,10.56387497,0.00066168
-0.0001062,10.55032104,0.001378655
-0.00010616,10.55111833,0.001936302
-0.00010612,10.55430749,0.001617647
-0.00010608,10.53676712,0.001219327
-0.00010604,10.53915899,0.001059999
-0.000106,10.53278067,0.000900672
-0.00010596,10.53437525,0.000422688
-0.00010592,10.53278067,0.000980336
-0.00010588,10.53198338,0.00066168
-0.00010584,10.51922674,0.000900672
-0.0001058,10.51284842,2.44E-05
-0.00010576,10.51125384,0.001378655
-0.00010572,10.49690263,0.001219327
-0.00010568,10.48414599,0.001298991
-0.00010564,10.47378122,0.000183697
-0.0001056,10.46501103,2.44E-05
-0.00010556,10.4442815,0.001059999
-0.00010552,10.42913299,0.000104033
-0.00010548,10.40122785,0.000582016
-0.00010544,10.36694439,0.001537983
-0.0001054,10.33664737,0.001697311
-0.00010536,10.29120185,0.000502352
-0.00010532,10.23060783,0.000980336
-0.00010528,10.19154063,0.000980336
-0.00010524,10.12217641,0.001219327
-0.0001052,10.04723117,0.000104033
-0.00010516,9.99859649,0.000900672
-0.00010512,9.95474555,0.000343024
-0.00010508,9.874219278,0.000104033
-0.00010504,9.829571049,0.000343024
-0.000105,9.793693007,0.001219327
-0.00010496,9.73549085,0.00026336
-0.00010492,9.689248041,0.001139663
-0.00010488,9.674896824,0.00066168
-0.00010484,9.627059435,0.000343024
-0.0001048,9.599951581,0.000422688
-0.00010476,9.578424756,0.000582016
-0.00010472,9.532979237,0.000502352
-0.00010468,9.505871383,0.001059999
-0.00010464,9.482749978,0.00026336
-0.0001046,9.440493618,0.000104033
-0.00010456,9.414183054,0.001059999
-0.00010452,9.378305012,0.001697311
-0.00010448,9.338440521,2.44E-05
-0.00010444,9.293792292,0.000900672
-0.0001044,9.267481728,0.001617647
-0.00010436,9.218049759,0.001298991
-0.00010432,9.168617791,0.000741344
-0.00010428,9.131942459,0.001617647
-0.00010424,9.087294229,0.00066168
-0.0001042,9.053808057,0.000741344
-0.00010416,9.019524595,0.000741344
-0.00010412,8.967700757,0.001298991
-0.00010408,8.927038976,0.001378655
-0.00010404,8.883985326,0.001139663
-0.000104,8.849701864,0.001139663
-0.00010396,8.803459054,0.00066168
-0.00010392,8.771567462,0.00249395
-0.00010388,8.737284,0.000980336
-0.00010384,8.69263577,0.001378655
-0.0001038,8.665527916,0.001298991
-0.00010376,8.627258005,0.00066168
-0.00010372,8.588190804,-0.000134959
-0.00010368,8.56347482,0.001298991
-0.00010364,8.526799488,-0.000692606
-0.0001036,8.47577294,-0.00077227
-0.00010356,8.438300318,-0.00077227
-0.00010352,8.401624987,-0.000612942
-0.00010348,8.349003859,0.000582016
-0.00010344,8.325882454,-0.000214623
-0.0001034,8.286017963,0.000980336
-0.00010336,8.250139922,2.44E-05
-0.00010332,8.195924214,0.000502352
-0.00010328,8.161640752,0.000183697
-0.00010324,8.118587102,0.000502352
-0.0001032,8.08430364,0.001856639
-0.00010316,8.042844569,0.000183697
-0.00010312,7.999790919,0.000183697
-0.00010308,7.971088486,0.000422688
-0.00010304,7.933615864,0.000183697
-0.000103,7.886575765,2.44E-05
-0.00010296,7.852292303,-0.000214623
-0.00010292,7.816414261,0.000502352
-0.00010288,7.773360611,-0.000373951
-0.00010284,7.739077149,0.000422688
-0.0001028,7.697618079,-0.001250254
-0.00010276,7.6489834,0.000343024
-0.00010272,7.623470126,0.000422688
-0.00010268,7.582011055,-0.000294287
-0.00010264,7.538160115,-0.000294287
-0.0001026,7.503876653,0.000821008
-0.00010256,7.47357964,0.000980336
-0.00010252,7.43291786,2.44E-05
-0.00010248,7.377107572,0.00066168
-0.00010244,7.34521598,0.000343024
-0.0001024,7.294189431,-0.000214623
-0.00010236,7.252730361,0.00026336
-0.00010232,7.228811666,0.000980336
-0.00010228,7.173798669,-0.000692606
-0.00010224,7.137123338,-0.000134959
-0.0001022,7.106029035,-0.000373951
-0.00010216,7.070150993,0.00026336
-0.00010212,7.021516314,0.000343024
-0.00010208,6.992813881,-0.000612942
-0.00010204,6.95374668,-0.000612942
-0.000102,6.913084899,-0.000692606
-0.00010196,6.876409567,-0.000214623
-0.00010192,6.832558628,-0.000214623
-0.00010188,6.792694137,0.001059999
-0.00010184,6.756018805,-0.000692606
-0.0001018,6.708978706,-0.001090926
-0.00010176,6.663533186,-0.000453615
-0.00010172,6.620479536,-0.000294287
-0.00010168,6.588587944,0.000900672
-0.00010164,6.547128873,-0.000134959
-0.0001016,6.510453542,-0.000851934
-0.00010156,6.470589051,-0.000373951
-0.00010152,6.425940821,-0.000692606
-0.00010148,6.376508852,0.000104033
-0.00010144,6.346211839,-0.001011262
-0.0001014,6.303955479,-0.001011262
-0.00010136,6.259307249,-0.000294287
-0.00010132,6.236983134,-0.00117059
-0.00010128,6.188348456,0.00026336
-0.00010124,6.154064993,-0.00077227
-0.0001012,6.12695714,2.44E-05
-0.00010116,6.075133302,0.000343024
-0.00010112,6.04084984,-0.000692606
-0.00010108,6.004174508,-0.000134959
-0.00010104,5.976269364,-0.000612942
-0.000101,5.927634686,-0.00117059
-0.00010096,5.890959354,-0.000134959
-0.00010092,5.839932806,0.000422688
-0.00010088,5.806446633,0.000502352
-0.00010084,5.761798404,-0.000533279
-0.0001008,5.718744754,0.000104033
-0.00010076,5.674893814,0.000582016
-0.00010072,5.643799511,0.000183697
-0.00010068,5.591975673,-0.000453615
-0.00010064,5.546530153,-0.000214623
-0.0001006,5.513043981,-0.001090926
-0.00010056,5.460422853,0.000422688
-0.00010052,5.43012584,-0.00077227
-0.00010048,5.38786948,0.000502352
-0.00010044,5.353586017,0.000183697
-0.0001004,5.312924237,2.44E-05
-0.00010036,5.284221803,-0.000612942
-0.00010032,5.235587125,-0.000612942
-0.00010028,5.200506373,-0.000294287
-0.00010024,5.159844592,0.000343024
-0.0001002,5.131142159,-0.000453615
-0.00010016,5.090480378,0.000343024
-0.00010012,5.055399626,0.000821008
-0.00010008,4.99560289,-0.000533279
-0.00010004,4.959724848,-0.000453615
-0.0001,4.927833255,0.000183697
-1.00E-04,4.895144373,-0.000533279
-9.99E-05,4.841725955,-0.000931598
-9.99E-05,4.794685856,-0.000612942
-9.98E-05,4.756415945,-0.000373951
-9.98E-05,4.714956874,-0.000453615
-9.98E-05,4.675092383,0.000183697
-9.97E-05,4.627254994,0.00026336
-9.97E-05,4.589782373,-0.000373951
-9.96E-05,4.549917882,-0.000453615
-9.96E-05,4.51483713,-0.001011262
-9.96E-05,4.463810582,-0.001409582
-9.95E-05,4.420756932,-0.000134959
-9.95E-05,4.38647347,2.44E-05
-9.94E-05,4.337041501,-0.000453615
-9.94E-05,4.301960749,-0.00077227
-9.94E-05,4.274055606,-0.000692606
-9.93E-05,4.229407376,-0.000294287
-9.93E-05,4.201502232,-0.000931598
-9.92E-05,4.162435031,-0.000692606
-9.92E-05,4.119381381,-0.000453615
-9.92E-05,4.069152123,-0.001011262
-9.91E-05,4.055598196,-0.000373951
-9.91E-05,3.997396039,-0.00077227
-9.90E-05,3.94955865,0.00026336
-9.90E-05,3.920856217,-0.001409582
-9.90E-05,3.877802567,0.000821008
-9.89E-05,3.843519105,-0.000294287
-9.89E-05,3.803654614,0.000104033
-9.88E-05,3.754222645,0.00026336
-9.88E-05,3.707979836,-0.000453615
-9.88E-05,3.672101794,0.000183697
-9.87E-05,3.637818332,0.00066168
-9.87E-05,3.580413465,-0.000134959
-9.86E-05,3.550913742,-0.000612942
-9.86E-05,3.502279063,-0.000533279
-9.86E-05,3.464009152,0.000183697
-9.85E-05,3.42972569,-0.000851934
-9.85E-05,3.382685591,-0.00077227
-9.84E-05,3.33963194,-0.000851934
-9.84E-05,3.316510536,-0.000931598
-9.84E-05,3.280632494,-0.00260454
-9.83E-05,3.239173424,-0.001409582
-9.83E-05,3.193727904,0.000104033
-9.82E-05,3.157849862,-0.001250254
-9.82E-05,3.114796212,-0.001728237
-9.82E-05,3.058188635,-0.000533279
-9.81E-05,3.0374591,-0.002046893
-9.81E-05,2.976067784,-0.000533279
-9.80E-05,2.933014134,-0.00117059
-9.80E-05,2.90750086,-0.001329918
-9.80E-05,2.854879732,-0.000134959
-9.79E-05,2.823785429,-0.000373951
-9.79E-05,2.771164301,-0.000453615
-9.78E-05,2.728110651,-0.000851934
-9.78E-05,2.693029899,-0.00077227
-9.78E-05,2.653962698,-0.000294287
-9.77E-05,2.611706338,-0.000612942
-9.77E-05,2.561477079,-0.000612942
-9.76E-05,2.523207168,-0.00077227
-9.76E-05,2.483342677,-0.001887565
-9.76E-05,2.432316129,-0.001329918
-9.75E-05,2.398032667,-0.001011262
-9.75E-05,2.34142509,-0.000533279
-9.74E-05,2.29597957,-0.001329918
-9.74E-05,2.260101529,-0.001090926
-9.74E-05,2.207480401,-0.001250254
-9.73E-05,2.16602133,-0.001329918
-9.73E-05,2.117386651,-0.001011262
-9.72E-05,2.071941132,-0.000612942
-9.72E-05,2.021711873,-0.002285884
-9.72E-05,2.000185048,-0.000692606
-9.71E-05,1.94995579,-0.000214623
-9.71E-05,1.898131952,-0.002046893
-9.70E-05,1.86065933,-0.000373951
-9.70E-05,1.822389419,-0.001807901
-9.70E-05,1.777741189,-0.001011262
-9.69E-05,1.7299038,-0.002046893
-9.69E-05,1.686052861,-0.002206221
-9.68E-05,1.654161268,-0.001807901
-9.68E-05,1.615891357,-0.00260454
-9.68E-05,1.582405184,-0.001409582
-9.67E-05,1.548919012,-0.002126557
-9.67E-05,1.509054521,-0.001728237
-9.66E-05,1.476365639,-0.001568909
-9.66E-05,1.442879466,-0.00077227
-9.66E-05,1.409393294,-0.002126557
-9.65E-05,1.371123383,-0.001967229
-9.65E-05,1.345610109,-0.001807901
-9.64E-05,1.317704965,-0.002206221
-9.64E-05,1.308137487,-0.001887565
-9.64E-05,1.273854025,-0.002684204
-9.63E-05,1.250732621,-0.002046893
-9.63E-05,1.238773273,-0.00260454
-9.62E-05,1.213259999,-0.001887565
-9.62E-05,1.205287101,-0.001807901
-9.62E-05,1.182962986,-0.000931598
-9.61E-05,1.154260553,-0.002365548
-9.61E-05,1.135922887,-0.002206221
-9.60E-05,1.147882234,-0.001887565
-9.60E-05,1.140706626,-0.001728237
-9.60E-05,1.139909336,-0.001967229
-9.59E-05,1.154260553,-0.001887565
-9.59E-05,1.171800929,-0.001648573
-9.58E-05,1.198111493,-0.001489245
-9.58E-05,1.237975984,-0.002684204
-9.58E-05,1.282624213,-0.002684204
-9.57E-05,1.347204688,-0.001568909
-9.57E-05,1.399028527,-0.001329918
-9.56E-05,1.473973769,-0.002126557
-9.56E-05,1.538554244,-0.002126557
-9.56E-05,1.612702197,-0.001409582
-9.55E-05,1.684458281,-0.002206221
-9.55E-05,1.769768291,-0.002126557
-9.54E-05,1.840727085,-0.001568909
-9.54E-05,1.902915691,-0.001489245
-9.54E-05,1.946766631,-0.000931598
-9.53E-05,2.008157947,-0.001329918
-9.53E-05,2.055995336,0.00066168
-9.52E-05,2.092670667,-0.00117059
-9.52E-05,2.133332448,-0.001090926
-9.52E-05,2.175588808,-0.000692606
-9.51E-05,2.193129184,-0.001090926
-9.51E-05,2.234588254,-0.001250254
-9.50E-05,2.261696108,-0.001967229
-9.50E-05,2.290398542,-0.001648573
-9.50E-05,2.324682004,-0.000453615
-9.49E-05,2.361357335,-0.00117059
-9.49E-05,2.38527603,-0.001329918
-9.48E-05,2.436302578,-0.000692606
-9.48E-05,2.477761649,-0.000134959
-9.48E-05,2.503274923,-0.001489245
-9.47E-05,2.553504181,-0.000692606
-9.47E-05,2.593368672,-0.000931598
-9.46E-05,2.636422322,-0.000612942
-9.46E-05,2.684259711,-0.000931598
-9.46E-05,2.720137753,-0.001648573
-9.45E-05,2.748840186,-0.001489245
-9.45E-05,2.784718228,-0.001887565
-9.44E-05,2.829366458,-0.001807901
-9.44E-05,2.871622818,-0.000612942
-9.44E-05,2.90750086,-0.001011262
-9.43E-05,2.939392452,-0.001409582
-9.43E-05,2.969689465,-0.001807901
-9.42E-05,3.003972928,-0.002206221
-9.42E-05,3.0374591,-0.002126557
-9.42E-05,3.074931721,-0.001489245
-9.41E-05,3.095661257,-0.00077227
-9.41E-05,3.121174531,-0.000851934
-9.40E-05,3.16662005,-0.001329918
-9.40E-05,3.192930614,-0.000214623
-9.40E-05,3.224822207,-0.001648573
-9.39E-05,3.262294828,-0.001728237
-9.39E-05,3.302956609,0.000343024
-9.38E-05,3.332456332,-0.000134959
-9.38E-05,3.377104562,-0.000931598
-9.38E-05,3.404212416,-0.001568909
-9.37E-05,3.447266066,-0.000453615
-9.37E-05,3.487130557,-0.001409582
-9.36E-05,3.519819439,-0.001090926
-9.36E-05,3.563670379,-0.000931598
-9.36E-05,3.608318609,-0.000134959
-9.35E-05,3.64738581,-0.001489245
-9.35E-05,3.682466562,-0.000453615
-9.34E-05,3.727114791,-0.000453615
-9.34E-05,3.764587413,-0.001489245
-9.34E-05,3.808438353,-0.001090926
-9.33E-05,3.850694713,-0.001011262
-9.33E-05,3.892153783,-0.001090926
-9.32E-05,3.920856217,-0.00077227
-9.32E-05,3.971882765,-0.000533279
-9.32E-05,4.010152676,-0.000453615
-9.31E-05,4.042841559,-0.00077227
-9.31E-05,4.096259977,-0.00117059
-9.30E-05,4.129746149,-0.000373951
-9.30E-05,4.174394379,-0.000931598
-9.30E-05,4.218245318,-0.000692606
-9.29E-05,4.264488128,-0.00077227
-9.29E-05,4.302758039,-0.00077227
-9.28E-05,4.339433371,2.44E-05
-9.28E-05,4.376108702,-0.000453615
-9.28E-05,4.423148801,-0.000373951
-9.27E-05,4.460621423,0.000104033
-9.27E-05,4.494107595,-0.001090926
-9.26E-05,4.542742274,-0.001409582
-9.26E-05,4.576228446,-0.00077227
-9.26E-05,4.626457705,-0.001409582
-9.25E-05,4.659146587,-0.00077227
-9.25E-05,4.712565005,-0.000533279
-9.24E-05,4.751632206,-0.001489245
-9.24E-05,4.781929219,-0.000533279
-9.24E-05,4.827374738,-0.000612942
-9.23E-05,4.858469041,-0.00077227
-9.23E-05,4.901522691,-0.001329918
-9.22E-05,4.941387182,-0.001728237
-9.22E-05,4.986832702,-0.001489245
-9.22E-05,5.023508033,0.000104033
-9.21E-05,5.054602336,-0.000214623
-9.21E-05,5.103237015,-0.000851934
-9.20E-05,5.147087955,-0.000692606
-9.20E-05,5.185357866,-0.00077227
-9.20E-05,5.236384414,-0.000692606
-9.19E-05,5.277046195,-0.000851934
-9.19E-05,5.309735078,0.000104033
-9.18E-05,5.359167046,0.000104033
-9.18E-05,5.383085741,-0.000612942
-9.18E-05,5.43012584,0.000183697
-9.17E-05,5.463612012,0.00026336
-9.17E-05,5.499490054,-0.001090926
-9.16E-05,5.525800618,-0.000453615
-9.16E-05,5.587191934,-0.000851934
-9.16E-05,5.60313773,-0.000612942
-9.15E-05,5.64778596,0.001298991
-9.15E-05,5.698015218,0.000422688
-9.14E-05,5.73628513,-0.000692606
-9.14E-05,5.772960461,-0.00077227
-9.14E-05,5.82159514,-0.000294287
-9.13E-05,5.856675892,-0.00117059
-9.13E-05,5.904513281,-0.000214623
-9.12E-05,5.937202163,-0.000692606
-9.12E-05,5.988228712,0.000183697
-9.12E-05,6.023309464,-0.000214623
-9.11E-05,6.072741432,-0.000214623
-9.11E-05,6.112605923,0.00026336
-9.10E-05,6.151673124,0.00066168
-9.10E-05,6.196321354,0.000183697
-9.10E-05,6.220240048,0.000183697
-9.09E-05,6.267280147,-0.000214623
-9.09E-05,6.295982581,0.00066168
-9.08E-05,6.333455202,-0.000294287
-9.08E-05,6.366144085,0.000183697
-9.08E-05,6.418765213,0.000343024
-9.07E-05,6.454643254,-0.000533279
-9.07E-05,6.47298092,-0.001011262
-9.06E-05,6.530385787,-0.00077227
-9.06E-05,6.567858408,-0.000612942
-9.06E-05,6.598155421,-0.000612942
-9.05E-05,6.653965709,-0.000134959
-9.05E-05,6.696222069,-0.000612942
-9.04E-05,6.724127212,-0.000692606
-9.04E-05,6.768775442,0.000104033
-9.04E-05,6.809437223,-0.000612942
-9.03E-05,6.842126105,0.000104033
-9.03E-05,6.887571625,-0.000134959
-9.02E-05,6.933814434,-0.000134959
-9.02E-05,6.961719578,0.000183697
-9.02E-05,7.012746126,0.000502352
-9.01E-05,7.044637719,0.000422688
-9.01E-05,7.079718471,0.000183697
-9.00E-05,7.133934178,0.000422688
-9.00E-05,7.16981222,-0.000294287
-9.00E-05,7.21127129,0.001219327
-8.99E-05,7.244757463,-0.000134959
-8.99E-05,7.274257186,-0.000851934
-8.98E-05,7.314918967,0.00026336
-8.98E-05,7.340432241,-0.000931598
-8.98E-05,7.381094021,-0.000373951
-8.97E-05,7.423350382,-0.001409582
-8.97E-05,7.460025713,-0.000214623
-8.96E-05,7.509457682,0.000502352
-8.96E-05,7.540551985,-0.000214623
-8.96E-05,7.579619186,0.000183697
-8.95E-05,7.621875546,0.00026336
-8.95E-05,7.654564429,0.000343024
-8.94E-05,7.694428919,-0.000134959
-8.94E-05,7.748644627,0.000900672
-8.94E-05,7.782130799,0.000343024
-8.93E-05,7.82358987,-0.00077227
-8.93E-05,7.858670622,-0.000214623
-8.92E-05,7.885778475,0.00026336
-8.92E-05,7.932818575,0.00066168
-8.92E-05,7.970291196,0.000821008
-8.91E-05,8.005371948,0.000183697
-8.91E-05,8.028493353,0.000422688
-8.90E-05,8.08510093,0.000343024
-8.90E-05,8.110614204,0.001139663
-8.90E-05,8.157654303,0.000582016
-8.89E-05,8.194329634,0.000821008
-8.89E-05,8.239775154,-0.000373951
-8.88E-05,8.279639645,-0.000453615
-8.88E-05,8.313923107,-0.000373951
-8.88E-05,8.358571337,0.000183697
-8.87E-05,8.38886835,0.000582016
-8.87E-05,8.420759942,-0.000453615
-8.86E-05,8.453448825,0.000183697
-8.86E-05,8.493313316,0.00026336
-8.86E-05,8.530785937,2.44E-05
-8.85E-05,8.572245008,0.001139663
-8.85E-05,8.60493389,0.000183697
-8.84E-05,8.65037941,0.001219327
-8.84E-05,8.69263577,0.000821008
-8.84E-05,8.721338203,0.000582016
-8.83E-05,8.758810825,0.000821008
-8.83E-05,8.799472605,0.001617647
-8.82E-05,8.828972329,0.000582016
-8.82E-05,8.86644495,0.000502352
-8.82E-05,8.90870131,0.000343024
-8.81E-05,8.935809164,-0.000134959
-8.81E-05,8.979660104,0.000104033
-8.80E-05,9.027497493,-0.00077227
-8.80E-05,9.059389086,0.000343024
-8.80E-05,9.098456287,0.000582016
-8.79E-05,9.132739749,0.000422688
-8.79E-05,9.165428631,-0.00077227
-8.78E-05,9.192536485,0.00026336
-8.78E-05,9.235590135,0.00026336
-8.78E-05,9.277049206,0.000900672
-8.77E-05,9.304157059,0.001059999
-8.77E-05,9.358372767,0.000821008
-8.76E-05,9.379899592,0.00026336
-8.76E-05,9.421358662,0.000343024
-8.76E-05,9.458033994,0.000980336
-8.75E-05,9.501087644,0.000343024
-8.75E-05,9.532181947,0.000980336
-8.74E-05,9.571249148,0.001139663
-8.74E-05,9.617491957,0.000741344
-8.74E-05,9.643802521,0.000422688
-8.73E-05,9.677288694,0.000422688
-8.73E-05,9.713166735,0.00066168
-8.72E-05,9.744261038,0.001458319
-8.72E-05,9.788909268,0.00066168
-8.72E-05,9.826381889,0.000502352
-8.71E-05,9.840733106,0.00026336
-8.71E-05,9.887773205,0.000343024
-8.70E-05,9.918070218,0.001776975
-8.70E-05,9.948367231,0.000821008
-8.70E-05,9.977866955,-0.000294287
-8.69E-05,10.01533958,0.000980336
-8.69E-05,10.04165014,-0.000134959
-8.68E-05,10.08151463,0.000582016
-8.68E-05,10.11181164,0.000422688
-8.68E-05,10.14290595,0.000980336
-8.67E-05,10.18436502,0.000422688
-8.67E-05,10.21785119,0.000980336
-8.66E-05,10.24256717,0.001139663
-8.66E-05,10.28402624,0.000900672
-8.66E-05,10.32149887,0.002334622
-8.65E-05,10.34302569,0.001697311
-8.65E-05,10.37890373,0.00066168
-8.64E-05,10.3972414,0.001776975
-8.64E-05,10.41956551,0.000183697
-8.64E-05,10.44268692,0.001059999
-8.63E-05,10.46341645,0.001219327
-8.63E-05,10.47457851,-0.000134959
-8.62E-05,10.48972702,0.001298991
-8.62E-05,10.51045655,0.001139663
-8.62E-05,10.51045655,0.001697311
-8.61E-05,10.52082132,0.001856639
-8.61E-05,10.5303888,0.001059999
-8.60E-05,10.52879422,0.001378655
-8.60E-05,10.52560506,0.000900672
-8.60E-05,10.53676712,0.000980336
-8.59E-05,10.52161861,0.001219327
-8.59E-05,10.52959151,0.000422688
-8.58E-05,10.53437525,0.001298991
-8.58E-05,10.53517254,0.001298991
-8.58E-05,10.53756441,0.001298991
-8.57E-05,10.54952375,0.001617647
-8.57E-05,10.55430749,0.000741344
-8.56E-05,10.54155085,0.001378655
-8.56E-05,10.54872646,0.002573614
-8.56E-05,10.56467226,-0.000214623
-8.55E-05,10.54234814,0.000582016
-8.55E-05,10.56467226,0.001298991
-8.54E-05,10.58300993,0.00026336
-8.54E-05,10.57663161,2.44E-05
-8.54E-05,10.57344245,0.000821008
-8.53E-05,10.57344245,0.000900672
-8.53E-05,10.57105058,0.000502352
-8.52E-05,10.57184787,0.001139663
-8.52E-05,10.57423974,0.000422688
-8.52E-05,10.56706413,0.001298991
-8.51E-05,10.569456,0.001378655
-8.51E-05,10.56865871,0.000422688
-8.50E-05,10.54713188,0.000741344
-8.50E-05,10.54394272,0.001139663
-8.50E-05,10.56467226,0.000183697
-8.49E-05,10.54075357,0.000183697
-8.49E-05,10.53756441,0.000183697
-8.48E-05,10.53517254,0.001219327
-8.48E-05,10.53437525,0.000741344
-8.48E-05,10.52082132,0.002334622
-8.47E-05,10.53198338,0.000980336
-8.47E-05,10.51284842,0.001139663
-8.46E-05,10.50567281,0.000980336
-8.46E-05,10.50407823,0.001936302
-8.46E-05,10.49451076,0.001059999
-8.45E-05,10.48653786,0.001776975
-8.45E-05,10.4674029,0.001378655
-8.44E-05,10.44747066,0.001378655
-8.44E-05,10.42993028,0.000821008
-8.44E-05,10.41079532,0.001298991
-8.43E-05,10.38289018,0.000582016
-8.43E-05,10.33266092,0.001219327
-8.42E-05,10.28960727,0.001059999
-8.42E-05,10.24575633,0.000104033
-8.42E-05,10.18994605,0.000980336
-8.41E-05,10.15087884,0.002334622
-8.41E-05,10.08151463,0.001219327
-8.40E-05,10.02490705,0.001219327
-8.40E-05,9.969096767,0.001537983
-8.40E-05,9.895746103,0.001139663
-8.39E-05,9.843922265,0.000422688
-8.39E-05,9.798476746,0.000741344
-8.38E-05,9.753828516,2.44E-05
-8.38E-05,9.710774866,0.00066168
-8.38E-05,9.677288694,0.000821008
-8.37E-05,9.637424203,0.000502352
-8.37E-05,9.602343451,0.001219327
-8.36E-05,9.574438307,0.001059999
-8.36E-05,9.544938584,0.000104033
-8.36E-05,9.503479514,0.000502352
-8.35E-05,9.479560819,0.001139663
-8.35E-05,9.444480067,0.001219327
-8.34E-05,9.418169503,-0.000294287
-8.34E-05,9.382291461,0.00026336
-8.34E-05,9.34641342,0.001139663
-8.33E-05,9.296184161,-0.000453615
-8.33E-05,9.273860046,0.00066168
-8.32E-05,9.232400976,0.001298991
-8.32E-05,9.189347326,0.00026336
-8.32E-05,9.151077415,0.000502352
-8.31E-05,9.113604793,0.000502352
-8.31E-05,9.066564694,0.000741344
-8.30E-05,9.034673101,0.00066168
-8.30E-05,8.981254684,0.000183697
-8.30E-05,8.945376642,0.000422688
-8.29E-05,8.904714861,0.000741344
-8.29E-05,8.872823269,0.002254958
-8.28E-05,8.828972329,0.001139663
-8.28E-05,8.791499707,0.001059999
-8.28E-05,8.758013535,0.001139663
-8.27E-05,8.718946334,0.000741344
-8.27E-05,8.679081843,0.00026336
-8.26E-05,8.643203801,0.000502352
-8.26E-05,8.60573118,0.00026336
-8.26E-05,8.552312762,0.000183697
-8.25E-05,8.529191358,-0.000214623
-8.25E-05,8.484543128,0.000343024
-8.24E-05,8.450259666,2.44E-05
-8.24E-05,8.405611436,0.000104033
-8.24E-05,8.364949655,0.000343024
-8.23E-05,8.332260773,0.00066168
-8.23E-05,8.307544788,-0.000134959
-8.22E-05,8.260504689,0.000343024
-8.22E-05,8.218248329,0.000502352
-8.22E-05,8.178383838,-0.001250254
-8.21E-05,8.143303086,0.000183697
-8.21E-05,8.093871118,0.000343024
-8.20E-05,8.037263541,-0.000612942
-8.20E-05,8.013344846,0.000343024
-8.20E-05,7.959926428,-0.000134959
-8.19E-05,7.924845676,0.00026336
-8.19E-05,7.888170345,-0.001409582
-8.18E-05,7.857076042,0.000343024
-8.18E-05,7.821198,2.44E-05
-8.18E-05,7.782928089,-0.00117059
-8.17E-05,7.729509671,-0.000214623
-8.17E-05,7.698415368,2.44E-05
-8.16E-05,7.664929196,0.000183697
-8.16E-05,7.613902648,-0.001648573
-8.16E-05,7.581213765,-0.000692606
-8.15E-05,7.538160115,-0.000294287
-8.15E-05,7.499890204,-0.000453615
-8.14E-05,7.452052815,0.000502352
-8.14E-05,7.419363933,-0.000692606
-8.14E-05,7.390661499,-0.000851934
-8.13E-05,7.357175327,2.44E-05
-8.13E-05,7.311729807,2.44E-05
-8.12E-05,7.271068027,0.000502352
-8.12E-05,7.233595405,-0.000533279
-8.12E-05,7.196122784,0.000104033
-8.11E-05,7.156258293,-0.000612942
-8.11E-05,7.110812774,-0.00117059
-8.10E-05,7.074934732,-0.000692606
-8.10E-05,7.036664821,2.44E-05
-8.10E-05,6.992016591,-0.000294287
-8.09E-05,6.940990043,-0.000533279
-8.09E-05,6.90670658,-0.000453615
-8.08E-05,6.874814988,0.000183697
-8.08E-05,6.831761338,0.00066168
-8.08E-05,6.783923949,-0.000692606
-8.07E-05,6.750437776,0.000980336
-8.07E-05,6.712167865,0.000980336
-8.06E-05,6.686654591,0.000502352
-8.06E-05,6.640411782,0.00026336
-8.06E-05,6.596560842,0.000104033
-8.05E-05,6.55988551,-0.000612942
-8.05E-05,6.522412889,-0.000612942
-8.04E-05,6.477764659,-0.000373951
-8.04E-05,6.43231914,0.000183697
-8.04E-05,6.409197735,0.00026336
-8.03E-05,6.372522403,-0.000692606
-8.03E-05,6.324685014,-0.000453615
-8.02E-05,6.269672017,-0.000294287
-8.02E-05,6.240969584,0.000422688
-8.02E-05,6.205091542,-0.00117059
-8.01E-05,6.156456863,-0.000931598
-8.01E-05,6.122970691,0.000183697
-8.00E-05,6.08390349,-0.000373951
-8.00E-05,6.04084984,-0.000931598
-8.00E-05,6.002579928,-0.000453615
-7.99E-05,5.959526278,-0.000453615
-7.99E-05,5.916472628,-0.000373951
-7.98E-05,5.867040659,0.000582016
-7.98E-05,5.835946357,-0.000453615
-7.98E-05,5.797676445,-0.000692606
-7.97E-05,5.753825505,-0.000692606
-7.97E-05,5.709177276,-0.001011262
-7.96E-05,5.674893814,-0.000931598
-7.96E-05,5.638218482,0.000502352
-7.96E-05,5.611110628,0.000183697
-7.95E-05,5.56008408,0.00026336
-7.95E-05,5.526597908,0.000183697
-7.94E-05,5.493111735,-0.00077227
-7.94E-05,5.453247245,-0.000214623
-7.94E-05,5.406207145,-0.000214623
-7.93E-05,5.378302002,-0.000692606
-7.93E-05,5.323289004,-0.000373951
-7.92E-05,5.289005542,-0.000453615
-7.92E-05,5.229208806,-0.000533279
-7.92E-05,5.200506373,-0.00077227
-7.91E-05,5.159844592,-0.000851934
-7.91E-05,5.119980101,-0.000692606
-7.90E-05,5.077723741,-0.001489245
-7.90E-05,5.029886352,-0.001090926
-7.90E-05,4.997197469,-0.001250254
-7.89E-05,4.954941109,-0.000294287
-7.89E-05,4.919063067,-0.000453615
-7.88E-05,4.886374185,0.000104033
-7.88E-05,4.834550347,-0.001728237
-7.88E-05,4.790699407,-0.001887565
-7.87E-05,4.761199684,-0.001250254
-7.87E-05,4.73409183,-0.001409582
-7.86E-05,4.68864631,-0.000533279
-7.86E-05,4.640808921,-0.001011262
-7.86E-05,4.60493088,-0.00077227
-7.85E-05,4.569052838,-0.002126557
-7.85E-05,4.520418159,-0.000931598
-7.84E-05,4.486134697,-0.000453615
-7.84E-05,4.432716279,-0.000294287
-7.84E-05,4.407203005,0.000183697
-7.83E-05,4.367338514,-0.001329918
-7.83E-05,4.316311966,-0.001648573
-7.82E-05,4.282825794,0.000343024
-7.82E-05,4.227812796,-0.000373951
-7.82E-05,4.191137465,-0.001568909
-7.81E-05,4.148881104,-0.000851934
-7.81E-05,4.121773251,-0.001568909
-7.80E-05,4.070746702,-0.000931598
-7.80E-05,4.031679501,-0.000214623
-7.80E-05,3.99420688,-0.000373951
-7.79E-05,3.954342389,-0.000373951
-7.79E-05,3.911288739,-0.001329918
-7.78E-05,3.875410697,-0.000612942
-7.78E-05,3.836343496,-0.001489245
-7.78E-05,3.796479005,-0.001250254
-7.77E-05,3.751033486,-0.000851934
-7.77E-05,3.720736473,-0.001489245
-7.76E-05,3.668115345,-0.001489245
-7.76E-05,3.638615622,-0.000931598
-7.76E-05,3.585994494,-0.000453615
-7.75E-05,3.546927293,-0.001489245
-7.75E-05,3.510251961,-0.001011262
-7.74E-05,3.464806442,-0.000931598
-7.74E-05,3.42813111,0.000900672
-7.74E-05,3.394644938,-0.001409582
-7.73E-05,3.346010259,0.000104033
-7.73E-05,3.313321376,-0.000533279
-7.72E-05,3.279037914,-0.000214623
-7.72E-05,3.246349032,-0.001568909
-7.72E-05,3.196119773,-0.000214623
-7.71E-05,3.147485095,-0.001250254
-7.71E-05,3.114796212,2.44E-05
-7.70E-05,3.072539852,-0.000294287
-7.70E-05,3.03905368,-0.001329918
-7.70E-05,2.99360816,-0.000612942
-7.69E-05,2.94975722,-0.001250254
-7.69E-05,2.909095439,-0.001329918
-7.68E-05,2.868433659,-0.000851934
-7.68E-05,2.81979898,-0.001090926
-7.68E-05,2.781529069,-0.000453615
-7.67E-05,2.742461868,-0.001011262
-7.67E-05,2.692232609,-0.002126557
-7.66E-05,2.659543727,-0.001648573
-7.66E-05,2.618881946,-0.00077227
-7.66E-05,2.568652688,-0.001489245
-7.65E-05,2.527193617,-0.001887565
-7.65E-05,2.484139967,-0.002206221
-7.64E-05,2.437099868,-0.001409582
-7.64E-05,2.397235377,-0.001011262
-7.64E-05,2.344614249,-0.001090926
-7.63E-05,2.291195831,-0.000931598
-7.63E-05,2.25531779,-0.001489245
-7.62E-05,2.221831617,-0.001887565
-7.62E-05,2.174791518,-0.001090926
-7.62E-05,2.118981231,-0.000612942
-7.61E-05,2.094265247,-0.001011262
-7.61E-05,2.050414307,-0.000931598
-7.60E-05,2.000982338,-0.000692606
-7.60E-05,1.952347659,-0.001409582
-7.60E-05,1.916469618,-0.001728237
-7.59E-05,1.875010547,-0.001648573
-7.59E-05,1.844713534,-0.001807901
-7.58E-05,1.792889696,-0.001648573
-7.58E-05,1.749038756,-0.001489245
-7.58E-05,1.709174265,-0.003241851
-7.57E-05,1.667715195,-0.002365548
-7.57E-05,1.628647994,-0.002763868
-7.56E-05,1.597553691,-0.002206221
-7.56E-05,1.549716302,-0.001329918
-7.56E-05,1.509054521,-0.002365548
-7.55E-05,1.4715819,-0.003162187
-7.55E-05,1.435703858,-0.002126557
-7.54E-05,1.404609555,-0.002445212
-7.54E-05,1.379893571,-0.001409582
-7.54E-05,1.34162366,-0.002445212
-7.53E-05,1.324880574,-0.002285884
-7.53E-05,1.29857001,-0.001011262
-7.52E-05,1.276245895,-0.001807901
-7.52E-05,1.258705519,-0.001967229
-7.52E-05,1.241962433,-0.00077227
-7.51E-05,1.216449158,-0.002524876
-7.51E-05,1.198908783,-0.002684204
-7.50E-05,1.187746725,-0.001887565
-7.50E-05,1.186152145,-0.000612942
-7.50E-05,1.160638871,-0.001011262
-7.49E-05,1.145490365,-0.001489245
-7.49E-05,1.147882234,-0.001728237
-7.48E-05,1.143098495,-0.002285884
-7.48E-05,1.159044292,-0.002206221
-7.48E-05,1.182962986,-0.002923196
-7.47E-05,1.200503362,-0.002445212
-7.47E-05,1.228408506,-0.001568909
-7.46E-05,1.277043185,-0.000931598
-7.46E-05,1.328069733,-0.002046893
-7.46E-05,1.38388002,-0.001329918
-7.45E-05,1.458825263,-0.001568909
-7.45E-05,1.525000318,-0.000851934
-7.44E-05,1.60154014,-0.001090926
-7.44E-05,1.677282673,-0.002843532
-7.44E-05,1.747444176,-0.001568909
-7.43E-05,1.813619231,-0.00117059
-7.43E-05,1.884578025,-0.001489245
-7.42E-05,1.943577471,-0.001887565
-7.42E-05,1.99300944,-0.000294287
-7.42E-05,2.055198046,-0.000692606
-7.41E-05,2.097454406,2.44E-05
-7.41E-05,2.138913476,0.000502352
-7.40E-05,2.179575257,0.000502352
-7.40E-05,2.201102082,0.00026336
-7.40E-05,2.232196385,-0.000533279
-7.39E-05,2.265682557,-0.000373951
-7.39E-05,2.285614803,-0.001090926
-7.38E-05,2.319100975,-0.001011262
-7.38E-05,2.362154625,-0.001250254
-7.38E-05,2.390857059,-0.001250254
-7.37E-05,2.417167622,-0.001807901
-7.37E-05,2.457829403,-0.00117059
-7.36E-05,2.512045111,-0.000931598
-7.36E-05,2.539950254,-0.001011262
-7.36E-05,2.591774092,-0.000533279
-7.35E-05,2.638016902,-0.001648573
-7.35E-05,2.680273262,0.000183697
-7.34E-05,2.714556724,-0.000533279
-7.34E-05,2.765583272,-0.001568909
-7.34E-05,2.784718228,-0.001489245
-7.33E-05,2.830163748,-0.001648573
-7.33E-05,2.865244499,-0.001489245
-7.32E-05,2.889960484,-0.001409582
-7.32E-05,2.925838526,-0.000851934
-7.32E-05,2.960919277,-0.001011262
-7.31E-05,2.986432552,-0.001250254
-7.31E-05,3.024702463,-0.001568909
-7.30E-05,3.055796766,-0.001568909
-7.30E-05,3.095661257,-0.001329918
-7.30E-05,3.135525747,0.000343024
-7.29E-05,3.161836311,-0.001011262
-7.29E-05,3.191336035,-0.00117059
-7.28E-05,3.224024917,-0.001090926
-7.28E-05,3.268673147,-0.001807901
-7.28E-05,3.29737558,-0.001409582
-7.27E-05,3.329267173,-0.00077227
-7.27E-05,3.373118113,-0.000533279
-7.26E-05,3.404212416,-0.001409582
-7.26E-05,3.42813111,-0.00077227
-7.26E-05,3.47198205,-0.001329918
-7.25E-05,3.51742757,-0.002524876
-7.25E-05,3.544535423,-0.000294287
-7.24E-05,3.590778233,-0.002126557
-7.24E-05,3.629845434,-0.001090926
-7.24E-05,3.676885533,-0.000931598
-7.23E-05,3.710371705,-0.000612942
-7.23E-05,3.750236196,-0.001011262
-7.22E-05,3.790897977,-0.000612942
-7.22E-05,3.841127235,-0.000931598
-7.22E-05,3.885775465,-0.000294287
-7.21E-05,3.927234535,-0.001329918
-7.21E-05,3.965504447,-0.00077227
-7.20E-05,4.014936415,-0.001250254
-7.20E-05,4.050017167,-0.000453615
-7.20E-05,4.085895209,-0.00117059
-7.19E-05,4.128151569,-0.000612942
-7.19E-05,4.171205219,-0.00077227
-7.18E-05,4.217448029,-0.001329918
-7.18E-05,4.261298969,-0.001568909
-7.18E-05,4.29956888,-0.000851934
-7.17E-05,4.333852342,-0.001409582
-7.17E-05,4.380095151,-0.00117059
-7.16E-05,4.425540671,0.000183697
-7.16E-05,4.454243104,-0.000851934
-7.16E-05,4.503675073,-0.000294287
-7.15E-05,4.533174796,-0.000931598
-7.15E-05,4.576228446,-0.000533279
-7.14E-05,4.611309198,-0.001090926
-7.14E-05,4.643998081,-0.000533279
-7.14E-05,4.69103818,0.000183697
-7.13E-05,4.741267438,0.000104033
-7.13E-05,4.780334639,-0.000533279
-7.12E-05,4.809037073,0.000343024
-7.12E-05,4.856874462,-0.00077227
-7.12E-05,4.895941663,-0.000373951
-7.11E-05,4.946170921,-0.00077227
-7.11E-05,4.990819151,0.000104033
-7.10E-05,5.019521584,-0.000453615
-7.10E-05,5.063372524,-0.000134959
-7.10E-05,5.107223464,-0.000294287
-7.09E-05,5.147885245,-0.001011262
-7.09E-05,5.186155156,-0.000214623
-7.08E-05,5.229208806,0.000582016
-7.08E-05,5.268276007,-0.000373951
-7.08E-05,5.304154049,-0.000294287
-7.07E-05,5.333653772,0.000422688
-7.07E-05,5.379099292,-0.00077227
-7.06E-05,5.418963782,0.000821008
-7.06E-05,5.462017433,0.00026336
-7.06E-05,5.504273793,0.000343024
-7.05E-05,5.536962675,-0.000134959
-7.05E-05,5.578421746,0.000502352
-7.04E-05,5.614299788,0.00026336
-7.04E-05,5.643799511,-0.000214623
-7.04E-05,5.686853161,0.000502352
-7.03E-05,5.738676999,-0.000931598
-7.03E-05,5.771365881,2.44E-05
-7.02E-05,5.814419532,0.000980336
-7.02E-05,5.857473182,-0.000214623
-7.02E-05,5.886175615,0.000422688
-7.01E-05,5.937999453,-0.000373951
-7.01E-05,5.982647683,-0.000134959
-7.00E-05,6.011350116,0.000183697
-7.00E-05,6.049620027,0.000502352
-7.00E-05,6.097457416,-0.000533279
-6.99E-05,6.12695714,0.000343024
-6.99E-05,6.163632471,-0.000612942
-6.98E-05,6.209875281,-0.00077227
-6.98E-05,6.236185845,0.000343024
-6.98E-05,6.284820523,-0.001011262
-6.97E-05,6.320698565,-0.001568909
-6.97E-05,6.358171187,-0.001807901
-6.96E-05,6.402022126,0.000343024
-6.96E-05,6.445873066,-0.000294287
-6.96E-05,6.479359239,0.00026336
-6.95E-05,6.531980367,0.000582016
-6.95E-05,6.564669249,0.000821008
-6.94E-05,6.60293916,-0.000134959
-6.94E-05,6.642006361,0.00026336
-6.94E-05,6.682668142,-0.000533279
-6.93E-05,6.715357024,-0.000533279
-6.93E-05,6.756816095,-0.000851934
-6.92E-05,6.809437223,-0.001250254
-6.92E-05,6.836545077,-0.000692606
-6.92E-05,6.873220408,0.000183697
-6.91E-05,6.914679479,0.00026336
-6.91E-05,6.964111447,0.000582016
-6.90E-05,6.999192199,-0.000214623
-6.90E-05,7.04144856,-0.000851934
-6.90E-05,7.085299499,-0.000373951
-6.89E-05,7.109218194,0.000343024
-6.89E-05,7.166623061,0.000183697
-6.88E-05,7.191339045,0.000741344
-6.88E-05,7.240771014,0.000980336
-6.88E-05,7.275851766,0.000343024
-6.87E-05,7.305351489,-0.00077227
-6.87E-05,7.3436214,-0.000294287
-6.86E-05,7.389864209,-0.000692606
-6.86E-05,7.427336831,-0.000931598
-6.86E-05,7.452052815,0.000900672
-6.85E-05,7.502282074,0.000104033
-6.85E-05,7.540551985,-0.000134959
-6.84E-05,7.569254418,-0.000373951
-6.84E-05,7.613902648,0.000343024
-6.84E-05,7.655361718,0.000104033
-6.83E-05,7.682469572,2.44E-05
-6.83E-05,7.73588799,-0.000134959
-6.82E-05,7.774157901,0.000104033
-6.82E-05,7.800468465,0.000502352
-6.82E-05,7.847508564,0.000582016
-6.81E-05,7.892156794,0.000821008
-6.81E-05,7.928034836,-0.000533279
-6.80E-05,7.963912877,2.44E-05
-6.80E-05,8.014142136,0.000502352
-6.80E-05,8.03885812,0.000183697
-6.79E-05,8.08510093,0.000502352
-6.79E-05,8.120181682,0.001059999
-6.78E-05,8.152870564,0.000183697
-6.78E-05,8.188748606,-0.000134959
-6.78E-05,8.231802256,0.000582016
-6.77E-05,8.263693849,2.44E-05
-6.77E-05,8.2987746,-0.000294287
-6.76E-05,8.350598439,-0.000134959
-6.76E-05,8.379300872,0.000900672
-6.76E-05,8.408003305,0.000502352
-6.75E-05,8.453448825,0.001059999
-6.75E-05,8.487732287,0.000582016
-6.74E-05,8.532380517,0.000343024
-6.74E-05,8.56188024,0.000582016
-6.74E-05,8.60333931,0.001139663
-6.73E-05,8.632839034,0.001059999
-6.73E-05,8.680676423,0.000582016
-6.72E-05,8.717351754,0.000821008
-6.72E-05,8.746851477,0.000343024
-6.72E-05,8.789905128,0.001139663
-6.71E-05,8.82179672,0.000502352
-6.71E-05,8.86564766,0.000582016
-6.70E-05,8.907106731,0.000900672
-6.70E-05,8.946971221,0.001059999
-6.70E-05,8.977268235,-0.000134959
-6.69E-05,9.017930015,0.000343024
-6.69E-05,9.061780955,2.44E-05
-6.68E-05,9.088888809,0.00026336
-6.68E-05,9.120780402,-0.000214623
-6.68E-05,9.162239472,0.000900672
-6.67E-05,9.196522934,0.000900672
-6.67E-05,9.233995556,0.000900672
-6.66E-05,9.279441075,0.001139663
-6.66E-05,9.30256248,0.000900672
-6.66E-05,9.336845942,0.00026336
-6.65E-05,9.380696882,0.00066168
-6.65E-05,9.409399315,0.001139663
-6.64E-05,9.455642125,-0.000373951
-6.64E-05,9.484344558,0.001458319
-6.64E-05,9.525006339,0.001219327
-6.63E-05,9.552911482,0.000343024
-6.63E-05,9.593573263,0.001697311
-6.62E-05,9.623870276,0.000183697
-6.62E-05,9.665329346,0.000980336
-6.62E-05,9.706788417,0.000741344
-6.61E-05,9.743463748,0.000422688
-6.61E-05,9.775355341,0.001219327
-6.60E-05,9.816814412,0.000104033
-6.60E-05,9.840733106,0.000741344
-6.60E-05,9.882989466,0.000422688
-6.59E-05,9.91009732,0.001776975
-6.59E-05,9.946772652,0.000343024
-6.58E-05,9.976272375,0.000422688
-6.58E-05,10.00896126,0.001537983
-6.58E-05,10.04324472,0.001059999
-6.57E-05,10.07274444,0.000980336
-6.57E-05,10.10463604,0.001139663
-6.56E-05,10.14290595,0.001139663
-6.56E-05,10.17240567,0.000741344
-6.56E-05,10.22263493,0.000821008
-6.55E-05,10.2481482,0.001298991
-6.55E-05,10.26648587,0.000422688
-6.54E-05,10.28322895,0.001059999
-6.54E-05,10.32548531,0.000582016
-6.54E-05,10.35578233,0.000582016
-6.53E-05,10.38847121,0.000900672
-6.53E-05,10.41876822,0.001936302
-6.52E-05,10.44029505,0.001697311
-6.52E-05,10.45305169,0.001697311
-6.52E-05,10.48175412,0.001537983
-6.51E-05,10.50248365,0.001139663
-6.51E-05,10.514443,0.000502352
-6.50E-05,10.52560506,0.001298991
-6.50E-05,10.52640235,0.00249395
-6.50E-05,10.53198338,0.001059999
-6.49E-05,10.53596983,0.001139663
-6.49E-05,10.53357796,0.001617647
-6.48E-05,10.54474001,0.001458319
-6.48E-05,10.54394272,0.00209563
-6.48E-05,10.54155085,0.000900672
-6.47E-05,10.54075357,0.001298991
-6.47E-05,10.54075357,0.001856639
-6.46E-05,10.53995628,0.002175294
-6.46E-05,10.53517254,0.001856639
-6.46E-05,10.53437525,0.000980336
-6.45E-05,10.55191562,0.000502352
-6.45E-05,10.55669936,0.001219327
-6.44E-05,10.55749665,0.001139663
-6.44E-05,10.55430749,0.001617647
-6.44E-05,10.57025329,0.000980336
-6.43E-05,10.57583432,0.000582016
-6.43E-05,10.57902348,-0.000692606
-6.42E-05,10.57264516,0.001298991
-6.42E-05,10.59178011,0.001059999
-6.42E-05,10.59018553,0.000343024
-6.41E-05,10.57184787,0.00209563
-6.41E-05,10.58300993,0.001139663
-6.40E-05,10.57184787,0.00066168
-6.40E-05,10.56546955,0.000502352
-6.40E-05,10.56068581,0.001059999
-6.39E-05,10.56068581,0.00026336
-6.39E-05,10.54155085,0.000980336
-6.38E-05,10.54713188,0.001219327
-6.38E-05,10.54713188,0.000821008
-6.38E-05,10.53915899,0.001697311
-6.37E-05,10.5303888,0.001378655
-6.37E-05,10.52480777,0.001059999
-6.36E-05,10.5224159,0.00066168
-6.36E-05,10.51284842,0.001617647
-6.36E-05,10.50806468,0.001697311
-6.35E-05,10.51125384,0.00066168
-6.35E-05,10.51683487,0.000900672
-6.34E-05,10.51205113,2.44E-05
-6.34E-05,10.48095683,0.001856639
-6.34E-05,10.47697038,0.000343024
-6.33E-05,10.47776767,0.000980336
-6.33E-05,10.43311944,0.000104033
-6.32E-05,10.41876822,0.000422688
-6.32E-05,10.3812956,0.001219327
-6.32E-05,10.34701214,0.001378655
-6.31E-05,10.30475578,0.001617647
-6.31E-05,10.25691839,0.001059999
-6.30E-05,10.19154063,0.00026336
-6.30E-05,10.15087884,0.000183697
-6.30E-05,10.0839065,0.000422688
-6.29E-05,10.03048808,0.000183697
-6.29E-05,9.960326579,0.000980336
-6.28E-05,9.902921712,0.000900672
-6.28E-05,9.857476192,0.000821008
-6.28E-05,9.812030673,0.001537983
-6.27E-05,9.756220385,0.000980336
-6.27E-05,9.713166735,0.000741344
-6.26E-05,9.661342897,0.000741344
-6.26E-05,9.638221493,0.000582016
-6.26E-05,9.614302798,0.000183697
-6.25E-05,9.576032887,0.000741344
-6.25E-05,9.551316903,0.000502352
-6.24E-05,9.524209049,0.000183697
-6.24E-05,9.491520166,0.001219327
-6.24E-05,9.466006892,0.001298991
-6.23E-05,9.442088198,0.001378655
-6.23E-05,9.399034548,0.00026336
-6.22E-05,9.365548375,0.000343024
-6.22E-05,9.324089305,0.00026336
-6.22E-05,9.262697989,2.44E-05
-6.21E-05,9.231603686,-0.000214623
-6.21E-05,9.190941905,0.000183697
-6.20E-05,9.151874704,0.000502352
-6.20E-05,9.113604793,0.000422688
-6.20E-05,9.066564694,0.000821008
-6.19E-05,9.018727305,0.000422688
-6.19E-05,8.989227582,0.000582016
-6.18E-05,8.939795613,0.000741344
-6.18E-05,8.898336543,0.000900672
-6.18E-05,8.854485603,0.001378655
-6.17E-05,8.834553357,0.000821008
-6.17E-05,8.784324099,0.000582016
-6.16E-05,8.757216245,0.00066168
-6.16E-05,8.728513812,0.000741344
-6.16E-05,8.689446611,0.000183697
-6.15E-05,8.643203801,0.001139663
-6.15E-05,8.612109498,0.000980336
-6.14E-05,8.564272109,0.00026336
-6.14E-05,8.529191358,0.000980336
-6.14E-05,8.499691634,-0.000453615
-6.13E-05,8.466205462,0.000343024
-6.13E-05,8.421557232,0.000343024
-6.12E-05,8.384881901,-0.000214623
-6.12E-05,8.337044512,-0.000134959
-6.12E-05,8.291598992,2.44E-05
-6.11E-05,8.246950762,-0.000533279
-6.11E-05,8.227018517,-0.000214623
-6.10E-05,8.178383838,0.00026336
-6.10E-05,8.147289535,-0.000851934
-6.10E-05,8.093871118,-0.000453615
-6.09E-05,8.051614757,-0.000851934
-6.09E-05,8.014939426,0.000422688
-6.08E-05,7.979061384,0.000502352
-6.08E-05,7.939196893,0.000343024
-6.08E-05,7.901724272,0.000741344
-6.07E-05,7.86504894,-0.000692606
-6.07E-05,7.815616972,-0.000214623
-6.06E-05,7.797279306,0.00026336
-6.06E-05,7.753428366,-0.000692606
-6.06E-05,7.710374716,-0.000134959
-6.05E-05,7.681672282,-0.000214623
-6.05E-05,7.645794241,0.000502352
-6.04E-05,7.593173113,-0.000533279
-6.04E-05,7.550916752,0.000422688
-6.04E-05,7.530187217,0.000900672
-6.03E-05,7.471187771,-0.000931598
-6.03E-05,7.433715149,2.44E-05
-6.02E-05,7.38747234,-0.000214623
-6.02E-05,7.3436214,0.000104033
-6.02E-05,7.308540648,-0.000214623
-6.01E-05,7.268676157,-0.000294287
-6.01E-05,7.239973724,0.000741344
-6.00E-05,7.199311943,0.000900672
-6.00E-05,7.173001379,-0.000373951
-6.00E-05,7.121177541,0.00026336
-5.99E-05,7.075732022,0.000980336
-5.99E-05,7.050218747,-0.000214623
-5.98E-05,7.006367808,0.000422688
-5.98E-05,6.960124998,-0.000214623
-5.98E-05,6.925044246,0.00026336
-5.97E-05,6.885179755,0.00026336
-5.97E-05,6.834153207,0.00026336
-5.96E-05,6.809437223,-0.000373951
-5.96E-05,6.767180863,0.000422688
-5.96E-05,6.724924502,-0.000373951
-5.95E-05,6.685060011,-0.000453615
-5.95E-05,6.658749447,0.00066168
-5.94E-05,6.614898508,-0.000134959
-5.94E-05,6.568655698,-0.000134959
-5.94E-05,6.534372236,0.00066168
-5.93E-05,6.490521296,0.000980336
-5.93E-05,6.452251385,0.000422688
-5.92E-05,6.419562502,0.000183697
-5.92E-05,6.368535954,0.000183697
-5.92E-05,6.329468753,-0.000373951
-5.91E-05,6.285617813,0.000104033
-5.91E-05,6.244158743,-0.000692606
-5.90E-05,6.197915933,2.44E-05
-5.90E-05,6.17001079,-0.000533279
-5.90E-05,6.121376111,-0.000134959
-5.89E-05,6.08390349,-0.000373951
-5.89E-05,6.04005255,-0.00077227
-5.88E-05,6.008958247,2.44E-05
-5.88E-05,5.965107307,-0.001568909
-5.88E-05,5.926837396,-0.000214623
-5.87E-05,5.894945803,-0.000294287
-5.87E-05,5.851094863,0.00026336
-5.86E-05,5.805649344,-0.000692606
-5.86E-05,5.774555041,0.00026336
-5.86E-05,5.73469055,0.00066168
-5.85E-05,5.702001667,0.00066168
-5.85E-05,5.64858325,-0.000373951
-5.84E-05,5.619083526,0.000422688
-5.84E-05,5.580813615,-0.000533279
-5.84E-05,5.544138284,-0.000453615
-5.83E-05,5.485138837,-0.000453615
-5.83E-05,5.450855375,0.000502352
-5.82E-05,5.42932855,0.00026336
-5.82E-05,5.378302002,-0.000692606
-5.82E-05,5.346410409,0.000343024
-5.81E-05,5.29857302,-0.000533279
-5.81E-05,5.25551937,2.44E-05
-5.80E-05,5.21166843,-0.001329918
-5.80E-05,5.164628331,-0.000692606
-5.80E-05,5.132736738,-0.001728237
-5.79E-05,5.089683088,-0.00077227
-5.79E-05,5.042642989,-0.001568909
-5.78E-05,4.992413731,-0.001648573
-5.78E-05,4.961319428,-0.000214623
-5.78E-05,4.915873908,-0.00077227
-5.77E-05,4.887171475,-0.000214623
-5.77E-05,4.847306984,-0.00077227
-5.76E-05,4.815415391,-0.00077227
-5.76E-05,4.764388843,-0.000214623
-5.76E-05,4.742862018,-0.001250254
-5.75E-05,4.697416498,-0.001568909
-5.75E-05,4.652768269,-0.000931598
-5.74E-05,4.612106488,-0.000931598
-5.74E-05,4.576228446,-0.000453615
-5.74E-05,4.532377506,-0.001728237
-5.73E-05,4.493310305,-0.00077227
-5.73E-05,4.449459365,-0.000612942
-5.72E-05,4.399230107,-0.001329918
-5.72E-05,4.368135804,-0.000533279
-5.72E-05,4.332257762,-0.000612942
-5.71E-05,4.293190561,0.000104033
-5.71E-05,4.250934201,-0.002126557
-5.70E-05,4.199907653,-0.000612942
-5.70E-05,4.16961064,-0.000453615
-5.70E-05,4.12655699,-0.001489245
-5.69E-05,4.085895209,-0.001728237
-5.69E-05,4.041246979,-0.00117059
-5.68E-05,4.000585199,-0.001887565
-5.68E-05,3.966301736,-0.000851934
-5.68E-05,3.916869768,-0.00117059
-5.67E-05,3.878599857,-0.001409582
-5.67E-05,3.847505554,-0.00117059
-5.66E-05,3.802060034,-0.001409582
-5.66E-05,3.752628066,-0.001011262
-5.66E-05,3.715155444,-0.000533279
-5.65E-05,3.680074692,-0.001329918
-5.65E-05,3.649777679,-0.000692606
-5.64E-05,3.597953841,-0.001090926
-5.64E-05,3.562075799,-0.00117059
-5.64E-05,3.5150357,-0.000294287
-5.63E-05,3.487927846,-0.001329918
-5.63E-05,3.447266066,-0.000931598
-5.62E-05,3.399428677,-0.001011262
-5.62E-05,3.367537084,-0.000851934
-5.62E-05,3.334050912,-0.00077227
-5.61E-05,3.269470437,-0.000214623
-5.61E-05,3.249538191,-0.000692606
-5.60E-05,3.196119773,-0.001648573
-5.60E-05,3.155457993,-0.001011262
-5.60E-05,3.106026024,-0.001329918
-5.59E-05,3.088485648,-0.000851934
-5.59E-05,3.031878071,-0.001250254
-5.58E-05,2.99440545,-0.001489245
-5.58E-05,2.9513518,-0.001568909
-5.58E-05,2.921852076,-0.00117059
-5.57E-05,2.876406557,-0.001329918
-5.57E-05,2.832555617,-0.002046893
-5.56E-05,2.790299257,-0.001011262
-5.56E-05,2.757610374,-0.000294287
-5.56E-05,2.708178406,-0.002206221
-5.55E-05,2.667516625,-0.002684204
-5.55E-05,2.624462975,-0.001090926
-5.54E-05,2.580612035,-0.001409582
-5.54E-05,2.528788197,-0.002046893
-5.54E-05,2.491315575,-0.001090926
-5.53E-05,2.455437534,-0.001648573
-5.53E-05,2.408397434,-0.002206221
-5.52E-05,2.350992568,-0.000612942
-5.52E-05,2.318303685,-0.00077227
-5.52E-05,2.272060876,-0.001250254
-5.51E-05,2.240169283,0.000502352
-5.51E-05,2.182764416,-0.002126557
-5.50E-05,2.141305346,-0.001090926
-5.50E-05,2.089481508,-0.001329918
-5.50E-05,2.062373654,-0.001409582
-5.49E-05,2.010549816,-0.000931598
-5.49E-05,1.973077195,-0.001090926
-5.48E-05,1.925239806,-0.001648573
-5.48E-05,1.886172605,-0.00300286
-5.48E-05,1.837537926,-0.002524876
-5.47E-05,1.810430072,-0.001887565
-5.47E-05,1.766579132,-0.001807901
-5.46E-05,1.725917351,-0.002126557
-5.46E-05,1.679674542,-0.001489245
-5.46E-05,1.653363978,-0.002126557
-5.45E-05,1.612702197,-0.002206221
-5.45E-05,1.555297331,-0.002046893
-5.44E-05,1.520216579,-0.001489245
-5.44E-05,1.481149378,-0.001409582
-5.44E-05,1.452446944,-0.001090926
-5.43E-05,1.422947221,-0.001807901
-5.43E-05,1.379096281,-0.001967229
-5.42E-05,1.367934224,-0.001090926
-5.42E-05,1.332853472,-0.002126557
-5.42E-05,1.292191691,-0.001250254
-5.41E-05,1.272259446,-0.001807901
-5.41E-05,1.25551636,-0.001728237
-5.40E-05,1.233989534,-0.001489245
-5.40E-05,1.219638318,-0.002046893
-5.40E-05,1.199706072,-0.001090926
-5.39E-05,1.174990088,-0.001568909
-5.39E-05,1.162233451,-0.001648573
-5.38E-05,1.156652422,-0.002445212
-5.38E-05,1.139112046,-0.001409582
-5.38E-05,1.132733728,-0.002046893
-5.37E-05,1.146287655,-0.001648573
-5.37E-05,1.152665973,-0.001807901
-5.36E-05,1.16462532,-0.000851934
-5.36E-05,1.202097942,-0.002365548
-5.36E-05,1.236381404,-0.002923196
-5.35E-05,1.272259446,-0.002206221
-5.35E-05,1.320894124,-0.001807901
-5.34E-05,1.38308273,-0.001807901
-5.34E-05,1.443676756,-0.001329918
-5.34E-05,1.521811158,-0.001489245
-5.33E-05,1.587188923,-0.002923196
-5.33E-05,1.654958558,-0.00300286
-5.32E-05,1.727511931,-0.001807901
-5.32E-05,1.784119508,-0.002524876
-5.32E-05,1.852686432,-0.002524876
-5.31E-05,1.923645226,-0.001728237
-5.31E-05,1.977860933,-0.001250254
-5.30E-05,2.024103743,-0.00117059
-5.30E-05,2.08071132,-0.001250254
-5.30E-05,2.116589362,-0.001090926
-5.29E-05,2.150075534,-0.001568909
-5.29E-05,2.187548155,-0.000294287
-5.28E-05,2.222628907,-0.001568909
-5.28E-05,2.248142181,-0.001090926
-5.28E-05,2.284020223,-0.000692606
-5.27E-05,2.319100975,-0.001329918
-5.27E-05,2.34142509,-0.000692606
-5.26E-05,2.375708552,-0.000851934
-5.26E-05,2.42992426,-0.001409582
-5.26E-05,2.458626693,-0.001887565
-5.25E-05,2.496896604,-0.001250254
-5.25E-05,2.536761095,-0.000692606
-5.24E-05,2.572639137,-0.001807901
-5.24E-05,2.614098207,-0.001887565
-5.24E-05,2.667516625,-0.002126557
-5.23E-05,2.698610928,-0.001807901
-5.23E-05,2.73448897,-0.001568909
-5.22E-05,2.77515075,-0.001011262
-5.22E-05,2.81740711,-0.000692606
-5.22E-05,2.852487862,-0.002126557
-5.21E-05,2.881987586,-0.001250254
-5.21E-05,2.920257497,-0.000931598
-5.20E-05,2.956932828,-0.001329918
-5.20E-05,2.99201358,-0.000533279
-5.20E-05,3.039850969,-0.001011262
-5.19E-05,3.055796766,-0.000214623
-5.19E-05,3.093269387,0.00026336
-5.18E-05,3.126755559,-0.000692606
-5.18E-05,3.157052572,0.000104033
-5.18E-05,3.196917063,0.000183697
-5.17E-05,3.224024917,-0.000692606
-5.17E-05,3.249538191,-0.000612942
-5.16E-05,3.289402682,-0.000373951
-5.16E-05,3.333253622,-0.001728237
-5.16E-05,3.352388578,-0.000294287
-5.15E-05,3.393847648,-0.00117059
-5.15E-05,3.432914849,-0.001329918
-5.14E-05,3.460819993,-0.000373951
-5.14E-05,3.506265512,-0.000373951
-5.14E-05,3.538157105,-0.000533279
-5.13E-05,3.573237857,-0.001011262
-5.13E-05,3.617886086,-0.00077227
-5.12E-05,3.660142447,-0.001011262
-5.12E-05,3.699209648,0.001059999
-5.12E-05,3.747844327,-0.001090926
-5.11E-05,3.782127789,-0.000134959
-5.11E-05,3.81960041,0.000104033
-5.10E-05,3.871424248,2.44E-05
-5.10E-05,3.90889687,-0.000692606
-5.10E-05,3.95035594,-0.00077227
-5.09E-05,3.99580146,0.00026336
-5.09E-05,4.034868661,-0.00077227
-5.08E-05,4.078719601,-0.000612942
-5.08E-05,4.120178671,-0.000373951
-5.08E-05,4.16961064,-0.001090926
-5.07E-05,4.203096812,-0.001887565
-5.07E-05,4.238974854,-0.000931598
-5.06E-05,4.292393271,-0.000612942
-5.06E-05,4.325879444,-0.001409582
-5.06E-05,4.363352065,-0.00077227
-5.05E-05,4.407203005,-0.00077227
-5.05E-05,4.439094598,-0.001568909
-5.04E-05,4.475769929,-0.000134959
-5.04E-05,4.526796478,-0.001250254
-5.04E-05,4.570647417,-0.000453615
-5.03E-05,4.60094443,-0.000134959
-5.03E-05,4.640011632,-0.000294287
-5.02E-05,4.692632759,0.000183697
-5.02E-05,4.729308091,-0.00117059
-5.02E-05,4.774753611,-0.001011262
-5.01E-05,4.82019913,-0.000533279
-5.01E-05,4.852090723,-0.001489245
-5.00E-05,4.891955214,-0.00117059
-5.00E-05,4.939792603,-0.000692606
-5.00E-05,4.967697746,-0.000214623
-4.99E-05,5.014737845,-0.001090926
-4.99E-05,5.056994206,-0.000214623
-4.98E-05,5.08171019,-0.001011262
-4.98E-05,5.119980101,-0.000612942
-4.98E-05,5.174195809,-0.001250254
-4.97E-05,5.208479271,0.00026336
-4.97E-05,5.250735631,0.000582016
-4.96E-05,5.29937031,0.000582016
-4.96E-05,5.321694425,0.000422688
-4.96E-05,5.367937234,0.00026336
-4.95E-05,5.407004435,-0.000134959
-4.95E-05,5.447666216,0.000183697
-4.94E-05,5.493111735,0.00026336
-4.94E-05,5.534570806,0.000183697
-4.94E-05,5.569651558,-0.000851934
-4.93E-05,5.610313338,-0.000692606
-4.93E-05,5.655758858,0.000502352
-4.92E-05,5.698015218,-0.000931598
-4.92E-05,5.717947464,-0.000533279
-4.92E-05,5.772163171,2.44E-05
-4.91E-05,5.810433082,0.00066168
-4.91E-05,5.845513834,0.00026336
-4.90E-05,5.886175615,0.000343024
-4.90E-05,5.920459077,0.000422688
-4.90E-05,5.961120858,0.000104033
-4.89E-05,5.999390769,0.00066168
-4.89E-05,6.044038999,-0.000931598
-4.88E-05,6.073538722,0.000980336
-4.88E-05,6.136524618,0.000582016
-4.88E-05,6.164429761,-0.000533279
-4.87E-05,6.209875281,0.000104033
-4.87E-05,6.229807526,-0.000533279
-4.86E-05,6.278442205,0.000183697
-4.86E-05,6.325482304,0.000980336
-4.86E-05,6.351792868,-0.000373951
-4.85E-05,6.400427547,-0.000214623
-4.85E-05,6.436305589,0.00066168
-4.84E-05,6.464210732,-0.000134959
-4.84E-05,6.526399338,-0.000533279
-4.84E-05,6.55988551,-0.000134959
-4.83E-05,6.608520189,-0.00117059
-4.83E-05,6.641209072,-0.001011262
-4.82E-05,6.662735897,-0.000134959
-4.82E-05,6.707384126,0.000343024
-4.82E-05,6.754424225,-0.000294287
-4.81E-05,6.783923949,0.000422688
-4.81E-05,6.82219386,-0.00077227
-4.80E-05,6.870828539,0.000183697
-4.80E-05,6.899530972,-0.00117059
-4.80E-05,6.954543969,0.000183697
-4.79E-05,6.988827432,-0.000214623
-4.79E-05,7.018327155,-0.000214623
-4.78E-05,7.061380805,0.000104033
-4.78E-05,7.104434455,-0.000134959
-4.78E-05,7.136326048,-0.000373951
-4.77E-05,7.16821764,0.00026336
-4.77E-05,7.205690262,0.001298991
-4.76E-05,7.243162883,-0.000373951
-4.76E-05,7.284621954,0.000582016
-4.76E-05,7.34202682,-0.000612942
-4.75E-05,7.365945515,-0.000453615
-4.75E-05,7.412188324,-0.001011262
-4.74E-05,7.446471786,0.000343024
-4.74E-05,7.487930857,0.00026336
-4.74E-05,7.527795348,-0.001011262
-4.73E-05,7.581213765,0.00026336
-4.73E-05,7.601146011,0.000183697
-4.72E-05,7.641010502,2.44E-05
-4.72E-05,7.683266862,0.000582016
-4.72E-05,7.724725932,-0.001011262
-4.71E-05,7.759806684,-0.000134959
-4.71E-05,7.800468465,-0.000453615
-4.70E-05,7.840332956,-0.000294287
-4.70E-05,7.878602867,0.00066168
-4.70E-05,7.916872778,0.000741344
-4.69E-05,7.964710167,0.000582016
-4.69E-05,7.99500718,0.00066168
-4.68E-05,8.033277092,0.000422688
-4.68E-05,8.066763264,0.000422688
-4.68E-05,8.099452146,0.000980336
-4.67E-05,8.148086825,0.001139663
-4.67E-05,8.183964867,0.000183697
-4.66E-05,8.219842909,0.000502352
-4.66E-05,8.259707399,0.000104033
-4.66E-05,8.30196376,0.001059999
-4.65E-05,8.340233671,-0.00077227
-4.65E-05,8.376111713,0.00026336
-4.64E-05,8.411989754,-0.000612942
-4.64E-05,8.459029854,0.000183697
-4.64E-05,8.484543128,-0.000294287
-4.63E-05,8.514042851,0.000343024
-4.63E-05,8.555501921,0.000502352
-4.62E-05,8.584204355,0.000104033
-4.62E-05,8.629649874,0.001139663
-4.62E-05,8.666325206,0.000502352
-4.61E-05,8.707784276,-0.000134959
-4.61E-05,8.738081289,0.001139663
-4.60E-05,8.772364752,0.00026336
-4.60E-05,8.814621112,0.001139663
-4.60E-05,8.86803953,0.000343024
-4.59E-05,8.895944673,0.000900672
-4.59E-05,8.928633556,0.00066168
-4.58E-05,8.974079075,0.000821008
-4.58E-05,9.005173378,0.000343024
-4.58E-05,9.037862261,0.00026336
-4.57E-05,9.076929462,0.001298991
-4.57E-05,9.112807503,0.000183697
-4.56E-05,9.145496386,0.001059999
-4.56E-05,9.194131065,0.000183697
-4.56E-05,9.221238918,-0.000294287
-4.55E-05,9.248346772,0.000502352
-4.55E-05,9.296184161,0.001139663
-4.54E-05,9.324089305,0.000741344
-4.54E-05,9.364751085,0.000741344
-4.54E-05,9.407007446,0.00066168
-4.53E-05,9.450858386,0.002015966
-4.53E-05,9.483547268,0.000980336
-4.52E-05,9.510655122,0.001059999
-4.52E-05,9.548925033,0.000422688
-4.52E-05,9.600748871,0.001378655
-4.51E-05,9.618289247,0.000980336
-4.51E-05,9.662937477,0.001219327
-4.50E-05,9.69403178,0.000422688
-4.50E-05,9.732301691,0.001458319
-4.50E-05,9.77934179,0.000821008
-4.49E-05,9.794490297,0.000183697
-4.49E-05,9.831962918,0.001139663
-4.48E-05,9.871827409,0.000104033
-4.48E-05,9.902921712,0.000502352
-4.48E-05,9.926043116,-0.000294287
-4.47E-05,9.968299477,0.000582016
-4.47E-05,10.00736668,0.000741344
-4.46E-05,10.0368664,0.000821008
-4.46E-05,10.0607851,0.000582016
-4.46E-05,10.1070279,2.44E-05
-4.45E-05,10.13014931,-0.000692606
-4.45E-05,10.17718941,-0.000373951
-4.44E-05,10.19472978,0.00066168
-4.44E-05,10.22821596,0.000343024
-4.44E-05,10.26887774,0.000741344
-4.43E-05,10.28402624,0.000104033
-4.43E-05,10.30874223,-0.000692606
-4.42E-05,10.3422284,0.001617647
-4.42E-05,10.37491728,0.000582016
-4.42E-05,10.40361972,0.000821008
-4.41E-05,10.42674112,0.000821008
-4.41E-05,10.45624084,0.001936302
-4.40E-05,10.4833487,0.001059999
-4.40E-05,10.49052431,0.001856639
-4.40E-05,10.51125384,0.002254958
-4.39E-05,10.50487552,0.000741344
-4.39E-05,10.52321319,0.001458319
-4.38E-05,10.54314543,0.002414286
-4.38E-05,10.54713188,0.001139663
-4.38E-05,10.54474001,0.001617647
-4.37E-05,10.5383617,0.000821008
-4.37E-05,10.53995628,0.002175294
-4.36E-05,10.5383617,0.001617647
-4.36E-05,10.53995628,0.002573614
-4.36E-05,10.54474001,0.00209563
-4.35E-05,10.53915899,0.001856639
-4.35E-05,10.54314543,0.001856639
-4.34E-05,10.53357796,0.001856639
-4.34E-05,10.54633459,0.002414286
-4.34E-05,10.55111833,0.002653278
-4.33E-05,10.55590207,0.001617647
-4.33E-05,10.5614831,0.000502352
-4.32E-05,10.57025329,0.001298991
-4.32E-05,10.58540179,0.000183697
-4.32E-05,10.58460451,0.000422688
-4.31E-05,10.59337469,0.001298991
-4.31E-05,10.59098282,0.001776975
-4.30E-05,10.58300993,0.001059999
-4.30E-05,10.59018553,0.001139663
-4.30E-05,10.58779366,-0.000134959
-4.29E-05,10.57663161,0.001139663
-4.29E-05,10.56865871,0.001059999
-4.28E-05,10.56786142,0.000582016
-4.28E-05,10.55669936,0.000502352
-4.28E-05,10.54872646,0.000900672
-4.27E-05,10.55510478,0.000343024
-4.27E-05,10.54952375,0.001776975
-4.26E-05,10.53995628,0.001537983
-4.26E-05,10.53517254,0.001059999
-4.26E-05,10.52879422,0.000502352
-4.25E-05,10.51524029,0.002175294
-4.25E-05,10.52480777,0.000900672
-4.24E-05,10.51603758,0.001059999
-4.24E-05,10.51364571,0.000980336
-4.24E-05,10.50168636,0.001776975
-4.23E-05,10.48813244,0.001458319
-4.23E-05,10.48494328,0.002175294
-4.22E-05,10.48095683,0.002015966
-4.22E-05,10.45783542,0.000502352
-4.22E-05,10.44507879,0.000741344
-4.21E-05,10.41318719,0.00066168
-4.21E-05,10.38448476,0.001298991
-4.20E-05,10.34462027,0.001697311
-4.20E-05,10.32309345,0.001298991
-4.20E-05,10.26887774,0.001776975
-4.19E-05,10.22024306,0.000900672
-4.19E-05,10.16283819,-0.000453615
-4.18E-05,10.10383875,0.000343024
-4.18E-05,10.04085285,0.001219327
-4.18E-05,9.977069665,-0.000214623
-4.17E-05,9.918867508,0.000741344
-4.17E-05,9.858273482,0.000821008
-4.16E-05,9.808044224,0.000502352
-4.16E-05,9.759409545,0.000900672
-4.16E-05,9.720342344,0.000343024
-4.15E-05,9.678085983,0.000980336
-4.15E-05,9.641410652,0.000502352
-4.14E-05,9.610316349,0.000343024
-4.14E-05,9.580019336,0.001219327
-4.14E-05,9.56247896,0.000183697
-4.13E-05,9.515438861,-0.00117059
-4.13E-05,9.487533717,0.00026336
-4.12E-05,9.465209602,0.001059999
-4.12E-05,9.428534271,0.000980336
-4.12E-05,9.402223707,0.001139663
-4.11E-05,9.372723984,-0.000134959
-4.11E-05,9.340035101,0.000582016
-4.10E-05,9.286616683,0.000821008
-4.10E-05,9.262697989,0.00066168
-4.10E-05,9.218049759,0.001139663
-4.09E-05,9.17021237,0.000343024
-4.09E-05,9.132739749,0.000502352
-4.08E-05,9.076929462,-0.000214623
-4.08E-05,9.034673101,-0.000134959
-4.08E-05,8.99480861,0.000821008
-4.07E-05,8.95334954,0.000582016
-4.07E-05,8.904714861,2.44E-05
-4.06E-05,8.876012428,0.000502352
-4.06E-05,8.827377749,0.001537983
-4.06E-05,8.794688866,0.000821008
-4.05E-05,8.769972882,0.000422688
-4.05E-05,8.718946334,0.000980336
-4.04E-05,8.683865582,0.000343024
-4.04E-05,8.661541467,0.000821008
-4.04E-05,8.612906788,0.000741344
-4.03E-05,8.579420616,0.000582016
-4.03E-05,8.545934444,0.000183697
-4.02E-05,8.514840141,-0.000214623
-4.02E-05,8.462219013,-0.000214623
-4.02E-05,8.426340971,-0.000692606
-4.01E-05,8.376909003,-0.000134959
-4.01E-05,8.333058063,0.000183697
-4.00E-05,8.293990862,-0.000214623
-4.00E-05,8.259707399,0.000502352
-4.00E-05,8.223032068,0.000104033
-3.99E-05,8.180775708,-0.000294287
-3.99E-05,8.143303086,-0.000214623
-3.98E-05,8.095465697,-0.000533279
-3.98E-05,8.064371394,0.000422688
-3.98E-05,8.027696063,-0.000612942
-3.97E-05,7.975074935,-0.000453615
-3.97E-05,7.931223995,-0.000214623
-3.96E-05,7.917670068,0.000502352
-3.96E-05,7.861062491,0.000980336
-3.96E-05,7.832360058,0.000422688
-3.95E-05,7.798873885,0.000582016
-3.95E-05,7.757414815,0.000502352
-3.94E-05,7.723928643,0.00066168
-3.94E-05,7.676888543,0.000900672
-3.94E-05,7.636226763,0.000821008
-3.93E-05,7.599551431,0.000422688
-3.93E-05,7.5628761,-0.000214623
-3.92E-05,7.512646841,-0.000931598
-3.92E-05,7.47597151,0.00026336
-3.92E-05,7.443282627,-0.000294287
-3.91E-05,7.394647948,-0.000692606
-3.91E-05,7.362756356,-0.001090926
-3.90E-05,7.321297285,-0.000214623
-3.90E-05,7.274257186,-0.001409582
-3.90E-05,7.236784565,-0.001329918
-3.89E-05,7.195325494,-0.000373951
-3.89E-05,7.165825771,0.000343024
-3.88E-05,7.117191092,-0.000612942
-3.88E-05,7.08211034,0.000183697
-3.88E-05,7.043840429,0.000422688
-3.87E-05,7.001584069,-0.000533279
-3.87E-05,6.973678925,0.000502352
-3.86E-05,6.933814434,-0.000373951
-3.86E-05,6.894747233,-0.000931598
-3.86E-05,6.857274612,-0.00077227
-3.85E-05,6.815815541,-0.000612942
-3.85E-05,6.783126659,2.44E-05
-3.84E-05,6.739275719,-0.000931598
-3.84E-05,6.701803098,-0.000931598
-3.84E-05,6.655560288,-0.00077227
-3.83E-05,6.618087667,-0.000612942
-3.83E-05,6.586196074,-0.000373951
-3.82E-05,6.543142424,-0.001090926
-3.82E-05,6.500886064,0.001139663
-3.82E-05,6.466602602,2.44E-05
-3.81E-05,6.423548952,2.44E-05
-3.81E-05,6.378900722,0.00066168
-3.80E-05,6.346211839,0.000741344
-3.80E-05,6.302360899,-0.000134959
-3.80E-05,6.25452351,0.001139663
-3.79E-05,6.218645469,0.000502352
-3.79E-05,6.184362007,-0.000612942
-3.78E-05,6.133335458,-0.00077227
-3.78E-05,6.091079098,-0.000294287
-3.78E-05,6.055998346,-0.000692606
-3.77E-05,6.008958247,-0.000373951
-3.77E-05,5.983444973,-0.000373951
-3.76E-05,5.941188612,0.000502352
-3.76E-05,5.900526832,-0.00117059
-3.76E-05,5.875810847,-0.000612942
-3.75E-05,5.832757197,-0.000931598
-3.75E-05,5.77933878,-0.000294287
-3.74E-05,5.747447187,-0.00077227
-3.74E-05,5.707582696,0.000183697
-3.74E-05,5.658948017,0.000502352
-3.73E-05,5.623069976,-0.000453615
-3.73E-05,5.585597354,-0.000134959
-3.72E-05,5.539354545,0.00066168
-3.72E-05,5.519422299,-0.000214623
-3.72E-05,5.466801171,-0.000612942
-3.71E-05,5.426139391,-0.000533279
-3.71E-05,5.383085741,-0.000453615
-3.70E-05,5.34242396,0.000741344
-3.70E-05,5.306545918,0.000343024
-3.70E-05,5.259505819,-0.000134959
-3.69E-05,5.215654879,-0.001489245
-3.69E-05,5.17020936,-0.00077227
-3.68E-05,5.138317767,0.000422688
-3.68E-05,5.101642435,-0.000692606
-3.68E-05,5.045832148,-0.001090926
-3.67E-05,5.011548686,0.000183697
-3.67E-05,4.977265224,-0.000692606
-3.66E-05,4.928630545,-0.00117059
-3.66E-05,4.896738953,-0.000373951
-3.66E-05,4.860860911,-0.000373951
-3.65E-05,4.82019913,0.000980336
-3.65E-05,4.780334639,-0.000612942
-3.64E-05,4.744456598,0.00066168
-3.64E-05,4.714159584,-0.000214623
-3.64E-05,4.672700514,-0.000294287
-3.63E-05,4.631241444,0.000183697
-3.63E-05,4.584201344,-0.00077227
-3.62E-05,4.531580216,-0.000214623
-3.62E-05,4.497296754,-0.001329918
-3.62E-05,4.458229553,-0.00077227
-3.61E-05,4.407203005,-0.000294287
-3.61E-05,4.370527673,-0.000533279
-3.60E-05,4.336244211,-0.00077227
-3.60E-05,4.2979743,-0.000453615
-3.60E-05,4.25332607,-0.00077227
-3.59E-05,4.21266429,-0.00117059
-3.59E-05,4.178380828,-0.000214623
-3.58E-05,4.130543439,-0.001011262
-3.58E-05,4.092273527,-0.000692606
-3.58E-05,4.060381935,-0.001648573
-3.57E-05,4.012544546,-0.001011262
-3.57E-05,3.975869214,-0.000533279
-3.56E-05,3.935207434,2.44E-05
-3.56E-05,3.896140233,-0.000612942
-3.56E-05,3.846708264,-0.00077227
-3.55E-05,3.807641063,-0.001728237
-3.55E-05,3.766181992,-0.00117059
-3.54E-05,3.73189853,2.44E-05
-3.54E-05,3.696817778,-0.001489245
-3.54E-05,3.639412912,-0.001250254
-3.53E-05,3.613102348,-0.000931598
-3.53E-05,3.555697481,-0.000931598
-3.52E-05,3.511846541,-0.001489245
-3.52E-05,3.497495324,-0.000692606
-3.52E-05,3.445671486,-0.002365548
-3.51E-05,3.403415126,-0.000931598
-3.51E-05,3.369928953,-0.001250254
-3.50E-05,3.322091564,-0.001090926
-3.50E-05,3.281429784,-0.001409582
-3.50E-05,3.259902959,-0.002206221
-3.49E-05,3.20887641,-0.000931598
-3.49E-05,3.156255283,-0.001728237
-3.48E-05,3.136323037,-0.001807901
-3.48E-05,3.078120881,-0.001409582
-3.48E-05,3.043837418,-0.001090926
-3.47E-05,2.988824421,-0.000134959
-3.47E-05,2.960121988,-0.000533279
-3.46E-05,2.913081888,-0.000294287
-3.46E-05,2.879595716,-0.001090926
-3.46E-05,2.844514964,-0.001329918
-3.45E-05,2.796677575,-0.000453615
-3.45E-05,2.754421215,-0.001250254
-3.44E-05,2.719340463,-0.00077227
-3.44E-05,2.668313915,-0.001329918
-3.44E-05,2.627652134,-0.000294287
-3.43E-05,2.586193064,-0.001250254
-3.43E-05,2.562274369,-0.001011262
-3.42E-05,2.5128424,-0.001648573
-3.42E-05,2.46978875,-0.002524876
-3.42E-05,2.417167622,-0.001329918
-3.41E-05,2.374113972,-0.001648573
-3.41E-05,2.337438641,-0.000851934
-3.40E-05,2.286412093,-0.002126557
-3.40E-05,2.235385544,-0.001409582
-3.40E-05,2.200304792,-0.000692606
-3.39E-05,2.139710766,-0.001568909
-3.39E-05,2.099846275,-0.00077227
-3.38E-05,2.063968234,0.000183697
-3.38E-05,2.005766077,-0.000692606
-3.38E-05,1.962712427,-0.001648573
-3.37E-05,1.928428965,-0.001887565
-3.37E-05,1.878199706,-0.002046893
-3.36E-05,1.842321665,-0.001807901
-3.36E-05,1.812024652,-0.001728237
-3.36E-05,1.764984552,-0.001887565
-3.35E-05,1.713958004,-0.00300286
-3.35E-05,1.682863701,-0.002524876
-3.34E-05,1.64459379,-0.002684204
-3.34E-05,1.598350981,-0.001887565
-3.34E-05,1.552905461,-0.002684204
-3.33E-05,1.525797607,-0.002524876
-3.33E-05,1.483541247,-0.001329918
-3.32E-05,1.456433393,-0.002046893
-3.32E-05,1.423744511,-0.000851934
-3.32E-05,1.397433947,-0.001568909
-3.31E-05,1.367136934,-0.002126557
-3.31E-05,1.346407399,-0.001887565
-3.30E-05,1.312123936,-0.001409582
-3.30E-05,1.291394401,-0.001887565
-3.30E-05,1.257908229,-0.002046893
-3.29E-05,1.230800375,-0.002843532
-3.29E-05,1.20927355,-0.001568909
-3.28E-05,1.193327754,-0.001329918
-3.28E-05,1.178976537,-0.002524876
-3.28E-05,1.163030741,-0.001250254
-3.27E-05,1.139909336,-0.001090926
-3.27E-05,1.132733728,-0.001807901
-3.26E-05,1.115193352,-0.002285884
-3.26E-05,1.140706626,-0.002126557
-3.26E-05,1.146287655,-0.002126557
-3.25E-05,1.155855132,-0.001329918
-3.25E-05,1.198908783,-0.000612942
-3.24E-05,1.224422057,-0.002524876
-3.24E-05,1.273056735,-0.001329918
-3.24E-05,1.328867023,-0.002365548
-3.23E-05,1.38308273,-0.002365548
-3.23E-05,1.435703858,-0.002445212
-3.22E-05,1.51383826,-0.001329918
-3.22E-05,1.575229576,-0.001648573
-3.22E-05,1.650972109,-0.003640171
-3.21E-05,1.734687539,-0.002046893
-3.21E-05,1.800065304,-0.002046893
-3.20E-05,1.857470171,-0.002445212
-3.20E-05,1.918064197,-0.001967229
-3.20E-05,1.981847383,-0.002046893
-3.19E-05,2.019320004,-0.001489245
-3.19E-05,2.071143842,-0.001250254
-3.18E-05,2.111008333,-0.000692606
-3.18E-05,2.155656563,-0.000692606
-3.18E-05,2.188345445,-0.000931598
-3.17E-05,2.21226414,-0.001011262
-3.17E-05,2.240169283,0.000422688
-3.16E-05,2.274452745,0.000582016
-3.16E-05,2.300763309,-0.000533279
-3.16E-05,2.33983051,-0.001329918
-3.15E-05,2.378100421,0.000104033
-3.15E-05,2.420356782,-0.001090926
-3.14E-05,2.449059215,-0.000851934
-3.14E-05,2.488923706,-0.00077227
-3.14E-05,2.543139414,-0.000453615
-3.13E-05,2.575031006,-0.001648573
-3.13E-05,2.615692787,-0.000851934
-3.12E-05,2.666719335,-0.001090926
-3.12E-05,2.693029899,-0.00117059
-3.12E-05,2.746448317,-0.001250254
-3.11E-05,2.783123648,-0.000931598
-3.11E-05,2.81740711,-0.001250254
-3.10E-05,2.846109544,-0.000692606
-3.10E-05,2.874811977,-0.001887565
-3.10E-05,2.916271048,-0.000533279
-3.09E-05,2.936203293,-0.000612942
-3.09E-05,2.986432552,-0.00077227
-3.08E-05,3.012743116,0.000183697
-3.08E-05,3.0374591,-0.000533279
-3.08E-05,3.085296489,-0.000214623
-3.07E-05,3.113201632,-0.001329918
-3.07E-05,3.147485095,-0.000373951
-3.06E-05,3.182565847,0.000183697
-3.06E-05,3.220835758,-0.000294287
-3.06E-05,3.251930061,-0.000373951
-3.05E-05,3.285416233,-0.000373951
-3.05E-05,3.324483434,2.44E-05
-3.04E-05,3.347604839,-0.00077227
-3.04E-05,3.387469329,-0.000931598
-3.04E-05,3.439293168,-0.001011262
-3.03E-05,3.453644384,-0.000294287
-3.03E-05,3.494306165,-0.000612942
-3.02E-05,3.541346264,-0.000453615
-3.02E-05,3.570845987,2.44E-05
-3.02E-05,3.615494217,0.000502352
-3.01E-05,3.670507214,-0.001250254
-3.01E-05,3.703196097,-0.000533279
-3.00E-05,3.742263298,-0.00117059
-3.00E-05,3.786911528,-0.000214623
-3.00E-05,3.8203977,-0.001568909
-2.99E-05,3.853883872,2.44E-05
-2.99E-05,3.90809958,-0.001250254
-2.98E-05,3.944774911,-0.000851934
-2.98E-05,3.973477345,2.44E-05
-2.98E-05,4.026895762,-0.000214623
-2.97E-05,4.066760253,-0.001568909
-2.97E-05,4.101841005,-0.000453615
-2.96E-05,4.150475684,-0.000373951
-2.96E-05,4.188745595,-0.001489245
-2.96E-05,4.234988405,-0.000294287
-2.95E-05,4.287609533,-0.00117059
-2.95E-05,4.316311966,-0.000373951
-2.94E-05,4.372919543,-0.00117059
-2.94E-05,4.415973193,-0.000453615
-2.94E-05,4.447067496,-0.000692606
-2.93E-05,4.497296754,-0.000294287
-2.93E-05,4.523607318,-0.001329918
-2.92E-05,4.567458258,2.44E-05
-2.92E-05,4.60493088,-0.001090926
-2.92E-05,4.64878182,-0.000373951
-2.91E-05,4.685457151,-0.000612942
-2.91E-05,4.711767715,-0.00117059
-2.90E-05,4.755618655,0.000104033
-2.90E-05,4.794685856,-0.00077227
-2.90E-05,4.835347637,-0.002046893
-2.89E-05,4.877603997,-0.000373951
-2.89E-05,4.915076618,-0.00077227
-2.88E-05,4.956535689,-0.001409582
-2.88E-05,5.005170368,-0.000931598
-2.88E-05,5.04025112,-0.001329918
-2.87E-05,5.077723741,-0.000533279
-2.87E-05,5.122371971,-0.000453615
-2.86E-05,5.163033751,-0.001648573
-2.86E-05,5.206087401,-0.00117059
-2.86E-05,5.234789835,-0.000612942
-2.85E-05,5.296181151,-0.000533279
-2.85E-05,5.332856482,-0.000294287
-2.84E-05,5.367139944,0.000104033
-2.84E-05,5.403815276,-0.000294287
-2.84E-05,5.442882477,-0.000134959
-2.83E-05,5.489922576,-0.000294287
-2.83E-05,5.520219589,-0.000214623
-2.82E-05,5.552908472,2.44E-05
-2.82E-05,5.592772963,0.001219327
-2.82E-05,5.644596801,0.00026336
-2.81E-05,5.666123626,0.000104033
-2.81E-05,5.713961015,-0.000373951
-2.80E-05,5.768974012,-0.000214623
-2.80E-05,5.793689996,-0.001329918
-2.80E-05,5.839932806,2.44E-05
-2.79E-05,5.890162064,-0.000294287
-2.79E-05,5.916472628,-0.001090926
-2.78E-05,5.959526278,-0.000453615
-2.78E-05,6.003377218,0.000183697
-2.78E-05,6.032876941,0.000741344
-2.77E-05,6.071944142,2.44E-05
-2.77E-05,6.107024894,-0.000373951
-2.76E-05,6.153267704,-0.000373951
-2.76E-05,6.191537615,0.000422688
-2.76E-05,6.227415657,-0.000533279
-2.75E-05,6.266482858,-0.000851934
-2.75E-05,6.309536508,-0.00077227
-2.74E-05,6.356576607,0.000422688
-2.74E-05,6.392454649,-0.000612942
-2.74E-05,6.43152185,-0.000294287
-2.73E-05,6.466602602,-0.000373951
-2.73E-05,6.527993918,2.44E-05
-2.72E-05,6.546331583,-0.00077227
-2.72E-05,6.582209625,-0.000533279
-2.72E-05,6.622871406,-0.000692606
-2.71E-05,6.657952158,-0.000373951
-2.71E-05,6.701803098,-0.000453615
-2.70E-05,6.740870299,0.00026336
-2.70E-05,6.774356471,-0.000612942
-2.70E-05,6.813423672,0.000104033
-2.69E-05,6.848504424,0.000183697
-2.69E-05,6.891558074,-0.000294287
-2.68E-05,6.940192753,-0.000373951
-2.68E-05,6.969692476,0.000821008
-2.68E-05,7.013543416,0.000422688
-2.67E-05,7.047826878,0.000821008
-2.67E-05,7.08370492,-0.000453615
-2.66E-05,7.129150439,-0.000373951
-2.66E-05,7.180974277,0.00026336
-2.66E-05,7.205690262,0.001059999
-2.65E-05,7.251135781,-0.000214623
-2.65E-05,7.291000272,0.00066168
-2.64E-05,7.338837661,0.001139663
-2.64E-05,7.376310283,0.000741344
-2.64E-05,7.397837108,0.000582016
-2.63E-05,7.444079917,0.000582016
-2.63E-05,7.471187771,0.000821008
-2.62E-05,7.525403478,0.000821008
-2.62E-05,7.56207881,0.00026336
-2.62E-05,7.591578533,0.000502352
-2.61E-05,7.632240314,-0.000134959
-2.61E-05,7.674496674,0.000343024
-2.60E-05,7.724725932,-0.000294287
-2.60E-05,7.753428366,-0.000214623
-2.60E-05,7.790103697,0.001378655
-2.59E-05,7.845913985,0.000502352
-2.59E-05,7.86504894,0.00026336
-2.58E-05,7.90810259,0.00066168
-2.58E-05,7.961521008,0.00066168
-2.58E-05,7.985439703,-0.000134959
-2.57E-05,8.026898773,-0.000134959
-2.57E-05,8.074736162,0.000422688
-2.56E-05,8.107425044,2.44E-05
-2.56E-05,8.148884115,0.000502352
-2.56E-05,8.187951316,-0.001011262
-2.55E-05,8.21346459,-0.000373951
-2.55E-05,8.250139922,0.000422688
-2.54E-05,8.295585441,0.000502352
-2.54E-05,8.308342078,-0.001409582
-2.54E-05,8.351395728,-0.000931598
-2.53E-05,8.396043958,-0.000373951
-2.53E-05,8.422354522,0.000502352
-2.52E-05,8.467002752,-0.000931598
-2.52E-05,8.514042851,0.000183697
-2.52E-05,8.559488371,0.000502352
-2.51E-05,8.590582673,-0.000373951
-2.51E-05,8.625663425,0.001458319
-2.50E-05,8.667919786,0.000183697
-2.50E-05,8.715757175,-0.000692606
-2.50E-05,8.742067739,0.001219327
-2.49E-05,8.790702417,0.001617647
-2.49E-05,8.806648214,-0.000294287
-2.48E-05,8.855282893,2.44E-05
-2.48E-05,8.882390746,0.001856639
-2.48E-05,8.919863368,0.001059999
-2.47E-05,8.969295336,0.000582016
-2.47E-05,8.99720048,0.000980336
-2.46E-05,9.04184871,0.00026336
-2.46E-05,9.073740302,0.000900672
-2.46E-05,9.115199373,0.00026336
-2.45E-05,9.141509937,0.001059999
-2.45E-05,9.17100966,0.00026336
-2.44E-05,9.228414527,0.000502352
-2.44E-05,9.267481728,0.001059999
-2.44E-05,9.285819394,0.00066168
-2.43E-05,9.329670334,0.001617647
-2.43E-05,9.372723984,0.001697311
-2.42E-05,9.402223707,0.000821008
-2.42E-05,9.451655675,0.001059999
-2.42E-05,9.493114746,0.00066168
-2.41E-05,9.505074093,0.001936302
-2.41E-05,9.552911482,0.001219327
-2.40E-05,9.590384104,0.001219327
-2.40E-05,9.609519059,0.001219327
-2.40E-05,9.65097813,0.000980336
-2.39E-05,9.684464302,0.002334622
-2.39E-05,9.721936923,0.001139663
-2.38E-05,9.749842067,0.000183697
-2.38E-05,9.784125529,0.00066168
-2.38E-05,9.832760208,0.000980336
-2.37E-05,9.869435539,0.000502352
-2.37E-05,9.882989466,2.44E-05
-2.36E-05,9.916475639,-0.000453615
-2.36E-05,9.963515738,0.000980336
-2.36E-05,10.0057721,0.000502352
-2.35E-05,10.03367724,2.44E-05
-2.35E-05,10.06875799,0.00026336
-2.34E-05,10.11101435,0.000900672
-2.34E-05,10.13413576,0.000502352
-2.34E-05,10.16124361,-0.000134959
-2.33E-05,10.19472978,0.00026336
-2.33E-05,10.23220241,0.00066168
-2.32E-05,10.264094,0.001537983
-2.32E-05,10.2951883,0.00066168
-2.32E-05,10.32947176,0.001219327
-2.31E-05,10.35099859,0.001139663
-2.31E-05,10.38209289,0.001219327
-2.30E-05,10.40920075,-0.000294287
-2.30E-05,10.42993028,0.001458319
-2.30E-05,10.4522544,0.001219327
-2.29E-05,10.46421374,0.000821008
-2.29E-05,10.49610534,0.001617647
-2.28E-05,10.50567281,0.001458319
-2.28E-05,10.52799693,0.001059999
-2.28E-05,10.52480777,0.000422688
-2.27E-05,10.53278067,0.00066168
-2.27E-05,10.53596983,0.001219327
-2.26E-05,10.53278067,0.001059999
-2.26E-05,10.54075357,0.000422688
-2.26E-05,10.5303888,0.00026336
-2.25E-05,10.53278067,0.000343024
-2.25E-05,10.53118609,0.000343024
-2.24E-05,10.53756441,0.000582016
-2.24E-05,10.53278067,0.000582016
-2.24E-05,10.53756441,0.002175294
-2.23E-05,10.54075357,0.000502352
-2.23E-05,10.54394272,0.00066168
-2.22E-05,10.54234814,0.000900672
-2.22E-05,10.55909123,0.001059999
-2.22E-05,10.56865871,0.000104033
-2.21E-05,10.57025329,0.000741344
-2.21E-05,10.58300993,0.000183697
-2.20E-05,10.5774289,0.000343024
-2.20E-05,10.58141535,-0.000134959
-2.20E-05,10.58540179,0.000582016
-2.19E-05,10.58300993,0.000422688
-2.19E-05,10.57105058,0.000582016
-2.18E-05,10.56546955,0.000741344
-2.18E-05,10.57025329,0.000582016
-2.18E-05,10.56068581,0.000502352
-2.17E-05,10.55590207,0.000422688
-2.17E-05,10.55829394,0.001059999
-2.16E-05,10.54872646,0.001856639
-2.16E-05,10.54394272,0.00066168
-2.16E-05,10.53596983,0.000502352
-2.15E-05,10.53517254,0.001378655
-2.15E-05,10.52879422,0.001537983
-2.14E-05,10.53596983,0.001537983
-2.14E-05,10.5224159,0.000980336
-2.14E-05,10.52560506,0.001537983
-2.13E-05,10.51922674,0.001219327
-2.13E-05,10.49610534,0.001139663
-2.12E-05,10.50567281,0.001617647
-2.12E-05,10.49451076,0.001139663
-2.12E-05,10.4833487,0.001537983
-2.11E-05,10.46501103,0.000422688
-2.11E-05,10.46660561,0.000900672
-2.10E-05,10.44109234,0.001059999
-2.10E-05,10.41557906,0.000980336
-2.10E-05,10.39484953,0.000422688
-2.09E-05,10.35099859,0.001298991
-2.09E-05,10.32309345,0.002015966
-2.08E-05,10.27924251,0.000104033
-2.08E-05,10.21466203,0.000343024
-2.08E-05,10.1700138,0.001697311
-2.07E-05,10.11978454,0.000741344
-2.07E-05,10.05360949,2.44E-05
-2.06E-05,10.00417752,0.000900672
-2.06E-05,9.945975362,-0.000134959
-2.06E-05,9.894151524,0.000900672
-2.05E-05,9.835949367,-0.000134959
-2.05E-05,9.783328239,0.000741344
-2.04E-05,9.730707111,0.000422688
-2.04E-05,9.69323449,0.000183697
-2.04E-05,9.662937477,-0.000214623
-2.03E-05,9.622275696,0.000741344
-2.03E-05,9.600748871,0.000582016
-2.02E-05,9.572046438,2.44E-05
-2.02E-05,9.535371106,0.000900672
-2.02E-05,9.504276803,0.000183697
-2.01E-05,9.469993341,0.000582016
-2.01E-05,9.447669226,0.001059999
-2.00E-05,9.405412866,0.000422688
-2.00E-05,9.376710433,-0.000612942
-2.00E-05,9.333656783,0.001059999
-1.99E-05,9.288211263,-0.000294287
-1.99E-05,9.248346772,0.000900672
-1.98E-05,9.21326602,-0.000134959
-1.98E-05,9.162239472,-0.000294287
-1.98E-05,9.137523488,-0.000134959
-1.97E-05,9.096064417,-0.000134959
-1.97E-05,9.053010767,0.00066168
-1.96E-05,9.009159827,0.000343024
-1.96E-05,8.977268235,0.000821008
-1.96E-05,8.927038976,2.44E-05
-1.95E-05,8.892755514,0.00026336
-1.95E-05,8.841728966,0.00026336
-1.94E-05,8.803459054,0.001139663
-1.94E-05,8.774756621,0.000900672
-1.94E-05,8.732500261,0.000183697
-1.93E-05,8.703000538,0.00066168
-1.93E-05,8.661541467,0.000582016
-1.92E-05,8.628852585,0.000821008
-1.92E-05,8.573042297,0.002175294
-1.92E-05,8.549920893,0.000980336
-1.91E-05,8.52042117,0.001219327
-1.91E-05,8.477367519,0.001458319
-1.90E-05,8.435111159,0.001697311
-1.90E-05,8.38966564,0.000183697
-1.90E-05,8.362557786,-0.000134959
-1.89E-05,8.312328527,2.44E-05
-1.89E-05,8.279639645,0.000980336
-1.88E-05,8.231802256,0.000422688
-1.88E-05,8.180775708,2.44E-05
-1.88E-05,8.158451593,0.00026336
-1.87E-05,8.106627755,-0.000214623
-1.87E-05,8.072344293,0.000422688
-1.86E-05,8.031682512,0.000183697
-1.86E-05,7.99580447,-0.000533279
-1.86E-05,7.959926428,0.00026336
-1.85E-05,7.919264648,-0.000214623
-1.85E-05,7.885778475,-0.000294287
-1.84E-05,7.834751927,-0.000533279
-1.84E-05,7.798873885,-0.000134959
-1.84E-05,7.765387713,2.44E-05
-1.83E-05,7.721536773,-0.000214623
-1.83E-05,7.688050601,0.001378655
-1.82E-05,7.644199661,0.00066168
-1.82E-05,7.609118909,2.44E-05
-1.82E-05,7.56128152,0.000582016
-1.81E-05,7.531781797,0.000582016
-1.81E-05,7.487133567,-0.000294287
-1.80E-05,7.442485337,0.000343024
-1.80E-05,7.410593745,-0.000453615
-1.80E-05,7.369134674,-0.000612942
-1.79E-05,7.326081024,-0.000851934
-1.79E-05,7.292594852,0.001378655
-1.78E-05,7.243162883,0.000741344
-1.78E-05,7.21525774,0.000582016
-1.78E-05,7.175393249,0.000582016
-1.77E-05,7.138717917,-0.000373951
-1.77E-05,7.102839875,2.44E-05
-1.76E-05,7.058988935,0.000900672
-1.76E-05,7.024705473,0.001219327
-1.76E-05,6.975273505,0.000183697
-1.75E-05,6.938598173,0.000104033
-1.75E-05,6.901125552,0.000980336
-1.74E-05,6.860463771,0.000821008
-1.74E-05,6.816612831,0.000741344
-1.74E-05,6.77834292,0.000104033
-1.73E-05,6.739275719,0.000980336
-1.73E-05,6.705789547,-0.000533279
-1.72E-05,6.652371129,0.000502352
-1.72E-05,6.608520189,0.000343024
-1.72E-05,6.582209625,0.000183697
-1.71E-05,6.541547844,-0.001090926
-1.71E-05,6.488129427,0.00026336
-1.70E-05,6.447467646,0.000104033
-1.70E-05,6.415576053,0.000582016
-1.70E-05,6.375711563,0.000821008
-1.69E-05,6.347806419,0.000422688
-1.69E-05,6.304752769,0.000343024
-1.68E-05,6.271266597,-0.000134959
-1.68E-05,6.240172294,0.000741344
-1.68E-05,6.200307803,0.000582016
-1.67E-05,6.158051443,0.000422688
-1.67E-05,6.116592372,0.000343024
-1.66E-05,6.090281808,-0.000453615
-1.66E-05,6.032876941,-0.000931598
-1.66E-05,6.000985349,0.000343024
-1.65E-05,5.95314796,2.44E-05
-1.65E-05,5.90610786,-0.000612942
-1.64E-05,5.867040659,-0.000214623
-1.64E-05,5.837540936,-0.000373951
-1.64E-05,5.791298127,0.000183697
-1.63E-05,5.748244477,2.44E-05
-1.63E-05,5.715555594,0.000980336
-1.62E-05,5.674096524,-0.000134959
-1.62E-05,5.635826613,0.000502352
-1.62E-05,5.589583803,-0.000851934
-1.61E-05,5.543340994,-0.000373951
-1.61E-05,5.507462952,2.44E-05
-1.60E-05,5.463612012,-0.001887565
-1.60E-05,5.434112289,-0.000851934
-1.60E-05,5.390261349,-0.000134959
-1.59E-05,5.353586017,-0.000453615
-1.59E-05,5.304154049,-0.000453615
-1.58E-05,5.257911239,-0.000373951
-1.58E-05,5.224425067,-0.001011262
-1.58E-05,5.190938895,-0.000851934
-1.57E-05,5.149479824,-0.000373951
-1.57E-05,5.102439725,-0.000931598
-1.56E-05,5.073737292,-0.001250254
-1.56E-05,5.023508033,-0.001409582
-1.56E-05,4.988427281,-0.00077227
-1.55E-05,4.95254924,-0.001090926
-1.55E-05,4.914279328,-0.00117059
-1.54E-05,4.86405007,-0.000931598
-1.54E-05,4.829766608,-0.000453615
-1.54E-05,4.788307537,-0.000612942
-1.53E-05,4.742862018,0.000183697
-1.53E-05,4.716551454,0.000502352
-1.52E-05,4.677484253,-0.000294287
-1.52E-05,4.624065835,-0.000851934
-1.52E-05,4.595363402,0.00026336
-1.51E-05,4.548323303,-0.000692606
-1.51E-05,4.501283203,-0.001090926
-1.50E-05,4.456634974,-0.000533279
-1.50E-05,4.419959642,-0.00077227
-1.50E-05,4.376905992,-0.000214623
-1.49E-05,4.347406269,-0.001329918
-1.49E-05,4.309136358,-0.001329918
-1.48E-05,4.266082707,-0.001329918
-1.48E-05,4.226218217,-0.001011262
-1.48E-05,4.173597089,-0.001409582
-1.47E-05,4.120975961,-0.001409582
-1.47E-05,4.101841005,-0.00077227
-1.46E-05,4.054003616,-0.001409582
-1.46E-05,4.033274081,-0.000931598
-1.46E-05,3.984639402,-0.000134959
-1.45E-05,3.943180332,-0.00077227
-1.45E-05,3.912086029,-0.000373951
-1.44E-05,3.873816118,0.000183697
-1.44E-05,3.839532656,-0.000373951
-1.44E-05,3.790897977,0.000980336
-1.43E-05,3.759803674,-0.000533279
-1.43E-05,3.717547314,-0.000134959
-1.42E-05,3.668115345,0.00066168
-1.42E-05,3.638615622,-0.00077227
-1.42E-05,3.586791784,-0.001250254
-1.41E-05,3.538954395,-0.001887565
-1.41E-05,3.485535977,-0.000453615
-1.40E-05,3.465603731,-0.00077227
-1.40E-05,3.416969053,-0.001409582
-1.40E-05,3.367537084,-0.001090926
-1.39E-05,3.331659042,-0.001728237
-1.39E-05,3.291794551,-0.000134959
-1.38E-05,3.269470437,-0.000373951
-1.38E-05,3.225619497,-0.001250254
-1.38E-05,3.182565847,-0.001887565
-1.37E-05,3.133133878,-0.001011262
-1.37E-05,3.093269387,0.000422688
-1.36E-05,3.051810317,-0.002206221
-1.36E-05,3.015134985,-0.001568909
-1.36E-05,2.978459653,-0.001887565
-1.35E-05,2.932216844,-0.000931598
-1.35E-05,2.898730672,-0.001728237
-1.34E-05,2.859663471,-0.001329918
-1.34E-05,2.8182044,-0.001967229
-1.34E-05,2.770367011,-0.001648573
-1.33E-05,2.723326912,-0.001568909
-1.33E-05,2.682665131,-0.001489245
-1.32E-05,2.642003351,-0.001887565
-1.32E-05,2.606125309,-0.000533279
-1.32E-05,2.55908521,-0.002365548
-1.31E-05,2.51363969,-0.00117059
-1.31E-05,2.46978875,-0.000692606
-1.30E-05,2.432316129,-0.00117059
-1.30E-05,2.38368145,-0.001887565
-1.30E-05,2.331857612,-0.001011262
-1.29E-05,2.290398542,-0.001011262
-1.29E-05,2.241763863,-0.000612942
-1.28E-05,2.197912923,-0.000373951
-1.28E-05,2.16681862,-0.001090926
-1.28E-05,2.110211043,-0.001329918
-1.27E-05,2.069549262,-0.000453615
-1.27E-05,2.040846829,-0.000453615
-1.26E-05,1.977860933,-0.001568909
-1.26E-05,1.945172051,-0.001409582
-1.26E-05,1.890956343,-0.001090926
-1.25E-05,1.850294563,-0.002285884
-1.25E-05,1.812821941,-0.001250254
-1.24E-05,1.770565581,-0.001329918
-1.24E-05,1.721930902,-0.000294287
-1.24E-05,1.69003931,-0.000931598
-1.23E-05,1.656553137,-0.001250254
-1.23E-05,1.611107618,-0.002046893
-1.22E-05,1.567256678,-0.001329918
-1.22E-05,1.532175926,-0.001568909
-1.22E-05,1.501878913,-0.000851934
-1.21E-05,1.466798161,-0.001250254
-1.21E-05,1.432514699,-0.001250254
-1.20E-05,1.391055628,-0.001887565
-1.20E-05,1.363947775,-0.001807901
-1.20E-05,1.336839921,-0.001329918
-1.19E-05,1.305745618,-0.001728237
-1.19E-05,1.285016083,-0.000851934
-1.18E-05,1.257110939,-0.001887565
-1.18E-05,1.231597665,-0.002763868
-1.18E-05,1.198908783,-0.002445212
-1.17E-05,1.198111493,-0.001887565
-1.17E-05,1.185354856,-0.001409582
-1.16E-05,1.172598219,-0.001489245
-1.16E-05,1.159841582,-0.001728237
-1.16E-05,1.146287655,-0.001489245
-1.15E-05,1.151071394,-0.001728237
-1.15E-05,1.144693075,-0.001409582
-1.14E-05,1.162233451,-0.001807901
-1.14E-05,1.169409059,-0.002285884
-1.14E-05,1.187746725,-0.001489245
-1.13E-05,1.240367853,-0.001250254
-1.13E-05,1.265881127,-0.000931598
-1.12E-05,1.301759169,-0.001648573
-1.12E-05,1.364745064,-0.002206221
-1.12E-05,1.414974323,-0.002126557
-1.11E-05,1.468392741,-0.001409582
-1.11E-05,1.550513592,-0.001568909
-1.10E-05,1.618283226,-0.00117059
-1.10E-05,1.690836599,-0.001648573
-1.10E-05,1.754619785,-0.001887565
-1.09E-05,1.81999755,-0.001568909
-1.09E-05,1.890956343,-0.00260454
-1.08E-05,1.95155037,-0.001329918
-1.08E-05,2.012941685,-0.001807901
-1.08E-05,2.055995336,-0.001728237
-1.07E-05,2.109413753,-0.001409582
-1.07E-05,2.148480954,-0.001648573
-1.06E-05,2.186750865,-0.001887565
-1.06E-05,2.221831617,-0.000612942
-1.06E-05,2.244953022,-0.001250254
-1.05E-05,2.279236484,-0.000533279
-1.05E-05,2.307141628,-0.000931598
-1.04E-05,2.33983051,2.44E-05
-1.04E-05,2.369330233,-0.00117059
-1.04E-05,2.406005565,-0.000294287
-1.03E-05,2.441883607,-0.000453615
-1.03E-05,2.476964359,-0.00117059
-1.02E-05,2.5128424,-0.001090926
-1.02E-05,2.555896051,-0.000294287
-1.02E-05,2.60054428,-0.001807901
-1.01E-05,2.64519251,-0.001329918
-1.01E-05,2.685057001,-0.000612942
-1.00E-05,2.7320971,-0.001648573
-1.00E-05,2.770367011,-0.000851934
-9.96E-06,2.82059627,-0.000294287
-9.92E-06,2.852487862,-0.000931598
-9.88E-06,2.887568614,0.000104033
-9.84E-06,2.934608714,-0.000931598
-9.80E-06,2.956932828,-0.000612942
-9.76E-06,2.982446103,-0.000214623
-9.72E-06,3.022310593,-0.001409582
-9.68E-06,3.054202186,-0.00117059
-9.64E-06,3.076526301,-0.001011262
-9.60E-06,3.115593502,-0.000612942
-9.56E-06,3.133133878,0.000104033
-9.52E-06,3.161039021,-0.000134959
-9.48E-06,3.195322484,-0.000294287
-9.44E-06,3.237578844,0.000104033
-9.40E-06,3.263889408,-0.001967229
-9.36E-06,3.29976745,0.000104033
-9.32E-06,3.327672593,-0.000533279
-9.28E-06,3.372320823,-0.001648573
-9.24E-06,3.404212416,-0.001568909
-9.20E-06,3.440887747,-0.001329918
-9.16E-06,3.476765789,-0.001011262
-9.12E-06,3.518224859,-0.001250254
-9.08E-06,3.562873089,-0.000931598
-9.04E-06,3.599548421,-0.000851934
-9.00E-06,3.650574969,-0.00117059
-8.96E-06,3.68884488,-0.000134959
-8.92E-06,3.738276849,-0.001090926
-8.88E-06,3.77495218,0.00066168
-8.84E-06,3.81800583,0.000183697
-8.80E-06,3.859464901,-0.000851934
-8.76E-06,3.893748363,-0.000373951
-8.72E-06,3.938396593,-0.000533279
-8.68E-06,3.983044823,-0.000533279
-8.64E-06,4.019720154,-0.001090926
-8.60E-06,4.065962963,-0.001967229
-8.56E-06,4.109813903,-0.000533279
-8.52E-06,4.144894655,-0.000931598
-8.48E-06,4.199110363,2.44E-05
-8.44E-06,4.235785694,-0.001250254
-8.40E-06,4.266082707,-0.000851934
-8.36E-06,4.313920096,-0.00077227
-8.32E-06,4.352987297,-0.001011262
-8.28E-06,4.38727076,-0.000692606
-8.24E-06,4.436702728,-0.001250254
-8.20E-06,4.485337407,-0.001011262
-8.16E-06,4.521215449,-0.002206221
-8.12E-06,4.551512462,-0.000692606
-8.08E-06,4.599349851,-0.000851934
-8.04E-06,4.621673966,-0.001409582
-8.00E-06,4.670308645,-0.001409582
-7.96E-06,4.716551454,2.44E-05
-7.92E-06,4.754024075,-0.000533279
-7.88E-06,4.801861464,-0.000692606
-7.84E-06,4.840928665,-0.000533279
-7.80E-06,4.884779605,-0.00117059
-7.76E-06,4.915873908,-0.000294287
-7.72E-06,4.957332979,-0.000931598
-7.68E-06,4.991616441,-0.000851934
-7.64E-06,5.03706196,-0.002365548
-7.60E-06,5.071345422,-0.00077227
-7.56E-06,5.104831595,-0.000851934
-7.52E-06,5.141506926,-0.001250254
-7.48E-06,5.191736185,-0.00117059
-7.44E-06,5.238776284,-0.001329918
-7.40E-06,5.269870587,-0.000294287
-7.36E-06,5.319302555,0.000104033
-7.32E-06,5.354383307,0.000502352
-7.28E-06,5.391058639,0.000104033
-7.24E-06,5.438896028,-0.000373951
-7.20E-06,5.469990331,-0.000214623
-7.16E-06,5.513841271,-0.001011262
-7.12E-06,5.557692211,-0.000134959
-7.08E-06,5.582408195,-0.000214623
-7.04E-06,5.619083526,-0.00077227
-7.00E-06,5.672501944,0.000582016
-6.96E-06,5.712366435,-0.000214623
-6.92E-06,5.749839056,-0.001568909
-6.88E-06,5.798473735,0.000104033
-6.84E-06,5.828770748,0.00026336
-6.80E-06,5.867040659,0.000422688
-6.76E-06,5.910891599,-0.000294287
-6.72E-06,5.95314796,-0.000612942
-6.68E-06,5.99460703,0.000422688
-6.64E-06,6.027295913,-0.000453615
-6.60E-06,6.067957693,0.000183697
-6.56E-06,6.100646576,-0.000373951
-6.52E-06,6.139713777,-0.000692606
-6.48E-06,6.179578268,0.000343024
-6.44E-06,6.225023787,0.000582016
-6.40E-06,6.267280147,0.000343024
-6.36E-06,6.305550059,-0.000373951
-6.32E-06,6.334252492,-0.000533279
-6.28E-06,6.373319693,0.000104033
-6.24E-06,6.417170633,-0.000214623
-6.20E-06,6.453048675,-0.000851934
-6.16E-06,6.492115876,-0.000134959
-6.12E-06,6.537561395,-0.000692606
-6.08E-06,6.572642147,0.000104033
-6.04E-06,6.615695797,0.000821008
-6.00E-06,6.657952158,-0.000453615
-5.96E-06,6.696222069,-0.000692606
-5.92E-06,6.73688385,-0.000612942
-5.88E-06,6.784721239,-0.001967229
-5.84E-06,6.815018252,-0.001250254
-5.80E-06,6.842923395,-0.000851934
-5.76E-06,6.887571625,-0.000533279
-5.72E-06,6.923449667,2.44E-05
-5.68E-06,6.974476215,0.000821008
-5.64E-06,7.020719024,0.000821008
-5.60E-06,7.058191646,-0.000692606
-5.56E-06,7.085299499,0.000582016
-5.52E-06,7.129947729,0.000980336
-5.48E-06,7.173798669,-0.000373951
-5.44E-06,7.216852319,0.000582016
-5.40E-06,7.242365593,0.000104033
-5.36E-06,7.286216533,0.000422688
-5.32E-06,7.319702706,-0.000692606
-5.28E-06,7.351594298,0.000582016
-5.24E-06,7.406607296,-0.000453615
-5.20E-06,7.43052599,0.000343024
-5.16E-06,7.476768799,-0.000294287
-5.12E-06,7.514241421,-0.000294287
-5.08E-06,7.555700491,2.44E-05
-5.04E-06,7.583605635,-0.000214623
-5.00E-06,7.638618632,-0.000214623
-4.96E-06,7.672104805,-0.000214623
-4.92E-06,7.699212658,0.000502352
-4.88E-06,7.752631076,0.000582016
-4.84E-06,7.798076596,-0.00077227
-4.80E-06,7.825184449,0.000900672
-4.76E-06,7.862657071,0.000741344
-4.72E-06,7.895345953,0.000343024
-4.68E-06,7.942386052,-0.001489245
-4.64E-06,7.980655964,-0.000612942
-4.60E-06,8.016534005,2.44E-05
-4.56E-06,8.042844569,0.001059999
-4.52E-06,8.092276538,0.000900672
-4.48E-06,8.135330188,0.00026336
-4.44E-06,8.165627201,-0.00117059
-4.40E-06,8.200707953,0.000104033
-4.36E-06,8.241369734,-0.000373951
-4.32E-06,8.274058616,0.000582016
-4.28E-06,8.321896005,0.000422688
-4.24E-06,8.359368627,-0.000134959
-4.20E-06,8.38966564,-0.000453615
-4.16E-06,8.434313869,0.000343024
-4.12E-06,8.47577294,0.000422688
-4.08E-06,8.503678083,0.00026336
-4.04E-06,8.539556125,0.000741344
-4.00E-06,8.584204355,0.001219327
-3.96E-06,8.622474266,-0.000294287
-3.92E-06,8.652771279,-0.000214623
-3.88E-06,8.696622219,0.000422688
-3.84E-06,8.738081289,0.000741344
-3.80E-06,8.773162041,0.002015966
-3.76E-06,8.817810271,0.000900672
-3.72E-06,8.841728966,0.000343024
-3.68E-06,8.881593457,0.001059999
-3.64E-06,8.922255237,0.002653278
-3.60E-06,8.966903467,0.00026336
-3.56E-06,8.992416741,0.001219327
-3.52E-06,9.024308334,0.000422688
-3.48E-06,9.072145723,0.001458319
-3.44E-06,9.093672548,0.000900672
-3.40E-06,9.136726198,0.000741344
-3.36E-06,9.180577138,0.000502352
-3.32E-06,9.194928354,0.001219327
-3.28E-06,9.25711696,-0.000294287
-3.24E-06,9.283427524,0.001697311
-3.20E-06,9.320900146,0.000343024
-3.16E-06,9.360764636,0.001458319
-3.12E-06,9.407804736,0.000343024
-3.08E-06,9.435709879,0.000343024
-3.04E-06,9.485141848,0.000821008
-3.00E-06,9.513046991,0.000741344
-2.96E-06,9.540154845,0.001458319
-2.92E-06,9.583208495,0.000183697
-2.88E-06,9.616694668,0.000183697
-2.84E-06,9.642207942,0.000900672
-2.80E-06,9.689248041,0.00066168
-2.76E-06,9.725126083,0.001139663
-2.72E-06,9.748247487,0.000582016
-2.68E-06,9.787314688,0.000980336
-2.64E-06,9.829571049,0.00066168
-2.60E-06,9.851097874,0.001298991
-2.56E-06,9.905313581,0.00066168
-2.52E-06,9.934016015,0.000741344
-2.48E-06,9.963515738,-0.000373951
-2.44E-06,9.994610041,0.001697311
-2.40E-06,10.0288935,0.000422688
-2.36E-06,10.0607851,0.000900672
-2.32E-06,10.09746043,0.001059999
-2.28E-06,10.12775744,0.001298991
-2.24E-06,10.15885174,-0.000214623
-2.20E-06,10.17958128,0.001059999
-2.16E-06,10.22104035,0.000900672
-2.12E-06,10.24336446,0.001219327
-2.08E-06,10.28482353,0.000741344
-2.04E-06,10.31352597,0.000900672
-2.00E-06,10.34541756,0.00066168
-1.96E-06,10.3661471,0.001856639
-1.92E-06,10.40122785,0.001537983
-1.88E-06,10.42195738,0.000104033
-1.84E-06,10.4522544,0.00209563
-1.80E-06,10.4753758,0.001298991
-1.76E-06,10.49690263,0.001856639
-1.72E-06,10.49530805,0.000183697
-1.68E-06,10.51922674,0.000821008
-1.64E-06,10.51284842,0.000582016
-1.60E-06,10.5303888,0.001298991
-1.56E-06,10.52879422,0.001617647
-1.52E-06,10.54075357,0.000821008
-1.48E-06,10.52640235,0.000502352
-1.44E-06,10.5383617,0.000422688
-1.40E-06,10.53915899,0.000980336
-1.36E-06,10.52959151,0.001059999
-1.32E-06,10.52560506,0.001139663
-1.28E-06,10.53915899,0.000741344
-1.24E-06,10.53437525,0.001458319
-1.20E-06,10.53596983,0.000821008
-1.16E-06,10.54633459,0.001298991
-1.12E-06,10.54633459,0.000821008
-1.08E-06,10.53756441,0.001059999
-1.04E-06,10.56387497,0.000422688
-1.00E-06,10.55988852,0.001936302
-9.60E-07,10.57663161,0.001139663
-9.20E-07,10.57583432,0.000900672
-8.80E-07,10.58619908,0.000422688
-8.40E-07,10.57902348,0.001537983
-8.00E-07,10.58460451,0.001617647
-7.60E-07,10.58460451,0.00249395
-7.20E-07,10.58300993,0.000900672
-6.80E-07,10.58779366,0.001617647
-6.40E-07,10.58460451,0.001378655
-6.00E-07,10.56546955,0.002334622
-5.60E-07,10.56228039,0.001776975
-5.20E-07,10.56467226,0.00249395
-4.80E-07,10.55430749,0.00066168
-4.40E-07,10.5383617,0.002573614
-4.00E-07,10.53995628,0.001856639
-3.60E-07,10.52879422,0.002254958
-3.20E-07,10.52799693,0.00209563
-2.80E-07,10.53676712,0.000741344
-2.40E-07,10.51364571,0.001776975
-2.00E-07,10.52640235,0.001617647
-1.60E-07,10.52799693,0.001617647
-1.20E-07,10.51125384,0.002175294
-8.00E-08,10.50168636,0.000741344
-4.00E-08,10.49451076,0.001378655
0,10.48653786,0.001458319
4.00E-08,10.47378122,0.001219327
8.00E-08,10.45544355,0.000821008
1.20E-07,10.42434925,0.001537983
1.60E-07,10.39245766,0.001378655
2.00E-07,10.37252541,0.000821008
2.40E-07,10.32389073,0.00066168
2.80E-07,10.27126961,0.00026336
3.20E-07,10.2250268,0.000821008
3.60E-07,10.17639212,0.000980336
4.00E-07,10.11579809,0.001219327
4.40E-07,10.06556883,0.001059999
4.80E-07,9.994610041,0.001378655
5.20E-07,9.936407884,0.001458319
5.60E-07,9.882989466,0.001697311
6.00E-07,9.843922265,0.001139663
6.40E-07,9.78093637,0.000741344
6.80E-07,9.73628814,0.001617647
7.20E-07,9.701207388,0.000741344
7.60E-07,9.657356448,0.001856639
8.00E-07,9.630248594,0.001139663
8.40E-07,9.60792448,0.002175294
8.80E-07,9.573641017,0.001378655
9.20E-07,9.538560265,0.001617647
9.60E-07,9.510655122,0.001219327
1.00E-06,9.486736427,0.001378655
1.04E-06,9.454047545,0.001697311
1.08E-06,9.418966793,0.001059999
1.12E-06,9.379102302,-0.000134959
1.16E-06,9.332859493,0.000980336
1.20E-06,9.30017061,0.000900672
1.24E-06,9.245954903,0.000343024
1.28E-06,9.209279571,0.000343024
1.32E-06,9.16941508,0.000502352
1.36E-06,9.119983112,0.000343024
1.40E-06,9.090483388,0.001458319
1.44E-06,9.057794506,0.001378655
1.48E-06,9.005173378,0.000741344
1.52E-06,8.969295336,0.001537983
1.56E-06,8.931822715,0.000582016
1.60E-06,8.884782616,0.002015966
1.64E-06,8.846512705,0.001537983
1.68E-06,8.818607561,0.001776975
1.72E-06,8.771567462,0.000183697
1.76E-06,8.727716522,0.000741344
1.80E-06,8.6902439,0.001219327
1.84E-06,8.663933337,0.000343024
1.88E-06,8.620082397,0.000183697
1.92E-06,8.581015196,0.000183697
1.96E-06,8.551515472,0.001219327
2.00E-06,8.505272663,0.000104033
2.04E-06,8.480556679,-0.000214623
2.08E-06,8.439097608,0.000821008
2.12E-06,8.396043958,-0.000134959
2.16E-06,8.355382177,0.000422688
2.20E-06,8.319504136,0.000502352
2.24E-06,8.266883008,0.000422688
2.28E-06,8.244558893,-0.000134959
2.32E-06,8.200707953,0.001059999
2.36E-06,8.160843462,0.000422688
2.40E-06,8.119384392,0.000582016
2.44E-06,8.079519901,0.000422688
2.48E-06,8.034871671,-0.00117059
2.52E-06,8.005371948,0.000502352
2.56E-06,7.971885776,0.00066168
2.60E-06,7.928034836,-0.000134959
2.64E-06,7.893751374,0.000741344
2.68E-06,7.861859781,-0.000373951
2.72E-06,7.811630522,-0.000214623
2.76E-06,7.770968742,-0.00077227
2.80E-06,7.73588799,0.000582016
2.84E-06,7.699212658,-0.000692606
2.88E-06,7.64818611,0.000343024
2.92E-06,7.620280966,0.000741344
2.96E-06,7.585997504,0.00026336
3.00E-06,7.531781797,0.000422688
3.04E-06,7.505471233,0.000900672
3.08E-06,7.459228423,0.000582016
3.12E-06,7.417769353,0.000980336
3.16E-06,7.385080471,0.000582016
3.20E-06,7.3436214,-0.00077227
3.24E-06,7.29977046,-0.000692606
3.28E-06,7.265486998,0.000422688
3.32E-06,7.220838768,2.44E-05
3.36E-06,7.186555306,-0.000373951
3.40E-06,7.145893525,-0.000612942
3.44E-06,7.103637165,0.000741344
3.48E-06,7.066164544,-0.000931598
3.52E-06,7.023110894,0.00026336
3.56E-06,6.970489766,0.000183697
3.60E-06,6.939395463,0.000183697
3.64E-06,6.896341813,0.000821008
3.68E-06,6.855680032,-0.000214623
3.72E-06,6.814220962,0.000183697
3.76E-06,6.781532079,-0.000453615
3.80E-06,6.73528927,2.44E-05
3.84E-06,6.704992257,0.000422688
3.88E-06,6.670708795,0.000422688
3.92E-06,6.634033463,-0.000373951
3.96E-06,6.587790654,2.44E-05
4.00E-06,6.556696351,0.00066168
4.04E-06,6.510453542,-0.000373951
4.08E-06,6.47218363,-0.000294287
4.12E-06,6.438697458,0.001139663
4.16E-06,6.394049228,0.000980336
4.20E-06,6.356576607,2.44E-05
4.24E-06,6.309536508,0.000900672
4.28E-06,6.273658466,0.000104033
4.32E-06,6.226618367,0.000502352
4.36E-06,6.193132195,-0.000533279
4.40E-06,6.156456863,0.000104033
4.44E-06,6.109416764,2.44E-05
4.48E-06,6.068754983,0.001139663
4.52E-06,6.041647129,-0.000373951
4.56E-06,6.004971798,0.000582016
4.60E-06,5.960323568,-0.000294287
4.64E-06,5.919661787,-0.000214623
4.68E-06,5.877405427,0.000502352
4.72E-06,5.831959908,-0.000214623
4.76E-06,5.796879156,-0.000931598
4.80E-06,5.750636346,-0.000612942
4.84E-06,5.709177276,-0.001090926
4.88E-06,5.682069422,0.000422688
4.92E-06,5.649380539,0.001139663
4.96E-06,5.598353991,0.000502352
5.00E-06,5.56088137,0.000582016
5.04E-06,5.520219589,0.000422688
5.08E-06,5.469990331,0.00026336
5.12E-06,5.447666216,0.000900672
5.16E-06,5.397436957,0.000422688
5.20E-06,5.351194148,0.000183697
5.24E-06,5.311329657,0.001139663
5.28E-06,5.282627224,-0.000373951
5.32E-06,5.245154602,0.001059999
5.36E-06,5.206087401,-0.000453615
5.40E-06,5.164628331,-0.00117059
5.44E-06,5.128750289,-0.000453615
5.48E-06,5.094466827,-0.000931598
5.52E-06,5.072142712,-0.000214623
5.56E-06,5.013940556,-0.001648573
5.60E-06,4.969292326,-0.001011262
5.64E-06,4.936603443,-0.00117059
5.68E-06,4.877603997,-0.00117059
5.72E-06,4.839334086,-0.00117059
5.76E-06,4.808239783,-0.000373951
5.80E-06,4.750834916,-0.000533279
5.84E-06,4.707781266,-0.000453615
5.88E-06,4.675092383,-0.002923196
5.92E-06,4.631241444,-0.001568909
5.96E-06,4.574633867,-0.001489245
6.00E-06,4.556296201,-0.001090926
6.04E-06,4.506066942,-0.000931598
6.08E-06,4.468594321,-0.000851934
6.12E-06,4.434310859,-0.001807901
6.16E-06,4.399230107,-0.000692606
6.20E-06,4.357771036,-0.00077227
6.24E-06,4.318703835,-0.001011262
6.28E-06,4.286014953,-0.001409582
6.32E-06,4.242961303,-0.00117059
6.36E-06,4.199907653,-0.000294287
6.40E-06,4.16721877,-0.001409582
6.44E-06,4.12416512,-0.00077227
6.48E-06,4.073138572,-0.000612942
6.52E-06,4.032476791,-0.000294287
6.56E-06,3.991815011,-0.000931598
6.60E-06,3.955139679,-0.000692606
6.64E-06,3.909694159,-0.000931598
6.68E-06,3.870626958,-0.000134959
6.72E-06,3.840329945,-0.000851934
6.76E-06,3.796479005,-0.001489245
6.80E-06,3.756614515,-0.002206221
6.84E-06,3.711168995,-0.000214623
6.88E-06,3.676088243,-0.001489245
6.92E-06,3.629845434,-0.001648573
6.96E-06,3.594764682,-0.000294287
7.00E-06,3.56048122,0.00026336
7.04E-06,3.508657382,-0.001489245
7.08E-06,3.467995601,-0.000533279
7.12E-06,3.425739241,-0.000453615
7.16E-06,3.379496431,0.000343024
7.20E-06,3.346807549,-0.00077227
7.24E-06,3.29976745,-0.001090926
7.28E-06,3.25272735,-0.001011262
7.32E-06,3.21047099,-0.001011262
7.36E-06,3.172998369,0.000900672
7.40E-06,3.129944719,-0.001568909
7.44E-06,3.098850416,-0.000612942
7.48E-06,3.063769664,-0.000612942
7.52E-06,3.013540405,-0.000931598
7.56E-06,2.988027131,-0.001329918
7.60E-06,2.936203293,0.00026336
7.64E-06,2.897933382,-0.001648573
7.68E-06,2.855677022,-0.001329918
7.72E-06,2.827771878,0.000104033
7.76E-06,2.785515518,-0.001807901
7.80E-06,2.73129981,-0.000851934
7.84E-06,2.699408218,-0.001250254
7.88E-06,2.655557278,-0.001329918
7.92E-06,2.614895497,-0.001409582
7.96E-06,2.590179513,-0.001011262
8.00E-06,2.534369226,-0.00117059
8.04E-06,2.488126416,-0.001250254
8.08E-06,2.461815852,-0.000294287
8.12E-06,2.401221826,-0.000612942
8.16E-06,2.354979017,-0.000294287
8.20E-06,2.307938918,-0.000931598
8.24E-06,2.261696108,-0.000612942
8.28E-06,2.21226414,-0.001409582
8.32E-06,2.16681862,-0.001568909
8.36E-06,2.12217039,-0.000373951
8.40E-06,2.077522161,-0.001489245
8.44E-06,2.033671221,-0.00117059
8.48E-06,1.995401309,-0.000533279
8.52E-06,1.95075308,-0.001728237
8.56E-06,1.915672328,-0.001329918
8.60E-06,1.870226808,-0.001967229
8.64E-06,1.81680839,-0.002126557
8.68E-06,1.784916798,-0.001967229
8.72E-06,1.742660438,-0.001011262
8.76E-06,1.705985106,-0.002046893
8.80E-06,1.656553137,-0.002046893
8.84E-06,1.611107618,-0.002046893
8.88E-06,1.570445837,-0.001887565
8.92E-06,1.547324432,-0.001329918
8.96E-06,1.517027419,-0.001887565
9.00E-06,1.476365639,-0.002524876
9.04E-06,1.438893017,-0.001250254
9.08E-06,1.411785164,-0.00117059
9.12E-06,1.378298991,-0.001648573
9.16E-06,1.353583007,-0.002365548
9.20E-06,1.329664312,-0.001648573
9.24E-06,1.291394401,-0.002126557
9.28E-06,1.281029634,-0.00117059
9.32E-06,1.269070286,-0.001807901
9.36E-06,1.237975984,-0.002763868
9.40E-06,1.202097942,-0.001967229
9.44E-06,1.202895232,-0.000851934
9.48E-06,1.171800929,-0.001090926
9.52E-06,1.160638871,-0.001011262
9.56E-06,1.143895785,-0.001409582
9.60E-06,1.136720177,-0.001967229
9.64E-06,1.135922887,-0.000294287
9.68E-06,1.147882234,-0.002126557
9.72E-06,1.151868683,-0.001568909
9.76E-06,1.177381957,-0.002285884
9.80E-06,1.216449158,-0.001250254
9.84E-06,1.259502809,-0.002365548
9.88E-06,1.29538085,-0.001489245
9.92E-06,1.344812819,-0.002126557
9.96E-06,1.414177033,-0.001807901
1.00E-05,1.473973769,-0.000533279
1.00E-05,1.548919012,-0.000931598
1.01E-05,1.614296777,-0.001250254
1.01E-05,1.68685015,-0.001090926
1.02E-05,1.760998103,-0.001967229
1.02E-05,1.843916244,-0.001887565
1.02E-05,1.890956343,-0.001648573
1.03E-05,1.94836121,-0.001329918
1.03E-05,2.011347106,-0.001090926
1.04E-05,2.045630568,0.000741344
1.04E-05,2.098251696,-0.000453615
1.04E-05,2.12535955,-0.000453615
1.05E-05,2.1684132,0.000183697
1.05E-05,2.197115633,-0.000453615
1.06E-05,2.232196385,-0.000294287
1.06E-05,2.258506949,-0.000294287
1.06E-05,2.280831064,0.000104033
1.07E-05,2.318303685,-0.000533279
1.07E-05,2.363749205,-0.000453615
1.08E-05,2.391654348,-0.000612942
1.08E-05,2.433113419,-0.001489245
1.08E-05,2.47058604,-0.000851934
1.09E-05,2.510450531,-0.000692606
1.09E-05,2.5598825,-0.000294287
1.10E-05,2.599746991,-0.00117059
1.10E-05,2.631638583,-0.000533279
1.10E-05,2.682665131,-0.00077227
1.11E-05,2.716151304,-0.000851934
1.11E-05,2.745651027,-0.000931598
1.12E-05,2.797474865,-0.000612942
1.12E-05,2.839731225,-0.001011262
1.12E-05,2.874014687,-0.000453615
1.13E-05,2.90670357,0.00026336
1.13E-05,2.933811424,-0.001807901
1.14E-05,2.972878625,-0.000134959
1.14E-05,3.010351246,-0.000931598
1.14E-05,3.046229288,-0.001250254
1.15E-05,3.066161533,-0.000533279
1.15E-05,3.098850416,-0.000214623
1.16E-05,3.137120327,-0.000851934
1.16E-05,3.16582276,-0.001648573
1.16E-05,3.202498092,-0.000373951
1.17E-05,3.231200525,-0.000931598
1.17E-05,3.272659596,-0.000692606
1.18E-05,3.306145768,-0.001090926
1.18E-05,3.335645491,-0.00117059
1.18E-05,3.361956055,-0.001011262
1.19E-05,3.401820546,-0.000134959
1.19E-05,3.438495878,-0.001887565
1.20E-05,3.469590181,-0.000851934
1.20E-05,3.511049251,-0.000214623
1.20E-05,3.551711032,-0.000134959
1.21E-05,3.589980943,-0.000294287
1.21E-05,3.629845434,0.00026336
1.22E-05,3.679277402,-0.001250254
1.22E-05,3.716750024,-0.000851934
1.22E-05,3.763790123,0.000343024
1.23E-05,3.812424802,-0.001250254
1.23E-05,3.849897423,2.44E-05
1.24E-05,3.894545653,0.00026336
1.24E-05,3.936802013,-0.000931598
1.24E-05,3.983044823,-0.001329918
1.25E-05,4.008558097,-0.001090926
1.25E-05,4.055598196,-0.000692606
1.26E-05,4.100246426,0.000502352
1.26E-05,4.144894655,-0.001090926
1.26E-05,4.183961856,-0.000931598
1.27E-05,4.222231768,0.000343024
1.27E-05,4.268474577,-0.000692606
1.28E-05,4.303555329,-0.000134959
1.28E-05,4.348203559,-0.001329918
1.28E-05,4.375311412,-0.000931598
1.29E-05,4.419162352,0.000104033
1.29E-05,4.455040394,-0.000851934
1.30E-05,4.497296754,-0.00077227
1.30E-05,4.544336854,-0.001329918
1.30E-05,4.583404055,0.00066168
1.31E-05,4.633633313,-0.000612942
1.31E-05,4.665524906,-0.000373951
1.32E-05,4.701402947,-0.001011262
1.32E-05,4.742862018,-0.001409582
1.32E-05,4.7755509,-0.000294287
1.33E-05,4.837739506,-0.000453615
1.33E-05,4.86325278,-0.000851934
1.34E-05,4.903914561,-0.000612942
1.34E-05,4.942981762,2.44E-05
1.34E-05,4.978859804,-0.001409582
1.35E-05,5.025899903,-0.001967229
1.35E-05,5.078521031,-0.000134959
1.36E-05,5.097655986,0.00026336
1.36E-05,5.143101506,-0.000533279
1.36E-05,5.182965997,0.000104033
1.37E-05,5.21246572,0.000183697
1.37E-05,5.269870587,-0.000373951
1.38E-05,5.301762179,0.000343024
1.38E-05,5.34242396,-0.00117059
1.38E-05,5.380693871,-0.00077227
1.39E-05,5.434909579,0.00026336
1.39E-05,5.466003882,0.000502352
1.40E-05,5.506665662,-0.000214623
1.40E-05,5.549719312,0.000104033
1.40E-05,5.576827166,2.44E-05
1.41E-05,5.618286237,0.000104033
1.41E-05,5.665326336,-0.000373951
1.42E-05,5.704393537,0.000900672
1.42E-05,5.742663448,-0.000533279
1.42E-05,5.787311678,0.000183697
1.43E-05,5.829568038,2.44E-05
1.43E-05,5.86305421,2.44E-05
1.44E-05,5.902121411,-0.000134959
1.44E-05,5.937202163,0.000104033
1.44E-05,5.988228712,0.000900672
1.45E-05,6.025701333,-0.00117059
1.45E-05,6.060782085,-0.000692606
1.46E-05,6.097457416,0.000343024
1.46E-05,6.150078544,-0.000214623
1.46E-05,6.189145745,-0.001329918
1.47E-05,6.226618367,-0.000692606
1.47E-05,6.268874727,0.000741344
1.48E-05,6.303158189,-0.000294287
1.48E-05,6.34222539,0.000183697
1.48E-05,6.371725113,-0.000214623
1.49E-05,6.412386894,-0.000692606
1.49E-05,6.447467646,-0.000453615
1.50E-05,6.484940267,0.001059999
1.50E-05,6.524007468,0.000104033
1.50E-05,6.55988551,0.001298991
1.51E-05,6.598155421,2.44E-05
1.51E-05,6.652371129,0.000422688
1.52E-05,6.678681693,0.00026336
1.52E-05,6.724127212,0.000422688
1.52E-05,6.760005254,-0.000533279
1.53E-05,6.807842643,0.000422688
1.53E-05,6.853288163,0.00026336
1.54E-05,6.887571625,0.00026336
1.54E-05,6.923449667,-0.000294287
1.54E-05,6.960922288,-0.000214623
1.55E-05,7.008759677,0.00066168
1.55E-05,7.043043139,0.00066168
1.56E-05,7.077326601,0.000502352
1.56E-05,7.130745019,0.000741344
1.56E-05,7.160244742,-0.001329918
1.57E-05,7.198514653,0.001219327
1.57E-05,7.248743912,0.000741344
1.58E-05,7.272662606,0.001219327
1.58E-05,7.309337938,-0.000612942
1.58E-05,7.356378037,0.00066168
1.59E-05,7.399431687,-0.001011262
1.59E-05,7.43212057,-0.000373951
1.60E-05,7.466404032,0.000104033
1.60E-05,7.502282074,-0.000214623
1.60E-05,7.551714042,0.000980336
1.61E-05,7.589186664,-0.000373951
1.61E-05,7.625861995,0.000821008
1.62E-05,7.668118355,0.001617647
1.62E-05,7.703199107,0.000183697
1.62E-05,7.73349612,-0.000851934
1.63E-05,7.77894164,0.000741344
1.63E-05,7.809238653,-0.000214623
1.64E-05,7.851495013,0.00026336
1.64E-05,7.888967635,0.00066168
1.64E-05,7.928832126,0.000422688
1.65E-05,7.967102037,-0.000533279
1.65E-05,7.991020731,0.000183697
1.66E-05,8.04124999,0.000582016
1.66E-05,8.071547003,0.000980336
1.66E-05,8.105830465,-0.00077227
1.67E-05,8.151275984,0.000422688
1.67E-05,8.189545896,-0.000931598
1.68E-05,8.219045619,0.000502352
1.68E-05,8.270869457,0.000741344
1.68E-05,8.305950209,0.00066168
1.69E-05,8.352990308,-0.000692606
1.69E-05,8.38966564,-0.000692606
1.70E-05,8.428732841,-0.001011262
1.70E-05,8.454246115,-0.000294287
1.70E-05,8.499691634,-0.000214623
1.71E-05,8.527596778,-0.000134959
1.71E-05,8.56188024,0.000980336
1.72E-05,8.612906788,-0.000214623
1.72E-05,8.64878483,0.000741344
1.72E-05,8.671108945,0.000900672
1.73E-05,8.721338203,0.000422688
1.73E-05,8.761999984,-0.000533279
1.74E-05,8.783526809,0.000900672
1.74E-05,8.813026532,0.000582016
1.74E-05,8.86644495,0.001059999
1.75E-05,8.896741963,-0.000294287
1.75E-05,8.944579352,0.00066168
1.76E-05,8.980457394,2.44E-05
1.76E-05,9.024308334,0.000582016
1.76E-05,9.063375535,0.001219327
1.77E-05,9.099253576,0.000183697
1.77E-05,9.12795601,0.001537983
1.78E-05,9.165428631,0.00066168
1.78E-05,9.206887702,0.000422688
1.78E-05,9.242765743,0.000900672
1.79E-05,9.291400422,0.000422688
1.79E-05,9.326481174,0.001139663
1.80E-05,9.349602579,-0.000134959
1.80E-05,9.373521273,0.000900672
1.80E-05,9.424547822,0.000821008
1.81E-05,9.454844835,0.00066168
1.81E-05,9.481155399,0.000422688
1.82E-05,9.524209049,0.001617647
1.82E-05,9.554506062,0.000741344
1.82E-05,9.586397654,0.000104033
1.83E-05,9.616694668,0.000900672
1.83E-05,9.664532057,0.000900672
1.84E-05,9.699612808,-0.000294287
1.84E-05,9.729909822,0.001378655
1.84E-05,9.764193284,0.000343024
1.85E-05,9.795287586,-0.000373951
1.85E-05,9.841530396,0.000502352
1.86E-05,9.886975915,-0.000373951
1.86E-05,9.914083769,0.000741344
1.86E-05,9.948367231,0.001298991
1.87E-05,9.991420881,-0.000134959
1.87E-05,10.02331247,0.001059999
1.88E-05,10.04244743,0.001537983
1.88E-05,10.09267669,0.001378655
1.88E-05,10.11978454,-0.000373951
1.89E-05,10.14848698,0.001219327
1.89E-05,10.18675689,0.001378655
1.90E-05,10.20748642,0.000104033
1.90E-05,10.24097259,0.001936302
1.90E-05,10.28402624,0.001298991
1.91E-05,10.29997204,0.000821008
1.91E-05,10.33266092,0.000821008
1.92E-05,10.3581742,0.00066168
1.92E-05,10.38209289,0.000422688
1.92E-05,10.4203628,0.000821008
1.93E-05,10.44667337,0.000900672
1.93E-05,10.46261916,0.001697311
1.94E-05,10.4753758,0.001059999
1.94E-05,10.48972702,0.001059999
1.94E-05,10.5224159,0.000980336
1.95E-05,10.51364571,0.001776975
1.95E-05,10.53756441,0.001139663
1.96E-05,10.5455373,0.000502352
1.96E-05,10.54314543,0.001776975
1.96E-05,10.53676712,0.001139663
1.97E-05,10.53596983,0.000900672
1.97E-05,10.53198338,0.00066168
1.98E-05,10.53995628,0.001059999
1.98E-05,10.54075357,0.00026336
1.98E-05,10.53915899,0.002254958
1.99E-05,10.55111833,0.001617647
1.99E-05,10.53118609,0.000183697
2.00E-05,10.5455373,0.000741344
2.00E-05,10.54155085,0.000741344
2.00E-05,10.56228039,0.001139663
2.01E-05,10.54234814,0.000821008
2.01E-05,10.5535102,0.000741344
2.02E-05,10.57184787,0.001139663
2.02E-05,10.56786142,0.001059999
2.02E-05,10.58619908,0.000821008
2.03E-05,10.59178011,0.001059999
2.03E-05,10.58141535,0.000821008
2.04E-05,10.57902348,0.000900672
2.04E-05,10.5774289,0.00066168
2.04E-05,10.57663161,0.000183697
2.05E-05,10.58619908,0.000821008
2.05E-05,10.58859095,0.00066168
2.06E-05,10.56865871,0.000741344
2.06E-05,10.55829394,0.001776975
2.06E-05,10.55271291,0.000582016
2.07E-05,10.54633459,0.001617647
2.07E-05,10.54474001,0.001378655
2.08E-05,10.54234814,0.000980336
2.08E-05,10.53357796,0.001697311
2.08E-05,10.53517254,0.001537983
2.09E-05,10.52799693,0.001219327
2.09E-05,10.52002403,0.001059999
2.10E-05,10.51125384,0.001697311
2.10E-05,10.5064701,0.000900672
2.10E-05,10.49769992,0.001298991
2.11E-05,10.49052431,0.001059999
2.11E-05,10.48414599,0.001458319
2.12E-05,10.48015954,0.001059999
2.12E-05,10.45783542,0.000980336
2.12E-05,10.43870047,0.002334622
2.13E-05,10.41557906,0.001378655
2.13E-05,10.37571457,0.002334622
2.14E-05,10.35418775,0.000821008
2.14E-05,10.29917475,0.000980336
2.14E-05,10.24256717,0.001378655
2.15E-05,10.18356773,0.00209563
2.15E-05,10.13493305,0.001059999
2.16E-05,10.0607851,0.000104033
2.16E-05,10.01773145,0.001697311
2.16E-05,9.949961811,0.000741344
2.17E-05,9.906110871,0.000900672
2.17E-05,9.852692453,0.000502352
2.18E-05,9.796882166,0.001378655
2.18E-05,9.762598704,-0.000373951
2.18E-05,9.707585707,0.001059999
2.19E-05,9.675694114,0.00066168
2.19E-05,9.642207942,0.001936302
2.20E-05,9.614302798,0.000821008
2.20E-05,9.583208495,0.00026336
2.20E-05,9.546533164,0.00066168
2.21E-05,9.521817179,0.000104033
2.21E-05,9.489925587,0.000821008
2.22E-05,9.452452965,0.000104033
2.22E-05,9.415777634,0.00066168
2.22E-05,9.38787249,0.000422688
2.23E-05,9.356778187,-0.000134959
2.23E-05,9.30256248,0.00026336
2.24E-05,9.271468177,-0.000134959
2.24E-05,9.225225368,0.00026336
2.24E-05,9.195725644,0.000502352
2.25E-05,9.148685545,0.000343024
2.25E-05,9.097658997,0.000980336
2.26E-05,9.057794506,0.00026336
2.26E-05,9.032281232,0.000183697
2.26E-05,8.971687206,-0.000134959
2.27E-05,8.935011874,-0.000533279
2.27E-05,8.90870131,0.000821008
2.28E-05,8.86564766,0.00066168
2.28E-05,8.813026532,0.000900672
2.28E-05,8.797878026,2.44E-05
2.29E-05,8.744459608,0.000183697
2.29E-05,8.710176146,0.000104033
2.30E-05,8.683865582,-0.000134959
2.30E-05,8.632839034,0.000980336
2.30E-05,8.590582673,0.000183697
2.31E-05,8.565866689,0.000821008
2.31E-05,8.532380517,0.00066168
2.32E-05,8.484543128,0.00026336
2.32E-05,8.453448825,0.000104033
2.32E-05,8.420759942,-0.000533279
2.33E-05,8.369733394,-0.000692606
2.33E-05,8.337044512,-0.000294287
2.34E-05,8.297977311,0.000582016
2.34E-05,8.248545342,0.000422688
2.34E-05,8.200707953,0.001059999
2.35E-05,8.16961365,-0.000692606
2.35E-05,8.131343739,-0.000453615
2.36E-05,8.08350635,0.000502352
2.36E-05,8.057993076,0.000980336
2.36E-05,8.016534005,0.000980336
2.37E-05,7.969493906,0.000821008
2.37E-05,7.930426705,0.000104033
2.38E-05,7.902521562,-0.000612942
2.38E-05,7.86504894,0.00066168
2.38E-05,7.841927535,0.000502352
2.39E-05,7.783725379,0.000343024
2.39E-05,7.755022945,0.00026336
2.40E-05,7.716753034,-0.001489245
2.40E-05,7.670510225,0.000422688
2.40E-05,7.636226763,0.001378655
2.41E-05,7.599551431,-0.000453615
2.41E-05,7.552511332,-0.000214623
2.42E-05,7.510254972,0.001537983
2.42E-05,7.482349828,0.00066168
2.42E-05,7.433715149,-0.000453615
2.43E-05,7.394647948,2.44E-05
2.43E-05,7.364350935,0.00066168
2.44E-05,7.313324387,0.000502352
2.44E-05,7.265486998,0.001298991
2.44E-05,7.235189985,0.00026336
2.45E-05,7.191339045,0.001537983
2.45E-05,7.149082685,0.00066168
2.46E-05,7.112407353,0.000343024
2.46E-05,7.08290763,0.000980336
2.46E-05,7.04065127,0.001219327
2.47E-05,7.006367808,0.000422688
2.47E-05,6.958530419,0.000582016
2.48E-05,6.90830116,0.000741344
2.48E-05,6.883585176,0.000821008
2.48E-05,6.830166758,0.00026336
2.49E-05,6.794288716,0.000502352
2.49E-05,6.771167312,-0.000294287
2.50E-05,6.720140763,-0.000453615
2.50E-05,6.686654591,0.000343024
2.50E-05,6.634830753,-0.000692606
2.51E-05,6.594168972,2.44E-05
2.51E-05,6.557493641,0.000104033
2.52E-05,6.514439991,0.000422688
2.52E-05,6.469791761,0.000183697
2.52E-05,6.425143531,0.000502352
2.53E-05,6.38527904,2.44E-05
2.53E-05,6.368535954,-0.000612942
2.54E-05,6.320698565,0.000502352
2.54E-05,6.290401552,0.000104033
2.54E-05,6.242564163,-0.001489245
2.55E-05,6.200307803,-0.000294287
2.55E-05,6.163632471,0.000183697
2.56E-05,6.132538168,0.00026336
2.56E-05,6.091876388,-0.000851934
2.56E-05,6.04084984,-0.001090926
2.57E-05,6.006566377,-0.00077227
2.57E-05,5.965107307,0.00026336
2.58E-05,5.925242816,-0.00077227
2.58E-05,5.893351223,-0.000373951
2.58E-05,5.840730096,0.000104033
2.59E-05,5.794487286,0.000104033
2.59E-05,5.755420085,0.00066168
2.60E-05,5.713163725,0.000104033
2.60E-05,5.685258581,-0.000373951
2.60E-05,5.643002221,2.44E-05
2.61E-05,5.598353991,0.000741344
2.61E-05,5.564867819,0.000343024
2.62E-05,5.519422299,0.000343024
2.62E-05,5.484341547,-0.000851934
2.62E-05,5.448463506,0.000741344
2.63E-05,5.411788174,0.000422688
2.63E-05,5.368734524,-0.00077227
2.64E-05,5.324086294,2.44E-05
2.64E-05,5.285019093,-0.000134959
2.64E-05,5.239573574,-0.000533279
2.65E-05,5.21326301,-0.00077227
2.65E-05,5.175790388,-0.000453615
2.66E-05,5.12715571,0.000104033
2.66E-05,5.08330477,-0.001329918
2.66E-05,5.049818597,-0.000692606
2.67E-05,5.001981208,0.000343024
2.67E-05,4.969292326,2.44E-05
2.68E-05,4.941387182,-0.000134959
2.68E-05,4.891157924,2.44E-05
2.68E-05,4.856874462,0.00026336
2.69E-05,4.813023522,0.00026336
2.69E-05,4.769172582,-0.000851934
2.70E-05,4.724524352,0.000741344
2.70E-05,4.694227339,0.000582016
2.70E-05,4.651970979,-0.000931598
2.71E-05,4.600147141,-0.000373951
2.71E-05,4.557093491,-0.001728237
2.72E-05,4.511647971,-0.001250254
2.72E-05,4.479756378,-0.000931598
2.72E-05,4.445472916,-0.001329918
2.73E-05,4.397635527,-0.000533279
2.73E-05,4.356176457,-0.001250254
2.74E-05,4.311528227,-0.000373951
2.74E-05,4.276447475,-0.000612942
2.74E-05,4.233393825,-0.001409582
2.75E-05,4.187151016,-0.000134959
2.75E-05,4.16801606,-0.000612942
2.76E-05,4.12496241,0.00026336
2.76E-05,4.086692499,0.000502352
2.76E-05,4.043638849,-0.000692606
2.77E-05,4.000585199,-0.000612942
2.77E-05,3.953545099,-0.000214623
2.78E-05,3.932815564,-0.000453615
2.78E-05,3.884180885,0.00066168
2.78E-05,3.840329945,0.000582016
2.79E-05,3.813222092,0.00066168
2.79E-05,3.759803674,-0.001011262
2.80E-05,3.721533763,2.44E-05
2.80E-05,3.682466562,-0.00077227
2.80E-05,3.64658852,-0.001011262
2.81E-05,3.590778233,-0.001728237
2.81E-05,3.562075799,-0.000612942
2.82E-05,3.511846541,-0.000931598
2.82E-05,3.481549528,-0.001967229
2.82E-05,3.446468776,-0.00077227
2.83E-05,3.410590734,0.000502352
2.83E-05,3.357969606,-0.000214623
2.84E-05,3.324483434,-0.001728237
2.84E-05,3.276646045,-0.000134959
2.84E-05,3.237578844,-0.000851934
2.85E-05,3.193727904,-0.001728237
2.85E-05,3.155457993,2.44E-05
2.86E-05,3.110012473,-0.001329918
2.86E-05,3.064566954,-0.001090926
2.86E-05,3.014337695,-0.001887565
2.87E-05,2.968892176,-0.000373951
2.87E-05,2.944973481,-0.001090926
2.88E-05,2.896338802,-0.001409582
2.88E-05,2.871622818,-0.00117059
2.88E-05,2.842123095,-0.000851934
2.89E-05,2.795880285,-0.000931598
2.89E-05,2.740867288,2.44E-05
2.90E-05,2.715354014,-0.001090926
2.90E-05,2.673097654,-0.000533279
2.90E-05,2.629246714,-0.000214623
2.91E-05,2.596557831,-0.000692606
2.91E-05,2.545531283,-0.000373951
2.92E-05,2.483342677,-0.00117059
2.92E-05,2.464207722,-0.001728237
2.92E-05,2.415573043,-0.000453615
2.93E-05,2.360560045,-0.001409582
2.93E-05,2.317506395,-0.000931598
2.94E-05,2.263290688,-0.001090926
2.94E-05,2.214656009,-0.000214623
2.94E-05,2.16522404,-0.001011262
2.95E-05,2.129345999,0.000422688
2.95E-05,2.084697769,-0.001250254
2.96E-05,2.042441409,-0.001409582
2.96E-05,1.99380673,-0.00077227
2.96E-05,1.962712427,-0.00117059
2.97E-05,1.910888589,-0.001489245
2.97E-05,1.882186155,-0.002046893
2.98E-05,1.826375868,-0.000931598
2.98E-05,1.791295116,-0.001648573
2.98E-05,1.753025205,-0.00117059
2.99E-05,1.709971555,-0.001090926
2.99E-05,1.662931456,-0.001090926
3.00E-05,1.635026312,-0.002206221
3.00E-05,1.588783503,-0.001489245
3.00E-05,1.544932563,-0.001011262
3.01E-05,1.522608448,-0.001011262
3.01E-05,1.491514145,-0.001090926
3.02E-05,1.452446944,-0.001489245
3.02E-05,1.414177033,-0.00117059
3.02E-05,1.386271889,-0.001011262
3.03E-05,1.345610109,-0.00077227
3.03E-05,1.312921226,-0.00117059
3.04E-05,1.300164589,-0.001648573
3.04E-05,1.273056735,-0.002206221
3.04E-05,1.256313649,-0.001329918
3.05E-05,1.228408506,-0.001648573
3.05E-05,1.21007084,-0.001329918
3.06E-05,1.199706072,-0.002365548
3.06E-05,1.181368407,-0.00260454
3.06E-05,1.162233451,-0.001967229
3.07E-05,1.154260553,-0.001967229
3.07E-05,1.139909336,-0.000931598
3.08E-05,1.129544568,-0.001568909
3.08E-05,1.135922887,-0.002206221
3.08E-05,1.144693075,-0.001489245
3.09E-05,1.162233451,-0.001409582
3.09E-05,1.199706072,-0.001489245
3.10E-05,1.231597665,-0.001887565
3.10E-05,1.269070286,-0.002524876
3.10E-05,1.328867023,-0.001489245
3.11E-05,1.388663759,-0.001967229
3.11E-05,1.450852365,-0.002046893
3.12E-05,1.525000318,-0.001011262
3.12E-05,1.615891357,-0.001807901
3.12E-05,1.680471832,-0.001250254
3.13E-05,1.751430626,-0.001489245
3.13E-05,1.827173158,-0.001090926
3.14E-05,1.877402417,-0.002126557
3.14E-05,1.943577471,-0.001011262
3.14E-05,2.007360657,-0.000612942
3.15E-05,2.045630568,-0.000373951
3.15E-05,2.100643565,-0.000373951
3.16E-05,2.127751419,-0.000214623
3.16E-05,2.169210489,-0.000612942
3.16E-05,2.206683111,-0.00077227
3.17E-05,2.227412646,-0.000851934
3.17E-05,2.268074427,-0.000134959
3.18E-05,2.287209382,-0.000214623
3.18E-05,2.325479294,-0.001011262
3.18E-05,2.358168176,-0.001250254
3.19E-05,2.382086871,-0.000851934
3.19E-05,2.42912697,-0.001250254
3.20E-05,2.462613142,2.44E-05
3.20E-05,2.497693894,-0.000533279
3.20E-05,2.547923152,-0.001648573
3.21E-05,2.579017455,-0.001728237
3.21E-05,2.615692787,-0.002285884
3.22E-05,2.670705784,-0.00117059
3.22E-05,2.710570275,-0.001090926
3.22E-05,2.738475419,-0.001011262
3.23E-05,2.781529069,-0.001409582
3.23E-05,2.82139356,-0.000851934
3.24E-05,2.856474311,-0.001250254
3.24E-05,2.889960484,-0.000533279
3.24E-05,2.923446656,-0.000692606
3.25E-05,2.956135539,-0.001489245
3.25E-05,2.996797319,-0.001409582
3.26E-05,3.025499753,0.000183697
3.26E-05,3.050215737,-0.000851934
3.26E-05,3.096458546,-0.00077227
3.27E-05,3.118782661,2.44E-05
3.27E-05,3.164228181,-0.001648573
3.28E-05,3.198511643,2.44E-05
3.28E-05,3.237578844,-0.000931598
3.28E-05,3.258308379,-0.001489245
3.29E-05,3.285416233,-0.000851934
3.29E-05,3.314118666,-0.001489245
3.30E-05,3.356375027,-0.00117059
3.30E-05,3.392253068,-0.000214623
3.30E-05,3.42653653,-0.00077227
3.31E-05,3.464009152,-0.000373951
3.31E-05,3.503873643,0.000183697
3.32E-05,3.536562525,-0.002365548
3.32E-05,3.594764682,-0.001409582
3.32E-05,3.625858985,-0.001250254
3.33E-05,3.677682823,-0.000931598
3.33E-05,3.719939183,-0.000612942
3.34E-05,3.755817225,-0.001011262
3.34E-05,3.799668165,-0.00117059
3.34E-05,3.841924525,-0.000851934
3.35E-05,3.886572755,-0.00117059
3.35E-05,3.928829115,-0.000533279
3.36E-05,3.979855663,-0.000134959
3.36E-05,4.002977068,-0.000692606
3.36E-05,4.050814457,-0.000294287
3.37E-05,4.092273527,-0.000851934
3.37E-05,4.1257597,0.000502352
3.38E-05,4.178380828,0.00066168
3.38E-05,4.21106971,-0.000214623
3.38E-05,4.250934201,-0.000134959
3.39E-05,4.301163459,-0.000214623
3.39E-05,4.336244211,-0.000612942
3.40E-05,4.375311412,-0.000134959
3.40E-05,4.423946091,0.000183697
3.40E-05,4.47258077,0.00026336
3.41E-05,4.494107595,2.44E-05
3.41E-05,4.549120592,-0.000533279
3.42E-05,4.588985083,-0.000373951
3.42E-05,4.622471256,0.000502352
3.42E-05,4.667916775,-0.000134959
3.43E-05,4.706186686,-0.000851934
3.43E-05,4.745253887,0.000343024
3.44E-05,4.7755509,-0.000612942
3.44E-05,4.816212681,0.000821008
3.44E-05,4.861658201,-0.000533279
3.45E-05,4.901522691,-0.001250254
3.45E-05,4.935806154,-0.000453615
3.46E-05,4.981251673,-0.000692606
3.46E-05,5.010751396,0.000502352
3.46E-05,5.060183365,0.000502352
3.47E-05,5.091277668,-0.000294287
3.47E-05,5.133534028,-0.000453615
3.48E-05,5.182168707,0.000104033
3.48E-05,5.2140603,-0.001887565
3.48E-05,5.25711395,-0.001568909
3.49E-05,5.29937031,-0.000294287
3.49E-05,5.328870033,-0.000533279
3.50E-05,5.372720973,0.000183697
3.50E-05,5.412585464,-0.000373951
3.50E-05,5.454841824,-0.002046893
3.51E-05,5.493909025,-0.000533279
3.51E-05,5.540151835,-0.00077227
3.52E-05,5.576029876,-0.000612942
3.52E-05,5.610313338,-0.000214623
3.52E-05,5.657353438,0.000104033
3.53E-05,5.703596247,-0.000533279
3.53E-05,5.724325782,0.000582016
3.54E-05,5.786514388,-0.000214623
3.54E-05,5.808838503,-0.000851934
3.54E-05,5.843919255,0.00026336
3.55E-05,5.897337672,0.00066168
3.55E-05,5.937999453,0.000183697
3.56E-05,5.972282915,0.00026336
3.56E-05,6.018525725,0.000502352
3.56E-05,6.061579375,-0.000134959
3.57E-05,6.095862837,-0.000294287
3.57E-05,6.135727328,0.000104033
3.58E-05,6.177983688,2.44E-05
3.58E-05,6.21306444,-0.000134959
3.58E-05,6.247347902,0.000821008
3.59E-05,6.283225944,-0.000214623
3.59E-05,6.323090435,-0.000931598
3.60E-05,6.366941375,-0.000134959
3.60E-05,6.406008576,0.00026336
3.60E-05,6.441089328,0.000582016
3.61E-05,6.47537279,0.00066168
3.61E-05,6.528791207,2.44E-05
3.62E-05,6.558290931,0.000104033
3.62E-05,6.594168972,0.000582016
3.62E-05,6.655560288,-0.000612942
3.63E-05,6.688249171,0.000502352
3.63E-05,6.714559735,0.000183697
3.64E-05,6.763991703,0.000422688
3.64E-05,6.797477876,2.44E-05
3.64E-05,6.836545077,-0.000214623
3.65E-05,6.878004147,-0.000294287
3.65E-05,6.923449667,2.44E-05
3.66E-05,6.95374668,0.000900672
3.66E-05,6.998394909,-0.000294287
3.66E-05,7.04144856,0.000900672
3.67E-05,7.08211034,0.001139663
3.67E-05,7.114001933,0.000980336
3.68E-05,7.164231191,0.00066168
3.68E-05,7.181771567,0.000183697
3.68E-05,7.224027928,0.00026336
3.69E-05,7.269473447,0.000900672
3.69E-05,7.322094575,-0.000134959
3.70E-05,7.346013269,0.000422688
3.70E-05,7.385080471,0.000183697
3.70E-05,7.420958512,-0.000214623
3.71E-05,7.465606742,0.000183697
3.71E-05,7.507065812,0.00026336
3.72E-05,7.536565536,0.000104033
3.72E-05,7.570051708,-0.000533279
3.72E-05,7.609118909,0.000980336
3.73E-05,7.656159008,-0.000692606
3.73E-05,7.679280413,0.00026336
3.74E-05,7.7350907,-0.000214623
3.74E-05,7.773360611,0.001298991
3.74E-05,7.819603421,0.000502352
3.75E-05,7.852292303,0.000980336
3.75E-05,7.895345953,2.44E-05
3.76E-05,7.932021285,0.000502352
3.76E-05,7.964710167,-0.000214623
3.76E-05,8.006169238,0.00026336
3.77E-05,8.04124999,-0.000134959
3.77E-05,8.08350635,0.000741344
3.78E-05,8.112208783,0.001139663
3.78E-05,8.153667854,0.001298991
3.78E-05,8.208680851,0.000582016
3.79E-05,8.228613097,0.000104033
3.79E-05,8.270869457,0.001298991
3.80E-05,8.30036918,0.000183697
3.80E-05,8.336247222,0.000582016
3.80E-05,8.384084611,0.000980336
3.81E-05,8.420759942,0.000980336
3.81E-05,8.455840694,0.000183697
3.82E-05,8.481353969,0.000422688
3.82E-05,8.522015749,0.001378655
3.82E-05,8.559488371,0.001059999
3.83E-05,8.589785384,-0.000134959
3.83E-05,8.628852585,0.001378655
3.84E-05,8.669514365,-0.00077227
3.84E-05,8.710973436,0.000343024
3.84E-05,8.754824376,0.000422688
3.85E-05,8.800269895,-0.000453615
3.85E-05,8.829769618,0.00026336
3.86E-05,8.879998877,2.44E-05
3.86E-05,8.915876919,0.000183697
3.86E-05,8.95334954,0.000104033
3.87E-05,8.986835712,0.000582016
3.87E-05,9.037064971,0.000502352
3.88E-05,9.065767404,0.00066168
3.88E-05,9.088888809,0.001458319
3.88E-05,9.143104516,0.000821008
3.89E-05,9.16941508,0.001219327
3.89E-05,9.202103963,0.00026336
3.90E-05,9.235590135,0.001458319
3.90E-05,9.276251916,0.000821008
3.90E-05,9.304157059,0.00066168
3.91E-05,9.328075754,0.002015966
3.91E-05,9.381494172,0.000502352
3.92E-05,9.410196605,0.001697311
3.92E-05,9.452452965,0.000821008
3.92E-05,9.499493064,0.001219327
3.93E-05,9.531384657,2.44E-05
3.93E-05,9.556897931,0.001298991
3.94E-05,9.597559712,2.44E-05
3.94E-05,9.623072986,0.000741344
3.94E-05,9.666126636,0.001059999
3.95E-05,9.703599258,0.000582016
3.95E-05,9.738680009,0.000741344
3.96E-05,9.776152631,0.000502352
3.96E-05,9.812827962,0.000582016
3.96E-05,9.842327686,0.001139663
3.97E-05,9.890165075,0.000104033
3.97E-05,9.918867508,0.000343024
3.98E-05,9.946772652,0.000422688
3.98E-05,9.989029012,0.000422688
3.98E-05,10.02969079,0.000900672
3.99E-05,10.0448393,0.000502352
3.99E-05,10.08310921,0.000741344
4.00E-05,10.11659538,0.000343024
4.00E-05,10.14290595,-0.000612942
4.00E-05,10.17160838,0.001537983
4.01E-05,10.209081,0.001059999
4.01E-05,10.2401753,0.001298991
4.02E-05,10.26728316,0.001139663
4.02E-05,10.28322895,0.000900672
4.02E-05,10.32867447,0.001458319
4.03E-05,10.34860672,0.001537983
4.03E-05,10.38448476,0.001139663
4.04E-05,10.41398448,0.001936302
4.04E-05,10.4363086,0.00066168
4.04E-05,10.46022729,-0.000692606
4.05E-05,10.47776767,0.001219327
4.05E-05,10.50248365,0.001139663
4.06E-05,10.52161861,0.001617647
4.06E-05,10.53596983,0.001697311
4.06E-05,10.5383617,0.001378655
4.07E-05,10.54633459,0.001856639
4.07E-05,10.54792917,0.000980336
4.08E-05,10.54234814,0.001856639
4.08E-05,10.53915899,0.00249395
4.08E-05,10.54394272,0.000821008
4.09E-05,10.53357796,0.002414286
4.09E-05,10.53915899,0.001776975
4.10E-05,10.54394272,0.001697311
4.10E-05,10.55111833,0.001617647
4.10E-05,10.53437525,0.001139663
4.11E-05,10.54792917,0.000741344
4.11E-05,10.55111833,0.000502352
4.12E-05,10.55510478,0.002015966
4.12E-05,10.56228039,0.001697311
4.12E-05,10.55988852,0.00066168
4.13E-05,10.57105058,0.000900672
4.13E-05,10.57503703,0.000502352
4.14E-05,10.58619908,2.44E-05
4.14E-05,10.58540179,0.000183697
4.14E-05,10.58859095,0.001458319
4.15E-05,10.58300993,2.44E-05
4.15E-05,10.5774289,0.000343024
4.16E-05,10.58300993,0.000980336
4.16E-05,10.57025329,0.000422688
4.16E-05,10.56546955,0.001697311
4.17E-05,10.57184787,0.001537983
4.17E-05,10.56068581,0.001458319
4.18E-05,10.55111833,0.001776975
4.18E-05,10.55590207,0.001298991
4.18E-05,10.54314543,0.001298991
4.19E-05,10.5455373,0.001537983
4.19E-05,10.5455373,0.001856639
4.20E-05,10.53995628,0.002015966
4.20E-05,10.53278067,0.001219327
4.20E-05,10.53437525,0.000980336
4.21E-05,10.52401048,0.001458319
4.21E-05,10.51683487,0.001378655
4.22E-05,10.51125384,0.001298991
4.22E-05,10.49929449,0.001059999
4.22E-05,10.47776767,0.00066168
4.23E-05,10.47617309,0.001298991
4.23E-05,10.45464626,0.001059999
4.24E-05,10.42674112,0.000900672
4.24E-05,10.41797093,0.00066168
4.24E-05,10.37890373,0.000900672
4.25E-05,10.33744466,0.001458319
4.25E-05,10.30874223,0.000502352
4.26E-05,10.26329671,0.001139663
4.26E-05,10.19871623,0.001059999
4.26E-05,10.15167613,0.00066168
4.27E-05,10.08550108,0.00026336
4.27E-05,10.02171789,0.001219327
4.28E-05,9.981853404,0.00066168
4.28E-05,9.917272928,0.000422688
4.28E-05,9.863057221,0.000422688
4.29E-05,9.803260485,0.000502352
4.29E-05,9.761801414,0.000422688
4.30E-05,9.711572156,0.001378655
4.30E-05,9.679680563,0.001697311
4.30E-05,9.646991681,0.00209563
4.31E-05,9.623072986,0.001219327
4.31E-05,9.574438307,0.001378655
4.32E-05,9.554506062,0.001298991
4.32E-05,9.525803628,0.00066168
4.32E-05,9.496303905,0.001219327
4.33E-05,9.467601472,0.000980336
4.33E-05,9.43252072,0.000980336
4.34E-05,9.39026436,0.001697311
4.34E-05,9.363156506,0.001139663
4.34E-05,9.320900146,0.00066168
4.35E-05,9.267481728,0.000502352
4.35E-05,9.248346772,0.001776975
4.36E-05,9.205293122,0.000980336
4.36E-05,9.153469284,0.000582016
4.36E-05,9.118388532,2.44E-05
4.37E-05,9.086496939,0.000183697
4.37E-05,9.025902913,2.44E-05
4.38E-05,8.992416741,0.000422688
4.38E-05,8.961322438,-0.000453615
4.38E-05,8.912687759,0.00066168
4.39E-05,8.869634109,0.001139663
4.39E-05,8.832958778,0.00026336
4.40E-05,8.789905128,0.00066168
4.40E-05,8.758013535,0.000582016
4.40E-05,8.724527363,-0.000373951
4.41E-05,8.69183848,0.00066168
4.41E-05,8.643203801,0.000900672
4.42E-05,8.616095948,0.000980336
4.42E-05,8.577028747,0.001298991
4.42E-05,8.527596778,0.000343024
4.43E-05,8.500488924,2.44E-05
4.43E-05,8.448665086,0.000900672
4.44E-05,8.406408726,-0.000533279
4.44E-05,8.376909003,-0.000931598
4.44E-05,8.34262554,0.000183697
4.45E-05,8.30116647,-0.000453615
4.45E-05,8.267680298,2.44E-05
4.46E-05,8.223829358,-0.000134959
4.46E-05,8.182370287,0.000104033
4.46E-05,8.151275984,0.000104033
4.47E-05,8.111411494,-0.000453615
4.47E-05,8.063574105,0.000422688
4.48E-05,8.034074381,0.000900672
4.48E-05,7.987034282,0.000422688
4.48E-05,7.95115624,0.000422688
4.49E-05,7.90889988,0.000582016
4.49E-05,7.876210998,0.00066168
4.50E-05,7.828373609,0.00066168
4.50E-05,7.785319959,0.001059999
4.50E-05,7.759009395,-0.000612942
4.51E-05,7.700009948,0.000821008
4.51E-05,7.669712935,0.000343024
4.52E-05,7.637821342,2.44E-05
4.52E-05,7.585200215,-0.000214623
4.52E-05,7.56128152,0.00026336
4.53E-05,7.510254972,0.000422688
4.53E-05,7.479957959,0.000343024
4.54E-05,7.436107019,0.000900672
4.54E-05,7.399431687,-0.000612942
4.54E-05,7.357175327,2.44E-05
4.55E-05,7.317310836,0.000422688
4.55E-05,7.273459896,-0.000134959
4.56E-05,7.229608956,0.000900672
4.56E-05,7.209676711,0.001059999
4.56E-05,7.166623061,-0.000134959
4.57E-05,7.12516399,-0.000214623
4.57E-05,7.08131305,0.000980336
4.58E-05,7.045435009,0.00026336
4.58E-05,6.999192199,0.000741344
4.58E-05,6.968895186,0.000343024
4.59E-05,6.933017144,-0.000373951
4.59E-05,6.885179755,0.00026336
4.60E-05,6.846909844,-0.000294287
4.60E-05,6.807842643,0.000343024
4.60E-05,6.760005254,-0.000612942
4.61E-05,6.724127212,2.44E-05
4.61E-05,6.69064104,-0.000134959
4.62E-05,6.64918197,-0.000692606
4.62E-05,6.60373645,-0.000612942
4.62E-05,6.564669249,0.000343024
4.63E-05,6.533574946,-0.000453615
4.63E-05,6.478561949,0.000104033
4.64E-05,6.447467646,-0.000214623
4.64E-05,6.413184184,0.000343024
4.64E-05,6.374914273,0.000582016
4.65E-05,6.331860623,-0.000692606
4.65E-05,6.291996132,-0.000453615
4.66E-05,6.247347902,-0.000533279
4.66E-05,6.21465902,-0.000533279
4.66E-05,6.178780978,-0.000373951
4.67E-05,6.134132748,0.00026336
4.67E-05,6.088687229,-0.000612942
4.68E-05,6.048025448,-0.001090926
4.68E-05,6.011350116,-0.001329918
4.68E-05,5.978661234,-0.000612942
4.69E-05,5.944377772,-0.001329918
4.69E-05,5.893351223,-0.001409582
4.70E-05,5.862256921,0.000104033
4.70E-05,5.812824952,-0.000294287
4.70E-05,5.768974012,-0.000214623
4.71E-05,5.746649897,0.000582016
4.71E-05,5.701204378,-0.001090926
4.72E-05,5.654164278,0.00026336
4.72E-05,5.621475396,0.000502352
4.72E-05,5.590381093,0.000900672
4.73E-05,5.547327443,-0.000294287
4.73E-05,5.497098185,0.000343024
4.74E-05,5.464409302,0.000502352
4.74E-05,5.414977333,-0.000692606
4.74E-05,5.377504712,0.001059999
4.75E-05,5.328072743,0.00026336
4.75E-05,5.286613673,0.000343024
4.76E-05,5.247546472,-0.000294287
4.76E-05,5.206884691,-0.000533279
4.76E-05,5.16781749,-0.000612942
4.77E-05,5.120777391,-0.001329918
4.77E-05,5.096858697,-0.000134959
4.78E-05,5.058588785,-0.000134959
4.78E-05,5.017129715,-0.000134959
4.78E-05,4.982846253,0.000104033
4.79E-05,4.935806154,2.44E-05
4.79E-05,4.893549793,-0.001090926
4.80E-05,4.851293433,0.000900672
4.80E-05,4.824185579,-0.000214623
4.80E-05,4.769172582,-0.00077227
4.81E-05,4.73488912,-0.000214623
4.81E-05,4.698213788,-0.000134959
4.82E-05,4.64798453,0.00026336
4.82E-05,4.619282096,-0.000851934
4.82E-05,4.569850128,-0.001090926
4.83E-05,4.530782927,-0.001090926
4.83E-05,4.480553668,-0.001329918
4.84E-05,4.457432263,-0.000533279
4.84E-05,4.406405715,-0.000851934
4.84E-05,4.357771036,-0.000612942
4.85E-05,4.321095705,0.00026336
4.85E-05,4.290798692,-0.000134959
4.86E-05,4.242164013,-0.001011262
4.86E-05,4.207880551,-0.000533279
4.86E-05,4.164826901,-0.001011262
4.87E-05,4.1257597,-0.000533279
4.87E-05,4.086692499,-0.000453615
4.88E-05,4.050814457,0.000104033
4.88E-05,4.009355386,0.000582016
4.88E-05,3.979855663,0.00026336
4.89E-05,3.932018274,-0.000294287
4.89E-05,3.888167334,-0.001648573
4.90E-05,3.860262191,-0.000134959
4.90E-05,3.802060034,-0.000692606
4.90E-05,3.782925079,-0.000453615
4.91E-05,3.735884979,-0.000453615
4.91E-05,3.693628619,-0.000533279
4.92E-05,3.649777679,2.44E-05
4.92E-05,3.607521319,-0.000214623
4.92E-05,3.566859538,-0.001250254
4.93E-05,3.518224859,-0.000612942
4.93E-05,3.496698034,-0.000453615
4.94E-05,3.438495878,2.44E-05
4.94E-05,3.388266619,-0.000533279
4.94E-05,3.369928953,-0.00117059
4.95E-05,3.326078014,-0.000612942
4.95E-05,3.275848755,-0.00117059
4.96E-05,3.25272735,-0.000612942
4.96E-05,3.203295382,0.00026336
4.96E-05,3.160241732,-0.000134959
4.97E-05,3.12595827,-0.001250254
4.97E-05,3.07891817,-0.000692606
4.98E-05,3.03666181,-0.001090926
4.98E-05,2.997594609,-0.001090926
4.98E-05,2.956932828,-0.00117059
4.99E-05,2.90510899,-0.000373951
4.99E-05,2.870825528,0.000104033
5.00E-05,2.839731225,-0.001648573
5.00E-05,2.806245053,-0.000294287
5.00E-05,2.757610374,-0.000931598
5.01E-05,2.717745883,-0.000612942
5.01E-05,2.665124755,-0.001489245
5.02E-05,2.631638583,-0.001648573
5.02E-05,2.596557831,-0.000851934
5.02E-05,2.539152964,-0.000692606
5.03E-05,2.504072213,-0.00117059
5.03E-05,2.453045664,-0.002046893
5.04E-05,2.418762202,-0.001489245
5.04E-05,2.374113972,-0.000931598
5.04E-05,2.331857612,-0.000692606
5.05E-05,2.273655455,-0.000453615
5.05E-05,2.244155732,-0.001329918
5.06E-05,2.193129184,-0.000294287
5.06E-05,2.154859273,-0.000294287
5.06E-05,2.099048986,-0.001648573
5.07E-05,2.067157393,-0.001250254
5.07E-05,2.005766077,-0.001011262
5.08E-05,1.961915137,-0.00117059
5.08E-05,1.929226255,-0.002206221
5.08E-05,1.876605127,-0.002126557
5.09E-05,1.845510824,-0.002126557
5.09E-05,1.797673435,-0.002206221
5.10E-05,1.758606234,-0.003321515
5.10E-05,1.720336323,-0.001409582
5.10E-05,1.675688093,-0.001967229
5.11E-05,1.629445284,-0.00300286
5.11E-05,1.598350981,-0.002843532
5.12E-05,1.563270229,-0.001011262
5.12E-05,1.528986767,-0.00117059
5.12E-05,1.487527696,-0.001967229
5.13E-05,1.462014422,-0.001489245
5.13E-05,1.435703858,-0.001648573
5.14E-05,1.388663759,-0.001409582
5.14E-05,1.371920673,-0.001967229
5.14E-05,1.347204688,-0.001568909
5.15E-05,1.325677863,-0.001250254
5.15E-05,1.300961879,-0.001011262
5.16E-05,1.265881127,-0.002126557
5.16E-05,1.241962433,-0.00077227
5.16E-05,1.229205796,-0.002524876
5.17E-05,1.213259999,-0.000851934
5.17E-05,1.189341305,-0.000533279
5.18E-05,1.173395508,-0.002684204
5.18E-05,1.171003639,-0.001648573
5.18E-05,1.155855132,-0.001728237
5.19E-05,1.142301206,-0.001090926
5.19E-05,1.146287655,-0.002126557
5.20E-05,1.156652422,-0.001329918
5.20E-05,1.171003639,-0.001409582
5.20E-05,1.195719623,-0.002445212
5.21E-05,1.230800375,-0.001489245
5.21E-05,1.260300098,-0.000931598
5.22E-05,1.318502255,-0.002445212
5.22E-05,1.381488151,-0.001967229
5.22E-05,1.435703858,-0.001807901
5.23E-05,1.517027419,-0.001409582
5.23E-05,1.574432286,-0.001887565
5.24E-05,1.6437965,-0.002524876
5.24E-05,1.723525482,-0.001728237
5.24E-05,1.806443623,-0.002046893
5.25E-05,1.864645779,-0.002445212
5.25E-05,1.922847936,-0.001967229
5.26E-05,1.981050093,-0.002046893
5.26E-05,2.039252249,-0.001728237
5.26E-05,2.100643565,-0.001728237
5.27E-05,2.126156839,-0.000453615
5.27E-05,2.157251142,-0.000453615
5.28E-05,2.191534604,-0.000373951
5.28E-05,2.225818066,-0.001807901
5.28E-05,2.251331341,-0.001011262
5.29E-05,2.291993121,-0.000294287
5.29E-05,2.330263032,-0.000612942
5.30E-05,2.350992568,-0.000931598
5.30E-05,2.394843508,0.00026336
5.30E-05,2.431518839,2.44E-05
5.31E-05,2.461815852,-0.001568909
5.31E-05,2.496896604,-0.001090926
5.32E-05,2.555098761,-0.001887565
5.32E-05,2.575031006,-0.000533279
5.32E-05,2.612503628,-0.001250254
5.33E-05,2.665922045,-0.00117059
5.33E-05,2.708975695,-0.001011262
5.34E-05,2.740069998,-0.001011262
5.34E-05,2.784718228,-0.001011262
5.34E-05,2.832555617,-0.000533279
5.35E-05,2.870825528,-0.00077227
5.35E-05,2.90510899,-0.001250254
5.36E-05,2.929824975,-0.000533279
5.36E-05,2.966500306,-0.000692606
5.36E-05,3.007959377,-0.000533279
5.37E-05,3.031878071,-0.000134959
5.37E-05,3.062175084,-0.001568909
5.38E-05,3.097255836,-0.000533279
5.38E-05,3.126755559,-0.000214623
5.38E-05,3.152268834,-0.000931598
5.39E-05,3.190538745,-0.000692606
5.39E-05,3.206484541,-0.001409582
5.40E-05,3.248740901,-0.00117059
5.40E-05,3.283024363,-0.000612942
5.40E-05,3.316510536,-0.000453615
5.41E-05,3.33963194,-0.001090926
5.41E-05,3.379496431,-0.001250254
5.42E-05,3.423347371,-0.00117059
5.42E-05,3.452049805,-0.001250254
5.42E-05,3.497495324,-0.000931598
5.43E-05,3.536562525,-0.000294287
5.43E-05,3.577224306,-0.000214623
5.44E-05,3.627453564,-0.000612942
5.44E-05,3.670507214,-0.000612942
5.44E-05,3.724722922,2.44E-05
5.45E-05,3.762992833,0.001059999
5.45E-05,3.812424802,0.00026336
5.46E-05,3.836343496,2.44E-05
5.46E-05,3.877005277,0.000502352
5.46E-05,3.920058927,-0.000294287
5.47E-05,3.954342389,-0.00077227
5.47E-05,3.99580146,0.000183697
5.48E-05,4.03726053,-0.000294287
5.48E-05,4.075530441,-0.000851934
5.48E-05,4.116192222,0.000821008
5.49E-05,4.175191668,-0.000214623
5.49E-05,4.203894102,0.000104033
5.50E-05,4.238177564,-0.00117059
5.50E-05,4.290001402,-0.000373951
5.50E-05,4.318703835,0.000343024
5.51E-05,4.353784587,-0.000134959
5.51E-05,4.411189454,-0.000134959
5.52E-05,4.443878337,0.000183697
5.52E-05,4.499688624,-0.000134959
5.52E-05,4.529985637,0.00026336
5.53E-05,4.581809475,-0.000533279
5.53E-05,4.611309198,-0.000612942
5.54E-05,4.651173689,2.44E-05
5.54E-05,4.696619209,-0.001887565
5.54E-05,4.720537903,2.44E-05
5.55E-05,4.769969872,-0.000373951
5.55E-05,4.817807261,0.000422688
5.56E-05,4.848104274,-0.00077227
5.56E-05,4.899928112,-0.000453615
5.56E-05,4.942981762,0.000104033
5.57E-05,4.983643543,-0.000692606
5.57E-05,5.009156817,-0.00077227
5.58E-05,5.059386075,-0.002445212
5.58E-05,5.088088509,-0.000851934
5.58E-05,5.141506926,-0.00077227
5.59E-05,5.163831041,-0.000931598
5.59E-05,5.202898242,-0.000453615
5.60E-05,5.238776284,0.000980336
5.60E-05,5.289802832,-0.000134959
5.60E-05,5.321694425,-0.000692606
5.61E-05,5.362356205,0.00026336
5.61E-05,5.401423406,0.000183697
5.62E-05,5.436504158,2.44E-05
5.62E-05,5.47477407,-0.000851934
5.62E-05,5.520219589,-0.000214623
5.63E-05,5.565665109,0.00026336
5.63E-05,5.611907918,0.000980336
5.64E-05,5.651772409,0.000582016
5.64E-05,5.6916369,-0.000851934
5.64E-05,5.723528492,-0.00117059
5.65E-05,5.768176722,-0.000134959
5.65E-05,5.813622242,-0.00077227
5.66E-05,5.844716545,0.00026336
5.66E-05,5.876608137,-0.000373951
5.66E-05,5.924445526,0.000502352
5.67E-05,5.956337119,-0.000294287
5.67E-05,5.99460703,-0.000692606
5.68E-05,6.042444419,0.000741344
5.68E-05,6.072741432,-0.000533279
5.68E-05,6.117389662,0.00026336
5.69E-05,6.153267704,-0.00117059
5.69E-05,6.189943035,0.000900672
5.70E-05,6.225821077,-0.000134959
5.70E-05,6.272861176,0.000582016
5.70E-05,6.323090435,2.44E-05
5.71E-05,6.358968476,0.000104033
5.71E-05,6.403616706,0.000821008
5.72E-05,6.425940821,0.000343024
5.72E-05,6.468994471,0.000422688
5.72E-05,6.520818309,-0.000134959
5.73E-05,6.55908822,-0.000533279
5.73E-05,6.589385233,2.44E-05
5.74E-05,6.637222622,-0.000294287
5.74E-05,6.674695244,0.000183697
5.74E-05,6.712965155,0.000183697
5.75E-05,6.752032356,0.000582016
5.75E-05,6.795086006,0.000741344
5.76E-05,6.841328816,2.44E-05
5.76E-05,6.874017698,0.00026336
5.76E-05,6.90670658,-0.000453615
5.77E-05,6.941787332,-0.000134959
5.77E-05,6.984043693,0.000980336
5.78E-05,7.031083792,0.000821008
5.78E-05,7.057394356,0.000582016
5.78E-05,7.106826324,0.000582016
5.79E-05,7.145893525,0.000104033
5.79E-05,7.185758016,0.00026336
5.80E-05,7.221636058,-0.000533279
5.80E-05,7.259108679,-0.000134959
5.80E-05,7.287013823,0.001219327
5.81E-05,7.34282411,0.00026336
5.81E-05,7.376310283,-0.000214623
5.82E-05,7.401823557,0.000980336
5.82E-05,7.457633844,-0.000134959
5.82E-05,7.502282074,0.000980336
5.83E-05,7.528592638,0.000821008
5.83E-05,7.575632737,-0.000294287
5.84E-05,7.611510778,-0.000134959
5.84E-05,7.64738882,0.001298991
5.84E-05,7.688050601,0.00026336
5.85E-05,7.738279859,-0.000692606
5.85E-05,7.771766032,0.000104033
5.86E-05,7.810035943,-0.000373951
5.86E-05,7.849900434,0.00026336
5.86E-05,7.869035389,0.00026336
5.87E-05,7.914480909,0.000422688
5.87E-05,7.957534559,0.001298991
5.88E-05,7.989426152,0.000582016
5.88E-05,8.024506904,0.000343024
5.88E-05,8.075533452,0.000582016
5.89E-05,8.105830465,0.000582016
5.89E-05,8.134532898,-0.000214623
5.90E-05,8.188748606,-0.000453615
5.90E-05,8.217451039,0.000900672
5.90E-05,8.262099269,0.000502352
5.91E-05,8.30036918,0.000343024
5.91E-05,8.333058063,-0.000214623
5.92E-05,8.362557786,0.000343024
5.92E-05,8.412787044,-0.000373951
5.92E-05,8.443881347,0.000183697
5.93E-05,8.482151258,0.000900672
5.93E-05,8.525204908,-0.000692606
5.94E-05,8.565069399,0.000582016
5.94E-05,8.608920339,0.00066168
5.94E-05,8.651973989,0.000422688
5.95E-05,8.671906235,0.000104033
5.95E-05,8.695027639,-0.000294287
5.96E-05,8.746054188,0.00026336
5.96E-05,8.787513258,0.000741344
5.96E-05,8.818607561,-0.000214623
5.97E-05,8.86644495,0.000422688
5.97E-05,8.895147383,0.001617647
5.98E-05,8.919863368,0.000422688
5.98E-05,8.960525148,0.000502352
5.98E-05,9.006767958,0.001219327
5.99E-05,9.045037869,0.00026336
5.99E-05,9.081713201,0.00066168
6.00E-05,9.120780402,0.000422688
6.00E-05,9.143104516,0.00026336
6.00E-05,9.184563587,0.000741344
6.01E-05,9.225225368,0.000343024
6.01E-05,9.265887148,0.001139663
6.02E-05,9.295386871,-0.000294287
6.02E-05,9.319305566,0.000741344
6.02E-05,9.371926694,0.000821008
6.03E-05,9.412588474,0.001219327
6.03E-05,9.439696328,0.001378655
6.04E-05,9.483547268,0.000980336
6.04E-05,9.5202226,0.001458319
6.04E-05,9.556897931,0.001458319
6.05E-05,9.595965132,0.000741344
6.05E-05,9.621478406,0.000900672
6.06E-05,9.666923926,0.002015966
6.06E-05,9.700410098,0.001139663
6.06E-05,9.729112532,0.001139663
6.07E-05,9.7785445,0.000821008
6.07E-05,9.82239544,0.001059999
6.08E-05,9.836746657,0.000821008
6.08E-05,9.881394887,0.001537983
6.08E-05,9.90850274,0.000741344
6.09E-05,9.942786203,0.001219327
6.09E-05,9.983447983,0.001617647
6.10E-05,10.01294771,0.001617647
6.10E-05,10.05042033,0.001856639
6.10E-05,10.08071734,0.000980336
6.11E-05,10.11101435,0.000821008
6.11E-05,10.14210866,0.000900672
6.12E-05,10.16841922,0.001776975
6.12E-05,10.20589184,0.000422688
6.12E-05,10.23618886,0.001139663
6.13E-05,10.26887774,0.000582016
6.13E-05,10.30156662,0.000980336
6.14E-05,10.32548531,0.001219327
6.14E-05,10.35498504,0.00066168
6.14E-05,10.38528205,0.001936302
6.15E-05,10.40760617,0.001219327
6.15E-05,10.44109234,0.001059999
6.16E-05,10.46341645,0.001139663
6.16E-05,10.47298393,0.001856639
6.16E-05,10.49530805,0.001139663
6.17E-05,10.52161861,0.000502352
6.17E-05,10.52002403,0.001936302
6.18E-05,10.5303888,0.001617647
6.18E-05,10.54474001,0.000582016
6.18E-05,10.54075357,0.001219327
6.19E-05,10.54075357,0.000900672
6.19E-05,10.5455373,0.001378655
6.20E-05,10.53676712,0.000741344
6.20E-05,10.54474001,0.001936302
6.20E-05,10.53596983,0.001776975
6.21E-05,10.5383617,0.00209563
6.21E-05,10.53756441,0.001298991
6.22E-05,10.53995628,0.000502352
6.22E-05,10.54474001,0.001458319
6.22E-05,10.55032104,0.001458319
6.23E-05,10.55590207,0.000821008
6.23E-05,10.56467226,0.002892269
6.24E-05,10.56387497,0.001776975
6.24E-05,10.56786142,0.001059999
6.24E-05,10.58221264,0.000422688
6.25E-05,10.58221264,0.00066168
6.25E-05,10.57344245,0.00026336
6.26E-05,10.58380722,0.00026336
6.26E-05,10.56467226,0.001298991
6.26E-05,10.569456,2.44E-05
6.27E-05,10.58540179,0.001059999
6.27E-05,10.56467226,2.44E-05
6.28E-05,10.56228039,0.000343024
6.28E-05,10.55430749,0.000104033
6.28E-05,10.54952375,0.001936302
6.29E-05,10.54952375,0.000741344
6.29E-05,10.56068581,0.001458319
6.30E-05,10.53915899,0.00026336
6.30E-05,10.53357796,0.000900672
6.30E-05,10.54075357,0.001378655
6.31E-05,10.54075357,0.000900672
6.31E-05,10.52799693,0.00026336
6.32E-05,10.52719964,0.00066168
6.32E-05,10.52321319,0.000422688
6.32E-05,10.50965926,0.001537983
6.33E-05,10.51842945,0.001458319
6.33E-05,10.51045655,0.001298991
6.34E-05,10.47936225,-0.000134959
6.34E-05,10.48255141,0.00026336
6.34E-05,10.47298393,0.000900672
6.35E-05,10.43391673,0.000343024
6.35E-05,10.42434925,0.000582016
6.36E-05,10.3972414,0.001139663
6.36E-05,10.35179588,0.000821008
6.36E-05,10.32070158,0.000741344
6.37E-05,10.26808045,0.001378655
6.37E-05,10.209081,0.001219327
6.38E-05,10.17559483,0.001298991
6.38E-05,10.10623062,0.000582016
6.38E-05,10.05360949,0.001139663
6.39E-05,9.990623592,0.001059999
6.39E-05,9.929232276,0.000821008
6.40E-05,9.877408438,0.000980336
6.40E-05,9.818408991,0.000741344
6.40E-05,9.770571602,0.001298991
6.41E-05,9.717950474,0.000104033
6.41E-05,9.677288694,0.001219327
6.42E-05,9.658951028,0.00066168
6.42E-05,9.613505508,0.001059999
6.42E-05,9.583208495,0.000183697
6.43E-05,9.569654568,-0.000294287
6.43E-05,9.52101989,0.000582016
6.44E-05,9.505074093,0.001617647
6.44E-05,9.47477708,0.001219327
6.44E-05,9.439696328,0.001139663
6.45E-05,9.402223707,0.000741344
6.45E-05,9.371129404,0.001298991
6.46E-05,9.335251362,0.000821008
6.46E-05,9.3009679,0.00066168
6.46E-05,9.247549482,0.000821008
6.47E-05,9.21406331,0.000183697
6.47E-05,9.161442182,0.001378655
6.48E-05,9.12795601,0.000183697
6.48E-05,9.070551143,0.000582016
6.48E-05,9.029889362,-0.000134959
6.49E-05,8.991619451,0.000502352
6.49E-05,8.946173932,0.000502352
6.50E-05,8.904714861,0.00066168
6.50E-05,8.871228689,0.000422688
6.50E-05,8.836945227,0.000422688
6.51E-05,8.785121389,0.000900672
6.51E-05,8.754824376,0.000900672
6.52E-05,8.719743624,0.001378655
6.52E-05,8.683865582,0.000741344
6.52E-05,8.654365859,0.000821008
6.53E-05,8.622474266,0.001059999
6.53E-05,8.572245008,0.001059999
6.54E-05,8.540353415,0.000741344
6.54E-05,8.502880794,0.000821008
6.54E-05,8.463813593,0.000741344
6.55E-05,8.43271929,0.00026336
6.55E-05,8.385679191,-0.000294287
6.56E-05,8.333058063,-0.000851934
6.56E-05,8.313923107,0.000183697
6.56E-05,8.261301979,-0.000453615
6.57E-05,8.223829358,2.44E-05
6.57E-05,8.183167577,0.000343024
6.58E-05,8.135330188,-0.000294287
6.58E-05,8.101844016,2.44E-05
6.58E-05,8.055601206,2.44E-05
6.59E-05,8.028493353,2.44E-05
6.59E-05,7.977466804,-0.000453615
6.60E-05,7.945575212,-0.00077227
6.60E-05,7.90969717,0.000422688
6.60E-05,7.873819128,0.000104033
6.61E-05,7.840332956,0.000582016
6.61E-05,7.795684726,-0.000134959
6.62E-05,7.768576872,2.44E-05
6.62E-05,7.719144904,0.001298991
6.62E-05,7.69044247,-0.000533279
6.63E-05,7.637024053,-0.000214623
6.63E-05,7.596362272,0.000980336
6.64E-05,7.565267969,-0.000134959
6.64E-05,7.51982245,-0.000294287
6.64E-05,7.47437693,0.000821008
6.65E-05,7.454444685,0.000980336
6.65E-05,7.401823557,0.00066168
6.66E-05,7.375512993,-0.000612942
6.66E-05,7.322891865,-0.000692606
6.66E-05,7.279838215,0.000183697
6.67E-05,7.243162883,0.000900672
6.67E-05,7.21286587,0.000183697
6.68E-05,7.16981222,0.000104033
6.68E-05,7.138717917,0.000582016
6.68E-05,7.090083238,0.001139663
6.69E-05,7.053407907,0.00066168
6.69E-05,7.006367808,0.000422688
6.70E-05,6.980057244,0.000502352
6.70E-05,6.944179202,0.000104033
6.70E-05,6.885977045,-0.000134959
6.71E-05,6.855680032,0.000900672
6.71E-05,6.817410121,0.000422688
6.72E-05,6.775153761,0.000821008
6.72E-05,6.737681139,0.000183697
6.72E-05,6.696222069,-0.000294287
6.73E-05,6.650776549,-0.000134959
6.73E-05,6.617290377,-0.001568909
6.74E-05,6.574236727,-0.000134959
6.74E-05,6.531980367,0.000582016
6.74E-05,6.489724006,-0.000612942
6.75E-05,6.454643254,2.44E-05
6.75E-05,6.418765213,-0.000134959
6.76E-05,6.379698012,-0.000214623
6.76E-05,6.335847072,0.000582016
6.76E-05,6.29917174,-0.000294287
6.77E-05,6.2553208,-0.000453615
6.77E-05,6.221834628,-0.000294287
6.78E-05,6.180375557,-0.001011262
6.78E-05,6.146889385,-0.001011262
6.78E-05,6.105430315,0.000104033
6.79E-05,6.075930591,-0.000294287
6.79E-05,6.012944696,0.000343024
6.80E-05,5.985836842,-0.000373951
6.80E-05,5.945175062,-0.000453615
6.80E-05,5.900526832,-0.000373951
6.81E-05,5.859865051,-0.000851934
6.81E-05,5.82239243,-0.000373951
6.82E-05,5.788906257,-0.000294287
6.82E-05,5.739474289,0.000582016
6.82E-05,5.710771855,-0.000612942
6.83E-05,5.667718205,-0.000134959
6.83E-05,5.620678106,-0.000851934
6.84E-05,5.587989224,-0.000453615
6.84E-05,5.548922023,-0.000453615
6.84E-05,5.508260242,-0.000294287
6.85E-05,5.453247245,-0.000931598
6.85E-05,5.422950232,-0.000612942
6.86E-05,5.378302002,-0.000931598
6.86E-05,5.348004989,-0.000453615
6.86E-05,5.29937031,-0.000851934
6.87E-05,5.261897689,0.001378655
6.87E-05,5.228411516,-0.001329918
6.88E-05,5.182168707,0.000343024
6.88E-05,5.139912347,-0.000373951
6.88E-05,5.104831595,-0.000373951
6.89E-05,5.065764394,-0.000612942
6.89E-05,5.022710744,-0.000453615
6.90E-05,4.99321102,-0.000294287
6.90E-05,4.946170921,-0.00117059
6.90E-05,4.915076618,-0.000931598
6.91E-05,4.86245549,-0.000931598
6.91E-05,4.81860455,-0.000612942
6.92E-05,4.785915668,-0.000692606
6.92E-05,4.743659308,-0.001329918
6.92E-05,4.701402947,-0.000214623
6.93E-05,4.663133036,-0.00077227
6.93E-05,4.630444154,-0.001090926
6.94E-05,4.574633867,-0.000692606
6.94E-05,4.533972086,0.00066168
6.94E-05,4.498094044,-0.000851934
6.95E-05,4.451851235,-0.00077227
6.95E-05,4.413581324,-0.000294287
6.96E-05,4.376905992,-0.000612942
6.96E-05,4.34102795,-0.001887565
6.96E-05,4.294785141,-0.001090926
6.97E-05,4.248542332,-0.00077227
6.97E-05,4.221434478,-0.00117059
6.98E-05,4.16801606,-0.001409582
6.98E-05,4.134529888,0.000502352
6.98E-05,4.093868107,-0.000373951
6.99E-05,4.053206326,-0.000533279
6.99E-05,4.018125574,-0.000294287
7.00E-05,3.980652953,-0.000134959
7.00E-05,3.944774911,0.000104033
7.00E-05,3.902518551,-0.000533279
7.01E-05,3.86504593,-0.00077227
7.01E-05,3.825978729,2.44E-05
7.02E-05,3.782127789,2.44E-05
7.02E-05,3.744655167,-0.000294287
7.02E-05,3.707182546,0.000422688
7.03E-05,3.666520765,0.000502352
7.03E-05,3.617886086,-0.000294287
7.04E-05,3.580413465,-0.000533279
7.04E-05,3.533373366,-0.001090926
7.04E-05,3.496698034,-0.001489245
7.05E-05,3.453644384,-0.002126557
7.05E-05,3.400225967,-0.000533279
7.06E-05,3.362753345,-0.001489245
7.06E-05,3.321294275,-0.001887565
7.06E-05,3.280632494,-0.001090926
7.07E-05,3.25272735,-0.000931598
7.07E-05,3.221633048,-0.001329918
7.08E-05,3.172201079,-0.001807901
7.08E-05,3.133133878,-0.000931598
7.08E-05,3.094863967,-0.000851934
7.09E-05,3.049418447,-0.000453615
7.09E-05,3.011148536,-0.000931598
7.10E-05,2.973675915,0.00026336
7.10E-05,2.926635815,-0.000214623
7.10E-05,2.893946933,-0.000453615
7.11E-05,2.843717674,-0.001489245
7.11E-05,2.792691126,-0.000931598
7.12E-05,2.758407664,-0.00117059
7.12E-05,2.720935043,-0.00117059
7.12E-05,2.684259711,-0.001887565
7.13E-05,2.637219612,-0.001807901
7.13E-05,2.588584933,-0.001409582
7.14E-05,2.551112312,-0.001090926
7.14E-05,2.507261372,-0.000612942
7.14E-05,2.479356228,-0.002126557
7.15E-05,2.423545941,0.00026336
7.15E-05,2.375708552,-0.000453615
7.16E-05,2.34142509,-0.001489245
7.16E-05,2.291195831,-0.001090926
7.16E-05,2.246547602,-0.000214623
7.17E-05,2.204291241,0.00026336
7.17E-05,2.154061983,-0.000851934
7.18E-05,2.113400202,-0.00077227
7.18E-05,2.064765523,-0.00077227
7.18E-05,2.017725424,-0.000373951
7.19E-05,1.976266354,-0.001568909
7.19E-05,1.931618124,-0.001409582
7.20E-05,1.897334662,-0.001728237
7.20E-05,1.847105404,-0.002684204
7.20E-05,1.812024652,-0.001728237
7.21E-05,1.772957451,-0.001807901
7.21E-05,1.73309296,-0.002365548
7.22E-05,1.691633889,-0.002365548
7.22E-05,1.653363978,-0.001887565
7.22E-05,1.603932009,-0.002285884
7.23E-05,1.560081069,-0.002046893
7.23E-05,1.525000318,-0.002365548
7.24E-05,1.497095174,-0.002206221
7.24E-05,1.454041524,-0.00117059
7.24E-05,1.420555352,-0.000931598
7.25E-05,1.386271889,-0.000533279
7.25E-05,1.357569456,-0.000851934
7.26E-05,1.328867023,-0.001887565
7.26E-05,1.308137487,-0.001409582
7.26E-05,1.280232344,-0.001489245
7.27E-05,1.270664866,-0.001648573
7.27E-05,1.245151592,-0.000373951
7.28E-05,1.234786824,-0.002365548
7.28E-05,1.216449158,-0.001090926
7.28E-05,1.206084391,-0.001090926
7.29E-05,1.175787378,-0.001728237
7.29E-05,1.174990088,-0.002046893
7.30E-05,1.151071394,-0.000533279
7.30E-05,1.148679524,-0.001728237
7.30E-05,1.148679524,-0.001011262
7.31E-05,1.155057843,-0.002126557
7.31E-05,1.16781448,-0.00260454
7.32E-05,1.193327754,-0.001090926
7.32E-05,1.230800375,-0.001329918
7.32E-05,1.263489258,-0.001090926
7.33E-05,1.318502255,-0.001090926
7.33E-05,1.367934224,-0.001887565
7.34E-05,1.42613638,-0.001329918
7.34E-05,1.500284333,-0.001648573
7.34E-05,1.581607895,-0.002046893
7.35E-05,1.626256124,-0.002046893
7.35E-05,1.714755294,-0.001409582
7.36E-05,1.785714088,-0.001728237
7.36E-05,1.850294563,-0.002206221
7.36E-05,1.914077748,-0.001648573
7.37E-05,1.975469064,-0.001887565
7.37E-05,2.025698322,-0.001489245
7.38E-05,2.075130291,-0.002126557
7.38E-05,2.120575811,-0.001887565
7.38E-05,2.148480954,-0.001409582
7.39E-05,2.172399649,-0.000294287
7.39E-05,2.221831617,-0.001250254
7.40E-05,2.241763863,-0.001329918
7.40E-05,2.275250035,-0.001489245
7.40E-05,2.301560599,2.44E-05
7.41E-05,2.327871163,-0.001409582
7.41E-05,2.366938364,-0.001409582
7.42E-05,2.407600145,-0.00117059
7.42E-05,2.436302578,-0.001090926
7.42E-05,2.479356228,-0.001011262
7.43E-05,2.518423429,-0.001409582
7.43E-05,2.563071659,-0.000931598
7.44E-05,2.606922599,-0.001887565
7.44E-05,2.652368118,-0.000453615
7.44E-05,2.697813638,2.44E-05
7.45E-05,2.73289439,-0.000692606
7.45E-05,2.785515518,-0.001090926
7.46E-05,2.81740711,-0.001887565
7.46E-05,2.853285152,-0.001090926
7.46E-05,2.896338802,-0.000612942
7.47E-05,2.925041236,-0.001250254
7.47E-05,2.960121988,0.000183697
7.48E-05,2.99201358,-0.000294287
7.48E-05,3.023905173,-0.000612942
7.48E-05,3.041445549,-0.000373951
7.49E-05,3.08131004,-0.000612942
7.49E-05,3.117985371,-0.000214623
7.50E-05,3.145890515,-0.000533279
7.50E-05,3.16821463,-0.000533279
7.50E-05,3.20887641,-0.000294287
7.51E-05,3.243957162,0.000104033
7.51E-05,3.278240625,-0.001409582
7.52E-05,3.309334927,-0.000134959
7.52E-05,3.333253622,-0.00077227
7.52E-05,3.38428017,0.000104033
7.53E-05,3.415374473,-0.000931598
7.53E-05,3.451252515,-0.000692606
7.54E-05,3.489522426,2.44E-05
7.54E-05,3.543738134,-0.000851934
7.54E-05,3.577224306,-0.000373951
7.55E-05,3.620277956,-0.000214623
7.55E-05,3.664926186,-0.00117059
7.56E-05,3.705587966,-0.000214623
7.56E-05,3.746249747,-0.000612942
7.56E-05,3.801262744,-0.000134959
7.57E-05,3.827573308,-0.000294287
7.57E-05,3.869032379,-0.000692606
7.58E-05,3.914477898,-0.000453615
7.58E-05,3.947964071,-0.001409582
7.58E-05,3.996598749,0.000343024
7.59E-05,4.027693052,-0.001090926
7.59E-05,4.067557543,-0.000931598
7.60E-05,4.117786802,-0.001090926
7.60E-05,4.158448582,-0.001250254
7.60E-05,4.193529334,-0.000851934
7.61E-05,4.237380274,-0.001807901
7.61E-05,4.281231214,-0.001090926
7.62E-05,4.312325517,-0.000851934
7.62E-05,4.357771036,-0.000214623
7.62E-05,4.404811136,-0.000692606
7.63E-05,4.450256655,-0.000612942
7.63E-05,4.476567219,-0.000533279
7.64E-05,4.520418159,-0.000533279
7.64E-05,4.567458258,-0.001011262
7.64E-05,4.610511908,-0.000294287
7.65E-05,4.643998081,-0.00077227
7.65E-05,4.681470702,-0.001489245
7.66E-05,4.717348744,-0.000453615
7.66E-05,4.772361741,-0.000453615
7.66E-05,4.807442493,-0.000612942
7.67E-05,4.834550347,-0.000294287
7.67E-05,4.886374185,-0.000134959
7.68E-05,4.931022415,0.000422688
7.68E-05,4.958927558,-0.000294287
7.68E-05,4.998792049,2.44E-05
7.69E-05,5.053007757,0.000183697
7.69E-05,5.077723741,-0.001807901
7.70E-05,5.131939448,-0.001090926
7.70E-05,5.155858143,0.000343024
7.70E-05,5.187749736,-0.000851934
7.71E-05,5.243560023,-0.000612942
7.71E-05,5.278640775,-0.000851934
7.72E-05,5.306545918,-0.001409582
7.72E-05,5.349599568,0.000502352
7.72E-05,5.403017986,-0.000214623
7.73E-05,5.43012584,-0.000294287
7.73E-05,5.462814722,-0.000214623
7.74E-05,5.51782772,-0.000373951
7.74E-05,5.555300341,-0.000134959
7.74E-05,5.606326889,-0.000214623
7.75E-05,5.64619138,0.000422688
7.75E-05,5.693231479,-0.000453615
7.76E-05,5.718744754,0.000821008
7.76E-05,5.772163171,0.000582016
7.76E-05,5.815216821,0.000980336
7.77E-05,5.841527385,0.000104033
7.77E-05,5.879797297,0.000582016
7.78E-05,5.930026555,0.000821008
7.78E-05,5.956337119,-0.000294287
7.78E-05,6.005769088,0.000980336
7.79E-05,6.03686339,0.000980336
7.79E-05,6.075133302,0.000582016
7.80E-05,6.117389662,-0.000294287
7.80E-05,6.155659573,-0.000294287
7.80E-05,6.200307803,-0.000453615
7.81E-05,6.234591265,-0.000931598
7.81E-05,6.268874727,-0.000533279
7.82E-05,6.311928377,0.000582016
7.82E-05,6.349400999,-0.000373951
7.82E-05,6.38687362,-0.001011262
7.83E-05,6.421157082,0.000502352
7.83E-05,6.462616153,-0.000294287
7.84E-05,6.513642701,0.000183697
7.84E-05,6.543939714,-0.000533279
7.84E-05,6.584601495,0.000104033
7.85E-05,6.633236173,0.000343024
7.85E-05,6.668316925,-0.000214623
7.86E-05,6.708181416,0.000104033
7.86E-05,6.750437776,-0.00117059
7.86E-05,6.775951051,-0.000294287
7.87E-05,6.81980199,0.000502352
7.87E-05,6.857274612,-0.000453615
7.88E-05,6.894747233,-0.000214623
7.88E-05,6.925841536,0.001139663
7.88E-05,6.966503317,0.000183697
7.89E-05,7.004773228,0.00209563
7.89E-05,7.042245849,0.000343024
7.90E-05,7.08450221,0.001059999
7.90E-05,7.134731468,0.000900672
7.90E-05,7.173001379,0.000502352
7.91E-05,7.210474001,0.000741344
7.91E-05,7.262297839,0.00026336
7.92E-05,7.308540648,0.000900672
7.92E-05,7.337243082,0.000582016
7.92E-05,7.382688601,0.000502352
7.93E-05,7.4297287,2.44E-05
7.93E-05,7.458431134,-0.000134959
7.94E-05,7.483944408,-0.000294287
7.94E-05,7.537362826,0.000582016
7.94E-05,7.5628761,0.000104033
7.95E-05,7.612308068,0.000821008
7.95E-05,7.644199661,0.000821008
7.96E-05,7.674496674,0.000900672
7.96E-05,7.723928643,0.001139663
7.96E-05,7.748644627,0.000821008
7.97E-05,7.802860334,0.000343024
7.97E-05,7.831562768,0.001059999
7.98E-05,7.868238099,-0.000214623
7.98E-05,7.91129175,0.001139663
7.98E-05,7.947967081,0.00066168
7.99E-05,7.983845123,0.000343024
7.99E-05,8.023709614,0.000821008
8.00E-05,8.055601206,0.000343024
8.00E-05,8.093871118,-0.000134959
8.00E-05,8.12815458,-0.000294287
8.01E-05,8.181572997,0.00066168
8.01E-05,8.218248329,0.000343024
8.02E-05,8.250937211,-0.000134959
8.02E-05,8.290004412,2.44E-05
8.02E-05,8.332260773,0.000422688
8.03E-05,8.374517133,0.000422688
8.03E-05,8.411192465,0.000502352
8.04E-05,8.443881347,0.000183697
8.04E-05,8.472583781,-0.000134959
8.04E-05,8.5180293,0.000422688
8.05E-05,8.556299211,0.000343024
8.05E-05,8.590582673,-0.000533279
8.06E-05,8.630447164,0.000741344
8.06E-05,8.679879133,0.000821008
8.06E-05,8.695824929,2.44E-05
8.07E-05,8.739675869,0.001458319
8.07E-05,8.765986433,0.00026336
8.08E-05,8.802661765,0.000741344
8.08E-05,8.864053081,0.000821008
8.08E-05,8.887971775,0.000741344
8.09E-05,8.931822715,0.000183697
8.09E-05,8.960525148,0.000582016
8.10E-05,9.005970668,0.000980336
8.10E-05,9.029092073,2.44E-05
8.10E-05,9.058591796,0.000183697
8.11E-05,9.114402083,0.000900672
8.11E-05,9.147888255,0.00066168
8.12E-05,9.180577138,0.000104033
8.12E-05,9.223630788,0.000900672
8.12E-05,9.247549482,0.001059999
8.13E-05,9.279441075,0.000582016
8.13E-05,9.333656783,-0.000214623
8.14E-05,9.359170057,0.000343024
8.14E-05,9.394250809,0.00026336
8.14E-05,9.43012885,-0.000134959
8.15E-05,9.47716895,0.000502352
8.15E-05,9.499493064,0.001139663
8.16E-05,9.540952135,0.001139663
8.16E-05,9.579222046,0.000343024
8.16E-05,9.611910929,0.000343024
8.17E-05,9.651775419,0.00066168
8.17E-05,9.69403178,-0.00077227
8.18E-05,9.713166735,0.000502352
8.18E-05,9.750639357,0.001139663
8.18E-05,9.795287586,0.001219327
8.19E-05,9.827179179,-0.000453615
8.19E-05,9.863854511,0.000741344
8.20E-05,9.906110871,0.001059999
8.20E-05,9.922056667,0.000183697
8.20E-05,9.961921158,-0.000851934
8.21E-05,10.00178565,0.000502352
8.21E-05,10.02410976,-0.000373951
8.22E-05,10.05759594,0.00066168
8.22E-05,10.09347398,0.000582016
8.22E-05,10.12696015,0.000582016
8.23E-05,10.14928427,-0.000214623
8.23E-05,10.18755418,0.001059999
8.24E-05,10.2170539,0.001139663
8.24E-05,10.23459428,0.00026336
8.24E-05,10.26967503,0.000741344
8.25E-05,10.30953952,0.000343024
8.25E-05,10.33744466,0.001458319
8.26E-05,10.36774167,0.001298991
8.26E-05,10.39325495,0.000980336
8.26E-05,10.43710589,0.000980336
8.27E-05,10.44906524,0.001219327
8.27E-05,10.47697038,0.001139663
8.28E-05,10.48892973,0.001776975
8.28E-05,10.50965926,0.001298991
8.28E-05,10.52082132,0.001856639
8.29E-05,10.51364571,0.001219327
8.29E-05,10.5383617,0.001537983
8.30E-05,10.53596983,0.001378655
8.30E-05,10.53118609,0.001219327
8.30E-05,10.54155085,0.001298991
8.31E-05,10.54314543,0.000502352
8.31E-05,10.52879422,0.001219327
8.32E-05,10.53278067,0.000741344
8.32E-05,10.54474001,0.000980336
8.32E-05,10.54075357,0.00066168
8.33E-05,10.53915899,0.001617647
8.33E-05,10.54872646,0.001139663
8.34E-05,10.5455373,0.000422688
8.34E-05,10.54952375,0.000900672
8.34E-05,10.56228039,0.001617647
8.35E-05,10.56068581,0.001936302
8.35E-05,10.57344245,0.000343024
8.36E-05,10.58061806,0.001298991
8.36E-05,10.58938824,0.000821008
8.36E-05,10.58699637,0.000741344
8.37E-05,10.59337469,0.00026336
8.37E-05,10.58141535,0.000183697
8.38E-05,10.58460451,0.00066168
8.38E-05,10.57982077,-0.000214623
8.38E-05,10.57902348,0.00026336
8.39E-05,10.57344245,0.001219327
8.39E-05,10.56546955,0.000900672
8.40E-05,10.56068581,0.001298991
8.40E-05,10.55749665,0.001856639
8.40E-05,10.55032104,0.002812605
8.41E-05,10.54633459,0.00026336
8.41E-05,10.54155085,0.001458319
8.42E-05,10.54155085,0.000422688
8.42E-05,10.54075357,0.001219327
8.42E-05,10.51683487,0.000741344
8.43E-05,10.53915899,2.44E-05
8.43E-05,10.52560506,0.001219327
8.44E-05,10.50965926,0.00026336
8.44E-05,10.52640235,0.000502352
8.44E-05,10.51284842,0.00026336
8.45E-05,10.49371347,0.001298991
8.45E-05,10.47936225,0.000582016
8.46E-05,10.47776767,0.000422688
8.46E-05,10.45065982,0.001219327
8.46E-05,10.42913299,0.000582016
8.47E-05,10.40760617,0.001139663
8.47E-05,10.36455252,0.001219327
8.48E-05,10.32787718,0.001936302
8.48E-05,10.27286419,0.001298991
8.48E-05,10.21785119,0.001378655
8.49E-05,10.17639212,0.000900672
8.49E-05,10.12377099,0.000821008
8.50E-05,10.05121762,0.001298991
8.50E-05,9.992218171,0.001139663
8.50E-05,9.938002464,0.001298991
8.51E-05,9.881394887,0.001378655
8.51E-05,9.8255846,0.001776975
8.52E-05,9.788111978,0.000582016
8.52E-05,9.745855618,0.000900672
8.52E-05,9.698815519,0.002015966
8.53E-05,9.658153738,0.001378655
8.53E-05,9.633437754,0.001139663
8.54E-05,9.597559712,0.001617647
8.54E-05,9.574438307,0.001298991
8.54E-05,9.548127743,0.001697311
8.55E-05,9.501087644,0.002015966
8.55E-05,9.47397979,0.001458319
8.56E-05,9.440493618,0.001537983
8.56E-05,9.400629127,0.000741344
8.56E-05,9.383886041,0.001776975
8.57E-05,9.351197159,0.001298991
8.57E-05,9.291400422,0.001936302
8.58E-05,9.247549482,0.001458319
8.58E-05,9.21406331,0.001378655
8.58E-05,9.174996109,0.000343024
8.59E-05,9.135928908,0.001856639
8.59E-05,9.094469838,0.000502352
8.60E-05,9.04105142,0.001139663
8.60E-05,9.009957117,0.000741344
8.60E-05,8.968498047,0.000741344
8.61E-05,8.918268788,-0.000214623
8.61E-05,8.873620558,0.000821008
8.62E-05,8.853688313,0.000502352
8.62E-05,8.809837373,0.000741344
8.62E-05,8.77794578,0.001936302
8.63E-05,8.741270449,0.001059999
8.63E-05,8.698216799,0.001458319
8.64E-05,8.65037941,0.000582016
8.64E-05,8.628055295,0.001617647
8.64E-05,8.582609775,0.001139663
8.65E-05,8.550718183,-0.000134959
8.65E-05,8.514042851,0.000741344
8.66E-05,8.478164809,0.000502352
8.66E-05,8.424746392,0.00026336
8.66E-05,8.397638538,-0.000373951
8.67E-05,8.360963206,0.000422688
8.67E-05,8.313923107,0.000104033
8.68E-05,8.273261326,0.000183697
8.68E-05,8.232599546,0.000104033
8.68E-05,8.188748606,-0.000134959
8.69E-05,8.156857013,0.000980336
8.69E-05,8.120978971,0.00026336
8.70E-05,8.077925321,-0.000214623
8.70E-05,8.045236439,-0.000134959
8.70E-05,8.004574658,-0.000134959
8.71E-05,7.963912877,-0.000453615
8.71E-05,7.932818575,0.000104033
8.72E-05,7.888967635,0.000741344
8.72E-05,7.850697723,0.000821008
8.72E-05,7.812427812,-0.000373951
8.73E-05,7.77814435,-0.000294287
8.73E-05,7.726320512,-0.001489245
8.74E-05,7.683266862,0.001298991
8.74E-05,7.654564429,0.000502352
8.74E-05,7.601146011,-0.001250254
8.75E-05,7.570848998,0.000104033
8.75E-05,7.534173666,0.00026336
8.76E-05,7.495106465,0.000343024
8.76E-05,7.452052815,0.00026336
8.76E-05,7.419363933,-0.000453615
8.77E-05,7.377107572,-0.000453615
8.77E-05,7.326878314,-0.000294287
8.78E-05,7.290202982,-0.000294287
8.78E-05,7.248743912,-0.000692606
8.78E-05,7.223230638,-0.000533279
8.79E-05,7.174595959,0.000183697
8.79E-05,7.145893525,-0.000533279
8.80E-05,7.090880528,0.000343024
8.80E-05,7.047029588,0.000582016
8.80E-05,7.016732575,0.000343024
8.81E-05,6.967300607,2.44E-05
8.81E-05,6.939395463,0.000502352
8.82E-05,6.894747233,-0.000294287
8.82E-05,6.852490873,0.000502352
8.82E-05,6.82219386,-0.000612942
8.83E-05,6.77834292,-0.000294287
8.83E-05,6.740073009,-0.000533279
8.84E-05,6.708978706,2.44E-05
8.84E-05,6.661141317,-0.001489245
8.84E-05,6.617290377,-0.000692606
8.85E-05,6.590182523,-0.000692606
8.85E-05,6.552709902,2.44E-05
8.86E-05,6.504872513,-0.001728237
8.86E-05,6.450656805,0.000502352
8.86E-05,6.43152185,2.44E-05
8.87E-05,6.383684461,0.001537983
8.87E-05,6.345414549,2.44E-05
8.88E-05,6.309536508,-0.000294287
8.88E-05,6.261699119,-0.000214623
8.88E-05,6.216253599,-0.000612942
8.89E-05,6.185159296,-0.000373951
8.89E-05,6.143700226,-0.000214623
8.90E-05,6.104633025,-0.000931598
8.90E-05,6.073538722,2.44E-05
8.90E-05,6.022512174,2.44E-05
8.91E-05,5.989026001,-0.000931598
8.91E-05,5.9499588,0.000502352
8.92E-05,5.90770244,-0.001250254
8.92E-05,5.879797297,-0.00117059
8.92E-05,5.839135516,-0.000214623
8.93E-05,5.787311678,-0.001568909
8.93E-05,5.741068868,-0.000612942
8.94E-05,5.713961015,-0.000931598
8.94E-05,5.676488393,-0.000692606
8.94E-05,5.629448294,0.000104033
8.95E-05,5.593570252,0.000741344
8.95E-05,5.563273239,-0.000533279
8.96E-05,5.51862501,0.000582016
8.96E-05,5.482746968,0.001059999
8.96E-05,5.444477057,-0.000453615
8.97E-05,5.38707219,0.000104033
8.97E-05,5.358369756,-0.001090926
8.98E-05,5.328870033,-0.000931598
8.98E-05,5.274654326,0.000741344
8.98E-05,5.245951892,-0.001090926
8.99E-05,5.202898242,-0.000373951
8.99E-05,5.148682535,-0.000294287
9.00E-05,5.111209913,-0.000851934
9.00E-05,5.070548133,-0.001409582
9.00E-05,5.021913454,-0.000931598
9.01E-05,4.984440832,-0.000612942
9.01E-05,4.942184472,-0.001011262
9.02E-05,4.911090169,-0.00117059
9.02E-05,4.867239229,-0.00117059
9.02E-05,4.81940184,-0.00117059
9.03E-05,4.781929219,-0.000851934
9.03E-05,4.750834916,-0.00077227
9.04E-05,4.699011078,-0.000851934
9.04E-05,4.658349297,-0.001011262
9.04E-05,4.616092937,-0.000533279
9.05E-05,4.577823026,-0.00077227
9.05E-05,4.546728723,-0.001250254
9.06E-05,4.513242551,-0.000373951
9.06E-05,4.467797031,-0.000931598
9.06E-05,4.414378613,-0.001011262
9.07E-05,4.370527673,-0.000612942
9.07E-05,4.347406269,-0.000453615
9.08E-05,4.294785141,-0.000453615
9.08E-05,4.25651523,-0.00117059
9.08E-05,4.224623637,-0.000294287
9.09E-05,4.185556436,-0.00077227
9.09E-05,4.135327178,0.00026336
9.10E-05,4.097854556,-0.00117059
9.10E-05,4.069949413,-0.001728237
9.10E-05,4.021314734,-0.001090926
9.11E-05,3.987828561,0.000900672
9.11E-05,3.95195052,-0.000214623
9.12E-05,3.90570771,-0.000294287
9.12E-05,3.858667611,-0.000612942
9.12E-05,3.824384149,0.000104033
9.13E-05,3.783722368,-0.001090926
9.13E-05,3.739074139,0.00066168
9.14E-05,3.697615068,-0.000294287
9.14E-05,3.670507214,-0.001090926
9.14E-05,3.621872536,0.000183697
9.15E-05,3.589980943,-0.000134959
9.15E-05,3.548521872,-0.000851934
9.16E-05,3.491914295,-0.000931598
9.16E-05,3.47277934,-0.000692606
9.16E-05,3.422550081,-0.001329918
9.17E-05,3.373118113,-0.000533279
9.17E-05,3.34361839,-0.001568909
9.18E-05,3.301362029,-0.001011262
9.18E-05,3.256713799,-0.001489245
9.18E-05,3.216052019,-0.001648573
9.19E-05,3.175390238,-0.001090926
9.19E-05,3.135525747,2.44E-05
9.20E-05,3.085296489,-0.001329918
9.20E-05,3.053404896,-0.001250254
9.20E-05,3.005567507,-0.001489245
9.21E-05,2.968094886,-0.000373951
9.21E-05,2.929027685,-0.000612942
9.22E-05,2.894744223,-0.00077227
9.22E-05,2.856474311,-0.000134959
9.22E-05,2.81900169,0.000183697
9.23E-05,2.769569721,-0.000134959
9.23E-05,2.727313361,-0.000214623
9.24E-05,2.697016348,0.000104033
9.24E-05,2.64439522,-0.000294287
9.24E-05,2.608517178,-0.000453615
9.25E-05,2.567058108,-0.000294287
9.25E-05,2.519220719,-0.000851934
9.26E-05,2.479356228,-0.001329918
9.26E-05,2.440289027,-0.001011262
9.26E-05,2.379695001,-0.001648573
9.27E-05,2.337438641,-0.000453615
9.27E-05,2.299966019,-0.000612942
9.28E-05,2.242561153,-0.000931598
9.28E-05,2.201102082,-0.001648573
9.28E-05,2.158048432,-0.001648573
9.29E-05,2.111008333,-0.001329918
9.29E-05,2.068751973,-0.000134959
9.30E-05,2.03686038,-0.001409582
9.30E-05,1.977860933,-0.000692606
9.30E-05,1.929226255,-0.002046893
9.31E-05,1.898131952,-0.001807901
9.31E-05,1.859064751,-0.001329918
9.32E-05,1.822389419,-0.001409582
9.32E-05,1.788903247,-0.001409582
9.32E-05,1.749038756,-0.000214623
9.33E-05,1.68844473,-0.001329918
9.33E-05,1.658945007,-0.001568909
9.34E-05,1.618283226,-0.001967229
9.34E-05,1.582405184,-0.002445212
9.34E-05,1.547324432,-0.002365548
9.35E-05,1.497892464,-0.001887565
9.35E-05,1.47237919,-0.002046893
9.36E-05,1.435703858,-0.001807901
9.36E-05,1.399028527,-0.002763868
9.36E-05,1.357569456,-0.001967229
9.37E-05,1.324880574,-0.002126557
9.37E-05,1.307340198,-0.002365548
9.38E-05,1.279435054,-0.001728237
9.38E-05,1.265083837,-0.000373951
9.38E-05,1.2523272,-0.002843532
9.39E-05,1.215651869,-0.001887565
9.39E-05,1.20847626,-0.002445212
9.40E-05,1.199706072,-0.001807901
9.40E-05,1.171003639,-0.001329918
9.40E-05,1.174990088,-0.001807901
9.41E-05,1.146287655,-0.002206221
9.41E-05,1.146287655,-0.001648573
9.42E-05,1.144693075,-0.001887565
9.42E-05,1.151071394,-0.002684204
9.42E-05,1.180571117,-0.001250254
9.43E-05,1.206084391,-0.000931598
9.43E-05,1.224422057,-0.001409582
9.44E-05,1.257110939,-0.002285884
9.44E-05,1.29697543,-0.002524876
9.44E-05,1.355974876,-0.001728237
9.45E-05,1.42852825,-0.001967229
9.45E-05,1.478757508,-0.001250254
9.46E-05,1.565662098,-0.002843532
9.46E-05,1.618283226,-0.002843532
9.46E-05,1.694823049,-0.002126557
9.47E-05,1.766579132,-0.000692606
9.47E-05,1.847105404,-0.001728237
9.48E-05,1.902118401,-0.002684204
9.48E-05,1.965901586,-0.002923196
9.48E-05,2.023306453,-0.002046893
9.49E-05,2.068751973,-0.001887565
9.49E-05,2.114197492,-0.001728237
9.50E-05,2.145291795,-0.001409582
9.50E-05,2.181169837,-0.001728237
9.50E-05,2.21146685,-0.00117059
9.51E-05,2.240966573,-0.001250254
9.51E-05,2.274452745,-0.000214623
9.52E-05,2.287209382,-0.001807901
9.52E-05,2.331857612,-0.001489245
9.52E-05,2.360560045,-0.000851934
9.53E-05,2.394843508,-0.00077227
9.53E-05,2.42912697,-0.002445212
9.54E-05,2.475369779,-0.001329918
9.54E-05,2.523207168,-0.001011262
9.54E-05,2.564666239,-0.001489245
9.55E-05,2.599746991,-0.000851934
9.55E-05,2.64678709,-0.000373951
9.56E-05,2.695421769,-0.001887565
9.56E-05,2.724124202,-0.00117059
9.56E-05,2.764785983,-0.001648573
9.57E-05,2.823785429,-0.001648573
9.57E-05,2.853285152,-0.001489245
9.58E-05,2.892352353,-0.001489245
9.58E-05,2.924243946,-0.000931598
9.58E-05,2.953743669,-0.001090926
9.59E-05,2.981648813,-0.001250254
9.59E-05,3.013540405,-0.001090926
9.60E-05,3.050215737,-0.00117059
9.60E-05,3.063769664,-0.002126557
9.60E-05,3.093269387,-0.001568909
9.61E-05,3.138714907,-0.002763868
9.61E-05,3.160241732,-0.001807901
9.62E-05,3.195322484,-0.001090926
9.62E-05,3.234389685,-0.000931598
9.62E-05,3.268673147,-0.001489245
9.63E-05,3.310132217,-0.001568909
9.63E-05,3.34122652,-0.001807901
9.64E-05,3.374712692,-0.00077227
9.64E-05,3.403415126,-0.001648573
9.64E-05,3.452049805,-0.001489245
9.65E-05,3.487927846,-0.000612942
9.65E-05,3.51583299,-0.00117059
9.66E-05,3.564467669,-0.001329918
9.66E-05,3.605129449,-0.001090926
9.66E-05,3.64658852,-0.000692606
9.67E-05,3.696817778,-0.000134959
9.67E-05,3.739871428,-0.000214623
9.68E-05,3.77495218,-0.000851934
9.68E-05,3.815613961,-0.000692606
9.68E-05,3.860262191,-0.000533279
9.69E-05,3.889761914,-0.000134959
9.69E-05,3.947166781,-0.000134959
9.70E-05,3.986233982,-0.000453615
9.70E-05,4.020517444,-0.000533279
9.70E-05,4.072341282,-0.001090926
9.71E-05,4.113800352,-0.001090926
9.71E-05,4.142502786,-0.000931598
9.72E-05,4.189542885,0.000183697
9.72E-05,4.234988405,-0.000214623
9.72E-05,4.274852895,-0.000692606
9.73E-05,4.318703835,-0.000533279
9.73E-05,4.358568326,-0.000214623
9.74E-05,4.404013846,-0.00117059
9.74E-05,4.43032441,-0.000214623
9.74E-05,4.47258077,0.000183697
9.75E-05,4.510053391,-0.000294287
9.75E-05,4.553904331,0.000343024
9.76E-05,4.592971532,-0.000214623
9.76E-05,4.624065835,0.000582016
9.76E-05,4.672700514,0.00026336
9.77E-05,4.707781266,-0.000533279
9.77E-05,4.749240336,-0.000453615
9.78E-05,4.793091276,0.000582016
9.78E-05,4.829766608,0.00066168
9.78E-05,4.881590446,0.000183697
9.79E-05,4.916671198,0.000183697
9.79E-05,4.971684195,-0.000214623
9.80E-05,4.997197469,0.000183697
9.80E-05,5.046629438,0.000741344
9.80E-05,5.087291219,2.44E-05
9.81E-05,5.111209913,-0.00117059
9.81E-05,5.159047302,-0.000134959
9.82E-05,5.206087401,-0.000214623
9.82E-05,5.245951892,-0.00077227
9.82E-05,5.282627224,0.00026336
9.83E-05,5.322491715,0.000183697
9.83E-05,5.362356205,-0.000214623
9.84E-05,5.397436957,0.000422688
9.84E-05,5.434909579,0.000343024
9.84E-05,5.480355098,-0.000214623
9.85E-05,5.505071083,0.000183697
9.85E-05,5.544935574,0.000502352
9.86E-05,5.589583803,0.00026336
9.86E-05,5.624664555,0.000980336
9.86E-05,5.660542597,0.001776975
9.87E-05,5.712366435,0.000741344
9.87E-05,5.750636346,0.00026336
9.88E-05,5.792892707,-0.00077227
9.88E-05,5.827176169,0.000422688
9.88E-05,5.877405427,0.000343024
9.89E-05,5.905310571,0.000900672
9.89E-05,5.965107307,0.000183697
9.90E-05,5.99460703,0.000980336
9.90E-05,6.03766068,-0.000214623
9.90E-05,6.075133302,0.000422688
9.91E-05,6.118186952,-0.000294287
9.91E-05,6.152470414,2.44E-05
9.92E-05,6.189943035,-0.000453615
9.92E-05,6.21067257,-0.00117059
9.92E-05,6.259307249,-0.000453615
9.93E-05,6.303158189,-0.000692606
9.93E-05,6.340630811,0.00066168
9.94E-05,6.377306142,0.000183697
9.94E-05,6.420359792,0.00026336
9.94E-05,6.449859515,-0.000294287
9.95E-05,6.497696904,0.00026336
9.95E-05,6.533574946,0.000104033
9.96E-05,6.571047568,-0.000134959
9.96E-05,6.613303928,0.000183697
9.96E-05,6.643600941,-0.000294287
9.97E-05,6.703397677,0.00066168
9.97E-05,6.73528927,0.000980336
9.98E-05,6.774356471,0.000821008
9.98E-05,6.812626382,0.000980336
9.98E-05,6.870031249,0.00066168
9.99E-05,6.902720131,0.000741344
9.99E-05,6.944976492,0.000821008
1.00E-04,6.976868084,-0.000134959
0.0001,7.011151546,0.00066168
0.00010004,7.057394356,0.000900672
0.00010008,7.095664267,-0.000214623
0.00010012,7.1243667,0.000582016
0.00010016,7.173001379,0.000422688
0.0001002,7.207284841,0.000502352
0.00010024,7.249541202,0.000183697
0.00010028,7.29817588,0.000900672
0.00010032,7.328472894,0.001059999
0.00010036,7.369134674,0.001776975
0.0001004,7.409796455,0.00026336
0.00010044,7.443282627,0.000821008
0.00010048,7.487133567,0.000502352
0.00010052,7.51743058,0.001617647
0.00010056,7.558092361,0.00066168
0.0001006,7.589186664,0.001059999
0.00010064,7.635429473,0.000422688
0.00010068,7.669712935,-0.000533279
0.00010072,7.703199107,0.000183697
0.00010076,7.743063598,0.000422688
0.0001008,7.788509118,-0.000214623
0.00010084,7.821198,0.000502352
0.00010088,7.857076042,0.001219327
0.00010092,7.897737823,0.000343024
0.00010096,7.921656517,0.000343024
0.000101,7.970291196,0.000422688
0.00010104,8.020520454,0.000900672
0.00010108,8.047628308,0.000104033
0.00010112,8.093073828,0.000821008
0.00010116,8.136127478,0.000900672
0.0001012,8.163235332,0.00026336
0.00010124,8.2126673,-0.000214623
0.00010128,8.246950762,0.000900672
0.00010132,8.277247775,2.44E-05
0.00010136,8.315517687,0.000821008
0.0001014,8.362557786,-0.000214623
0.00010144,8.383287321,2.44E-05
0.00010148,8.438300318,0.000422688
0.00010152,8.479759389,0.000502352
0.00010156,8.511650982,0.000502352
0.0001016,8.537961545,0.001219327
0.00010164,8.588988094,0.001059999
0.00010168,8.625663425,0.001059999
0.00010172,8.655163149,-0.000214623
0.00010176,8.699811378,0.001059999
0.0001018,8.715757175,-0.000294287
0.00010184,8.756418955,0.000900672
0.00010188,8.801067185,0.000582016
0.00010192,8.826580459,-0.000294287
0.00010196,8.86803953,0.00066168
0.000102,8.91189047,0.000502352
0.00010204,8.958930569,0.000422688
0.00010208,8.99480861,2.44E-05
0.00010212,9.021119174,-0.000294287
0.00010216,9.057794506,0.000104033
0.0001022,9.092875258,0.000183697
0.00010224,9.142307227,0.000183697
0.00010228,9.17180695,0.000502352
0.00010232,9.197320224,2.44E-05
0.00010236,9.249941352,0.001059999
0.0001024,9.284224814,0.001219327
0.00010244,9.311332668,0.00066168
0.00010248,9.353589028,-0.000533279
0.00010252,9.399034548,0.001776975
0.00010256,9.43172343,0.001139663
0.0001026,9.466804182,0.000741344
0.00010264,9.511452412,0.000741344
0.00010268,9.540952135,0.000582016
0.00010272,9.580019336,0.000821008
0.00010276,9.611910929,0.001617647
0.0001028,9.646194391,0.001776975
0.00010284,9.683667012,0.000821008
0.00010288,9.707585707,0.001697311
0.00010292,9.759409545,0.001936302
0.00010296,9.788909268,0.000502352
0.000103,9.82399002,0.001139663
0.00010304,9.864651801,0.000582016
0.00010308,9.897340683,0.000980336
0.00010312,9.921259378,0.00026336
0.00010316,9.960326579,0.001059999
0.0001032,9.987434432,0.000582016
0.00010324,10.02012331,0.00066168
0.00010328,10.05679865,0.000821008
0.00010332,10.08470379,0.001139663
0.00010336,10.12616286,0.001378655
0.0001034,10.14848698,0.001219327
0.00010344,10.17958128,2.44E-05
0.00010348,10.21625661,0.000821008
0.00010352,10.24097259,0.001139663
0.00010356,10.27286419,0.001298991
0.0001036,10.31193139,0.001617647
0.00010364,10.33026905,0.001298991
0.00010368,10.36774167,0.001458319
0.00010372,10.38847121,0.000741344
0.00010376,10.41876822,0.001298991
0.0001038,10.42674112,-0.000134959
0.00010384,10.45943,0.000582016
0.00010388,10.47776767,0.000900672
0.00010392,10.49769992,0.00026336
0.00010396,10.51922674,0.000104033
0.000104,10.53357796,0.001936302
0.00010404,10.53437525,0.00066168
0.00010408,10.53756441,0.001856639
0.00010412,10.54952375,0.001059999
0.00010416,10.53915899,0.00066168
0.0001042,10.53915899,0.000821008
0.00010424,10.53995628,0.000900672
0.00010428,10.54234814,0.001298991
0.00010432,10.52640235,0.000741344
0.00010436,10.53596983,0.001537983
0.0001044,10.53437525,0.000821008
0.00010444,10.53198338,0.001378655
0.00010448,10.54314543,0.000821008
0.00010452,10.54314543,0.001458319
0.00010456,10.54394272,0.000900672
0.0001046,10.56068581,0.001139663
0.00010464,10.56467226,0.001458319
0.00010468,10.57982077,-0.000373951
0.00010472,10.59098282,0.000900672
0.00010476,10.58380722,-0.000533279
0.0001048,10.58380722,0.000582016
0.00010484,10.58619908,0.001458319
0.00010488,10.58859095,0.000821008
0.00010492,10.58699637,0.001458319
0.00010496,10.57264516,0.001219327
0.000105,10.57822619,0.001219327
0.00010504,10.5614831,0.001298991
0.00010508,10.55271291,0.00026336
0.00010512,10.55510478,0.001856639
0.00010516,10.55271291,0.00066168
0.0001052,10.53676712,0.001537983
0.00010524,10.54234814,0.001139663
0.00010528,10.53437525,0.001537983
0.00010532,10.53118609,0.001776975
0.00010536,10.52719964,0.001298991
0.0001054,10.5224159,0.000980336
0.00010544,10.51683487,0.00066168
0.00010548,10.51922674,0.001617647
0.00010552,10.51763216,0.001378655
0.00010556,10.50168636,0.002175294
0.0001056,10.50168636,0.001378655
0.00010564,10.49451076,0.001458319
0.00010568,10.47298393,0.000980336
0.00010572,10.44109234,0.001617647
0.00010576,10.43232215,0.001219327
0.0001058,10.40282243,0.000821008
0.00010584,10.37172812,0.000343024
0.00010588,10.32548531,0.000104033
0.00010592,10.28083708,0.00066168
0.00010596,10.23220241,0.000422688
0.000106,10.17320296,-0.000214623
0.00010604,10.11579809,-0.000373951
0.00010608,10.05839323,0.000900672
0.00010612,9.994610041,-0.000851934
0.00010616,9.941191623,0.000502352
0.0001062,9.890962364,0.000980336
0.00010624,9.835152077,0.000502352
0.00010628,9.78173366,0.000343024
0.00010632,9.745855618,0.000741344
0.00010636,9.711572156,0.000980336
0.0001064,9.665329346,0.000422688
0.00010644,9.636626913,0.000900672
0.00010648,9.60393803,0.001059999
0.00010652,9.585600365,2.44E-05
0.00010656,9.539357555,0.001537983
0.0001066,9.514641571,0.000343024
0.00010664,9.481155399,-0.001011262
0.00010668,9.454844835,0.000502352
0.00010672,9.418966793,0.000502352
0.00010676,9.382291461,0.001298991
0.0001068,9.337643232,0.001537983
0.00010684,9.308940798,0.001776975
0.00010688,9.269873597,0.000741344
0.00010692,9.21645518,-0.000294287
0.00010696,9.177387979,0.000502352
0.000107,9.135131618,0.001378655
0.00010704,9.091280678,0.000422688
0.00010708,9.047429738,0.000502352
0.00010712,9.001984219,0.001139663
0.00010716,8.967700757,0.000502352
0.0001072,8.923849817,-0.000373951
0.00010724,8.884782616,0.001458319
0.00010728,8.851296443,0.000900672
0.00010732,8.813823822,0.001219327
0.00010736,8.773959331,0.00066168
0.0001074,8.73409484,-0.000294287
0.00010744,8.698216799,0.00066168
0.00010748,8.671906235,0.000582016
0.00010752,8.631244454,0.000502352
0.00010756,8.596163702,0.000502352
0.0001076,8.56028566,0.000104033
0.00010764,8.505272663,0.000183697
0.00010768,8.486137707,-0.000134959
0.00010772,8.449462376,-0.000134959
0.00010776,8.394449378,2.44E-05
0.0001078,8.363355076,-0.000851934
0.00010784,8.318706846,0.000183697
0.00010788,8.283626094,0.000104033
0.00010792,8.242964313,-0.000214623
0.00010796,8.208680851,0.001059999
0.000108,8.17041094,0.000183697
0.00010804,8.123370841,0.000183697
0.00010808,8.08350635,0.000183697
0.00010812,8.054803917,-0.000134959
0.00010816,7.99580447,0.00026336
0.0001082,7.973480355,0.00066168
0.00010824,7.926440256,-0.001011262
0.00010828,7.891359504,-0.000294287
0.00010832,7.851495013,0.000183697
0.00010836,7.818806131,0.000502352
0.0001084,7.77973893,2.44E-05
0.00010844,7.739077149,-0.000692606
0.00010848,7.714361165,0.000183697
0.00010852,7.644199661,0.000422688
0.00010856,7.626659285,-0.00077227
0.0001086,7.589186664,0.000104033
0.00010864,7.539754695,-0.000533279
0.00010868,7.514241421,0.000900672
0.00010872,7.461620293,-0.000692606
0.00010876,7.417769353,0.00026336
0.0001088,7.375512993,0.000104033
0.00010884,7.350797008,-0.000134959
0.00010888,7.293392142,0.000343024
0.00010892,7.259905969,0.000900672
0.00010896,7.232000826,0.000980336
0.000109,7.181771567,0.00066168
0.00010904,7.148285395,0.000741344
0.00010908,7.107623614,0.000582016
0.00010912,7.062975385,0.000183697
0.00010916,7.031881082,-0.000533279
0.0001092,6.99520575,0.00026336
0.00010924,6.95374668,0.000343024
0.00010928,6.913882189,-0.000373951
0.00010932,6.876409567,-0.000134959
0.00010936,6.826977599,-0.000373951
0.0001094,6.795883296,-0.000214623
0.00010944,6.749640487,-0.000214623
0.00010948,6.714559735,-0.000294287
0.00010952,6.676289823,-0.000134959
0.00010956,6.623668696,0.001139663
0.0001096,6.588587944,0.000502352
0.00010964,6.540750555,2.44E-05
0.00010968,6.503277933,0.000343024
0.00010972,6.464210732,-0.000134959
0.00010976,6.422751662,-0.000134959
0.0001098,6.378103432,0.00066168
0.00010984,6.353387448,0.000422688
0.00010988,6.320698565,-0.000214623
0.00010992,6.269672017,0.000104033
0.00010996,6.235388555,0.001059999
0.00011,6.204294252,-0.001409582
0.00011004,6.152470414,-0.000134959
0.00011008,6.119781531,-0.000692606
0.00011012,6.071944142,0.00026336
0.00011016,6.03845797,0.000183697
0.0001102,5.999390769,-0.000134959
0.00011024,5.957931699,-0.000134959
0.00011028,5.922053657,0.00066168
0.00011032,5.878202717,0.00026336
0.00011036,5.825581589,-0.000214623
0.0001104,5.790500837,-0.001250254
0.00011044,5.758609244,0.00026336
0.00011048,5.724325782,-0.000294287
0.00011052,5.674096524,0.001219327
0.00011056,5.642204931,0.001059999
0.0001106,5.595962122,-0.000453615
0.00011064,5.553705761,0.000821008
0.00011068,5.51623314,-0.000453615
0.00011072,5.479557809,0.000183697
0.00011076,5.435706869,0.000422688
0.0001108,5.398234247,0.000502352
0.00011084,5.352788728,-0.000851934
0.00011088,5.310532367,0.000343024
0.00011092,5.274654326,-0.000453615
0.00011096,5.234789835,-0.000533279
0.000111,5.196519924,-0.00077227
0.00011104,5.159047302,-0.000134959
0.00011108,5.116790942,-0.000214623
0.00011112,5.076129161,-0.000612942
0.00011116,5.030683642,-0.000533279
0.0001112,5.005967657,-0.000851934
0.00011124,4.961319428,0.000343024
0.00011128,4.917468488,-0.001409582
0.00011132,4.873617548,-0.000533279
0.00011136,4.847306984,-0.001728237
0.0001114,4.796280436,0.000183697
0.00011144,4.762794263,0.000502352
0.00011148,4.718943323,-0.000612942
0.00011152,4.680673412,-0.000692606
0.00011156,4.637619762,-0.00077227
0.0001116,4.588187793,2.44E-05
0.00011164,4.554701621,-0.000373951
0.00011168,4.522012739,2.44E-05
0.00011172,4.465405162,-0.000851934
0.00011176,4.438297308,-0.000692606
0.0001118,4.391257209,-0.001250254
0.00011184,4.34421711,-0.001329918
0.00011188,4.29717701,-0.000294287
0.00011192,4.266879997,-0.000453615
0.00011196,4.227812796,-0.000453615
0.000112,4.184759146,-0.001090926
0.00011204,4.144894655,0.00066168
0.00011208,4.113003063,-0.001728237
0.00011212,4.069152123,-0.000373951
0.00011216,4.040449689,-0.000533279
0.0001122,3.99340959,-0.00117059
0.00011224,3.932815564,-0.000533279
0.00011228,3.90889687,-0.000533279
0.00011232,3.867437799,-0.000931598
0.00011236,3.825181439,0.000104033
0.0001124,3.797276295,-0.000294287
0.00011244,3.759803674,-0.000931598
0.00011248,3.717547314,-0.00077227
0.00011252,3.671304504,2.44E-05
0.00011256,3.627453564,-0.000851934
0.0001126,3.583602624,-0.00077227
0.00011264,3.542940844,2.44E-05
0.00011268,3.511846541,-0.00117059
0.00011272,3.463211862,-0.00077227
0.00011276,3.420955502,-0.000931598
0.0001128,3.38667204,-0.000931598
0.00011284,3.351591288,-0.001807901
0.00011288,3.29657829,-0.000533279
0.00011292,3.263889408,-0.001090926
0.00011296,3.232795105,-0.001489245
0.000113,3.179376687,-0.00117059
0.00011304,3.145093225,-0.000612942
0.00011308,3.098053126,-0.000612942
0.00011312,3.057391345,-0.001967229
0.00011316,3.019121434,-0.002445212
0.0001132,2.982446103,-0.001967229
0.00011324,2.929027685,-0.001887565
0.00011328,2.90510899,-0.001728237
0.00011332,2.86364992,-0.001728237
0.00011336,2.81900169,-0.000692606
0.0001134,2.778339909,-0.001489245
0.00011344,2.739272708,-0.000533279
0.00011348,2.68744887,-0.001011262
0.00011352,2.64359793,-0.000214623
0.00011356,2.616490077,-0.002046893
0.0001136,2.562274369,0.000582016
0.00011364,2.524801748,-0.000214623
0.00011368,2.480950808,-0.000533279
0.00011372,2.446667346,-0.001409582
0.00011376,2.381289581,-0.001329918
0.0001138,2.345411539,-0.001409582
0.00011384,2.29837144,-0.001090926
0.00011388,2.25212863,-0.000214623
0.00011392,2.218642458,-0.001090926
0.00011396,2.170805069,-0.000533279
0.000114,2.134129738,-0.000533279
0.00011404,2.091873377,-0.001648573
0.00011408,2.040846829,-0.002046893
0.00011412,1.99300944,-0.001648573
0.00011416,1.957928688,-0.001648573
0.0001142,1.917266907,-0.002365548
0.00011424,1.869429518,-0.001489245
0.00011428,1.840727085,-0.00300286
0.00011432,1.785714088,-0.001728237
0.00011436,1.739471278,-0.002445212
0.0001144,1.697214918,-0.002445212
0.00011444,1.664526035,-0.003480843
0.00011448,1.627053414,-0.00260454
0.00011452,1.577621445,-0.001250254
0.00011456,1.555297331,-0.001568909
0.0001146,1.51304097,-0.002843532
0.00011464,1.484338537,-0.002365548
0.00011468,1.450055075,-0.001489245
0.00011472,1.410190584,-0.002046893
0.00011476,1.3854746,-0.00260454
0.0001148,1.355974876,-0.002684204
0.00011484,1.326475153,-0.002285884
0.00011488,1.306542908,-0.00260454
0.00011492,1.280232344,-0.002365548
0.00011496,1.256313649,-0.001489245
0.000115,1.234786824,-0.002046893
0.00011504,1.224422057,-0.001568909
0.00011508,1.198908783,-0.002206221
0.00011512,1.183760276,-0.001648573
0.00011516,1.163030741,-0.001887565
0.0001152,1.151868683,-0.00260454
0.00011524,1.139909336,-0.001807901
0.00011528,1.142301206,-0.002445212
0.00011532,1.141503916,-0.001887565
0.00011536,1.159841582,-0.002684204
0.0001154,1.169409059,-0.002046893
0.00011544,1.205287101,-0.00117059
0.00011548,1.243557012,-0.002285884
0.00011552,1.290597111,-0.002126557
0.00011556,1.334448051,-0.001967229
0.0001156,1.402217686,-0.001250254
0.00011564,1.478757508,-0.002445212
0.00011568,1.548121722,-0.001090926
0.00011572,1.620675096,-0.002763868
0.00011576,1.696417628,-0.002843532
0.0001158,1.771362871,-0.001648573
0.00011584,1.839929795,-0.001967229
0.00011588,1.901321111,-0.001967229
0.00011592,1.969090745,-0.002046893
0.00011596,2.010549816,-0.002285884
0.000116,2.048022437,-0.001250254
0.00011604,2.107021884,-0.00117059
0.00011608,2.130940578,-0.001887565
0.00011612,2.173994228,2.44E-05
0.00011616,2.21226414,0.000183697
0.0001162,2.230601805,-0.000533279
0.00011624,2.258506949,-0.000134959
0.00011628,2.295182281,-0.000692606
0.00011632,2.335844061,2.44E-05
0.00011636,2.354181727,0.000582016
0.0001164,2.390857059,-0.000453615
0.00011644,2.439491737,-0.000851934
0.00011648,2.477761649,0.00026336
0.00011652,2.508855951,-0.001250254
0.00011656,2.551909602,0.000821008
0.0001166,2.594165962,-0.000533279
0.00011664,2.64359793,-0.000851934
0.00011668,2.680273262,-0.000533279
0.00011672,2.722529622,-0.000134959
0.00011676,2.755218505,-0.000214623
0.0001168,2.779934489,-0.000851934
0.00011684,2.829366458,-0.000931598
0.00011688,2.873217398,-0.001648573
0.00011692,2.909892729,2.44E-05
0.00011696,2.944973481,0.000183697
0.000117,2.965703016,-0.001090926
0.00011704,2.999986479,2.44E-05
0.00011708,3.03825639,-0.001409582
0.00011712,3.071742562,-0.000294287
0.00011716,3.099647706,-0.000453615
0.0001172,3.1235664,-0.000373951
0.00011724,3.160241732,-0.001568909
0.00011728,3.191336035,-0.000533279
0.00011732,3.230403236,-0.000373951
0.00011736,3.263889408,-0.00077227
0.0001174,3.300564739,-0.000931598
0.00011744,3.338834651,-0.001329918
0.00011748,3.373915403,-0.00077227
0.00011752,3.412982604,-0.000851934
0.00011756,3.453644384,-0.00077227
0.0001176,3.487130557,-0.001648573
0.00011764,3.519819439,-0.000851934
0.00011768,3.556494771,-0.000533279
0.00011772,3.595561972,-0.000692606
0.00011776,3.64658852,-0.00077227
0.0001178,3.672101794,-0.001090926
0.00011784,3.718344603,-0.001329918
0.00011788,3.762195543,0.000900672
0.00011792,3.802857324,-0.000692606
0.00011796,3.841127235,2.44E-05
0.000118,3.890559204,-0.000533279
0.00011804,3.937599303,-0.000931598
0.00011808,3.967099026,-0.000453615
0.00011812,4.020517444,-0.000612942
0.00011816,4.059584645,-0.000453615
0.0001182,4.098651846,0.000104033
0.00011824,4.156854003,-0.001728237
0.00011828,4.183961856,0.00026336
0.00011832,4.237380274,-0.001011262
0.00011836,4.272461026,-0.00077227
0.0001184,4.318703835,0.000104033
0.00011844,4.353784587,-0.000851934
0.00011848,4.396040948,-0.001011262
0.00011852,4.435905438,-0.001090926
0.00011856,4.466202451,-0.001329918
0.0001186,4.512445261,-0.000692606
0.00011864,4.542742274,-0.001489245
0.00011868,4.581809475,-0.000294287
0.00011872,4.620876676,-0.000692606
0.00011876,4.665524906,-0.001011262
0.0001188,4.700605658,-0.000294287
0.00011884,4.737280989,0.000104033
0.00011888,4.7755509,-0.001887565
0.00011892,4.809037073,-0.00077227
0.00011896,4.86325278,-0.000373951
0.000119,4.897536242,-0.001409582
0.00011904,4.929427835,-0.000134959
0.00011908,4.983643543,0.000104033
0.00011912,5.029089062,0.000104033
0.00011916,5.062575234,-0.000134959
0.0001192,5.103237015,-0.000214623
0.00011924,5.153466273,-0.000453615
0.00011928,5.186155156,-0.00117059
0.00011932,5.219641328,-0.001090926
0.00011936,5.264289558,-0.000294287
0.0001194,5.305748628,-0.001011262
0.00011944,5.349599568,0.000422688
0.00011948,5.392653219,-0.000533279
0.00011952,5.42932855,-0.000533279
0.00011956,5.463612012,-0.000294287
0.0001196,5.498692764,0.000183697
0.00011964,5.538557255,-0.00077227
0.00011968,5.570448848,0.001059999
0.00011972,5.622272686,0.000980336
0.00011976,5.650975119,0.000104033
0.0001198,5.685258581,0.000502352
0.00011984,5.744258028,0.000343024
0.00011988,5.7777442,-0.00077227
0.00011992,5.816014111,0.000104033
0.00011996,5.861459631,-0.000453615
0.00012,5.90610786,-0.000294287
0.00012004,5.939594033,-0.001250254
0.00012008,5.989823291,-0.000692606
0.00012012,6.018525725,-0.000134959
0.00012016,6.059187505,-0.000612942
0.0001202,6.111011343,-0.000612942
0.00012024,6.149281255,-0.001807901
0.00012028,6.180375557,2.44E-05
0.00012032,6.217848179,-0.001489245
0.00012036,6.264888278,0.000741344
0.0001204,6.278442205,-0.001090926
0.00012044,6.329468753,-0.000612942
0.00012048,6.378900722,-0.000453615
0.00012052,6.402819416,-0.000692606
0.00012056,6.453048675,0.000422688
0.0001206,6.486534847,-0.000294287
0.00012064,6.521615599,-0.000692606
0.00012068,6.55908822,-0.000294287
0.00012072,6.621276826,0.000502352
0.00012076,6.651573839,0.000422688
0.0001208,6.681073562,-0.00077227
0.00012084,6.744059458,0.000582016
0.00012088,6.784721239,0.001378655
0.00012092,6.811031802,0.000741344
0.00012096,6.858869191,0.000422688
0.000121,6.886774335,0.000582016
0.00012104,6.927436116,0.000422688
0.00012108,6.976868084,0.000582016
0.00012112,7.015935285,0.000343024
0.00012116,7.053407907,0.00066168
0.0001212,7.08131305,0.001059999
0.00012124,7.133136888,0.000343024
0.00012128,7.160244742,0.001378655
0.00012132,7.204095682,0.000343024
0.00012136,7.237581854,2.44E-05
0.0001214,7.267081578,0.000980336
0.00012144,7.314121677,-0.000373951
0.00012148,7.353986168,0.000343024
0.00012152,7.391458789,0.000343024
0.00012156,7.427336831,0.000183697
0.0001216,7.467201322,0.000821008
0.00012164,7.493511886,0.000900672
0.00012168,7.547727593,0.000741344
0.00012172,7.586794794,0.000183697
0.00012176,7.621875546,0.000422688
0.0001218,7.664929196,0.000900672
0.00012184,7.710374716,0.001059999
0.00012188,7.73748257,0.000183697
0.00012192,7.784522669,0.000183697
0.00012196,7.814022392,-0.00077227
0.000122,7.853886883,0.000741344
0.00012204,7.886575765,-0.000294287
0.00012208,7.936805024,-0.00077227
0.00012212,7.971088486,0.000104033
0.00012216,8.008561107,0.000502352
0.0001222,8.052412047,0.000502352
0.00012224,8.08510093,0.00066168
0.00012228,8.117789812,0.001298991
0.00012232,8.168019071,-0.000134959
0.00012236,8.202302533,-0.000612942
0.0001224,8.234194125,0.00026336
0.00012244,8.287612543,0.000980336
0.00012248,8.320301426,0.000741344
0.00012252,8.349801149,-0.001011262
0.00012256,8.376111713,0.000980336
0.0001226,8.427935551,-0.000134959
0.00012264,8.459827143,0.000821008
0.00012268,8.498894344,0.000343024
0.00012272,8.540353415,0.000502352
0.00012276,8.577028747,0.00066168
0.0001228,8.620082397,0.000900672
0.00012284,8.64958212,0.001139663
0.00012288,8.687054741,0.001537983
0.00012292,8.726121942,0.001219327
0.00012296,8.764391853,0.001059999
0.000123,8.801067185,0.00066168
0.00012304,8.841728966,0.001139663
0.00012308,8.878404297,0.000741344
0.00012312,8.916674208,0.001219327
0.00012316,8.950957671,-0.000134959
0.0001232,8.992416741,0.000422688
0.00012324,9.033078522,0.000980336
0.00012328,9.063375535,2.44E-05
0.00012332,9.089686099,0.001936302
0.00012336,9.139915357,0.000980336
0.0001234,9.176590689,0.001059999
0.00012344,9.208482281,0.000821008
0.00012348,9.238779294,0.001219327
0.00012352,9.278643785,0.001298991
0.00012356,9.312927247,0.000343024
0.0001236,9.350399869,0.001059999
0.00012364,9.379102302,0.00209563
0.00012368,9.425345112,0.000582016
0.00012372,9.465209602,0.00066168
0.00012376,9.493912036,0.001697311
0.0001238,9.533776527,0.000582016
0.00012384,9.558492511,0.001378655
0.00012388,9.597559712,0.000741344
0.00012392,9.639816072,0.000980336
0.00012396,9.679680563,0.000741344
0.000124,9.69323449,0.001697311
0.00012404,9.745855618,0.000900672
0.00012408,9.784125529,0.000582016
0.00012412,9.809638803,-0.000533279
0.00012416,9.844719555,0.001617647
0.0001242,9.892556944,0.00066168
0.00012424,9.914083769,-0.000294287
0.00012428,9.95554284,0.000741344
0.00012432,9.976272375,-0.000134959
0.00012436,10.02331247,0.001219327
0.0001244,10.0448393,0.000502352
0.00012444,10.08709566,0.000183697
0.00012448,10.11818996,0.001139663
0.00012452,10.16044632,0.000104033
0.00012456,10.19313521,0.000741344
0.0001246,10.21306745,-0.000373951
0.00012464,10.23459428,0.001298991
0.00012468,10.28322895,0.001298991
0.00012472,10.30236391,0.00066168
0.00012476,10.33266092,0.001059999
0.0001248,10.36375523,0.001139663
0.00012484,10.38687663,0.000900672
0.00012488,10.4052143,0.000422688
0.00012492,10.43471402,0.000980336
0.00012496,10.46022729,2.44E-05
0.000125,10.46580832,0.000980336
0.00012504,10.4913216,2.44E-05
0.00012508,10.50088907,0.000980336
0.00012512,10.50886197,0.001139663
0.00012516,10.52560506,0.001059999
0.0001252,10.54234814,0.001059999
0.00012524,10.53278067,0.001219327
0.00012528,10.53676712,0.000183697
0.00012532,10.5383617,0.001139663
0.00012536,10.53915899,0.001298991
0.0001254,10.52959151,0.001697311
0.00012544,10.54155085,0.001617647
0.00012548,10.53995628,0.001537983
0.00012552,10.54633459,0.001219327
0.00012556,10.54234814,0.000900672
0.0001256,10.54075357,0.001697311
0.00012564,10.55510478,0.001617647
0.00012568,10.5455373,0.001537983
0.00012572,10.55988852,0.001537983
0.00012576,10.57184787,0.00209563
0.0001258,10.58619908,0.000104033
0.00012584,10.5774289,0.000422688
0.00012588,10.57025329,0.001856639
0.00012592,10.59417198,0.001458319
0.00012596,10.58540179,0.002015966
0.000126,10.58300993,0.00066168
0.00012604,10.58380722,0.000821008
0.00012608,10.569456,0.001776975
0.00012612,10.58061806,0.001139663
0.00012616,10.57105058,0.000104033
0.0001262,10.55430749,0.001378655
0.00012624,10.56228039,0.001298991
0.00012628,10.55829394,0.000422688
0.00012632,10.54314543,0.000741344
0.00012636,10.54314543,0.000582016
0.0001264,10.53676712,0.001059999
0.00012644,10.53756441,0.00066168
0.00012648,10.52879422,0.001537983
0.00012652,10.52879422,0.001697311
0.00012656,10.52799693,0.000900672
0.0001266,10.51205113,0.000582016
0.00012664,10.51524029,0.001697311
0.00012668,10.50965926,0.000980336
0.00012672,10.49052431,0.001298991
0.00012676,10.48813244,0.001059999
0.0001268,10.46501103,0.000502352
0.00012684,10.44986253,0.000980336
0.00012688,10.43949776,0.001298991
0.00012692,10.40043056,0.000980336
0.00012696,10.37252541,0.001298991
0.000127,10.34860672,0.000980336
0.00012704,10.30475578,-0.000453615
0.00012708,10.24176988,0.000183697
0.00012712,10.19393249,0.000104033
0.00012716,10.14210866,0.000980336
0.0001272,10.06477154,0.001298991
0.00012724,10.01852874,-0.000373951
0.00012728,9.963515738,0.00026336
0.00012732,9.886975915,0.00066168
0.00012736,9.840733106,0.000582016
0.0001274,9.794490297,0.001059999
0.00012744,9.745058328,0.000422688
0.00012748,9.708382996,0.001059999
0.00012752,9.662140187,0.000502352
0.00012756,9.630248594,0.001059999
0.0001276,9.600748871,0.001139663
0.00012764,9.576830177,0.001059999
0.00012768,9.539357555,0.000582016
0.00012772,9.509857832,0.000741344
0.00012776,9.486736427,0.001537983
0.0001278,9.462020443,0.000741344
0.00012784,9.428534271,0.001936302
0.00012788,9.38866978,0.001139663
0.00012792,9.351994448,2.44E-05
0.00012796,9.30017061,0.001537983
0.000128,9.278643785,0.001458319
0.00012804,9.233198266,0.000582016
0.00012808,9.183766297,0.000980336
0.00012812,9.150280125,0.001059999
0.00012816,9.120780402,0.000741344
0.0001282,9.060186375,0.00066168
0.00012824,9.028294783,0.001219327
0.00012828,8.990024872,-0.000453615
0.00012832,8.942984772,0.000741344
0.00012836,8.915876919,0.001776975
0.0001284,8.86724224,0.001139663
0.00012844,8.820202141,0.001617647
0.00012848,8.787513258,0.000821008
0.00012852,8.740473159,0.001458319
0.00012856,8.703797827,0.000582016
0.0001286,8.667919786,0.000980336
0.00012864,8.634433613,0.001139663
0.00012868,8.599352861,0.001219327
0.00012872,8.549123603,0.001139663
0.00012876,8.527596778,0.001059999
0.0001288,8.472583781,0.000821008
0.00012884,8.447070506,2.44E-05
0.00012888,8.404814146,-0.000533279
0.00012892,8.370530684,-0.000134959
0.00012896,8.332260773,0.000741344
0.000129,8.294788151,0.001298991
0.00012904,8.25811282,-0.000134959
0.00012908,8.204694402,0.000422688
0.00012912,8.178383838,0.000980336
0.00012916,8.136924768,0.000422688
0.0001292,8.093073828,0.001298991
0.00012924,8.049222888,-0.000214623
0.00012928,8.022115034,0.00026336
0.00012932,7.972683065,0.000502352
0.00012936,7.930426705,0.001378655
0.0001294,7.888967635,0.000422688
0.00012944,7.843522115,0.000821008
0.00012948,7.818806131,0.000582016
0.00012952,7.77734706,-0.00077227
0.00012956,7.731104251,0.000422688
0.0001296,7.69283434,0.000183697
0.00012964,7.659348167,0.000183697
0.00012968,7.629051154,0.000343024
0.00012972,7.589186664,0.000422688
0.00012976,7.543741144,-0.000294287
0.0001298,7.500687494,-0.000214623
0.00012984,7.461620293,0.00066168
0.00012988,7.43212057,0.00026336
0.00012992,7.397039818,0.000183697
0.00012996,7.357175327,0.001537983
0.00013,7.318108126,0.000343024
0.00013004,7.269473447,0.000502352
0.00013008,7.234392695,2.44E-05
0.00013012,7.209676711,-0.000373951
0.00013016,7.154663713,-0.000612942
0.0001302,7.113204643,-0.000373951
0.00013024,7.066164544,-0.001329918
0.00013028,7.036664821,0.000422688
0.00013032,6.991219301,-0.000214623
0.00013036,6.956935839,0.001458319
0.0001304,6.921057797,-0.000533279
0.00013044,6.883585176,-0.000692606
0.00013048,6.839734236,-0.000373951
0.00013052,6.795883296,0.000104033
0.00013056,6.753626936,-0.000453615
0.0001306,6.717748894,2.44E-05
0.00013064,6.685060011,0.00026336
0.00013068,6.637222622,-0.000373951
0.00013072,6.60214187,0.000104033
0.00013076,6.56148009,-0.000533279
0.0001308,6.520021019,0.000343024
0.00013084,6.47377821,-0.000134959
0.00013088,6.441089328,-0.000134959
0.00013092,6.406008576,0.000104033
0.00013096,6.374116983,0.000502352
0.000131,6.328671463,-0.000134959
0.00013104,6.283225944,2.44E-05
0.00013108,6.240969584,0.000502352
0.00013112,6.198713223,0.000582016
0.00013116,6.161240602,0.00026336
0.0001312,6.12695714,-0.001090926
0.00013124,6.094268257,0.00026336
0.00013128,6.048025448,-0.000373951
0.00013132,6.003377218,0.000582016
0.00013136,5.964310017,-0.000931598
0.0001314,5.921256367,-0.000294287
0.00013144,5.883783746,-0.000931598
0.00013148,5.86305421,0.000183697
0.00013152,5.803257474,-0.000612942
0.00013156,5.768176722,0.001059999
0.0001316,5.73229868,0.000502352
0.00013164,5.694028769,0.000183697
0.00013168,5.650975119,0.000183697
0.00013172,5.60154315,-0.000533279
0.00013176,5.56008408,-0.000533279
0.0001318,5.525003328,0.000582016
0.00013184,5.483544258,-0.000692606
0.00013188,5.435706869,-0.001329918
0.00013192,5.399828827,-0.000453615
0.00013196,5.361558916,-0.001090926
0.000132,5.311329657,0.000104033
0.00013204,5.277843485,-0.00117059
0.00013208,5.230803386,-0.001329918
0.00013212,5.193330764,-0.000533279
0.00013216,5.155060853,-0.001011262
0.0001322,5.116790942,-0.000692606
0.00013224,5.08250748,-0.001967229
0.00013228,5.03626467,-0.001011262
0.00013232,4.99640018,-0.001011262
0.00013236,4.958130268,-0.000931598
0.0001324,4.926238676,-0.000931598
0.00013244,4.877603997,-0.001011262
0.00013248,4.848104274,-0.00117059
0.00013252,4.801064174,-0.00077227
0.00013256,4.771564451,-0.00117059
0.0001326,4.73169996,0.000104033
0.00013264,4.697416498,2.44E-05
0.00013268,4.657552007,-0.000612942
0.00013272,4.612106488,-0.001011262
0.00013276,4.569052838,-0.000214623
0.0001328,4.529985637,-0.000931598
0.00013284,4.485337407,-0.000533279
0.00013288,4.446270206,-0.000612942
0.00013292,4.402419266,-0.00117059
0.00013296,4.372122253,-0.000612942
0.000133,4.329865893,-0.000612942
0.00013304,4.285217663,-0.001329918
0.00013308,4.238974854,-0.000533279
0.00013312,4.195123914,-0.000214623
0.00013316,4.156056713,-0.001329918
0.0001332,4.116192222,-0.000851934
0.00013324,4.08190876,-0.000533279
0.00013328,4.03885511,0.000343024
0.00013332,3.996598749,-0.000612942
0.00013336,3.957531548,-0.001250254
0.0001334,3.918464347,-0.000692606
0.00013344,3.895342943,-0.000134959
0.00013348,3.839532656,-0.000453615
0.00013352,3.800465455,-0.000453615
0.00013356,3.759803674,0.000183697
0.0001336,3.711966285,-0.000294287
0.00013364,3.672899084,-0.000294287
0.00013368,3.652966838,-0.000612942
0.00013372,3.60353487,0.000104033
0.00013376,3.552508322,-0.000533279
0.0001338,3.529386917,-0.000692606
0.00013384,3.479954948,-0.001090926
0.00013388,3.423347371,-0.000453615
0.00013392,3.403415126,0.000183697
0.00013396,3.353983157,-0.001011262
0.000134,3.306943058,-0.001090926
0.00013404,3.269470437,-0.000612942
0.00013408,3.243159873,2.44E-05
0.00013412,3.194525194,-0.00077227
0.00013416,3.139512196,0.000104033
0.0001342,3.113201632,-0.000692606
0.00013424,3.066958823,-0.000931598
0.00013428,3.027891622,-0.000692606
0.00013432,2.99281087,-0.000851934
0.00013436,2.956135539,-0.000453615
0.0001344,2.911487309,-0.000453615
0.00013444,2.866041789,-0.000931598
0.00013448,2.813420661,-0.001329918
0.00013452,2.784718228,-0.000612942
0.00013456,2.748042896,-0.001329918
0.0001346,2.700205507,-0.000294287
0.00013464,2.654759988,-0.000851934
0.00013468,2.618881946,-0.001807901
0.00013472,2.578220165,-0.001011262
0.00013476,2.531977356,-0.000294287
0.0001348,2.495302025,-0.001648573
0.00013484,2.441086317,-0.001250254
0.00013488,2.394046218,-0.001011262
0.00013492,2.354979017,-0.000692606
0.00013496,2.315911816,2.44E-05
0.000135,2.25372321,-0.001648573
0.00013504,2.217845168,-0.002285884
0.00013508,2.16681862,-0.001728237
0.00013512,2.130143288,-0.000533279
0.00013516,2.08071132,-0.000373951
0.0001352,2.040049539,-0.000134959
0.00013524,1.990617571,-0.001489245
0.00013528,1.945172051,-0.002445212
0.00013532,1.911685879,-0.001728237
0.00013536,1.8630512,-0.001648573
0.0001354,1.840727085,-0.000851934
0.00013544,1.77614661,-0.002126557
0.00013548,1.734687539,-0.001728237
0.00013552,1.715552584,-0.001807901
0.00013556,1.666917905,-0.002046893
0.0001356,1.625458834,-0.003241851
0.00013564,1.590378083,-0.002445212
0.00013568,1.555297331,-0.002126557
0.00013572,1.517027419,-0.001967229
0.00013576,1.477960218,-0.00260454
0.0001358,1.456433393,-0.000851934
0.00013584,1.414177033,-0.001807901
0.00013588,1.387866469,-0.001409582
0.00013592,1.367136934,-0.00117059
0.00013596,1.329664312,-0.001489245
0.000136,1.312921226,-0.001728237
0.00013604,1.284218793,-0.001967229
0.00013608,1.257908229,-0.001329918
0.00013612,1.233989534,-0.001648573
0.00013616,1.207678971,-0.002046893
0.0001362,1.195719623,-0.002046893
0.00013624,1.16781448,-0.001409582
0.00013628,1.161436161,-0.001489245
0.00013632,1.141503916,-0.001728237
0.00013636,1.143895785,-0.001250254
0.0001364,1.139909336,-0.001011262
0.00013644,1.135922887,-0.001250254
0.00013648,1.161436161,-0.001409582
0.00013652,1.182165696,-0.00117059
0.00013656,1.21166542,-0.001568909
0.0001366,1.240367853,-0.002843532
0.00013664,1.287407952,-0.002524876
0.00013668,1.345610109,-0.001090926
0.00013672,1.389461049,-0.001807901
0.00013676,1.460419842,-0.000851934
0.0001368,1.528189477,-0.002046893
0.00013684,1.591175372,-0.000533279
0.00013688,1.671701644,-0.002126557
0.00013692,1.749038756,-0.001250254
0.00013696,1.814416521,-0.001090926
0.000137,1.886172605,-0.001807901
0.00013704,1.941982892,-0.002923196
0.00013708,1.989022991,-0.002365548
0.00013712,2.042441409,-0.001409582
0.00013716,2.089481508,-0.000294287
0.0001372,2.128548709,-0.000851934
0.00013724,2.16761591,-0.000453615
0.00013728,2.193129184,-0.001090926
0.00013732,2.217845168,-0.001011262
0.00013736,2.25531779,-0.000612942
0.0001374,2.289601252,-0.001090926
0.00013744,2.311925367,-0.000453615
0.00013748,2.347803408,-0.000851934
0.00013752,2.38607332,-0.001409582
0.00013756,2.419559492,-0.001090926
0.0001376,2.468991461,-0.002684204
0.00013764,2.499288474,-0.001967229
0.00013768,2.531977356,-0.000373951
0.00013772,2.575828296,-0.00117059
0.00013776,2.626854844,-0.001011262
0.0001378,2.665124755,-0.000453615
0.00013784,2.696219058,-0.000692606
0.00013788,2.744853737,-0.001329918
0.00013792,2.77515075,-0.000692606
0.00013796,2.813420661,-0.001489245
0.000138,2.86285263,-0.000851934
0.00013804,2.896338802,-0.001090926
0.00013808,2.931419554,-0.001409582
0.00013812,2.966500306,-0.000612942
0.00013816,2.999189189,-0.000612942
0.0001382,3.023107883,-0.001329918
0.00013824,3.057391345,-0.001648573
0.00013828,3.096458546,-0.001568909
0.00013832,3.133133878,-0.001250254
0.00013836,3.161039021,-0.001568909
0.0001384,3.21286286,-0.000294287
0.00013844,3.231200525,-0.002046893
0.00013848,3.271862306,-0.001489245
0.00013852,3.307740348,-0.00117059
0.00013856,3.330064463,-0.000294287
0.0001386,3.356375027,-0.001409582
0.00013864,3.401820546,-0.001250254
0.00013868,3.42972569,-0.001887565
0.00013872,3.479157658,-0.000373951
0.00013876,3.512643831,-0.001090926
0.0001388,3.545332713,-0.000214623
0.00013884,3.589183653,-0.00077227
0.00013888,3.637021042,-0.001250254
0.00013892,3.667318055,-0.000851934
0.00013896,3.714358154,-0.000214623
0.000139,3.762992833,-0.001250254
0.00013904,3.799668165,-0.001887565
0.00013908,3.840329945,-0.001090926
0.00013912,3.896937522,-0.000692606
0.00013916,3.929626405,-0.001568909
0.0001392,3.979855663,-0.000294287
0.00013924,4.010152676,2.44E-05
0.00013928,4.044436138,-0.00077227
0.00013932,4.100246426,-0.000612942
0.00013936,4.134529888,-0.001728237
0.0001394,4.164826901,-0.000134959
0.00013944,4.21106971,-0.000533279
0.00013948,4.262096258,-0.000294287
0.00013952,4.291595982,-0.001011262
0.00013956,4.337041501,-0.000612942
0.0001396,4.373716833,0.000343024
0.00013964,4.419162352,-0.001090926
0.00013968,4.447864786,-0.000373951
0.00013972,4.497296754,-0.000612942
0.00013976,4.541147694,-0.000294287
0.0001398,4.577025736,-0.000373951
0.00013984,4.617687517,-0.000453615
0.00013988,4.662335746,-0.000134959
0.00013992,4.697416498,-0.001090926
0.00013996,4.744456598,-0.001568909
0.00014,4.788307537,-0.000373951
0.00014004,4.82099642,-0.00117059
0.00014008,4.866441939,-0.000134959
0.00014012,4.90790101,-0.000851934
0.00014016,4.94936008,-0.001489245
0.0001402,4.982846253,-0.001409582
0.00014024,5.021913454,-0.001011262
0.00014028,5.061777945,-0.000692606
0.00014032,5.109615334,-0.000214623
0.00014036,5.137520477,-0.001489245
0.0001404,5.181371417,-0.000612942
0.00014044,5.229208806,-0.001011262
0.00014048,5.265086848,-0.002285884
0.00014052,5.306545918,-0.001329918
0.00014056,5.34082938,-0.00077227
0.0001406,5.38547761,-0.000453615
0.00014064,5.422152942,-0.000453615
0.00014068,5.459625563,0.000343024
0.00014072,5.505071083,0.00026336
0.00014076,5.544138284,0.000502352
0.0001408,5.573638007,2.44E-05
0.00014084,5.627853714,0.000343024
0.00014088,5.659745307,-0.000533279
0.00014092,5.684461291,-0.000453615
0.00014096,5.745055318,0.000422688
0.000141,5.77694691,-0.000214623
0.00014104,5.812824952,-0.000373951
0.00014108,5.862256921,-0.000134959
0.00014112,5.901324122,-0.000294287
0.00014116,5.931621135,0.000104033
0.0001412,5.973080205,0.00066168
0.00014124,6.012147406,0.000343024
0.00014128,6.050417317,-0.000214623
0.00014132,6.103038445,-0.000533279
0.00014136,6.12536256,0.000104033
0.0001414,6.165227051,0.000183697
0.00014144,6.225023787,0.00026336
0.00014148,6.243361453,0.000183697
0.00014152,6.289604262,-0.001011262
0.00014156,6.328671463,-0.000692606
0.0001416,6.359765766,-0.000851934
0.00014164,6.404413996,0.000343024
0.00014168,6.445873066,-0.000533279
0.00014172,6.488926717,0.000104033
0.00014176,6.529588497,2.44E-05
0.0001418,6.568655698,0.000104033
0.00014184,6.613303928,0.000900672
0.00014188,6.641209072,0.000582016
0.00014192,6.68984375,0.000104033
0.00014196,6.725721792,0.001139663
0.000142,6.757613385,-0.000294287
0.00014204,6.813423672,0.000422688
0.00014208,6.836545077,0.000183697
0.00014212,6.874017698,0.000343024
0.00014216,6.922652377,0.000900672
0.0001422,6.968895186,0.000183697
0.00014224,6.99361117,-0.000851934
0.00014228,7.032678372,0.00066168
0.00014232,7.074934732,0.000343024
0.00014236,7.100448006,0.000502352
0.0001424,7.147488105,0.000502352
0.00014244,7.188149886,0.000980336
0.00014248,7.220838768,0.000422688
0.00014252,7.279040925,0.000343024
0.00014256,7.314121677,-0.000214623
0.0001426,7.360364486,0.000980336
0.00014264,7.395445238,0.000582016
0.00014268,7.435309729,0.000422688
0.00014272,7.463214873,-0.000214623
0.00014276,7.512646841,0.000183697
0.0001428,7.552511332,0.000422688
0.00014284,7.588389374,-0.000533279
0.00014288,7.629051154,0.000502352
0.00014292,7.668118355,0.000422688
0.00014296,7.709577426,0.001458319
0.000143,7.754225656,0.00066168
0.00014304,7.794887436,-0.000294287
0.00014308,7.821198,0.000343024
0.00014312,7.854684173,-0.000134959
0.00014316,7.901724272,0.000980336
0.0001432,7.939994183,0.00026336
0.00014324,7.967899327,-0.000533279
0.00014328,8.004574658,-0.000931598
0.00014332,8.026101483,0.000183697
0.00014336,8.065168684,0.00026336
0.0001434,8.116992522,0.00066168
0.00014344,8.160046172,0.000582016
0.00014348,8.190343185,-0.000851934
0.00014352,8.222234778,0.000741344
0.00014356,8.270072167,-0.000612942
0.0001436,8.305950209,0.000183697
0.00014364,8.356179467,-0.000134959
0.00014368,8.38886835,-0.000612942
0.00014372,8.411192465,0.00026336
0.00014376,8.459029854,0.001219327
0.0001438,8.502880794,0.000502352
0.00014384,8.530785937,0.000980336
0.00014388,8.56108295,0.001617647
0.00014392,8.608920339,0.000343024
0.00014396,8.628055295,0.000900672
0.000144,8.677487263,0.000741344
0.00014404,8.710176146,0.000821008
0.00014408,8.745256898,0.000980336
0.00014412,8.783526809,0.000900672
0.00014416,8.82099943,0.000900672
0.0001442,8.857674762,0.001378655
0.00014424,8.900728412,0.000502352
0.00014428,8.938998323,0.000343024
0.00014432,8.985241133,2.44E-05
0.00014436,9.011551697,0.000422688
0.0001444,9.060983665,0.00026336
0.00014444,9.096064417,0.001219327
0.00014448,9.138320777,0.001537983
0.00014452,9.178185268,0.000980336
0.00014456,9.202103963,0.000422688
0.0001446,9.241171164,0.001298991
0.00014464,9.272265467,0.000821008
0.00014468,9.312129958,0.001139663
0.00014472,9.340832391,0.001059999
0.00014476,9.3870752,0.001697311
0.0001448,9.426939691,0.001617647
0.00014484,9.452452965,0.001139663
0.00014488,9.486736427,0.001617647
0.00014492,9.527398208,0.00209563
0.00014496,9.568059989,0.001059999
0.000145,9.600748871,0.000582016
0.00014504,9.635032333,0.000741344
0.00014508,9.659748318,0.001617647
0.00014512,9.705193837,0.000980336
0.00014516,9.732301691,0.000502352
0.0001452,9.772963472,0.001219327
0.00014524,9.816814412,0.001059999
0.00014528,9.849503294,0.000980336
0.00014532,9.877408438,0.001378655
0.00014536,9.914881059,0.000741344
0.0001454,9.95394826,0.00066168
0.00014544,9.985839853,0.000183697
0.00014548,10.02171789,0.001139663
0.00014552,10.04962304,0.001139663
0.00014556,10.07274444,0.000821008
0.0001456,10.11739267,0.000183697
0.00014564,10.14928427,0.00026336
0.00014568,10.1700138,0.000980336
0.00014572,10.20589184,0.000582016
0.00014576,10.24655362,0.000900672
0.0001458,10.26170213,0.000502352
0.00014584,10.31033681,0.000821008
0.00014588,10.32787718,0.001298991
0.00014592,10.34860672,0.001059999
0.00014596,10.38847121,0.001617647
0.000146,10.42116009,-0.000294287
0.00014604,10.42993028,0.000582016
0.00014608,10.46261916,0.000582016
0.00014612,10.47776767,0.000980336
0.00014616,10.51205113,0.001776975
0.0001462,10.49769992,0.000980336
0.00014624,10.51524029,0.001617647
0.00014628,10.52879422,0.001537983
0.00014632,10.52799693,0.001378655
0.00014636,10.53198338,0.001139663
0.0001464,10.52879422,0.000900672
0.00014644,10.53357796,0.000422688
0.00014648,10.54474001,0.001378655
0.00014652,10.54314543,0.001537983
0.00014656,10.53756441,0.00209563
0.0001466,10.53995628,0.00026336
0.00014664,10.53676712,0.001776975
0.00014668,10.54633459,0.001378655
0.00014672,10.53437525,0.001298991
0.00014676,10.55271291,0.000741344
0.0001468,10.55191562,0.001856639
0.00014684,10.57105058,0.001537983
0.00014688,10.57822619,0.000582016
0.00014692,10.56228039,0.001856639
0.00014696,10.56307768,0.001298991
0.000147,10.59417198,0.00066168
0.00014704,10.58460451,0.001139663
0.00014708,10.59656385,0.000980336
0.00014712,10.59337469,0.001139663
0.00014716,10.57583432,-0.000134959
0.0001472,10.58300993,0.000741344
0.00014724,10.57264516,0.000821008
0.00014728,10.56706413,0.001298991
0.00014732,10.57025329,0.001537983
0.00014736,10.55909123,0.000821008
0.0001474,10.55191562,0.00066168
0.00014744,10.55191562,0.000821008
0.00014748,10.55669936,0.000900672
0.00014752,10.5383617,0.000422688
0.00014756,10.53198338,0.000900672
0.0001476,10.53596983,0.000900672
0.00014764,10.51763216,0.001219327
0.00014768,10.52002403,0.000980336
0.00014772,10.52321319,0.001378655
0.00014776,10.50806468,0.001298991
0.0001478,10.50168636,0.000104033
0.00014784,10.50328094,0.000183697
0.00014788,10.48414599,0.000821008
0.00014792,10.48414599,0.001298991
0.00014796,10.47617309,0.000980336
0.000148,10.43949776,0.000900672
0.00014804,10.41557906,0.001139663
0.00014808,10.38767392,0.000741344
0.00014812,10.35259317,0.001617647
0.00014816,10.30874223,0.001059999
0.0001482,10.26568858,0.000900672
0.00014824,10.19233792,0.001059999
0.00014828,10.1468924,0.001298991
0.00014832,10.09347398,0.000900672
0.00014836,10.03048808,0.000980336
0.0001484,9.970691346,0.000821008
0.00014844,9.9116919,0.001537983
0.00014848,9.859868062,0.000582016
0.00014852,9.804057774,0.00026336
0.00014856,9.764990573,0.000422688
0.0001486,9.707585707,0.000900672
0.00014864,9.684464302,0.000741344
0.00014868,9.643802521,0.000502352
0.00014872,9.616694668,0.001697311
0.00014876,9.579222046,0.001537983
0.0001488,9.557695221,0.000741344
0.00014884,9.526600918,0.001139663
0.00014888,9.485141848,0.001458319
0.00014892,9.468398762,0.001219327
0.00014896,9.434912589,0.002175294
0.000149,9.395845388,0.001139663
0.00014904,9.355183608,0.000980336
0.00014908,9.314521827,0.001697311
0.00014912,9.279441075,0.001139663
0.00014916,9.227617237,0.000980336
0.0001492,9.190941905,0.000422688
0.00014924,9.139915357,0.000183697
0.00014928,9.105631895,0.00026336
0.00014932,9.059389086,0.000741344
0.00014936,9.021916464,0.001617647
0.0001494,8.989227582,0.000582016
0.00014944,8.950957671,0.000980336
0.00014948,8.901525702,0.001219327
0.00014952,8.86564766,0.00209563
0.00014956,8.833756068,0.001139663
0.0001496,8.789905128,0.001298991
0.00014964,8.754027086,0.001458319
0.00014968,8.719743624,0.001617647
0.00014972,8.675095394,0.000183697
0.00014976,8.637622773,0.001139663
0.0001498,8.599352861,0.000502352
0.00014984,8.567461269,0.00026336
0.00014988,8.534772386,0.00066168
0.00014992,8.485340418,0.000343024
0.00014996,8.455043405,0.000900672
0.00015,8.409597885,0.000343024
0.00015004,8.380098162,0.000422688
0.00015008,8.331463483,0.000582016
0.00015012,8.290004412,0.000980336
0.00015016,8.25731553,0.001219327
0.0001502,8.219842909,0.000183697
0.00015024,8.179978418,-0.000373951
0.00015028,8.140113927,-0.000214623
0.00015032,8.098654856,0.000582016
0.00015036,8.068357843,-0.00077227
0.0001504,8.021317744,0.000900672
0.00015044,7.975872225,-0.000214623
0.00015048,7.939994183,0.001139663
0.00015052,7.904913431,0.000741344
0.00015056,7.869832679,0.000821008
0.0001506,7.818806131,-0.000134959
0.00015064,7.786914538,-0.000373951
0.00015068,7.746252757,0.000582016
0.00015072,7.713563875,0.000183697
0.00015076,7.676888543,-0.000692606
0.0001508,7.633037604,0.00026336
0.00015084,7.593173113,0.000343024
0.00015088,7.556497781,-0.000294287
0.00015092,7.51663329,-0.000373951
0.00015096,7.47278235,0.000183697
0.000151,7.440890758,0.000183697
0.00015104,7.397039818,-0.000373951
0.00015108,7.351594298,-0.000294287
0.00015112,7.306946068,-0.000373951
0.00015116,7.275851766,2.44E-05
0.0001512,7.235987275,-0.000214623
0.00015124,7.183366147,-0.000931598
0.00015128,7.158650163,-0.000134959
0.00015132,7.117988382,-0.000533279
0.00015136,7.070948283,-0.000373951
0.0001514,7.03905669,0.00026336
0.00015144,6.99680033,-0.000612942
0.00015148,6.961719578,0.001219327
0.00015152,6.935409014,-0.000373951
0.00015156,6.884382466,0.00026336
0.0001516,6.850099003,-0.000373951
0.00015164,6.800667035,0.000104033
0.00015168,6.757613385,-0.001250254
0.00015172,6.711370575,-0.000453615
0.00015176,6.683465432,-0.000373951
0.0001518,6.637222622,-0.001250254
0.00015184,6.608520189,0.000104033
0.00015188,6.566263829,0.000183697
0.00015192,6.524804758,-0.000533279
0.00015196,6.477764659,-0.000373951
0.000152,6.449859515,0.000422688
0.00015204,6.409197735,2.44E-05
0.00015208,6.362954925,-0.000453615
0.00015212,6.330266043,-0.000692606
0.00015216,6.287212393,-0.000134959
0.0001522,6.240969584,-0.000373951
0.00015224,6.21465902,-0.001011262
0.00015228,6.164429761,-0.000851934
0.00015232,6.122970691,-0.00117059
0.00015236,6.092673678,-0.001011262
0.0001524,6.048822738,-0.000612942
0.00015244,5.997796189,-0.001090926
0.00015248,5.957134409,-0.000533279
0.00015252,5.930823845,-0.000692606
0.00015256,5.884581035,-0.00117059
0.0001526,5.839135516,-0.000294287
0.00015264,5.811230372,-0.000373951
0.00015268,5.757811955,-0.000931598
0.00015272,5.725123072,0.000821008
0.00015276,5.699609798,-0.00077227
0.0001528,5.64778596,-0.001011262
0.00015284,5.615097077,0.000582016
0.00015288,5.571246137,0.000183697
0.00015292,5.536962675,-0.000373951
0.00015296,5.489922576,0.000183697
0.000153,5.458030983,-0.000373951
0.00015304,5.403815276,-0.000931598
0.00015308,5.376707422,0.000900672
0.00015312,5.34162667,0.000183697
0.00015316,5.284221803,-0.000294287
0.0001532,5.241965443,-0.001011262
0.00015324,5.21166843,-0.00117059
0.00015328,5.166222911,-0.001648573
0.00015332,5.132736738,-0.000453615
0.00015336,5.088885798,-0.000214623
0.0001534,5.054602336,-0.001090926
0.00015344,5.009156817,-0.001648573
0.00015348,4.968495036,-0.002206221
0.00015352,4.927035966,-0.001489245
0.00015356,4.886374185,2.44E-05
0.0001536,4.856077172,-0.001329918
0.00015364,4.813820812,0.000502352
0.00015368,4.77634819,-0.001090926
0.00015372,4.730902671,-0.000612942
0.00015376,4.685457151,-0.000134959
0.0001538,4.653565558,-0.000612942
0.00015384,4.609714618,0.000502352
0.00015388,4.565066389,-0.001011262
0.00015392,4.524404608,-0.001329918
0.00015396,4.490121146,-0.00077227
0.000154,4.446270206,-0.000373951
0.00015404,4.410392164,-0.001011262
0.00015408,4.378500572,-0.000294287
0.00015412,4.333852342,-0.000692606
0.00015416,4.293987851,-0.000533279
0.0001542,4.263690838,-0.000612942
0.00015424,4.223029057,-0.000453615
0.00015428,4.16801606,0.000422688
0.00015432,4.1257597,-0.000373951
0.00015436,4.093070817,-0.00077227
0.0001544,4.053206326,-0.000851934
0.00015444,4.005368937,0.000582016
0.00015448,3.973477345,-0.000214623
0.00015452,3.925639956,2.44E-05
0.00015456,3.887370045,0.000502352
0.0001546,3.846708264,-0.000134959
0.00015464,3.800465455,0.000183697
0.00015468,3.764587413,0.000900672
0.00015472,3.725520212,0.000582016
0.00015476,3.682466562,-0.001409582
0.0001548,3.653764128,-0.000134959
0.00015484,3.619480666,0.000582016
0.00015488,3.570845987,-0.000134959
0.00015492,3.530184207,-0.000373951
0.00015496,3.503076353,-0.001329918
0.000155,3.451252515,-0.001011262
0.00015504,3.408996154,-0.001090926
0.00015508,3.377104562,-0.001648573
0.00015512,3.315713246,-0.002046893
0.00015516,3.288605392,-0.001011262
0.0001552,3.25511922,-0.001011262
0.00015524,3.207281831,-0.000294287
0.00015528,3.16821463,-0.000134959
0.00015532,3.127552849,-0.00077227
0.00015536,3.084499199,-0.001011262
0.0001554,3.039850969,-0.00077227
0.00015544,2.997594609,-0.000453615
0.00015548,2.965703016,-0.000931598
0.00015552,2.911487309,-0.00077227
0.00015556,2.878798426,-0.000214623
0.0001556,2.844514964,-0.00077227
0.00015564,2.798272155,-0.000294287
0.00015568,2.763988693,-0.000931598
0.00015572,2.729705231,-0.001250254
0.00015576,2.680273262,-0.001329918
0.0001558,2.639611481,-0.001409582
0.00015584,2.60373344,-0.000851934
0.00015588,2.550315022,-0.001807901
0.00015592,2.510450531,-0.001807901
0.00015596,2.457829403,-0.001090926
0.000156,2.406005565,2.44E-05
0.00015604,2.371722103,-0.000373951
0.00015608,2.330263032,2.44E-05
0.00015612,2.268871717,-0.000134959
0.00015616,2.231399095,-0.000373951
0.0001562,2.189142735,-0.00117059
0.00015624,2.146886375,-0.000692606
0.00015628,2.105427304,2.44E-05
0.00015632,2.066360103,-0.000533279
0.00015636,2.008157947,-0.000692606
0.0001564,1.965104296,-0.001011262
0.00015644,1.930023544,-0.001728237
0.00015648,1.880591576,-0.00260454
0.00015652,1.840727085,-0.002046893
0.00015656,1.808038203,-0.001489245
0.0001566,1.766579132,-0.000533279
0.00015664,1.726714641,-0.002126557
0.00015668,1.679674542,-0.001250254
0.00015672,1.6437965,-0.002285884
0.00015676,1.610310328,-0.001489245
0.0001568,1.571243127,-0.001329918
0.00015684,1.527392187,-0.001011262
0.00015688,1.492311435,-0.000294287
0.00015692,1.459622553,-0.001568909
0.00015696,1.417366192,-0.002524876
0.000157,1.390258339,-0.001250254
0.00015704,1.351191138,-0.001967229
0.00015708,1.326475153,-0.002285884
0.00015712,1.306542908,-0.002923196
0.00015716,1.282624213,-0.001967229
0.0001572,1.246746172,-0.001329918
0.00015724,1.228408506,-0.00260454
0.00015728,1.216449158,-0.002365548
0.00015732,1.193327754,-0.002445212
0.00015736,1.173395508,-0.001967229
0.0001574,1.159841582,-0.001011262
0.00015744,1.152665973,-0.000851934
0.00015748,1.142301206,-0.002445212
0.00015752,1.147084944,-0.002206221
0.00015756,1.143895785,-0.001329918
0.0001576,1.155057843,-0.001887565
0.00015764,1.179773827,-0.001568909
0.00015768,1.222827477,-0.002046893
0.00015772,1.239570563,-0.00260454
0.00015776,1.285016083,-0.001967229
0.0001578,1.336839921,-0.001409582
0.00015784,1.407798715,-0.002524876
0.00015788,1.460419842,-0.001967229
0.00015792,1.533770506,-0.001807901
0.00015796,1.597553691,-0.001807901
0.000158,1.674890803,-0.001807901
0.00015804,1.747444176,-0.001090926
0.00015808,1.800862594,-0.001648573
0.00015812,1.867037649,-0.00077227
0.00015816,1.928428965,-0.002126557
0.0001582,1.981847383,-0.002285884
0.00015824,2.012144396,-0.001807901
0.00015828,2.067954683,-0.001967229
0.00015832,2.112602912,-0.001409582
0.00015836,2.145291795,-0.001090926
0.0001584,2.170805069,-0.000692606
0.00015844,2.217047878,-0.000692606
0.00015848,2.247344892,-0.000373951
0.00015852,2.287209382,0.000422688
0.00015856,2.308736207,-0.000134959
0.0001586,2.337438641,-0.00117059
0.00015864,2.374911262,2.44E-05
0.00015868,2.416370333,-0.001489245
0.00015872,2.449856505,-0.001011262
0.00015876,2.496896604,-0.001409582
0.0001588,2.531180066,-0.001728237
0.00015884,2.576625586,-0.002046893
0.00015888,2.618881946,-0.00117059
0.00015892,2.657949147,-0.001648573
0.00015896,2.69063803,-0.001011262
0.000159,2.736880839,0.000104033
0.00015904,2.765583272,0.000343024
0.00015908,2.803055894,-0.001011262
0.00015912,2.840528515,-0.002524876
0.00015916,2.888365904,0.00066168
0.0001592,2.914676468,-0.000373951
0.00015924,2.95055451,-0.000214623
0.00015928,2.99360816,-0.000373951
0.00015932,3.026297042,-0.000294287
0.00015936,3.060580505,0.000741344
0.0001594,3.102039575,-0.001090926
0.00015944,3.129944719,-0.001807901
0.00015948,3.159444442,-0.000214623
0.00015952,3.190538745,-0.000294287
0.00015956,3.220038468,-0.000294287
0.0001596,3.257511089,-0.000931598
0.00015964,3.294186421,2.44E-05
0.00015968,3.322888854,-0.000214623
0.00015972,3.362753345,-0.000612942
0.00015976,3.398631387,0.000183697
0.0001598,3.424941951,-0.001489245
0.00015984,3.464806442,-0.000214623
0.00015988,3.499887194,-0.000612942
0.00015992,3.541346264,-0.000851934
0.00015996,3.592372812,-0.000692606
0.00016,3.620277956,-0.000692606
0.00016004,3.662534316,-0.001011262
0.00016008,3.703196097,0.000183697
0.00016012,3.757411804,-0.000692606
0.00016016,3.787708817,0.000183697
0.0001602,3.834748917,0.000343024
0.00016024,3.884978175,0.000502352
0.00016028,3.919261637,-0.00077227
0.00016032,3.963112577,0.000183697
0.00016036,4.004571648,0.000422688
0.0001604,4.054800906,0.000422688
0.00016044,4.089881658,-0.000294287
0.00016048,4.131340728,-0.001011262
0.00016052,4.165624191,-0.00117059
0.00016056,4.206285971,-0.000134959
0.0001606,4.250136911,0.000582016
0.00016064,4.286812243,-0.000294287
0.00016068,4.334649632,-0.00117059
0.00016072,4.365743935,-0.000134959
0.00016076,4.408000295,-0.000373951
0.0001608,4.451851235,0.000104033
0.00016084,4.496499465,-0.000851934
0.00016088,4.533972086,-0.001648573
0.00016092,4.570647417,-0.000931598
0.00016096,4.609714618,-0.000214623
0.000161,4.64559266,0.000422688
0.00016104,4.687051731,-0.000453615
0.00016108,4.725321642,-0.000294287
0.00016112,4.773159031,2.44E-05
0.00016116,4.803456044,-0.000294287
0.0001612,4.844117825,-0.001011262
0.00016124,4.895941663,0.000104033
0.00016128,4.937400733,-0.00077227
0.00016132,4.969292326,2.44E-05
0.00016136,5.012345976,0.000422688
0.0001614,5.059386075,0.001059999
0.00016144,5.091277668,-0.00077227
0.00016148,5.135128608,-0.000373951
0.00016152,5.178182258,2.44E-05
0.00016156,5.21326301,-0.000134959
0.0001616,5.252330211,-0.000214623
0.00016164,5.291397412,0.000502352
0.00016168,5.330464613,0.000104033
0.00016172,5.372720973,-0.000294287
0.00016176,5.404612566,-0.000373951
0.0001618,5.441287897,0.000422688
0.00016184,5.488327997,-0.000533279
0.00016188,5.525800618,-0.000851934
0.00016192,5.564867819,0.000582016
0.00016196,5.60234044,-0.000214623
0.000162,5.639015772,-0.000931598
0.00016204,5.68924503,-0.000612942
0.00016208,5.73469055,-0.000692606
0.00016212,5.775352331,-0.000931598
0.00016216,5.815216821,-0.000612942
0.0001622,5.847108414,-0.00077227
0.00016224,5.883783746,-0.000533279
0.00016228,5.930823845,-0.000134959
0.00016232,5.961918148,0.000183697
0.00016236,6.004971798,0.000104033
0.0001624,6.052011897,0.000104033
0.00016244,6.068754983,-0.000533279
0.00016248,6.118984242,-0.000294287
0.00016252,6.158848732,0.001139663
0.00016256,6.194726774,-0.00117059
0.0001626,6.245753322,-0.000214623
0.00016264,6.272861176,-0.001329918
0.00016268,6.311928377,-0.000134959
0.00016272,6.360563056,-0.000134959
0.00016276,6.394846518,-0.000134959
0.0001628,6.437900168,0.000900672
0.00016284,6.468994471,0.000582016
0.00016288,6.514439991,-0.000931598
0.00016292,6.544737004,-0.000453615
0.00016296,6.588587944,-0.000931598
0.000163,6.624465985,-0.000612942
0.00016304,6.664330476,-0.000533279
0.00016308,6.726519082,-0.000692606
0.00016312,6.756816095,-0.000134959
0.00016316,6.800667035,0.000502352
0.0001632,6.836545077,0.00026336
0.00016324,6.880396017,0.00026336
0.00016328,6.918665928,0.00026336
0.00016332,6.960124998,0.000183697
0.00016336,6.985638272,0.000183697
0.0001634,7.031881082,-0.000294287
0.00016344,7.060583515,0.001139663
0.00016348,7.104434455,0.000502352
0.00016352,7.137920627,0.000422688
0.00016356,7.186555306,-0.000294287
0.0001636,7.218446899,0.000502352
0.00016364,7.261500549,0.000183697
0.00016368,7.305351489,-0.000533279
0.00016372,7.34521598,0.00066168
0.00016376,7.379499442,0.000104033
0.0001638,7.43291786,0.000741344
0.00016384,7.457633844,0.000741344
0.00016388,7.491120016,0.000582016
0.00016392,7.542943854,0.000502352
0.00016396,7.567659839,0.000183697
0.000164,7.617889097,-0.000214623
0.00016404,7.656159008,0.001059999
0.00016408,7.69283434,-0.000533279
0.00016412,7.723928643,0.000343024
0.00016416,7.750239207,-0.000134959
0.0001642,7.802860334,-0.000612942
0.00016424,7.831562768,0.000502352
0.00016428,7.882589316,0.00066168
0.00016432,7.9073053,0.000343024
0.00016436,7.949561661,0.000422688
0.0001644,7.990223441,0.000104033
0.00016444,8.026101483,0.00026336
0.00016448,8.068357843,0.000741344
0.00016452,8.101844016,0.000821008
0.00016456,8.144100376,-0.000453615
0.0001646,8.190343185,0.000821008
0.00016464,8.218248329,0.001059999
0.00016468,8.266085718,2.44E-05
0.00016472,8.30116647,0.00066168
0.00016476,8.3458147,0.000741344
0.0001648,8.373719843,0.001537983
0.00016484,8.426340971,0.001378655
0.00016488,8.449462376,0.000343024
0.00016492,8.488529577,0.000422688
0.00016496,8.51643472,2.44E-05
0.000165,8.554704632,0.000582016
0.00016504,8.597758282,0.000183697
0.00016508,8.620879686,0.000741344
0.00016512,8.665527916,0.000900672
0.00016516,8.712568015,0.001139663
0.0001652,8.744459608,0.001697311
0.00016524,8.774756621,0.001617647
0.00016528,8.832161488,0.000104033
0.00016532,8.853688313,0.00066168
0.00016536,8.877607007,0.001776975
0.0001654,8.929430846,0.00066168
0.00016544,8.964511597,0.000900672
0.00016548,8.9956059,0.001059999
0.00016552,9.03945684,0.001139663
0.00016556,9.090483388,0.001856639
0.0001656,9.110415634,0.001139663
0.00016564,9.163834052,0.001856639
0.00016568,9.190144616,0.001059999
0.00016572,9.220441629,0.000980336
0.00016576,9.263495279,0.001298991
0.0001658,9.30256248,0.000422688
0.00016584,9.331264913,0.001617647
0.00016588,9.379899592,0.000980336
0.00016592,9.405412866,0.00066168
0.00016596,9.43092614,0.00026336
0.000166,9.47716895,0.001697311
0.00016604,9.504276803,0.001059999
0.00016608,9.540952135,0.000900672
0.00016612,9.583208495,0.000502352
0.00016616,9.622275696,0.000741344
0.0001662,9.646194391,0.000502352
0.00016624,9.695626359,0.001298991
0.00016628,9.738680009,0.001139663
0.00016632,9.767382443,0.000980336
0.00016636,9.802463195,0.000422688
0.0001664,9.826381889,2.44E-05
0.00016644,9.86544909,0.000900672
0.00016648,9.899732552,0.000502352
0.00016652,9.928434986,0.00026336
0.00016656,9.965907607,0.000343024
0.0001666,10.01055584,-0.000453615
0.00016664,10.04005556,0.000900672
0.00016668,10.06237968,0.000741344
0.00016672,10.10463604,0.00066168
0.00016676,10.14131137,0.00066168
0.0001668,10.18037857,0.000741344
0.00016684,10.20349997,-0.000134959
0.00016688,10.24097259,0.00066168
0.00016692,10.26808045,0.00026336
0.00016696,10.29598559,0.000900672
0.000167,10.3262826,0.000502352
0.00016704,10.34621485,0.001059999
0.00016708,10.37890373,0.001617647
0.00016712,10.40999804,0.000422688
0.00016716,10.43072757,0.000422688
0.0001672,10.45065982,0.001458319
0.00016724,10.47298393,0.000502352
0.00016728,10.4913216,0.001139663
0.00016732,10.50407823,0.001139663
0.00016736,10.51842945,0.001617647
0.0001674,10.53118609,0.001219327
0.00016744,10.52719964,0.001617647
0.00016748,10.53357796,0.001856639
0.00016752,10.54394272,0.000980336
0.00016756,10.54633459,0.00066168
0.0001676,10.54314543,0.001219327
0.00016764,10.54394272,0.000741344
0.00016768,10.53676712,0.001298991
0.00016772,10.54314543,0.000900672
0.00016776,10.5383617,-0.000214623
0.0001678,10.54314543,0.001219327
0.00016784,10.54872646,0.001537983
0.00016788,10.55510478,0.000741344
0.00016792,10.55430749,0.001537983
0.00016796,10.57264516,0.001617647
0.000168,10.5774289,0.001697311
0.00016804,10.57982077,0.001139663
0.00016808,10.57105058,0.001458319
0.00016812,10.58540179,0.001139663
0.00016816,10.59736114,0.002175294
0.0001682,10.59098282,0.00066168
0.00016824,10.5925774,0.00066168
0.00016828,10.58380722,0.001219327
0.00016832,10.58300993,2.44E-05
0.00016836,10.57184787,0.00066168
0.0001684,10.56786142,0.001458319
0.00016844,10.57344245,0.000502352
0.00016848,10.56865871,0.001617647
0.00016852,10.55271291,0.001298991
0.00016856,10.54952375,0.001298991
0.0001686,10.55111833,0.001936302
0.00016864,10.53596983,0.001139663
0.00016868,10.53278067,0.001298991
0.00016872,10.53118609,0.001458319
0.00016876,10.52401048,0.001458319
0.0001688,10.52640235,0.001776975
0.00016884,10.53357796,0.00209563
0.00016888,10.514443,0.000900672
0.00016892,10.49690263,-0.000214623
0.00016896,10.49769992,0.000582016
0.000169,10.47138935,0.001776975
0.00016904,10.46660561,0.001059999
0.00016908,10.45544355,0.000900672
0.00016912,10.43949776,0.00026336
0.00016916,10.41478177,0.001139663
0.0001692,10.40680888,0.000422688
0.00016924,10.35897149,0.000502352
0.00016928,10.31512055,0.000422688
0.00016932,10.25851297,0.000183697
0.00016936,10.21227016,-0.000453615
0.0001694,10.15247342,-0.000134959
0.00016944,10.10064959,0.000741344
0.00016948,10.03128537,0.000183697
0.00016952,9.982650693,0.000582016
0.00016956,9.919664798,0.001059999
0.0001696,9.873421989,0.000422688
0.00016964,9.82159815,0.000502352
0.00016968,9.784125529,0.000741344
0.00016972,9.738680009,0.000422688
0.00016976,9.69482907,0.000183697
0.0001698,9.659748318,0.001378655
0.00016984,9.627059435,0.001298991
0.00016988,9.601546161,0.00066168
0.00016992,9.559289801,0.000343024
0.00016996,9.540154845,0.001856639
0.00017,9.497101195,0.000821008
0.00017004,9.468398762,0.000900672
0.00017008,9.435709879,-0.000214623
0.00017012,9.395048098,0.000582016
0.00017016,9.366345665,0.000422688
0.0001702,9.334454072,0.001537983
0.00017024,9.289805843,0.000980336
0.00017028,9.254725091,0.000821008
0.00017032,9.21565789,0.001298991
0.00017036,9.17021237,0.001378655
0.0001704,9.122374981,0.001697311
0.00017044,9.079321331,0.001298991
0.00017048,9.035470391,0.00066168
0.00017052,9.009159827,0.000741344
0.00017056,8.944579352,0.00026336
0.0001706,8.919066078,0.001059999
0.00017064,8.86803953,0.001537983
0.00017068,8.836147937,0.001298991
0.00017072,8.802661765,0.000343024
0.00017076,8.756418955,0.000821008
0.0001708,8.718149044,0.000980336
0.00017084,8.682271002,0.000183697
0.00017088,8.64878483,0.001219327
0.00017092,8.608123049,0.00066168
0.00017096,8.581015196,0.001378655
0.000171,8.532380517,0.000821008
0.00017104,8.498894344,0.001219327
0.00017108,8.458232564,0.000183697
0.00017112,8.411192465,2.44E-05
0.00017116,8.371327974,-0.000533279
0.0001712,8.332260773,0.000104033
0.00017124,8.30116647,-0.000533279
0.00017128,8.262099269,2.44E-05
0.00017132,8.224626648,0.000422688
0.00017136,8.176789259,0.00026336
0.0001714,8.147289535,-0.000373951
0.00017144,8.102641306,0.000183697
0.00017148,8.066763264,0.000104033
0.00017152,8.022912324,-0.000134959
0.00017156,7.984642413,0.001059999
0.0001716,7.957534559,0.000502352
0.00017164,7.91049446,0.000183697
0.00017168,7.876210998,0.00026336
0.00017172,7.837143797,0.000183697
0.00017176,7.795684726,-0.000134959
0.0001718,7.755022945,0.000741344
0.00017184,7.717550324,0.000821008
0.00017188,7.677685833,0.000582016
0.00017192,7.640213212,0.000582016
0.00017196,7.607524329,-0.000692606
0.000172,7.5628761,0.00066168
0.00017204,7.538160115,2.44E-05
0.00017208,7.483944408,0.00026336
0.00017212,7.452850105,0.000104033
0.00017216,7.411391034,-0.001090926
0.0001722,7.363553645,2.44E-05
0.00017224,7.322094575,0.000741344
0.00017228,7.275054476,0.000104033
0.00017232,7.229608956,-0.000533279
0.00017236,7.192136335,-0.000214623
0.0001724,7.163433901,-0.000533279
0.00017244,7.12755586,0.000104033
0.00017248,7.074137442,0.000422688
0.00017252,7.047029588,-0.000294287
0.00017256,7.013543416,-0.000134959
0.0001726,6.964908737,0.001059999
0.00017264,6.942584622,0.000422688
0.00017268,6.900328262,-0.000214623
0.00017272,6.846909844,-0.000294287
0.00017276,6.82299115,0.000343024
0.0001728,6.781532079,-0.000373951
0.00017284,6.744856748,0.000183697
0.00017288,6.699411228,-0.001409582
0.00017292,6.665127766,0.001059999
0.00017296,6.611709348,-0.001329918
0.000173,6.579817756,-0.001090926
0.00017304,6.524804758,0.00026336
0.00017308,6.501683354,-0.001489245
0.00017312,6.455440544,-0.000294287
0.00017316,6.43072456,0.00026336
0.0001732,6.38527904,0.000422688
0.00017324,6.328671463,-0.00117059
0.00017328,6.29757716,0.000343024
0.00017332,6.263293698,-0.000134959
0.00017336,6.222631918,2.44E-05
0.0001734,6.180375557,-0.000533279
0.00017344,6.139713777,-0.000214623
0.00017348,6.102241155,-0.000294287
0.00017352,6.073538722,-0.000214623
0.00017356,6.013741986,0.000422688
0.0001736,5.993012451,-0.000294287
0.00017364,5.95314796,0.000502352
0.00017368,5.911688889,0.00026336
0.00017372,5.867837949,-0.000294287
0.00017376,5.828770748,0.000900672
0.0001738,5.796081866,-0.000134959
0.00017384,5.743460738,-0.000373951
0.00017388,5.705190827,-0.000931598
0.00017392,5.673299234,-0.000612942
0.00017396,5.641407641,0.000502352
0.000174,5.587989224,0.000183697
0.00017404,5.554503051,-0.000373951
0.00017408,5.505868372,-0.000692606
0.00017412,5.464409302,-0.000612942
0.00017416,5.425342101,0.00066168
0.0001742,5.3862749,0.000821008
0.00017424,5.34082938,0.000104033
0.00017428,5.305748628,-0.000134959
0.00017432,5.25551937,0.00026336
0.00017436,5.217249459,-0.000453615
0.0001744,5.186155156,-0.000373951
0.00017444,5.128750289,-0.001807901
0.00017448,5.096061407,-0.000931598
0.00017452,5.064169814,-0.001250254
0.00017456,5.017927005,-0.001011262
0.0001746,4.992413731,-0.000931598
0.00017464,4.945373631,-0.000533279
0.00017468,4.899130822,-0.001090926
0.00017472,4.849698853,-0.001250254
0.00017476,4.81860455,-0.000612942
0.0001748,4.7755509,-0.001090926
0.00017484,4.73329454,-0.00077227
0.00017488,4.705389396,-0.00077227
0.00017492,4.659943877,-0.000373951
0.00017496,4.624863125,-0.00117059
0.000175,4.581809475,-0.000612942
0.00017504,4.547526013,-0.000134959
0.00017508,4.494904885,-0.000612942
0.00017512,4.463013292,-0.000294287
0.00017516,4.409594874,-0.001329918
0.0001752,4.372919543,-0.000612942
0.00017524,4.34341982,-0.000373951
0.00017528,4.29877159,-0.001250254
0.00017532,4.25492065,-0.00077227
0.00017536,4.215056159,-0.001011262
0.0001754,4.183164567,-0.001329918
0.00017544,4.131340728,-0.001090926
0.00017548,4.092273527,-0.000453615
0.00017552,4.058787355,-0.000612942
0.00017556,4.008558097,-0.00077227
0.0001756,3.972680055,-0.000851934
0.00017564,3.936004723,0.000183697
0.00017568,3.891356494,-0.001489245
0.00017572,3.854681162,-0.000134959
0.00017576,3.815613961,-0.000214623
0.0001758,3.77814134,-0.001090926
0.00017584,3.73189853,-0.000533279
0.00017588,3.700006938,2.44E-05
0.00017592,3.653764128,-0.00077227
0.00017596,3.616291507,-0.000294287
0.000176,3.574832436,-0.001090926
0.00017604,3.529386917,-0.000373951
0.00017608,3.488725136,0.000422688
0.00017612,3.460022703,-0.000294287
0.00017616,3.412185314,-0.001250254
0.0001762,3.375509982,-0.001011262
0.00017624,3.33963194,-0.000453615
0.00017628,3.294186421,-0.00117059
0.00017632,3.25352464,-0.000373951
0.00017636,3.224822207,-0.000931598
0.0001764,3.162633601,-0.001011262
0.00017644,3.1235664,-0.000134959
0.00017648,3.091674807,-0.000931598
0.00017652,3.044634708,-0.000214623
0.00017656,2.996797319,2.44E-05
0.0001766,2.968094886,0.00026336
0.00017664,2.921852076,-0.000851934
0.00017668,2.886771325,-0.000692606
0.00017672,2.841325805,-0.001409582
0.00017676,2.798272155,-0.000533279
0.0001768,2.760799533,2.44E-05
0.00017684,2.728907941,-0.000851934
0.00017688,2.68824616,-0.000612942
0.00017692,2.64519251,-0.000931598
0.00017696,2.606922599,-0.000851934
0.000177,2.55828792,-0.000851934
0.00017704,2.51363969,-0.001011262
0.00017708,2.467396881,-0.000851934
0.00017712,2.42992426,-0.00117059
0.00017716,2.369330233,-0.001090926
0.0001772,2.333452192,-0.000692606
0.00017724,2.282425643,-0.001090926
0.00017728,2.236980124,2.44E-05
0.00017732,2.200304792,-0.00117059
0.00017736,2.152467403,-0.000373951
0.0001774,2.090278798,-0.000294287
0.00017744,2.060779074,-0.001011262
0.00017748,2.012144396,-0.001250254
0.00017752,1.967496166,-0.000851934
0.00017756,1.922847936,-0.002126557
0.0001776,1.901321111,-0.002684204
0.00017764,1.839132505,-0.002126557
0.00017768,1.802457174,-0.001329918
0.00017772,1.777741189,-0.00300286
0.00017776,1.719539033,-0.001489245
0.0001778,1.686052861,-0.001728237
0.00017784,1.654161268,-0.001329918
0.00017788,1.611107618,-0.002445212
0.00017792,1.565662098,-0.002923196
0.00017796,1.539351534,-0.001568909
0.000178,1.489919566,-0.001648573
0.00017804,1.454838814,-0.002046893
0.00017808,1.432514699,-0.001887565
0.00017812,1.409393294,-0.001967229
0.00017816,1.355974876,-0.001090926
0.0001782,1.350393848,-0.001011262
0.00017824,1.29777272,-0.001489245
0.00017828,1.273056735,-0.001329918
0.00017832,1.257110939,-0.001648573
0.00017836,1.245948882,-0.002285884
0.0001784,1.216449158,-0.001967229
0.00017844,1.20847626,-0.00077227
0.00017848,1.188544015,-0.003241851
0.00017852,1.175787378,-0.001728237
0.00017856,1.171800929,-0.001887565
0.0001786,1.154260553,-0.001648573
0.00017864,1.158247002,-0.001090926
0.00017868,1.149476814,-0.001568909
0.00017872,1.169409059,-0.002684204
0.00017876,1.178976537,-0.001489245
0.0001788,1.203692521,-0.001648573
0.00017884,1.233989534,-0.002046893
0.00017888,1.25471907,-0.002046893
0.00017892,1.312921226,-0.001409582
0.00017896,1.371123383,-0.001489245
0.000179,1.42773096,-0.001648573
0.00017904,1.493108725,-0.001887565
0.00017908,1.572040417,-0.001409582
0.00017912,1.639810051,-0.00260454
0.00017916,1.695620338,-0.001250254
0.0001792,1.789700537,-0.001489245
0.00017924,1.854281012,-0.001887565
0.00017928,1.918861487,-0.002206221
0.00017932,1.973874484,-0.00117059
0.00017936,2.022509163,-0.001648573
0.0001794,2.067157393,-0.000692606
0.00017944,2.12296768,-0.001250254
0.00017948,2.154061983,-0.000931598
0.00017952,2.189940025,-0.000294287
0.00017956,2.230601805,-0.000533279
0.0001796,2.25292592,-0.001250254
0.00017964,2.290398542,-0.000692606
0.00017968,2.316709106,-0.000134959
0.00017972,2.338235931,-0.001568909
0.00017976,2.374113972,-0.000931598
0.0001798,2.408397434,-0.001329918
0.00017984,2.450653795,-0.000612942
0.00017988,2.479356228,-0.001887565
0.00017992,2.525599038,-0.001887565
0.00017996,2.563868949,-0.002285884
0.00018,2.60054428,-0.001011262
0.00018004,2.650773539,-0.001250254
0.00018008,2.686651581,-0.001967229
0.00018012,2.729705231,-0.000533279
0.00018016,2.764785983,-0.001967229
0.0001802,2.814217951,-0.001648573
0.00018024,2.844514964,-0.001807901
0.00018028,2.887568614,-0.000612942
0.00018032,2.923446656,-0.001648573
0.00018036,2.946568061,-0.000533279
0.0001804,2.99281087,-0.000931598
0.00018044,3.033472651,-0.001090926
0.00018048,3.053404896,-0.000453615
0.00018052,3.08131004,-0.00117059
0.00018056,3.117985371,-0.000692606
0.0001806,3.146687805,-0.001011262
0.00018064,3.187349585,-0.000612942
0.00018068,3.218443888,-0.000851934
0.00018072,3.246349032,-0.000931598
0.00018076,3.287010813,-0.001011262
0.0001808,3.317307826,-0.00077227
0.00018084,3.350793998,-0.000214623
0.00018088,3.38587475,2.44E-05
0.00018092,3.43052298,-0.000931598
0.00018096,3.475171209,-0.00117059
0.000181,3.495103455,-0.000931598
0.00018104,3.537359815,-0.000214623
0.00018108,3.582008045,0.000183697
0.00018112,3.625061695,-0.001250254
0.00018116,3.660142447,-0.001807901
0.0001812,3.706385256,-0.000931598
0.00018124,3.746249747,-0.00117059
0.00018128,3.790100687,-0.001090926
0.00018132,3.829965178,-0.001409582
0.00018136,3.878599857,-0.000931598
0.0001814,3.926437246,-0.001568909
0.00018144,3.954342389,-0.000294287
0.00018148,3.991017721,-0.000533279
0.00018152,4.044436138,-0.000692606
0.00018156,4.077922311,-0.001728237
0.0001816,4.107422034,-0.000533279
0.00018164,4.158448582,2.44E-05
0.00018168,4.196718493,-0.000692606
0.00018172,4.234988405,-0.001329918
0.00018176,4.269271867,-0.000294287
0.0001818,4.321095705,2.44E-05
0.00018184,4.352987297,-0.001011262
0.00018188,4.396838237,-0.000533279
0.00018192,4.437500018,0.000343024
0.00018196,4.47417535,-0.001728237
0.000182,4.522810028,-0.001967229
0.00018204,4.569850128,-0.000931598
0.00018208,4.60094443,-0.000612942
0.00018212,4.655957428,-0.000453615
0.00018216,4.682267992,-0.00077227
0.0001822,4.712565005,-0.000373951
0.00018224,4.769172582,-0.000373951
0.00018228,4.807442493,2.44E-05
0.00018232,4.844915114,-0.000214623
0.00018236,4.883185026,-0.000612942
0.0001824,4.928630545,-0.000214623
0.00018244,4.968495036,-0.000134959
0.00018248,4.99560289,0.000183697
0.00018252,5.045034858,-0.001090926
0.00018256,5.078521031,-0.000373951
0.0001826,5.12635842,2.44E-05
0.00018264,5.16861478,-0.000373951
0.00018268,5.202898242,2.44E-05
0.00018272,5.257911239,-0.00117059
0.00018276,5.292194702,0.000183697
0.0001828,5.336045642,2.44E-05
0.00018284,5.364748075,-0.000294287
0.00018288,5.417369203,-0.000692606
0.00018292,5.444477057,-0.000134959
0.00018296,5.485936127,-0.000134959
0.000183,5.530584357,2.44E-05
0.00018304,5.569651558,-0.000931598
0.00018308,5.60154315,-0.000453615
0.00018312,5.635826613,0.000104033
0.00018316,5.675691103,-0.000373951
0.0001832,5.718744754,2.44E-05
0.00018324,5.771365881,-0.000612942
0.00018328,5.800865605,-0.000931598
0.00018332,5.842324675,0.000104033
0.00018336,5.878202717,-0.000294287
0.0001834,5.914878048,-0.000134959
0.00018344,5.961120858,-0.000294287
0.00018348,5.99460703,-0.000851934
0.00018352,6.044836289,-0.000294287
0.00018356,6.087889939,2.44E-05
0.0001836,6.12536256,-0.000373951
0.00018364,6.16841621,0.000104033
0.00018368,6.204294252,0.000821008
0.00018372,6.248942482,0.000343024
0.00018376,6.281631364,0.000741344
0.0001838,6.318306696,0.000582016
0.00018384,6.363752215,0.00066168
0.00018388,6.411589604,0.000502352
0.00018392,6.42833269,0.000741344
0.00018396,6.480156529,0.000980336
0.000184,6.51842644,-0.000373951
0.00018404,6.538358685,-0.000931598
0.00018408,6.572642147,-0.000851934
0.00018412,6.622871406,-0.000453615
0.00018416,6.659546737,-0.000134959
0.0001842,6.694627489,0.000343024
0.00018424,6.743262168,0.000422688
0.00018428,6.780734789,0.000821008
0.00018432,6.826977599,0.000741344
0.00018436,6.859666481,-0.000373951
0.0001844,6.897139103,0.000582016
0.00018444,6.935409014,0.000183697
0.00018448,6.986435562,0.000502352
0.00018452,7.022313604,0.000422688
0.00018456,7.066961834,-0.000294287
0.0001846,7.103637165,0.00066168
0.00018464,7.147488105,-0.000214623
0.00018468,7.184163437,-0.000294287
0.00018472,7.224825217,0.001936302
0.00018476,7.25591952,0.000900672
0.0001848,7.30056775,0.000741344
0.00018484,7.349202429,2.44E-05
0.00018488,7.375512993,0.001378655
0.00018492,7.406607296,-0.000214623
0.00018496,7.445674497,-0.000373951
0.000185,7.487133567,2.44E-05
0.00018504,7.51982245,0.000183697
0.00018508,7.56048423,0.000422688
0.00018512,7.593970402,0.000422688
0.00018516,7.637024053,0.000343024
0.0001852,7.669712935,0.000821008
0.00018524,7.712766585,-0.000453615
0.00018528,7.756617525,2.44E-05
0.00018532,7.792495567,0.00066168
0.00018536,7.830765478,-0.00117059
0.0001854,7.877008287,-0.000373951
0.00018544,7.916075488,0.00066168
0.00018548,7.95115624,0.000183697
0.00018552,7.991020731,-0.000533279
0.00018556,8.031682512,0.000104033
0.0001856,8.072344293,-0.000453615
0.00018564,8.12576271,-0.000214623
0.00018568,8.162438042,-0.000134959
0.00018572,8.191140475,-0.000134959
0.00018576,8.222234778,0.00026336
0.0001858,8.254126371,0.000104033
0.00018584,8.29957189,0.000821008
0.00018588,8.320301426,-0.000214623
0.00018592,8.360165916,0.000502352
0.00018596,8.404016856,-0.000214623
0.000186,8.42953013,0.000104033
0.00018604,8.478164809,2.44E-05
0.00018608,8.512448271,0.00026336
0.00018612,8.56188024,-0.001090926
0.00018616,8.582609775,0.000343024
0.0001862,8.640014642,0.000582016
0.00018624,8.671906235,0.000582016
0.00018628,8.703797827,0.000821008
0.00018632,8.749243347,0.001697311
0.00018636,8.77794578,2.44E-05
0.0001864,8.817012981,-0.000612942
0.00018644,8.860863921,0.001139663
0.00018648,8.891160934,0.001776975
0.00018652,8.923052527,0.001059999
0.00018656,8.965308887,0.000900672
0.0001866,9.007565248,2.44E-05
0.00018664,9.045835159,0.000821008
0.00018668,9.078524041,0.000821008
0.00018672,9.122374981,-0.000214623
0.00018676,9.142307227,0.000821008
0.0001868,9.187752746,0.000741344
0.00018684,9.222833498,0.001617647
0.00018688,9.245157613,2.44E-05
0.00018692,9.307346219,0.000900672
0.00018696,9.333656783,0.001537983
0.000187,9.373521273,0.000502352
0.00018704,9.403818286,0.00026336
0.00018708,9.454844835,0.001537983
0.00018712,9.472385211,0.001697311
0.00018716,9.52101989,0.00066168
0.0001872,9.552114192,0.00066168
0.00018724,9.596762422,0.000422688
0.00018728,9.618289247,0.000582016
0.00018732,9.657356448,0.000980336
0.00018736,9.689248041,0.00066168
0.0001874,9.715558605,0.001378655
0.00018744,9.765787863,0.000821008
0.00018748,9.794490297,-0.000214623
0.00018752,9.834354787,0.000183697
0.00018756,9.870232829,0.001856639
0.0001876,9.901327132,0.000900672
0.00018764,9.928434986,0.000422688
0.00018768,9.966704897,0.000980336
0.00018772,10.00497481,0.000582016
0.00018776,10.03048808,0.000502352
0.0001878,10.06158239,0.000900672
0.00018784,10.09427127,0.000821008
0.00018788,10.12536557,-0.000134959
0.00018792,10.16523006,0.000502352
0.00018796,10.20031081,0.00066168
0.000188,10.22582409,0.000343024
0.00018804,10.25931026,0.000422688
0.00018808,10.2872154,0.001378655
0.00018812,10.32229616,0.001298991
0.00018816,10.36136336,0.000741344
0.0001882,10.38448476,0.00066168
0.00018824,10.39325495,-0.000294287
0.00018828,10.43311944,0.001458319
0.00018832,10.45863271,0.002254958
0.00018836,10.46182187,0.001139663
0.0001884,10.49451076,0.001458319
0.00018844,10.51125384,0.001219327
0.00018848,10.51125384,0.001298991
0.00018852,10.52719964,0.000183697
0.00018856,10.53596983,0.001298991
0.0001886,10.54394272,0.001059999
0.00018864,10.53995628,0.000900672
0.00018868,10.54394272,0.000502352
0.00018872,10.54155085,0.001697311
0.00018876,10.53517254,0.000183697
0.0001888,10.54633459,-0.000373951
0.00018884,10.52959151,0.000343024
0.00018888,10.54155085,-0.000453615
0.00018892,10.55430749,0.000741344
0.00018896,10.54633459,0.00026336
0.000189,10.54155085,0.000980336
0.00018904,10.54234814,0.000422688
0.00018908,10.55111833,0.001139663
0.00018912,10.55271291,0.000502352
0.00018916,10.57025329,0.000183697
0.0001892,10.56865871,0.000900672
0.00018924,10.57902348,0.00066168
0.00018928,10.58619908,0.000343024
0.00018932,10.58460451,0.000104033
0.00018936,10.5774289,0.000502352
0.0001894,10.58859095,0.000741344
0.00018944,10.58061806,-0.000294287
0.00018948,10.57982077,-0.000214623
0.00018952,10.57503703,0.000582016
0.00018956,10.56786142,0.000741344
0.0001896,10.55909123,0.000900672
0.00018964,10.54952375,0.000104033
0.00018968,10.56307768,0.000741344
0.00018972,10.53676712,0.00209563
0.00018976,10.53278067,0.002254958
0.0001898,10.54952375,0.000900672
0.00018984,10.52959151,0.001378655
0.00018988,10.53437525,0.001617647
0.00018992,10.52082132,0.001298991
0.00018996,10.51842945,0.000980336
0.00019,10.514443,0.001776975
0.00019004,10.50965926,0.00209563
0.00019008,10.50088907,0.00066168
0.00019012,10.48574057,0.000980336
0.00019016,10.47457851,0.001059999
0.0001902,10.47059206,0.000741344
0.00019024,10.44109234,0.001219327
0.00019028,10.43311944,0.000582016
0.00019032,10.40601159,0.001458319
0.00019036,10.36534981,0.000422688
0.0001904,10.33345821,0.001776975
0.00019044,10.28322895,0.000900672
0.00019048,10.23060783,0.001856639
0.00019052,10.18436502,0.001378655
0.00019056,10.1309466,-0.000533279
0.0001906,10.0528122,0.001856639
0.00019064,10.00417752,0.000900672
0.00019068,9.940394333,0.001059999
0.00019072,9.879003017,0.001697311
0.00019076,9.827179179,0.001856639
0.0001908,9.777747211,0.00026336
0.00019084,9.73469356,0.000582016
0.00019088,9.69482907,0.001537983
0.00019092,9.652572709,0.001139663
0.00019096,9.619883827,0.000741344
0.000191,9.591181393,0.001856639
0.00019104,9.557695221,0.001219327
0.00019108,9.523411759,0.001059999
0.00019112,9.504276803,0.001697311
0.00019116,9.469993341,0.001458319
0.0001912,9.438899038,0.00026336
0.00019124,9.403818286,-0.000214623
0.00019128,9.359170057,0.000183697
0.00019132,9.336048652,0.001219327
0.00019136,9.289008553,0.000900672
0.0001914,9.249941352,0.001059999
0.00019144,9.210874151,0.000821008
0.00019148,9.174996109,0.000741344
0.00019152,9.140712647,0.001219327
0.00019156,9.092077968,0.000502352
0.0001916,9.052213477,0.002175294
0.00019164,9.007565248,0.001697311
0.00019168,8.964511597,0.000343024
0.00019172,8.927836266,-0.000134959
0.00019176,8.887971775,0.00026336
0.0001918,8.848107284,-0.000612942
0.00019184,8.805053634,0.001139663
0.00019188,8.771567462,0.00026336
0.00019192,8.728513812,0.000422688
0.00019196,8.681473713,0.001139663
0.000192,8.662338757,0.000900672
0.00019204,8.616095948,0.000980336
0.00019208,8.580217906,0.000741344
0.00019212,8.542745284,0.00066168
0.00019216,8.509259112,0.001059999
0.0001922,8.466205462,0.00066168
0.00019224,8.43271929,0.00026336
0.00019228,8.405611436,0.000582016
0.00019232,8.347409279,-0.000294287
0.00019236,8.305950209,2.44E-05
0.0001924,8.271666747,2.44E-05
0.00019244,8.230207676,0.000343024
0.00019248,8.192735055,0.000821008
0.00019252,8.163235332,0.000502352
0.00019256,8.113803363,0.000582016
0.0001926,8.076330742,-0.000214623
0.00019264,8.030087932,0.001537983
0.00019268,7.99420989,0.000422688
0.00019272,7.956737269,-0.000692606
0.00019276,7.924845676,0.000502352
0.0001928,7.872224549,2.44E-05
0.00019284,7.837143797,0.00026336
0.00019288,7.809238653,-0.000453615
0.00019292,7.770968742,0.000741344
0.00019296,7.723131353,0.000104033
0.000193,7.69203705,0.000821008
0.00019304,7.652969849,0.000502352
0.00019308,7.613105358,0.000821008
0.00019312,7.577227316,0.000502352
0.00019316,7.537362826,0.000343024
0.0001932,7.504673943,2.44E-05
0.00019324,7.461620293,-0.000851934
0.00019328,7.421755802,0.000104033
0.00019332,7.381891311,2.44E-05
0.00019336,7.331662053,-0.000533279
0.0001934,7.303756909,-0.000373951
0.00019344,7.260703259,0.000104033
0.00019348,7.216852319,0.000422688
0.00019352,7.178582408,-0.000453615
0.00019356,7.141907076,0.000183697
0.0001936,7.096461557,-0.000214623
0.00019364,7.058191646,0.000422688
0.00019368,7.019124445,-0.000453615
0.00019372,6.983246403,-0.000134959
0.00019376,6.942584622,-0.00077227
0.0001938,6.897139103,-0.000294287
0.00019384,6.859666481,-0.00077227
0.00019388,6.819004701,0.000422688
0.00019392,6.774356471,-0.00077227
0.00019396,6.73369469,-0.000214623
0.000194,6.701803098,-0.000533279
0.00019404,6.657154868,-0.00077227
0.00019408,6.616493087,0.000582016
0.00019412,6.589385233,0.00026336
0.00019416,6.539953265,-0.000294287
0.0001942,6.492913166,-0.000214623
0.00019424,6.457035124,0.000104033
0.00019428,6.422751662,-0.000851934
0.00019432,6.376508852,-0.000533279
0.00019436,6.335847072,-0.000453615
0.0001944,6.293590711,0.000582016
0.00019444,6.248942482,-0.000294287
0.00019448,6.223429208,0.000343024
0.00019452,6.181172847,2.44E-05
0.00019456,6.137321907,-0.000214623
0.0001946,6.106227604,-0.00077227
0.00019464,6.066363114,-0.000931598
0.00019468,6.023309464,-0.000373951
0.00019472,5.986634132,-0.000453615
0.00019476,5.947566931,2.44E-05
0.0001948,5.899729542,-0.000533279
0.00019484,5.86544608,-0.000692606
0.00019488,5.82079785,0.000741344
0.00019492,5.780933359,-0.001090926
0.00019496,5.741866158,-0.001011262
0.000195,5.710771855,-0.000692606
0.00019504,5.665326336,0.000183697
0.00019508,5.625461845,0.000343024
0.00019512,5.596759412,-0.000134959
0.00019516,5.545732863,-0.000612942
0.0001952,5.511449401,-0.000453615
0.00019524,5.467598461,0.00026336
0.00019528,5.425342101,0.000343024
0.00019532,5.388666769,0.001059999
0.00019536,5.350396858,0.00066168
0.0001954,5.304951339,0.000422688
0.00019544,5.25631666,0.001298991
0.00019548,5.228411516,-0.000294287
0.00019552,5.189344315,-0.001329918
0.00019556,5.152668984,-0.00077227
0.0001956,5.111209913,0.00026336
0.00019564,5.072940002,-0.000134959
0.00019568,5.032278221,-0.000214623
0.00019572,4.997994759,-0.000214623
0.00019576,4.960522138,-0.00117059
0.0001958,4.90790101,-0.000612942
0.00019584,4.86564465,-0.001090926
0.00019588,4.832955767,-0.000373951
0.00019592,4.7755509,-0.00077227
0.00019596,4.746848467,0.000343024
0.000196,4.706983976,0.000821008
0.00019604,4.665524906,-0.000214623
0.00019608,4.619282096,-0.00117059
0.00019612,4.572241997,-0.000373951
0.00019616,4.536363955,-0.000373951
0.0001962,4.488526566,-0.000692606
0.00019624,4.458229553,-0.000373951
0.00019628,4.420756932,-0.000373951
0.00019632,4.374514123,-0.000294287
0.00019636,4.339433371,-0.000214623
0.0001964,4.290001402,0.000582016
0.00019644,4.25412336,-0.001090926
0.00019648,4.215853449,-0.000294287
0.00019652,4.179975407,-0.001489245
0.00019656,4.138516337,-0.001728237
0.0001966,4.095462687,-0.00077227
0.00019664,4.058787355,-0.001807901
0.00019668,4.018125574,-0.000851934
0.00019672,3.988625851,-0.000931598
0.00019676,3.952747809,-0.001568909
0.0001968,3.90570771,-0.001329918
0.00019684,3.86504593,-0.000453615
0.00019688,3.8203977,-0.001887565
0.00019692,3.77654676,2.44E-05
0.00019696,3.743857878,-0.000294287
0.000197,3.697615068,-0.000294287
0.00019704,3.668912635,-0.001250254
0.00019708,3.633034593,-0.00117059
0.00019712,3.585197204,-0.00117059
0.00019716,3.534967946,-0.000612942
0.0001972,3.503076353,-0.001090926
0.00019724,3.466401021,-0.000931598
0.00019728,3.424144661,-0.001329918
0.00019732,3.376307272,-0.00117059
0.00019736,3.348402128,-0.001967229
0.0001974,3.300564739,-0.001250254
0.00019744,3.265483987,0.000343024
0.00019748,3.227214076,-0.002126557
0.00019752,3.172201079,-0.001728237
0.00019756,3.137917617,-0.001728237
0.0001976,3.099647706,0.000422688
0.00019764,3.070147982,-0.001090926
0.00019768,3.015134985,-0.001090926
0.00019772,2.972081335,-0.000931598
0.00019776,2.933014134,0.000343024
0.0001978,2.890757774,-0.001250254
0.00019784,2.850893283,-0.000851934
0.00019788,2.812623372,-0.00117059
0.00019792,2.767177852,-0.000851934
0.00019796,2.73129981,-0.000294287
0.000198,2.69063803,-0.000692606
0.00019804,2.653165408,-0.000294287
0.00019808,2.616490077,-0.001329918
0.00019812,2.567058108,-0.000851934
0.00019816,2.528788197,0.000183697
0.0001982,2.486531837,-0.001489245
0.00019824,2.437099868,-0.000692606
0.00019828,2.393248928,-0.000533279
0.00019832,2.344614249,-0.002445212
0.00019836,2.304749758,-0.000851934
0.0001984,2.245750312,-0.000134959
0.00019844,2.189940025,-0.001011262
0.00019848,2.152467403,-0.000533279
0.00019852,2.111008333,-0.001967229
0.00019856,2.063170944,-0.001489245
0.0001986,2.016130845,-0.000453615
0.00019864,1.969090745,-0.001250254
0.00019868,1.931618124,-0.00077227
0.00019872,1.897334662,-0.00077227
0.00019876,1.853483722,-0.002126557
0.0001988,1.809632782,-0.001807901
0.00019884,1.772957451,-0.002763868
0.00019888,1.73309296,-0.002763868
0.00019892,1.695620338,-0.002206221
0.00019896,1.656553137,-0.001568909
0.000199,1.615891357,-0.001409582
0.00019904,1.583999764,-0.001967229
0.00019908,1.538554244,-0.000931598
0.00019912,1.507459942,-0.002046893
0.00019916,1.467595451,-0.002365548
0.0001992,1.441284887,-0.001648573
0.00019924,1.403812265,-0.001807901
0.00019928,1.364745064,-0.001728237
0.00019932,1.34162366,-0.000692606
0.00019936,1.316110386,-0.002206221
0.0001994,1.280232344,-0.00117059
0.00019944,1.273056735,-0.001011262
0.00019948,1.25551636,-0.001887565
0.00019952,1.226016636,-0.001967229
0.00019956,1.21007084,-0.001967229
0.0001996,1.191733174,-0.002524876
0.00019964,1.16542261,-0.001409582
0.00019968,1.163030741,-0.002126557
0.00019972,1.157449712,-0.001648573
0.00019976,1.145490365,-0.001728237
0.0001998,1.153463263,-0.002046893
0.00019984,1.16462532,-0.001489245
0.00019988,1.168611769,-0.001250254
0.00019992,1.206084391,-0.000931598
0.00019996,1.232394955,-0.002206221
0.0002,1.270664866,-0.002206221
0.00020004,1.307340198,-0.001409582
0.00020008,1.371123383,-0.001887565
0.00020012,1.42533909,-0.001489245
0.00020016,1.482743957,-0.000931598
0.0002002,1.554500041,-0.001329918
0.00020024,1.638215472,-0.00077227
0.00020028,1.709174265,-0.001250254
0.00020032,1.77534932,-0.001807901
0.00020036,1.847902693,-0.00117059
0.0002004,1.90530756,-0.00077227
0.00020044,1.957131398,-0.001728237
0.00020048,2.014536265,-0.000692606
0.00020052,2.064765523,-0.001329918
0.00020056,2.118183941,-0.000851934
0.0002006,2.141305346,-0.001011262
0.00020064,2.173994228,-0.000931598
0.00020068,2.219439748,-0.001409582
0.00020072,2.251331341,-0.001329918
0.00020076,2.266479847,-0.001329918
0.0002008,2.301560599,-0.000533279
0.00020084,2.335046771,-0.001887565
0.00020088,2.365343784,-0.001409582
0.00020092,2.403613696,-0.001728237
0.00020096,2.445870056,-0.000692606
0.000201,2.476964359,-0.000692606
0.00020104,2.519220719,-0.000612942
0.00020108,2.568652688,-0.000612942
0.00020112,2.608517178,-0.001329918
0.00020116,2.650773539,-0.00077227
0.0002012,2.691435319,-0.001090926
0.00020124,2.735286259,-0.000533279
0.00020128,2.781529069,-0.000294287
0.00020132,2.816609821,-0.000294287
0.00020136,2.857271601,-0.000692606
0.0002014,2.878798426,-0.000533279
0.00020144,2.917068338,-0.001409582
0.00020148,2.947365351,0.000104033
0.00020152,2.973675915,-0.000134959
0.00020156,3.011148536,-0.00077227
0.0002016,3.044634708,-0.000453615
0.00020164,3.07971546,-0.000931598
0.00020168,3.12197182,-0.000453615
0.00020172,3.141106776,-0.000533279
0.00020176,3.16662005,-0.001489245
0.0002018,3.192133324,2.44E-05
0.00020184,3.233592395,-0.00077227
0.00020188,3.269470437,-0.001329918
0.00020192,3.301362029,-0.000533279
0.00020196,3.34202381,-0.00117059
0.000202,3.371523533,0.000104033
0.00020204,3.420955502,0.000104033
0.00020208,3.442482327,-0.001011262
0.00020212,3.483144107,-0.001090926
0.00020216,3.535765235,0.000502352
0.0002022,3.582805335,-0.000294287
0.00020224,3.618683376,0.00026336
0.00020228,3.668912635,0.000582016
0.00020232,3.710371705,0.000422688
0.00020236,3.739074139,-0.000533279
0.0002024,3.781330499,0.000183697
0.00020244,3.81960041,-0.000214623
0.00020248,3.86265406,-0.000533279
0.00020252,3.90730229,0.00026336
0.00020256,3.945572201,-0.000453615
0.0002026,3.973477345,-0.000453615
0.00020264,4.011747256,0.00066168
0.00020268,4.070746702,-0.002126557
0.00020272,4.103435585,-0.001568909
0.00020276,4.140110916,-0.001250254
0.0002028,4.194326624,0.00026336
0.00020284,4.231799245,-0.000692606
0.00020288,4.267677287,0.00066168
0.00020292,4.310730937,-0.000612942
0.00020296,4.349798138,-0.000931598
0.000203,4.391257209,-0.000294287
0.00020304,4.42793254,-0.000214623
0.00020308,4.483742827,-0.000373951
0.00020312,4.517229,-0.000214623
0.00020316,4.557093491,2.44E-05
0.0002032,4.60253901,-0.000931598
0.00020324,4.631241444,-0.001329918
0.00020328,4.683862571,0.000502352
0.00020332,4.726916222,0.000821008
0.00020336,4.762794263,2.44E-05
0.0002034,4.789104827,0.00026336
0.00020344,4.841725955,-0.000214623
0.00020348,4.893549793,-0.000134959
0.00020352,4.919860357,-0.000373951
0.00020356,4.964508587,-0.001887565
0.0002036,4.986832702,-0.001409582
0.00020364,5.03626467,-0.001250254
0.00020368,5.072142712,0.000104033
0.00020372,5.112804493,-0.001568909
0.00020376,5.154263563,-0.000533279
0.0002038,5.189344315,-0.000692606
0.00020384,5.217249459,-0.000214623
0.00020388,5.269870587,0.000104033
0.00020392,5.304951339,-0.000453615
0.00020396,5.348802279,-0.000453615
0.000204,5.38707219,0.00026336
0.00020404,5.438098738,0.00026336
0.00020408,5.466801171,-0.000851934
0.00020412,5.505868372,-0.000214623
0.00020416,5.564070529,0.000104033
0.0002042,5.599948571,0.000343024
0.00020424,5.640610352,-0.000294287
0.00020428,5.667718205,0.001139663
0.00020432,5.720339333,0.000582016
0.00020436,5.759406534,-0.001011262
0.0002044,5.797676445,-0.000214623
0.00020444,5.827973458,-0.000851934
0.00020448,5.867040659,-0.000692606
0.00020452,5.917269918,-0.000294287
0.00020456,5.95075609,-0.000453615
0.0002046,5.984242263,-0.001807901
0.00020464,6.019323014,0.000502352
0.00020468,6.069552273,-0.000373951
0.00020472,6.104633025,-0.000134959
0.00020476,6.150078544,-0.000134959
0.0002048,6.185159296,-0.000214623
0.00020484,6.232996685,-0.000851934
0.00020488,6.261699119,0.000104033
0.00020492,6.311131087,0.000343024
0.00020496,6.346211839,-0.000612942
0.000205,6.38687362,0.000343024
0.00020504,6.43152185,0.000582016
0.00020508,6.463413442,-0.000134959
0.00020512,6.504872513,0.000900672
0.00020516,6.537561395,0.000582016
0.0002052,6.587790654,0.001139663
0.00020524,6.613303928,0.000104033
0.00020528,6.656357578,-0.000214623
0.00020532,6.704194967,-0.000294287
0.00020536,6.73688385,-0.000373951
0.0002054,6.764788993,-0.000533279
0.00020544,6.811829092,-0.000533279
0.00020548,6.845315265,-0.000851934
0.00020552,6.901125552,0.00066168
0.00020556,6.933017144,0.000183697
0.0002056,6.974476215,0.001059999
0.00020564,7.012746126,0.00026336
0.00020568,7.064569964,0.000343024
0.00020572,7.089285949,0.00026336
0.00020576,7.145096236,0.00026336
0.0002058,7.17060951,-0.000612942
0.00020584,7.21286587,0.001219327
0.00020588,7.240771014,-0.000373951
0.00020592,7.297378591,0.000422688
0.00020596,7.328472894,0.000741344
0.000206,7.359567196,0.000582016
0.00020604,7.420161222,0.00026336
0.00020608,7.436904309,-0.001011262
0.00020612,7.47517422,0.000183697
0.00020616,7.523808899,-0.000294287
0.0002062,7.546930303,0.000343024
0.00020624,7.593173113,-0.000453615
0.00020628,7.641807791,0.001059999
0.00020632,7.670510225,0.000343024
0.00020636,7.701604528,0.000104033
0.0002064,7.752631076,0.000582016
0.00020644,7.794887436,-0.000931598
0.00020648,7.82040071,0.000900672
0.00020652,7.861062491,-0.00117059
0.00020656,7.897737823,0.00026336
0.0002066,7.925642966,0.00026336
0.00020664,7.975872225,-0.000134959
0.00020668,8.013344846,-0.000931598
0.00020672,8.050817467,2.44E-05
0.00020676,8.092276538,0.000183697
0.0002068,8.137722058,0.000183697
0.00020684,8.17200552,0.000502352
0.00020688,8.221437488,0.000183697
0.00020692,8.25811282,-0.000692606
0.00020696,8.281234225,0.000502352
0.000207,8.317112266,0.000183697
0.00020704,8.354584888,0.000980336
0.00020708,8.385679191,-0.000134959
0.00020712,8.427935551,0.000582016
0.00020716,8.468597331,0.000582016
0.0002072,8.505272663,-0.000533279
0.00020724,8.528394068,-0.000294287
0.00020728,8.570650428,0.002015966
0.00020732,8.620082397,0.001378655
0.00020736,8.65037941,0.001458319
0.0002074,8.695027639,0.001378655
0.00020744,8.726919232,0.002015966
0.00020748,8.764391853,0.001059999
0.00020752,8.805850924,0.001378655
0.00020756,8.843323545,0.000422688
0.0002076,8.886377195,0.001219327
0.00020764,8.916674208,0.000741344
0.00020768,8.949363091,0.001059999
0.00020772,8.990024872,0.001139663
0.00020776,9.036267681,0.002015966
0.0002078,9.076132172,0.00026336
0.00020784,9.112010214,0.00066168
0.00020788,9.142307227,0.001139663
0.00020792,9.189347326,0.000980336
0.00020796,9.220441629,0.000980336
0.000208,9.247549482,0.000741344
0.00020804,9.283427524,0.000422688
0.00020808,9.321697435,0.001856639
0.00020812,9.368737535,0.001298991
0.00020816,9.407007446,0.000821008
0.0002082,9.428534271,0.001776975
0.00020824,9.469993341,0.001856639
0.00020828,9.514641571,0.001697311
0.00020832,9.551316903,0.001139663
0.00020836,9.580019336,0.001219327
0.0002084,9.618289247,0.001139663
0.00020844,9.652572709,0.000980336
0.00020848,9.676491404,0.001936302
0.00020852,9.732301691,0.001617647
0.00020856,9.754625806,0.001936302
0.0002086,9.775355341,0.001139663
0.00020864,9.828773759,0.000502352
0.00020868,9.847111425,0.000582016
0.00020872,9.882192177,0.001219327
0.00020876,9.925245827,0.001936302
0.0002088,9.949961811,0.000980336
0.00020884,9.994610041,0.001856639
0.00020888,10.04324472,0.001617647
0.00020892,10.06158239,0.00066168
0.00020896,10.09746043,0.001298991
0.000209,10.13014931,0.001298991
0.00020904,10.16283819,0.002175294
0.00020908,10.19154063,0.001537983
0.00020912,10.21306745,0.00209563
0.00020916,10.25452652,0.001139663
0.0002092,10.28482353,0.000900672
0.00020924,10.30714765,0.001458319
0.00020928,10.3422284,0.001617647
0.00020932,10.37491728,0.001219327
0.00020936,10.39644411,0.001378655
0.0002094,10.42753841,0.000741344
0.00020944,10.4522544,0.001697311
0.00020948,10.46341645,0.000104033
0.00020952,10.48653786,0.001298991
0.00020956,10.50088907,0.001776975
0.0002096,10.51683487,0.001936302
0.00020964,10.52560506,0.001059999
0.00020968,10.52879422,0.001776975
0.00020972,10.53198338,0.001537983
0.00020976,10.56467226,-0.000453615
0.0002098,10.53915899,0.000900672
0.00020984,10.53995628,0.002175294
0.00020988,10.54872646,0.001378655
0.00020992,10.54075357,0.001378655
0.00020996,10.53437525,0.001697311
0.00021,10.5455373,0.001776975
0.00021004,10.54075357,0.001776975
0.00021008,10.54792917,0.000980336
0.00021012,10.55430749,0.002175294
0.00021016,10.55749665,0.00249395
0.0002102,10.55271291,0.001059999
0.00021024,10.55510478,0.001537983
0.00021028,10.57184787,0.000343024
0.00021032,10.57663161,0.001219327
0.00021036,10.58380722,0.000502352
0.0002104,10.59018553,-0.000373951
0.00021044,10.59656385,0.001776975
0.00021048,10.60214488,0.001059999
0.00021052,10.58779366,0.000183697
0.00021056,10.59018553,0.00066168
0.0002106,10.59098282,2.44E-05
0.00021064,10.57663161,0.00026336
0.00021068,10.56786142,0.000900672
0.00021072,10.56068581,0.001697311
0.00021076,10.54633459,0.001219327
0.0002108,10.56865871,0.000422688
0.00021084,10.5535102,0.000900672
0.00021088,10.54234814,0.000821008
0.00021092,10.5303888,0.001537983
0.00021096,10.52799693,0.001458319
0.000211,10.53278067,0.001458319
0.00021104,10.52401048,0.001458319
0.00021108,10.51205113,0.001697311
0.00021112,10.51683487,0.001617647
0.00021116,10.51284842,0.001219327
0.0002112,10.50088907,0.001059999
0.00021124,10.49690263,0.001697311
0.00021128,10.47936225,0.001139663
0.00021132,10.47218664,0.000980336
0.00021136,10.45464626,0.001537983
0.0002114,10.43471402,0.001537983
0.00021144,10.3972414,0.001776975
0.00021148,10.37491728,0.000582016
0.00021152,10.32707989,0.000582016
0.00021156,10.28562082,0.001298991
0.0002116,10.24495904,0.00066168
0.00021164,10.17639212,0.000343024
0.00021168,10.11978454,0.001298991
0.00021172,10.06237968,-0.000134959
0.00021176,10.01135313,0.001219327
0.0002118,9.946772652,0.000422688
0.00021184,9.882989466,0.000422688
0.00021188,9.831165628,0.000343024
0.00021192,9.785720109,0.000741344
0.00021196,9.733098981,0.001139663
0.000212,9.69323449,0.000980336
0.00021204,9.658153738,0.000502352
0.00021208,9.626262145,0.000582016
0.00021212,9.595965132,0.000422688
0.00021216,9.558492511,0.000422688
0.0002122,9.546533164,0.001537983
0.00021224,9.509857832,0.001059999
0.00021228,9.483547268,0.001458319
0.00021232,9.442088198,0.000502352
0.00021236,9.418169503,0.001378655
0.0002124,9.38946707,0.000741344
0.00021244,9.348007999,0.000422688
0.00021248,9.310535378,0.00026336
0.00021252,9.260306119,0.000741344
0.00021256,9.218847049,0.000104033
0.0002126,9.180577138,2.44E-05
0.00021264,9.139118067,0.000422688
0.00021268,9.106429185,0.000502352
0.00021272,9.049024318,0.00066168
0.00021276,9.011551697,0.00066168
0.0002128,8.969295336,-0.000692606
0.00021284,8.923849817,0.001617647
0.00021288,8.884782616,0.000422688
0.00021292,8.857674762,0.000821008
0.00021296,8.815418402,0.000502352
0.000213,8.776351201,0.00066168
0.00021304,8.731702971,0.000343024
0.00021308,8.706986987,0.000183697
0.00021312,8.666325206,-0.000533279
0.00021316,8.625663425,0.00066168
0.0002132,8.60493389,0.00066168
0.00021324,8.557096501,0.000741344
0.00021328,8.524407619,-0.000214623
0.00021332,8.465408172,0.000821008
0.00021336,8.447867796,2.44E-05
0.0002134,8.396043958,-0.000533279
0.00021344,8.367341525,-0.00077227
0.00021348,8.313125817,0.000502352
0.00021352,8.282828804,0.00026336
0.00021356,8.242964313,-0.000453615
0.0002136,8.200707953,0.001059999
0.00021364,8.17041094,0.000582016
0.00021368,8.12895187,0.001059999
0.00021372,8.090681958,0.000582016
0.00021376,8.047628308,0.001697311
0.0002138,8.018128585,-0.000851934
0.00021384,7.968696616,0.000343024
0.00021388,7.941588763,0.000104033
0.00021392,7.900129692,0.000183697
0.00021396,7.856278752,0.000422688
0.000214,7.817211551,0.000183697
0.00021404,7.781333509,0.002015966
0.00021408,7.73748257,0.00026336
0.00021412,7.707185556,0.000741344
0.00021416,7.654564429,0.000741344
0.0002142,7.625861995,0.000741344
0.00021424,7.585997504,0.001458319
0.00021428,7.536565536,0.000582016
0.00021432,7.501484784,0.00026336
0.00021436,7.464012162,0.000980336
0.0002144,7.435309729,-0.000453615
0.00021444,7.392256079,0.000741344
0.00021448,7.350797008,0.001059999
0.00021452,7.315716256,0.000104033
0.00021456,7.277446345,0.000900672
0.0002146,7.231203536,-0.000214623
0.00021464,7.188149886,0.000183697
0.00021468,7.152271844,0.000741344
0.00021472,7.117988382,0.000343024
0.00021476,7.08131305,0.000343024
0.0002148,7.021516314,0.000821008
0.00021484,7.002381358,0.000582016
0.00021488,6.969692476,0.000821008
0.00021492,6.923449667,0.001378655
0.00021496,6.876409567,0.000900672
0.000215,6.835747787,0.00026336
0.00021504,6.799072455,0.000900672
0.00021508,6.751235066,0.000741344
0.00021512,6.715357024,0.00026336
0.00021516,6.670708795,0.000821008
0.0002152,6.636425333,0.001059999
0.00021524,6.595763552,-0.000294287
0.00021528,6.550318032,0.000821008
0.00021532,6.510453542,0.001139663
0.00021536,6.4745755,0.000104033
0.0002154,6.417967923,-0.000214623
0.00021544,6.378900722,2.44E-05
0.00021548,6.353387448,-0.000294287
0.00021552,6.311131087,0.000343024
0.00021556,6.25771267,0.000821008
0.0002156,6.225023787,0.000183697
0.00021564,6.190740325,-0.000373951
0.00021568,6.148483965,0.000183697
0.00021572,6.118984242,0.001059999
0.00021576,6.085498069,0.000104033
0.0002158,6.048025448,0.001059999
0.00021584,6.009755537,0.000502352
0.00021588,5.964310017,0.00026336
0.00021592,5.933215714,-0.000453615
0.00021596,5.890162064,0.001059999
0.000216,5.854284022,0.000900672
0.00021604,5.808041213,0.000502352
0.00021608,5.764190273,0.000343024
0.00021612,5.724325782,-0.000931598
0.00021616,5.680474842,-0.00117059
0.0002162,5.639813062,-0.000612942
0.00021624,5.595962122,0.000502352
0.00021628,5.544138284,-0.001090926
0.00021632,5.505071083,0.000821008
0.00021636,5.482746968,-0.000134959
0.0002164,5.43012584,-0.000373951
0.00021644,5.383883031,-0.000931598
0.00021648,5.365545365,-0.00117059
0.00021652,5.320897135,-0.00077227
0.00021656,5.284221803,0.000343024
0.0002166,5.249141051,0.00026336
0.00021664,5.200506373,-0.00077227
0.00021668,5.160641882,-0.000134959
0.00021672,5.12556113,-0.000453615
0.00021676,5.08330477,-0.001250254
0.0002168,5.03865654,0.000183697
0.00021684,5.009954106,-0.001011262
0.00021688,4.966900456,-0.000214623
0.00021692,4.90790101,-0.001409582
0.00021696,4.871225678,-0.00077227
0.000217,4.829766608,-0.000214623
0.00021704,4.785118378,-0.000214623
0.00021708,4.738078279,-0.000931598
0.00021712,4.706186686,0.000104033
0.00021716,4.663930326,0.000104033
0.0002172,4.638417052,0.000422688
0.00021724,4.60174172,-0.000134959
0.00021728,4.552309752,0.000183697
0.00021732,4.519620869,-0.001090926
0.00021736,4.47417535,-0.001489245
0.0002174,4.440689177,-0.002365548
0.00021744,4.397635527,-0.00077227
0.00021748,4.357771036,-0.000294287
0.00021752,4.309136358,2.44E-05
0.00021756,4.284420373,0.00026336
0.0002176,4.258907099,-0.000373951
0.00021764,4.207083261,-0.001648573
0.00021768,4.162435031,-0.000612942
0.00021772,4.12336783,-0.000612942
0.00021776,4.077922311,-0.001250254
0.0002178,4.026098473,-0.000612942
0.00021784,3.990220431,-0.000533279
0.00021788,3.946369491,-0.001011262
0.00021792,3.906505,-0.000373951
0.00021796,3.859464901,-0.000453615
0.000218,3.832357047,-0.00077227
0.00021804,3.773357601,0.000502352
0.00021808,3.742263298,-0.001090926
0.00021812,3.696020489,-0.000931598
0.00021816,3.654561418,-0.000214623
0.0002182,3.624264405,0.00066168
0.00021824,3.588386363,-0.001648573
0.00021828,3.535765235,-0.000851934
0.00021832,3.505468222,-0.001011262
0.00021836,3.464806442,-0.000851934
0.0002184,3.419360922,-0.001489245
0.00021844,3.389063909,-0.000533279
0.00021848,3.353983157,-0.000373951
0.00021852,3.306943058,-0.000373951
0.00021856,3.283821653,-0.001329918
0.0002186,3.242362583,-0.001090926
0.00021864,3.189741455,-0.00077227
0.00021868,3.149876964,-0.001967229
0.00021872,3.106823314,-0.001250254
0.00021876,3.063769664,-0.001250254
0.0002188,3.027891622,-0.000214623
0.00021884,2.978459653,-0.00117059
0.00021888,2.936203293,-0.000373951
0.00021892,2.901122541,-0.002126557
0.00021896,2.86205534,0.000422688
0.000219,2.823785429,-0.001329918
0.00021904,2.77515075,-0.000851934
0.00021908,2.745651027,-0.001967229
0.00021912,2.681867842,-0.000692606
0.00021916,2.656354567,-0.000851934
0.0002192,2.620476526,-0.000294287
0.00021924,2.577422876,-0.001728237
0.00021928,2.528788197,-0.000692606
0.00021932,2.499288474,-0.001250254
0.00021936,2.448261925,-0.001409582
0.0002194,2.392451638,-0.000533279
0.00021944,2.361357335,-0.000134959
0.00021948,2.301560599,-0.000931598
0.00021952,2.25531779,-0.001329918
0.00021956,2.20987227,-0.001489245
0.0002196,2.159643012,-0.000214623
0.00021964,2.111805623,-0.00117059
0.00021968,2.07831945,-0.00117059
0.00021972,2.032076641,-0.001090926
0.00021976,1.969090745,-0.000851934
0.0002198,1.945969341,-0.001728237
0.00021984,1.898131952,-0.002763868
0.00021988,1.855875592,-0.001807901
0.00021992,1.828767738,-0.000931598
0.00021996,1.77375474,-0.001011262
0.00022,1.743457727,-0.001967229
0.00022004,1.698012208,-0.001887565
0.00022008,1.658945007,-0.00117059
0.00022012,1.623066965,-0.001807901
0.00022016,1.587188923,-0.001409582
0.0002202,1.547324432,-0.002126557
0.00022024,1.517027419,-0.002046893
0.00022028,1.477960218,-0.000851934
0.00022032,1.444474046,-0.000612942
0.00022036,1.408596004,-0.001807901
0.0002204,1.381488151,-0.001807901
0.00022044,1.348799268,-0.00077227
0.00022048,1.316110386,-0.001887565
0.00022052,1.289799822,-0.001489245
0.00022056,1.281029634,-0.001967229
0.0002206,1.257908229,-0.000851934
0.00022064,1.234786824,-0.001568909
0.00022068,1.21086813,-0.000533279
0.00022072,1.200503362,-0.002206221
0.00022076,1.187746725,-0.00117059
0.0002208,1.16542261,-0.001887565
0.00022084,1.151071394,-0.00077227
0.00022088,1.146287655,-0.001648573
0.00022092,1.143895785,-0.00117059
0.00022096,1.143895785,0.000104033
0.000221,1.163828031,-0.002046893
0.00022104,1.188544015,-0.001648573
0.00022108,1.219638318,-0.002046893
0.00022112,1.25551636,-0.002206221
0.00022116,1.303353749,-0.00117059
0.0002212,1.359961326,-0.001728237
0.00022124,1.416568902,-0.001728237
0.00022128,1.477960218,-0.001887565
0.00022132,1.55609462,-0.001648573
0.00022136,1.630242573,-0.001409582
0.0002214,1.696417628,-0.001648573
0.00022144,1.7769439,-0.000851934
0.00022148,1.843916244,-0.001011262
0.00022152,1.90769943,-0.00077227
0.00022156,1.957131398,-0.001568909
0.0002216,2.018522714,-0.000453615
0.00022164,2.055995336,-0.000931598
0.00022168,2.105427304,2.44E-05
0.00022172,2.134927027,2.44E-05
0.00022176,2.160440301,-0.000533279
0.0002218,2.206683111,-0.001648573
0.00022184,2.221034328,-0.001011262
0.00022188,2.25292592,-0.000931598
0.00022192,2.276844615,-0.000612942
0.00022196,2.309533497,0.000422688
0.000222,2.350992568,-0.000134959
0.00022204,2.402019116,-0.00077227
0.00022208,2.422748651,2.44E-05
0.00022212,2.47058604,-0.000692606
0.00022216,2.520815299,-0.001011262
0.0002222,2.578220165,-0.000851934
0.00022224,2.60373344,-0.000692606
0.00022228,2.665124755,-0.001329918
0.00022232,2.701800087,-0.000533279
0.00022236,2.737678129,-0.001090926
0.0002224,2.796677575,-0.001250254
0.00022244,2.816609821,-0.000453615
0.00022248,2.854082442,-0.001011262
0.00022252,2.887568614,2.44E-05
0.00022256,2.915473758,2.44E-05
0.0002226,2.937797873,-0.000134959
0.00022264,2.975270494,-0.00077227
0.00022268,3.002378348,-0.001329918
0.00022272,3.033472651,-0.001011262
0.00022276,3.066958823,-0.00117059
0.0002228,3.100444995,-0.002126557
0.00022284,3.12197182,-0.000294287
0.00022288,3.165025471,-0.001011262
0.00022292,3.187349585,-0.001011262
0.00022296,3.231200525,-0.000851934
0.000223,3.266281277,-0.000214623
0.00022304,3.307740348,-0.000294287
0.00022308,3.34122652,-0.00117059
0.00022312,3.377901852,-0.001409582
0.00022316,3.420158212,-0.000533279
0.0002232,3.459225413,-0.001807901
0.00022324,3.495103455,-0.001090926
0.00022328,3.530184207,-0.000931598
0.00022332,3.564467669,-0.001489245
0.00022336,3.60194029,-0.001329918
0.0002234,3.653764128,-0.00117059
0.00022344,3.693628619,-0.001250254
0.00022348,3.73349311,-0.000931598
0.00022352,3.769371152,-0.001807901
0.00022356,3.815613961,-0.000931598
0.0002236,3.853086582,-0.000931598
0.00022364,3.900923971,-0.001011262
0.00022368,3.933612854,-0.000533279
0.00022372,3.981450243,-0.000214623
0.00022376,4.018922864,-0.000294287
0.0002238,4.055598196,-0.002126557
0.00022384,4.085895209,-0.00117059
0.00022388,4.144894655,-0.000851934
0.00022392,4.175191668,-0.001090926
0.00022396,4.219042608,-0.000373951
0.000224,4.264488128,-0.000612942
0.00022404,4.308339068,-0.00117059
0.00022408,4.34182524,-0.000214623
0.00022412,4.38487889,-0.001011262
0.00022416,4.414378613,-0.001011262
0.0002242,4.463013292,-0.002206221
0.00022424,4.501283203,-0.000134959
0.00022428,4.550715172,-0.000533279
0.00022432,4.583404055,-0.000214623
0.00022436,4.615295647,-0.000612942
0.0002244,4.670308645,-0.000851934
0.00022444,4.703794817,-0.000214623
0.00022448,4.740470148,-0.00117059
0.00022452,4.781131929,-0.001807901
0.00022456,4.825780159,-0.000373951
0.0002246,4.868833809,-0.000134959
0.00022464,4.9086983,0.000502352
0.00022468,4.938995313,2.44E-05
0.00022472,4.979657093,-0.001250254
0.00022476,5.027494482,0.000104033
0.0002248,5.060980655,-0.001250254
0.00022484,5.104034305,-0.00117059
0.00022488,5.151074404,-0.000214623
0.00022492,5.185357866,-0.001250254
0.00022496,5.224425067,-0.00077227
0.000225,5.269073297,0.00026336
0.00022504,5.308140498,-0.000533279
0.00022508,5.345613119,0.00066168
0.00022512,5.399828827,-0.00077227
0.00022516,5.424544811,-0.001329918
0.0002252,5.461220143,-0.000533279
0.00022524,5.497098185,0.000183697
0.00022528,5.539354545,-0.001090926
0.00022532,5.574435297,-0.001250254
0.00022536,5.608718759,0.00026336
0.0002254,5.658150727,-0.001489245
0.00022544,5.700407088,-0.000692606
0.00022548,5.726717652,-0.00117059
0.00022552,5.77854149,-0.000134959
0.00022556,5.812824952,-0.000294287
0.0002256,5.851892153,0.000183697
0.00022564,5.887770195,-0.002126557
0.00022568,5.930026555,-0.001409582
0.00022572,5.988228712,0.001059999
0.00022576,6.024106753,-0.000373951
0.0002258,6.049620027,-0.000851934
0.00022584,6.095862837,-0.000453615
0.00022588,6.134132748,-0.00077227
0.00022592,6.175591819,-0.000214623
0.00022596,6.21146986,0.000343024
0.000226,6.244956033,-0.001568909
0.00022604,6.282428654,-0.000134959
0.00022608,6.326279594,0.000104033
0.00022612,6.364549505,-0.000931598
0.00022616,6.406805865,-0.000214623
0.0002262,6.451454095,0.00026336
0.00022624,6.499291484,0.001059999
0.00022628,6.523210179,-0.000373951
0.00022632,6.580615045,-0.001090926
0.00022636,6.622871406,0.000104033
0.0002264,6.665925056,0.000900672
0.00022644,6.69064104,-0.000533279
0.00022648,6.739275719,-0.000214623
0.00022652,6.782329369,-0.000294287
0.00022656,6.813423672,0.00066168
0.0002266,6.852490873,0.000582016
0.00022664,6.889963494,0.000741344
0.00022668,6.921855087,0.000104033
0.00022672,6.957733129,-0.000373951
0.00022676,6.99440846,0.000980336
0.0002268,7.028691922,0.001298991
0.00022684,7.070150993,0.000104033
0.00022688,7.102839875,0.001139663
0.00022692,7.137123338,2.44E-05
0.00022696,7.192933625,0.001378655
0.000227,7.233595405,0.000741344
0.00022704,7.264689708,0.000422688
0.00022708,7.305351489,0.001776975
0.00022712,7.353188878,-0.000612942
0.00022716,7.38667505,-0.000373951
0.0002272,7.434512439,0.000422688
0.00022724,7.466404032,-0.00077227
0.00022728,7.504673943,0.000104033
0.00022732,7.551714042,-0.000134959
0.00022736,7.594767692,0.001139663
0.0002274,7.625064705,0.000343024
0.00022744,7.666523776,0.000422688
0.00022748,7.697618079,0.000821008
0.00022752,7.7350907,0.000104033
0.00022756,7.782928089,0.00026336
0.0002276,7.811630522,-0.000453615
0.00022764,7.854684173,2.44E-05
0.00022768,7.892954084,0.000502352
0.00022772,7.923251097,-0.000612942
0.00022776,7.963115588,-0.000214623
0.0002278,7.99420989,0.000582016
0.00022784,8.056398496,0.000343024
0.00022788,8.08270906,0.000422688
0.00022792,8.105830465,0.00066168
0.00022796,8.166424491,0.000582016
0.000228,8.194329634,2.44E-05
0.00022804,8.233396836,0.00026336
0.00022808,8.284423384,0.000104033
0.00022812,8.318706846,-0.000214623
0.00022816,8.368138815,2.44E-05
0.0002282,8.394449378,-0.000612942
0.00022824,8.437503029,-0.000294287
0.00022828,8.470191911,-0.000692606
0.00022832,8.499691634,0.000741344
0.00022836,8.548326313,0.000821008
0.0002284,8.573042297,0.000821008
0.00022844,8.613704078,0.000741344
0.00022848,8.659149598,0.00066168
0.00022852,8.681473713,0.001059999
0.00022856,8.721338203,0.001776975
0.0002286,8.773162041,0.001458319
0.00022864,8.805053634,0.001219327
0.00022868,8.839337096,0.001617647
0.00022872,8.883188036,0.001378655
0.00022876,8.914282339,0.000104033
0.0002288,8.950160381,0.000422688
0.00022884,8.983646553,0.001378655
0.00022888,9.029889362,0.00066168
0.00022892,9.064970114,0.000502352
0.00022896,9.104037315,0.000821008
0.000229,9.139118067,-0.000373951
0.00022904,9.179779848,0.000104033
0.00022908,9.211671441,0.000183697
0.00022912,9.249144062,0.000821008
0.00022916,9.287413973,0.000900672
0.0002292,9.312927247,0.001219327
0.00022924,9.341629681,0.000104033
0.00022928,9.3870752,0.000582016
0.00022932,9.43331801,0.00066168
0.00022936,9.465209602,-0.000373951
0.0002294,9.496303905,0.001378655
0.00022944,9.531384657,0.001139663
0.00022948,9.568857279,0.000980336
0.00022952,9.595167842,-0.000134959
0.00022956,9.630248594,0.001537983
0.0002296,9.674896824,0.001139663
0.00022964,9.709977576,0.000343024
0.00022968,9.742666459,0.000502352
0.00022972,9.788909268,0.001059999
0.00022976,9.813625252,-0.000214623
0.0002298,9.847908714,0.000821008
0.00022984,9.886178626,0.00026336
0.00022988,9.922056667,0.000900672
0.00022992,9.948367231,0.001139663
0.00022996,9.982650693,0.001059999
0.00023,10.01533958,0.000980336
0.00023004,10.04882575,0.001856639
0.00023008,10.08310921,0.001298991
0.00023012,10.11340622,0.000900672
0.00023016,10.13971679,0.001776975
0.0002302,10.18037857,0.001059999
0.00023024,10.22024306,0.002334622
0.00023028,10.2401753,0.001219327
0.00023032,10.29120185,0.002175294
0.00023036,10.30953952,0.000900672
0.0002304,10.33824195,0.001298991
0.00023044,10.36774167,0.001856639
0.00023048,10.39245766,0.001298991
0.00023052,10.41956551,0.000980336
0.00023056,10.43949776,0.000502352
0.0002306,10.46899748,0.000502352
0.00023064,10.48494328,0.001059999
0.00023068,10.49769992,0.001219327
0.00023072,10.52321319,0.000980336
0.00023076,10.51842945,0.00026336
0.0002308,10.52959151,0.000900672
0.00023084,10.54713188,0.000422688
0.00023088,10.54314543,0.000104033
0.00023092,10.54713188,0.00209563
0.00023096,10.5535102,0.001378655
0.000231,10.54394272,0.001219327
0.00023104,10.54234814,0.000980336
0.00023108,10.54155085,0.00026336
0.00023112,10.53756441,0.000980336
0.00023116,10.54314543,0.000821008
0.0002312,10.54952375,0.001139663
0.00023124,10.55749665,0.000104033
0.00023128,10.55191562,0.001936302
0.00023132,10.5614831,0.001298991
0.00023136,10.56307768,0.000900672
0.0002314,10.55669936,0.002334622
0.00023144,10.57105058,0.001458319
0.00023148,10.59018553,0.001298991
0.00023152,10.58540179,2.44E-05
0.00023156,10.58460451,0.001298991
0.0002316,10.6005503,-0.001011262
0.00023164,10.57982077,0.000343024
0.00023168,10.57822619,-0.000373951
0.00023172,10.58460451,0.001298991
0.00023176,10.57583432,0.000582016
0.0002318,10.56546955,0.001856639
0.00023184,10.56307768,0.000502352
0.00023188,10.55191562,0.001458319
0.00023192,10.5455373,0.001458319
0.00023196,10.54713188,0.00066168
0.000232,10.54314543,0.000900672
0.00023204,10.53596983,0.000900672
0.00023208,10.53756441,0.001378655
0.00023212,10.52959151,0.000502352
0.00023216,10.51763216,0.001219327
0.0002322,10.53357796,0.000980336
0.00023224,10.51284842,0.001298991
0.00023228,10.51125384,0.001697311
0.00023232,10.5064701,0.001537983
0.00023236,10.4913216,0.001219327
0.0002324,10.48015954,0.002334622
0.00023244,10.46979477,0.001458319
0.00023248,10.45943,0.001219327
0.00023252,10.44747066,0.001697311
0.00023256,10.40760617,0.002015966
0.0002326,10.37970102,0.000821008
0.00023264,10.33824195,0.001617647
0.00023268,10.2951883,0.001617647
0.00023272,10.26090484,0.001378655
0.00023276,10.19074334,0.001697311
0.0002328,10.13812221,0.000343024
0.00023284,10.07673089,0.001298991
0.00023288,10.00736668,0.001059999
0.00023292,9.965907607,0.001298991
0.00023296,9.894948814,0.001378655
0.000233,9.855084323,0.000104033
0.00023304,9.799274036,0.000980336
0.00023308,9.755423096,0.001936302
0.00023312,9.707585707,0.001458319
0.00023316,9.674896824,0.00066168
0.0002332,9.644599811,0.001936302
0.00023324,9.610316349,0.000900672
0.00023328,9.581613916,0.00249395
0.00023332,9.539357555,0.000741344
0.00023336,9.512249702,0.001697311
0.0002334,9.481155399,0.001697311
0.00023344,9.455642125,0.002015966
0.00023348,9.414980344,0.001298991
0.00023352,9.378305012,0.00026336
0.00023356,9.352791738,0.001059999
0.0002336,9.3009679,0.000741344
0.00023364,9.267481728,0.000821008
0.00023368,9.232400976,0.000422688
0.00023372,9.186158166,0.000422688
0.00023376,9.130347879,0.000821008
0.0002338,9.100050866,-0.000931598
0.00023384,9.071348433,0.000183697
0.00023388,9.019524595,2.44E-05
0.00023392,8.988430292,-0.000134959
0.00023396,8.940592903,0.000502352
0.000234,8.90790402,0.000980336
0.00023404,8.873620558,0.000502352
0.00023408,8.830566908,0.000741344
0.00023412,8.789107838,0.000741344
0.00023416,8.757216245,0.000343024
0.0002342,8.723730073,0.000900672
0.00023424,8.683865582,0.001378655
0.00023428,8.635230903,0.001378655
0.00023432,8.600150151,0.001059999
0.00023436,8.56188024,0.000741344
0.0002344,8.514042851,0.000741344
0.00023444,8.480556679,0.000104033
0.00023448,8.446273217,-0.000214623
0.00023452,8.399233117,0.000821008
0.00023456,8.361760496,-0.000134959
0.0002346,8.327477034,0.000502352
0.00023464,8.283626094,0.00066168
0.00023468,8.260504689,0.000900672
0.00023472,8.216653749,0.000980336
0.00023476,8.174397389,0.002015966
0.0002348,8.144897666,0.000582016
0.00023484,8.093073828,2.44E-05
0.00023488,8.055601206,0.001219327
0.00023492,8.014142136,0.00066168
0.00023496,7.979858674,-0.000612942
0.000235,7.930426705,-0.000134959
0.00023504,7.897737823,0.000821008
0.00023508,7.868238099,0.000104033
0.00023512,7.818008841,0.00026336
0.00023516,7.790103697,0.000582016
0.0002352,7.743063598,0.000104033
0.00023524,7.704793687,0.001059999
0.00023528,7.660145457,0.001298991
0.00023532,7.629051154,0.000343024
0.00023536,7.581213765,-0.000851934
0.0002354,7.546133013,-0.000373951
0.00023544,7.51663329,-0.000453615
0.00023548,7.468795901,-0.000294287
0.00023552,7.425742251,-0.000294287
0.00023556,7.402620846,-0.000612942
0.0002356,7.358769907,-0.000931598
0.00023564,7.317310836,0.000343024
0.00023568,7.276649055,-0.000453615
0.00023572,7.239176434,-0.000214623
0.00023576,7.200906523,-0.000533279
0.0002358,7.165028481,0.00026336
0.00023584,7.133934178,-0.001011262
0.00023588,7.090083238,-0.00117059
0.00023592,7.043043139,0.000104033
0.00023596,6.999989489,0.000104033
0.000236,6.964111447,0.000183697
0.00023604,6.925044246,0.000821008
0.00023608,6.874017698,-0.001090926
0.00023612,6.841328816,-0.000612942
0.00023616,6.797477876,-0.00077227
0.0002362,6.763991703,0.000422688
0.00023624,6.719343474,-0.00117059
0.00023628,6.673897954,0.000741344
0.00023632,6.638817202,-0.001090926
0.00023636,6.592574393,-0.001011262
0.0002364,6.55988551,-0.000851934
0.00023644,6.51842644,-0.000373951
0.00023648,6.478561949,-0.000294287
0.00023652,6.436305589,0.000104033
0.00023656,6.410792314,0.000582016
0.0002366,6.363752215,-0.000294287
0.00023664,6.335049782,-0.000373951
0.00023668,6.290401552,-0.001489245
0.00023672,6.249739771,0.000422688
0.00023676,6.207483411,-0.000294287
0.0002368,6.173997239,-0.000373951
0.00023684,6.132538168,-0.000294287
0.00023688,6.084700779,-0.000533279
0.00023692,6.051214607,0.000502352
0.00023696,6.002579928,-0.000214623
0.000237,5.967499176,0.001219327
0.00023704,5.918864498,-0.000294287
0.00023708,5.884581035,-0.00077227
0.00023712,5.843121965,-0.00077227
0.00023716,5.800865605,0.000900672
0.0002372,5.759406534,-0.001648573
0.00023724,5.712366435,-0.000134959
0.00023728,5.684461291,-0.000134959
0.00023732,5.637421192,-0.000453615
0.00023736,5.597556701,-0.000214623
0.0002374,5.571246137,-0.000214623
0.00023744,5.51543585,-0.000373951
0.00023748,5.480355098,-0.000214623
0.00023752,5.443679767,0.000582016
0.00023756,5.410990884,-0.000134959
0.0002376,5.359167046,-0.000373951
0.00023764,5.331261903,-0.000214623
0.00023768,5.287410963,-0.000214623
0.00023772,5.245154602,0.000104033
0.00023776,5.218046749,0.000502352
0.0002378,5.176587678,-0.000692606
0.00023784,5.137520477,-0.000851934
0.00023788,5.092074958,-0.00117059
0.00023792,5.045034858,-0.001728237
0.00023796,5.009156817,-0.001728237
0.000238,4.972481485,-0.00077227
0.00023804,4.930225125,-0.000214623
0.00023808,4.880793156,-0.000851934
0.00023812,4.831361188,-0.000533279
0.00023816,4.789902117,-0.000851934
0.0002382,4.761996973,-0.001250254
0.00023824,4.722132483,0.000183697
0.00023828,4.676686963,-0.000214623
0.00023832,4.649579109,-0.00117059
0.00023836,4.60413359,2.44E-05
0.0002384,4.573836577,-0.000612942
0.00023844,4.51403984,-0.000294287
0.00023848,4.476567219,-0.000294287
0.00023852,4.452648525,-0.000692606
0.00023856,4.400027397,-0.000294287
0.0002386,4.356973747,0.000582016
0.00023864,4.316311966,-0.001489245
0.00023868,4.281231214,-0.000533279
0.00023872,4.248542332,-0.000692606
0.00023876,4.20947513,0.000741344
0.0002388,4.157651292,-0.000294287
0.00023884,4.116989512,-0.000692606
0.00023888,4.07951689,-0.000612942
0.00023892,4.046030718,-0.001090926
0.00023896,4.001382488,-0.000692606
0.000239,3.958328838,0.000104033
0.00023904,3.917667058,-0.000214623
0.00023908,3.86504593,-0.00077227
0.00023912,3.844316394,-0.000692606
0.00023916,3.804451904,-0.000134959
0.0002392,3.752628066,-0.001648573
0.00023924,3.707979836,-0.000373951
0.00023928,3.677682823,-0.000851934
0.00023932,3.633831883,-0.000612942
0.00023936,3.60433216,-0.000453615
0.0002394,3.566062248,-0.001250254
0.00023944,3.521414019,-0.001011262
0.00023948,3.475171209,-0.000533279
0.00023952,3.437698588,-0.000692606
0.00023956,3.398631387,-0.001250254
0.0002396,3.359564186,-0.000294287
0.00023964,3.322091564,-0.000294287
0.00023968,3.267078567,-0.000533279
0.00023972,3.234389685,2.44E-05
0.00023976,3.201700802,-0.00077227
0.0002398,3.162633601,-0.000453615
0.00023984,3.1235664,-0.000533279
0.00023988,3.076526301,-0.000612942
0.00023992,3.03666181,2.44E-05
0.00023996,2.996797319,-0.001807901
0.00024,2.962513857,-0.000533279
0.00024004,2.912284599,-0.001090926
0.00024008,2.873217398,-0.000851934
0.00024012,2.830961037,-0.00117059
0.00024016,2.797474865,-0.001648573
0.0002402,2.755218505,-0.000453615
0.00024024,2.716151304,-0.000851934
0.00024028,2.673097654,-0.000851934
0.00024032,2.619679236,-0.000851934
0.00024036,2.576625586,-0.001329918
0.0002404,2.541544834,0.000343024
0.00024044,2.483342677,-0.00117059
0.00024048,2.452248374,-0.00077227
0.00024052,2.410789304,-0.000931598
0.00024056,2.353384437,-0.000214623
0.0002406,2.310330787,-0.000612942
0.00024064,2.267277137,-0.000692606
0.00024068,2.216250589,2.44E-05
0.00024072,2.176386098,-0.000453615
0.00024076,2.130940578,-0.000851934
0.0002408,2.086292349,-0.000453615
0.00024084,2.032873931,-0.00117059
0.00024088,1.996995889,0.000422688
0.00024092,1.966698876,-0.001568909
0.00024096,1.911685879,-0.002843532
0.000241,1.892550923,-0.001568909
0.00024104,1.830362317,-0.001807901
0.00024108,1.796876145,-0.002524876
0.00024112,1.758606234,-0.002763868
0.00024116,1.714755294,-0.002684204
0.0002412,1.658945007,-0.001011262
0.00024124,1.626256124,-0.001728237
0.00024128,1.586391633,-0.002285884
0.00024132,1.548919012,-0.001807901
0.00024136,1.51304097,-0.000851934
0.0002414,1.476365639,-0.001887565
0.00024144,1.446068626,-0.001807901
0.00024148,1.411785164,-0.002445212
0.00024152,1.379096281,-0.002206221
0.00024156,1.347204688,-0.003162187
0.0002416,1.330461602,-0.001807901
0.00024164,1.307340198,-0.002684204
0.00024168,1.272259446,-0.002445212
0.00024172,1.248340751,-0.002524876
0.00024176,1.228408506,-0.001568909
0.0002418,1.214854579,-0.002126557
0.00024184,1.21007084,-0.002285884
0.00024188,1.189341305,-0.001807901
0.00024192,1.169409059,-0.001648573
0.00024196,1.151868683,-0.001728237
0.000242,1.152665973,-0.001090926
0.00024204,1.163828031,-0.001250254
0.00024208,1.152665973,-0.001011262
0.00024212,1.168611769,-0.00077227
0.00024216,1.187746725,-0.001728237
0.0002422,1.218841028,-0.001648573
0.00024224,1.248340751,-0.001409582
0.00024228,1.289002532,-0.001648573
0.00024232,1.343218239,-0.001728237
0.00024236,1.392650208,-0.002046893
0.0002424,1.457230683,-0.000851934
0.00024244,1.542540694,-0.00077227
0.00024248,1.616688646,-0.001648573
0.00024252,1.68764744,-0.002684204
0.00024256,1.741863148,-0.001887565
0.0002426,1.823186709,-0.002524876
0.00024264,1.889361764,-0.002126557
0.00024268,1.941185602,-0.001807901
0.00024272,2.003374208,-0.002923196
0.00024276,2.041644119,-0.000294287
0.0002428,2.07911674,-0.000453615
0.00024284,2.132535158,-0.000533279
0.00024288,2.152467403,-0.000453615
0.00024292,2.181169837,-0.001011262
0.00024296,2.233790965,-0.001090926
0.000243,2.25611508,-0.001568909
0.00024304,2.280033774,-0.000851934
0.00024308,2.319898265,-0.000294287
0.00024312,2.354181727,-0.002126557
0.00024316,2.380492291,2.44E-05
0.0002432,2.416370333,-0.000533279
0.00024324,2.47058604,-0.001409582
0.00024328,2.509653241,-0.000931598
0.00024332,2.546328573,-0.001090926
0.00024336,2.586990353,-0.001887565
0.0002434,2.618881946,-0.001568909
0.00024344,2.673097654,-0.001011262
0.00024348,2.712164855,-0.001568909
0.00024352,2.738475419,-0.001887565
0.00024356,2.796677575,-0.00117059
0.0002436,2.830961037,-0.000692606
0.00024364,2.86444721,-0.000851934
0.00024368,2.890757774,-0.000533279
0.00024372,2.939392452,-0.001090926
0.00024376,2.973675915,-0.000533279
0.0002438,3.006364797,-0.000533279
0.00024384,3.032675361,-0.000931598
0.00024388,3.064566954,-0.001250254
0.00024392,3.090080228,-0.00117059
0.00024396,3.117985371,-0.001329918
0.000244,3.158647152,-0.001489245
0.00024404,3.186552296,-0.000851934
0.00024408,3.214457439,-0.001728237
0.00024412,3.266281277,-0.00117059
0.00024416,3.285416233,-0.001728237
0.0002442,3.330064463,-0.001011262
0.00024424,3.353983157,-0.002524876
0.00024428,3.393050358,-0.00117059
0.00024432,3.4289284,-0.002046893
0.00024436,3.474373919,-0.000214623
0.0002444,3.51423841,-0.001409582
0.00024444,3.551711032,-0.000214623
0.00024448,3.587589073,-0.000373951
0.00024452,3.629845434,-0.000134959
0.00024456,3.676885533,-0.000453615
0.0002446,3.715155444,2.44E-05
0.00024464,3.747047037,-0.000134959
0.00024468,3.796479005,-0.000612942
0.00024472,3.834748917,0.000104033
0.00024476,3.880194436,-0.000692606
0.0002448,3.926437246,-0.001011262
0.00024484,3.967896316,-0.000294287
0.00024488,3.998193329,-0.000851934
0.00024492,4.049219877,-0.001090926
0.00024496,4.08111147,-0.000214623
0.000245,4.137719047,-0.000214623
0.00024504,4.16881335,-0.001409582
0.00024508,4.204691392,-0.001250254
0.00024512,4.236582984,-0.000851934
0.00024516,4.286014953,-0.001011262
0.0002452,4.327474023,-0.000134959
0.00024524,4.376108702,0.000183697
0.00024528,4.415175903,0.000183697
0.00024532,4.454243104,-0.000134959
0.00024536,4.498891334,0.000104033
0.0002454,4.530782927,0.000422688
0.00024544,4.579417605,-0.000453615
0.00024548,4.623268545,-0.000851934
0.00024552,4.651970979,0.000502352
0.00024556,4.698213788,0.000183697
0.0002456,4.73329454,-0.00117059
0.00024564,4.768375292,-0.000373951
0.00024568,4.805050624,-0.001329918
0.00024572,4.856874462,-0.000453615
0.00024576,4.891955214,-0.000294287
0.0002458,4.935008864,-0.001011262
0.00024584,4.976467934,-0.001090926
0.00024588,5.016332425,0.000104033
0.00024592,5.060980655,0.000343024
0.00024596,5.113601783,-0.000134959
0.000246,5.140709636,-0.00077227
0.00024604,5.181371417,-0.000134959
0.00024608,5.218844038,0.001139663
0.00024612,5.271465166,-0.000373951
0.00024616,5.306545918,0.000343024
0.0002462,5.355180597,0.000422688
0.00024624,5.379896581,-0.000533279
0.00024628,5.421355652,-0.000214623
0.00024632,5.454841824,-0.000692606
0.00024636,5.489922576,-0.000533279
0.0002464,5.536165386,0.000422688
0.00024644,5.580016325,0.000343024
0.00024648,5.614299788,0.000741344
0.00024652,5.654961568,0.000183697
0.00024656,5.693231479,-0.000612942
0.0002466,5.73469055,-0.000294287
0.00024664,5.765784853,-0.000294287
0.00024668,5.82079785,-0.000294287
0.00024672,5.858270471,0.00066168
0.00024676,5.896540383,0.001298991
0.0002468,5.935607584,0.000422688
0.00024684,5.975472075,-0.000214623
0.00024688,6.016931145,2.44E-05
0.00024692,6.069552273,0.001378655
0.00024696,6.091079098,0.000741344
0.000247,6.133335458,0.000343024
0.00024704,6.177186398,0.000343024
0.00024708,6.216253599,-0.000294287
0.00024712,6.252131641,2.44E-05
0.00024716,6.29837445,-0.000453615
0.0002472,6.340630811,0.00026336
0.00024724,6.372522403,-0.000134959
0.00024728,6.404413996,0.000502352
0.00024732,6.442683907,-0.000134959
0.00024736,6.484142978,0.000741344
0.0002474,6.527993918,0.000422688
0.00024744,6.563074669,-0.000453615
0.00024748,6.594168972,0.00066168
0.00024752,6.64838468,0.000582016
0.00024756,6.69143833,-0.000692606
0.0002476,6.728910951,0.001219327
0.00024764,6.759207964,0.001139663
0.00024768,6.803856194,-0.000294287
0.00024772,6.834950497,0.000104033
0.00024776,6.874814988,-0.000851934
0.0002478,6.922652377,0.000104033
0.00024784,6.956935839,0.000582016
0.00024788,6.99600304,0.000104033
0.00024792,7.04065127,0.000502352
0.00024796,7.073340152,0.001059999
0.000248,7.103637165,0.001059999
0.00024804,7.148285395,0.000422688
0.00024808,7.182568857,0.000502352
0.00024812,7.232798116,0.00026336
0.00024816,7.25591952,0.000821008
0.0002482,7.314121677,-0.000692606
0.00024824,7.338837661,0.001059999
0.00024828,7.392256079,0.00026336
0.00024832,7.43052599,0.000343024
0.00024836,7.464809452,0.00066168
0.0002484,7.511849551,0.001059999
0.00024844,7.552511332,0.000821008
0.00024848,7.585997504,0.000502352
0.00024852,7.613902648,0.000183697
0.00024856,7.664929196,0.000422688
0.0002486,7.696023499,0.000183697
0.00024864,7.748644627,0.000900672
0.00024868,7.77894164,0.001378655
0.00024872,7.814819682,0.00066168
0.00024876,7.848305854,0.001059999
0.0002488,7.887373055,-0.000533279
0.00024884,7.917670068,0.000422688
0.00024888,7.9543454,-0.000214623
0.00024892,8.012547556,0.001219327
0.00024896,8.036466251,0.000502352
0.000249,8.077925321,0.000343024
0.00024904,8.119384392,0.001298991
0.00024908,8.161640752,0.000104033
0.00024912,8.191937765,2.44E-05
0.00024916,8.242167023,0.000502352
0.0002492,8.270072167,0.000821008
0.00024924,8.306747499,0.000582016
0.00024928,8.337044512,-0.000453615
0.00024932,8.382490031,0.000183697
0.00024936,8.414381624,0.000502352
0.0002494,8.466205462,0.000502352
0.00024944,8.485340418,0.000980336
0.00024948,8.52042117,0.000821008
0.00024952,8.576231457,0.000741344
0.00024956,8.594569122,0.000582016
0.0002496,8.637622773,0.000343024
0.00024964,8.683865582,0.001378655
0.00024968,8.714959885,0.00026336
0.00024972,8.754824376,-0.000214623
0.00024976,8.801067185,0.00066168
0.0002498,8.828175039,0.001378655
0.00024984,8.872025979,0.000582016
0.00024988,8.907106731,0.000502352
0.00024992,8.935011874,-0.000692606
0.00024996,8.965308887,0.001458319
0.00025,9.013943566,0.000422688
0.00025004,9.051416187,0.00066168
0.00025008,9.074537592,0.001378655
0.00025012,9.124766851,0.000582016
0.00025016,9.158253023,0.000582016
0.0002502,9.203698542,0.001936302
0.00025024,9.226022657,0.00066168
0.00025028,9.276251916,0.000502352
0.00025032,9.295386871,0.000422688
0.00025036,9.355980897,0.000582016
0.0002504,9.3870752,0.000343024
0.00025044,9.417372213,0.000821008
0.00025048,9.454047545,0.001059999
0.00025052,9.500290354,0.001298991
0.00025056,9.525006339,0.00066168
0.0002506,9.555303352,0.00026336
0.00025064,9.60393803,0.000821008
0.00025068,9.623870276,0.000502352
0.00025072,9.655761869,0.001219327
0.00025076,9.705193837,0.000821008
0.0002508,9.729112532,0.00066168
0.00025084,9.770571602,0.000422688
0.00025088,9.806449644,-0.000373951
0.00025092,9.828773759,0.000422688
0.00025096,9.873421989,0.000343024
0.000251,9.91089461,0.000502352
0.00025104,9.939597043,-0.000134959
0.00025108,9.971488636,0.000821008
0.00025112,10.01613687,0.000183697
0.00025116,10.03846098,0.000980336
0.0002512,10.07035257,0.002573614
0.00025124,10.12058183,0.001617647
0.00025128,10.14051408,0.001219327
0.00025132,10.1859596,0.001059999
0.00025136,10.21147287,0.001298991
0.0002514,10.25532381,0.000741344
0.00025144,10.28083708,0.001936302
0.00025148,10.30475578,0.002175294
0.00025152,10.32468802,0.001776975
0.00025156,10.36774167,0.001617647
0.0002516,10.38687663,0.001139663
0.00025164,10.41637635,0.000980336
0.00025168,10.43790318,0.001219327
0.00025172,10.45943,0.000502352
0.00025176,10.48813244,0.001059999
0.0002518,10.50487552,0.000821008
0.00025184,10.5064701,0.000343024
0.00025188,10.53517254,0.00026336
0.00025192,10.52799693,0.001458319
0.00025196,10.5303888,0.000741344
0.000252,10.53357796,0.001776975
0.00025204,10.53915899,0.000502352
0.00025208,10.55032104,0.000741344
0.00025212,10.5383617,0.001219327
0.00025216,10.52799693,0.000104033
0.0002522,10.53517254,0.000821008
0.00025224,10.5455373,0.000980336
0.00025228,10.54474001,0.000980336
0.00025232,10.54394272,0.000900672
0.00025236,10.55909123,0.001617647
0.0002524,10.54792917,0.000422688
0.00025244,10.55988852,0.001856639
0.00025248,10.57423974,0.001458319
0.00025252,10.58141535,-0.000373951
0.00025256,10.57663161,0.000582016
0.0002526,10.58619908,0.000104033
0.00025264,10.59018553,0.001298991
0.00025268,10.59178011,0.000980336
0.00025272,10.59815843,0.000821008
0.00025276,10.59656385,0.000741344
0.0002528,10.58779366,0.000502352
0.00025284,10.58141535,0.000980336
0.00025288,10.57423974,0.00066168
0.00025292,10.57105058,0.000183697
0.00025296,10.55749665,0.001776975
0.000253,10.55111833,0.001458319
0.00025304,10.53756441,0.000821008
0.00025308,10.55111833,0.001776975
0.00025312,10.5383617,0.001936302
0.00025316,10.53756441,0.000343024
0.0002532,10.53118609,0.001059999
0.00025324,10.5383617,0.000980336
0.00025328,10.52959151,0.000582016
0.00025332,10.52799693,0.000582016
0.00025336,10.51603758,0.000900672
0.0002534,10.50965926,0.000821008
0.00025344,10.50328094,0.001458319
0.00025348,10.49769992,0.00026336
0.00025352,10.47617309,0.00026336
0.00025356,10.48255141,0.001219327
0.0002536,10.46421374,0.001458319
0.00025364,10.44747066,0.001298991
0.00025368,10.41557906,0.002015966
0.00025372,10.39484953,0.002653278
0.00025376,10.35418775,0.000900672
0.0002538,10.29997204,0.000343024
0.00025384,10.25133736,0.000343024
0.00025388,10.19951352,0.000741344
0.00025392,10.14450053,0.00026336
0.00025396,10.08948753,0.001139663
0.000254,10.0288935,0.001059999
0.00025404,9.975475085,0.00066168
0.00025408,9.91089461,0.000900672
0.00025412,9.863854511,0.000980336
0.00025416,9.796084876,0.000821008
0.0002542,9.767382443,0.001458319
0.00025424,9.730707111,0.000900672
0.00025428,9.678085983,0.00066168
0.00025432,9.65018084,0.000582016
0.00025436,9.625464856,0.000900672
0.0002544,9.589586814,0.000582016
0.00025444,9.560087091,0.000741344
0.00025448,9.529790078,0.000741344
0.00025452,9.495506615,0.00066168
0.00025456,9.468398762,0.000183697
0.0002546,9.43092614,0.000900672
0.00025464,9.401426417,2.44E-05
0.00025468,9.351197159,0.000343024
0.00025472,9.318508276,0.000183697
0.00025476,9.277049206,0.000821008
0.0002548,9.235590135,0.00066168
0.00025484,9.188550036,0.000422688
0.00025488,9.155861153,0.00066168
0.00025492,9.107226475,0.00026336
0.00025496,9.075334882,0.000502352
0.000255,9.022713754,0.000183697
0.00025504,8.978862814,-0.000453615
0.00025508,8.946971221,0.000741344
0.00025512,8.899931122,-0.000214623
0.00025516,8.864053081,-0.000294287
0.0002552,8.827377749,0.001219327
0.00025524,8.793094287,0.001298991
0.00025528,8.741270449,0.000502352
0.00025532,8.705392407,0.00066168
0.00025536,8.678284553,0.001059999
0.0002554,8.637622773,0.001537983
0.00025544,8.609717629,0.000900672
0.00025548,8.567461269,0.000900672
0.00025552,8.541150705,0.001537983
0.00025556,8.496502475,0.001537983
0.0002556,8.466205462,0.000980336
0.00025564,8.416773493,0.000980336
0.00025568,8.375314423,-0.000214623
0.00025572,8.337841802,-0.000134959
0.00025576,8.303558339,0.000502352
0.0002558,8.262099269,2.44E-05
0.00025584,8.219842909,0.000104033
0.00025588,8.180775708,0.000900672
0.00025592,8.149681405,0.000900672
0.00025596,8.105830465,2.44E-05
0.000256,8.066763264,0.000422688
0.00025604,8.023709614,0.000343024
0.00025608,7.993412601,0.000502352
0.00025612,7.948764371,-0.000214623
0.00025616,7.905710721,0.000582016
0.0002562,7.872224549,2.44E-05
0.00025624,7.829170898,0.000104033
0.00025628,7.791698277,0.000183697
0.00025632,7.766185003,0.000980336
0.00025636,7.722334063,0.000104033
0.0002564,7.671307515,0.000183697
0.00025644,7.644199661,0.001139663
0.00025648,7.594767692,2.44E-05
0.00025652,7.550119463,-0.000214623
0.00025656,7.502282074,0.000502352
0.0002566,7.47357964,0.000104033
0.00025664,7.446471786,-0.000453615
0.00025668,7.398634397,-0.000373951
0.00025672,7.360364486,-0.000134959
0.00025676,7.310135228,0.000502352
0.0002568,7.278243635,0.001139663
0.00025684,7.242365593,0.000104033
0.00025688,7.187352596,-0.000294287
0.00025692,7.161839322,2.44E-05
0.00025696,7.12516399,-0.000692606
0.000257,7.08211034,-0.000294287
0.00025704,7.032678372,0.00026336
0.00025708,6.999989489,0.000183697
0.00025712,6.973678925,0.000183697
0.00025716,6.924246956,-0.000373951
0.0002572,6.890760784,2.44E-05
0.00025724,6.846112554,-0.000533279
0.00025728,6.805450774,0.00026336
0.00025732,6.775951051,-0.000134959
0.00025736,6.727316372,-0.000931598
0.0002574,6.68984375,-0.000851934
0.00025744,6.656357578,-0.000612942
0.00025748,6.610114769,-0.000453615
0.00025752,6.581412335,0.000900672
0.00025756,6.535169526,-0.000214623
0.0002576,6.495305035,-0.00077227
0.00025764,6.449062226,0.00026336
0.00025768,6.413981474,0.000582016
0.00025772,6.368535954,2.44E-05
0.00025776,6.336644362,-0.000214623
0.0002578,6.304752769,0.000980336
0.00025784,6.260104539,0.000104033
0.00025788,6.220240048,-0.000851934
0.00025792,6.173199949,-0.000134959
0.00025796,6.137321907,-0.000692606
0.000258,6.097457416,-0.001329918
0.00025804,6.045633578,0.001059999
0.00025808,6.012147406,-0.000214623
0.00025812,5.964310017,-0.000294287
0.00025816,5.938796743,-0.000214623
0.0002582,5.901324122,-0.000294287
0.00025824,5.851892153,-0.000533279
0.00025828,5.81920327,-0.000453615
0.00025832,5.775352331,-0.000294287
0.00025836,5.724325782,-0.000294287
0.0002584,5.694028769,-0.000612942
0.00025844,5.657353438,0.000104033
0.00025848,5.610313338,-0.000373951
0.00025852,5.567259688,-0.000851934
0.00025856,5.540151835,0.000502352
0.0002586,5.494706315,-0.000533279
0.00025864,5.462017433,-0.00077227
0.00025868,5.415774623,-0.000294287
0.00025872,5.380693871,0.000104033
0.00025876,5.336045642,2.44E-05
0.0002588,5.308140498,0.000343024
0.00025884,5.259505819,0.000183697
0.00025888,5.221235908,0.000422688
0.00025892,5.182965997,-0.000931598
0.00025896,5.142304216,0.000183697
0.000259,5.089683088,-0.000533279
0.00025904,5.062575234,0.000183697
0.00025908,5.013940556,-0.000214623
0.00025912,4.976467934,-0.000931598
0.00025916,4.94936008,-0.000214623
0.0002592,4.910292879,-0.000612942
0.00025924,4.872022968,0.000980336
0.00025928,4.817807261,0.000502352
0.00025932,4.782726509,-0.000533279
0.00025936,4.743659308,0.00066168
0.0002594,4.708578556,-0.000453615
0.00025944,4.663930326,2.44E-05
0.00025948,4.627254994,-0.000533279
0.00025952,4.581012185,-0.000214623
0.00025956,4.540350404,-0.001329918
0.0002596,4.492513015,0.000343024
0.00025964,4.443878337,-0.00117059
0.00025968,4.411986744,-0.001250254
0.00025972,4.363352065,-0.001250254
0.00025976,4.325082154,-0.000533279
0.0002598,4.291595982,-0.000453615
0.00025984,4.249339621,-0.001329918
0.00025988,4.203894102,2.44E-05
0.00025992,4.16881335,-0.000134959
0.00025996,4.12336783,-0.000612942
0.00026,4.091476238,-0.000453615
0.00026004,4.046030718,-0.00077227
0.00026008,4.002977068,0.00066168
0.00026012,3.969490896,-0.000214623
0.00026016,3.933612854,-0.000851934
0.0002602,3.888167334,0.00066168
0.00026024,3.846708264,-0.000692606
0.00026028,3.802060034,-0.000373951
0.00026032,3.766979282,-0.001011262
0.00026036,3.723128342,-0.001489245
0.0002604,3.694425909,-0.001568909
0.00026044,3.641804781,-0.000533279
0.00026048,3.599548421,-0.000931598
0.00026052,3.569251408,-0.000294287
0.00026056,3.532576076,-0.001090926
0.0002606,3.487927846,-0.000931598
0.00026064,3.451252515,-0.000453615
0.00026068,3.412982604,-0.000612942
0.00026072,3.368334374,-0.001648573
0.00026076,3.328469883,-0.000692606
0.0002608,3.289402682,-0.001329918
0.00026084,3.260700249,-0.000533279
0.00026088,3.223227627,-0.000533279
0.00026092,3.179376687,-0.000533279
0.00026096,3.119579951,-0.000214623
0.000261,3.08210733,0.000821008
0.00026104,3.044634708,-0.001011262
0.00026108,2.990419001,-0.000931598
0.00026112,2.960919277,-0.00077227
0.00026116,2.913879178,-0.000692606
0.0002612,2.881190296,-0.001568909
0.00026124,2.834150197,-0.001887565
0.00026128,2.797474865,-0.000373951
0.00026132,2.753623925,-0.001887565
0.00026136,2.708975695,-0.000931598
0.0002614,2.673097654,-0.001250254
0.00026144,2.64519251,-0.001489245
0.00026148,2.60054428,-0.000851934
0.00026152,2.550315022,-0.001409582
0.00026156,2.499288474,-0.001648573
0.0002616,2.459423983,-0.000533279
0.00026164,2.425140521,-0.000612942
0.00026168,2.370127523,-0.001648573
0.00026172,2.322290134,-0.000453615
0.00026176,2.280831064,-0.001011262
0.0002618,2.225818066,0.000183697
0.00026184,2.177183388,-0.001090926
0.00026188,2.137318897,-0.000214623
0.00026192,2.097454406,-0.000612942
0.00026196,2.052008886,-0.001250254
0.000262,2.004171497,-0.00117059
0.00026204,1.969888035,-0.00117059
0.00026208,1.914875038,-0.001409582
0.00026212,1.878996996,-0.002365548
0.00026216,1.845510824,-0.001250254
0.0002622,1.794484276,-0.001967229
0.00026224,1.765781842,-0.001489245
0.00026228,1.712363424,-0.001967229
0.00026232,1.677282673,-0.00260454
0.00026236,1.633431733,-0.00117059
0.0002624,1.598350981,-0.002365548
0.00026244,1.552905461,-0.002365548
0.00026248,1.51543284,-0.000533279
0.00026252,1.484338537,-0.001011262
0.00026256,1.455636104,-0.001967229
0.0002626,1.408596004,-0.001648573
0.00026264,1.392650208,-0.001409582
0.00026268,1.350393848,-0.001728237
0.00026272,1.34082637,-0.001568909
0.00026276,1.308137487,-0.002445212
0.0002628,1.280232344,-0.002524876
0.00026284,1.259502809,-0.001489245
0.00026288,1.237975984,-0.001648573
0.00026292,1.21166542,-0.001329918
0.00026296,1.198908783,-0.001728237
0.000263,1.178976537,-0.002285884
0.00026304,1.16701719,-0.002365548
0.00026308,1.156652422,-0.001967229
0.00026312,1.137517467,-0.001807901
0.00026316,1.143098495,-0.002524876
0.0002632,1.143895785,-0.002206221
0.00026324,1.151071394,-0.001409582
0.00026328,1.171800929,-0.001728237
0.00026332,1.194922333,-0.001967229
0.00026336,1.244354302,-0.001329918
0.0002634,1.269867576,-0.000931598
0.00026344,1.328867023,-0.001090926
0.00026348,1.389461049,-0.000692606
0.00026352,1.440487597,-0.001728237
0.00026356,1.520216579,-0.000294287
0.0002636,1.595161821,-0.001250254
0.00026364,1.664526035,-0.002046893
0.00026368,1.735484829,-0.000533279
0.00026372,1.801659884,-0.001090926
0.00026376,1.866240359,-0.001807901
0.0002638,1.934807283,-0.002046893
0.00026384,1.987428411,-0.001489245
0.00026388,2.049617017,-0.000294287
0.00026392,2.091873377,-0.001250254
0.00026396,2.120575811,-0.00077227
0.000264,2.157251142,-0.000134959
0.00026404,2.194723764,0.000104033
0.00026408,2.232993675,0.00026336
0.00026412,2.257709659,0.000900672
0.00026416,2.290398542,-0.001489245
0.0002642,2.326276583,0.000821008
0.00026424,2.365343784,-0.000612942
0.00026428,2.389262479,-0.00077227
0.00026432,2.42832968,-0.000294287
0.00026436,2.47218062,-0.000612942
0.0002644,2.499288474,-0.001090926
0.00026444,2.538355675,-0.001090926
0.00026448,2.567058108,-0.002126557
0.00026452,2.609314468,-0.001250254
0.00026456,2.662732886,-0.001329918
0.0002646,2.704191957,-0.001090926
0.00026464,2.729705231,-0.000612942
0.00026468,2.768772432,0.000104033
0.00026472,2.81740711,-0.000214623
0.00026476,2.846906834,-0.001489245
0.0002648,2.881987586,-0.001967229
0.00026484,2.930622264,-0.001489245
0.00026488,2.956932828,-0.000931598
0.00026492,2.99360816,0.000343024
0.00026496,3.024702463,-0.000453615
0.000265,3.07971546,-0.001568909
0.00026504,3.087688358,-0.000294287
0.00026508,3.130742008,-0.00077227
0.00026512,3.165025471,-0.000692606
0.00026516,3.190538745,-0.000533279
0.0002652,3.243159873,-0.001648573
0.00026524,3.271862306,-0.002365548
0.00026528,3.290997262,-0.00117059
0.00026532,3.336442781,-0.001329918
0.00026536,3.364347925,-0.001409582
0.0002654,3.401023256,-0.001648573
0.00026544,3.435306718,-0.000373951
0.00026548,3.464806442,-0.001250254
0.00026552,3.502279063,-0.001648573
0.00026556,3.534170656,-0.000373951
0.0002656,3.582008045,-0.000214623
0.00026564,3.627453564,-0.000214623
0.00026568,3.659345157,-0.000453615
0.00026572,3.707182546,-0.000851934
0.00026576,3.749438906,-0.001409582
0.0002658,3.788506107,-0.000612942
0.00026584,3.845113684,-0.001011262
0.00026588,3.877802567,-0.001329918
0.00026592,3.918464347,0.000422688
0.00026596,3.971085475,-0.001409582
0.000266,3.998990619,0.000183697
0.00026604,4.028490342,-0.000692606
0.00026608,4.08190876,-0.001648573
0.00026612,4.120178671,-0.001011262
0.00026616,4.164826901,-0.000453615
0.0002662,4.20947513,-0.000373951
0.00026624,4.241366723,-0.001409582
0.00026628,4.283623083,-0.001011262
0.00026632,4.320298415,-0.001090926
0.00026636,4.360162906,-0.00077227
0.0002664,4.399230107,-0.000373951
0.00026644,4.439094598,-0.001011262
0.00026648,4.478161799,-0.000851934
0.00026652,4.51563442,-0.000851934
0.00026656,4.55948536,-0.001011262
0.0002666,4.598552561,-0.00077227
0.00026664,4.635227893,0.000821008
0.00026668,4.69024089,-0.001011262
0.00026672,4.728510801,-0.000294287
0.00026676,4.771564451,-0.001489245
0.0002668,4.809037073,0.00026336
0.00026684,4.860063621,0.00026336
0.00026688,4.887171475,-0.00117059
0.00026692,4.936603443,-0.000533279
0.00026696,4.975670644,-0.000931598
0.000267,5.015535135,0.000502352
0.00026704,5.04025112,-0.000931598
0.00026708,5.089683088,-0.000692606
0.00026712,5.12316926,-0.001090926
0.00026716,5.159844592,-0.000214623
0.0002672,5.206884691,-0.00077227
0.00026724,5.239573574,0.000183697
0.00026728,5.289802832,-0.000373951
0.00026732,5.328870033,0.000183697
0.00026736,5.375112843,0.000343024
0.0002674,5.416571913,0.000741344
0.00026744,5.458030983,0.000502352
0.00026748,5.494706315,-0.000533279
0.00026752,5.539354545,0.000502352
0.00026756,5.586394644,0.000900672
0.0002676,5.616691657,0.000502352
0.00026764,5.64619138,0.000183697
0.00026768,5.69083961,0.000582016
0.00026772,5.728312231,-0.000373951
0.00026776,5.763392983,-0.000612942
0.0002678,5.808041213,-0.000214623
0.00026784,5.844716545,-0.000373951
0.00026788,5.878202717,-0.000851934
0.00026792,5.925242816,-0.000214623
0.00026796,5.966701887,0.000183697
0.000268,6.001782638,0.000422688
0.00026804,6.047228158,-0.000214623
0.00026808,6.093470967,-0.000214623
0.00026812,6.128551719,0.001059999
0.00026816,6.17001079,2.44E-05
0.0002682,6.198713223,-0.000214623
0.00026824,6.246550612,0.000343024
0.00026828,6.284820523,0.00066168
0.00026832,6.319103986,-0.00077227
0.00026836,6.354982027,0.000343024
0.0002684,6.404413996,0.000183697
0.00026844,6.434711009,0.000821008
0.00026848,6.491318586,-0.000612942
0.00026852,6.522412889,-0.000134959
0.00026856,6.566263829,-0.000373951
0.0002686,6.598952711,0.000343024
0.00026864,6.642006361,-0.000373951
0.00026868,6.669114215,-0.000453615
0.00026872,6.714559735,0.000422688
0.00026876,6.756816095,2.44E-05
0.0002688,6.806248064,0.000422688
0.00026884,6.845315265,0.00066168
0.00026888,6.871625829,-0.000373951
0.00026892,6.921855087,0.00026336
0.00026896,6.95374668,0.000422688
0.000269,6.992813881,0.001458319
0.00026904,7.027894633,0.00066168
0.00026908,7.058988935,0.001059999
0.00026912,7.100448006,0.001219327
0.00026916,7.151474554,0.000741344
0.0002692,7.185758016,0.000821008
0.00026924,7.220838768,0.001537983
0.00026928,7.262297839,0.000741344
0.00026932,7.30136504,0.000821008
0.00026936,7.330067473,0.000183697
0.0002694,7.392256079,0.000821008
0.00026944,7.413782904,0.000900672
0.00026948,7.453647395,-0.000134959
0.00026952,7.503079363,0.000183697
0.00026956,7.526998058,-0.000373951
0.0002696,7.583605635,0.000502352
0.00026964,7.622672836,0.001537983
0.00026968,7.666523776,0.000900672
0.00026972,7.684861442,0.000502352
0.00026976,7.742266308,0.000900672
0.0002698,7.77814435,0.000343024
0.00026984,7.802860334,0.000422688
0.00026988,7.835549217,0.00026336
0.00026992,7.884183896,0.000900672
0.00026996,7.917670068,0.000422688
0.00027,7.959129139,0.001617647
0.00027004,7.99420989,0.000502352
0.00027008,8.033277092,0.000422688
0.00027012,8.069155133,0.000422688
0.00027016,8.122573551,0.000980336
0.0002702,8.144897666,0.000741344
0.00027024,8.191937765,-0.000134959
0.00027028,8.227815807,0.000502352
0.00027032,8.25731553,0.000980336
0.00027036,8.2987746,0.000582016
0.0002704,8.330666193,-0.000533279
0.00027044,8.362557786,2.44E-05
0.00027048,8.400030407,0.001776975
0.00027052,8.452651535,-0.000533279
0.00027056,8.492516026,0.000821008
0.0002706,8.51643472,0.000343024
0.00027064,8.56347482,0.000741344
0.00027068,8.585001645,0.000422688
0.00027072,8.632041744,0.001139663
0.00027076,8.662338757,0.000821008
0.0002708,8.696622219,0.000422688
0.00027084,8.745256898,0.001219327
0.00027088,8.78033765,0.000502352
0.00027092,8.82259401,0.000104033
0.00027096,8.860066631,0.00066168
0.000271,8.891160934,0.000821008
0.00027104,8.940592903,0.001378655
0.00027108,8.966106177,0.000900672
0.00027112,9.018727305,0.00066168
0.00027116,9.046632449,0.000821008
0.0002712,9.080118621,-0.000214623
0.00027124,9.12556414,0.000502352
0.00027128,9.156658443,0.000741344
0.00027132,9.180577138,0.000183697
0.00027136,9.218847049,0.000582016
0.0002714,9.25950883,0.000582016
0.00027144,9.280238365,0.000741344
0.00027148,9.328075754,0.000582016
0.00027152,9.369534824,0.000183697
0.00027156,9.395845388,0.001537983
0.0002716,9.447669226,0.000821008
0.00027164,9.485141848,0.000343024
0.00027168,9.521817179,0.001219327
0.00027172,9.547330453,0.000582016
0.00027176,9.597559712,0.00066168
0.0002718,9.630248594,-0.000453615
0.00027184,9.662140187,0.000582016
0.00027188,9.705991127,0.000502352
0.00027192,9.726720662,2.44E-05
0.00027196,9.768977023,-0.000134959
0.000272,9.799274036,-0.000134959
0.00027204,9.839935816,0.000821008
0.00027208,9.86784096,0.001537983
0.00027212,9.914881059,0.001219327
0.00027216,9.930029566,0.001776975
0.0002722,9.977866955,0.000900672
0.00027224,10.00816397,0.001219327
0.00027228,10.04802846,0.001059999
0.00027232,10.07673089,0.000582016
0.00027236,10.10224417,0.002015966
0.0002724,10.13254118,0.002015966
0.00027244,10.17160838,0.001378655
0.00027248,10.2011081,0.001697311
0.00027252,10.23140512,0.001139663
0.00027256,10.25691839,0.001617647
0.0002726,10.2951883,0.000980336
0.00027264,10.319107,0.001697311
0.00027268,10.34780943,0.001856639
0.00027272,10.37970102,0.001697311
0.00027276,10.40840346,0.001298991
0.0002728,10.43311944,0.001776975
0.00027284,10.45384898,0.000900672
0.00027288,10.47617309,0.002334622
0.00027292,10.5064701,0.001139663
0.00027296,10.51364571,0.001378655
0.000273,10.53517254,0.001139663
0.00027304,10.5383617,0.001378655
0.00027308,10.53756441,0.000582016
0.00027312,10.54394272,0.00066168
0.00027316,10.54155085,-0.000214623
0.0002732,10.53756441,0.002812605
0.00027324,10.5455373,0.002254958
0.00027328,10.5383617,0.001139663
0.00027332,10.54075357,0.001697311
0.00027336,10.53756441,0.001936302
0.0002734,10.53118609,0.000900672
0.00027344,10.54155085,0.00209563
0.00027348,10.54394272,0.000741344
0.00027352,10.55510478,0.001378655
0.00027356,10.54792917,0.000741344
0.0002736,10.56068581,0.000104033
0.00027364,10.55510478,0.000582016
0.00027368,10.56228039,0.001936302
0.00027372,10.5774289,0.001537983
0.00027376,10.57902348,0.000422688
0.0002738,10.58380722,0.000900672
0.00027384,10.58619908,-0.000373951
0.00027388,10.58779366,-0.000373951
0.00027392,10.57902348,0.001617647
0.00027396,10.57663161,0.000980336
0.000274,10.57264516,-0.000453615
0.00027404,10.56786142,0.000422688
0.00027408,10.56387497,0.001458319
0.00027412,10.56467226,0.001458319
0.00027416,10.53915899,0.00066168
0.0002742,10.5455373,0.000980336
0.00027424,10.53915899,0.000980336
0.00027428,10.53676712,0.00066168
0.00027432,10.54075357,0.000980336
0.00027436,10.53596983,0.001537983
0.0002744,10.52560506,0.000343024
0.00027444,10.53517254,0.000900672
0.00027448,10.53198338,0.000343024
0.00027452,10.514443,0.001537983
0.00027456,10.51922674,0.001059999
0.0002746,10.50567281,0.000980336
0.00027464,10.48175412,0.001378655
0.00027468,10.48972702,0.001617647
0.00027472,10.46899748,0.000900672
0.00027476,10.44348421,0.002015966
0.0002748,10.42434925,0.001458319
0.00027484,10.39325495,0.000502352
0.00027488,10.34541756,0.000422688
0.00027492,10.30794494,0.001219327
0.00027496,10.25931026,0.00026336
0.000275,10.21466203,0.000900672
0.00027504,10.16443277,0.000741344
0.00027508,10.09905501,0.000821008
0.00027512,10.03048808,0.001378655
0.00027516,9.979461534,0.000104033
0.0002752,9.913286479,0.000582016
0.00027524,9.86624638,0.000502352
0.00027528,9.814422542,0.000502352
0.00027532,9.764990573,0.001378655
0.00027536,9.719545054,0.001298991
0.0002754,9.690045331,0.000980336
0.00027544,9.64938355,-0.000373951
0.00027548,9.619086537,0.000502352
0.00027552,9.591181393,0.000900672
0.00027556,9.56407354,0.000422688
0.0002756,9.527398208,0.00026336
0.00027564,9.507465963,0.000582016
0.00027568,9.466006892,0.000183697
0.00027572,9.422953242,0.000422688
0.00027576,9.402223707,0.001219327
0.0002758,9.367142955,0.001298991
0.00027584,9.320900146,0.000582016
0.00027588,9.279441075,0.001697311
0.00027592,9.249941352,0.000821008
0.00027596,9.198914804,0.000422688
0.000276,9.148685545,0.000900672
0.00027604,9.118388532,-0.000533279
0.00027608,9.075334882,0.000900672
0.00027612,9.033078522,0.000821008
0.00027616,8.984443843,0.000980336
0.0002762,8.946971221,0.00066168
0.00027624,8.917471498,0.000980336
0.00027628,8.881593457,0.000900672
0.00027632,8.841728966,0.001458319
0.00027636,8.787513258,0.001139663
0.0002764,8.762797274,0.001617647
0.00027644,8.726121942,0.001298991
0.00027648,8.675892684,0.001059999
0.00027652,8.643203801,-0.000453615
0.00027656,8.60732576,0.00026336
0.0002766,8.572245008,0.001219327
0.00027664,8.537164256,0.000582016
0.00027668,8.503678083,0.000422688
0.00027672,8.460624433,-0.000294287
0.00027676,8.423949102,-0.000214623
0.0002768,8.38647648,0.00026336
0.00027684,8.341828251,-0.000931598
0.00027688,8.2987746,2.44E-05
0.00027692,8.264491138,0.000104033
0.00027696,8.222234778,0.000821008
0.000277,8.195924214,0.001139663
0.00027704,8.148884115,2.44E-05
0.00027708,8.096262987,0.000582016
0.00027712,8.069155133,0.00066168
0.00027716,8.022115034,-0.000214623
0.0002772,7.979061384,0.000183697
0.00027724,7.943980632,0.000502352
0.00027728,7.906508011,2.44E-05
0.00027732,7.870629969,-0.00077227
0.00027736,7.835549217,-0.000373951
0.0002774,7.805252204,0.00026336
0.00027744,7.768576872,-0.000214623
0.00027748,7.732698831,2.44E-05
0.00027752,7.696820789,0.000104033
0.00027756,7.652172559,0.000502352
0.0002776,7.615497228,0.000821008
0.00027764,7.571646288,-0.000294287
0.00027768,7.526998058,0.00026336
0.00027772,7.491917306,0.000502352
0.00027776,7.450458235,2.44E-05
0.0002778,7.415377484,0.000821008
0.00027784,7.371526544,0.000821008
0.00027788,7.336445792,-0.000134959
0.00027792,7.279838215,-0.000533279
0.00027796,7.248743912,0.000582016
0.000278,7.204892972,0.00066168
0.00027804,7.17060951,-0.000294287
0.00027808,7.121974831,-0.000533279
0.00027812,7.08131305,-0.000612942
0.00027816,7.03985398,-0.000294287
0.0002782,7.013543416,0.000741344
0.00027824,6.968097896,0.00026336
0.00027828,6.937003594,-0.001409582
0.00027832,6.886774335,0.000422688
0.00027836,6.848504424,0.000502352
0.0002784,6.809437223,0.00026336
0.00027844,6.771964601,0.000183697
0.00027848,6.729708241,0.001059999
0.00027852,6.69223562,-0.000851934
0.00027856,6.643600941,-0.001250254
0.0002786,6.608520189,-0.00117059
0.00027864,6.565466539,-0.001011262
0.00027868,6.525602048,-0.001967229
0.00027872,6.496899615,0.000104033
0.00027876,6.451454095,-0.001011262
0.0002788,6.409197735,-0.001011262
0.00027884,6.368535954,0.000104033
0.00027888,6.332657912,-0.000214623
0.00027892,6.306347348,-0.000692606
0.00027896,6.25771267,0.000422688
0.000279,6.21226715,-0.000294287
0.00027904,6.185956586,-0.000294287
0.00027908,6.138119197,0.000422688
0.00027912,6.101443866,-0.000931598
0.00027916,6.064768534,-0.000373951
0.0002792,6.015336565,-0.000612942
0.00027924,5.975472075,-0.000294287
0.00027928,5.925242816,-0.001329918
0.00027932,5.897337672,-0.000533279
0.00027936,5.867837949,-0.000851934
0.0002794,5.812027662,0.00026336
0.00027944,5.773757751,-0.000453615
0.00027948,5.748244477,-0.000214623
0.00027952,5.694826059,2.44E-05
0.00027956,5.64778596,-0.001250254
0.0002796,5.617488947,-0.000931598
0.00027964,5.578421746,-0.000214623
0.00027968,5.547327443,-0.000294287
0.00027972,5.504273793,-0.000851934
0.00027976,5.456436404,-0.001329918
0.0002798,5.411788174,-0.000453615
0.00027984,5.380693871,0.000343024
0.00027988,5.329667323,-0.000931598
0.00027992,5.289005542,-0.000373951
0.00027996,5.25472208,-0.000692606
0.00028,5.228411516,0.000980336
0.00028004,5.180574127,-0.000294287
0.00028008,5.136723187,-0.00077227
0.00028012,5.092872247,-0.00117059
0.00028016,5.060980655,-0.001489245
0.0002802,5.023508033,-0.001090926
0.00028024,4.982846253,-0.002126557
0.00028028,4.938198023,-0.000692606
0.00028032,4.899928112,-0.002126557
0.00028036,4.86325278,-0.001887565
0.0002804,4.826577449,-0.000373951
0.00028044,4.781131929,-0.000453615
0.00028048,4.740470148,-0.000533279
0.00028052,4.701402947,0.00026336
0.00028056,4.668714065,-0.000851934
0.0002806,4.624863125,-0.001648573
0.00028064,4.575431156,-0.00117059
0.00028068,4.531580216,0.000104033
0.00028072,4.494904885,-0.000692606
0.00028076,4.452648525,-0.002046893
0.0002808,4.408000295,-0.001568909
0.00028084,4.372919543,-0.00117059
0.00028088,4.329865893,-0.001011262
0.00028092,4.286014953,-0.001728237
0.00028096,4.242961303,-0.001887565
0.000281,4.20947513,-0.001807901
0.00028104,4.187151016,-0.001409582
0.00028108,4.143300076,-0.000612942
0.00028112,4.106624744,-0.001250254
0.00028116,4.061976514,-0.001489245
0.0002812,4.021314734,-0.00117059
0.00028124,3.974274635,-0.001090926
0.00028128,3.943180332,-0.000692606
0.00028132,3.895342943,-0.000931598
0.00028136,3.861059481,-0.000533279
0.0002814,3.81800583,0.000343024
0.00028144,3.778938629,0.000343024
0.00028148,3.735884979,0.000741344
0.00028152,3.694425909,-0.001568909
0.00028156,3.650574969,-0.000214623
0.0002816,3.619480666,-0.000533279
0.00028164,3.575629726,0.00026336
0.00028168,3.526995047,-0.001250254
0.00028172,3.490319716,-0.001409582
0.00028176,3.436104008,0.000343024
0.0002818,3.411388024,-0.000214623
0.00028184,3.369131664,-0.000533279
0.00028188,3.321294275,-0.001967229
0.00028192,3.294186421,-0.00077227
0.00028196,3.251132771,-0.001648573
0.000282,3.2096737,-0.000533279
0.00028204,3.175390238,-0.000533279
0.00028208,3.12595827,-0.001409582
0.00028212,3.088485648,-0.002206221
0.00028216,3.053404896,-0.001728237
0.0002822,3.007959377,-0.000931598
0.00028224,2.959324698,-0.00117059
0.00028228,2.925041236,-0.000931598
0.00028232,2.889163194,-0.000851934
0.00028236,2.840528515,-0.002046893
0.0002824,2.805447763,-0.000931598
0.00028244,2.760002244,-0.00117059
0.00028248,2.717745883,-0.001011262
0.00028252,2.681867842,-0.00117059
0.00028256,2.638814192,-0.001728237
0.0002826,2.599746991,-0.000214623
0.00028264,2.551909602,-0.001011262
0.00028268,2.508058662,0.000104033
0.00028272,2.464207722,-0.001648573
0.00028276,2.421951361,-0.001409582
0.0002828,2.386870609,-0.00117059
0.00028284,2.34301967,-0.000851934
0.00028288,2.292790411,-0.001409582
0.00028292,2.245750312,-0.001329918
0.00028296,2.192331894,-0.001090926
0.000283,2.160440301,-0.001250254
0.00028304,2.103832725,-0.001728237
0.00028308,2.048022437,-0.000134959
0.00028312,2.005766077,-0.000851934
0.00028316,1.975469064,-0.001728237
0.0002832,1.928428965,-0.001329918
0.00028324,1.879794286,-0.001807901
0.00028328,1.851091853,-0.001887565
0.00028332,1.804849043,-0.002365548
0.00028336,1.753822495,-0.002763868
0.0002834,1.720336323,-0.002843532
0.00028344,1.681269122,-0.002843532
0.00028348,1.650174819,-0.001489245
0.00028352,1.609513038,-0.002365548
0.00028356,1.562472939,-0.001648573
0.0002836,1.528189477,-0.002684204
0.00028364,1.498689754,-0.001728237
0.00028368,1.466000871,-0.002763868
0.00028372,1.431717409,-0.002046893
0.00028376,1.389461049,-0.001967229
0.0002838,1.363150485,-0.000612942
0.00028384,1.323285994,-0.002126557
0.00028388,1.303353749,-0.002046893
0.00028392,1.271462156,-0.001807901
0.00028396,1.246746172,-0.001011262
0.000284,1.226813926,-0.00117059
0.00028404,1.221232897,-0.001807901
0.00028408,1.196516913,-0.002285884
0.00028412,1.198111493,-0.001568909
0.00028416,1.181368407,-0.001887565
0.0002842,1.161436161,-0.001648573
0.00028424,1.147882234,-0.001489245
0.00028428,1.155057843,-0.002445212
0.00028432,1.151868683,-0.001807901
0.00028436,1.161436161,-0.001568909
0.0002844,1.175787378,-0.001728237
0.00028444,1.20927355,-0.002126557
0.00028448,1.233192245,-0.001728237
0.00028452,1.277840474,-0.001250254
0.00028456,1.308934777,-0.001250254
0.0002846,1.364745064,-0.001807901
0.00028464,1.42693367,-0.001887565
0.00028468,1.500284333,-0.00117059
0.00028472,1.564864808,-0.001329918
0.00028476,1.639012761,-0.001887565
0.0002848,1.710768845,-0.002046893
0.00028484,1.778538479,-0.002763868
0.00028488,1.847105404,-0.00260454
0.00028492,1.909294009,-0.002365548
0.00028496,1.959523268,-0.001967229
0.000285,2.013738975,-0.001329918
0.00028504,2.062373654,-0.001090926
0.00028508,2.107819174,-0.001409582
0.00028512,2.147683664,2.44E-05
0.00028516,2.194723764,-0.000851934
0.0002852,2.20827769,-0.000692606
0.00028524,2.250534051,-0.000533279
0.00028528,2.276047325,-0.001250254
0.00028532,2.300763309,-0.001011262
0.00028536,2.33983051,0.000183697
0.0002854,2.380492291,-0.000612942
0.00028544,2.403613696,-0.001090926
0.00028548,2.442680897,-0.000851934
0.00028552,2.484937257,-0.001489245
0.00028556,2.518423429,-0.001329918
0.0002856,2.574233716,-0.00117059
0.00028564,2.609314468,-0.001887565
0.00028568,2.653165408,-0.001329918
0.00028572,2.68744887,0.000343024
0.00028576,2.726516071,-0.000692606
0.0002858,2.763988693,-0.001568909
0.00028584,2.812623372,-0.001568909
0.00028588,2.854879732,-0.001489245
0.00028592,2.887568614,-0.00117059
0.00028596,2.917865627,-0.00117059
0.000286,2.952946379,-0.000612942
0.00028604,2.987229841,-0.000612942
0.00028608,3.011945826,-0.000851934
0.00028612,3.050215737,-0.000294287
0.00028616,3.08210733,-0.000931598
0.0002862,3.112404343,2.44E-05
0.00028624,3.145093225,-0.000373951
0.00028628,3.182565847,-0.000453615
0.00028632,3.216052019,0.000183697
0.00028636,3.247146322,-0.001489245
0.0002864,3.271065016,-0.000931598
0.00028644,3.308537638,-0.000453615
0.00028648,3.349199418,-0.001728237
0.00028652,3.382685591,-0.001250254
0.00028656,3.43052298,-0.000692606
0.0002866,3.461617282,-0.000851934
0.00028664,3.498292614,-0.001090926
0.00028668,3.535765235,-0.001728237
0.00028672,3.586791784,-0.001329918
0.00028676,3.610710478,0.000104033
0.0002868,3.657750577,-0.000931598
0.00028684,3.695223199,-0.001250254
0.00028688,3.743857878,-0.000612942
0.00028692,3.77654676,0.000821008
0.00028696,3.822789569,0.00066168
0.000287,3.876207987,-0.000294287
0.00028704,3.910491449,-0.000453615
0.00028708,3.940788462,-0.000214623
0.00028712,3.9926123,-0.000612942
0.00028716,4.023706603,0.000980336
0.0002872,4.065962963,-0.000214623
0.00028724,4.113800352,-0.001250254
0.00028728,4.140110916,-0.002046893
0.00028732,4.197515783,-0.000294287
0.00028736,4.247745042,-0.000373951
0.0002874,4.277244765,-0.001728237
0.00028744,4.321892995,-0.000453615
0.00028748,4.374514123,-0.001409582
0.00028752,4.395243658,0.000104033
0.00028756,4.442283757,-0.000931598
0.0002876,4.484540117,-0.001329918
0.00028764,4.518823579,-0.001329918
0.00028768,4.555498911,-0.00117059
0.00028772,4.6033363,0.000183697
0.00028776,4.641606211,2.44E-05
0.0002878,4.685457151,-0.000453615
0.00028784,4.726916222,0.000343024
0.00028788,4.750834916,-0.000214623
0.00028792,4.798672305,0.000183697
0.00028796,4.847306984,0.000422688
0.000288,4.881590446,0.000104033
0.00028804,4.919063067,-0.000851934
0.00028808,4.979657093,-0.000373951
0.00028812,5.011548686,-0.000851934
0.00028816,5.047426728,-0.000931598
0.0002882,5.089683088,-0.000214623
0.00028824,5.12316926,-0.000533279
0.00028828,5.178182258,-0.00117059
0.00028832,5.21166843,-0.000931598
0.00028836,5.238776284,-0.000533279
0.0002884,5.279438065,-0.000373951
0.00028844,5.324883584,-0.000692606
0.00028848,5.364748075,-0.000533279
0.00028852,5.408599015,0.000183697
0.00028856,5.435706869,-0.000214623
0.0002886,5.489125286,0.000183697
0.00028864,5.511449401,0.000582016
0.00028868,5.56167866,-0.000612942
0.00028872,5.592772963,0.000183697
0.00028876,5.622272686,-0.000373951
0.0002888,5.680474842,-0.00077227
0.00028884,5.716352884,-0.000294287
0.00028888,5.761001114,-0.000453615
0.00028892,5.788906257,-0.001250254
0.00028896,5.846311124,-0.000294287
0.000289,5.880594586,0.00026336
0.00028904,5.915675338,0.000741344
0.00028908,5.969093756,-0.000134959
0.00028912,5.99620161,-0.000373951
0.00028916,6.035268811,-0.000851934
0.0002892,6.078322461,0.001378655
0.00028924,6.133335458,-0.000453615
0.00028928,6.166024341,0.000741344
0.00028932,6.197915933,-0.000453615
0.00028936,6.240172294,-0.000373951
0.0002894,6.274455756,0.000422688
0.00028944,6.312725667,-0.000214623
0.00028948,6.360563056,0.000980336
0.00028952,6.382887171,0.000502352
0.00028956,6.43231914,0.000104033
0.0002896,6.470589051,-0.000533279
0.00028964,6.510453542,0.001776975
0.00028968,6.548723453,0.000104033
0.00028972,6.581412335,0.000422688
0.00028976,6.617290377,0.000343024
0.0002898,6.667519635,0.000582016
0.00028984,6.712167865,2.44E-05
0.00028988,6.745654037,0.000104033
0.00028992,6.775153761,0.000104033
0.00028996,6.826180309,0.000980336
0.00029,6.858869191,0.001139663
0.00029004,6.888368915,0.00066168
0.00029008,6.949760231,0.000980336
0.00029012,6.973678925,0.00026336
0.00029016,7.008759677,0.000582016
0.0002902,7.055002486,-0.000134959
0.00029024,7.085299499,-0.000214623
0.00029028,7.12755586,0.000183697
0.00029032,7.177785118,0.000343024
0.00029036,7.217649609,0.000502352
0.0002904,7.261500549,0.000343024
0.00029044,7.30216233,0.000343024
0.00029048,7.336445792,0.000183697
0.00029052,7.375512993,0.000422688
0.00029056,7.43132328,0.00066168
0.0002906,7.462417583,2.44E-05
0.00029064,7.500687494,0.001776975
0.00029068,7.545335724,0.000582016
0.00029072,7.578024606,-0.000214623
0.00029076,7.60353788,0.00026336
0.0002908,7.644996951,0.000183697
0.00029084,7.681672282,-0.000214623
0.00029088,7.717550324,0.000183697
0.00029092,7.763793133,0.000343024
0.00029096,7.806049494,0.000343024
0.000291,7.838738376,0.000741344
0.00029104,7.869832679,0.001139663
0.00029108,7.912089039,0.000422688
0.00029112,7.949561661,0.001458319
0.00029116,7.993412601,0.000502352
0.0002912,8.021317744,-0.000134959
0.00029124,8.069952423,0.000183697
0.00029128,8.109019624,0.000821008
0.00029132,8.149681405,0.000343024
0.00029136,8.186356736,-0.000533279
0.0002914,8.229410386,2.44E-05
0.00029144,8.260504689,0.000183697
0.00029148,8.297180021,0.000582016
0.00029152,8.34262554,-0.000373951
0.00029156,8.369733394,-0.000533279
0.0002916,8.415178914,-0.000612942
0.00029164,8.444678637,0.00026336
0.00029168,8.477367519,-0.000533279
0.00029172,8.522015749,0.000980336
0.00029176,8.551515472,0.00026336
0.0002918,8.589785384,0.001458319
0.00029184,8.627258005,0.000502352
0.00029188,8.657555018,0.000582016
0.00029192,8.701405958,-0.000851934
0.00029196,8.733297551,0.000502352
0.000292,8.78113494,0.00066168
0.00029204,8.819404851,0.000343024
0.00029208,8.852891023,0.000582016
0.00029212,8.877607007,0.000104033
0.00029216,8.926241686,2.44E-05
0.0002922,8.95414683,-0.000294287
0.00029224,8.999592349,-0.000294287
0.00029228,9.050618898,0.00026336
0.00029232,9.072145723,2.44E-05
0.00029236,9.095267127,2.44E-05
0.0002924,9.147888255,-0.000851934
0.00029244,9.186955456,0.001219327
0.00029248,9.222036208,0.000104033
0.00029252,9.261900699,0.001219327
0.00029256,9.288211263,0.000422688
0.0002926,9.336845942,0.000821008
0.00029264,9.379899592,-0.000134959
0.00029268,9.396642678,0.000104033
0.00029272,9.426939691,0.000741344
0.00029276,9.480358109,0.000741344
0.0002928,9.509060542,0.001298991
0.00029284,9.547330453,0.000183697
0.00029288,9.578424756,0.000900672
0.00029292,9.615100088,-0.000533279
0.00029296,9.642207942,0.00026336
0.000293,9.682869722,0.000900672
0.00029304,9.719545054,0.000343024
0.00029308,9.749044777,0.001139663
0.00029312,9.793693007,0.000422688
0.00029316,9.82478731,-0.000692606
0.0002932,9.849503294,0.000183697
0.00029324,9.894151524,0.000183697
0.00029328,9.932421435,0.000900672
0.00029332,9.949164521,0.00026336
0.00029336,10.00417752,-0.000214623
0.0002934,10.01932602,-0.000134959
0.00029344,10.05919052,0.000343024
0.00029348,10.10941977,0.000821008
0.00029352,10.13652763,0.000980336
0.00029356,10.15327071,0.00026336
0.0002936,10.19393249,0.000980336
0.00029364,10.22981054,0.000502352
0.00029368,10.2481482,0.001537983
0.00029372,10.28641811,0.000343024
0.00029376,10.32229616,0.001059999
0.0002938,10.34143111,-0.000294287
0.00029384,10.38289018,0.001697311
0.00029388,10.39963327,0.001378655
0.00029392,10.42434925,0.000582016
0.00029396,10.44029505,0.001378655
0.000294,10.4674029,0.001936302
0.00029404,10.48653786,0.001617647
0.00029408,10.50567281,0.002015966
0.00029412,10.52799693,0.00209563
0.00029416,10.51842945,0.000343024
0.0002942,10.5224159,0.00209563
0.00029424,10.54234814,0.001139663
0.00029428,10.53437525,0.001458319
0.00029432,10.53517254,0.001458319
0.00029436,10.54314543,0.001219327
0.0002944,10.55111833,0.002175294
0.00029444,10.53995628,0.002812605
0.00029448,10.54792917,0.00249395
0.00029452,10.5303888,0.000821008
0.00029456,10.52480777,0.001776975
0.0002946,10.5383617,0.001697311
0.00029464,10.54155085,0.000900672
0.00029468,10.5383617,0.00066168
0.00029472,10.54952375,0.001219327
0.00029476,10.56467226,0.000582016
0.0002948,10.54952375,0.001219327
0.00029484,10.57264516,0.001298991
0.00029488,10.58699637,0.00066168
0.00029492,10.57822619,0.00066168
0.00029496,10.57583432,0.000422688
0.000295,10.58380722,0.000422688
0.00029504,10.57184787,0.001139663
0.00029508,10.57423974,0.000502352
0.00029512,10.57264516,0.001139663
0.00029516,10.56546955,0.000582016
0.0002952,10.56865871,0.001617647
0.00029524,10.56387497,0.000821008
0.00029528,10.55271291,0.000343024
0.00029532,10.55032104,0.000502352
0.00029536,10.54394272,0.000821008
0.0002954,10.53915899,0.001298991
0.00029544,10.53357796,0.000980336
0.00029548,10.53357796,0.001856639
0.00029552,10.53676712,0.000741344
0.00029556,10.51683487,0.000741344
0.0002956,10.52959151,0.00066168
0.00029564,10.51683487,0.000900672
0.00029568,10.48813244,0.000821008
0.00029572,10.51284842,0.001378655
0.00029576,10.48653786,0.001139663
0.0002958,10.47457851,0.001537983
0.00029584,10.47059206,0.001856639
0.00029588,10.46022729,0.001059999
0.00029592,10.42993028,0.000980336
0.00029596,10.40122785,0.000980336
0.000296,10.37013354,0.001537983
0.00029604,10.32548531,0.001617647
0.00029608,10.28801269,0.000741344
0.00029612,10.22821596,0.001617647
0.00029616,10.16523006,0.000502352
0.0002962,10.10862248,0.000104033
0.00029624,10.05042033,0.001139663
0.00029628,9.99939378,0.000821008
0.00029632,9.941191623,0.000900672
0.00029636,9.884584046,0.000582016
0.0002964,9.82159815,0.000900672
0.00029644,9.784125529,0.000502352
0.00029648,9.742666459,0.000900672
0.00029652,9.699612808,0.000821008
0.00029656,9.674099534,0.000343024
0.0002966,9.632640464,0.001776975
0.00029664,9.591978683,0.000741344
0.00029668,9.567262699,0.00066168
0.00029672,9.531384657,-0.000214623
0.00029676,9.499493064,0.000821008
0.0002968,9.469993341,0.000343024
0.00029684,9.442088198,0.000183697
0.00029688,9.401426417,0.000900672
0.00029692,9.379899592,0.000343024
0.00029696,9.325683884,0.00066168
0.000297,9.290603132,0.00026336
0.00029704,9.246752193,0.00066168
0.00029708,9.206090412,0.000104033
0.00029712,9.163834052,0.000741344
0.00029716,9.1287533,0.001059999
0.0002972,9.092077968,0.000502352
0.00029724,9.04105142,-0.000533279
0.00029728,8.99879506,0.000582016
0.00029732,8.970889916,0.000183697
0.00029736,8.927836266,0.000422688
0.0002974,8.887174485,0.000980336
0.00029744,8.840931676,0.000343024
0.00029748,8.820202141,0.000900672
0.00029752,8.775553911,0.000741344
0.00029756,8.748446057,0.001697311
0.0002976,8.706986987,0.00026336
0.00029764,8.676689974,0.002015966
0.00029768,8.630447164,0.001059999
0.00029772,8.594569122,0.001298991
0.00029776,8.534772386,0.000422688
0.0002978,8.501286214,-0.000134959
0.00029784,8.460624433,0.000582016
0.00029788,8.424746392,-0.000373951
0.00029792,8.372922553,0.000343024
0.00029796,8.3458147,0.000422688
0.000298,8.308342078,0.00026336
0.00029804,8.271666747,0.000422688
0.00029808,8.234194125,2.44E-05
0.00029812,8.186356736,0.000741344
0.00029816,8.156857013,-0.000692606
0.0002982,8.120181682,-0.000533279
0.00029824,8.070749713,-0.000692606
0.00029828,8.036466251,0.000821008
0.00029832,7.99660176,-0.000373951
0.00029836,7.962318298,0.000183697
0.0002984,7.920061938,0.000821008
0.00029844,7.888967635,0.000502352
0.00029848,7.844319405,0.000980336
0.00029852,7.811630522,-0.000214623
0.00029856,7.769374162,0.000821008
0.0002986,7.730306961,0.000900672
0.00029864,7.712766585,0.000502352
0.00029868,7.660145457,0.000422688
0.00029872,7.597956852,0.000821008
0.00029876,7.56207881,0.000183697
0.0002988,7.537362826,0.000422688
0.00029884,7.497498335,0.000502352
0.00029888,7.451255525,0.000502352
0.00029892,7.413782904,0.001139663
0.00029896,7.362756356,-0.000214623
0.000299,7.334053922,0.001219327
0.00029904,7.302959619,-0.000533279
0.00029908,7.261500549,0.00026336
0.00029912,7.222433348,-0.000692606
0.00029916,7.180176988,-0.000294287
0.0002992,7.122772121,-0.00117059
0.00029924,7.08290763,0.001059999
0.00029928,7.060583515,-0.000294287
0.00029932,7.004773228,-0.000373951
0.00029936,6.971287056,-0.000214623
0.0002994,6.935409014,-0.000373951
0.00029944,6.897139103,0.000741344
0.00029948,6.858071902,2.44E-05
0.00029952,6.827774889,-0.000373951
0.00029956,6.783126659,0.000422688
0.0002996,6.751235066,-0.000692606
0.00029964,6.704992257,-0.000214623
0.00029968,6.669114215,0.000582016
0.00029972,6.626060565,0.00066168
0.00029976,6.594966262,-0.000134959
0.0002998,6.555101771,-0.001250254
0.00029984,6.501683354,-0.000294287
0.00029988,6.470589051,-0.000214623
0.00029992,6.423548952,0.001139663
0.00029996,6.379698012,0.000183697
0.0003,6.354184737,-0.000134959
0.00030004,6.29917174,0.00026336
0.00030008,6.2553208,-0.000453615
0.00030012,6.229807526,0.000821008
0.00030016,6.195524064,-0.000692606
0.0003002,6.141308356,-0.000294287
0.00030024,6.114200503,-0.000294287
0.00030028,6.067957693,-0.000373951
0.00030032,6.024106753,0.000343024
0.00030036,5.985039552,-0.001250254
0.0003004,5.945972351,-0.00077227
0.00030044,5.90610786,-0.000214623
0.00030048,5.868635239,2.44E-05
0.00030052,5.837540936,0.000104033
0.00030056,5.784122519,-0.000453615
0.0003006,5.753825505,-0.000373951
0.00030064,5.710771855,-0.000453615
0.00030068,5.678880263,2.44E-05
0.00030072,5.631840164,0.000502352
0.00030076,5.595164832,0.000343024
0.0003008,5.552908472,-0.000214623
0.00030084,5.512246691,0.000343024
0.00030088,5.483544258,0.000183697
0.00030092,5.435706869,-0.000373951
0.00030096,5.392653219,2.44E-05
0.000301,5.368734524,0.001059999
0.00030104,5.315316106,0.000343024
0.00030108,5.277843485,0.000183697
0.00030112,5.245154602,0.000343024
0.00030116,5.199709083,2.44E-05
0.0003012,5.154263563,0.001059999
0.00030124,5.109615334,0.000104033
0.00030128,5.069750843,0.000104033
0.00030132,5.033075511,0.00026336
0.00030136,4.9948056,-0.000214623
0.0003014,4.94936008,-0.000214623
0.00030144,4.910292879,0.00026336
0.00030148,4.871225678,-0.000692606
0.00030152,4.826577449,-0.00077227
0.00030156,4.780334639,0.000422688
0.0003016,4.750037626,-0.000373951
0.00030164,4.703794817,-0.00077227
0.00030168,4.669511355,-0.001250254
0.00030172,4.633633313,-0.000612942
0.00030176,4.592971532,0.000343024
0.0003018,4.548323303,-0.000453615
0.00030184,4.503675073,-0.001648573
0.00030188,4.475769929,-0.001887565
0.00030192,4.438297308,-0.000692606
0.00030196,4.388865339,-0.000931598
0.000302,4.357771036,-0.000214623
0.00030204,4.309933647,-0.000294287
0.00030208,4.274055606,-0.000453615
0.00030212,4.236582984,-0.000214623
0.00030216,4.189542885,0.000104033
0.0003022,4.143300076,0.00026336
0.00030224,4.116989512,0.000104033
0.00030228,4.073138572,-0.000214623
0.00030232,4.021314734,0.000104033
0.00030236,3.988625851,0.00026336
0.0003024,3.95195052,-0.000373951
0.00030244,3.90809958,-0.000214623
0.00030248,3.874613407,-0.001329918
0.00030252,3.831559757,0.00026336
0.00030256,3.786114238,0.000502352
0.0003026,3.73508769,-0.001250254
0.00030264,3.706385256,2.44E-05
0.00030268,3.652169549,-0.000214623
0.00030272,3.620277956,2.44E-05
0.00030276,3.574035147,-0.001250254
0.0003028,3.531778786,-0.001250254
0.00030284,3.499887194,-0.000453615
0.00030288,3.456833543,-0.000453615
0.00030292,3.415374473,-0.000931598
0.00030296,3.376307272,-0.001728237
0.000303,3.34361839,-0.000373951
0.00030304,3.307740348,-0.001329918
0.00030308,3.264686698,-0.00077227
0.00030312,3.227214076,-0.001409582
0.00030316,3.176187528,-0.001011262
0.0003032,3.148282384,-0.001409582
0.00030324,3.096458546,-0.001807901
0.00030328,3.054999476,-0.00117059
0.00030332,3.018324144,-0.000851934
0.00030336,2.983243392,-0.00117059
0.0003034,2.933014134,-0.000453615
0.00030344,2.897136092,-0.001011262
0.00030348,2.851690573,-0.000533279
0.00030352,2.81740711,-0.001887565
0.00030356,2.768772432,0.00026336
0.0003036,2.738475419,0.000343024
0.00030364,2.68744887,-0.000851934
0.00030368,2.650773539,-0.000931598
0.00030372,2.605328019,-0.000851934
0.00030376,2.560679789,-0.000134959
0.0003038,2.520018009,2.44E-05
0.00030384,2.481748098,-0.000533279
0.00030388,2.431518839,-0.001250254
0.00030392,2.379695001,0.00026336
0.00030396,2.34142509,2.44E-05
0.000304,2.288803962,0.000741344
0.00030404,2.25292592,-0.001090926
0.00030408,2.214656009,-0.001011262
0.00030412,2.170007779,-0.000612942
0.00030416,2.118183941,-0.00117059
0.0003042,2.075927581,-0.000612942
0.00030424,2.020914584,-0.001409582
0.00030428,1.989022991,2.44E-05
0.00030432,1.94836121,-0.001409582
0.00030436,1.903712981,-0.000453615
0.0003044,1.858267461,-0.00117059
0.00030444,1.81680839,-0.001250254
0.00030448,1.783322218,-0.002206221
0.00030452,1.725120062,-0.001329918
0.00030456,1.68844473,-0.001568909
0.0003046,1.650972109,-0.001011262
0.00030464,1.617485936,-0.00117059
0.00030468,1.580810605,-0.001568909
0.00030472,1.539351534,-0.001250254
0.00030476,1.498689754,-0.001489245
0.0003048,1.46998732,-0.001329918
0.00030484,1.448460495,-0.001409582
0.00030488,1.403812265,-0.001329918
0.00030492,1.372717963,-0.001728237
0.00030496,1.352785717,-0.001489245
0.000305,1.311326647,-0.001250254
0.00030504,1.29777272,-0.002763868
0.00030508,1.268272997,-0.001011262
0.00030512,1.247543461,-0.001967229
0.00030516,1.235584114,-0.001489245
0.0003052,1.216449158,-0.002285884
0.00030524,1.190935884,-0.002365548
0.00030528,1.184557566,-0.001409582
0.00030532,1.176584668,-0.002126557
0.00030536,1.152665973,-0.001329918
0.0003054,1.147084944,-0.00077227
0.00030544,1.146287655,-0.002365548
0.00030548,1.149476814,-0.001090926
0.00030552,1.16701719,-0.002046893
0.00030556,1.190935884,-0.002126557
0.0003056,1.217246448,-0.001807901
0.00030564,1.247543461,-0.001090926
0.00030568,1.312921226,-0.002206221
0.00030572,1.355974876,-0.002763868
0.00030576,1.417366192,-0.001648573
0.0003058,1.485933117,-0.002206221
0.00030584,1.5576892,-0.001568909
0.00030588,1.627053414,-0.001967229
0.00030592,1.706782396,-0.001250254
0.00030596,1.787308667,-0.001807901
0.000306,1.855875592,-0.001728237
0.00030604,1.911685879,-0.002046893
0.00030608,1.962712427,-0.000612942
0.00030612,2.006563367,2.44E-05
0.00030616,2.067157393,-0.000134959
0.0003062,2.118183941,0.00026336
0.00030624,2.153264693,-0.002126557
0.00030628,2.180372547,0.000422688
0.00030632,2.217047878,-0.001409582
0.00030636,2.242561153,-0.000214623
0.0003064,2.264885267,-0.000134959
0.00030644,2.310330787,0.000582016
0.00030648,2.33903322,2.44E-05
0.00030652,2.373316683,0.000104033
0.00030656,2.411586594,-0.000373951
0.0003066,2.441883607,-0.000214623
0.00030664,2.493707445,-0.000373951
0.00030668,2.530382776,-0.001090926
0.00030672,2.561477079,0.000422688
0.00030676,2.606125309,-0.000134959
0.0003068,2.653962698,-0.000294287
0.00030684,2.694624479,-0.000612942
0.00030688,2.728110651,0.000343024
0.00030692,2.767177852,-0.000373951
0.00030696,2.814217951,0.00026336
0.000307,2.852487862,-0.000214623
0.00030704,2.892352353,0.000183697
0.00030708,2.910690019,-0.001250254
0.00030712,2.952946379,-0.000214623
0.00030716,2.973675915,-0.000612942
0.0003072,3.011148536,-0.000692606
0.00030724,3.03825639,-0.001090926
0.00030728,3.076526301,-0.001329918
0.00030732,3.098850416,0.000502352
0.00030736,3.127552849,-0.000692606
0.0003074,3.165025471,-0.00117059
0.00030744,3.204092672,2.44E-05
0.00030748,3.231997815,-0.001250254
0.00030752,3.280632494,-0.00117059
0.00030756,3.304551188,-0.001329918
0.0003076,3.33963194,-0.000931598
0.00030764,3.38587475,-0.000931598
0.00030768,3.404212416,-0.000692606
0.00030772,3.453644384,-0.000294287
0.00030776,3.498292614,-0.000294287
0.0003078,3.530981496,-0.001250254
0.00030784,3.55968393,-0.001409582
0.00030788,3.605129449,0.00066168
0.00030792,3.64419665,-0.000612942
0.00030796,3.69123675,2.44E-05
0.000308,3.735884979,-0.000931598
0.00030804,3.77814134,-0.000931598
0.00030808,3.806046483,-0.000692606
0.00030812,3.857073031,-0.000931598
0.00030816,3.901721261,-0.000851934
0.0003082,3.941585752,-0.000533279
0.00030824,3.982247533,-0.000373951
0.00030828,4.032476791,2.44E-05
0.00030832,4.062773804,-0.000214623
0.00030836,4.103435585,-0.000373951
0.0003084,4.140908206,0.00026336
0.00030844,4.183961856,-0.000294287
0.00030848,4.230204666,-0.001011262
0.00030852,4.272461026,-0.000931598
0.00030856,4.305947198,-0.001329918
0.0003086,4.350595428,-0.001409582
0.00030864,4.388865339,-0.000612942
0.00030868,4.4311217,-0.000612942
0.00030872,4.483742827,0.000183697
0.00030876,4.521215449,-0.001409582
0.0003088,4.55868807,0.000422688
0.00030884,4.600147141,-0.000453615
0.00030888,4.636025182,-0.000134959
0.00030892,4.660741167,-0.00077227
0.00030896,4.708578556,-0.000453615
0.000309,4.770767161,0.00026336
0.00030904,4.795483146,-0.000533279
0.00030908,4.824982869,-0.000453615
0.00030912,4.874414838,2.44E-05
0.00030916,4.916671198,-0.001409582
0.0003092,4.954143819,-0.000931598
0.00030924,4.99560289,-0.000612942
0.00030928,5.04025112,-0.001489245
0.00030932,5.076129161,-0.001011262
0.00030936,5.12396655,-0.000453615
0.0003094,5.156655433,2.44E-05
0.00030944,5.196519924,-0.000214623
0.00030948,5.231600676,-0.000294287
0.00030952,5.274654326,-0.000214623
0.00030956,5.315316106,0.000900672
0.0003096,5.351194148,-0.000851934
0.00030964,5.396639668,0.000422688
0.00030968,5.42853126,0.00026336
0.00030972,5.47477407,-0.001250254
0.00030976,5.512246691,-0.000453615
0.0003098,5.551313892,-0.000612942
0.00030984,5.595962122,0.001378655
0.00030988,5.631042874,-0.000134959
0.00030992,5.667718205,0.000104033
0.00030996,5.707582696,0.000104033
0.00031,5.753028216,0.000980336
0.00031004,5.793689996,0.000900672
0.00031008,5.834351777,0.00066168
0.00031012,5.867837949,0.000104033
0.00031016,5.91009431,0.000502352
0.0003102,5.944377772,-0.000612942
0.00031024,5.989026001,2.44E-05
0.00031028,6.027295913,-0.000134959
0.00031032,6.054403766,0.000422688
0.00031036,6.095065547,0.000104033
0.0003104,6.142105646,-0.000692606
0.00031044,6.185956586,0.000900672
0.00031048,6.227415657,-0.000134959
0.00031052,6.262496409,0.001139663
0.00031056,6.307144638,-0.000612942
0.0003106,6.350995578,0.000343024
0.00031064,6.3884682,-0.000453615
0.00031068,6.417967923,0.001219327
0.00031072,6.455440544,-0.000612942
0.00031076,6.506467092,-0.000373951
0.0003108,6.535169526,-0.000851934
0.00031084,6.567858408,0.000582016
0.00031088,6.612506638,0.000821008
0.00031092,6.64918197,-0.000453615
0.00031096,6.683465432,0.000343024
0.000311,6.721735343,0.000343024
0.00031104,6.767978152,-0.00077227
0.00031108,6.809437223,0.000582016
0.00031112,6.853288163,-0.000294287
0.00031116,6.886774335,-0.000612942
0.0003112,6.930625275,0.00066168
0.00031124,6.969692476,-0.000453615
0.00031128,7.013543416,2.44E-05
0.00031132,7.060583515,0.000980336
0.00031136,7.098056136,-0.000134959
0.0003114,7.142704366,0.000502352
0.00031144,7.178582408,-0.000612942
0.00031148,7.216055029,0.000502352
0.00031152,7.251135781,0.000183697
0.00031156,7.30056775,0.001936302
0.0003116,7.325283734,2.44E-05
0.00031164,7.362756356,2.44E-05
0.00031168,7.408201875,-0.000134959
0.00031172,7.441688047,0.000582016
0.00031176,7.471187771,0.000741344
0.0003118,7.508660392,-0.000134959
0.00031184,7.558092361,-0.000373951
0.00031188,7.585997504,0.00026336
0.00031192,7.625861995,0.000343024
0.00031196,7.673699384,0.000741344
0.000312,7.717550324,0.000422688
0.00031204,7.754225656,0.000582016
0.00031208,7.787711828,2.44E-05
0.00031212,7.835549217,0.001219327
0.00031216,7.879400157,0.001059999
0.0003122,7.898535112,0.000183697
0.00031224,7.946372501,0.000343024
0.00031228,7.977466804,0.000980336
0.00031232,8.024506904,0.000422688
0.00031236,8.050020178,0.00066168
0.0003124,8.098654856,0.000582016
0.00031244,8.142505796,-0.000294287
0.00031248,8.174397389,0.000900672
0.00031252,8.21187001,0.000980336
0.00031256,8.246950762,-0.000134959
0.0003126,8.297180021,0.000502352
0.00031264,8.321098715,0.000821008
0.00031268,8.358571337,0.000900672
0.00031272,8.395246668,0.000582016
0.00031276,8.423949102,-0.000453615
0.0003128,8.462219013,0.000104033
0.00031284,8.512448271,-0.000612942
0.00031288,8.530785937,0.00026336
0.00031292,8.585001645,0.000582016
0.00031296,8.622474266,0.002015966
0.000313,8.64719025,0.000422688
0.00031304,8.699014088,0.000900672
0.00031308,8.733297551,0.001298991
0.00031312,8.768378303,0.001219327
0.00031316,8.810634663,0.001378655
0.0003132,8.837742517,0.001219327
0.00031324,8.879998877,0.000741344
0.00031328,8.917471498,0.001378655
0.00031332,8.958133279,0.000422688
0.00031336,8.99799777,0.001059999
0.0003134,9.033078522,0.000741344
0.00031344,9.068159274,0.001378655
0.00031348,9.095267127,0.000104033
0.00031352,9.143104516,0.001298991
0.00031356,9.177387979,0.000582016
0.0003136,9.210874151,0.000821008
0.00031364,9.240373874,-0.000214623
0.00031368,9.291400422,0.001856639
0.00031372,9.330467623,0.001219327
0.00031376,9.354386318,0.000343024
0.0003138,9.382291461,0.001059999
0.00031384,9.43172343,0.000900672
0.00031388,9.459628574,0.001059999
0.00031392,9.500290354,0.001458319
0.00031396,9.535371106,0.000183697
0.000314,9.564870829,-0.000214623
0.00031404,9.617491957,0.000900672
0.00031408,9.646194391,0.001617647
0.00031412,9.679680563,0.001059999
0.00031416,9.715558605,0.001617647
0.0003142,9.760206835,0.001537983
0.00031424,9.790503848,0.001059999
0.00031428,9.829571049,0.001617647
0.00031432,9.864651801,0.001059999
0.00031436,9.901327132,0.000582016
0.0003144,9.926043116,0.000980336
0.00031444,9.964313028,0.000422688
0.00031448,9.99620462,-0.000214623
0.00031452,10.02012331,0.001378655
0.00031456,10.05839323,-0.000134959
0.0003146,10.07035257,0.000422688
0.00031464,10.12058183,2.44E-05
0.00031468,10.16921651,0.001856639
0.00031472,10.1859596,0.000422688
0.00031476,10.21944577,0.000183697
0.0003148,10.25452652,0.001219327
0.00031484,10.27924251,0.000183697
0.00031488,10.30555307,2.44E-05
0.00031492,10.33903924,0.000900672
0.00031496,10.36534981,0.002175294
0.000315,10.39405224,0.001298991
0.00031504,10.43311944,0.00026336
0.00031508,10.44747066,0.001219327
0.00031512,10.46341645,0.002175294
0.00031516,10.49530805,0.001537983
0.0003152,10.49690263,0.001697311
0.00031524,10.51603758,0.000980336
0.00031528,10.52560506,0.001537983
0.00031532,10.5303888,0.001697311
0.00031536,10.53596983,0.001776975
0.0003154,10.54075357,0.002175294
0.00031544,10.54474001,0.000741344
0.00031548,10.52640235,0.001298991
0.00031552,10.53995628,0.001537983
0.00031556,10.54155085,0.001856639
0.0003156,10.53357796,0.000422688
0.00031564,10.53437525,0.001776975
0.00031568,10.53995628,0.001856639
0.00031572,10.53198338,0.001617647
0.00031576,10.55271291,0.00209563
0.0003158,10.55191562,0.001139663
0.00031584,10.54952375,0.00209563
0.00031588,10.56626684,0.001537983
0.00031592,10.57025329,0.001298991
0.00031596,10.57344245,0.001617647
0.000316,10.58380722,0.000821008
0.00031604,10.59098282,0.001059999
0.00031608,10.57982077,-0.000134959
0.00031612,10.58460451,0.001697311
0.00031616,10.59417198,0.001298991
0.0003162,10.58061806,0.001617647
0.00031624,10.5774289,0.00066168
0.00031628,10.56865871,0.000980336
0.00031632,10.55669936,0.000821008
0.00031636,10.5614831,0.001219327
0.0003164,10.54952375,0.001697311
0.00031644,10.54394272,0.001776975
0.00031648,10.53437525,0.001617647
0.00031652,10.54792917,0.001139663
0.00031656,10.53278067,0.00209563
0.0003166,10.52959151,0.002414286
0.00031664,10.53357796,0.000343024
0.00031668,10.52082132,0.000980336
0.00031672,10.51205113,0.000821008
0.00031676,10.51922674,0.001458319
0.0003168,10.51763216,0.000980336
0.00031684,10.4984972,0.001219327
0.00031688,10.49610534,0.000582016
0.00031692,10.47936225,0.00066168
0.00031696,10.46341645,0.00066168
0.000317,10.44747066,0.001537983
0.00031704,10.43870047,0.001219327
0.00031708,10.40361972,0.000980336
0.00031712,10.35737691,0.00066168
0.00031716,10.33186363,0.001219327
0.0003172,10.28482353,0.001219327
0.00031724,10.23858072,0.000343024
0.00031728,10.17320296,-0.000294287
0.00031732,10.11101435,0.000821008
0.00031736,10.05201491,0.000980336
0.0003174,9.992218171,0.00066168
0.00031744,9.938002464,0.000502352
0.00031748,9.879003017,0.00066168
0.00031752,9.82319273,0.00026336
0.00031756,9.7785445,-0.000373951
0.0003176,9.740274589,0.000900672
0.00031764,9.699612808,0.001776975
0.00031768,9.669315795,0.001298991
0.00031772,9.641410652,0.001537983
0.00031776,9.611910929,0.002015966
0.0003178,9.575235597,0.001378655
0.00031784,9.532181947,0.000900672
0.00031788,9.52101989,0.001139663
0.00031792,9.487533717,0.000422688
0.00031796,9.453250255,0.001219327
0.000318,9.427736981,0.001219327
0.00031804,9.39026436,0.000821008
0.00031808,9.348805289,0.000741344
0.00031812,9.313724537,0.000582016
0.00031816,9.25950883,0.000980336
0.0003182,9.211671441,0.001537983
0.00031824,9.184563587,0.001697311
0.00031828,9.139118067,0.001059999
0.00031832,9.089686099,0.000980336
0.00031836,9.049821608,0.001378655
0.0003184,9.017930015,0.000502352
0.00031844,8.961322438,0.001697311
0.00031848,8.925444396,0.001139663
0.00031852,8.885579906,-0.000373951
0.00031856,8.839337096,0.001617647
0.0003186,8.814621112,0.000900672
0.00031864,8.78033765,0.001139663
0.00031868,8.747648767,0.000900672
0.00031872,8.710973436,0.001219327
0.00031876,8.674298104,0.001059999
0.0003188,8.632041744,0.001219327
0.00031884,8.587393514,0.001537983
0.00031888,8.551515472,0.00026336
0.00031892,8.509259112,2.44E-05
0.00031896,8.470989201,0.000821008
0.000319,8.451854245,0.000104033
0.00031904,8.400827697,0.000821008
0.00031908,8.368936104,0.000343024
0.00031912,8.328274324,0.000502352
0.00031916,8.290801702,0.000104033
0.0003192,8.242167023,0.000980336
0.00031924,8.21187001,0.000502352
0.00031928,8.175194679,-0.000692606
0.00031932,8.12576271,0.000183697
0.00031936,8.087492799,-0.000612942
0.0003194,8.049222888,-0.000214623
0.00031944,8.004574658,0.001458319
0.00031948,7.972683065,0.001059999
0.00031952,7.931223995,0.000821008
0.00031956,7.889764924,0.00066168
0.0003196,7.849103144,0.000502352
0.00031964,7.811630522,0.00026336
0.00031968,7.772563321,2.44E-05
0.00031972,7.723928643,0.00066168
0.00031976,7.699212658,0.000821008
0.0003198,7.644996951,0.00066168
0.00031984,7.615497228,-0.000214623
0.00031988,7.570051708,0.000343024
0.00031992,7.530187217,-0.000373951
0.00031996,7.499092914,-0.000134959
0.00032,7.445674497,-0.000294287
0.00032004,7.412985614,0.001139663
0.00032008,7.377904862,0.00066168
0.00032012,7.332459343,2.44E-05
0.00032016,7.29897317,0.00066168
0.0003202,7.251135781,0.000502352
0.00032024,7.223230638,0.000582016
0.00032028,7.187352596,0.000502352
0.00032032,7.139515207,0.000582016
0.00032036,7.112407353,-0.000294287
0.0003204,7.057394356,0.000183697
0.00032044,7.035070241,0.000502352
0.00032048,6.99520575,-0.000373951
0.00032052,6.942584622,-0.000373951
0.00032056,6.90830116,-0.001011262
0.0003206,6.874017698,0.000104033
0.00032064,6.842126105,-0.000851934
0.00032068,6.802261614,2.44E-05
0.00032072,6.746451327,-0.000373951
0.00032076,6.707384126,-0.000134959
0.0003208,6.674695244,0.000900672
0.00032084,6.636425333,-0.000214623
0.00032088,6.581412335,-0.001090926
0.00032092,6.537561395,0.00066168
0.00032096,6.508858962,-0.001409582
0.000321,6.467399891,0.000582016
0.00032104,6.419562502,-0.000294287
0.00032108,6.3884682,-0.000134959
0.00032112,6.346211839,-0.000214623
0.00032116,6.306347348,-0.000612942
0.0003212,6.266482858,0.00026336
0.00032124,6.217848179,-0.000453615
0.00032128,6.189145745,-0.000453615
0.00032132,6.150875834,0.000343024
0.00032136,6.112605923,-0.000214623
0.0003214,6.073538722,-0.000612942
0.00032144,6.027295913,-0.000214623
0.00032148,5.988228712,0.000183697
0.00032152,5.941985902,0.000343024
0.00032156,5.916472628,0.000422688
0.0003216,5.880594586,-0.000851934
0.00032164,5.835946357,0.000343024
0.00032168,5.804054764,0.00026336
0.00032172,5.764190273,-0.000134959
0.00032176,5.713961015,-0.000533279
0.0003218,5.684461291,-0.000533279
0.00032184,5.644596801,0.000502352
0.00032188,5.6055296,0.001139663
0.00032192,5.55928679,0.000422688
0.00032196,5.529787067,-0.00077227
0.000322,5.481152388,2.44E-05
0.00032204,5.445274346,0.00026336
0.00032208,5.402220696,0.000741344
0.00032212,5.363950785,-0.000692606
0.00032216,5.322491715,0.000183697
0.0003222,5.277046195,-0.000134959
0.00032224,5.241168153,-0.000533279
0.00032228,5.188547025,-0.001090926
0.00032232,5.171803939,-0.000134959
0.00032236,5.113601783,-0.001090926
0.0003224,5.070548133,-0.00077227
0.00032244,5.03945383,-0.000453615
0.00032248,4.999589339,-0.000612942
0.00032252,4.958927558,2.44E-05
0.00032256,4.915076618,-0.000692606
0.0003226,4.881590446,-0.000612942
0.00032264,4.842523245,-0.001011262
0.00032268,4.798672305,-0.000134959
0.00032272,4.765983423,-0.001090926
0.00032276,4.723727062,-0.000373951
0.0003228,4.681470702,-0.000533279
0.00032284,4.641606211,-0.000692606
0.00032288,4.583404055,0.00066168
0.00032292,4.556296201,-0.000373951
0.00032296,4.524404608,-0.000373951
0.000323,4.487729277,-0.000851934
0.00032304,4.439094598,-0.000692606
0.00032308,4.389662629,0.000104033
0.00032312,4.351392718,-0.000931598
0.00032316,4.309933647,-0.000692606
0.0003232,4.274852895,-0.000373951
0.00032324,4.226218217,0.000104033
0.00032328,4.189542885,2.44E-05
0.00032332,4.150475684,-0.000453615
0.00032336,4.112205773,-0.000692606
0.0003234,4.086692499,0.00066168
0.00032344,4.03805782,2.44E-05
0.00032348,3.99340959,-0.000214623
0.00032352,3.956734259,0.000422688
0.00032356,3.919261637,0.000183697
0.0003236,3.877005277,-0.000692606
0.00032364,3.827573308,-0.000134959
0.00032368,3.798073585,-0.000134959
0.00032372,3.753425355,-0.000612942
0.00032376,3.714358154,-0.001329918
0.0003238,3.674493663,-0.002046893
0.00032384,3.641007491,0.00026336
0.00032388,3.589980943,-0.000931598
0.00032392,3.572440567,-0.000851934
0.00032396,3.520616729,-0.001568909
0.000324,3.469590181,-0.000214623
0.00032404,3.418563632,-0.001409582
0.00032408,3.387469329,-0.001329918
0.00032412,3.34202381,-0.00077227
0.00032416,3.302159319,-0.000533279
0.0003242,3.268673147,-0.001329918
0.00032424,3.220038468,-0.000851934
0.00032428,3.182565847,-0.000453615
0.00032432,3.152268834,-0.000692606
0.00032436,3.101242285,-0.000373951
0.0003244,3.066958823,-0.000692606
0.00032444,3.03506723,0.000104033
0.00032448,2.980054233,0.000104033
0.00032452,2.945770771,-0.001011262
0.00032456,2.914676468,-0.00077227
0.0003246,2.874811977,-0.000294287
0.00032464,2.82139356,-0.00077227
0.00032468,2.791096547,-0.000214623
0.00032472,2.748840186,-0.000373951
0.00032476,2.699408218,-0.000931598
0.0003248,2.664327466,0.000741344
0.00032484,2.610111758,-0.00077227
0.00032488,2.567058108,0.000821008
0.00032492,2.527990907,-0.000533279
0.00032496,2.484937257,-0.001011262
0.000325,2.443478186,0.000502352
0.00032504,2.392451638,-0.00117059
0.00032508,2.338235931,0.00026336
0.00032512,2.291195831,-0.00077227
0.00032516,2.260101529,-0.000612942
0.0003252,2.205885821,-0.001887565
0.00032524,2.160440301,-0.001409582
0.00032528,2.12376497,-0.001011262
0.00032532,2.07991403,-0.000931598
0.00032536,2.020914584,-0.000134959
0.0003254,2.002576918,-0.000931598
0.00032544,1.957928688,-0.000453615
0.00032548,1.908496719,-0.001409582
0.00032552,1.867037649,-0.001011262
0.00032556,1.823983999,-0.001807901
0.0003256,1.7769439,-0.000931598
0.00032564,1.739471278,-0.001011262
0.00032568,1.713160714,-0.001011262
0.00032572,1.656553137,-0.000851934
0.00032576,1.631837153,-0.001648573
0.0003258,1.582405184,-0.001329918
0.00032584,1.539351534,-0.001568909
0.00032588,1.507459942,-0.000692606
0.00032592,1.475568349,-0.001568909
0.00032596,1.439690307,-0.001329918
0.000326,1.407798715,-0.001409582
0.00032604,1.377501701,-0.001967229
0.00032608,1.349596558,-0.001887565
0.00032612,1.319299545,-0.001489245
0.00032616,1.311326647,-0.001090926
0.0003262,1.273056735,-0.002365548
0.00032624,1.249138041,-0.002285884
0.00032628,1.243557012,-0.001728237
0.00032632,1.20847626,-0.002126557
0.00032636,1.186949435,-0.001887565
0.0003264,1.178976537,-0.000692606
0.00032644,1.157449712,-0.001728237
0.00032648,1.151071394,-0.001329918
0.00032652,1.154260553,-0.002046893
0.00032656,1.146287655,-0.001329918
0.0003266,1.148679524,-0.002445212
0.00032664,1.1662199,-0.000373951
0.00032668,1.186949435,-0.001648573
0.00032672,1.219638318,-0.002285884
0.00032676,1.258705519,-0.001648573
0.0003268,1.299367299,-0.003162187
0.00032684,1.358366746,-0.002126557
0.00032688,1.420555352,-0.001807901
0.00032692,1.479554798,-0.000931598
0.00032696,1.551310882,-0.001728237
0.000327,1.627053414,-0.00260454
0.00032704,1.690836599,-0.002524876
0.00032708,1.749836046,-0.001648573
0.00032712,1.821592129,-0.002206221
0.00032716,1.888564474,-0.001568909
0.0003272,1.941185602,-0.001728237
0.00032724,2.008157947,-0.002046893
0.00032728,2.054400756,-0.000134959
0.00032732,2.091873377,-0.000373951
0.00032736,2.133332448,2.44E-05
0.0003274,2.16761591,-0.002126557
0.00032744,2.199507503,-0.001329918
0.00032748,2.236980124,-0.000373951
0.00032752,2.269669006,-0.001090926
0.00032756,2.299966019,-0.001409582
0.0003276,2.327073873,-0.001011262
0.00032764,2.366938364,-0.001489245
