Time (s),Channel 1 (V),Channel 2 (V)
-0.00032768,5.366680617,0.000343024
-0.00032764,5.393788471,0.001139663
-0.0003276,5.408936978,0.001458319
-0.00032756,5.401761369,0.00066168
-0.00032752,5.415315296,0.001059999
-0.00032748,5.430463803,0.000582016
-0.00032744,5.432058382,0.001856639
-0.0003274,5.447206889,0.001537983
-0.00032736,5.446409599,0.000422688
-0.00032732,5.451193338,0.000741344
-0.00032728,5.461558106,0.000104033
-0.00032724,5.459963526,0.001059999
-0.0003272,5.451990628,0.00066168
-0.00032716,5.479098482,0.000422688
-0.00032712,5.476706612,0.000980336
-0.00032708,5.4854768,0.000741344
-0.00032704,5.481490351,0.000502352
-0.000327,5.482287641,0.001856639
-0.00032696,5.493449698,0.000422688
-0.00032692,5.488665959,0.001059999
-0.00032688,5.495044278,0.001219327
-0.00032684,5.493449698,0.000343024
-0.0003268,5.495044278,0.000502352
-0.00032676,5.495044278,0.000183697
-0.00032672,5.494246988,0.000183697
-0.00032668,5.489463249,0.000104033
-0.00032664,5.494246988,0.000104033
-0.0003266,5.490260539,0.000422688
-0.00032656,5.48707138,0.000183697
-0.00032652,5.500625307,-0.000294287
-0.00032648,5.48707138,-0.000453615
-0.00032644,5.48388222,0.000343024
-0.0003264,5.491855119,0.001856639
-0.00032636,5.493449698,0.000343024
-0.00032632,5.48467951,0.000582016
-0.00032628,5.496638858,0.001139663
-0.00032624,5.479098482,0.000900672
-0.0003262,5.48707138,0.000183697
-0.00032616,5.475112032,0.000821008
-0.00032612,5.494246988,0.000741344
-0.00032608,5.470328294,0.000900672
-0.00032604,5.475112032,0.000422688
-0.000326,5.480693061,0.000502352
-0.00032596,5.474314743,0.001537983
-0.00032592,5.471922873,0.000980336
-0.00032588,5.471125583,0.000502352
-0.00032584,5.462355395,0.001059999
-0.0003258,5.459166236,0.00066168
-0.00032576,5.455977077,0.00066168
-0.00032572,5.450396048,0.001139663
-0.00032568,5.44322044,0.001298991
-0.00032564,5.44082857,0.001298991
-0.0003256,5.432855672,0.001458319
-0.00032556,5.413720717,0.000104033
-0.00032552,5.385018283,0.000582016
-0.00032548,5.377045385,0.000821008
-0.00032544,5.364288748,-0.000453615
-0.0003254,5.346748372,0.000900672
-0.00032536,5.319640518,0.000741344
-0.00032532,5.299708273,0.000741344
-0.00032528,5.286154346,0.001617647
-0.00032524,5.260641072,0.001697311
-0.0003252,5.235127798,0.001298991
-0.00032516,5.215992842,0.001537983
-0.00032512,5.196857886,0.000900672
-0.00032508,5.164966294,0.001378655
-0.00032504,5.148223208,0.001378655
-0.000325,5.133074701,0.002175294
-0.00032496,5.101980398,0.000582016
-0.00032492,5.086034602,-0.000134959
-0.00032488,5.061318618,0.001697311
-0.00032484,5.038994503,0.00066168
-0.0003248,5.019062257,0.001697311
-0.00032476,5.010292069,0.001139663
-0.00032472,4.979995056,0.001139663
-0.00032468,4.96245468,0.001617647
-0.00032464,4.939333276,0.000821008
-0.0003246,4.917009161,0.00026336
-0.00032456,4.897076915,0.00026336
-0.00032452,4.880333829,0.001537983
-0.00032448,4.849239526,-0.000134959
-0.00032444,4.830901861,0.001219327
-0.0003244,4.820537093,0.001219327
-0.00032436,4.792631949,0.000502352
-0.00032432,4.763929516,-0.000214623
-0.00032428,4.748781009,0.000582016
-0.00032424,4.739213532,0.000741344
-0.0003242,4.714497547,0.000582016
-0.00032416,4.692970722,-0.000214623
-0.00032412,4.674633056,-0.000533279
-0.00032408,4.645133333,0.00066168
-0.00032404,4.629187537,0.000741344
-0.000324,4.611647161,0.00066168
-0.00032396,4.582944728,2.44E-05
-0.00032392,4.57417454,0.001059999
-0.00032388,4.560620613,2.44E-05
-0.00032384,4.52793173,0.001776975
-0.0003238,4.512783224,0.000422688
-0.00032376,4.488067239,0.000343024
-0.00032372,4.464148545,-0.000214623
-0.00032368,4.452189198,0.000900672
-0.00032364,4.432256952,0.000183697
-0.0003236,4.401959939,0.000104033
-0.00032356,4.387608722,-0.000373951
-0.00032352,4.367676477,2.44E-05
-0.00032348,4.335784884,0.000582016
-0.00032344,4.326217407,0.000343024
-0.0003234,4.3110689,-0.000214623
-0.00032336,4.279177307,0.00026336
-0.00032332,4.26881254,0.000104033
-0.00032328,4.236123657,0.001219327
-0.00032324,4.232934498,0.00026336
-0.0003232,4.201042905,0.00066168
-0.00032316,4.193867297,-0.000533279
-0.00032312,4.162772994,-0.000373951
-0.00032308,4.142043459,0.000582016
-0.00032304,4.124503083,0.001139663
-0.000323,4.106165417,0.00066168
-0.00032296,4.085435882,-0.000533279
-0.00032292,4.067895506,0.000183697
-0.00032288,4.05115242,0.000582016
-0.00032284,4.016868958,0.000582016
-0.0003228,4.011287929,0.000582016
-0.00032276,3.998531292,0.001617647
-0.00032272,3.96185596,0.000502352
-0.00032268,3.947504744,0.00066168
-0.00032264,3.92119418,0.000582016
-0.0003226,3.901261934,-0.000453615
-0.00032256,3.886910718,0.001059999
-0.00032252,3.856613704,0.000183697
-0.00032248,3.8334923,0.001298991
-0.00032244,3.820735663,0.00026336
-0.0003224,3.800006128,0.000343024
-0.00032236,3.769709114,0.00066168
-0.00032232,3.760938926,0.000582016
-0.00032228,3.737020232,-0.000373951
-0.00032224,3.714696117,-0.000134959
-0.0003222,3.699547611,0.000183697
-0.00032216,3.674034336,0.001059999
-0.00032212,3.647723773,0.000741344
-0.00032208,3.628588817,0.000900672
-0.00032204,3.599886384,0.00066168
-0.000322,3.589521616,0.001059999
-0.00032196,3.557630023,0.00066168
-0.00032192,3.556832733,0.000582016
-0.00032188,3.522549271,-0.000134959
-0.00032184,3.506603475,0.00066168
-0.0003218,3.481887491,0.000183697
-0.00032176,3.473117303,-0.000214623
-0.00032172,3.43963113,0.000980336
-0.00032168,3.421293465,0.000502352
-0.00032164,3.394185611,-0.000533279
-0.0003216,3.379037104,-0.000373951
-0.00032156,3.3559157,-0.00077227
-0.00032152,3.341564483,-0.000134959
-0.00032148,3.321632237,0.000821008
-0.00032144,3.305686441,0.000183697
-0.0003214,3.280970457,-0.000134959
-0.00032136,3.264227371,0.001298991
-0.00032132,3.238714097,0.000104033
-0.00032128,3.209214373,0.000741344
-0.00032124,3.187687548,0.000741344
-0.0003212,3.161376984,0.00066168
-0.00032116,3.149417637,0.00026336
-0.00032112,3.134269131,-0.000294287
-0.00032108,3.110350436,-0.000453615
-0.00032104,3.086431742,0.00066168
-0.000321,3.073675104,-0.000612942
-0.00032096,3.041783512,-0.00077227
-0.00032092,3.028229585,-0.000294287
-0.00032088,3.011486499,-0.001090926
-0.00032084,2.985973225,2.44E-05
-0.0003208,2.969230138,-0.000214623
-0.00032076,2.937338546,-0.000373951
-0.00032072,2.911027982,-0.000214623
-0.00032068,2.906244243,0.000183697
-0.00032064,2.87674452,-0.001011262
-0.0003206,2.857609564,-0.000453615
-0.00032056,2.831299,-0.001090926
-0.00032052,2.816947783,-0.001090926
-0.00032048,2.785056191,2.44E-05
-0.00032044,2.777083293,-0.000453615
-0.0003204,2.749975439,0.000422688
-0.00032036,2.741205251,-0.001090926
-0.00032032,2.719678426,-0.00077227
-0.00032028,2.692570572,-0.000373951
-0.00032024,2.669449167,0.00026336
-0.0003202,2.663070849,-0.000453615
-0.00032016,2.637557575,0.000183697
-0.00032012,2.61443617,-0.000373951
-0.00032008,2.589720186,-0.000453615
-0.00032004,2.567396071,-0.000533279
-0.00032,2.545869246,-0.000612942
-0.00031996,2.525937,0.000104033
-0.00031992,2.515572233,-0.000373951
-0.00031988,2.48368064,0.00066168
-0.00031984,2.465342974,0.000104033
-0.0003198,2.443816149,0.000980336
-0.00031976,2.419897455,0.00026336
-0.00031972,2.389600442,0.001219327
-0.00031968,2.390397732,0.000183697
-0.00031964,2.360898008,0.00066168
-0.0003196,2.325019967,-0.000373951
-0.00031956,2.30907417,-0.000134959
-0.00031952,2.296317533,0.000183697
-0.00031948,2.271601549,0.00026336
-0.00031944,2.256453042,-0.000294287
-0.0003194,2.229345189,0.000502352
-0.00031936,2.207021074,-0.00077227
-0.00031932,2.187088828,0.000104033
-0.00031928,2.166359293,0.000741344
-0.00031924,2.144035178,-0.000214623
-0.0003192,2.132075831,-0.000214623
-0.00031916,2.103373398,-0.000612942
-0.00031912,2.086630311,0.000582016
-0.00031908,2.068292646,0.000502352
-0.00031904,2.037995633,0.000343024
-0.000319,2.019657967,0.000104033
-0.00031896,1.994941982,2.44E-05
-0.00031892,1.981388056,0.001537983
-0.00031888,1.969428708,0.000343024
-0.00031884,1.943118144,0.000741344
-0.0003188,1.925577768,0.000183697
-0.00031876,1.897672625,-0.000214623
-0.00031872,1.877740379,0.001059999
-0.00031868,1.855416265,0.001458319
-0.00031864,1.834686729,0.000582016
-0.0003186,1.806781586,-0.000453615
-0.00031856,1.798011398,-0.000134959
-0.00031852,1.771700834,-0.000851934
-0.00031848,1.756552327,0.000422688
-0.00031844,1.723066155,0.001139663
-0.0003184,1.707120359,0.000422688
-0.00031836,1.687985403,-0.000931598
-0.00031832,1.677620635,-0.000692606
-0.00031828,1.636161565,0.00066168
-0.00031824,1.621810348,-0.000533279
-0.0003182,1.603472682,0.000343024
-0.00031816,1.585932306,-0.000214623
-0.00031812,1.553243424,-0.00077227
-0.00031808,1.547662395,-0.001090926
-0.00031804,1.520554541,0.000104033
-0.000318,1.497433137,-0.000134959
-0.00031796,1.474311732,-0.000612942
-0.00031792,1.455974066,-0.000134959
-0.00031788,1.431258082,-0.000612942
-0.00031784,1.424082474,-0.000214623
-0.0003178,1.3985692,-0.001409582
-0.00031776,1.377042374,-0.000851934
-0.00031772,1.350731811,-0.000931598
-0.00031768,1.337975173,-0.000214623
-0.00031764,1.316448348,-0.000294287
-0.0003176,1.299705262,0.000900672
-0.00031756,1.277381147,-0.000214623
-0.00031752,1.255854322,0.000343024
-0.00031748,1.234327497,-0.00077227
-0.00031744,1.226354599,0.000582016
-0.0003174,1.196854876,2.44E-05
-0.00031736,1.173733471,0.000821008
-0.00031732,1.159382255,-0.000294287
-0.00031728,1.129882531,-0.000533279
-0.00031724,1.108355706,0.00026336
-0.0003172,1.103571967,0.000343024
-0.00031716,1.076464114,-0.00077227
-0.00031712,1.05015355,0.000582016
-0.00031708,1.035005043,0.000104033
-0.00031704,1.018261957,-0.000134959
-0.000317,0.989559524,-0.001090926
-0.00031696,0.979194756,-0.000373951
-0.00031692,0.957667931,-0.000214623
-0.00031688,0.935343816,-0.001090926
-0.00031684,0.913816991,0.000502352
-0.0003168,0.896276615,-0.00117059
-0.00031676,0.881128108,0.000582016
-0.00031672,0.8739525,0.000343024
-0.00031668,0.854817545,-0.00117059
-0.00031664,0.83169614,-0.001329918
-0.0003166,0.822925952,0.00026336
-0.00031656,0.810966605,-0.000294287
-0.00031652,0.790237069,-0.001250254
-0.00031648,0.769507534,0.000183697
-0.00031644,0.760737346,-0.000294287
-0.0003164,0.74558884,-0.000931598
-0.00031636,0.732034913,-0.000533279
-0.00031632,0.728048464,0.00026336
-0.00031628,0.708116218,-0.001409582
-0.00031624,0.69934603,-0.000851934
-0.0003162,0.689778552,-0.000294287
-0.00031616,0.684197524,-0.000692606
-0.00031612,0.677819205,-0.000134959
-0.00031608,0.680211075,0.001139663
-0.00031604,0.672238176,-0.001887565
-0.000316,0.677021915,2.44E-05
-0.00031596,0.688981263,-0.000294287
-0.00031592,0.70094061,-0.000373951
-0.00031588,0.692967712,-0.000373951
-0.00031584,0.714494537,-0.000373951
-0.0003158,0.721670145,-0.00077227
-0.00031576,0.733629492,0.000183697
-0.00031572,0.757548187,0.000900672
-0.00031568,0.768710244,0.000741344
-0.00031564,0.779872302,0.000183697
-0.0003156,0.797412678,0.00026336
-0.00031556,0.819736793,0.00026336
-0.00031552,0.83089885,0.00026336
-0.00031548,0.849236516,0.000104033
-0.00031544,0.862790443,-0.001011262
-0.0003154,0.871560631,-0.000294287
-0.00031536,0.897073905,-0.000453615
-0.00031532,0.921789889,-0.001568909
-0.00031528,0.946505873,0.000104033
-0.00031524,0.96245167,0.000741344
-0.0003152,0.976005597,0.000422688
-0.00031516,0.995937842,-0.000533279
-0.00031512,1.030221304,0.000343024
-0.00031508,1.042180651,-0.000373951
-0.00031504,1.072477664,-0.001011262
-0.000315,1.09161262,0.000183697
-0.00031496,1.110747576,0.000422688
-0.00031492,1.129882531,-0.000134959
-0.00031488,1.149814777,-0.000612942
-0.00031484,1.171341602,2.44E-05
-0.0003148,1.184098239,-0.001090926
-0.00031476,1.207219644,-0.000294287
-0.00031472,1.239111236,-0.000931598
-0.00031468,1.254259743,-0.000851934
-0.00031464,1.274989278,-0.001250254
-0.0003146,1.302097132,2.44E-05
-0.00031456,1.329204985,-0.001011262
-0.00031452,1.339569753,-0.000294287
-0.00031448,1.363488448,-0.001011262
-0.00031444,1.388204432,-0.000692606
-0.0003144,1.402555649,0.000343024
-0.00031436,1.434447241,-0.000214623
-0.00031432,1.448798458,0.000821008
-0.00031428,1.487865659,0.000422688
-0.00031424,1.507000615,0.000741344
-0.0003142,1.529324729,0.000741344
-0.00031416,1.545270526,0.000741344
-0.00031412,1.576364829,-0.000134959
-0.00031408,1.592310625,-0.000453615
-0.00031404,1.609851001,2.44E-05
-0.000314,1.632972406,0.00026336
-0.00031396,1.665661288,-0.000612942
-0.00031392,1.681607084,-0.000931598
-0.00031388,1.687985403,0.000502352
-0.00031384,1.723863445,0.000343024
-0.0003138,1.750174009,0.000104033
-0.00031376,1.776484573,-0.000214623
-0.00031372,1.78844392,0.000582016
-0.00031368,1.806781586,-0.000851934
-0.00031364,1.845051497,0.001298991
-0.0003136,1.868970191,-0.001489245
-0.00031356,1.881726828,0.001458319
-0.00031352,1.884118698,0.001298991
-0.00031348,1.927172348,0.000183697
-0.00031344,1.939928985,0.000104033
-0.0003134,1.9622531,0.00066168
-0.00031336,1.969428708,0.000422688
-0.00031332,1.998928432,0.000104033
-0.00031328,2.020455257,-0.000533279
-0.00031324,2.058725168,-0.000294287
-0.0003132,2.066698066,-0.000851934
-0.00031316,2.089819471,0.000821008
-0.00031312,2.128089382,0.001298991
-0.00031308,2.130481251,0.000422688
-0.00031304,2.159980974,0.000104033
-0.000313,2.171940322,0.00026336
-0.00031296,2.200642755,-0.000373951
-0.00031292,2.209412943,-0.000294287
-0.00031288,2.237318087,0.000183697
-0.00031284,2.261236781,0.00026336
-0.0003128,2.279574447,0.000741344
-0.00031276,2.30987146,0.000422688
-0.00031272,2.321033517,0.000183697
-0.00031268,2.345749502,0.000980336
-0.00031264,2.373654645,0.001139663
-0.0003126,2.390397732,0.000582016
-0.00031256,2.407938107,0.000900672
-0.00031252,2.430262222,0.000582016
-0.00031248,2.456572786,0.001059999
-0.00031244,2.465342974,0.001139663
-0.0003124,2.494842698,0.00026336
-0.00031236,2.520355972,0.000502352
-0.00031232,2.539490927,0.000343024
-0.00031228,2.550652985,0.001378655
-0.00031224,2.56978794,0.000183697
-0.0003122,2.600882243,-0.000294287
-0.00031216,2.620017199,0.000422688
-0.00031212,2.647922342,0.000821008
-0.00031208,2.654300661,0.000741344
-0.00031204,2.681408515,2.44E-05
-0.000312,2.705327209,-0.000294287
-0.00031196,2.714097397,0.000741344
-0.00031192,2.738016092,0.000980336
-0.00031188,2.773894133,0.000582016
-0.00031184,2.779475162,-0.000134959
-0.0003118,2.799407408,0.000582016
-0.00031176,2.824123392,0.001537983
-0.00031172,2.840069188,0.001059999
-0.00031168,2.867974332,0.001458319
-0.00031164,2.899068635,0.000343024
-0.0003116,2.914217141,0.000183697
-0.00031156,2.916609011,0.000183697
-0.00031152,2.950892473,0.00026336
-0.00031148,2.959662661,-0.000294287
-0.00031144,2.995540702,-0.000294287
-0.0003114,2.997135282,0.000422688
-0.00031136,3.036202483,0.001139663
-0.00031132,3.053742859,0.000900672
-0.00031128,3.079256133,-0.000214623
-0.00031124,3.103174828,-0.000373951
-0.0003112,3.122309783,-0.001250254
-0.00031116,3.139052869,0.000980336
-0.00031112,3.165363433,0.00066168
-0.00031108,3.17812007,2.44E-05
-0.00031104,3.197255026,0.000104033
-0.000311,3.214795402,-0.000453615
-0.00031096,3.239511386,2.44E-05
-0.00031092,3.254659893,0.000900672
-0.00031088,3.288146065,0.00066168
-0.00031084,3.31126747,0.000502352
-0.0003108,3.314456629,0.000900672
-0.00031076,3.343956352,-0.000134959
-0.00031072,3.360699438,0.001059999
-0.00031068,3.374253365,0.001059999
-0.00031064,3.404550378,0.000422688
-0.0003106,3.426077203,-0.000692606
-0.00031056,3.445212159,0.001059999
-0.00031052,3.470725433,0.000582016
-0.00031048,3.491454968,0.00026336
-0.00031044,3.498630577,0.000183697
-0.0003104,3.534508619,0.001139663
-0.00031036,3.552048995,0.000821008
-0.00031032,3.578359558,0.00026336
-0.00031028,3.592710775,2.44E-05
-0.00031024,3.611048441,0.000582016
-0.0003102,3.632575266,0.000343024
-0.00031016,3.653304801,0.000741344
-0.00031012,3.667656018,-0.000134959
-0.00031008,3.690777423,2.44E-05
-0.00031004,3.716290697,0.000821008
-0.00031,3.74499313,0.000821008
-0.00030996,3.748182289,0.00026336
-0.00030992,3.778479302,0.000104033
-0.00030988,3.800803417,0.001139663
-0.00030984,3.818343793,-0.000294287
-0.0003098,3.835884169,-0.000931598
-0.00030976,3.859005574,0.000422688
-0.00030972,3.869370342,-0.000134959
-0.00030968,3.901261934,0.001059999
-0.00030964,3.922788759,-0.000453615
-0.0003096,3.933153527,-0.000214623
-0.00030956,3.957869511,0.000502352
-0.00030952,3.973815308,0.000502352
-0.00030948,3.998531292,0.00026336
-0.00030944,4.012085219,0.00026336
-0.0003094,4.039193073,0.001458319
-0.00030936,4.046368681,0.000104033
-0.00030932,4.067098216,0.000900672
-0.00030928,4.097395229,0.000821008
-0.00030924,4.116530185,0.000741344
-0.0003092,4.1388543,0.000821008
-0.00030916,4.158786545,0.00066168
-0.00030912,4.171543182,0.000821008
-0.00030908,4.186691689,0.000502352
-0.00030904,4.212204963,0.000821008
-0.000309,4.235326367,0.00026336
-0.00030896,4.256055903,-0.000134959
-0.00030892,4.273596279,0.000821008
-0.00030888,4.298312263,-0.000294287
-0.00030884,4.316649929,0.000502352
-0.0003088,4.334190305,0.001298991
-0.00030876,4.350136101,2.44E-05
-0.00030872,4.367676477,0.000821008
-0.00030868,4.390797882,2.44E-05
-0.00030864,4.415513866,0.000980336
-0.0003086,4.428270503,0.000900672
-0.00030856,4.445810879,-0.000134959
-0.00030852,4.465743124,0.000741344
-0.00030848,4.490459109,0.000183697
-0.00030844,4.500823876,0.000422688
-0.0003084,4.52952631,-0.000214623
-0.00030836,4.547066686,0.000183697
-0.00030832,4.567796221,0.00026336
-0.00030828,4.590917626,0.00026336
-0.00030824,4.601282393,0.000502352
-0.0003082,4.623606508,0.000183697
-0.00030816,4.638755015,0.000900672
-0.00030812,4.652308942,0.000821008
-0.00030808,4.696159882,0.000343024
-0.00030804,4.715294837,0.000980336
-0.000308,4.725659605,0.00026336
-0.00030796,4.740808111,0.000422688
-0.00030792,4.769510545,0.001139663
-0.00030788,4.771105124,-0.000373951
-0.00030784,4.800604847,0.000900672
-0.0003078,4.824523542,-0.000612942
-0.00030776,4.838077469,0.00026336
-0.00030772,4.870766351,0.00026336
-0.00030768,4.883522988,0.000422688
-0.00030764,4.897076915,0.000821008
-0.0003076,4.905049813,0.000821008
-0.00030756,4.940130565,0.000422688
-0.00030752,4.960062811,0.001298991
-0.00030748,4.96484655,0.000741344
-0.00030744,4.983184216,0.001936302
-0.0003074,5.009494779,0.001378655
-0.00030736,5.018264967,0.000502352
-0.00030732,5.046967401,-0.000533279
-0.00030728,5.070886095,0.001936302
-0.00030724,5.082845443,0.000900672
-0.0003072,5.09241292,0.001219327
-0.00030716,5.128290962,0.000900672
-0.00030712,5.120318064,0.00066168
-0.00030708,5.158587975,0.002015966
-0.00030704,5.169750033,0.001298991
-0.000307,5.185695829,0.001298991
-0.00030696,5.213600973,0.001139663
-0.00030692,5.22316845,0.000821008
-0.00030688,5.241506116,0.000980336
-0.00030684,5.255857333,0.000821008
-0.0003068,5.274992288,0.002175294
-0.00030676,5.286951636,0.000741344
-0.00030672,5.302897432,0.001537983
-0.00030668,5.328410706,0.000582016
-0.00030664,5.348342952,0.001139663
-0.0003066,5.35392398,0.000582016
-0.00030656,5.382626414,0.000980336
-0.00030652,5.381829124,0.001139663
-0.00030648,5.385815573,0.000343024
-0.00030644,5.412126137,0.001936302
-0.0003064,5.418504455,0.001378655
-0.00030636,5.423288194,0.000821008
-0.00030632,5.429666513,0.001697311
-0.00030628,5.438436701,0.001219327
-0.00030624,5.44322044,0.000741344
-0.0003062,5.462355395,0.001458319
-0.00030616,5.455179787,0.000980336
-0.00030612,5.453585207,0.00066168
-0.00030608,5.461558106,0.000980336
-0.00030604,5.467936424,0.000502352
-0.000306,5.472720163,0.000741344
-0.00030596,5.480693061,0.000980336
-0.00030592,5.480693061,0.000821008
-0.00030588,5.475909322,0.000900672
-0.00030584,5.483084931,0.000980336
-0.0003058,5.48786867,0.000980336
-0.00030576,5.490260539,0.000741344
-0.00030572,5.491057829,0.000900672
-0.00030568,5.503814466,0.000900672
-0.00030564,5.494246988,0.001458319
-0.0003056,5.503814466,0.001458319
-0.00030556,5.495044278,0.000422688
-0.00030552,5.490260539,0.001059999
-0.00030548,5.494246988,0.001219327
-0.00030544,5.497436147,0.000183697
-0.0003054,5.502219886,-0.000453615
-0.00030536,5.490260539,-0.000134959
-0.00030532,5.492652408,0.000343024
-0.00030528,5.489463249,-0.000294287
-0.00030524,5.493449698,0.000183697
-0.0003052,5.501422596,0.000502352
-0.00030516,5.489463249,0.001219327
-0.00030512,5.48627409,0.000343024
-0.00030508,5.494246988,0.000821008
-0.00030504,5.495044278,0.000502352
-0.000305,5.48786867,0.001378655
-0.00030496,5.488665959,0.000502352
-0.00030492,5.4854768,0.00209563
-0.00030488,5.48627409,0.000821008
-0.00030484,5.481490351,0.001298991
-0.0003048,5.475112032,0.000422688
-0.00030476,5.473517453,0.001139663
-0.00030472,5.469531004,0.001059999
-0.00030468,5.474314743,0.000741344
-0.00030464,5.461558106,0.000821008
-0.0003046,5.462355395,0.00066168
-0.00030456,5.458368946,0.000502352
-0.00030452,5.436842121,0.001219327
-0.00030448,5.436044831,0.001776975
-0.00030444,5.417707166,-0.000373951
-0.0003044,5.402558659,0.001059999
-0.00030436,5.389004732,2.44E-05
-0.00030432,5.386612863,0.000980336
-0.00030428,5.351532111,0.000183697
-0.00030424,5.340370053,0.000343024
-0.0003042,5.324424257,0.001059999
-0.00030416,5.296519114,-0.000294287
-0.00030412,5.271005839,0.001298991
-0.00030408,5.259843782,0.000502352
-0.00030404,5.234330508,0.000183697
-0.000304,5.211209103,0.001697311
-0.00030396,5.188087698,0.001059999
-0.00030392,5.156993396,-0.00077227
-0.00030388,5.150615077,0.00066168
-0.00030384,5.125899093,0.000183697
-0.0003038,5.108358717,0.000980336
-0.00030376,5.069291516,0.001378655
-0.00030372,5.058129458,0.001856639
-0.00030368,5.038994503,0.001059999
-0.00030364,5.025440576,0.000422688
-0.0003036,4.990359824,0.000980336
-0.00030356,4.978400477,0.000422688
-0.00030352,4.946508884,0.000980336
-0.00030348,4.933752247,0.000741344
-0.00030344,4.923387479,0.001378655
-0.0003034,4.885117568,0.000422688
-0.00030336,4.873158221,0.000900672
-0.00030332,4.846050367,0.000900672
-0.00030328,4.829307281,0.000900672
-0.00030324,4.818942513,0.000582016
-0.0003032,4.793429239,0.00066168
-0.00030316,4.766321385,0.000422688
-0.00030312,4.755159328,0.000104033
-0.00030308,4.734429793,0.000741344
-0.00030304,4.693768012,-0.000294287
-0.000303,4.696159882,0.000980336
-0.00030296,4.656295391,-0.000134959
-0.00030292,4.641944174,0.000502352
-0.00030288,4.630782117,-0.000214623
-0.00030284,4.594106785,2.44E-05
-0.0003028,4.578958278,0.000502352
-0.00030276,4.559823323,0.000741344
-0.00030272,4.556634164,0.00066168
-0.00030268,4.5303236,0.00026336
-0.00030264,4.507202195,0.001139663
-0.0003026,4.48567537,0.00026336
-0.00030256,4.464945835,0.000502352
-0.00030252,4.448202749,0.001059999
-0.00030248,4.425878634,0.001458319
-0.00030244,4.39877078,0.001298991
-0.0003024,4.374852085,0.000183697
-0.00030236,4.359703579,-0.000373951
-0.00030232,4.348541521,0.000821008
-0.00030228,4.326217407,0.000343024
-0.00030224,4.308677031,-0.000533279
-0.0003022,4.288744785,-0.000373951
-0.00030216,4.259245062,0.000821008
-0.00030212,4.251272164,2.44E-05
-0.00030208,4.213799542,0.00066168
-0.00030204,4.199448326,0.000343024
-0.000302,4.17951608,0.000422688
-0.00030196,4.164367574,0.000183697
-0.00030192,4.134070561,0.000821008
-0.00030188,4.121313924,0.000343024
-0.00030184,4.111746446,0.000343024
-0.0003018,4.070287375,2.44E-05
-0.00030176,4.054341579,0.000582016
-0.00030172,4.042382232,0.000502352
-0.00030168,4.019260827,-0.000373951
-0.00030164,3.992152973,-0.000134959
-0.0003016,3.970626148,0.001219327
-0.00030156,3.957072221,0.000900672
-0.00030152,3.925977919,0.000582016
-0.00030148,3.92039689,0.000104033
-0.00030144,3.882126979,0.000104033
-0.0003014,3.871762211,0.000821008
-0.00030136,3.847843517,0.001139663
-0.00030132,3.827113981,0.000183697
-0.00030128,3.803195287,0.000502352
-0.00030124,3.793627809,0.000900672
-0.0003012,3.776087433,-0.000533279
-0.00030116,3.748979579,-0.000612942
-0.00030112,3.731439203,0.000582016
-0.00030108,3.709115088,2.44E-05
-0.00030104,3.689980133,-0.000692606
-0.000301,3.673237047,0.001059999
-0.00030096,3.642142744,-0.000453615
-0.00030092,3.620615919,0.000821008
-0.00030088,3.608656571,0.001298991
-0.00030084,3.592710775,0.000582016
-0.0003008,3.560819182,0.00026336
-0.00030076,3.542481517,0.000821008
-0.00030072,3.524941141,0.001059999
-0.00030068,3.505806185,-0.000931598
-0.00030064,3.487468519,0.000183697
-0.0003006,3.467536274,0.00066168
-0.00030056,3.430860942,-0.000373951
-0.00030052,3.421293465,0.000183697
-0.00030048,3.39896935,0.000821008
-0.00030044,3.385415423,0.000980336
-0.0003004,3.35511841,0.000502352
-0.00030036,3.339969903,0.00066168
-0.00030032,3.320834948,-0.000214623
-0.00030028,3.303294572,0.001458319
-0.00030024,3.284956906,0.001139663
-0.0003002,3.262632791,0.000582016
-0.00030016,3.231538488,0.001537983
-0.00030012,3.226754749,0.001139663
-0.00030008,3.193268577,0.000104033
-0.00030004,3.170147172,0.000741344
-0.0003,3.151809507,-0.000134959
-0.00029996,3.13745829,-0.000533279
-0.00029992,3.110350436,-0.000612942
-0.00029988,3.090418191,0.000741344
-0.00029984,3.061715757,0.000104033
-0.0002998,3.0505537,0.000104033
-0.00029976,3.033013324,0.000343024
-0.00029972,3.002716311,0.000343024
-0.00029968,2.985973225,0.000821008
-0.00029964,2.973216588,0.000422688
-0.0002996,2.950095183,0.000422688
-0.00029956,2.910230692,0.00026336
-0.00029952,2.906244243,0.001059999
-0.00029948,2.879136389,0.000422688
-0.00029944,2.852028535,-0.001090926
-0.0002994,2.829704421,-0.000533279
-0.00029936,2.815353204,0.000343024
-0.00029932,2.791434509,0.000343024
-0.00029928,2.773096844,2.44E-05
-0.00029924,2.753164598,0.000821008
-0.0002992,2.734826932,0.000343024
-0.00029916,2.718881136,0.00026336
-0.00029912,2.697354311,-0.000134959
-0.00029908,2.674232906,-0.000373951
-0.00029904,2.654300661,0.001139663
-0.000299,2.632773836,0.000104033
-0.00029896,2.601679533,2.44E-05
-0.00029892,2.585733737,0.00026336
-0.00029888,2.568193361,0.000502352
-0.00029884,2.544274666,-0.000692606
-0.0002988,2.530720739,0.000183697
-0.00029876,2.508396624,-0.000294287
-0.00029872,2.48607251,0.000502352
-0.00029868,2.462951105,-0.000453615
-0.00029864,2.445410729,-0.000214623
-0.0002986,2.413519136,0.00026336
-0.00029856,2.394384181,0.000422688
-0.00029852,2.377641094,0.00026336
-0.00029848,2.357708849,0.000104033
-0.00029844,2.327411836,0.00066168
-0.0002984,2.313060619,0.000900672
-0.00029836,2.293128374,-0.000453615
-0.00029832,2.285155476,0.001059999
-0.00029828,2.248480144,0.00026336
-0.00029824,2.227750609,0.000582016
-0.0002982,2.205426494,0.00026336
-0.00029816,2.188683408,-0.000134959
-0.00029812,2.158386395,-0.000373951
-0.00029808,2.139251439,0.000821008
-0.00029804,2.124900223,-0.00077227
-0.000298,2.09380592,-0.001728237
-0.00029796,2.077860123,0.00026336
-0.00029792,2.063508907,2.44E-05
-0.00029788,2.044373951,-0.00077227
-0.00029784,2.014076938,0.000582016
-0.0002978,1.998131142,0.000343024
-0.00029776,1.966239549,-0.000373951
-0.00029772,1.952685622,-0.000612942
-0.00029768,1.941523565,0.000343024
-0.00029764,1.91999674,-0.000214623
-0.0002976,1.884118698,-0.000612942
-0.00029756,1.881726828,2.44E-05
-0.00029752,1.864186452,0.000502352
-0.00029748,1.835484019,0.000502352
-0.00029744,1.807578876,-0.000134959
-0.0002974,1.78605205,0.000104033
-0.00029736,1.766119805,0.000343024
-0.00029732,1.74618756,0.000502352
-0.00029728,1.734228212,0.00026336
-0.00029724,1.708714938,-0.000373951
-0.0002972,1.680809795,0.000343024
-0.00029716,1.654499231,-0.000931598
-0.00029712,1.640945304,0.000183697
-0.00029708,1.61224287,-0.000134959
-0.00029704,1.588324176,-0.000612942
-0.000297,1.579553988,-0.000294287
-0.00029696,1.553243424,-0.000373951
-0.00029692,1.541284077,-0.001011262
-0.00029688,1.510189774,-0.000612942
-0.00029684,1.48547379,-0.000453615
-0.0002968,1.477500891,-0.000294287
-0.00029676,1.460757805,-0.000373951
-0.00029672,1.422487894,-0.000533279
-0.00029668,1.418501445,-0.000692606
-0.00029664,1.39538004,-0.000134959
-0.0002966,1.366677607,-0.001648573
-0.00029656,1.35392097,-0.000453615
-0.00029652,1.332394145,-0.001090926
-0.00029648,1.311664609,-0.001568909
-0.00029644,1.282962176,0.000104033
-0.0002964,1.272597408,-0.000533279
-0.00029636,1.244692265,-0.000453615
-0.00029632,1.228746469,-0.001887565
-0.00029628,1.216787121,0.00026336
-0.00029624,1.197652166,-0.000453615
-0.0002962,1.175328051,-0.000612942
-0.00029616,1.156990385,2.44E-05
-0.00029612,1.124301503,-0.000373951
-0.00029608,1.112342155,-0.000294287
-0.00029604,1.0932072,-0.000134959
-0.000296,1.067693926,0.00066168
-0.00029596,1.054139999,-0.000453615
-0.00029592,1.037396913,-0.000851934
-0.00029588,1.008694479,-0.000612942
-0.00029584,0.982383915,-0.000851934
-0.0002958,0.971221858,-0.001090926
-0.00029576,0.948100453,0.000741344
-0.00029572,0.920195309,0.000422688
-0.00029568,0.915411571,-0.000214623
-0.00029564,0.893087456,2.44E-05
-0.0002956,0.87474979,-0.001250254
-0.00029556,0.870763341,0.000104033
-0.00029552,0.853222965,-0.000453615
-0.00029548,0.837277169,-0.000612942
-0.00029544,0.814155764,-0.000453615
-0.0002954,0.802993706,-0.000453615
-0.00029536,0.782264171,-0.000533279
-0.00029532,0.769507534,0.000502352
-0.00029528,0.757548187,-0.000134959
-0.00029524,0.74399426,-0.000533279
-0.0002952,0.722467435,0.000104033
-0.00029516,0.714494537,-0.001090926
-0.00029512,0.70014332,0.000104033
-0.00029508,0.696954161,0.000741344
-0.00029504,0.691373132,2.44E-05
-0.000295,0.688183973,0.000582016
-0.00029496,0.677021915,-0.000453615
-0.00029492,0.669049017,0.00066168
-0.00029488,0.669846307,-0.00077227
-0.00029484,0.674630046,-0.000214623
-0.0002948,0.677819205,-0.001489245
-0.00029476,0.686589393,0.00026336
-0.00029472,0.691373132,-0.001011262
-0.00029468,0.712102667,-0.001090926
-0.00029464,0.703332479,-0.002126557
-0.0002946,0.723264725,-0.000453615
-0.00029456,0.74399426,-0.000214623
-0.00029452,0.753561738,-0.000214623
-0.00029448,0.781466881,-0.001409582
-0.00029444,0.795818098,-0.001250254
-0.0002944,0.813358474,-0.000533279
-0.00029436,0.83249343,-0.000294287
-0.00029432,0.850033806,0.000422688
-0.00029428,0.8739525,-0.000134959
-0.00029424,0.883519978,-0.000373951
-0.0002942,0.904249513,-0.001011262
-0.00029416,0.910627832,-0.000612942
-0.00029412,0.943316714,0.000980336
-0.00029408,0.966438119,-0.000692606
-0.00029404,0.982383915,-0.000214623
-0.000294,1.00550532,-0.000453615
-0.00029396,1.037396913,0.000741344
-0.00029392,1.05015355,0.000343024
-0.00029388,1.067693926,0.000741344
-0.00029384,1.086828881,0.00026336
-0.0002938,1.117125894,0.000582016
-0.00029376,1.128287952,0.000183697
-0.00029372,1.155395805,0.000422688
-0.00029368,1.184895529,0.000502352
-0.00029364,1.191273847,0.000183697
-0.0002936,1.228746469,-0.000134959
-0.00029356,1.249476004,0.00026336
-0.00029352,1.247881424,-0.000373951
-0.00029348,1.279773017,-0.001887565
-0.00029344,1.30767816,2.44E-05
-0.0002934,1.317245638,-0.000533279
-0.00029336,1.337177884,0.000183697
-0.00029332,1.381028824,0.000422688
-0.00029328,1.388204432,-0.000134959
-0.00029324,1.419298735,0.000343024
-0.0002932,1.44082556,0.000422688
-0.00029316,1.448798458,-0.000931598
-0.00029312,1.4846765,0.000980336
-0.00029308,1.507000615,0.001059999
-0.00029304,1.52613557,-0.000533279
-0.000293,1.552446134,-0.000294287
-0.00029296,1.57237838,2.44E-05
-0.00029292,1.588324176,-0.000453615
-0.00029288,1.617026609,0.000343024
-0.00029284,1.639350724,0.000422688
-0.0002928,1.663269419,-0.000373951
-0.00029276,1.683201664,2.44E-05
-0.00029272,1.710309518,0.000821008
-0.00029268,1.731836343,-0.000851934
-0.00029264,1.751768588,0.000741344
-0.0002926,1.770903544,-0.000134959
-0.00029256,1.799605977,0.000343024
-0.00029252,1.819538223,0.000821008
-0.00029248,1.851429815,0.000582016
-0.00029244,1.860200003,0.001219327
-0.0002924,1.87375393,-0.000533279
-0.00029236,1.901659074,0.00066168
-0.00029232,1.925577768,0.000104033
-0.00029228,1.939928985,-0.000692606
-0.00029224,1.965442259,0.000104033
-0.0002922,1.993347403,-0.000453615
-0.00029216,2.010887779,0.001139663
-0.00029212,2.029225445,0.000582016
-0.00029208,2.059522458,0.000502352
-0.00029204,2.077860123,0.001059999
-0.000292,2.088224891,0.000183697
-0.00029196,2.121711063,0.000980336
-0.00029192,2.121711063,0.000183697
-0.00029188,2.149616207,0.000343024
-0.00029184,2.186291538,0.000582016
-0.0002918,2.194264437,0.001298991
-0.00029176,2.209412943,0.00066168
-0.00029172,2.250074724,0.003768572
-0.00029168,2.259642202,-0.000453615
-0.00029164,2.279574447,-0.00300286
-0.0002916,2.30907417,0.001617647
-0.00029156,2.328209126,0.000582016
-0.00029152,2.356114269,-0.001329918
-0.00029148,2.364884457,0.002015966
-0.00029144,2.393586891,2.44E-05
-0.0002914,2.411924557,0.001139663
-0.00029136,2.436640541,0.00066168
-0.00029132,2.454978207,0.000422688
-0.00029128,2.479694191,0.001059999
-0.00029124,2.499626436,0.001298991
-0.0002912,2.520355972,-0.00077227
-0.00029116,2.517166812,0.000900672
-0.00029112,2.562612332,0.000183697
-0.00029108,2.577760838,2.44E-05
-0.00029104,2.597693084,-0.000214623
-0.000291,2.618422619,0.000104033
-0.00029096,2.641544024,-0.000134959
-0.00029092,2.6590844,-0.000612942
-0.00029088,2.672638327,2.44E-05
-0.00029084,2.704529919,-0.001568909
-0.0002908,2.714894687,-0.000294287
-0.00029076,2.74678628,0.000183697
-0.00029072,2.770704974,-0.000134959
-0.00029068,2.777083293,-0.000294287
-0.00029064,2.812961334,-0.000134959
-0.0002906,2.824920682,2.44E-05
-0.00029056,2.851231246,-0.000134959
-0.00029052,2.865582462,0.00026336
-0.00029048,2.896676765,-0.000373951
-0.00029044,2.905446953,-0.000214623
-0.0002904,2.940527705,0.000343024
-0.00029036,2.952487052,-0.000612942
-0.00029032,2.979594906,0.000582016
-0.00029028,2.998729862,-0.000214623
-0.00029024,3.019459397,0.000422688
-0.0002902,3.047364541,0.000183697
-0.00029016,3.064107627,0.000343024
-0.00029012,3.082445292,-0.000373951
-0.00029008,3.096796509,-0.000851934
-0.00029004,3.114336885,-0.001090926
-0.00029,3.145431188,2.44E-05
-0.00028996,3.162971564,-0.000931598
-0.00028992,3.18210652,-0.001409582
-0.00028988,3.206822504,0.000104033
-0.00028984,3.217187271,-0.000134959
-0.0002898,3.245092415,2.44E-05
-0.00028976,3.26821382,0.000582016
-0.00028972,3.288943355,0.000422688
-0.00028968,3.300105412,0.000422688
-0.00028964,3.332794295,0.000502352
-0.0002896,3.347145512,0.000343024
-0.00028956,3.363091308,0.000502352
-0.00028952,3.391793741,-0.000214623
-0.00028948,3.416509726,0.000821008
-0.00028944,3.428469073,-0.000373951
-0.0002894,3.460360666,0.00026336
-0.00028936,3.48507665,-0.000533279
-0.00028932,3.495441418,0.000183697
-0.00028928,3.518562822,0.00066168
-0.00028924,3.530522169,0.001378655
-0.0002892,3.560021893,0.000582016
-0.00028916,3.577562269,0.000422688
-0.00028912,3.599089094,0.001298991
-0.00028908,3.624602368,0.001219327
-0.00028904,3.629386107,0.00066168
-0.000289,3.663669569,0.00026336
-0.00028896,3.680412655,0.000183697
-0.00028892,3.694763872,-0.000134959
-0.00028888,3.713898827,2.44E-05
-0.00028884,3.733033783,-0.000612942
-0.0002888,3.748182289,2.44E-05
-0.00028876,3.778479302,0.000502352
-0.00028872,3.798411548,0.000343024
-0.00028868,3.817546503,0.000821008
-0.00028864,3.839870618,0.000422688
-0.0002886,3.855019125,0.001139663
-0.00028856,3.867775762,-0.000294287
-0.00028852,3.910829412,0.001059999
-0.00028848,3.92119418,0.000821008
-0.00028844,3.945910164,0.000582016
-0.0002884,3.957072221,0.001378655
-0.00028836,3.974612597,0.00026336
-0.00028832,3.996139422,-0.001011262
-0.00028828,4.029625595,-0.000851934
-0.00028824,4.037598493,0.000422688
-0.0002882,4.052746999,0.000104033
-0.00028816,4.078260274,-0.000134959
-0.00028812,4.099787099,-0.000294287
-0.00028808,4.121313924,0.000183697
-0.00028804,4.149219067,-0.000294287
-0.000288,4.163570284,0.000502352
-0.00028796,4.189083558,0.000821008
-0.00028792,4.206623934,-0.000214623
-0.00028788,4.213002253,0.001219327
-0.00028784,4.241704686,0.00066168
-0.0002878,4.254461323,0.000422688
-0.00028776,4.272798989,0.000900672
-0.00028772,4.298312263,0.000900672
-0.00028768,4.319839088,0.000741344
-0.00028764,4.341365913,0.00026336
-0.0002876,4.35252797,0.00066168
-0.00028756,4.370068346,-0.000373951
-0.00028752,4.390000592,-0.000294287
-0.00028748,4.421094895,0.001298991
-0.00028744,4.445810879,0.000741344
-0.0002874,4.456972936,2.44E-05
-0.00028736,4.472918733,0.001458319
-0.00028732,4.48647266,0.001537983
-0.00028728,4.502418456,0.000343024
-0.00028724,4.538296498,0.001298991
-0.0002872,4.553445004,0.000183697
-0.00028716,4.581350148,0.001139663
-0.00028712,4.597295944,0.000104033
-0.00028708,4.618025479,0.000980336
-0.00028704,4.637957725,0.001856639
-0.000287,4.647525203,0.002015966
-0.00028696,4.66028184,0.000502352
-0.00028692,4.695362592,0.001219327
-0.00028688,4.706524649,0.000900672
-0.00028684,4.729646054,0.000741344
-0.0002868,4.751172879,0.00066168
-0.00028676,4.763929516,0.001219327
-0.00028672,4.78784821,0.001697311
-0.00028668,4.808577746,0.001139663
-0.00028664,4.826118122,0.001458319
-0.0002866,4.837280179,0.000183697
-0.00028656,4.864388033,0.000183697
-0.00028652,4.8747528,0.000741344
-0.00028648,4.897874205,0.000582016
-0.00028644,4.923387479,0.000343024
-0.0002864,4.943319725,0.001139663
-0.00028636,4.96165739,0.001139663
-0.00028632,4.979995056,0.001219327
-0.00028628,4.992751693,0.001537983
-0.00028624,5.00710291,0.001458319
-0.0002862,5.033413474,0.001139663
-0.00028616,5.058129458,0.000741344
-0.00028612,5.059724038,0.001697311
-0.00028608,5.087629182,0.001617647
-0.00028604,5.09560208,0.001139663
-0.000286,5.121912644,0.000343024
-0.00028596,5.152209657,0.001139663
-0.00028592,5.162574424,0.000900672
-0.00028588,5.17931751,0.001059999
-0.00028584,5.186493119,0.000821008
-0.0002858,5.208817234,0.001936302
-0.00028576,5.233533218,0.001298991
-0.00028572,5.243897986,0.001139663
-0.00028568,5.251870884,0.000582016
-0.00028564,5.279776027,0.001139663
-0.0002856,5.295721824,0.001378655
-0.00028556,5.309275751,0.001458319
-0.00028552,5.321235098,0.000502352
-0.00028548,5.336383604,0.000900672
-0.00028544,5.35711314,0.001617647
-0.0002854,5.372261646,0.001139663
-0.00028536,5.374653516,0.00066168
-0.00028532,5.39697763,0.000821008
-0.00028528,5.39697763,0.000582016
-0.00028524,5.410531557,-0.000373951
-0.0002852,5.426477354,0.00026336
-0.00028516,5.434450252,2.44E-05
-0.00028512,5.430463803,0.000741344
-0.00028508,5.448801468,0.000900672
-0.00028504,5.448004179,0.001139663
-0.000285,5.452787918,0.001537983
-0.00028496,5.455977077,0.001378655
-0.00028492,5.460760816,0.001139663
-0.00028488,5.468733714,0.001059999
-0.00028484,5.467936424,0.000900672
-0.0002848,5.480693061,0.001059999
-0.00028476,5.474314743,0.00066168
-0.00028472,5.48388222,2.44E-05
-0.00028468,5.480693061,0.000343024
-0.00028464,5.491855119,0.00066168
-0.0002846,5.48388222,0.00066168
-0.00028456,5.492652408,0.000183697
-0.00028452,5.494246988,0.001537983
-0.00028448,5.494246988,0.000900672
-0.00028444,5.493449698,0.001139663
-0.0002844,5.492652408,0.001697311
-0.00028436,5.499030727,0.000502352
-0.00028432,5.499030727,0.000741344
-0.00028428,5.497436147,0.001059999
-0.00028424,5.4854768,0.001378655
-0.0002842,5.498233437,0.000422688
-0.00028416,5.489463249,0.001139663
-0.00028412,5.481490351,-0.000214623
-0.00028408,5.495841568,0.000422688
-0.00028404,5.48786867,0.000183697
-0.000284,5.480693061,0.000741344
-0.00028396,5.491057829,0.000741344
-0.00028392,5.483084931,0.00066168
-0.00028388,5.500625307,0.001776975
-0.00028384,5.488665959,0.00026336
-0.0002838,5.500625307,0.001458319
-0.00028376,5.479098482,0.000900672
-0.00028372,5.488665959,0.000502352
-0.00028368,5.472720163,-0.000214623
-0.00028364,5.470328294,0.000582016
-0.0002836,5.466341844,0.000422688
-0.00028356,5.464747265,0.001139663
-0.00028352,5.451990628,0.000582016
-0.00028348,5.454382497,-0.000294287
-0.00028344,5.455179787,0.000980336
-0.0002834,5.436044831,0.00026336
-0.00028336,5.436044831,0.000741344
-0.00028332,5.424882774,-0.000134959
-0.00028328,5.417707166,0.001139663
-0.00028324,5.404950529,0.001139663
-0.0002832,5.393788471,0.000422688
-0.00028316,5.370667066,0.000582016
-0.00028312,5.342761923,0.000980336
-0.00028308,5.341964633,0.000741344
-0.00028304,5.317248649,0.00066168
-0.000283,5.274992288,0.001378655
-0.00028296,5.271005839,0.000582016
-0.00028292,5.247884435,0.00066168
-0.00028288,5.229546769,0.001537983
-0.00028284,5.200047046,0.000104033
-0.0002828,5.204830785,0.00066168
-0.00028276,5.160182555,0.001059999
-0.00028272,5.141047599,0.000900672
-0.00028268,5.129088252,0.000183697
-0.00028264,5.091615631,0.001059999
-0.0002826,5.070088806,2.44E-05
-0.00028256,5.064507777,0.00026336
-0.00028252,5.035805343,0.000582016
-0.00028248,5.00630562,0.000422688
-0.00028244,4.994346273,0.000980336
-0.0002824,4.968832999,0.000422688
-0.00028236,4.958468231,0.000422688
-0.00028232,4.932954957,-0.000453615
-0.00028228,4.911428132,0.000422688
-0.00028224,4.881131119,0.000183697
-0.0002822,4.869171772,0.000741344
-0.00028216,4.853225975,0.000980336
-0.00028212,4.83249644,0.001139663
-0.00028208,4.804591297,0.000502352
-0.00028204,4.787050921,0.00066168
-0.000282,4.769510545,0.000821008
-0.00028196,4.751172879,0.00026336
-0.00028192,4.731240633,0.000582016
-0.00028188,4.708119229,0.000900672
-0.00028184,4.696159882,0.001059999
-0.0002818,4.666660158,0.000821008
-0.00028176,4.650714362,0.000582016
-0.00028172,4.624403798,0.001776975
-0.00028168,4.61722819,0.000821008
-0.00028164,4.596498654,0.001139663
-0.0002816,4.584539307,0.001697311
-0.00028156,4.556634164,0.00026336
-0.00028152,4.526337151,0.00066168
-0.00028148,4.508796775,0.000104033
-0.00028144,4.494445558,0.000502352
-0.0002814,4.465743124,0.000422688
-0.00028136,4.447405459,0.001378655
-0.00028132,4.426675923,0.001059999
-0.00028128,4.39637891,0.00066168
-0.00028124,4.384419563,0.000741344
-0.0002812,4.377243955,0.000980336
-0.00028116,4.346149652,0.000582016
-0.00028112,4.332595725,0.001219327
-0.00028108,4.31266348,2.44E-05
-0.00028104,4.276785438,0.000582016
-0.000281,4.256853192,0.000582016
-0.00028096,4.244096555,2.44E-05
-0.00028092,4.221772441,0.000980336
-0.00028088,4.199448326,0.001617647
-0.00028084,4.189880848,0.001059999
-0.0002808,4.160381125,0.00066168
-0.00028076,4.146029908,-0.000134959
-0.00028072,4.124503083,0.000821008
-0.00028068,4.109354576,0.001139663
-0.00028064,4.088625041,0.00066168
-0.0002806,4.065503636,-0.000134959
-0.00028056,4.044774101,0.001059999
-0.00028052,4.009693349,0.000183697
-0.00028048,3.996139422,-0.000214623
-0.00028044,3.96265325,2.44E-05
-0.0002804,3.941126425,-0.000294287
-0.00028036,3.917207731,0.000343024
-0.00028032,3.916410441,0.000422688
-0.00028028,3.892491746,-0.000214623
-0.00028024,3.868573052,-0.000294287
-0.0002802,3.842262488,0.00066168
-0.00028016,3.828708561,0.000741344
-0.00028012,3.820735663,0.00066168
-0.00028008,3.780073882,0.000104033
-0.00028004,3.767317245,-0.000214623
-0.00028,3.753763318,0.000422688
-0.00027996,3.724263595,0.000422688
-0.00027992,3.706723219,-0.000294287
-0.00027988,3.689182843,0.000582016
-0.00027984,3.670047887,0.00026336
-0.0002798,3.647723773,0.001139663
-0.00027976,3.625399658,0.001458319
-0.00027972,3.617426759,-0.000214623
-0.00027968,3.57277853,0.000821008
-0.00027964,3.561616472,0.000582016
-0.0002796,3.544873386,0.000582016
-0.00027956,3.516170953,0.000183697
-0.00027952,3.499427867,0.000582016
-0.00027948,3.48348207,0.00026336
-0.00027944,3.466738984,0.000821008
-0.0002794,3.44122571,0.001537983
-0.00027936,3.430860942,0.000104033
-0.00027932,3.401361219,0.000741344
-0.00027928,3.379834394,0.000422688
-0.00027924,3.366280467,0.000582016
-0.0002792,3.343159063,0.000104033
-0.00027916,3.316848499,0.001139663
-0.00027912,3.288943355,-0.000453615
-0.00027908,3.279375877,0.00066168
-0.00027904,3.253065313,-0.000134959
-0.000279,3.229146619,0.000741344
-0.00027896,3.212403533,0.00026336
-0.00027892,3.17971465,0.000582016
-0.00027888,3.172539042,2.44E-05
-0.00027884,3.153404086,0.000502352
-0.0002788,3.123107073,0.000980336
-0.00027876,3.112742305,2.44E-05
-0.00027872,3.089620901,0.000900672
-0.00027868,3.067296786,-0.000214623
-0.00027864,3.037797063,0.000422688
-0.0002786,3.032216034,0.000422688
-0.00027856,2.993946123,0.000343024
-0.00027852,2.984378645,0.000343024
-0.00027848,2.96045995,-0.000453615
-0.00027844,2.938933125,-0.000294287
-0.0002784,2.923784619,0.00026336
-0.00027836,2.907838823,0.000104033
-0.00027832,2.889501157,0.000741344
-0.00027828,2.844852927,0.00066168
-0.00027824,2.840069188,0.000582016
-0.0002782,2.820934233,0.000502352
-0.00027816,2.791434509,-0.000612942
-0.00027812,2.773894133,-0.000453615
-0.00027808,2.758745627,-0.000214623
-0.00027804,2.721273005,0.000183697
-0.000278,2.710110948,0.000104033
-0.00027796,2.679016645,0.00026336
-0.00027792,2.667057298,-0.000533279
-0.00027788,2.644733183,-0.000612942
-0.00027784,2.629584677,2.44E-05
-0.0002778,2.598490374,-0.001011262
-0.00027776,2.583341867,-0.000612942
-0.00027772,2.558625883,0.000183697
-0.00027768,2.535504478,-0.00077227
-0.00027764,2.510788494,-0.000373951
-0.0002776,2.510788494,2.44E-05
-0.00027756,2.478099611,-0.000214623
-0.00027752,2.460559235,0.000343024
-0.00027748,2.445410729,0.000183697
-0.00027744,2.414316426,-0.000134959
-0.0002774,2.39597876,-0.000294287
-0.00027736,2.376046515,0.000343024
-0.00027732,2.351330531,0.000104033
-0.00027728,2.331398285,-0.000373951
-0.00027724,2.321830807,-0.000214623
-0.0002772,2.277979867,-0.000851934
-0.00027716,2.258844912,0.000900672
-0.00027712,2.26841239,-0.00077227
-0.00027708,2.217385841,0.000343024
-0.00027704,2.199048176,-0.000612942
-0.000277,2.185494249,0.000343024
-0.00027696,2.155197236,-0.000453615
-0.00027692,2.138454149,-0.000214623
-0.00027688,2.112940875,-0.000134959
-0.00027684,2.09300863,0.00026336
-0.0002768,2.069089935,0.000422688
-0.00027676,2.053144139,0.000422688
-0.00027672,2.035603763,0.000343024
-0.00027668,2.014076938,2.44E-05
-0.00027664,1.996536562,0.001059999
-0.0002766,1.975009737,0.000582016
-0.00027656,1.951888332,0.001298991
-0.00027652,1.935145246,0.00066168
-0.00027648,1.907240103,0.000582016
-0.00027644,1.887307857,0.000183697
-0.0002764,1.87295664,0.000422688
-0.00027636,1.853821685,-0.000134959
-0.00027632,1.819538223,-0.000453615
-0.00027628,1.808376165,0.000343024
-0.00027624,1.784457471,-0.000453615
-0.0002762,1.762930646,-0.00117059
-0.00027616,1.747782139,-0.000294287
-0.00027612,1.724660735,-0.000134959
-0.00027608,1.70074204,-0.000453615
-0.00027604,1.675228766,-0.001728237
-0.000276,1.6568911,-0.000692606
-0.00027596,1.639350724,0.00066168
-0.00027592,1.601878103,-0.000294287
-0.00027588,1.594702494,0.000183697
-0.00027584,1.567594641,-0.001568909
-0.0002758,1.551648844,0.000741344
-0.00027576,1.535703048,-0.000294287
-0.00027572,1.504608745,-0.000373951
-0.00027568,1.491852108,0.000582016
-0.00027564,1.464744254,0.00026336
-0.0002756,1.450393038,-0.000851934
-0.00027556,1.423285184,-0.000134959
-0.00027552,1.409731257,0.000502352
-0.00027548,1.385015273,0.000422688
-0.00027544,1.363488448,0.000502352
-0.0002754,1.348339941,-0.000214623
-0.00027536,1.332394145,0.000422688
-0.00027532,1.301299842,-0.000373951
-0.00027528,1.304489001,0.00026336
-0.00027524,1.273394698,0.00066168
-0.0002752,1.243097685,0.000741344
-0.00027516,1.231138338,-0.000453615
-0.00027512,1.207219644,0.000183697
-0.00027508,1.183300949,-0.000214623
-0.00027504,1.165760573,0.000183697
-0.000275,1.143436458,-0.000214623
-0.00027496,1.129882531,-0.000373951
-0.00027492,1.103571967,-0.000294287
-0.00027488,1.087626171,-0.000931598
-0.00027484,1.064504766,2.44E-05
-0.0002748,1.044572521,0.000104033
-0.00027476,1.037396913,0.00066168
-0.00027472,1.011883638,0.000900672
-0.00027468,0.991951393,0.000343024
-0.00027464,0.976802886,0.000104033
-0.0002746,0.952086902,0.00026336
-0.00027456,0.928965497,-0.000931598
-0.00027452,0.913019701,-0.000373951
-0.00027448,0.885114558,0.00026336
-0.00027444,0.879533529,0.000183697
-0.0002744,0.864385022,-0.000692606
-0.00027436,0.854020255,-0.00117059
-0.00027432,0.834088009,-0.000612942
-0.00027428,0.828506981,0.000821008
-0.00027424,0.806182866,-0.000373951
-0.0002742,0.781466881,-0.00117059
-0.00027416,0.778277722,-0.000294287
-0.00027412,0.762331926,0.000582016
-0.00027408,0.737615941,-0.000294287
-0.00027404,0.736021362,0.000183697
-0.000274,0.712102667,-0.000692606
-0.00027396,0.70253519,0.000422688
-0.00027392,0.69854874,0.000104033
-0.00027388,0.696954161,-0.001489245
-0.00027384,0.681008364,-0.000373951
-0.0002738,0.684994814,-0.000931598
-0.00027376,0.681008364,-0.000214623
-0.00027372,0.682602944,-0.000612942
-0.00027368,0.687386683,-0.000533279
-0.00027364,0.690575842,-0.000533279
-0.0002736,0.695359581,-0.000214623
-0.00027356,0.69854874,-0.000692606
-0.00027352,0.717683696,-0.000214623
-0.00027348,0.724062015,-0.001250254
-0.00027344,0.740007811,-0.00077227
-0.0002734,0.749575289,-0.000692606
-0.00027336,0.757548187,0.000422688
-0.00027332,0.774291273,-0.00077227
-0.00027328,0.806980156,0.000104033
-0.00027324,0.822925952,-0.000373951
-0.0002732,0.838074458,0.000582016
-0.00027316,0.861993153,-0.001011262
-0.00027312,0.87315521,-0.001090926
-0.00027308,0.887506427,-0.000851934
-0.00027304,0.913816991,-0.00117059
-0.000273,0.933749236,-0.000373951
-0.00027296,0.946505873,0.000422688
-0.00027292,0.971221858,-0.001409582
-0.00027288,0.997532422,0.000582016
-0.00027284,1.011883638,-0.000453615
-0.0002728,1.035802333,-0.000612942
-0.00027276,1.060518317,0.000422688
-0.00027272,1.068491215,-0.000453615
-0.00027268,1.101180098,-0.000851934
-0.00027264,1.113139445,2.44E-05
-0.0002726,1.132274401,-0.000134959
-0.00027256,1.170544312,0.00026336
-0.00027252,1.186490108,-0.000294287
-0.00027248,1.204030484,-0.000931598
-0.00027244,1.219976281,0.000900672
-0.0002724,1.244692265,0.000183697
-0.00027236,1.254259743,0.000343024
-0.00027232,1.283759466,0.000343024
-0.00027228,1.320434797,-0.000214623
-0.00027224,1.337975173,0.000582016
-0.0002722,1.355515549,-0.000692606
-0.00027216,1.374650505,-0.000931598
-0.00027212,1.393785461,-0.000692606
-0.00027208,1.410528547,-0.000931598
-0.00027204,1.449595748,-0.001011262
-0.000272,1.463149675,0.000422688
-0.00027196,1.4846765,-0.000294287
-0.00027192,1.509392484,-0.001090926
-0.00027188,1.522946411,-0.000214623
-0.00027184,1.554040714,0.000343024
-0.0002718,1.577959408,0.000183697
-0.00027176,1.604269972,2.44E-05
-0.00027172,1.618621189,2.44E-05
-0.00027168,1.652904651,-0.00077227
-0.00027164,1.665661288,-0.000851934
-0.0002716,1.692769142,0.000183697
-0.00027156,1.708714938,-0.000294287
-0.00027152,1.740606531,2.44E-05
-0.00027148,1.749376719,0.000741344
-0.00027144,1.785254761,-0.000214623
-0.0002714,1.801200557,0.000502352
-0.00027136,1.820335513,-0.000373951
-0.00027132,1.841862338,2.44E-05
-0.00027128,1.8761458,-0.000373951
-0.00027124,1.894483466,0.000183697
-0.0002712,1.913618421,0.000183697
-0.00027116,1.936739826,-0.000134959
-0.00027112,1.947901883,-0.000533279
-0.00027108,1.965442259,0.000104033
-0.00027104,1.995739272,0.000422688
-0.000271,2.014874228,2.44E-05
-0.00027096,2.037198343,0.000343024
-0.00027092,2.063508907,-0.000294287
-0.00027088,2.079454703,0.000422688
-0.00027084,2.09460321,-0.000134959
-0.0002708,2.128886672,0.000821008
-0.00027076,2.142440599,0.000183697
-0.00027072,2.159183685,0.00026336
-0.00027068,2.187088828,0.000422688
-0.00027064,2.202237335,-0.000453615
-0.0002706,2.218183131,0.000502352
-0.00027056,2.250074724,2.44E-05
-0.00027052,2.26602052,0.000900672
-0.00027048,2.278777157,-0.000134959
-0.00027044,2.30907417,0.000741344
-0.0002704,2.332992865,0.000900672
-0.00027036,2.35451969,0.000104033
-0.00027032,2.372857356,-0.000134959
-0.00027028,2.393586891,-0.000453615
-0.00027024,2.405546238,2.44E-05
-0.0002702,2.436640541,-0.000214623
-0.00027016,2.454180917,0.000343024
-0.00027012,2.471721293,0.000422688
-0.00027008,2.491653538,0.000104033
-0.00027004,2.513180363,0.00066168
-0.00027,2.535504478,0.000343024
-0.00026996,2.559423173,-0.000294287
-0.00026992,2.589720186,0.001298991
-0.00026988,2.604071402,-0.000134959
-0.00026984,2.61284159,-0.000612942
-0.0002698,2.643138603,-0.000612942
-0.00026976,2.6590844,-0.000851934
-0.00026972,2.678219355,-0.000533279
-0.00026968,2.705327209,0.001219327
-0.00026964,2.727651324,-0.000294287
-0.0002696,2.741205251,0.000104033
-0.00026956,2.763529366,-0.000692606
-0.00026952,2.784258901,2.44E-05
-0.00026948,2.803393857,0.000343024
-0.00026944,2.827312551,0.000183697
-0.0002694,2.850433956,0.000741344
-0.00026936,2.870366201,0.000104033
-0.00026932,2.881528259,-0.000373951
-0.00026928,2.913419851,-0.001090926
-0.00026924,2.934946676,-0.000134959
-0.0002692,2.96285182,-0.000134959
-0.00026916,2.978797616,-0.000533279
-0.00026912,2.989162384,-0.000533279
-0.00026908,3.00670276,0.00066168
-0.00026904,3.041783512,0.000502352
-0.000269,3.052148279,-0.000931598
-0.00026896,3.080850713,0.000343024
-0.00026892,3.101580248,0.000502352
-0.00026888,3.121512493,0.00026336
-0.00026884,3.142242029,0.000343024
-0.0002688,3.172539042,-0.000214623
-0.00026876,3.18130923,-0.000134959
-0.00026872,3.207619794,0.00026336
-0.00026868,3.22516017,-0.000294287
-0.00026864,3.245889705,0.000104033
-0.0002686,3.256254472,-0.000373951
-0.00026856,3.296916253,0.000183697
-0.00026852,3.318443078,0.001059999
-0.00026848,3.344753642,0.000422688
-0.00026844,3.341564483,0.001458319
-0.0002684,3.360699438,0.000582016
-0.00026836,3.39578019,0.00066168
-0.00026832,3.404550378,0.001059999
-0.00026828,3.427671783,0.00066168
-0.00026824,3.452387767,0.000582016
-0.0002682,3.477103752,0.000502352
-0.00026816,3.493846838,-0.000214623
-0.00026812,3.512184504,0.000422688
-0.00026808,3.534508619,0.001219327
-0.00026804,3.553643574,0.000343024
-0.000268,3.56958937,0.000821008
-0.00026796,3.592710775,0.000343024
-0.00026792,3.620615919,0.000422688
-0.00026788,3.633372556,0.000900672
-0.00026784,3.65808854,0.001537983
-0.0002678,3.685993684,2.44E-05
-0.00026776,3.699547611,0.000582016
-0.00026772,3.730641913,0.001219327
-0.00026768,3.752966028,0.000900672
-0.00026764,3.752168739,0.000980336
-0.0002676,3.782465752,0.000502352
-0.00026756,3.798411548,0.00066168
-0.00026752,3.823924822,0.000422688
-0.00026748,3.83189772,2.44E-05
-0.00026744,3.863789313,0.00066168
-0.0002674,3.882126979,0.000741344
-0.00026736,3.893289036,-0.000294287
-0.00026732,3.928369788,0.000343024
-0.00026728,3.943518295,0.00066168
-0.00026724,3.969031569,0.000343024
-0.0002672,3.980193626,0.001219327
-0.00026716,4.011287929,0.00026336
-0.00026712,4.023247276,0.00066168
-0.00026708,4.054341579,0.001219327
-0.00026704,4.055936159,0.00066168
-0.000267,4.076665694,-0.000612942
-0.00026696,4.102976258,0.00026336
-0.00026692,4.116530185,-0.000134959
-0.00026688,4.13566514,0.000422688
-0.00026684,4.175529631,0.000582016
-0.0002668,4.198651036,0.000980336
-0.00026676,4.199448326,0.001458319
-0.00026672,4.229745339,0.00066168
-0.00026668,4.252866743,0.000582016
-0.00026664,4.26642067,0.001776975
-0.0002666,4.276785438,0.001458319
-0.00026656,4.295123104,-0.000214623
-0.00026652,4.329406566,0.001059999
-0.00026648,4.334987595,0.00026336
-0.00026644,4.35252797,-0.000214623
-0.0002664,4.369271057,0.000980336
-0.00026636,4.401959939,0.000343024
-0.00026632,4.423486764,0.00066168
-0.00026628,4.437837981,0.000980336
-0.00026624,4.456175647,0.001537983
-0.0002662,4.478499762,0.000502352
-0.00026616,4.493648268,0.001139663
-0.00026612,4.524742571,0.000980336
-0.00026608,4.538296498,0.00066168
-0.00026604,4.551053135,-0.00077227
-0.000266,4.57417454,-0.000134959
-0.00026596,4.602079683,0.00026336
-0.00026592,4.610052581,-0.000373951
-0.00026588,4.629187537,0.000582016
-0.00026584,4.661876419,-0.000373951
-0.0002658,4.673038477,0.00026336
-0.00026576,4.685795114,0.00066168
-0.00026572,4.714497547,0.000422688
-0.00026568,4.735227083,2.44E-05
-0.00026564,4.74798372,0.00026336
-0.0002656,4.779875312,0.000104033
-0.00026556,4.777483443,0.000582016
-0.00026552,4.806983166,0.001059999
-0.00026548,4.824523542,-0.000214623
-0.00026544,4.853225975,0.000502352
-0.0002654,4.867577192,-0.000294287
-0.00026536,4.879536539,0.000343024
-0.00026532,4.901860654,0.000502352
-0.00026528,4.92019832,0.001298991
-0.00026524,4.944914304,0.000741344
-0.0002652,4.96404926,0.000980336
-0.00026516,4.975211317,-0.000214623
-0.00026512,4.987967954,0.000821008
-0.00026508,5.027035155,0.000343024
-0.00026504,5.031818894,0.000502352
-0.000265,5.047764691,0.000343024
-0.00026496,5.060521328,0.000343024
-0.00026492,5.085237312,-0.000533279
-0.00026488,5.100385819,0.001298991
-0.00026484,5.121115354,0.001617647
-0.0002648,5.141844889,0.000900672
-0.00026476,5.156196106,0.000582016
-0.00026472,5.187290409,0.00066168
-0.00026468,5.197655176,0.001697311
-0.00026464,5.222371161,0.00066168
-0.0002646,5.235127798,0.001059999
-0.00026456,5.246289855,0.000980336
-0.00026452,5.258249202,0.001378655
-0.00026448,5.287748926,0.001617647
-0.00026444,5.300505563,0.000343024
-0.0002644,5.3132622,0.001059999
-0.00026436,5.337978184,0.000821008
-0.00026432,5.349937531,0.000422688
-0.00026428,5.35711314,0.001458319
-0.00026424,5.368275197,0.001537983
-0.0002642,5.381829124,0.001298991
-0.00026416,5.394585761,0.001219327
-0.00026412,5.40016679,0.000502352
-0.00026408,5.404950529,-0.000134959
-0.00026404,5.420896325,0.001139663
-0.000264,5.436842121,0.001139663
-0.00026396,5.44401773,0.000343024
-0.00026392,5.44162586,0.001219327
-0.00026388,5.447206889,0.001378655
-0.00026384,5.455977077,0.00026336
-0.0002638,5.465544555,0.001298991
-0.00026376,5.463949975,0.00026336
-0.00026372,5.471125583,0.001697311
-0.00026368,5.472720163,0.000502352
-0.00026364,5.471125583,0.000821008
-0.0002636,5.48467951,0.000900672
-0.00026356,5.483084931,0.000821008
-0.00026352,5.475909322,0.00066168
-0.00026348,5.491057829,0.000741344
-0.00026344,5.48707138,0.000980336
-0.0002634,5.48388222,0.000980336
-0.00026336,5.488665959,0.000980336
-0.00026332,5.4854768,0.000422688
-0.00026328,5.4854768,0.001856639
-0.00026324,5.491057829,0.001298991
-0.0002632,5.490260539,0.00066168
-0.00026316,5.489463249,0.001219327
-0.00026312,5.48707138,0.001139663
-0.00026308,5.501422596,0.001936302
-0.00026304,5.500625307,0.001458319
-0.000263,5.48627409,0.001936302
-0.00026296,5.495841568,0.001458319
-0.00026292,5.492652408,0.000821008
-0.00026288,5.488665959,0.002812605
-0.00026284,5.501422596,0.001059999
-0.0002628,5.48786867,0.00066168
-0.00026276,5.48707138,0.000582016
-0.00026272,5.4854768,0.001856639
-0.00026268,5.469531004,0.000741344
-0.00026264,5.483084931,0.001139663
-0.0002626,5.478301192,0.000741344
-0.00026256,5.475112032,0.000422688
-0.00026252,5.477503902,0.000502352
-0.00026248,5.48388222,0.001697311
-0.00026244,5.467936424,0.001059999
-0.0002624,5.470328294,0.001378655
-0.00026236,5.467936424,0.000741344
-0.00026232,5.454382497,0.001219327
-0.00026228,5.447206889,0.000821008
-0.00026224,5.454382497,0.001537983
-0.0002622,5.432058382,0.00066168
-0.00026216,5.415315296,0.000741344
-0.00026212,5.420099035,0.000900672
-0.00026208,5.39777492,0.000980336
-0.00026204,5.381829124,0.000582016
-0.000262,5.372261646,0.000821008
-0.00026196,5.345951082,0.000980336
-0.00026192,5.320437808,0.000741344
-0.00026188,5.315654069,0.000582016
-0.00026184,5.285357056,0.001378655
-0.0002618,5.262235651,0.000821008
-0.00026176,5.238316957,0.000821008
-0.00026172,5.22635761,0.001458319
-0.00026168,5.196060597,0.000741344
-0.00026164,5.161777134,0.001378655
-0.0002616,5.154601526,0.001139663
-0.00026156,5.129885542,0.000343024
-0.00026152,5.103574978,0.000104033
-0.00026148,5.09560208,0.000821008
-0.00026144,5.066102356,0.002015966
-0.0002614,5.042183662,0.000104033
-0.00026136,5.035805343,0.002175294
-0.00026132,5.004711041,0.000183697
-0.00026128,4.979197766,0.000422688
-0.00026124,4.970427578,0.001537983
-0.0002612,4.947306174,0.000343024
-0.00026116,4.92019832,0.000741344
-0.00026112,4.910630842,0.001059999
-0.00026108,4.894685046,0.000343024
-0.00026104,4.855617845,0.000502352
-0.000261,4.845253077,0.000183697
-0.00026096,4.830901861,0.001139663
-0.00026092,4.803794007,-0.000214623
-0.00026088,4.778280733,-0.000612942
-0.00026084,4.764726806,0.000502352
-0.0002608,4.731240633,-0.000214623
-0.00026076,4.718483996,0.000422688
-0.00026072,4.713700257,0.000502352
-0.00026068,4.673038477,0.000900672
-0.00026064,4.66107913,0.001139663
-0.0002606,4.638755015,0.00026336
-0.00026056,4.6164309,2.44E-05
-0.00026052,4.606863422,-0.000294287
-0.00026048,4.586931177,0.001139663
-0.00026044,4.563809772,0.000343024
-0.0002604,4.545472106,0.000900672
-0.00026036,4.52952631,0.000900672
-0.00026032,4.508796775,0.000422688
-0.00026028,4.477702472,-0.000533279
-0.00026024,4.453783777,-0.000214623
-0.0002602,4.433054242,-0.000134959
-0.00026016,4.412324707,0.000980336
-0.00026012,4.400365359,0.000900672
-0.00026008,4.373257506,0.000502352
-0.00026004,4.35651442,0.001059999
-0.00026,4.341365913,0.00026336
-0.00025996,4.322230957,0.001219327
-0.00025992,4.293528524,0.000343024
-0.00025988,4.281569177,0.001059999
-0.00025984,4.252069454,0.00026336
-0.0002598,4.22416431,0.001139663
-0.00025976,4.2249616,0.00066168
-0.00025972,4.199448326,0.000582016
-0.00025968,4.18111066,0.001298991
-0.00025964,4.156394676,0.00066168
-0.0002596,4.130881401,0.00066168
-0.00025956,4.119719344,0.001139663
-0.00025952,4.09580065,0.000343024
-0.00025948,4.071881955,0.001139663
-0.00025944,4.04876055,0.000900672
-0.0002594,4.032814754,0.000422688
-0.00025936,4.024841856,0.001219327
-0.00025932,3.988166524,0.000502352
-0.00025928,3.96424783,0.000422688
-0.00025924,3.956274932,-0.000134959
-0.0002592,3.929167078,0.000183697
-0.00025916,3.910032122,-0.000214623
-0.00025912,3.898072775,-0.001329918
-0.00025908,3.869370342,2.44E-05
-0.00025904,3.839073329,0.00066168
-0.000259,3.838276039,0.00066168
-0.00025896,3.807979026,0.00026336
-0.00025892,3.780073882,0.000343024
-0.00025888,3.771303694,-0.000373951
-0.00025884,3.738614812,-0.001011262
-0.0002588,3.728250044,0.00026336
-0.00025876,3.70193948,0.000582016
-0.00025872,3.683601814,2.44E-05
-0.00025868,3.651710222,-0.000134959
-0.00025864,3.645331903,0.000980336
-0.0002586,3.634169846,0.000422688
-0.00025856,3.594305355,0.001219327
-0.00025852,3.579954138,0.000741344
-0.00025848,3.564805632,0.000183697
-0.00025844,3.544076096,-0.000134959
-0.0002584,3.520157402,0.000104033
-0.00025836,3.505806185,0.001059999
-0.00025832,3.476306462,0.000104033
-0.00025828,3.461157955,0.000183697
-0.00025824,3.444414869,0.000343024
-0.0002582,3.406942248,-0.000294287
-0.00025816,3.39817206,0.001059999
-0.00025812,3.378239814,0.000502352
-0.00025808,3.356712989,-0.000692606
-0.00025804,3.330402425,0.000104033
-0.000258,3.314456629,0.000582016
-0.00025796,3.289740645,-0.000373951
-0.00025792,3.275389428,-0.000294287
-0.00025788,3.248281574,0.000104033
-0.00025784,3.232335778,0.001059999
-0.0002578,3.203633345,0.001378655
-0.00025776,3.193268577,-0.000373951
-0.00025772,3.155795956,-0.000533279
-0.00025768,3.136661,0.000821008
-0.00025764,3.116728755,0.000343024
-0.0002576,3.096796509,-0.000533279
-0.00025756,3.089620901,0.000422688
-0.00025752,3.059323888,-0.000692606
-0.00025748,3.044175381,0.001139663
-0.00025744,3.009891919,2.44E-05
-0.0002574,2.992351543,0.00066168
-0.00025736,2.973216588,-0.001011262
-0.00025732,2.96125724,-0.000692606
-0.00025728,2.928568358,0.00026336
-0.00025724,2.909433402,-0.000931598
-0.0002572,2.881528259,-0.000214623
-0.00025716,2.869568911,0.000582016
-0.00025712,2.853623115,-0.000294287
-0.00025708,2.825717971,0.001298991
-0.00025704,2.797812828,0.000183697
-0.000257,2.785853481,0.000183697
-0.00025696,2.756353757,-0.000214623
-0.00025692,2.747583569,0.000741344
-0.00025688,2.735624222,0.000980336
-0.00025684,2.69974618,-0.000373951
-0.0002568,2.687786833,0.000900672
-0.00025676,2.663868139,0.00066168
-0.00025672,2.641544024,0.000900672
-0.00025668,2.61603075,-0.000134959
-0.00025664,2.596895794,0.00066168
-0.0002566,2.56978794,-0.000134959
-0.00025656,2.549058405,-0.000134959
-0.00025652,2.541882797,0.000741344
-0.00025648,2.514774943,0.000502352
-0.00025644,2.488464379,0.000183697
-0.0002564,2.478896901,0.000104033
-0.00025636,2.453383627,-0.000373951
-0.00025632,2.423883904,-0.000453615
-0.00025628,2.409532687,0.000422688
-0.00025624,2.380830254,-0.000214623
-0.0002562,2.360898008,-0.000453615
-0.00025616,2.334587444,0.000343024
-0.00025612,2.318641648,-0.000612942
-0.00025608,2.295520243,0.000980336
-0.00025604,2.270804259,-0.000533279
-0.000256,2.254858463,-0.000851934
-0.00025596,2.232534348,-0.000214623
-0.00025592,2.215791262,0.000183697
-0.00025588,2.192669857,0.000502352
-0.00025584,2.171940322,0.00026336
-0.0002558,2.150413497,0.000821008
-0.00025576,2.13685957,0.000183697
-0.00025572,2.112940875,-0.000851934
-0.00025568,2.100184238,-0.002684204
-0.00025564,2.079454703,0.001936302
-0.0002556,2.040387502,-0.001011262
-0.00025556,2.025238995,-0.001090926
-0.00025552,2.008495909,0.000980336
-0.00025548,1.982982635,-0.000294287
-0.00025544,1.967036839,-0.000533279
-0.0002554,1.958266651,0.000582016
-0.00025536,1.925577768,2.44E-05
-0.00025532,1.901659074,0.001458319
-0.00025528,1.888105147,0.000183697
-0.00025524,1.860997293,-0.000533279
-0.0002552,1.837078599,0.001458319
-0.00025516,1.829105701,0.001059999
-0.00025512,1.812362614,0.000821008
-0.00025508,1.777281862,0.000741344
-0.00025504,1.760538776,0.000900672
-0.000255,1.737417372,-0.000373951
-0.00025496,1.714295967,0.000741344
-0.00025492,1.69914746,0.000343024
-0.00025488,1.678417925,-0.000533279
-0.00025484,1.655296521,2.44E-05
-0.0002548,1.631377826,0.000183697
-0.00025476,1.601080813,-0.000214623
-0.00025472,1.590716045,0.000582016
-0.00025468,1.5707838,0.00026336
-0.00025464,1.546067816,-0.000373951
-0.0002546,1.523743701,-0.001489245
-0.00025456,1.502216876,-0.000453615
-0.00025452,1.491852108,0.000183697
-0.00025448,1.465541544,0.000502352
-0.00025444,1.44002827,0.000821008
-0.0002544,1.415312286,2.44E-05
-0.00025436,1.39538004,-0.001409582
-0.00025432,1.373853215,0.000183697
-0.00025428,1.357110129,-0.000134959
-0.00025424,1.335583304,2.44E-05
-0.0002542,1.317245638,2.44E-05
-0.00025416,1.300502552,0.00026336
-0.00025412,1.280570307,-0.000692606
-0.00025408,1.257448902,-0.00077227
-0.00025404,1.241503106,0.000502352
-0.000254,1.212800672,-0.000612942
-0.00025396,1.200044035,-0.000214623
-0.00025392,1.181706369,0.000343024
-0.00025388,1.164963283,-0.000134959
-0.00025384,1.13546356,-0.001011262
-0.0002538,1.117923184,-0.000373951
-0.00025376,1.103571967,0.000741344
-0.00025372,1.082045142,-0.000214623
-0.00025368,1.055734578,-0.000851934
-0.00025364,1.046167101,-0.000373951
-0.0002536,1.019856537,-0.000692606
-0.00025356,0.995140552,-0.000851934
-0.00025352,0.979194756,-0.000214623
-0.00025348,0.972019148,-0.000294287
-0.00025344,0.945708584,-0.000214623
-0.0002534,0.922587179,-0.000294287
-0.00025336,0.909830542,-0.001011262
-0.00025332,0.889101007,-0.000931598
-0.00025328,0.87474979,-0.000612942
-0.00025324,0.854817545,-0.000851934
-0.0002532,0.840466328,-0.000294287
-0.00025316,0.814953054,-0.00117059
-0.00025312,0.808574735,-0.001807901
-0.00025308,0.792628939,-0.000214623
-0.00025304,0.779872302,-0.000453615
-0.000253,0.767115665,0.000502352
-0.00025296,0.747980709,0.000980336
-0.00025292,0.74319697,0.00026336
-0.00025288,0.717683696,-0.002046893
-0.00025284,0.717683696,-0.001090926
-0.0002528,0.707318928,0.000821008
-0.00025276,0.697751451,-0.000134959
-0.00025272,0.689778552,-0.000612942
-0.00025268,0.684994814,-0.000134959
-0.00025264,0.680211075,0.000582016
-0.0002526,0.677021915,-0.000294287
-0.00025256,0.685792103,-0.000533279
-0.00025252,0.683400234,0.000821008
-0.00025248,0.689778552,-0.000533279
-0.00025244,0.703332479,0.000183697
-0.0002524,0.712899957,-0.000692606
-0.00025236,0.707318928,-0.001250254
-0.00025232,0.714494537,-0.001090926
-0.00025228,0.74319697,-0.001011262
-0.00025224,0.757548187,0.000104033
-0.0002522,0.768710244,0.000422688
-0.00025216,0.784656041,-0.001011262
-0.00025212,0.811763894,-0.001011262
-0.00025208,0.818142213,-0.000134959
-0.00025204,0.851628385,-0.000851934
-0.000252,0.854020255,-0.000453615
-0.00025196,0.877938949,-0.001409582
-0.00025192,0.885911847,-0.000453615
-0.00025188,0.914614281,-0.000453615
-0.00025184,0.923384469,-0.000373951
-0.0002518,0.949695033,0.00026336
-0.00025176,0.970424568,-0.000692606
-0.00025172,0.988762234,0.001059999
-0.00025168,1.013478218,0.00066168
-0.00025164,1.033410463,0.000741344
-0.0002516,1.058923738,0.000104033
-0.00025156,1.079653273,0.000104033
-0.00025152,1.104369257,-0.000692606
-0.00025148,1.113936735,0.001378655
-0.00025144,1.141044589,-0.000294287
-0.0002514,1.160976834,0.000980336
-0.00025136,1.184098239,-0.000373951
-0.00025132,1.207219644,0.000343024
-0.00025128,1.231138338,-0.000931598
-0.00025124,1.247881424,-0.000453615
-0.0002512,1.274191988,-0.000373951
-0.00025116,1.290935074,-0.001011262
-0.00025112,1.311664609,-0.000373951
-0.00025108,1.330002275,-0.00117059
-0.00025104,1.3515291,-0.000851934
-0.000251,1.368272186,-0.000214623
-0.00025096,1.400163779,0.000343024
-0.00025092,1.422487894,-0.000453615
-0.00025088,1.448798458,-0.000373951
-0.00025084,1.463946964,-0.000533279
-0.0002508,1.497433137,-0.000373951
-0.00025076,1.521351831,-0.000851934
-0.00025072,1.530919309,-0.000931598
-0.00025068,1.556432583,2.44E-05
-0.00025064,1.582743147,0.000502352
-0.0002506,1.601878103,-0.00077227
-0.00025056,1.61304016,-0.001250254
-0.00025052,1.65768839,-0.000294287
-0.00025048,1.672836896,-0.000134959
-0.00025044,1.70153933,0.000582016
-0.0002504,1.715890547,-0.000214623
-0.00025036,1.735822792,-0.000294287
-0.00025032,1.765322515,0.00026336
-0.00025028,1.78844392,-0.000851934
-0.00025024,1.811565325,0.000422688
-0.0002502,1.83229486,0.000183697
-0.00025016,1.860997293,0.00026336
-0.00025012,1.868172902,-0.000214623
-0.00025008,1.888902437,-0.000134959
-0.00025004,1.914415711,0.000343024
-0.00025,1.923983189,0.000343024
-0.00024996,1.957469361,-0.000214623
-0.00024992,1.974212447,0.000582016
-0.00024988,1.999725721,0.00066168
-0.00024984,2.011685069,-0.000692606
-0.0002498,2.037995633,0.000502352
-0.00024976,2.061914327,0.000343024
-0.00024972,2.078657413,-0.000851934
-0.00024968,2.098589659,0.000741344
-0.00024964,2.109751716,0.000183697
-0.0002496,2.13685957,0.00066168
-0.00024956,2.169548452,0.00026336
-0.00024952,2.187088828,-0.000612942
-0.00024948,2.205426494,0.000821008
-0.00024944,2.239709956,0.00066168
-0.0002494,2.250074724,0.001219327
-0.00024936,2.269209679,2.44E-05
-0.00024932,2.288344635,0.000422688
-0.00024928,2.302695852,0.000821008
-0.00024924,2.317047068,2.44E-05
-0.0002492,2.360100718,-0.000134959
-0.00024916,2.377641094,0.00026336
-0.00024912,2.393586891,0.000104033
-0.00024908,2.409532687,0.00026336
-0.00024904,2.437437831,0.00026336
-0.000249,2.458964656,-0.00077227
-0.00024896,2.48447793,-0.00077227
-0.00024892,2.503612886,0.000502352
-0.00024888,2.517964102,0.000183697
-0.00024884,2.540288217,0.001378655
-0.0002488,2.56899065,-0.001011262
-0.00024876,2.588922896,0.000104033
-0.00024872,2.603274113,-0.000851934
-0.00024868,2.639949444,0.000900672
-0.00024864,2.647125053,-0.000294287
-0.0002486,2.677422066,0.00066168
-0.00024856,2.70054347,-0.000373951
-0.00024852,2.710908238,-0.001090926
-0.00024848,2.738813381,0.000582016
-0.00024844,2.757151047,0.000900672
-0.0002484,2.779475162,0.000422688
-0.00024836,2.795420958,0.000343024
-0.00024832,2.817745073,0.001059999
-0.00024828,2.835285449,0.00066168
-0.00024824,2.869568911,0.000582016
-0.0002482,2.883122838,2.44E-05
-0.00024816,2.906244243,2.44E-05
-0.00024812,2.931757517,0.00066168
-0.00024808,2.938933125,0.000900672
-0.00024804,2.96205453,-0.000214623
-0.000248,2.981189486,0.00026336
-0.00024796,3.00510818,0.00066168
-0.00024792,3.028229585,-0.000214623
-0.00024788,3.037797063,-0.000453615
-0.00024784,3.064904916,0.00026336
-0.0002478,3.090418191,0.00066168
-0.00024776,3.099188379,2.44E-05
-0.00024772,3.13745829,0.000821008
-0.00024768,3.149417637,0.000183697
-0.00024764,3.162174274,0.000422688
-0.0002476,3.187687548,2.44E-05
-0.00024756,3.202836055,0.000183697
-0.00024752,3.22197101,-0.000373951
-0.00024748,3.249078864,0.001139663
-0.00024744,3.26901111,0.00026336
-0.0002474,3.288146065,-0.000453615
-0.00024736,3.316051209,0.000741344
-0.00024732,3.333591585,-0.000134959
-0.00024728,3.363888598,0.000183697
-0.00024724,3.377442525,-0.000373951
-0.0002472,3.402955799,0.000502352
-0.00024716,3.406942248,0.000502352
-0.00024712,3.427671783,-0.000373951
-0.00024708,3.462752535,0.000582016
-0.00024704,3.481090201,0.000183697
-0.000247,3.489063099,0.000502352
-0.00024696,3.519360112,0.00066168
-0.00024692,3.544873386,2.44E-05
-0.00024688,3.561616472,0.000900672
-0.00024684,3.589521616,0.000900672
-0.0002468,3.602278253,0.00026336
-0.00024676,3.629386107,-0.000294287
-0.00024672,3.642142744,0.000741344
-0.00024668,3.661277699,0.000183697
-0.00024664,3.674034336,0.000502352
-0.0002466,3.697953031,-0.000214623
-0.00024656,3.725858175,2.44E-05
-0.00024652,3.748979579,0.00026336
-0.00024648,3.759344347,-0.000294287
-0.00024644,3.78724949,2.44E-05
-0.0002464,3.803992577,0.001139663
-0.00024636,3.830303141,0.000582016
-0.00024632,3.851829966,0.000343024
-0.00024628,3.866978472,0.000183697
-0.00024624,3.87734324,-0.000851934
-0.0002462,3.898072775,0.000582016
-0.00024616,3.925977919,-0.000294287
-0.00024612,3.930761657,0.000422688
-0.00024608,3.966639699,0.000741344
-0.00024604,3.984977365,0.000741344
-0.000246,3.996936712,0.000343024
-0.00024596,4.031220174,0.000582016
-0.00024592,4.04876055,0.001139663
-0.00024588,4.057530738,0.000422688
-0.00024584,4.0918142,0.001298991
-0.0002458,4.114935605,-0.000533279
-0.00024576,4.127692242,0.001139663
-0.00024572,4.154800096,0.000582016
-0.00024568,4.167556733,0.000183697
-0.00024564,4.184299819,0.000821008
-0.0002456,4.215394122,0.00066168
-0.00024556,4.227353469,0.001059999
-0.00024552,4.249677584,0.001617647
-0.00024548,4.273596279,0.001458319
-0.00024544,4.298312263,-0.000612942
-0.0002454,4.299906843,0.000343024
-0.00024536,4.334987595,0.000741344
-0.00024532,4.338974044,0.00066168
-0.00024528,4.361298158,0.001219327
-0.00024524,4.383622273,0.001776975
-0.0002452,4.409932837,0.000821008
-0.00024516,4.421094895,0.000582016
-0.00024512,4.448202749,0.000582016
-0.00024508,4.468134994,0.000502352
-0.00024504,4.480891631,0.00026336
-0.000245,4.500026587,0.001059999
-0.00024496,4.522350701,-0.000134959
-0.00024492,4.538296498,0.001139663
-0.00024488,4.557431453,0.001139663
-0.00024484,4.590120336,0.001458319
-0.0002448,4.606066132,0.00026336
-0.00024476,4.620417349,0.000104033
-0.00024472,4.641944174,0.001059999
-0.00024468,4.664268289,0.000343024
-0.00024464,4.670646607,0.001458319
-0.0002446,4.706524649,0.000900672
-0.00024456,4.716889417,0.00026336
-0.00024452,4.739213532,0.000422688
-0.00024448,4.755159328,0.001059999
-0.00024444,4.767915965,0.000980336
-0.0002444,4.775091573,0.000343024
-0.00024436,4.806983166,0.001059999
-0.00024432,4.836482889,0.000821008
-0.00024428,4.845253077,0.001219327
-0.00024424,4.862793453,0.001298991
-0.0002442,4.885914858,0.000502352
-0.00024416,4.899468785,0.001219327
-0.00024412,4.91860374,0.000821008
-0.00024408,4.948900753,0.000183697
-0.00024404,4.958468231,0.001617647
-0.000244,4.981589636,0.00066168
-0.00024396,5.001521881,0.000582016
-0.00024392,5.015873098,0.000502352
-0.00024388,5.034210764,0.001219327
-0.00024384,5.056534879,0.000422688
-0.0002438,5.078061704,0.001856639
-0.00024376,5.086034602,0.000900672
-0.00024372,5.104372268,0.000821008
-0.00024368,5.125899093,0.000821008
-0.00024364,5.147425918,0.000582016
-0.0002436,5.167358163,0.000980336
-0.00024356,5.188884988,0.000821008
-0.00024352,5.200844335,0.000741344
-0.00024348,5.218384711,0.001219327
-0.00024344,5.231938638,0.001059999
-0.0002434,5.247087145,0.000343024
-0.00024336,5.274194999,0.001617647
-0.00024332,5.278978738,2.44E-05
-0.00024328,5.301302852,0.001537983
-0.00024324,5.31166762,0.000422688
-0.0002432,5.343559213,0.000502352
-0.00024316,5.341964633,0.00026336
-0.00024312,5.369869777,0.000343024
-0.00024308,5.375450805,0.001458319
-0.00024304,5.381829124,0.000821008
-0.000243,5.3993695,0.00026336
-0.00024296,5.415315296,0.000502352
-0.00024292,5.424882774,-0.000453615
-0.00024288,5.422490905,0.000980336
-0.00024284,5.445612309,0.000343024
-0.0002428,5.433652962,0.000741344
-0.00024276,5.445612309,2.44E-05
-0.00024272,5.452787918,0.001378655
-0.00024268,5.459166236,0.000741344
-0.00024264,5.458368946,0.00066168
-0.0002426,5.469531004,0.000821008
-0.00024256,5.490260539,0.001458319
-0.00024252,5.471922873,0.000502352
-0.00024248,5.481490351,0.001219327
-0.00024244,5.48388222,0.000900672
-0.0002424,5.478301192,0.001219327
-0.00024236,5.48707138,-0.000453615
-0.00024232,5.491057829,0.001298991
-0.00024228,5.483084931,-0.000214623
-0.00024224,5.493449698,0.000980336
-0.0002422,5.495044278,0.001298991
-0.00024216,5.488665959,0.000900672
-0.00024212,5.491057829,0.001776975
-0.00024208,5.496638858,0.000502352
-0.00024204,5.502219886,0.000422688
-0.000242,5.499030727,0.000741344
-0.00024196,5.493449698,-0.000692606
-0.00024192,5.494246988,0.00026336
-0.00024188,5.503017176,0.000980336
-0.00024184,5.491855119,0.00066168
-0.0002418,5.489463249,0.000582016
-0.00024176,5.490260539,0.001617647
-0.00024172,5.503814466,0.000741344
-0.00024168,5.483084931,0.000900672
-0.00024164,5.489463249,0.000821008
-0.0002416,5.497436147,0.001219327
-0.00024156,5.491057829,2.44E-05
-0.00024152,5.478301192,0.000980336
-0.00024148,5.481490351,0.000502352
-0.00024144,5.476706612,0.000980336
-0.0002414,5.472720163,0.001378655
-0.00024136,5.474314743,0.001378655
-0.00024132,5.477503902,0.000980336
-0.00024128,5.472720163,0.001298991
-0.00024124,5.471922873,0.000741344
-0.0002412,5.460760816,0.00026336
-0.00024116,5.455977077,-0.000294287
-0.00024112,5.446409599,0.00066168
-0.00024108,5.445612309,2.44E-05
-0.00024104,5.431261093,0.000741344
-0.000241,5.427274643,0.001378655
-0.00024096,5.412923427,0.000821008
-0.00024092,5.393788471,0.001059999
-0.00024088,5.383423704,0.001139663
-0.00024084,5.372261646,0.00066168
-0.0002408,5.338775474,0.001537983
-0.00024076,5.326816127,-0.000612942
-0.00024072,5.302897432,0.000502352
-0.00024068,5.275789578,0.000980336
-0.00024064,5.26781668,0.000741344
-0.0002406,5.236722377,2.44E-05
-0.00024056,5.215195552,0.000900672
-0.00024052,5.186493119,0.000104033
-0.00024048,5.173736482,0.000502352
-0.00024044,5.146628628,0.00066168
-0.0002404,5.126696383,0.001776975
-0.00024036,5.113142456,0.000104033
-0.00024032,5.088426471,-0.000214623
-0.00024028,5.053345719,0.000183697
-0.00024024,5.053345719,-0.000294287
-0.0002402,5.025440576,0.00026336
-0.00024016,5.004711041,-0.000134959
-0.00024012,4.979197766,0.000502352
-0.00024008,4.96245468,0.00066168
-0.00024004,4.932157667,-0.000533279
-0.00024,4.915414581,0.000502352
-0.00023996,4.892293176,0.000183697
-0.00023992,4.873955511,-0.000294287
-0.00023988,4.848442237,0.00026336
-0.00023984,4.851631396,0.00026336
-0.0002398,4.817347934,0.000104033
-0.00023976,4.786253631,0.000422688
-0.00023972,4.771105124,0.000741344
-0.00023968,4.751172879,-0.000214623
-0.00023964,4.739213532,0.001059999
-0.0002396,4.727254184,0.000343024
-0.00023956,4.700146331,0.00026336
-0.00023952,4.679416795,0.001219327
-0.00023948,4.653903521,-0.000214623
-0.00023944,4.633173986,0.000900672
-0.0002394,4.624403798,0.001219327
-0.00023936,4.607660712,0.000741344
-0.00023932,4.57337725,0.001298991
-0.00023928,4.552647714,0.000821008
-0.00023924,4.537499208,0.000900672
-0.0002392,4.512783224,2.44E-05
-0.00023916,4.480094341,0.000422688
-0.00023912,4.477702472,2.44E-05
-0.00023908,4.456175647,-0.000294287
-0.00023904,4.430662373,0.001936302
-0.000239,4.416311156,0.000422688
-0.00023896,4.39637891,0.000422688
-0.00023892,4.381230404,0.001139663
-0.00023888,4.350933391,0.000741344
-0.00023884,4.332595725,0.001059999
-0.0002388,4.3110689,0.000980336
-0.00023876,4.294325814,0.000980336
-0.00023872,4.273596279,0.000183697
-0.00023868,4.245691135,0.000980336
-0.00023864,4.234529078,0.000821008
-0.0002386,4.22256973,0.000980336
-0.00023856,4.192272717,0.000582016
-0.00023852,4.18111066,0.001139663
-0.00023848,4.158786545,0.001139663
-0.00023844,4.131678691,0.000980336
-0.0002384,4.114138315,0.000900672
-0.00023836,4.100584388,0.001697311
-0.00023832,4.069490086,0.001059999
-0.00023828,4.040787652,0.000183697
-0.00023824,4.027233725,0.000980336
-0.0002382,4.014477088,0.000980336
-0.00023816,3.985774655,0.000343024
-0.00023812,3.957869511,0.00026336
-0.00023808,3.949896613,0.001378655
-0.00023804,3.9195996,0.001458319
-0.000238,3.912423992,0.001059999
-0.00023796,3.881329689,-0.000214623
-0.00023792,3.853424545,0.000183697
-0.00023788,3.843059778,2.44E-05
-0.00023784,3.816749214,0.001219327
-0.0002378,3.801600707,0.000741344
-0.00023776,3.773695564,0.000502352
-0.00023772,3.764925376,2.44E-05
-0.00023768,3.725858175,-0.000373951
-0.00023764,3.714696117,0.000741344
-0.0002376,3.70273677,2.44E-05
-0.00023756,3.687588263,0.000422688
-0.00023752,3.654102091,-0.000214623
-0.00023748,3.651710222,0.000900672
-0.00023744,3.611845731,0.000502352
-0.0002374,3.586332457,-0.000134959
-0.00023736,3.577562269,-0.000612942
-0.00023732,3.560819182,-0.000533279
-0.00023728,3.535305908,0.000821008
-0.00023724,3.512184504,-0.000294287
-0.0002372,3.489860389,2.44E-05
-0.00023716,3.457968796,0.000343024
-0.00023712,3.453982347,0.001298991
-0.00023708,3.426874493,0.001219327
-0.00023704,3.39657748,0.000980336
-0.000237,3.389401872,0.000104033
-0.00023696,3.363091308,0.001776975
-0.00023692,3.344753642,0.000343024
-0.00023688,3.329605136,0.001219327
-0.00023684,3.300902702,0.000104033
-0.0002368,3.283362326,-0.000373951
-0.00023676,3.263430081,0.000582016
-0.00023672,3.237119517,0.000183697
-0.00023668,3.206025214,-0.000294287
-0.00023664,3.204430634,0.000343024
-0.0002366,3.18051194,-0.000373951
-0.00023656,3.151012217,0.000582016
-0.00023652,3.139850159,-0.000453615
-0.00023648,3.113539595,-0.000612942
-0.00023644,3.087229031,0.000343024
-0.0002364,3.076864264,-0.00077227
-0.00023636,3.065702206,0.000104033
-0.00023632,3.030621454,0.00066168
-0.00023628,3.021851266,-0.000294287
-0.00023624,2.995540702,2.44E-05
-0.0002362,2.972419298,-0.000214623
-0.00023616,2.957270791,2.44E-05
-0.00023612,2.937338546,-0.000612942
-0.00023608,2.903055084,-0.000294287
-0.00023604,2.892690316,0.000343024
-0.000236,2.87594723,-0.000931598
-0.00023596,2.851231246,-0.000453615
-0.00023592,2.824920682,0.000343024
-0.00023588,2.815353204,-0.000134959
-0.00023584,2.782664321,-0.000373951
-0.0002358,2.759542917,-0.000453615
-0.00023576,2.736421512,0.000422688
-0.00023572,2.722070295,-0.000692606
-0.00023568,2.704529919,-0.000214623
-0.00023564,2.683800384,2.44E-05
-0.0002356,2.648719632,0.000183697
-0.00023556,2.634368415,0.000502352
-0.00023552,2.616828039,0.000183697
-0.00023548,2.602476823,0.000343024
-0.00023544,2.561815042,2.44E-05
-0.0002354,2.560220462,0.000741344
-0.00023536,2.535504478,-0.000851934
-0.00023532,2.509193914,0.000183697
-0.00023528,2.490058959,-0.000453615
-0.00023524,2.471721293,0.000502352
-0.0002352,2.453383627,0.00066168
-0.00023516,2.423883904,-0.000373951
-0.00023512,2.408735397,0.000422688
-0.00023508,2.386411282,-0.001409582
-0.00023504,2.35292511,-0.001090926
-0.000235,2.35212782,-0.000931598
-0.00023496,2.313857909,-0.000294287
-0.00023492,2.301101272,0.00026336
-0.00023488,2.276385288,-0.000373951
-0.00023484,2.257250332,-0.000692606
-0.0002348,2.234128927,-0.001250254
-0.00023476,2.214196682,-0.000533279
-0.00023472,2.193467147,2.44E-05
-0.00023468,2.171940322,-0.001011262
-0.00023464,2.159183685,-0.000533279
-0.0002346,2.131278541,0.000582016
-0.00023456,2.102576108,0.000183697
-0.00023452,2.099386948,2.44E-05
-0.00023448,2.071481805,-0.000612942
-0.00023444,2.046765821,-0.001011262
-0.0002344,2.038792922,0.000104033
-0.00023436,1.998928432,-0.001011262
-0.00023432,1.974212447,-0.000294287
-0.00023428,1.954280202,2.44E-05
-0.00023424,1.945510014,-0.001250254
-0.0002342,1.91840216,-0.001409582
-0.00023416,1.903253654,-0.00117059
-0.00023412,1.87455122,-0.00077227
-0.00023408,1.849835236,-0.000134959
-0.00023404,1.834686729,0.000422688
-0.000234,1.808376165,-0.000134959
-0.00023396,1.798808688,0.000183697
-0.00023392,1.773295413,-0.001409582
-0.00023388,1.759741486,0.000821008
-0.00023384,1.736620082,-0.000931598
-0.0002338,1.708714938,-0.000612942
-0.00023376,1.696755591,0.000502352
-0.00023372,1.676823346,0.000422688
-0.00023368,1.651310071,0.000104033
-0.00023364,1.632175116,-0.000931598
-0.0002336,1.598688944,-0.000851934
-0.00023356,1.580351278,0.000502352
-0.00023352,1.573175669,-0.000294287
-0.00023348,1.549256975,-0.000851934
-0.00023344,1.513378933,-0.000612942
-0.0002334,1.506203325,-0.000453615
-0.00023336,1.480690051,-0.000533279
-0.00023332,1.448798458,-0.000294287
-0.00023328,1.436839111,-0.000851934
-0.00023324,1.415312286,0.000104033
-0.0002332,1.392190881,2.44E-05
-0.00023316,1.370664056,-0.000373951
-0.00023312,1.360299288,2.44E-05
-0.00023308,1.332394145,-0.00117059
-0.00023304,1.31086732,2.44E-05
-0.000233,1.302894422,-0.000612942
-0.00023296,1.26781367,-0.001250254
-0.00023292,1.262232641,0.000104033
-0.00023288,1.240705816,-0.00077227
-0.00023284,1.214395252,-0.000533279
-0.0002328,1.196057586,0.000422688
-0.00023276,1.185692818,2.44E-05
-0.00023272,1.156990385,-0.000533279
-0.00023268,1.13546356,-0.000692606
-0.00023264,1.115531315,-0.001489245
-0.0002326,1.101180098,2.44E-05
-0.00023256,1.081247852,-0.000533279
-0.00023252,1.062910187,2.44E-05
-0.00023248,1.038991492,-0.000612942
-0.00023244,1.022248406,-0.000373951
-0.0002324,1.008694479,-0.00117059
-0.00023236,0.982383915,0.000183697
-0.00023232,0.957667931,0.000183697
-0.00023228,0.938532975,0.00026336
-0.00023224,0.920195309,-0.000533279
-0.0002322,0.901060354,0.000183697
-0.00023216,0.901060354,-0.000453615
-0.00023212,0.867574182,-0.000533279
-0.00023208,0.851628385,2.44E-05
-0.00023204,0.848439226,-0.000373951
-0.000232,0.824520531,-0.000851934
-0.00023196,0.805385576,-0.001568909
-0.00023192,0.799007257,-0.000373951
-0.00023188,0.791831649,-0.000851934
-0.00023184,0.760737346,-0.000214623
-0.0002318,0.763926505,0.000343024
-0.00023176,0.74319697,-0.000134959
-0.00023172,0.735224072,-0.000851934
-0.00023168,0.725656594,-0.000453615
-0.00023164,0.712899957,2.44E-05
-0.0002316,0.712102667,0.000980336
-0.00023156,0.681805654,0.000821008
-0.00023152,0.712899957,0.00066168
-0.00023148,0.692967712,0.000502352
-0.00023144,0.682602944,0.000422688
-0.0002314,0.689778552,0.000502352
-0.00023136,0.688981263,-0.000612942
-0.00023132,0.690575842,-0.001329918
-0.00023128,0.69934603,-0.000533279
-0.00023124,0.714494537,0.000582016
-0.0002312,0.722467435,2.44E-05
-0.00023116,0.730440333,-0.000692606
-0.00023112,0.747183419,2.44E-05
-0.00023108,0.747980709,-0.000294287
-0.00023104,0.767912954,-0.000692606
-0.000231,0.794223518,-0.000692606
-0.00023096,0.801399127,-0.000294287
-0.00023092,0.826912401,-0.001011262
-0.00023088,0.83169614,-0.000851934
-0.00023084,0.850033806,-0.000851934
-0.0002308,0.87315521,-0.001011262
-0.00023076,0.900263064,-0.00077227
-0.00023072,0.912222411,-0.000612942
-0.00023068,0.936141106,-0.00077227
-0.00023064,0.956073351,-0.000373951
-0.0002306,0.971221858,-0.000294287
-0.00023056,0.995937842,2.44E-05
-0.00023052,1.015870087,-0.000533279
-0.00023048,1.031018594,-0.000134959
-0.00023044,1.05015355,-0.000134959
-0.0002304,1.080450563,-0.000373951
-0.00023036,1.101977388,-0.000373951
-0.00023032,1.125098792,-0.000533279
-0.00023028,1.146625617,-0.000453615
-0.00023024,1.160179544,0.00026336
-0.0002302,1.182503659,-0.000453615
-0.00023016,1.200044035,-0.000612942
-0.00023012,1.22077357,0.000104033
-0.00023008,1.250273294,0.000104033
-0.00023004,1.274989278,-0.000134959
-0.00023,1.298907972,-0.000453615
-0.00022996,1.30847545,0.000900672
-0.00022992,1.345948072,-0.001011262
-0.00022988,1.35392097,-0.000533279
-0.00022984,1.381028824,-0.00077227
-0.0002298,1.416109575,-0.000692606
-0.00022976,1.426474343,-0.000373951
-0.00022972,1.437636401,-0.000851934
-0.00022968,1.478298181,0.000104033
-0.00022964,1.495838557,-0.000373951
-0.0002296,1.506203325,-0.000851934
-0.00022956,1.539689497,0.000104033
-0.00022952,1.562810902,-0.000931598
-0.00022948,1.579553988,0.00026336
-0.00022944,1.600283523,-0.000692606
-0.0002294,1.625796797,-0.000373951
-0.00022936,1.648120912,-0.00117059
-0.00022932,1.668053158,-0.000214623
-0.00022928,1.694363722,-0.001011262
-0.00022924,1.711904097,-0.000294287
-0.0002292,1.74618756,0.000582016
-0.00022916,1.771700834,0.000183697
-0.00022912,1.785254761,-0.000453615
-0.00022908,1.810768035,0.000183697
-0.00022904,1.824321962,-0.000692606
-0.000229,1.849037946,0.00026336
-0.00022896,1.868970191,0.000900672
-0.00022892,1.892888886,-0.000214623
-0.00022888,1.930361507,-0.000373951
-0.00022884,1.935145246,-0.000134959
-0.0002288,1.951888332,-0.00077227
-0.00022876,1.980590766,-0.000533279
-0.00022872,1.996536562,0.00066168
-0.00022868,2.031617314,-0.00117059
-0.00022864,2.034009183,-0.00077227
-0.0002286,2.063508907,0.000582016
-0.00022856,2.09061676,-0.000373951
-0.00022852,2.100184238,-0.000373951
-0.00022848,2.127292092,-0.000214623
-0.00022844,2.158386395,-0.001090926
-0.0002284,2.158386395,-0.000851934
-0.00022836,2.1815078,2.44E-05
-0.00022832,2.211804813,-0.000612942
-0.00022828,2.231737058,-0.001090926
-0.00022824,2.254061173,-0.000294287
-0.0002282,2.271601549,-0.000134959
-0.00022816,2.298709403,0.00066168
-0.00022812,2.305885011,0.000104033
-0.00022808,2.334587444,-0.001568909
-0.00022804,2.357708849,-0.000214623
-0.000228,2.370465486,-0.000612942
-0.00022796,2.393586891,0.000343024
-0.00022792,2.417505585,0.000183697
-0.00022788,2.433451382,0.000104033
-0.00022784,2.449397178,-0.001090926
-0.0002278,2.48368064,-0.00077227
-0.00022776,2.495639987,-0.001090926
-0.00022772,2.52912616,-0.001648573
-0.00022768,2.546666536,0.000900672
-0.00022764,2.557828593,-0.00077227
-0.0002276,2.588125606,-0.000533279
-0.00022756,2.623206358,0.000183697
-0.00022752,2.627990097,0.000183697
-0.00022748,2.651908791,-0.000214623
-0.00022744,2.671841037,-0.000692606
-0.0002274,2.70213805,0.001139663
-0.00022736,2.714894687,-0.000134959
-0.00022732,2.734029643,-0.000294287
-0.00022728,2.761934786,0.000183697
-0.00022724,2.771502264,-0.000612942
-0.0002272,2.802596567,0.000104033
-0.00022716,2.827312551,-0.000453615
-0.00022712,2.835285449,0.000183697
-0.00022708,2.853623115,0.00026336
-0.00022704,2.893487606,0.000422688
-0.000227,2.909433402,-0.00077227
-0.00022696,2.922190039,0.000343024
-0.00022692,2.944514154,-0.000612942
-0.00022688,2.965243689,-0.000931598
-0.00022684,2.989162384,0.000502352
-0.0002268,3.021851266,2.44E-05
-0.00022676,3.025040426,2.44E-05
-0.00022672,3.035405193,-0.000134959
-0.00022668,3.076066974,-0.000453615
-0.00022664,3.082445292,-0.000612942
-0.0002266,3.109553146,-0.000134959
-0.00022656,3.124701653,0.000104033
-0.00022652,3.147025768,-0.000373951
-0.00022648,3.168552593,-0.000134959
-0.00022644,3.195660446,-0.000134959
-0.0002264,3.220376431,-0.000134959
-0.00022636,3.2227683,-0.000294287
-0.00022632,3.246686995,0.000343024
-0.00022628,3.278578587,0.001219327
-0.00022624,3.288146065,0.000582016
-0.0002262,3.317645788,0.000741344
-0.00022616,3.344753642,0.000741344
-0.00022612,3.366280467,0.001458319
-0.00022608,3.377442525,-0.000214623
-0.00022604,3.39737477,0.001059999
-0.000226,3.418104305,0.000502352
-0.00022596,3.438833841,0.000980336
-0.00022592,3.457968796,0.000104033
-0.00022588,3.469928143,0.000422688
-0.00022584,3.497833287,0.000900672
-0.0002258,3.52892759,0.000741344
-0.00022576,3.539292357,0.000900672
-0.00022572,3.549657125,0.00066168
-0.00022568,3.583940587,0.00066168
-0.00022564,3.6142376,0.000422688
-0.0002256,3.620615919,0.001059999
-0.00022556,3.646926483,0.000502352
-0.00022552,3.675628916,0.000900672
-0.00022548,3.685196394,0.00066168
-0.00022544,3.699547611,2.44E-05
-0.0002254,3.716290697,0.000422688
-0.00022536,3.748182289,0.000741344
-0.00022532,3.761736216,0.000900672
-0.00022528,3.78884407,0.000183697
-0.00022524,3.802397997,0.000582016
-0.0002252,3.821532953,-0.000214623
-0.00022516,3.839073329,0.000104033
-0.00022512,3.869370342,0.00066168
-0.00022508,3.899667355,-0.000134959
-0.00022504,3.909234832,0.001059999
-0.000225,3.929167078,-0.000373951
-0.00022496,3.944315584,0.000502352
-0.00022492,3.966639699,0.001059999
-0.00022488,3.982585496,0.001458319
-0.00022484,4.011287929,-0.000453615
-0.0002248,4.027233725,0.001219327
-0.00022476,4.046368681,0.000821008
-0.00022472,4.068692796,0.000741344
-0.00022468,4.082246723,0.001059999
-0.00022464,4.117327475,-0.000931598
-0.0002246,4.132475981,0.001458319
-0.00022456,4.152408226,0.000343024
-0.00022452,4.177124211,-0.000612942
-0.00022448,4.195461877,2.44E-05
-0.00022444,4.209813093,0.00066168
-0.0002244,4.220975151,0.000741344
-0.00022436,4.240907396,0.000343024
-0.00022432,4.275988148,0.000900672
-0.00022428,4.289542075,0.001139663
-0.00022424,4.302298712,0.001856639
-0.0002242,4.323028247,0.00066168
-0.00022416,4.344555072,0.001458319
-0.00022412,4.374054796,0.001378655
-0.00022408,4.386014143,0.001936302
-0.00022404,4.404351809,0.000741344
-0.000224,4.426675923,0.001219327
-0.00022396,4.437837981,0.001059999
-0.00022392,4.467337704,0.001139663
-0.00022388,4.475310602,0.001298991
-0.00022384,4.494445558,0.000582016
-0.0002238,4.519958832,0.001059999
-0.00022376,4.539891077,0.001458319
-0.00022372,4.563809772,0.00066168
-0.00022368,4.584539307,0.00026336
-0.00022364,4.586931177,0.000104033
-0.0002236,4.61563361,-0.000214623
-0.00022356,4.646727913,0.000104033
-0.00022352,4.664268289,0.00066168
-0.00022348,4.676227636,0.001458319
-0.00022344,4.706524649,0.001219327
-0.0002234,4.733632503,0.001059999
-0.00022336,4.743199981,0.000582016
-0.00022332,4.769510545,0.000900672
-0.00022328,4.783064472,0.001059999
-0.00022324,4.79103737,0.002254958
-0.0002232,4.812564195,0.001537983
-0.00022316,4.83329373,0.000900672
-0.00022312,4.853225975,0.001139663
-0.00022308,4.869171772,0.000183697
-0.00022304,4.893887756,0.000502352
-0.000223,4.914617291,0.000343024
-0.00022296,4.932157667,0.000183697
-0.00022292,4.955279072,0.000900672
-0.00022288,4.955279072,0.001139663
-0.00022284,4.983981505,0.000980336
-0.0002228,5.00550833,0.000821008
-0.00022276,5.031021605,0.000980336
-0.00022272,5.037399923,0.001219327
-0.00022268,5.058129458,0.000980336
-0.00022264,5.076467124,0.001617647
-0.0002226,5.09241292,0.001776975
-0.00022256,5.109953296,-0.000214623
-0.00022252,5.123507223,-0.000214623
-0.00022248,5.151412367,0.000980336
-0.00022244,5.168155453,0.000502352
-0.0002224,5.185695829,0.000821008
-0.00022236,5.201641625,0.001139663
-0.00022232,5.228749479,0.001139663
-0.00022228,5.232735928,0.000422688
-0.00022224,5.258249202,0.001059999
-0.0002222,5.274992288,0.000741344
-0.00022216,5.287748926,0.001378655
-0.00022212,5.314059489,0.000900672
-0.00022208,5.326018837,0.000900672
-0.00022204,5.338775474,0.001537983
-0.000222,5.361099589,0.000502352
-0.00022196,5.369072487,-0.000453615
-0.00022192,5.376248095,0.000980336
-0.00022188,5.377842675,0.00066168
-0.00022184,5.40016679,0.000343024
-0.0002218,5.39857221,0.000980336
-0.00022176,5.410531557,0.00066168
-0.00022172,5.420099035,0.000821008
-0.00022168,5.422490905,0.001537983
-0.00022164,5.436842121,0.001378655
-0.0002216,5.44322044,0.002015966
-0.00022156,5.451193338,0.001537983
-0.00022152,5.454382497,0.001298991
-0.00022148,5.459166236,0.000343024
-0.00022144,5.459963526,0.001059999
-0.0002214,5.455977077,0.000582016
-0.00022136,5.473517453,0.001458319
-0.00022132,5.479098482,0.000502352
-0.00022128,5.482287641,0.000821008
-0.00022124,5.491057829,0.000741344
-0.0002212,5.48627409,0.000980336
-0.00022116,5.479098482,0.000821008
-0.00022112,5.501422596,0.001776975
-0.00022108,5.48627409,0.001059999
-0.00022104,5.493449698,0.000422688
-0.000221,5.496638858,0.001059999
-0.00022096,5.495044278,0.00066168
-0.00022092,5.492652408,0.000741344
-0.00022088,5.492652408,0.001697311
-0.00022084,5.48467951,0.000980336
-0.0002208,5.48786867,0.001059999
-0.00022076,5.498233437,0.001139663
-0.00022072,5.489463249,0.000980336
-0.00022068,5.500625307,0.001537983
-0.00022064,5.490260539,0.000821008
-0.0002206,5.498233437,0.001458319
-0.00022056,5.489463249,0.000900672
-0.00022052,5.48627409,0.001856639
-0.00022048,5.48627409,0.001458319
-0.00022044,5.48627409,0.001856639
-0.0002204,5.480693061,0.001378655
-0.00022036,5.479098482,0.001059999
-0.00022032,5.494246988,0.001458319
-0.00022028,5.482287641,0.001936302
-0.00022024,5.469531004,0.002015966
-0.0002202,5.475909322,0.001059999
-0.00022016,5.467936424,0.001298991
-0.00022012,5.472720163,0.001537983
-0.00022008,5.467139134,0.001139663
-0.00022004,5.455179787,0.001298991
-0.00022,5.461558106,0.000741344
-0.00021996,5.444815019,0.000980336
-0.00021992,5.445612309,0.001139663
-0.00021988,5.429666513,0.000821008
-0.00021984,5.426477354,0.001059999
-0.0002198,5.406545108,0.001059999
-0.00021976,5.39697763,0.001936302
-0.00021972,5.376248095,0.000741344
-0.00021968,5.35472127,0.000422688
-0.00021964,5.345153792,0.001139663
-0.0002196,5.326018837,0.000343024
-0.00021956,5.296519114,0.000183697
-0.00021952,5.273397709,0.001139663
-0.00021948,5.255857333,0.000821008
-0.00021944,5.230344059,0.001537983
-0.0002194,5.214398262,0.00066168
-0.00021936,5.195263307,0.001378655
-0.00021932,5.170547322,0.001776975
-0.00021928,5.160979845,0.001776975
-0.00021924,5.127493672,0.001298991
-0.0002192,5.104372268,0.001298991
-0.00021916,5.076467124,0.000900672
-0.00021912,5.070088806,0.001378655
-0.00021908,5.029427025,0.000821008
-0.00021904,5.011089359,0.000422688
-0.000219,4.997535432,0.000900672
-0.00021896,4.966441129,0.000980336
-0.00021892,4.956076362,0.000741344
-0.00021888,4.940130565,0.001298991
-0.00021884,4.923387479,0.000821008
-0.0002188,4.879536539,2.44E-05
-0.00021876,4.866779902,0.000741344
-0.00021872,4.855617845,0.000422688
-0.00021868,4.83169915,0.000741344
-0.00021864,4.816550644,0.00066168
-0.0002186,4.802996717,0.000821008
-0.00021856,4.771902414,0.000900672
-0.00021852,4.751970169,0.001059999
-0.00021848,4.736821662,-0.000214623
-0.00021844,4.711308388,0.001537983
-0.0002184,4.689781563,0.000183697
-0.00021836,4.679416795,-0.000134959
-0.00021832,4.649119782,0.000900672
-0.00021828,4.629984827,0.000104033
-0.00021824,4.620417349,0.000183697
-0.0002182,4.594106785,0.000582016
-0.00021816,4.577363699,0.001298991
-0.00021812,4.542282947,0.00066168
-0.00021808,4.545472106,0.001936302
-0.00021804,4.508796775,0.000900672
-0.000218,4.498432007,0.000900672
-0.00021796,4.477702472,-0.000612942
-0.00021792,4.452986487,0.000821008
-0.00021788,4.425878634,0.000104033
-0.00021784,4.418703025,0.000502352
-0.0002178,4.386811433,0.00026336
-0.00021776,4.366879187,0.000980336
-0.00021772,4.342163203,-0.000931598
-0.00021768,4.330203856,0.000741344
-0.00021764,4.301501422,0.000502352
-0.0002176,4.295920394,0.00026336
-0.00021756,4.262434221,0.001219327
-0.00021752,4.253664033,0.000502352
-0.00021748,4.236920947,0.000582016
-0.00021744,4.209015803,0.000343024
-0.0002174,4.191475428,0.001378655
-0.00021736,4.174732341,0.001139663
-0.00021732,4.1388543,0.000980336
-0.00021728,4.125300373,0.000183697
-0.00021724,4.102976258,0.00026336
-0.0002172,4.081449433,0.000104033
-0.00021716,4.065503636,0.001776975
-0.00021712,4.037598493,0.00026336
-0.00021708,4.022449986,0.000900672
-0.00021704,3.992152973,0.000900672
-0.000217,3.982585496,0.000183697
-0.00021696,3.96504512,0.00026336
-0.00021692,3.939531845,0.000422688
-0.00021688,3.92119418,0.001378655
-0.00021684,3.906045673,2.44E-05
-0.0002168,3.87654595,0.000502352
-0.00021676,3.861397443,-0.002365548
-0.00021672,3.839870618,0.003210925
-0.00021668,3.821532953,0.000741344
-0.00021664,3.803195287,0.000104033
-0.0002166,3.766519955,0.001776975
-0.00021656,3.748182289,-0.000134959
-0.00021652,3.742601261,0.001219327
-0.00021648,3.722669015,2.44E-05
-0.00021644,3.695561162,0.00026336
-0.0002164,3.685196394,-0.000214623
-0.00021636,3.652507511,0.000502352
-0.00021632,3.626196947,-0.000134959
-0.00021628,3.607061992,0.001139663
-0.00021624,3.592710775,2.44E-05
-0.0002162,3.567197501,0.001219327
-0.00021616,3.550454415,0.000582016
-0.00021612,3.536900488,0.001936302
-0.00021608,3.507400765,0.001458319
-0.00021604,3.488265809,0.000343024
-0.000216,3.458766086,0.000422688
-0.00021596,3.44042842,2.44E-05
-0.00021592,3.415712436,0.000343024
-0.00021588,3.402955799,0.000502352
-0.00021584,3.376645235,0.000821008
-0.0002158,3.364685888,-0.000612942
-0.00021576,3.335983454,0.001617647
-0.00021572,3.315253919,-0.000134959
-0.00021568,3.291335224,0.001219327
-0.00021564,3.274592138,-0.000533279
-0.0002156,3.248281574,-0.00077227
-0.00021556,3.235524937,0.000104033
-0.00021552,3.217187271,0.000741344
-0.00021548,3.186890258,0.000104033
-0.00021544,3.166160723,0.000104033
-0.0002154,3.147025768,-0.000692606
-0.00021536,3.119917914,-0.00117059
-0.00021532,3.112742305,0.000104033
-0.00021528,3.09201277,0.000183697
-0.00021524,3.078458843,-0.000134959
-0.0002152,3.041783512,-0.000294287
-0.00021516,3.019459397,2.44E-05
-0.00021512,3.00750005,0.000741344
-0.00021508,2.991554253,0.000422688
-0.00021504,2.96205453,0.000343024
-0.000215,2.938933125,0.001139663
-0.00021496,2.931757517,2.44E-05
-0.00021492,2.903055084,0.000104033
-0.00021488,2.883920128,0.000502352
-0.00021484,2.860001434,0.000900672
-0.0002148,2.844852927,0.001776975
-0.00021476,2.822528812,0.001936302
-0.00021472,2.805785726,0.000343024
-0.00021468,2.779475162,-0.000294287
-0.00021464,2.760340206,-0.000453615
-0.0002146,2.7451917,-0.000294287
-0.00021456,2.714894687,0.000900672
-0.00021452,2.695759731,0.000980336
-0.00021448,2.674232906,0.00026336
-0.00021444,2.655097951,0.000741344
-0.0002144,2.631976546,0.000343024
-0.00021436,2.609652431,0.00026336
-0.00021432,2.589720186,0.000343024
-0.00021428,2.584139157,0.002812605
-0.00021424,2.554639434,0.000582016
-0.0002142,2.537099058,2.44E-05
-0.00021416,2.505207465,0.001139663
-0.00021412,2.487667089,-0.001728237
-0.00021408,2.461356525,0.000582016
-0.00021404,2.454180917,0.001537983
-0.000214,2.425478483,-0.000294287
-0.00021396,2.39597876,0.001219327
-0.00021392,2.382424833,0.000422688
-0.00021388,2.359303429,0.000183697
-0.00021384,2.338573893,0.000502352
-0.0002138,2.313060619,0.000343024
-0.00021376,2.292331084,0.001059999
-0.00021372,2.277182578,-0.000533279
-0.00021368,2.253263883,-0.000294287
-0.00021364,2.231737058,-0.000612942
-0.0002136,2.206223784,2.44E-05
-0.00021356,2.17831864,0.000582016
-0.00021352,2.166359293,-0.000294287
-0.00021348,2.152008076,0.000900672
-0.00021344,2.124102933,0.00066168
-0.0002134,2.112143585,-0.000373951
-0.00021336,2.073076384,-0.000851934
-0.00021332,2.065103486,-0.000453615
-0.00021328,2.028428155,2.44E-05
-0.00021324,2.00530675,0.000741344
-0.0002132,2.00371217,0.001139663
-0.00021316,1.980590766,0.000104033
-0.00021312,1.953482912,2.44E-05
-0.00021308,1.927172348,-0.000294287
-0.00021304,1.91840216,-0.00077227
-0.000213,1.896875335,-0.000533279
-0.00021296,1.877740379,2.44E-05
-0.00021292,1.859402714,-0.000692606
-0.00021288,1.82990299,-0.000612942
-0.00021284,1.812362614,-0.000851934
-0.0002128,1.78844392,-0.00117059
-0.00021276,1.778079152,-0.000373951
-0.00021272,1.74459298,-0.000214623
-0.00021268,1.735822792,-0.000533279
-0.00021264,1.708714938,-0.000533279
-0.0002126,1.686390823,-0.000533279
-0.00021256,1.672836896,-0.001090926
-0.00021252,1.637756145,-0.00077227
-0.00021248,1.620215769,-0.001250254
-0.00021244,1.609053711,0.00026336
-0.0002124,1.584337727,-0.000692606
-0.00021236,1.566000061,-0.00077227
-0.00021232,1.543675946,-0.001568909
-0.00021228,1.522149121,-0.000134959
-0.00021224,1.499027716,-0.001329918
-0.0002122,1.48308192,0.000741344
-0.00021216,1.463946964,-0.000294287
-0.00021212,1.432852662,-0.000214623
-0.00021208,1.410528547,-0.000931598
-0.00021204,1.399366489,0.000422688
-0.000212,1.377042374,0.000104033
-0.00021196,1.357110129,-0.001011262
-0.00021192,1.330002275,-0.00077227
-0.00021188,1.304489001,0.000183697
-0.00021184,1.295718813,-0.000692606
-0.0002118,1.273394698,-0.00077227
-0.00021176,1.250273294,2.44E-05
-0.00021172,1.235922077,-0.00117059
-0.00021168,1.224760019,-0.000533279
-0.00021164,1.201638615,-0.000453615
-0.0002116,1.168949732,0.000422688
-0.00021156,1.156990385,-0.000214623
-0.00021152,1.125098792,-0.000134959
-0.00021148,1.109152996,-0.00117059
-0.00021144,1.09001804,-0.001250254
-0.0002114,1.075666824,-0.000214623
-0.00021136,1.054937289,-0.000851934
-0.00021132,1.024640275,-0.000373951
-0.00021128,1.018261957,-0.000373951
-0.00021124,0.993545973,0.00026336
-0.0002112,0.976005597,-0.001011262
-0.00021116,0.958465221,-0.001011262
-0.00021112,0.937735685,-0.000533279
-0.00021108,0.924979048,-0.001011262
-0.00021104,0.896276615,2.44E-05
-0.000211,0.884317268,-0.000612942
-0.00021096,0.871560631,0.000582016
-0.00021092,0.842858197,-0.000612942
-0.00021088,0.83089885,-0.00077227
-0.00021084,0.808574735,-0.000851934
-0.0002108,0.794223518,-0.00117059
-0.00021076,0.774291273,-0.000931598
-0.00021072,0.774291273,-0.000373951
-0.00021068,0.762331926,-0.001409582
-0.00021064,0.736021362,-0.000533279
-0.0002106,0.726453884,-0.000373951
-0.00021056,0.720872855,-0.000453615
-0.00021052,0.708116218,-0.000851934
-0.00021048,0.694562291,-0.001329918
-0.00021044,0.697751451,-0.000453615
-0.0002104,0.678616495,-0.000692606
-0.00021036,0.677021915,-0.000214623
-0.00021032,0.676224626,0.000183697
-0.00021028,0.673035466,-0.001807901
-0.00021024,0.684197524,-0.000373951
-0.0002102,0.692967712,-0.000533279
-0.00021016,0.685792103,-0.000692606
-0.00021012,0.70014332,-0.000851934
-0.00021008,0.704129769,-0.00077227
-0.00021004,0.724062015,-0.001011262
-0.00021,0.733629492,-0.001329918
-0.00020996,0.74479155,-0.000612942
-0.00020992,0.758345477,-0.000931598
-0.00020988,0.777480432,-0.001568909
-0.00020984,0.804588286,-0.000373951
-0.0002098,0.817344923,-0.001250254
-0.00020976,0.827709691,-0.000851934
-0.00020972,0.850831095,-0.000931598
-0.00020968,0.87235792,-0.00077227
-0.00020964,0.882722688,-0.000453615
-0.0002096,0.909033252,0.000422688
-0.00020956,0.928965497,-0.000214623
-0.00020952,0.948100453,-0.000214623
-0.00020948,0.968829988,-0.00117059
-0.00020944,0.978397466,0.00026336
-0.0002094,0.995140552,0.000900672
-0.00020936,1.022248406,0.000582016
-0.00020932,1.05015355,0.000422688
-0.00020928,1.062112897,0.000104033
-0.00020924,1.086828881,-0.000134959
-0.0002092,1.120315053,-0.00077227
-0.00020916,1.121909633,-0.000373951
-0.00020912,1.149814777,0.000741344
-0.00020908,1.18011179,-0.000612942
-0.00020904,1.194463006,0.000582016
-0.000209,1.22077357,-0.000373951
-0.00020896,1.246286845,-0.00077227
-0.00020892,1.255854322,-0.000931598
-0.00020888,1.279773017,-0.000612942
-0.00020884,1.294921523,2.44E-05
-0.0002088,1.334786014,-0.000294287
-0.00020876,1.347542651,-0.000612942
-0.00020872,1.364285737,0.000502352
-0.00020868,1.385812562,0.000183697
-0.00020864,1.420893314,0.000980336
-0.0002086,1.43843369,0.000343024
-0.00020856,1.458365936,0.000104033
-0.00020852,1.476703602,0.000821008
-0.00020848,1.506203325,0.000422688
-0.00020844,1.52613557,0.000343024
-0.0002084,1.538892207,-0.00117059
-0.00020836,1.56998651,0.000104033
-0.00020832,1.585135017,-0.000134959
-0.00020828,1.61224287,0.00026336
-0.00020824,1.644931753,-0.000134959
-0.0002082,1.652107361,-0.000214623
-0.00020816,1.676823346,-0.000214623
-0.00020812,1.70074204,0.000502352
-0.00020808,1.722268865,0.000343024
-0.00020804,1.747782139,-0.000692606
-0.000208,1.775687283,-0.000214623
-0.00020796,1.785254761,0.000422688
-0.00020792,1.810768035,-0.000931598
-0.00020788,1.841065048,0.00066168
-0.00020784,1.857010844,0.000343024
-0.0002078,1.861794583,0.000422688
-0.00020776,1.894483466,-0.00117059
-0.00020772,1.91840216,0.000343024
-0.00020768,1.926375058,-0.000134959
-0.00020764,1.953482912,0.00066168
-0.0002076,1.978996186,-0.000294287
-0.00020756,2.010090489,-0.00117059
-0.00020752,2.022049836,-0.001090926
-0.00020748,2.041184792,-0.000134959
-0.00020744,2.065103486,-0.001090926
-0.0002074,2.09141405,-0.00077227
-0.00020736,2.100184238,-0.001090926
-0.00020732,2.123305643,-0.00117059
-0.00020728,2.159183685,-0.00117059
-0.00020724,2.187088828,-0.000373951
-0.0002072,2.198250886,0.000343024
-0.00020716,2.225358739,-0.000373951
-0.00020712,2.238912666,0.000422688
-0.00020708,2.250872014,0.000741344
-0.00020704,2.274790708,2.44E-05
-0.000207,2.298709403,0.000741344
-0.00020696,2.321830807,0.000582016
-0.00020692,2.349735951,-0.000453615
-0.00020688,2.360898008,0.000980336
-0.00020684,2.391992311,-0.000294287
-0.0002068,2.39757334,-0.000214623
-0.00020676,2.425478483,2.44E-05
-0.00020672,2.452586337,-0.000931598
-0.00020668,2.469329423,-0.000453615
-0.00020664,2.498031857,0.000104033
-0.0002066,2.511585784,0.000343024
-0.00020656,2.529923449,0.000104033
-0.00020652,2.547463825,0.000741344
-0.00020648,2.56978794,0.000104033
-0.00020644,2.593706635,-0.000692606
-0.0002064,2.601679533,-0.000692606
-0.00020636,2.633571126,-0.000134959
-0.00020632,2.65988169,-0.000533279
-0.00020628,2.673435616,-0.000373951
-0.00020624,2.698948891,-0.000931598
-0.0002062,2.713300107,0.000422688
-0.00020616,2.737218802,0.000183697
-0.00020612,2.768313105,0.000502352
-0.00020608,2.782664321,0.000183697
-0.00020604,2.796218248,0.001139663
-0.000206,2.816947783,-0.000134959
-0.00020596,2.83289358,-0.00117059
-0.00020592,2.859204144,-0.000134959
-0.00020588,2.87355536,-0.001011262
-0.00020584,2.899865924,-0.00077227
-0.0002058,2.923784619,-0.001011262
-0.00020576,2.954878922,0.000183697
-0.00020572,2.96364911,-0.000294287
-0.00020568,2.988365094,0.000502352
-0.00020564,3.017067527,-0.000612942
-0.0002056,3.031418744,-0.002206221
-0.00020556,3.052148279,-0.00077227
-0.00020552,3.063310337,-0.00077227
-0.00020548,3.101580248,-0.000692606
-0.00020544,3.106363987,0.000183697
-0.0002054,3.129485392,-0.000373951
-0.00020536,3.158985115,-0.000294287
-0.00020532,3.171741752,0.000582016
-0.00020528,3.198052316,-0.000373951
-0.00020524,3.227552039,0.000183697
-0.0002052,3.228349329,-0.000453615
-0.00020516,3.257051762,0.000582016
-0.00020512,3.288146065,0.00026336
-0.00020508,3.293727094,0.00026336
-0.00020504,3.328010556,-0.000612942
-0.000205,3.347942801,0.000502352
-0.00020496,3.371861496,0.000980336
-0.00020492,3.380631684,0.000422688
-0.00020488,3.412523277,0.001059999
-0.00020484,3.424482624,-0.000134959
-0.0002048,3.442023,0.000502352
-0.00020476,3.467536274,0.000343024
-0.00020472,3.489063099,0.000582016
-0.00020468,3.508995344,0.001139663
-0.00020464,3.534508619,0.001617647
-0.0002046,3.538495068,0.000343024
-0.00020456,3.565602921,0.00066168
-0.00020452,3.599089094,0.001697311
-0.00020448,3.605467412,0.000980336
-0.00020444,3.627791527,0.001059999
-0.0002044,3.654102091,0.000741344
-0.00020436,3.666858728,0.001617647
-0.00020432,3.685196394,0.000582016
-0.00020428,3.717087987,0.000502352
-0.00020424,3.724263595,0.000343024
-0.0002042,3.74579042,0.000183697
-0.00020416,3.780073882,0.000821008
-0.00020412,3.79043865,0.000183697
-0.00020408,3.817546503,0.000422688
-0.00020404,3.839870618,0.001378655
-0.000204,3.852627255,2.44E-05
-0.00020396,3.866181182,-0.000533279
-0.00020392,3.895680906,-0.000612942
-0.00020388,3.906842963,-0.000851934
-0.00020384,3.921991469,0.000343024
-0.0002038,3.955477642,2.44E-05
-0.00020376,3.965842409,-0.000851934
-0.00020372,3.996139422,0.001378655
-0.00020368,4.014477088,0.000104033
-0.00020364,4.028031015,-0.000134959
-0.0002036,4.052746999,0.000582016
-0.00020356,4.069490086,0.000502352
-0.00020352,4.106962707,2.44E-05
-0.00020348,4.100584388,0.000104033
-0.00020344,4.130084112,0.000422688
-0.0002034,4.158786545,0.000104033
-0.00020336,4.177124211,0.000183697
-0.00020332,4.193867297,0.001059999
-0.00020328,4.214596832,0.000502352
-0.00020324,4.22336702,-0.000533279
-0.0002032,4.248083005,2.44E-05
-0.00020316,4.271204409,0.001139663
-0.00020312,4.295920394,-0.000692606
-0.00020308,4.295123104,-0.000214623
-0.00020304,4.330203856,0.000821008
-0.000203,4.351730681,0.000104033
-0.00020296,4.362095448,2.44E-05
-0.00020292,4.382824984,0.000183697
-0.00020288,4.413919286,0.000104033
-0.00020284,4.424284054,-0.000134959
-0.0002028,4.437837981,0.000741344
-0.00020276,4.464148545,0.00026336
-0.00020272,4.4832835,0.000343024
-0.00020268,4.513580513,0.000741344
-0.00020264,4.526337151,0.000502352
-0.0002026,4.540688367,-0.000294287
-0.00020256,4.564607062,-0.000214623
-0.00020252,4.584539307,-0.001011262
-0.00020248,4.593309495,0.000422688
-0.00020244,4.625998378,0.001059999
-0.0002024,4.646727913,0.000741344
-0.00020236,4.663470999,-0.000373951
-0.00020232,4.670646607,0.00066168
-0.00020228,4.70413278,0.000422688
-0.00020224,4.728848764,0.000422688
-0.0002022,4.742402691,0.001139663
-0.00020216,4.760740357,0.000422688
-0.00020212,4.779078022,0.001139663
-0.00020208,4.799807558,0.001139663
-0.00020204,4.826915411,0.000900672
-0.000202,4.83329373,0.000980336
-0.00020196,4.859604294,0.000980336
-0.00020192,4.881928409,0.000741344
-0.00020188,4.896279626,0.000104033
-0.00020184,4.917009161,0.000422688
-0.0002018,4.934549537,0.000821008
-0.00020176,4.96404926,0.001059999
-0.00020172,4.972022158,0.000502352
-0.00020168,4.991157114,0.001776975
-0.00020164,5.009494779,0.000502352
-0.0002016,5.027832445,0.000900672
-0.00020156,5.047764691,0.001139663
-0.00020152,5.062913197,-0.000134959
-0.00020148,5.078858994,0.001617647
-0.00020144,5.09241292,0.00066168
-0.0002014,5.113939745,0.000741344
-0.00020136,5.133871991,0.000422688
-0.00020132,5.159385265,0.000183697
-0.00020128,5.164966294,0.001059999
-0.00020124,5.190479568,0.001059999
-0.0002012,5.208817234,0.001139663
-0.00020116,5.221573871,0.000980336
-0.00020112,5.239114247,0.000343024
-0.00020108,5.254262753,0.000741344
-0.00020104,5.26701939,0.000582016
-0.000201,5.281370607,0.001697311
-0.00020096,5.302100142,-0.000453615
-0.00020092,5.314059489,-0.000134959
-0.00020088,5.326018837,0.000343024
-0.00020084,5.352329401,0.000741344
-0.0002008,5.361099589,0.000900672
-0.00020076,5.374653516,0.000343024
-0.00020072,5.378639965,0.000343024
-0.00020068,5.404153239,0.001219327
-0.00020064,5.409734267,0.000104033
-0.0002006,5.417707166,-0.000214623
-0.00020056,5.432058382,0.00066168
-0.00020052,5.427274643,0.00026336
-0.00020048,5.438436701,0.00026336
-0.00020044,5.448004179,0.001378655
-0.0002004,5.460760816,-0.000294287
-0.00020036,5.448801468,0.00026336
-0.00020032,5.464747265,0.000980336
-0.00020028,5.467139134,0.00026336
-0.00020024,5.459963526,0.000821008
-0.0002002,5.482287641,0.000821008
-0.00020016,5.465544555,0.001617647
-0.00020012,5.475909322,0.000582016
-0.00020008,5.468733714,0.001139663
-0.00020004,5.48627409,0.000183697
-0.0002,5.476706612,0.000900672
-0.00019996,5.488665959,0.000582016
-0.00019992,5.491057829,0.001219327
-0.00019988,5.4854768,0.000422688
-0.00019984,5.480693061,0.000502352
-0.0001998,5.488665959,0.000741344
-0.00019976,5.48627409,0.001697311
-0.00019972,5.501422596,0.00026336
-0.00019968,5.497436147,0.000183697
-0.00019964,5.48627409,0.000343024
-0.0001996,5.501422596,0.000821008
-0.00019956,5.491855119,2.44E-05
-0.00019952,5.494246988,0.000343024
-0.00019948,5.490260539,0.000343024
-0.00019944,5.488665959,0.000582016
-0.0001994,5.481490351,0.000900672
-0.00019936,5.482287641,-0.000931598
-0.00019932,5.494246988,0.000582016
-0.00019928,5.48388222,-0.000612942
-0.00019924,5.477503902,0.00026336
-0.0001992,5.480693061,0.001298991
-0.00019916,5.472720163,0.000502352
-0.00019912,5.476706612,0.00026336
-0.00019908,5.481490351,0.00066168
-0.00019904,5.476706612,0.000104033
-0.000199,5.476706612,0.000422688
-0.00019896,5.462355395,-0.000294287
-0.00019892,5.465544555,-0.000533279
-0.00019888,5.457571656,0.000741344
-0.00019884,5.447206889,0.000422688
-0.0001988,5.44401773,-0.000214623
-0.00019876,5.438436701,0.001139663
-0.00019872,5.424085484,0.000980336
-0.00019868,5.415315296,0.001139663
-0.00019864,5.401761369,-0.000373951
-0.0001986,5.384220993,0.001776975
-0.00019856,5.369072487,0.000741344
-0.00019852,5.35711314,0.001458319
-0.00019848,5.349937531,0.001458319
-0.00019844,5.318843228,0.000502352
-0.0001984,5.291735375,0.001219327
-0.00019836,5.277384158,-0.000134959
-0.00019832,5.249479014,0.000502352
-0.00019828,5.215195552,0.00026336
-0.00019824,5.206425364,0.00066168
-0.0001982,5.190479568,0.000821008
-0.00019816,5.165763584,0.000502352
-0.00019812,5.152209657,0.001936302
-0.00019808,5.125899093,0.000582016
-0.00019804,5.099588529,0.000183697
-0.000198,5.078061704,0.001537983
-0.00019796,5.056534879,0.001537983
-0.00019792,5.024643286,0.000900672
-0.00019788,5.012683939,0.001139663
-0.00019784,5.003116461,-0.000294287
-0.0001978,4.96245468,0.000821008
-0.00019776,4.952887202,0.000582016
-0.00019772,4.935346827,0.001378655
-0.00019768,4.913820001,0.00026336
-0.00019764,4.882725699,2.44E-05
-0.0001976,4.873955511,0.000422688
-0.00019756,4.853225975,-0.000533279
-0.00019752,4.823726252,0.000741344
-0.00019748,4.815753354,-0.001409582
-0.00019744,4.784659051,0.000422688
-0.0001974,4.759145777,-0.001090926
-0.00019736,4.751172879,0.000183697
-0.00019732,4.732835213,-0.000612942
-0.00019728,4.696957171,-0.000453615
-0.00019724,4.692173432,-0.000931598
-0.0001972,4.662673709,-0.00077227
-0.00019716,4.636363145,0.000502352
-0.00019712,4.632376696,0.000980336
-0.00019708,4.625201088,0.000741344
-0.00019704,4.587728466,-0.000533279
-0.000197,4.57018809,0.00066168
-0.00019696,4.555039584,-0.00077227
-0.00019692,4.526337151,0.000104033
-0.00019688,4.502418456,-0.000134959
-0.00019684,4.480094341,-0.000134959
-0.0001968,4.468134994,0.000900672
-0.00019676,4.44022985,0.000502352
-0.00019672,4.429865083,0.000900672
-0.00019668,4.403554519,0.000104033
-0.00019664,4.383622273,0.000343024
-0.0001966,4.364487318,-0.000214623
-0.00019656,4.346946942,0.000582016
-0.00019652,4.326217407,0.00026336
-0.00019648,4.304690581,0.000741344
-0.00019644,4.283163756,0.000422688
-0.0001964,4.260839642,0.00026336
-0.00019636,4.236123657,0.000502352
-0.00019632,4.214596832,0.001139663
-0.00019628,4.205029354,0.001059999
-0.00019624,4.189880848,0.001697311
-0.0001962,4.166759443,0.001139663
-0.00019616,4.1388543,0.000900672
-0.00019612,4.123705793,0.001697311
-0.00019608,4.104570837,0.001617647
-0.00019604,4.089422331,0.001298991
-0.000196,4.064706347,0.001219327
-0.00019596,4.032017464,0.000422688
-0.00019592,4.017666247,-0.000533279
-0.00019588,4.0057069,0.00066168
-0.00019584,3.982585496,0.000741344
-0.0001958,3.953085772,0.000104033
-0.00019576,3.939531845,0.00026336
-0.00019572,3.92039689,0.000582016
-0.00019568,3.887708007,-0.000214623
-0.00019564,3.869370342,0.00026336
-0.0001956,3.862194733,0.001697311
-0.00019556,3.83269501,0.000900672
-0.00019552,3.819141083,0.001219327
-0.00019548,3.796816968,0.000821008
-0.00019544,3.775290143,0.001139663
-0.0001954,3.754560608,0.001617647
-0.00019536,3.732236493,0.001219327
-0.00019532,3.705925929,-0.000294287
-0.00019528,3.686790974,0.000741344
-0.00019524,3.685196394,-0.000373951
-0.0001952,3.653304801,0.000502352
-0.00019516,3.626196947,0.001697311
-0.00019512,3.610251151,0.001219327
-0.00019508,3.588724326,0.00066168
-0.00019504,3.560819182,-0.000134959
-0.000195,3.544873386,0.000343024
-0.00019496,3.514576373,0.000821008
-0.00019492,3.505008895,0.001059999
-0.00019488,3.489063099,0.000582016
-0.00019484,3.461157955,0.000582016
-0.0001948,3.444414869,2.44E-05
-0.00019476,3.429266363,0.00026336
-0.00019472,3.39578019,0.000741344
-0.00019468,3.383023553,-0.00077227
-0.00019464,3.356712989,0.00026336
-0.0001946,3.341564483,-0.000612942
-0.00019456,3.316848499,-0.000294287
-0.00019452,3.292132514,0.00026336
-0.00019448,3.276186718,0.000900672
-0.00019444,3.245092415,-0.000453615
-0.0001944,3.237119517,0.000343024
-0.00019436,3.215592692,-0.001250254
-0.00019432,3.182903809,-0.000214623
-0.00019428,3.177322781,-0.000214623
-0.00019424,3.146228478,-0.00117059
-0.0001942,3.128688102,2.44E-05
-0.00019416,3.112742305,-0.000931598
-0.00019412,3.088823611,-0.000373951
-0.00019408,3.065702206,-0.000453615
-0.00019404,3.042580802,0.000422688
-0.000194,3.026635005,0.000343024
-0.00019396,2.998729862,-0.000692606
-0.00019392,2.984378645,-0.001489245
-0.00019388,2.956473501,0.00026336
-0.00019384,2.947703313,-0.000134959
-0.0001938,2.926176488,-0.000533279
-0.00019376,2.905446953,-0.000134959
-0.00019372,2.87514994,0.000104033
-0.00019368,2.849636666,0.000980336
-0.00019364,2.848839376,0.000502352
-0.0001936,2.817745073,0.000821008
-0.00019356,2.809772175,-0.000134959
-0.00019352,2.785056191,0.000900672
-0.00019348,2.757948337,-0.001489245
-0.00019344,2.730840483,0.00066168
-0.0001934,2.721273005,0.000502352
-0.00019336,2.688584123,-0.000533279
-0.00019332,2.660678979,-0.000453615
-0.00019328,2.663070849,-0.000214623
-0.00019324,2.640746734,2.44E-05
-0.0001932,2.600084953,-0.000134959
-0.00019316,2.593706635,0.00066168
-0.00019312,2.558625883,-0.001329918
-0.00019308,2.540288217,0.000183697
-0.00019304,2.522747841,-0.000373951
-0.000193,2.502815596,-0.000453615
-0.00019296,2.490058959,0.000104033
-0.00019292,2.460559235,-0.000453615
-0.00019288,2.43903241,0.000104033
-0.00019284,2.405546238,2.44E-05
-0.0001928,2.391992311,-0.000453615
-0.00019276,2.376843805,-0.000214623
-0.00019272,2.345749502,-0.000692606
-0.00019268,2.329006416,-0.001011262
-0.00019264,2.321033517,-0.000294287
-0.0001926,2.297912113,-0.000373951
-0.00019256,2.277979867,0.000422688
-0.00019252,2.261236781,-0.001329918
-0.00019248,2.238115377,-0.000453615
-0.00019244,2.204629204,-0.000453615
-0.0001924,2.185494249,-0.000533279
-0.00019236,2.174332191,-0.000851934
-0.00019232,2.13606228,-0.000214623
-0.00019228,2.126494802,-0.00117059
-0.00019224,2.114535455,-0.001648573
-0.0001922,2.087427601,-0.001409582
-0.00019216,2.061117037,-0.001568909
-0.00019212,2.027630865,0.000980336
-0.00019208,2.026036285,-0.000134959
-0.00019204,1.998928432,-0.000214623
-0.000192,1.975807027,-0.000214623
-0.00019196,1.957469361,0.00066168
-0.00019192,1.947104593,0.000343024
-0.00019188,1.912023841,-0.000612942
-0.00019184,1.889699727,-0.000134959
-0.0001918,1.870564771,0.00026336
-0.00019176,1.865781032,0.000582016
-0.00019172,1.827511121,-0.000134959
-0.00019168,1.817943643,2.44E-05
-0.00019164,1.790835789,-0.000294287
-0.0001916,1.766917095,0.00026336
-0.00019156,1.750971299,0.00066168
-0.00019152,1.727849894,-0.00077227
-0.00019148,1.695958301,-0.000214623
-0.00019144,1.687188113,0.000104033
-0.0001914,1.674431476,0.000422688
-0.00019136,1.644134463,-0.000533279
-0.00019132,1.629783246,0.000821008
-0.00019128,1.609851001,-0.000294287
-0.00019124,1.583540437,-0.00077227
-0.0001912,1.557229873,-0.000453615
-0.00019116,1.546865105,-0.00077227
-0.00019112,1.521351831,-0.000931598
-0.00019108,1.489460239,-0.000533279
-0.00019104,1.480690051,-0.000851934
-0.000191,1.455974066,-0.000612942
-0.00019096,1.424879763,-0.00117059
-0.00019092,1.399366489,0.000183697
-0.00019088,1.376245085,0.000582016
-0.00019084,1.362691158,-0.000533279
-0.0001908,1.360299288,-0.001250254
-0.00019076,1.328407696,-0.000851934
-0.00019072,1.294921523,-0.001011262
-0.00019068,1.292529654,-0.001489245
-0.00019064,1.273394698,0.000104033
-0.0001906,1.251070583,-0.001011262
-0.00019056,1.226354599,2.44E-05
-0.00019052,1.206422354,-0.000612942
-0.00019048,1.17771992,-0.000373951
-0.00019044,1.165760573,0.000980336
-0.0001904,1.150612067,-0.001090926
-0.00019036,1.129882531,-0.000851934
-0.00019032,1.112342155,0.000183697
-0.00019028,1.082045142,0.000183697
-0.00019024,1.070085795,-0.001409582
-0.0001902,1.04935626,0.00066168
-0.00019016,1.042977941,-0.000134959
-0.00019012,1.010289059,2.44E-05
-0.00019008,0.992748683,2.44E-05
-0.00019004,0.974411017,-0.000692606
-0.00019,0.944911294,-0.001648573
-0.00018996,0.936938396,-0.00077227
-0.00018992,0.928965497,0.00066168
-0.00018988,0.899465774,-0.000453615
-0.00018984,0.8739525,-0.000851934
-0.0001898,0.87235792,-0.000453615
-0.00018976,0.851628385,-0.001011262
-0.00018972,0.83169614,-0.000214623
-0.00018968,0.819736793,-0.000533279
-0.00018964,0.806980156,-0.000453615
-0.0001896,0.781466881,-0.000931598
-0.00018956,0.777480432,0.00066168
-0.00018952,0.756750897,0.000183697
-0.00018948,0.751169868,-0.000533279
-0.00018944,0.727251174,-0.000533279
-0.0001894,0.717683696,-0.001329918
-0.00018936,0.711305378,-0.00077227
-0.00018932,0.70253519,-0.000612942
-0.00018928,0.691373132,-0.000851934
-0.00018924,0.690575842,-0.000134959
-0.0001892,0.680211075,-0.000612942
-0.00018916,0.682602944,0.000343024
-0.00018912,0.673832756,0.000582016
-0.00018908,0.689778552,0.000183697
-0.00018904,0.691373132,-0.001250254
-0.000189,0.692170422,-0.000533279
-0.00018896,0.696954161,-0.000692606
-0.00018892,0.712102667,-0.000851934
-0.00018888,0.720872855,-0.00077227
-0.00018884,0.735224072,0.000343024
-0.0001888,0.749575289,0.000104033
-0.00018876,0.749575289,-0.00117059
-0.00018872,0.777480432,-0.000453615
-0.00018868,0.798209968,-0.001329918
-0.00018864,0.823723242,-0.000214623
-0.0001886,0.839669038,-0.000851934
-0.00018856,0.863587732,-0.000373951
-0.00018852,0.858803994,-0.001090926
-0.00018848,0.896276615,-0.000533279
-0.00018844,0.925776338,0.000183697
-0.0001884,0.929762787,-0.00077227
-0.00018836,0.9600598,0.000183697
-0.00018832,0.969627278,0.000104033
-0.00018828,0.983181205,-0.00077227
-0.00018824,1.00630261,-0.000851934
-0.0001882,1.031815884,-0.000294287
-0.00018816,1.056531868,0.000741344
-0.00018812,1.074072244,-0.000612942
-0.00018808,1.094801779,-0.000533279
-0.00018804,1.115531315,0.000582016
-0.000188,1.126693372,0.00066168
-0.00018796,1.154598516,2.44E-05
-0.00018792,1.17692263,-0.000373951
-0.00018788,1.197652166,0.000741344
-0.00018784,1.231935628,0.000343024
-0.0001878,1.240705816,-0.000931598
-0.00018776,1.256651612,0.000183697
-0.00018772,1.284556756,-0.00077227
-0.00018768,1.305286291,-0.001011262
-0.00018764,1.328407696,0.000343024
-0.0001876,1.358704709,0.000343024
-0.00018756,1.369866766,0.000104033
-0.00018752,1.388204432,-0.000612942
-0.00018748,1.413717706,-0.000851934
-0.00018744,1.444014719,-0.000692606
-0.0001874,1.457568646,-0.000612942
-0.00018736,1.480690051,-0.000373951
-0.00018732,1.508595194,-0.000533279
-0.00018728,1.522149121,-0.001011262
-0.00018724,1.542878656,-0.000373951
-0.0001872,1.56998651,-0.000612942
-0.00018716,1.589121466,-0.000931598
-0.00018712,1.616229319,-0.000851934
-0.00018708,1.641742594,-0.000612942
-0.00018704,1.65848568,-0.000214623
-0.000187,1.669647737,-0.000851934
-0.00018696,1.69994475,0.00026336
-0.00018692,1.722268865,-0.000851934
-0.00018688,1.750174009,-0.000134959
-0.00018684,1.774889993,-0.000453615
-0.0001868,1.797214108,-0.000134959
-0.00018676,1.816349063,2.44E-05
-0.00018672,1.83229486,2.44E-05
-0.00018668,1.849835236,0.000343024
-0.00018664,1.882524118,0.00026336
-0.0001866,1.907240103,-0.000851934
-0.00018656,1.926375058,0.000343024
-0.00018652,1.948699173,2.44E-05
-0.00018648,1.973415157,-0.000612942
-0.00018644,1.986171794,0.001059999
-0.0001864,2.000523011,-0.000692606
-0.00018636,2.038792922,-0.000931598
-0.00018632,2.04915769,-0.00077227
-0.00018628,2.065103486,-0.000214623
-0.00018624,2.101778818,-0.00117059
-0.0001862,2.115332745,2.44E-05
-0.00018616,2.128089382,-0.000533279
-0.00018612,2.146427048,-0.000931598
-0.00018608,2.171940322,0.001458319
-0.00018604,2.205426494,0.00066168
-0.000186,2.230142478,0.000582016
-0.00018596,2.246088275,-0.000214623
-0.00018592,2.26681781,0.000183697
-0.00018588,2.287547345,0.00066168
-0.00018584,2.304290431,-0.000931598
-0.0001858,2.322628097,0.000104033
-0.00018576,2.349735951,-0.000373951
-0.00018572,2.376046515,-0.000294287
-0.00018568,2.390397732,-0.001011262
-0.00018564,2.408735397,-0.001011262
-0.0001856,2.431856802,0.00026336
-0.00018556,2.447005309,0.000582016
-0.00018552,2.470924003,-0.000134959
-0.00018548,2.492450828,-0.000373951
-0.00018544,2.519558682,-0.000533279
-0.0001854,2.533112609,-0.001011262
-0.00018536,2.554639434,-0.000134959
-0.00018532,2.57217981,-0.000612942
-0.00018528,2.593706635,-0.000692606
-0.00018524,2.618422619,0.000104033
-0.0001852,2.647125053,-0.00077227
-0.00018516,2.641544024,0.000104033
-0.00018512,2.683800384,-0.000931598
-0.00018508,2.70054347,0.000422688
-0.00018504,2.726854034,-0.000214623
-0.000185,2.741205251,2.44E-05
-0.00018496,2.763529366,-0.000612942
-0.00018492,2.776286003,-0.000612942
-0.00018488,2.808177595,0.001139663
-0.00018484,2.834488159,-0.000373951
-0.0001848,2.844852927,2.44E-05
-0.00018476,2.878339099,-0.000214623
-0.00018472,2.895082186,0.000980336
-0.00018468,2.91820359,0.00026336
-0.00018464,2.930960227,0.000741344
-0.0001846,2.959662661,0.000183697
-0.00018456,2.971622008,-0.00077227
-0.00018452,2.988365094,2.44E-05
-0.00018448,3.023445846,-0.000294287
-0.00018444,3.028229585,-0.000851934
-0.0001844,3.060918467,-0.000134959
-0.00018436,3.077661554,2.44E-05
-0.00018432,3.097593799,0.00026336
-0.00018428,3.119917914,0.000502352
-0.00018424,3.133471841,-0.000134959
-0.0001842,3.147025768,-0.000692606
-0.00018416,3.172539042,0.000183697
-0.00018412,3.197255026,0.00026336
-0.00018408,3.220376431,0.000821008
-0.00018404,3.22436288,0.00066168
-0.000184,3.26502466,-0.000134959
-0.00018396,3.272997559,0.00026336
-0.00018392,3.297713543,0.000422688
-0.00018388,3.324821397,0.000980336
-0.00018384,3.35352383,0.001139663
-0.0001838,3.359902149,-0.000134959
-0.00018376,3.39896935,0.000582016
-0.00018372,3.406942248,-0.000373951
-0.00018368,3.427671783,-0.000134959
-0.00018364,3.448401318,0.000741344
-0.0001836,3.460360666,2.44E-05
-0.00018356,3.488265809,0.000104033
-0.00018352,3.505806185,-0.000931598
-0.00018348,3.52653572,-0.000294287
-0.00018344,3.548859835,0.000582016
-0.0001834,3.57038666,0.000821008
-0.00018336,3.591913485,0.001059999
-0.00018332,3.600683673,0.000104033
-0.00018328,3.625399658,0.000980336
-0.00018324,3.654102091,0.000422688
-0.0001832,3.662872279,0.000741344
-0.00018316,3.687588263,0.000821008
-0.00018312,3.718682566,0.000582016
-0.00018308,3.730641913,0.000104033
-0.00018304,3.743398551,-0.000612942
-0.000183,3.776884723,0.001617647
-0.00018296,3.796019678,-0.000533279
-0.00018292,3.819141083,0.000821008
-0.00018288,3.843857067,0.000821008
-0.00018284,3.850235386,0.000343024
-0.0001828,3.885316138,0.001697311
-0.00018276,3.901261934,0.000741344
-0.00018272,3.925180629,-0.000214623
-0.00018268,3.937139976,0.000502352
-0.00018264,3.959464091,0.000343024
-0.0001826,3.980193626,0.00026336
-0.00018256,4.0057069,0.001219327
-0.00018252,4.018463537,0.00026336
-0.00018248,4.034409334,0.000343024
-0.00018244,4.04955784,0.000900672
-0.0001824,4.074273824,0.000502352
-0.00018236,4.098989809,-0.000294287
-0.00018232,4.114935605,0.000582016
-0.00018228,4.131678691,-0.000134959
-0.00018224,4.159583835,-0.000453615
-0.0001822,4.175529631,0.000343024
-0.00018216,4.197853746,0.000183697
-0.00018212,4.209015803,0.00066168
-0.00018208,4.235326367,-0.000294287
-0.00018204,4.245691135,-0.000134959
-0.000182,4.277582728,0.000582016
-0.00018196,4.290339365,2.44E-05
-0.00018192,4.319041798,0.001378655
-0.00018188,4.345352362,0.00066168
-0.00018184,4.357311709,0.000104033
-0.0001818,4.374852085,0.000741344
-0.00018176,4.402757229,0.001139663
-0.00018172,4.412324707,0.001458319
-0.00018168,4.436243401,0.000821008
-0.00018164,4.464148545,0.000582016
-0.0001816,4.474513312,0.000900672
-0.00018156,4.492053688,0.000502352
-0.00018152,4.509594064,0.00026336
-0.00018148,4.540688367,-0.000373951
-0.00018144,4.547066686,0.000741344
-0.0001814,4.575769119,0.000422688
-0.00018136,4.590917626,0.000343024
-0.00018132,4.596498654,-0.000851934
-0.00018128,4.624403798,0.000741344
-0.00018124,4.643538754,0.001139663
-0.0001812,4.661876419,0.000343024
-0.00018116,4.684200534,0.001617647
-0.00018112,4.717686707,0.000741344
-0.00018108,4.721673156,0.000741344
-0.00018104,4.74718643,0.000422688
-0.000181,4.777483443,0.00066168
-0.00018096,4.784659051,0.001059999
-0.00018092,4.802996717,0.000900672
-0.00018088,4.823726252,0.001059999
-0.00018084,4.835685599,0.001059999
-0.0001808,4.861996163,0.001059999
-0.00018076,4.881131119,0.001697311
-0.00018072,4.893090466,0.000343024
-0.00018068,4.917806451,0.000502352
-0.00018064,4.939333276,0.001697311
-0.0001806,4.950495333,2.44E-05
-0.00018056,4.969630289,-0.000294287
-0.00018052,4.992751693,0.001219327
-0.00018048,4.997535432,0.001219327
-0.00018044,5.027832445,0.000502352
-0.0001804,5.042183662,0.000980336
-0.00018036,5.064507777,0.00066168
-0.00018032,5.085237312,0.001856639
-0.00018028,5.106764137,0.000821008
-0.00018024,5.105966847,0.000821008
-0.0001802,5.140250309,0.000900672
-0.00018016,5.157790685,0.001139663
-0.00018012,5.178520221,0.001059999
-0.00018008,5.199249756,0.000741344
-0.00018004,5.202438915,0.00066168
-0.00018,5.227952189,0.000821008
-0.00017996,5.237519667,0.000582016
-0.00017992,5.26861397,-0.000692606
-0.00017988,5.271803129,0.000183697
-0.00017984,5.285357056,0.000422688
-0.0001798,5.3132622,0.000104033
-0.00017976,5.322032388,0.000980336
-0.00017972,5.341167343,2.44E-05
-0.00017968,5.35631585,2.44E-05
-0.00017964,5.369072487,0.001298991
-0.0001796,5.373058936,0.000582016
-0.00017956,5.392193892,0.001059999
-0.00017952,5.392991181,0.000900672
-0.00017948,5.410531557,0.000502352
-0.00017944,5.414518006,0.001059999
-0.0001794,5.432058382,0.00026336
-0.00017936,5.432058382,0.00066168
-0.00017932,5.44082857,-0.000214623
-0.00017928,5.447206889,0.000980336
-0.00017924,5.452787918,-0.000214623
-0.0001792,5.462355395,0.001059999
-0.00017916,5.458368946,0.000343024
-0.00017912,5.455179787,-0.000294287
-0.00017908,5.470328294,0.000582016
-0.00017904,5.464747265,-0.000214623
-0.000179,5.476706612,0.000183697
-0.00017896,5.471125583,0.000821008
-0.00017892,5.471125583,0.001059999
-0.00017888,5.478301192,0.000502352
-0.00017884,5.479895771,0.000821008
-0.0001788,5.48467951,0.000343024
-0.00017876,5.4854768,2.44E-05
-0.00017872,5.483084931,0.000980336
-0.00017868,5.491057829,0.000900672
-0.00017864,5.4854768,-0.000373951
-0.0001786,5.492652408,0.000343024
-0.00017856,5.48786867,0.00066168
-0.00017852,5.497436147,0.000343024
-0.00017848,5.4854768,0.00026336
-0.00017844,5.496638858,0.00026336
-0.0001784,5.490260539,0.000502352
-0.00017836,5.489463249,0.001298991
-0.00017832,5.498233437,0.000422688
-0.00017828,5.495841568,0.000183697
-0.00017824,5.491057829,0.000502352
-0.0001782,5.494246988,0.000183697
-0.00017816,5.490260539,0.000741344
-0.00017812,5.478301192,0.00026336
-0.00017808,5.482287641,0.000502352
-0.00017804,5.478301192,0.000741344
-0.000178,5.476706612,-0.000453615
-0.00017796,5.483084931,0.000821008
-0.00017792,5.479895771,0.001139663
-0.00017788,5.472720163,0.00026336
-0.00017784,5.466341844,-0.001409582
-0.0001778,5.455977077,0.003609244
-0.00017776,5.457571656,0.00066168
-0.00017772,5.456774367,0.001139663
-0.00017768,5.452787918,0.001378655
-0.00017764,5.433652962,0.00026336
-0.0001776,5.439233991,0.001458319
-0.00017756,5.431261093,0.000900672
-0.00017752,5.410531557,-0.000533279
-0.00017748,5.394585761,0.00066168
-0.00017744,5.39777492,0.000900672
-0.0001774,5.364288748,-0.000453615
-0.00017736,5.343559213,0.000821008
-0.00017732,5.334789025,0.000980336
-0.00017728,5.315654069,0.001298991
-0.00017724,5.281370607,0.001537983
-0.0001772,5.273397709,0.001139663
-0.00017716,5.246289855,0.001059999
-0.00017712,5.22396574,0.002334622
-0.00017708,5.204830785,0.001617647
-0.00017704,5.17931751,0.001537983
-0.000177,5.159385265,0.001219327
-0.00017696,5.133871991,0.001298991
-0.00017692,5.113939745,0.001458319
-0.00017688,5.097196659,0.000980336
-0.00017684,5.070886095,0.001697311
-0.0001768,5.042980952,0.001776975
-0.00017676,5.021454127,0.001139663
-0.00017672,5.00869749,0.000343024
-0.00017668,4.976805897,0.001219327
-0.00017664,4.973616738,0.001139663
-0.0001766,4.953684492,0.001776975
-0.00017656,4.923387479,0.000741344
-0.00017652,4.901860654,0.000821008
-0.00017648,4.8747528,0.001458319
-0.00017644,4.868374482,0.000980336
-0.0001764,4.843658498,0.001059999
-0.00017636,4.824523542,0.000821008
-0.00017632,4.802199427,0.001298991
-0.00017628,4.783064472,0.001856639
-0.00017624,4.773496994,0.001697311
-0.0001762,4.755159328,0.000582016
-0.00017616,4.723267735,2.44E-05
-0.00017612,4.708119229,0.000821008
-0.00017608,4.695362592,0.000900672
-0.00017604,4.665065579,0.001697311
-0.000176,4.634768566,0.001059999
-0.00017596,4.622011929,0.000821008
-0.00017592,4.601282393,0.00066168
-0.00017588,4.590120336,0.001936302
-0.00017584,4.568593511,0.001617647
-0.0001758,4.533512759,0.000582016
-0.00017576,4.516769673,2.44E-05
-0.00017572,4.505607615,0.000422688
-0.00017568,4.488067239,0.000900672
-0.00017564,4.468932284,0.001537983
-0.0001756,4.452986487,0.001936302
-0.00017556,4.424284054,0.00026336
-0.00017552,4.393987041,0.000741344
-0.00017548,4.377243955,0.000343024
-0.00017544,4.35571713,2.44E-05
-0.0001754,4.340568623,0.000900672
-0.00017536,4.315055349,0.000502352
-0.00017532,4.292731234,0.002414286
-0.00017528,4.279177307,0.002254958
-0.00017524,4.262434221,0.002175294
-0.0001752,4.234529078,-0.001409582
-0.00017516,4.213002253,0.001139663
-0.00017512,4.186691689,0.001059999
-0.00017508,4.175529631,0.000183697
-0.00017504,4.154002806,0.00066168
-0.000175,4.13646243,0.000821008
-0.00017496,4.123705793,0.001059999
-0.00017492,4.091016911,0.001378655
-0.00017488,4.074273824,0.000741344
-0.00017484,4.055138869,0.000900672
-0.0001748,4.033612044,0.001139663
-0.00017476,4.012882509,0.000741344
-0.00017472,4.001720451,0.000741344
-0.00017468,3.969828858,0.000821008
-0.00017464,3.941923715,0.000343024
-0.0001746,3.945112874,0.000422688
-0.00017456,3.914018571,0.000502352
-0.00017452,3.893289036,0.000343024
-0.00017448,3.871762211,0.000183697
-0.00017444,3.845451647,0.000821008
-0.0001744,3.826316691,-0.000612942
-0.00017436,3.813560054,-0.000294287
-0.00017432,3.792033229,-0.000373951
-0.00017428,3.770506404,0.000422688
-0.00017424,3.753763318,2.44E-05
-0.0001742,3.730641913,0.000582016
-0.00017416,3.698750321,0.000741344
-0.00017412,3.687588263,0.00026336
-0.00017408,3.674034336,-0.000533279
-0.00017404,3.638953585,0.001059999
-0.000174,3.623805078,0.000741344
-0.00017396,3.611845731,-0.000134959
-0.00017392,3.583143297,0.00066168
-0.00017388,3.553643574,0.000741344
-0.00017384,3.548859835,0.000980336
-0.0001738,3.517765532,0.000183697
-0.00017376,3.497833287,0.001458319
-0.00017372,3.472320013,0.000741344
-0.00017368,3.452387767,0.000343024
-0.00017364,3.437239261,0.001139663
-0.0001736,3.420496175,0.000104033
-0.00017356,3.393388321,-0.000134959
-0.00017352,3.375050655,0.00026336
-0.00017348,3.348740091,0.001139663
-0.00017344,3.324821397,-0.000851934
-0.0001734,3.307281021,0.00066168
-0.00017336,3.297713543,2.44E-05
-0.00017332,3.272997559,0.000104033
-0.00017328,3.233930358,2.44E-05
-0.00017324,3.2227683,-0.000453615
-0.0001732,3.203633345,2.44E-05
-0.00017316,3.193268577,-0.001250254
-0.00017312,3.154998666,-0.001011262
-0.00017308,3.142242029,-0.000134959
-0.00017304,3.129485392,-0.000453615
-0.000173,3.117526044,-0.000214623
-0.00017296,3.084039872,-0.001329918
-0.00017292,3.058526598,-0.001568909
-0.00017288,3.040188932,-0.000373951
-0.00017284,3.022648556,-0.00077227
-0.0001728,2.999527152,-0.000453615
-0.00017276,2.982784065,-0.001090926
-0.00017272,2.966040979,-0.000214623
-0.00017268,2.930162937,-0.000692606
-0.00017264,2.921392749,-0.000612942
-0.0001726,2.899865924,-0.000294287
-0.00017256,2.87594723,0.000422688
-0.00017252,2.852028535,-0.000214623
-0.00017248,2.829704421,0.000900672
-0.00017244,2.809772175,0.000183697
-0.0001724,2.78983993,-0.00077227
-0.00017236,2.783461611,0.001458319
-0.00017232,2.738016092,-0.000931598
-0.00017228,2.737218802,0.001059999
-0.00017224,2.715691977,-0.000294287
-0.0001722,2.681408515,0.00026336
-0.00017216,2.674232906,0.000104033
-0.00017212,2.65988169,0.000502352
-0.00017208,2.628787387,-0.001011262
-0.00017204,2.596895794,0.000183697
-0.000172,2.589720186,-0.000373951
-0.00017196,2.554639434,2.44E-05
-0.00017192,2.541882797,-0.000453615
-0.00017188,2.530720739,0.000104033
-0.00017184,2.506004755,0.000183697
-0.0001718,2.467734844,-0.000453615
-0.00017176,2.457370076,2.44E-05
-0.00017172,2.443816149,0.001697311
-0.00017168,2.409532687,0.001298991
-0.00017164,2.403154369,0.000821008
-0.0001716,2.376046515,0.001219327
-0.00017156,2.351330531,0.001298991
-0.00017152,2.332992865,0.000980336
-0.00017148,2.315452489,0.000183697
-0.00017144,2.284358186,0.00026336
-0.0001714,2.262831361,0.000900672
-0.00017136,2.238912666,0.00026336
-0.00017132,2.214196682,2.44E-05
-0.00017128,2.205426494,-0.000612942
-0.00017124,2.18071051,0.000104033
-0.0001712,2.161575554,0.001059999
-0.00017116,2.140048729,0.000343024
-0.00017112,2.127292092,-0.00077227
-0.00017108,2.087427601,0.000821008
-0.00017104,2.081846572,0.000104033
-0.000171,2.057927878,0.000900672
-0.00017096,2.039590212,2.44E-05
-0.00017092,2.014874228,0.000422688
-0.00017088,2.002117591,-0.000294287
-0.00017084,1.971820578,2.44E-05
-0.0001708,1.957469361,-0.000294287
-0.00017076,1.937537116,-0.000692606
-0.00017072,1.904050943,2.44E-05
-0.00017068,1.890497016,0.000582016
-0.00017064,1.872159351,0.001617647
-0.0001706,1.842659627,0.00026336
-0.00017056,1.82990299,-0.000373951
-0.00017052,1.811565325,-0.000373951
-0.00017048,1.775687283,0.000343024
-0.00017044,1.760538776,0.000900672
-0.0001704,1.74618756,0.001219327
-0.00017036,1.721471575,0.000821008
-0.00017032,1.698350171,0.001219327
-0.00017028,1.673634186,0.000582016
-0.00017024,1.660877549,-0.000134959
-0.0001702,1.644134463,0.000343024
-0.00017016,1.617823899,2.44E-05
-0.00017012,1.600283523,0.00026336
-0.00017008,1.581148568,0.000104033
-0.00017004,1.562013612,0.000343024
-0.00017,1.541284077,0.000104033
-0.00016996,1.503014166,0.000104033
-0.00016992,1.504608745,0.00026336
-0.00016988,1.475906312,0.00066168
-0.00016984,1.453582197,0.000900672
-0.0001698,1.432852662,0.000104033
-0.00016976,1.405744808,0.000183697
-0.00016972,1.389799012,0.000104033
-0.00016968,1.350731811,-0.000134959
-0.00016964,1.337177884,-0.000134959
-0.0001696,1.321232087,-0.000612942
-0.00016956,1.306083581,-0.001011262
-0.00016952,1.294921523,0.000582016
-0.00016948,1.262232641,-0.000533279
-0.00016944,1.233530207,-0.00117059
-0.0001694,1.233530207,-0.000453615
-0.00016936,1.208814223,-0.000533279
-0.00016932,1.184895529,2.44E-05
-0.00016928,1.161774124,0.000502352
-0.00016924,1.152206646,0.00066168
-0.0001692,1.122706923,0.000422688
-0.00016916,1.117923184,0.000104033
-0.00016912,1.076464114,-0.000533279
-0.00016908,1.066099346,0.000343024
-0.00016904,1.04855897,-0.000851934
-0.000169,1.031018594,-0.000134959
-0.00016896,1.007897189,-0.00117059
-0.00016892,0.987167654,-0.000214623
-0.00016888,0.970424568,-0.001250254
-0.00016884,0.942519424,-0.001409582
-0.0001688,0.924181759,-0.000851934
-0.00016876,0.914614281,-0.00077227
-0.00016872,0.894682035,0.00066168
-0.00016868,0.880330819,0.000422688
-0.00016864,0.864385022,-0.000692606
-0.0001686,0.850831095,-0.000692606
-0.00016856,0.828506981,-0.000134959
-0.00016852,0.818142213,-0.000533279
-0.00016848,0.795818098,-0.000134959
-0.00016844,0.778277722,0.000821008
-0.0001684,0.776683142,-0.00117059
-0.00016836,0.749575289,-0.000453615
-0.00016832,0.738413231,-0.00077227
-0.00016828,0.739210521,-0.000214623
-0.00016824,0.715291827,0.000502352
-0.0001682,0.706521639,-0.000214623
-0.00016816,0.696954161,0.000104033
-0.00016812,0.691373132,-0.000453615
-0.00016808,0.681008364,-0.000214623
-0.00016804,0.687386683,0.00066168
-0.000168,0.686589393,-0.000612942
-0.00016796,0.683400234,-0.001011262
-0.00016792,0.695359581,-0.000294287
-0.00016788,0.689778552,0.000104033
-0.00016784,0.70014332,-0.000214623
-0.0001678,0.706521639,-0.000134959
-0.00016776,0.715291827,-0.001011262
-0.00016772,0.719278276,0.00066168
-0.00016768,0.739210521,2.44E-05
-0.00016764,0.755953607,-0.000294287
-0.0001676,0.758345477,-0.001250254
-0.00016756,0.779075012,2.44E-05
-0.00016752,0.805385576,-0.000294287
-0.00016748,0.810169315,-0.000692606
-0.00016744,0.838871748,0.000502352
-0.0001674,0.861195863,-0.000294287
-0.00016736,0.865182312,-0.00077227
-0.00016732,0.895479325,-0.000294287
-0.00016728,0.911425121,0.00066168
-0.00016724,0.925776338,0.000502352
-0.0001672,0.940127555,-0.001090926
-0.00016716,0.974411017,-0.000373951
-0.00016712,0.987167654,-0.000533279
-0.00016708,1.00630261,0.00026336
-0.00016704,1.032613174,-0.000851934
-0.000167,1.04696439,-0.000931598
-0.00016696,1.073274954,-0.000294287
-0.00016692,1.09081533,-0.000851934
-0.00016688,1.111544865,0.000183697
-0.00016684,1.13386898,-0.000612942
-0.0001668,1.160179544,-0.000692606
-0.00016676,1.160179544,-0.000214623
-0.00016672,1.196057586,-0.000533279
-0.00016668,1.22077357,-0.000612942
-0.00016664,1.248678714,-0.001489245
-0.0001666,1.26621909,-0.000453615
-0.00016656,1.285354046,-0.000134959
-0.00016652,1.30927274,0.000183697
-0.00016648,1.326015826,-0.001011262
-0.00016644,1.346745361,-0.000453615
-0.0001664,1.367474897,-0.001967229
-0.00016636,1.385015273,2.44E-05
-0.00016632,1.413717706,-0.00077227
-0.00016628,1.43923098,-0.000214623
-0.00016624,1.459163226,-0.000931598
-0.0001662,1.487865659,-0.000612942
-0.00016616,1.509392484,-0.000692606
-0.00016612,1.529324729,-0.000373951
-0.00016608,1.550054265,0.000343024
-0.00016604,1.573972959,0.000343024
-0.000166,1.597094364,-0.000851934
-0.00016596,1.61383745,-0.000612942
-0.00016592,1.645729043,0.000582016
-0.00016588,1.65928297,-0.000453615
-0.00016584,1.678417925,2.44E-05
-0.0001658,1.704728489,2.44E-05
-0.00016576,1.731039053,0.00026336
-0.00016572,1.753363168,-0.001250254
-0.00016568,1.778876442,0.000741344
-0.00016564,1.796416818,0.000343024
-0.0001656,1.813957194,0.000183697
-0.00016556,1.844254207,0.000343024
-0.00016552,1.863389163,0.000582016
-0.00016548,1.884915988,-0.00077227
-0.00016544,1.912023841,0.00066168
-0.0001654,1.931158797,2.44E-05
-0.00016536,1.941523565,0.001378655
-0.00016532,1.978198896,0.001139663
-0.00016528,1.990955533,0.001219327
-0.00016524,2.010090489,0.000741344
-0.0001652,2.028428155,0.000582016
-0.00016516,2.061914327,0.001537983
-0.00016512,2.077062834,-0.000453615
-0.00016508,2.096197789,0.000980336
-0.00016504,2.123305643,-0.000851934
-0.000165,2.132075831,-0.00077227
-0.00016496,2.163170134,-0.000294287
-0.00016492,2.185494249,0.000582016
-0.00016488,2.199048176,-0.000214623
-0.00016484,2.217385841,0.000183697
-0.0001648,2.255655753,-0.000134959
-0.00016476,2.26522323,-0.000692606
-0.00016472,2.282763606,0.000422688
-0.00016468,2.313857909,0.000104033
-0.00016464,2.319438938,-0.000453615
-0.0001646,2.345749502,0.00066168
-0.00016456,2.366479037,0.000104033
-0.00016452,2.384019413,-0.00077227
-0.00016448,2.403154369,0.000343024
-0.00016444,2.433451382,0.000343024
-0.0001644,2.44222157,0.000104033
-0.00016436,2.471721293,0.000502352
-0.00016432,2.498829147,-0.000373951
-0.00016428,2.506802045,0.000183697
-0.00016424,2.537099058,0.00066168
-0.0001642,2.567396071,0.001298991
-0.00016416,2.584139157,-0.000294287
-0.00016412,2.596895794,-0.000214623
-0.00016408,2.61603075,0.000821008
-0.00016404,2.640746734,-0.000373951
-0.000164,2.663868139,0.000980336
-0.00016396,2.682205804,-0.000294287
-0.00016392,2.716489267,2.44E-05
-0.00016388,2.731637773,0.001458319
-0.00016384,2.742799831,0.000104033
-0.0001638,2.765921235,0.001219327
-0.00016376,2.792231799,0.00066168
-0.00016372,2.816150494,0.000422688
-0.00016368,2.837677319,0.00066168
-0.00016364,2.860798723,-0.000453615
-0.0001636,2.87514994,-0.000453615
-0.00016356,2.897474055,0.00026336
-0.00016352,2.912622561,0.000183697
-0.00016348,2.934946676,0.001139663
-0.00016344,2.965243689,0.001378655
-0.0001634,2.974013877,-0.000134959
-0.00016336,3.00670276,0.00066168
-0.00016332,3.025040426,0.000183697
-0.00016328,3.043378091,-0.000134959
-0.00016324,3.060918467,-0.000373951
-0.0001632,3.088026321,-0.000134959
-0.00016316,3.106363987,0.001298991
-0.00016312,3.133471841,-0.000692606
-0.00016308,3.157390535,2.44E-05
-0.00016304,3.17891736,0.000343024
-0.000163,3.190079418,2.44E-05
-0.00016296,3.213200822,0.000343024
-0.00016292,3.240308676,-0.000294287
-0.00016288,3.241105966,2.44E-05
-0.00016284,3.26901111,-0.000134959
-0.0001628,3.304091861,0.001378655
-0.00016276,3.308078311,0.000183697
-0.00016272,3.338375324,0.000343024
-0.00016268,3.346348222,-0.000134959
-0.00016264,3.375847945,0.00026336
-0.0001626,3.39976664,-0.001090926
-0.00016256,3.409334117,0.001059999
-0.00016252,3.419698885,0.000343024
-0.00016248,3.448401318,0.000741344
-0.00016244,3.461955245,0.000741344
-0.0001624,3.48268478,0.00026336
-0.00016236,3.509792634,0.00066168
-0.00016232,3.52653572,2.44E-05
-0.00016228,3.554440864,2.44E-05
-0.00016224,3.574373109,-0.000214623
-0.0001622,3.604670122,0.000183697
-0.00016216,3.610251151,-0.000533279
-0.00016212,3.624602368,-0.000294287
-0.00016208,3.650115642,-0.00117059
-0.00016204,3.671642467,-0.00077227
-0.000162,3.698750321,-0.000214623
-0.00016196,3.713898827,-0.000373951
-0.00016192,3.732236493,0.000502352
-0.00016188,3.751371449,-0.001011262
-0.00016184,3.770506404,0.00066168
-0.0001618,3.79043865,0.000183697
-0.00016176,3.817546503,0.000422688
-0.00016172,3.8334923,0.000422688
-0.00016168,3.855816415,0.000104033
-0.00016164,3.87574866,0.001139663
-0.0001616,3.912423992,2.44E-05
-0.00016156,3.925180629,0.000343024
-0.00016152,3.941923715,-0.000373951
-0.00016148,3.96185596,-0.000533279
-0.00016144,3.987369234,-0.000294287
-0.0001614,4.00730148,0.001219327
-0.00016136,4.028828305,0.000183697
-0.00016132,4.047165971,-0.000931598
-0.00016128,4.067098216,-0.000134959
-0.00016124,4.079854853,0.000422688
-0.0001612,4.097395229,2.44E-05
-0.00016116,4.121313924,0.001219327
-0.00016112,4.145232618,0.000183697
-0.00016108,4.169151313,0.000502352
-0.00016104,4.189880848,0.001139663
-0.000161,4.199448326,0.001059999
-0.00016096,4.226556179,0.000502352
-0.00016092,4.233731788,-0.000533279
-0.00016088,4.258447772,0.000183697
-0.00016084,4.281569177,0.000104033
-0.0001608,4.302298712,0.000183697
-0.00016076,4.317447219,-0.000214623
-0.00016072,4.342960493,-0.000612942
-0.00016068,4.358906289,0.000502352
-0.00016064,4.382824984,0.000422688
-0.0001606,4.400365359,0.001617647
-0.00016056,4.417905735,0.001139663
-0.00016052,4.425878634,0.000422688
-0.00016048,4.457770226,0.000104033
-0.00016044,4.474513312,0.000980336
-0.0001604,4.495242848,0.00066168
-0.00016036,4.507999485,0.000821008
-0.00016032,4.535904628,-0.000134959
-0.00016028,4.551053135,0.00066168
-0.00016024,4.57337725,0.000980336
-0.0001602,4.600485103,0.000502352
-0.00016016,4.602876973,0.000741344
-0.00016012,4.622011929,-0.000214623
-0.00016008,4.652308942,-0.000931598
-0.00016004,4.66107913,-0.000692606
-0.00016,4.686592404,0.000502352
-0.00015996,4.710511098,0.00026336
-0.00015992,4.720875866,-0.000692606
-0.00015988,4.752767458,0.001537983
-0.00015984,4.766321385,-0.000134959
-0.0001598,4.786253631,0.000343024
-0.00015976,4.801402137,0.000821008
-0.00015972,4.822928962,0.000502352
-0.00015968,4.830901861,0.000821008
-0.00015964,4.864388033,0.000741344
-0.0001596,4.893090466,0.000821008
-0.00015956,4.901063364,0.000343024
-0.00015952,4.92099561,0.000741344
-0.00015948,4.941725145,0.001458319
-0.00015944,4.959265521,0.000821008
-0.0001594,4.969630289,0.000900672
-0.00015936,4.999130012,0.000821008
-0.00015932,5.00869749,2.44E-05
-0.00015928,5.031818894,0.00026336
-0.00015924,5.047764691,0.001697311
-0.0001592,5.059724038,0.001139663
-0.00015916,5.086034602,0.001298991
-0.00015912,5.097196659,0.000821008
-0.00015908,5.125899093,0.001139663
-0.00015904,5.13865573,0.000980336
-0.000159,5.157790685,0.001856639
-0.00015896,5.18170938,0.001219327
-0.00015892,5.191276858,0.001776975
-0.00015888,5.227154899,0.001856639
-0.00015884,5.240708826,0.001219327
-0.0001588,5.247884435,0.001458319
-0.00015876,5.273397709,0.000821008
-0.00015872,5.277384158,0.001458319
-0.00015868,5.297316403,0.001059999
-0.00015864,5.323626967,0.001059999
-0.0001586,5.335586315,0.000741344
-0.00015856,5.345951082,0.001139663
-0.00015852,5.35631585,0.00026336
-0.00015848,5.365086038,0.000741344
-0.00015844,5.381031834,0.00066168
-0.0001584,5.395383051,0.001139663
-0.00015836,5.404153239,0.000343024
-0.00015832,5.412923427,0.001139663
-0.00015828,5.416112586,-0.001329918
-0.00015824,5.433652962,0.001139663
-0.0001582,5.432855672,0.00066168
-0.00015816,5.44082857,0.000741344
-0.00015812,5.44322044,0.000980336
-0.00015808,5.450396048,0.000980336
-0.00015804,5.44401773,0.000741344
-0.000158,5.465544555,0.00066168
-0.00015796,5.469531004,0.00066168
-0.00015792,5.469531004,-0.000294287
-0.00015788,5.469531004,0.000821008
-0.00015784,5.476706612,-0.000134959
-0.0001578,5.465544555,0.00066168
-0.00015776,5.481490351,0.000900672
-0.00015772,5.48467951,0.001059999
-0.00015768,5.480693061,0.000980336
-0.00015764,5.480693061,0.001139663
-0.0001576,5.489463249,0.001617647
-0.00015756,5.477503902,0.000104033
-0.00015752,5.492652408,0.001458319
-0.00015748,5.493449698,0.000183697
-0.00015744,5.488665959,0.000980336
-0.0001574,5.492652408,0.001219327
-0.00015736,5.492652408,0.000104033
-0.00015732,5.492652408,0.00026336
-0.00015728,5.493449698,0.00026336
-0.00015724,5.503017176,0.001617647
-0.0001572,5.491057829,0.000741344
-0.00015716,5.495044278,0.000900672
-0.00015712,5.477503902,0.000900672
-0.00015708,5.479895771,0.000183697
-0.00015704,5.490260539,0.000980336
-0.000157,5.48627409,0.000980336
-0.00015696,5.479098482,0.000422688
-0.00015692,5.48467951,0.000821008
-0.00015688,5.491057829,0.00026336
-0.00015684,5.479895771,0.00066168
-0.0001568,5.472720163,0.000183697
-0.00015676,5.476706612,0.00066168
-0.00015672,5.464747265,0.001059999
-0.00015668,5.470328294,0.000502352
-0.00015664,5.479895771,0.000821008
-0.0001566,5.467936424,0.000582016
-0.00015656,5.450396048,0.001298991
-0.00015652,5.471125583,0.000741344
-0.00015648,5.44401773,-0.000214623
-0.00015644,5.437639411,0.000900672
-0.0001564,5.424085484,0.001617647
-0.00015636,5.411328847,0.00066168
-0.00015632,5.393788471,0.000900672
-0.00015628,5.389802022,2.44E-05
-0.00015624,5.364288748,0.000422688
-0.0001562,5.35711314,0.000104033
-0.00015616,5.332397155,0.000104033
-0.00015612,5.314059489,0.000343024
-0.00015608,5.284559766,0.000104033
-0.00015604,5.2662221,0.00066168
-0.000156,5.256654623,0.000900672
-0.00015596,5.232735928,0.001139663
-0.00015592,5.210411813,0.000582016
-0.00015588,5.18091209,0.000582016
-0.00015584,5.157790685,0.000343024
-0.0001558,5.13626386,0.000582016
-0.00015576,5.117128905,0.000741344
-0.00015572,5.106764137,0.001139663
-0.00015568,5.076467124,0.000502352
-0.00015564,5.054143009,0.000502352
-0.0001556,5.040589082,0.000582016
-0.00015556,5.013481229,0.00026336
-0.00015552,4.987967954,0.00066168
-0.00015548,4.966441129,0.00066168
-0.00015544,4.945711594,0.00026336
-0.0001554,4.936144116,0.001139663
-0.00015536,4.91860374,0.000900672
-0.00015532,4.884320278,0.000741344
-0.00015528,4.873955511,0.001378655
-0.00015524,4.841266628,0.000741344
-0.0001552,4.826118122,0.00066168
-0.00015516,4.806185876,0.000422688
-0.00015512,4.774294284,0.00026336
-0.00015508,4.755159328,2.44E-05
-0.00015504,4.738416242,0.000980336
-0.000155,4.717686707,-0.000134959
-0.00015496,4.694565302,-0.000692606
-0.00015492,4.683403244,0.000821008
-0.00015488,4.65788997,0.000422688
-0.00015484,4.636363145,0.000183697
-0.0001548,4.632376696,0.000422688
-0.00015476,4.608458002,0.001856639
-0.00015472,4.588525756,0.00026336
-0.00015468,4.552647714,0.000582016
-0.00015464,4.543080237,0.000183697
-0.0001546,4.52872902,0.000900672
-0.00015456,4.497634717,0.001059999
-0.00015452,4.476107892,-0.000612942
-0.00015448,4.455378357,0.000343024
-0.00015444,4.44341901,0.000821008
-0.0001544,4.421892185,0.00026336
-0.00015436,4.39956807,0.000821008
-0.00015432,4.384419563,0.000821008
-0.00015428,4.357311709,0.000582016
-0.00015424,4.337379464,0.00066168
-0.0001542,4.319041798,0.000582016
-0.00015416,4.295920394,0.000900672
-0.00015412,4.26721796,0.000900672
-0.00015408,4.262434221,0.001458319
-0.00015404,4.232137208,0.000582016
-0.000154,4.205826644,-0.00077227
-0.00015396,4.194664587,0.001219327
-0.00015392,4.18270524,-0.000134959
-0.00015388,4.147624488,0.000343024
-0.00015384,4.122908503,0.000980336
-0.0001538,4.110949156,0.000980336
-0.00015376,4.098192519,0.000582016
-0.00015372,4.059922608,0.00026336
-0.00015368,4.04955784,0.000582016
-0.00015364,4.026436435,0.000343024
-0.0001536,4.00650419,0.000343024
-0.00015356,3.985774655,0.000502352
-0.00015352,3.957869511,0.000980336
-0.00015348,3.937139976,-0.000294287
-0.00015344,3.927572498,0.00066168
-0.0001534,3.913221281,0.000741344
-0.00015336,3.884518848,-0.000612942
-0.00015332,3.871762211,0.000821008
-0.00015328,3.845451647,-0.000294287
-0.00015324,3.826316691,0.001298991
-0.0001532,3.797614258,0.000980336
-0.00015316,3.784857621,0.000741344
-0.00015312,3.756155188,0.000821008
-0.00015308,3.733831073,2.44E-05
-0.00015304,3.731439203,0.000104033
-0.000153,3.706723219,0.000582016
-0.00015296,3.684399104,0.000502352
-0.00015292,3.667656018,0.000900672
-0.00015288,3.638953585,0.000821008
-0.00015284,3.609453861,0.001697311
-0.0001528,3.611845731,0.000104033
-0.00015276,3.582346008,0.001298991
-0.00015272,3.553643574,0.000343024
-0.00015268,3.546467966,0.001378655
-0.00015264,3.524941141,0.001059999
-0.0001526,3.495441418,0.001059999
-0.00015256,3.48268478,0.000900672
-0.00015252,3.454779637,0.001219327
-0.00015248,3.430860942,0.001219327
-0.00015244,3.422090754,0.000422688
-0.0001524,3.400563929,0.000980336
-0.00015236,3.378239814,0.000741344
-0.00015232,3.351929251,0.001139663
-0.00015228,3.331997005,0.001059999
-0.00015224,3.321632237,0.001219327
-0.0001522,3.301699992,-0.000134959
-0.00015216,3.280173167,0.000900672
-0.00015212,3.256254472,0.000183697
-0.00015208,3.231538488,0.000422688
-0.00015204,3.205227924,0.000900672
-0.000152,3.188484838,0.00026336
-0.00015196,3.170944462,0.00066168
-0.00015192,3.144633898,0.000821008
-0.00015188,3.120715204,-0.000373951
-0.00015184,3.109553146,-0.000134959
-0.0001518,3.082445292,2.44E-05
-0.00015176,3.068094076,-0.000134959
-0.00015172,3.043378091,0.00026336
-0.00015168,3.021851266,0.001298991
-0.00015164,3.010689209,0.001139663
-0.0001516,2.970027428,-0.000134959
-0.00015156,2.965243689,0.000821008
-0.00015152,2.926176488,-0.000373951
-0.00015148,2.91820359,0.000343024
-0.00015144,2.891095736,-0.001250254
-0.0001514,2.871163491,-0.000373951
-0.00015136,2.855217695,-0.000134959
-0.00015132,2.840866478,-0.000134959
-0.00015128,2.803393857,-0.000214623
-0.00015124,2.774691423,-0.000294287
-0.0001512,2.771502264,0.000183697
-0.00015116,2.738813381,2.44E-05
-0.00015112,2.724462165,0.000980336
-0.00015108,2.714097397,-0.000533279
-0.00015104,2.681408515,0.000343024
-0.000151,2.65748982,0.000343024
-0.00015096,2.646327763,0.000502352
-0.00015092,2.617625329,0.000183697
-0.00015088,2.612044301,-0.000134959
-0.00015084,2.575368969,-0.000214623
-0.0001508,2.544274666,-0.000533279
-0.00015076,2.530720739,-0.000134959
-0.00015072,2.517964102,0.000343024
-0.00015068,2.501221016,0.000741344
-0.00015064,2.470924003,0.000422688
-0.0001506,2.457370076,-0.00117059
-0.00015056,2.431059512,0.000343024
-0.00015052,2.411127267,-0.000134959
-0.00015048,2.389600442,0.000422688
-0.00015044,2.360898008,0.000422688
-0.0001504,2.348141371,0.00026336
-0.00015036,2.332992865,0.000422688
-0.00015032,2.312263329,0.000582016
-0.00015028,2.284358186,-0.000692606
-0.00015024,2.260439491,-0.000931598
-0.0001502,2.239709956,-0.00077227
-0.00015016,2.211804813,-0.000373951
-0.00015012,2.207818363,-0.000373951
-0.00015008,2.183102379,-0.000612942
-0.00015004,2.159980974,-0.000294287
-0.00015,2.133670411,-0.000294287
-0.00014996,2.114535455,-0.000373951
-0.00014992,2.09221134,-0.001250254
-0.00014988,2.081846572,-0.000294287
-0.00014984,2.059522458,0.000104033
-0.0001498,2.041982082,-0.000533279
-0.00014976,2.014874228,0.000104033
-0.00014972,2.00769862,-0.000134959
-0.00014968,1.985374505,0.000741344
-0.00014964,1.959063941,0.000183697
-0.0001496,1.935145246,-0.000373951
-0.00014956,1.900861784,-0.001489245
-0.00014952,1.880132249,2.44E-05
-0.00014948,1.866578322,0.000343024
-0.00014944,1.836281309,-0.000612942
-0.0001494,1.82990299,-0.000134959
-0.00014936,1.799605977,0.00066168
-0.00014932,1.794822238,-0.00117059
-0.00014928,1.773295413,-0.000612942
-0.00014924,1.748579429,-0.000612942
-0.0001492,1.723066155,-0.000612942
-0.00014916,1.704728489,-0.000134959
-0.00014912,1.678417925,0.00026336
-0.00014908,1.6568911,-0.000453615
-0.00014904,1.628188667,0.000502352
-0.000149,1.611445581,0.000343024
-0.00014896,1.592310625,-0.000214623
-0.00014892,1.563608192,-0.000294287
-0.00014888,1.540486787,0.000183697
-0.00014884,1.536500338,-0.000294287
-0.0001488,1.506203325,0.000183697
-0.00014876,1.48308192,0.000343024
-0.00014872,1.465541544,0.000104033
-0.00014868,1.434447241,0.000104033
-0.00014864,1.420096025,-0.000453615
-0.0001486,1.404947518,0.000900672
-0.00014856,1.377839664,0.000741344
-0.00014852,1.35232639,2.44E-05
-0.00014848,1.35312368,0.000582016
-0.00014844,1.330002275,-0.000373951
-0.0001484,1.306880871,-0.000214623
-0.00014836,1.294921523,-0.000294287
-0.00014832,1.26462451,-0.001090926
-0.00014828,1.241503106,-0.000134959
-0.00014824,1.216787121,-0.000612942
-0.0001482,1.193665717,0.000343024
-0.00014816,1.172138892,-0.000294287
-0.00014812,1.169747022,0.000900672
-0.00014808,1.143436458,0.000183697
-0.00014804,1.121112343,0.001139663
-0.000148,1.100382808,-0.000294287
-0.00014796,1.076464114,2.44E-05
-0.00014792,1.053342709,-0.000214623
-0.00014788,1.04855897,0.000183697
-0.00014784,1.024640275,-0.000931598
-0.0001478,0.999924291,0.000502352
-0.00014776,0.983978495,0.000183697
-0.00014772,0.96245167,0.000422688
-0.00014768,0.944114004,-0.000134959
-0.00014764,0.941722135,2.44E-05
-0.0001476,0.908235962,-0.000294287
-0.00014756,0.897073905,-0.000453615
-0.00014752,0.87554708,0.000900672
-0.00014748,0.864385022,0.000104033
-0.00014744,0.838871748,-0.000692606
-0.0001474,0.826912401,-0.001090926
-0.00014736,0.814155764,-0.000214623
-0.00014732,0.78943978,0.00026336
-0.00014728,0.78545333,-0.00077227
-0.00014724,0.765521085,-0.000453615
-0.0001472,0.740007811,0.000502352
-0.00014716,0.74558884,-0.000373951
-0.00014712,0.720872855,-0.000294287
-0.00014708,0.706521639,0.000422688
-0.00014704,0.70253519,0.001298991
-0.000147,0.694562291,-0.000533279
-0.00014696,0.679413785,0.00026336
-0.00014692,0.679413785,2.44E-05
-0.00014688,0.678616495,-0.000214623
-0.00014684,0.679413785,-0.000931598
-0.0001468,0.669049017,-0.000294287
-0.00014676,0.683400234,-0.000294287
-0.00014672,0.677819205,-0.000612942
-0.00014668,0.685792103,-0.001409582
-0.00014664,0.706521639,-0.00077227
-0.0001466,0.708913508,0.000104033
-0.00014656,0.722467435,-0.000533279
-0.00014652,0.746386129,-0.000453615
-0.00014648,0.759142767,-0.000612942
-0.00014644,0.763926505,0.000183697
-0.0001464,0.78625062,0.000582016
-0.00014636,0.806980156,0.000183697
-0.00014632,0.822925952,0.000104033
-0.00014628,0.849236516,-0.000931598
-0.00014624,0.858006704,0.00066168
-0.0001462,0.877141659,0.000582016
-0.00014616,0.893884746,0.000104033
-0.00014612,0.921789889,-0.001090926
-0.00014608,0.922587179,-0.001011262
-0.00014604,0.951289612,-0.000612942
-0.000146,0.972019148,0.000183697
-0.00014596,0.986370364,0.000104033
-0.00014592,1.009491769,0.000821008
-0.00014588,1.039788782,-0.000373951
-0.00014584,1.063707476,-0.000692606
-0.0001458,1.073274954,0.000502352
-0.00014576,1.094801779,-0.000214623
-0.00014572,1.125896082,0.00026336
-0.00014568,1.140247299,-0.000373951
-0.00014564,1.160976834,-0.00077227
-0.0001456,1.17771992,0.000422688
-0.00014556,1.186490108,0.000422688
-0.00014552,1.227949179,0.00026336
-0.00014548,1.240705816,-0.000533279
-0.00014544,1.259043482,2.44E-05
-0.0001454,1.286151335,-0.000612942
-0.00014536,1.30767816,2.44E-05
-0.00014532,1.331596855,-0.000931598
-0.00014528,1.349137231,0.000422688
-0.00014524,1.371461346,-0.000373951
-0.0001452,1.39458275,-0.000134959
-0.00014516,1.420096025,0.000582016
-0.00014512,1.445609299,-0.000453615
-0.00014508,1.464744254,0.001219327
-0.00014504,1.491852108,-0.000373951
-0.000145,1.512581643,-0.000851934
-0.00014496,1.511784353,-0.000453615
-0.00014492,1.562013612,-0.001011262
-0.00014488,1.581148568,-0.000294287
-0.00014484,1.598688944,-0.000373951
-0.0001448,1.61304016,0.000741344
-0.00014476,1.644931753,-0.000612942
-0.00014472,1.672836896,-0.000931598
-0.00014468,1.695958301,2.44E-05
-0.00014464,1.722268865,-0.000214623
-0.0001446,1.734228212,2.44E-05
-0.00014456,1.756552327,0.000422688
-0.00014452,1.781268312,-0.000692606
-0.00014448,1.791633079,0.000502352
-0.00014444,1.829105701,-0.001011262
-0.0001444,1.837875889,-0.000134959
-0.00014436,1.869767481,2.44E-05
-0.00014432,1.889699727,0.000343024
-0.00014428,1.911226552,-0.00117059
-0.00014424,1.914415711,0.000502352
-0.0001442,1.948699173,-0.000533279
-0.00014416,1.978198896,0.00066168
-0.00014412,1.989360954,-0.00077227
-0.00014408,2.010090489,-0.000612942
-0.00014404,2.025238995,-0.000134959
-0.000144,2.056333298,-0.000533279
-0.00014396,2.074670964,-0.00077227
-0.00014392,2.107359847,0.00026336
-0.00014388,2.111346296,2.44E-05
-0.00014384,2.13606228,0.00026336
-0.0001438,2.160778264,0.001139663
-0.00014376,2.17752135,-0.001489245
-0.00014372,2.192669857,-0.000533279
-0.00014368,2.226156029,0.00066168
-0.00014364,2.246088275,-0.000931598
-0.0001436,2.258047622,-0.001090926
-0.00014356,2.278777157,-0.000134959
-0.00014352,2.31146604,2.44E-05
-0.00014348,2.329803705,2.44E-05
-0.00014344,2.349735951,2.44E-05
-0.0001434,2.372857356,-0.000373951
-0.00014336,2.394384181,0.000183697
-0.00014332,2.421492034,-0.00077227
-0.00014328,2.456572786,-0.000373951
-0.00014324,2.462951105,0.000980336
-0.0001432,2.494842698,0.000422688
-0.00014316,2.513977653,0.000741344
-0.00014312,2.52673429,0.000821008
-0.00014308,2.553044854,0.000980336
-0.00014304,2.5729771,-0.000134959
-0.000143,2.580949998,0.000980336
-0.00014296,2.61363888,0.000183697
-0.00014292,2.618422619,2.44E-05
-0.00014288,2.642341314,0.000183697
-0.00014284,2.672638327,0.000582016
-0.0001428,2.70213805,-0.000294287
-0.00014276,2.712502817,-0.000134959
-0.00014272,2.726056744,0.000502352
-0.00014268,2.753961888,-0.000373951
-0.00014264,2.769907684,2.44E-05
-0.0001426,2.792231799,2.44E-05
-0.00014256,2.809772175,-0.000931598
-0.00014252,2.828907131,-0.001011262
-0.00014248,2.852028535,-0.000533279
-0.00014244,2.87514994,-0.000453615
-0.0001424,2.901460504,-0.000134959
-0.00014236,2.92059546,0.000422688
-0.00014232,2.937338546,0.000104033
-0.00014228,2.968432849,0.001219327
-0.00014224,2.990756964,-0.000453615
-0.0001422,3.019459397,0.001458319
-0.00014216,3.035405193,-0.000294287
-0.00014212,3.04975641,0.000582016
-0.00014208,3.066499496,0.000821008
-0.00014204,3.088823611,0.00066168
-0.000142,3.103174828,-0.000612942
-0.00014196,3.129485392,0.000183697
-0.00014192,3.140647449,0.000183697
-0.00014188,3.170147172,0.000343024
-0.00014184,3.194863157,-0.000692606
-0.0001418,3.206822504,-0.000931598
-0.00014176,3.217187271,-0.000294287
-0.00014172,3.244295125,-0.000134959
-0.00014168,3.264227371,0.000104033
-0.00014164,3.298510833,0.000183697
-0.0001416,3.31126747,0.000183697
-0.00014156,3.343159063,0.000582016
-0.00014152,3.351929251,0.000741344
-0.00014148,3.368672337,-0.000533279
-0.00014144,3.390996452,0.000582016
-0.0001414,3.414915146,0.00066168
-0.00014136,3.446009449,0.001537983
-0.00014132,3.460360666,0.000343024
-0.00014128,3.476306462,0.000821008
-0.00014124,3.494644128,2.44E-05
-0.0001412,3.516968243,0.000183697
-0.00014116,3.535305908,0.00066168
-0.00014112,3.564805632,2.44E-05
-0.00014108,3.581548718,-0.000294287
-0.00014104,3.609453861,2.44E-05
-0.000141,3.624602368,0.00026336
-0.00014096,3.646129193,0.00066168
-0.00014092,3.661277699,0.000104033
-0.00014088,3.682804524,-0.000851934
-0.00014084,3.706723219,0.001617647
-0.0001408,3.721871725,0.000422688
-0.00014076,3.735425652,0.000343024
-0.00014072,3.764925376,0.000422688
-0.00014068,3.784060331,0.000422688
-0.00014064,3.800803417,0.000104033
-0.0001406,3.827113981,0.001139663
-0.00014056,3.838276039,0.000582016
-0.00014052,3.861397443,-0.000214623
-0.00014048,3.896478195,-0.000214623
-0.00014044,3.906045673,0.001378655
-0.0001404,3.927572498,0.000821008
-0.00014036,3.941126425,-0.000453615
-0.00014032,3.965842409,0.000343024
-0.00014028,3.972220728,2.44E-05
-0.00014024,4.00730148,0.001697311
-0.0001402,4.025639146,0.001219327
-0.00014016,4.031220174,0.000821008
-0.00014012,4.062314477,0.001298991
-0.00014008,4.09420607,0.000104033
-0.00014004,4.108557287,0.000422688
-0.00014,4.119719344,0.000900672
-0.00013996,4.154002806,0.001219327
-0.00013992,4.155597386,0.001219327
-0.00013988,4.17951608,2.44E-05
-0.00013984,4.202637485,0.001458319
-0.0001398,4.213799542,0.000980336
-0.00013976,4.244096555,2.44E-05
-0.00013972,4.264028801,2.44E-05
-0.00013968,4.278380018,2.44E-05
-0.00013964,4.298312263,0.000343024
-0.0001396,4.324622827,-0.000373951
-0.00013956,4.340568623,0.000183697
-0.00013952,4.360500869,0.000104033
-0.00013948,4.393987041,0.000900672
-0.00013944,4.39956807,0.000502352
-0.0001394,4.405149098,-0.000612942
-0.00013936,4.433054242,-0.000134959
-0.00013932,4.459364806,0.001219327
-0.00013928,4.470526863,0.000900672
-0.00013924,4.501621166,0.000582016
-0.0001392,4.521553412,0.00066168
-0.00013916,4.540688367,0.000183697
-0.00013912,4.547066686,-0.000134959
-0.00013908,4.57417454,0.000741344
-0.00013904,4.586931177,0.000741344
-0.000139,4.623606508,-0.001250254
-0.00013896,4.632376696,-0.000134959
-0.00013892,4.645133333,0.00066168
-0.00013888,4.675430346,-0.000134959
-0.00013884,4.692173432,-0.000533279
-0.0001388,4.706524649,0.000183697
-0.00013876,4.726456895,0.000582016
-0.00013872,4.751970169,-0.000134959
-0.00013868,4.775091573,-0.000533279
-0.00013864,4.782267182,0.000582016
-0.0001386,4.814956064,-0.000214623
-0.00013856,4.825320832,-0.001090926
-0.00013852,4.842063918,-0.000612942
-0.00013848,4.864388033,0.00249395
-0.00013844,4.887509438,0.00026336
-0.0001384,4.906644393,-0.00077227
-0.00013836,4.937738696,0.000582016
-0.00013832,4.936941406,0.000582016
-0.00013828,4.96325197,-0.000373951
-0.00013824,4.973616738,0.001378655
-0.0001382,4.996738142,0.000502352
-0.00013816,5.010292069,0.000821008
-0.00013812,5.040589082,0.001059999
-0.00013808,5.061318618,0.000343024
-0.00013804,5.064507777,0.001219327
-0.000138,5.078061704,0.000900672
-0.00013796,5.109156007,0.000741344
-0.00013792,5.122709933,0.000980336
-0.00013788,5.13706115,2.44E-05
-0.00013784,5.160182555,0.000741344
-0.0001378,5.17931751,-0.000134959
-0.00013776,5.189682278,0.000980336
-0.00013772,5.22476303,0.000741344
-0.00013768,5.227154899,-0.000453615
-0.00013764,5.250276304,0.000980336
-0.0001376,5.272600419,0.001378655
-0.00013756,5.26701939,0.001537983
-0.00013752,5.286951636,2.44E-05
-0.00013748,5.31087033,0.000741344
-0.00013744,5.331599865,0.000422688
-0.0001374,5.333194445,0.001378655
-0.00013736,5.365086038,0.000104033
-0.00013732,5.360302299,0.000502352
-0.00013728,5.375450805,0.00066168
-0.00013724,5.39777492,0.000741344
-0.0001372,5.405747818,0.000980336
-0.00013716,5.414518006,0.000343024
-0.00013712,5.436842121,0.001378655
-0.00013708,5.44401773,0.000582016
-0.00013704,5.434450252,0.000343024
-0.000137,5.444815019,0.00066168
-0.00013696,5.456774367,0.001378655
-0.00013692,5.462355395,0.001776975
-0.00013688,5.459166236,0.000821008
-0.00013684,5.465544555,0.000821008
-0.0001368,5.471922873,0.000741344
-0.00013676,5.469531004,0.000422688
-0.00013672,5.472720163,0.000183697
-0.00013668,5.469531004,0.000582016
-0.00013664,5.48388222,0.000741344
-0.0001366,5.481490351,0.000422688
-0.00013656,5.48707138,0.000502352
-0.00013652,5.495044278,2.44E-05
-0.00013648,5.495044278,0.001617647
-0.00013644,5.4854768,0.000582016
-0.0001364,5.493449698,0.000900672
-0.00013636,5.495841568,0.000582016
-0.00013632,5.48786867,0.000900672
-0.00013628,5.493449698,0.000900672
-0.00013624,5.491057829,0.000980336
-0.0001362,5.4854768,0.000183697
-0.00013616,5.498233437,0.000183697
-0.00013612,5.495044278,0.00066168
-0.00013608,5.488665959,0.001219327
-0.00013604,5.497436147,0.000900672
-0.000136,5.497436147,0.001298991
-0.00013596,5.498233437,0.000582016
-0.00013592,5.494246988,0.000502352
-0.00013588,5.492652408,-0.001090926
-0.00013584,5.491057829,0.000422688
-0.0001358,5.48627409,0.001697311
-0.00013576,5.491057829,-0.000373951
-0.00013572,5.491855119,0.000343024
-0.00013568,5.482287641,0.001936302
-0.00013564,5.475909322,0.00209563
-0.0001356,5.482287641,0.001059999
-0.00013556,5.471125583,0.000900672
-0.00013552,5.474314743,0.00066168
-0.00013548,5.457571656,0.000104033
-0.00013544,5.462355395,0.00066168
-0.0001354,5.456774367,0.000183697
-0.00013536,5.456774367,0.000980336
-0.00013532,5.44242315,0.001059999
-0.00013528,5.440031281,0.001298991
-0.00013524,5.420099035,-0.000134959
-0.0001352,5.403355949,-0.000453615
-0.00013516,5.39777492,0.000900672
-0.00013512,5.378639965,0.000582016
-0.00013508,5.368275197,0.001219327
-0.00013504,5.345153792,0.001139663
-0.000135,5.323626967,2.44E-05
-0.00013496,5.299708273,0.000343024
-0.00013492,5.274194999,0.000741344
-0.00013488,5.258249202,0.000582016
-0.00013484,5.237519667,0.000821008
-0.0001348,5.213600973,0.000821008
-0.00013476,5.211209103,0.000582016
-0.00013472,5.185695829,0.001378655
-0.00013468,5.146628628,0.001378655
-0.00013464,5.126696383,0.000741344
-0.0001346,5.116331615,0.000582016
-0.00013456,5.082845443,0.000502352
-0.00013452,5.070886095,0.001219327
-0.00013448,5.046170111,0.000741344
-0.00013444,5.025440576,0.001219327
-0.0001344,5.004711041,0.001059999
-0.00013436,4.984778795,0.000821008
-0.00013432,4.953684492,0.000343024
-0.00013428,4.934549537,0.000422688
-0.00013424,4.913820001,0.000502352
-0.0001342,4.901860654,0.000502352
-0.00013416,4.87714467,0.000422688
-0.00013412,4.854023265,-0.000134959
-0.00013408,4.83409102,0.000343024
-0.00013404,4.819739803,0.001139663
-0.000134,4.801402137,0.001298991
-0.00013396,4.771902414,0.000343024
-0.00013392,4.761537646,0.000980336
-0.00013388,4.733632503,0.001697311
-0.00013384,4.722470445,0.000422688
-0.0001338,4.689781563,0.000741344
-0.00013376,4.681011375,0.001219327
-0.00013372,4.650714362,0.001537983
-0.00013368,4.635565855,0.001537983
-0.00013364,4.61722819,0.000422688
-0.0001336,4.594904075,-0.000851934
-0.00013356,4.57337725,0.000502352
-0.00013352,4.558228743,2.44E-05
-0.00013348,4.535904628,-0.000294287
-0.00013344,4.507202195,0.00026336
-0.0001334,4.496837427,0.000502352
-0.00013336,4.480094341,-0.001090926
-0.00013332,4.459364806,0.001776975
-0.00013328,4.445810879,0.001936302
-0.00013324,4.418703025,0.000502352
-0.0001332,4.392392461,0.000741344
-0.00013316,4.374054796,0.000422688
-0.00013312,4.346149652,0.000104033
-0.00013308,4.330203856,-0.000134959
-0.00013304,4.308677031,-0.000612942
-0.000133,4.296717683,-0.00077227
-0.00013296,4.26721796,-0.000134959
-0.00013292,4.258447772,0.000980336
-0.00013288,4.236920947,-0.000214623
-0.00013284,4.220177861,-0.000134959
-0.0001328,4.189083558,0.00026336
-0.00013276,4.162772994,0.000422688
-0.00013272,4.143638039,0.000343024
-0.00013268,4.1388543,0.00026336
-0.00013264,4.109354576,-0.000612942
-0.0001326,4.09500336,0.000183697
-0.00013256,4.067098216,0.000741344
-0.00013252,4.046368681,-0.001011262
-0.00013248,4.023247276,-0.000294287
-0.00013244,4.0057069,0.000900672
-0.0001324,3.995342133,0.000741344
-0.00013236,3.96424783,-0.000214623
-0.00013232,3.959464091,0.00066168
-0.00013228,3.934748107,-0.000134959
-0.00013224,3.908437543,0.00026336
-0.0001322,3.890897167,-0.000134959
-0.00013216,3.866978472,2.44E-05
-0.00013212,3.849438096,2.44E-05
-0.00013208,3.8334923,0.000502352
-0.00013204,3.806384446,0.000741344
-0.000132,3.78724949,0.000104033
-0.00013196,3.763330796,0.000582016
-0.00013192,3.74499313,-0.000134959
-0.00013188,3.726655464,0.000104033
-0.00013184,3.699547611,-0.000294287
-0.0001318,3.685196394,0.00026336
-0.00013176,3.666061438,0.000582016
-0.00013172,3.632575266,-0.000134959
-0.00013168,3.623007788,0.00026336
-0.00013164,3.592710775,0.001139663
-0.0001316,3.583940587,0.001059999
-0.00013156,3.57038666,0.001059999
-0.00013152,3.538495068,0.001378655
-0.00013148,3.512981793,0.001378655
-0.00013144,3.495441418,0.000343024
-0.0001314,3.469130854,0.000183697
-0.00013136,3.448401318,0.001298991
-0.00013132,3.428469073,0.001617647
-0.00013128,3.422888044,0.001139663
-0.00013124,3.402158509,0.001298991
-0.0001312,3.369469626,0.000741344
-0.00013116,3.35352383,0.000502352
-0.00013112,3.328010556,0.000741344
-0.00013108,3.318443078,0.001219327
-0.00013104,3.289740645,0.00026336
-0.000131,3.26661924,0.001458319
-0.00013096,3.250673444,0.001936302
-0.00013092,3.218781851,-0.000134959
-0.00013088,3.199646896,0.000183697
-0.00013084,3.190079418,0.001139663
-0.0001308,3.158985115,0.000582016
-0.00013076,3.142242029,0.001059999
-0.00013072,3.120715204,0.000741344
-0.00013068,3.106363987,0.000422688
-0.00013064,3.072080525,-0.000533279
-0.0001306,3.060918467,-0.000294287
-0.00013056,3.036202483,0.000502352
-0.00013052,3.028229585,0.000343024
-0.00013048,3.003513601,0.000183697
-0.00013044,2.975608457,0.001378655
-0.0001304,2.951689763,0.00026336
-0.00013036,2.925379199,0.000183697
-0.00013032,2.904649663,0.000104033
-0.00013028,2.887906577,-0.000214623
-0.00013024,2.868771622,0.000343024
-0.0001302,2.860001434,0.00066168
-0.00013016,2.824123392,-0.000214623
-0.00013012,2.796218248,0.000104033
-0.00013008,2.775488713,-0.001250254
-0.00013004,2.765123945,2.44E-05
-0.00013,2.737218802,-0.000533279
-0.00012996,2.725259455,-0.000612942
-0.00012992,2.709313658,-0.000692606
-0.00012988,2.683800384,0.00026336
-0.00012984,2.6590844,0.000422688
-0.0001298,2.630381966,-0.000294287
-0.00012976,2.61363888,0.00026336
-0.00012972,2.598490374,0.000183697
-0.00012968,2.581747288,0.000582016
-0.00012964,2.556234013,0.000582016
-0.0001296,2.52673429,-0.000453615
-0.00012956,2.521153261,-0.000612942
-0.00012952,2.488464379,-0.000612942
-0.00012948,2.468532134,-0.000134959
-0.00012944,2.457370076,0.000104033
-0.0001294,2.417505585,0.000422688
-0.00012936,2.415113716,0.00026336
-0.00012932,2.39837063,-0.00077227
-0.00012928,2.361695298,0.000104033
-0.00012924,2.338573893,-0.000134959
-0.0001292,2.317844358,0.000343024
-0.00012916,2.301101272,-0.00077227
-0.00012912,2.281966316,0.000741344
-0.00012908,2.258047622,0.00026336
-0.00012904,2.238115377,-0.000373951
-0.000129,2.219777711,0.000582016
-0.00012896,2.204629204,0.00026336
-0.00012892,2.175129481,0.000104033
-0.00012888,2.167156583,-0.000533279
-0.00012884,2.1344677,0.000900672
-0.0001288,2.114535455,0.000821008
-0.00012876,2.097792369,0.000422688
-0.00012872,2.077860123,0.000183697
-0.00012868,2.04995498,-0.000373951
-0.00012864,2.031617314,-0.000214623
-0.0001286,2.00450946,0.000980336
-0.00012856,1.997333852,0.00026336
-0.00012852,1.965442259,0.000343024
-0.00012848,1.947901883,0.000104033
-0.00012844,1.926375058,0.000502352
-0.0001284,1.901659074,0.000900672
-0.00012836,1.888105147,0.001458319
-0.00012832,1.864983742,0.000422688
-0.00012828,1.83149757,0.000582016
-0.00012824,1.822727382,0.001059999
-0.0001282,1.818740933,0.000821008
-0.00012816,1.779673732,0.000821008
-0.00012812,1.763727936,0.00066168
-0.00012808,1.736620082,0.00026336
-0.00012804,1.706323069,0.000422688
-0.000128,1.695958301,0.000582016
-0.00012796,1.686390823,-0.000214623
-0.00012792,1.65609381,0.000582016
-0.00012788,1.637756145,-0.000134959
-0.00012784,1.605067262,2.44E-05
-0.0001278,1.590716045,0.000422688
-0.00012776,1.563608192,-0.001329918
-0.00012772,1.551648844,0.00026336
-0.00012768,1.52693286,0.000104033
-0.00012764,1.500622296,-0.000214623
-0.0001276,1.486271079,-0.000134959
-0.00012756,1.461555095,0.00026336
-0.00012752,1.436041821,-0.000294287
-0.00012748,1.412920416,2.44E-05
-0.00012744,1.392190881,-0.000214623
-0.0001274,1.379434244,-0.000453615
-0.00012736,1.357907419,2.44E-05
-0.00012732,1.338772463,0.000582016
-0.00012728,1.313259189,-0.000533279
-0.00012724,1.299705262,-0.000214623
-0.0001272,1.271002829,-0.000453615
-0.00012716,1.251867873,-0.000134959
-0.00012712,1.235922077,-0.001568909
-0.00012708,1.218381701,-0.001090926
-0.00012704,1.192868427,-0.000294287
-0.000127,1.18090908,-0.001250254
-0.00012696,1.153003936,-0.000692606
-0.00012692,1.13386898,-0.000214623
-0.00012688,1.113139445,-0.000533279
-0.00012684,1.09240991,-0.00077227
-0.0001268,1.077261403,-0.001250254
-0.00012676,1.058923738,0.000821008
-0.00012672,1.043775231,-0.000851934
-0.00012668,1.022248406,-0.000612942
-0.00012664,1.00391074,0.000422688
-0.0001266,0.983978495,-0.000453615
-0.00012656,0.96245167,0.000343024
-0.00012652,0.947303163,-0.000612942
-0.00012648,0.935343816,0.001219327
-0.00012644,0.905844093,0.000343024
-0.0001264,0.894682035,0.000422688
-0.00012636,0.8739525,-0.000373951
-0.00012632,0.861195863,0.000343024
-0.00012628,0.847641936,0.000343024
-0.00012624,0.842858197,0.000502352
-0.0001262,0.809372025,-0.000214623
-0.00012616,0.797412678,-0.000851934
-0.00012612,0.780669592,0.001139663
-0.00012608,0.761534636,-0.000453615
-0.00012604,0.759142767,0.000343024
-0.000126,0.740805101,0.001139663
-0.00012596,0.722467435,0.000980336
-0.00012592,0.723264725,-0.000373951
-0.00012588,0.706521639,0.000502352
-0.00012584,0.697751451,0.001219327
-0.0001258,0.686589393,0.000343024
-0.00012576,0.693765002,-0.000294287
-0.00012572,0.684994814,-0.000533279
-0.00012568,0.681805654,0.000502352
-0.00012564,0.685792103,0.00026336
-0.0001256,0.685792103,0.000104033
-0.00012556,0.681805654,-0.000453615
-0.00012552,0.69934603,2.44E-05
-0.00012548,0.70014332,-0.000533279
-0.00012544,0.708913508,-0.000294287
-0.0001254,0.734426782,-0.001329918
-0.00012536,0.74319697,0.000104033
-0.00012532,0.752764448,2.44E-05
-0.00012528,0.78625062,0.000502352
-0.00012524,0.791831649,-0.001568909
-0.0001252,0.804588286,-0.000692606
-0.00012516,0.83249343,-0.000851934
-0.00012512,0.841263618,-0.000851934
-0.00012508,0.862790443,0.000183697
-0.00012504,0.877938949,-0.00077227
-0.000125,0.901060354,-0.000612942
-0.00012496,0.922587179,-0.001011262
-0.00012492,0.931357367,0.000183697
-0.00012488,0.96085709,-0.000533279
-0.00012484,0.976802886,-0.000373951
-0.0001248,1.00391074,-0.000134959
-0.00012476,1.023045696,0.000582016
-0.00012472,1.042180651,-0.000533279
-0.00012468,1.062112897,2.44E-05
-0.00012464,1.082045142,0.000104033
-0.0001246,1.097193649,-0.000453615
-0.00012456,1.129882531,-0.000692606
-0.00012452,1.13705814,-0.000134959
-0.00012448,1.153003936,-0.000453615
-0.00012444,1.17851721,-0.000214623
-0.0001244,1.212003382,0.000183697
-0.00012436,1.219976281,-0.000692606
-0.00012432,1.244692265,-0.000373951
-0.00012428,1.275786568,-0.000453615
-0.00012424,1.302097132,0.00066168
-0.0001242,1.326015826,-0.000692606
-0.00012416,1.338772463,-0.000533279
-0.00012412,1.358704709,2.44E-05
-0.00012408,1.375447795,-0.000692606
-0.00012404,1.412123126,2.44E-05
-0.000124,1.428866213,-0.000214623
-0.00012396,1.447203878,0.000422688
-0.00012392,1.467933414,2.44E-05
-0.00012388,1.48547379,-0.00077227
-0.00012384,1.518162672,-0.000134959
-0.0001238,1.540486787,-0.001090926
-0.00012376,1.558027163,-0.000373951
-0.00012372,1.575567539,-0.000134959
-0.00012368,1.603472682,-0.000294287
-0.00012364,1.628188667,0.00066168
-0.0001236,1.650512782,-0.000134959
-0.00012356,1.681607084,-0.000214623
-0.00012352,1.69914746,0.000183697
-0.00012348,1.709512228,-0.000134959
-0.00012344,1.737417372,0.00026336
-0.0001234,1.773295413,0.000582016
-0.00012336,1.778876442,0.000343024
-0.00012332,1.805187006,0.001139663
-0.00012328,1.829105701,0.000900672
-0.00012324,1.834686729,0.00066168
-0.0001232,1.8761458,0.00066168
-0.00012316,1.887307857,0.000502352
-0.00012312,1.913618421,0.00066168
-0.00012308,1.941523565,-0.000134959
-0.00012304,1.950293753,0.00066168
-0.000123,1.969428708,-0.000134959
-0.00012296,2.000523011,0.000502352
-0.00012292,2.021252546,0.000980336
-0.00012288,2.041982082,0.000343024
-0.00012284,2.063508907,-0.000373951
-0.0001228,2.086630311,-0.000851934
-0.00012276,2.104967977,0.000104033
-0.00012272,2.128886672,-0.000851934
-0.00012268,2.152805366,0.000343024
-0.00012264,2.161575554,-0.000453615
-0.0001226,2.184696959,-0.000294287
-0.00012256,2.211007523,0.000343024
-0.00012252,2.236520797,0.000104033
-0.00012248,2.236520797,0.000422688
-0.00012244,2.276385288,-0.000453615
-0.0001224,2.300303982,2.44E-05
-0.00012236,2.303493142,-0.000294287
-0.00012232,2.333790155,0.000183697
-0.00012228,2.364884457,2.44E-05
-0.00012224,2.372857356,0.000183697
-0.0001222,2.39597876,-0.000214623
-0.00012216,2.419897455,-0.001011262
-0.00012212,2.44142428,-0.000373951
-0.00012208,2.466937554,0.000502352
-0.00012204,2.478896901,0.000104033
-0.000122,2.504410175,-0.000692606
-0.00012196,2.517964102,0.000821008
-0.00012192,2.549855695,-0.00117059
-0.00012188,2.56899065,-0.000294287
-0.00012184,2.588922896,0.00066168
-0.0001218,2.611247011,-0.000373951
-0.00012176,2.617625329,2.44E-05
-0.00012172,2.647125053,0.000582016
-0.00012168,2.676624776,0.000900672
-0.00012164,2.686192254,0.000343024
-0.0001216,2.716489267,0.000104033
-0.00012156,2.724462165,-0.001011262
-0.00012152,2.754759178,0.000582016
-0.00012148,2.770704974,-0.001329918
-0.00012144,2.793029089,0.000502352
-0.0001214,2.820934233,-0.000533279
-0.00012136,2.834488159,0.000582016
-0.00012132,2.855217695,-0.000214623
-0.00012128,2.879933679,-0.00077227
-0.00012124,2.907838823,0.000104033
-0.0001212,2.915811721,0.000582016
-0.00012116,2.938933125,0.000502352
-0.00012112,2.950095183,0.000502352
-0.00012108,2.991554253,-0.00077227
-0.00012104,3.00750005,0.000343024
-0.000121,3.029026875,-0.000134959
-0.00012096,3.05135099,0.001458319
-0.00012092,3.068891366,0.00066168
-0.00012088,3.082445292,0.000104033
-0.00012084,3.104769407,0.000900672
-0.0001208,3.13586371,0.000183697
-0.00012076,3.142242029,-0.000214623
-0.00012072,3.166958013,-0.000373951
-0.00012068,3.190876708,-0.000851934
-0.00012064,3.205227924,-0.000612942
-0.0001206,3.231538488,-0.00077227
-0.00012056,3.256254472,0.000183697
-0.00012052,3.283362326,0.000104033
-0.00012048,3.299308123,0.000582016
-0.00012044,3.312862049,0.000502352
-0.0001204,3.341564483,0.000502352
-0.00012036,3.35352383,0.00066168
-0.00012032,3.378239814,0.00066168
-0.00012028,3.39817206,0.000741344
-0.00012024,3.412523277,0.000821008
-0.0001202,3.438036551,0.001059999
-0.00012016,3.456374216,0.000422688
-0.00012012,3.477103752,0.000741344
-0.00012008,3.507400765,-0.000692606
-0.00012004,3.52892759,0.000900672
-0.00012,3.554440864,0.000821008
-0.00011996,3.560819182,0.000741344
-0.00011992,3.57118395,0.000343024
-0.00011988,3.606264702,0.000502352
-0.00011984,3.629386107,0.00026336
-0.0001198,3.642940034,0.000343024
-0.00011976,3.664466859,0.000821008
-0.00011972,3.686790974,0.000900672
-0.00011968,3.704331349,0.000343024
-0.00011964,3.723466305,0.001139663
-0.0001196,3.737817522,0.000900672
-0.00011956,3.772100984,0.00066168
-0.00011952,3.798411548,0.000422688
-0.00011948,3.811168185,-0.000692606
-0.00011944,3.835884169,0.000741344
-0.0001194,3.841465198,0.000502352
-0.00011936,3.863789313,0.001139663
-0.00011932,3.886113428,0.001378655
-0.00011928,3.908437543,-0.000533279
-0.00011924,3.932356237,0.000582016
-0.0001192,3.950693903,0.000582016
-0.00011916,3.974612597,0.000104033
-0.00011912,3.996139422,-0.000134959
-0.00011908,4.020058117,0.001139663
-0.00011904,4.026436435,0.00026336
-0.000119,4.05035513,0.000900672
-0.00011896,4.083044012,0.000980336
-0.00011892,4.091016911,2.44E-05
-0.00011888,4.114138315,0.000821008
-0.00011884,4.147624488,0.000980336
-0.0001188,4.150813647,-0.000373951
-0.00011876,4.170745892,0.001219327
-0.00011872,4.199448326,0.000821008
-0.00011868,4.210610383,0.000183697
-0.00011864,4.232137208,2.44E-05
-0.0001186,4.253664033,0.000104033
-0.00011856,4.273596279,0.000422688
-0.00011852,4.275988148,0.000900672
-0.00011848,4.31186619,2.44E-05
-0.00011844,4.323028247,0.000741344
-0.0001184,4.342960493,0.000900672
-0.00011836,4.370865636,0.001059999
-0.00011832,4.390797882,0.000900672
-0.00011828,4.403554519,-0.000453615
-0.00011824,4.431459662,-0.000134959
-0.0001182,4.44262172,0.000900672
-0.00011816,4.462553965,0.001537983
-0.00011812,4.481688921,0.000343024
-0.00011808,4.507999485,0.000980336
-0.00011804,4.525539861,0.000582016
-0.000118,4.550255845,0.00026336
-0.00011796,4.565404352,0.000900672
-0.00011792,4.581350148,0.000422688
-0.00011788,4.606863422,0.00026336
-0.00011784,4.618822769,0.000104033
-0.0001178,4.638755015,0.000900672
-0.00011776,4.669052028,0.000422688
-0.00011772,4.680214085,0.000422688
-0.00011768,4.70174091,0.000900672
-0.00011764,4.724862315,0.000343024
-0.0001176,4.739213532,0.001219327
-0.00011756,4.767118675,0.000582016
-0.00011752,4.767915965,0.000821008
-0.00011748,4.801402137,0.000104033
-0.00011744,4.814956064,0.001139663
-0.0001174,4.83249644,0.000183697
-0.00011736,4.861198874,0.001378655
-0.00011732,4.868374482,0.001059999
-0.00011728,4.893090466,0.000741344
-0.00011724,4.91860374,0.000422688
-0.0001172,4.932157667,-0.000533279
-0.00011716,4.944914304,0.000980336
-0.00011712,4.972819448,0.00066168
-0.00011708,4.981589636,2.44E-05
-0.00011704,4.999130012,0.00066168
-0.000117,5.018264967,0.000502352
-0.00011696,5.042980952,0.000582016
-0.00011692,5.046170111,0.001059999
-0.00011688,5.078858994,0.001298991
-0.00011684,5.089223761,0.001458319
-0.0001168,5.100385819,-0.000453615
-0.00011676,5.128290962,-0.000294287
-0.00011672,5.140250309,-0.000134959
-0.00011668,5.153006946,0.000183697
-0.00011664,5.184101249,0.000183697
-0.0001166,5.200047046,0.001936302
-0.00011656,5.215992842,0.001378655
-0.00011652,5.238316957,0.001139663
-0.00011648,5.255060043,0.001219327
-0.00011644,5.26701939,0.000980336
-0.0001164,5.272600419,0.001537983
-0.00011636,5.304492012,0.000741344
-0.00011632,5.31246491,0.000741344
-0.00011628,5.336383604,2.44E-05
-0.00011624,5.35711314,-0.000294287
-0.0001162,5.358707719,0.001697311
-0.00011616,5.374653516,0.001139663
-0.00011612,5.391396602,0.001298991
-0.00011608,5.384220993,0.000502352
-0.00011604,5.408139688,0.000821008
-0.000116,5.423288194,0.000821008
-0.00011596,5.420896325,0.000821008
-0.00011592,5.434450252,2.44E-05
-0.00011588,5.450396048,-0.000294287
-0.00011584,5.455179787,0.000900672
-0.0001158,5.463152685,0.001776975
-0.00011576,5.459963526,0.000343024
-0.00011572,5.463152685,0.000104033
-0.00011568,5.462355395,0.000502352
-0.00011564,5.469531004,-0.000612942
-0.0001156,5.458368946,0.00026336
-0.00011556,5.467139134,0.00066168
-0.00011552,5.48467951,0.000980336
-0.00011548,5.480693061,0.001537983
-0.00011544,5.476706612,0.001219327
-0.0001154,5.48627409,0.00066168
-0.00011536,5.4854768,0.001537983
-0.00011532,5.48627409,0.001059999
-0.00011528,5.4854768,0.000821008
-0.00011524,5.495841568,0.000821008
-0.0001152,5.497436147,0.001219327
-0.00011516,5.494246988,0.001537983
-0.00011512,5.498233437,0.001298991
-0.00011508,5.482287641,-0.000294287
-0.00011504,5.4854768,0.001059999
-0.000115,5.491855119,-0.000134959
-0.00011496,5.483084931,0.000582016
-0.00011492,5.493449698,2.44E-05
-0.00011488,5.493449698,-0.00077227
-0.00011484,5.48786867,0.000343024
-0.0001148,5.494246988,0.000343024
-0.00011476,5.48467951,0.000183697
-0.00011472,5.482287641,0.00066168
-0.00011468,5.472720163,0.000502352
-0.00011464,5.494246988,0.001059999
-0.0001146,5.480693061,-0.000851934
-0.00011456,5.470328294,0.000582016
-0.00011452,5.481490351,0.000821008
-0.00011448,5.479895771,0.000821008
-0.00011444,5.468733714,-0.000214623
-0.0001144,5.474314743,0.001219327
-0.00011436,5.468733714,0.000422688
-0.00011432,5.457571656,0.000422688
-0.00011428,5.450396048,0.001537983
-0.00011424,5.448801468,0.000502352
-0.0001142,5.44322044,0.001139663
-0.00011416,5.451193338,0.000183697
-0.00011412,5.423288194,2.44E-05
-0.00011408,5.420896325,-0.001011262
-0.00011404,5.401761369,0.001617647
-0.000114,5.396180341,0.001458319
-0.00011396,5.369072487,0.00066168
-0.00011392,5.359505009,0.000741344
-0.00011388,5.344356503,0.001059999
-0.00011384,5.322032388,0.000741344
-0.0001138,5.306086591,0.000502352
-0.00011376,5.284559766,0.000980336
-0.00011372,5.252668174,0.000104033
-0.00011368,5.231141349,0.001298991
-0.00011364,5.212803683,0.001298991
-0.0001136,5.187290409,0.000183697
-0.00011356,5.167358163,0.000502352
-0.00011352,5.143439469,0.001219327
-0.00011348,5.126696383,0.00026336
-0.00011344,5.097196659,0.001139663
-0.0001134,5.076467124,0.00026336
-0.00011336,5.058129458,0.001219327
-0.00011332,5.038197213,0.001219327
-0.00011328,5.030224315,0.000980336
-0.00011324,4.995940853,2.44E-05
-0.0001132,4.968035709,0.000343024
-0.00011316,4.956076362,0.000183697
-0.00011312,4.936941406,0.000104033
-0.00011308,4.910630842,0.00066168
-0.00011304,4.901860654,0.001059999
-0.000113,4.872360931,0.000900672
-0.00011296,4.854820555,2.44E-05
-0.00011292,4.83249644,0.001458319
-0.00011288,4.804591297,0.000502352
-0.00011284,4.778280733,-0.000214623
-0.0001128,4.775888863,0.000343024
-0.00011276,4.759145777,0.000422688
-0.00011272,4.729646054,0.000183697
-0.00011268,4.714497547,-0.000134959
-0.00011264,4.681808665,-0.000134959
-0.0001126,4.66028184,0.00026336
-0.00011256,4.638755015,-0.000214623
-0.00011252,4.621214639,0.001458319
-0.00011248,4.609255291,0.00026336
-0.00011244,4.598093234,0.00066168
-0.0001124,4.579755568,-0.000692606
-0.00011236,4.539891077,-0.000612942
-0.00011232,4.518364252,0.000343024
-0.00011228,4.514377803,2.44E-05
-0.00011224,4.479297051,2.44E-05
-0.0001122,4.468932284,2.44E-05
-0.00011216,4.445013589,0.000343024
-0.00011212,4.425878634,0.000502352
-0.00011208,4.411527417,0.00026336
-0.00011204,4.382027694,-0.000134959
-0.000112,4.369271057,0.000183697
-0.00011196,4.338176754,0.000183697
-0.00011192,4.336582174,2.44E-05
-0.00011188,4.301501422,0.001139663
-0.00011184,4.276785438,0.00026336
-0.0001118,4.26960983,-0.000134959
-0.00011176,4.241704686,0.000422688
-0.00011172,4.220975151,-0.000134959
-0.00011168,4.205826644,0.000980336
-0.00011164,4.187488978,0.000582016
-0.0001116,4.174732341,-0.000373951
-0.00011156,4.154800096,0.000183697
-0.00011152,4.122908503,0.000980336
-0.00011148,4.109354576,0.001139663
-0.00011144,4.082246723,0.00066168
-0.0001114,4.067895506,0.000582016
-0.00011136,4.040787652,-0.000134959
-0.00011132,4.023247276,-0.000931598
-0.00011128,3.998531292,0.000582016
-0.00011124,3.978599046,-0.000134959
-0.0001112,3.959464091,0.001139663
-0.00011116,3.947504744,0.00066168
-0.00011112,3.910829412,0.000980336
-0.00011108,3.905248383,0.000104033
-0.00011104,3.87495137,0.000183697
-0.000111,3.851032676,0.000343024
-0.00011096,3.842262488,0.000422688
-0.00011092,3.823924822,0.000582016
-0.00011088,3.794425099,-0.000134959
-0.00011084,3.779276592,-0.001011262
-0.0001108,3.754560608,0.000104033
-0.00011076,3.727452754,-0.000294287
-0.00011072,3.715493407,2.44E-05
-0.00011068,3.693169292,-0.000612942
-0.00011064,3.670845177,-0.001011262
-0.0001106,3.642940034,-0.000453615
-0.00011056,3.630980686,0.00026336
-0.00011052,3.607859282,-0.00117059
-0.00011048,3.589521616,0.00026336
-0.00011044,3.576764979,0.001298991
-0.0001104,3.560021893,-0.000214623
-0.00011036,3.525738431,0.000343024
-0.00011032,3.517765532,-0.000294287
-0.00011028,3.480292911,0.000900672
-0.00011024,3.470725433,-0.000294287
-0.0001102,3.461157955,0.000104033
-0.00011016,3.422090754,0.001298991
-0.00011012,3.401361219,0.000343024
-0.00011008,3.389401872,0.00026336
-0.00011004,3.364685888,0.00026336
-0.00011,3.335983454,0.001458319
-0.00010996,3.324024107,0.001378655
-0.00010992,3.315253919,0.000422688
-0.00010988,3.283362326,2.44E-05
-0.00010984,3.259443632,0.001219327
-0.0001098,3.240308676,-0.000373951
-0.00010976,3.214795402,0.000502352
-0.00010972,3.199646896,0.001697311
-0.00010968,3.171741752,-0.000533279
-0.00010964,3.158985115,0.000741344
-0.0001096,3.13745829,0.000582016
-0.00010956,3.118323334,0.000980336
-0.00010952,3.09281006,0.00026336
-0.00010948,3.074472394,0.001219327
-0.00010944,3.045769961,0.00066168
-0.0001094,3.033810614,0.001537983
-0.00010936,3.011486499,-0.000373951
-0.00010932,2.995540702,0.001059999
-0.00010928,2.978797616,2.44E-05
-0.00010924,2.950095183,-0.000373951
-0.0001092,2.936541256,0.000422688
-0.00010916,2.915811721,0.00066168
-0.00010912,2.892690316,0.001059999
-0.00010908,2.87355536,0.000343024
-0.00010904,2.841663768,-0.000294287
-0.000109,2.816947783,0.000900672
-0.00010896,2.803393857,0.000422688
-0.00010892,2.777880582,2.44E-05
-0.00010888,2.750772729,0.000502352
-0.00010884,2.739610671,0.000343024
-0.0001088,2.718083846,0.001458319
-0.00010876,2.70213805,0.000343024
-0.00010872,2.679813935,0.00026336
-0.00010868,2.647922342,0.000343024
-0.00010864,2.627192807,0.000582016
-0.0001086,2.61284159,0.00066168
-0.00010856,2.599287664,0.000582016
-0.00010852,2.56899065,-0.000134959
-0.00010848,2.550652985,0.000183697
-0.00010844,2.524342421,0.000422688
-0.0001084,2.509193914,2.44E-05
-0.00010836,2.494842698,0.000104033
-0.00010832,2.473315872,0.000821008
-0.00010828,2.44142428,0.00066168
-0.00010824,2.420694745,-0.000214623
-0.0001082,2.405546238,0.000183697
-0.00010816,2.376843805,-0.000692606
-0.00010812,2.360100718,2.44E-05
-0.00010808,2.348141371,-0.00077227
-0.00010804,2.31146604,-0.000612942
-0.000108,2.302695852,-0.000294287
-0.00010796,2.291533794,-0.000692606
-0.00010792,2.260439491,-0.000533279
-0.00010788,2.231737058,-0.000612942
-0.00010784,2.213399392,2.44E-05
-0.0001078,2.182305089,-0.000533279
-0.00010776,2.171940322,-0.000692606
-0.00010772,2.144832468,-0.000134959
-0.00010768,2.120913773,-0.000214623
-0.00010764,2.101778818,-0.000294287
-0.0001076,2.089022181,-0.000692606
-0.00010756,2.061117037,-0.000851934
-0.00010752,2.042779371,0.000422688
-0.00010748,2.035603763,-0.000612942
-0.00010744,2.00371217,0.00026336
-0.0001074,1.978996186,-0.000294287
-0.00010736,1.971820578,2.44E-05
-0.00010732,1.943118144,0.000422688
-0.00010728,1.924780479,-0.000294287
-0.00010724,1.904050943,2.44E-05
-0.0001072,1.87375393,0.000183697
-0.00010716,1.852227105,-0.000453615
-0.00010712,1.838673178,0.000104033
-0.00010708,1.816349063,-0.000453615
-0.00010704,1.791633079,0.000183697
-0.000107,1.774092703,2.44E-05
-0.00010696,1.755755037,-0.000453615
-0.00010692,1.715890547,0.00026336
-0.00010688,1.712701387,0.000900672
-0.00010684,1.688782693,-0.000851934
-0.0001068,1.660080259,-0.000692606
-0.00010676,1.645729043,0.000422688
-0.00010672,1.629783246,0.000104033
-0.00010668,1.607459132,2.44E-05
-0.00010664,1.581148568,-0.000931598
-0.0001066,1.567594641,-0.000373951
-0.00010656,1.537297628,-0.00077227
-0.00010652,1.516568092,-0.000134959
-0.00010648,1.499027716,0.000821008
-0.00010644,1.478298181,-0.001409582
-0.0001064,1.452784907,0.000343024
-0.00010636,1.433649951,-0.001489245
-0.00010632,1.411325837,-0.000294287
-0.00010628,1.389001722,-0.001568909
-0.00010624,1.378636954,0.000104033
-0.0001062,1.347542651,-0.000692606
-0.00010616,1.320434797,-0.001967229
-0.00010612,1.311664609,0.000422688
-0.00010608,1.295718813,0.000582016
-0.00010604,1.271800119,0.000582016
-0.000106,1.248678714,2.44E-05
-0.00010596,1.232732918,-0.001250254
-0.00010592,1.196854876,-0.001489245
-0.00010588,1.193665717,-0.000851934
-0.00010584,1.173733471,-0.001011262
-0.0001058,1.145031038,-0.001011262
-0.00010576,1.13626085,2.44E-05
-0.00010572,1.114734025,-0.000453615
-0.00010568,1.097990939,-0.001090926
-0.00010564,1.073274954,-0.000214623
-0.0001056,1.062910187,-0.001329918
-0.00010556,1.022248406,-0.000692606
-0.00010552,1.011086349,-0.000134959
-0.00010548,1.001518871,-0.000373951
-0.00010544,0.964843539,-0.000851934
-0.0001054,0.955276061,-0.000134959
-0.00010536,0.941722135,0.000183697
-0.00010532,0.920195309,0.000183697
-0.00010528,0.893087456,-0.001011262
-0.00010524,0.880330819,-0.000373951
-0.0001052,0.858803994,-0.00077227
-0.00010516,0.850033806,-0.001011262
-0.00010512,0.837277169,-0.001011262
-0.00010508,0.819736793,-0.001329918
-0.00010504,0.798209968,-0.001807901
-0.000105,0.795020808,-0.000931598
-0.00010496,0.773493983,-0.000533279
-0.00010492,0.757548187,-0.000612942
-0.00010488,0.74239968,2.44E-05
-0.00010484,0.736021362,-0.001807901
-0.0001048,0.724062015,-0.001967229
-0.00010476,0.711305378,-0.001409582
-0.00010472,0.693765002,-0.001568909
-0.00010468,0.685792103,-0.00117059
-0.00010464,0.682602944,-0.001250254
-0.0001046,0.674630046,-0.001568909
-0.00010456,0.667454438,0.00026336
-0.00010452,0.681008364,-0.000931598
-0.00010448,0.677819205,-0.000373951
-0.00010444,0.688183973,0.000502352
-0.0001044,0.692967712,-0.001011262
-0.00010436,0.694562291,0.000502352
-0.00010432,0.69934603,-0.000294287
-0.00010428,0.714494537,-0.00117059
-0.00010424,0.722467435,0.000104033
-0.0001042,0.731237623,-0.001011262
-0.00010416,0.757548187,0.000741344
-0.00010412,0.770304824,-0.00077227
-0.00010408,0.78864249,0.000104033
-0.00010404,0.814953054,-0.000453615
-0.000104,0.833290719,-0.000851934
-0.00010396,0.842060907,0.000582016
-0.00010392,0.866776892,-0.000453615
-0.00010388,0.889101007,-0.000373951
-0.00010384,0.902654934,0.000502352
-0.0001038,0.91620886,-0.000692606
-0.00010376,0.950492323,-0.000214623
-0.00010372,0.956870641,-0.001568909
-0.00010368,0.978397466,-0.000453615
-0.00010364,1.0070999,0.000582016
-0.0001036,1.010289059,-0.000373951
-0.00010356,1.030221304,-0.000692606
-0.00010352,1.068491215,-0.000931598
-0.00010348,1.082045142,-0.000931598
-0.00010344,1.109950286,-0.000692606
-0.0001034,1.116328604,-0.000931598
-0.00010336,1.139450009,-0.000533279
-0.00010332,1.164165993,0.000104033
-0.00010328,1.173733471,-0.000134959
-0.00010324,1.203233194,2.44E-05
-0.0001032,1.234327497,-0.000931598
-0.00010316,1.256651612,-0.000373951
-0.00010312,1.273394698,2.44E-05
-0.00010308,1.300502552,-0.000453615
-0.00010304,1.317245638,-0.000533279
-0.000103,1.337177884,-0.000931598
-0.00010296,1.367474897,0.000980336
-0.00010292,1.388204432,0.000502352
-0.00010288,1.410528547,0.000183697
-0.00010284,1.424082474,2.44E-05
-0.0001028,1.453582197,-0.000692606
-0.00010276,1.479892761,0.000502352
-0.00010272,1.496635847,0.00026336
-0.00010268,1.520554541,-0.000134959
-0.00010264,1.550054265,-0.000533279
-0.0001026,1.561216322,0.000183697
-0.00010256,1.589918756,0.000422688
-0.00010252,1.609851001,0.000741344
-0.00010248,1.632175116,0.000422688
-0.00010244,1.65768839,0.000104033
-0.0001024,1.695958301,0.000502352
-0.00010236,1.696755591,0.000183697
-0.00010232,1.729444473,-0.001250254
-0.00010228,1.741403821,0.000582016
-0.00010224,1.761336066,0.000502352
-0.0001022,1.784457471,-0.000373951
-0.00010216,1.806781586,0.000104033
-0.00010212,1.82990299,0.000422688
-0.00010208,1.851429815,2.44E-05
-0.00010204,1.878537669,0.000502352
-0.000102,1.891294306,0.00026336
-0.00010196,1.906442813,0.000502352
-0.00010192,1.940726275,0.00066168
-0.00010188,1.952685622,0.000422688
-0.00010184,1.978996186,0.000422688
-0.0001018,1.994941982,0.00026336
-0.00010176,2.026833575,-0.000294287
-0.00010172,2.030022734,0.00026336
-0.00010168,2.061914327,0.00066168
-0.00010164,2.081049283,0.00026336
-0.0001016,2.105765267,-0.001090926
-0.00010156,2.1344677,0.000422688
-0.00010152,2.151210787,-0.000453615
-0.00010148,2.167953873,0.000741344
-0.00010144,2.187088828,0.000343024
-0.0001014,2.205426494,-0.001250254
-0.00010136,2.22216958,0.00026336
-0.00010132,2.246088275,0.000821008
-0.00010128,2.272398839,0.000821008
-0.00010124,2.292331084,-0.000533279
-0.0001012,2.317047068,0.001059999
-0.00010116,2.340965763,0.000422688
-0.00010112,2.357708849,0.000183697
-0.00010108,2.376843805,0.000582016
-0.00010104,2.401559789,0.000183697
-0.000101,2.421492034,-0.000214623
-0.00010096,2.435045961,0.000900672
-0.00010092,2.470924003,0.000104033
-0.00010088,2.478896901,-0.000134959
-0.00010084,2.504410175,0.000502352
-0.0001008,2.52912616,0.000183697
-0.00010076,2.546666536,0.000104033
-0.00010072,2.57138252,0.000343024
-0.00010068,2.600882243,-0.000373951
-0.00010064,2.617625329,0.000104033
-0.0001006,2.634368415,-0.001011262
-0.00010056,2.654300661,-0.000134959
-0.00010052,2.673435616,-0.000373951
-0.00010048,2.70373263,2.44E-05
-0.00010044,2.718881136,0.000582016
-0.0001004,2.738813381,2.44E-05
-0.00010036,2.769110394,0.000104033
-0.00010032,2.785056191,-0.000134959
-0.00010028,2.796218248,0.000183697
-0.00010024,2.818542363,-0.000373951
-0.0001002,2.840069188,0.000422688
-0.00010016,2.865582462,0.00066168
-0.00010012,2.881528259,0.000183697
-0.00010008,2.912622561,-0.000294287
-0.00010004,2.923784619,-0.00077227
-0.0001,2.938933125,-0.000214623
-1.00E-04,2.968432849,-0.000533279
-9.99E-05,2.991554253,-0.000294287
-9.99E-05,3.012283789,-0.000851934
-9.98E-05,3.025040426,0.000900672
-9.98E-05,3.053742859,0.000183697
-9.98E-05,3.062513047,-0.000612942
-9.97E-05,3.09201277,0.000104033
-9.97E-05,3.104769407,0.000343024
-9.96E-05,3.121512493,-0.000612942
-9.96E-05,3.144633898,-0.00077227
-9.96E-05,3.166958013,0.000183697
-9.95E-05,3.191673997,-0.000134959
-9.95E-05,3.213998112,-0.000851934
-9.94E-05,3.237916807,-0.000373951
-9.94E-05,3.259443632,0.000343024
-9.94E-05,3.273794848,-0.000692606
-9.93E-05,3.302497282,0.00026336
-9.93E-05,3.319240368,-0.000214623
-9.92E-05,3.344753642,0.00026336
-9.92E-05,3.359902149,0.000422688
-9.92E-05,3.385415423,2.44E-05
-9.91E-05,3.39737477,0.000422688
-9.91E-05,3.428469073,0.000343024
-9.90E-05,3.43963113,0.000582016
-9.90E-05,3.465941694,0.000183697
-9.90E-05,3.481090201,-0.000453615
-9.89E-05,3.504211605,2.44E-05
-9.89E-05,3.522549271,0.000821008
-9.88E-05,3.548062545,0.000741344
-9.88E-05,3.57198124,0.000183697
-9.88E-05,3.579156848,0.000343024
-9.87E-05,3.608656571,0.000422688
-9.87E-05,3.627791527,0.000741344
-9.86E-05,3.638953585,-0.000373951
-9.86E-05,3.662872279,0.000183697
-9.86E-05,3.698750321,-0.000294287
-9.85E-05,3.713898827,2.44E-05
-9.85E-05,3.730641913,0.000104033
-9.84E-05,3.750574159,0.000582016
-9.84E-05,3.776087433,-0.000533279
-9.84E-05,3.796816968,0.000502352
-9.83E-05,3.820735663,-0.000453615
-9.83E-05,3.823924822,0.000343024
-9.82E-05,3.854221835,0.001139663
-9.82E-05,3.87734324,0.001139663
-9.82E-05,3.888505297,2.44E-05
-9.81E-05,3.91800502,0.000980336
-9.81E-05,3.949099323,0.00026336
-9.80E-05,3.953085772,0.001139663
-9.80E-05,3.968234279,0.000900672
-9.80E-05,3.986571945,0.00066168
-9.79E-05,4.008896059,0.00026336
-9.79E-05,4.035206623,0.000900672
-9.78E-05,4.055138869,0.000343024
-9.78E-05,4.063909057,-0.000214623
-9.78E-05,4.087827751,2.44E-05
-9.77E-05,4.109354576,0.000582016
-9.77E-05,4.120516634,0.000502352
-9.76E-05,4.143638039,0.000582016
-9.76E-05,4.173935052,0.00209563
-9.76E-05,4.197853746,0.000422688
-9.75E-05,4.207421224,0.001139663
-9.75E-05,4.231339918,-0.000373951
-9.74E-05,4.251272164,0.001697311
-9.74E-05,4.264826091,-0.000612942
-9.74E-05,4.291136655,0.001298991
-9.73E-05,4.307879741,0.000980336
-9.73E-05,4.332595725,0.000502352
-9.72E-05,4.348541521,0.000183697
-9.72E-05,4.362095448,-0.000214623
-9.72E-05,4.380433114,0.001059999
-9.71E-05,4.405946388,0.000741344
-9.71E-05,4.424284054,0.000502352
-9.70E-05,4.439432561,0.000502352
-9.70E-05,4.472121443,0.000502352
-9.70E-05,4.48726995,0.000422688
-9.69E-05,4.502418456,0.001139663
-9.69E-05,4.520756122,0.000900672
-9.68E-05,4.548661265,0.000502352
-9.68E-05,4.57178267,0.000582016
-9.68E-05,4.581350148,0.000980336
-9.67E-05,4.606066132,0.000741344
-9.67E-05,4.622011929,0.001378655
-9.66E-05,4.637957725,0.001298991
-9.66E-05,4.661876419,0.000900672
-9.66E-05,4.677822216,0.001059999
-9.65E-05,4.688186983,0.001139663
-9.65E-05,4.717686707,0.001139663
-9.64E-05,4.731240633,0.00026336
-9.64E-05,4.749578299,0.000582016
-9.64E-05,4.775091573,0.001219327
-9.63E-05,4.79024008,2.44E-05
-9.63E-05,4.814158774,0.000741344
-9.62E-05,4.835685599,0.000582016
-9.62E-05,4.849239526,0.000821008
-9.62E-05,4.868374482,0.000821008
-9.61E-05,4.903455234,0.001856639
-9.61E-05,4.909833552,0.001059999
-9.60E-05,4.9217929,0.000741344
-9.60E-05,4.956873652,0.00026336
-9.60E-05,4.966441129,0.000582016
-9.59E-05,4.979197766,0.000821008
-9.59E-05,4.998332722,0.000741344
-9.58E-05,5.022251417,-0.000612942
-9.58E-05,5.020656837,0.000900672
-9.58E-05,5.061318618,0.001458319
-9.57E-05,5.074872544,0.000343024
-9.57E-05,5.101183108,0.001059999
-9.56E-05,5.113142456,0.000582016
-9.56E-05,5.128290962,0.000104033
-9.56E-05,5.148223208,-0.001011262
-9.55E-05,5.169750033,0.000183697
-9.55E-05,5.18091209,0.000821008
-9.54E-05,5.201641625,-0.000373951
-9.54E-05,5.208019944,0.001219327
-9.54E-05,5.244695275,-0.000214623
-9.53E-05,5.251073594,-0.000533279
-9.53E-05,5.272600419,0.000980336
-9.52E-05,5.281370607,0.000900672
-9.52E-05,5.300505563,0.001219327
-9.52E-05,5.321235098,-0.000294287
-9.51E-05,5.341964633,0.000183697
-9.51E-05,5.343559213,0.000582016
-9.50E-05,5.357910429,0.000821008
-9.50E-05,5.381031834,0.000104033
-9.50E-05,5.385815573,0.001059999
-9.49E-05,5.403355949,0.001059999
-9.49E-05,5.415315296,0.000422688
-9.48E-05,5.412923427,0.000821008
-9.48E-05,5.421693615,0.001298991
-9.48E-05,5.440031281,0.002015966
-9.47E-05,5.436044831,0.00026336
-9.47E-05,5.436842121,0.001139663
-9.46E-05,5.459166236,0.000422688
-9.46E-05,5.455179787,0.000741344
-9.46E-05,5.469531004,0.00026336
-9.45E-05,5.470328294,0.00066168
-9.45E-05,5.463152685,0.00066168
-9.44E-05,5.469531004,0.001219327
-9.44E-05,5.476706612,0.001617647
-9.44E-05,5.48627409,0.000741344
-9.43E-05,5.482287641,0.000741344
-9.43E-05,5.4854768,0.002015966
-9.42E-05,5.482287641,0.000900672
-9.42E-05,5.489463249,0.001697311
-9.42E-05,5.482287641,0.001537983
-9.41E-05,5.48786867,0.001139663
-9.41E-05,5.492652408,0.000821008
-9.40E-05,5.491855119,0.00026336
-9.40E-05,5.489463249,0.000741344
-9.40E-05,5.491855119,0.000900672
-9.39E-05,5.48786867,0.000821008
-9.39E-05,5.495841568,0.000183697
-9.38E-05,5.477503902,-0.000373951
-9.38E-05,5.4854768,0.000980336
-9.38E-05,5.495841568,0.000821008
-9.37E-05,5.489463249,0.000502352
-9.37E-05,5.4854768,0.000104033
-9.36E-05,5.491855119,0.000900672
-9.36E-05,5.495044278,-0.000134959
-9.36E-05,5.4854768,0.000582016
-9.35E-05,5.493449698,0.00066168
-9.35E-05,5.471922873,0.000900672
-9.34E-05,5.478301192,0.000741344
-9.34E-05,5.480693061,0.000741344
-9.34E-05,5.471125583,0.000422688
-9.33E-05,5.470328294,0.000582016
-9.33E-05,5.471125583,0.00066168
-9.32E-05,5.475112032,0.001059999
-9.32E-05,5.462355395,0.000183697
-9.32E-05,5.464747265,0.000821008
-9.31E-05,5.449598758,0.000900672
-9.31E-05,5.449598758,0.000821008
-9.30E-05,5.450396048,0.00066168
-9.30E-05,5.436842121,0.000900672
-9.30E-05,5.434450252,0.000980336
-9.29E-05,5.414518006,0.000980336
-9.29E-05,5.40016679,0.000343024
-9.28E-05,5.386612863,0.000422688
-9.28E-05,5.376248095,0.000343024
-9.28E-05,5.35392398,0.000183697
-9.27E-05,5.333194445,-0.000612942
-9.27E-05,5.31166762,0.001458319
-9.26E-05,5.296519114,0.001298991
-9.26E-05,5.274194999,0.001697311
-9.26E-05,5.259046492,0.001139663
-9.25E-05,5.228749479,0.00026336
-9.25E-05,5.216790132,0.001298991
-9.24E-05,5.196857886,0.001378655
-9.24E-05,5.174533772,0.000422688
-9.24E-05,5.141047599,0.000821008
-9.23E-05,5.115534325,0.000343024
-9.23E-05,5.108358717,-0.000214623
-9.22E-05,5.078061704,0.000741344
-9.22E-05,5.066102356,0.000980336
-9.22E-05,5.042980952,0.001537983
-9.21E-05,5.019859547,0.000900672
-9.21E-05,4.991954404,0.000980336
-9.20E-05,4.980792346,0.001378655
-9.20E-05,4.952887202,0.000980336
-9.20E-05,4.933752247,-0.000294287
-9.19E-05,4.917806451,0.000821008
-9.19E-05,4.886712148,0.000582016
-9.18E-05,4.870766351,0.001458319
-9.18E-05,4.858009714,0.000741344
-9.18E-05,4.830104571,0.00066168
-9.17E-05,4.796618398,0.000422688
-9.17E-05,4.783861761,0.000821008
-9.16E-05,4.771105124,2.44E-05
-9.16E-05,4.743199981,2.44E-05
-9.16E-05,4.725659605,0.00026336
-9.15E-05,4.707321939,0.001378655
-9.15E-05,4.690578853,0.000741344
-9.14E-05,4.665065579,0.001776975
-9.14E-05,4.655498101,0.000502352
-9.14E-05,4.610849871,0.001059999
-9.13E-05,4.606863422,0.001059999
-9.13E-05,4.582944728,0.000821008
-9.12E-05,4.561417902,-0.000134959
-9.12E-05,4.546269396,0.000104033
-9.12E-05,4.533512759,0.001059999
-9.11E-05,4.504013036,0.000422688
-9.11E-05,4.494445558,-0.000453615
-9.10E-05,4.468932284,0.001458319
-9.10E-05,4.435446111,0.00066168
-9.10E-05,4.416311156,0.001059999
-9.09E-05,4.412324707,0.001697311
-9.09E-05,4.382027694,0.001059999
-9.08E-05,4.361298158,0.001537983
-9.08E-05,4.35491984,0.002175294
-9.08E-05,4.314258059,0.001059999
-9.07E-05,4.3110689,0.001378655
-9.07E-05,4.294325814,0.001697311
-9.06E-05,4.256055903,-0.000612942
-9.06E-05,4.250474874,0.001059999
-9.06E-05,4.232137208,0.001936302
-9.05E-05,4.203434775,0.000821008
-9.05E-05,4.185894399,0.001139663
-9.04E-05,4.165164864,0.001139663
-9.04E-05,4.152408226,0.000104033
-9.04E-05,4.119719344,0.000502352
-9.03E-05,4.098989809,0.000502352
-9.03E-05,4.086233172,0.001697311
-9.02E-05,4.062314477,0.000980336
-9.02E-05,4.046368681,0.000821008
-9.02E-05,4.013679798,0.000183697
-9.01E-05,3.996139422,-0.000134959
-9.01E-05,3.980990916,-0.000294287
-9.00E-05,3.959464091,0.00066168
-9.00E-05,3.936342686,0.000183697
-9.00E-05,3.913221281,0.00026336
-8.99E-05,3.890099877,0.000343024
-8.99E-05,3.863789313,0.00066168
-8.98E-05,3.859005574,-0.000134959
-8.98E-05,3.83428959,0.00026336
-8.98E-05,3.808776315,0.00026336
-8.97E-05,3.785654911,0.000104033
-8.97E-05,3.775290143,-0.00077227
-8.96E-05,3.748979579,0.000821008
-8.96E-05,3.730641913,-0.00077227
-8.96E-05,3.70273677,-0.000134959
-8.95E-05,3.689182843,0.000104033
-8.95E-05,3.671642467,0.001378655
-8.94E-05,3.651710222,0.001617647
-8.94E-05,3.620615919,0.000502352
-8.94E-05,3.605467412,0.000980336
-8.93E-05,3.591116196,0.000422688
-8.93E-05,3.579954138,0.000980336
-8.92E-05,3.560021893,0.000821008
-8.92E-05,3.532116749,-0.000214623
-8.92E-05,3.500225156,-0.000214623
-8.91E-05,3.476306462,-0.000134959
-8.91E-05,3.48348207,0.000343024
-8.90E-05,3.44122571,-0.000612942
-8.90E-05,3.418901595,-0.000373951
-8.90E-05,3.405347668,-0.000134959
-8.89E-05,3.375847945,0.00066168
-8.89E-05,3.362294018,-0.000453615
-8.88E-05,3.330402425,-0.000214623
-8.88E-05,3.312862049,0.000104033
-8.88E-05,3.296118963,0.000900672
-8.87E-05,3.276984008,-0.000294287
-8.87E-05,3.253065313,-0.000533279
-8.86E-05,3.228349329,-0.000373951
-8.86E-05,3.213200822,0.000502352
-8.86E-05,3.194863157,0.000343024
-8.85E-05,3.165363433,0.000343024
-8.85E-05,3.153404086,2.44E-05
-8.84E-05,3.125498943,-0.000134959
-8.84E-05,3.099985668,-0.000453615
-8.84E-05,3.082445292,-0.000453615
-8.83E-05,3.072080525,-0.000453615
-8.83E-05,3.047364541,0.000502352
-8.82E-05,3.023445846,0.000741344
-8.82E-05,3.017067527,-0.000134959
-8.82E-05,2.981189486,0.000343024
-8.81E-05,2.970824718,-0.000851934
-8.81E-05,2.948500603,-0.000533279
-8.80E-05,2.91979817,0.00066168
-8.80E-05,2.908636112,0.00026336
-8.80E-05,2.879136389,-0.001090926
-8.79E-05,2.851231246,-0.000294287
-8.79E-05,2.834488159,-0.000294287
-8.78E-05,2.814555914,-0.000214623
-8.78E-05,2.793029089,0.000741344
-8.78E-05,2.772299554,0.000741344
-8.77E-05,2.763529366,-0.000692606
-8.77E-05,2.737218802,2.44E-05
-8.76E-05,2.716489267,-0.000612942
-8.76E-05,2.698151601,0.000183697
-8.76E-05,2.669449167,0.00026336
-8.75E-05,2.651111502,0.00026336
-8.75E-05,2.635165705,-0.000692606
-8.74E-05,2.603274113,0.000343024
-8.74E-05,2.588922896,-0.000214623
-8.74E-05,2.565801491,2.44E-05
-8.73E-05,2.539490927,0.000183697
-8.73E-05,2.517166812,0.000422688
-8.72E-05,2.503612886,-0.000453615
-8.72E-05,2.475707742,0.000502352
-8.72E-05,2.459761946,0.00066168
-8.71E-05,2.446208019,0.000104033
-8.71E-05,2.414316426,-0.000373951
-8.70E-05,2.39757334,-0.00117059
-8.70E-05,2.376046515,0.000821008
-8.70E-05,2.356114269,0.000183697
-8.69E-05,2.330600995,-0.000612942
-8.69E-05,2.31066875,-0.000533279
-8.68E-05,2.291533794,-0.000214623
-8.68E-05,2.274790708,-0.00077227
-8.68E-05,2.252466593,-0.001728237
-8.67E-05,2.228547899,-0.000214623
-8.67E-05,2.207818363,-0.00117059
-8.66E-05,2.186291538,-0.000612942
-8.66E-05,2.171143032,-0.001250254
-8.66E-05,2.148818917,0.000900672
-8.65E-05,2.1344677,-0.001329918
-8.65E-05,2.110549006,-0.000373951
-8.64E-05,2.079454703,-0.000612942
-8.64E-05,2.061117037,-0.000214623
-8.64E-05,2.037995633,-0.001090926
-8.63E-05,2.016468807,0.000980336
-8.63E-05,2.00371217,-0.000214623
-8.62E-05,1.989360954,-0.000931598
-8.62E-05,1.96145581,-0.000533279
-8.62E-05,1.939928985,0.000821008
-8.61E-05,1.921591319,0.000183697
-8.61E-05,1.899267204,0.000343024
-8.60E-05,1.87295664,2.44E-05
-8.60E-05,1.857808134,0.000343024
-8.60E-05,1.841862338,-0.000134959
-8.59E-05,1.808376165,-0.000214623
-8.59E-05,1.790835789,-0.000931598
-8.58E-05,1.778079152,-0.000134959
-8.58E-05,1.751768588,0.000582016
-8.58E-05,1.731039053,0.000183697
-8.57E-05,1.715890547,-0.000851934
-8.57E-05,1.681607084,0.00026336
-8.56E-05,1.662472129,-0.000134959
-8.56E-05,1.652904651,2.44E-05
-8.56E-05,1.61304016,-0.000851934
-8.55E-05,1.594702494,-0.000134959
-8.55E-05,1.586729596,0.000821008
-8.54E-05,1.557229873,0.000104033
-8.54E-05,1.535703048,0.000741344
-8.54E-05,1.509392484,0.000821008
-8.53E-05,1.495838557,-0.000453615
-8.53E-05,1.469527993,-0.000692606
-8.52E-05,1.454379487,-0.000294287
-8.52E-05,1.43843369,0.000343024
-8.52E-05,1.403352938,0.000582016
-8.51E-05,1.393785461,0.000582016
-8.51E-05,1.370664056,-0.000214623
-8.50E-05,1.3515291,-0.000453615
-8.50E-05,1.329204985,0.00066168
-8.50E-05,1.30927274,0.00066168
-8.49E-05,1.294921523,0.000183697
-8.49E-05,1.276583858,-0.000134959
-8.48E-05,1.254259743,-0.000214623
-8.48E-05,1.239908526,0.000422688
-8.48E-05,1.212003382,0.000821008
-8.47E-05,1.192071137,0.00026336
-8.47E-05,1.164165993,-0.000612942
-8.46E-05,1.153801226,-0.000692606
-8.46E-05,1.126693372,-0.000692606
-8.46E-05,1.111544865,-0.000373951
-8.45E-05,1.0932072,-0.000612942
-8.45E-05,1.071680375,-0.001648573
-8.44E-05,1.04696439,0.000422688
-8.44E-05,1.030221304,0.000980336
-8.44E-05,1.012680928,0.000343024
-8.43E-05,0.993545973,-0.000214623
-8.43E-05,0.983978495,0.000582016
-8.42E-05,0.959262511,-0.000214623
-8.42E-05,0.920992599,-0.000692606
-8.42E-05,0.909033252,-0.000373951
-8.41E-05,0.899465774,-0.000533279
-8.41E-05,0.877141659,0.000422688
-8.40E-05,0.861993153,2.44E-05
-8.40E-05,0.854020255,0.000104033
-8.40E-05,0.83010156,-0.000214623
-8.39E-05,0.814155764,-0.00077227
-8.39E-05,0.804588286,2.44E-05
-8.38E-05,0.78625062,0.000343024
-8.38E-05,0.768710244,0.000343024
-8.38E-05,0.767912954,-0.000612942
-8.37E-05,0.750372579,0.001537983
-8.37E-05,0.734426782,0.000343024
-8.36E-05,0.719278276,0.000422688
-8.36E-05,0.710508088,-0.000134959
-8.36E-05,0.705724349,0.000502352
-8.35E-05,0.688183973,-0.000214623
-8.35E-05,0.692170422,0.000900672
-8.34E-05,0.682602944,0.000502352
-8.34E-05,0.682602944,-0.000453615
-8.34E-05,0.676224626,-0.000373951
-8.33E-05,0.680211075,0.000422688
-8.33E-05,0.684994814,0.000741344
-8.32E-05,0.690575842,0.000104033
-8.32E-05,0.707318928,0.00026336
-8.32E-05,0.711305378,0.000104033
-8.31E-05,0.727251174,0.00066168
-8.31E-05,0.730440333,2.44E-05
-8.30E-05,0.751967158,-0.000294287
-8.30E-05,0.755953607,-0.000214623
-8.30E-05,0.775885853,-0.000294287
-8.29E-05,0.800601837,-0.000692606
-8.29E-05,0.814155764,-0.000294287
-8.28E-05,0.827709691,0.000502352
-8.28E-05,0.852425675,-0.000453615
-8.28E-05,0.869966051,-0.000294287
-8.27E-05,0.881128108,-0.000533279
-8.27E-05,0.904249513,-0.000612942
-8.26E-05,0.924979048,-0.001329918
-8.26E-05,0.948897743,-0.00077227
-8.26E-05,0.96324896,0.000422688
-8.25E-05,0.987167654,-0.000453615
-8.25E-05,1.007897189,-0.001011262
-8.24E-05,1.024640275,-0.000692606
-8.24E-05,1.05015355,0.000741344
-8.24E-05,1.062910187,-0.000134959
-8.23E-05,1.084437012,-0.000612942
-8.23E-05,1.102774678,-0.000533279
-8.22E-05,1.122706923,-0.000453615
-8.22E-05,1.141841879,-0.000134959
-8.22E-05,1.176125341,-0.000851934
-8.21E-05,1.190476557,-0.000851934
-8.21E-05,1.212003382,2.44E-05
-8.20E-05,1.239908526,0.000980336
-8.20E-05,1.26382722,-0.000533279
-8.20E-05,1.282164886,0.000741344
-8.19E-05,1.30767816,-0.001250254
-8.19E-05,1.325218536,-0.001409582
-8.18E-05,1.341164333,-0.000931598
-8.18E-05,1.369866766,-0.000134959
-8.18E-05,1.39697462,0.000104033
-8.17E-05,1.404150228,0.000502352
-8.17E-05,1.437636401,0.000502352
-8.16E-05,1.450393038,-0.00077227
-8.16E-05,1.467136124,-0.000851934
-8.16E-05,1.507000615,0.000502352
-8.15E-05,1.52693286,-0.000692606
-8.15E-05,1.538892207,0.000343024
-8.14E-05,1.577162118,0.000343024
-8.14E-05,1.599486233,0.000422688
-8.14E-05,1.607459132,0.000183697
-8.13E-05,1.639350724,-0.000453615
-8.13E-05,1.668850447,0.000741344
-8.12E-05,1.682404374,-0.001090926
-8.12E-05,1.705525779,0.000343024
-8.12E-05,1.735025502,0.000502352
-8.11E-05,1.734228212,-0.00077227
-8.11E-05,1.778079152,-0.000214623
-8.10E-05,1.795619528,0.000741344
-8.10E-05,1.815551774,0.000104033
-8.10E-05,1.826713831,0.000582016
-8.09E-05,1.854618975,-0.002126557
-8.09E-05,1.868970191,0.000582016
-8.08E-05,1.896875335,-0.000692606
-8.08E-05,1.91919945,-0.00077227
-8.08E-05,1.938334405,-0.00117059
-8.07E-05,1.954280202,-0.000214623
-8.07E-05,1.994941982,-0.000612942
-8.06E-05,2.00371217,-0.001090926
-8.06E-05,2.017266097,-0.00077227
-8.06E-05,2.052346849,0.000104033
-8.05E-05,2.077860123,-0.00117059
-8.05E-05,2.09221134,0.000104033
-8.04E-05,2.123305643,2.44E-05
-8.04E-05,2.131278541,-0.000373951
-8.04E-05,2.144035178,-0.001489245
-8.03E-05,2.171143032,0.000183697
-8.03E-05,2.197453596,-0.000692606
-8.02E-05,2.202237335,-0.000851934
-8.02E-05,2.234926217,0.000343024
-8.02E-05,2.26522323,-0.000373951
-8.01E-05,2.277182578,2.44E-05
-8.01E-05,2.307479591,0.000183697
-8.00E-05,2.332195575,0.000343024
-8.00E-05,2.337776604,-0.000214623
-8.00E-05,2.364884457,0.000422688
-7.99E-05,2.385613993,-0.000851934
-7.99E-05,2.405546238,0.000502352
-7.98E-05,2.424681194,0.001219327
-7.98E-05,2.44222157,0.000502352
-7.98E-05,2.464545684,-0.000214623
-7.97E-05,2.48607251,0.000821008
-7.97E-05,2.507599335,0.00026336
-7.96E-05,2.525937,0.000104033
-7.96E-05,2.548261115,0.000741344
-7.96E-05,2.584139157,-0.000373951
-7.95E-05,2.604868692,0.000502352
-7.95E-05,2.621611778,0.000422688
-7.94E-05,2.642341314,0.001139663
-7.94E-05,2.651111502,-0.000294287
-7.94E-05,2.671043747,-0.000533279
-7.93E-05,2.70373263,0.000980336
-7.93E-05,2.717286556,0.000422688
-7.92E-05,2.738813381,-0.000294287
-7.92E-05,2.752367308,0.000502352
-7.92E-05,2.785853481,0.00066168
-7.91E-05,2.803393857,-0.000134959
-7.91E-05,2.83209629,0.000502352
-7.90E-05,2.847244797,0.000900672
-7.90E-05,2.862393303,0.000502352
-7.90E-05,2.898271345,0.000104033
-7.89E-05,2.913419851,0.000343024
-7.89E-05,2.933352097,0.00026336
-7.88E-05,2.957270791,0.000343024
-7.88E-05,2.971622008,0.000422688
-7.88E-05,2.985175935,-0.000692606
-7.87E-05,3.013878368,0.000183697
-7.87E-05,3.047364541,0.00066168
-7.86E-05,3.058526598,0.00026336
-7.86E-05,3.079256133,-0.000214623
-7.86E-05,3.109553146,0.000582016
-7.85E-05,3.119917914,0.00066168
-7.85E-05,3.148620347,0.00026336
-7.84E-05,3.164566144,0.000183697
-7.84E-05,3.166958013,0.000343024
-7.84E-05,3.192471287,0.000343024
-7.83E-05,3.213200822,0.000343024
-7.83E-05,3.227552039,2.44E-05
-7.82E-05,3.261038211,0.000422688
-7.82E-05,3.280970457,0.001059999
-7.82E-05,3.296916253,0.001378655
-7.81E-05,3.307281021,0.00066168
-7.81E-05,3.343159063,0.000741344
-7.80E-05,3.363888598,0.000821008
-7.80E-05,3.383023553,-0.000134959
-7.80E-05,3.414915146,0.001139663
-7.79E-05,3.432455522,0.001059999
-7.79E-05,3.457171506,0.00066168
-7.78E-05,3.468333564,0.000582016
-7.78E-05,3.495441418,0.000502352
-7.78E-05,3.515373663,0.00026336
-7.77E-05,3.52653572,0.001139663
-7.77E-05,3.552846284,-0.000134959
-7.76E-05,3.564805632,0.000502352
-7.76E-05,3.596697224,0.000183697
-7.76E-05,3.611048441,0.000741344
-7.75E-05,3.633372556,0.00026336
-7.75E-05,3.65888583,0.001139663
-7.74E-05,3.670845177,0.000502352
-7.74E-05,3.689182843,-0.001648573
-7.74E-05,3.719479856,0.00066168
-7.73E-05,3.736222942,0.000502352
-7.73E-05,3.759344347,0.000343024
-7.72E-05,3.771303694,2.44E-05
-7.72E-05,3.803195287,0.00026336
-7.72E-05,3.810370895,0.000900672
-7.71E-05,3.83110043,0.000741344
-7.71E-05,3.841465198,0.000502352
-7.70E-05,3.87495137,0.000502352
-7.70E-05,3.897275485,0.00066168
-7.70E-05,3.91800502,-0.000612942
-7.69E-05,3.932356237,0.000582016
-7.69E-05,3.96424783,0.000183697
-7.68E-05,3.980193626,0.002015966
-7.68E-05,4.00730148,0.000582016
-7.68E-05,4.015274378,-0.000214623
-7.67E-05,4.041584942,0.00066168
-7.67E-05,4.055936159,0.000741344
-7.66E-05,4.076665694,0.000422688
-7.66E-05,4.106962707,0.000183697
-7.66E-05,4.116530185,0.000343024
-7.65E-05,4.1388543,0.001059999
-7.65E-05,4.163570284,0.001378655
-7.64E-05,4.185894399,-0.000373951
-7.64E-05,4.201042905,0.001059999
-7.64E-05,4.220975151,-0.000134959
-7.63E-05,4.239312817,0.001458319
-7.63E-05,4.249677584,-0.000134959
-7.62E-05,4.277582728,0.000741344
-7.62E-05,4.294325814,0.000821008
-7.62E-05,4.308677031,-0.000294287
-7.61E-05,4.335784884,0.000422688
-7.61E-05,4.35252797,0.000183697
-7.60E-05,4.371662926,0.000422688
-7.60E-05,4.386014143,0.000502352
-7.60E-05,4.416311156,0.000821008
-7.59E-05,4.429865083,0.00026336
-7.59E-05,4.454581067,-0.000294287
-7.58E-05,4.480891631,0.000980336
-7.58E-05,4.4832835,0.000343024
-7.58E-05,4.519958832,0.001219327
-7.57E-05,4.532715469,0.00066168
-7.57E-05,4.543080237,0.000183697
-7.56E-05,4.57337725,0.001139663
-7.56E-05,4.594106785,0.000343024
-7.56E-05,4.608458002,-0.000373951
-7.55E-05,4.629984827,0.000900672
-7.55E-05,4.649119782,0.000821008
-7.54E-05,4.665065579,-0.000453615
-7.54E-05,4.677024926,0.001378655
-7.54E-05,4.711308388,0.000980336
-7.53E-05,4.726456895,0.000183697
-7.53E-05,4.748781009,0.000980336
-7.52E-05,4.767915965,0.000980336
-7.52E-05,4.782267182,0.001139663
-7.52E-05,4.801402137,0.000104033
-7.51E-05,4.830104571,0.001059999
-7.51E-05,4.841266628,0.002015966
-7.50E-05,4.850036816,-0.000294287
-7.50E-05,4.87634738,0.001378655
-7.50E-05,4.883522988,0.000900672
-7.49E-05,4.917009161,0.00066168
-7.49E-05,4.934549537,0.00026336
-7.48E-05,4.952089913,-0.000373951
-7.48E-05,4.96404926,-0.000373951
-7.48E-05,4.983184216,0.000821008
-7.47E-05,5.0079002,0.000900672
-7.47E-05,5.016670388,-0.000134959
-7.46E-05,5.041386372,0.000183697
-7.46E-05,5.058129458,0.000422688
-7.46E-05,5.070886095,0.001617647
-7.45E-05,5.097196659,0.002334622
-7.45E-05,5.121912644,-0.000214623
-7.44E-05,5.124304513,0.000343024
-7.44E-05,5.152209657,0.000900672
-7.44E-05,5.1801148,0.00066168
-7.43E-05,5.184101249,0.001059999
-7.43E-05,5.192074148,0.000741344
-7.42E-05,5.22316845,0.001378655
-7.42E-05,5.239911537,0.001936302
-7.42E-05,5.255060043,0.000821008
-7.41E-05,5.26781668,0.001219327
-7.41E-05,5.288546215,0.000582016
-7.40E-05,5.299708273,0.001059999
-7.40E-05,5.326816127,0.000343024
-7.40E-05,5.334789025,0.000821008
-7.39E-05,5.350734821,0.001059999
-7.39E-05,5.365883328,0.000741344
-7.38E-05,5.375450805,0.000422688
-7.38E-05,5.390599312,0.001059999
-7.38E-05,5.39857221,0.001219327
-7.37E-05,5.417707166,0.000821008
-7.37E-05,5.417707166,-0.000294287
-7.36E-05,5.428869223,0.001059999
-7.36E-05,5.44082857,0.000343024
-7.36E-05,5.44162586,0.000821008
-7.35E-05,5.461558106,0.000980336
-7.35E-05,5.460760816,0.00066168
-7.34E-05,5.451193338,0.000582016
-7.34E-05,5.471125583,0.000980336
-7.34E-05,5.470328294,0.000980336
-7.33E-05,5.467936424,0.000582016
-7.33E-05,5.474314743,0.001617647
-7.32E-05,5.479895771,0.000422688
-7.32E-05,5.478301192,0.000343024
-7.32E-05,5.48467951,0.001378655
-7.31E-05,5.479098482,0.000741344
-7.31E-05,5.473517453,2.44E-05
-7.30E-05,5.481490351,0.001537983
-7.30E-05,5.499030727,0.000741344
-7.30E-05,5.489463249,0.00066168
-7.29E-05,5.498233437,0.000821008
-7.29E-05,5.495841568,0.001378655
-7.28E-05,5.489463249,0.001458319
-7.28E-05,5.497436147,-0.000214623
-7.28E-05,5.497436147,0.001537983
-7.27E-05,5.491057829,0.001219327
-7.27E-05,5.495044278,0.001856639
-7.26E-05,5.495044278,0.000502352
-7.26E-05,5.492652408,0.00026336
-7.26E-05,5.492652408,0.001458319
-7.25E-05,5.498233437,0.001378655
-7.25E-05,5.491855119,-0.000373951
-7.24E-05,5.490260539,0.001378655
-7.24E-05,5.497436147,0.000900672
-7.24E-05,5.48786867,-0.000214623
-7.23E-05,5.478301192,0.001219327
-7.23E-05,5.48707138,0.001617647
-7.22E-05,5.48467951,0.001697311
-7.22E-05,5.482287641,0.001059999
-7.22E-05,5.479098482,0.000183697
-7.21E-05,5.472720163,0.000502352
-7.21E-05,5.467936424,0.000422688
-7.20E-05,5.464747265,0.000980336
-7.20E-05,5.463949975,0.000980336
-7.20E-05,5.456774367,0.000502352
-7.19E-05,5.454382497,0.001139663
-7.19E-05,5.446409599,0.001139663
-7.18E-05,5.44322044,0.001059999
-7.18E-05,5.422490905,0.000980336
-7.18E-05,5.423288194,0.000183697
-7.17E-05,5.400964079,0.001697311
-7.17E-05,5.386612863,0.001298991
-7.16E-05,5.367477907,0.000343024
-7.16E-05,5.346748372,0.000502352
-7.16E-05,5.327613416,0.000582016
-7.15E-05,5.31007304,0.001617647
-7.15E-05,5.286154346,0.001298991
-7.14E-05,5.27020855,0.001458319
-7.14E-05,5.248681724,0.001298991
-7.14E-05,5.209614523,0.000821008
-7.13E-05,5.204033495,0.001458319
-7.13E-05,5.184898539,0.000821008
-7.12E-05,5.155398816,0.000980336
-7.12E-05,5.13865573,0.000741344
-7.12E-05,5.113939745,0.001378655
-7.11E-05,5.09241292,0.001219327
-7.11E-05,5.078061704,0.000422688
-7.10E-05,5.054940299,0.001697311
-7.10E-05,5.032616184,0.000821008
-7.10E-05,5.000724591,0.001378655
-7.09E-05,4.991157114,0.000741344
-7.09E-05,4.96325197,0.000821008
-7.08E-05,4.956076362,0.000582016
-7.08E-05,4.933752247,0.00066168
-7.08E-05,4.899468785,0.001537983
-7.07E-05,4.881131119,0.000502352
-7.07E-05,4.870766351,0.000343024
-7.06E-05,4.845253077,0.000104033
-7.06E-05,4.820537093,0.000821008
-7.06E-05,4.806185876,0.001378655
-7.05E-05,4.793429239,0.00066168
-7.05E-05,4.753564748,0.000821008
-7.04E-05,4.735227083,0.000900672
-7.04E-05,4.735227083,0.000900672
-7.04E-05,4.696159882,0.000422688
-7.03E-05,4.685795114,0.000422688
-7.03E-05,4.673038477,-0.000373951
-7.02E-05,4.637160435,0.000502352
-7.02E-05,4.618025479,0.000422688
-7.02E-05,4.609255291,0.001378655
-7.01E-05,4.592512205,0.000502352
-7.01E-05,4.557431453,-0.000294287
-7.00E-05,4.547863976,0.000422688
-7.00E-05,4.518364252,0.00066168
-7.00E-05,4.504013036,0.000422688
-6.99E-05,4.495242848,0.000821008
-6.99E-05,4.467337704,0.001298991
-6.98E-05,4.44341901,0.001139663
-6.98E-05,4.425878634,0.000821008
-6.98E-05,4.403554519,0.00066168
-6.97E-05,4.382027694,0.001059999
-6.97E-05,4.362095448,0.000980336
-6.96E-05,4.338176754,0.000582016
-6.96E-05,4.317447219,0.00026336
-6.96E-05,4.303096002,0.000104033
-6.95E-05,4.290339365,0.00026336
-6.95E-05,4.257650482,0.001059999
-6.94E-05,4.251272164,0.001139663
-6.94E-05,4.22256973,0.000900672
-6.94E-05,4.197853746,-0.000134959
-6.93E-05,4.183502529,-0.000851934
-6.93E-05,4.163570284,2.44E-05
-6.92E-05,4.13646243,-0.000294287
-6.92E-05,4.117327475,0.00026336
-6.92E-05,4.09261149,0.00066168
-6.91E-05,4.083044012,-0.000134959
-6.91E-05,4.061517187,0.000502352
-6.90E-05,4.045571391,-0.000612942
-6.90E-05,4.009693349,0.000422688
-6.90E-05,3.994544843,0.001139663
-6.89E-05,3.985774655,0.001298991
-6.89E-05,3.96265325,0.000741344
-6.88E-05,3.933153527,0.000502352
-6.88E-05,3.909234832,0.000582016
-6.88E-05,3.898072775,0.001458319
-6.87E-05,3.879735109,0.001298991
-6.87E-05,3.854221835,0.001537983
-6.86E-05,3.83189772,0.001059999
-6.86E-05,3.806384446,0.000741344
-6.86E-05,3.78964136,0.000900672
-6.85E-05,3.766519955,0.001219327
-6.85E-05,3.74579042,0.000104033
-6.84E-05,3.735425652,0.001298991
-6.84E-05,3.70273677,0.000183697
-6.84E-05,3.681209945,0.001617647
-6.83E-05,3.670047887,2.44E-05
-6.83E-05,3.642142744,0.000741344
-6.82E-05,3.625399658,-0.000214623
-6.82E-05,3.595102645,0.000422688
-6.82E-05,3.568792081,0.001059999
-6.81E-05,3.560819182,0.000422688
-6.81E-05,3.544076096,-0.000692606
-6.80E-05,3.531319459,2.44E-05
-6.80E-05,3.492252258,0.000183697
-6.80E-05,3.473117303,0.000502352
-6.79E-05,3.453185057,0.00066168
-6.79E-05,3.44122571,-0.000134959
-6.78E-05,3.420496175,0.000502352
-6.78E-05,3.39737477,0.001059999
-6.78E-05,3.370266916,-0.000214623
-6.77E-05,3.347942801,0.00066168
-6.77E-05,3.337578034,0.000582016
-6.76E-05,3.31206476,0.000422688
-6.76E-05,3.284159616,0.00026336
-6.76E-05,3.277781298,0.001139663
-6.75E-05,3.241903256,-0.000134959
-6.75E-05,3.232335778,0.00026336
-6.74E-05,3.206822504,-0.000453615
-6.74E-05,3.187687548,0.00066168
-6.74E-05,3.173336332,-0.000453615
-6.73E-05,3.163768854,-0.000612942
-6.73E-05,3.127890812,0.000502352
-6.72E-05,3.106363987,-0.00077227
-6.72E-05,3.088823611,0.000821008
-6.72E-05,3.070485945,-0.001011262
-6.71E-05,3.032216034,-0.000851934
-6.71E-05,3.025040426,0.000343024
-6.70E-05,3.008297339,-0.000453615
-6.70E-05,2.978797616,-0.000692606
-6.70E-05,2.967635559,0.000183697
-6.69E-05,2.944514154,-0.000134959
-6.69E-05,2.915811721,-0.000692606
-6.68E-05,2.898271345,-0.00077227
-6.68E-05,2.871960781,-0.000373951
-6.68E-05,2.851231246,0.000502352
-6.67E-05,2.840069188,0.000502352
-6.67E-05,2.804191146,0.000343024
-6.66E-05,2.78824535,0.00026336
-6.66E-05,2.771502264,0.000104033
-6.66E-05,2.753961888,-0.000294287
-6.65E-05,2.730043193,0.000741344
-6.65E-05,2.707719079,0.000821008
-6.64E-05,2.693367862,0.000343024
-6.64E-05,2.664665428,-0.000214623
-6.64E-05,2.639949444,0.000104033
-6.63E-05,2.629584677,0.000741344
-6.63E-05,2.598490374,0.00026336
-6.62E-05,2.584139157,-0.000851934
-6.62E-05,2.560220462,-0.000214623
-6.62E-05,2.543477376,-0.000294287
-6.61E-05,2.521153261,0.000343024
-6.61E-05,2.506802045,-0.000533279
-6.60E-05,2.473315872,-0.000294287
-6.60E-05,2.456572786,-0.000214623
-6.60E-05,2.437437831,0.00026336
-6.59E-05,2.408735397,-0.000214623
-6.59E-05,2.388005862,0.000900672
-6.58E-05,2.376843805,0.001298991
-6.58E-05,2.358506139,-0.000453615
-6.58E-05,2.332992865,0.00066168
-6.57E-05,2.313060619,0.000741344
-6.57E-05,2.289141925,0.00026336
-6.56E-05,2.275587998,0.000422688
-6.56E-05,2.254858463,0.00026336
-6.56E-05,2.234926217,-0.000851934
-6.55E-05,2.204629204,-0.000453615
-6.55E-05,2.187088828,0.00066168
-6.54E-05,2.165562003,0.000741344
-6.54E-05,2.149616207,0.000183697
-6.54E-05,2.123305643,0.000582016
-6.53E-05,2.100981528,-0.000453615
-6.53E-05,2.082643862,-0.000612942
-6.52E-05,2.056333298,0.000183697
-6.52E-05,2.042779371,-0.000612942
-6.52E-05,2.013279648,0.000582016
-6.51E-05,1.995739272,2.44E-05
-6.51E-05,1.971820578,-0.000612942
-6.50E-05,1.935145246,0.000900672
-6.50E-05,1.939928985,-0.000692606
-6.50E-05,1.912821131,-0.000294287
-6.49E-05,1.884915988,0.000104033
-6.49E-05,1.866578322,-0.000692606
-6.48E-05,1.841862338,-0.00077227
-6.48E-05,1.821132802,0.000183697
-6.48E-05,1.807578876,0.000183697
-6.47E-05,1.779673732,-0.000533279
-6.47E-05,1.762133356,0.000502352
-6.46E-05,1.740606531,0.00026336
-6.46E-05,1.724660735,0.000422688
-6.46E-05,1.695161011,0.000104033
-6.45E-05,1.679215215,-0.000851934
-6.45E-05,1.65768839,0.000502352
-6.44E-05,1.636161565,-0.000214623
-6.44E-05,1.617823899,-0.000533279
-6.44E-05,1.601878103,-0.000453615
-6.43E-05,1.577162118,0.000422688
-6.43E-05,1.557229873,0.000422688
-6.42E-05,1.548459685,0.000104033
-6.42E-05,1.516568092,-0.000214623
-6.42E-05,1.491852108,-0.000373951
-6.41E-05,1.462352385,-0.000851934
-6.41E-05,1.452784907,2.44E-05
-6.40E-05,1.428068923,-0.000214623
-6.40E-05,1.407339388,-0.000453615
-6.40E-05,1.383420693,-0.000692606
-6.39E-05,1.373853215,-0.000533279
-6.39E-05,1.346745361,-0.000214623
-6.38E-05,1.342758912,-0.000453615
-6.38E-05,1.30767816,-0.000851934
-6.38E-05,1.290137784,0.00026336
-6.37E-05,1.271002829,-0.000373951
-6.37E-05,1.246286845,-0.000294287
-6.36E-05,1.227151889,0.000422688
-6.36E-05,1.215989831,0.000422688
-6.36E-05,1.171341602,-0.000373951
-6.35E-05,1.161774124,0.000900672
-6.35E-05,1.153003936,0.000502352
-6.34E-05,1.128287952,0.000582016
-6.34E-05,1.111544865,2.44E-05
-6.34E-05,1.09001804,0.000741344
-6.33E-05,1.060518317,-0.001011262
-6.33E-05,1.035802333,-0.000533279
-6.32E-05,1.019856537,-0.000453615
-6.32E-05,1.00391074,0.00066168
-6.32E-05,0.979992046,-0.000692606
-6.31E-05,0.968829988,0.000582016
-6.31E-05,0.952884192,0.000422688
-6.30E-05,0.931357367,0.000343024
-6.30E-05,0.915411571,-0.000851934
-6.30E-05,0.889101007,0.000422688
-6.29E-05,0.8739525,0.000422688
-6.29E-05,0.858006704,-0.000533279
-6.28E-05,0.844452777,-0.000294287
-6.28E-05,0.816547633,-0.000373951
-6.28E-05,0.814953054,-0.00077227
-6.27E-05,0.799007257,-0.001011262
-6.27E-05,0.775088563,-0.000931598
-6.26E-05,0.755953607,-0.000134959
-6.26E-05,0.753561738,-0.000851934
-6.26E-05,0.736021362,-0.001250254
-6.25E-05,0.721670145,-0.000373951
-6.25E-05,0.722467435,-0.001011262
-6.24E-05,0.70253519,-0.001090926
-6.24E-05,0.691373132,-0.000453615
-6.24E-05,0.685792103,-0.000931598
-6.23E-05,0.684994814,0.000343024
-6.23E-05,0.690575842,-0.000612942
-6.22E-05,0.681805654,-0.000612942
-6.22E-05,0.677021915,0.00066168
-6.22E-05,0.675427336,-0.001011262
-6.21E-05,0.678616495,-0.001250254
-6.21E-05,0.686589393,-0.000373951
-6.20E-05,0.693765002,0.00066168
-6.20E-05,0.714494537,-0.001011262
-6.20E-05,0.721670145,-0.000214623
-6.19E-05,0.732034913,-0.001011262
-6.19E-05,0.747980709,2.44E-05
-6.18E-05,0.774291273,-0.001011262
-6.18E-05,0.776683142,-0.00117059
-6.18E-05,0.801399127,0.000343024
-6.17E-05,0.826115111,2.44E-05
-6.17E-05,0.826912401,0.00026336
-6.16E-05,0.851628385,-0.000134959
-6.16E-05,0.87235792,-0.000214623
-6.16E-05,0.894682035,0.000741344
-6.15E-05,0.913019701,0.000741344
-6.15E-05,0.936141106,-0.000373951
-6.14E-05,0.941722135,-0.000931598
-6.14E-05,0.971221858,0.000104033
-6.14E-05,0.983978495,-0.000692606
-6.13E-05,1.00391074,-0.000453615
-6.13E-05,1.021451116,0.000422688
-6.12E-05,1.057329158,-0.000134959
-6.12E-05,1.067693926,-0.000214623
-6.12E-05,1.094801779,0.000900672
-6.11E-05,1.110747576,-0.000692606
-6.11E-05,1.132274401,-0.000692606
-6.10E-05,1.149017487,0.000343024
-6.10E-05,1.18011179,2.44E-05
-6.10E-05,1.196057586,-0.000373951
-6.09E-05,1.214395252,0.000343024
-6.09E-05,1.242300395,0.000582016
-6.08E-05,1.261435351,0.000343024
-6.08E-05,1.286948625,-0.000294287
-6.08E-05,1.306083581,-0.000214623
-6.07E-05,1.321232087,-0.000134959
-6.07E-05,1.355515549,-0.000294287
-6.06E-05,1.368272186,-0.000931598
-6.06E-05,1.39538004,-0.000373951
-6.06E-05,1.406542098,0.000183697
-6.05E-05,1.44162285,-0.001250254
-6.05E-05,1.454379487,0.000741344
-6.04E-05,1.4846765,-0.000453615
-6.04E-05,1.515770803,-0.001011262
-6.04E-05,1.523743701,0.001697311
-6.03E-05,1.535703048,-0.000373951
-6.03E-05,1.579553988,0.000104033
-6.02E-05,1.602675393,-0.000373951
-6.02E-05,1.620215769,0.000422688
-6.02E-05,1.644134463,-0.000294287
-6.01E-05,1.671242317,0.000422688
-6.01E-05,1.675228766,0.000821008
-6.00E-05,1.703931199,0.000422688
-6.00E-05,1.736620082,0.00066168
-6.00E-05,1.753363168,0.001537983
-5.99E-05,1.777281862,0.001378655
-5.99E-05,1.804389716,-0.000612942
-5.98E-05,1.815551774,0.000741344
-5.98E-05,1.83149757,-0.000294287
-5.98E-05,1.861794583,-0.001011262
-5.97E-05,1.880132249,0.000502352
-5.97E-05,1.900064494,0.000582016
-5.96E-05,1.939131695,0.000183697
-5.96E-05,1.953482912,0.000183697
-5.96E-05,1.96384768,-0.000533279
-5.95E-05,1.988563664,0.000422688
-5.95E-05,2.018063387,-0.000294287
-5.94E-05,2.027630865,0.000422688
-5.94E-05,2.058725168,0.000821008
-5.94E-05,2.081049283,-0.000373951
-5.93E-05,2.09221134,-0.000692606
-5.93E-05,2.110549006,0.000582016
-5.92E-05,2.142440599,-0.000214623
-5.92E-05,2.163967424,2.44E-05
-5.92E-05,2.17831864,2.44E-05
-5.91E-05,2.213399392,-0.000214623
-5.91E-05,2.218183131,0.00066168
-5.90E-05,2.246088275,0.000104033
-5.90E-05,2.263628651,0.000422688
-5.90E-05,2.284358186,2.44E-05
-5.89E-05,2.305087721,0.000104033
-5.89E-05,2.321830807,0.000343024
-5.88E-05,2.341763053,-0.000612942
-5.88E-05,2.371262776,0.001537983
-5.88E-05,2.389600442,0.000183697
-5.87E-05,2.406343528,0.001458319
-5.87E-05,2.4398297,0.000502352
-5.86E-05,2.462153815,0.000183697
-5.86E-05,2.474113162,0.000183697
-5.86E-05,2.503612886,0.001139663
-5.85E-05,2.523545131,-0.000134959
-5.85E-05,2.534707188,-0.000214623
-5.84E-05,2.551450275,0.000741344
-5.84E-05,2.587328316,0.001139663
-5.84E-05,2.602476823,0.000183697
-5.83E-05,2.627192807,0.000980336
-5.83E-05,2.647922342,0.001059999
-5.82E-05,2.670246457,0.000422688
-5.82E-05,2.682205804,0.001059999
-5.82E-05,2.707719079,0.000183697
-5.81E-05,2.722070295,0.000502352
-5.81E-05,2.742799831,-0.000294287
-5.80E-05,2.770704974,0.000741344
-5.80E-05,2.805785726,0.001219327
-5.80E-05,2.806583016,2.44E-05
-5.79E-05,2.820934233,0.000821008
-5.79E-05,2.861596013,0.00026336
-5.78E-05,2.87754181,0.001458319
-5.78E-05,2.895082186,0.001697311
-5.78E-05,2.91820359,0.000980336
-5.77E-05,2.946108734,0.00066168
-5.77E-05,2.96285182,0.001537983
-5.76E-05,2.993946123,0.000821008
-5.76E-05,3.001121731,0.000900672
-5.76E-05,3.025040426,0.000900672
-5.75E-05,3.040188932,0.000183697
-5.75E-05,3.068891366,0.000502352
-5.74E-05,3.073675104,0.000741344
-5.74E-05,3.103972118,0.000741344
-5.74E-05,3.125498943,-0.000851934
-5.73E-05,3.134269131,0.000821008
-5.73E-05,3.162174274,0.000980336
-5.72E-05,3.173336332,-0.000612942
-5.72E-05,3.194863157,-0.000612942
-5.72E-05,3.221173721,0.00026336
-5.71E-05,3.246686995,0.000980336
-5.71E-05,3.26661924,-0.000134959
-5.70E-05,3.291335224,0.000821008
-5.70E-05,3.306483731,0.001298991
-5.70E-05,3.325618687,2.44E-05
-5.69E-05,3.349537381,0.000980336
-5.69E-05,3.363888598,-0.000453615
-5.68E-05,3.380631684,0.000980336
-5.68E-05,3.418901595,0.00026336
-5.68E-05,3.430063653,0.00066168
-5.67E-05,3.453185057,0.001617647
-5.67E-05,3.476306462,0.00066168
-5.66E-05,3.489860389,0.000821008
-5.66E-05,3.513779083,0.000502352
-5.66E-05,3.536103198,0.000422688
-5.65E-05,3.553643574,0.001617647
-5.65E-05,3.563211052,0.000502352
-5.64E-05,3.599886384,0.001219327
-5.64E-05,3.619021339,0.001139663
-5.64E-05,3.631777976,0.000741344
-5.63E-05,3.646129193,0.001776975
-5.63E-05,3.668453308,0.001458319
-5.62E-05,3.705128639,0.000502352
-5.62E-05,3.706723219,0.001139663
-5.62E-05,3.733033783,0.001059999
-5.61E-05,3.74499313,0.000502352
-5.61E-05,3.771303694,-0.000134959
-5.60E-05,3.794425099,2.44E-05
-5.60E-05,3.812762765,0.000343024
-5.60E-05,3.837478749,0.001298991
-5.59E-05,3.869370342,0.000582016
-5.59E-05,3.884518848,-0.000453615
-5.58E-05,3.898072775,0.001139663
-5.58E-05,3.916410441,0.001219327
-5.58E-05,3.946707454,0.000502352
-5.57E-05,3.954680352,0.00066168
-5.57E-05,3.991355684,0.000422688
-5.56E-05,4.001720451,0.00026336
-5.56E-05,4.015274378,0.000741344
-5.56E-05,4.05194971,0.001458319
-5.55E-05,4.076665694,0.000422688
-5.55E-05,4.087030462,0.000900672
-5.54E-05,4.115732895,0.00066168
-5.54E-05,4.133273271,0.001059999
-5.54E-05,4.147624488,0.000980336
-5.53E-05,4.165164864,0.001219327
-5.53E-05,4.191475428,0.000980336
-5.52E-05,4.201042905,0.000821008
-5.52E-05,4.221772441,0.00026336
-5.52E-05,4.246488425,0.001139663
-5.51E-05,4.264826091,-0.000453615
-5.51E-05,4.277582728,-0.00077227
-5.50E-05,4.306285161,0.00066168
-5.50E-05,4.323825537,0.000502352
-5.50E-05,4.340568623,0.000183697
-5.49E-05,4.367676477,0.00066168
-5.49E-05,4.385216853,0.001617647
-5.48E-05,4.390797882,0.000422688
-5.48E-05,4.418703025,0.000502352
-5.48E-05,4.439432561,-0.000612942
-5.47E-05,4.449797328,0.000741344
-5.47E-05,4.480891631,0.001697311
-5.46E-05,4.506404905,0.001219327
-5.46E-05,4.516769673,0.000502352
-5.46E-05,4.535904628,0.001378655
-5.45E-05,4.561417902,0.001059999
-5.45E-05,4.566201641,0.000582016
-5.44E-05,4.584539307,0.000502352
-5.44E-05,4.61563361,0.000183697
-5.44E-05,4.625201088,0.000502352
-5.43E-05,4.66028184,0.000900672
-5.43E-05,4.669052028,-0.000214623
-5.42E-05,4.681808665,0.001458319
-5.42E-05,4.715294837,0.001139663
-5.42E-05,4.731240633,2.44E-05
-5.41E-05,4.74798372,0.001139663
-5.41E-05,4.771105124,0.000104033
-5.40E-05,4.79103737,0.001219327
-5.40E-05,4.804591297,0.000422688
-5.40E-05,4.83169915,0.001059999
-5.39E-05,4.848442237,0.000980336
-5.39E-05,4.858807004,-0.000692606
-5.38E-05,4.886712148,0.001059999
-5.38E-05,4.903455234,0.001139663
-5.38E-05,4.91860374,0.000821008
-5.37E-05,4.946508884,0.000900672
-5.37E-05,4.968832999,0.001458319
-5.36E-05,4.985576085,0.001139663
-5.36E-05,4.999927302,0.000741344
-5.36E-05,5.030224315,0.001139663
-5.35E-05,5.030224315,0.000821008
-5.35E-05,5.042980952,0.00066168
-5.34E-05,5.078061704,0.001059999
-5.34E-05,5.082048153,0.001537983
-5.34E-05,5.104372268,0.001139663
-5.33E-05,5.123507223,0.000741344
-5.33E-05,5.133871991,0.001219327
-5.32E-05,5.145034048,0.000183697
-5.32E-05,5.168155453,0.001776975
-5.32E-05,5.184898539,0.001219327
-5.31E-05,5.201641625,0.000343024
-5.31E-05,5.219979291,0.001139663
-5.30E-05,5.243100696,0.000821008
-5.30E-05,5.258249202,0.001219327
-5.30E-05,5.26941126,0.000980336
-5.29E-05,5.289343505,0.001298991
-5.29E-05,5.302100142,0.000980336
-5.28E-05,5.319640518,0.00066168
-5.28E-05,5.345951082,0.001537983
-5.28E-05,5.35312669,0.001059999
-5.27E-05,5.369072487,0.001059999
-5.27E-05,5.387410153,0.001617647
-5.26E-05,5.391396602,0.001697311
-5.26E-05,5.408936978,0.001856639
-5.26E-05,5.415315296,0.001697311
-5.25E-05,5.423288194,0.000502352
-5.25E-05,5.428071933,0.002015966
-5.24E-05,5.44162586,0.001856639
-5.24E-05,5.44322044,0.001139663
-5.24E-05,5.450396048,0.001059999
-5.23E-05,5.453585207,0.001059999
-5.23E-05,5.462355395,0.002015966
-5.22E-05,5.455977077,0.001936302
-5.22E-05,5.470328294,0.002175294
-5.22E-05,5.472720163,0.001617647
-5.21E-05,5.466341844,0.001617647
-5.21E-05,5.478301192,0.001537983
-5.20E-05,5.472720163,0.001537983
-5.20E-05,5.472720163,0.001697311
-5.20E-05,5.483084931,0.000741344
-5.19E-05,5.479098482,0.000343024
-5.19E-05,5.48627409,-0.000294287
-5.18E-05,5.496638858,0.001537983
-5.18E-05,5.497436147,0.001139663
-5.18E-05,5.4854768,0.000900672
-5.17E-05,5.488665959,0.00026336
-5.17E-05,5.490260539,0.000980336
-5.16E-05,5.491057829,0.000900672
-5.16E-05,5.495841568,0.001936302
-5.16E-05,5.503814466,0.000422688
-5.15E-05,5.480693061,0.00026336
-5.15E-05,5.495841568,0.001776975
-5.14E-05,5.499828017,0.00066168
-5.14E-05,5.490260539,0.00026336
-5.14E-05,5.488665959,0.000422688
-5.13E-05,5.490260539,0.001059999
-5.13E-05,5.479098482,0.00066168
-5.12E-05,5.479098482,0.000104033
-5.12E-05,5.480693061,0.001697311
-5.12E-05,5.480693061,0.000741344
-5.11E-05,5.4854768,0.000741344
-5.11E-05,5.48786867,0.001458319
-5.10E-05,5.476706612,0.001139663
-5.10E-05,5.48467951,0.000980336
-5.10E-05,5.473517453,0.001856639
-5.09E-05,5.463949975,0.000502352
-5.09E-05,5.471922873,0.002175294
-5.08E-05,5.460760816,0.001219327
-5.08E-05,5.455179787,0.001139663
-5.08E-05,5.451193338,0.001776975
-5.07E-05,5.435247542,0.001298991
-5.07E-05,5.428869223,0.00026336
-5.06E-05,5.419301745,0.00026336
-5.06E-05,5.420896325,0.001697311
-5.06E-05,5.404153239,0.00026336
-5.05E-05,5.380234544,0.00066168
-5.05E-05,5.373058936,0.001139663
-5.04E-05,5.35711314,0.001059999
-5.04E-05,5.334789025,0.000502352
-5.04E-05,5.322032388,0.001139663
-5.03E-05,5.299708273,0.001298991
-5.03E-05,5.259843782,0.001219327
-5.02E-05,5.243897986,0.002015966
-5.02E-05,5.230344059,0.001856639
-5.02E-05,5.196857886,0.001617647
-5.01E-05,5.178520221,0.001378655
-5.01E-05,5.161777134,0.001219327
-5.00E-05,5.133871991,0.001219327
-5.00E-05,5.112345166,0.001458319
-5.00E-05,5.098791239,0.00066168
-4.99E-05,5.066899646,0.001617647
-4.99E-05,5.041386372,0.000980336
-4.98E-05,5.028629735,0.000821008
-4.98E-05,5.00869749,-0.000214623
-4.98E-05,4.982386926,0.001139663
-4.97E-05,4.967238419,0.001697311
-4.97E-05,4.944117015,0.000821008
-4.96E-05,4.923387479,0.000980336
-4.96E-05,4.911428132,0.00066168
-4.96E-05,4.869171772,0.000900672
-4.95E-05,4.858807004,0.001059999
-4.95E-05,4.840469338,0.000582016
-4.94E-05,4.814158774,0.000343024
-4.94E-05,4.795821109,0.001139663
-4.94E-05,4.78944279,0.000582016
-4.93E-05,4.763929516,0.000741344
-4.93E-05,4.736024372,-0.000931598
-4.92E-05,4.716092127,0.001936302
-4.92E-05,4.7025382,0.001219327
-4.92E-05,4.674633056,-0.000134959
-4.91E-05,4.653903521,0.001059999
-4.91E-05,4.632376696,-0.000453615
-4.90E-05,4.61563361,0.001378655
-4.90E-05,4.605268842,0.000104033
-4.90E-05,4.576566409,0.000343024
-4.89E-05,4.558228743,-0.000294287
-4.89E-05,4.538296498,-0.000294287
-4.88E-05,4.517566963,2.44E-05
-4.88E-05,4.488067239,-0.000134959
-4.88E-05,4.472121443,0.001219327
-4.87E-05,4.457770226,0.002015966
-4.87E-05,4.433054242,0.000821008
-4.86E-05,4.413121997,0.001139663
-4.86E-05,4.417108446,0.000422688
-4.86E-05,4.370068346,0.000422688
-4.85E-05,4.35332526,0.00066168
-4.85E-05,4.338176754,0.000343024
-4.84E-05,4.315055349,0.000343024
-4.84E-05,4.301501422,0.000900672
-4.84E-05,4.274393568,0.001697311
-4.83E-05,4.251272164,0.00066168
-4.83E-05,4.236123657,0.001537983
-4.82E-05,4.228150759,0.001059999
-4.82E-05,4.190678138,0.000741344
-4.82E-05,4.173137762,0.000741344
-4.81E-05,4.154002806,0.000422688
-4.81E-05,4.134070561,0.00026336
-4.80E-05,4.114935605,0.000582016
-4.80E-05,4.099787099,0.000980336
-4.80E-05,4.081449433,0.000343024
-4.79E-05,4.056733448,0.00066168
-4.79E-05,4.041584942,0.00026336
-4.78E-05,4.016071668,0.001139663
-4.78E-05,3.996936712,0.000422688
-4.78E-05,3.976207177,0.000980336
-4.77E-05,3.950693903,0.000343024
-4.77E-05,3.930761657,0.000582016
-4.76E-05,3.915613151,0.000183697
-4.76E-05,3.900464644,0.000343024
-4.76E-05,3.868573052,0.000980336
-4.75E-05,3.862992023,0.000343024
-4.75E-05,3.840667908,0.001139663
-4.74E-05,3.815154634,2.44E-05
-4.74E-05,3.796019678,0.000183697
-4.74E-05,3.778479302,0.000343024
-4.73E-05,3.74499313,-0.000533279
-4.73E-05,3.731439203,-0.000134959
-4.72E-05,3.709115088,0.001059999
-4.72E-05,3.685993684,-0.000294287
-4.72E-05,3.65729125,0.000104033
-4.71E-05,3.653304801,0.000582016
-4.71E-05,3.626994237,0.000741344
-4.70E-05,3.604670122,-0.000373951
-4.70E-05,3.578359558,0.000900672
-4.70E-05,3.560021893,0.000502352
-4.69E-05,3.548062545,0.000582016
-4.69E-05,3.521751981,0.000582016
-4.68E-05,3.493049548,0.000183697
-4.68E-05,3.48507665,0.000821008
-4.68E-05,3.457171506,0.001219327
-4.67E-05,3.445212159,0.000422688
-4.67E-05,3.414117856,0.000741344
-4.66E-05,3.391793741,-0.000134959
-4.66E-05,3.365483177,0.000183697
-4.66E-05,3.346348222,-0.000134959
-4.65E-05,3.325618687,0.000343024
-4.65E-05,3.308078311,-0.000692606
-4.64E-05,3.287348775,0.00066168
-4.64E-05,3.26901111,0.000900672
-4.64E-05,3.250673444,0.000104033
-4.63E-05,3.213200822,0.000104033
-4.63E-05,3.202836055,0.00026336
-4.62E-05,3.186092969,0.000343024
-4.62E-05,3.162971564,2.44E-05
-4.62E-05,3.139850159,-0.000851934
-4.61E-05,3.125498943,-0.001090926
-4.61E-05,3.09360735,-0.000373951
-4.60E-05,3.082445292,0.000422688
-4.60E-05,3.060121178,0.000343024
-4.60E-05,3.032216034,-0.000294287
-4.59E-05,3.020256687,0.000582016
-4.59E-05,3.00510818,2.44E-05
-4.58E-05,2.977203037,0.001059999
-4.58E-05,2.9644464,0.001298991
-4.58E-05,2.944514154,0.000343024
-4.57E-05,2.916609011,-0.000453615
-4.57E-05,2.903055084,0.000343024
-4.56E-05,2.87674452,0.001059999
-4.56E-05,2.856014984,-0.000851934
-4.56E-05,2.829704421,0.00026336
-4.55E-05,2.806583016,2.44E-05
-4.55E-05,2.801799277,0.00026336
-4.54E-05,2.762732076,-0.00117059
-4.54E-05,2.753961888,0.00026336
-4.54E-05,2.730840483,-0.000373951
-4.53E-05,2.719678426,0.001139663
-4.53E-05,2.692570572,2.44E-05
-4.52E-05,2.670246457,0.000980336
-4.52E-05,2.641544024,0.000582016
-4.52E-05,2.629584677,0.000821008
-4.51E-05,2.598490374,0.000422688
-4.51E-05,2.573774389,-0.000294287
-4.50E-05,2.558625883,-0.000214623
-4.50E-05,2.543477376,0.000104033
-4.50E-05,2.519558682,-0.000453615
-4.49E-05,2.493248118,-0.000612942
-4.49E-05,2.478099611,0.000183697
-4.48E-05,2.453383627,-0.000373951
-4.48E-05,2.434248671,0.000183697
-4.48E-05,2.408735397,-0.000533279
-4.47E-05,2.382424833,0.000343024
-4.47E-05,2.368073617,-0.00117059
-4.46E-05,2.349735951,0.000183697
-4.46E-05,2.323425387,-0.001329918
-4.46E-05,2.31066875,0.000104033
-4.45E-05,2.286750055,-0.00077227
-4.45E-05,2.261236781,-0.000453615
-4.44E-05,2.246885565,-0.000692606
-4.44E-05,2.226156029,-0.000533279
-4.44E-05,2.203034625,-0.000533279
-4.43E-05,2.186291538,0.000502352
-4.43E-05,2.170345742,0.000422688
-4.42E-05,2.140846019,-0.000214623
-4.42E-05,2.120116484,-0.000692606
-4.42E-05,2.103373398,0.000343024
-4.41E-05,2.074670964,-0.000533279
-4.41E-05,2.05075227,-0.000373951
-4.40E-05,2.037995633,-0.000612942
-4.40E-05,2.000523011,0.001059999
-4.40E-05,1.992550113,-0.000214623
-4.39E-05,1.971820578,2.44E-05
-4.39E-05,1.9622531,0.000104033
-4.38E-05,1.926375058,2.44E-05
-4.38E-05,1.91919945,0.000422688
-4.38E-05,1.882524118,2.44E-05
-4.37E-05,1.869767481,0.00026336
-4.37E-05,1.849037946,0.001458319
-4.36E-05,1.819538223,-0.000134959
-4.36E-05,1.798011398,0.000582016
-4.36E-05,1.779673732,0.000343024
-4.35E-05,1.749376719,0.00066168
-4.35E-05,1.740606531,2.44E-05
-4.34E-05,1.719079706,0.000422688
-4.34E-05,1.70153933,0.000343024
-4.34E-05,1.669647737,-0.000214623
-4.33E-05,1.65848568,-0.000373951
-4.33E-05,1.644134463,-0.000931598
-4.32E-05,1.616229319,0.00026336
-4.32E-05,1.599486233,-0.000692606
-4.32E-05,1.574770249,0.000502352
-4.31E-05,1.551648844,-0.000294287
-4.31E-05,1.52773015,0.000582016
-4.30E-05,1.499825006,-0.000533279
-4.30E-05,1.472717152,-0.000533279
-4.30E-05,1.463149675,0.000422688
-4.29E-05,1.43923098,0.000422688
-4.29E-05,1.418501445,-0.000612942
-4.28E-05,1.3985692,-0.000612942
-4.28E-05,1.383420693,2.44E-05
-4.28E-05,1.364285737,-0.000214623
-4.27E-05,1.337177884,-0.000294287
-4.27E-05,1.333191435,0.000582016
-4.26E-05,1.302097132,-0.001329918
-4.26E-05,1.284556756,0.00026336
-4.26E-05,1.273394698,2.44E-05
-4.25E-05,1.256651612,-0.001090926
-4.25E-05,1.22396273,2.44E-05
-4.24E-05,1.217584411,-0.000612942
-4.24E-05,1.175328051,0.000422688
-4.24E-05,1.169747022,0.000741344
-4.23E-05,1.149017487,0.000422688
-4.23E-05,1.125896082,0.00066168
-4.22E-05,1.114734025,0.000422688
-4.22E-05,1.082842432,0.000582016
-4.22E-05,1.070085795,-0.000373951
-4.21E-05,1.043775231,2.44E-05
-4.21E-05,1.028626725,-0.000134959
-4.20E-05,1.009491769,-0.000533279
-4.20E-05,0.987167654,0.000582016
-4.20E-05,0.96324896,0.000900672
-4.19E-05,0.959262511,-0.000294287
-4.19E-05,0.923384469,-0.000533279
-4.18E-05,0.906641383,-0.000851934
-4.18E-05,0.893884746,0.000183697
-4.18E-05,0.87554708,0.00066168
-4.17E-05,0.869966051,0.000343024
-4.17E-05,0.850831095,0.00066168
-4.16E-05,0.834088009,-0.000373951
-4.16E-05,0.817344923,0.000821008
-4.16E-05,0.806182866,0.000900672
-4.15E-05,0.780669592,-0.000453615
-4.15E-05,0.771102114,0.000104033
-4.14E-05,0.752764448,0.000104033
-4.14E-05,0.74399426,-0.000214623
-4.14E-05,0.722467435,0.000821008
-4.13E-05,0.716089116,2.44E-05
-4.13E-05,0.69934603,-0.001250254
-4.12E-05,0.694562291,-0.000851934
-4.12E-05,0.681008364,-0.00117059
-4.12E-05,0.674630046,-0.001329918
-4.11E-05,0.673035466,-0.001090926
-4.11E-05,0.681008364,0.000104033
-4.10E-05,0.681805654,-0.000294287
-4.10E-05,0.682602944,-0.000851934
-4.10E-05,0.684994814,-0.000214623
-4.09E-05,0.691373132,-0.001011262
-4.09E-05,0.7017379,0.000422688
-4.08E-05,0.723264725,-0.000453615
-4.08E-05,0.716886406,-0.000453615
-4.08E-05,0.736818652,-0.000851934
-4.07E-05,0.751169868,0.000821008
-4.07E-05,0.776683142,0.000104033
-4.06E-05,0.783858751,-0.000453615
-4.06E-05,0.802993706,0.000104033
-4.06E-05,0.825317821,-0.000612942
-4.05E-05,0.842858197,0.000104033
-4.05E-05,0.861195863,0.00066168
-4.04E-05,0.887506427,0.000900672
-4.04E-05,0.892290166,0.000422688
-4.04E-05,0.91780344,0.000422688
-4.03E-05,0.943316714,-0.00077227
-4.03E-05,0.949695033,0.000980336
-4.02E-05,0.973613727,0.000104033
-4.02E-05,0.988762234,-0.00117059
-4.02E-05,1.011883638,0.000741344
-4.01E-05,1.029424014,-0.000214623
-4.01E-05,1.054139999,-0.000134959
-4.00E-05,1.074869534,0.000422688
-4.00E-05,1.088423461,-0.000453615
-4.00E-05,1.120315053,0.001378655
-3.99E-05,1.139450009,-0.000692606
-3.99E-05,1.158584965,0.000104033
-3.98E-05,1.176125341,-0.000134959
-3.98E-05,1.212800672,0.00026336
-3.98E-05,1.228746469,-0.000294287
-3.97E-05,1.251070583,-0.000134959
-3.97E-05,1.257448902,0.00066168
-3.96E-05,1.295718813,0.000183697
-3.96E-05,1.318840218,-0.000453615
-3.96E-05,1.338772463,2.44E-05
-3.95E-05,1.35392097,0.000104033
-3.95E-05,1.379434244,-0.001250254
-3.94E-05,1.404150228,-0.000214623
-3.94E-05,1.422487894,0.000104033
-3.94E-05,1.443217429,0.000104033
-3.93E-05,1.473514442,-0.000214623
-3.93E-05,1.48308192,0.00026336
-3.92E-05,1.518959962,0.000900672
-3.92E-05,1.536500338,-0.000214623
-3.92E-05,1.554838004,-0.000612942
-3.91E-05,1.580351278,-0.000612942
-3.91E-05,1.593905205,-0.00077227
-3.90E-05,1.623404928,-0.000612942
-3.90E-05,1.646526333,0.000343024
-3.90E-05,1.677620635,0.00026336
-3.89E-05,1.691971852,0.00066168
-3.89E-05,1.712701387,0.000741344
-3.88E-05,1.736620082,0.000104033
-3.88E-05,1.756552327,0.000422688
-3.88E-05,1.783660181,0.000741344
-3.87E-05,1.809970745,0.00026336
-3.87E-05,1.828308411,0.000741344
-3.86E-05,1.852227105,2.44E-05
-3.86E-05,1.877740379,-0.000851934
-3.86E-05,1.901659074,0.000183697
-3.85E-05,1.91999674,2.44E-05
-3.85E-05,1.944712724,-0.000533279
-3.84E-05,1.95986123,-0.000692606
-3.84E-05,1.973415157,-0.000373951
-3.84E-05,1.998928432,0.000104033
-3.83E-05,2.022847126,-0.000453615
-3.83E-05,2.024441706,0.000422688
-3.82E-05,2.059522458,2.44E-05
-3.82E-05,2.084238442,-0.000851934
-3.82E-05,2.09141405,-0.000612942
-3.81E-05,2.115332745,2.44E-05
-3.81E-05,2.145629758,-0.000134959
-3.80E-05,2.158386395,-0.000214623
-3.80E-05,2.186291538,-0.000294287
-3.80E-05,2.202237335,-0.00077227
-3.79E-05,2.22216958,0.000582016
-3.79E-05,2.243696405,-0.000373951
-3.78E-05,2.271601549,0.000900672
-3.78E-05,2.289141925,0.000980336
-3.78E-05,2.30987146,-0.000214623
-3.77E-05,2.324222677,0.000582016
-3.77E-05,2.3537224,-0.000294287
-3.76E-05,2.371262776,2.44E-05
-3.76E-05,2.393586891,-0.00077227
-3.76E-05,2.412721846,-0.000612942
-3.75E-05,2.431856802,0.000821008
-3.75E-05,2.456572786,2.44E-05
-3.74E-05,2.48368064,0.000343024
-3.74E-05,2.489261669,-0.00117059
-3.74E-05,2.530720739,-0.00077227
-3.73E-05,2.549058405,-0.000533279
-3.73E-05,2.556234013,-0.000692606
-3.72E-05,2.57217981,-0.00077227
-3.72E-05,2.603274113,-0.000612942
-3.72E-05,2.620814489,0.000582016
-3.71E-05,2.644733183,-0.000214623
-3.71E-05,2.666260008,0.00026336
-3.70E-05,2.689381413,2.44E-05
-3.70E-05,2.715691977,0.000502352
-3.70E-05,2.740407961,-0.000373951
-3.69E-05,2.752367308,0.000104033
-3.69E-05,2.782664321,0.000343024
-3.68E-05,2.79063722,0.000582016
-3.68E-05,2.802596567,-0.000612942
-3.68E-05,2.824920682,0.000582016
-3.67E-05,2.856812274,-0.000134959
-3.67E-05,2.871163491,-0.000294287
-3.66E-05,2.894284896,-0.000533279
-3.66E-05,2.91820359,-0.000453615
-3.66E-05,2.935743966,2.44E-05
-3.65E-05,2.96045995,-0.000692606
-3.65E-05,2.974811167,-0.000214623
-3.64E-05,2.994743413,0.00026336
-3.64E-05,3.016270238,-0.000214623
-3.64E-05,3.041783512,0.000183697
-3.63E-05,3.0505537,-0.000612942
-3.63E-05,3.079256133,0.000343024
-3.62E-05,3.098391089,0.000422688
-3.62E-05,3.122309783,-0.000294287
-3.62E-05,3.136661,0.000104033
-3.61E-05,3.168552593,-0.000533279
-3.61E-05,3.175728201,0.000821008
-3.60E-05,3.192471287,0.000183697
-3.60E-05,3.231538488,0.000422688
-3.60E-05,3.247484285,0.000422688
-3.59E-05,3.272200269,0.000502352
-3.59E-05,3.289740645,0.000900672
-3.58E-05,3.320834948,0.001458319
-3.58E-05,3.331997005,0.001856639
-3.58E-05,3.35511841,0.000422688
-3.57E-05,3.378239814,0.000821008
-3.57E-05,3.390199162,-0.000134959
-3.56E-05,3.415712436,0.000980336
-3.56E-05,3.437239261,-0.000294287
-3.56E-05,3.460360666,0.000502352
-3.55E-05,3.471522723,0.00026336
-3.55E-05,3.497833287,-0.000453615
-3.54E-05,3.505806185,-0.001568909
-3.54E-05,3.52653572,0.001617647
-3.54E-05,3.558427313,0.000741344
-3.53E-05,3.57357582,0.001617647
-3.53E-05,3.593508065,0.000183697
-3.52E-05,3.611048441,0.000502352
-3.52E-05,3.627791527,0.001139663
-3.52E-05,3.648521062,0.001059999
-3.51E-05,3.673237047,0.001298991
-3.51E-05,3.693966582,0.000502352
-3.50E-05,3.715493407,0.00026336
-3.50E-05,3.735425652,0.000821008
-3.50E-05,3.748979579,0.000343024
-3.49E-05,3.768911825,0.001298991
-3.49E-05,3.798411548,0.001458319
-3.48E-05,3.824722112,0.000900672
-3.48E-05,3.83428959,0.001378655
-3.48E-05,3.860600154,0.001298991
-3.47E-05,3.886910718,0.000343024
-3.47E-05,3.902059224,0.001298991
-3.46E-05,3.928369788,0.000502352
-3.46E-05,3.949099323,0.001219327
-3.46E-05,3.958666801,0.000183697
-3.45E-05,3.984977365,0.000422688
-3.45E-05,4.010490639,0.000741344
-3.44E-05,4.030422885,0.001059999
-3.44E-05,4.05194971,0.000900672
-3.44E-05,4.074273824,0.000502352
-3.43E-05,4.068692796,0.000502352
-3.43E-05,4.112543736,0.000741344
-3.42E-05,4.13566514,0.000821008
-3.42E-05,4.13725972,0.000183697
-3.42E-05,4.159583835,0.001298991
-3.41E-05,4.17871879,0.000741344
-3.41E-05,4.205029354,0.000422688
-3.40E-05,4.22416431,0.000900672
-3.40E-05,4.247285715,0.00066168
-3.40E-05,4.271204409,0.000900672
-3.39E-05,4.26721796,0.001537983
-3.39E-05,4.316649929,0.001458319
-3.38E-05,4.324622827,0.000741344
-3.38E-05,4.346149652,0.00026336
-3.38E-05,4.362095448,0.001059999
-3.37E-05,4.392392461,0.001617647
-3.37E-05,4.402757229,0.000900672
-3.36E-05,4.434648822,0.000502352
-3.36E-05,4.429067793,0.001617647
-3.36E-05,4.453783777,0.000980336
-3.35E-05,4.4832835,0.002334622
-3.35E-05,4.496837427,0.000422688
-3.34E-05,4.515972383,0.00026336
-3.34E-05,4.536701918,0.000104033
-3.34E-05,4.549458555,0.001776975
-3.33E-05,4.582944728,0.000582016
-3.33E-05,4.610052581,0.001936302
-3.32E-05,4.61563361,-0.000134959
-3.32E-05,4.629984827,0.000502352
-3.32E-05,4.651511652,0.001298991
-3.31E-05,4.681011375,0.001856639
-3.31E-05,4.692970722,0.000343024
-3.30E-05,4.714497547,0.000343024
-3.30E-05,4.731240633,0.001059999
-3.30E-05,4.750375589,0.000980336
-3.29E-05,4.775888863,0.000422688
-3.29E-05,4.79183466,0.000980336
-3.28E-05,4.797415688,0.001378655
-3.28E-05,4.83329373,0.00066168
-3.28E-05,4.858807004,0.000900672
-3.27E-05,4.861996163,0.001617647
-3.27E-05,4.885117568,0.000582016
-3.26E-05,4.911428132,0.001617647
-3.26E-05,4.927373928,0.000821008
-3.26E-05,4.939333276,0.00066168
-3.25E-05,4.955279072,0.001856639
-3.25E-05,4.982386926,0.000741344
-3.24E-05,5.000724591,0.000741344
-3.24E-05,5.023048706,0.001856639
-3.24E-05,5.034210764,0.000183697
-3.23E-05,5.05254843,0.000900672
-3.23E-05,5.074872544,2.44E-05
-3.22E-05,5.0940075,0.000502352
-3.22E-05,5.102777688,0.000741344
-3.22E-05,5.121912644,0.00066168
-3.21E-05,5.13945302,0.001298991
-3.21E-05,5.164966294,0.000502352
-3.20E-05,5.176128351,0.000900672
-3.20E-05,5.195263307,0.001139663
-3.20E-05,5.215195552,0.000422688
-3.19E-05,5.227154899,-0.000294287
-3.19E-05,5.245492565,0.001139663
-3.18E-05,5.272600419,0.001378655
-3.18E-05,5.273397709,0.001219327
-3.18E-05,5.301302852,0.001139663
-3.17E-05,5.314059489,-0.000214623
-3.17E-05,5.326018837,0.000183697
-3.16E-05,5.344356503,0.000502352
-3.16E-05,5.350734821,0.00026336
-3.16E-05,5.362694168,-0.000214623
-3.15E-05,5.395383051,0.000900672
-3.15E-05,5.3993695,0.00026336
-3.14E-05,5.414518006,0.000741344
-3.14E-05,5.430463803,0.00066168
-3.14E-05,5.426477354,-0.00077227
-3.13E-05,5.435247542,0.001219327
-3.13E-05,5.44322044,0.000502352
-3.12E-05,5.450396048,0.001219327
-3.12E-05,5.456774367,0.000821008
-3.12E-05,5.459963526,0.000980336
-3.11E-05,5.459166236,0.000582016
-3.11E-05,5.469531004,0.001378655
-3.10E-05,5.463152685,0.00026336
-3.10E-05,5.474314743,0.002015966
-3.10E-05,5.475112032,0.000900672
-3.09E-05,5.476706612,0.000980336
-3.09E-05,5.488665959,0.000183697
-3.08E-05,5.481490351,-0.000134959
-3.08E-05,5.481490351,0.001298991
-3.08E-05,5.490260539,0.000900672
-3.07E-05,5.477503902,0.000980336
-3.07E-05,5.48707138,0.000900672
-3.06E-05,5.482287641,-0.000533279
-3.06E-05,5.471922873,0.001219327
-3.06E-05,5.494246988,0.001697311
-3.05E-05,5.505409045,0.000582016
-3.05E-05,5.494246988,0.001219327
-3.04E-05,5.495044278,0.000582016
-3.04E-05,5.495841568,0.000980336
-3.04E-05,5.496638858,0.00066168
-3.03E-05,5.495044278,0.000900672
-3.03E-05,5.501422596,0.001378655
-3.02E-05,5.492652408,0.000980336
-3.02E-05,5.48786867,0.001697311
-3.02E-05,5.493449698,0.001298991
-3.01E-05,5.492652408,0.001298991
-3.01E-05,5.482287641,2.44E-05
-3.00E-05,5.488665959,0.001697311
-3.00E-05,5.488665959,0.00066168
-3.00E-05,5.475909322,0.001458319
-2.99E-05,5.481490351,0.002254958
-2.99E-05,5.482287641,0.000821008
-2.98E-05,5.468733714,0.001298991
-2.98E-05,5.475112032,0.001458319
-2.98E-05,5.467936424,0.00209563
-2.97E-05,5.465544555,0.00209563
-2.97E-05,5.464747265,0.001378655
-2.96E-05,5.463949975,0.001059999
-2.96E-05,5.448801468,0.001139663
-2.96E-05,5.438436701,0.001458319
-2.95E-05,5.449598758,0.001458319
-2.95E-05,5.434450252,0.001059999
-2.94E-05,5.406545108,0.001697311
-2.94E-05,5.401761369,-0.000134959
-2.94E-05,5.380234544,0.001298991
-2.93E-05,5.375450805,0.001856639
-2.93E-05,5.35631585,0.000900672
-2.92E-05,5.326018837,0.001059999
-2.92E-05,5.318843228,0.000900672
-2.92E-05,5.296519114,0.001298991
-2.91E-05,5.27020855,0.001537983
-2.91E-05,5.247884435,0.001697311
-2.90E-05,5.231938638,0.001936302
-2.90E-05,5.207222654,0.001776975
-2.90E-05,5.175331061,0.000502352
-2.89E-05,5.160979845,0.00066168
-2.89E-05,5.129885542,0.000422688
-2.88E-05,5.114737035,0.00209563
-2.88E-05,5.082048153,0.000821008
-2.88E-05,5.067696936,0.000980336
-2.87E-05,5.045372821,0.001298991
-2.87E-05,5.026237866,0.002573614
-2.86E-05,5.00630562,0.000821008
-2.86E-05,4.973616738,2.44E-05
-2.86E-05,4.966441129,0.00066168
-2.85E-05,4.940927855,0.000582016
-2.85E-05,4.916211871,0.000422688
-2.84E-05,4.899468785,0.000104033
-2.84E-05,4.887509438,0.000741344
-2.84E-05,4.843658498,0.000422688
-2.83E-05,4.841266628,0.001537983
-2.83E-05,4.83329373,0.000582016
-2.82E-05,4.802996717,0.000502352
-2.82E-05,4.783861761,0.000980336
-2.82E-05,4.766321385,0.000741344
-2.81E-05,4.743199981,0.000183697
-2.81E-05,4.719281286,0.00026336
-2.80E-05,4.698551751,0.000502352
-2.80E-05,4.675430346,0.000343024
-2.80E-05,4.648322493,0.000741344
-2.79E-05,4.637160435,0.001537983
-2.79E-05,4.620417349,-0.000134959
-2.78E-05,4.595701365,0.000582016
-2.78E-05,4.574971829,0.000104033
-2.78E-05,4.553445004,0.00026336
-2.77E-05,4.537499208,0.000821008
-2.77E-05,4.526337151,0.001936302
-2.76E-05,4.507202195,0.000104033
-2.76E-05,4.478499762,0.001298991
-2.76E-05,4.460162096,0.000821008
-2.75E-05,4.439432561,0.001219327
-2.75E-05,4.424284054,0.000502352
-2.74E-05,4.393189751,0.001219327
-2.74E-05,4.382027694,0.000422688
-2.74E-05,4.350136101,0.00066168
-2.73E-05,4.346149652,2.44E-05
-2.73E-05,4.313460769,2.44E-05
-2.72E-05,4.306285161,0.000183697
-2.72E-05,4.277582728,0.000422688
-2.72E-05,4.249677584,0.000343024
-2.71E-05,4.245691135,0.000900672
-2.71E-05,4.22416431,0.001139663
-2.70E-05,4.204232065,0.001298991
-2.70E-05,4.164367574,0.000183697
-2.70E-05,4.150016357,0.000821008
-2.69E-05,4.129286822,0.001059999
-2.69E-05,4.122908503,0.000741344
-2.68E-05,4.088625041,0.00026336
-2.68E-05,4.077462984,0.000582016
-2.68E-05,4.055138869,0.000343024
-2.67E-05,4.028828305,0.000980336
-2.67E-05,4.015274378,0.000980336
-2.66E-05,3.988963814,0.00066168
-2.66E-05,3.959464091,0.001537983
-2.66E-05,3.953085772,0.001219327
-2.65E-05,3.926775208,0.000422688
-2.65E-05,3.898870065,-0.000373951
-2.64E-05,3.888505297,0.001458319
-2.64E-05,3.868573052,0.001139663
-2.64E-05,3.844654357,0.001219327
-2.63E-05,3.83269501,0.001697311
-2.63E-05,3.805587156,0.000900672
-2.62E-05,3.78964136,0.001219327
-2.62E-05,3.769709114,0.000980336
-2.62E-05,3.740209391,0.000502352
-2.61E-05,3.717885276,0.000900672
-2.61E-05,3.70273677,0.000900672
-2.60E-05,3.688385553,0.001697311
-2.60E-05,3.663669569,0.000900672
-2.60E-05,3.650115642,0.00066168
-2.59E-05,3.620615919,0.00026336
-2.59E-05,3.597494514,-0.000294287
-2.58E-05,3.585535167,0.001458319
-2.58E-05,3.565602921,-0.000453615
-2.58E-05,3.540886937,0.001537983
-2.57E-05,3.52733301,0.00066168
-2.57E-05,3.494644128,-0.000692606
-2.56E-05,3.48507665,-0.000294287
-2.56E-05,3.458766086,0.000183697
-2.56E-05,3.438036551,0.000980336
-2.55E-05,3.414915146,0.000980336
-2.55E-05,3.385415423,0.000821008
-2.54E-05,3.371064206,0.000422688
-2.54E-05,3.351929251,0.00026336
-2.54E-05,3.334388875,0.000502352
-2.53E-05,3.313659339,0.001139663
-2.53E-05,3.292132514,0.000741344
-2.52E-05,3.261835501,-0.000134959
-2.52E-05,3.249078864,-0.000373951
-2.52E-05,3.233133068,2.44E-05
-2.51E-05,3.207619794,-0.000294287
-2.51E-05,3.189282128,-0.000134959
-2.50E-05,3.167755303,0.000502352
-2.50E-05,3.140647449,0.000422688
-2.50E-05,3.127890812,-0.000851934
-2.49E-05,3.099188379,0.00026336
-2.49E-05,3.068891366,0.000183697
-2.48E-05,3.063310337,-0.000134959
-2.48E-05,3.031418744,0.000900672
-2.48E-05,3.015472948,0.00066168
-2.47E-05,3.00750005,0.00066168
-2.47E-05,2.979594906,0.000104033
-2.46E-05,2.947703313,0.000582016
-2.46E-05,2.946906024,-0.000453615
-2.46E-05,2.9174063,-0.000134959
-2.45E-05,2.891893026,0.001139663
-2.45E-05,2.87355536,0.001219327
-2.44E-05,2.857609564,-0.000373951
-2.44E-05,2.824920682,-0.000373951
-2.44E-05,2.814555914,0.000502352
-2.43E-05,2.793826379,-0.000214623
-2.43E-05,2.768313105,0.000821008
-2.42E-05,2.74359712,0.000183697
-2.42E-05,2.730840483,-0.000294287
-2.42E-05,2.708516368,2.44E-05
-2.41E-05,2.679016645,0.001059999
-2.41E-05,2.663070849,0.000821008
-2.40E-05,2.643138603,0.00026336
-2.40E-05,2.624800938,0.000422688
-2.40E-05,2.606463272,0.000821008
-2.39E-05,2.585733737,0.001537983
-2.39E-05,2.549058405,0.000582016
-2.38E-05,2.537896348,0.000422688
-2.38E-05,2.525937,-0.000134959
-2.38E-05,2.493248118,0.000183697
-2.37E-05,2.479694191,-0.000533279
-2.37E-05,2.447005309,0.00066168
-2.36E-05,2.432654092,-0.000533279
-2.36E-05,2.415113716,0.000104033
-2.36E-05,2.387208572,-0.000851934
-2.35E-05,2.356114269,-0.000612942
-2.35E-05,2.348141371,0.001298991
-2.34E-05,2.327411836,-0.000214623
-2.34E-05,2.301101272,0.000183697
-2.34E-05,2.285155476,0.000422688
-2.33E-05,2.26681781,0.000422688
-2.33E-05,2.234926217,-0.000373951
-2.32E-05,2.22137229,0.00026336
-2.32E-05,2.203831914,-0.000453615
-2.32E-05,2.170345742,0.000422688
-2.31E-05,2.158386395,0.000502352
-2.31E-05,2.142440599,0.000900672
-2.30E-05,2.109751716,0.000183697
-2.30E-05,2.09141405,0.000422688
-2.30E-05,2.066698066,-0.000931598
-2.29E-05,2.04995498,-0.001090926
-2.29E-05,2.026833575,-0.000851934
-2.28E-05,2.010090489,-0.000214623
-2.28E-05,1.987766374,0.000502352
-2.28E-05,1.971023288,0.000183697
-2.27E-05,1.951091043,-0.000612942
-2.27E-05,1.922388609,0.00026336
-2.26E-05,1.896078045,0.000422688
-2.26E-05,1.886510567,0.000582016
-2.26E-05,1.865781032,0.000900672
-2.25E-05,1.852227105,0.000183697
-2.25E-05,1.820335513,0.000582016
-2.24E-05,1.796416818,0.00066168
-2.24E-05,1.782065601,0.000104033
-2.24E-05,1.761336066,0.00066168
-2.23E-05,1.741403821,-0.000134959
-2.23E-05,1.713498677,0.000821008
-2.22E-05,1.695161011,-0.001011262
-2.22E-05,1.679215215,-0.000373951
-2.22E-05,1.6568911,0.00026336
-2.21E-05,1.631377826,-0.000533279
-2.21E-05,1.610648291,-0.000373951
-2.20E-05,1.577162118,0.000343024
-2.20E-05,1.566797351,-0.000931598
-2.20E-05,1.554040714,-0.001568909
-2.19E-05,1.518162672,0.00026336
-2.19E-05,1.513378933,0.000980336
-2.18E-05,1.478298181,2.44E-05
-2.18E-05,1.453582197,-0.000373951
-2.18E-05,1.436041821,0.000582016
-2.17E-05,1.416906865,-0.000373951
-2.17E-05,1.400163779,0.000821008
-2.16E-05,1.378636954,0.000502352
-2.16E-05,1.358704709,0.000343024
-2.16E-05,1.334786014,-0.000692606
-2.15E-05,1.317245638,2.44E-05
-2.15E-05,1.304489001,-0.000453615
-2.14E-05,1.275786568,-0.000134959
-2.14E-05,1.260638061,2.44E-05
-2.14E-05,1.238313946,-0.000533279
-2.13E-05,1.219178991,-0.001011262
-2.13E-05,1.192071137,-0.000134959
-2.12E-05,1.175328051,0.000502352
-2.12E-05,1.158584965,-0.000294287
-2.12E-05,1.125896082,-0.000373951
-2.11E-05,1.121909633,-0.000294287
-2.11E-05,1.105166547,-0.00077227
-2.10E-05,1.082045142,0.001378655
-2.10E-05,1.068491215,0.000183697
-2.10E-05,1.04776168,-0.001011262
-2.09E-05,1.022248406,0.00026336
-2.09E-05,1.009491769,0.000183697
-2.08E-05,0.987167654,0.00026336
-2.08E-05,0.96165438,-0.000453615
-2.08E-05,0.944114004,-0.000612942
-2.07E-05,0.929762787,-0.000533279
-2.07E-05,0.91620886,0.00026336
-2.06E-05,0.897871195,0.000422688
-2.06E-05,0.869966051,2.44E-05
-2.06E-05,0.858006704,-0.001090926
-2.05E-05,0.846844646,0.00026336
-2.05E-05,0.826115111,0.000343024
-2.04E-05,0.810966605,0.000183697
-2.04E-05,0.796615388,2.44E-05
-2.04E-05,0.78864249,-0.000612942
-2.03E-05,0.759940056,0.000900672
-2.03E-05,0.74399426,-0.000294287
-2.02E-05,0.74239968,-0.000373951
-2.02E-05,0.726453884,2.44E-05
-2.02E-05,0.708913508,0.000582016
-2.01E-05,0.703332479,2.44E-05
-2.01E-05,0.684994814,2.44E-05
-2.00E-05,0.690575842,-0.001329918
-2.00E-05,0.690575842,-0.000134959
-2.00E-05,0.673832756,-0.000533279
-1.99E-05,0.673832756,-0.000931598
-1.99E-05,0.680211075,-0.000373951
-1.98E-05,0.681008364,-0.000294287
-1.98E-05,0.689778552,-0.000134959
-1.98E-05,0.69854874,-0.000134959
-1.97E-05,0.709710798,0.000980336
-1.97E-05,0.720075565,-0.000214623
-1.96E-05,0.737615941,0.000183697
-1.96E-05,0.750372579,-0.000692606
-1.96E-05,0.752764448,-0.00077227
-1.95E-05,0.759940056,-0.000533279
-1.95E-05,0.791831649,-0.000134959
-1.94E-05,0.808574735,-0.000851934
-1.94E-05,0.822925952,-0.000134959
-1.94E-05,0.838871748,0.000183697
-1.93E-05,0.861993153,-0.00117059
-1.93E-05,0.87315521,-0.000612942
-1.92E-05,0.898668484,0.001059999
-1.92E-05,0.924181759,-0.000612942
-1.92E-05,0.938532975,-0.000612942
-1.91E-05,0.96165438,-0.000692606
-1.91E-05,0.967235409,-0.000134959
-1.90E-05,0.982383915,-0.000134959
-1.90E-05,1.015072798,-0.000931598
-1.90E-05,1.038991492,-0.000373951
-1.89E-05,1.056531868,-0.00077227
-1.89E-05,1.082045142,-0.000373951
-1.88E-05,1.105963837,-0.00077227
-1.88E-05,1.121112343,-0.001250254
-1.88E-05,1.139450009,-0.000533279
-1.87E-05,1.156990385,-0.000453615
-1.87E-05,1.184895529,0.001219327
-1.86E-05,1.208814223,0.000343024
-1.86E-05,1.22396273,-0.00117059
-1.86E-05,1.240705816,-0.000134959
-1.85E-05,1.268610959,-0.00077227
-1.85E-05,1.291732364,0.00026336
-1.84E-05,1.314056479,0.000741344
-1.84E-05,1.337975173,0.000343024
-1.84E-05,1.361893868,-0.000373951
-1.83E-05,1.370664056,-0.000453615
-1.83E-05,1.407339388,0.000104033
-1.82E-05,1.429663502,0.00066168
-1.82E-05,1.44162285,0.000422688
-1.82E-05,1.461555095,0.000183697
-1.81E-05,1.491852108,0.00026336
-1.81E-05,1.499825006,-0.000692606
-1.80E-05,1.530919309,-0.00077227
-1.80E-05,1.562810902,0.00066168
-1.80E-05,1.575567539,-0.000533279
-1.79E-05,1.603472682,0.000741344
-1.79E-05,1.625796797,-0.00077227
-1.78E-05,1.640945304,0.000183697
-1.78E-05,1.690377272,0.000741344
-1.78E-05,1.698350171,0.000821008
-1.77E-05,1.715093257,0.000582016
-1.77E-05,1.738214661,0.000582016
-1.76E-05,1.761336066,0.000582016
-1.76E-05,1.780471022,-0.000373951
-1.76E-05,1.805187006,-0.001090926
-1.75E-05,1.815551774,0.000582016
-1.75E-05,1.852227105,0.000343024
-1.74E-05,1.87295664,0.00026336
-1.74E-05,1.893686176,0.000502352
-1.74E-05,1.912821131,0.000104033
-1.73E-05,1.928766928,0.001298991
-1.73E-05,1.954280202,0.00026336
-1.72E-05,1.966239549,0.000422688
-1.72E-05,1.998928432,0.000422688
-1.72E-05,2.012482358,0.000502352
-1.71E-05,2.036401053,0.000582016
-1.71E-05,2.055536009,-0.000294287
-1.70E-05,2.083441152,0.000343024
-1.70E-05,2.106562557,0.000900672
-1.70E-05,2.125697512,0.000741344
-1.69E-05,2.157589105,0.000183697
-1.69E-05,2.166359293,0.001139663
-1.68E-05,2.184696959,-0.000134959
-1.68E-05,2.206223784,0.00066168
-1.68E-05,2.230142478,0.001059999
-1.67E-05,2.245290985,0.00066168
-1.67E-05,2.270006969,0.000741344
-1.66E-05,2.293925664,0.000821008
-1.66E-05,2.30827688,0.000741344
-1.66E-05,2.340168473,0.00066168
-1.65E-05,2.356911559,0.000741344
-1.65E-05,2.372857356,0.000582016
-1.64E-05,2.391992311,0.001537983
-1.64E-05,2.419100165,0.000821008
-1.64E-05,2.443018859,-0.000214623
-1.63E-05,2.455775497,0.000900672
-1.63E-05,2.478099611,0.001298991
-1.62E-05,2.502815596,-0.000533279
-1.62E-05,2.520355972,0.000502352
-1.62E-05,2.554639434,0.00209563
-1.61E-05,2.566598781,0.000502352
-1.61E-05,2.584936447,0.000343024
-1.60E-05,2.61363888,0.001298991
-1.60E-05,2.620814489,0.000502352
-1.60E-05,2.642341314,0.000900672
-1.59E-05,2.667057298,0.001219327
-1.59E-05,2.692570572,0.00066168
-1.58E-05,2.709313658,0.001458319
-1.58E-05,2.742002541,0.000900672
-1.58E-05,2.754759178,0.001139663
-1.57E-05,2.781867032,0.001458319
-1.57E-05,2.794623669,0.001378655
-1.56E-05,2.817745073,0.001298991
-1.56E-05,2.841663768,0.000741344
-1.56E-05,2.863987883,0.000821008
-1.55E-05,2.885514708,0.001139663
-1.55E-05,2.907041533,0.00066168
-1.54E-05,2.932554807,0.000183697
-1.54E-05,2.940527705,-0.000134959
-1.54E-05,2.96125724,-0.000453615
-1.53E-05,2.979594906,0.001378655
-1.53E-05,3.019459397,0.001139663
-1.52E-05,3.025837715,0.001139663
-1.52E-05,3.0505537,0.001776975
-1.52E-05,3.073675104,0.00026336
-1.51E-05,3.09360735,0.001059999
-1.51E-05,3.111945016,0.000821008
-1.50E-05,3.132674551,0.000104033
-1.50E-05,3.151809507,0.000183697
-1.50E-05,3.166958013,-0.00077227
-1.49E-05,3.189282128,0.000104033
-1.49E-05,3.210808953,-0.000692606
-1.48E-05,3.232335778,-0.000134959
-1.48E-05,3.250673444,0.000502352
-1.48E-05,3.279375877,0.000104033
-1.47E-05,3.300902702,0.000821008
-1.47E-05,3.322429527,2.44E-05
-1.46E-05,3.328807846,0.000343024
-1.46E-05,3.357510279,2.44E-05
-1.46E-05,3.383023553,0.000183697
-1.45E-05,3.39737477,0.000821008
-1.45E-05,3.414117856,0.000502352
-1.44E-05,3.437239261,0.001378655
-1.44E-05,3.464347115,0.001059999
-1.44E-05,3.477901042,0.000582016
-1.43E-05,3.502617026,0.000821008
-1.43E-05,3.524143851,0.001219327
-1.42E-05,3.539292357,0.000821008
-1.42E-05,3.561616472,0.001697311
-1.42E-05,3.598291804,-0.000294287
-1.41E-05,3.599089094,-0.000294287
-1.41E-05,3.635764425,0.001936302
-1.40E-05,3.654102091,0.000741344
-1.40E-05,3.665264148,0.000502352
-1.40E-05,3.683601814,0.000502352
-1.39E-05,3.70353406,0.001378655
-1.39E-05,3.720277146,0.001298991
-1.38E-05,3.752966028,0.001378655
-1.38E-05,3.773695564,0.001139663
-1.38E-05,3.767317245,0.00066168
-1.37E-05,3.808776315,0.001059999
-1.37E-05,3.830303141,0.000343024
-1.36E-05,3.843059778,0.000900672
-1.36E-05,3.858208284,0.000582016
-1.36E-05,3.889302587,0.000741344
-1.35E-05,3.902059224,0.00066168
-1.35E-05,3.922788759,0.001059999
-1.34E-05,3.950693903,0.000422688
-1.34E-05,3.957869511,0.000343024
-1.34E-05,3.980990916,2.44E-05
-1.33E-05,4.012882509,0.000422688
-1.33E-05,4.026436435,0.001537983
-1.32E-05,4.045571391,0.000582016
-1.32E-05,4.063111767,0.000821008
-1.32E-05,4.079057563,0.000502352
-1.31E-05,4.110949156,0.00026336
-1.31E-05,4.132475981,0.00066168
-1.30E-05,4.142043459,0.001219327
-1.30E-05,4.158786545,-0.000851934
-1.30E-05,4.191475428,-0.000692606
-1.29E-05,4.202637485,0.000343024
-1.29E-05,4.220975151,-0.000373951
-1.28E-05,4.250474874,0.001298991
-1.28E-05,4.264028801,0.00066168
-1.28E-05,4.286352916,0.000343024
-1.27E-05,4.307082451,0.00026336
-1.27E-05,4.336582174,0.001378655
-1.26E-05,4.342163203,0.000900672
-1.26E-05,4.363690028,0.000104033
-1.26E-05,4.388406012,0.000741344
-1.25E-05,4.413919286,0.000821008
-1.25E-05,4.430662373,0.000821008
-1.24E-05,4.446608169,0.00066168
-1.24E-05,4.455378357,-0.000134959
-1.24E-05,4.481688921,0.000980336
-1.23E-05,4.517566963,0.000980336
-1.23E-05,4.5303236,0.000422688
-1.22E-05,4.545472106,0.00066168
-1.22E-05,4.568593511,0.000422688
-1.22E-05,4.586931177,0.000422688
-1.21E-05,4.611647161,0.001697311
-1.21E-05,4.630782117,0.000900672
-1.20E-05,4.649917072,0.000343024
-1.20E-05,4.652308942,0.001059999
-1.20E-05,4.681011375,0.001139663
-1.19E-05,4.708916519,0.000900672
-1.19E-05,4.727254184,0.000422688
-1.18E-05,4.738416242,0.000821008
-1.18E-05,4.763929516,0.000900672
-1.18E-05,4.763132226,0.001059999
-1.17E-05,4.794226529,0.000741344
-1.17E-05,4.811766905,0.000502352
-1.16E-05,4.830104571,0.00066168
-1.16E-05,4.836482889,0.000821008
-1.16E-05,4.87555009,0.000980336
-1.15E-05,4.893887756,0.001139663
-1.15E-05,4.910630842,0.000980336
-1.14E-05,4.927373928,0.001458319
-1.14E-05,4.947306174,0.001139663
-1.14E-05,4.953684492,0.001458319
-1.13E-05,4.979197766,0.001776975
-1.13E-05,5.001521881,0.000900672
-1.12E-05,5.013481229,0.001059999
-1.12E-05,5.041386372,0.001458319
-1.12E-05,5.066102356,0.001617647
-1.11E-05,5.082845443,0.001776975
-1.11E-05,5.088426471,0.001298991
-1.10E-05,5.113939745,0.000582016
-1.10E-05,5.130682832,0.00066168
-1.10E-05,5.151412367,0.000980336
-1.09E-05,5.173736482,0.001856639
-1.09E-05,5.176925641,0.001378655
-1.08E-05,5.200047046,0.001537983
-1.08E-05,5.216790132,0.000741344
-1.08E-05,5.239114247,0.000183697
-1.07E-05,5.251870884,0.001139663
-1.07E-05,5.271005839,0.001458319
-1.06E-05,5.289343505,0.001617647
-1.06E-05,5.302100142,0.001219327
-1.06E-05,5.314856779,0.001219327
-1.05E-05,5.326816127,0.001537983
-1.05E-05,5.352329401,0.001537983
-1.04E-05,5.361099589,0.001537983
-1.04E-05,5.379437254,0.001139663
-1.04E-05,5.385815573,0.001856639
-1.03E-05,5.402558659,0.001139663
-1.03E-05,5.405747818,0.000741344
-1.02E-05,5.407342398,0.000980336
-1.02E-05,5.432058382,0.000980336
-1.02E-05,5.434450252,0.000343024
-1.01E-05,5.436842121,-0.000692606
-1.01E-05,5.459166236,0.002334622
-1.00E-05,5.463152685,0.000980336
-1.00E-05,5.453585207,0.000343024
-9.96E-06,5.463949975,0.000741344
-9.92E-06,5.467936424,0.001856639
-9.88E-06,5.470328294,0.000104033
-9.84E-06,5.474314743,0.001617647
-9.80E-06,5.488665959,0.001059999
-9.76E-06,5.472720163,-0.000294287
-9.72E-06,5.480693061,0.001139663
-9.68E-06,5.483084931,0.001219327
-9.64E-06,5.482287641,0.001697311
-9.60E-06,5.48388222,0.000741344
-9.56E-06,5.480693061,0.001298991
-9.52E-06,5.489463249,0.001776975
-9.48E-06,5.48627409,0.001219327
-9.44E-06,5.48786867,0.000422688
-9.40E-06,5.498233437,-0.000134959
-9.36E-06,5.490260539,0.001617647
-9.32E-06,5.503017176,0.001059999
-9.28E-06,5.488665959,0.001059999
-9.24E-06,5.498233437,0.001059999
-9.20E-06,5.493449698,0.001617647
-9.16E-06,5.496638858,0.000582016
-9.12E-06,5.491855119,0.000821008
-9.08E-06,5.494246988,0.000582016
-9.04E-06,5.488665959,0.001856639
-9.00E-06,5.4854768,0.00026336
-8.96E-06,5.490260539,0.002175294
-8.92E-06,5.481490351,0.001936302
-8.88E-06,5.483084931,0.001139663
-8.84E-06,5.489463249,0.000582016
-8.80E-06,5.478301192,0.000422688
-8.76E-06,5.479895771,0.000821008
-8.72E-06,5.480693061,0.001059999
-8.68E-06,5.469531004,0.001378655
-8.64E-06,5.473517453,0.001059999
-8.60E-06,5.461558106,0.001059999
-8.56E-06,5.472720163,0.001378655
-8.52E-06,5.459963526,0.001219327
-8.48E-06,5.453585207,0.000422688
-8.44E-06,5.455977077,0.000183697
-8.40E-06,5.44322044,0.000980336
-8.36E-06,5.437639411,0.001139663
-8.32E-06,5.414518006,0.001059999
-8.28E-06,5.405747818,-0.000612942
-8.24E-06,5.389802022,0.000183697
-8.20E-06,5.384220993,0.000821008
-8.16E-06,5.363491458,0.000104033
-8.12E-06,5.346748372,0.001537983
-8.08E-06,5.332397155,0.001139663
-8.04E-06,5.307681171,0.000741344
-8.00E-06,5.272600419,0.001378655
-7.96E-06,5.261438362,0.001298991
-7.92E-06,5.242303406,0.001298991
-7.88E-06,5.218384711,0.001298991
-7.84E-06,5.192074148,0.001378655
-7.80E-06,5.178520221,0.001697311
-7.76E-06,5.143439469,0.000821008
-7.72E-06,5.127493672,0.001059999
-7.68E-06,5.104372268,0.000422688
-7.64E-06,5.074872544,0.00066168
-7.60E-06,5.068494226,0.001219327
-7.56E-06,5.039791793,0.000502352
-7.52E-06,5.017467678,0.00026336
-7.48E-06,4.994346273,0.000104033
-7.44E-06,4.982386926,0.000502352
-7.40E-06,4.944117015,0.000104033
-7.36E-06,4.944117015,-0.000294287
-7.32E-06,4.923387479,0.00066168
-7.28E-06,4.899468785,0.000900672
-7.24E-06,4.889104017,0.000422688
-7.20E-06,4.863590743,0.000900672
-7.16E-06,4.83249644,0.000980336
-7.12E-06,4.815753354,0.000343024
-7.08E-06,4.798212978,0.000183697
-7.04E-06,4.767915965,0.000821008
-7.00E-06,4.750375589,-0.000612942
-6.96E-06,4.740010821,0.00026336
-6.92E-06,4.710511098,0.000183697
-6.88E-06,4.693768012,-0.000373951
-6.84E-06,4.681808665,0.000741344
-6.80E-06,4.652308942,0.00066168
-6.76E-06,4.627592957,0.001936302
-6.72E-06,4.623606508,0.00066168
-6.68E-06,4.597295944,0.001059999
-6.64E-06,4.57417454,0.001059999
-6.60E-06,4.552647714,0.001458319
-6.56E-06,4.535904628,0.000104033
-6.52E-06,4.502418456,0.000422688
-6.48E-06,4.482486211,0.000502352
-6.44E-06,4.467337704,0.000980336
-6.40E-06,4.449797328,0.00066168
-6.36E-06,4.427473213,0.000741344
-6.32E-06,4.411527417,0.000980336
-6.28E-06,4.378041245,0.001219327
-6.24E-06,4.370068346,0.000900672
-6.20E-06,4.361298158,0.000422688
-6.16E-06,4.326217407,0.001139663
-6.12E-06,4.313460769,0.001059999
-6.08E-06,4.288744785,0.001139663
-6.04E-06,4.264826091,0.000183697
-6.00E-06,4.244096555,0.000741344
-5.96E-06,4.2249616,-0.000612942
-5.92E-06,4.202637485,0.000741344
-5.88E-06,4.193867297,0.001298991
-5.84E-06,4.160381125,0.00026336
-5.80E-06,4.141246169,-0.000214623
-5.76E-06,4.128489532,0.00066168
-5.72E-06,4.108557287,0.000104033
-5.68E-06,4.084638592,0.000104033
-5.64E-06,4.071084665,2.44E-05
-5.60E-06,4.043976811,0.000980336
-5.56E-06,4.022449986,0.001139663
-5.52E-06,4.004112321,0.000741344
-5.48E-06,3.978599046,0.000422688
-5.44E-06,3.953883062,-0.000533279
-5.40E-06,3.935545396,0.000741344
-5.36E-06,3.92119418,0.000900672
-5.32E-06,3.910032122,0.000900672
-5.28E-06,3.883721558,0.000104033
-5.24E-06,3.855019125,0.001139663
-5.20E-06,3.838276039,0.001139663
-5.16E-06,3.819938373,0.000343024
-5.12E-06,3.800006128,0.000821008
-5.08E-06,3.774492853,-0.000134959
-5.04E-06,3.765722665,0.000502352
-5.00E-06,3.74579042,0.000821008
-4.96E-06,3.713898827,0.001059999
-4.92E-06,3.699547611,0.000104033
-4.88E-06,3.683601814,0.000980336
-4.84E-06,3.65808854,0.001219327
-4.80E-06,3.627791527,-0.000134959
-4.76E-06,3.61503489,0.000900672
-4.72E-06,3.591913485,0.000183697
-4.68E-06,3.56958937,0.001458319
-4.64E-06,3.554440864,0.001776975
-4.60E-06,3.533711329,0.000343024
-4.56E-06,3.514576373,0.001059999
-4.52E-06,3.503414316,0.001059999
-4.48E-06,3.473117303,0.000741344
-4.44E-06,3.436441971,0.000900672
-4.40E-06,3.44042842,0.001059999
-4.36E-06,3.411725987,0.000104033
-4.32E-06,3.377442525,0.000900672
-4.28E-06,3.361496728,0.00026336
-4.24E-06,3.346348222,0.001219327
-4.20E-06,3.325618687,0.000502352
-4.16E-06,3.298510833,0.001059999
-4.12E-06,3.288146065,0.00066168
-4.08E-06,3.26741653,-0.000214623
-4.04E-06,3.221173721,0.000582016
-4.00E-06,3.214795402,0.000582016
-3.96E-06,3.190876708,0.000183697
-3.92E-06,3.173336332,0.000343024
-3.88E-06,3.159782405,-0.000214623
-3.84E-06,3.133471841,0.00066168
-3.80E-06,3.111147726,0.000741344
-3.76E-06,3.100782958,0.000343024
-3.72E-06,3.078458843,0.000422688
-3.68E-06,3.040986222,0.000104033
-3.64E-06,3.025837715,-0.000134959
-3.60E-06,3.017067527,0.000104033
-3.56E-06,2.988365094,-0.000373951
-3.52E-06,2.96045995,-0.000214623
-3.48E-06,2.951689763,0.000582016
-3.44E-06,2.922190039,-0.00077227
-3.40E-06,2.903055084,0.000980336
-3.36E-06,2.891095736,0.00026336
-3.32E-06,2.856812274,-0.000453615
-3.28E-06,2.821731522,0.00066168
-3.24E-06,2.817745073,0.000422688
-3.20E-06,2.805785726,0.000502352
-3.16E-06,2.778677872,0.000900672
-3.12E-06,2.764326656,0.001219327
-3.08E-06,2.7451917,0.00066168
-3.04E-06,2.718083846,0.001139663
-3.00E-06,2.697354311,0.001298991
-2.96E-06,2.675827486,0.00066168
-2.92E-06,2.65669253,-0.000612942
-2.88E-06,2.645530473,-0.000214623
-2.84E-06,2.605665982,0.000741344
-2.80E-06,2.596895794,0.000741344
-2.76E-06,2.57217981,0.000422688
-2.72E-06,2.559423173,-0.000533279
-2.68E-06,2.52753158,0.000900672
-2.64E-06,2.514774943,0.000422688
-2.60E-06,2.494045408,0.000183697
-2.56E-06,2.469329423,-0.000214623
-2.52E-06,2.447802598,-0.000294287
-2.48E-06,2.433451382,2.44E-05
-2.44E-06,2.39757334,0.000502352
-2.40E-06,2.388803152,-0.000373951
-2.36E-06,2.361695298,-0.000931598
-2.32E-06,2.332992865,-0.000851934
-2.28E-06,2.30827688,-0.000533279
-2.24E-06,2.302695852,-0.000931598
-2.20E-06,2.258844912,-0.000214623
-2.16E-06,2.255655753,0.00026336
-2.12E-06,2.238115377,0.000582016
-2.08E-06,2.206223784,-0.000134959
-2.04E-06,2.183102379,0.000422688
-2.00E-06,2.173534901,2.44E-05
-1.96E-06,2.146427048,-0.000214623
-1.92E-06,2.125697512,-0.000373951
-1.88E-06,2.113738165,0.000582016
-1.84E-06,2.086630311,-0.000294287
-1.80E-06,2.064306196,-0.000373951
-1.76E-06,2.028428155,0.000422688
-1.72E-06,2.022049836,0.00026336
-1.68E-06,1.995739272,-0.000453615
-1.64E-06,1.976604317,-0.001409582
-1.60E-06,1.956672071,0.000582016
-1.56E-06,1.931158797,-0.000373951
-1.52E-06,1.909631972,0.000582016
-1.48E-06,1.882524118,-0.000692606
-1.44E-06,1.867375612,-0.00117059
-1.40E-06,1.860200003,0.000104033
-1.36E-06,1.835484019,0.000183697
-1.32E-06,1.817943643,-0.000294287
-1.28E-06,1.7900385,0.00026336
-1.24E-06,1.776484573,0.00026336
-1.20E-06,1.740606531,0.000582016
-1.16E-06,1.740606531,0.000582016
-1.12E-06,1.714295967,2.44E-05
-1.08E-06,1.678417925,-0.000294287
-1.04E-06,1.65928297,0.000502352
-1.00E-06,1.642539883,-0.000134959
-9.60E-07,1.624202218,0.000900672
-9.20E-07,1.605864552,0.000980336
-8.80E-07,1.585932306,0.000183697
-8.40E-07,1.56839193,2.44E-05
-8.00E-07,1.544473236,0.000343024
-7.60E-07,1.518162672,0.000343024
-7.20E-07,1.493446688,-0.000134959
-6.80E-07,1.476703602,0.000821008
-6.40E-07,1.462352385,0.00066168
-6.00E-07,1.436041821,-0.000214623
-5.60E-07,1.419298735,0.000502352
-5.20E-07,1.406542098,-0.000294287
-4.80E-07,1.383420693,2.44E-05
-4.40E-07,1.356312839,0.00026336
-4.00E-07,1.348339941,0.000343024
-3.60E-07,1.321232087,-0.00077227
-3.20E-07,1.295718813,0.001219327
-2.80E-07,1.289340495,-0.00077227
-2.40E-07,1.253462453,-0.001011262
-2.00E-07,1.231138338,-0.000453615
-1.60E-07,1.213597962,-0.000692606
-1.20E-07,1.184895529,-0.000214623
-8.00E-08,1.1793145,0.000502352
-4.00E-08,1.154598516,2.44E-05
0,1.129085241,-0.001011262
4.00E-08,1.116328604,-0.00077227
8.00E-08,1.095599069,-0.000134959
1.20E-07,1.072477664,-0.000533279
1.60E-07,1.052545419,-0.000214623
2.00E-07,1.034207753,0.000343024
2.40E-07,1.023842986,-0.000453615
2.80E-07,0.995937842,0.000502352
3.20E-07,0.978397466,-0.000214623
3.60E-07,0.958465221,-0.000692606
4.00E-07,0.943316714,-0.001329918
4.40E-07,0.912222411,-0.000134959
4.80E-07,0.901060354,-0.000851934
5.20E-07,0.877938949,-0.000453615
5.60E-07,0.87315521,0.00066168
6.00E-07,0.848439226,0.000343024
6.40E-07,0.825317821,-0.000134959
6.80E-07,0.819736793,0.000183697
7.20E-07,0.810966605,-0.000214623
7.60E-07,0.78545333,-0.000294287
8.00E-07,0.768710244,-0.000851934
8.40E-07,0.761534636,0.000741344
8.80E-07,0.746386129,0.000422688
9.20E-07,0.725656594,0.000183697
9.60E-07,0.720872855,-0.000214623
1.00E-06,0.712899957,-0.000294287
1.04E-06,0.70094061,-0.000134959
1.08E-06,0.70253519,0.000183697
1.12E-06,0.689778552,0.00066168
1.16E-06,0.682602944,0.000343024
1.20E-06,0.673035466,0.000422688
1.24E-06,0.688981263,-0.000453615
1.28E-06,0.674630046,-0.000294287
1.32E-06,0.676224626,0.000343024
1.36E-06,0.692967712,-0.000533279
1.40E-06,0.697751451,2.44E-05
1.44E-06,0.7017379,-0.00077227
1.48E-06,0.726453884,-0.000612942
1.52E-06,0.726453884,-0.000533279
1.56E-06,0.74399426,-0.000373951
1.60E-06,0.766318375,-0.000373951
1.64E-06,0.767912954,-0.000214623
1.68E-06,0.790237069,-0.000931598
1.72E-06,0.799804547,-0.000692606
1.76E-06,0.815750343,0.000422688
1.80E-06,0.849236516,-0.000851934
1.84E-06,0.855614834,0.000104033
1.88E-06,0.877938949,0.000104033
1.92E-06,0.902654934,-0.000214623
1.96E-06,0.91700615,0.000502352
2.00E-06,0.940127555,-0.000214623
2.04E-06,0.96165438,0.000183697
2.08E-06,0.984775785,0.000821008
2.12E-06,0.986370364,-0.000294287
2.16E-06,1.019856537,0.000183697
2.20E-06,1.034207753,0.000980336
2.24E-06,1.063707476,0.000343024
2.28E-06,1.086031591,0.000422688
2.32E-06,1.102774678,2.44E-05
2.36E-06,1.118720474,-0.000931598
2.40E-06,1.140247299,-0.000294287
2.44E-06,1.159382255,0.000343024
2.48E-06,1.182503659,0.000422688
2.52E-06,1.204030484,0.00066168
2.56E-06,1.22316544,-0.000214623
2.60E-06,1.255057033,-0.000453615
2.64E-06,1.268610959,0.00026336
2.68E-06,1.302097132,0.000502352
2.72E-06,1.318840218,0.00026336
2.76E-06,1.331596855,-0.000612942
2.80E-06,1.359501999,0.000980336
2.84E-06,1.39538004,2.44E-05
2.88E-06,1.404150228,0.000183697
2.92E-06,1.430460792,0.000422688
2.96E-06,1.442420139,-0.000294287
3.00E-06,1.469527993,-0.000134959
3.04E-06,1.496635847,-0.000373951
3.08E-06,1.52773015,-0.000931598
3.12E-06,1.542878656,-0.000453615
3.16E-06,1.566797351,0.000502352
3.20E-06,1.589918756,0.00026336
3.24E-06,1.605067262,-0.000214623
3.28E-06,1.621013058,0.000582016
3.32E-06,1.660080259,2.44E-05
3.36E-06,1.674431476,0.000900672
3.40E-06,1.69994475,0.000502352
3.44E-06,1.731836343,-0.000692606
3.48E-06,1.740606531,0.000343024
3.52E-06,1.761336066,0.000502352
3.56E-06,1.800403267,0.000980336
3.60E-06,1.805984296,0.000343024
3.64E-06,1.829105701,0.001298991
3.68E-06,1.852227105,-0.001011262
3.72E-06,1.879334959,-0.000453615
3.76E-06,1.893686176,0.000104033
3.80E-06,1.91680758,0.000104033
3.84E-06,1.945510014,-0.000612942
3.88E-06,1.966239549,0.000502352
3.92E-06,1.989360954,0.00066168
3.96E-06,2.00690133,0.000343024
4.00E-06,2.028428155,0.000183697
4.04E-06,2.04995498,-0.000612942
4.08E-06,2.065900776,0.000104033
4.12E-06,2.085035732,-0.000612942
4.16E-06,2.107359847,-0.000373951
4.20E-06,2.131278541,0.000422688
4.24E-06,2.141643309,0.000422688
4.28E-06,2.168751162,0.000502352
4.32E-06,2.191075277,0.000582016
4.36E-06,2.218980421,0.00026336
4.40E-06,2.234128927,-0.00077227
4.44E-06,2.256453042,0.000183697
4.48E-06,2.277182578,0.000422688
4.52E-06,2.303493142,0.00066168
4.56E-06,2.317844358,0.001139663
4.60E-06,2.330600995,0.000821008
4.64E-06,2.364087168,-0.000294287
4.68E-06,2.380830254,0.000582016
4.72E-06,2.399965209,0.000104033
4.76E-06,2.420694745,-0.000294287
4.80E-06,2.449397178,0.000741344
4.84E-06,2.462153815,-0.000373951
4.88E-06,2.478896901,-0.000214623
4.92E-06,2.508396624,-0.000453615
4.96E-06,2.532315319,2.44E-05
5.00E-06,2.537099058,-0.000931598
5.04E-06,2.567396071,-0.00077227
5.08E-06,2.584936447,-0.000294287
5.12E-06,2.620017199,0.000980336
5.16E-06,2.638354865,-0.000294287
5.20E-06,2.6590844,0.000582016
5.24E-06,2.677422066,-0.000373951
5.28E-06,2.695759731,0.000502352
5.32E-06,2.716489267,0.000343024
5.36E-06,2.738813381,0.00026336
5.40E-06,2.748380859,-0.001011262
5.44E-06,2.773894133,-0.000851934
5.48E-06,2.791434509,-0.001250254
5.52E-06,2.798610118,-0.000851934
5.56E-06,2.845650217,0.000183697
5.60E-06,2.87355536,-0.000294287
5.64E-06,2.883122838,-0.000373951
5.68E-06,2.894284896,0.000422688
5.72E-06,2.923784619,0.00026336
5.76E-06,2.944514154,0.000900672
5.80E-06,2.968432849,0.000741344
5.84E-06,2.996337992,0.000422688
5.88E-06,3.00510818,-0.001250254
5.92E-06,3.033013324,0.000104033
5.96E-06,3.046567251,0.000821008
6.00E-06,3.070485945,-0.000214623
6.04E-06,3.099188379,0.000502352
6.08E-06,3.106363987,0.00066168
6.12E-06,3.133471841,2.44E-05
6.16E-06,3.151809507,0.001537983
6.20E-06,3.174930911,0.00066168
6.24E-06,3.194065867,0.001139663
6.28E-06,3.220376431,0.002334622
6.32E-06,3.235524937,0.000582016
6.36E-06,3.257051762,0.000422688
6.40E-06,3.280173167,0.001059999
6.44E-06,3.304091861,0.000582016
6.48E-06,3.316848499,-0.000214623
6.52E-06,3.339969903,0.001059999
6.56E-06,3.362294018,0.001697311
6.60E-06,3.391793741,2.44E-05
6.64E-06,3.404550378,0.000343024
6.68E-06,3.425279914,0.000980336
6.72E-06,3.44122571,-0.000294287
6.76E-06,3.460360666,0.000422688
6.80E-06,3.491454968,0.001139663
6.84E-06,3.501819736,0.001458319
6.88E-06,3.531319459,0.000900672
6.92E-06,3.536103198,0.000900672
6.96E-06,3.564805632,0.000741344
7.00E-06,3.591913485,0.001378655
7.04E-06,3.61344031,0.001219327
7.08E-06,3.618224049,0.000582016
7.12E-06,3.644534613,0.000821008
7.16E-06,3.672439757,0.001617647
7.20E-06,3.686790974,0.000741344
7.24E-06,3.712304248,0.000741344
7.28E-06,3.722669015,0.001219327
7.32E-06,3.751371449,2.44E-05
7.36E-06,3.771303694,0.000980336
7.40E-06,3.79043865,0.000821008
7.44E-06,3.818343793,0.000183697
7.48E-06,3.835884169,0.001298991
7.52E-06,3.858208284,0.001298991
7.56E-06,3.87814053,-0.000214623
7.60E-06,3.890897167,0.000422688
7.64E-06,3.912423992,0.000422688
7.68E-06,3.933950817,0.000821008
7.72E-06,3.951491193,0.000741344
7.76E-06,3.977801757,0.00066168
7.80E-06,3.993747553,0.001458319
7.84E-06,4.013679798,0.00066168
7.88E-06,4.036801203,-0.000214623
7.92E-06,4.052746999,-0.000453615
7.96E-06,4.065503636,0.000422688
8.00E-06,4.09580065,0.000343024
8.04E-06,4.121313924,0.000104033
8.08E-06,4.134070561,0.000422688
8.12E-06,4.158786545,0.000821008
8.16E-06,4.175529631,0.00209563
8.20E-06,4.191475428,-0.000134959
8.24E-06,4.214596832,0.00066168
8.28E-06,4.232137208,0.000741344
8.32E-06,4.253664033,0.001219327
8.36E-06,4.282366467,0.001617647
8.40E-06,4.296717683,0.000582016
8.44E-06,4.31186619,0.000980336
8.48E-06,4.334987595,0.00066168
8.52E-06,4.350136101,0.001298991
8.56E-06,4.374054796,0.001617647
8.60E-06,4.380433114,0.002175294
8.64E-06,4.405946388,0.002015966
8.68E-06,4.422689474,0.001059999
8.72E-06,4.451391908,0.00209563
8.76E-06,4.466540414,0.000582016
8.80E-06,4.477702472,0.000422688
8.84E-06,4.490459109,0.00066168
8.88E-06,4.52793173,0.001378655
8.92E-06,4.551053135,0.000980336
8.96E-06,4.57018809,0.000502352
9.00E-06,4.579755568,0.000104033
9.04E-06,4.597295944,0.001059999
9.08E-06,4.632376696,0.000582016
9.12E-06,4.643538754,0.000422688
9.16E-06,4.663470999,0.000821008
9.20E-06,4.680214085,0.002175294
9.24E-06,4.710511098,0.000821008
9.28E-06,4.720875866,0.001776975
9.32E-06,4.740010821,0.000980336
9.36E-06,4.752767458,0.000582016
9.40E-06,4.779875312,-0.000134959
9.44E-06,4.794226529,0.001059999
9.48E-06,4.818145223,0.000821008
9.52E-06,4.839672049,0.00066168
9.56E-06,4.839672049,0.001059999
9.60E-06,4.861198874,0.001059999
9.64E-06,4.893090466,0.000821008
9.68E-06,4.913820001,0.000741344
9.72E-06,4.935346827,0.001617647
9.76E-06,4.96165739,0.00066168
9.80E-06,4.970427578,0.000741344
9.84E-06,4.982386926,0.001458319
9.88E-06,5.012683939,0.001537983
9.92E-06,5.019062257,0.000343024
9.96E-06,5.040589082,0.00026336
1.00E-05,5.056534879,0.001936302
1.00E-05,5.088426471,0.00066168
1.01E-05,5.081250863,0.000183697
1.01E-05,5.117926195,0.000821008
1.02E-05,5.125101803,0.001139663
1.02E-05,5.149020497,0.000343024
1.02E-05,5.172939192,0.00066168
1.03E-05,5.189682278,0.001059999
1.03E-05,5.187290409,0.000900672
1.04E-05,5.220776581,0.001378655
1.04E-05,5.238316957,0.001298991
1.04E-05,5.248681724,0.000900672
1.05E-05,5.271803129,0.001856639
1.05E-05,5.274992288,0.001298991
1.06E-05,5.298910983,0.000343024
1.06E-05,5.317248649,0.001219327
1.06E-05,5.330005286,0.001139663
1.07E-05,5.344356503,0.001219327
1.07E-05,5.35551856,0.001697311
1.08E-05,5.380234544,0.001378655
1.08E-05,5.386612863,0.000741344
1.08E-05,5.39697763,0.001458319
1.09E-05,5.413720717,0.00026336
1.09E-05,5.409734267,0.001139663
1.10E-05,5.419301745,0.001059999
1.10E-05,5.44242315,0.000980336
1.10E-05,5.431261093,0.000582016
1.11E-05,5.457571656,0.001139663
1.11E-05,5.459963526,0.000741344
1.12E-05,5.460760816,0.000502352
1.12E-05,5.462355395,-0.000134959
1.12E-05,5.465544555,0.00066168
1.13E-05,5.467139134,0.000821008
1.13E-05,5.469531004,0.001697311
1.14E-05,5.477503902,0.000980336
1.14E-05,5.474314743,0.00026336
1.14E-05,5.479895771,0.000980336
1.15E-05,5.477503902,0.000900672
1.15E-05,5.4854768,0.00066168
1.16E-05,5.48627409,0.001458319
1.16E-05,5.493449698,0.000582016
1.16E-05,5.499828017,0.001298991
1.17E-05,5.494246988,0.000343024
1.17E-05,5.483084931,0.001936302
1.18E-05,5.494246988,0.000502352
1.18E-05,5.4854768,0.000741344
1.18E-05,5.503017176,0.000980336
1.19E-05,5.495044278,0.001298991
1.19E-05,5.479895771,0.000900672
1.20E-05,5.491057829,0.001139663
1.20E-05,5.48467951,0.001537983
1.20E-05,5.495044278,0.001856639
1.21E-05,5.475909322,0.000980336
1.21E-05,5.489463249,0.001059999
1.22E-05,5.481490351,0.000422688
1.22E-05,5.477503902,0.00066168
1.22E-05,5.4854768,0.000582016
1.23E-05,5.474314743,0.000821008
1.23E-05,5.476706612,0.000422688
1.24E-05,5.491855119,0.000980336
1.24E-05,5.471125583,0.000343024
1.24E-05,5.479098482,0.000821008
1.25E-05,5.474314743,0.000980336
1.25E-05,5.468733714,0.001139663
1.26E-05,5.460760816,0.000343024
1.26E-05,5.459963526,0.000741344
1.26E-05,5.462355395,0.001378655
1.27E-05,5.456774367,0.001219327
1.27E-05,5.453585207,0.000582016
1.28E-05,5.440031281,0.000741344
1.28E-05,5.432855672,0.000900672
1.28E-05,5.415315296,0.000900672
1.29E-05,5.408936978,0.001219327
1.29E-05,5.404153239,0.000502352
1.30E-05,5.371464356,0.00026336
1.30E-05,5.360302299,0.001139663
1.30E-05,5.339572764,0.001856639
1.31E-05,5.322829677,0.001219327
1.31E-05,5.31087033,0.000343024
1.32E-05,5.26941126,0.001139663
1.32E-05,5.251073594,0.001298991
1.32E-05,5.243897986,0.001139663
1.33E-05,5.220776581,0.001219327
1.33E-05,5.187290409,0.002175294
1.34E-05,5.174533772,0.001139663
1.34E-05,5.145831338,0.001856639
1.34E-05,5.123507223,0.00066168
1.35E-05,5.113939745,0.001139663
1.35E-05,5.079656283,0.001298991
1.36E-05,5.059724038,0.001697311
1.36E-05,5.055737589,0.002414286
1.36E-05,5.011886649,0.001776975
1.37E-05,4.999927302,0.002175294
1.37E-05,4.986373375,0.001617647
1.38E-05,4.968832999,0.001219327
1.38E-05,4.948900753,0.00026336
1.38E-05,4.917009161,0.001617647
1.39E-05,4.893090466,0.001378655
1.39E-05,4.87555009,0.001617647
1.40E-05,4.871563641,0.001378655
1.40E-05,4.83409102,0.001936302
1.40E-05,4.809375035,0.000900672
1.41E-05,4.800604847,0.001139663
1.41E-05,4.767118675,0.000582016
1.42E-05,4.74798372,0.00209563
1.42E-05,4.728848764,0.001378655
1.42E-05,4.717686707,0.000741344
1.43E-05,4.693768012,0.000900672
1.43E-05,4.673835767,0.001378655
1.44E-05,4.654700811,0.000582016
1.44E-05,4.618025479,0.000741344
1.44E-05,4.61403903,0.001936302
1.45E-05,4.599687814,0.000582016
1.45E-05,4.566998931,0.001139663
1.46E-05,4.551850425,0.00066168
1.46E-05,4.540688367,0.001458319
1.46E-05,4.512783224,-0.000214623
1.47E-05,4.478499762,0.001298991
1.47E-05,4.468932284,0.000582016
1.48E-05,4.447405459,0.000183697
1.48E-05,4.421094895,0.001219327
1.48E-05,4.417108446,0.000821008
1.49E-05,4.387608722,0.001139663
1.49E-05,4.362095448,0.001139663
1.50E-05,4.346149652,0.00066168
1.50E-05,4.323028247,0.000502352
1.50E-05,4.302298712,0.000741344
1.51E-05,4.283163756,0.000104033
1.51E-05,4.26721796,0.000980336
1.52E-05,4.244893845,0.001059999
1.52E-05,4.229745339,0.001139663
1.52E-05,4.207421224,0.000582016
1.53E-05,4.186691689,0.000502352
1.53E-05,4.159583835,0.000900672
1.54E-05,4.13725972,0.000422688
1.54E-05,4.126097663,-0.000373951
1.54E-05,4.098192519,0.000900672
1.55E-05,4.083841302,0.000821008
1.55E-05,4.059922608,0.000582016
1.56E-05,4.047963261,0.000422688
1.56E-05,4.015274378,0.000343024
1.56E-05,3.996139422,-0.000373951
1.57E-05,3.995342133,0.000104033
1.57E-05,3.953883062,-0.000373951
1.58E-05,3.931558947,2.44E-05
1.58E-05,3.925180629,0.000821008
1.58E-05,3.909234832,0.000741344
1.59E-05,3.887708007,0.000422688
1.59E-05,3.867775762,0.000980336
1.60E-05,3.83269501,-0.000453615
1.60E-05,3.806384446,0.00026336
1.60E-05,3.800006128,0.000502352
1.61E-05,3.772898274,0.000343024
1.61E-05,3.74658771,0.000741344
1.62E-05,3.726655464,0.001139663
1.62E-05,3.713898827,-0.000214623
1.62E-05,3.694763872,0.00066168
1.63E-05,3.674034336,2.44E-05
1.63E-05,3.651710222,-0.000851934
1.64E-05,3.630980686,0.000422688
1.64E-05,3.61344031,0.00026336
1.64E-05,3.591913485,0.000422688
1.65E-05,3.56958937,-0.00077227
1.65E-05,3.542481517,0.000502352
1.66E-05,3.52892759,-0.000134959
1.66E-05,3.504211605,0.000502352
1.66E-05,3.488265809,-0.000294287
1.67E-05,3.473914592,-0.000134959
1.67E-05,3.449198608,0.000821008
1.68E-05,3.421293465,0.000821008
1.68E-05,3.409334117,0.000104033
1.68E-05,3.387010002,0.000183697
1.69E-05,3.365483177,0.000980336
1.69E-05,3.339969903,0.000821008
1.70E-05,3.319240368,0.000183697
1.70E-05,3.300902702,0.001219327
1.70E-05,3.276984008,0.001298991
1.71E-05,3.263430081,0.000343024
1.71E-05,3.238714097,0.00066168
1.72E-05,3.218781851,0.00026336
1.72E-05,3.195660446,0.000104033
1.72E-05,3.174133621,-0.000294287
1.73E-05,3.152606796,0.00026336
1.73E-05,3.143039319,-0.000453615
1.74E-05,3.113539595,-0.001090926
1.74E-05,3.09440464,-0.000533279
1.74E-05,3.065702206,-0.001250254
1.75E-05,3.044972671,0.000502352
1.75E-05,3.031418744,0.000980336
1.76E-05,3.009094629,0.000422688
1.76E-05,2.993148833,0.000104033
1.76E-05,2.974013877,-0.000214623
1.77E-05,2.96045995,0.000183697
1.77E-05,2.926973778,0.000422688
1.78E-05,2.906244243,-0.000373951
1.78E-05,2.87594723,-0.00077227
1.78E-05,2.863190593,0.000422688
1.79E-05,2.851231246,-0.00077227
1.79E-05,2.816947783,0.001378655
1.80E-05,2.803393857,-0.00077227
1.80E-05,2.777880582,-0.000453615
1.80E-05,2.761137496,0.00066168
1.81E-05,2.740407961,-0.000851934
1.81E-05,2.719678426,0.000422688
1.82E-05,2.705327209,0.00026336
1.82E-05,2.676624776,0.000104033
1.82E-05,2.643935893,0.000183697
1.83E-05,2.633571126,0.000502352
1.83E-05,2.609652431,-0.000214623
1.84E-05,2.591314765,0.00026336
1.84E-05,2.576166259,0.00026336
1.84E-05,2.545071956,-0.001011262
1.85E-05,2.52912616,-0.000612942
1.85E-05,2.504410175,0.000422688
1.86E-05,2.486869799,0.000502352
1.86E-05,2.462153815,-0.001250254
1.86E-05,2.4398297,0.000582016
1.87E-05,2.431059512,0.000104033
1.87E-05,2.403154369,-0.000214623
1.88E-05,2.380032964,0.00026336
1.88E-05,2.374451935,0.00026336
1.88E-05,2.328209126,0.00026336
1.89E-05,2.315452489,0.000104033
1.89E-05,2.287547345,-0.000612942
1.90E-05,2.274790708,-0.000533279
1.90E-05,2.248480144,-0.000134959
1.90E-05,2.238115377,0.001059999
1.91E-05,2.207021074,-0.000533279
1.91E-05,2.17911593,0.000741344
1.92E-05,2.17831864,0.000422688
1.92E-05,2.142440599,0.000582016
1.92E-05,2.117724614,0.000343024
1.93E-05,2.104967977,0.000741344
1.93E-05,2.089819471,-0.000214623
1.94E-05,2.065900776,0.000183697
1.94E-05,2.05075227,-0.000214623
1.94E-05,2.014874228,0.00066168
1.95E-05,1.988563664,0.000104033
1.95E-05,1.984577215,0.000900672
1.96E-05,1.959063941,0.000343024
1.96E-05,1.945510014,0.000741344
1.96E-05,1.915213001,0.000980336
1.97E-05,1.884118698,0.000821008
1.97E-05,1.871362061,0.00066168
1.98E-05,1.858605424,0.00026336
1.98E-05,1.837875889,-0.000214623
1.98E-05,1.804389716,0.00026336
1.99E-05,1.794024949,0.000582016
1.99E-05,1.783660181,0.000741344
2.00E-05,1.750174009,0.000422688
2.00E-05,1.728647184,-0.000373951
2.00E-05,1.703931199,0.000900672
2.01E-05,1.683998954,0.001378655
2.01E-05,1.672039607,2.44E-05
2.02E-05,1.640148014,0.000183697
2.02E-05,1.624202218,-0.000214623
2.02E-05,1.600283523,-0.000214623
2.03E-05,1.589918756,0.000741344
2.03E-05,1.562810902,-0.000134959
2.04E-05,1.536500338,-0.000533279
2.04E-05,1.516568092,0.001219327
2.04E-05,1.490257528,0.00066168
2.05E-05,1.48148734,-0.000294287
2.05E-05,1.463946964,-0.000612942
2.06E-05,1.437636401,0.000980336
2.06E-05,1.420096025,0.000980336
2.06E-05,1.39617733,0.001378655
2.07E-05,1.371461346,0.000422688
2.07E-05,1.343556202,0.000502352
2.08E-05,1.326813116,-0.000294287
2.08E-05,1.31007003,0.00026336
2.08E-05,1.288543205,0.000900672
2.09E-05,1.271800119,0.000104033
2.09E-05,1.250273294,0.000343024
2.10E-05,1.230341048,-0.000214623
2.10E-05,1.208814223,0.000343024
2.10E-05,1.184895529,-0.000134959
2.11E-05,1.161774124,-0.000373951
2.11E-05,1.139450009,-0.000373951
2.12E-05,1.125098792,-0.000851934
2.12E-05,1.099585518,-0.000851934
2.12E-05,1.09081533,0.00026336
2.13E-05,1.073274954,-0.000294287
2.13E-05,1.052545419,-0.000373951
2.14E-05,1.039788782,-0.000294287
2.14E-05,1.016667377,-0.000214623
2.14E-05,0.986370364,0.000502352
2.15E-05,0.977600176,0.001219327
2.15E-05,0.96324896,0.000422688
2.16E-05,0.924979048,-0.000134959
2.16E-05,0.913816991,0.00026336
2.16E-05,0.893884746,2.44E-05
2.17E-05,0.893087456,0.00066168
2.17E-05,0.87474979,0.000821008
2.18E-05,0.858803994,0.000422688
2.18E-05,0.83169614,-0.000931598
2.18E-05,0.812561184,0.000104033
2.19E-05,0.794223518,0.000741344
2.19E-05,0.7878452,-0.00077227
2.20E-05,0.768710244,0.00066168
2.20E-05,0.757548187,-0.000214623
2.20E-05,0.74399426,-0.000294287
2.21E-05,0.725656594,0.000741344
2.21E-05,0.724859304,0.000104033
2.22E-05,0.707318928,-0.000134959
2.22E-05,0.696156871,0.000343024
2.22E-05,0.685792103,-0.000214623
2.23E-05,0.684994814,-0.000453615
2.23E-05,0.671440887,0.000104033
2.24E-05,0.692170422,0.000741344
2.24E-05,0.676224626,0.000821008
2.24E-05,0.684197524,-0.000373951
2.25E-05,0.692967712,0.000502352
2.25E-05,0.691373132,-0.00077227
2.26E-05,0.696156871,-0.000533279
2.26E-05,0.714494537,2.44E-05
2.26E-05,0.721670145,-0.000533279
2.27E-05,0.735224072,0.00026336
2.27E-05,0.752764448,-0.000214623
2.28E-05,0.759142767,-0.000214623
2.28E-05,0.778277722,-0.000373951
2.28E-05,0.797412678,0.000343024
2.29E-05,0.822128662,0.000183697
2.29E-05,0.835682589,0.000741344
2.30E-05,0.850033806,0.000821008
2.30E-05,0.869168761,0.00066168
2.30E-05,0.878736239,-0.000612942
2.31E-05,0.91780344,0.000183697
2.31E-05,0.937735685,-0.000214623
2.32E-05,0.950492323,0.000183697
2.32E-05,0.965640829,0.000900672
2.32E-05,0.983181205,0.001298991
2.33E-05,0.990356813,-0.000294287
2.33E-05,1.035802333,0.001059999
2.34E-05,1.053342709,0.001537983
2.34E-05,1.074869534,-0.000851934
2.34E-05,1.078855983,-0.000453615
2.35E-05,1.106761127,0.000104033
2.35E-05,1.13705814,-0.000134959
2.36E-05,1.161774124,-0.000373951
2.36E-05,1.17692263,0.000502352
2.36E-05,1.203233194,-0.000294287
2.37E-05,1.213597962,0.000422688
2.37E-05,1.247881424,-0.000692606
2.38E-05,1.257448902,-0.001568909
2.38E-05,1.279773017,-0.000533279
2.38E-05,1.31007003,-0.000214623
2.39E-05,1.335583304,-0.000453615
2.39E-05,1.335583304,-0.000214623
2.40E-05,1.371461346,-0.000214623
2.40E-05,1.392988171,0.000502352
2.40E-05,1.411325837,2.44E-05
2.41E-05,1.431258082,0.000343024
2.41E-05,1.455176777,-0.00077227
2.42E-05,1.475906312,-0.000294287
2.42E-05,1.503014166,0.000183697
2.42E-05,1.529324729,0.000104033
2.43E-05,1.542878656,-0.000692606
2.43E-05,1.578756698,0.000343024
2.44E-05,1.589918756,0.00026336
2.44E-05,1.61463474,0.00026336
2.44E-05,1.644134463,0.000900672
2.45E-05,1.668053158,-0.000294287
2.45E-05,1.676026056,2.44E-05
2.46E-05,1.706323069,0.000343024
2.46E-05,1.727849894,0.000980336
2.46E-05,1.746984849,0.00026336
2.47E-05,1.768511674,0.000422688
2.47E-05,1.78764663,0.000104033
2.48E-05,1.806781586,-0.000214623
2.48E-05,1.838673178,0.000183697
2.48E-05,1.852227105,0.000741344
2.49E-05,1.880929539,0.000502352
2.49E-05,1.896078045,-0.000373951
2.50E-05,1.920794029,-0.000612942
2.50E-05,1.942320855,0.001219327
2.50E-05,1.958266651,0.000422688
2.51E-05,1.982185345,2.44E-05
2.51E-05,2.00371217,0.000980336
2.52E-05,2.019657967,-0.000214623
2.52E-05,2.053941429,0.000104033
2.52E-05,2.080251993,0.000741344
2.53E-05,2.09300863,-0.000134959
2.53E-05,2.120116484,-0.000692606
2.54E-05,2.130481251,-0.000373951
2.54E-05,2.148021627,-0.000453615
2.54E-05,2.183899669,0.00066168
2.55E-05,2.203034625,0.00026336
2.55E-05,2.213399392,-0.000294287
2.56E-05,2.239709956,0.000502352
2.56E-05,2.26841239,0.000582016
2.56E-05,2.284358186,0.000900672
2.57E-05,2.305087721,0.00066168
2.57E-05,2.332992865,0.000741344
2.58E-05,2.356911559,0.000582016
2.58E-05,2.364087168,0.001219327
2.58E-05,2.39518147,0.001219327
2.59E-05,2.401559789,0.000502352
2.59E-05,2.427073063,0.00066168
2.60E-05,2.44062699,0.001378655
2.60E-05,2.462951105,0.000183697
2.60E-05,2.494045408,-0.000214623
2.61E-05,2.512383073,2.44E-05
2.61E-05,2.533112609,0.000343024
2.62E-05,2.547463825,0.00026336
2.62E-05,2.580949998,0.000582016
2.62E-05,2.592112055,0.000741344
2.63E-05,2.612044301,0.000502352
2.63E-05,2.637557575,0.00066168
2.64E-05,2.665462718,0.001059999
2.64E-05,2.677422066,0.001059999
2.64E-05,2.697354311,0.001458319
2.65E-05,2.727651324,0.00066168
2.65E-05,2.734029643,0.000980336
2.66E-05,2.763529366,0.000422688
2.66E-05,2.780272452,-0.000453615
2.66E-05,2.793029089,0.000582016
2.67E-05,2.828109841,0.001219327
2.67E-05,2.852825825,0.000741344
2.68E-05,2.854420405,-0.000294287
2.68E-05,2.883920128,-0.000294287
2.68E-05,2.906244243,2.44E-05
2.69E-05,2.936541256,-0.00077227
2.69E-05,2.942122285,0.000183697
2.70E-05,2.976405747,-0.000134959
2.70E-05,2.995540702,2.44E-05
2.70E-05,3.009891919,0.000900672
2.71E-05,3.039391642,0.000582016
2.71E-05,3.056932018,0.001219327
2.72E-05,3.071283235,2.44E-05
2.72E-05,3.102377538,0.000422688
2.72E-05,3.117526044,2.44E-05
2.73E-05,3.131877261,0.000502352
2.73E-05,3.155795956,0.000821008
2.74E-05,3.170944462,-0.000692606
2.74E-05,3.197255026,-0.000134959
2.74E-05,3.220376431,0.000343024
2.75E-05,3.241105966,0.000104033
2.75E-05,3.259443632,0.000582016
2.76E-05,3.288146065,0.001219327
2.76E-05,3.307281021,0.000343024
2.76E-05,3.323226817,0.000104033
2.77E-05,3.346348222,0.000343024
2.77E-05,3.357510279,0.001139663
2.78E-05,3.384618133,0.000183697
2.78E-05,3.402955799,0.001219327
2.78E-05,3.431658232,0.00066168
2.79E-05,3.437239261,0.001219327
2.79E-05,3.476306462,0.000582016
2.80E-05,3.496238707,0.001139663
2.80E-05,3.508198055,0.000582016
2.80E-05,3.5281303,0.000422688
2.81E-05,3.561616472,0.000582016
2.81E-05,3.582346008,0.000104033
2.82E-05,3.591913485,0.001139663
2.82E-05,3.607859282,0.00026336
2.82E-05,3.626994237,0.000422688
2.83E-05,3.65729125,0.001378655
2.83E-05,3.677223496,0.001458319
2.84E-05,3.699547611,2.44E-05
2.84E-05,3.713101537,0.000821008
2.84E-05,3.729047334,0.000821008
2.85E-05,3.756155188,-0.000134959
2.85E-05,3.774492853,0.000343024
2.86E-05,3.798411548,0.000422688
2.86E-05,3.826316691,0.000422688
2.86E-05,3.83428959,0.000980336
2.87E-05,3.864586603,0.002254958
2.87E-05,3.884518848,0.000741344
2.88E-05,3.898072775,0.00066168
2.88E-05,3.921991469,0.000741344
2.88E-05,3.945112874,0.001059999
2.89E-05,3.96265325,0.00066168
2.89E-05,3.974612597,0.001219327
2.90E-05,4.008896059,0.000582016
2.90E-05,4.024044566,0.000741344
2.90E-05,4.038395783,0.001059999
2.91E-05,4.056733448,0.000980336
2.91E-05,4.080652143,-0.000134959
2.92E-05,4.098989809,0.000343024
2.92E-05,4.127692242,0.00066168
2.92E-05,4.13646243,2.44E-05
2.93E-05,4.157989255,0.000343024
2.93E-05,4.188286268,0.000821008
2.94E-05,4.197056456,0.000183697
2.94E-05,4.216191412,0.00026336
2.94E-05,4.251272164,0.000821008
2.95E-05,4.263231511,0.001378655
2.95E-05,4.273596279,0.000582016
2.96E-05,4.304690581,0.001537983
2.96E-05,4.326217407,0.000343024
2.96E-05,4.341365913,0.001139663
2.97E-05,4.363690028,-0.000612942
2.97E-05,4.378041245,0.00026336
2.98E-05,4.386014143,0.000821008
2.98E-05,4.406743678,0.002573614
2.98E-05,4.44022985,0.000980336
2.99E-05,4.454581067,0.000741344
2.99E-05,4.480891631,0.001458319
3.00E-05,4.501621166,0.001298991
3.00E-05,4.511188644,0.000980336
3.00E-05,4.531120889,0.000980336
3.01E-05,4.552647714,-0.000453615
3.01E-05,4.559823323,-0.000453615
3.02E-05,4.590120336,-0.000134959
3.02E-05,4.622011929,0.00026336
3.02E-05,4.622011929,0.000343024
3.03E-05,4.647525203,0.000343024
3.03E-05,4.673835767,0.000821008
3.04E-05,4.681808665,0.000821008
3.04E-05,4.697754461,2.44E-05
3.04E-05,4.718483996,0.000582016
3.05E-05,4.742402691,0.001458319
3.05E-05,4.769510545,0.000900672
3.06E-05,4.779078022,0.000821008
3.06E-05,4.802996717,-0.000612942
3.06E-05,4.805388586,0.000502352
3.07E-05,4.837280179,0.001378655
3.07E-05,4.861198874,0.000582016
3.08E-05,4.873158221,0.001378655
3.08E-05,4.895482336,0.001458319
3.08E-05,4.901063364,0.00026336
3.09E-05,4.930563088,0.000582016
3.09E-05,4.953684492,0.001617647
3.10E-05,4.970427578,0.00026336
3.10E-05,4.986373375,0.000343024
3.10E-05,5.0079002,0.000741344
3.11E-05,5.025440576,0.000422688
3.11E-05,5.038197213,0.001059999
3.12E-05,5.068494226,0.000502352
3.12E-05,5.070088806,0.000980336
3.12E-05,5.099588529,0.002015966
3.13E-05,5.117926195,0.000422688
3.13E-05,5.134669281,0.001298991
3.14E-05,5.151412367,0.000183697
3.14E-05,5.17931751,0.000582016
3.14E-05,5.199249756,0.001378655
3.15E-05,5.210411813,0.001697311
3.15E-05,5.220776581,0.000502352
3.16E-05,5.243100696,0.00249395
3.16E-05,5.253465463,0.001219327
3.16E-05,5.279776027,0.001458319
3.17E-05,5.290140795,0.001936302
3.17E-05,5.306883881,0.001776975
3.18E-05,5.331599865,0.001139663
3.18E-05,5.336383604,0.001298991
3.18E-05,5.350734821,0.001537983
3.19E-05,5.373856226,0.001139663
3.19E-05,5.381031834,0.000582016
3.20E-05,5.392991181,0.001219327
3.20E-05,5.393788471,0.001537983
3.20E-05,5.405747818,0.000741344
3.21E-05,5.409734267,0.000821008
3.21E-05,5.427274643,0.001458319
3.22E-05,5.432855672,-0.000612942
3.22E-05,5.440031281,0.000900672
3.22E-05,5.448801468,-0.000214623
3.23E-05,5.450396048,0.000343024
3.23E-05,5.454382497,0.000104033
3.24E-05,5.459166236,0.001458319
3.24E-05,5.468733714,0.000980336
3.24E-05,5.464747265,0.000502352
3.25E-05,5.470328294,0.001139663
3.25E-05,5.471125583,0.001458319
3.26E-05,5.478301192,0.000980336
3.26E-05,5.468733714,0.000741344
3.26E-05,5.48627409,0.001219327
3.27E-05,5.48388222,0.000980336
3.27E-05,5.497436147,0.001139663
3.28E-05,5.48786867,0.000343024
3.28E-05,5.4854768,0.00066168
3.28E-05,5.48467951,0.000343024
3.29E-05,5.489463249,0.000900672
3.29E-05,5.489463249,0.000183697
3.30E-05,5.48627409,0.001059999
3.30E-05,5.495841568,0.001298991
3.30E-05,5.495044278,0.001697311
3.31E-05,5.489463249,0.000821008
3.31E-05,5.482287641,0.000502352
3.32E-05,5.497436147,0.001219327
3.32E-05,5.488665959,0.001617647
3.32E-05,5.48627409,0.001458319
3.33E-05,5.48467951,0.000900672
3.33E-05,5.48786867,0.00066168
3.34E-05,5.48786867,0.001139663
3.34E-05,5.489463249,0.001378655
3.34E-05,5.48467951,0.001298991
3.35E-05,5.490260539,0.000183697
3.35E-05,5.491057829,0.000980336
3.36E-05,5.482287641,0.00066168
3.36E-05,5.467139134,0.000980336
3.36E-05,5.468733714,2.44E-05
3.37E-05,5.471125583,0.001139663
3.37E-05,5.465544555,0.000502352
3.38E-05,5.457571656,0.000980336
3.38E-05,5.459963526,-0.000294287
3.38E-05,5.444815019,0.001378655
3.39E-05,5.447206889,0.000980336
3.39E-05,5.44322044,0.001059999
3.40E-05,5.426477354,0.001378655
3.40E-05,5.424882774,0.000741344
3.40E-05,5.410531557,0.000582016
3.41E-05,5.396180341,0.000582016
3.41E-05,5.370667066,0.000343024
3.42E-05,5.365086038,0.000582016
3.42E-05,5.337180894,0.001298991
3.42E-05,5.31246491,0.001059999
3.43E-05,5.293329954,0.001617647
3.43E-05,5.277384158,0.001059999
3.44E-05,5.237519667,0.001139663
3.44E-05,5.232735928,0.001219327
3.44E-05,5.215992842,0.000900672
3.45E-05,5.188087698,0.001219327
3.45E-05,5.171344612,0.001059999
3.46E-05,5.146628628,0.000821008
3.46E-05,5.121115354,0.001537983
3.46E-05,5.09480479,0.00026336
3.47E-05,5.081250863,0.000422688
3.47E-05,5.05095385,0.000502352
3.48E-05,5.042980952,0.00066168
3.48E-05,5.023845996,0.000104033
3.48E-05,4.994346273,-0.000612942
3.49E-05,4.975211317,0.000343024
3.49E-05,4.952089913,0.00066168
3.50E-05,4.926576639,0.000821008
3.50E-05,4.917806451,0.00066168
3.50E-05,4.902657944,0.001139663
3.51E-05,4.868374482,0.001139663
3.51E-05,4.846847657,0.000741344
3.52E-05,4.840469338,0.001059999
3.52E-05,4.811766905,0.001697311
3.52E-05,4.78944279,0.001378655
3.53E-05,4.781469892,0.001776975
3.53E-05,4.74718643,0.000502352
3.54E-05,4.728051474,0.000741344
3.54E-05,4.711308388,0.00066168
3.54E-05,4.683403244,0.00026336
3.55E-05,4.661876419,0.00066168
3.55E-05,4.639552305,0.001617647
3.56E-05,4.627592957,0.000582016
3.56E-05,4.603674263,0.00066168
3.56E-05,4.592512205,0.000900672
3.57E-05,4.575769119,0.00066168
3.57E-05,4.545472106,0.001537983
3.58E-05,4.532715469,0.001219327
3.58E-05,4.510391354,0.001059999
3.58E-05,4.488864529,0.001139663
3.59E-05,4.472918733,0.000900672
3.59E-05,4.451391908,0.001537983
3.60E-05,4.425878634,0.001139663
3.60E-05,4.411527417,0.000900672
3.60E-05,4.386014143,0.000582016
3.61E-05,4.35491984,0.00026336
3.61E-05,4.341365913,0.00066168
3.62E-05,4.318244508,0.000980336
3.62E-05,4.299109553,2.44E-05
3.62E-05,4.280771887,0.001139663
3.63E-05,4.26960983,0.001458319
3.63E-05,4.253664033,0.001458319
3.64E-05,4.227353469,0.000900672
3.64E-05,4.201042905,0.000104033
3.64E-05,4.189880848,0.001219327
3.65E-05,4.172340472,0.000502352
3.65E-05,4.154002806,0.001219327
3.66E-05,4.126894952,0.000183697
3.66E-05,4.114935605,0.000741344
3.66E-05,4.086233172,0.000422688
3.67E-05,4.063111767,0.001378655
3.67E-05,4.039990362,0.001139663
3.68E-05,4.017666247,0.001219327
3.68E-05,3.992950263,0.001458319
3.68E-05,3.984977365,0.000900672
3.69E-05,3.957072221,0.001697311
3.69E-05,3.940329135,0.000900672
3.70E-05,3.91800502,0.001537983
3.70E-05,3.902856514,0.001856639
3.70E-05,3.878937819,0.000980336
3.71E-05,3.854221835,0.001059999
3.71E-05,3.837478749,0.001936302
3.72E-05,3.815951924,0.000502352
3.72E-05,3.78804678,0.001298991
3.72E-05,3.767317245,0.000741344
3.73E-05,3.754560608,0.000422688
3.73E-05,3.727452754,0.001219327
3.74E-05,3.715493407,0.001617647
3.74E-05,3.696358451,-0.000533279
3.74E-05,3.674034336,0.00066168
3.75E-05,3.651710222,0.001378655
3.75E-05,3.627791527,0.001298991
3.76E-05,3.606264702,2.44E-05
3.76E-05,3.592710775,0.00026336
3.76E-05,3.57038666,0.000104033
3.77E-05,3.542481517,0.000741344
3.77E-05,3.525738431,0.000422688
3.78E-05,3.500225156,0.000183697
3.78E-05,3.473914592,0.000980336
3.78E-05,3.462752535,0.00026336
3.79E-05,3.444414869,0.000582016
3.79E-05,3.406942248,0.000582016
3.80E-05,3.39657748,0.000422688
3.80E-05,3.385415423,0.001537983
3.80E-05,3.346348222,-0.000214623
3.81E-05,3.333591585,0.000422688
3.81E-05,3.321632237,0.001298991
3.82E-05,3.296118963,0.000502352
3.82E-05,3.279375877,0.001219327
3.82E-05,3.244295125,0.000821008
3.83E-05,3.231538488,0.000422688
3.83E-05,3.199646896,0.000980336
3.84E-05,3.193268577,0.001219327
3.84E-05,3.158187825,0.000183697
3.84E-05,3.146228478,0.000183697
3.85E-05,3.126296232,2.44E-05
3.85E-05,3.111147726,-0.000612942
3.86E-05,3.084039872,-0.00077227
3.86E-05,3.063310337,0.00026336
3.86E-05,3.052945569,-0.000692606
3.87E-05,3.018662107,-0.000294287
3.87E-05,3.013081078,-0.000214623
3.88E-05,2.982784065,-0.000533279
3.88E-05,2.9644464,2.44E-05
3.88E-05,2.942122285,2.44E-05
3.89E-05,2.928568358,-0.000612942
3.89E-05,2.906244243,-0.000533279
3.90E-05,2.885514708,0.000582016
3.90E-05,2.872758071,0.000900672
3.90E-05,2.851231246,0.000900672
3.91E-05,2.812164045,0.000582016
3.91E-05,2.808974885,-0.000851934
3.92E-05,2.772299554,0.000422688
3.92E-05,2.74598899,0.000104033
3.92E-05,2.731637773,0.000582016
3.93E-05,2.708516368,-0.000373951
3.93E-05,2.688584123,2.44E-05
3.94E-05,2.663868139,0.000741344
3.94E-05,2.643935893,-0.000453615
3.94E-05,2.61284159,-0.000134959
3.95E-05,2.604071402,0.000900672
3.95E-05,2.565004201,0.000502352
3.96E-05,2.564206912,0.000502352
3.96E-05,2.544274666,0.00066168
3.96E-05,2.524342421,0.00026336
3.97E-05,2.502815596,-0.000533279
3.97E-05,2.477302322,0.00066168
3.98E-05,2.461356525,0.000741344
3.98E-05,2.4398297,0.00066168
3.98E-05,2.431856802,2.44E-05
3.99E-05,2.39837063,-0.001329918
3.99E-05,2.370465486,0.000343024
4.00E-05,2.3537224,-0.001967229
4.00E-05,2.336979314,0.00066168
4.00E-05,2.305087721,-0.000453615
4.01E-05,2.285952766,-0.000373951
4.01E-05,2.276385288,-0.000214623
4.02E-05,2.246088275,-0.000373951
4.02E-05,2.213399392,-0.001250254
4.02E-05,2.195061726,-0.000533279
4.03E-05,2.182305089,2.44E-05
4.03E-05,2.169548452,0.00066168
4.04E-05,2.141643309,-0.000373951
4.04E-05,2.110549006,-0.001090926
4.04E-05,2.101778818,-0.000134959
4.05E-05,2.082643862,-0.000214623
4.05E-05,2.054738719,-0.001250254
4.06E-05,2.042779371,-0.001250254
4.06E-05,2.018860677,0.00066168
4.06E-05,1.998131142,0.000343024
4.07E-05,1.981388056,0.000343024
4.07E-05,1.973415157,0.00026336
4.08E-05,1.926375058,0.00026336
4.08E-05,1.922388609,0.000343024
4.08E-05,1.900861784,2.44E-05
4.09E-05,1.872159351,0.000980336
4.09E-05,1.860200003,0.000183697
4.10E-05,1.829105701,0.000104033
4.10E-05,1.803592426,-0.001329918
4.10E-05,1.78924121,0.00066168
4.11E-05,1.777281862,0.000741344
4.11E-05,1.742201111,0.00066168
4.12E-05,1.723863445,-0.000294287
4.12E-05,1.70074204,0.00066168
4.12E-05,1.682404374,0.000343024
4.13E-05,1.65848568,0.000502352
4.13E-05,1.651310071,0.000104033
4.14E-05,1.628188667,-0.001090926
4.14E-05,1.593107915,-0.000373951
4.14E-05,1.580351278,-0.000373951
4.15E-05,1.566000061,-0.00077227
4.15E-05,1.538094917,2.44E-05
4.16E-05,1.509392484,0.000343024
4.16E-05,1.48547379,0.000422688
4.16E-05,1.470325283,-0.000134959
4.17E-05,1.453582197,-0.000294287
4.17E-05,1.428866213,0.000183697
4.18E-05,1.407339388,-0.000134959
4.18E-05,1.387407142,-0.000294287
4.18E-05,1.372258636,-0.000851934
4.19E-05,1.341961623,-0.000851934
4.19E-05,1.325218536,-0.000851934
4.20E-05,1.321232087,-0.000453615
4.20E-05,1.292529654,0.000104033
4.20E-05,1.26382722,-0.000851934
4.21E-05,1.244692265,-0.00077227
4.21E-05,1.22316544,0.000104033
4.22E-05,1.204030484,0.000343024
4.22E-05,1.193665717,-0.000214623
4.22E-05,1.166557863,0.00026336
4.23E-05,1.142639168,-0.000294287
4.23E-05,1.128287952,0.000422688
4.24E-05,1.109950286,-0.001011262
4.24E-05,1.09001804,-0.000214623
4.24E-05,1.069288505,-0.001250254
4.25E-05,1.038194202,-0.000692606
4.25E-05,1.027829435,-0.000294287
4.26E-05,1.00470803,-0.000294287
4.26E-05,0.985573074,-0.000453615
4.26E-05,0.968032698,-0.001568909
4.27E-05,0.949695033,-0.001250254
4.27E-05,0.932154657,0.000104033
4.28E-05,0.910627832,-0.000373951
4.28E-05,0.897073905,-0.000373951
4.28E-05,0.885911847,-0.001409582
4.29E-05,0.864385022,-0.000931598
4.29E-05,0.846047357,-0.000453615
4.30E-05,0.837277169,0.000183697
4.30E-05,0.820534082,0.000343024
4.30E-05,0.801399127,-0.000373951
4.31E-05,0.790237069,0.000502352
4.31E-05,0.772696693,-0.000851934
4.32E-05,0.762331926,0.000343024
4.32E-05,0.740805101,2.44E-05
4.32E-05,0.732034913,-0.000134959
4.33E-05,0.716886406,-0.000373951
4.33E-05,0.716886406,-0.000214623
4.34E-05,0.696156871,-0.00077227
4.34E-05,0.684994814,-0.000533279
4.34E-05,0.689778552,-0.001090926
4.35E-05,0.677819205,-0.001090926
4.35E-05,0.675427336,-0.000453615
4.36E-05,0.677819205,0.000104033
4.36E-05,0.683400234,-0.000931598
4.36E-05,0.683400234,-0.000931598
4.37E-05,0.692967712,-0.000612942
4.37E-05,0.693765002,-0.000533279
4.38E-05,0.69934603,0.000183697
4.38E-05,0.717683696,0.000104033
4.38E-05,0.729643043,-0.001409582
4.39E-05,0.741602391,-0.000373951
4.39E-05,0.767912954,2.44E-05
4.40E-05,0.779075012,0.00066168
4.40E-05,0.801399127,0.000582016
4.40E-05,0.828506981,0.000502352
4.41E-05,0.838074458,0.000502352
4.41E-05,0.858006704,-0.000214623
4.42E-05,0.87554708,0.000741344
4.42E-05,0.899465774,0.000183697
4.42E-05,0.914614281,-0.000294287
4.43E-05,0.928168208,0.000741344
4.43E-05,0.940127555,0.00026336
4.44E-05,0.968829988,0.000980336
4.44E-05,0.988762234,0.00066168
4.44E-05,1.009491769,-0.000134959
4.45E-05,1.016667377,-0.000294287
4.45E-05,1.051748129,0.000343024
4.46E-05,1.074072244,-0.000294287
4.46E-05,1.086031591,0.000343024
4.46E-05,1.120315053,0.000183697
4.47E-05,1.13546356,0.00026336
4.47E-05,1.149814777,0.001059999
4.48E-05,1.174530761,0.000900672
4.48E-05,1.201638615,0.00026336
4.48E-05,1.22077357,0.000900672
4.49E-05,1.241503106,0.000502352
4.49E-05,1.262232641,-0.000214623
4.50E-05,1.286948625,-0.000294287
4.50E-05,1.306083581,0.000343024
4.50E-05,1.335583304,-0.000134959
4.51E-05,1.3515291,-0.000851934
4.51E-05,1.368272186,2.44E-05
4.52E-05,1.400961069,0.000183697
4.52E-05,1.408933967,-0.000692606
4.52E-05,1.437636401,0.000343024
4.53E-05,1.468730703,0.000104033
4.53E-05,1.491054818,0.000741344
4.54E-05,1.495838557,-0.00077227
4.54E-05,1.531716599,0.000422688
4.54E-05,1.561216322,-0.000134959
4.55E-05,1.576364829,0.00026336
4.55E-05,1.596297074,0.000821008
4.56E-05,1.618621189,0.000104033
4.56E-05,1.639350724,2.44E-05
4.56E-05,1.668053158,0.00026336
4.57E-05,1.689579983,-0.000612942
4.57E-05,1.709512228,-0.000692606
4.58E-05,1.736620082,-0.00077227
4.58E-05,1.752565878,0.000422688
4.58E-05,1.774092703,0.001139663
4.59E-05,1.800403267,-0.000134959
4.59E-05,1.828308411,0.000502352
4.60E-05,1.838673178,0.000422688
4.60E-05,1.851429815,-0.000373951
4.60E-05,1.877740379,0.00066168
4.61E-05,1.896875335,-0.001728237
4.61E-05,1.912023841,-0.002126557
4.62E-05,1.945510014,-0.000134959
4.62E-05,1.96065852,0.000502352
4.62E-05,1.977401606,-0.000373951
4.63E-05,2.00530675,0.00026336
4.63E-05,2.031617314,-0.000294287
4.64E-05,2.052346849,0.000183697
4.64E-05,2.069887225,-0.000294287
4.64E-05,2.098589659,-0.000453615
4.65E-05,2.117724614,-0.000453615
4.65E-05,2.141643309,0.00066168
4.66E-05,2.158386395,2.44E-05
4.66E-05,2.174332191,-0.001090926
4.66E-05,2.201440045,0.000183697
4.67E-05,2.213399392,-0.001090926
4.67E-05,2.238115377,0.000422688
4.68E-05,2.26841239,2.44E-05
4.68E-05,2.277979867,2.44E-05
4.68E-05,2.300303982,-0.000134959
4.69E-05,2.318641648,-0.000214623
4.69E-05,2.337776604,-0.000134959
4.70E-05,2.362492588,0.001219327
4.70E-05,2.390397732,0.000502352
4.70E-05,2.414316426,0.000582016
4.71E-05,2.428667643,0.000502352
4.71E-05,2.450991758,0.000900672
4.72E-05,2.477302322,0.000502352
4.72E-05,2.489261669,0.000104033
4.72E-05,2.510788494,0.000343024
4.73E-05,2.549855695,-0.000294287
4.73E-05,2.553842144,0.000104033
4.74E-05,2.578558128,0.000343024
4.74E-05,2.610449721,0.001139663
4.74E-05,2.627192807,0.001059999
4.75E-05,2.647125053,0.000502352
4.75E-05,2.671043747,-0.000134959
4.76E-05,2.683800384,0.000900672
4.76E-05,2.706124499,0.000183697
4.76E-05,2.728448614,0.000582016
4.77E-05,2.74598899,0.001298991
4.77E-05,2.761934786,0.000582016
4.78E-05,2.78904264,0.000900672
4.78E-05,2.813758624,0.000343024
4.78E-05,2.834488159,0.001298991
4.79E-05,2.854420405,0.001378655
4.79E-05,2.881528259,0.001458319
4.80E-05,2.899068635,-0.000214623
4.80E-05,2.913419851,0.000502352
4.80E-05,2.942919575,0.000183697
4.81E-05,2.953284342,0.00066168
4.81E-05,2.975608457,0.000183697
4.82E-05,2.994743413,0.000183697
4.82E-05,3.014675658,0.000104033
4.82E-05,3.031418744,0.000104033
4.83E-05,3.061715757,0.000741344
4.83E-05,3.084039872,-0.000533279
4.84E-05,3.109553146,0.000900672
4.84E-05,3.119120624,0.000741344
4.84E-05,3.13586371,0.000582016
4.85E-05,3.164566144,-0.000134959
4.85E-05,3.18051194,0.000502352
4.86E-05,3.200444185,0.000183697
4.86E-05,3.22356559,-0.000214623
4.86E-05,3.237916807,-0.000373951
4.87E-05,3.26661924,0.000502352
4.87E-05,3.288943355,0.000343024
4.88E-05,3.31047018,0.001139663
4.88E-05,3.325618687,0.000582016
4.88E-05,3.344753642,-0.000453615
4.89E-05,3.360699438,0.001378655
4.89E-05,3.380631684,0.000741344
4.90E-05,3.402955799,0.000502352
4.90E-05,3.425279914,0.001378655
4.90E-05,3.450793188,0.00066168
4.91E-05,3.473914592,0.001617647
4.91E-05,3.499427867,0.000821008
4.92E-05,3.504211605,0.00026336
4.92E-05,3.52972488,0.001219327
4.92E-05,3.557630023,0.000741344
4.93E-05,3.57038666,0.000183697
4.93E-05,3.597494514,0.000422688
4.94E-05,3.61503489,0.000582016
4.94E-05,3.639750874,0.000422688
4.94E-05,3.654102091,0.000582016
4.95E-05,3.685993684,0.001139663
4.95E-05,3.705128639,0.000104033
4.96E-05,3.716290697,0.000502352
4.96E-05,3.743398551,-0.000373951
4.96E-05,3.754560608,2.44E-05
4.97E-05,3.781668462,0.000582016
4.97E-05,3.807181736,0.000104033
4.98E-05,3.828708561,0.000183697
4.98E-05,3.839870618,0.001139663
4.98E-05,3.869370342,-0.000373951
4.99E-05,3.880532399,0.000821008
4.99E-05,3.896478195,-0.000453615
5.00E-05,3.915613151,0.000900672
5.00E-05,3.931558947,0.00026336
5.00E-05,3.958666801,0.000183697
5.01E-05,3.974612597,0.000821008
5.01E-05,4.000125872,0.002015966
5.02E-05,4.024044566,0.000900672
5.02E-05,4.039193073,0.001219327
5.02E-05,4.069490086,0.000980336
5.03E-05,4.083841302,0.001298991
5.03E-05,4.106962707,0.000821008
5.04E-05,4.115732895,0.001617647
5.04E-05,4.139651589,0.001139663
5.04E-05,4.170745892,0.000502352
5.05E-05,4.191475428,0.001617647
5.05E-05,4.205826644,0.00026336
5.06E-05,4.216191412,0.000502352
5.06E-05,4.256055903,-0.000612942
5.06E-05,4.26642067,0.000582016
5.07E-05,4.287947495,0.00066168
5.07E-05,4.304690581,0.000821008
5.08E-05,4.315852639,0.000900672
5.08E-05,4.346149652,0.000582016
5.08E-05,4.35651442,0.000343024
5.09E-05,4.382824984,0.001378655
5.09E-05,4.39877078,-0.000134959
5.10E-05,4.424284054,0.000582016
5.10E-05,4.445810879,0.00066168
5.10E-05,4.448202749,0.000582016
5.11E-05,4.48567537,0.001378655
5.11E-05,4.496837427,0.001936302
5.12E-05,4.516769673,-0.000214623
5.12E-05,4.533512759,0.001139663
5.12E-05,4.568593511,0.001537983
5.13E-05,4.583742017,0.001219327
5.13E-05,4.604471553,0.001378655
5.14E-05,4.609255291,2.44E-05
5.14E-05,4.628390247,0.000980336
5.14E-05,4.653106231,0.000422688
5.15E-05,4.678619506,0.000502352
5.15E-05,4.691376143,0.000502352
5.16E-05,4.707321939,0.001059999
5.16E-05,4.739213532,0.00066168
5.16E-05,4.74638914,0.00026336
5.17E-05,4.763132226,0.001139663
5.17E-05,4.798212978,0.000502352
5.18E-05,4.814956064,0.001059999
5.18E-05,4.839672049,0.001139663
5.18E-05,4.849239526,0.000502352
5.19E-05,4.865982612,0.001458319
5.19E-05,4.87634738,0.000343024
5.20E-05,4.910630842,0.000980336
5.20E-05,4.935346827,0.000821008
5.20E-05,4.947306174,0.001298991
5.21E-05,4.966441129,0.000821008
5.21E-05,4.968832999,0.001219327
5.22E-05,4.992751693,0.001298991
5.22E-05,5.018264967,0.001458319
5.22E-05,5.030224315,0.000502352
5.23E-05,5.047764691,0.000741344
5.23E-05,5.073277965,0.001219327
5.24E-05,5.086831892,0.001298991
5.24E-05,5.101183108,0.000980336
5.24E-05,5.130682832,0.001298991
5.25E-05,5.142642179,0.000900672
5.25E-05,5.162574424,0.000980336
5.26E-05,5.172939192,0.000502352
5.26E-05,5.198452466,0.000741344
5.26E-05,5.210411813,0.001059999
5.27E-05,5.233533218,0.001617647
5.27E-05,5.254262753,0.000343024
5.28E-05,5.262235651,0.001298991
5.28E-05,5.286951636,0.000582016
5.28E-05,5.295721824,0.001856639
5.29E-05,5.31087033,0.000343024
5.29E-05,5.322829677,0.001139663
5.30E-05,5.35312669,0.00066168
5.30E-05,5.363491458,0.00066168
5.30E-05,5.372261646,0.00066168
5.31E-05,5.379437254,0.000821008
5.31E-05,5.404153239,0.000980336
5.32E-05,5.402558659,0.00066168
5.32E-05,5.411328847,-0.00117059
5.32E-05,5.415315296,0.001617647
5.33E-05,5.428869223,0.00066168
5.33E-05,5.445612309,0.001378655
5.34E-05,5.444815019,0.001298991
5.34E-05,5.446409599,0.000582016
5.34E-05,5.458368946,0.000502352
5.35E-05,5.464747265,0.000741344
5.35E-05,5.461558106,0.000343024
5.36E-05,5.462355395,0.000980336
5.36E-05,5.473517453,0.001298991
5.36E-05,5.469531004,0.001298991
5.37E-05,5.467936424,0.001219327
5.37E-05,5.48388222,0.000821008
5.38E-05,5.48786867,0.000900672
5.38E-05,5.479098482,0.000900672
5.38E-05,5.488665959,0.001139663
5.39E-05,5.488665959,0.000422688
5.39E-05,5.492652408,0.001378655
5.40E-05,5.502219886,0.000980336
5.40E-05,5.499828017,0.001537983
5.40E-05,5.48627409,0.000741344
5.41E-05,5.488665959,0.001537983
5.41E-05,5.496638858,0.001139663
5.42E-05,5.48627409,0.000582016
5.42E-05,5.495841568,0.000741344
5.42E-05,5.498233437,0.000343024
5.43E-05,5.489463249,0.000104033
5.43E-05,5.494246988,0.001139663
5.44E-05,5.491855119,0.000741344
5.44E-05,5.491057829,0.000502352
5.44E-05,5.499828017,0.000502352
5.45E-05,5.490260539,0.001139663
5.45E-05,5.495841568,0.000821008
5.46E-05,5.489463249,0.000582016
5.46E-05,5.48707138,0.001776975
5.46E-05,5.4854768,0.000183697
5.47E-05,5.480693061,0.000741344
5.47E-05,5.483084931,0.000183697
5.48E-05,5.471125583,-0.000533279
5.48E-05,5.473517453,0.001856639
5.48E-05,5.467936424,-0.000294287
5.49E-05,5.466341844,0.001059999
5.49E-05,5.464747265,0.001219327
5.50E-05,5.462355395,0.000422688
5.50E-05,5.455179787,0.001139663
5.50E-05,5.446409599,0.000741344
5.51E-05,5.440031281,2.44E-05
5.51E-05,5.415315296,-0.000612942
5.52E-05,5.411328847,0.001298991
5.52E-05,5.400964079,0.000582016
5.52E-05,5.378639965,-0.000294287
5.53E-05,5.361099589,0.001458319
5.53E-05,5.35711314,0.00066168
5.54E-05,5.326816127,0.000502352
5.54E-05,5.305289301,0.001697311
5.54E-05,5.291735375,0.000821008
5.55E-05,5.262235651,0.001139663
5.55E-05,5.241506116,0.001298991
5.56E-05,5.235127798,0.001059999
5.56E-05,5.208817234,0.000502352
5.56E-05,5.18170938,0.000900672
5.57E-05,5.161777134,-0.000134959
5.57E-05,5.135466571,-0.000373951
5.58E-05,5.115534325,0.001059999
5.58E-05,5.09560208,0.00066168
5.58E-05,5.068494226,0.000343024
5.59E-05,5.054940299,0.000741344
5.59E-05,5.036602633,0.000900672
5.60E-05,5.016670388,0.001856639
5.60E-05,4.983981505,0.001458319
5.60E-05,4.978400477,0.000980336
5.61E-05,4.96325197,0.001697311
5.61E-05,4.92019832,0.002334622
5.62E-05,4.909833552,0.000980336
5.62E-05,4.883522988,0.002175294
5.62E-05,4.861198874,0.000900672
5.63E-05,4.845253077,0.000582016
5.63E-05,4.822928962,2.44E-05
5.64E-05,4.799807558,0.000582016
5.64E-05,4.777483443,0.001139663
5.64E-05,4.764726806,0.000900672
5.65E-05,4.74479456,0.001617647
5.65E-05,4.740010821,0.001617647
5.66E-05,4.699349041,0.001059999
5.66E-05,4.689781563,0.000582016
5.66E-05,4.667457448,0.001458319
5.67E-05,4.638755015,0.001059999
5.67E-05,4.633173986,0.001617647
5.68E-05,4.601282393,0.00066168
5.68E-05,4.585336597,0.001617647
5.68E-05,4.559823323,0.000502352
5.69E-05,4.541485657,0.000422688
5.69E-05,4.522350701,0.000821008
5.70E-05,4.502418456,0.001219327
5.70E-05,4.476107892,0.000343024
5.70E-05,4.457770226,0.000821008
5.71E-05,4.436243401,0.001059999
5.71E-05,4.409135547,0.001059999
5.72E-05,4.410730127,0.000821008
5.72E-05,4.380433114,0.001378655
5.72E-05,4.363690028,0.001298991
5.73E-05,4.338974044,0.001617647
5.73E-05,4.315055349,0.000900672
5.74E-05,4.299109553,0.000741344
5.74E-05,4.279974597,0.001059999
5.74E-05,4.262434221,0.001378655
5.75E-05,4.239312817,0.000582016
5.75E-05,4.210610383,0.000900672
5.76E-05,4.209015803,0.001617647
5.76E-05,4.18270524,0.00066168
5.76E-05,4.156394676,0.001458319
5.77E-05,4.145232618,0.000741344
5.77E-05,4.126894952,0.001219327
5.78E-05,4.099787099,0.000502352
5.78E-05,4.087030462,0.000900672
5.78E-05,4.060719898,0.001139663
5.79E-05,4.036003913,0.001219327
5.79E-05,4.024044566,0.000980336
5.80E-05,3.992152973,0.000980336
5.80E-05,3.976207177,0.002015966
5.80E-05,3.96105867,0.00066168
5.81E-05,3.925180629,0.00066168
5.81E-05,3.913221281,0.001219327
5.82E-05,3.886910718,0.000900672
5.82E-05,3.870167631,0.000821008
5.82E-05,3.847843517,-0.000214623
5.83E-05,3.827113981,0.000741344
5.83E-05,3.799208838,0.00066168
5.84E-05,3.784857621,-0.000214623
5.84E-05,3.764128086,2.44E-05
5.84E-05,3.748182289,0.00026336
5.85E-05,3.721871725,-0.000851934
5.85E-05,3.70193948,0.000582016
5.86E-05,3.682007235,-0.000931598
5.86E-05,3.65888583,0.000343024
5.86E-05,3.642940034,0.000980336
5.87E-05,3.624602368,0.00066168
5.87E-05,3.607859282,0.00066168
5.88E-05,3.581548718,-0.000692606
5.88E-05,3.554440864,0.001059999
5.88E-05,3.548062545,0.000582016
5.89E-05,3.530522169,0.001378655
5.89E-05,3.504211605,0.001059999
5.90E-05,3.48667123,0.000343024
5.90E-05,3.459563376,0.000422688
5.90E-05,3.429266363,0.000183697
5.91E-05,3.423685334,-0.000134959
5.91E-05,3.407739538,-0.000533279
5.92E-05,3.372658786,0.001139663
5.92E-05,3.360699438,0.00026336
5.92E-05,3.330402425,-0.000453615
5.93E-05,3.308078311,0.000741344
5.93E-05,3.289740645,0.000343024
5.94E-05,3.269808399,0.000980336
5.94E-05,3.245092415,0.000502352
5.94E-05,3.226754749,0.000741344
5.95E-05,3.198849606,-0.000134959
5.95E-05,3.186092969,2.44E-05
5.96E-05,3.169349882,0.001219327
5.96E-05,3.139850159,0.000104033
5.96E-05,3.126296232,0.000183697
5.97E-05,3.111147726,0.000741344
5.97E-05,3.082445292,0.000502352
5.98E-05,3.052945569,2.44E-05
5.98E-05,3.040986222,-0.000692606
5.98E-05,3.018662107,-0.000214623
5.99E-05,3.000324441,-0.000134959
5.99E-05,2.977203037,-0.000373951
6.00E-05,2.96125724,-0.000373951
6.00E-05,2.926973778,2.44E-05
6.00E-05,2.923784619,0.001378655
6.01E-05,2.891893026,0.000741344
6.01E-05,2.87514994,0.000900672
6.02E-05,2.846447507,0.000900672
6.02E-05,2.836082739,0.00026336
6.02E-05,2.812961334,0.000422688
6.03E-05,2.791434509,0.000422688
6.03E-05,2.781867032,-0.000214623
6.04E-05,2.747583569,0.000343024
6.04E-05,2.730043193,0.000502352
6.04E-05,2.710110948,0.001219327
6.05E-05,2.675030196,0.000900672
6.05E-05,2.671043747,0.000741344
6.06E-05,2.647922342,0.000582016
6.06E-05,2.622409068,0.00066168
6.06E-05,2.605665982,-0.000214623
6.07E-05,2.578558128,0.001378655
6.07E-05,2.552247564,-0.000931598
6.08E-05,2.52832887,-0.000214623
6.08E-05,2.525139711,0.000582016
6.08E-05,2.498031857,0.000343024
6.09E-05,2.469329423,0.000502352
6.09E-05,2.464545684,-0.000373951
6.10E-05,2.432654092,-0.001011262
6.10E-05,2.400762499,0.000104033
6.10E-05,2.404748948,0.00026336
6.11E-05,2.364884457,0.000183697
6.11E-05,2.348938661,0.000900672
6.12E-05,2.325019967,0.000104033
6.12E-05,2.297912113,-0.00117059
6.12E-05,2.281966316,-0.000453615
6.13E-05,2.281169027,0.001219327
6.13E-05,2.247682854,-0.000612942
6.14E-05,2.220575001,0.000104033
6.14E-05,2.208615653,0.000422688
6.14E-05,2.17831864,0.000741344
6.15E-05,2.159980974,0.000582016
6.15E-05,2.144832468,0.00066168
6.16E-05,2.124102933,0.000502352
6.16E-05,2.099386948,0.000502352
6.16E-05,2.073873674,-0.000134959
6.17E-05,2.051549559,-0.001250254
6.17E-05,2.026036285,-0.000214623
6.18E-05,2.012482358,0.000183697
6.18E-05,1.990158244,2.44E-05
6.18E-05,1.95986123,2.44E-05
6.19E-05,1.956672071,0.000343024
6.19E-05,1.932753377,0.001139663
6.20E-05,1.899267204,-0.000453615
6.20E-05,1.884118698,0.000900672
6.20E-05,1.868970191,0.000741344
6.21E-05,1.848240656,0.000104033
6.21E-05,1.825119251,-0.000134959
6.22E-05,1.812362614,0.000502352
6.22E-05,1.779673732,-0.000373951
6.22E-05,1.761336066,-0.001011262
6.23E-05,1.74539027,-0.000134959
6.23E-05,1.723066155,-0.000134959
6.24E-05,1.704728489,0.00066168
6.24E-05,1.680809795,0.00026336
6.24E-05,1.65928297,0.000422688
6.25E-05,1.637756145,0.00026336
6.25E-05,1.620215769,-0.000134959
6.26E-05,1.598688944,-0.000453615
6.26E-05,1.565202771,0.00026336
6.26E-05,1.560419032,0.001219327
6.27E-05,1.522946411,0.000900672
6.27E-05,1.503811455,0.000582016
6.28E-05,1.491054818,0.000582016
6.28E-05,1.459960515,0.00026336
6.28E-05,1.444812009,0.000183697
6.29E-05,1.431258082,0.000900672
6.29E-05,1.392190881,0.000582016
6.30E-05,1.378636954,0.000104033
6.30E-05,1.358704709,0.000104033
6.30E-05,1.345150782,0.000900672
6.31E-05,1.318840218,-0.000453615
6.31E-05,1.314853769,0.001139663
6.32E-05,1.287745915,-0.000453615
6.32E-05,1.255854322,-0.001329918
6.32E-05,1.241503106,2.44E-05
6.33E-05,1.217584411,-0.000294287
6.33E-05,1.193665717,0.001139663
6.34E-05,1.184895529,-0.000533279
6.34E-05,1.165760573,0.000104033
6.34E-05,1.145828328,0.00026336
6.35E-05,1.13386898,0.001219327
6.35E-05,1.119517764,0.000900672
6.36E-05,1.082045142,-0.000294287
6.36E-05,1.069288505,0.00026336
6.36E-05,1.04935626,0.000183697
6.37E-05,1.027829435,-0.000134959
6.37E-05,1.012680928,0.000980336
6.38E-05,0.991154103,0.00066168
6.38E-05,0.970424568,0.000502352
6.38E-05,0.950492323,0.00026336
6.39E-05,0.942519424,0.000821008
6.39E-05,0.914614281,0.00026336
6.40E-05,0.886709137,-0.000134959
6.40E-05,0.887506427,-0.000533279
6.40E-05,0.861195863,-0.000692606
6.41E-05,0.846844646,-0.001489245
6.41E-05,0.826115111,2.44E-05
6.42E-05,0.826115111,0.000741344
6.42E-05,0.810169315,-0.001250254
6.42E-05,0.78943978,0.000183697
6.43E-05,0.775088563,0.000104033
6.43E-05,0.746386129,-0.000134959
6.44E-05,0.74558884,-0.000294287
6.44E-05,0.727251174,-0.000692606
6.44E-05,0.720075565,-0.000294287
6.45E-05,0.708116218,0.000104033
6.45E-05,0.706521639,0.000821008
6.46E-05,0.695359581,-0.000294287
6.46E-05,0.686589393,-0.000453615
6.46E-05,0.679413785,-0.000851934
6.47E-05,0.678616495,0.00026336
6.47E-05,0.680211075,-0.000373951
6.48E-05,0.691373132,0.000980336
6.48E-05,0.684197524,-0.000533279
6.48E-05,0.696156871,-0.000533279
6.49E-05,0.714494537,0.000582016
6.49E-05,0.713697247,-0.001329918
6.50E-05,0.721670145,-0.000453615
6.50E-05,0.740805101,2.44E-05
6.50E-05,0.756750897,0.000821008
6.51E-05,0.763129216,0.000582016
6.51E-05,0.790237069,0.000502352
6.52E-05,0.802993706,-0.000294287
6.52E-05,0.812561184,-0.000294287
6.52E-05,0.846047357,-0.000453615
6.53E-05,0.867574182,-0.000453615
6.53E-05,0.880330819,2.44E-05
6.54E-05,0.894682035,-0.000612942
6.54E-05,0.914614281,-0.001409582
6.54E-05,0.928965497,-0.000612942
6.55E-05,0.952086902,0.000343024
6.55E-05,0.976802886,0.000104033
6.56E-05,0.994343262,0.000502352
6.56E-05,1.025437565,0.000502352
6.56E-05,1.044572521,0.00026336
6.57E-05,1.054139999,0.000104033
6.57E-05,1.079653273,-0.000294287
6.58E-05,1.101180098,0.000900672
6.58E-05,1.117923184,-0.000453615
6.58E-05,1.144233748,0.000741344
6.59E-05,1.160179544,0.000104033
6.59E-05,1.174530761,0.000741344
6.60E-05,1.209611513,0.000980336
6.60E-05,1.231935628,0.000343024
6.60E-05,1.247084134,0.000343024
6.61E-05,1.262232641,-0.000294287
6.61E-05,1.287745915,0.000900672
6.62E-05,1.314056479,-0.000294287
6.62E-05,1.324421247,-0.000294287
6.62E-05,1.345948072,-0.000373951
6.63E-05,1.373853215,-0.000294287
6.63E-05,1.400961069,2.44E-05
6.64E-05,1.420096025,-0.00077227
6.64E-05,1.434447241,-0.000612942
6.64E-05,1.467933414,-0.000214623
6.65E-05,1.498230427,0.000343024
6.65E-05,1.512581643,-0.000692606
6.66E-05,1.52613557,-0.000612942
6.66E-05,1.554838004,-0.001090926
6.66E-05,1.573175669,0.00026336
6.67E-05,1.600283523,-0.001250254
6.67E-05,1.619418479,-0.000851934
6.68E-05,1.644931753,-0.000134959
6.68E-05,1.667255868,0.000900672
6.68E-05,1.695958301,-0.000134959
6.69E-05,1.721471575,-0.001090926
6.69E-05,1.732633633,0.000343024
6.70E-05,1.754160458,0.000582016
6.70E-05,1.78764663,0.000183697
6.70E-05,1.799605977,0.00026336
6.71E-05,1.83070028,0.00026336
6.71E-05,1.848240656,0.000502352
6.72E-05,1.857808134,-0.000214623
6.72E-05,1.881726828,-0.000214623
6.72E-05,1.913618421,2.44E-05
6.73E-05,1.920794029,2.44E-05
6.73E-05,1.95986123,0.000183697
6.74E-05,1.975807027,0.000502352
6.74E-05,1.986171794,0.00026336
6.74E-05,2.008495909,0.000900672
6.75E-05,2.041184792,0.000104033
6.75E-05,2.055536009,-0.00117059
6.76E-05,2.080251993,-0.000134959
6.76E-05,2.098589659,-0.000214623
6.76E-05,2.116130035,0.000900672
6.77E-05,2.141643309,0.00026336
6.77E-05,2.17831864,0.00026336
6.78E-05,2.183899669,2.44E-05
6.78E-05,2.191075277,-0.000373951
6.78E-05,2.218183131,-0.000134959
6.79E-05,2.232534348,0.000183697
6.79E-05,2.26681781,0.000343024
6.80E-05,2.293925664,0.000582016
6.80E-05,2.305087721,0.000821008
6.80E-05,2.332992865,0.00066168
6.81E-05,2.369668196,0.000104033
6.81E-05,2.382424833,0.000343024
6.82E-05,2.403951658,0.001139663
6.82E-05,2.413519136,0.000343024
6.82E-05,2.43903241,0.000821008
6.83E-05,2.461356525,0.000343024
6.83E-05,2.48368064,0.000183697
6.84E-05,2.496437277,0.000422688
6.84E-05,2.513180363,0.000900672
6.84E-05,2.542680087,-0.000373951
6.85E-05,2.555436724,0.000900672
6.85E-05,2.576963549,0.000502352
6.86E-05,2.588922896,0.000741344
6.86E-05,2.624003648,-0.000612942
6.86E-05,2.642341314,0.000183697
6.87E-05,2.669449167,0.000183697
6.87E-05,2.680611225,-0.000692606
6.88E-05,2.710908238,0.000741344
6.88E-05,2.729245904,0.000900672
6.88E-05,2.754759178,2.44E-05
6.89E-05,2.765921235,0.001059999
6.89E-05,2.792231799,-0.000294287
6.90E-05,2.820136943,-0.000134959
6.90E-05,2.83209629,0.000980336
6.90E-05,2.855217695,-0.000453615
6.91E-05,2.882325548,0.000104033
6.91E-05,2.891893026,0.000741344
6.92E-05,2.915811721,0.000104033
6.92E-05,2.938135836,-0.000453615
6.92E-05,2.96125724,-0.000692606
6.93E-05,2.977203037,-0.000134959
6.93E-05,2.994743413,-0.000851934
6.94E-05,3.021851266,-0.002126557
6.94E-05,3.045769961,-0.000294287
6.94E-05,3.067296786,-0.000692606
6.95E-05,3.083242582,0.00026336
6.95E-05,3.103174828,0.000582016
6.96E-05,3.127890812,0.000183697
6.96E-05,3.147025768,0.000422688
6.96E-05,3.159782405,0.000502352
6.97E-05,3.194065867,0.001856639
6.97E-05,3.217984561,2.44E-05
6.98E-05,3.220376431,-0.000373951
6.98E-05,3.239511386,0.001059999
6.98E-05,3.253862603,-0.000134959
6.99E-05,3.287348775,0.000900672
6.99E-05,3.30967289,0.00066168
7.00E-05,3.333591585,0.000502352
7.00E-05,3.347145512,0.000183697
7.00E-05,3.370266916,0.000422688
7.01E-05,3.403753089,0.000343024
7.01E-05,3.402955799,0.000980336
7.02E-05,3.435644681,0.00026336
7.02E-05,3.463549825,0.000582016
7.02E-05,3.473117303,0.000582016
7.03E-05,3.495441418,0.000900672
7.03E-05,3.514576373,2.44E-05
7.04E-05,3.540886937,0.000582016
7.04E-05,3.549657125,0.000502352
7.04E-05,3.575170399,0.00066168
7.05E-05,3.583940587,0.000183697
7.05E-05,3.606264702,0.000422688
7.06E-05,3.634967135,0.000900672
7.06E-05,3.65729125,0.001458319
7.06E-05,3.671642467,0.001219327
7.07E-05,3.697155741,0.000502352
7.07E-05,3.724263595,0.001856639
7.08E-05,3.736222942,0.000422688
7.08E-05,3.750574159,0.000582016
7.08E-05,3.783263041,0.000582016
7.09E-05,3.800803417,0.000183697
7.09E-05,3.818343793,0.001697311
7.10E-05,3.842262488,-0.000134959
7.10E-05,3.856613704,0.00026336
7.10E-05,3.87415408,2.44E-05
7.11E-05,3.897275485,-0.001090926
7.11E-05,3.915613151,0.000582016
7.12E-05,3.944315584,-0.000214623
7.12E-05,3.96105867,0.000741344
7.12E-05,3.977801757,-0.000612942
7.13E-05,3.999328582,0.000422688
7.13E-05,4.028031015,0.000741344
7.14E-05,4.036003913,-0.000612942
7.14E-05,4.054341579,0.000104033
7.14E-05,4.084638592,0.00066168
7.15E-05,4.100584388,-0.000373951
7.15E-05,4.121313924,0.000502352
7.16E-05,4.142840749,0.001298991
7.16E-05,4.168354023,-0.000134959
7.16E-05,4.174732341,0.000422688
7.17E-05,4.197056456,0.000422688
7.17E-05,4.215394122,0.00026336
7.18E-05,4.237718237,0.000900672
7.18E-05,4.264028801,0.001776975
7.18E-05,4.287150206,0.000502352
7.19E-05,4.307879741,0.000104033
7.19E-05,4.321433668,0.000183697
7.20E-05,4.335784884,0.001059999
7.20E-05,4.366879187,0.000104033
7.20E-05,4.387608722,0.000104033
7.21E-05,4.410730127,0.001856639
7.21E-05,4.416311156,0.001219327
7.22E-05,4.438635271,0.000582016
7.22E-05,4.465743124,0.000502352
7.22E-05,4.478499762,0.001059999
7.23E-05,4.495242848,0.000582016
7.23E-05,4.519958832,0.001139663
7.24E-05,4.539891077,0.000502352
7.24E-05,4.558228743,-0.000214623
7.24E-05,4.592512205,0.001059999
7.25E-05,4.594904075,0.000343024
7.25E-05,4.613241741,-0.000134959
7.26E-05,4.641944174,0.000900672
7.26E-05,4.646727913,-0.000373951
7.26E-05,4.680214085,-0.000214623
7.27E-05,4.700146331,0.000502352
7.27E-05,4.712902968,-0.000453615
7.28E-05,4.728848764,0.001139663
7.28E-05,4.757551197,0.001139663
7.28E-05,4.774294284,0.000980336
7.29E-05,4.787050921,0.001537983
7.29E-05,4.799807558,0.000502352
7.30E-05,4.83249644,0.00066168
7.30E-05,4.849239526,0.000980336
7.30E-05,4.87634738,0.000821008
7.31E-05,4.892293176,0.000582016
7.31E-05,4.905049813,0.000343024
7.32E-05,4.928968508,0.000502352
7.32E-05,4.951292623,0.001378655
7.32E-05,4.96325197,0.000502352
7.33E-05,4.976008607,0.001537983
7.33E-05,5.009494779,0.00026336
7.34E-05,5.002319171,0.000741344
7.34E-05,5.035008054,0.001458319
7.34E-05,5.054143009,-0.000214623
7.35E-05,5.058926748,-0.000533279
7.35E-05,5.090021051,0.00026336
7.36E-05,5.115534325,0.001059999
7.36E-05,5.126696383,0.000821008
7.36E-05,5.142642179,0.000502352
7.37E-05,5.158587975,0.000422688
7.37E-05,5.171344612,0.000821008
7.38E-05,5.196857886,0.00026336
7.38E-05,5.209614523,0.000502352
7.38E-05,5.234330508,0.000821008
7.39E-05,5.252668174,0.00066168
7.39E-05,5.27020855,0.001378655
7.40E-05,5.287748926,-0.000134959
7.40E-05,5.296519114,0.001059999
7.40E-05,5.314856779,0.001059999
7.41E-05,5.337978184,0.00026336
7.41E-05,5.340370053,0.000980336
7.42E-05,5.351532111,0.001856639
7.42E-05,5.378639965,0.001936302
7.42E-05,5.382626414,0.000502352
7.43E-05,5.400964079,0.001537983
7.43E-05,5.402558659,0.001617647
7.44E-05,5.412923427,0.000821008
7.44E-05,5.428071933,0.000104033
7.44E-05,5.432855672,0.001697311
7.45E-05,5.444815019,0.000980336
7.45E-05,5.44162586,0.001617647
7.46E-05,5.445612309,0.000980336
7.46E-05,5.445612309,-0.000134959
7.46E-05,5.460760816,0.000183697
7.47E-05,5.468733714,0.001378655
7.47E-05,5.460760816,0.000980336
7.48E-05,5.468733714,0.000980336
7.48E-05,5.471125583,0.002334622
7.48E-05,5.479098482,0.001458319
7.49E-05,5.479098482,0.000821008
7.49E-05,5.4854768,0.000582016
7.50E-05,5.489463249,0.001059999
7.50E-05,5.481490351,0.001458319
7.50E-05,5.496638858,0.001458319
7.51E-05,5.491057829,0.000502352
7.51E-05,5.48707138,0.001298991
7.52E-05,5.48786867,0.000821008
7.52E-05,5.498233437,0.000502352
7.52E-05,5.490260539,0.001776975
7.53E-05,5.503017176,0.000980336
7.53E-05,5.503814466,0.001139663
7.54E-05,5.48786867,0.00066168
7.54E-05,5.488665959,0.001219327
7.54E-05,5.500625307,0.000980336
7.55E-05,5.4854768,2.44E-05
7.55E-05,5.491057829,0.000821008
7.56E-05,5.494246988,0.001378655
7.56E-05,5.48388222,0.00026336
7.56E-05,5.476706612,0.000900672
7.57E-05,5.491057829,0.001059999
7.57E-05,5.481490351,0.001617647
7.58E-05,5.482287641,0.000104033
7.58E-05,5.472720163,-0.000134959
7.58E-05,5.48388222,-0.000453615
7.59E-05,5.477503902,0.000502352
7.59E-05,5.482287641,0.000980336
7.60E-05,5.479098482,0.000900672
7.60E-05,5.463949975,0.00066168
7.60E-05,5.466341844,0.00066168
7.61E-05,5.473517453,0.000900672
7.61E-05,5.453585207,0.001378655
7.62E-05,5.458368946,0.001298991
7.62E-05,5.451193338,0.000821008
7.62E-05,5.437639411,0.000502352
7.63E-05,5.432855672,0.001219327
7.63E-05,5.418504455,0.001298991
7.64E-05,5.411328847,0.001139663
7.64E-05,5.401761369,0.001378655
7.64E-05,5.371464356,0.001298991
7.65E-05,5.35631585,0.001617647
7.65E-05,5.327613416,0.000183697
7.66E-05,5.31087033,0.001378655
7.66E-05,5.292532664,0.00209563
7.66E-05,5.26941126,0.002015966
7.67E-05,5.254262753,0.000900672
7.67E-05,5.220776581,-0.000294287
7.68E-05,5.204830785,0.001059999
7.68E-05,5.18330396,0.001139663
7.68E-05,5.148223208,0.001617647
7.69E-05,5.140250309,0.000741344
7.69E-05,5.121912644,0.001219327
7.70E-05,5.091615631,0.000104033
7.70E-05,5.062913197,0.000502352
7.70E-05,5.056534879,0.000900672
7.71E-05,5.027832445,0.00026336
7.71E-05,5.018264967,0.000422688
7.72E-05,4.997535432,0.000980336
7.72E-05,4.96325197,0.000502352
7.72E-05,4.953684492,0.001219327
7.73E-05,4.928171218,0.001856639
7.73E-05,4.906644393,0.001298991
7.74E-05,4.87555009,0.001537983
7.74E-05,4.867577192,0.000821008
7.74E-05,4.838077469,0.000741344
7.75E-05,4.83169915,0.000582016
7.75E-05,4.801402137,0.00066168
7.76E-05,4.775888863,0.000900672
7.76E-05,4.755956618,2.44E-05
7.76E-05,4.743199981,0.000422688
7.77E-05,4.716889417,0.001139663
7.77E-05,4.695362592,0.000741344
7.78E-05,4.687389694,0.000343024
7.78E-05,4.65788997,0.000422688
7.78E-05,4.637957725,0.000343024
7.79E-05,4.618025479,0.00066168
7.79E-05,4.594904075,0.00026336
7.80E-05,4.566201641,0.000183697
7.80E-05,4.558228743,2.44E-05
7.80E-05,4.536701918,0.000900672
7.81E-05,4.508796775,0.000422688
7.81E-05,4.48726995,0.000183697
7.82E-05,4.476905182,0.000343024
7.82E-05,4.455378357,-0.000214623
7.82E-05,4.437040691,0.000502352
7.83E-05,4.418703025,0.000183697
7.83E-05,4.380433114,0.000183697
7.84E-05,4.378838534,-0.000214623
7.84E-05,4.35571713,0.000582016
7.84E-05,4.342960493,0.000582016
7.85E-05,4.319041798,0.000183697
7.85E-05,4.299109553,0.000502352
7.86E-05,4.284758336,0.001219327
7.86E-05,4.251272164,0.000343024
7.86E-05,4.235326367,0.000183697
7.87E-05,4.209015803,0.000183697
7.87E-05,4.194664587,0.001537983
7.88E-05,4.175529631,0.001298991
7.88E-05,4.155597386,0.000502352
7.88E-05,4.129286822,0.000821008
7.89E-05,4.115732895,-0.000533279
7.89E-05,4.09340878,-0.000373951
7.90E-05,4.087827751,-0.000134959
7.90E-05,4.045571391,0.001298991
7.90E-05,4.040787652,0.00066168
7.91E-05,4.015274378,0.000502352
7.91E-05,3.989761104,0.000821008
7.92E-05,3.968234279,0.00026336
7.92E-05,3.953085772,0.00026336
7.92E-05,3.924383339,0.000741344
7.93E-05,3.92119418,2.44E-05
7.93E-05,3.87814053,-0.000373951
7.94E-05,3.859802864,0.001059999
7.94E-05,3.850235386,-0.000294287
7.94E-05,3.813560054,-0.000533279
7.95E-05,3.802397997,-0.000214623
7.95E-05,3.78724949,-0.000214623
7.96E-05,3.752168739,-0.000214623
7.96E-05,3.737817522,-0.001329918
7.96E-05,3.720277146,0.000502352
7.97E-05,3.70353406,0.000582016
7.97E-05,3.686790974,0.000502352
7.98E-05,3.670845177,-0.000294287
7.98E-05,3.631777976,-0.000851934
7.98E-05,3.610251151,-0.000453615
7.99E-05,3.596697224,-0.000453615
7.99E-05,3.56958937,-0.000533279
8.00E-05,3.559224603,0.000582016
8.00E-05,3.532914039,-0.000931598
8.00E-05,3.503414316,0.000104033
8.01E-05,3.491454968,-0.000134959
8.01E-05,3.469928143,-0.000373951
8.02E-05,3.449995898,-0.000453615
8.02E-05,3.434050102,-0.000373951
8.02E-05,3.415712436,0.000422688
8.03E-05,3.390996452,2.44E-05
8.03E-05,3.367077757,-0.000294287
8.04E-05,3.359104859,0.00026336
8.04E-05,3.318443078,-0.000373951
8.04E-05,3.30967289,-0.001489245
8.05E-05,3.293727094,-0.000851934
8.05E-05,3.276984008,0.000582016
8.06E-05,3.240308676,0.000582016
8.06E-05,3.220376431,0.000821008
8.06E-05,3.206025214,2.44E-05
8.07E-05,3.17971465,-0.000533279
8.07E-05,3.166958013,0.000183697
8.08E-05,3.147025768,-0.000533279
8.08E-05,3.125498943,0.000502352
8.08E-05,3.087229031,-0.000612942
8.09E-05,3.072080525,-0.000294287
8.09E-05,3.055337439,-0.000612942
8.10E-05,3.029026875,-0.000373951
8.10E-05,3.013878368,0.001059999
8.10E-05,2.989959674,0.000422688
8.11E-05,2.96285182,-0.000294287
8.11E-05,2.954081632,2.44E-05
8.12E-05,2.924581909,-0.001011262
8.12E-05,2.912622561,0.00066168
8.12E-05,2.889501157,0.00026336
8.13E-05,2.868771622,2.44E-05
8.13E-05,2.846447507,0.000502352
8.14E-05,2.825717971,-0.000373951
8.14E-05,2.800204697,0.000183697
8.14E-05,2.784258901,-0.000533279
8.15E-05,2.764326656,0.00026336
8.15E-05,2.749975439,0.00026336
8.16E-05,2.728448614,0.001219327
8.16E-05,2.70213805,0.000183697
8.16E-05,2.683003094,0.00066168
8.17E-05,2.65748982,2.44E-05
8.17E-05,2.637557575,0.000104033
8.18E-05,2.627990097,0.001139663
8.18E-05,2.603274113,0.001537983
8.18E-05,2.582544577,0.000104033
8.19E-05,2.563409622,0.00026336
8.19E-05,2.534707188,0.001458319
8.20E-05,2.523545131,0.000821008
8.20E-05,2.497234567,0.000821008
8.20E-05,2.475707742,-0.000134959
8.21E-05,2.454978207,-0.000214623
8.21E-05,2.438235121,0.000741344
8.22E-05,2.410329977,-0.000134959
8.22E-05,2.376843805,-0.000453615
8.22E-05,2.373654645,-0.000134959
8.23E-05,2.35531698,-0.000294287
8.23E-05,2.325817256,-0.000294287
8.24E-05,2.31066875,-0.000214623
8.24E-05,2.285952766,0.000104033
8.24E-05,2.26681781,-0.000373951
8.25E-05,2.239709956,-0.001011262
8.25E-05,2.207021074,-0.000134959
8.26E-05,2.188683408,-0.000134959
8.26E-05,2.175926771,-0.000214623
8.26E-05,2.146427048,-0.000851934
8.27E-05,2.126494802,-0.001011262
8.27E-05,2.112143585,0.000582016
8.28E-05,2.098589659,-0.000373951
8.28E-05,2.061914327,-0.000453615
8.28E-05,2.041982082,-0.001489245
8.29E-05,2.022049836,-0.000294287
8.29E-05,2.010887779,-0.000134959
8.30E-05,1.987766374,-0.000612942
8.30E-05,1.967834129,-0.001090926
8.30E-05,1.936739826,0.000422688
8.31E-05,1.91919945,-0.000692606
8.31E-05,1.907240103,0.000900672
8.32E-05,1.885713278,0.000104033
8.32E-05,1.857808134,0.001059999
8.32E-05,1.83149757,0.00026336
8.33E-05,1.822727382,0.000183697
8.33E-05,1.795619528,0.00026336
8.34E-05,1.779673732,0.000343024
8.34E-05,1.750971299,2.44E-05
8.34E-05,1.739011951,2.44E-05
8.35E-05,1.714295967,-0.000214623
8.35E-05,1.698350171,-0.000612942
8.36E-05,1.675228766,-0.000851934
8.36E-05,1.65848568,-0.000214623
8.36E-05,1.638553434,-0.000612942
8.37E-05,1.610648291,2.44E-05
8.37E-05,1.583540437,-0.000692606
8.38E-05,1.567594641,-0.000612942
8.38E-05,1.538094917,2.44E-05
8.38E-05,1.52852744,0.00026336
8.39E-05,1.503811455,-0.000214623
8.39E-05,1.4846765,0.00026336
8.40E-05,1.467136124,2.44E-05
8.40E-05,1.445609299,0.000183697
8.40E-05,1.413717706,2.44E-05
8.41E-05,1.406542098,0.000821008
8.41E-05,1.377042374,0.000741344
8.42E-05,1.357907419,0.001139663
8.42E-05,1.339569753,-0.001568909
8.42E-05,1.320434797,-0.000373951
8.43E-05,1.299705262,-0.000533279
8.43E-05,1.278975727,-0.000533279
8.44E-05,1.259043482,-0.000134959
8.44E-05,1.248678714,-0.00077227
8.44E-05,1.212003382,-0.000453615
8.45E-05,1.197652166,0.000104033
8.45E-05,1.175328051,-0.000453615
8.46E-05,1.163368704,-0.000373951
8.46E-05,1.145828328,0.000422688
8.46E-05,1.125896082,0.000422688
8.47E-05,1.103571967,-0.000931598
8.47E-05,1.084437012,-0.001409582
8.48E-05,1.057329158,-0.000373951
8.48E-05,1.052545419,0.000422688
8.48E-05,1.028626725,-0.000612942
8.49E-05,1.015072798,2.44E-05
8.49E-05,0.976802886,-0.000134959
8.50E-05,0.954478772,0.00066168
8.50E-05,0.945708584,-0.000851934
8.50E-05,0.915411571,0.000104033
8.51E-05,0.912222411,0.000104033
8.51E-05,0.900263064,0.000104033
8.52E-05,0.861195863,-0.00117059
8.52E-05,0.854020255,0.00066168
8.52E-05,0.842060907,2.44E-05
8.53E-05,0.818142213,0.000104033
8.53E-05,0.813358474,0.000183697
8.54E-05,0.792628939,-0.000453615
8.54E-05,0.771102114,-0.001250254
8.54E-05,0.769507534,-0.000533279
8.55E-05,0.761534636,-0.001329918
8.55E-05,0.736818652,-0.000134959
8.56E-05,0.730440333,0.000422688
8.56E-05,0.715291827,2.44E-05
8.56E-05,0.70014332,0.00026336
8.57E-05,0.688183973,-0.000533279
8.57E-05,0.7017379,0.000343024
8.58E-05,0.684994814,-0.000851934
8.58E-05,0.688981263,-0.00117059
8.58E-05,0.682602944,0.000582016
8.59E-05,0.681805654,0.000741344
8.59E-05,0.680211075,-0.000214623
8.60E-05,0.685792103,-0.001409582
8.60E-05,0.69934603,-0.000931598
8.60E-05,0.70253519,-0.000373951
8.61E-05,0.720075565,2.44E-05
8.61E-05,0.720075565,-0.000453615
8.62E-05,0.736021362,0.00066168
8.62E-05,0.759142767,-0.000134959
8.62E-05,0.770304824,2.44E-05
8.63E-05,0.78625062,0.000104033
8.63E-05,0.806182866,-0.000294287
8.64E-05,0.820534082,-0.000214623
8.64E-05,0.846844646,0.000741344
8.64E-05,0.859601283,-0.000294287
8.65E-05,0.877141659,-0.000453615
8.65E-05,0.895479325,0.00026336
8.66E-05,0.909830542,0.000104033
8.66E-05,0.937735685,-0.000134959
8.66E-05,0.945708584,0.000502352
8.67E-05,0.967235409,0.000422688
8.67E-05,1.00550532,0.000502352
8.68E-05,1.013478218,-0.000533279
8.68E-05,1.037396913,0.000183697
8.68E-05,1.061315607,-0.000214623
8.69E-05,1.077261403,-0.000134959
8.69E-05,1.098788228,-0.000533279
8.70E-05,1.127490662,0.000183697
8.70E-05,1.155395805,0.000422688
8.70E-05,1.161774124,-0.00077227
8.71E-05,1.184098239,-0.000453615
8.71E-05,1.211206093,-0.001409582
8.72E-05,1.224760019,-0.000214623
8.72E-05,1.259840771,0.00026336
8.72E-05,1.282962176,-0.000214623
8.73E-05,1.293326944,-0.000453615
8.73E-05,1.313259189,-0.000851934
8.74E-05,1.340367043,-0.000533279
8.74E-05,1.357907419,-0.000134959
8.74E-05,1.375447795,0.000343024
8.75E-05,1.39697462,-0.000134959
8.75E-05,1.428866213,-0.000134959
8.76E-05,1.458365936,0.000980336
8.76E-05,1.467933414,0.00026336
8.76E-05,1.491054818,-0.000533279
8.77E-05,1.510189774,0.00066168
8.77E-05,1.534905758,-0.000692606
8.78E-05,1.554040714,0.000821008
8.78E-05,1.582743147,0.000821008
8.78E-05,1.604269972,-0.001011262
8.79E-05,1.623404928,0.000183697
8.79E-05,1.645729043,0.000422688
8.80E-05,1.675228766,2.44E-05
8.80E-05,1.69914746,0.000343024
8.80E-05,1.709512228,-0.000214623
8.81E-05,1.738214661,0.00066168
8.81E-05,1.766119805,0.000422688
8.82E-05,1.782862891,0.000900672
8.82E-05,1.802795137,0.000422688
8.82E-05,1.821930092,0.000582016
8.83E-05,1.848240656,0.001139663
8.83E-05,1.866578322,0.001219327
8.84E-05,1.892091596,0.001537983
8.84E-05,1.911226552,0.001219327
8.84E-05,1.939131695,0.00026336
8.85E-05,1.950293753,0.000741344
8.85E-05,1.982185345,0.001537983
8.86E-05,2.002914881,-0.000214623
8.86E-05,2.018063387,0.000502352
8.86E-05,2.041982082,0.001059999
8.87E-05,2.057130588,0.000422688
8.87E-05,2.080251993,0.000343024
8.88E-05,2.096197789,0.001378655
8.88E-05,2.120116484,0.00026336
8.88E-05,2.143237888,0.000821008
8.89E-05,2.152008076,0.000104033
8.89E-05,2.167156583,-0.000373951
8.90E-05,2.204629204,0.000183697
8.90E-05,2.225358739,0.000980336
8.90E-05,2.237318087,-0.000533279
8.91E-05,2.26522323,0.000343024
8.91E-05,2.293925664,0.000502352
8.92E-05,2.307479591,0.000502352
8.92E-05,2.332992865,0.000422688
8.92E-05,2.356911559,-0.000373951
8.93E-05,2.363289878,-0.000692606
8.93E-05,2.392789601,0.000104033
8.94E-05,2.411127267,-0.000134959
8.94E-05,2.435045961,-0.000453615
8.94E-05,2.468532134,-0.000294287
8.95E-05,2.490856248,-0.000533279
8.95E-05,2.497234567,2.44E-05
8.96E-05,2.525937,-0.000692606
8.96E-05,2.544274666,0.000183697
8.96E-05,2.56899065,0.000422688
8.97E-05,2.594503925,0.000980336
8.97E-05,2.61284159,0.000821008
8.98E-05,2.625598227,-0.000134959
8.98E-05,2.649516922,0.000741344
8.98E-05,2.677422066,0.000422688
8.99E-05,2.697354311,0.000104033
8.99E-05,2.710110948,0.000502352
9.00E-05,2.736421512,2.44E-05
9.00E-05,2.739610671,-0.000851934
9.00E-05,2.772299554,0.00026336
9.01E-05,2.808974885,-0.000214623
9.01E-05,2.814555914,0.000741344
9.02E-05,2.818542363,-0.001568909
9.02E-05,2.860798723,0.000582016
9.02E-05,2.87594723,2.44E-05
9.03E-05,2.891095736,-0.000214623
9.03E-05,2.92059546,-0.000453615
9.04E-05,2.934946676,0.000900672
9.04E-05,2.954081632,0.000343024
9.04E-05,2.972419298,0.000104033
9.05E-05,3.000324441,-0.000692606
9.05E-05,3.013081078,0.001219327
9.06E-05,3.0505537,-0.000612942
9.06E-05,3.069688655,-0.000692606
9.06E-05,3.080053423,-0.00077227
9.07E-05,3.103972118,0.00066168
9.07E-05,3.130282681,-0.000134959
9.08E-05,3.142242029,0.000183697
9.08E-05,3.170944462,-0.00077227
9.08E-05,3.187687548,0.000343024
9.09E-05,3.208417083,-0.000373951
9.09E-05,3.229943909,-0.000612942
9.10E-05,3.253862603,2.44E-05
9.10E-05,3.26741653,0.000422688
9.10E-05,3.291335224,0.000741344
9.11E-05,3.321632237,-0.000214623
9.11E-05,3.334388875,0.00066168
9.12E-05,3.35432112,0.000422688
9.12E-05,3.383820843,-0.000453615
9.12E-05,3.400563929,0.000582016
9.13E-05,3.412523277,0.001139663
9.13E-05,3.442023,0.000502352
9.14E-05,3.455576927,0.000582016
9.14E-05,3.475509172,0.00026336
9.14E-05,3.498630577,0.00026336
9.15E-05,3.518562822,0.000422688
9.15E-05,3.537697778,-0.000214623
9.16E-05,3.564805632,0.001617647
9.16E-05,3.579954138,0.001139663
9.16E-05,3.607859282,-0.000214623
9.17E-05,3.6142376,0.00066168
9.17E-05,3.643737323,-0.000692606
9.18E-05,3.651710222,0.000183697
9.18E-05,3.677223496,0.000343024
9.18E-05,3.7003449,-0.000533279
9.19E-05,3.710709668,-0.000453615
9.19E-05,3.742601261,0.000502352
9.20E-05,3.767317245,0.001139663
9.20E-05,3.776884723,-0.000612942
9.20E-05,3.808776315,0.00026336
9.21E-05,3.829505851,0.000741344
9.21E-05,3.840667908,0.000422688
9.22E-05,3.866978472,0.000900672
9.22E-05,3.87654595,-0.000134959
9.22E-05,3.906842963,0.000741344
9.23E-05,3.929964368,-0.000134959
9.23E-05,3.935545396,-0.001090926
9.24E-05,3.965842409,-0.001329918
9.24E-05,3.983382785,-0.000214623
9.24E-05,4.018463537,0.000422688
9.25E-05,4.030422885,2.44E-05
9.25E-05,4.056733448,0.000183697
9.26E-05,4.087030462,0.00026336
9.26E-05,4.091016911,-0.000373951
9.26E-05,4.102976258,0.000900672
9.27E-05,4.130881401,2.44E-05
9.27E-05,4.154800096,0.000183697
9.28E-05,4.161178414,0.00026336
9.28E-05,4.192272717,2.44E-05
9.28E-05,4.202637485,-0.000294287
9.29E-05,4.219380571,0.000502352
9.29E-05,4.240907396,-0.000214623
9.30E-05,4.264826091,2.44E-05
9.30E-05,4.280771887,-0.000134959
9.30E-05,4.31266348,0.001537983
9.31E-05,4.338974044,0.001378655
9.31E-05,4.331798435,2.44E-05
9.32E-05,4.363690028,0.000104033
9.32E-05,4.384419563,2.44E-05
9.32E-05,4.39877078,-0.000294287
9.33E-05,4.413919286,-0.001090926
9.33E-05,4.445810879,0.000104033
9.34E-05,4.463351255,0.000502352
9.34E-05,4.480891631,0.001139663
9.34E-05,4.508796775,0.000422688
9.35E-05,4.522350701,0.000502352
9.35E-05,4.544674816,0.000502352
9.36E-05,4.565404352,-0.000294287
9.36E-05,4.57098538,0.000502352
9.36E-05,4.585336597,0.000900672
9.37E-05,4.623606508,0.001059999
9.37E-05,4.630782117,0.000343024
9.38E-05,4.669849318,0.000343024
9.38E-05,4.681808665,0.001458319
9.38E-05,4.709713808,0.000741344
9.39E-05,4.724862315,0.001219327
9.39E-05,4.74638914,0.000821008
9.40E-05,4.758348487,0.000422688
9.40E-05,4.775091573,0.000980336
9.40E-05,4.794226529,0.000900672
9.41E-05,4.805388586,0.000502352
9.41E-05,4.828509991,0.000980336
9.42E-05,4.855617845,0.001059999
9.42E-05,4.87555009,0.00026336
9.42E-05,4.884320278,0.00026336
9.43E-05,4.903455234,0.001139663
9.43E-05,4.935346827,0.001059999
9.44E-05,4.947306174,-0.000294287
9.44E-05,4.96404926,0.001458319
9.44E-05,4.986373375,0.001458319
9.45E-05,5.002319171,0.001617647
9.45E-05,5.019062257,0.001298991
9.46E-05,5.039791793,0.001298991
9.46E-05,5.055737589,0.001617647
9.46E-05,5.075669834,0.000582016
9.47E-05,5.09639937,0.002015966
9.47E-05,5.111547876,-0.000214623
9.48E-05,5.135466571,0.002254958
9.48E-05,5.148223208,0.001378655
9.48E-05,5.159385265,2.44E-05
9.49E-05,5.18250667,0.000582016
9.49E-05,5.210411813,0.001537983
9.50E-05,5.215992842,0.001776975
9.50E-05,5.231938638,0.000422688
9.50E-05,5.252668174,0.002175294
9.51E-05,5.275789578,0.000900672
9.51E-05,5.291735375,0.000900672
9.52E-05,5.315654069,0.00026336
9.52E-05,5.325221547,0.000422688
9.52E-05,5.330802576,0.000900672
9.53E-05,5.338775474,0.000502352
9.53E-05,5.35711314,0.000343024
9.54E-05,5.375450805,0.000741344
9.54E-05,5.385018283,0.001458319
9.54E-05,5.396180341,0.000821008
9.55E-05,5.405747818,0.001298991
9.55E-05,5.418504455,-0.000214623
9.56E-05,5.428869223,0.00066168
9.56E-05,5.424085484,0.001537983
9.56E-05,5.438436701,0.000741344
9.57E-05,5.449598758,0.000422688
9.57E-05,5.445612309,0.00066168
9.58E-05,5.455977077,0.000582016
9.58E-05,5.467139134,0.000502352
9.58E-05,5.465544555,0.00066168
9.59E-05,5.474314743,0.00026336
9.59E-05,5.475112032,0.00066168
9.60E-05,5.475112032,0.000900672
9.60E-05,5.475909322,-0.000134959
9.60E-05,5.474314743,0.000821008
9.61E-05,5.474314743,0.00026336
9.61E-05,5.48388222,0.001298991
9.62E-05,5.48388222,0.000104033
9.62E-05,5.497436147,-0.000134959
9.62E-05,5.4854768,0.000343024
9.63E-05,5.48786867,-0.000134959
9.63E-05,5.494246988,0.000741344
9.64E-05,5.492652408,-0.000214623
9.64E-05,5.493449698,0.000980336
9.64E-05,5.493449698,0.001697311
9.65E-05,5.4854768,0.000502352
9.65E-05,5.479895771,0.000502352
9.66E-05,5.493449698,0.00026336
9.66E-05,5.489463249,0.000821008
9.66E-05,5.488665959,-0.000294287
9.67E-05,5.499828017,0.001378655
9.67E-05,5.490260539,-0.000294287
9.68E-05,5.4854768,0.000582016
9.68E-05,5.4854768,0.00066168
9.68E-05,5.48786867,0.001537983
9.69E-05,5.491057829,0.000980336
9.69E-05,5.483084931,0.001378655
9.70E-05,5.4854768,-0.000134959
9.70E-05,5.469531004,0.000183697
9.70E-05,5.48467951,0.000343024
9.71E-05,5.481490351,2.44E-05
9.71E-05,5.477503902,0.001139663
9.72E-05,5.477503902,0.000741344
9.72E-05,5.468733714,0.001617647
9.72E-05,5.463152685,0.001458319
9.73E-05,5.471922873,0.001139663
9.73E-05,5.451990628,0.001617647
9.74E-05,5.448801468,0.000980336
9.74E-05,5.439233991,0.000582016
9.74E-05,5.420099035,0.001378655
9.75E-05,5.404153239,0.000582016
9.75E-05,5.39777492,0.001458319
9.76E-05,5.387410153,0.000502352
9.76E-05,5.363491458,0.001219327
9.76E-05,5.349140241,0.001378655
9.77E-05,5.341167343,2.44E-05
9.77E-05,5.298910983,0.000343024
9.78E-05,5.283762476,0.000582016
9.78E-05,5.265424811,0.000980336
9.78E-05,5.231141349,0.000980336
9.79E-05,5.219182001,0.000980336
9.79E-05,5.210411813,0.001378655
9.80E-05,5.177722931,0.000741344
9.80E-05,5.152209657,0.000502352
9.80E-05,5.134669281,0.001059999
9.81E-05,5.113939745,0.000502352
9.81E-05,5.09480479,0.000343024
9.82E-05,5.068494226,0.000741344
9.82E-05,5.05254843,0.00026336
9.82E-05,5.015075808,0.000821008
9.83E-05,5.00630562,0.00066168
9.83E-05,4.976805897,0.000104033
9.84E-05,4.960062811,0.00066168
9.84E-05,4.936144116,0.00026336
9.84E-05,4.914617291,-0.00117059
9.85E-05,4.897874205,-0.000612942
9.85E-05,4.873158221,0.00026336
9.86E-05,4.844455787,-0.000214623
9.86E-05,4.836482889,0.000741344
9.86E-05,4.816550644,0.000183697
9.87E-05,4.795023819,2.44E-05
9.87E-05,4.767915965,0.000422688
9.88E-05,4.74638914,-0.000134959
9.88E-05,4.740010821,-0.000134959
9.88E-05,4.718483996,-0.000453615
9.89E-05,4.687389694,-0.000373951
9.89E-05,4.678619506,0.000821008
9.90E-05,4.65709268,0.000980336
9.90E-05,4.635565855,-0.000294287
9.90E-05,4.607660712,0.001059999
9.91E-05,4.593309495,0.000741344
9.91E-05,4.57417454,0.000343024
9.92E-05,4.555836874,0.000741344
9.92E-05,4.531120889,-0.000612942
9.92E-05,4.498432007,-0.000214623
9.93E-05,4.492850978,-0.00077227
9.93E-05,4.476905182,0.000900672
9.94E-05,4.449797328,0.001458319
9.94E-05,4.44341901,0.001378655
9.94E-05,4.402757229,0.001378655
9.95E-05,4.394784331,0.000741344
9.95E-05,4.374054796,0.001139663
9.96E-05,4.357311709,0.001059999
9.96E-05,4.332595725,0.001139663
9.96E-05,4.319839088,0.001378655
9.97E-05,4.295123104,0.000900672
9.97E-05,4.279177307,0.000502352
9.98E-05,4.248083005,0.001298991
9.98E-05,4.240110106,0.001697311
9.98E-05,4.212204963,0.00026336
9.99E-05,4.187488978,0.00026336
9.99E-05,4.177124211,0.000741344
1.00E-04,4.146827198,0.001219327
0.0001,4.13566514,0.001219327
0.00010004,4.107759997,0.001936302
0.00010008,4.09261149,0.00066168
0.00010012,4.078260274,0.000422688
0.00010016,4.04876055,0.001298991
0.0001002,4.024044566,0.000582016
0.00010024,3.999328582,0.001139663
0.00010028,3.988963814,0.001458319
0.00010032,3.973018018,0.000502352
0.00010036,3.941923715,0.00026336
0.0001004,3.934748107,0.00066168
0.00010044,3.912423992,0.000343024
0.00010048,3.890897167,2.44E-05
0.00010052,3.857410994,0.000980336
0.00010056,3.837478749,0.00026336
0.0001006,3.828708561,-0.001011262
0.00010064,3.792830519,-0.000931598
0.00010068,3.781668462,0.00026336
0.00010072,3.748979579,0.000741344
0.00010076,3.732236493,-0.000134959
0.0001008,3.719479856,0.00066168
0.00010084,3.697155741,0.00066168
0.00010088,3.674034336,2.44E-05
0.00010092,3.650912932,0.000343024
0.00010096,3.629386107,0.000900672
0.000101,3.61344031,0.000343024
0.00010104,3.583143297,0.000582016
0.00010108,3.575967689,0.000900672
0.00010112,3.552048995,-0.000453615
0.00010116,3.530522169,0.000343024
0.0001012,3.501819736,-0.000214623
0.00010124,3.493846838,0.000821008
0.00010128,3.465941694,0.000183697
0.00010132,3.453982347,0.001139663
0.00010136,3.434847391,0.000104033
0.0001014,3.409334117,0.000343024
0.00010144,3.391793741,0.000422688
0.00010148,3.35432112,0.000502352
0.00010152,3.348740091,0.000183697
0.00010156,3.332794295,0.000582016
0.0001016,3.304091861,0.001298991
0.00010164,3.283362326,0.000900672
0.00010168,3.26582195,-0.000373951
0.00010172,3.233133068,-0.000612942
0.00010176,3.218781851,0.000343024
0.0001018,3.207619794,0.000900672
0.00010184,3.174133621,0.000343024
0.00010188,3.158187825,-0.000214623
0.00010192,3.147823057,-0.000214623
0.00010196,3.116728755,-0.000931598
0.000102,3.097593799,-0.000612942
0.00010204,3.080850713,-0.000453615
0.00010208,3.054540149,-0.000373951
0.00010212,3.032216034,0.000343024
0.00010216,3.009891919,2.44E-05
0.0001022,3.001121731,-0.000533279
0.00010224,2.974013877,-0.000214623
0.00010228,2.96125724,0.000741344
0.00010232,2.926176488,0.000502352
0.00010236,2.905446953,-0.00077227
0.0001024,2.886311998,-0.000533279
0.00010244,2.870366201,-0.000931598
0.00010248,2.841663768,0.00066168
0.00010252,2.827312551,0.000502352
0.00010256,2.798610118,-0.000214623
0.0001026,2.780272452,-0.000453615
0.00010264,2.760340206,0.000821008
0.00010268,2.74439441,-0.000453615
0.00010272,2.714097397,-0.000851934
0.00010276,2.70213805,-0.000294287
0.0001028,2.673435616,2.44E-05
0.00010284,2.65669253,0.000183697
0.00010288,2.636760285,0.000183697
0.00010292,2.609652431,0.000502352
0.00010296,2.588125606,2.44E-05
0.000103,2.581747288,0.000741344
0.00010304,2.559423173,0.00066168
0.00010308,2.529923449,2.44E-05
0.00010312,2.498031857,0.000502352
0.00010316,2.504410175,0.000422688
0.0001032,2.474113162,0.001298991
0.00010324,2.453383627,-0.000214623
0.00010328,2.433451382,-0.000453615
0.00010332,2.406343528,-0.000612942
0.00010336,2.380032964,0.000104033
0.0001034,2.360100718,0.000582016
0.00010344,2.336182024,-0.00077227
0.00010348,2.327411836,0.000422688
0.00010352,2.30827688,0.001139663
0.00010356,2.286750055,0.000183697
0.0001036,2.259642202,0.000343024
0.00010364,2.235723507,0.000183697
0.00010368,2.214993972,0.000183697
0.00010372,2.187886118,0.00066168
0.00010376,2.171940322,0.001139663
0.0001038,2.156791815,0.00026336
0.00010384,2.126494802,0.000422688
0.00010388,2.114535455,-0.000294287
0.00010392,2.09380592,-0.000453615
0.00010396,2.068292646,-0.000453615
0.000104,2.044373951,-0.000214623
0.00010404,2.022847126,-0.000134959
0.00010408,2.00690133,0.00026336
0.00010412,1.987766374,0.00026336
0.00010416,1.96305039,0.000183697
0.0001042,1.947901883,-0.000294287
0.00010424,1.927172348,-0.000612942
0.00010428,1.910429262,0.00026336
0.00010432,1.888902437,-0.000851934
0.00010436,1.871362061,0.000104033
0.0001044,1.844254207,0.00026336
0.00010444,1.821132802,0.000104033
0.00010448,1.797214108,2.44E-05
0.00010452,1.78605205,0.00066168
0.00010456,1.754957748,0.001537983
0.0001046,1.739809241,0.000821008
0.00010464,1.711106808,0.000900672
0.00010468,1.696755591,0.000104033
0.00010472,1.673634186,-0.000851934
0.00010476,1.652904651,0.000582016
0.0001048,1.632175116,-0.000134959
0.00010484,1.603472682,-0.000692606
0.00010488,1.593107915,0.000343024
0.00010492,1.56918922,2.44E-05
0.00010496,1.542878656,2.44E-05
0.000105,1.518162672,-0.000134959
0.00010504,1.503014166,2.44E-05
0.00010508,1.472717152,-0.000453615
0.00010512,1.459163226,-0.00077227
0.00010516,1.436839111,-0.000612942
0.0001052,1.420096025,-0.000692606
0.00010524,1.39777191,2.44E-05
0.00010528,1.376245085,0.000502352
0.00010532,1.356312839,-0.000533279
0.00010536,1.335583304,-0.000214623
0.0001054,1.313259189,0.001059999
0.00010544,1.293326944,-0.000692606
0.00010548,1.277381147,0.000422688
0.00010552,1.268610959,-0.000214623
0.00010556,1.239908526,2.44E-05
0.0001056,1.219178991,2.44E-05
0.00010564,1.192071137,2.44E-05
0.00010568,1.172138892,-0.000134959
0.00010572,1.149017487,0.00026336
0.00010576,1.128287952,-0.001011262
0.0001058,1.101180098,0.000343024
0.00010584,1.095599069,0.000343024
0.00010588,1.078855983,-0.00077227
0.00010592,1.054937289,-0.000294287
0.00010596,1.035005043,-0.000134959
0.000106,1.019059247,0.00026336
0.00010604,1.001518871,-0.00117059
0.00010608,0.971221858,-0.000612942
0.00010612,0.96245167,0.000183697
0.00010616,0.938532975,0.00026336
0.0001062,0.912222411,-0.000214623
0.00010624,0.906641383,0.000582016
0.00010628,0.893087456,-0.000134959
0.00010632,0.858006704,-0.000931598
0.00010636,0.846844646,-0.000453615
0.0001064,0.82930427,-0.000692606
0.00010644,0.819736793,-0.000214623
0.00010648,0.805385576,-0.00077227
0.00010652,0.783858751,-0.000453615
0.00010656,0.771102114,-0.000134959
0.0001066,0.751169868,-0.001250254
0.00010664,0.74558884,0.000422688
0.00010668,0.736021362,0.000183697
0.00010672,0.716886406,-0.000214623
0.00010676,0.721670145,-0.000214623
0.0001068,0.696954161,0.000422688
0.00010684,0.688981263,0.000582016
0.00010688,0.691373132,-0.00077227
0.00010692,0.676224626,-0.000214623
0.00010696,0.673832756,-0.000373951
0.000107,0.681008364,0.000502352
0.00010704,0.672238176,-0.000453615
0.00010708,0.670643597,-0.00077227
0.00010712,0.682602944,0.000104033
0.00010716,0.679413785,-0.000214623
0.0001072,0.70014332,-0.000851934
0.00010724,0.712899957,-0.000931598
0.00010728,0.723264725,-0.000533279
0.00010732,0.739210521,-0.000612942
0.00010736,0.753561738,-0.000214623
0.0001074,0.765521085,-0.000533279
0.00010744,0.7878452,0.000104033
0.00010748,0.819736793,0.000183697
0.00010752,0.827709691,-0.000294287
0.00010756,0.82930427,0.000104033
0.0001076,0.867574182,0.000183697
0.00010764,0.878736239,0.000741344
0.00010768,0.897073905,0.000183697
0.00010772,0.927370918,-0.000294287
0.00010776,0.948100453,0.00026336
0.0001078,0.955276061,0.00066168
0.00010784,0.983978495,0.000104033
0.00010788,1.001518871,0.000104033
0.00010792,1.008694479,0.000582016
0.00010796,1.04935626,0.000104033
0.000108,1.068491215,-0.000294287
0.00010804,1.082842432,2.44E-05
0.00010808,1.097990939,2.44E-05
0.00010812,1.131477111,0.000183697
0.00010816,1.141841879,-0.000453615
0.0001082,1.162571414,0.00066168
0.00010824,1.187287398,-0.001011262
0.00010828,1.204827774,0.000741344
0.00010832,1.228746469,0.00026336
0.00010836,1.257448902,-0.001329918
0.0001084,1.271002829,0.000343024
0.00010844,1.292529654,0.001139663
0.00010848,1.325218536,0.000183697
0.00010852,1.332394145,2.44E-05
0.00010856,1.356312839,-0.001011262
0.0001086,1.385812562,-0.000134959
0.00010864,1.405744808,-0.001250254
0.00010868,1.421690604,-0.000692606
0.00010872,1.453582197,-0.000214623
0.00010876,1.476703602,-0.001011262
0.0001088,1.488662949,-0.000373951
0.00010884,1.522946411,-0.000692606
0.00010888,1.537297628,0.000183697
0.00010892,1.557229873,-0.001090926
0.00010896,1.584337727,0.000422688
0.000109,1.603472682,0.001537983
0.00010904,1.621013058,-0.000373951
0.00010908,1.668053158,-0.000214623
0.00010912,1.681607084,0.000900672
0.00010916,1.705525779,0.000741344
0.0001092,1.722268865,0.000980336
0.00010924,1.748579429,2.44E-05
0.00010928,1.758944197,0.000741344
0.00010932,1.78844392,0.000104033
0.00010936,1.804389716,0.000980336
0.0001094,1.829105701,0.000582016
0.00010944,1.857010844,0.002015966
0.00010948,1.87375393,2.44E-05
0.00010952,1.898469915,0.000502352
0.00010956,1.908037392,-0.000373951
0.0001096,1.935942536,0.000821008
0.00010964,1.964644969,0.000741344
0.00010968,1.976604317,-0.000373951
0.00010972,2.00530675,0.000104033
0.00010976,2.020455257,0.000821008
0.0001098,2.04995498,0.000821008
0.00010984,2.065900776,0.000104033
0.00010988,2.084238442,0.000104033
0.00010992,2.115332745,0.000741344
0.00010996,2.1344677,0.001059999
0.00011,2.144035178,-0.000453615
0.00011004,2.170345742,0.000502352
0.00011008,2.190277988,0.000821008
0.00011012,2.22296687,0.00066168
0.00011016,2.238912666,0.000900672
0.0001102,2.26442594,0.00026336
0.00011024,2.285155476,0.000821008
0.00011028,2.293128374,0.000900672
0.00011032,2.321830807,0.000422688
0.00011036,2.346546792,0.00066168
0.0001104,2.362492588,0.00026336
0.00011044,2.374451935,2.44E-05
0.00011048,2.407938107,2.44E-05
0.00011052,2.411924557,-0.000294287
0.00011056,2.444613439,-0.000294287
0.0001106,2.472518583,-0.000294287
0.00011064,2.48288335,-0.001011262
0.00011068,2.503612886,0.000183697
0.00011072,2.525139711,0.000343024
0.00011076,2.539490927,-0.000134959
0.0001108,2.56978794,0.00066168
0.00011084,2.604071402,0.00066168
0.00011088,2.600882243,0.00066168
0.00011092,2.633571126,2.44E-05
0.00011096,2.655097951,0.000104033
0.000111,2.675827486,0.00026336
0.00011104,2.698151601,0.001139663
0.00011108,2.715691977,-0.000214623
0.00011112,2.734029643,-0.000612942
0.00011116,2.74359712,0.000183697
0.0001112,2.767515815,2.44E-05
0.00011124,2.809772175,0.000422688
0.00011128,2.815353204,0.000821008
0.00011132,2.837677319,-0.000373951
0.00011136,2.857609564,0.000900672
0.0001114,2.883122838,0.000980336
0.00011144,2.907838823,0.000900672
0.00011148,2.923784619,0.000502352
0.00011152,2.947703313,0.000900672
0.00011156,2.96205453,0.000980336
0.0001116,2.978797616,0.00026336
0.00011164,2.999527152,0.00066168
0.00011168,3.027432295,0.001139663
0.00011172,3.04975641,0.00066168
0.00011176,3.067296786,0.001059999
0.0001118,3.083242582,-0.000533279
0.00011184,3.109553146,0.000422688
0.00011188,3.129485392,0.00026336
0.00011192,3.161376984,0.000183697
0.00011196,3.17891736,0.000104033
0.000112,3.189282128,0.000582016
0.00011204,3.217187271,0.000343024
0.00011208,3.237916807,0.000422688
0.00011212,3.247484285,0.00066168
0.00011216,3.278578587,0.000343024
0.0001122,3.297713543,0.000582016
0.00011224,3.318443078,0.000741344
0.00011228,3.333591585,0.000502352
0.00011232,3.3559157,0.000741344
0.00011236,3.383820843,0.000821008
0.0001124,3.39578019,0.001059999
0.00011244,3.418104305,0.001697311
0.00011248,3.43963113,0.00066168
0.00011252,3.459563376,0.000900672
0.00011256,3.48587394,0.001697311
0.0001126,3.512184504,0.001617647
0.00011264,3.5281303,0.000980336
0.00011268,3.552846284,0.001219327
0.00011272,3.567197501,0.001378655
0.00011276,3.588724326,0.000980336
0.0001128,3.603872833,0.000821008
0.00011284,3.617426759,0.001537983
0.00011288,3.639750874,0.001059999
0.00011292,3.667656018,0.001298991
0.00011296,3.691574712,0.00066168
0.000113,3.705925929,0.000422688
0.00011304,3.724263595,0.001139663
0.00011308,3.74658771,0.000900672
0.00011312,3.764925376,0.000343024
0.00011316,3.796816968,0.000980336
0.0001132,3.803195287,0.000502352
0.00011324,3.8334923,0.000343024
0.00011328,3.847843517,0.001378655
0.00011332,3.872559501,0.001697311
0.00011336,3.889302587,0.001219327
0.0001134,3.906045673,0.001378655
0.00011344,3.928369788,0.001697311
0.00011348,3.951491193,0.001458319
0.00011352,3.972220728,0.000502352
0.00011356,3.994544843,0.000343024
0.0001136,4.0057069,0.000183697
0.00011364,4.024044566,0.000343024
0.00011368,4.043976811,0.001139663
0.00011372,4.082246723,2.44E-05
0.00011376,4.085435882,0.000502352
0.0001138,4.123705793,0.000741344
0.00011384,4.129286822,0.001059999
0.00011388,4.150813647,0.001458319
0.00011392,4.161975704,0.000422688
0.00011396,4.193867297,0.001219327
0.000114,4.215394122,0.002015966
0.00011404,4.234529078,0.000821008
0.00011408,4.258447772,0.001139663
0.00011412,4.264028801,0.00066168
0.00011416,4.283961046,0.001458319
0.0001142,4.306285161,0.000343024
0.00011424,4.331798435,0.000582016
0.00011428,4.345352362,0.000502352
0.00011432,4.374054796,0.000741344
0.00011436,4.386014143,0.000741344
0.0001144,4.410730127,0.000741344
0.00011444,4.428270503,0.00066168
0.00011448,4.435446111,0.000741344
0.00011452,4.466540414,0.001617647
0.00011456,4.488067239,0.000343024
0.0001146,4.502418456,0.000741344
0.00011464,4.523945281,0.000821008
0.00011468,4.555836874,-0.000214623
0.00011472,4.561417902,2.44E-05
0.00011476,4.582944728,2.44E-05
0.0001148,4.618822769,0.001378655
0.00011484,4.624403798,0.001059999
0.00011488,4.647525203,-0.000294287
0.00011492,4.673038477,0.000343024
0.00011496,4.690578853,0.000980336
0.000115,4.695362592,0.000980336
0.00011504,4.729646054,0.000741344
0.00011508,4.751172879,0.000343024
0.00011512,4.752767458,0.001059999
0.00011516,4.779078022,0.001537983
0.0001152,4.794226529,0.000980336
0.00011524,4.808577746,0.000422688
0.00011528,4.826118122,-0.000453615
0.00011532,4.864388033,0.00066168
0.00011536,4.869969062,0.000183697
0.0001154,4.897076915,0.000183697
0.00011544,4.911428132,0.000502352
0.00011548,4.932954957,0.001139663
0.00011552,4.939333276,0.00066168
0.00011556,4.970427578,0.000741344
0.0001156,4.991157114,2.44E-05
0.00011564,4.994346273,0.000502352
0.00011568,5.023845996,0.000502352
0.00011572,5.038197213,0.000741344
0.00011576,5.047764691,0.001617647
0.0001158,5.070088806,0.001856639
0.00011584,5.09321021,0.001139663
0.00011588,5.106764137,0.000104033
0.00011592,5.133074701,0.000900672
0.00011596,5.141047599,0.000980336
0.000116,5.162574424,0.000582016
0.00011604,5.174533772,0.000343024
0.00011608,5.190479568,0.001378655
0.00011612,5.209614523,0.00066168
0.00011616,5.243897986,0.000821008
0.0001162,5.261438362,0.001537983
0.00011624,5.26861397,0.001537983
0.00011628,5.284559766,0.000183697
0.00011632,5.289343505,0.001139663
0.00011636,5.314856779,0.000104033
0.0001164,5.342761923,0.001139663
0.00011644,5.345153792,0.001378655
0.00011648,5.352329401,0.00066168
0.00011652,5.377045385,0.001378655
0.00011656,5.400964079,0.001139663
0.0001166,5.39697763,0.000980336
0.00011664,5.412126137,0.001697311
0.00011668,5.411328847,0.00026336
0.00011672,5.422490905,0.001378655
0.00011676,5.426477354,0.000104033
0.0001168,5.44082857,0.001697311
0.00011684,5.450396048,0.000741344
0.00011688,5.451990628,0.001298991
0.00011692,5.460760816,0.001219327
0.00011696,5.455179787,0.001219327
0.000117,5.465544555,0.001537983
0.00011704,5.458368946,0.001298991
0.00011708,5.468733714,0.000422688
0.00011712,5.471922873,0.000183697
0.00011716,5.473517453,0.000343024
0.0001172,5.467936424,0.001219327
0.00011724,5.476706612,0.001219327
0.00011728,5.472720163,0.001059999
0.00011732,5.48627409,0.000343024
0.00011736,5.48388222,0.001458319
0.0001174,5.491057829,0.000502352
0.00011744,5.496638858,0.000980336
0.00011748,5.48467951,0.001139663
0.00011752,5.498233437,0.001936302
0.00011756,5.496638858,0.001378655
0.0001176,5.480693061,0.001219327
0.00011764,5.478301192,0.000980336
0.00011768,5.48627409,0.001936302
0.00011772,5.495044278,0.000422688
0.00011776,5.490260539,0.000980336
0.0001178,5.493449698,0.001139663
0.00011784,5.491057829,0.001139663
0.00011788,5.483084931,0.001617647
0.00011792,5.491855119,0.001697311
0.00011796,5.480693061,0.001856639
0.000118,5.483084931,0.000900672
0.00011804,5.480693061,0.001219327
0.00011808,5.479895771,0.000582016
0.00011812,5.479895771,0.002254958
0.00011816,5.488665959,0.001139663
0.0001182,5.467936424,0.001139663
0.00011824,5.471125583,0.001378655
0.00011828,5.471922873,0.001856639
0.00011832,5.459166236,0.001059999
0.00011836,5.463152685,0.001378655
0.0001184,5.453585207,0.001378655
0.00011844,5.449598758,0.001776975
0.00011848,5.435247542,0.001856639
0.00011852,5.436842121,0.001139663
0.00011856,5.428869223,0.00066168
0.0001186,5.414518006,0.000900672
0.00011864,5.417707166,0.001059999
0.00011868,5.39777492,0.000980336
0.00011872,5.375450805,0.001697311
0.00011876,5.361099589,0.001617647
0.0001188,5.336383604,0.000502352
0.00011884,5.3132622,0.000821008
0.00011888,5.304492012,0.001139663
0.00011892,5.273397709,0.001219327
0.00011896,5.251073594,0.001139663
0.000119,5.231141349,0.000582016
0.00011904,5.217587422,0.000741344
0.00011908,5.184101249,0.001537983
0.00011912,5.173736482,0.000980336
0.00011916,5.150615077,0.000980336
0.0001192,5.123507223,0.001298991
0.00011924,5.103574978,0.000900672
0.00011928,5.084440022,0.001697311
0.00011932,5.055737589,0.000980336
0.00011936,5.038197213,0.001617647
0.0001194,5.030224315,0.001219327
0.00011944,4.992751693,0.000821008
0.00011948,4.979995056,0.001458319
0.00011952,4.953684492,0.001139663
0.00011956,4.935346827,0.001059999
0.0001196,4.924982059,0.001139663
0.00011964,4.900266075,0.001298991
0.00011968,4.881131119,0.001219327
0.00011972,4.857212424,0.000900672
0.00011976,4.838874759,0.00066168
0.0001198,4.818942513,0.001219327
0.00011984,4.795023819,0.000821008
0.00011988,4.779875312,0.001059999
0.00011992,4.749578299,0.000502352
0.00011996,4.726456895,0.000422688
0.00012,4.714497547,0.000741344
0.00012004,4.694565302,0.001298991
0.00012008,4.661876419,0.000582016
0.00012012,4.65709268,0.001059999
0.00012016,4.623606508,0.000741344
0.0001202,4.6164309,0.00026336
0.00012024,4.588525756,-0.000134959
0.00012028,4.567796221,0.001059999
0.00012032,4.551850425,0.000741344
0.00012036,4.533512759,0.001139663
0.0001204,4.508796775,0.001936302
0.00012044,4.488864529,0.001059999
0.00012048,4.468932284,0.001537983
0.00012052,4.446608169,0.000821008
0.00012056,4.417905735,0.001617647
0.0001206,4.409932837,0.000343024
0.00012064,4.393189751,0.001537983
0.00012068,4.376446665,0.001059999
0.00012072,4.348541521,0.000900672
0.00012076,4.334190305,0.000502352
0.0001208,4.296717683,-0.000373951
0.00012084,4.277582728,0.000900672
0.00012088,4.26721796,-0.000373951
0.00012092,4.240110106,0.001298991
0.00012096,4.214596832,0.000980336
0.000121,4.205826644,0.00026336
0.00012104,4.187488978,0.000980336
0.00012108,4.172340472,0.000821008
0.00012112,4.155597386,0.000741344
0.00012116,4.126894952,0.000183697
0.0001212,4.114935605,0.000980336
0.00012124,4.091016911,0.00066168
0.00012128,4.075071114,0.000502352
0.00012132,4.043179522,0.000502352
0.00012136,4.025639146,0.00066168
0.0001214,4.00490961,0.000104033
0.00012144,3.998531292,0.000422688
0.00012148,3.96504512,0.000422688
0.00012152,3.949896613,0.000502352
0.00012156,3.923586049,0.001378655
0.0001216,3.904451093,-0.000134959
0.00012164,3.878937819,0.000502352
0.00012168,3.852627255,0.00066168
0.00012172,3.841465198,0.000502352
0.00012176,3.816749214,0.00026336
0.0001218,3.792830519,2.44E-05
0.00012184,3.781668462,2.44E-05
0.00012188,3.748979579,0.00066168
0.00012192,3.738614812,0.000821008
0.00012196,3.725858175,0.001298991
0.000122,3.697953031,-0.000533279
0.00012204,3.673237047,0.00066168
0.00012208,3.65649396,0.000741344
0.00012212,3.631777976,0.000183697
0.00012216,3.618224049,0.000502352
0.0001222,3.593508065,0.001298991
0.00012224,3.576764979,-0.000453615
0.00012228,3.544076096,0.000183697
0.00012232,3.524941141,-0.000294287
0.00012236,3.504211605,-0.000134959
0.0001224,3.495441418,0.001378655
0.00012244,3.467536274,0.001059999
0.00012248,3.453185057,0.000183697
0.00012252,3.426077203,0.001458319
0.00012256,3.39657748,0.000582016
0.0001226,3.383023553,0.000343024
0.00012264,3.370266916,-0.000373951
0.00012268,3.342361773,0.001139663
0.00012272,3.327213266,0.000502352
0.00012276,3.302497282,0.000104033
0.0001228,3.280970457,0.000900672
0.00012284,3.252268023,0.000502352
0.00012288,3.243497835,0.000582016
0.00012292,3.217984561,0.000104033
0.00012296,3.199646896,0.000900672
0.000123,3.170944462,-0.000294287
0.00012304,3.153404086,-0.000851934
0.00012308,3.134269131,0.000183697
0.00012312,3.115931465,0.000343024
0.00012316,3.09281006,0.000900672
0.0001232,3.076066974,2.44E-05
0.00012324,3.054540149,-0.000214623
0.00012328,3.024243136,0.00026336
0.00012332,3.012283789,2.44E-05
0.00012336,2.972419298,0.000183697
0.0001234,2.966040979,-0.000692606
0.00012344,2.948500603,-0.000533279
0.00012348,2.91979817,0.000183697
0.00012352,2.911027982,0.00026336
0.00012356,2.87754181,-0.000294287
0.0001236,2.87594723,0.001059999
0.00012364,2.846447507,0.001139663
0.00012368,2.821731522,0.00066168
0.00012372,2.797015538,0.000821008
0.00012376,2.781867032,0.00066168
0.0001238,2.749975439,0.000821008
0.00012384,2.738016092,0.001697311
0.00012388,2.727651324,0.000900672
0.00012392,2.696557021,0.000582016
0.00012396,2.679016645,0.000980336
0.000124,2.668651878,0.000502352
0.00012404,2.620017199,0.001139663
0.00012408,2.608855141,2.44E-05
0.00012412,2.593706635,0.001458319
0.00012416,2.565004201,0.000422688
0.0001242,2.563409622,0.000980336
0.00012424,2.533112609,0.000502352
0.00012428,2.503612886,2.44E-05
0.00012432,2.486869799,0.000900672
0.00012436,2.470126713,0.001139663
0.0001244,2.437437831,0.000582016
0.00012444,2.430262222,0.00066168
0.00012448,2.413519136,0.000582016
0.00012452,2.378438384,0.001059999
0.00012456,2.371262776,0.000183697
0.0001246,2.347344081,0.00066168
0.00012464,2.307479591,-0.000612942
0.00012468,2.293128374,-0.001011262
0.00012472,2.276385288,0.000422688
0.00012476,2.255655753,0.000582016
0.0001248,2.233331638,0.001298991
0.00012484,2.22296687,0.000582016
0.00012488,2.201440045,0.000980336
0.00012492,2.1815078,0.001139663
0.00012496,2.159183685,0.000104033
0.000125,2.129683961,0.001139663
0.00012504,2.112143585,0.000422688
0.00012508,2.09460321,0.001219327
0.00012512,2.073076384,-0.000373951
0.00012516,2.044373951,-0.000373951
0.0001252,2.019657967,0.00066168
0.00012524,2.002914881,0.000741344
0.00012528,1.986171794,0.000502352
0.00012532,1.966239549,0.001378655
0.00012536,1.937537116,0.000104033
0.0001254,1.91760487,-0.000214623
0.00012544,1.899267204,-0.000533279
0.00012548,1.880929539,0.000343024
0.00012552,1.864983742,0.000502352
0.00012556,1.836281309,0.000502352
0.0001256,1.820335513,0.000502352
0.00012564,1.797214108,0.000582016
0.00012568,1.772498124,-0.000134959
0.00012572,1.751768588,0.001219327
0.00012576,1.717485126,0.000582016
0.0001258,1.716687836,0.00026336
0.00012584,1.696755591,0.000980336
0.00012588,1.665661288,-0.001011262
0.00012592,1.648918202,0.00026336
0.00012596,1.630580536,0.000582016
0.000126,1.593905205,0.00026336
0.00012604,1.585135017,-0.000214623
0.00012608,1.558027163,0.001219327
0.00012612,1.546865105,0.000104033
0.00012616,1.514973513,0.000343024
0.0001262,1.502216876,-0.000373951
0.00012624,1.476703602,0.00026336
0.00012628,1.444014719,-0.000214623
0.00012632,1.444014719,-0.000134959
0.00012636,1.424082474,2.44E-05
0.0001264,1.387407142,0.00026336
0.00012644,1.379434244,-0.000373951
0.00012648,1.35392097,2.44E-05
0.00012652,1.331596855,-0.000373951
0.00012656,1.320434797,0.000582016
0.0001266,1.296516103,-0.000134959
0.00012664,1.26701638,-0.000692606
0.00012668,1.252665163,0.001139663
0.00012672,1.231935628,0.000183697
0.00012676,1.204030484,0.000104033
0.0001268,1.199246745,0.000183697
0.00012684,1.170544312,-0.000134959
0.00012688,1.151409356,0.000104033
0.00012692,1.131477111,2.44E-05
0.00012696,1.103571967,0.000502352
0.000127,1.099585518,2.44E-05
0.00012704,1.060518317,0.000582016
0.00012708,1.050950839,-0.000373951
0.00012712,1.034207753,0.000183697
0.00012716,1.011883638,0.00026336
0.0001272,0.993545973,0.000502352
0.00012724,0.972019148,-0.000453615
0.00012728,0.948897743,-0.001329918
0.00012732,0.946505873,2.44E-05
0.00012736,0.920195309,-0.000214623
0.0001274,0.903452223,0.000502352
0.00012744,0.895479325,2.44E-05
0.00012748,0.865979602,0.000582016
0.00012752,0.855614834,-0.000294287
0.00012756,0.840466328,-0.001568909
0.0001276,0.827709691,-0.001409582
0.00012764,0.798209968,-0.001011262
0.00012768,0.790237069,-0.001011262
0.00012772,0.78545333,-0.000134959
0.00012776,0.751967158,-0.000931598
0.0001278,0.74558884,-0.001011262
0.00012784,0.734426782,-0.000533279
0.00012788,0.724062015,-0.000533279
0.00012792,0.718480986,0.00026336
0.00012796,0.692967712,-0.000931598
0.000128,0.696954161,2.44E-05
0.00012804,0.685792103,0.000104033
0.00012808,0.685792103,0.000343024
0.00012812,0.677021915,-0.000214623
0.00012816,0.681008364,0.000741344
0.0001282,0.687386683,0.00026336
0.00012824,0.683400234,0.000422688
0.00012828,0.692967712,-0.000453615
0.00012832,0.70253519,0.00066168
0.00012836,0.720872855,0.000422688
0.0001284,0.724859304,-0.000214623
0.00012844,0.74239968,0.000980336
0.00012848,0.756750897,0.00026336
0.00012852,0.764723795,-0.000692606
0.00012856,0.784656041,0.00026336
0.0001286,0.807777445,0.00026336
0.00012864,0.818142213,0.000183697
0.00012868,0.838871748,0.000104033
0.00012872,0.845250067,-0.000294287
0.00012876,0.864385022,0.000343024
0.0001288,0.889101007,-0.000931598
0.00012884,0.911425121,-0.000692606
0.00012888,0.91780344,0.000502352
0.00012892,0.940127555,-0.00077227
0.00012896,0.96324896,-0.000533279
0.000129,0.983978495,0.000502352
0.00012904,0.999924291,-0.000214623
0.00012908,1.023045696,-0.000373951
0.00012912,1.042180651,-0.000373951
0.00012916,1.062910187,0.000582016
0.0001292,1.078058693,0.000343024
0.00012924,1.106761127,-0.000453615
0.00012928,1.127490662,-0.000453615
0.00012932,1.144233748,-0.000294287
0.00012936,1.162571414,0.000741344
0.0001294,1.191273847,0.000104033
0.00012944,1.216787121,-0.000612942
0.00012948,1.243894975,-0.000294287
0.00012952,1.259043482,0.000183697
0.00012956,1.280570307,-0.000214623
0.0001296,1.293326944,2.44E-05
0.00012964,1.331596855,-0.000134959
0.00012968,1.344353492,-0.000373951
0.00012972,1.35232639,-0.001011262
0.00012976,1.390596301,0.00066168
0.0001298,1.416906865,0.00026336
0.00012984,1.422487894,-0.001250254
0.00012988,1.43923098,-0.000294287
0.00012992,1.487068369,0.001139663
0.00012996,1.495838557,-0.000294287
0.00013,1.519757252,0.00026336
0.00013004,1.535703048,0.000582016
0.00013008,1.56918922,-0.000214623
0.00013012,1.587526886,0.00066168
0.00013016,1.618621189,0.000582016
0.0001302,1.645729043,0.000900672
0.00013024,1.65928297,0.000821008
0.00013028,1.683201664,0.000183697
0.00013032,1.705525779,-0.000134959
0.00013036,1.716687836,0.000343024
0.0001304,1.751768588,-0.000373951
0.00013044,1.769308964,0.000502352
0.00013048,1.78764663,-0.000294287
0.00013052,1.825916541,0.000183697
0.00013056,1.835484019,0.000582016
0.0001306,1.865781032,-0.00077227
0.00013064,1.880132249,0.000343024
0.00013068,1.896875335,-0.001090926
0.00013072,1.91840216,0.000183697
0.00013076,1.942320855,0.000582016
0.0001308,1.954280202,0.00026336
0.00013084,1.987766374,0.000183697
0.00013088,2.001320301,0.000900672
0.00013092,2.024441706,-0.000294287
0.00013096,2.04756311,-0.000294287
0.000131,2.071481805,0.000343024
0.00013104,2.09141405,0.000900672
0.00013108,2.108954426,0.000183697
0.00013112,2.138454149,0.000343024
0.00013116,2.159183685,0.000582016
0.0001312,2.17911593,2.44E-05
0.00013124,2.203034625,-0.000373951
0.00013128,2.22376416,2.44E-05
0.00013132,2.240507246,0.000741344
0.00013136,2.254061173,-0.000373951
0.0001314,2.287547345,0.001059999
0.00013144,2.303493142,0.000502352
0.00013148,2.318641648,-0.000294287
0.00013152,2.344952212,0.001776975
0.00013156,2.363289878,0.000741344
0.0001316,2.382424833,-0.000373951
0.00013164,2.408735397,0.000343024
0.00013168,2.422289324,0.000183697
0.00013172,2.444613439,0.000343024
0.00013176,2.493248118,0.000582016
0.0001318,2.504410175,0.000582016
0.00013184,2.505207465,0.000502352
0.00013188,2.534707188,0.000900672
0.00013192,2.564206912,0.001378655
0.00013196,2.566598781,0.000821008
0.000132,2.593706635,0.000582016
0.00013204,2.620017199,0.00026336
0.00013208,2.641544024,0.00066168
0.00013212,2.65589524,0.000821008
0.00013216,2.685394964,0.001139663
0.0001322,2.70373263,0.001219327
0.00013224,2.715691977,0.001298991
0.00013228,2.74359712,0.001139663
0.00013232,2.765921235,0.000502352
0.00013236,2.784258901,0.00066168
0.0001324,2.812164045,-0.000134959
0.00013244,2.825717971,-0.000692606
0.00013248,2.842461058,-0.000294287
0.00013252,2.879933679,-0.000214623
0.00013256,2.887109287,0.000183697
0.0001326,2.911027982,-0.000533279
0.00013264,2.922190039,0.000343024
0.00013268,2.959662661,2.44E-05
0.00013272,2.967635559,0.00026336
0.00013276,2.984378645,0.000104033
0.0001328,3.009891919,0.000582016
0.00013284,3.015472948,-0.000533279
0.00013288,3.04975641,-0.000851934
0.00013292,3.068094076,0.000343024
0.00013296,3.084039872,-0.000692606
0.000133,3.114336885,0.000343024
0.00013304,3.13586371,0.000343024
0.00013308,3.152606796,0.000422688
0.00013312,3.172539042,0.000183697
0.00013316,3.194065867,-0.000692606
0.0001332,3.210808953,-0.000692606
0.00013324,3.233133068,0.000422688
0.00013328,3.270605689,2.44E-05
0.00013332,3.282565036,0.001059999
0.00013336,3.297713543,0.00026336
0.0001334,3.326415976,0.000821008
0.00013344,3.335186164,0.000741344
0.00013348,3.359902149,0.000582016
0.00013352,3.389401872,0.000183697
0.00013356,3.39896935,2.44E-05
0.0001336,3.427671783,0.000502352
0.00013364,3.44282029,0.000422688
0.00013368,3.473117303,0.000343024
0.00013372,3.492252258,0.00066168
0.00013376,3.519360112,0.000104033
0.0001338,3.5281303,0.000980336
0.00013384,3.549657125,0.001139663
0.00013388,3.57357582,0.001458319
0.00013392,3.599886384,0.00026336
0.00013396,3.611048441,0.001219327
0.000134,3.630183397,0.000980336
0.00013404,3.644534613,0.000582016
0.00013408,3.663669569,0.001617647
0.00013412,3.70353406,0.001139663
0.00013416,3.713101537,0.000502352
0.0001342,3.725858175,0.000900672
0.00013424,3.755357898,0.000821008
0.00013428,3.784060331,-0.000214623
0.00013432,3.783263041,-0.000533279
0.00013436,3.818343793,0.000502352
0.0001344,3.83428959,-0.000214623
0.00013444,3.858208284,-0.000294287
0.00013448,3.87814053,0.000183697
0.00013452,3.906842963,0.000980336
0.00013456,3.921991469,0.000183697
0.0001346,3.939531845,2.44E-05
0.00013464,3.958666801,0.000104033
0.00013468,3.968234279,0.000422688
0.00013472,3.996139422,0.000980336
0.00013476,4.014477088,0.001139663
0.0001348,4.044774101,0.00026336
0.00013484,4.052746999,0.001537983
0.00013488,4.086233172,0.001936302
0.00013492,4.087030462,2.44E-05
0.00013496,4.113341025,0.001458319
0.000135,4.13725972,0.000741344
0.00013504,4.154800096,0.000502352
0.00013508,4.176326921,2.44E-05
0.00013512,4.197853746,0.001537983
0.00013516,4.22336702,0.001617647
0.0001352,4.232934498,0.000900672
0.00013524,4.270407119,0.000980336
0.00013528,4.277582728,0.000422688
0.00013532,4.293528524,-0.000294287
0.00013536,4.322230957,0.000821008
0.0001354,4.334190305,0.00066168
0.00013544,4.35412255,-0.000214623
0.00013548,4.370068346,0.00026336
0.00013552,4.395581621,0.001219327
0.00013556,4.404351809,0.000343024
0.0001356,4.436243401,0.001219327
0.00013564,4.456175647,0.001617647
0.00013568,4.476107892,0.000582016
0.00013572,4.492850978,0.00066168
0.00013576,4.517566963,0.000183697
0.0001358,4.531918179,0.000582016
0.00013584,4.547066686,0.001298991
0.00013588,4.563809772,0.000900672
0.00013592,4.580552858,0.001298991
0.00013596,4.61722819,0.00066168
0.000136,4.635565855,0.001059999
0.00013604,4.643538754,0.000821008
0.00013608,4.666660158,0.000980336
0.00013612,4.684200534,0.000900672
0.00013616,4.712902968,0.001458319
0.0001362,4.725659605,0.000502352
0.00013624,4.74798372,0.000502352
0.00013628,4.762334936,0.001776975
0.00013632,4.773496994,0.00066168
0.00013636,4.806983166,0.000502352
0.0001364,4.820537093,0.001298991
0.00013644,4.843658498,-0.000294287
0.00013648,4.858807004,0.000821008
0.00013652,4.864388033,0.000741344
0.00013656,4.892293176,0.001537983
0.0001366,4.92099561,0.001298991
0.00013664,4.934549537,0.001697311
0.00013668,4.956076362,0.002015966
0.00013672,4.974414028,0.001378655
0.00013676,4.995143563,0.001219327
0.0001368,5.019062257,0.001776975
0.00013684,5.032616184,0.000343024
0.00013688,5.05015656,0.000980336
0.00013692,5.060521328,0.000741344
0.00013696,5.101183108,0.001139663
0.000137,5.102777688,0.001298991
0.00013704,5.110750586,0.000183697
0.00013708,5.151412367,0.001059999
0.00013712,5.157790685,0.000980336
0.00013716,5.170547322,0.000343024
0.0001372,5.18170938,0.000422688
0.00013724,5.203236205,-0.000294287
0.00013728,5.221573871,0.000741344
0.00013732,5.245492565,0.000980336
0.00013736,5.265424811,0.00066168
0.0001374,5.26701939,0.001298991
0.00013744,5.288546215,0.00026336
0.00013748,5.305289301,0.000980336
0.00013752,5.330802576,0.001139663
0.00013756,5.343559213,0.001059999
0.0001376,5.366680617,0.001219327
0.00013764,5.368275197,0.000183697
0.00013768,5.385815573,0.001059999
0.00013772,5.39857221,0.000821008
0.00013776,5.39857221,0.001936302
0.0001378,5.411328847,0.001697311
0.00013784,5.429666513,0.000980336
0.00013788,5.440031281,0.000900672
0.00013792,5.431261093,0.000422688
0.00013796,5.447206889,0.001139663
0.000138,5.455179787,0.001697311
0.00013804,5.469531004,-0.000134959
0.00013808,5.462355395,0.001458319
0.00013812,5.468733714,0.000741344
0.00013816,5.467139134,0.000821008
0.0001382,5.480693061,0.001776975
0.00013824,5.48388222,0.001139663
0.00013828,5.482287641,0.001697311
0.00013832,5.479098482,0.000980336
0.00013836,5.494246988,0.001059999
0.0001384,5.4854768,0.001059999
0.00013844,5.499828017,0.000980336
0.00013848,5.494246988,0.001537983
0.00013852,5.48707138,0.000980336
0.00013856,5.491855119,0.00066168
0.0001386,5.503814466,0.001219327
0.00013864,5.490260539,0.000980336
0.00013868,5.503814466,0.000900672
0.00013872,5.499828017,0.002414286
0.00013876,5.497436147,0.001936302
0.0001388,5.493449698,0.001617647
0.00013884,5.497436147,0.001776975
0.00013888,5.495044278,0.000900672
0.00013892,5.491057829,0.001219327
0.00013896,5.48707138,0.000582016
0.000139,5.489463249,0.00066168
0.00013904,5.492652408,0.001059999
0.00013908,5.493449698,0.001537983
0.00013912,5.488665959,0.001458319
0.00013916,5.490260539,0.000582016
0.0001392,5.483084931,0.000900672
0.00013924,5.483084931,0.001458319
0.00013928,5.479098482,0.001856639
0.00013932,5.491855119,0.001139663
0.00013936,5.481490351,0.000900672
0.0001394,5.490260539,0.000900672
0.00013944,5.481490351,0.001458319
0.00013948,5.479098482,0.001298991
0.00013952,5.471922873,0.000900672
0.00013956,5.462355395,0.001617647
0.0001396,5.455179787,0.001139663
0.00013964,5.457571656,0.001219327
0.00013968,5.444815019,0.000422688
0.00013972,5.439233991,0.001378655
0.00013976,5.423288194,0.001378655
0.0001398,5.412923427,0.000900672
0.00013984,5.390599312,0.001219327
0.00013988,5.365086038,-0.000134959
0.00013992,5.363491458,-0.000134959
0.00013996,5.343559213,0.00066168
0.00014,5.315654069,0.000502352
0.00014004,5.300505563,0.000980336
0.00014008,5.275789578,0.001617647
0.00014012,5.247087145,0.000502352
0.00014016,5.22556032,0.000422688
0.0001402,5.212006393,0.000741344
0.00014024,5.184898539,0.000900672
0.00014028,5.156993396,0.000422688
0.00014032,5.149817787,0.000980336
0.00014036,5.110750586,0.000343024
0.0001404,5.090818341,0.001059999
0.00014044,5.078061704,0.000582016
0.00014048,5.069291516,0.000422688
0.00014052,5.026237866,0.001378655
0.00014056,5.016670388,0.000343024
0.0001406,4.997535432,0.000821008
0.00014064,4.968035709,-0.000134959
0.00014068,4.957670941,0.001139663
0.00014072,4.925779349,0.00066168
0.00014076,4.915414581,0.000502352
0.0001408,4.892293176,0.001458319
0.00014084,4.880333829,0.001139663
0.00014088,4.846050367,0.000582016
0.00014092,4.830901861,0.000741344
0.00014096,4.820537093,0.000343024
0.000141,4.800604847,0.00066168
0.00014104,4.767915965,0.000343024
0.00014108,4.749578299,0.000821008
0.00014112,4.722470445,0.000741344
0.00014116,4.70333549,0.001139663
0.0001412,4.692970722,0.000422688
0.00014124,4.675430346,0.000980336
0.00014128,4.645930623,0.001458319
0.00014132,4.629984827,0.002015966
0.00014136,4.603674263,0.001537983
0.0001414,4.591714916,0.000343024
0.00014144,4.566998931,0.00066168
0.00014148,4.544674816,0.000422688
0.00014152,4.532715469,0.001776975
0.00014156,4.512783224,0.001059999
0.0001416,4.482486211,0.000502352
0.00014164,4.464945835,0.000582016
0.00014168,4.452986487,0.00066168
0.00014172,4.434648822,0.000821008
0.00014176,4.407540968,0.001139663
0.0001418,4.382824984,0.001139663
0.00014184,4.377243955,0.000422688
0.00014188,4.337379464,0.001059999
0.00014192,4.333393015,0.000183697
0.00014196,4.301501422,-0.000373951
0.000142,4.290339365,0.001059999
0.00014204,4.26562338,-0.000134959
0.00014208,4.242501976,-0.000612942
0.00014212,4.232137208,0.00066168
0.00014216,4.203434775,0.00066168
0.0001422,4.184299819,0.001219327
0.00014224,4.167556733,0.000502352
0.00014228,4.148421777,0.000900672
0.00014232,4.118124764,0.00066168
0.00014236,4.106962707,0.00026336
0.0001424,4.073476535,0.000343024
0.00014244,4.056733448,0.00066168
0.00014248,4.030422885,0.000741344
0.00014252,4.017666247,0.001458319
0.00014256,3.993747553,0.001537983
0.0001426,3.967436989,0.000104033
0.00014264,3.949896613,0.000502352
0.00014268,3.942721005,0.000741344
0.00014272,3.910829412,0.001059999
0.00014276,3.892491746,0.000980336
0.0001428,3.880532399,0.001458319
0.00014284,3.848640806,0.001378655
0.00014288,3.829505851,0.001458319
0.00014292,3.814357344,-0.000294287
0.00014296,3.784857621,0.000582016
0.000143,3.772100984,0.001059999
0.00014304,3.749776869,0.001059999
0.00014308,3.733033783,0.000582016
0.00014312,3.709115088,0.001617647
0.00014316,3.689182843,0.001458319
0.0001432,3.684399104,0.000422688
0.00014324,3.637359005,0.000821008
0.00014328,3.632575266,0.000104033
0.00014332,3.595899934,0.00026336
0.00014336,3.57118395,0.000183697
0.0001434,3.565602921,0.000741344
0.00014344,3.546467966,0.000582016
0.00014348,3.517765532,-0.000453615
0.00014352,3.508198055,0.000343024
0.00014356,3.490657679,0.001537983
0.0001436,3.461955245,0.000183697
0.00014364,3.433252812,0.001139663
0.00014368,3.424482624,0.000343024
0.00014372,3.404550378,0.001139663
0.00014376,3.387010002,0.000741344
0.0001438,3.360699438,0.000821008
0.00014384,3.336780744,0.001139663
0.00014388,3.322429527,2.44E-05
0.00014392,3.300105412,0.001856639
0.00014396,3.275389428,0.001298991
0.000144,3.249078864,0.00066168
0.00014404,3.237916807,2.44E-05
0.00014408,3.214795402,-0.000134959
0.00014412,3.187687548,-0.000373951
0.00014416,3.170944462,-0.000612942
0.0001442,3.158985115,0.000343024
0.00014424,3.132674551,-0.000294287
0.00014428,3.115134175,0.000502352
0.00014432,3.081648003,0.000104033
0.00014436,3.072080525,0.000104033
0.0001444,3.055337439,-0.000533279
0.00014444,3.026635005,2.44E-05
0.00014448,3.002716311,-0.000373951
0.00014452,2.981986776,0.000104033
0.00014456,2.952487052,0.000582016
0.0001446,2.946108734,-0.000851934
0.00014464,2.922987329,-0.000851934
0.00014468,2.898271345,0.000422688
0.00014472,2.87674452,-0.001568909
0.00014476,2.864785172,-0.000294287
0.0001448,2.845650217,0.000422688
0.00014484,2.816947783,-0.000214623
0.00014488,2.796218248,0.000502352
0.00014492,2.773096844,2.44E-05
0.00014496,2.753164598,-0.000134959
0.000145,2.738813381,0.000821008
0.00014504,2.716489267,0.000821008
0.00014508,2.686989543,-0.000612942
0.00014512,2.670246457,-0.000453615
0.00014516,2.6590844,-0.000533279
0.0001452,2.620017199,-0.000134959
0.00014524,2.609652431,0.00066168
0.00014528,2.592112055,0.000343024
0.00014532,2.568193361,0.000343024
0.00014536,2.553842144,0.000183697
0.0001454,2.533112609,0.00026336
0.00014544,2.509991204,0.00026336
0.00014548,2.48208606,0.001139663
0.00014552,2.458167366,-0.000214623
0.00014556,2.432654092,2.44E-05
0.0001456,2.415113716,-0.000373951
0.00014564,2.392789601,-0.000373951
0.00014568,2.368870906,0.000582016
0.00014572,2.351330531,-0.000533279
0.00014576,2.330600995,0.000183697
0.0001458,2.304290431,-0.000294287
0.00014584,2.290736504,-0.000692606
0.00014588,2.269209679,-0.00077227
0.00014592,2.244493695,0.000104033
0.00014596,2.22137229,0.000900672
0.000146,2.211804813,0.00026336
0.00014604,2.17831864,-0.001011262
0.00014608,2.162372844,-0.000453615
0.00014612,2.148818917,-0.000134959
0.00014616,2.126494802,-0.000692606
0.0001462,2.096197789,-0.000692606
0.00014624,2.09061676,-0.001011262
0.00014628,2.069887225,-0.000612942
0.00014632,2.037995633,-0.001011262
0.00014636,2.013279648,0.000343024
0.0001464,1.996536562,0.000104033
0.00014644,1.975807027,-0.000294287
0.00014648,1.958266651,-0.000294287
0.00014652,1.936739826,-0.000214623
0.00014656,1.916010291,0.000741344
0.0001466,1.898469915,-0.000294287
0.00014664,1.87455122,-0.001329918
0.00014668,1.855416265,0.000821008
0.00014672,1.827511121,-0.000373951
0.00014676,1.812362614,0.00066168
0.0001468,1.78684934,0.00066168
0.00014684,1.766917095,0.00066168
0.00014688,1.747782139,0.000582016
0.00014692,1.727849894,2.44E-05
0.00014696,1.691174562,0.000422688
0.000147,1.683998954,0.000183697
0.00014704,1.654499231,-0.000612942
0.00014708,1.639350724,0.001298991
0.00014712,1.621810348,0.000422688
0.00014716,1.602675393,-0.000931598
0.0001472,1.573972959,-0.000214623
0.00014724,1.558824453,0.000343024
0.00014728,1.538094917,0.000582016
0.00014732,1.511784353,-0.00077227
0.00014736,1.495041267,-0.000533279
0.0001474,1.475906312,-0.000214623
0.00014744,1.450393038,-0.001250254
0.00014748,1.436041821,-0.000692606
0.00014752,1.416109575,-0.00077227
0.00014756,1.402555649,-0.000851934
0.0001476,1.376245085,-0.001568909
0.00014764,1.357907419,-0.000692606
0.00014768,1.323623957,2.44E-05
0.00014772,1.313259189,0.000343024
0.00014776,1.299705262,-0.001250254
0.0001478,1.26462451,-0.000214623
0.00014784,1.258246192,0.000422688
0.00014788,1.233530207,2.44E-05
0.00014792,1.22396273,0.000183697
0.00014796,1.184895529,0.000741344
0.000148,1.17771992,2.44E-05
0.00014804,1.146625617,0.000183697
0.00014808,1.131477111,0.000900672
0.00014812,1.125098792,0.000502352
0.00014816,1.0932072,-0.000373951
0.0001482,1.072477664,2.44E-05
0.00014824,1.055734578,0.000422688
0.00014828,1.036599623,-0.000373951
0.00014832,1.007897189,2.44E-05
0.00014836,0.983978495,-0.000134959
0.0001484,0.972019148,-0.000931598
0.00014844,0.954478772,-0.000134959
0.00014848,0.933749236,0.000741344
0.00014852,0.91700615,2.44E-05
0.00014856,0.885911847,-0.00117059
0.0001486,0.877141659,-0.000692606
0.00014864,0.866776892,-0.000214623
0.00014868,0.850831095,-0.00077227
0.00014872,0.836479879,0.000741344
0.00014876,0.817344923,-0.000533279
0.0001488,0.802993706,-0.000851934
0.00014884,0.784656041,0.000502352
0.00014888,0.782264171,0.000422688
0.00014892,0.759940056,-0.000214623
0.00014896,0.74558884,0.00066168
0.000149,0.735224072,0.000980336
0.00014904,0.723264725,0.001298991
0.00014908,0.705724349,0.000422688
0.00014912,0.705724349,0.000104033
0.00014916,0.684197524,-0.000373951
0.0001492,0.690575842,0.000582016
0.00014924,0.684197524,-0.000294287
0.00014928,0.672238176,-0.000134959
0.00014932,0.679413785,-0.000294287
0.00014936,0.677021915,0.00026336
0.0001494,0.682602944,0.000183697
0.00014944,0.695359581,-0.000214623
0.00014948,0.69854874,0.000104033
0.00014952,0.712102667,-0.000294287
0.00014956,0.729643043,0.00026336
0.0001496,0.741602391,0.000980336
0.00014964,0.74479155,0.000502352
0.00014968,0.759142767,0.000183697
0.00014972,0.772696693,2.44E-05
0.00014976,0.78943978,0.000104033
0.0001498,0.808574735,-0.000453615
0.00014984,0.83010156,-0.000294287
0.00014988,0.839669038,-0.000692606
0.00014992,0.870763341,0.000422688
0.00014996,0.885114558,-0.000373951
0.00015,0.904249513,0.000183697
0.00015004,0.923384469,-0.000851934
0.00015008,0.940924845,-0.000851934
0.00015012,0.9600598,-0.000294287
0.00015016,0.978397466,-0.000134959
0.0001502,0.991154103,0.000183697
0.00015024,1.024640275,-0.000373951
0.00015028,1.043775231,-0.000373951
0.00015032,1.063707476,-0.000134959
0.00015036,1.084437012,0.00026336
0.0001504,1.102774678,0.000104033
0.00015044,1.130679821,-0.000294287
0.00015048,1.141841879,-0.000453615
0.00015052,1.173733471,0.000183697
0.00015056,1.190476557,-0.000134959
0.0001506,1.219178991,-0.001568909
0.00015064,1.248678714,0.00026336
0.00015068,1.259043482,-0.000612942
0.00015072,1.287745915,-0.000214623
0.00015076,1.303691711,0.000900672
0.0001508,1.319637508,-0.001250254
0.00015084,1.349137231,0.00026336
0.00015088,1.365083027,-0.001409582
0.00015092,1.388204432,0.000183697
0.00015096,1.409731257,-0.000612942
0.000151,1.424879763,0.000821008
0.00015104,1.452784907,-0.000533279
0.00015108,1.48228463,0.000104033
0.00015112,1.507000615,-0.000294287
0.00015116,1.52613557,0.000582016
0.0001512,1.550054265,0.00066168
0.00015124,1.576364829,-0.001090926
0.00015128,1.586729596,0.000502352
0.00015132,1.621013058,2.44E-05
0.00015136,1.637756145,2.44E-05
0.0001514,1.666458578,-0.000214623
0.00015144,1.685593534,0.000422688
0.00015148,1.707917648,-0.000294287
0.00015152,1.717485126,-0.001489245
0.00015156,1.753363168,0.001219327
0.0001516,1.762133356,-0.000294287
0.00015164,1.78844392,-0.000533279
0.00015168,1.816349063,0.000422688
0.00015172,1.837875889,0.000502352
0.00015176,1.857010844,0.00026336
0.0001518,1.87694309,0.00026336
0.00015184,1.903253654,0.001059999
0.00015188,1.914415711,2.44E-05
0.00015192,1.932753377,-0.000214623
0.00015196,1.975009737,-0.000373951
0.000152,1.985374505,0.000183697
0.00015204,2.010090489,0.000821008
0.00015208,2.030022734,-0.000134959
0.00015212,2.057130588,-0.000612942
0.00015216,2.066698066,0.000422688
0.0001522,2.09460321,0.00026336
0.00015224,2.096197789,-0.000612942
0.00015228,2.128886672,-0.000851934
0.00015232,2.150413497,-0.000373951
0.00015236,2.175926771,0.000183697
0.0001524,2.204629204,-0.000134959
0.00015244,2.217385841,0.000343024
0.00015248,2.238912666,0.000343024
0.00015252,2.252466593,-0.000294287
0.00015256,2.278777157,0.000502352
0.0001526,2.300303982,0.000422688
0.00015264,2.314655199,0.00066168
0.00015268,2.343357632,-0.000533279
0.00015272,2.35451969,0.000104033
0.00015276,2.376046515,-0.000214623
0.0001528,2.39677605,0.001219327
0.00015284,2.426275773,0.00026336
0.00015288,2.438235121,0.000582016
0.00015292,2.468532134,-0.000214623
0.00015296,2.498829147,0.00026336
0.000153,2.508396624,-0.001011262
0.00015304,2.537099058,0.000821008
0.00015308,2.553842144,0.000183697
0.00015312,2.57217981,-0.000453615
0.00015316,2.599287664,0.000343024
0.0001532,2.616828039,-0.000373951
0.00015324,2.631179256,-0.000453615
0.00015328,2.6590844,0.00066168
0.00015332,2.687786833,0.00026336
0.00015336,2.692570572,-0.000214623
0.0001534,2.726056744,0.000821008
0.00015344,2.741205251,-0.000294287
0.00015348,2.757151047,0.00026336
0.00015352,2.781867032,0.000343024
0.00015356,2.804191146,0.00066168
0.0001536,2.822528812,0.000741344
0.00015364,2.844852927,-0.000692606
0.00015368,2.879933679,-0.000453615
0.00015372,2.891893026,-0.00077227
0.00015376,2.909433402,-0.000533279
0.0001538,2.931757517,-0.000214623
0.00015384,2.946108734,0.001219327
0.00015388,2.971622008,0.000502352
0.00015392,2.995540702,0.000582016
0.00015396,3.023445846,2.44E-05
0.000154,3.036202483,0.000502352
0.00015404,3.060918467,0.00026336
0.00015408,3.084039872,0.000183697
0.00015412,3.089620901,-0.000612942
0.00015416,3.119120624,-0.000533279
0.0001542,3.139052869,0.000343024
0.00015424,3.166958013,0.000582016
0.00015428,3.17812007,0.001537983
0.00015432,3.214795402,0.001298991
0.00015436,3.211606243,0.000104033
0.0001544,3.248281574,0.000502352
0.00015444,3.253862603,0.000980336
0.00015448,3.278578587,0.00026336
0.00015452,3.30967289,0.000980336
0.00015456,3.332794295,0.000183697
0.0001546,3.344753642,-0.000214623
0.00015464,3.363091308,0.00026336
0.00015468,3.387807292,0.000502352
0.00015472,3.405347668,2.44E-05
0.00015476,3.415712436,0.000183697
0.0001548,3.454779637,0.000741344
0.00015484,3.464347115,-0.000294287
0.00015488,3.493846838,0.000502352
0.00015492,3.508198055,0.000900672
0.00015496,3.520157402,0.000104033
0.000155,3.535305908,0.001378655
0.00015504,3.57357582,0.00066168
0.00015508,3.587927036,0.000502352
0.00015512,3.597494514,0.001298991
0.00015516,3.634169846,-0.000294287
0.0001552,3.647723773,0.000104033
0.00015524,3.670845177,0.001219327
0.00015528,3.694763872,0.000502352
0.00015532,3.712304248,0.000343024
0.00015536,3.735425652,0.00066168
0.0001554,3.753763318,0.000900672
0.00015544,3.779276592,2.44E-05
0.00015548,3.798411548,0.00066168
0.00015552,3.815951924,0.001059999
0.00015556,3.844654357,0.001059999
0.0001556,3.855816415,0.001219327
0.00015564,3.87574866,0.001697311
0.00015568,3.902059224,0.000422688
0.00015572,3.914815861,0.000582016
0.00015576,3.945910164,0.001059999
0.0001558,3.958666801,0.000183697
0.00015584,3.972220728,0.00066168
0.00015588,4.004112321,0.000741344
0.00015592,4.020058117,0.001139663
0.00015596,4.04876055,0.00026336
0.000156,4.069490086,0.001697311
0.00015604,4.083841302,-0.000294287
0.00015608,4.105368127,0.000980336
0.00015612,4.139651589,0.001059999
0.00015616,4.144435328,0.000502352
0.0001562,4.151610937,-0.000134959
0.00015624,4.176326921,0.00066168
0.00015628,4.211407673,0.00066168
0.00015632,4.210610383,0.000343024
0.00015636,4.242501976,0.000183697
0.0001564,4.259245062,0.000900672
0.00015644,4.280771887,0.001139663
0.00015648,4.297514973,0.00066168
0.00015652,4.315852639,0.00026336
0.00015656,4.338176754,0.000502352
0.0001566,4.357311709,0.001139663
0.00015664,4.382027694,0.001219327
0.00015668,4.381230404,0.000900672
0.00015672,4.421094895,0.000900672
0.00015676,4.432256952,0.000502352
0.0001568,4.452986487,0.000183697
0.00015684,4.463351255,0.001298991
0.00015688,4.491256399,0.001378655
0.00015692,4.506404905,-0.000214623
0.00015696,4.535904628,0.000104033
0.000157,4.548661265,-0.000214623
0.00015704,4.567796221,0.001059999
0.00015708,4.588525756,-0.000134959
0.00015712,4.609255291,-0.000294287
0.00015716,4.623606508,0.000104033
0.0001572,4.654700811,0.000422688
0.00015724,4.667457448,0.001697311
0.00015728,4.683403244,0.000741344
0.00015732,4.70094362,-0.001011262
0.00015736,4.723267735,0.001219327
0.0001574,4.74479456,0.000502352
0.00015744,4.762334936,0.000183697
0.00015748,4.787050921,0.00066168
0.00015752,4.810969615,0.00026336
0.00015756,4.830901861,-0.000214623
0.0001576,4.83329373,0.00066168
0.00015764,4.860401584,0.000502352
0.00015768,4.87794196,0.00066168
0.00015772,4.897874205,0.001059999
0.00015776,4.928171218,0.000821008
0.0001578,4.925779349,2.44E-05
0.00015784,4.951292623,0.000900672
0.00015788,4.968035709,0.000582016
0.00015792,4.980792346,0.000582016
0.00015796,5.001521881,0.000980336
0.000158,5.031021605,0.000821008
0.00015804,5.04935927,-0.000612942
0.00015808,5.063710487,0.00066168
0.00015812,5.076467124,0.000741344
0.00015816,5.100385819,-0.000134959
0.0001582,5.119520774,0.000502352
0.00015824,5.134669281,0.001219327
0.00015828,5.164169004,0.00066168
0.00015832,5.172141902,0.000741344
0.00015836,5.201641625,0.001219327
0.0001584,5.211209103,0.000422688
0.00015844,5.227952189,0.001458319
0.00015848,5.256654623,0.001537983
0.00015852,5.263830231,0.001617647
0.00015856,5.278181448,0.001378655
0.0001586,5.298113693,-0.000453615
0.00015864,5.301302852,0.000343024
0.00015868,5.320437808,0.000821008
0.00015872,5.341167343,0.000343024
0.00015876,5.364288748,0.000900672
0.0001588,5.373058936,0.000980336
0.00015884,5.363491458,0.000980336
0.00015888,5.389802022,0.001458319
0.00015892,5.390599312,0.000343024
0.00015896,5.415315296,0.001776975
0.000159,5.420896325,0.00066168
0.00015904,5.421693615,0.000502352
0.00015908,5.429666513,0.001697311
0.00015912,5.453585207,0.001219327
0.00015916,5.445612309,0.00026336
0.0001592,5.458368946,0.000900672
0.00015924,5.464747265,0.001139663
0.00015928,5.459166236,0.000741344
0.00015932,5.466341844,0.000741344
0.00015936,5.480693061,0.000502352
0.0001594,5.454382497,0.001059999
0.00015944,5.472720163,0.001298991
0.00015948,5.48467951,0.001219327
0.00015952,5.48388222,0.001298991
0.00015956,5.4854768,0.000980336
0.0001596,5.48388222,0.001139663
0.00015964,5.489463249,0.001378655
0.00015968,5.490260539,0.001617647
0.00015972,5.488665959,0.001458319
0.00015976,5.494246988,0.001856639
0.0001598,5.489463249,0.001059999
0.00015984,5.495044278,0.000741344
0.00015988,5.4854768,-0.000373951
0.00015992,5.493449698,0.000183697
0.00015996,5.495841568,0.000422688
0.00016,5.495841568,-0.000453615
0.00016004,5.48786867,0.000900672
0.00016008,5.4854768,-0.000533279
0.00016012,5.488665959,0.000582016
0.00016016,5.48627409,0.001059999
0.0001602,5.477503902,0.00066168
0.00016024,5.479895771,0.000821008
0.00016028,5.48388222,-0.000373951
0.00016032,5.483084931,0.000980336
0.00016036,5.48467951,2.44E-05
0.0001604,5.483084931,0.000104033
0.00016044,5.481490351,0.000502352
0.00016048,5.481490351,0.000741344
0.00016052,5.467936424,0.001697311
0.00016056,5.475909322,0.001219327
0.0001606,5.466341844,0.000104033
0.00016064,5.467139134,0.000343024
0.00016068,5.466341844,2.44E-05
0.00016072,5.462355395,0.000741344
0.00016076,5.450396048,0.00026336
0.0001608,5.448004179,0.001059999
0.00016084,5.434450252,2.44E-05
0.00016088,5.428071933,0.000343024
0.00016092,5.416909876,0.001856639
0.00016096,5.400964079,0.001139663
0.000161,5.386612863,0.001617647
0.00016104,5.366680617,0.001697311
0.00016108,5.35392398,0.001617647
0.00016112,5.333194445,0.001378655
0.00016116,5.322032388,0.000582016
0.0001612,5.299708273,0.001617647
0.00016124,5.27020855,0.000502352
0.00016128,5.248681724,0.002573614
0.00016132,5.235925087,0.001219327
0.00016136,5.211209103,0.001298991
0.0001614,5.18170938,0.001298991
0.00016144,5.160979845,0.000900672
0.00016148,5.145831338,0.000980336
0.00016152,5.117128905,0.001059999
0.00016156,5.102777688,0.001697311
0.0001616,5.075669834,0.001458319
0.00016164,5.054143009,0.001059999
0.00016168,5.038197213,0.001219327
0.00016172,5.011886649,0.001617647
0.00016176,4.996738142,0.00066168
0.0001618,4.973616738,0.000821008
0.00016184,4.953684492,0.001537983
0.00016188,4.92099561,0.001378655
0.00016192,4.907441683,0.000502352
0.00016196,4.893090466,0.001378655
0.000162,4.873158221,0.00209563
0.00016204,4.846847657,0.000502352
0.00016208,4.835685599,0.001936302
0.00016212,4.806983166,2.44E-05
0.00016216,4.780672602,0.000821008
0.0001622,4.769510545,0.001139663
0.00016224,4.753564748,0.00066168
0.00016228,4.731240633,0.000980336
0.00016232,4.711308388,0.000502352
0.00016236,4.683403244,2.44E-05
0.0001624,4.669849318,0.000104033
0.00016244,4.656295391,0.000502352
0.00016248,4.636363145,0.000104033
0.00016252,4.610849871,0.000343024
0.00016256,4.583742017,0.000104033
0.0001626,4.563809772,0.001378655
0.00016264,4.548661265,0.000343024
0.00016268,4.524742571,0.00066168
0.00016272,4.507202195,0.000821008
0.00016276,4.488067239,0.001856639
0.0001628,4.464148545,0.000582016
0.00016284,4.433851532,0.000422688
0.00016288,4.424284054,0.000821008
0.00016292,4.409135547,0.000980336
0.00016296,4.382824984,0.000900672
0.000163,4.35412255,0.000821008
0.00016304,4.339771333,0.000741344
0.00016308,4.324622827,0.001378655
0.00016312,4.306285161,0.000502352
0.00016316,4.281569177,0.000422688
0.0001632,4.261636931,0.001298991
0.00016324,4.236920947,0.001458319
0.00016328,4.219380571,0.000502352
0.00016332,4.197056456,0.001139663
0.00016336,4.18031337,0.000502352
0.0001634,4.163570284,0.001537983
0.00016344,4.144435328,0.000741344
0.00016348,4.123705793,0.000183697
0.00016352,4.09340878,0.000422688
0.00016356,4.075868404,0.000183697
0.0001636,4.064706347,0.001059999
0.00016364,4.031220174,0.001458319
0.00016368,4.022449986,-0.000134959
0.00016372,3.998531292,0.000183697
0.00016376,3.980193626,0.000104033
0.0001638,3.957072221,2.44E-05
0.00016384,3.937937266,0.001059999
0.00016388,3.92039689,0.001219327
0.00016392,3.899667355,0.001059999
0.00016396,3.87734324,0.000821008
0.000164,3.854221835,0.001139663
0.00016404,3.840667908,0.00026336
0.00016408,3.809573605,0.000980336
0.00016412,3.785654911,0.000741344
0.00016416,3.757749767,0.000582016
0.0001642,3.750574159,0.000422688
0.00016424,3.721074436,0.000821008
0.00016428,3.710709668,0.00026336
0.00016432,3.684399104,0.001059999
0.00016436,3.668453308,0.000582016
0.0001644,3.641345454,0.000343024
0.00016444,3.621413209,0.000821008
0.00016448,3.593508065,-0.000214623
0.00016452,3.589521616,0.001059999
0.00016456,3.574373109,0.000422688
0.0001646,3.541684227,0.000343024
0.00016464,3.520157402,0.000980336
0.00016468,3.512981793,-0.000214623
0.00016472,3.473117303,-0.000373951
0.00016476,3.459563376,0.00026336
0.0001648,3.450793188,0.000980336
0.00016484,3.422888044,0.000422688
0.00016488,3.401361219,0.001298991
0.00016492,3.382226264,0.000422688
0.00016496,3.359104859,0.000422688
0.000165,3.330402425,0.000104033
0.00016504,3.307281021,2.44E-05
0.00016508,3.292132514,-0.000851934
0.00016512,3.271402979,-0.000692606
0.00016516,3.241903256,0.000422688
0.0001652,3.232335778,-0.000294287
0.00016524,3.200444185,0.000821008
0.00016528,3.194863157,0.00026336
0.00016532,3.170147172,0.000343024
0.00016536,3.157390535,-0.000294287
0.0001654,3.123904363,-0.000294287
0.00016544,3.107161277,-0.000134959
0.00016548,3.083242582,0.000343024
0.00016552,3.072080525,0.000502352
0.00016556,3.038594353,-0.000373951
0.0001656,3.012283789,0.000104033
0.00016564,3.001121731,-0.00077227
0.00016568,2.991554253,-0.000533279
0.00016572,2.954878922,-0.001011262
0.00016576,2.937338546,-0.000692606
0.0001658,2.913419851,0.001219327
0.00016584,2.899068635,-0.00077227
0.00016588,2.881528259,0.00066168
0.00016592,2.848042086,-0.000134959
0.00016596,2.831299,-0.000294287
0.000166,2.816150494,0.001059999
0.00016604,2.783461611,0.00066168
0.00016608,2.764326656,0.001059999
0.00016612,2.752367308,0.000502352
0.00016616,2.726056744,0.000343024
0.0001662,2.706921789,0.000104033
0.00016624,2.687786833,0.000183697
0.00016628,2.667854588,0.000582016
0.00016632,2.638354865,-0.000294287
0.00016636,2.621611778,-0.000134959
0.0001664,2.608057851,0.000422688
0.00016644,2.574571679,-0.000294287
0.00016648,2.549855695,2.44E-05
0.00016652,2.542680087,0.00026336
0.00016656,2.518761392,-0.000692606
0.0001666,2.496437277,0.000502352
0.00016664,2.48447793,0.00026336
0.00016668,2.449397178,2.44E-05
0.00016672,2.434248671,0.000582016
0.00016676,2.414316426,0.00066168
0.0001668,2.39677605,0.001139663
0.00016684,2.376843805,0.001856639
0.00016688,2.364884457,-0.000294287
0.00016692,2.341763053,0.000422688
0.00016696,2.305885011,0.000343024
0.000167,2.281966316,0.000104033
0.00016704,2.270804259,-0.000214623
0.00016708,2.244493695,-0.000692606
0.00016712,2.22376416,-0.000214623
0.00016716,2.187088828,2.44E-05
0.0001672,2.176724061,0.000582016
0.00016724,2.167156583,0.000104033
0.00016728,2.132075831,0.000343024
0.00016732,2.108157136,-0.000533279
0.00016736,2.096197789,0.000741344
0.0001674,2.081846572,0.000502352
0.00016744,2.053144139,-0.00117059
0.00016748,2.034806473,-0.000533279
0.00016752,2.009293199,0.000183697
0.00016756,1.986969084,0.000900672
0.0001676,1.971023288,-0.000373951
0.00016764,1.952685622,0.000343024
0.00016768,1.931158797,2.44E-05
0.00016772,1.913618421,-0.000134959
0.00016776,1.894483466,0.000502352
0.0001678,1.866578322,-0.000373951
0.00016784,1.848240656,0.000741344
0.00016788,1.82990299,-0.000453615
0.00016792,1.810768035,0.000502352
0.00016796,1.785254761,0.001059999
0.000168,1.765322515,-0.000453615
0.00016804,1.74539027,0.000343024
0.00016808,1.710309518,2.44E-05
0.00016812,1.691971852,-0.000851934
0.00016816,1.672836896,0.000582016
0.0001682,1.660080259,0.00066168
0.00016824,1.634566985,0.000502352
0.00016828,1.616229319,-0.000373951
0.00016832,1.594702494,-0.000134959
0.00016836,1.582743147,0.000502352
0.0001684,1.534905758,0.00026336
0.00016844,1.52693286,0.000104033
0.00016848,1.514973513,0.000502352
0.00016852,1.499825006,0.000422688
0.00016856,1.467933414,-0.00077227
0.0001686,1.444014719,0.000502352
0.00016864,1.432852662,0.000821008
0.00016868,1.3985692,-0.000294287
0.00016872,1.384217983,-0.000533279
0.00016876,1.357907419,0.000422688
0.0001688,1.343556202,0.000422688
0.00016884,1.330002275,0.000343024
0.00016888,1.303691711,0.000502352
0.00016892,1.277381147,-0.000373951
0.00016896,1.272597408,0.001139663
0.000169,1.248678714,0.000900672
0.00016904,1.227151889,-0.000294287
0.00016908,1.205625064,0.000183697
0.00016912,1.189679268,-0.00077227
0.00016916,1.162571414,0.000422688
0.0001692,1.139450009,0.000582016
0.00016924,1.127490662,0.00066168
0.00016928,1.097193649,0.00026336
0.00016932,1.09161262,-0.000453615
0.00016936,1.060518317,0.00026336
0.0001694,1.046167101,-0.000931598
0.00016944,1.031018594,0.000183697
0.00016948,1.016667377,-0.000214623
0.00016952,0.978397466,-0.000692606
0.00016956,0.969627278,-0.000214623
0.0001696,0.948897743,-0.000214623
0.00016964,0.933749236,0.000343024
0.00016968,0.920992599,-0.000134959
0.00016972,0.896276615,0.000104033
0.00016976,0.870763341,2.44E-05
0.0001698,0.861993153,-0.000134959
0.00016984,0.854817545,-0.000692606
0.00016988,0.833290719,-0.000851934
0.00016992,0.820534082,0.000183697
0.00016996,0.811763894,-0.000134959
0.00017,0.78545333,-0.000134959
0.00017004,0.763926505,-0.000692606
0.00017008,0.763129216,-0.00117059
0.00017012,0.752764448,-0.000931598
0.00017016,0.732832203,0.000422688
0.0001702,0.719278276,0.000343024
0.00017024,0.708116218,-0.000373951
0.00017028,0.695359581,0.000104033
0.00017032,0.70253519,-0.000533279
0.00017036,0.681805654,-0.000214623
0.0001704,0.676224626,-0.000931598
0.00017044,0.685792103,-0.00077227
0.00017048,0.673832756,-0.000294287
0.00017052,0.679413785,-0.00077227
0.00017056,0.679413785,-0.000373951
0.0001706,0.692170422,-0.001489245
0.00017064,0.692967712,-0.00077227
0.00017068,0.713697247,-0.000214623
0.00017072,0.727251174,-0.000134959
0.00017076,0.740007811,0.00066168
0.0001708,0.758345477,0.000422688
0.00017084,0.767912954,0.000422688
0.00017088,0.78545333,0.000104033
0.00017092,0.78864249,-0.000851934
0.00017096,0.826115111,-0.001489245
0.000171,0.828506981,-0.000692606
0.00017104,0.848439226,-0.000214623
0.00017108,0.881128108,0.000422688
0.00017112,0.896276615,-0.000692606
0.00017116,0.902654934,0.000741344
0.0001712,0.936938396,-0.000533279
0.00017124,0.958465221,0.000343024
0.00017128,0.973613727,2.44E-05
0.00017132,0.990356813,0.000343024
0.00017136,1.015072798,-0.000851934
0.0001714,1.026234855,-0.00077227
0.00017144,1.04696439,-0.001250254
0.00017148,1.071680375,-0.000294287
0.00017152,1.087626171,2.44E-05
0.00017156,1.106761127,-0.000294287
0.0001716,1.128287952,-0.000692606
0.00017164,1.155395805,-0.000134959
0.00017168,1.173733471,-0.000373951
0.00017172,1.188881978,-0.000214623
0.00017176,1.215192542,-0.000373951
0.0001718,1.243894975,0.000741344
0.00017184,1.261435351,-0.000453615
0.00017188,1.283759466,0.000183697
0.00017192,1.31007003,0.00026336
0.00017196,1.323623957,-0.000692606
0.000172,1.35392097,0.000104033
0.00017204,1.370664056,2.44E-05
0.00017208,1.39697462,-0.000692606
0.00017212,1.408933967,-0.000294287
0.00017216,1.44162285,-0.000453615
0.0001722,1.458365936,-0.00077227
0.00017224,1.486271079,-0.001011262
0.00017228,1.510189774,-0.000134959
0.00017232,1.535703048,2.44E-05
0.00017236,1.554040714,0.000582016
0.0001724,1.57158109,-0.000214623
0.00017244,1.601878103,-0.00117059
0.00017248,1.61383745,-0.000134959
0.00017252,1.632972406,-0.000134959
0.00017256,1.670445027,-0.000294287
0.0001726,1.686390823,0.000502352
0.00017264,1.708714938,-0.00077227
0.00017268,1.734228212,2.44E-05
0.00017272,1.754957748,0.000741344
0.00017276,1.78924121,-0.000134959
0.0001728,1.804389716,2.44E-05
0.00017284,1.817146353,-0.001011262
0.00017288,1.849835236,-0.001011262
0.00017292,1.878537669,-0.000453615
0.00017296,1.894483466,-0.000453615
0.000173,1.900861784,0.000183697
0.00017304,1.933550667,-0.000453615
0.00017308,1.954280202,-0.000294287
0.00017312,1.971820578,0.00026336
0.00017316,1.988563664,0.001139663
0.0001732,2.00769862,0.00066168
0.00017324,2.027630865,0.000502352
0.00017328,2.04915769,0.000821008
0.00017332,2.073873674,-0.000453615
0.00017336,2.088224891,0.000741344
0.0001734,2.120913773,0.000502352
0.00017344,2.141643309,-0.001489245
0.00017348,2.151210787,-0.000692606
0.00017352,2.174332191,-0.000612942
0.00017356,2.203034625,0.00066168
0.0001736,2.217385841,-0.000134959
0.00017364,2.240507246,0.000183697
0.00017368,2.272398839,-0.000373951
0.00017372,2.284358186,-0.000373951
0.00017376,2.301101272,0.000183697
0.0001738,2.322628097,0.000104033
0.00017384,2.348938661,-0.000294287
0.00017388,2.360898008,0.00026336
0.00017392,2.388005862,0.000582016
0.00017396,2.403951658,0.00026336
0.000174,2.431856802,0.000343024
0.00017404,2.44142428,-0.000294287
0.00017408,2.48607251,-0.001887565
0.00017412,2.497234567,0.000502352
0.00017416,2.520355972,0.000183697
0.0001742,2.545071956,0.001458319
0.00017424,2.555436724,-0.000134959
0.00017428,2.588922896,-0.000453615
0.00017432,2.605665982,0.001458319
0.00017436,2.609652431,0.000582016
0.0001744,2.637557575,0.000104033
0.00017444,2.662273559,0.000343024
0.00017448,2.687786833,0.000422688
0.00017452,2.718881136,0.000582016
0.00017456,2.726854034,2.44E-05
0.0001746,2.732435063,0.000343024
0.00017464,2.772299554,0.00066168
0.00017468,2.797015538,0.000502352
0.00017472,2.818542363,0.000422688
0.00017476,2.836880029,0.000343024
0.0001748,2.865582462,0.000343024
0.00017484,2.863190593,0.000821008
0.00017488,2.891095736,0.00066168
0.00017492,2.930162937,-0.000134959
0.00017496,2.940527705,0.00026336
0.000175,2.958865371,0.000582016
0.00017504,2.983581355,0.000741344
0.00017508,2.999527152,2.44E-05
0.00017512,3.019459397,0.000104033
0.00017516,3.040188932,0.000502352
0.0001752,3.062513047,0.000422688
0.00017524,3.081648003,0.000821008
0.00017528,3.098391089,0.00026336
0.00017532,3.130282681,-0.000134959
0.00017536,3.128688102,-0.000214623
0.0001754,3.164566144,0.000821008
0.00017544,3.187687548,-0.000533279
0.00017548,3.205227924,0.00026336
0.00017552,3.230741198,-0.000134959
0.00017556,3.253065313,0.00026336
0.0001756,3.260240922,0.00066168
0.00017564,3.296118963,0.000183697
0.00017568,3.301699992,0.000900672
0.00017572,3.328807846,0.000821008
0.00017576,3.3559157,0.000741344
0.0001758,3.371064206,0.000900672
0.00017584,3.389401872,0.000104033
0.00017588,3.422090754,-0.000214623
0.00017592,3.429266363,0.001617647
0.00017596,3.44122571,0.000821008
0.000176,3.472320013,0.00066168
0.00017604,3.495441418,0.000502352
0.00017608,3.511387214,2.44E-05
0.00017612,3.52653572,2.44E-05
0.00017616,3.551251705,0.001219327
0.0001762,3.564805632,-0.000214623
0.00017624,3.606264702,0.001219327
0.00017628,3.621413209,-0.000294287
0.00017632,3.634967135,0.000900672
0.00017636,3.663669569,0.000183697
0.0001764,3.681209945,0.00026336
0.00017644,3.693966582,-0.000214623
0.00017648,3.714696117,-0.000214623
0.00017652,3.734628363,-0.000294287
0.00017656,3.751371449,0.00066168
0.0001766,3.780073882,0.000183697
0.00017664,3.805587156,0.000900672
0.00017668,3.823127532,0.000183697
0.00017672,3.829505851,-0.000851934
0.00017676,3.862992023,-0.000134959
0.0001768,3.870964921,-0.000533279
0.00017684,3.902856514,0.00066168
0.00017688,3.921991469,0.00026336
0.00017692,3.931558947,0.000104033
0.00017696,3.96345054,0.000582016
0.000177,3.979396336,2.44E-05
0.00017704,4.001720451,0.000343024
0.00017708,4.020855407,-0.000214623
0.00017712,4.031220174,0.001059999
0.00017716,4.060719898,0.000502352
0.0001772,4.073476535,2.44E-05
0.00017724,4.100584388,-0.001250254
0.00017728,4.126097663,-0.000214623
0.00017732,4.140448879,-0.000294287
0.00017736,4.165164864,0.000422688
0.0001774,4.189083558,0.001059999
0.00017744,4.201840195,-0.000851934
0.00017748,4.22575889,0.000741344
0.00017752,4.244096555,-0.000294287
0.00017756,4.258447772,0.000183697
0.0001776,4.283961046,-0.000692606
0.00017764,4.31027161,0.000104033
0.00017768,4.320636378,-0.000214623
0.00017772,4.334190305,-0.000533279
0.00017776,4.362892738,0.000422688
0.0001778,4.375649375,-0.000214623
0.00017784,4.381230404,0.001059999
0.00017788,4.412324707,0.000741344
0.00017792,4.439432561,2.44E-05
0.00017796,4.461756675,0.000980336
0.000178,4.481688921,0.000502352
0.00017804,4.500026587,0.000900672
0.00017808,4.520756122,-0.000214623
0.00017812,4.550255845,0.000582016
0.00017816,4.559026033,0.000422688
0.0001782,4.57178267,0.000104033
0.00017824,4.603674263,0.000980336
0.00017828,4.612444451,0.000582016
0.00017832,4.631579406,-0.000373951
0.00017836,4.641944174,0.000502352
0.0001784,4.672241187,0.000422688
0.00017844,4.679416795,0.001537983
0.00017848,4.712902968,0.001298991
0.00017852,4.736024372,0.000502352
0.00017856,4.742402691,-0.000453615
0.0001786,4.767915965,-0.000373951
0.00017864,4.78784821,2.44E-05
0.00017868,4.811766905,0.001776975
0.00017872,4.830104571,0.000900672
0.00017876,4.849239526,2.44E-05
0.0001788,4.860401584,0.001059999
0.00017884,4.888306727,0.00026336
0.00017888,4.911428132,0.000582016
0.00017892,4.913820001,0.000343024
0.00017896,4.947306174,-0.000214623
0.000179,4.958468231,0.000900672
0.00017904,4.966441129,0.001059999
0.00017908,4.991954404,0.000343024
0.00017912,5.015873098,2.44E-05
0.00017916,5.026237866,0.000422688
0.0001792,5.042980952,0.000183697
0.00017924,5.057332168,0.000183697
0.00017928,5.075669834,0.00026336
0.00017932,5.090818341,0.000104033
0.00017936,5.119520774,2.44E-05
0.0001794,5.129088252,-0.000214623
0.00017944,5.142642179,0.00026336
0.00017948,5.185695829,0.000422688
0.00017952,5.18250667,0.001458319
0.00017956,5.203236205,0.000502352
0.0001796,5.227952189,0.001298991
0.00017964,5.255857333,0.001617647
0.00017968,5.263830231,0.000741344
0.00017972,5.286951636,0.001219327
0.00017976,5.298910983,0.000741344
0.0001798,5.318843228,0.001378655
0.00017984,5.321235098,0.001059999
0.00017988,5.337180894,0.000741344
0.00017992,5.348342952,0.001458319
0.00017996,5.35551856,0.000741344
0.00018,5.381031834,0.000502352
0.00018004,5.392193892,0.001059999
0.00018008,5.410531557,0.001219327
0.00018012,5.420099035,0.001059999
0.00018016,5.423288194,0.000980336
0.0001802,5.431261093,0.00066168
0.00018024,5.44082857,0.000343024
0.00018028,5.44242315,0.00026336
0.00018032,5.458368946,0.00209563
0.00018036,5.465544555,0.001776975
0.0001804,5.448801468,0.001458319
0.00018044,5.463949975,0.001059999
0.00018048,5.463949975,0.000502352
0.00018052,5.471922873,0.001059999
0.00018056,5.475112032,0.001219327
0.0001806,5.482287641,0.001298991
0.00018064,5.477503902,0.001298991
0.00018068,5.482287641,0.001776975
0.00018072,5.48467951,0.001298991
0.00018076,5.490260539,0.001458319
0.0001808,5.494246988,0.001378655
0.00018084,5.499828017,0.001378655
0.00018088,5.498233437,0.000343024
0.00018092,5.48467951,0.001856639
0.00018096,5.488665959,0.001537983
0.000181,5.506206335,0.000900672
0.00018104,5.492652408,0.001458319
0.00018108,5.493449698,0.000980336
0.00018112,5.495841568,0.000422688
0.00018116,5.491057829,0.001219327
0.0001812,5.494246988,0.001219327
0.00018124,5.493449698,0.000900672
0.00018128,5.490260539,0.000582016
0.00018132,5.476706612,0.000821008
0.00018136,5.490260539,0.001139663
0.0001814,5.478301192,0.001139663
0.00018144,5.473517453,0.000422688
0.00018148,5.498233437,0.001139663
0.00018152,5.477503902,0.002175294
0.00018156,5.477503902,0.001139663
0.0001816,5.48786867,0.001139663
0.00018164,5.473517453,0.001219327
0.00018168,5.471922873,0.001298991
0.00018172,5.470328294,0.001059999
0.00018176,5.474314743,0.001776975
0.0001818,5.448801468,0.001617647
0.00018184,5.464747265,0.001219327
0.00018188,5.471125583,0.000422688
0.00018192,5.44401773,0.000582016
0.00018196,5.448004179,0.001776975
0.000182,5.435247542,-0.000214623
0.00018204,5.415315296,0.000502352
0.00018208,5.420896325,0.000582016
0.00018212,5.410531557,-0.000134959
0.00018216,5.377045385,0.000343024
0.0001822,5.369072487,0.000104033
0.00018224,5.348342952,0.001139663
0.00018228,5.329207996,0.000741344
0.00018232,5.302897432,0.000821008
0.00018236,5.274992288,0.000422688
0.0001824,5.253465463,0.000582016
0.00018244,5.240708826,0.000821008
0.00018248,5.229546769,0.000980336
0.00018252,5.193668727,0.000980336
0.00018256,5.184101249,0.001139663
0.0001826,5.154601526,0.001856639
0.00018264,5.124304513,0.001697311
0.00018268,5.109953296,0.000821008
0.00018272,5.082845443,0.001856639
0.00018276,5.067696936,0.000821008
0.0001828,5.043778242,0.000900672
0.00018284,5.022251417,0.001617647
0.00018288,4.998332722,-0.000134959
0.00018292,4.977603187,0.001139663
0.00018296,4.96564384,0.001617647
0.000183,4.946508884,0.000741344
0.00018304,4.925779349,0.00066168
0.00018308,4.893887756,0.001298991
0.00018312,4.873955511,0.000980336
0.00018316,4.850036816,0.000343024
0.0001832,4.841266628,0.000741344
0.00018324,4.818942513,0.000422688
0.00018328,4.805388586,0.00026336
0.00018332,4.783861761,0.000741344
0.00018336,4.762334936,-0.000294287
0.0001834,4.74479456,0.000183697
0.00018344,4.732835213,0.000821008
0.00018348,4.709713808,0.000422688
0.00018352,4.681808665,0.000980336
0.00018356,4.667457448,0.000502352
0.0001836,4.642741464,0.001139663
0.00018364,4.620417349,0.000741344
0.00018368,4.594904075,0.001298991
0.00018372,4.569390801,-0.000453615
0.00018376,4.566201641,0.000422688
0.0001838,4.547066686,0.000821008
0.00018384,4.524742571,0.001139663
0.00018388,4.493648268,0.000343024
0.00018392,4.476905182,0.001059999
0.00018396,4.455378357,0.00026336
0.000184,4.432256952,0.000104033
0.00018404,4.418703025,0.00066168
0.00018408,4.408338258,0.000582016
0.00018412,4.378838534,0.001219327
0.00018416,4.35332526,0.000741344
0.0001842,4.339771333,0.001219327
0.00018424,4.325420117,0.000502352
0.00018428,4.294325814,0.000741344
0.00018432,4.273596279,0.000741344
0.00018436,4.253664033,0.00026336
0.0001844,4.236920947,0.000821008
0.00018444,4.213002253,-0.000214623
0.00018448,4.191475428,0.000980336
0.00018452,4.173935052,-0.000134959
0.00018456,4.154002806,0.000104033
0.0001846,4.133273271,0.001378655
0.00018464,4.112543736,0.000422688
0.00018468,4.098192519,0.001298991
0.00018472,4.063909057,0.000900672
0.00018476,4.046368681,0.000104033
0.0001848,4.031220174,0.00066168
0.00018484,4.004112321,0.00026336
0.00018488,3.984977365,0.000821008
0.00018492,3.971423438,0.001059999
0.00018496,3.951491193,0.000104033
0.000185,3.925977919,0.000104033
0.00018504,3.906045673,0.000422688
0.00018508,3.880532399,0.000422688
0.00018512,3.859005574,0.001298991
0.00018516,3.848640806,0.001059999
0.0001852,3.83110043,0.000502352
0.00018524,3.804789866,0.000502352
0.00018528,3.792033229,0.000980336
0.00018532,3.765722665,0.000104033
0.00018536,3.74419584,0.000183697
0.0001854,3.737020232,0.000582016
0.00018544,3.70193948,0.00066168
0.00018548,3.681209945,0.000343024
0.00018552,3.650115642,0.000900672
0.00018556,3.642142744,0.001139663
0.0001856,3.622210498,-0.000453615
0.00018564,3.593508065,0.000741344
0.00018568,3.584737877,0.000422688
0.00018572,3.543278807,0.000582016
0.00018576,3.544873386,0.000343024
0.0001858,3.512981793,0.000502352
0.00018584,3.495441418,-0.000214623
0.00018588,3.480292911,0.00066168
0.00018592,3.458766086,0.000422688
0.00018596,3.430063653,0.000582016
0.000186,3.417307015,0.000582016
0.00018604,3.405347668,0.001298991
0.00018608,3.367875047,-0.000373951
0.00018612,3.347145512,0.001059999
0.00018616,3.330402425,0.000343024
0.0001862,3.316848499,0.000900672
0.00018624,3.292929804,0.00066168
0.00018628,3.273794848,0.00026336
0.00018632,3.241105966,-0.000373951
0.00018636,3.218781851,-0.000134959
0.0001864,3.210808953,0.000502352
0.00018644,3.188484838,0.001697311
0.00018648,3.163768854,0.00026336
0.00018652,3.149417637,0.001298991
0.00018656,3.126296232,0.001458319
0.0001866,3.099985668,0.00026336
0.00018664,3.09281006,0.00026336
0.00018668,3.066499496,0.001776975
0.00018672,3.034607903,0.000502352
0.00018676,3.025040426,0.000183697
0.0001868,3.008297339,0.000741344
0.00018684,2.969230138,-0.000373951
0.00018688,2.954081632,-0.000294287
0.00018692,2.935743966,0.000821008
0.00018696,2.908636112,0.001139663
0.000187,2.896676765,-0.000214623
0.00018704,2.87435265,-0.000214623
0.00018708,2.856014984,0.00066168
0.00018712,2.83209629,0.000821008
0.00018716,2.811366755,0.000502352
0.0001872,2.777083293,0.000343024
0.00018724,2.766718525,0.001298991
0.00018728,2.749178149,0.000183697
0.00018732,2.721273005,0.001059999
0.00018736,2.706124499,0.000900672
0.0001874,2.683800384,0.000980336
0.00018744,2.65988169,0.000741344
0.00018748,2.637557575,0.00026336
0.00018752,2.628787387,0.000582016
0.00018756,2.596895794,0.000343024
0.0001876,2.577760838,-0.000612942
0.00018764,2.551450275,0.001378655
0.00018768,2.532315319,-0.000134959
0.00018772,2.515572233,-0.000612942
0.00018776,2.500423726,-0.000134959
0.0001878,2.467734844,-0.000931598
0.00018784,2.448599888,-0.001011262
0.00018788,2.431856802,0.000183697
0.00018792,2.413519136,0.000422688
0.00018796,2.387208572,-0.000214623
0.000188,2.366479037,-0.000134959
0.00018804,2.35292511,-0.000453615
0.00018808,2.322628097,-0.000214623
0.00018812,2.289141925,-0.000134959
0.00018816,2.281966316,2.44E-05
0.0001882,2.263628651,0.00026336
0.00018824,2.237318087,0.001219327
0.00018828,2.22296687,0.00026336
0.00018832,2.200642755,0.000104033
0.00018836,2.170345742,-0.000612942
0.0001884,2.153602656,0.000502352
0.00018844,2.132873121,-0.000214623
0.00018848,2.114535455,0.00066168
0.00018852,2.097792369,2.44E-05
0.00018856,2.066698066,0.000741344
0.0001886,2.0483604,-0.000612942
0.00018864,2.037995633,0.000502352
0.00018868,2.00530675,0.000104033
0.00018872,1.990955533,2.44E-05
0.00018876,1.974212447,0.000183697
0.0001888,1.933550667,-0.000294287
0.00018884,1.927969638,-0.000373951
0.00018888,1.900861784,-0.000214623
0.00018892,1.888105147,-0.000214623
0.00018896,1.869767481,-0.000214623
0.000189,1.838673178,-0.000214623
0.00018904,1.822727382,0.000821008
0.00018908,1.802795137,0.000104033
0.00018912,1.778876442,0.000104033
0.00018916,1.754160458,0.000104033
0.0001892,1.730241763,0.000502352
0.00018924,1.727849894,0.000582016
0.00018928,1.707917648,0.001219327
0.00018932,1.683998954,0.000422688
0.00018936,1.662472129,0.00026336
0.0001894,1.646526333,-0.000533279
0.00018944,1.61463474,-0.000214623
0.00018948,1.604269972,-0.000533279
0.00018952,1.57158109,2.44E-05
0.00018956,1.545270526,0.000502352
0.0001896,1.530919309,-0.001011262
0.00018964,1.505406035,0.001219327
0.00018968,1.48387921,0.000104033
0.00018972,1.470325283,0.001298991
0.00018976,1.445609299,2.44E-05
0.0001898,1.425677053,0.000741344
0.00018984,1.406542098,2.44E-05
0.00018988,1.385812562,0.000422688
0.00018992,1.370664056,-0.000373951
0.00018996,1.343556202,0.000104033
0.00019,1.328407696,0.00066168
0.00019004,1.302894422,0.00066168
0.00019008,1.286948625,-0.001250254
0.00019012,1.268610959,-0.00117059
0.00019016,1.241503106,-0.000373951
0.0001902,1.215192542,-0.000612942
0.00019024,1.204827774,-0.000533279
0.00019028,1.17771992,-0.000294287
0.00019032,1.159382255,-0.00117059
0.00019036,1.145031038,-0.000134959
0.0001904,1.122706923,2.44E-05
0.00019044,1.099585518,0.000502352
0.00019048,1.073274954,-0.000134959
0.00019052,1.060518317,-0.000453615
0.00019056,1.035802333,-0.00077227
0.0001906,1.020653826,0.00026336
0.00019064,0.999127001,-0.000931598
0.00019068,0.984775785,0.000104033
0.00019072,0.9600598,-0.000612942
0.00019076,0.939330265,0.000343024
0.0001908,0.924979048,-0.00117059
0.00019084,0.904249513,2.44E-05
0.00019088,0.901060354,-0.000373951
0.00019092,0.862790443,-0.00077227
0.00019096,0.859601283,-0.000294287
0.000191,0.844452777,-0.000692606
0.00019104,0.827709691,-0.000453615
0.00019108,0.812561184,-0.001329918
0.00019112,0.795020808,-0.001090926
0.00019116,0.773493983,-0.00077227
0.0001912,0.762331926,-0.001090926
0.00019124,0.751967158,-0.000692606
0.00019128,0.74399426,-0.000214623
0.00019132,0.728048464,-0.000692606
0.00019136,0.723264725,-0.000214623
0.0001914,0.704129769,-0.000692606
0.00019144,0.692967712,-0.000373951
0.00019148,0.682602944,-0.001011262
0.00019152,0.692170422,-0.001011262
0.00019156,0.679413785,-0.000692606
0.0001916,0.687386683,-0.000453615
0.00019164,0.677819205,-0.001329918
0.00019168,0.681008364,-0.000533279
0.00019172,0.685792103,-0.000692606
0.00019176,0.694562291,-0.000692606
0.0001918,0.704129769,2.44E-05
0.00019184,0.716886406,-0.000851934
0.00019188,0.716089116,-0.000851934
0.00019192,0.736021362,-0.001090926
0.00019196,0.760737346,2.44E-05
0.000192,0.775088563,-0.000453615
0.00019204,0.78864249,-0.000134959
0.00019208,0.808574735,-0.000533279
0.00019212,0.824520531,0.00066168
0.00019216,0.848439226,-0.000214623
0.0001922,0.851628385,0.000741344
0.00019224,0.882722688,0.000183697
0.00019228,0.899465774,0.000104033
0.00019232,0.91939802,-0.000214623
0.00019236,0.936938396,-0.000612942
0.0001924,0.954478772,0.000183697
0.00019244,0.96245167,-0.001011262
0.00019248,0.994343262,-0.000453615
0.00019252,1.000721581,0.000343024
0.00019256,1.031018594,-0.000214623
0.0001926,1.04855897,-0.00117059
0.00019264,1.071680375,0.00026336
0.00019268,1.105166547,2.44E-05
0.00019272,1.113936735,2.44E-05
0.00019276,1.141044589,-0.000692606
0.0001928,1.159382255,0.000183697
0.00019284,1.190476557,0.000104033
0.00019288,1.204030484,0.000104033
0.00019292,1.227151889,-0.000134959
0.00019296,1.255057033,0.000104033
0.000193,1.26621909,0.000582016
0.00019304,1.290935074,-0.000134959
0.00019308,1.306880871,0.000900672
0.00019312,1.338772463,-0.001648573
0.00019316,1.359501999,-0.000134959
0.0001932,1.379434244,-0.000692606
0.00019324,1.400961069,0.000582016
0.00019328,1.427271633,0.000104033
0.00019332,1.455176777,-0.000214623
0.00019336,1.470325283,-0.000373951
0.0001934,1.494243978,2.44E-05
0.00019344,1.510189774,0.00026336
0.00019348,1.534905758,-0.000612942
0.00019352,1.552446134,0.000582016
0.00019356,1.580351278,0.000980336
0.0001936,1.61224287,0.000422688
0.00019364,1.628985957,-0.000214623
0.00019368,1.65609381,2.44E-05
0.00019372,1.676026056,-0.000294287
0.00019376,1.693566432,0.001219327
0.0001938,1.723863445,0.000422688
0.00019384,1.753363168,0.00066168
0.00019388,1.757349617,0.000422688
0.00019392,1.778876442,-0.000214623
0.00019396,1.796416818,0.000104033
0.000194,1.821132802,-0.000692606
0.00019404,1.845848787,0.000741344
0.00019408,1.87694309,-0.000214623
0.00019412,1.891294306,-0.000134959
0.00019416,1.910429262,0.000582016
0.0001942,1.931158797,2.44E-05
0.00019424,1.948699173,-0.000134959
0.00019428,1.970225998,-0.000453615
0.00019432,2.001320301,0.000104033
0.00019436,2.010887779,-0.000533279
0.0001944,2.0483604,-0.000214623
0.00019444,2.069887225,2.44E-05
0.00019448,2.085833022,0.000502352
0.00019452,2.112143585,-0.00077227
0.00019456,2.122508353,0.000104033
0.0001946,2.146427048,-0.001090926
0.00019464,2.146427048,-0.00117059
0.00019468,2.187088828,0.000343024
0.00019472,2.209412943,-0.00117059
0.00019476,2.228547899,0.000104033
0.0001948,2.251669303,0.000104033
0.00019484,2.272398839,0.000422688
0.00019488,2.293128374,0.000183697
0.00019492,2.317047068,0.000502352
0.00019496,2.332195575,-0.001090926
0.000195,2.348141371,-0.000373951
0.00019504,2.377641094,0.000422688
0.00019508,2.392789601,0.000422688
0.00019512,2.411924557,-0.000214623
0.00019516,2.433451382,-0.000214623
0.0001952,2.461356525,-0.000851934
0.00019524,2.469329423,0.000582016
0.00019528,2.498031857,2.44E-05
0.00019532,2.525139711,0.000343024
0.00019536,2.541085507,-0.000453615
0.0001954,2.562612332,0.001139663
0.00019544,2.587328316,0.000821008
0.00019548,2.598490374,0.000980336
0.00019552,2.630381966,0.000980336
0.00019556,2.651908791,-0.000134959
0.0001956,2.667057298,-0.000453615
0.00019564,2.686192254,0.000183697
0.00019568,2.714097397,-0.000214623
0.00019572,2.729245904,0.000582016
0.00019576,2.750772729,0.00066168
0.0001958,2.777083293,-0.000214623
0.00019584,2.797812828,0.000502352
0.00019588,2.801001987,0.000582016
0.00019592,2.840866478,0.001298991
0.00019596,2.863190593,2.44E-05
0.000196,2.87674452,0.000821008
0.00019604,2.907041533,-0.000453615
0.00019608,2.91979817,-0.00117059
0.00019612,2.933352097,0.00026336
0.00019616,2.954878922,-0.000214623
0.0001962,2.976405747,-0.000533279
0.00019624,3.012283789,0.000980336
0.00019628,3.018662107,-0.000134959
0.00019632,3.04975641,0.00066168
0.00019636,3.065702206,-0.000373951
0.0001964,3.09201277,0.000104033
0.00019644,3.120715204,0.000343024
0.00019648,3.129485392,0.000183697
0.00019652,3.147025768,0.000343024
0.00019656,3.166160723,0.000502352
0.0001966,3.189282128,0.000183697
0.00019664,3.217984561,0.00066168
0.00019668,3.227552039,0.000422688
0.00019672,3.255457183,-0.000612942
0.00019676,3.264227371,0.000582016
0.0001968,3.301699992,0.001378655
0.00019684,3.316848499,0.000104033
0.00019688,3.331199715,0.000422688
0.00019692,3.367875047,0.001219327
0.00019696,3.384618133,0.000741344
0.000197,3.39657748,0.000741344
0.00019704,3.423685334,0.000900672
0.00019708,3.44042842,-0.000294287
0.00019712,3.456374216,0.001219327
0.00019716,3.491454968,0.001298991
0.0001972,3.509792634,0.001458319
0.00019724,3.523346561,0.000422688
0.00019728,3.551251705,0.000502352
0.00019732,3.564805632,0.00026336
0.00019736,3.581548718,0.001139663
0.0001974,3.608656571,2.44E-05
0.00019744,3.623805078,-0.000214623
0.00019748,3.638156295,2.44E-05
0.00019752,3.65808854,0.001298991
0.00019756,3.681209945,-0.000294287
0.0001976,3.694763872,-0.000134959
0.00019764,3.719479856,0.000821008
0.00019768,3.737020232,-0.000214623
0.00019772,3.750574159,0.000343024
0.00019776,3.772100984,0.000582016
0.0001978,3.799208838,0.000104033
0.00019784,3.814357344,0.000741344
0.00019788,3.844654357,0.000582016
0.00019792,3.865383892,-0.000453615
0.00019796,3.885316138,-0.000373951
0.000198,3.909234832,0.000582016
0.00019804,3.925977919,0.000343024
0.00019808,3.947504744,0.001537983
0.00019812,3.96424783,-0.000692606
0.00019816,3.987369234,0.00066168
0.0001982,4.001720451,0.000900672
0.00019824,4.023247276,0.000821008
0.00019828,4.040787652,0.00026336
0.00019832,4.063111767,0.000582016
0.00019836,4.079057563,0.000900672
0.0001984,4.108557287,0.000821008
0.00019844,4.134867851,2.44E-05
0.00019848,4.149219067,0.001617647
0.00019852,4.171543182,0.001458319
0.00019856,4.185097109,-0.000214623
0.0001986,4.212204963,0.001378655
0.00019864,4.218583281,0.000582016
0.00019868,4.244893845,0.000821008
0.00019872,4.258447772,0.000980336
0.00019876,4.277582728,0.001378655
0.0001988,4.315055349,0.001139663
0.00019884,4.325420117,0.000821008
0.00019888,4.344555072,0.000183697
0.00019892,4.365284608,0.000422688
0.00019896,4.386014143,0.000821008
0.000199,4.406743678,0.000502352
0.00019904,4.412324707,0.000343024
0.00019908,4.44182443,0.000980336
0.00019912,4.454581067,0.001856639
0.00019916,4.48726995,0.001139663
0.0001992,4.502418456,0.000104033
0.00019924,4.516769673,0.000422688
0.00019928,4.553445004,0.001378655
0.00019932,4.562215192,0.001537983
0.00019936,4.57098538,0.001537983
0.0001994,4.594904075,0.000980336
0.00019944,4.611647161,0.000104033
0.00019948,4.634768566,0.00026336
0.00019952,4.655498101,0.00026336
0.00019956,4.679416795,0.001458319
0.0001996,4.694565302,0.000900672
0.00019964,4.727254184,0.000502352
0.00019968,4.733632503,0.001458319
0.00019972,4.74798372,-0.000294287
0.00019976,4.775888863,-0.000214623
0.0001998,4.79103737,0.001298991
0.00019984,4.809375035,0.000104033
0.00019988,4.828509991,0.000502352
0.00019992,4.855617845,0.000741344
0.00019996,4.861996163,0.000422688
0.0002,4.885117568,0.000343024
0.00020004,4.909833552,0.001059999
0.00020008,4.917806451,0.00066168
0.00020012,4.936941406,0.001059999
0.00020016,4.973616738,0.001059999
0.0002002,4.976008607,0.001139663
0.00020024,4.996738142,0.001219327
0.00020028,5.019859547,0.001139663
0.00020032,5.035805343,0.000502352
0.00020036,5.046967401,0.001617647
0.0002004,5.078858994,0.001298991
0.00020044,5.088426471,-0.000134959
0.00020048,5.110750586,0.000582016
0.00020052,5.130682832,0.000821008
0.00020056,5.149020497,0.001537983
0.0002006,5.159385265,0.001139663
0.00020064,5.187290409,0.001219327
0.00020068,5.200047046,0.000980336
0.00020072,5.209614523,0.000582016
0.00020076,5.239911537,0.001219327
0.0002008,5.253465463,0.00066168
0.00020084,5.256654623,0.001139663
0.00020088,5.299708273,0.001936302
0.00020092,5.306086591,0.000980336
0.00020096,5.322829677,0.001697311
0.000201,5.333991735,0.000900672
0.00020104,5.360302299,0.000343024
0.00020108,5.358707719,0.000104033
0.00020112,5.379437254,0.000980336
0.00020116,5.388207442,0.000821008
0.0002012,5.394585761,0.001298991
0.00020124,5.404950529,0.001298991
0.00020128,5.416112586,2.44E-05
0.00020132,5.431261093,-0.000214623
0.00020136,5.436842121,0.000502352
0.0002014,5.44401773,0.001298991
0.00020144,5.445612309,0.000582016
0.00020148,5.449598758,0.000821008
0.00020152,5.453585207,0.00249395
0.00020156,5.455179787,0.002175294
0.0002016,5.463949975,0.000821008
0.00020164,5.476706612,0.000502352
0.00020168,5.481490351,0.001298991
0.00020172,5.483084931,0.001139663
0.00020176,5.479098482,0.001298991
0.0002018,5.48707138,0.001219327
0.00020184,5.488665959,0.001458319
0.00020188,5.475909322,0.001856639
0.00020192,5.483084931,0.000741344
0.00020196,5.48467951,0.000582016
0.000202,5.479098482,0.001458319
0.00020204,5.481490351,0.00026336
0.00020208,5.482287641,0.001378655
0.00020212,5.495841568,0.001219327
0.00020216,5.495841568,0.00066168
0.0002022,5.494246988,0.000422688
0.00020224,5.499828017,0.001458319
0.00020228,5.489463249,0.001378655
0.00020232,5.497436147,0.002254958
0.00020236,5.499030727,0.001537983
0.0002024,5.489463249,0.001458319
0.00020244,5.469531004,0.00026336
0.00020248,5.488665959,0.000422688
0.00020252,5.48786867,0.000422688
0.00020256,5.48467951,0.000183697
0.0002026,5.48786867,0.001059999
0.00020264,5.479098482,0.001617647
0.00020268,5.48627409,0.000104033
0.00020272,5.475909322,0.001059999
0.00020276,5.48388222,0.001298991
0.0002028,5.479895771,0.000343024
0.00020284,5.466341844,-0.000373951
0.00020288,5.463949975,0.00026336
0.00020292,5.462355395,0.001537983
0.00020296,5.465544555,0.00026336
0.000203,5.463949975,0.000422688
0.00020304,5.444815019,0.000741344
0.00020308,5.448801468,0.000422688
0.00020312,5.447206889,0.000343024
0.00020316,5.428869223,0.001059999
0.0002032,5.424882774,0.001059999
0.00020324,5.421693615,0.00066168
0.00020328,5.39697763,0.000104033
0.00020332,5.389802022,0.001537983
0.00020336,5.373058936,0.000900672
0.0002034,5.346748372,0.001537983
0.00020344,5.322032388,0.000502352
0.00020348,5.318045939,0.000821008
0.00020352,5.282167897,-0.000134959
0.00020356,5.245492565,0.000422688
0.0002036,5.234330508,0.001298991
0.00020364,5.220776581,0.00066168
0.00020368,5.188884988,0.001059999
0.00020372,5.17931751,0.001139663
0.00020376,5.159385265,0.000183697
0.0002038,5.122709933,0.000582016
0.00020384,5.117128905,0.001219327
0.00020388,5.09560208,0.001139663
0.00020392,5.065305067,0.000741344
0.00020396,5.042183662,0.000980336
0.000204,5.040589082,0.00209563
0.00020404,5.00869749,0.001537983
0.00020408,4.988765244,0.001697311
0.00020412,4.969630289,0.001617647
0.00020416,4.944914304,0.000582016
0.0002042,4.931360377,0.001378655
0.00020424,4.902657944,0.001059999
0.00020428,4.8747528,-0.000453615
0.00020432,4.850036816,0.000821008
0.00020436,4.846050367,0.000821008
0.0002044,4.816550644,0.001537983
0.00020444,4.799807558,0.001458319
0.00020448,4.780672602,0.001139663
0.00020452,4.755956618,0.001378655
0.00020456,4.732835213,0.001298991
0.0002046,4.721673156,0.001219327
0.00020464,4.699349041,0.001139663
0.00020468,4.676227636,0.001697311
0.00020472,4.664268289,0.000900672
0.00020476,4.637160435,0.001458319
0.0002048,4.610849871,0.000582016
0.00020484,4.600485103,0.000980336
0.00020488,4.57417454,0.001139663
0.00020492,4.548661265,0.00066168
0.00020496,4.545472106,0.001378655
0.000205,4.522350701,0.000502352
0.00020504,4.492850978,-0.000134959
0.00020508,4.471324153,0.001856639
0.00020512,4.456972936,0.000183697
0.00020516,4.431459662,0.000980336
0.0002052,4.416311156,0.000582016
0.00020524,4.390797882,0.00066168
0.00020528,4.368473767,0.001617647
0.00020532,4.35332526,0.000104033
0.00020536,4.322230957,0.001059999
0.0002054,4.307082451,-0.000134959
0.00020544,4.295123104,0.000104033
0.00020548,4.270407119,0.000980336
0.00020552,4.242501976,0.001059999
0.00020556,4.228150759,0.000104033
0.0002056,4.200245616,0.00066168
0.00020564,4.184299819,0.000582016
0.00020568,4.166759443,0.000183697
0.00020572,4.154800096,-0.000134959
0.00020576,4.125300373,0.001139663
0.0002058,4.115732895,2.44E-05
0.00020584,4.09500336,0.001139663
0.00020588,4.085435882,0.000422688
0.00020592,4.053544289,0.000900672
0.00020596,4.030422885,0.000900672
0.000206,4.015274378,0.000502352
0.00020604,3.983382785,0.000502352
0.00020608,3.968234279,0.00066168
0.00020612,3.953085772,0.000343024
0.00020616,3.929964368,0.000582016
0.0002062,3.916410441,0.000502352
0.00020624,3.898072775,0.001059999
0.00020628,3.87415408,0.001697311
0.00020632,3.851032676,0.00026336
0.00020636,3.828708561,0.000104033
0.0002064,3.795222389,0.000980336
0.00020644,3.780073882,0.001059999
0.00020648,3.760141637,0.001139663
0.00020652,3.737020232,0.000821008
0.00020656,3.713898827,0.000422688
0.0002066,3.70114219,2.44E-05
0.00020664,3.680412655,0.000422688
0.00020668,3.645331903,0.001139663
0.00020672,3.630183397,-0.000134959
0.00020676,3.61503489,0.001378655
0.0002068,3.591913485,0.001776975
0.00020684,3.565602921,-0.000214623
0.00020688,3.546467966,0.001059999
0.00020692,3.525738431,-0.000294287
0.00020696,3.496238707,0.00026336
0.000207,3.48268478,2.44E-05
0.00020704,3.469928143,-0.000692606
0.00020708,3.443617579,0.000422688
0.00020712,3.420496175,0.000821008
0.00020716,3.414117856,0.000582016
0.0002072,3.387010002,0.001059999
0.00020724,3.375050655,-0.000692606
0.00020728,3.345550932,0.000104033
0.00020732,3.330402425,0.000422688
0.00020736,3.296916253,0.000343024
0.0002074,3.294524384,0.00026336
0.00020744,3.26582195,0.000502352
0.00020748,3.250673444,-0.000373951
0.00020752,3.226754749,-0.000851934
0.00020756,3.209214373,-0.000533279
0.0002076,3.17891736,-0.000373951
0.00020764,3.152606796,-0.000453615
0.00020768,3.139052869,0.002175294
0.00020772,3.127890812,0.000343024
0.00020776,3.09440464,0.00026336
0.0002078,3.083242582,-0.000134959
0.00020784,3.056932018,-0.000851934
0.00020788,3.036202483,0.001537983
0.00020792,3.008297339,-0.000533279
0.00020796,2.990756964,-0.000294287
0.000208,2.96285182,0.000422688
0.00020804,2.954081632,2.44E-05
0.00020808,2.936541256,-0.000214623
0.00020812,2.907838823,-0.000294287
0.00020816,2.891893026,-0.000373951
0.0002082,2.867974332,-0.000214623
0.00020824,2.847244797,0.000821008
0.00020828,2.819339653,-0.000453615
0.00020832,2.811366755,0.000502352
0.00020836,2.778677872,0.000582016
0.0002084,2.767515815,0.00026336
0.00020844,2.74439441,-0.000134959
0.00020848,2.717286556,0.000821008
0.00020852,2.698948891,0.000502352
0.00020856,2.684597674,0.000502352
0.0002086,2.65828711,0.001298991
0.00020864,2.653503371,0.001936302
0.00020868,2.620017199,0.000900672
0.00020872,2.594503925,-0.000134959
0.00020876,2.57217981,0.000422688
0.0002088,2.565004201,0.001139663
0.00020884,2.531518029,-0.000134959
0.00020888,2.513180363,0.001378655
0.00020892,2.493248118,0.000582016
0.00020896,2.470924003,0.000183697
0.000209,2.433451382,-0.000134959
0.00020904,2.432654092,0.000502352
0.00020908,2.407938107,-0.000294287
0.00020912,2.388803152,0.000183697
0.00020916,2.367276327,-0.000294287
0.0002092,2.342560343,-0.000533279
0.00020924,2.320236228,0.000741344
0.00020928,2.303493142,0.000741344
0.00020932,2.280371737,0.00026336
0.00020936,2.253263883,-0.000453615
0.0002094,2.246088275,0.000741344
0.00020944,2.230142478,0.00066168
0.00020948,2.203831914,-0.000373951
0.00020952,2.17911593,-0.000294287
0.00020956,2.152805366,-0.000851934
0.0002096,2.130481251,-0.000931598
0.00020964,2.117724614,-0.000294287
0.00020968,2.09221134,-0.000851934
0.00020972,2.068292646,0.000183697
0.00020976,2.04756311,-0.001409582
0.0002098,2.036401053,-0.001090926
0.00020984,2.011685069,-0.000453615
0.00020988,1.990955533,-0.000214623
0.00020992,1.971820578,0.00066168
0.00020996,1.938334405,0.000183697
0.00021,1.91919945,-0.000134959
0.00021004,1.908834682,0.000343024
0.00021008,1.87295664,-0.000373951
0.00021012,1.862591873,0.00026336
0.00021016,1.841862338,-0.000294287
0.0002102,1.817943643,0.000582016
0.00021024,1.797214108,0.000502352
0.00021028,1.770903544,0.000183697
0.00021032,1.756552327,0.000821008
0.00021036,1.727849894,0.000422688
0.0002104,1.711106808,0.00066168
0.00021044,1.691174562,0.000980336
0.00021048,1.65768839,0.000582016
0.00021052,1.653701941,0.000741344
0.00021056,1.624202218,0.001219327
0.0002106,1.604269972,0.000104033
0.00021064,1.590716045,0.00026336
0.00021068,1.56839193,0.001059999
0.00021072,1.536500338,-0.000692606
0.00021076,1.530919309,-0.001568909
0.0002108,1.510189774,0.00026336
0.00021084,1.491054818,0.000343024
0.00021088,1.462352385,-0.000692606
0.00021092,1.44082556,2.44E-05
0.00021096,1.420893314,-0.001489245
0.000211,1.388204432,2.44E-05
0.00021104,1.376245085,0.000183697
0.00021108,1.358704709,-0.000453615
0.00021112,1.336380594,-0.000214623
0.00021116,1.322029377,0.000343024
0.0002112,1.302894422,0.00026336
0.00021124,1.280570307,-0.001090926
0.00021128,1.26621909,-0.000692606
0.00021132,1.231935628,-0.001728237
0.00021136,1.219178991,-0.001011262
0.0002114,1.209611513,-0.000373951
0.00021144,1.171341602,0.000582016
0.00021148,1.156990385,-0.000134959
0.00021152,1.145031038,2.44E-05
0.00021156,1.117125894,0.000502352
0.0002116,1.103571967,-0.000692606
0.00021164,1.082842432,2.44E-05
0.00021168,1.066099346,0.000183697
0.00021172,1.035005043,0.000821008
0.00021176,1.018261957,2.44E-05
0.0002118,0.990356813,0.000104033
0.00021184,0.976802886,-0.000294287
0.00021188,0.96245167,0.000104033
0.00021192,0.936938396,-0.00077227
0.00021196,0.926573628,0.000900672
0.000212,0.903452223,-0.000453615
0.00021204,0.898668484,-0.000533279
0.00021208,0.870763341,-0.001090926
0.00021212,0.857209414,-0.000373951
0.00021216,0.843655487,-0.000214623
0.0002122,0.817344923,-0.00117059
0.00021224,0.804588286,-0.000612942
0.00021228,0.790237069,-0.000453615
0.00021232,0.775088563,-0.000851934
0.00021236,0.766318375,-0.000851934
0.0002124,0.748777999,-0.000612942
0.00021244,0.732832203,-0.000692606
0.00021248,0.721670145,0.000183697
0.00021252,0.718480986,-0.00077227
0.00021256,0.697751451,-0.000294287
0.0002126,0.705724349,-0.001250254
0.00021264,0.685792103,-0.000294287
0.00021268,0.681008364,-0.000373951
0.00021272,0.684994814,-0.001568909
0.00021276,0.690575842,0.000104033
0.0002128,0.678616495,-0.000931598
0.00021284,0.683400234,-0.000612942
0.00021288,0.690575842,-0.000851934
0.00021292,0.69934603,-0.000612942
0.00021296,0.709710798,-0.000851934
0.000213,0.732034913,2.44E-05
0.00021304,0.731237623,0.000104033
0.00021308,0.74479155,-0.000294287
0.00021312,0.756750897,-0.000214623
0.00021316,0.775088563,-0.000134959
0.0002132,0.794223518,0.000582016
0.00021324,0.810966605,0.00026336
0.00021328,0.818939503,-0.000294287
0.00021332,0.851628385,2.44E-05
0.00021336,0.857209414,0.000183697
0.0002134,0.878736239,0.001298991
0.00021344,0.889101007,-0.000294287
0.00021348,0.922587179,0.000343024
0.00021352,0.928168208,0.000502352
0.00021356,0.958465221,-0.000851934
0.0002136,0.970424568,-0.000134959
0.00021364,0.987167654,-0.00077227
0.00021368,1.010289059,-0.000612942
0.00021372,1.04696439,2.44E-05
0.00021376,1.059721027,-0.000692606
0.0002138,1.075666824,-0.00117059
0.00021384,1.107558416,0.000821008
0.00021388,1.129085241,-0.00117059
0.00021392,1.138652719,-0.000612942
0.00021396,1.152206646,0.000582016
0.000214,1.184895529,0.00026336
0.00021404,1.212003382,-0.000134959
0.00021408,1.238313946,-0.000294287
0.00021412,1.258246192,0.000104033
0.00021416,1.2654218,-0.000214623
0.0002142,1.293326944,0.00026336
0.00021424,1.318840218,0.000183697
0.00021428,1.330799565,-0.000373951
0.00021432,1.357907419,0.00026336
0.00021436,1.378636954,-0.001011262
0.0002144,1.39538004,-0.000931598
0.00021444,1.430460792,-0.000692606
0.00021448,1.44162285,-0.000612942
0.00021452,1.473514442,0.000582016
0.00021456,1.500622296,0.000183697
0.0002146,1.530122019,-0.000931598
0.00021464,1.52773015,-0.001011262
0.00021468,1.554838004,0.000104033
0.00021472,1.582743147,0.00026336
0.00021476,1.601080813,-0.000453615
0.0002148,1.628188667,-0.000533279
0.00021484,1.648918202,-0.000453615
0.00021488,1.664863998,0.00026336
0.00021492,1.690377272,-0.000612942
0.00021496,1.727849894,-0.000294287
0.000215,1.741403821,0.000422688
0.00021504,1.778876442,-0.000214623
0.00021508,1.78764663,0.000104033
0.00021512,1.809970745,-0.000294287
0.00021516,1.825119251,0.000422688
0.0002152,1.851429815,2.44E-05
0.00021524,1.87455122,0.000343024
0.00021528,1.877740379,-0.000294287
0.00021532,1.916010291,0.000343024
0.00021536,1.928766928,0.000183697
0.0002154,1.959063941,0.00026336
0.00021544,1.979793476,0.000183697
0.00021548,2.002914881,0.00026336
0.00021552,2.013279648,0.000582016
0.00021556,2.045968531,-0.001568909
0.0002156,2.061914327,-0.000851934
0.00021564,2.081846572,-0.000612942
0.00021568,2.109751716,-0.001887565
0.00021572,2.110549006,-0.000373951
0.00021576,2.145629758,-0.000214623
0.0002158,2.174332191,-0.000214623
0.00021584,2.174332191,-0.000373951
0.00021588,2.209412943,0.000980336
0.00021592,2.226953319,0.000104033
0.00021596,2.251669303,-0.000612942
0.000216,2.272398839,-0.000214623
0.00021604,2.30987146,-0.000214623
0.00021608,2.31146604,-0.00077227
0.00021612,2.332992865,0.00066168
0.00021616,2.358506139,-0.000851934
0.0002162,2.374451935,0.000582016
0.00021624,2.403154369,0.00026336
0.00021628,2.415113716,-0.000294287
0.00021632,2.4398297,2.44E-05
0.00021636,2.462951105,0.000343024
0.0002164,2.48288335,0.000741344
0.00021644,2.508396624,2.44E-05
0.00021648,2.517166812,-0.000533279
0.00021652,2.547463825,0.000502352
0.00021656,2.566598781,0.000582016
0.0002166,2.581747288,-0.001011262
0.00021664,2.592909345,0.00066168
0.00021668,2.628787387,0.000502352
0.00021672,2.642341314,-0.000294287
0.00021676,2.673435616,2.44E-05
0.0002168,2.683800384,0.00026336
0.00021684,2.715691977,-0.000533279
0.00021688,2.738016092,2.44E-05
0.00021692,2.757151047,-0.000214623
0.00021696,2.777880582,0.000741344
0.000217,2.78983993,0.000183697
0.00021704,2.816947783,0.000422688
0.00021708,2.842461058,0.001059999
0.00021712,2.867177042,0.000821008
0.00021716,2.881528259,0.000104033
0.0002172,2.899068635,-0.000134959
0.00021724,2.9174063,0.001059999
0.00021728,2.942122285,-0.001011262
0.00021732,2.965243689,-0.000214623
0.00021736,2.985973225,-0.000294287
0.0002174,3.003513601,-0.000612942
0.00021744,3.029026875,-0.000294287
0.00021748,3.04895912,0.000900672
0.00021752,3.070485945,2.44E-05
0.00021756,3.09121548,0.000821008
0.0002176,3.120715204,0.001139663
0.00021764,3.131877261,0.000741344
0.00021768,3.155795956,0.001458319
0.00021772,3.18051194,2.44E-05
0.00021776,3.197255026,0.000343024
0.0002178,3.225957459,0.000821008
0.00021784,3.239511386,0.00066168
0.00021788,3.251470734,0.000900672
0.00021792,3.280970457,0.001537983
0.00021796,3.301699992,0.001139663
0.000218,3.319240368,0.001458319
0.00021804,3.349537381,0.001059999
0.00021808,3.361496728,0.000980336
0.00021812,3.394982901,0.001219327
0.00021816,3.411725987,2.44E-05
0.0002182,3.430860942,0.001617647
0.00021824,3.449198608,0.000821008
0.00021828,3.469130854,0.001697311
0.00021832,3.48667123,0.000821008
0.00021836,3.497833287,0.001378655
0.0002184,3.521751981,0.000821008
0.00021844,3.543278807,0.000980336
0.00021848,3.560021893,0.000502352
0.00021852,3.586332457,0.001059999
0.00021856,3.605467412,0.00026336
0.0002186,3.626196947,0.001219327
0.00021864,3.639750874,0.00066168
0.00021868,3.670047887,0.001298991
0.00021872,3.689182843,0.00026336
0.00021876,3.709912378,0.000183697
0.0002188,3.725060885,0.001059999
0.00021884,3.750574159,0.00066168
0.00021888,3.765722665,0.000422688
0.00021892,3.78804678,0.000502352
0.00021896,3.807181736,0.000900672
0.000219,3.83189772,0.001219327
0.00021904,3.846248937,0.000980336
0.00021908,3.867775762,0.000422688
0.00021912,3.886113428,0.000422688
0.00021916,3.917207731,-0.000533279
0.0002192,3.926775208,0.001059999
0.00021924,3.949896613,0.002254958
0.00021928,3.977801757,0.000502352
0.00021932,3.996139422,0.000741344
0.00021936,4.012085219,0.000821008
0.0002194,4.025639146,0.001219327
0.00021944,4.055936159,0.000900672
0.00021948,4.074273824,0.000900672
0.00021952,4.081449433,0.000980336
0.00021956,4.112543736,0.001219327
0.0002196,4.126894952,0.001219327
0.00021964,4.143638039,0.00066168
0.00021968,4.162772994,0.000741344
0.00021972,4.190678138,0.002573614
0.00021976,4.209015803,0.001617647
0.0002198,4.232934498,0.001378655
0.00021984,4.246488425,0.001219327
0.00021988,4.26642067,0.001059999
0.00021992,4.294325814,0.001139663
0.00021996,4.31266348,0.001856639
0.00022,4.330203856,0.001537983
0.00022004,4.346149652,0.000980336
0.00022008,4.363690028,0.000343024
0.00022012,4.385216853,0.001537983
0.00022016,4.413121997,0.000422688
0.0002202,4.424284054,0.001697311
0.00022024,4.435446111,0.001219327
0.00022028,4.457770226,0.001617647
0.00022032,4.48487808,0.001298991
0.00022036,4.515175093,0.000343024
0.0002204,4.531918179,0.000582016
0.00022044,4.543080237,0.000422688
0.00022048,4.566998931,0.000980336
0.00022052,4.582944728,0.000980336
0.00022056,4.607660712,0.001059999
0.0002206,4.628390247,0.000900672
0.00022064,4.650714362,0.000900672
0.00022068,4.661876419,0.001537983
0.00022072,4.681808665,0.001139663
0.00022076,4.711308388,0.001219327
0.0002208,4.717686707,0.001776975
0.00022084,4.74479456,0.001378655
0.00022088,4.761537646,0.001059999
0.00022092,4.771105124,0.000422688
0.00022096,4.78784821,0.000741344
0.000221,4.815753354,0.00066168
0.00022104,4.835685599,0.000821008
0.00022108,4.853225975,0.001059999
0.00022112,4.87555009,-0.000294287
0.00022116,4.890698597,0.001378655
0.0002212,4.905847103,0.001059999
0.00022124,4.937738696,0.001219327
0.00022128,4.950495333,0.001776975
0.00022132,4.96325197,0.000183697
0.00022136,4.999130012,0.001537983
0.0002214,5.002319171,0.000900672
0.00022144,5.020656837,0.000741344
0.00022148,5.04856198,0.001617647
0.00022152,5.068494226,0.000980336
0.00022156,5.070886095,0.000343024
0.0002216,5.097993949,0.00026336
0.00022164,5.120318064,0.00066168
0.00022168,5.128290962,0.000422688
0.00022172,5.155398816,-0.000533279
0.00022176,5.171344612,-0.000453615
0.0002218,5.175331061,-0.000214623
0.00022184,5.206425364,0.001219327
0.00022188,5.221573871,0.000900672
0.00022192,5.231938638,0.000502352
0.00022196,5.251870884,0.001219327
0.000222,5.272600419,0.000582016
0.00022204,5.285357056,0.001139663
0.00022208,5.308478461,0.000980336
0.00022212,5.323626967,0.000900672
0.00022216,5.333194445,0.000422688
0.0002222,5.341167343,0.000582016
0.00022224,5.366680617,0.001139663
0.00022228,5.383423704,0.000980336
0.00022232,5.388207442,0.000821008
0.00022236,5.395383051,0.001617647
0.0002224,5.410531557,0.001059999
0.00022244,5.413720717,0.001219327
0.00022248,5.426477354,0.001298991
0.00022252,5.444815019,0.001378655
0.00022256,5.439233991,0.000582016
0.0002226,5.457571656,0.001856639
0.00022264,5.451990628,0.000821008
0.00022268,5.451193338,0.00066168
0.00022272,5.468733714,0.001298991
0.00022276,5.471922873,0.00066168
0.0002228,5.467936424,0.000821008
0.00022284,5.467139134,0.000980336
0.00022288,5.482287641,0.000900672
0.00022292,5.481490351,0.000741344
0.00022296,5.48627409,0.000980336
0.000223,5.482287641,0.001059999
0.00022304,5.482287641,0.000900672
0.00022308,5.48786867,0.001458319
0.00022312,5.48707138,0.000821008
0.00022316,5.495044278,0.001298991
0.0002232,5.497436147,0.001378655
0.00022324,5.489463249,0.001617647
0.00022328,5.495044278,0.001378655
0.00022332,5.489463249,0.000900672
0.00022336,5.491855119,0.001139663
0.0002234,5.495841568,0.001219327
0.00022344,5.499828017,0.000900672
0.00022348,5.498233437,0.000582016
0.00022352,5.48707138,0.001776975
0.00022356,5.491057829,0.000343024
0.0002236,5.502219886,0.001458319
0.00022364,5.499030727,0.001298991
0.00022368,5.495044278,0.000900672
0.00022372,5.494246988,0.001059999
0.00022376,5.480693061,0.001139663
0.0002238,5.492652408,0.002015966
0.00022384,5.483084931,0.000502352
0.00022388,5.479895771,0.000821008
0.00022392,5.473517453,0.000104033
0.00022396,5.48467951,0.00209563
0.000224,5.482287641,0.001537983
0.00022404,5.478301192,0.000183697
0.00022408,5.473517453,0.000422688
0.00022412,5.451193338,0.001219327
0.00022416,5.467139134,0.001378655
0.0002242,5.458368946,0.000980336
0.00022424,5.450396048,0.001856639
0.00022428,5.438436701,0.001219327
0.00022432,5.439233991,0.00209563
0.00022436,5.428869223,0.000502352
0.0002244,5.410531557,0.000343024
0.00022444,5.39777492,0.001059999
0.00022448,5.382626414,0.00066168
0.00022452,5.35711314,0.000183697
0.00022456,5.345153792,0.000741344
0.0002246,5.323626967,0.000183697
0.00022464,5.31087033,0.000422688
0.00022468,5.283762476,0.001697311
0.00022472,5.2662221,0.001697311
0.00022476,5.238316957,0.001139663
0.0002248,5.213600973,0.001458319
0.00022484,5.196060597,0.001059999
0.00022488,5.167358163,0.002015966
0.00022492,5.164169004,0.001458319
0.00022496,5.134669281,0.001537983
0.000225,5.104372268,0.000502352
0.00022504,5.089223761,0.000741344
0.00022508,5.074872544,0.001298991
0.00022512,5.042183662,0.000821008
0.00022516,5.019859547,0.001298991
0.0002252,4.999927302,0.001458319
0.00022524,4.984778795,0.001378655
0.00022528,4.971224868,0.001856639
0.00022532,4.956076362,0.002254958
0.00022536,4.92019832,0.001776975
0.0002254,4.906644393,0.001059999
0.00022544,4.893887756,0.001697311
0.00022548,4.858807004,0.001378655
0.00022552,4.83169915,0.000183697
0.00022556,4.828509991,0.000980336
0.0002256,4.802996717,0.000900672
0.00022564,4.772699704,2.44E-05
0.00022568,4.765524096,0.000980336
0.00022572,4.74479456,0.000821008
0.00022576,4.713700257,0.000900672
0.0002258,4.712902968,0.000821008
0.00022584,4.681808665,-0.000134959
0.00022588,4.652308942,0.001219327
0.00022592,4.637160435,-0.00077227
0.00022596,4.61722819,0.000900672
0.000226,4.590120336,0.000900672
0.00022604,4.57417454,0.000582016
0.00022608,4.558228743,0.000104033
0.00022612,4.520756122,0.00026336
0.00022616,4.514377803,0.000104033
0.0002262,4.492850978,2.44E-05
0.00022624,4.468134994,0.000502352
0.00022628,4.450594618,0.000582016
0.00022632,4.434648822,0.000422688
0.00022636,4.401162649,0.000343024
0.0002264,4.3971762,0.001458319
0.00022644,4.372460216,0.001697311
0.00022648,4.35252797,0.00066168
0.00022652,4.328609276,0.000741344
0.00022656,4.321433668,0.000343024
0.0002266,4.283163756,0.000980336
0.00022664,4.271204409,0.001378655
0.00022668,4.250474874,-0.000214623
0.00022672,4.230542629,-0.000294287
0.00022676,4.208218514,0.000183697
0.0002268,4.192272717,0.000821008
0.00022684,4.169151313,0.000502352
0.00022688,4.159583835,0.001139663
0.00022692,4.130084112,0.000900672
0.00022696,4.109354576,0.00066168
0.000227,4.088625041,0.000582016
0.00022704,4.063909057,0.000900672
0.00022708,4.044774101,0.001139663
0.00022712,4.024044566,0.001059999
0.00022716,4.0057069,0.002175294
0.0002272,3.992152973,0.000502352
0.00022724,3.96265325,0.000104033
0.00022728,3.942721005,0.00066168
0.00022732,3.925180629,-0.000134959
0.00022736,3.899667355,0.001059999
0.0002274,3.882126979,0.00066168
0.00022744,3.859005574,0.000422688
0.00022748,3.829505851,0.000821008
0.00022752,3.823127532,0.000741344
0.00022756,3.802397997,0.001139663
0.0002276,3.777682013,-0.000294287
0.00022764,3.760141637,0.001537983
0.00022768,3.740209391,0.000821008
0.00022772,3.718682566,0.000422688
0.00022776,3.688385553,0.00066168
0.0002278,3.684399104,-0.001011262
0.00022784,3.652507511,-0.00117059
0.00022788,3.629386107,0.001139663
0.00022792,3.61503489,-0.000612942
0.00022796,3.588724326,0.00066168
0.000228,3.57118395,0.001139663
0.00022804,3.551251705,0.000821008
0.00022808,3.536103198,0.00066168
0.00022812,3.519360112,0.001298991
0.00022816,3.497035997,0.00066168
0.0002282,3.461955245,0.000821008
0.00022824,3.446806739,0.000821008
0.00022828,3.428469073,-0.000134959
0.00022832,3.402158509,0.000183697
0.00022836,3.382226264,0.000343024
0.0002284,3.369469626,0.000502352
0.00022844,3.344753642,-0.000294287
0.00022848,3.320834948,-0.000294287
0.00022852,3.297713543,0.000343024
0.00022856,3.271402979,0.000183697
0.0002286,3.257849052,2.44E-05
0.00022864,3.237916807,-0.000214623
0.00022868,3.22516017,0.000343024
0.00022872,3.193268577,0.000422688
0.00022876,3.194863157,0.000422688
0.0002288,3.156593245,0.000104033
0.00022884,3.13506642,-0.000612942
0.00022888,3.115931465,-0.001090926
0.00022892,3.096796509,0.000183697
0.00022896,3.071283235,0.000343024
0.000229,3.058526598,0.000741344
0.00022904,3.025837715,0.000183697
0.00022908,3.00590547,0.000183697
0.00022912,2.987567804,2.44E-05
0.00022916,2.970824718,0.000502352
0.0002292,2.951689763,-0.000294287
0.00022924,2.926176488,0.00026336
0.00022928,2.9174063,0.000343024
0.00022932,2.885514708,-0.000373951
0.00022936,2.871163491,-0.000214623
0.0002294,2.842461058,-0.000294287
0.00022944,2.820934233,-0.000214623
0.00022948,2.802596567,0.001219327
0.00022952,2.777083293,0.000183697
0.00022956,2.758745627,0.000900672
0.0002296,2.739610671,0.001617647
0.00022964,2.720475716,2.44E-05
0.00022968,2.690178703,0.000980336
0.00022972,2.679016645,-0.000533279
0.00022976,2.655097951,0.000104033
0.0002298,2.631976546,-0.000214623
0.00022984,2.606463272,-0.000294287
0.00022988,2.590517476,0.001219327
0.00022992,2.566598781,0.000343024
0.00022996,2.547463825,0.001378655
0.00023,2.541085507,2.44E-05
0.00023004,2.506004755,0.000104033
0.00023008,2.493248118,0.000741344
0.00023012,2.466937554,0.000502352
0.00023016,2.450194468,0.000104033
0.0002302,2.419897455,0.000422688
0.00023024,2.39757334,0.000741344
0.00023028,2.388005862,0.000502352
0.00023032,2.361695298,0.00026336
0.00023036,2.343357632,0.00066168
0.0002304,2.318641648,0.00066168
0.00023044,2.292331084,0.000183697
0.00023048,2.280371737,0.00066168
0.00023052,2.26522323,0.000582016
0.00023056,2.241304536,0.00026336
0.0002306,2.214993972,0.000343024
0.00023064,2.191075277,0.000343024
0.00023068,2.167156583,0.001059999
0.00023072,2.159183685,0.000821008
0.00023076,2.1344677,-0.001887565
0.0002308,2.104170687,-0.000612942
0.00023084,2.096197789,0.00026336
0.00023088,2.062711617,0.00026336
0.00023092,2.045171241,-0.000453615
0.00023096,2.027630865,0.000422688
0.000231,2.019657967,0.000900672
0.00023104,1.982982635,0.000980336
0.00023108,1.969428708,2.44E-05
0.00023112,1.952685622,0.000343024
0.00023116,1.91840216,0.000183697
0.0002312,1.904050943,0.000343024
0.00023124,1.884118698,0.000183697
0.00023128,1.868172902,2.44E-05
0.00023132,1.847443366,0.000821008
0.00023136,1.817943643,2.44E-05
0.0002314,1.797214108,-0.000294287
0.00023144,1.770106254,0.000821008
0.00023148,1.762133356,0.000821008
0.00023152,1.728647184,0.000183697
0.00023156,1.709512228,-0.000134959
0.0002316,1.696755591,-0.000612942
0.00023164,1.672039607,0.000343024
0.00023168,1.650512782,-0.000533279
0.00023172,1.631377826,0.000104033
0.00023176,1.608256421,-0.000453615
0.0002318,1.584337727,0.000422688
0.00023184,1.563608192,-0.001250254
0.00023188,1.533311179,-0.000214623
0.00023192,1.522149121,-0.000533279
0.00023196,1.505406035,-0.000373951
0.000232,1.475906312,-0.001648573
0.00023204,1.450393038,-0.001329918
0.00023208,1.455176777,-0.000134959
0.00023212,1.400961069,2.44E-05
0.00023216,1.392190881,2.44E-05
0.0002322,1.374650505,0.000343024
0.00023224,1.360299288,-0.001409582
0.00023228,1.333191435,-0.001250254
0.00023232,1.311664609,-0.000373951
0.00023236,1.298907972,0.00066168
0.0002324,1.279773017,-0.000533279
0.00023244,1.261435351,-0.002365548
0.00023248,1.231935628,-0.000612942
0.00023252,1.213597962,-0.000612942
0.00023256,1.195260296,-0.000373951
0.0002326,1.17692263,-0.000851934
0.00023264,1.143436458,-0.000453615
0.00023268,1.128287952,-0.000692606
0.00023272,1.123504213,0.00026336
0.00023276,1.09001804,0.000502352
0.0002328,1.073274954,-0.000214623
0.00023284,1.062112897,-0.000214623
0.00023288,1.030221304,0.000502352
0.00023292,1.015870087,0.000582016
0.00023296,1.007897189,-0.000214623
0.000233,0.978397466,0.000502352
0.00023304,0.96085709,0.000900672
0.00023308,0.944911294,0.000422688
0.00023312,0.937735685,0.000104033
0.00023316,0.894682035,-0.00077227
0.0002332,0.893884746,-0.000294287
0.00023324,0.867574182,-0.000214623
0.00023328,0.846844646,-0.000533279
0.00023332,0.838871748,-0.000214623
0.00023336,0.838074458,0.000980336
0.0002334,0.806980156,-0.000931598
0.00023344,0.795818098,-0.000692606
0.00023348,0.780669592,-0.000373951
0.00023352,0.757548187,-0.000294287
0.00023356,0.751967158,0.000422688
0.0002336,0.739210521,0.000502352
0.00023364,0.715291827,0.000343024
0.00023368,0.715291827,2.44E-05
0.00023372,0.708116218,-0.000373951
0.00023376,0.691373132,-0.001011262
0.0002338,0.692967712,-0.000214623
0.00023384,0.675427336,0.00026336
0.00023388,0.681805654,2.44E-05
0.00023392,0.683400234,0.00026336
0.00023396,0.681805654,-0.000214623
0.000234,0.688183973,0.00026336
0.00023404,0.692967712,-0.000851934
0.00023408,0.70094061,-0.000533279
0.00023412,0.703332479,-0.000214623
0.00023416,0.716886406,-0.001409582
0.0002342,0.739210521,2.44E-05
0.00023424,0.74479155,0.000422688
0.00023428,0.770304824,-0.000533279
0.00023432,0.779075012,-0.001648573
0.00023436,0.802993706,-0.000373951
0.0002344,0.814953054,-0.001090926
0.00023444,0.83089885,-0.001568909
0.00023448,0.845250067,-0.001250254
0.00023452,0.869966051,-0.001011262
0.00023456,0.893087456,-0.000373951
0.0002346,0.908235962,-0.000294287
0.00023464,0.933749236,-0.000373951
0.00023468,0.964046249,0.000104033
0.00023472,0.968032698,-0.000692606
0.00023476,0.983181205,0.000104033
0.0002348,1.007897189,0.001059999
0.00023484,1.035802333,-0.000612942
0.00023488,1.046167101,0.000900672
0.00023492,1.073274954,0.00066168
0.00023496,1.09081533,-0.000134959
0.000235,1.113139445,0.000980336
0.00023504,1.139450009,-0.000453615
0.00023508,1.152206646,2.44E-05
0.00023512,1.167355153,0.000183697
0.00023516,1.194463006,0.000741344
0.0002352,1.228746469,0.00026336
0.00023524,1.227949179,0.00066168
0.00023528,1.259043482,2.44E-05
0.00023532,1.278975727,0.00026336
0.00023536,1.290137784,0.00026336
0.0002354,1.320434797,2.44E-05
0.00023544,1.349934521,0.000821008
0.00023548,1.361096578,-0.000453615
0.00023552,1.388204432,-0.000692606
0.00023556,1.408933967,0.000502352
0.0002356,1.431258082,2.44E-05
0.00023564,1.454379487,-0.000612942
0.00023568,1.479892761,-0.000134959
0.00023572,1.503811455,0.000343024
0.00023576,1.514176223,-0.000214623
0.0002358,1.546067816,0.000422688
0.00023584,1.560419032,0.000343024
0.00023588,1.590716045,0.00066168
0.00023592,1.607459132,0.000343024
0.00023596,1.635364275,0.000343024
0.000236,1.65848568,0.000104033
0.00023604,1.687985403,0.000343024
0.00023608,1.697552881,0.000582016
0.00023612,1.723863445,-0.001011262
0.00023616,1.74459298,-0.000612942
0.0002362,1.762133356,-0.000692606
0.00023624,1.794024949,0.00066168
0.00023628,1.828308411,0.000821008
0.00023632,1.835484019,-0.000533279
0.00023636,1.845051497,0.000343024
0.0002364,1.879334959,0.001139663
0.00023644,1.911226552,-0.000214623
0.00023648,1.924780479,-0.000134959
0.00023652,1.946307304,0.00026336
0.00023656,1.96145581,-0.000214623
0.0002366,1.979793476,0.00026336
0.00023664,2.00530675,0.000900672
0.00023668,2.025238995,0.000422688
0.00023672,2.035603763,-0.000294287
0.00023676,2.075468254,-0.000453615
0.0002368,2.078657413,-0.000851934
0.00023684,2.099386948,0.00066168
0.00023688,2.142440599,-0.000134959
0.00023692,2.153602656,2.44E-05
0.00023696,2.166359293,0.000343024
0.000237,2.199048176,0.000343024
0.00023704,2.215791262,0.000741344
0.00023708,2.244493695,0.001059999
0.00023712,2.260439491,0.000502352
0.00023716,2.287547345,0.001298991
0.0002372,2.301101272,-0.000373951
0.00023724,2.318641648,-0.000214623
0.00023728,2.344952212,0.00026336
0.00023732,2.357708849,0.001059999
0.00023736,2.384019413,0.000104033
0.0002374,2.403154369,0.001617647
0.00023744,2.427870353,0.000422688
0.00023748,2.43903241,0.000980336
0.00023752,2.459761946,0.000343024
0.00023756,2.489261669,0.000900672
0.0002376,2.509991204,0.000900672
0.00023764,2.52912616,0.000741344
0.00023768,2.552247564,0.000900672
0.00023772,2.56899065,0.000502352
0.00023776,2.590517476,0.000900672
0.0002378,2.608057851,0.000821008
0.00023784,2.622409068,-0.000214623
0.00023788,2.65988169,0.000422688
0.00023792,2.684597674,0.001059999
0.00023796,2.70293534,0.001458319
0.000238,2.717286556,-0.000214623
0.00023804,2.742799831,0.000821008
0.00023808,2.761934786,0.001537983
0.00023812,2.775488713,0.000900672
0.00023816,2.800204697,0.000343024
0.0002382,2.821731522,0.00066168
0.00023824,2.844055637,0.001298991
0.00023828,2.867974332,0.001378655
0.00023832,2.885514708,0.000183697
0.00023836,2.911825272,-0.00077227
0.0002384,2.924581909,0.000821008
0.00023844,2.940527705,0.000183697
0.00023848,2.971622008,2.44E-05
0.00023852,2.999527152,0.000104033
0.00023856,3.009891919,0.00026336
0.0002386,3.030621454,0.000741344
0.00023864,3.056134728,0.000104033
0.00023868,3.076864264,0.00066168
0.00023872,3.085634452,-0.000134959
0.00023876,3.120715204,0.00066168
0.0002388,3.132674551,0.000582016
0.00023884,3.151809507,0.000582016
0.00023888,3.188484838,0.000821008
0.00023892,3.193268577,0.000900672
0.00023896,3.213998112,0.000821008
0.000239,3.242700546,0.000422688
0.00023904,3.263430081,0.000422688
0.00023908,3.273794848,0.000582016
0.00023912,3.3088756,0.000502352
0.00023916,3.316848499,0.000183697
0.0002392,3.344753642,0.00066168
0.00023924,3.363091308,0.000582016
0.00023928,3.394185611,2.44E-05
0.00023932,3.407739538,0.00066168
0.00023936,3.426077203,0.001458319
0.0002394,3.44282029,0.000821008
0.00023944,3.469928143,0.001059999
0.00023948,3.48507665,0.000900672
0.00023952,3.511387214,-0.000134959
0.00023956,3.531319459,0.000183697
0.0002396,3.541684227,0.001298991
0.00023964,3.564805632,0.000980336
0.00023968,3.575170399,0.000104033
0.00023972,3.610251151,0.001298991
0.00023976,3.634967135,0.000741344
0.0002398,3.642142744,0.000821008
0.00023984,3.663669569,-0.000214623
0.00023988,3.685993684,-0.000134959
0.00023992,3.711506958,0.00026336
0.00023996,3.735425652,0.00066168
0.00024,3.758547057,-0.000134959
0.00024004,3.771303694,0.000502352
0.00024008,3.797614258,0.000821008
0.00024012,3.816749214,0.000183697
0.00024016,3.83110043,0.000980336
0.0002402,3.845451647,0.001458319
0.00024024,3.868573052,0.000582016
0.00024028,3.894883616,0.000821008
0.00024032,3.910829412,0.000343024
0.00024036,3.941126425,0.000422688
0.0002404,3.945910164,0.000104033
0.00024044,3.96345054,0.000183697
0.00024048,3.985774655,0.000980336
0.00024052,4.010490639,0.00066168
0.00024056,4.028828305,0.00026336
0.0002406,4.057530738,0.000502352
0.00024064,4.071881955,0.001776975
0.00024068,4.09500336,0.000980336
0.00024072,4.117327475,0.001139663
0.00024076,4.13805701,0.000900672
0.0002408,4.151610937,0.000900672
0.00024084,4.186691689,0.00209563
0.00024088,4.191475428,0.001219327
0.00024092,4.220975151,0.000422688
0.00024096,4.238515527,0.000582016
0.000241,4.248880294,0.001697311
0.00024104,4.270407119,0.000900672
0.00024108,4.291136655,0.000582016
0.00024112,4.308677031,0.000343024
0.00024116,4.328609276,0.000741344
0.0002412,4.349338811,0.001537983
0.00024124,4.372460216,0.000104033
0.00024128,4.390000592,0.002015966
0.00024132,4.409932837,0.000422688
0.00024136,4.427473213,0.001697311
0.0002414,4.451391908,0.00066168
0.00024144,4.460959386,0.001059999
0.00024148,4.479297051,0.000502352
0.00024152,4.507202195,0.000183697
0.00024156,4.534310049,0.000422688
0.0002416,4.548661265,0.001378655
0.00024164,4.566998931,0.002015966
0.00024168,4.582944728,0.000422688
0.00024172,4.612444451,0.001219327
0.00024176,4.627592957,0.001537983
0.0002418,4.649119782,0.001219327
0.00024184,4.65948455,0.001139663
0.00024188,4.684200534,0.000422688
0.00024192,4.7025382,0.001458319
0.00024196,4.724065025,0.000980336
0.000242,4.740010821,0.000502352
0.00024204,4.759145777,0.001856639
0.00024208,4.778280733,0.001298991
0.00024212,4.79024008,0.000900672
0.00024216,4.820537093,0.000980336
0.0002422,4.830104571,0.000980336
0.00024224,4.844455787,0.00066168
0.00024228,4.867577192,0.001059999
0.00024232,4.897076915,0.00026336
0.00024236,4.915414581,0.001219327
0.0002424,4.928171218,0.000980336
0.00024244,4.958468231,0.000900672
0.00024248,4.96484655,0.001298991
0.00024252,4.988765244,0.001697311
0.00024256,5.00550833,0.000183697
0.0002426,5.020656837,0.002254958
0.00024264,5.038994503,0.000980336
0.00024268,5.063710487,0.001378655
0.00024272,5.074872544,0.002812605
0.00024276,5.09639937,0.001298991
0.0002428,5.114737035,0.001139663
0.00024284,5.123507223,0.00209563
0.00024288,5.149817787,0.000821008
0.00024292,5.176925641,0.002015966
0.00024296,5.188884988,0.001537983
0.000243,5.203236205,0.000821008
0.00024304,5.219182001,0.001378655
0.00024308,5.243100696,0.001617647
0.00024312,5.249479014,0.001617647
0.00024316,5.264627521,0.00066168
0.0002432,5.283762476,0.001856639
0.00024324,5.31087033,0.001059999
0.00024328,5.320437808,0.000104033
0.00024332,5.336383604,0.001059999
0.00024336,5.35631585,0.001298991
0.0002434,5.369072487,0.001298991
0.00024344,5.381031834,0.001139663
0.00024348,5.392991181,0.001458319
0.00024352,5.408936978,0.001219327
0.00024356,5.416909876,0.000900672
0.0002436,5.414518006,0.001298991
0.00024364,5.430463803,0.001059999
0.00024368,5.440031281,0.000183697
0.00024372,5.447206889,0.00026336
0.00024376,5.455179787,0.001298991
0.0002438,5.464747265,0.000980336
0.00024384,5.460760816,0.001059999
0.00024388,5.456774367,0.000980336
0.00024392,5.483084931,0.001059999
0.00024396,5.472720163,0.000502352
0.000244,5.475909322,0.000821008
0.00024404,5.48627409,0.000741344
0.00024408,5.491057829,0.001617647
0.00024412,5.488665959,0.001139663
0.00024416,5.492652408,0.001139663
0.0002442,5.489463249,0.001697311
0.00024424,5.500625307,0.001856639
0.00024428,5.489463249,0.002015966
0.00024432,5.494246988,0.001776975
0.00024436,5.488665959,0.000343024
0.0002444,5.491057829,0.000502352
0.00024444,5.492652408,0.001059999
0.00024448,5.496638858,0.001458319
0.00024452,5.500625307,0.001458319
0.00024456,5.509395495,0.00026336
0.0002446,5.495841568,0.001458319
0.00024464,5.489463249,0.001458319
0.00024468,5.491855119,0.000900672
0.00024472,5.491855119,0.000900672
0.00024476,5.499828017,0.000422688
0.0002448,5.494246988,0.001458319
0.00024484,5.48786867,0.001537983
0.00024488,5.489463249,0.002254958
0.00024492,5.492652408,0.001617647
0.00024496,5.48388222,0.001059999
0.000245,5.488665959,0.000900672
0.00024504,5.48786867,0.001458319
0.00024508,5.475909322,0.000183697
0.00024512,5.48467951,0.001219327
0.00024516,5.482287641,0.00066168
0.0002452,5.471125583,0.000183697
0.00024524,5.467936424,0.00066168
0.00024528,5.469531004,0.001139663
0.00024532,5.449598758,0.001139663
0.00024536,5.457571656,0.001458319
0.0002454,5.448004179,0.000104033
0.00024544,5.436044831,0.00066168
0.00024548,5.432058382,0.001298991
0.00024552,5.424882774,0.000343024
0.00024556,5.402558659,0.000502352
0.0002456,5.392193892,0.001458319
0.00024564,5.380234544,0.001617647
0.00024568,5.352329401,0.000821008
0.00024572,5.335586315,0.000821008
0.00024576,5.320437808,0.000900672
0.0002458,5.293329954,-0.000214623
0.00024584,5.2662221,0.000980336
0.00024588,5.251073594,0.001697311
0.00024592,5.233533218,0.00026336
0.00024596,5.209614523,0.001697311
0.000246,5.1801148,-0.000134959
0.00024604,5.168155453,0.000741344
0.00024608,5.13706115,0.001219327
0.00024612,5.124304513,0.000821008
0.00024616,5.088426471,0.001059999
0.0002462,5.072480675,0.000422688
0.00024624,5.05175114,-0.000692606
0.00024628,5.044575531,0.000582016
0.00024632,5.012683939,0.00026336
0.00024636,4.988765244,0.000582016
0.0002464,4.973616738,0.000741344
0.00024644,4.956076362,0.000343024
0.00024648,4.932157667,0.001617647
0.00024652,4.923387479,0.00066168
0.00024656,4.892293176,0.000741344
0.0002466,4.872360931,0.000582016
0.00024664,4.847644947,0.00209563
0.00024668,4.830104571,0.000343024
0.00024672,4.812564195,0.001139663
0.00024676,4.799807558,0.000104033
0.0002468,4.767915965,0.000980336
0.00024684,4.749578299,0.000741344
0.00024688,4.733632503,0.001219327
0.00024692,4.70333549,0.000502352
0.00024696,4.684997824,0.000900672
0.000247,4.673038477,0.001776975
0.00024704,4.65868726,0.001298991
0.00024708,4.628390247,0.001458319
0.00024712,4.61483632,0.000502352
0.00024716,4.590120336,0.000900672
0.0002472,4.57417454,0.000741344
0.00024724,4.547863976,0.001298991
0.00024728,4.52793173,0.000900672
0.00024732,4.492850978,2.44E-05
0.00024736,4.48567537,0.001458319
0.0002474,4.479297051,0.001219327
0.00024744,4.445013589,0.000821008
0.00024748,4.421892185,0.001617647
0.00024752,4.403554519,0.000900672
0.00024756,4.389203302,0.001856639
0.0002476,4.366879187,0.001458319
0.00024764,4.348541521,0.001378655
0.00024768,4.326217407,0.000183697
0.00024772,4.317447219,0.001537983
0.00024776,4.286352916,0.001298991
0.0002478,4.26721796,0.001697311
0.00024784,4.239312817,-0.000214623
0.00024788,4.22336702,0.000741344
0.00024792,4.199448326,0.000502352
0.00024796,4.196259166,0.001378655
0.000248,4.163570284,0.000502352
0.00024804,4.143638039,0.001298991
0.00024808,4.125300373,0.000422688
0.00024812,4.101381678,2.44E-05
0.00024816,4.086233172,0.000980336
0.0002482,4.056733448,0.000741344
0.00024824,4.045571391,0.000821008
0.00024828,4.038395783,0.000422688
0.00024832,3.995342133,0.000900672
0.00024836,3.981788206,0.001298991
0.0002484,3.943518295,0.00066168
0.00024844,3.931558947,0.000582016
0.00024848,3.916410441,0.000821008
0.00024852,3.898870065,0.000821008
0.00024856,3.870167631,-0.000214623
0.0002486,3.847046227,2.44E-05
0.00024864,3.827911271,0.000741344
0.00024868,3.807181736,0.00066168
0.00024872,3.78964136,0.000343024
0.00024876,3.773695564,2.44E-05
0.0002488,3.748979579,0.001298991
0.00024884,3.723466305,2.44E-05
0.00024888,3.707520509,2.44E-05
0.00024892,3.690777423,0.001298991
0.00024896,3.665264148,0.000900672
0.000249,3.651710222,0.001059999
0.00024904,3.619818629,0.000582016
0.00024908,3.607061992,0.00066168
0.00024912,3.584737877,0.000741344
0.00024916,3.56958937,0.000422688
0.0002492,3.543278807,-0.000294287
0.00024924,3.52892759,0.000343024
0.00024928,3.492252258,0.000422688
0.00024932,3.477901042,-0.000453615
0.00024936,3.471522723,2.44E-05
0.0002494,3.438036551,0.000900672
0.00024944,3.426077203,0.001059999
0.00024948,3.406144958,0.000582016
0.00024952,3.383820843,0.00066168
0.00024956,3.368672337,0.000104033
0.0002496,3.344753642,0.000821008
0.00024964,3.308078311,0.001458319
0.00024968,3.302497282,0.000343024
0.00024972,3.278578587,0.000502352
0.00024976,3.255457183,-0.001011262
0.0002498,3.237119517,0.000582016
0.00024984,3.218781851,0.000343024
0.00024988,3.202038765,0.000900672
0.00024992,3.166958013,2.44E-05
0.00024996,3.155795956,0.000900672
0.00025,3.128688102,-0.000453615
0.00025004,3.108755856,-0.000214623
0.00025008,3.09440464,0.000582016
0.00025012,3.070485945,-0.000134959
0.00025016,3.045769961,2.44E-05
0.0002502,3.032216034,0.000980336
0.00025024,3.003513601,0.000582016
0.00025028,2.978797616,-0.000533279
0.00025032,2.970824718,0.000741344
0.00025036,2.947703313,-0.000612942
0.0002504,2.92059546,0.000343024
0.00025044,2.911027982,-0.000134959
0.00025048,2.887109287,-0.001329918
0.00025052,2.867974332,-0.000612942
0.00025056,2.846447507,-0.000294287
0.0002506,2.818542363,0.000980336
0.00025064,2.803393857,0.000104033
0.00025068,2.781069742,2.44E-05
0.00025072,2.765921235,0.00026336
0.00025076,2.734826932,0.000741344
0.0002508,2.720475716,2.44E-05
0.00025084,2.706124499,-0.000214623
0.00025088,2.672638327,-0.000692606
0.00025092,2.661476269,2.44E-05
0.00025096,2.634368415,0.000343024
0.000251,2.61443617,0.000104033
0.00025104,2.586531026,0.00026336
0.00025108,2.579355418,0.000183697
0.00025112,2.549058405,2.44E-05
0.00025116,2.52832887,0.00026336
0.0002512,2.513180363,0.00066168
0.00025124,2.481288771,0.000343024
0.00025128,2.465342974,0.002015966
0.00025132,2.450194468,-0.001090926
0.00025136,2.415911006,0.000821008
0.0002514,2.407140818,0.00066168
0.00025144,2.371262776,0.00026336
0.00025148,2.359303429,0.00066168
0.00025152,2.336979314,-0.000294287
0.00025156,2.30907417,-0.000214623
0.0002516,2.297912113,-0.000134959
0.00025164,2.270804259,-0.000533279
0.00025168,2.256453042,0.00026336
0.00025172,2.241304536,0.00066168
0.00025176,2.218183131,0.000502352
0.0002518,2.189480698,0.000422688
0.00025184,2.171940322,-0.000533279
0.00025188,2.141643309,-0.00077227
0.00025192,2.13685957,-0.000214623
0.00025196,2.108157136,0.000104033
0.000252,2.09141405,-0.00077227
0.00025204,2.068292646,-0.000134959
0.00025208,2.042779371,0.000104033
0.00025212,2.026833575,-0.000214623
0.00025216,2.010887779,-0.000214623
0.0002522,1.983779925,-0.000533279
0.00025224,1.953482912,-0.000931598
0.00025228,1.942320855,0.00066168
0.00025232,1.91840216,0.000343024
0.00025236,1.896078045,0.000104033
0.0002524,1.878537669,0.000821008
0.00025244,1.857010844,0.00066168
0.00025248,1.833889439,2.44E-05
0.00025252,1.813957194,-0.001090926
0.00025256,1.793227659,-0.001011262
0.0002526,1.764525225,-0.000373951
0.00025264,1.74459298,0.000980336
0.00025268,1.730241763,-0.000931598
0.00025272,1.695161011,-0.000533279
0.00025276,1.690377272,0.00026336
0.0002528,1.677620635,0.000104033
0.00025284,1.636161565,-0.000453615
0.00025288,1.606661842,-0.000533279
0.00025292,1.602675393,0.000104033
0.00025296,1.578756698,0.000104033
0.000253,1.558027163,-0.000931598
0.00025304,1.538892207,-0.000134959
0.00025308,1.514973513,-0.000373951
0.00025312,1.491054818,-0.000931598
0.00025316,1.471919863,-0.00077227
0.0002532,1.447203878,-0.000931598
0.00025324,1.426474343,-0.001329918
0.00025328,1.404150228,-0.000373951
0.00025332,1.391393591,-0.000214623
0.00025336,1.369069476,-0.000533279
0.0002534,1.349934521,-0.000533279
0.00025344,1.335583304,-0.000214623
0.00025348,1.314853769,-0.000931598
0.00025352,1.284556756,0.000502352
0.00025356,1.281367596,-0.000373951
0.0002536,1.244692265,0.000104033
0.00025364,1.234327497,-0.000612942
0.00025368,1.212003382,-0.001250254
0.00025372,1.18011179,-0.000533279
0.00025376,1.168152442,0.000502352
0.0002538,1.153003936,0.000900672
0.00025384,1.13466627,0.000582016
0.00025388,1.106761127,-0.00077227
0.00025392,1.09001804,0.000104033
0.00025396,1.066896636,-0.000931598
0.000254,1.05015355,-0.000931598
0.00025404,1.027829435,0.000343024
0.00025408,1.012680928,-0.000294287
0.00025412,0.983181205,-0.000214623
0.00025416,0.964843539,0.000343024
0.0002542,0.952884192,0.000582016
0.00025424,0.934546526,0.000183697
0.00025428,0.922587179,0.000582016
0.00025432,0.908235962,0.000582016
0.00025436,0.897073905,0.000502352
0.0002544,0.8739525,-0.000214623
0.00025444,0.854020255,-0.000214623
0.00025448,0.837277169,-0.000294287
0.00025452,0.827709691,-0.000134959
0.00025456,0.810169315,-0.000134959
0.0002546,0.78704791,0.00026336
0.00025464,0.773493983,-0.000294287
0.00025468,0.74558884,0.000502352
0.00025472,0.746386129,-0.000692606
0.00025476,0.737615941,0.000741344
0.0002548,0.726453884,-0.000294287
0.00025484,0.708116218,0.00026336
0.00025488,0.7017379,-0.000692606
0.00025492,0.684197524,0.000104033
0.00025496,0.690575842,0.00026336
0.000255,0.686589393,0.00026336
0.00025504,0.684197524,0.000183697
0.00025508,0.682602944,0.000502352
0.00025512,0.684197524,0.000183697
0.00025516,0.689778552,0.00066168
0.0002552,0.687386683,0.000582016
0.00025524,0.70094061,-0.000214623
0.00025528,0.711305378,-0.000214623
0.00025532,0.716089116,-0.000373951
0.00025536,0.732832203,0.001219327
0.0002554,0.757548187,0.000582016
0.00025544,0.759142767,-0.000294287
0.00025548,0.780669592,0.00066168
0.00025552,0.793426229,0.000821008
0.00025556,0.816547633,-0.000453615
0.0002556,0.82930427,-0.000612942
0.00025564,0.865979602,-0.001090926
0.00025568,0.87315521,2.44E-05
0.00025572,0.885911847,-0.000533279
0.00025576,0.912222411,-0.000134959
0.0002558,0.925776338,-0.001011262
0.00025584,0.948897743,-0.001011262
0.00025588,0.975208307,0.00066168
0.00025592,0.985573074,0.000183697
0.00025596,0.993545973,-0.000692606
0.000256,1.035802333,2.44E-05
0.00025604,1.056531868,0.000104033
0.00025608,1.074072244,0.000502352
0.00025612,1.095599069,0.00066168
0.00025616,1.111544865,0.000980336
0.0002562,1.123504213,0.000104033
0.00025624,1.141841879,-0.000692606
0.00025628,1.171341602,0.000582016
0.00025632,1.197652166,-0.000453615
0.00025636,1.217584411,0.000104033
0.0002564,1.238313946,0.000821008
0.00025644,1.268610959,-0.000931598
0.00025648,1.290137784,-0.000214623
0.00025652,1.302097132,0.000183697
0.00025656,1.330799565,0.000422688
0.0002566,1.346745361,-0.000214623
0.00025664,1.375447795,-0.000294287
0.00025668,1.387407142,-0.000134959
0.00025672,1.408933967,2.44E-05
0.00025676,1.437636401,-0.000214623
0.0002568,1.460757805,-0.000533279
0.00025684,1.472717152,-0.000214623
0.00025688,1.505406035,2.44E-05
0.00025692,1.518162672,0.000104033
0.00025696,1.548459685,0.000104033
0.000257,1.56918922,-0.000851934
0.00025704,1.582743147,-0.000692606
0.00025708,1.596297074,-0.000294287
0.00025712,1.633769695,0.000582016
0.00025716,1.664066708,-0.001011262
0.0002572,1.676823346,-0.001090926
0.00025724,1.706323069,-0.000214623
0.00025728,1.726255314,0.00066168
0.00025732,1.740606531,-0.000453615
0.00025736,1.780471022,-0.00077227
0.0002574,1.785254761,2.44E-05
0.00025744,1.809970745,-0.000453615
0.00025748,1.834686729,0.000343024
0.00025752,1.860997293,2.44E-05
0.00025756,1.885713278,-0.000294287
0.0002576,1.896078045,0.000422688
0.00025764,1.91840216,0.000821008
0.00025768,1.940726275,-0.000294287
0.00025772,1.954280202,0.000422688
0.00025776,1.982185345,-0.00117059
0.0002578,1.984577215,-0.000612942
0.00025784,2.019657967,0.001139663
0.00025788,2.052346849,0.000821008
0.00025792,2.066698066,-0.000533279
0.00025796,2.09061676,0.000183697
0.000258,2.113738165,-0.000533279
0.00025804,2.121711063,-0.000134959
0.00025808,2.154399946,-0.000692606
0.00025812,2.173534901,0.000343024
0.00025816,2.200642755,0.001219327
0.0002582,2.22216958,-0.00077227
0.00025824,2.244493695,0.000821008
0.00025828,2.258047622,0.00026336
0.00025832,2.270804259,-0.000453615
0.00025836,2.303493142,0.000582016
0.0002584,2.313060619,0.00066168
0.00025844,2.339371183,0.000183697
0.00025848,2.370465486,-0.000134959
0.00025852,2.380830254,-0.000214623
0.00025856,2.400762499,0.000582016
0.0002586,2.423883904,-0.00117059
0.00025864,2.431856802,2.44E-05
0.00025868,2.473315872,-0.000294287
0.00025872,2.493248118,0.000343024
0.00025876,2.502815596,0.00026336
0.0002588,2.536301768,-0.000533279
0.00025884,2.558625883,0.00026336
0.00025888,2.560220462,-0.000294287
0.00025892,2.592112055,-0.000134959
0.00025896,2.620814489,-0.000134959
0.000259,2.624800938,0.000104033
0.00025904,2.652706081,-0.000533279
0.00025908,2.668651878,2.44E-05
0.00025912,2.696557021,0.000343024
0.00025916,2.718881136,0.000741344
0.0002592,2.749975439,-0.000453615
0.00025924,2.767515815,0.00066168
0.00025928,2.782664321,0.001059999
0.00025932,2.801799277,0.000502352
0.00025936,2.820136943,0.000343024
0.0002594,2.852825825,0.000422688
0.00025944,2.87435265,0.000980336
0.00025948,2.890298447,0.000502352
0.00025952,2.907838823,2.44E-05
0.00025956,2.935743966,-0.00077227
0.0002596,2.945311444,0.000183697
0.00025964,2.971622008,0.000343024
0.00025968,2.995540702,0.00066168
0.00025972,3.009891919,0.000582016
0.00025976,3.030621454,0.001059999
0.0002598,3.053742859,0.001059999
0.00025984,3.071283235,-0.000533279
0.00025988,3.089620901,2.44E-05
0.00025992,3.113539595,0.000104033
0.00025996,3.13745829,0.000741344
0.00026,3.147025768,0.00026336
0.00026004,3.182903809,0.001139663
0.00026008,3.193268577,0.000900672
0.00026012,3.229943909,0.000980336
0.00026016,3.241903256,0.000183697
0.0002602,3.26741653,0.000343024
0.00026024,3.272997559,0.000422688
0.00026028,3.300902702,0.000343024
0.00026032,3.319240368,0.001059999
0.00026036,3.344753642,0.00026336
0.0002604,3.357510279,0.000900672
0.00026044,3.381428974,0.000980336
0.00026048,3.405347668,0.000582016
0.00026052,3.430860942,0.000900672
0.00026056,3.444414869,0.001617647
0.0002606,3.480292911,0.001617647
0.00026064,3.490657679,0.000821008
0.00026068,3.500225156,0.000343024
0.00026072,3.531319459,0.001219327
0.00026076,3.558427313,0.000183697
0.0002608,3.561616472,0.00066168
0.00026084,3.593508065,0.000980336
0.00026088,3.605467412,-0.000294287
0.00026092,3.622210498,0.001776975
0.00026096,3.643737323,0.000343024
0.000261,3.667656018,0.000582016
0.00026104,3.689182843,0.001219327
0.00026108,3.713898827,0.000900672
0.00026112,3.729047334,0.00066168
0.00026116,3.751371449,0.00026336
0.0002612,3.779276592,0.000821008
0.00026124,3.794425099,0.000821008
0.00026128,3.815154634,0.001378655
0.00026132,3.836681459,0.000582016
0.00026136,3.845451647,-0.000214623
0.0002614,3.87495137,0.000104033
0.00026144,3.893289036,0.000582016
0.00026148,3.912423992,0.000502352
0.00026152,3.940329135,0.000502352
0.00026156,3.958666801,-0.000134959
0.0002616,3.972220728,0.00026336
0.00026164,3.992950263,-0.000533279
0.00026168,4.013679798,0.000104033
0.00026172,4.040787652,-0.000214623
0.00026176,4.065503636,-0.000851934
0.0002618,4.076665694,0.000980336
0.00026184,4.106165417,0.000821008
0.00026188,4.114935605,0.000741344
0.00026192,4.139651589,0.000900672
0.00026196,4.154002806,0.000821008
0.000262,4.184299819,0.001219327
0.00026204,4.203434775,0.00026336
0.00026208,4.218583281,2.44E-05
0.00026212,4.243299266,0.000741344
0.00026216,4.247285715,0.000422688
0.0002622,4.284758336,0.001458319
0.00026224,4.290339365,0.000422688
0.00026228,4.319041798,0.00066168
0.00026232,4.334190305,0.000502352
0.00026236,4.348541521,0.000900672
0.0002624,4.374054796,0.000900672
0.00026244,4.402757229,0.001537983
0.00026248,4.409932837,0.00066168
0.00026252,4.419500315,0.00026336
0.00026256,4.456175647,0.000343024
0.0002626,4.468134994,0.00066168
0.00026264,4.489661819,0.001537983
0.00026268,4.517566963,0.000343024
0.00026272,4.531918179,0.000741344
0.00026276,4.552647714,0.001298991
0.0002628,4.569390801,0.001059999
0.00026284,4.592512205,0.000821008
0.00026288,4.608458002,0.000343024
0.00026292,4.632376696,0.000900672
0.00026296,4.651511652,0.000343024
0.000263,4.667457448,0.000422688
0.00026304,4.7025382,0.001458319
0.00026308,4.697754461,0.000422688
0.00026312,4.726456895,0.001458319
0.00026316,4.750375589,0.000343024
0.0002632,4.768713255,0.001378655
0.00026324,4.783064472,0.001059999
0.00026328,4.802199427,0.000422688
0.00026332,4.83329373,0.000582016
0.00026336,4.83249644,0.000422688
0.0002634,4.858807004,0.001139663
0.00026344,4.884320278,0.00026336
0.00026348,4.896279626,0.001537983
0.00026352,4.923387479,0.000422688
0.00026356,4.934549537,0.000821008
0.0002636,4.953684492,0.000980336
0.00026364,4.981589636,0.000900672
0.00026368,4.988765244,0.001059999
0.00026372,5.003116461,0.001617647
0.00026376,5.038994503,0.001378655
0.0002638,5.047764691,0.001139663
0.00026384,5.05175114,0.001139663
0.00026388,5.073277965,0.000422688
0.00026392,5.090021051,0.001059999
0.00026396,5.098791239,0.000502352
0.000264,5.125899093,0.000582016
0.00026404,5.149817787,-0.000373951
0.00026408,5.164966294,0.001936302
0.00026412,5.18091209,0.001776975
0.00026416,5.214398262,0.002732941
0.0002642,5.22476303,0.001458319
0.00026424,5.234330508,0.001617647
0.00026428,5.256654623,0.000900672
0.00026432,5.259046492,0.001219327
0.00026436,5.282965187,0.001219327
0.0002644,5.307681171,0.001936302
0.00026444,5.322032388,0.00026336
0.00026448,5.339572764,0.001378655
0.00026452,5.35392398,0.000741344
0.00026456,5.352329401,0.000183697
0.0002646,5.372261646,0.000343024
0.00026464,5.385815573,-0.000134959
0.00026468,5.404153239,0.000422688
0.00026472,5.405747818,0.001059999
0.00026476,5.416909876,0.000343024
0.0002648,5.418504455,0.000502352
0.00026484,5.431261093,2.44E-05
0.00026488,5.44322044,0.001537983
0.00026492,5.452787918,0.001298991
0.00026496,5.453585207,0.000343024
0.000265,5.459963526,0.000183697
0.00026504,5.467936424,0.000343024
0.00026508,5.465544555,0.000900672
0.00026512,5.474314743,0.000582016
0.00026516,5.463152685,0.000741344
0.0002652,5.469531004,0.000980336
0.00026524,5.489463249,0.000821008
0.00026528,5.48388222,0.000741344
0.00026532,5.471922873,-0.000294287
0.00026536,5.48707138,0.001139663
0.0002654,5.48467951,0.002334622
0.00026544,5.48707138,0.001378655
0.00026548,5.494246988,0.001219327
0.00026552,5.498233437,0.001219327
0.00026556,5.490260539,0.000980336
0.0002656,5.504611756,0.001139663
0.00026564,5.489463249,0.001537983
0.00026568,5.496638858,0.000821008
0.00026572,5.488665959,0.001378655
0.00026576,5.492652408,0.001458319
0.0002658,5.48388222,0.000183697
0.00026584,5.496638858,0.001776975
0.00026588,5.499030727,0.002175294
0.00026592,5.488665959,0.000422688
0.00026596,5.493449698,0.001059999
0.000266,5.483084931,0.001776975
0.00026604,5.48388222,0.001139663
0.00026608,5.483084931,0.001458319
0.00026612,5.479895771,0.001537983
0.00026616,5.475909322,0.001697311
0.0002662,5.479098482,0.001776975
0.00026624,5.490260539,0.001378655
0.00026628,5.467936424,0.001219327
0.00026632,5.470328294,0.00066168
0.00026636,5.474314743,0.000900672
0.0002664,5.469531004,0.001219327
0.00026644,5.460760816,0.001856639
0.00026648,5.467139134,0.000900672
0.00026652,5.458368946,0.001936302
0.00026656,5.44242315,0.001059999
0.0002666,5.44162586,0.001059999
0.00026664,5.420896325,0.000821008
0.00026668,5.3993695,0.000343024
0.00026672,5.401761369,0.000422688
0.00026676,5.389004732,0.001378655
0.0002668,5.368275197,0.000741344
0.00026684,5.352329401,0.000104033
0.00026688,5.328410706,0.000741344
0.00026692,5.308478461,0.000422688
0.00026696,5.296519114,0.000821008
0.000267,5.274194999,0.001697311
0.00026704,5.247087145,0.000980336
0.00026708,5.22476303,0.000980336
0.00026712,5.208817234,0.002015966
0.00026716,5.184898539,0.001219327
0.0002672,5.167358163,0.001617647
0.00026724,5.145831338,0.001298991
0.00026728,5.110750586,0.001776975
0.00026732,5.0940075,0.001059999
0.00026736,5.080453573,0.00209563
0.0002674,5.055737589,0.001458319
0.00026744,5.035008054,0.001856639
0.00026748,5.016670388,0.001617647
0.00026752,4.996738142,0.001617647
0.00026756,4.96564384,0.000582016
0.0002676,4.955279072,0.001298991
0.00026764,4.930563088,0.001059999
0.00026768,4.909036263,0.001617647
0.00026772,4.898671495,0.000502352
0.00026776,4.866779902,0.000741344
0.0002678,4.861198874,0.001617647
0.00026784,4.843658498,0.000900672
0.00026788,4.803794007,-0.000294287
0.00026792,4.787050921,0.000980336
0.00026796,4.773496994,0.00209563
0.000268,4.749578299,-0.000294287
0.00026804,4.721673156,0.000502352
0.00026808,4.706524649,0.001697311
0.00026812,4.683403244,0.000821008
0.00026816,4.65788997,0.000104033
0.0002682,4.639552305,0.000900672
0.00026824,4.625998378,0.000104033
0.00026828,4.600485103,0.000821008
0.00026832,4.586931177,0.000980336
0.00026836,4.565404352,0.001219327
0.0002684,4.545472106,0.000343024
0.00026844,4.522350701,-0.000453615
0.00026848,4.503215746,0.00066168
0.00026852,4.472121443,0.001139663
0.00026856,4.455378357,-0.000373951
0.0002686,4.447405459,0.000900672
0.00026864,4.425081344,0.000502352
0.00026868,4.414716576,0.001139663
0.00026872,4.385216853,0.00066168
0.00026876,4.364487318,-0.000134959
0.0002688,4.342960493,0.001458319
0.00026884,4.326217407,0.001298991
0.00026888,4.30947432,0.001458319
0.00026892,4.280771887,0.000741344
0.00026896,4.261636931,0.000821008
0.000269,4.236920947,0.000821008
0.00026904,4.220975151,0.000821008
0.00026908,4.201840195,0.000104033
0.00026912,4.175529631,0.001378655
0.00026916,4.169948602,0.000502352
0.0002692,4.147624488,0.000741344
0.00026924,4.117327475,0.000741344
0.00026928,4.101381678,0.000821008
0.00026932,4.09580065,0.001378655
0.00026936,4.062314477,0.00026336
0.0002694,4.039193073,0.000343024
0.00026944,4.024841856,0.001059999
0.00026948,4.00490961,0.001537983
0.00026952,3.974612597,-0.000294287
0.00026956,3.959464091,2.44E-05
0.0002696,3.932356237,-0.000692606
0.00026964,3.914018571,0.000582016
0.00026968,3.903653804,0.00066168
0.00026972,3.864586603,-0.000134959
0.00026976,3.852627255,0.00026336
0.0002698,3.841465198,0.000343024
0.00026984,3.816749214,0.000502352
0.00026988,3.785654911,-0.000533279
0.00026992,3.778479302,0.000741344
0.00026996,3.748182289,0.001139663
0.00027,3.730641913,-0.000294287
0.00027004,3.699547611,0.000343024
0.00027008,3.697155741,0.00026336
0.00027012,3.668453308,0.000502352
0.00027016,3.66048041,0.000900672
0.0002702,3.632575266,0.001458319
0.00027024,3.598291804,0.000980336
0.00027028,3.590318906,0.000900672
0.00027032,3.564805632,0.00066168
0.00027036,3.540886937,0.000821008
0.0002704,3.534508619,2.44E-05
0.00027044,3.508995344,0.000900672
0.00027048,3.481887491,0.000821008
0.00027052,3.460360666,0.000104033
0.00027056,3.43963113,0.000821008
0.0002706,3.415712436,0.001059999
0.00027064,3.39578019,0.00026336
0.00027068,3.384618133,0.001219327
0.00027072,3.357510279,-0.000373951
0.00027076,3.332794295,0.000104033
0.0002708,3.312862049,-0.000373951
0.00027084,3.294524384,0.000980336
0.00027088,3.26821382,0.000821008
0.00027092,3.250673444,0.000183697
0.00027096,3.233133068,0.000502352
0.000271,3.214795402,0.00026336
0.00027104,3.193268577,0.000183697
0.00027108,3.166958013,-0.000134959
0.00027112,3.144633898,-0.00117059
0.00027116,3.128688102,0.000343024
0.0002712,3.113539595,-0.000851934
0.00027124,3.089620901,0.000343024
0.00027128,3.064904916,-0.000214623
0.00027132,3.033013324,0.000741344
0.00027136,3.011486499,-0.000214623
0.0002714,3.009094629,0.000183697
0.00027144,2.978797616,0.000900672
0.00027148,2.957270791,0.001298991
0.00027152,2.942122285,0.001139663
0.00027156,2.922190039,-0.000533279
0.0002716,2.895879475,-0.000134959
0.00027164,2.884717418,0.000343024
0.00027168,2.857609564,0.000104033
0.00027172,2.83050171,0.001219327
0.00027176,2.822528812,0.000582016
0.0002718,2.803393857,0.000183697
0.00027184,2.771502264,0.001219327
0.00027188,2.763529366,-0.000453615
0.00027192,2.729245904,0.000980336
0.00027196,2.706921789,-0.000692606
0.000272,2.683003094,-0.000134959
0.00027204,2.670246457,0.000900672
0.00027208,2.639152154,0.000104033
0.00027212,2.61443617,-0.000373951
0.00027216,2.600882243,-0.000214623
0.0002722,2.582544577,2.44E-05
0.00027224,2.567396071,0.000422688
0.00027228,2.551450275,0.00026336
0.00027232,2.519558682,0.000741344
0.00027236,2.493248118,0.000741344
0.0002724,2.48447793,-0.000134959
0.00027244,2.451789047,-0.000214623
0.00027248,2.446208019,0.000741344
0.00027252,2.425478483,0.000422688
0.00027256,2.403154369,-0.000453615
0.0002726,2.371262776,0.000900672
0.00027264,2.362492588,0.001697311
0.00027268,2.330600995,0.000343024
0.00027272,2.312263329,-0.000294287
0.00027276,2.301898562,0.000502352
0.0002728,2.272398839,-0.000851934
0.00027284,2.249277434,-0.001090926
0.00027288,2.218980421,0.000900672
0.00027292,2.207021074,0.000183697
0.00027296,2.184696959,0.001378655
0.000273,2.165562003,-0.000373951
0.00027304,2.144832468,0.000502352
0.00027308,2.116130035,0.00066168
0.00027312,2.102576108,0.000821008
0.00027316,2.086630311,0.000980336
0.0002732,2.05075227,0.000821008
0.00027324,2.040387502,-0.000612942
0.00027328,2.014874228,0.000900672
0.00027332,1.989360954,0.00026336
0.00027336,1.974212447,0.000183697
0.0002734,1.958266651,0.000422688
0.00027344,1.923983189,-0.00077227
0.00027348,1.916010291,-0.000294287
0.00027352,1.888902437,-0.000294287
0.00027356,1.871362061,0.000422688
0.0002736,1.839470468,0.000582016
0.00027364,1.826713831,0.000343024
0.00027368,1.803592426,0.000821008
0.00027372,1.78684934,0.001059999
0.00027376,1.758944197,0.00066168
0.0002738,1.740606531,0.000900672
0.00027384,1.721471575,0.000900672
0.00027388,1.706323069,0.000343024
0.00027392,1.677620635,0.000343024
0.00027396,1.6568911,-0.000612942
0.000274,1.644134463,0.00066168
0.00027404,1.616229319,-0.000533279
0.00027408,1.601080813,-0.000373951
0.00027412,1.576364829,0.000821008
0.00027416,1.556432583,-0.000453615
0.0002742,1.533311179,0.000821008
0.00027424,1.517365382,-0.000134959
0.00027428,1.486271079,-0.000373951
0.00027432,1.457568646,0.00066168
0.00027436,1.451190327,0.000183697
0.0002744,1.428866213,-0.000373951
0.00027444,1.39777191,0.000502352
0.00027448,1.39458275,2.44E-05
0.00027452,1.370664056,-0.000612942
0.00027456,1.349934521,-0.000533279
0.0002746,1.336380594,0.00066168
0.00027464,1.306880871,0.000104033
0.00027468,1.286151335,-0.000294287
0.00027472,1.259840771,-0.000612942
0.00027476,1.245489555,0.000980336
0.0002748,1.22316544,-0.001250254
0.00027484,1.203233194,2.44E-05
0.00027488,1.1793145,0.000343024
0.00027492,1.148220197,0.00026336
0.00027496,1.142639168,0.00026336
0.000275,1.121909633,-0.000134959
0.00027504,1.099585518,0.000104033
0.00027508,1.085234302,-0.000851934
0.00027512,1.068491215,-0.001568909
0.00027516,1.042977941,-0.000533279
0.0002752,1.033410463,-0.000533279
0.00027524,1.00311345,-0.00077227
0.00027528,0.972019148,0.000104033
0.00027532,0.96245167,-0.000373951
0.00027536,0.954478772,-0.000214623
0.0002754,0.934546526,-0.000931598
0.00027544,0.900263064,0.000343024
0.00027548,0.898668484,-0.000692606
0.00027552,0.881925398,-0.000851934
0.00027556,0.869168761,2.44E-05
0.0002756,0.845250067,0.000183697
0.00027564,0.834885299,0.00026336
0.00027568,0.827709691,-0.000851934
0.00027572,0.799007257,0.000183697
0.00027576,0.7878452,2.44E-05
0.0002758,0.763129216,-0.000373951
0.00027584,0.760737346,-0.000214623
0.00027588,0.747183419,-0.000373951
0.00027592,0.728048464,0.000900672
0.00027596,0.716886406,0.000104033
0.000276,0.709710798,-0.000692606
0.00027604,0.689778552,0.000343024
0.00027608,0.685792103,-0.000294287
0.00027612,0.686589393,-0.000612942
0.00027616,0.675427336,-0.000214623
0.0002762,0.686589393,0.000104033
0.00027624,0.680211075,-0.000533279
0.00027628,0.677819205,0.00066168
0.00027632,0.694562291,0.000104033
0.00027636,0.695359581,-0.00117059
0.0002764,0.696954161,0.000183697
0.00027644,0.713697247,-0.000214623
0.00027648,0.728048464,-0.000214623
0.00027652,0.747183419,-0.00077227
0.00027656,0.748777999,-0.000692606
0.0002766,0.759940056,-0.000453615
0.00027664,0.779872302,2.44E-05
0.00027668,0.798209968,-0.000373951
0.00027672,0.820534082,0.000183697
0.00027676,0.825317821,-0.00077227
0.0002768,0.854817545,-0.000851934
0.00027684,0.87235792,-0.000931598
0.00027688,0.891492876,-0.001250254
0.00027692,0.909830542,-0.00077227
0.00027696,0.928168208,-0.001409582
0.000277,0.939330265,-0.000533279
0.00027704,0.96165438,-0.000533279
0.00027708,0.976802886,-0.001489245
0.00027712,1.002316161,-0.001329918
0.00027716,1.015870087,0.000183697
0.0002772,1.058126448,-0.001090926
0.00027724,1.067693926,-0.000294287
0.00027728,1.09001804,-0.000692606
0.00027732,1.116328604,-0.000214623
0.00027736,1.126693372,-0.000612942
0.0002774,1.148220197,0.00026336
0.00027744,1.172138892,0.000104033
0.00027748,1.195260296,-0.000851934
0.00027752,1.204827774,-0.000931598
0.00027756,1.231935628,-0.00117059
0.0002776,1.257448902,-0.000851934
0.00027764,1.283759466,-0.001090926
0.00027768,1.298907972,-0.000453615
0.00027772,1.324421247,-0.000533279
0.00027776,1.340367043,-0.000851934
0.0002778,1.361893868,-0.000373951
0.00027784,1.380231534,-0.001409582
0.00027788,1.408933967,-0.00077227
0.00027792,1.429663502,-0.000294287
0.00027796,1.455974066,-0.001728237
0.000278,1.48547379,0.000104033
0.00027804,1.501419586,0.000343024
0.00027808,1.52613557,2.44E-05
0.00027812,1.553243424,0.000502352
0.00027816,1.563608192,-0.000373951
0.0002782,1.599486233,0.000741344
0.00027824,1.603472682,-0.000214623
0.00027828,1.633769695,-0.000134959
0.00027832,1.65768839,-0.000692606
0.00027836,1.681607084,0.00026336
0.0002784,1.710309518,0.001219327
0.00027844,1.735025502,0.001697311
0.00027848,1.758146907,-0.000294287
0.00027852,1.770106254,0.000502352
0.00027856,1.799605977,-0.000134959
0.0002786,1.805187006,0.000343024
0.00027864,1.838673178,0.000582016
0.00027868,1.861794583,-0.000692606
0.00027872,1.872159351,-0.000373951
0.00027876,1.903253654,0.001059999
0.0002788,1.924780479,0.000422688
0.00027884,1.939131695,0.000582016
0.00027888,1.951091043,0.00066168
0.00027892,1.990955533,-0.000851934
0.00027896,2.009293199,0.000582016
0.000279,2.025238995,0.001059999
0.00027904,2.055536009,2.44E-05
0.00027908,2.077860123,0.000183697
0.00027912,2.085833022,-0.000214623
0.00027916,2.128886672,0.000104033
0.0002792,2.141643309,0.000900672
0.00027924,2.144832468,0.000104033
0.00027928,2.17752135,0.000502352
0.00027932,2.196656306,0.001378655
0.00027936,2.217385841,0.000821008
0.0002794,2.242899115,0.000741344
0.00027944,2.262831361,-0.000453615
0.00027948,2.287547345,-0.000294287
0.00027952,2.30987146,0.000502352
0.00027956,2.333790155,-0.00077227
0.0002796,2.35531698,-0.000533279
0.00027964,2.368073617,0.000821008
0.00027968,2.394384181,0.000821008
0.00027972,2.411127267,-0.000612942
0.00027976,2.433451382,0.000104033
0.0002798,2.44142428,0.001298991
0.00027984,2.475707742,0.00026336
0.00027988,2.500423726,0.000821008
0.00027992,2.523545131,0.000582016
0.00027996,2.531518029,0.000183697
0.00028,2.555436724,0.00026336
0.00028004,2.584139157,0.001298991
0.00028008,2.592112055,0.000582016
0.00028012,2.61603075,0.000502352
0.00028016,2.638354865,0.000343024
0.0002802,2.661476269,0.000502352
0.00028024,2.683003094,-0.001250254
0.00028028,2.716489267,0.000821008
0.00028032,2.723664875,2.44E-05
0.00028036,2.74678628,-0.00077227
0.0002804,2.776286003,0.000183697
0.00028044,2.785056191,-0.00077227
0.00028048,2.797015538,-0.000612942
0.00028052,2.822528812,0.000980336
0.00028056,2.860001434,-0.000214623
0.0002806,2.878339099,0.000183697
0.00028064,2.899865924,0.000900672
0.00028068,2.915811721,0.000502352
0.00028072,2.931757517,-0.000214623
0.00028076,2.96364911,0.00066168
0.0002808,2.983581355,0.000741344
0.00028084,3.002716311,0.000502352
0.00028088,3.025040426,0.001219327
0.00028092,3.036202483,0.000741344
0.00028096,3.062513047,-0.001090926
0.000281,3.086431742,0.000104033
0.00028104,3.098391089,0.000343024
0.00028108,3.120715204,0.000422688
0.00028112,3.152606796,0.001617647
0.00028116,3.167755303,0.000422688
0.0002812,3.18130923,0.00066168
0.00028124,3.203633345,0.001139663
0.00028128,3.227552039,0.000980336
0.00028132,3.237119517,0.000980336
0.00028136,3.270605689,0.000104033
0.0002814,3.287348775,0.000582016
0.00028144,3.301699992,0.001219327
0.00028148,3.324821397,0.001298991
0.00028152,3.358307569,0.001219327
0.00028156,3.362294018,0.000422688
0.0002816,3.385415423,0.000741344
0.00028164,3.408536827,0.001298991
0.00028168,3.428469073,0.001298991
0.00028172,3.449995898,0.000821008
0.00028176,3.468333564,0.00066168
0.0002818,3.490657679,0.00026336
0.00028184,3.518562822,0.000980336
0.00028188,3.531319459,0.000741344
0.00028192,3.566400211,0.000821008
0.00028196,3.574373109,0.000741344
0.000282,3.606264702,0.001537983
0.00028204,3.607061992,0.000343024
0.00028208,3.627791527,0.000900672
0.00028212,3.655696671,0.001219327
0.00028216,3.667656018,0.001059999
0.0002822,3.692372002,0.000422688
0.00028224,3.720277146,0.000422688
0.00028228,3.741006681,0.001219327
0.00028232,3.752168739,0.000821008
0.00028236,3.772898274,0.001458319
0.0002824,3.796019678,0.00066168
0.00028244,3.818343793,0.001298991
0.00028248,3.83428959,0.001378655
0.00028252,3.851032676,0.001697311
0.00028256,3.870167631,0.000980336
0.0002826,3.898072775,0.002015966
0.00028264,3.916410441,0.000980336
0.00028268,3.937139976,0.001139663
0.00028272,3.956274932,0.00066168
0.00028276,3.981788206,0.000343024
0.0002828,3.989761104,0.000343024
0.00028284,4.014477088,0.001458319
0.00028288,4.042382232,-0.000214623
0.00028292,4.056733448,0.001059999
0.00028296,4.087030462,0.000741344
0.000283,4.105368127,0.00066168
0.00028304,4.122908503,0.000980336
0.00028308,4.150813647,0.000502352
0.00028312,4.159583835,0.000104033
0.00028316,4.18111066,2.44E-05
0.0002832,4.209015803,0.001378655
0.00028324,4.230542629,0.00209563
0.00028328,4.248083005,2.44E-05
0.00028332,4.263231511,0.001617647
0.00028336,4.285555626,0.000980336
0.0002834,4.303096002,0.001219327
0.00028344,4.315055349,0.001856639
0.00028348,4.343757783,0.001776975
0.00028352,4.358906289,0.000980336
0.00028356,4.370068346,0.001298991
0.0002836,4.403554519,0.000582016
0.00028364,4.411527417,0.000821008
0.00028368,4.424284054,0.001458319
0.00028372,4.449797328,0.000422688
0.00028376,4.480891631,0.001219327
0.0002838,4.498432007,0.001856639
0.00028384,4.508796775,0.000821008
0.00028388,4.543080237,0.000980336
0.00028392,4.552647714,0.000900672
0.00028396,4.57098538,0.001776975
0.000284,4.604471553,0.00026336
0.00028404,4.612444451,0.00026336
0.00028408,4.640349594,0.001776975
0.00028412,4.653903521,2.44E-05
0.00028416,4.664268289,0.001219327
0.0002842,4.692970722,0.001617647
0.00028424,4.717686707,-0.000294287
0.00028428,4.725659605,0.000502352
0.00028432,4.763929516,0.000980336
0.00028436,4.760740357,0.000900672
0.0002844,4.783861761,0.001059999
0.00028444,4.810969615,0.000343024
0.00028448,4.822928962,0.000741344
0.00028452,4.838874759,0.001139663
0.00028456,4.866779902,0.00026336
0.0002846,4.893090466,0.00209563
0.00028464,4.903455234,0.00026336
0.00028468,4.91940103,0.002015966
0.00028472,4.948900753,0.001298991
0.00028476,4.968035709,0.000582016
0.0002848,4.973616738,0.001537983
0.00028484,4.995143563,0.001298991
0.00028488,5.019062257,0.001139663
0.00028492,5.043778242,0.001856639
0.00028496,5.054940299,0.000582016
0.000285,5.056534879,0.00066168
0.00028504,5.090818341,0.000980336
0.00028508,5.108358717,0.00066168
0.00028512,5.122709933,0.001219327
0.00028516,5.143439469,0.001697311
0.0002852,5.153804236,0.001458319
0.00028524,5.17931751,0.000821008
0.00028528,5.189682278,2.44E-05
0.00028532,5.214398262,0.001059999
0.00028536,5.216790132,0.000343024
0.0002854,5.245492565,0.001059999
0.00028544,5.26781668,0.000980336
0.00028548,5.278978738,0.000502352
0.00028552,5.290140795,0.001298991
0.00028556,5.308478461,0.001298991
0.0002856,5.337978184,0.000741344
0.00028564,5.346748372,0.001378655
0.00028568,5.35551856,0.002015966
0.00028572,5.371464356,0.00066168
0.00028576,5.381031834,0.00026336
0.0002858,5.391396602,0.001219327
0.00028584,5.407342398,0.001537983
0.00028588,5.413720717,0.001617647
0.00028592,5.427274643,0.000343024
0.00028596,5.430463803,-0.000373951
0.000286,5.435247542,0.001139663
0.00028604,5.448004179,0.000422688
0.00028608,5.460760816,0.001856639
0.00028612,5.461558106,0.001776975
0.00028616,5.455977077,0.001856639
0.0002862,5.473517453,0.000343024
0.00028624,5.463949975,0.00066168
0.00028628,5.478301192,0.000821008
0.00028632,5.472720163,0.001617647
0.00028636,5.472720163,0.000183697
0.0002864,5.474314743,0.001697311
0.00028644,5.494246988,0.00209563
0.00028648,5.48388222,0.001776975
0.00028652,5.476706612,0.001139663
0.00028656,5.490260539,0.001139663
0.0002866,5.48388222,0.000900672
0.00028664,5.499828017,0.00209563
0.00028668,5.496638858,0.00066168
0.00028672,5.490260539,0.001139663
0.00028676,5.48707138,0.000422688
0.0002868,5.499030727,0.001139663
0.00028684,5.48627409,0.000422688
0.00028688,5.495841568,0.000104033
0.00028692,5.492652408,0.000422688
0.00028696,5.497436147,-0.000134959
0.000287,5.490260539,0.000900672
0.00028704,5.492652408,0.000741344
0.00028708,5.497436147,0.000582016
0.00028712,5.491855119,0.000343024
0.00028716,5.488665959,-0.000294287
0.0002872,5.491057829,0.000422688
0.00028724,5.48388222,0.001617647
0.00028728,5.48388222,0.001378655
0.00028732,5.491057829,0.001219327
0.00028736,5.480693061,0.000741344
0.0002874,5.473517453,0.000422688
0.00028744,5.482287641,0.000980336
0.00028748,5.472720163,0.001139663
0.00028752,5.476706612,0.000821008
0.00028756,5.469531004,0.00066168
0.0002876,5.456774367,0.000343024
0.00028764,5.450396048,0.000343024
0.00028768,5.460760816,0.001458319
0.00028772,5.447206889,0.000900672
0.00028776,5.432855672,0.000980336
0.0002878,5.424085484,0.001537983
0.00028784,5.419301745,0.00066168
0.00028788,5.395383051,0.001059999
0.00028792,5.391396602,0.000582016
0.00028796,5.377842675,0.000980336
0.000288,5.35551856,0.001298991
0.00028804,5.348342952,-0.000134959
0.00028808,5.314059489,0.000422688
0.00028812,5.298113693,0.001059999
0.00028816,5.2662221,0.000582016
0.0002882,5.251073594,0.001378655
0.00028824,5.22556032,0.000741344
0.00028828,5.207222654,0.001298991
0.00028832,5.184898539,0.000422688
0.00028836,5.161777134,0.000502352
0.0002884,5.140250309,0.001936302
0.00028844,5.123507223,0.000821008
0.00028848,5.088426471,0.000422688
0.00028852,5.070886095,0.000422688
0.00028856,5.05254843,0.001219327
0.0002886,5.036602633,0.000741344
0.00028864,5.011089359,0.002334622
0.00028868,5.001521881,0.000980336
0.00028872,4.972819448,0.001059999
0.00028876,4.953684492,-0.000294287
0.0002888,4.924982059,0.002015966
0.00028884,4.907441683,0.001697311
0.00028888,4.891495887,0.001298991
0.00028892,4.870766351,0.000741344
0.00028896,4.844455787,0.001537983
0.000289,4.830901861,0.001219327
0.00028904,4.814956064,0.00066168
0.00028908,4.78784821,0.00066168
0.00028912,4.775091573,0.001298991
0.00028916,4.753564748,0.000422688
0.0002892,4.715294837,2.44E-05
0.00028924,4.70333549,0.001617647
0.00028928,4.677024926,0.001139663
0.00028932,4.671443897,0.001059999
0.00028936,4.644336043,0.001298991
0.0002894,4.629984827,-0.000214623
0.00028944,4.608458002,0.000502352
0.00028948,4.582944728,0.000582016
0.00028952,4.567796221,0.001378655
0.00028956,4.548661265,0.000900672
0.0002896,4.523147991,0.001059999
0.00028964,4.505607615,0.000900672
0.00028968,4.488864529,0.000900672
0.00028972,4.464945835,0.00026336
0.00028976,4.450594618,0.001537983
0.0002898,4.419500315,0.000422688
0.00028984,4.406743678,0.000343024
0.00028988,4.390000592,2.44E-05
0.00028992,4.364487318,0.000343024
0.00028996,4.342960493,0.000582016
0.00029,4.318244508,0.000980336
0.00029004,4.299109553,0.000343024
0.00029008,4.283163756,2.44E-05
0.00029012,4.272798989,0.000900672
0.00029016,4.248083005,0.000183697
0.0002902,4.22575889,0.000821008
0.00029024,4.204232065,0.000183697
0.00029028,4.17951608,0.000183697
0.00029032,4.160381125,0.000343024
0.00029036,4.150813647,0.000422688
0.0002904,4.127692242,0.001059999
0.00029044,4.109354576,0.001059999
0.00029048,4.087030462,0.000343024
0.00029052,4.059125318,0.001139663
0.00029056,4.037598493,0.000422688
0.0002906,4.025639146,0.00066168
0.00029064,4.004112321,0.000821008
0.00029068,3.982585496,0.000502352
0.00029072,3.957072221,0.000900672
0.00029076,3.936342686,0.001059999
0.0002908,3.91880231,0.001059999
0.00029084,3.899667355,0.001219327
0.00029088,3.871762211,0.000104033
0.00029092,3.859005574,0.000741344
0.00029096,3.836681459,0.000900672
0.000291,3.807181736,0.000183697
0.00029104,3.776884723,0.001139663
0.00029108,3.768114535,0.001458319
0.00029112,3.748182289,0.000900672
0.00029116,3.732236493,-0.000134959
0.0002912,3.708317799,2.44E-05
0.00029124,3.692372002,0.000741344
0.00029128,3.666858728,0.001139663
0.00029132,3.644534613,0.001298991
0.00029136,3.61503489,0.001378655
0.0002914,3.605467412,0.000741344
0.00029144,3.579156848,0.000900672
0.00029148,3.560021893,0.002015966
0.00029152,3.534508619,0.000980336
0.00029156,3.513779083,0.000900672
0.0002916,3.493049548,0.00026336
0.00029164,3.476306462,0.000821008
0.00029168,3.449198608,0.000980336
0.00029172,3.438833841,0.000821008
0.00029176,3.414117856,0.002254958
0.0002918,3.387807292,0.001537983
0.00029184,3.372658786,0.001219327
0.00029188,3.351929251,0.000741344
0.00029192,3.338375324,0.001059999
0.00029196,3.31206476,0.001378655
0.000292,3.282565036,0.000900672
0.00029204,3.26661924,-0.000533279
0.00029208,3.238714097,0.001059999
0.00029212,3.229146619,2.44E-05
0.00029216,3.201241475,2.44E-05
0.0002922,3.185295679,0.000741344
0.00029224,3.174930911,0.000104033
0.00029228,3.148620347,0.000582016
0.00029232,3.127890812,0.00066168
0.00029236,3.116728755,0.000980336
0.0002924,3.084837162,0.000900672
0.00029244,3.069688655,0.00026336
0.00029248,3.04975641,0.000821008
0.00029252,3.023445846,0.000183697
0.00029256,2.995540702,0.000104033
0.0002926,2.976405747,0.000502352
0.00029264,2.971622008,0.000900672
0.00029268,2.934946676,2.44E-05
0.00029272,2.91900088,0.001378655
0.00029276,2.904649663,-0.000294287
0.0002928,2.879136389,-0.00077227
0.00029284,2.857609564,0.000104033
0.00029288,2.835285449,0.000104033
0.00029292,2.815353204,0.000980336
0.00029296,2.797812828,0.000980336
0.000293,2.772299554,0.00026336
0.00029304,2.749178149,0.000183697
0.00029308,2.718881136,0.000741344
0.00029312,2.722867585,2.44E-05
0.00029316,2.685394964,0.000422688
0.0002932,2.670246457,-0.000453615
0.00029324,2.644733183,0.000502352
0.00029328,2.620017199,0.000104033
0.00029332,2.602476823,0.000821008
0.00029336,2.584936447,-0.000453615
0.0002934,2.560220462,-0.000294287
0.00029344,2.545869246,0.000343024
0.00029348,2.523545131,0.00026336
0.00029352,2.493248118,0.00026336
0.00029356,2.48607251,0.000183697
0.0002936,2.455775497,0.000343024
0.00029364,2.431059512,-0.000214623
0.00029368,2.411127267,-0.000533279
0.00029372,2.384816703,0.000900672
0.00029376,2.373654645,-0.000373951
0.0002938,2.347344081,0.000502352
0.00029384,2.329803705,-0.000373951
0.00029388,2.31146604,0.000741344
0.00029392,2.289939215,-0.000294287
0.00029396,2.257250332,-0.000134959
0.000294,2.239709956,-0.000214623
0.00029404,2.218183131,-0.000533279
0.00029408,2.207021074,0.000900672
0.00029412,2.182305089,0.000582016
0.00029416,2.162372844,-0.000134959
0.0002942,2.140048729,0.000343024
0.00029424,2.118521904,-0.001090926
0.00029428,2.095400499,0.000741344
0.00029432,2.087427601,0.001059999
0.00029436,2.057130588,0.000741344
0.0002944,2.034806473,0.000422688
0.00029444,2.014874228,0.000183697
0.00029448,1.982982635,0.00066168
0.00029452,1.967036839,0.000821008
0.00029456,1.950293753,2.44E-05
0.0002946,1.925577768,0.000900672
0.00029464,1.898469915,0.001219327
0.00029468,1.877740379,-0.000214623
0.00029472,1.87694309,0.000741344
0.00029476,1.837875889,0.000502352
0.0002948,1.833889439,0.000183697
0.00029484,1.807578876,0.000900672
0.00029488,1.782862891,0.000502352
0.00029492,1.768511674,-0.000294287
0.00029496,1.741403821,0.000183697
0.000295,1.726255314,0.00066168
0.00029504,1.707120359,0.000502352
0.00029508,1.693566432,-0.00117059
0.00029512,1.663269419,-0.000134959
0.00029516,1.643337173,-0.001090926
0.0002952,1.631377826,-0.000612942
0.00029524,1.590716045,-0.000294287
0.00029528,1.57158109,-0.000533279
0.00029532,1.554838004,-0.000533279
0.00029536,1.540486787,-0.00077227
0.0002954,1.509392484,-0.000612942
0.00029544,1.494243978,-0.001250254
0.00029548,1.464744254,-0.001250254
0.00029552,1.464744254,-0.00117059
0.00029556,1.432055372,0.000980336
0.0002956,1.404947518,-0.000533279
0.00029564,1.381826113,-0.000373951
0.00029568,1.357907419,-0.000453615
0.00029572,1.344353492,-0.000373951
0.00029576,1.321232087,0.000104033
0.0002958,1.30927274,-0.000373951
0.00029584,1.285354046,0.00026336
0.00029588,1.26621909,-0.000373951
0.00029592,1.247084134,-0.000214623
0.00029596,1.231138338,-0.001011262
0.000296,1.203233194,0.000741344
0.00029604,1.183300949,-0.00117059
0.00029608,1.157787675,0.000900672
0.00029612,1.13705814,0.00026336
0.00029616,1.122706923,0.000980336
0.0002962,1.101977388,0.000582016
0.00029624,1.09081533,0.000183697
0.00029628,1.058923738,-0.000453615
0.00029632,1.04696439,0.000183697
0.00029636,1.020653826,-0.000294287
0.0002964,1.015072798,2.44E-05
0.00029644,0.985573074,-0.000453615
0.00029648,0.971221858,-0.000692606
0.00029652,0.940924845,-0.001090926
0.00029656,0.932154657,0.00026336
0.0002966,0.912222411,0.000104033
0.00029664,0.894682035,0.000821008
0.00029668,0.881128108,0.000104033
0.00029672,0.866776892,-0.000294287
0.00029676,0.844452777,-0.000533279
0.0002968,0.834885299,0.00026336
0.00029684,0.816547633,-0.000612942
0.00029688,0.802993706,0.000582016
0.00029692,0.78625062,0.000104033
0.00029696,0.775885853,-0.000612942
0.000297,0.752764448,0.000343024
0.00029704,0.737615941,0.000582016
0.00029708,0.720075565,0.000183697
0.00029712,0.716089116,0.000900672
0.00029716,0.7017379,0.000183697
0.0002972,0.691373132,0.000183697
0.00029724,0.684197524,-0.000453615
0.00029728,0.688183973,-0.000214623
0.00029732,0.680211075,-0.000851934
0.00029736,0.683400234,0.00066168
0.0002974,0.684994814,-0.00077227
0.00029744,0.687386683,0.000183697
0.00029748,0.684197524,-0.000931598
0.00029752,0.70014332,-0.00077227
0.00029756,0.704129769,2.44E-05
0.0002976,0.718480986,-0.000294287
0.00029764,0.725656594,-0.000851934
0.00029768,0.733629492,2.44E-05
0.00029772,0.736818652,-0.00077227
0.00029776,0.774291273,0.000900672
0.0002978,0.783858751,0.000343024
0.00029784,0.796615388,0.00026336
0.00029788,0.83010156,-0.000134959
0.00029792,0.841263618,0.000980336
0.00029796,0.844452777,0.000183697
0.000298,0.87634437,-0.001329918
0.00029804,0.899465774,-0.001728237
0.00029808,0.909033252,-0.00117059
0.00029812,0.933749236,0.000183697
0.00029816,0.944911294,0.000343024
0.0002982,0.96085709,0.000104033
0.00029824,0.984775785,-0.000453615
0.00029828,1.016667377,0.000104033
0.00029832,1.032613174,-0.000453615
0.00029836,1.060518317,2.44E-05
0.0002984,1.079653273,-0.000453615
0.00029844,1.097193649,-0.000692606
0.00029848,1.120315053,-0.001011262
0.00029852,1.13626085,-0.000214623
0.00029856,1.154598516,0.000422688
0.0002986,1.176125341,-0.00077227
0.00029864,1.199246745,0.000582016
0.00029868,1.218381701,2.44E-05
0.00029872,1.235124787,0.00066168
0.00029876,1.26462451,-0.000612942
0.0002988,1.280570307,-0.000533279
0.00029884,1.306083581,-0.000453615
0.00029888,1.321232087,-0.000134959
0.00029892,1.350731811,-0.000214623
0.00029896,1.367474897,0.00066168
0.000299,1.39697462,0.001219327
0.00029904,1.412920416,-0.000294287
0.00029908,1.443217429,-0.000134959
0.00029912,1.465541544,-0.000134959
0.00029916,1.4846765,-0.000692606
0.0002992,1.503811455,-0.000134959
0.00029924,1.540486787,-0.000612942
0.00029928,1.556432583,-0.000373951
0.00029932,1.576364829,0.000422688
0.00029936,1.607459132,2.44E-05
0.0002994,1.628985957,0.000900672
0.00029944,1.652904651,-0.000134959
0.00029948,1.673634186,-0.000214623
0.00029952,1.70074204,-0.000692606
0.00029956,1.706323069,-0.000294287
0.0002996,1.738214661,0.000582016
0.00029964,1.759741486,0.001059999
0.00029968,1.778876442,-0.00077227
0.00029972,1.801200557,2.44E-05
0.00029976,1.825916541,2.44E-05
0.0002998,1.843456917,-0.001090926
0.00029984,1.868970191,0.000980336
0.00029988,1.893686176,2.44E-05
0.00029992,1.907240103,0.000582016
0.00029996,1.922388609,0.000104033
0.0003,1.955077492,-0.00077227
0.00030004,1.96384768,0.000104033
0.00030008,1.983779925,0.000582016
0.00030012,2.013279648,-0.000214623
0.00030016,2.018860677,2.44E-05
0.0003002,2.04995498,0.001059999
0.00030024,2.065103486,0.000582016
0.00030028,2.097792369,0.000582016
0.00030032,2.116927324,-0.000533279
0.00030036,2.13526499,0.000741344
0.0003004,2.159183685,-0.000214623
0.00030044,2.173534901,-0.000373951
0.00030048,2.207021074,0.000502352
0.00030052,2.22456145,0.001139663
0.00030056,2.243696405,-0.000533279
0.0003006,2.26841239,-0.000134959
0.00030064,2.290736504,2.44E-05
0.00030068,2.299506692,2.44E-05
0.00030072,2.335384734,2.44E-05
0.00030076,2.348938661,-0.000692606
0.0003008,2.375249225,0.000104033
0.00030084,2.391992311,-0.001090926
0.00030088,2.409532687,-0.000373951
0.00030092,2.433451382,-0.000533279
0.00030096,2.462153815,0.00066168
0.000301,2.478099611,2.44E-05
0.00030104,2.48607251,-0.000373951
0.00030108,2.521950551,0.000741344
0.00030112,2.538693637,-0.000453615
0.00030116,2.565801491,-0.000851934
0.0003012,2.576166259,0.00026336
0.00030124,2.603274113,0.000104033
0.00030128,2.629584677,-0.000214623
0.00030132,2.643935893,0.000741344
0.00030136,2.675030196,0.000422688
0.0003014,2.694962442,-0.000214623
0.00030144,2.708516368,2.44E-05
0.00030148,2.737218802,0.001059999
0.00030152,2.74359712,0.000741344
0.00030156,2.765123945,-0.000373951
0.0003016,2.792231799,0.000582016
0.00030164,2.816947783,-0.000851934
0.00030168,2.83050171,0.001059999
0.00030172,2.858406854,0.00209563
0.00030176,2.879933679,0.000104033
0.0003018,2.894284896,0.000422688
0.00030184,2.924581909,-0.000373951
0.00030188,2.943716864,-0.000294287
0.00030192,2.954878922,0.000582016
0.00030196,2.976405747,-0.000214623
0.000302,3.001919021,0.00066168
0.00030204,3.010689209,-0.000134959
0.00030208,3.041783512,0.00066168
0.00030212,3.072080525,2.44E-05
0.00030216,3.087229031,-0.001011262
0.0003022,3.103972118,0.000741344
0.00030224,3.127890812,-0.000931598
0.00030228,3.147025768,-0.000214623
0.00030232,3.174133621,-0.000134959
0.00030236,3.186890258,-0.000533279
0.0003024,3.206025214,0.000980336
0.00030244,3.232335778,-0.000453615
0.00030248,3.257051762,-0.001011262
0.00030252,3.262632791,-0.00077227
0.00030256,3.298510833,-0.001011262
0.0003026,3.31047018,0.000900672
0.00030264,3.339172613,0.000900672
0.00030268,3.351929251,-0.000453615
0.00030272,3.375847945,0.000741344
0.00030276,3.394185611,0.000183697
0.0003028,3.421293465,-0.000533279
0.00030284,3.43963113,0.000582016
0.00030288,3.452387767,0.000980336
0.00030292,3.478698331,0.000900672
0.00030296,3.495441418,0.00066168
0.000303,3.520157402,0.000104033
0.00030304,3.536103198,-0.000453615
0.00030308,3.563211052,0.001059999
0.00030312,3.583143297,0.00026336
0.00030316,3.588724326,0.000980336
0.0003032,3.626196947,0.000582016
0.00030324,3.636561715,0.000900672
0.00030328,3.663669569,0.001059999
0.00030332,3.677223496,0.000980336
0.00030336,3.70353406,2.44E-05
0.0003034,3.715493407,0.000741344
0.00030344,3.742601261,0.000821008
0.00030348,3.754560608,0.00066168
0.00030352,3.772100984,0.000900672
0.00030356,3.808776315,0.001776975
0.0003036,3.811965475,2.44E-05
0.00030364,3.83269501,0.001617647
0.00030368,3.852627255,0.000900672
0.00030372,3.87654595,0.000900672
0.00030376,3.906045673,0.001139663
0.0003038,3.925977919,0.000183697
0.00030384,3.941923715,0.000900672
0.00030388,3.956274932,0.000343024
0.00030392,3.977801757,0.001059999
0.00030396,4.009693349,0.000502352
0.000304,4.024841856,0.001537983
0.00030404,4.038395783,0.002414286
0.00030408,4.063909057,0.001856639
0.00030412,4.087030462,0.00249395
0.00030416,4.117327475,0.001537983
0.0003042,4.127692242,0.001537983
0.00030424,4.134867851,0.000422688
0.00030428,4.162772994,0.001219327
0.00030432,4.187488978,0.000582016
0.00030436,4.203434775,0.000741344
0.0003044,4.218583281,0.001458319
0.00030444,4.241704686,0.002414286
0.00030448,4.26881254,0.000741344
0.00030452,4.26881254,0.002334622
0.00030456,4.307082451,0.001776975
0.0003046,4.319041798,0.001617647
0.00030464,4.335784884,0.001059999
0.00030468,4.359703579,0.000980336
0.00030472,4.390797882,0.001378655
0.00030476,4.400365359,2.44E-05
0.0003048,4.418703025,0.002414286
0.00030484,4.44341901,0.001219327
0.00030488,4.456175647,0.001936302
0.00030492,4.48726995,0.00066168
0.00030496,4.504810325,0.00066168
0.000305,4.523945281,0.000183697
0.00030504,4.540688367,0.001219327
0.00030508,4.555039584,0.001219327
0.00030512,4.576566409,2.44E-05
0.00030516,4.595701365,0.000821008
0.0003052,4.613241741,-0.000134959
0.00030524,4.642741464,2.44E-05
0.00030528,4.66028184,0.001298991
0.00030532,4.680214085,0.00066168
0.00030536,4.683403244,0.000582016
0.0003054,4.715294837,0.000104033
0.00030544,4.732835213,2.44E-05
0.00030548,4.740808111,0.000343024
0.00030552,4.763132226,0.000343024
0.00030556,4.79024008,0.000104033
0.0003056,4.807780456,0.000183697
0.00030564,4.820537093,-0.000134959
0.00030568,4.846847657,2.44E-05
0.00030572,4.869171772,0.000821008
0.00030576,4.893090466,0.000343024
0.0003058,4.909036263,0.000343024
0.00030584,4.926576639,0.00026336
0.00030588,4.943319725,0.000900672
0.00030592,4.96564384,0.001139663
0.00030596,4.976008607,0.001219327
0.000306,4.990359824,0.000821008
0.00030604,5.022251417,0.000821008
0.00030608,5.035008054,-0.000214623
0.00030612,5.058129458,0.000582016
0.00030616,5.075669834,0.000980336
0.0003062,5.09321021,2.44E-05
0.00030624,5.117926195,0.002175294
0.00030628,5.132277411,0.000343024
0.00030632,5.148223208,0.001219327
0.00030636,5.153804236,0.000980336
0.0003064,5.188884988,0.001298991
0.00030644,5.198452466,0.000502352
0.00030648,5.214398262,0.001298991
0.00030652,5.227952189,0.00066168
0.00030656,5.239114247,0.001537983
0.0003066,5.263032941,0.001537983
0.00030664,5.283762476,0.001219327
0.00030668,5.295721824,0.000980336
0.00030672,5.319640518,0.001458319
0.00030676,5.330005286,0.001298991
0.0003068,5.337180894,0.00066168
0.00030684,5.35711314,0.000741344
0.00030688,5.370667066,0.00066168
0.00030692,5.393788471,0.000582016
0.00030696,5.395383051,-0.000134959
0.000307,5.393788471,-0.000373951
0.00030704,5.420099035,0.000821008
0.00030708,5.416909876,0.00026336
0.00030712,5.424882774,-0.000214623
0.00030716,5.433652962,0.00026336
0.0003072,5.444815019,0.000582016
0.00030724,5.453585207,-0.000373951
0.00030728,5.447206889,0.000821008
0.00030732,5.456774367,0.000582016
0.00030736,5.451990628,0.001378655
0.0003074,5.464747265,0.001617647
0.00030744,5.471125583,0.00066168
0.00030748,5.459963526,0.000343024
0.00030752,5.478301192,-0.000134959
0.00030756,5.477503902,0.00026336
0.0003076,5.477503902,0.000343024
0.00030764,5.483084931,0.000183697
0.00030768,5.490260539,0.000821008
0.00030772,5.473517453,0.000502352
0.00030776,5.491855119,0.000343024
0.0003078,5.493449698,0.000104033
0.00030784,5.48786867,0.000502352
0.00030788,5.491855119,0.000582016
0.00030792,5.499030727,0.000821008
0.00030796,5.483084931,-0.000214623
0.000308,5.48627409,-0.000294287
0.00030804,5.497436147,0.000422688
0.00030808,5.483084931,0.00026336
0.00030812,5.495841568,0.000900672
0.00030816,5.489463249,0.000821008
0.0003082,5.489463249,-0.000533279
0.00030824,5.491855119,0.000422688
0.00030828,5.498233437,-0.000453615
0.00030832,5.48786867,0.000104033
0.00030836,5.474314743,0.00066168
0.0003084,5.4854768,0.000741344
0.00030844,5.476706612,0.000900672
0.00030848,5.483084931,0.000502352
0.00030852,5.482287641,0.001059999
0.00030856,5.48467951,0.001059999
0.0003086,5.475909322,0.000502352
0.00030864,5.470328294,-0.000373951
0.00030868,5.458368946,2.44E-05
0.00030872,5.471922873,0.000741344
0.00030876,5.474314743,0.00066168
0.0003088,5.458368946,0.001219327
0.00030884,5.451990628,0.000980336
0.00030888,5.449598758,0.000741344
0.00030892,5.436842121,0.000183697
0.00030896,5.432855672,0.001059999
0.000309,5.416909876,-0.000294287
0.00030904,5.39777492,0.001378655
0.00030908,5.378639965,0.00026336
0.00030912,5.371464356,0.000422688
0.00030916,5.35392398,0.001059999
0.0003092,5.323626967,0.000183697
0.00030924,5.316451359,0.00026336
0.00030928,5.291735375,-0.000453615
0.00030932,5.260641072,0.000900672
0.00030936,5.247884435,0.000821008
0.0003094,5.22396574,0.00066168
0.00030944,5.192074148,-0.000214623
0.00030948,5.173736482,0.001139663
0.00030952,5.153804236,0.000980336
0.00030956,5.131480121,0.000821008
0.0003096,5.111547876,0.001059999
0.00030964,5.088426471,0.000900672
0.00030968,5.079656283,2.44E-05
0.00030972,5.05254843,0.000900672
0.00030976,5.040589082,0.001059999
0.0003098,5.017467678,0.000980336
0.00030984,5.002319171,0.001219327
0.00030988,4.971224868,0.00066168
0.00030992,4.933752247,2.44E-05
0.00030996,4.92099561,0.001458319
0.00031,4.909036263,0.002015966
0.00031004,4.890698597,0.001059999
0.00031008,4.863590743,0.000741344
0.00031012,4.840469338,0.000422688
0.00031016,4.814956064,0.001298991
0.0003102,4.800604847,0.001298991
0.00031024,4.776686153,0.001458319
0.00031028,4.760740357,0.000900672
0.00031032,4.729646054,0.000502352
0.00031036,4.732037923,0.00026336
0.0003104,4.700146331,0.000582016
0.00031044,4.675430346,0.001378655
0.00031048,4.656295391,0.001059999
0.00031052,4.633971276,0.001139663
0.00031056,4.6164309,0.000741344
0.0003106,4.596498654,0.000741344
0.00031064,4.575769119,0.000821008
0.00031068,4.553445004,0.00066168
0.00031072,4.52793173,0.000821008
0.00031076,4.526337151,0.00066168
0.0003108,4.479297051,0.000502352
0.00031084,4.48408079,0.00066168
0.00031088,4.470526863,0.000582016
0.00031092,4.436243401,0.001059999
0.00031096,4.419500315,0.000900672
0.000311,4.401162649,0.000343024
0.00031104,4.369271057,-0.000214623
0.00031108,4.360500869,0.000980336
0.00031112,4.335784884,0.000821008
0.00031116,4.314258059,0.000183697
0.0003112,4.294325814,0.000502352
0.00031124,4.272798989,0.001697311
0.00031128,4.246488425,0.00026336
0.00031132,4.240907396,0.001139663
0.00031136,4.215394122,0.00066168
0.0003114,4.196259166,0.000104033
0.00031144,4.166759443,0.000183697
0.00031148,4.154002806,-0.000453615
0.00031152,4.13566514,0.00066168
0.00031156,4.114935605,-0.000612942
0.0003116,4.086233172,0.00026336
0.00031164,4.063909057,0.000741344
0.00031168,4.047963261,0.000821008
0.00031172,4.028031015,-0.000214623
0.00031176,4.013679798,0.001059999
0.0003118,3.983382785,0.000104033
0.00031184,3.965842409,0.000343024
0.00031188,3.945910164,-0.000134959
0.00031192,3.92039689,0.000582016
0.00031196,3.907640253,0.00066168
0.000312,3.881329689,0.000502352
0.00031204,3.856613704,0.000582016
0.00031208,3.847843517,0.001298991
0.00031212,3.811965475,0.000582016
0.00031216,3.800006128,0.000980336
0.0003122,3.786452201,0.001298991
0.00031224,3.755357898,0.000422688
0.00031228,3.730641913,0.000422688
0.00031232,3.721871725,0.000741344
0.00031236,3.70273677,0.000900672
0.0003124,3.674034336,-0.000134959
0.00031244,3.66048041,0.000582016
0.00031248,3.639750874,0.002175294
0.00031252,3.61344031,0.000821008
0.00031256,3.595899934,0.000502352
0.0003126,3.57357582,0.001059999
0.00031264,3.554440864,0.000741344
0.00031268,3.545670676,0.000900672
0.00031272,3.524941141,0.000502352
0.00031276,3.492252258,0.000502352
0.0003128,3.469928143,-0.000533279
0.00031284,3.446009449,0.000343024
0.00031288,3.442023,0.000502352
0.00031292,3.410131407,0.000741344
0.00031296,3.39657748,0.000422688
0.000313,3.360699438,0.000821008
0.00031304,3.343956352,0.000183697
0.00031308,3.323226817,0.000104033
0.00031312,3.300105412,-0.000373951
0.00031316,3.292929804,0.000343024
0.0003132,3.271402979,0.000343024
0.00031324,3.244295125,0.001458319
0.00031328,3.22197101,-0.000612942
0.00031332,3.204430634,0.000502352
0.00031336,3.18130923,-0.000533279
0.0003134,3.161376984,0.000741344
0.00031344,3.140647449,0.000343024
0.00031348,3.125498943,0.000502352
0.00031352,3.108755856,-0.000214623
0.00031356,3.072080525,0.000343024
0.0003136,3.04975641,-0.000612942
0.00031364,3.037797063,-0.000373951
0.00031368,3.010689209,0.000183697
0.00031372,3.00510818,0.000502352
0.00031376,2.979594906,-0.000134959
0.0003138,2.950892473,0.00066168
0.00031384,2.940527705,0.000183697
0.00031388,2.903852374,-0.00077227
0.00031392,2.895082186,-0.000134959
0.00031396,2.867974332,-0.000453615
0.000314,2.844852927,-0.000453615
0.00031404,2.825717971,-0.000214623
0.00031408,2.807380306,0.001059999
0.00031412,2.777880582,0.000422688
0.00031416,2.766718525,0.000422688
0.0003142,2.74359712,2.44E-05
0.00031424,2.715691977,-0.000453615
0.00031428,2.705327209,0.00026336
0.00031432,2.672638327,-0.000533279
0.00031436,2.655097951,-0.000294287
0.0003144,2.632773836,-0.000214623
0.00031444,2.620814489,-0.000214623
0.00031448,2.586531026,0.000582016
0.00031452,2.588922896,-0.000692606
0.00031456,2.547463825,-0.00077227
0.0003146,2.532315319,-0.000134959
0.00031464,2.498829147,-0.000373951
0.00031468,2.48368064,2.44E-05
0.00031472,2.474113162,-0.00117059
0.00031476,2.444613439,-0.000294287
0.0003148,2.435843251,0.000104033
0.00031484,2.403951658,-0.000294287
0.00031488,2.375249225,0.000183697
0.00031492,2.364884457,-0.000612942
0.00031496,2.337776604,-0.001409582
0.000315,2.31146604,0.000900672
0.00031504,2.303493142,0.001219327
0.00031508,2.273993418,0.000104033
0.00031512,2.263628651,0.001617647
0.00031516,2.240507246,-0.000214623
0.0003152,2.218980421,-0.000214623
0.00031524,2.187886118,-0.000533279
0.00031528,2.168751162,0.000582016
0.00031532,2.152008076,0.00026336
0.00031536,2.128089382,0.00026336
0.0003154,2.112143585,0.000104033
0.00031544,2.089819471,0.00026336
0.00031548,2.066698066,0.000104033
0.00031552,2.05075227,-0.000214623
0.00031556,2.026036285,0.000502352
0.0003156,2.014874228,0.000741344
0.00031564,1.994144693,0.000900672
0.00031568,1.959063941,-0.000612942
0.00031572,1.940726275,-0.000214623
0.00031576,1.91999674,0.00066168
0.0003158,1.904848233,0.000900672
0.00031584,1.878537669,0.000104033
0.00031588,1.855416265,0.001219327
0.00031592,1.844254207,2.44E-05
0.00031596,1.820335513,-0.000134959
0.000316,1.796416818,0.000502352
0.00031604,1.777281862,0.000422688
0.00031608,1.760538776,0.001378655
0.00031612,1.736620082,-0.000373951
0.00031616,1.714295967,0.00066168
0.0003162,1.696755591,-0.000612942
0.00031624,1.660877549,0.000343024
0.00031628,1.65609381,-0.000134959
0.00031632,1.632972406,0.000502352
0.00031636,1.605864552,0.000104033
0.0003164,1.584337727,0.000821008
0.00031644,1.565202771,-0.000373951
0.00031648,1.543675946,-0.001011262
0.00031652,1.522946411,-0.000453615
0.00031656,1.496635847,-0.000692606
0.0003166,1.475109022,-0.000453615
0.00031664,1.466338834,-0.000612942
0.00031668,1.43843369,-0.000134959
0.00031672,1.409731257,-0.000612942
0.00031676,1.3985692,-0.000612942
0.0003168,1.380231534,-0.000533279
0.00031684,1.360299288,-0.000294287
0.00031688,1.335583304,0.000183697
0.00031692,1.329204985,-0.000453615
0.00031696,1.296516103,2.44E-05
0.000317,1.273394698,-0.000453615
0.00031704,1.259840771,0.000183697
0.00031708,1.241503106,-0.000851934
0.00031712,1.212003382,2.44E-05
0.00031716,1.203233194,2.44E-05
0.0003172,1.182503659,0.000422688
0.00031724,1.161774124,-0.000851934
0.00031728,1.13626085,0.000104033
0.00031732,1.126693372,0.000104033
0.00031736,1.105963837,0.000104033
0.0003174,1.081247852,0.000582016
0.00031744,1.067693926,-0.000931598
0.00031748,1.056531868,0.001139663
0.00031752,1.016667377,-0.00077227
0.00031756,0.995140552,-0.00117059
0.0003176,0.982383915,-0.001090926
0.00031764,0.967235409,0.00026336
0.00031768,0.945708584,-0.000612942
0.00031772,0.91700615,-0.000851934
0.00031776,0.909033252,-0.00117059
0.0003178,0.892290166,-0.000453615
0.00031784,0.877938949,-0.00117059
0.00031788,0.849236516,-0.000533279
0.00031792,0.836479879,-0.00117059
0.00031796,0.823723242,-0.00077227
0.000318,0.823723242,-0.001250254
0.00031804,0.801399127,2.44E-05
0.00031808,0.783061461,-0.000453615
0.00031812,0.768710244,0.000183697
0.00031816,0.757548187,0.000422688
0.0003182,0.736818652,0.00026336
0.00031824,0.720075565,-0.000533279
0.00031828,0.720872855,0.000821008
0.00031832,0.711305378,-0.000692606
0.00031836,0.70094061,0.000104033
0.0003184,0.691373132,-0.000134959
0.00031844,0.681805654,-0.000453615
0.00031848,0.682602944,-0.000214623
0.00031852,0.685792103,0.000502352
0.00031856,0.679413785,-0.001011262
0.0003186,0.682602944,-0.000692606
0.00031864,0.680211075,-0.000851934
0.00031868,0.69854874,-0.000134959
0.00031872,0.70253519,-0.000692606
0.00031876,0.724859304,-0.001011262
0.0003188,0.732832203,-0.000851934
0.00031884,0.736818652,2.44E-05
0.00031888,0.761534636,-0.000612942
0.00031892,0.767115665,-0.001250254
0.00031896,0.782264171,-0.000533279
0.000319,0.795020808,0.00026336
0.00031904,0.816547633,0.000183697
0.00031908,0.83249343,-0.00077227
0.00031912,0.862790443,-0.000931598
0.00031916,0.883519978,0.000343024
0.0003192,0.893087456,2.44E-05
0.00031924,0.923384469,-0.000533279
0.00031928,0.924979048,-0.001090926
0.00031932,0.956870641,0.000104033
0.00031936,0.972019148,0.000183697
0.0003194,0.995140552,0.00026336
0.00031944,1.010289059,-0.000533279
0.00031948,1.04696439,-0.000453615
0.00031952,1.05015355,-0.001409582
0.00031956,1.069288505,-0.000453615
0.0003196,1.097990939,-0.00077227
0.00031964,1.114734025,-0.000931598
0.00031968,1.133071691,-0.000373951
0.00031972,1.161774124,-0.000294287
0.00031976,1.175328051,-0.000134959
0.0003198,1.192071137,0.000900672
0.00031984,1.237516657,0.000104033
0.00031988,1.250273294,0.000104033
0.00031992,1.284556756,0.00026336
0.00031996,1.296516103,-0.000214623
0.00032,1.314853769,0.000183697
0.00032004,1.336380594,0.000821008
0.00032008,1.35312368,-0.000851934
0.00032012,1.385015273,0.00026336
0.00032016,1.392988171,-0.000453615
0.0003202,1.424879763,0.000821008
0.00032024,1.454379487,0.000104033
0.00032028,1.471122573,2.44E-05
0.00032032,1.491054818,2.44E-05
0.00032036,1.522946411,-0.00077227
0.0003204,1.52773015,-0.00077227
0.00032044,1.563608192,0.000104033
0.00032048,1.589918756,-0.000294287
0.00032052,1.61304016,-0.000214623
0.00032056,1.624999507,0.000422688
0.0003206,1.648918202,-0.001329918
0.00032064,1.667255868,-0.001409582
0.00032068,1.689579983,-0.000134959
0.00032072,1.726255314,-0.000533279
0.00032076,1.736620082,0.000582016
0.0003208,1.774889993,0.000900672
0.00032084,1.791633079,0.000900672
0.00032088,1.812362614,-0.000373951
0.00032092,1.824321962,0.000422688
0.00032096,1.848240656,0.000502352
0.000321,1.880929539,-0.000931598
0.00032104,1.887307857,-0.000533279
0.00032108,1.903253654,-0.000134959
0.00032112,1.941523565,-0.000453615
0.00032116,1.947104593,-0.00077227
0.0003212,1.976604317,-0.000931598
0.00032124,1.998928432,-0.000931598
0.00032128,2.014874228,-0.000692606
0.00032132,2.037198343,2.44E-05
0.00032136,2.065900776,0.000183697
0.0003214,2.077062834,-0.000373951
0.00032144,2.106562557,0.00026336
0.00032148,2.120913773,-0.001090926
0.00032152,2.144035178,0.000900672
0.00032156,2.172737612,0.000343024
0.0003216,2.184696959,-0.000134959
0.00032164,2.204629204,0.000183697
0.00032168,2.22137229,0.000582016
0.00032172,2.250074724,0.000183697
0.00032176,2.276385288,-0.001011262
0.0003218,2.289141925,2.44E-05
0.00032184,2.316249779,-0.000533279
0.00032188,2.332195575,0.000900672
0.00032192,2.357708849,0.000741344
0.00032196,2.385613993,0.000502352
0.000322,2.39837063,2.44E-05
0.00032204,2.417505585,-0.000373951
0.00032208,2.443816149,0.000343024
0.00032212,2.463748395,-0.000612942
0.00032216,2.492450828,0.000104033
0.0003222,2.523545131,0.000104033
0.00032224,2.533112609,0.00066168
0.00032228,2.549058405,0.000741344
0.00032232,2.57058523,0.000502352
0.00032236,2.592112055,0.00026336
0.0003224,2.612044301,0.000183697
0.00032244,2.643138603,0.000343024
0.00032248,2.640746734,0.000183697
0.00032252,2.663868139,0.00066168
0.00032256,2.691773282,2.44E-05
0.0003226,2.717286556,0.000343024
0.00032264,2.734029643,0.000900672
0.00032268,2.741205251,-0.000533279
0.00032272,2.771502264,0.000900672
0.00032276,2.78983993,0.001059999
0.0003228,2.808974885,0.000980336
0.00032284,2.828907131,0.000821008
0.00032288,2.860798723,0.000502352
0.00032292,2.867974332,0.000821008
0.00032296,2.894284896,0.000900672
0.000323,2.91979817,0.000343024
0.00032304,2.946108734,-0.00077227
0.00032308,2.951689763,0.00066168
0.00032312,2.979594906,-0.000373951
0.00032316,3.009891919,0.000741344
0.0003232,3.017067527,0.001378655
0.00032324,3.037797063,0.000502352
0.00032328,3.060918467,0.00026336
0.00032332,3.081648003,-0.000214623
0.00032336,3.109553146,-0.000214623
0.0003234,3.125498943,-0.000692606
0.00032344,3.152606796,0.000343024
0.00032348,3.166160723,-0.000692606
0.00032352,3.190079418,0.000741344
0.00032356,3.210808953,0.000582016
0.0003236,3.216389982,0.000502352
0.00032364,3.249876154,-0.00077227
0.00032368,3.26741653,0.00066168
0.00032372,3.295321674,-0.000453615
0.00032376,3.312862049,0.000821008
0.0003238,3.350334671,0.000422688
0.00032384,3.357510279,0.00066168
0.00032388,3.365483177,-0.000453615
0.00032392,3.392591031,0.000502352
0.00032396,3.408536827,0.000582016
0.000324,3.44122571,0.001059999
0.00032404,3.462752535,0.000582016
0.00032408,3.479495621,-0.000294287
0.00032412,3.487468519,0.000741344
0.00032416,3.508995344,0.00026336
0.0003242,3.543278807,0.000343024
0.00032424,3.558427313,0.000582016
0.00032428,3.590318906,0.000980336
0.00032432,3.603872833,0.00066168
0.00032436,3.612643021,-0.000294287
0.0003244,3.646129193,-0.000373951
0.00032444,3.662872279,0.00026336
0.00032448,3.675628916,-0.000373951
0.00032452,3.709912378,2.44E-05
0.00032456,3.720277146,0.000343024
0.0003246,3.728250044,0.000741344
0.00032464,3.768114535,-0.000453615
0.00032468,3.784060331,-0.000214623
0.00032472,3.79123594,0.000104033
0.00032476,3.826316691,0.000582016
0.0003248,3.852627255,0.00026336
0.00032484,3.857410994,-0.000373951
0.00032488,3.884518848,0.000343024
0.00032492,3.914018571,-0.000294287
0.00032496,3.923586049,0.000183697
0.000325,3.945910164,0.001059999
0.00032504,3.965842409,-0.000214623
0.00032508,3.986571945,0.000741344
0.00032512,3.989761104,0.00066168
0.00032516,4.036003913,0.000422688
0.0003252,4.04955784,0.001298991
0.00032524,4.064706347,-0.000294287
0.00032528,4.081449433,0.000502352
0.00032532,4.110949156,0.000741344
0.00032536,4.116530185,0.000741344
0.0003254,4.155597386,0.001139663
0.00032544,4.171543182,0.001139663
0.00032548,4.189880848,0.00026336
0.00032552,4.217785991,0.000821008
0.00032556,4.229745339,0.000422688
0.0003256,4.242501976,0.001219327
0.00032564,4.26960983,0.000183697
0.00032568,4.279974597,0.000422688
0.00032572,4.307879741,0.000980336
0.00032576,4.337379464,0.001059999
0.0003258,4.350136101,0.000183697
0.00032584,4.359703579,0.000821008
0.00032588,4.379635824,-0.000134959
0.00032592,4.403554519,0.001298991
0.00032596,4.412324707,0.001219327
0.000326,4.437040691,0.00026336
0.00032604,4.466540414,-0.000134959
0.00032608,4.478499762,0.000104033
0.00032612,4.504810325,0.00066168
0.00032616,4.516769673,0.001378655
0.0003262,4.535904628,-0.00077227
0.00032624,4.556634164,2.44E-05
0.00032628,4.578958278,0.00026336
0.00032632,4.598093234,0.00066168
0.00032636,4.618822769,0.000582016
0.0003264,4.635565855,-0.001090926
0.00032644,4.653903521,0.00066168
0.00032648,4.684200534,0.001378655
0.00032652,4.70333549,-0.000134959
0.00032656,4.715294837,2.44E-05
0.0003266,4.735227083,-0.000294287
0.00032664,4.763929516,0.00066168
0.00032668,4.779875312,0.000821008
0.00032672,4.78784821,-0.000214623
0.00032676,4.818145223,0.000741344
0.0003268,4.830104571,0.000502352
0.00032684,4.854820555,0.000900672
0.00032688,4.872360931,0.000980336
0.00032692,4.889901307,0.000422688
0.00032696,4.902657944,0.000343024
0.000327,4.939333276,0.000502352
0.00032704,4.940130565,0.000582016
0.00032708,4.96245468,0.000741344
0.00032712,4.979197766,0.000343024
0.00032716,5.00630562,0.000422688
0.0003272,5.013481229,0.000741344
0.00032724,5.036602633,0.000422688
0.00032728,5.055737589,0.001059999
0.00032732,5.076467124,0.001139663
0.00032736,5.089223761,0.00026336
0.0003274,5.09639937,0.00026336
0.00032744,5.126696383,0.000821008
0.00032748,5.143439469,0.000343024
0.00032752,5.170547322,0.001298991
0.00032756,5.190479568,0.000741344
0.0003276,5.201641625,0.000502352
0.00032764,5.210411813,0.000980336
